[0.342s] DEBUG:colcon:Command line arguments: ['/usr/bin/colcon', 'build', '--packages-select', 'centerline_extraction']
[0.342s] DEBUG:colcon:Parsed command line arguments: Namespace(log_base=None, log_level=None, verb_name='build', build_base='build', install_base='install', merge_install=False, symlink_install=False, test_result_base=None, continue_on_error=False, executor='parallel', parallel_workers=8, event_handlers=None, ignore_user_meta=False, metas=['./colcon.meta'], base_paths=['.'], packages_ignore=None, packages_ignore_regex=None, paths=None, packages_up_to=None, packages_up_to_regex=None, packages_above=None, packages_above_and_dependencies=None, packages_above_depth=None, packages_select_by_dep=None, packages_skip_by_dep=None, packages_skip_up_to=None, packages_select_build_failed=False, packages_skip_build_finished=False, packages_select_test_failures=False, packages_skip_test_passed=False, packages_select=['centerline_extraction'], packages_skip=None, packages_select_regex=None, packages_skip_regex=None, packages_start=None, packages_end=None, allow_overriding=[], cmake_args=None, cmake_target=None, cmake_target_skip_unavailable=False, cmake_clean_cache=False, cmake_clean_first=False, cmake_force_configure=False, ament_cmake_args=None, catkin_cmake_args=None, catkin_skip_building_tests=False, verb_parser=<colcon_defaults.argument_parser.defaults.DefaultArgumentsDecorator object at 0xffff8160dcc0>, verb_extension=<colcon_core.verb.build.BuildVerb object at 0xffff8160d750>, main=<bound method BuildVerb.main of <colcon_core.verb.build.BuildVerb object at 0xffff8160d750>>)
[0.797s] Level 1:colcon.colcon_core.package_discovery:discover_packages(colcon_meta) check parameters
[0.797s] Level 1:colcon.colcon_core.package_discovery:discover_packages(recursive) check parameters
[0.797s] Level 1:colcon.colcon_core.package_discovery:discover_packages(ignore) check parameters
[0.798s] Level 1:colcon.colcon_core.package_discovery:discover_packages(path) check parameters
[0.798s] Level 1:colcon.colcon_core.package_discovery:discover_packages(colcon_meta) discover
[0.798s] Level 1:colcon.colcon_core.package_discovery:discover_packages(recursive) discover
[0.798s] INFO:colcon.colcon_core.package_discovery:Crawling recursively for packages in '/home/wheeltec/agribot/agribot_ws'
[0.799s] Level 1:colcon.colcon_core.package_identification:_identify(.) by extensions ['ignore', 'ignore_ament_install']
[0.799s] Level 1:colcon.colcon_core.package_identification:_identify(.) by extension 'ignore'
[0.799s] Level 1:colcon.colcon_core.package_identification:_identify(.) by extension 'ignore_ament_install'
[0.800s] Level 1:colcon.colcon_core.package_identification:_identify(.) by extensions ['colcon_pkg']
[0.800s] Level 1:colcon.colcon_core.package_identification:_identify(.) by extension 'colcon_pkg'
[0.800s] Level 1:colcon.colcon_core.package_identification:_identify(.) by extensions ['colcon_meta']
[0.800s] Level 1:colcon.colcon_core.package_identification:_identify(.) by extension 'colcon_meta'
[0.800s] Level 1:colcon.colcon_core.package_identification:_identify(.) by extensions ['ros']
[0.801s] Level 1:colcon.colcon_core.package_identification:_identify(.) by extension 'ros'
[0.827s] Level 1:colcon.colcon_core.package_identification:_identify(.) by extensions ['cmake', 'python']
[0.828s] Level 1:colcon.colcon_core.package_identification:_identify(.) by extension 'cmake'
[0.828s] Level 1:colcon.colcon_core.package_identification:_identify(.) by extension 'python'
[0.828s] Level 1:colcon.colcon_core.package_identification:_identify(.) by extensions ['python_setup_py']
[0.828s] Level 1:colcon.colcon_core.package_identification:_identify(.) by extension 'python_setup_py'
[0.829s] Level 1:colcon.colcon_core.package_identification:_identify(build) by extensions ['ignore', 'ignore_ament_install']
[0.829s] Level 1:colcon.colcon_core.package_identification:_identify(build) by extension 'ignore'
[0.829s] Level 1:colcon.colcon_core.package_identification:_identify(build) ignored
[0.830s] Level 1:colcon.colcon_core.package_identification:_identify(docs) by extensions ['ignore', 'ignore_ament_install']
[0.830s] Level 1:colcon.colcon_core.package_identification:_identify(docs) by extension 'ignore'
[0.830s] Level 1:colcon.colcon_core.package_identification:_identify(docs) by extension 'ignore_ament_install'
[0.831s] Level 1:colcon.colcon_core.package_identification:_identify(docs) by extensions ['colcon_pkg']
[0.831s] Level 1:colcon.colcon_core.package_identification:_identify(docs) by extension 'colcon_pkg'
[0.831s] Level 1:colcon.colcon_core.package_identification:_identify(docs) by extensions ['colcon_meta']
[0.831s] Level 1:colcon.colcon_core.package_identification:_identify(docs) by extension 'colcon_meta'
[0.831s] Level 1:colcon.colcon_core.package_identification:_identify(docs) by extensions ['ros']
[0.832s] Level 1:colcon.colcon_core.package_identification:_identify(docs) by extension 'ros'
[0.832s] Level 1:colcon.colcon_core.package_identification:_identify(docs) by extensions ['cmake', 'python']
[0.832s] Level 1:colcon.colcon_core.package_identification:_identify(docs) by extension 'cmake'
[0.832s] Level 1:colcon.colcon_core.package_identification:_identify(docs) by extension 'python'
[0.833s] Level 1:colcon.colcon_core.package_identification:_identify(docs) by extensions ['python_setup_py']
[0.833s] Level 1:colcon.colcon_core.package_identification:_identify(docs) by extension 'python_setup_py'
[0.833s] Level 1:colcon.colcon_core.package_identification:_identify(docs/experiments) by extensions ['ignore', 'ignore_ament_install']
[0.833s] Level 1:colcon.colcon_core.package_identification:_identify(docs/experiments) by extension 'ignore'
[0.834s] Level 1:colcon.colcon_core.package_identification:_identify(docs/experiments) by extension 'ignore_ament_install'
[0.834s] Level 1:colcon.colcon_core.package_identification:_identify(docs/experiments) by extensions ['colcon_pkg']
[0.834s] Level 1:colcon.colcon_core.package_identification:_identify(docs/experiments) by extension 'colcon_pkg'
[0.834s] Level 1:colcon.colcon_core.package_identification:_identify(docs/experiments) by extensions ['colcon_meta']
[0.834s] Level 1:colcon.colcon_core.package_identification:_identify(docs/experiments) by extension 'colcon_meta'
[0.835s] Level 1:colcon.colcon_core.package_identification:_identify(docs/experiments) by extensions ['ros']
[0.835s] Level 1:colcon.colcon_core.package_identification:_identify(docs/experiments) by extension 'ros'
[0.835s] Level 1:colcon.colcon_core.package_identification:_identify(docs/experiments) by extensions ['cmake', 'python']
[0.835s] Level 1:colcon.colcon_core.package_identification:_identify(docs/experiments) by extension 'cmake'
[0.836s] Level 1:colcon.colcon_core.package_identification:_identify(docs/experiments) by extension 'python'
[0.836s] Level 1:colcon.colcon_core.package_identification:_identify(docs/experiments) by extensions ['python_setup_py']
[0.836s] Level 1:colcon.colcon_core.package_identification:_identify(docs/experiments) by extension 'python_setup_py'
[0.836s] Level 1:colcon.colcon_core.package_identification:_identify(docs/experiments/figures) by extensions ['ignore', 'ignore_ament_install']
[0.837s] Level 1:colcon.colcon_core.package_identification:_identify(docs/experiments/figures) by extension 'ignore'
[0.837s] Level 1:colcon.colcon_core.package_identification:_identify(docs/experiments/figures) by extension 'ignore_ament_install'
[0.837s] Level 1:colcon.colcon_core.package_identification:_identify(docs/experiments/figures) by extensions ['colcon_pkg']
[0.837s] Level 1:colcon.colcon_core.package_identification:_identify(docs/experiments/figures) by extension 'colcon_pkg'
[0.838s] Level 1:colcon.colcon_core.package_identification:_identify(docs/experiments/figures) by extensions ['colcon_meta']
[0.838s] Level 1:colcon.colcon_core.package_identification:_identify(docs/experiments/figures) by extension 'colcon_meta'
[0.838s] Level 1:colcon.colcon_core.package_identification:_identify(docs/experiments/figures) by extensions ['ros']
[0.838s] Level 1:colcon.colcon_core.package_identification:_identify(docs/experiments/figures) by extension 'ros'
[0.839s] Level 1:colcon.colcon_core.package_identification:_identify(docs/experiments/figures) by extensions ['cmake', 'python']
[0.839s] Level 1:colcon.colcon_core.package_identification:_identify(docs/experiments/figures) by extension 'cmake'
[0.839s] Level 1:colcon.colcon_core.package_identification:_identify(docs/experiments/figures) by extension 'python'
[0.839s] Level 1:colcon.colcon_core.package_identification:_identify(docs/experiments/figures) by extensions ['python_setup_py']
[0.839s] Level 1:colcon.colcon_core.package_identification:_identify(docs/experiments/figures) by extension 'python_setup_py'
[0.840s] Level 1:colcon.colcon_core.package_identification:_identify(field_trial_results) by extensions ['ignore', 'ignore_ament_install']
[0.840s] Level 1:colcon.colcon_core.package_identification:_identify(field_trial_results) by extension 'ignore'
[0.840s] Level 1:colcon.colcon_core.package_identification:_identify(field_trial_results) by extension 'ignore_ament_install'
[0.840s] Level 1:colcon.colcon_core.package_identification:_identify(field_trial_results) by extensions ['colcon_pkg']
[0.841s] Level 1:colcon.colcon_core.package_identification:_identify(field_trial_results) by extension 'colcon_pkg'
[0.841s] Level 1:colcon.colcon_core.package_identification:_identify(field_trial_results) by extensions ['colcon_meta']
[0.841s] Level 1:colcon.colcon_core.package_identification:_identify(field_trial_results) by extension 'colcon_meta'
[0.841s] Level 1:colcon.colcon_core.package_identification:_identify(field_trial_results) by extensions ['ros']
[0.841s] Level 1:colcon.colcon_core.package_identification:_identify(field_trial_results) by extension 'ros'
[0.842s] Level 1:colcon.colcon_core.package_identification:_identify(field_trial_results) by extensions ['cmake', 'python']
[0.842s] Level 1:colcon.colcon_core.package_identification:_identify(field_trial_results) by extension 'cmake'
[0.842s] Level 1:colcon.colcon_core.package_identification:_identify(field_trial_results) by extension 'python'
[0.842s] Level 1:colcon.colcon_core.package_identification:_identify(field_trial_results) by extensions ['python_setup_py']
[0.842s] Level 1:colcon.colcon_core.package_identification:_identify(field_trial_results) by extension 'python_setup_py'
[0.843s] Level 1:colcon.colcon_core.package_identification:_identify(field_trial_results/20260726_151045_complex_qaware_v010_r1) by extensions ['ignore', 'ignore_ament_install']
[0.843s] Level 1:colcon.colcon_core.package_identification:_identify(field_trial_results/20260726_151045_complex_qaware_v010_r1) by extension 'ignore'
[0.843s] Level 1:colcon.colcon_core.package_identification:_identify(field_trial_results/20260726_151045_complex_qaware_v010_r1) by extension 'ignore_ament_install'
[0.844s] Level 1:colcon.colcon_core.package_identification:_identify(field_trial_results/20260726_151045_complex_qaware_v010_r1) by extensions ['colcon_pkg']
[0.844s] Level 1:colcon.colcon_core.package_identification:_identify(field_trial_results/20260726_151045_complex_qaware_v010_r1) by extension 'colcon_pkg'
[0.844s] Level 1:colcon.colcon_core.package_identification:_identify(field_trial_results/20260726_151045_complex_qaware_v010_r1) by extensions ['colcon_meta']
[0.844s] Level 1:colcon.colcon_core.package_identification:_identify(field_trial_results/20260726_151045_complex_qaware_v010_r1) by extension 'colcon_meta'
[0.844s] Level 1:colcon.colcon_core.package_identification:_identify(field_trial_results/20260726_151045_complex_qaware_v010_r1) by extensions ['ros']
[0.845s] Level 1:colcon.colcon_core.package_identification:_identify(field_trial_results/20260726_151045_complex_qaware_v010_r1) by extension 'ros'
[0.845s] Level 1:colcon.colcon_core.package_identification:_identify(field_trial_results/20260726_151045_complex_qaware_v010_r1) by extensions ['cmake', 'python']
[0.845s] Level 1:colcon.colcon_core.package_identification:_identify(field_trial_results/20260726_151045_complex_qaware_v010_r1) by extension 'cmake'
[0.845s] Level 1:colcon.colcon_core.package_identification:_identify(field_trial_results/20260726_151045_complex_qaware_v010_r1) by extension 'python'
[0.846s] Level 1:colcon.colcon_core.package_identification:_identify(field_trial_results/20260726_151045_complex_qaware_v010_r1) by extensions ['python_setup_py']
[0.846s] Level 1:colcon.colcon_core.package_identification:_identify(field_trial_results/20260726_151045_complex_qaware_v010_r1) by extension 'python_setup_py'
[0.846s] Level 1:colcon.colcon_core.package_identification:_identify(field_trial_results/20260726_151647_complex_qaware_v018_r1) by extensions ['ignore', 'ignore_ament_install']
[0.847s] Level 1:colcon.colcon_core.package_identification:_identify(field_trial_results/20260726_151647_complex_qaware_v018_r1) by extension 'ignore'
[0.847s] Level 1:colcon.colcon_core.package_identification:_identify(field_trial_results/20260726_151647_complex_qaware_v018_r1) by extension 'ignore_ament_install'
[0.847s] Level 1:colcon.colcon_core.package_identification:_identify(field_trial_results/20260726_151647_complex_qaware_v018_r1) by extensions ['colcon_pkg']
[0.847s] Level 1:colcon.colcon_core.package_identification:_identify(field_trial_results/20260726_151647_complex_qaware_v018_r1) by extension 'colcon_pkg'
[0.847s] Level 1:colcon.colcon_core.package_identification:_identify(field_trial_results/20260726_151647_complex_qaware_v018_r1) by extensions ['colcon_meta']
[0.848s] Level 1:colcon.colcon_core.package_identification:_identify(field_trial_results/20260726_151647_complex_qaware_v018_r1) by extension 'colcon_meta'
[0.848s] Level 1:colcon.colcon_core.package_identification:_identify(field_trial_results/20260726_151647_complex_qaware_v018_r1) by extensions ['ros']
[0.848s] Level 1:colcon.colcon_core.package_identification:_identify(field_trial_results/20260726_151647_complex_qaware_v018_r1) by extension 'ros'
[0.848s] Level 1:colcon.colcon_core.package_identification:_identify(field_trial_results/20260726_151647_complex_qaware_v018_r1) by extensions ['cmake', 'python']
[0.849s] Level 1:colcon.colcon_core.package_identification:_identify(field_trial_results/20260726_151647_complex_qaware_v018_r1) by extension 'cmake'
[0.849s] Level 1:colcon.colcon_core.package_identification:_identify(field_trial_results/20260726_151647_complex_qaware_v018_r1) by extension 'python'
[0.849s] Level 1:colcon.colcon_core.package_identification:_identify(field_trial_results/20260726_151647_complex_qaware_v018_r1) by extensions ['python_setup_py']
[0.849s] Level 1:colcon.colcon_core.package_identification:_identify(field_trial_results/20260726_151647_complex_qaware_v018_r1) by extension 'python_setup_py'
[0.850s] Level 1:colcon.colcon_core.package_identification:_identify(field_trial_results/20260726_152216_complex_qaware_v018_r2) by extensions ['ignore', 'ignore_ament_install']
[0.850s] Level 1:colcon.colcon_core.package_identification:_identify(field_trial_results/20260726_152216_complex_qaware_v018_r2) by extension 'ignore'
[0.850s] Level 1:colcon.colcon_core.package_identification:_identify(field_trial_results/20260726_152216_complex_qaware_v018_r2) by extension 'ignore_ament_install'
[0.850s] Level 1:colcon.colcon_core.package_identification:_identify(field_trial_results/20260726_152216_complex_qaware_v018_r2) by extensions ['colcon_pkg']
[0.851s] Level 1:colcon.colcon_core.package_identification:_identify(field_trial_results/20260726_152216_complex_qaware_v018_r2) by extension 'colcon_pkg'
[0.851s] Level 1:colcon.colcon_core.package_identification:_identify(field_trial_results/20260726_152216_complex_qaware_v018_r2) by extensions ['colcon_meta']
[0.851s] Level 1:colcon.colcon_core.package_identification:_identify(field_trial_results/20260726_152216_complex_qaware_v018_r2) by extension 'colcon_meta'
[0.851s] Level 1:colcon.colcon_core.package_identification:_identify(field_trial_results/20260726_152216_complex_qaware_v018_r2) by extensions ['ros']
[0.851s] Level 1:colcon.colcon_core.package_identification:_identify(field_trial_results/20260726_152216_complex_qaware_v018_r2) by extension 'ros'
[0.852s] Level 1:colcon.colcon_core.package_identification:_identify(field_trial_results/20260726_152216_complex_qaware_v018_r2) by extensions ['cmake', 'python']
[0.852s] Level 1:colcon.colcon_core.package_identification:_identify(field_trial_results/20260726_152216_complex_qaware_v018_r2) by extension 'cmake'
[0.852s] Level 1:colcon.colcon_core.package_identification:_identify(field_trial_results/20260726_152216_complex_qaware_v018_r2) by extension 'python'
[0.852s] Level 1:colcon.colcon_core.package_identification:_identify(field_trial_results/20260726_152216_complex_qaware_v018_r2) by extensions ['python_setup_py']
[0.853s] Level 1:colcon.colcon_core.package_identification:_identify(field_trial_results/20260726_152216_complex_qaware_v018_r2) by extension 'python_setup_py'
[0.853s] Level 1:colcon.colcon_core.package_identification:_identify(field_trial_results/20260726_152358_complex_qaware_v018_r3) by extensions ['ignore', 'ignore_ament_install']
[0.853s] Level 1:colcon.colcon_core.package_identification:_identify(field_trial_results/20260726_152358_complex_qaware_v018_r3) by extension 'ignore'
[0.853s] Level 1:colcon.colcon_core.package_identification:_identify(field_trial_results/20260726_152358_complex_qaware_v018_r3) by extension 'ignore_ament_install'
[0.854s] Level 1:colcon.colcon_core.package_identification:_identify(field_trial_results/20260726_152358_complex_qaware_v018_r3) by extensions ['colcon_pkg']
[0.854s] Level 1:colcon.colcon_core.package_identification:_identify(field_trial_results/20260726_152358_complex_qaware_v018_r3) by extension 'colcon_pkg'
[0.854s] Level 1:colcon.colcon_core.package_identification:_identify(field_trial_results/20260726_152358_complex_qaware_v018_r3) by extensions ['colcon_meta']
[0.854s] Level 1:colcon.colcon_core.package_identification:_identify(field_trial_results/20260726_152358_complex_qaware_v018_r3) by extension 'colcon_meta'
[0.855s] Level 1:colcon.colcon_core.package_identification:_identify(field_trial_results/20260726_152358_complex_qaware_v018_r3) by extensions ['ros']
[0.855s] Level 1:colcon.colcon_core.package_identification:_identify(field_trial_results/20260726_152358_complex_qaware_v018_r3) by extension 'ros'
[0.855s] Level 1:colcon.colcon_core.package_identification:_identify(field_trial_results/20260726_152358_complex_qaware_v018_r3) by extensions ['cmake', 'python']
[0.855s] Level 1:colcon.colcon_core.package_identification:_identify(field_trial_results/20260726_152358_complex_qaware_v018_r3) by extension 'cmake'
[0.855s] Level 1:colcon.colcon_core.package_identification:_identify(field_trial_results/20260726_152358_complex_qaware_v018_r3) by extension 'python'
[0.856s] Level 1:colcon.colcon_core.package_identification:_identify(field_trial_results/20260726_152358_complex_qaware_v018_r3) by extensions ['python_setup_py']
[0.856s] Level 1:colcon.colcon_core.package_identification:_identify(field_trial_results/20260726_152358_complex_qaware_v018_r3) by extension 'python_setup_py'
[0.856s] Level 1:colcon.colcon_core.package_identification:_identify(field_trial_results/20260726_152523_complex_qaware_v018_r4) by extensions ['ignore', 'ignore_ament_install']
[0.857s] Level 1:colcon.colcon_core.package_identification:_identify(field_trial_results/20260726_152523_complex_qaware_v018_r4) by extension 'ignore'
[0.857s] Level 1:colcon.colcon_core.package_identification:_identify(field_trial_results/20260726_152523_complex_qaware_v018_r4) by extension 'ignore_ament_install'
[0.857s] Level 1:colcon.colcon_core.package_identification:_identify(field_trial_results/20260726_152523_complex_qaware_v018_r4) by extensions ['colcon_pkg']
[0.857s] Level 1:colcon.colcon_core.package_identification:_identify(field_trial_results/20260726_152523_complex_qaware_v018_r4) by extension 'colcon_pkg'
[0.857s] Level 1:colcon.colcon_core.package_identification:_identify(field_trial_results/20260726_152523_complex_qaware_v018_r4) by extensions ['colcon_meta']
[0.858s] Level 1:colcon.colcon_core.package_identification:_identify(field_trial_results/20260726_152523_complex_qaware_v018_r4) by extension 'colcon_meta'
[0.858s] Level 1:colcon.colcon_core.package_identification:_identify(field_trial_results/20260726_152523_complex_qaware_v018_r4) by extensions ['ros']
[0.858s] Level 1:colcon.colcon_core.package_identification:_identify(field_trial_results/20260726_152523_complex_qaware_v018_r4) by extension 'ros'
[0.858s] Level 1:colcon.colcon_core.package_identification:_identify(field_trial_results/20260726_152523_complex_qaware_v018_r4) by extensions ['cmake', 'python']
[0.859s] Level 1:colcon.colcon_core.package_identification:_identify(field_trial_results/20260726_152523_complex_qaware_v018_r4) by extension 'cmake'
[0.859s] Level 1:colcon.colcon_core.package_identification:_identify(field_trial_results/20260726_152523_complex_qaware_v018_r4) by extension 'python'
[0.859s] Level 1:colcon.colcon_core.package_identification:_identify(field_trial_results/20260726_152523_complex_qaware_v018_r4) by extensions ['python_setup_py']
[0.859s] Level 1:colcon.colcon_core.package_identification:_identify(field_trial_results/20260726_152523_complex_qaware_v018_r4) by extension 'python_setup_py'
[0.860s] Level 1:colcon.colcon_core.package_identification:_identify(field_trial_results/20260726_152703_complex_qaware_v018_r5) by extensions ['ignore', 'ignore_ament_install']
[0.860s] Level 1:colcon.colcon_core.package_identification:_identify(field_trial_results/20260726_152703_complex_qaware_v018_r5) by extension 'ignore'
[0.860s] Level 1:colcon.colcon_core.package_identification:_identify(field_trial_results/20260726_152703_complex_qaware_v018_r5) by extension 'ignore_ament_install'
[0.860s] Level 1:colcon.colcon_core.package_identification:_identify(field_trial_results/20260726_152703_complex_qaware_v018_r5) by extensions ['colcon_pkg']
[0.861s] Level 1:colcon.colcon_core.package_identification:_identify(field_trial_results/20260726_152703_complex_qaware_v018_r5) by extension 'colcon_pkg'
[0.861s] Level 1:colcon.colcon_core.package_identification:_identify(field_trial_results/20260726_152703_complex_qaware_v018_r5) by extensions ['colcon_meta']
[0.861s] Level 1:colcon.colcon_core.package_identification:_identify(field_trial_results/20260726_152703_complex_qaware_v018_r5) by extension 'colcon_meta'
[0.861s] Level 1:colcon.colcon_core.package_identification:_identify(field_trial_results/20260726_152703_complex_qaware_v018_r5) by extensions ['ros']
[0.861s] Level 1:colcon.colcon_core.package_identification:_identify(field_trial_results/20260726_152703_complex_qaware_v018_r5) by extension 'ros'
[0.862s] Level 1:colcon.colcon_core.package_identification:_identify(field_trial_results/20260726_152703_complex_qaware_v018_r5) by extensions ['cmake', 'python']
[0.862s] Level 1:colcon.colcon_core.package_identification:_identify(field_trial_results/20260726_152703_complex_qaware_v018_r5) by extension 'cmake'
[0.862s] Level 1:colcon.colcon_core.package_identification:_identify(field_trial_results/20260726_152703_complex_qaware_v018_r5) by extension 'python'
[0.862s] Level 1:colcon.colcon_core.package_identification:_identify(field_trial_results/20260726_152703_complex_qaware_v018_r5) by extensions ['python_setup_py']
[0.863s] Level 1:colcon.colcon_core.package_identification:_identify(field_trial_results/20260726_152703_complex_qaware_v018_r5) by extension 'python_setup_py'
[0.863s] Level 1:colcon.colcon_core.package_identification:_identify(field_trial_results/20260726_152937_complex_fixed_v018_r1) by extensions ['ignore', 'ignore_ament_install']
[0.863s] Level 1:colcon.colcon_core.package_identification:_identify(field_trial_results/20260726_152937_complex_fixed_v018_r1) by extension 'ignore'
[0.863s] Level 1:colcon.colcon_core.package_identification:_identify(field_trial_results/20260726_152937_complex_fixed_v018_r1) by extension 'ignore_ament_install'
[0.864s] Level 1:colcon.colcon_core.package_identification:_identify(field_trial_results/20260726_152937_complex_fixed_v018_r1) by extensions ['colcon_pkg']
[0.864s] Level 1:colcon.colcon_core.package_identification:_identify(field_trial_results/20260726_152937_complex_fixed_v018_r1) by extension 'colcon_pkg'
[0.864s] Level 1:colcon.colcon_core.package_identification:_identify(field_trial_results/20260726_152937_complex_fixed_v018_r1) by extensions ['colcon_meta']
[0.864s] Level 1:colcon.colcon_core.package_identification:_identify(field_trial_results/20260726_152937_complex_fixed_v018_r1) by extension 'colcon_meta'
[0.865s] Level 1:colcon.colcon_core.package_identification:_identify(field_trial_results/20260726_152937_complex_fixed_v018_r1) by extensions ['ros']
[0.865s] Level 1:colcon.colcon_core.package_identification:_identify(field_trial_results/20260726_152937_complex_fixed_v018_r1) by extension 'ros'
[0.865s] Level 1:colcon.colcon_core.package_identification:_identify(field_trial_results/20260726_152937_complex_fixed_v018_r1) by extensions ['cmake', 'python']
[0.865s] Level 1:colcon.colcon_core.package_identification:_identify(field_trial_results/20260726_152937_complex_fixed_v018_r1) by extension 'cmake'
[0.865s] Level 1:colcon.colcon_core.package_identification:_identify(field_trial_results/20260726_152937_complex_fixed_v018_r1) by extension 'python'
[0.866s] Level 1:colcon.colcon_core.package_identification:_identify(field_trial_results/20260726_152937_complex_fixed_v018_r1) by extensions ['python_setup_py']
[0.866s] Level 1:colcon.colcon_core.package_identification:_identify(field_trial_results/20260726_152937_complex_fixed_v018_r1) by extension 'python_setup_py'
[0.866s] Level 1:colcon.colcon_core.package_identification:_identify(field_trial_results/20260726_153100_complex_fixed_v018_r2) by extensions ['ignore', 'ignore_ament_install']
[0.867s] Level 1:colcon.colcon_core.package_identification:_identify(field_trial_results/20260726_153100_complex_fixed_v018_r2) by extension 'ignore'
[0.867s] Level 1:colcon.colcon_core.package_identification:_identify(field_trial_results/20260726_153100_complex_fixed_v018_r2) by extension 'ignore_ament_install'
[0.867s] Level 1:colcon.colcon_core.package_identification:_identify(field_trial_results/20260726_153100_complex_fixed_v018_r2) by extensions ['colcon_pkg']
[0.867s] Level 1:colcon.colcon_core.package_identification:_identify(field_trial_results/20260726_153100_complex_fixed_v018_r2) by extension 'colcon_pkg'
[0.867s] Level 1:colcon.colcon_core.package_identification:_identify(field_trial_results/20260726_153100_complex_fixed_v018_r2) by extensions ['colcon_meta']
[0.868s] Level 1:colcon.colcon_core.package_identification:_identify(field_trial_results/20260726_153100_complex_fixed_v018_r2) by extension 'colcon_meta'
[0.868s] Level 1:colcon.colcon_core.package_identification:_identify(field_trial_results/20260726_153100_complex_fixed_v018_r2) by extensions ['ros']
[0.868s] Level 1:colcon.colcon_core.package_identification:_identify(field_trial_results/20260726_153100_complex_fixed_v018_r2) by extension 'ros'
[0.868s] Level 1:colcon.colcon_core.package_identification:_identify(field_trial_results/20260726_153100_complex_fixed_v018_r2) by extensions ['cmake', 'python']
[0.868s] Level 1:colcon.colcon_core.package_identification:_identify(field_trial_results/20260726_153100_complex_fixed_v018_r2) by extension 'cmake'
[0.869s] Level 1:colcon.colcon_core.package_identification:_identify(field_trial_results/20260726_153100_complex_fixed_v018_r2) by extension 'python'
[0.869s] Level 1:colcon.colcon_core.package_identification:_identify(field_trial_results/20260726_153100_complex_fixed_v018_r2) by extensions ['python_setup_py']
[0.869s] Level 1:colcon.colcon_core.package_identification:_identify(field_trial_results/20260726_153100_complex_fixed_v018_r2) by extension 'python_setup_py'
[0.869s] Level 1:colcon.colcon_core.package_identification:_identify(field_trial_results/20260726_153209_complex_fixed_v018_r3) by extensions ['ignore', 'ignore_ament_install']
[0.870s] Level 1:colcon.colcon_core.package_identification:_identify(field_trial_results/20260726_153209_complex_fixed_v018_r3) by extension 'ignore'
[0.870s] Level 1:colcon.colcon_core.package_identification:_identify(field_trial_results/20260726_153209_complex_fixed_v018_r3) by extension 'ignore_ament_install'
[0.870s] Level 1:colcon.colcon_core.package_identification:_identify(field_trial_results/20260726_153209_complex_fixed_v018_r3) by extensions ['colcon_pkg']
[0.870s] Level 1:colcon.colcon_core.package_identification:_identify(field_trial_results/20260726_153209_complex_fixed_v018_r3) by extension 'colcon_pkg'
[0.871s] Level 1:colcon.colcon_core.package_identification:_identify(field_trial_results/20260726_153209_complex_fixed_v018_r3) by extensions ['colcon_meta']
[0.871s] Level 1:colcon.colcon_core.package_identification:_identify(field_trial_results/20260726_153209_complex_fixed_v018_r3) by extension 'colcon_meta'
[0.871s] Level 1:colcon.colcon_core.package_identification:_identify(field_trial_results/20260726_153209_complex_fixed_v018_r3) by extensions ['ros']
[0.871s] Level 1:colcon.colcon_core.package_identification:_identify(field_trial_results/20260726_153209_complex_fixed_v018_r3) by extension 'ros'
[0.872s] Level 1:colcon.colcon_core.package_identification:_identify(field_trial_results/20260726_153209_complex_fixed_v018_r3) by extensions ['cmake', 'python']
[0.872s] Level 1:colcon.colcon_core.package_identification:_identify(field_trial_results/20260726_153209_complex_fixed_v018_r3) by extension 'cmake'
[0.872s] Level 1:colcon.colcon_core.package_identification:_identify(field_trial_results/20260726_153209_complex_fixed_v018_r3) by extension 'python'
[0.872s] Level 1:colcon.colcon_core.package_identification:_identify(field_trial_results/20260726_153209_complex_fixed_v018_r3) by extensions ['python_setup_py']
[0.872s] Level 1:colcon.colcon_core.package_identification:_identify(field_trial_results/20260726_153209_complex_fixed_v018_r3) by extension 'python_setup_py'
[0.873s] Level 1:colcon.colcon_core.package_identification:_identify(field_trial_results/20260726_153321_complex_fixed_v018_r4) by extensions ['ignore', 'ignore_ament_install']
[0.873s] Level 1:colcon.colcon_core.package_identification:_identify(field_trial_results/20260726_153321_complex_fixed_v018_r4) by extension 'ignore'
[0.873s] Level 1:colcon.colcon_core.package_identification:_identify(field_trial_results/20260726_153321_complex_fixed_v018_r4) by extension 'ignore_ament_install'
[0.874s] Level 1:colcon.colcon_core.package_identification:_identify(field_trial_results/20260726_153321_complex_fixed_v018_r4) by extensions ['colcon_pkg']
[0.874s] Level 1:colcon.colcon_core.package_identification:_identify(field_trial_results/20260726_153321_complex_fixed_v018_r4) by extension 'colcon_pkg'
[0.874s] Level 1:colcon.colcon_core.package_identification:_identify(field_trial_results/20260726_153321_complex_fixed_v018_r4) by extensions ['colcon_meta']
[0.874s] Level 1:colcon.colcon_core.package_identification:_identify(field_trial_results/20260726_153321_complex_fixed_v018_r4) by extension 'colcon_meta'
[0.874s] Level 1:colcon.colcon_core.package_identification:_identify(field_trial_results/20260726_153321_complex_fixed_v018_r4) by extensions ['ros']
[0.874s] Level 1:colcon.colcon_core.package_identification:_identify(field_trial_results/20260726_153321_complex_fixed_v018_r4) by extension 'ros'
[0.875s] Level 1:colcon.colcon_core.package_identification:_identify(field_trial_results/20260726_153321_complex_fixed_v018_r4) by extensions ['cmake', 'python']
[0.875s] Level 1:colcon.colcon_core.package_identification:_identify(field_trial_results/20260726_153321_complex_fixed_v018_r4) by extension 'cmake'
[0.875s] Level 1:colcon.colcon_core.package_identification:_identify(field_trial_results/20260726_153321_complex_fixed_v018_r4) by extension 'python'
[0.875s] Level 1:colcon.colcon_core.package_identification:_identify(field_trial_results/20260726_153321_complex_fixed_v018_r4) by extensions ['python_setup_py']
[0.876s] Level 1:colcon.colcon_core.package_identification:_identify(field_trial_results/20260726_153321_complex_fixed_v018_r4) by extension 'python_setup_py'
[0.876s] Level 1:colcon.colcon_core.package_identification:_identify(field_trial_results/20260726_153435_complex_fixed_v018_r5) by extensions ['ignore', 'ignore_ament_install']
[0.876s] Level 1:colcon.colcon_core.package_identification:_identify(field_trial_results/20260726_153435_complex_fixed_v018_r5) by extension 'ignore'
[0.876s] Level 1:colcon.colcon_core.package_identification:_identify(field_trial_results/20260726_153435_complex_fixed_v018_r5) by extension 'ignore_ament_install'
[0.877s] Level 1:colcon.colcon_core.package_identification:_identify(field_trial_results/20260726_153435_complex_fixed_v018_r5) by extensions ['colcon_pkg']
[0.877s] Level 1:colcon.colcon_core.package_identification:_identify(field_trial_results/20260726_153435_complex_fixed_v018_r5) by extension 'colcon_pkg'
[0.877s] Level 1:colcon.colcon_core.package_identification:_identify(field_trial_results/20260726_153435_complex_fixed_v018_r5) by extensions ['colcon_meta']
[0.877s] Level 1:colcon.colcon_core.package_identification:_identify(field_trial_results/20260726_153435_complex_fixed_v018_r5) by extension 'colcon_meta'
[0.877s] Level 1:colcon.colcon_core.package_identification:_identify(field_trial_results/20260726_153435_complex_fixed_v018_r5) by extensions ['ros']
[0.878s] Level 1:colcon.colcon_core.package_identification:_identify(field_trial_results/20260726_153435_complex_fixed_v018_r5) by extension 'ros'
[0.878s] Level 1:colcon.colcon_core.package_identification:_identify(field_trial_results/20260726_153435_complex_fixed_v018_r5) by extensions ['cmake', 'python']
[0.878s] Level 1:colcon.colcon_core.package_identification:_identify(field_trial_results/20260726_153435_complex_fixed_v018_r5) by extension 'cmake'
[0.878s] Level 1:colcon.colcon_core.package_identification:_identify(field_trial_results/20260726_153435_complex_fixed_v018_r5) by extension 'python'
[0.879s] Level 1:colcon.colcon_core.package_identification:_identify(field_trial_results/20260726_153435_complex_fixed_v018_r5) by extensions ['python_setup_py']
[0.879s] Level 1:colcon.colcon_core.package_identification:_identify(field_trial_results/20260726_153435_complex_fixed_v018_r5) by extension 'python_setup_py'
[0.879s] Level 1:colcon.colcon_core.package_identification:_identify(h30_test_01_static) by extensions ['ignore', 'ignore_ament_install']
[0.879s] Level 1:colcon.colcon_core.package_identification:_identify(h30_test_01_static) by extension 'ignore'
[0.880s] Level 1:colcon.colcon_core.package_identification:_identify(h30_test_01_static) by extension 'ignore_ament_install'
[0.880s] Level 1:colcon.colcon_core.package_identification:_identify(h30_test_01_static) by extensions ['colcon_pkg']
[0.880s] Level 1:colcon.colcon_core.package_identification:_identify(h30_test_01_static) by extension 'colcon_pkg'
[0.880s] Level 1:colcon.colcon_core.package_identification:_identify(h30_test_01_static) by extensions ['colcon_meta']
[0.880s] Level 1:colcon.colcon_core.package_identification:_identify(h30_test_01_static) by extension 'colcon_meta'
[0.881s] Level 1:colcon.colcon_core.package_identification:_identify(h30_test_01_static) by extensions ['ros']
[0.881s] Level 1:colcon.colcon_core.package_identification:_identify(h30_test_01_static) by extension 'ros'
[0.881s] Level 1:colcon.colcon_core.package_identification:_identify(h30_test_01_static) by extensions ['cmake', 'python']
[0.881s] Level 1:colcon.colcon_core.package_identification:_identify(h30_test_01_static) by extension 'cmake'
[0.882s] Level 1:colcon.colcon_core.package_identification:_identify(h30_test_01_static) by extension 'python'
[0.882s] Level 1:colcon.colcon_core.package_identification:_identify(h30_test_01_static) by extensions ['python_setup_py']
[0.882s] Level 1:colcon.colcon_core.package_identification:_identify(h30_test_01_static) by extension 'python_setup_py'
[0.882s] Level 1:colcon.colcon_core.package_identification:_identify(h30_test_01_static_fastlio) by extensions ['ignore', 'ignore_ament_install']
[0.883s] Level 1:colcon.colcon_core.package_identification:_identify(h30_test_01_static_fastlio) by extension 'ignore'
[0.883s] Level 1:colcon.colcon_core.package_identification:_identify(h30_test_01_static_fastlio) by extension 'ignore_ament_install'
[0.883s] Level 1:colcon.colcon_core.package_identification:_identify(h30_test_01_static_fastlio) by extensions ['colcon_pkg']
[0.883s] Level 1:colcon.colcon_core.package_identification:_identify(h30_test_01_static_fastlio) by extension 'colcon_pkg'
[0.883s] Level 1:colcon.colcon_core.package_identification:_identify(h30_test_01_static_fastlio) by extensions ['colcon_meta']
[0.884s] Level 1:colcon.colcon_core.package_identification:_identify(h30_test_01_static_fastlio) by extension 'colcon_meta'
[0.884s] Level 1:colcon.colcon_core.package_identification:_identify(h30_test_01_static_fastlio) by extensions ['ros']
[0.884s] Level 1:colcon.colcon_core.package_identification:_identify(h30_test_01_static_fastlio) by extension 'ros'
[0.884s] Level 1:colcon.colcon_core.package_identification:_identify(h30_test_01_static_fastlio) by extensions ['cmake', 'python']
[0.885s] Level 1:colcon.colcon_core.package_identification:_identify(h30_test_01_static_fastlio) by extension 'cmake'
[0.885s] Level 1:colcon.colcon_core.package_identification:_identify(h30_test_01_static_fastlio) by extension 'python'
[0.885s] Level 1:colcon.colcon_core.package_identification:_identify(h30_test_01_static_fastlio) by extensions ['python_setup_py']
[0.885s] Level 1:colcon.colcon_core.package_identification:_identify(h30_test_01_static_fastlio) by extension 'python_setup_py'
[0.885s] Level 1:colcon.colcon_core.package_identification:_identify(h30_test_02_turn_90_fastlio) by extensions ['ignore', 'ignore_ament_install']
[0.886s] Level 1:colcon.colcon_core.package_identification:_identify(h30_test_02_turn_90_fastlio) by extension 'ignore'
[0.886s] Level 1:colcon.colcon_core.package_identification:_identify(h30_test_02_turn_90_fastlio) by extension 'ignore_ament_install'
[0.886s] Level 1:colcon.colcon_core.package_identification:_identify(h30_test_02_turn_90_fastlio) by extensions ['colcon_pkg']
[0.886s] Level 1:colcon.colcon_core.package_identification:_identify(h30_test_02_turn_90_fastlio) by extension 'colcon_pkg'
[0.887s] Level 1:colcon.colcon_core.package_identification:_identify(h30_test_02_turn_90_fastlio) by extensions ['colcon_meta']
[0.887s] Level 1:colcon.colcon_core.package_identification:_identify(h30_test_02_turn_90_fastlio) by extension 'colcon_meta'
[0.887s] Level 1:colcon.colcon_core.package_identification:_identify(h30_test_02_turn_90_fastlio) by extensions ['ros']
[0.887s] Level 1:colcon.colcon_core.package_identification:_identify(h30_test_02_turn_90_fastlio) by extension 'ros'
[0.888s] Level 1:colcon.colcon_core.package_identification:_identify(h30_test_02_turn_90_fastlio) by extensions ['cmake', 'python']
[0.888s] Level 1:colcon.colcon_core.package_identification:_identify(h30_test_02_turn_90_fastlio) by extension 'cmake'
[0.888s] Level 1:colcon.colcon_core.package_identification:_identify(h30_test_02_turn_90_fastlio) by extension 'python'
[0.888s] Level 1:colcon.colcon_core.package_identification:_identify(h30_test_02_turn_90_fastlio) by extensions ['python_setup_py']
[0.888s] Level 1:colcon.colcon_core.package_identification:_identify(h30_test_02_turn_90_fastlio) by extension 'python_setup_py'
[0.888s] Level 1:colcon.colcon_core.package_identification:_identify(h30_test_03_blocked_wheel_spin_fastlio) by extensions ['ignore', 'ignore_ament_install']
[0.889s] Level 1:colcon.colcon_core.package_identification:_identify(h30_test_03_blocked_wheel_spin_fastlio) by extension 'ignore'
[0.889s] Level 1:colcon.colcon_core.package_identification:_identify(h30_test_03_blocked_wheel_spin_fastlio) by extension 'ignore_ament_install'
[0.889s] Level 1:colcon.colcon_core.package_identification:_identify(h30_test_03_blocked_wheel_spin_fastlio) by extensions ['colcon_pkg']
[0.889s] Level 1:colcon.colcon_core.package_identification:_identify(h30_test_03_blocked_wheel_spin_fastlio) by extension 'colcon_pkg'
[0.889s] Level 1:colcon.colcon_core.package_identification:_identify(h30_test_03_blocked_wheel_spin_fastlio) by extensions ['colcon_meta']
[0.889s] Level 1:colcon.colcon_core.package_identification:_identify(h30_test_03_blocked_wheel_spin_fastlio) by extension 'colcon_meta'
[0.889s] Level 1:colcon.colcon_core.package_identification:_identify(h30_test_03_blocked_wheel_spin_fastlio) by extensions ['ros']
[0.890s] Level 1:colcon.colcon_core.package_identification:_identify(h30_test_03_blocked_wheel_spin_fastlio) by extension 'ros'
[0.890s] Level 1:colcon.colcon_core.package_identification:_identify(h30_test_03_blocked_wheel_spin_fastlio) by extensions ['cmake', 'python']
[0.890s] Level 1:colcon.colcon_core.package_identification:_identify(h30_test_03_blocked_wheel_spin_fastlio) by extension 'cmake'
[0.890s] Level 1:colcon.colcon_core.package_identification:_identify(h30_test_03_blocked_wheel_spin_fastlio) by extension 'python'
[0.890s] Level 1:colcon.colcon_core.package_identification:_identify(h30_test_03_blocked_wheel_spin_fastlio) by extensions ['python_setup_py']
[0.890s] Level 1:colcon.colcon_core.package_identification:_identify(h30_test_03_blocked_wheel_spin_fastlio) by extension 'python_setup_py'
[0.890s] Level 1:colcon.colcon_core.package_identification:_identify(h30_test_04_normal_forward_fastlio) by extensions ['ignore', 'ignore_ament_install']
[0.891s] Level 1:colcon.colcon_core.package_identification:_identify(h30_test_04_normal_forward_fastlio) by extension 'ignore'
[0.891s] Level 1:colcon.colcon_core.package_identification:_identify(h30_test_04_normal_forward_fastlio) by extension 'ignore_ament_install'
[0.891s] Level 1:colcon.colcon_core.package_identification:_identify(h30_test_04_normal_forward_fastlio) by extensions ['colcon_pkg']
[0.891s] Level 1:colcon.colcon_core.package_identification:_identify(h30_test_04_normal_forward_fastlio) by extension 'colcon_pkg'
[0.891s] Level 1:colcon.colcon_core.package_identification:_identify(h30_test_04_normal_forward_fastlio) by extensions ['colcon_meta']
[0.891s] Level 1:colcon.colcon_core.package_identification:_identify(h30_test_04_normal_forward_fastlio) by extension 'colcon_meta'
[0.891s] Level 1:colcon.colcon_core.package_identification:_identify(h30_test_04_normal_forward_fastlio) by extensions ['ros']
[0.891s] Level 1:colcon.colcon_core.package_identification:_identify(h30_test_04_normal_forward_fastlio) by extension 'ros'
[0.892s] Level 1:colcon.colcon_core.package_identification:_identify(h30_test_04_normal_forward_fastlio) by extensions ['cmake', 'python']
[0.892s] Level 1:colcon.colcon_core.package_identification:_identify(h30_test_04_normal_forward_fastlio) by extension 'cmake'
[0.892s] Level 1:colcon.colcon_core.package_identification:_identify(h30_test_04_normal_forward_fastlio) by extension 'python'
[0.892s] Level 1:colcon.colcon_core.package_identification:_identify(h30_test_04_normal_forward_fastlio) by extensions ['python_setup_py']
[0.892s] Level 1:colcon.colcon_core.package_identification:_identify(h30_test_04_normal_forward_fastlio) by extension 'python_setup_py'
[0.892s] Level 1:colcon.colcon_core.package_identification:_identify(install) by extensions ['ignore', 'ignore_ament_install']
[0.892s] Level 1:colcon.colcon_core.package_identification:_identify(install) by extension 'ignore'
[0.892s] Level 1:colcon.colcon_core.package_identification:_identify(install) ignored
[0.893s] Level 1:colcon.colcon_core.package_identification:_identify(log) by extensions ['ignore', 'ignore_ament_install']
[0.893s] Level 1:colcon.colcon_core.package_identification:_identify(log) by extension 'ignore'
[0.893s] Level 1:colcon.colcon_core.package_identification:_identify(log) ignored
[0.894s] Level 1:colcon.colcon_core.package_identification:_identify(pid_tracking_results) by extensions ['ignore', 'ignore_ament_install']
[0.894s] Level 1:colcon.colcon_core.package_identification:_identify(pid_tracking_results) by extension 'ignore'
[0.894s] Level 1:colcon.colcon_core.package_identification:_identify(pid_tracking_results) by extension 'ignore_ament_install'
[0.894s] Level 1:colcon.colcon_core.package_identification:_identify(pid_tracking_results) by extensions ['colcon_pkg']
[0.894s] Level 1:colcon.colcon_core.package_identification:_identify(pid_tracking_results) by extension 'colcon_pkg'
[0.894s] Level 1:colcon.colcon_core.package_identification:_identify(pid_tracking_results) by extensions ['colcon_meta']
[0.894s] Level 1:colcon.colcon_core.package_identification:_identify(pid_tracking_results) by extension 'colcon_meta'
[0.894s] Level 1:colcon.colcon_core.package_identification:_identify(pid_tracking_results) by extensions ['ros']
[0.895s] Level 1:colcon.colcon_core.package_identification:_identify(pid_tracking_results) by extension 'ros'
[0.895s] Level 1:colcon.colcon_core.package_identification:_identify(pid_tracking_results) by extensions ['cmake', 'python']
[0.895s] Level 1:colcon.colcon_core.package_identification:_identify(pid_tracking_results) by extension 'cmake'
[0.895s] Level 1:colcon.colcon_core.package_identification:_identify(pid_tracking_results) by extension 'python'
[0.895s] Level 1:colcon.colcon_core.package_identification:_identify(pid_tracking_results) by extensions ['python_setup_py']
[0.895s] Level 1:colcon.colcon_core.package_identification:_identify(pid_tracking_results) by extension 'python_setup_py'
[0.895s] Level 1:colcon.colcon_core.package_identification:_identify(pid_tracking_results/run_20260724_231208) by extensions ['ignore', 'ignore_ament_install']
[0.895s] Level 1:colcon.colcon_core.package_identification:_identify(pid_tracking_results/run_20260724_231208) by extension 'ignore'
[0.896s] Level 1:colcon.colcon_core.package_identification:_identify(pid_tracking_results/run_20260724_231208) by extension 'ignore_ament_install'
[0.896s] Level 1:colcon.colcon_core.package_identification:_identify(pid_tracking_results/run_20260724_231208) by extensions ['colcon_pkg']
[0.896s] Level 1:colcon.colcon_core.package_identification:_identify(pid_tracking_results/run_20260724_231208) by extension 'colcon_pkg'
[0.896s] Level 1:colcon.colcon_core.package_identification:_identify(pid_tracking_results/run_20260724_231208) by extensions ['colcon_meta']
[0.897s] Level 1:colcon.colcon_core.package_identification:_identify(pid_tracking_results/run_20260724_231208) by extension 'colcon_meta'
[0.897s] Level 1:colcon.colcon_core.package_identification:_identify(pid_tracking_results/run_20260724_231208) by extensions ['ros']
[0.897s] Level 1:colcon.colcon_core.package_identification:_identify(pid_tracking_results/run_20260724_231208) by extension 'ros'
[0.897s] Level 1:colcon.colcon_core.package_identification:_identify(pid_tracking_results/run_20260724_231208) by extensions ['cmake', 'python']
[0.897s] Level 1:colcon.colcon_core.package_identification:_identify(pid_tracking_results/run_20260724_231208) by extension 'cmake'
[0.897s] Level 1:colcon.colcon_core.package_identification:_identify(pid_tracking_results/run_20260724_231208) by extension 'python'
[0.898s] Level 1:colcon.colcon_core.package_identification:_identify(pid_tracking_results/run_20260724_231208) by extensions ['python_setup_py']
[0.898s] Level 1:colcon.colcon_core.package_identification:_identify(pid_tracking_results/run_20260724_231208) by extension 'python_setup_py'
[0.898s] Level 1:colcon.colcon_core.package_identification:_identify(pid_tracking_results/run_20260724_231928) by extensions ['ignore', 'ignore_ament_install']
[0.898s] Level 1:colcon.colcon_core.package_identification:_identify(pid_tracking_results/run_20260724_231928) by extension 'ignore'
[0.898s] Level 1:colcon.colcon_core.package_identification:_identify(pid_tracking_results/run_20260724_231928) by extension 'ignore_ament_install'
[0.899s] Level 1:colcon.colcon_core.package_identification:_identify(pid_tracking_results/run_20260724_231928) by extensions ['colcon_pkg']
[0.899s] Level 1:colcon.colcon_core.package_identification:_identify(pid_tracking_results/run_20260724_231928) by extension 'colcon_pkg'
[0.899s] Level 1:colcon.colcon_core.package_identification:_identify(pid_tracking_results/run_20260724_231928) by extensions ['colcon_meta']
[0.899s] Level 1:colcon.colcon_core.package_identification:_identify(pid_tracking_results/run_20260724_231928) by extension 'colcon_meta'
[0.899s] Level 1:colcon.colcon_core.package_identification:_identify(pid_tracking_results/run_20260724_231928) by extensions ['ros']
[0.899s] Level 1:colcon.colcon_core.package_identification:_identify(pid_tracking_results/run_20260724_231928) by extension 'ros'
[0.900s] Level 1:colcon.colcon_core.package_identification:_identify(pid_tracking_results/run_20260724_231928) by extensions ['cmake', 'python']
[0.900s] Level 1:colcon.colcon_core.package_identification:_identify(pid_tracking_results/run_20260724_231928) by extension 'cmake'
[0.900s] Level 1:colcon.colcon_core.package_identification:_identify(pid_tracking_results/run_20260724_231928) by extension 'python'
[0.900s] Level 1:colcon.colcon_core.package_identification:_identify(pid_tracking_results/run_20260724_231928) by extensions ['python_setup_py']
[0.900s] Level 1:colcon.colcon_core.package_identification:_identify(pid_tracking_results/run_20260724_231928) by extension 'python_setup_py'
[0.901s] Level 1:colcon.colcon_core.package_identification:_identify(pid_tracking_results/run_20260724_232126) by extensions ['ignore', 'ignore_ament_install']
[0.901s] Level 1:colcon.colcon_core.package_identification:_identify(pid_tracking_results/run_20260724_232126) by extension 'ignore'
[0.901s] Level 1:colcon.colcon_core.package_identification:_identify(pid_tracking_results/run_20260724_232126) by extension 'ignore_ament_install'
[0.901s] Level 1:colcon.colcon_core.package_identification:_identify(pid_tracking_results/run_20260724_232126) by extensions ['colcon_pkg']
[0.901s] Level 1:colcon.colcon_core.package_identification:_identify(pid_tracking_results/run_20260724_232126) by extension 'colcon_pkg'
[0.902s] Level 1:colcon.colcon_core.package_identification:_identify(pid_tracking_results/run_20260724_232126) by extensions ['colcon_meta']
[0.902s] Level 1:colcon.colcon_core.package_identification:_identify(pid_tracking_results/run_20260724_232126) by extension 'colcon_meta'
[0.902s] Level 1:colcon.colcon_core.package_identification:_identify(pid_tracking_results/run_20260724_232126) by extensions ['ros']
[0.902s] Level 1:colcon.colcon_core.package_identification:_identify(pid_tracking_results/run_20260724_232126) by extension 'ros'
[0.902s] Level 1:colcon.colcon_core.package_identification:_identify(pid_tracking_results/run_20260724_232126) by extensions ['cmake', 'python']
[0.902s] Level 1:colcon.colcon_core.package_identification:_identify(pid_tracking_results/run_20260724_232126) by extension 'cmake'
[0.902s] Level 1:colcon.colcon_core.package_identification:_identify(pid_tracking_results/run_20260724_232126) by extension 'python'
[0.903s] Level 1:colcon.colcon_core.package_identification:_identify(pid_tracking_results/run_20260724_232126) by extensions ['python_setup_py']
[0.903s] Level 1:colcon.colcon_core.package_identification:_identify(pid_tracking_results/run_20260724_232126) by extension 'python_setup_py'
[0.903s] Level 1:colcon.colcon_core.package_identification:_identify(pid_tracking_results/run_20260725_102724) by extensions ['ignore', 'ignore_ament_install']
[0.903s] Level 1:colcon.colcon_core.package_identification:_identify(pid_tracking_results/run_20260725_102724) by extension 'ignore'
[0.904s] Level 1:colcon.colcon_core.package_identification:_identify(pid_tracking_results/run_20260725_102724) by extension 'ignore_ament_install'
[0.904s] Level 1:colcon.colcon_core.package_identification:_identify(pid_tracking_results/run_20260725_102724) by extensions ['colcon_pkg']
[0.904s] Level 1:colcon.colcon_core.package_identification:_identify(pid_tracking_results/run_20260725_102724) by extension 'colcon_pkg'
[0.904s] Level 1:colcon.colcon_core.package_identification:_identify(pid_tracking_results/run_20260725_102724) by extensions ['colcon_meta']
[0.904s] Level 1:colcon.colcon_core.package_identification:_identify(pid_tracking_results/run_20260725_102724) by extension 'colcon_meta'
[0.904s] Level 1:colcon.colcon_core.package_identification:_identify(pid_tracking_results/run_20260725_102724) by extensions ['ros']
[0.904s] Level 1:colcon.colcon_core.package_identification:_identify(pid_tracking_results/run_20260725_102724) by extension 'ros'
[0.905s] Level 1:colcon.colcon_core.package_identification:_identify(pid_tracking_results/run_20260725_102724) by extensions ['cmake', 'python']
[0.905s] Level 1:colcon.colcon_core.package_identification:_identify(pid_tracking_results/run_20260725_102724) by extension 'cmake'
[0.905s] Level 1:colcon.colcon_core.package_identification:_identify(pid_tracking_results/run_20260725_102724) by extension 'python'
[0.905s] Level 1:colcon.colcon_core.package_identification:_identify(pid_tracking_results/run_20260725_102724) by extensions ['python_setup_py']
[0.905s] Level 1:colcon.colcon_core.package_identification:_identify(pid_tracking_results/run_20260725_102724) by extension 'python_setup_py'
[0.906s] Level 1:colcon.colcon_core.package_identification:_identify(pid_tracking_results/run_20260725_102918) by extensions ['ignore', 'ignore_ament_install']
[0.906s] Level 1:colcon.colcon_core.package_identification:_identify(pid_tracking_results/run_20260725_102918) by extension 'ignore'
[0.906s] Level 1:colcon.colcon_core.package_identification:_identify(pid_tracking_results/run_20260725_102918) by extension 'ignore_ament_install'
[0.906s] Level 1:colcon.colcon_core.package_identification:_identify(pid_tracking_results/run_20260725_102918) by extensions ['colcon_pkg']
[0.906s] Level 1:colcon.colcon_core.package_identification:_identify(pid_tracking_results/run_20260725_102918) by extension 'colcon_pkg'
[0.906s] Level 1:colcon.colcon_core.package_identification:_identify(pid_tracking_results/run_20260725_102918) by extensions ['colcon_meta']
[0.906s] Level 1:colcon.colcon_core.package_identification:_identify(pid_tracking_results/run_20260725_102918) by extension 'colcon_meta'
[0.907s] Level 1:colcon.colcon_core.package_identification:_identify(pid_tracking_results/run_20260725_102918) by extensions ['ros']
[0.907s] Level 1:colcon.colcon_core.package_identification:_identify(pid_tracking_results/run_20260725_102918) by extension 'ros'
[0.907s] Level 1:colcon.colcon_core.package_identification:_identify(pid_tracking_results/run_20260725_102918) by extensions ['cmake', 'python']
[0.907s] Level 1:colcon.colcon_core.package_identification:_identify(pid_tracking_results/run_20260725_102918) by extension 'cmake'
[0.907s] Level 1:colcon.colcon_core.package_identification:_identify(pid_tracking_results/run_20260725_102918) by extension 'python'
[0.907s] Level 1:colcon.colcon_core.package_identification:_identify(pid_tracking_results/run_20260725_102918) by extensions ['python_setup_py']
[0.908s] Level 1:colcon.colcon_core.package_identification:_identify(pid_tracking_results/run_20260725_102918) by extension 'python_setup_py'
[0.908s] Level 1:colcon.colcon_core.package_identification:_identify(pid_tracking_results/run_20260725_103259) by extensions ['ignore', 'ignore_ament_install']
[0.908s] Level 1:colcon.colcon_core.package_identification:_identify(pid_tracking_results/run_20260725_103259) by extension 'ignore'
[0.908s] Level 1:colcon.colcon_core.package_identification:_identify(pid_tracking_results/run_20260725_103259) by extension 'ignore_ament_install'
[0.909s] Level 1:colcon.colcon_core.package_identification:_identify(pid_tracking_results/run_20260725_103259) by extensions ['colcon_pkg']
[0.909s] Level 1:colcon.colcon_core.package_identification:_identify(pid_tracking_results/run_20260725_103259) by extension 'colcon_pkg'
[0.909s] Level 1:colcon.colcon_core.package_identification:_identify(pid_tracking_results/run_20260725_103259) by extensions ['colcon_meta']
[0.909s] Level 1:colcon.colcon_core.package_identification:_identify(pid_tracking_results/run_20260725_103259) by extension 'colcon_meta'
[0.909s] Level 1:colcon.colcon_core.package_identification:_identify(pid_tracking_results/run_20260725_103259) by extensions ['ros']
[0.909s] Level 1:colcon.colcon_core.package_identification:_identify(pid_tracking_results/run_20260725_103259) by extension 'ros'
[0.909s] Level 1:colcon.colcon_core.package_identification:_identify(pid_tracking_results/run_20260725_103259) by extensions ['cmake', 'python']
[0.910s] Level 1:colcon.colcon_core.package_identification:_identify(pid_tracking_results/run_20260725_103259) by extension 'cmake'
[0.910s] Level 1:colcon.colcon_core.package_identification:_identify(pid_tracking_results/run_20260725_103259) by extension 'python'
[0.910s] Level 1:colcon.colcon_core.package_identification:_identify(pid_tracking_results/run_20260725_103259) by extensions ['python_setup_py']
[0.910s] Level 1:colcon.colcon_core.package_identification:_identify(pid_tracking_results/run_20260725_103259) by extension 'python_setup_py'
[0.910s] Level 1:colcon.colcon_core.package_identification:_identify(pid_tracking_results/run_20260725_103504) by extensions ['ignore', 'ignore_ament_install']
[0.911s] Level 1:colcon.colcon_core.package_identification:_identify(pid_tracking_results/run_20260725_103504) by extension 'ignore'
[0.911s] Level 1:colcon.colcon_core.package_identification:_identify(pid_tracking_results/run_20260725_103504) by extension 'ignore_ament_install'
[0.911s] Level 1:colcon.colcon_core.package_identification:_identify(pid_tracking_results/run_20260725_103504) by extensions ['colcon_pkg']
[0.911s] Level 1:colcon.colcon_core.package_identification:_identify(pid_tracking_results/run_20260725_103504) by extension 'colcon_pkg'
[0.911s] Level 1:colcon.colcon_core.package_identification:_identify(pid_tracking_results/run_20260725_103504) by extensions ['colcon_meta']
[0.911s] Level 1:colcon.colcon_core.package_identification:_identify(pid_tracking_results/run_20260725_103504) by extension 'colcon_meta'
[0.911s] Level 1:colcon.colcon_core.package_identification:_identify(pid_tracking_results/run_20260725_103504) by extensions ['ros']
[0.912s] Level 1:colcon.colcon_core.package_identification:_identify(pid_tracking_results/run_20260725_103504) by extension 'ros'
[0.912s] Level 1:colcon.colcon_core.package_identification:_identify(pid_tracking_results/run_20260725_103504) by extensions ['cmake', 'python']
[0.912s] Level 1:colcon.colcon_core.package_identification:_identify(pid_tracking_results/run_20260725_103504) by extension 'cmake'
[0.912s] Level 1:colcon.colcon_core.package_identification:_identify(pid_tracking_results/run_20260725_103504) by extension 'python'
[0.912s] Level 1:colcon.colcon_core.package_identification:_identify(pid_tracking_results/run_20260725_103504) by extensions ['python_setup_py']
[0.912s] Level 1:colcon.colcon_core.package_identification:_identify(pid_tracking_results/run_20260725_103504) by extension 'python_setup_py'
[0.913s] Level 1:colcon.colcon_core.package_identification:_identify(pid_tracking_results/run_20260725_103625) by extensions ['ignore', 'ignore_ament_install']
[0.913s] Level 1:colcon.colcon_core.package_identification:_identify(pid_tracking_results/run_20260725_103625) by extension 'ignore'
[0.913s] Level 1:colcon.colcon_core.package_identification:_identify(pid_tracking_results/run_20260725_103625) by extension 'ignore_ament_install'
[0.913s] Level 1:colcon.colcon_core.package_identification:_identify(pid_tracking_results/run_20260725_103625) by extensions ['colcon_pkg']
[0.913s] Level 1:colcon.colcon_core.package_identification:_identify(pid_tracking_results/run_20260725_103625) by extension 'colcon_pkg'
[0.913s] Level 1:colcon.colcon_core.package_identification:_identify(pid_tracking_results/run_20260725_103625) by extensions ['colcon_meta']
[0.914s] Level 1:colcon.colcon_core.package_identification:_identify(pid_tracking_results/run_20260725_103625) by extension 'colcon_meta'
[0.914s] Level 1:colcon.colcon_core.package_identification:_identify(pid_tracking_results/run_20260725_103625) by extensions ['ros']
[0.914s] Level 1:colcon.colcon_core.package_identification:_identify(pid_tracking_results/run_20260725_103625) by extension 'ros'
[0.914s] Level 1:colcon.colcon_core.package_identification:_identify(pid_tracking_results/run_20260725_103625) by extensions ['cmake', 'python']
[0.914s] Level 1:colcon.colcon_core.package_identification:_identify(pid_tracking_results/run_20260725_103625) by extension 'cmake'
[0.914s] Level 1:colcon.colcon_core.package_identification:_identify(pid_tracking_results/run_20260725_103625) by extension 'python'
[0.915s] Level 1:colcon.colcon_core.package_identification:_identify(pid_tracking_results/run_20260725_103625) by extensions ['python_setup_py']
[0.915s] Level 1:colcon.colcon_core.package_identification:_identify(pid_tracking_results/run_20260725_103625) by extension 'python_setup_py'
[0.915s] Level 1:colcon.colcon_core.package_identification:_identify(pid_tracking_results/run_20260725_103940) by extensions ['ignore', 'ignore_ament_install']
[0.915s] Level 1:colcon.colcon_core.package_identification:_identify(pid_tracking_results/run_20260725_103940) by extension 'ignore'
[0.915s] Level 1:colcon.colcon_core.package_identification:_identify(pid_tracking_results/run_20260725_103940) by extension 'ignore_ament_install'
[0.916s] Level 1:colcon.colcon_core.package_identification:_identify(pid_tracking_results/run_20260725_103940) by extensions ['colcon_pkg']
[0.916s] Level 1:colcon.colcon_core.package_identification:_identify(pid_tracking_results/run_20260725_103940) by extension 'colcon_pkg'
[0.916s] Level 1:colcon.colcon_core.package_identification:_identify(pid_tracking_results/run_20260725_103940) by extensions ['colcon_meta']
[0.916s] Level 1:colcon.colcon_core.package_identification:_identify(pid_tracking_results/run_20260725_103940) by extension 'colcon_meta'
[0.916s] Level 1:colcon.colcon_core.package_identification:_identify(pid_tracking_results/run_20260725_103940) by extensions ['ros']
[0.916s] Level 1:colcon.colcon_core.package_identification:_identify(pid_tracking_results/run_20260725_103940) by extension 'ros'
[0.917s] Level 1:colcon.colcon_core.package_identification:_identify(pid_tracking_results/run_20260725_103940) by extensions ['cmake', 'python']
[0.917s] Level 1:colcon.colcon_core.package_identification:_identify(pid_tracking_results/run_20260725_103940) by extension 'cmake'
[0.917s] Level 1:colcon.colcon_core.package_identification:_identify(pid_tracking_results/run_20260725_103940) by extension 'python'
[0.917s] Level 1:colcon.colcon_core.package_identification:_identify(pid_tracking_results/run_20260725_103940) by extensions ['python_setup_py']
[0.917s] Level 1:colcon.colcon_core.package_identification:_identify(pid_tracking_results/run_20260725_103940) by extension 'python_setup_py'
[0.917s] Level 1:colcon.colcon_core.package_identification:_identify(pid_tracking_results/run_20260725_104029) by extensions ['ignore', 'ignore_ament_install']
[0.918s] Level 1:colcon.colcon_core.package_identification:_identify(pid_tracking_results/run_20260725_104029) by extension 'ignore'
[0.918s] Level 1:colcon.colcon_core.package_identification:_identify(pid_tracking_results/run_20260725_104029) by extension 'ignore_ament_install'
[0.918s] Level 1:colcon.colcon_core.package_identification:_identify(pid_tracking_results/run_20260725_104029) by extensions ['colcon_pkg']
[0.918s] Level 1:colcon.colcon_core.package_identification:_identify(pid_tracking_results/run_20260725_104029) by extension 'colcon_pkg'
[0.918s] Level 1:colcon.colcon_core.package_identification:_identify(pid_tracking_results/run_20260725_104029) by extensions ['colcon_meta']
[0.918s] Level 1:colcon.colcon_core.package_identification:_identify(pid_tracking_results/run_20260725_104029) by extension 'colcon_meta'
[0.919s] Level 1:colcon.colcon_core.package_identification:_identify(pid_tracking_results/run_20260725_104029) by extensions ['ros']
[0.919s] Level 1:colcon.colcon_core.package_identification:_identify(pid_tracking_results/run_20260725_104029) by extension 'ros'
[0.919s] Level 1:colcon.colcon_core.package_identification:_identify(pid_tracking_results/run_20260725_104029) by extensions ['cmake', 'python']
[0.919s] Level 1:colcon.colcon_core.package_identification:_identify(pid_tracking_results/run_20260725_104029) by extension 'cmake'
[0.919s] Level 1:colcon.colcon_core.package_identification:_identify(pid_tracking_results/run_20260725_104029) by extension 'python'
[0.919s] Level 1:colcon.colcon_core.package_identification:_identify(pid_tracking_results/run_20260725_104029) by extensions ['python_setup_py']
[0.919s] Level 1:colcon.colcon_core.package_identification:_identify(pid_tracking_results/run_20260725_104029) by extension 'python_setup_py'
[0.920s] Level 1:colcon.colcon_core.package_identification:_identify(pid_tracking_results/run_20260725_104852) by extensions ['ignore', 'ignore_ament_install']
[0.920s] Level 1:colcon.colcon_core.package_identification:_identify(pid_tracking_results/run_20260725_104852) by extension 'ignore'
[0.920s] Level 1:colcon.colcon_core.package_identification:_identify(pid_tracking_results/run_20260725_104852) by extension 'ignore_ament_install'
[0.920s] Level 1:colcon.colcon_core.package_identification:_identify(pid_tracking_results/run_20260725_104852) by extensions ['colcon_pkg']
[0.920s] Level 1:colcon.colcon_core.package_identification:_identify(pid_tracking_results/run_20260725_104852) by extension 'colcon_pkg'
[0.921s] Level 1:colcon.colcon_core.package_identification:_identify(pid_tracking_results/run_20260725_104852) by extensions ['colcon_meta']
[0.921s] Level 1:colcon.colcon_core.package_identification:_identify(pid_tracking_results/run_20260725_104852) by extension 'colcon_meta'
[0.921s] Level 1:colcon.colcon_core.package_identification:_identify(pid_tracking_results/run_20260725_104852) by extensions ['ros']
[0.921s] Level 1:colcon.colcon_core.package_identification:_identify(pid_tracking_results/run_20260725_104852) by extension 'ros'
[0.921s] Level 1:colcon.colcon_core.package_identification:_identify(pid_tracking_results/run_20260725_104852) by extensions ['cmake', 'python']
[0.921s] Level 1:colcon.colcon_core.package_identification:_identify(pid_tracking_results/run_20260725_104852) by extension 'cmake'
[0.922s] Level 1:colcon.colcon_core.package_identification:_identify(pid_tracking_results/run_20260725_104852) by extension 'python'
[0.922s] Level 1:colcon.colcon_core.package_identification:_identify(pid_tracking_results/run_20260725_104852) by extensions ['python_setup_py']
[0.922s] Level 1:colcon.colcon_core.package_identification:_identify(pid_tracking_results/run_20260725_104852) by extension 'python_setup_py'
[0.922s] Level 1:colcon.colcon_core.package_identification:_identify(pid_tracking_results/run_20260725_105331) by extensions ['ignore', 'ignore_ament_install']
[0.922s] Level 1:colcon.colcon_core.package_identification:_identify(pid_tracking_results/run_20260725_105331) by extension 'ignore'
[0.922s] Level 1:colcon.colcon_core.package_identification:_identify(pid_tracking_results/run_20260725_105331) by extension 'ignore_ament_install'
[0.923s] Level 1:colcon.colcon_core.package_identification:_identify(pid_tracking_results/run_20260725_105331) by extensions ['colcon_pkg']
[0.923s] Level 1:colcon.colcon_core.package_identification:_identify(pid_tracking_results/run_20260725_105331) by extension 'colcon_pkg'
[0.923s] Level 1:colcon.colcon_core.package_identification:_identify(pid_tracking_results/run_20260725_105331) by extensions ['colcon_meta']
[0.923s] Level 1:colcon.colcon_core.package_identification:_identify(pid_tracking_results/run_20260725_105331) by extension 'colcon_meta'
[0.923s] Level 1:colcon.colcon_core.package_identification:_identify(pid_tracking_results/run_20260725_105331) by extensions ['ros']
[0.923s] Level 1:colcon.colcon_core.package_identification:_identify(pid_tracking_results/run_20260725_105331) by extension 'ros'
[0.924s] Level 1:colcon.colcon_core.package_identification:_identify(pid_tracking_results/run_20260725_105331) by extensions ['cmake', 'python']
[0.924s] Level 1:colcon.colcon_core.package_identification:_identify(pid_tracking_results/run_20260725_105331) by extension 'cmake'
[0.924s] Level 1:colcon.colcon_core.package_identification:_identify(pid_tracking_results/run_20260725_105331) by extension 'python'
[0.924s] Level 1:colcon.colcon_core.package_identification:_identify(pid_tracking_results/run_20260725_105331) by extensions ['python_setup_py']
[0.924s] Level 1:colcon.colcon_core.package_identification:_identify(pid_tracking_results/run_20260725_105331) by extension 'python_setup_py'
[0.924s] Level 1:colcon.colcon_core.package_identification:_identify(pid_tracking_results/run_20260725_105425) by extensions ['ignore', 'ignore_ament_install']
[0.925s] Level 1:colcon.colcon_core.package_identification:_identify(pid_tracking_results/run_20260725_105425) by extension 'ignore'
[0.925s] Level 1:colcon.colcon_core.package_identification:_identify(pid_tracking_results/run_20260725_105425) by extension 'ignore_ament_install'
[0.925s] Level 1:colcon.colcon_core.package_identification:_identify(pid_tracking_results/run_20260725_105425) by extensions ['colcon_pkg']
[0.925s] Level 1:colcon.colcon_core.package_identification:_identify(pid_tracking_results/run_20260725_105425) by extension 'colcon_pkg'
[0.925s] Level 1:colcon.colcon_core.package_identification:_identify(pid_tracking_results/run_20260725_105425) by extensions ['colcon_meta']
[0.925s] Level 1:colcon.colcon_core.package_identification:_identify(pid_tracking_results/run_20260725_105425) by extension 'colcon_meta'
[0.926s] Level 1:colcon.colcon_core.package_identification:_identify(pid_tracking_results/run_20260725_105425) by extensions ['ros']
[0.926s] Level 1:colcon.colcon_core.package_identification:_identify(pid_tracking_results/run_20260725_105425) by extension 'ros'
[0.926s] Level 1:colcon.colcon_core.package_identification:_identify(pid_tracking_results/run_20260725_105425) by extensions ['cmake', 'python']
[0.926s] Level 1:colcon.colcon_core.package_identification:_identify(pid_tracking_results/run_20260725_105425) by extension 'cmake'
[0.926s] Level 1:colcon.colcon_core.package_identification:_identify(pid_tracking_results/run_20260725_105425) by extension 'python'
[0.926s] Level 1:colcon.colcon_core.package_identification:_identify(pid_tracking_results/run_20260725_105425) by extensions ['python_setup_py']
[0.926s] Level 1:colcon.colcon_core.package_identification:_identify(pid_tracking_results/run_20260725_105425) by extension 'python_setup_py'
[0.927s] Level 1:colcon.colcon_core.package_identification:_identify(pid_tracking_results/run_20260725_105644) by extensions ['ignore', 'ignore_ament_install']
[0.927s] Level 1:colcon.colcon_core.package_identification:_identify(pid_tracking_results/run_20260725_105644) by extension 'ignore'
[0.927s] Level 1:colcon.colcon_core.package_identification:_identify(pid_tracking_results/run_20260725_105644) by extension 'ignore_ament_install'
[0.927s] Level 1:colcon.colcon_core.package_identification:_identify(pid_tracking_results/run_20260725_105644) by extensions ['colcon_pkg']
[0.927s] Level 1:colcon.colcon_core.package_identification:_identify(pid_tracking_results/run_20260725_105644) by extension 'colcon_pkg'
[0.928s] Level 1:colcon.colcon_core.package_identification:_identify(pid_tracking_results/run_20260725_105644) by extensions ['colcon_meta']
[0.928s] Level 1:colcon.colcon_core.package_identification:_identify(pid_tracking_results/run_20260725_105644) by extension 'colcon_meta'
[0.928s] Level 1:colcon.colcon_core.package_identification:_identify(pid_tracking_results/run_20260725_105644) by extensions ['ros']
[0.928s] Level 1:colcon.colcon_core.package_identification:_identify(pid_tracking_results/run_20260725_105644) by extension 'ros'
[0.928s] Level 1:colcon.colcon_core.package_identification:_identify(pid_tracking_results/run_20260725_105644) by extensions ['cmake', 'python']
[0.928s] Level 1:colcon.colcon_core.package_identification:_identify(pid_tracking_results/run_20260725_105644) by extension 'cmake'
[0.928s] Level 1:colcon.colcon_core.package_identification:_identify(pid_tracking_results/run_20260725_105644) by extension 'python'
[0.929s] Level 1:colcon.colcon_core.package_identification:_identify(pid_tracking_results/run_20260725_105644) by extensions ['python_setup_py']
[0.929s] Level 1:colcon.colcon_core.package_identification:_identify(pid_tracking_results/run_20260725_105644) by extension 'python_setup_py'
[0.929s] Level 1:colcon.colcon_core.package_identification:_identify(pid_tracking_results/run_20260725_105721) by extensions ['ignore', 'ignore_ament_install']
[0.929s] Level 1:colcon.colcon_core.package_identification:_identify(pid_tracking_results/run_20260725_105721) by extension 'ignore'
[0.929s] Level 1:colcon.colcon_core.package_identification:_identify(pid_tracking_results/run_20260725_105721) by extension 'ignore_ament_install'
[0.930s] Level 1:colcon.colcon_core.package_identification:_identify(pid_tracking_results/run_20260725_105721) by extensions ['colcon_pkg']
[0.930s] Level 1:colcon.colcon_core.package_identification:_identify(pid_tracking_results/run_20260725_105721) by extension 'colcon_pkg'
[0.930s] Level 1:colcon.colcon_core.package_identification:_identify(pid_tracking_results/run_20260725_105721) by extensions ['colcon_meta']
[0.930s] Level 1:colcon.colcon_core.package_identification:_identify(pid_tracking_results/run_20260725_105721) by extension 'colcon_meta'
[0.930s] Level 1:colcon.colcon_core.package_identification:_identify(pid_tracking_results/run_20260725_105721) by extensions ['ros']
[0.930s] Level 1:colcon.colcon_core.package_identification:_identify(pid_tracking_results/run_20260725_105721) by extension 'ros'
[0.930s] Level 1:colcon.colcon_core.package_identification:_identify(pid_tracking_results/run_20260725_105721) by extensions ['cmake', 'python']
[0.931s] Level 1:colcon.colcon_core.package_identification:_identify(pid_tracking_results/run_20260725_105721) by extension 'cmake'
[0.931s] Level 1:colcon.colcon_core.package_identification:_identify(pid_tracking_results/run_20260725_105721) by extension 'python'
[0.931s] Level 1:colcon.colcon_core.package_identification:_identify(pid_tracking_results/run_20260725_105721) by extensions ['python_setup_py']
[0.931s] Level 1:colcon.colcon_core.package_identification:_identify(pid_tracking_results/run_20260725_105721) by extension 'python_setup_py'
[0.931s] Level 1:colcon.colcon_core.package_identification:_identify(pid_tracking_results/run_20260725_110917) by extensions ['ignore', 'ignore_ament_install']
[0.931s] Level 1:colcon.colcon_core.package_identification:_identify(pid_tracking_results/run_20260725_110917) by extension 'ignore'
[0.932s] Level 1:colcon.colcon_core.package_identification:_identify(pid_tracking_results/run_20260725_110917) by extension 'ignore_ament_install'
[0.932s] Level 1:colcon.colcon_core.package_identification:_identify(pid_tracking_results/run_20260725_110917) by extensions ['colcon_pkg']
[0.932s] Level 1:colcon.colcon_core.package_identification:_identify(pid_tracking_results/run_20260725_110917) by extension 'colcon_pkg'
[0.932s] Level 1:colcon.colcon_core.package_identification:_identify(pid_tracking_results/run_20260725_110917) by extensions ['colcon_meta']
[0.932s] Level 1:colcon.colcon_core.package_identification:_identify(pid_tracking_results/run_20260725_110917) by extension 'colcon_meta'
[0.932s] Level 1:colcon.colcon_core.package_identification:_identify(pid_tracking_results/run_20260725_110917) by extensions ['ros']
[0.932s] Level 1:colcon.colcon_core.package_identification:_identify(pid_tracking_results/run_20260725_110917) by extension 'ros'
[0.933s] Level 1:colcon.colcon_core.package_identification:_identify(pid_tracking_results/run_20260725_110917) by extensions ['cmake', 'python']
[0.933s] Level 1:colcon.colcon_core.package_identification:_identify(pid_tracking_results/run_20260725_110917) by extension 'cmake'
[0.933s] Level 1:colcon.colcon_core.package_identification:_identify(pid_tracking_results/run_20260725_110917) by extension 'python'
[0.933s] Level 1:colcon.colcon_core.package_identification:_identify(pid_tracking_results/run_20260725_110917) by extensions ['python_setup_py']
[0.933s] Level 1:colcon.colcon_core.package_identification:_identify(pid_tracking_results/run_20260725_110917) by extension 'python_setup_py'
[0.934s] Level 1:colcon.colcon_core.package_identification:_identify(pid_tracking_results/run_20260725_111108) by extensions ['ignore', 'ignore_ament_install']
[0.934s] Level 1:colcon.colcon_core.package_identification:_identify(pid_tracking_results/run_20260725_111108) by extension 'ignore'
[0.934s] Level 1:colcon.colcon_core.package_identification:_identify(pid_tracking_results/run_20260725_111108) by extension 'ignore_ament_install'
[0.934s] Level 1:colcon.colcon_core.package_identification:_identify(pid_tracking_results/run_20260725_111108) by extensions ['colcon_pkg']
[0.934s] Level 1:colcon.colcon_core.package_identification:_identify(pid_tracking_results/run_20260725_111108) by extension 'colcon_pkg'
[0.934s] Level 1:colcon.colcon_core.package_identification:_identify(pid_tracking_results/run_20260725_111108) by extensions ['colcon_meta']
[0.934s] Level 1:colcon.colcon_core.package_identification:_identify(pid_tracking_results/run_20260725_111108) by extension 'colcon_meta'
[0.935s] Level 1:colcon.colcon_core.package_identification:_identify(pid_tracking_results/run_20260725_111108) by extensions ['ros']
[0.935s] Level 1:colcon.colcon_core.package_identification:_identify(pid_tracking_results/run_20260725_111108) by extension 'ros'
[0.935s] Level 1:colcon.colcon_core.package_identification:_identify(pid_tracking_results/run_20260725_111108) by extensions ['cmake', 'python']
[0.935s] Level 1:colcon.colcon_core.package_identification:_identify(pid_tracking_results/run_20260725_111108) by extension 'cmake'
[0.935s] Level 1:colcon.colcon_core.package_identification:_identify(pid_tracking_results/run_20260725_111108) by extension 'python'
[0.935s] Level 1:colcon.colcon_core.package_identification:_identify(pid_tracking_results/run_20260725_111108) by extensions ['python_setup_py']
[0.935s] Level 1:colcon.colcon_core.package_identification:_identify(pid_tracking_results/run_20260725_111108) by extension 'python_setup_py'
[0.936s] Level 1:colcon.colcon_core.package_identification:_identify(pid_tracking_results/run_20260725_111357) by extensions ['ignore', 'ignore_ament_install']
[0.936s] Level 1:colcon.colcon_core.package_identification:_identify(pid_tracking_results/run_20260725_111357) by extension 'ignore'
[0.936s] Level 1:colcon.colcon_core.package_identification:_identify(pid_tracking_results/run_20260725_111357) by extension 'ignore_ament_install'
[0.936s] Level 1:colcon.colcon_core.package_identification:_identify(pid_tracking_results/run_20260725_111357) by extensions ['colcon_pkg']
[0.936s] Level 1:colcon.colcon_core.package_identification:_identify(pid_tracking_results/run_20260725_111357) by extension 'colcon_pkg'
[0.937s] Level 1:colcon.colcon_core.package_identification:_identify(pid_tracking_results/run_20260725_111357) by extensions ['colcon_meta']
[0.937s] Level 1:colcon.colcon_core.package_identification:_identify(pid_tracking_results/run_20260725_111357) by extension 'colcon_meta'
[0.937s] Level 1:colcon.colcon_core.package_identification:_identify(pid_tracking_results/run_20260725_111357) by extensions ['ros']
[0.937s] Level 1:colcon.colcon_core.package_identification:_identify(pid_tracking_results/run_20260725_111357) by extension 'ros'
[0.937s] Level 1:colcon.colcon_core.package_identification:_identify(pid_tracking_results/run_20260725_111357) by extensions ['cmake', 'python']
[0.937s] Level 1:colcon.colcon_core.package_identification:_identify(pid_tracking_results/run_20260725_111357) by extension 'cmake'
[0.938s] Level 1:colcon.colcon_core.package_identification:_identify(pid_tracking_results/run_20260725_111357) by extension 'python'
[0.938s] Level 1:colcon.colcon_core.package_identification:_identify(pid_tracking_results/run_20260725_111357) by extensions ['python_setup_py']
[0.938s] Level 1:colcon.colcon_core.package_identification:_identify(pid_tracking_results/run_20260725_111357) by extension 'python_setup_py'
[0.938s] Level 1:colcon.colcon_core.package_identification:_identify(pid_tracking_results/run_20260725_111656) by extensions ['ignore', 'ignore_ament_install']
[0.938s] Level 1:colcon.colcon_core.package_identification:_identify(pid_tracking_results/run_20260725_111656) by extension 'ignore'
[0.939s] Level 1:colcon.colcon_core.package_identification:_identify(pid_tracking_results/run_20260725_111656) by extension 'ignore_ament_install'
[0.939s] Level 1:colcon.colcon_core.package_identification:_identify(pid_tracking_results/run_20260725_111656) by extensions ['colcon_pkg']
[0.939s] Level 1:colcon.colcon_core.package_identification:_identify(pid_tracking_results/run_20260725_111656) by extension 'colcon_pkg'
[0.939s] Level 1:colcon.colcon_core.package_identification:_identify(pid_tracking_results/run_20260725_111656) by extensions ['colcon_meta']
[0.939s] Level 1:colcon.colcon_core.package_identification:_identify(pid_tracking_results/run_20260725_111656) by extension 'colcon_meta'
[0.939s] Level 1:colcon.colcon_core.package_identification:_identify(pid_tracking_results/run_20260725_111656) by extensions ['ros']
[0.939s] Level 1:colcon.colcon_core.package_identification:_identify(pid_tracking_results/run_20260725_111656) by extension 'ros'
[0.940s] Level 1:colcon.colcon_core.package_identification:_identify(pid_tracking_results/run_20260725_111656) by extensions ['cmake', 'python']
[0.940s] Level 1:colcon.colcon_core.package_identification:_identify(pid_tracking_results/run_20260725_111656) by extension 'cmake'
[0.940s] Level 1:colcon.colcon_core.package_identification:_identify(pid_tracking_results/run_20260725_111656) by extension 'python'
[0.940s] Level 1:colcon.colcon_core.package_identification:_identify(pid_tracking_results/run_20260725_111656) by extensions ['python_setup_py']
[0.940s] Level 1:colcon.colcon_core.package_identification:_identify(pid_tracking_results/run_20260725_111656) by extension 'python_setup_py'
[0.940s] Level 1:colcon.colcon_core.package_identification:_identify(pid_tracking_results/run_20260725_111708) by extensions ['ignore', 'ignore_ament_install']
[0.941s] Level 1:colcon.colcon_core.package_identification:_identify(pid_tracking_results/run_20260725_111708) by extension 'ignore'
[0.941s] Level 1:colcon.colcon_core.package_identification:_identify(pid_tracking_results/run_20260725_111708) by extension 'ignore_ament_install'
[0.941s] Level 1:colcon.colcon_core.package_identification:_identify(pid_tracking_results/run_20260725_111708) by extensions ['colcon_pkg']
[0.941s] Level 1:colcon.colcon_core.package_identification:_identify(pid_tracking_results/run_20260725_111708) by extension 'colcon_pkg'
[0.941s] Level 1:colcon.colcon_core.package_identification:_identify(pid_tracking_results/run_20260725_111708) by extensions ['colcon_meta']
[0.941s] Level 1:colcon.colcon_core.package_identification:_identify(pid_tracking_results/run_20260725_111708) by extension 'colcon_meta'
[0.942s] Level 1:colcon.colcon_core.package_identification:_identify(pid_tracking_results/run_20260725_111708) by extensions ['ros']
[0.942s] Level 1:colcon.colcon_core.package_identification:_identify(pid_tracking_results/run_20260725_111708) by extension 'ros'
[0.942s] Level 1:colcon.colcon_core.package_identification:_identify(pid_tracking_results/run_20260725_111708) by extensions ['cmake', 'python']
[0.942s] Level 1:colcon.colcon_core.package_identification:_identify(pid_tracking_results/run_20260725_111708) by extension 'cmake'
[0.942s] Level 1:colcon.colcon_core.package_identification:_identify(pid_tracking_results/run_20260725_111708) by extension 'python'
[0.942s] Level 1:colcon.colcon_core.package_identification:_identify(pid_tracking_results/run_20260725_111708) by extensions ['python_setup_py']
[0.942s] Level 1:colcon.colcon_core.package_identification:_identify(pid_tracking_results/run_20260725_111708) by extension 'python_setup_py'
[0.943s] Level 1:colcon.colcon_core.package_identification:_identify(pid_tracking_results/run_20260725_112255) by extensions ['ignore', 'ignore_ament_install']
[0.943s] Level 1:colcon.colcon_core.package_identification:_identify(pid_tracking_results/run_20260725_112255) by extension 'ignore'
[0.943s] Level 1:colcon.colcon_core.package_identification:_identify(pid_tracking_results/run_20260725_112255) by extension 'ignore_ament_install'
[0.944s] Level 1:colcon.colcon_core.package_identification:_identify(pid_tracking_results/run_20260725_112255) by extensions ['colcon_pkg']
[0.944s] Level 1:colcon.colcon_core.package_identification:_identify(pid_tracking_results/run_20260725_112255) by extension 'colcon_pkg'
[0.944s] Level 1:colcon.colcon_core.package_identification:_identify(pid_tracking_results/run_20260725_112255) by extensions ['colcon_meta']
[0.944s] Level 1:colcon.colcon_core.package_identification:_identify(pid_tracking_results/run_20260725_112255) by extension 'colcon_meta'
[0.944s] Level 1:colcon.colcon_core.package_identification:_identify(pid_tracking_results/run_20260725_112255) by extensions ['ros']
[0.944s] Level 1:colcon.colcon_core.package_identification:_identify(pid_tracking_results/run_20260725_112255) by extension 'ros'
[0.944s] Level 1:colcon.colcon_core.package_identification:_identify(pid_tracking_results/run_20260725_112255) by extensions ['cmake', 'python']
[0.945s] Level 1:colcon.colcon_core.package_identification:_identify(pid_tracking_results/run_20260725_112255) by extension 'cmake'
[0.945s] Level 1:colcon.colcon_core.package_identification:_identify(pid_tracking_results/run_20260725_112255) by extension 'python'
[0.945s] Level 1:colcon.colcon_core.package_identification:_identify(pid_tracking_results/run_20260725_112255) by extensions ['python_setup_py']
[0.945s] Level 1:colcon.colcon_core.package_identification:_identify(pid_tracking_results/run_20260725_112255) by extension 'python_setup_py'
[0.945s] Level 1:colcon.colcon_core.package_identification:_identify(pid_tracking_results/run_20260725_201102) by extensions ['ignore', 'ignore_ament_install']
[0.946s] Level 1:colcon.colcon_core.package_identification:_identify(pid_tracking_results/run_20260725_201102) by extension 'ignore'
[0.946s] Level 1:colcon.colcon_core.package_identification:_identify(pid_tracking_results/run_20260725_201102) by extension 'ignore_ament_install'
[0.946s] Level 1:colcon.colcon_core.package_identification:_identify(pid_tracking_results/run_20260725_201102) by extensions ['colcon_pkg']
[0.946s] Level 1:colcon.colcon_core.package_identification:_identify(pid_tracking_results/run_20260725_201102) by extension 'colcon_pkg'
[0.946s] Level 1:colcon.colcon_core.package_identification:_identify(pid_tracking_results/run_20260725_201102) by extensions ['colcon_meta']
[0.946s] Level 1:colcon.colcon_core.package_identification:_identify(pid_tracking_results/run_20260725_201102) by extension 'colcon_meta'
[0.946s] Level 1:colcon.colcon_core.package_identification:_identify(pid_tracking_results/run_20260725_201102) by extensions ['ros']
[0.947s] Level 1:colcon.colcon_core.package_identification:_identify(pid_tracking_results/run_20260725_201102) by extension 'ros'
[0.947s] Level 1:colcon.colcon_core.package_identification:_identify(pid_tracking_results/run_20260725_201102) by extensions ['cmake', 'python']
[0.947s] Level 1:colcon.colcon_core.package_identification:_identify(pid_tracking_results/run_20260725_201102) by extension 'cmake'
[0.947s] Level 1:colcon.colcon_core.package_identification:_identify(pid_tracking_results/run_20260725_201102) by extension 'python'
[0.947s] Level 1:colcon.colcon_core.package_identification:_identify(pid_tracking_results/run_20260725_201102) by extensions ['python_setup_py']
[0.947s] Level 1:colcon.colcon_core.package_identification:_identify(pid_tracking_results/run_20260725_201102) by extension 'python_setup_py'
[0.948s] Level 1:colcon.colcon_core.package_identification:_identify(pid_tracking_results/run_20260725_201401) by extensions ['ignore', 'ignore_ament_install']
[0.948s] Level 1:colcon.colcon_core.package_identification:_identify(pid_tracking_results/run_20260725_201401) by extension 'ignore'
[0.948s] Level 1:colcon.colcon_core.package_identification:_identify(pid_tracking_results/run_20260725_201401) by extension 'ignore_ament_install'
[0.948s] Level 1:colcon.colcon_core.package_identification:_identify(pid_tracking_results/run_20260725_201401) by extensions ['colcon_pkg']
[0.948s] Level 1:colcon.colcon_core.package_identification:_identify(pid_tracking_results/run_20260725_201401) by extension 'colcon_pkg'
[0.949s] Level 1:colcon.colcon_core.package_identification:_identify(pid_tracking_results/run_20260725_201401) by extensions ['colcon_meta']
[0.949s] Level 1:colcon.colcon_core.package_identification:_identify(pid_tracking_results/run_20260725_201401) by extension 'colcon_meta'
[0.949s] Level 1:colcon.colcon_core.package_identification:_identify(pid_tracking_results/run_20260725_201401) by extensions ['ros']
[0.949s] Level 1:colcon.colcon_core.package_identification:_identify(pid_tracking_results/run_20260725_201401) by extension 'ros'
[0.949s] Level 1:colcon.colcon_core.package_identification:_identify(pid_tracking_results/run_20260725_201401) by extensions ['cmake', 'python']
[0.949s] Level 1:colcon.colcon_core.package_identification:_identify(pid_tracking_results/run_20260725_201401) by extension 'cmake'
[0.949s] Level 1:colcon.colcon_core.package_identification:_identify(pid_tracking_results/run_20260725_201401) by extension 'python'
[0.950s] Level 1:colcon.colcon_core.package_identification:_identify(pid_tracking_results/run_20260725_201401) by extensions ['python_setup_py']
[0.950s] Level 1:colcon.colcon_core.package_identification:_identify(pid_tracking_results/run_20260725_201401) by extension 'python_setup_py'
[0.950s] Level 1:colcon.colcon_core.package_identification:_identify(pid_tracking_results/run_20260725_201800) by extensions ['ignore', 'ignore_ament_install']
[0.950s] Level 1:colcon.colcon_core.package_identification:_identify(pid_tracking_results/run_20260725_201800) by extension 'ignore'
[0.950s] Level 1:colcon.colcon_core.package_identification:_identify(pid_tracking_results/run_20260725_201800) by extension 'ignore_ament_install'
[0.951s] Level 1:colcon.colcon_core.package_identification:_identify(pid_tracking_results/run_20260725_201800) by extensions ['colcon_pkg']
[0.951s] Level 1:colcon.colcon_core.package_identification:_identify(pid_tracking_results/run_20260725_201800) by extension 'colcon_pkg'
[0.951s] Level 1:colcon.colcon_core.package_identification:_identify(pid_tracking_results/run_20260725_201800) by extensions ['colcon_meta']
[0.951s] Level 1:colcon.colcon_core.package_identification:_identify(pid_tracking_results/run_20260725_201800) by extension 'colcon_meta'
[0.951s] Level 1:colcon.colcon_core.package_identification:_identify(pid_tracking_results/run_20260725_201800) by extensions ['ros']
[0.951s] Level 1:colcon.colcon_core.package_identification:_identify(pid_tracking_results/run_20260725_201800) by extension 'ros'
[0.951s] Level 1:colcon.colcon_core.package_identification:_identify(pid_tracking_results/run_20260725_201800) by extensions ['cmake', 'python']
[0.952s] Level 1:colcon.colcon_core.package_identification:_identify(pid_tracking_results/run_20260725_201800) by extension 'cmake'
[0.952s] Level 1:colcon.colcon_core.package_identification:_identify(pid_tracking_results/run_20260725_201800) by extension 'python'
[0.952s] Level 1:colcon.colcon_core.package_identification:_identify(pid_tracking_results/run_20260725_201800) by extensions ['python_setup_py']
[0.952s] Level 1:colcon.colcon_core.package_identification:_identify(pid_tracking_results/run_20260725_201800) by extension 'python_setup_py'
[0.952s] Level 1:colcon.colcon_core.package_identification:_identify(pid_tracking_results/run_20260726_183417) by extensions ['ignore', 'ignore_ament_install']
[0.953s] Level 1:colcon.colcon_core.package_identification:_identify(pid_tracking_results/run_20260726_183417) by extension 'ignore'
[0.953s] Level 1:colcon.colcon_core.package_identification:_identify(pid_tracking_results/run_20260726_183417) by extension 'ignore_ament_install'
[0.953s] Level 1:colcon.colcon_core.package_identification:_identify(pid_tracking_results/run_20260726_183417) by extensions ['colcon_pkg']
[0.953s] Level 1:colcon.colcon_core.package_identification:_identify(pid_tracking_results/run_20260726_183417) by extension 'colcon_pkg'
[0.953s] Level 1:colcon.colcon_core.package_identification:_identify(pid_tracking_results/run_20260726_183417) by extensions ['colcon_meta']
[0.953s] Level 1:colcon.colcon_core.package_identification:_identify(pid_tracking_results/run_20260726_183417) by extension 'colcon_meta'
[0.953s] Level 1:colcon.colcon_core.package_identification:_identify(pid_tracking_results/run_20260726_183417) by extensions ['ros']
[0.954s] Level 1:colcon.colcon_core.package_identification:_identify(pid_tracking_results/run_20260726_183417) by extension 'ros'
[0.954s] Level 1:colcon.colcon_core.package_identification:_identify(pid_tracking_results/run_20260726_183417) by extensions ['cmake', 'python']
[0.954s] Level 1:colcon.colcon_core.package_identification:_identify(pid_tracking_results/run_20260726_183417) by extension 'cmake'
[0.954s] Level 1:colcon.colcon_core.package_identification:_identify(pid_tracking_results/run_20260726_183417) by extension 'python'
[0.954s] Level 1:colcon.colcon_core.package_identification:_identify(pid_tracking_results/run_20260726_183417) by extensions ['python_setup_py']
[0.954s] Level 1:colcon.colcon_core.package_identification:_identify(pid_tracking_results/run_20260726_183417) by extension 'python_setup_py'
[0.955s] Level 1:colcon.colcon_core.package_identification:_identify(pid_tracking_results/run_20260726_183651) by extensions ['ignore', 'ignore_ament_install']
[0.955s] Level 1:colcon.colcon_core.package_identification:_identify(pid_tracking_results/run_20260726_183651) by extension 'ignore'
[0.955s] Level 1:colcon.colcon_core.package_identification:_identify(pid_tracking_results/run_20260726_183651) by extension 'ignore_ament_install'
[0.955s] Level 1:colcon.colcon_core.package_identification:_identify(pid_tracking_results/run_20260726_183651) by extensions ['colcon_pkg']
[0.955s] Level 1:colcon.colcon_core.package_identification:_identify(pid_tracking_results/run_20260726_183651) by extension 'colcon_pkg'
[0.956s] Level 1:colcon.colcon_core.package_identification:_identify(pid_tracking_results/run_20260726_183651) by extensions ['colcon_meta']
[0.956s] Level 1:colcon.colcon_core.package_identification:_identify(pid_tracking_results/run_20260726_183651) by extension 'colcon_meta'
[0.956s] Level 1:colcon.colcon_core.package_identification:_identify(pid_tracking_results/run_20260726_183651) by extensions ['ros']
[0.956s] Level 1:colcon.colcon_core.package_identification:_identify(pid_tracking_results/run_20260726_183651) by extension 'ros'
[0.956s] Level 1:colcon.colcon_core.package_identification:_identify(pid_tracking_results/run_20260726_183651) by extensions ['cmake', 'python']
[0.956s] Level 1:colcon.colcon_core.package_identification:_identify(pid_tracking_results/run_20260726_183651) by extension 'cmake'
[0.956s] Level 1:colcon.colcon_core.package_identification:_identify(pid_tracking_results/run_20260726_183651) by extension 'python'
[0.957s] Level 1:colcon.colcon_core.package_identification:_identify(pid_tracking_results/run_20260726_183651) by extensions ['python_setup_py']
[0.957s] Level 1:colcon.colcon_core.package_identification:_identify(pid_tracking_results/run_20260726_183651) by extension 'python_setup_py'
[0.957s] Level 1:colcon.colcon_core.package_identification:_identify(pid_tracking_results/run_20260726_183824) by extensions ['ignore', 'ignore_ament_install']
[0.957s] Level 1:colcon.colcon_core.package_identification:_identify(pid_tracking_results/run_20260726_183824) by extension 'ignore'
[0.957s] Level 1:colcon.colcon_core.package_identification:_identify(pid_tracking_results/run_20260726_183824) by extension 'ignore_ament_install'
[0.958s] Level 1:colcon.colcon_core.package_identification:_identify(pid_tracking_results/run_20260726_183824) by extensions ['colcon_pkg']
[0.958s] Level 1:colcon.colcon_core.package_identification:_identify(pid_tracking_results/run_20260726_183824) by extension 'colcon_pkg'
[0.958s] Level 1:colcon.colcon_core.package_identification:_identify(pid_tracking_results/run_20260726_183824) by extensions ['colcon_meta']
[0.958s] Level 1:colcon.colcon_core.package_identification:_identify(pid_tracking_results/run_20260726_183824) by extension 'colcon_meta'
[0.958s] Level 1:colcon.colcon_core.package_identification:_identify(pid_tracking_results/run_20260726_183824) by extensions ['ros']
[0.958s] Level 1:colcon.colcon_core.package_identification:_identify(pid_tracking_results/run_20260726_183824) by extension 'ros'
[0.958s] Level 1:colcon.colcon_core.package_identification:_identify(pid_tracking_results/run_20260726_183824) by extensions ['cmake', 'python']
[0.959s] Level 1:colcon.colcon_core.package_identification:_identify(pid_tracking_results/run_20260726_183824) by extension 'cmake'
[0.959s] Level 1:colcon.colcon_core.package_identification:_identify(pid_tracking_results/run_20260726_183824) by extension 'python'
[0.959s] Level 1:colcon.colcon_core.package_identification:_identify(pid_tracking_results/run_20260726_183824) by extensions ['python_setup_py']
[0.959s] Level 1:colcon.colcon_core.package_identification:_identify(pid_tracking_results/run_20260726_183824) by extension 'python_setup_py'
[0.959s] Level 1:colcon.colcon_core.package_identification:_identify(src) by extensions ['ignore', 'ignore_ament_install']
[0.960s] Level 1:colcon.colcon_core.package_identification:_identify(src) by extension 'ignore'
[0.960s] Level 1:colcon.colcon_core.package_identification:_identify(src) by extension 'ignore_ament_install'
[0.960s] Level 1:colcon.colcon_core.package_identification:_identify(src) by extensions ['colcon_pkg']
[0.960s] Level 1:colcon.colcon_core.package_identification:_identify(src) by extension 'colcon_pkg'
[0.960s] Level 1:colcon.colcon_core.package_identification:_identify(src) by extensions ['colcon_meta']
[0.960s] Level 1:colcon.colcon_core.package_identification:_identify(src) by extension 'colcon_meta'
[0.960s] Level 1:colcon.colcon_core.package_identification:_identify(src) by extensions ['ros']
[0.961s] Level 1:colcon.colcon_core.package_identification:_identify(src) by extension 'ros'
[0.961s] Level 1:colcon.colcon_core.package_identification:_identify(src) by extensions ['cmake', 'python']
[0.961s] Level 1:colcon.colcon_core.package_identification:_identify(src) by extension 'cmake'
[0.961s] Level 1:colcon.colcon_core.package_identification:_identify(src) by extension 'python'
[0.961s] Level 1:colcon.colcon_core.package_identification:_identify(src) by extensions ['python_setup_py']
[0.961s] Level 1:colcon.colcon_core.package_identification:_identify(src) by extension 'python_setup_py'
[0.962s] Level 1:colcon.colcon_core.package_identification:_identify(src/FAST_LIO) by extensions ['ignore', 'ignore_ament_install']
[0.962s] Level 1:colcon.colcon_core.package_identification:_identify(src/FAST_LIO) by extension 'ignore'
[0.962s] Level 1:colcon.colcon_core.package_identification:_identify(src/FAST_LIO) by extension 'ignore_ament_install'
[0.962s] Level 1:colcon.colcon_core.package_identification:_identify(src/FAST_LIO) by extensions ['colcon_pkg']
[0.962s] Level 1:colcon.colcon_core.package_identification:_identify(src/FAST_LIO) by extension 'colcon_pkg'
[0.962s] Level 1:colcon.colcon_core.package_identification:_identify(src/FAST_LIO) by extensions ['colcon_meta']
[0.962s] Level 1:colcon.colcon_core.package_identification:_identify(src/FAST_LIO) by extension 'colcon_meta'
[0.963s] Level 1:colcon.colcon_core.package_identification:_identify(src/FAST_LIO) by extensions ['ros']
[0.963s] Level 1:colcon.colcon_core.package_identification:_identify(src/FAST_LIO) by extension 'ros'
[0.970s] DEBUG:colcon.colcon_core.package_identification:Package 'src/FAST_LIO' with type 'ros.ament_cmake' and name 'fast_lio'
[0.971s] Level 1:colcon.colcon_core.package_identification:_identify(src/centerline_extraction) by extensions ['ignore', 'ignore_ament_install']
[0.971s] Level 1:colcon.colcon_core.package_identification:_identify(src/centerline_extraction) by extension 'ignore'
[0.972s] Level 1:colcon.colcon_core.package_identification:_identify(src/centerline_extraction) by extension 'ignore_ament_install'
[0.972s] Level 1:colcon.colcon_core.package_identification:_identify(src/centerline_extraction) by extensions ['colcon_pkg']
[0.972s] Level 1:colcon.colcon_core.package_identification:_identify(src/centerline_extraction) by extension 'colcon_pkg'
[0.972s] Level 1:colcon.colcon_core.package_identification:_identify(src/centerline_extraction) by extensions ['colcon_meta']
[0.972s] Level 1:colcon.colcon_core.package_identification:_identify(src/centerline_extraction) by extension 'colcon_meta'
[0.973s] Level 1:colcon.colcon_core.package_identification:_identify(src/centerline_extraction) by extensions ['ros']
[0.973s] Level 1:colcon.colcon_core.package_identification:_identify(src/centerline_extraction) by extension 'ros'
[0.980s] DEBUG:colcon.colcon_core.package_identification:Package 'src/centerline_extraction' with type 'ros.ament_cmake' and name 'centerline_extraction'
[0.980s] Level 1:colcon.colcon_core.package_identification:_identify(src/serial_ros2) by extensions ['ignore', 'ignore_ament_install']
[0.981s] Level 1:colcon.colcon_core.package_identification:_identify(src/serial_ros2) by extension 'ignore'
[0.981s] Level 1:colcon.colcon_core.package_identification:_identify(src/serial_ros2) by extension 'ignore_ament_install'
[0.981s] Level 1:colcon.colcon_core.package_identification:_identify(src/serial_ros2) by extensions ['colcon_pkg']
[0.981s] Level 1:colcon.colcon_core.package_identification:_identify(src/serial_ros2) by extension 'colcon_pkg'
[0.981s] Level 1:colcon.colcon_core.package_identification:_identify(src/serial_ros2) by extensions ['colcon_meta']
[0.982s] Level 1:colcon.colcon_core.package_identification:_identify(src/serial_ros2) by extension 'colcon_meta'
[0.982s] Level 1:colcon.colcon_core.package_identification:_identify(src/serial_ros2) by extensions ['ros']
[0.982s] Level 1:colcon.colcon_core.package_identification:_identify(src/serial_ros2) by extension 'ros'
[0.984s] DEBUG:colcon.colcon_core.package_identification:Package 'src/serial_ros2' with type 'ros.ament_cmake' and name 'serial'
[0.984s] Level 1:colcon.colcon_core.package_identification:_identify(src/turn_on_32chassis) by extensions ['ignore', 'ignore_ament_install']
[0.984s] Level 1:colcon.colcon_core.package_identification:_identify(src/turn_on_32chassis) by extension 'ignore'
[0.985s] Level 1:colcon.colcon_core.package_identification:_identify(src/turn_on_32chassis) by extension 'ignore_ament_install'
[0.985s] Level 1:colcon.colcon_core.package_identification:_identify(src/turn_on_32chassis) by extensions ['colcon_pkg']
[0.985s] Level 1:colcon.colcon_core.package_identification:_identify(src/turn_on_32chassis) by extension 'colcon_pkg'
[0.985s] Level 1:colcon.colcon_core.package_identification:_identify(src/turn_on_32chassis) by extensions ['colcon_meta']
[0.985s] Level 1:colcon.colcon_core.package_identification:_identify(src/turn_on_32chassis) by extension 'colcon_meta'
[0.985s] Level 1:colcon.colcon_core.package_identification:_identify(src/turn_on_32chassis) by extensions ['ros']
[0.985s] Level 1:colcon.colcon_core.package_identification:_identify(src/turn_on_32chassis) by extension 'ros'
[0.988s] DEBUG:colcon.colcon_core.package_identification:Package 'src/turn_on_32chassis' with type 'ros.ament_cmake' and name 'turn_on_32chassis'
[0.989s] Level 1:colcon.colcon_core.package_identification:_identify(src/turn_on_agribot) by extensions ['ignore', 'ignore_ament_install']
[0.989s] Level 1:colcon.colcon_core.package_identification:_identify(src/turn_on_agribot) by extension 'ignore'
[0.989s] Level 1:colcon.colcon_core.package_identification:_identify(src/turn_on_agribot) by extension 'ignore_ament_install'
[0.990s] Level 1:colcon.colcon_core.package_identification:_identify(src/turn_on_agribot) by extensions ['colcon_pkg']
[0.990s] Level 1:colcon.colcon_core.package_identification:_identify(src/turn_on_agribot) by extension 'colcon_pkg'
[0.990s] Level 1:colcon.colcon_core.package_identification:_identify(src/turn_on_agribot) by extensions ['colcon_meta']
[0.990s] Level 1:colcon.colcon_core.package_identification:_identify(src/turn_on_agribot) by extension 'colcon_meta'
[0.990s] Level 1:colcon.colcon_core.package_identification:_identify(src/turn_on_agribot) by extensions ['ros']
[0.990s] Level 1:colcon.colcon_core.package_identification:_identify(src/turn_on_agribot) by extension 'ros'
[0.992s] DEBUG:colcon.colcon_core.package_identification:Package 'src/turn_on_agribot' with type 'ros.ament_cmake' and name 'turn_on_agribot'
[0.992s] Level 1:colcon.colcon_core.package_identification:_identify(src/yesense_ros2) by extensions ['ignore', 'ignore_ament_install']
[0.993s] Level 1:colcon.colcon_core.package_identification:_identify(src/yesense_ros2) by extension 'ignore'
[0.993s] Level 1:colcon.colcon_core.package_identification:_identify(src/yesense_ros2) by extension 'ignore_ament_install'
[0.993s] Level 1:colcon.colcon_core.package_identification:_identify(src/yesense_ros2) by extensions ['colcon_pkg']
[0.993s] Level 1:colcon.colcon_core.package_identification:_identify(src/yesense_ros2) by extension 'colcon_pkg'
[0.993s] Level 1:colcon.colcon_core.package_identification:_identify(src/yesense_ros2) by extensions ['colcon_meta']
[0.993s] Level 1:colcon.colcon_core.package_identification:_identify(src/yesense_ros2) by extension 'colcon_meta'
[0.994s] Level 1:colcon.colcon_core.package_identification:_identify(src/yesense_ros2) by extensions ['ros']
[0.994s] Level 1:colcon.colcon_core.package_identification:_identify(src/yesense_ros2) by extension 'ros'
[0.994s] Level 1:colcon.colcon_core.package_identification:_identify(src/yesense_ros2) by extensions ['cmake', 'python']
[0.994s] Level 1:colcon.colcon_core.package_identification:_identify(src/yesense_ros2) by extension 'cmake'
[0.994s] Level 1:colcon.colcon_core.package_identification:_identify(src/yesense_ros2) by extension 'python'
[0.994s] Level 1:colcon.colcon_core.package_identification:_identify(src/yesense_ros2) by extensions ['python_setup_py']
[0.994s] Level 1:colcon.colcon_core.package_identification:_identify(src/yesense_ros2) by extension 'python_setup_py'
[0.995s] Level 1:colcon.colcon_core.package_identification:_identify(src/yesense_ros2/yesense_interface) by extensions ['ignore', 'ignore_ament_install']
[0.995s] Level 1:colcon.colcon_core.package_identification:_identify(src/yesense_ros2/yesense_interface) by extension 'ignore'
[0.995s] Level 1:colcon.colcon_core.package_identification:_identify(src/yesense_ros2/yesense_interface) by extension 'ignore_ament_install'
[0.995s] Level 1:colcon.colcon_core.package_identification:_identify(src/yesense_ros2/yesense_interface) by extensions ['colcon_pkg']
[0.995s] Level 1:colcon.colcon_core.package_identification:_identify(src/yesense_ros2/yesense_interface) by extension 'colcon_pkg'
[0.996s] Level 1:colcon.colcon_core.package_identification:_identify(src/yesense_ros2/yesense_interface) by extensions ['colcon_meta']
[0.996s] Level 1:colcon.colcon_core.package_identification:_identify(src/yesense_ros2/yesense_interface) by extension 'colcon_meta'
[0.996s] Level 1:colcon.colcon_core.package_identification:_identify(src/yesense_ros2/yesense_interface) by extensions ['ros']
[0.996s] Level 1:colcon.colcon_core.package_identification:_identify(src/yesense_ros2/yesense_interface) by extension 'ros'
[0.998s] DEBUG:colcon.colcon_core.package_identification:Package 'src/yesense_ros2/yesense_interface' with type 'ros.ament_cmake' and name 'yesense_interface'
[0.998s] Level 1:colcon.colcon_core.package_identification:_identify(src/yesense_ros2/yesense_std_ros2) by extensions ['ignore', 'ignore_ament_install']
[0.998s] Level 1:colcon.colcon_core.package_identification:_identify(src/yesense_ros2/yesense_std_ros2) by extension 'ignore'
[0.999s] Level 1:colcon.colcon_core.package_identification:_identify(src/yesense_ros2/yesense_std_ros2) by extension 'ignore_ament_install'
[0.999s] Level 1:colcon.colcon_core.package_identification:_identify(src/yesense_ros2/yesense_std_ros2) by extensions ['colcon_pkg']
[0.999s] Level 1:colcon.colcon_core.package_identification:_identify(src/yesense_ros2/yesense_std_ros2) by extension 'colcon_pkg'
[0.999s] Level 1:colcon.colcon_core.package_identification:_identify(src/yesense_ros2/yesense_std_ros2) by extensions ['colcon_meta']
[0.999s] Level 1:colcon.colcon_core.package_identification:_identify(src/yesense_ros2/yesense_std_ros2) by extension 'colcon_meta'
[0.999s] Level 1:colcon.colcon_core.package_identification:_identify(src/yesense_ros2/yesense_std_ros2) by extensions ['ros']
[0.999s] Level 1:colcon.colcon_core.package_identification:_identify(src/yesense_ros2/yesense_std_ros2) by extension 'ros'
[1.036s] DEBUG:colcon.colcon_core.package_identification:Package 'src/yesense_ros2/yesense_std_ros2' with type 'ros.ament_cmake' and name 'yesense_std_ros2'
[1.037s] Level 1:colcon.colcon_core.package_identification:_identify(tools) by extensions ['ignore', 'ignore_ament_install']
[1.037s] Level 1:colcon.colcon_core.package_identification:_identify(tools) by extension 'ignore'
[1.037s] Level 1:colcon.colcon_core.package_identification:_identify(tools) by extension 'ignore_ament_install'
[1.038s] Level 1:colcon.colcon_core.package_identification:_identify(tools) by extensions ['colcon_pkg']
[1.038s] Level 1:colcon.colcon_core.package_identification:_identify(tools) by extension 'colcon_pkg'
[1.038s] Level 1:colcon.colcon_core.package_identification:_identify(tools) by extensions ['colcon_meta']
[1.038s] Level 1:colcon.colcon_core.package_identification:_identify(tools) by extension 'colcon_meta'
[1.038s] Level 1:colcon.colcon_core.package_identification:_identify(tools) by extensions ['ros']
[1.038s] Level 1:colcon.colcon_core.package_identification:_identify(tools) by extension 'ros'
[1.039s] Level 1:colcon.colcon_core.package_identification:_identify(tools) by extensions ['cmake', 'python']
[1.039s] Level 1:colcon.colcon_core.package_identification:_identify(tools) by extension 'cmake'
[1.039s] Level 1:colcon.colcon_core.package_identification:_identify(tools) by extension 'python'
[1.039s] Level 1:colcon.colcon_core.package_identification:_identify(tools) by extensions ['python_setup_py']
[1.039s] Level 1:colcon.colcon_core.package_identification:_identify(tools) by extension 'python_setup_py'
[1.039s] Level 1:colcon.colcon_core.package_discovery:discover_packages(recursive) using defaults
[1.039s] Level 1:colcon.colcon_core.package_discovery:discover_packages(ignore) discover
[1.040s] Level 1:colcon.colcon_core.package_discovery:discover_packages(ignore) using defaults
[1.040s] Level 1:colcon.colcon_core.package_discovery:discover_packages(path) discover
[1.040s] Level 1:colcon.colcon_core.package_discovery:discover_packages(path) using defaults
[1.100s] INFO:colcon.colcon_core.package_selection:Skipping not selected package 'fast_lio' in 'src/FAST_LIO'
[1.101s] INFO:colcon.colcon_core.package_selection:Skipping not selected package 'serial' in 'src/serial_ros2'
[1.101s] INFO:colcon.colcon_core.package_selection:Skipping not selected package 'yesense_interface' in 'src/yesense_ros2/yesense_interface'
[1.101s] INFO:colcon.colcon_core.package_selection:Skipping not selected package 'yesense_std_ros2' in 'src/yesense_ros2/yesense_std_ros2'
[1.101s] INFO:colcon.colcon_core.package_selection:Skipping not selected package 'turn_on_32chassis' in 'src/turn_on_32chassis'
[1.101s] INFO:colcon.colcon_core.package_selection:Skipping not selected package 'turn_on_agribot' in 'src/turn_on_agribot'
[1.102s] Level 1:colcon.colcon_core.package_discovery:discover_packages(prefix_path) check parameters
[1.103s] Level 1:colcon.colcon_core.package_discovery:discover_packages(prefix_path) discover
[1.117s] DEBUG:colcon.colcon_installed_package_information.package_discovery:Found 7 installed packages in /home/wheeltec/agribot/agribot_ws/install
[1.118s] DEBUG:colcon.colcon_installed_package_information.package_discovery:Found 2 installed packages in /home/wheeltec/ws_livox/install
[1.124s] DEBUG:colcon.colcon_installed_package_information.package_discovery:Found 92 installed packages in /home/wheeltec/wheeltec_ros2/install
[1.129s] DEBUG:colcon.colcon_installed_package_information.package_discovery:Found 365 installed packages in /opt/ros/humble
[1.137s] Level 1:colcon.colcon_core.package_discovery:discover_packages(prefix_path) using defaults
[1.263s] Level 5:colcon.colcon_core.verb:set package 'centerline_extraction' build argument 'cmake_args' from command line to 'None'
[1.264s] Level 5:colcon.colcon_core.verb:set package 'centerline_extraction' build argument 'cmake_target' from command line to 'None'
[1.264s] Level 5:colcon.colcon_core.verb:set package 'centerline_extraction' build argument 'cmake_target_skip_unavailable' from command line to 'False'
[1.264s] Level 5:colcon.colcon_core.verb:set package 'centerline_extraction' build argument 'cmake_clean_cache' from command line to 'False'
[1.264s] Level 5:colcon.colcon_core.verb:set package 'centerline_extraction' build argument 'cmake_clean_first' from command line to 'False'
[1.264s] Level 5:colcon.colcon_core.verb:set package 'centerline_extraction' build argument 'cmake_force_configure' from command line to 'False'
[1.264s] Level 5:colcon.colcon_core.verb:set package 'centerline_extraction' build argument 'ament_cmake_args' from command line to 'None'
[1.264s] Level 5:colcon.colcon_core.verb:set package 'centerline_extraction' build argument 'catkin_cmake_args' from command line to 'None'
[1.264s] Level 5:colcon.colcon_core.verb:set package 'centerline_extraction' build argument 'catkin_skip_building_tests' from command line to 'False'
[1.264s] DEBUG:colcon.colcon_core.verb:Building package 'centerline_extraction' with the following arguments: {'ament_cmake_args': None, 'build_base': '/home/wheeltec/agribot/agribot_ws/build/centerline_extraction', 'catkin_cmake_args': None, 'catkin_skip_building_tests': False, 'cmake_args': None, 'cmake_clean_cache': False, 'cmake_clean_first': False, 'cmake_force_configure': False, 'cmake_target': None, 'cmake_target_skip_unavailable': False, 'install_base': '/home/wheeltec/agribot/agribot_ws/install/centerline_extraction', 'merge_install': False, 'path': '/home/wheeltec/agribot/agribot_ws/src/centerline_extraction', 'symlink_install': False, 'test_result_base': None}
[1.265s] INFO:colcon.colcon_core.executor:Executing jobs using 'parallel' executor
[1.269s] DEBUG:colcon.colcon_parallel_executor.executor.parallel:run_until_complete
[1.271s] INFO:colcon.colcon_ros.task.ament_cmake.build:Building ROS package in '/home/wheeltec/agribot/agribot_ws/src/centerline_extraction' with build type 'ament_cmake'
[1.272s] INFO:colcon.colcon_cmake.task.cmake.build:Building CMake package in '/home/wheeltec/agribot/agribot_ws/src/centerline_extraction'
[1.283s] INFO:colcon.colcon_core.plugin_system:Skipping extension 'colcon_core.shell.bat': Not used on non-Windows systems
[1.284s] INFO:colcon.colcon_core.shell:Skip shell extension 'powershell' for command environment: Not usable outside of PowerShell
[1.284s] DEBUG:colcon.colcon_core.shell:Skip shell extension 'dsv' for command environment
[1.361s] DEBUG:colcon.colcon_core.event_handler.log_command:Invoking command in '/home/wheeltec/agribot/agribot_ws/build/centerline_extraction': CMAKE_PREFIX_PATH=${CMAKE_PREFIX_PATH}:/home/wheeltec/wheeltec_ros2/install/simple_follower_ros2:/home/wheeltec/wheeltec_ros2/install/wheeltec_robot_keyboard:/home/wheeltec/wheeltec_ros2/install/wheeltec_dual_rtk_driver:/home/wheeltec/wheeltec_ros2/install/ultralytics_ros2:/home/wheeltec/wheeltec_ros2/install/tf2_tools:/home/wheeltec/wheeltec_ros2/install/ollama_ros_chat:/home/wheeltec/wheeltec_ros2/install/nmea_navsat_driver:/home/wheeltec/wheeltec_ros2/install/nav2_waypoint_cycle:/home/wheeltec/wheeltec_ros2/install/nav2_simple_commander:/home/wheeltec/wheeltec_ros2/install/auto_recharge_ros2:/opt/ros/humble LD_LIBRARY_PATH=/home/wheeltec/agribot/agribot_ws/install/yesense_interface/lib:/home/wheeltec/agribot/agribot_ws/install/fast_lio/lib:/usr/lib/aarch64-linux-gnu:/usr/lib/aarch64-linux-gnu:/home/wheeltec/agribot/agribot_ws/install/serial/lib:/home/wheeltec/ws_livox/install/livox_sdk2/lib:/home/wheeltec/ws_livox/install/livox_ros_driver2/lib:/home/wheeltec/wheeltec_ros2/install/yesense_interface/lib:/home/wheeltec/wheeltec_ros2/install/wheeltec_rrt_msg/lib:/home/wheeltec/wheeltec_ros2/install/wheeltec_robot_rrt/lib:/home/wheeltec/wheeltec_ros2/install/turn_on_wheeltec_robot/lib:/home/wheeltec/wheeltec_ros2/install/wheeltec_robot_msg/lib:/home/wheeltec/wheeltec_ros2/install/wheeltec_mic_msg/lib:/home/wheeltec/wheeltec_ros2/install/usb_cam/lib:/home/wheeltec/wheeltec_ros2/install/ublox_gps/lib:/home/wheeltec/wheeltec_ros2/install/ublox_msgs/lib:/home/wheeltec/wheeltec_ros2/install/serial/lib:/home/wheeltec/wheeltec_ros2/install/orb_slam2_ros/lib:/home/wheeltec/wheeltec_ros2/install/openslam_gmapping/lib:/home/wheeltec/wheeltec_ros2/install/ollama_ros_msgs/lib:/home/wheeltec/wheeltec_ros2/install/nmea_msgs/lib:/home/wheeltec/wheeltec_ros2/install/nav2_smoother/lib:/home/wheeltec/wheeltec_ros2/install/nav2_controller/lib:/home/wheeltec/wheeltec_ros2/install/dwb_plugins/lib:/home/wheeltec/wheeltec_ros2/install/dwb_critics/lib:/home/wheeltec/wheeltec_ros2/install/dwb_core/lib:/home/wheeltec/wheeltec_ros2/install/nav_2d_utils/lib:/home/wheeltec/wheeltec_ros2/install/dwb_msgs/lib:/home/wheeltec/wheeltec_ros2/install/nav_2d_msgs/lib:/home/wheeltec/wheeltec_ros2/install/nav2_waypoint_follower/lib:/home/wheeltec/wheeltec_ros2/install/nav2_theta_star_planner/lib:/home/wheeltec/wheeltec_ros2/install/nav2_smac_planner/lib:/home/wheeltec/wheeltec_ros2/install/nav2_rotation_shim_controller/lib:/home/wheeltec/wheeltec_ros2/install/nav2_regulated_pure_pursuit_controller/lib:/home/wheeltec/wheeltec_ros2/install/nav2_planner/lib:/home/wheeltec/wheeltec_ros2/install/nav2_navfn_planner/lib:/home/wheeltec/wheeltec_ros2/install/nav2_constrained_smoother/lib:/home/wheeltec/wheeltec_ros2/install/nav2_bt_navigator/lib:/home/wheeltec/wheeltec_ros2/install/nav2_behaviors/lib:/home/wheeltec/wheeltec_ros2/install/nav2_collision_monitor/lib:/home/wheeltec/wheeltec_ros2/install/costmap_queue/lib:/home/wheeltec/wheeltec_ros2/install/nav2_costmap_2d/lib:/home/wheeltec/wheeltec_ros2/install/nav2_voxel_grid/lib:/home/wheeltec/wheeltec_ros2/install/nav2_velocity_smoother/lib:/home/wheeltec/wheeltec_ros2/install/nav2_rviz_plugins/lib:/home/wheeltec/wheeltec_ros2/install/nav2_map_server/lib:/home/wheeltec/wheeltec_ros2/install/nav2_lifecycle_manager/lib:/home/wheeltec/wheeltec_ros2/install/nav2_behavior_tree/lib:/home/wheeltec/wheeltec_ros2/install/nav2_amcl/lib:/home/wheeltec/wheeltec_ros2/install/nav2_util/lib:/home/wheeltec/wheeltec_ros2/install/nav2_msgs/lib:/home/wheeltec/wheeltec_ros2/install/lslidar_msgs/lib:/home/wheeltec/wheeltec_ros2/install/bodyreader_msg/lib:/home/wheeltec/wheeltec_ros2/install/astra_camera/lib:/home/wheeltec/wheeltec_ros2/install/astra_camera_msgs/lib:/home/wheeltec/wheeltec_ros2/install/aruco_ros/lib:/home/wheeltec/wheeltec_ros2/install/aruco_msgs/lib:/home/wheeltec/wheeltec_ros2/install/aruco/lib:/home/wheeltec/wheeltec_ros2/install/ackermann_msgs/lib:/opt/ros/humble/opt/rviz_ogre_vendor/lib:/opt/ros/humble/lib/aarch64-linux-gnu:/opt/ros/humble/lib /usr/bin/cmake /home/wheeltec/agribot/agribot_ws/src/centerline_extraction -DCMAKE_INSTALL_PREFIX=/home/wheeltec/agribot/agribot_ws/install/centerline_extraction
[8.615s] DEBUG:colcon.colcon_core.event_handler.log_command:Invoked command in '/home/wheeltec/agribot/agribot_ws/build/centerline_extraction' returned '0': CMAKE_PREFIX_PATH=${CMAKE_PREFIX_PATH}:/home/wheeltec/wheeltec_ros2/install/simple_follower_ros2:/home/wheeltec/wheeltec_ros2/install/wheeltec_robot_keyboard:/home/wheeltec/wheeltec_ros2/install/wheeltec_dual_rtk_driver:/home/wheeltec/wheeltec_ros2/install/ultralytics_ros2:/home/wheeltec/wheeltec_ros2/install/tf2_tools:/home/wheeltec/wheeltec_ros2/install/ollama_ros_chat:/home/wheeltec/wheeltec_ros2/install/nmea_navsat_driver:/home/wheeltec/wheeltec_ros2/install/nav2_waypoint_cycle:/home/wheeltec/wheeltec_ros2/install/nav2_simple_commander:/home/wheeltec/wheeltec_ros2/install/auto_recharge_ros2:/opt/ros/humble LD_LIBRARY_PATH=/home/wheeltec/agribot/agribot_ws/install/yesense_interface/lib:/home/wheeltec/agribot/agribot_ws/install/fast_lio/lib:/usr/lib/aarch64-linux-gnu:/usr/lib/aarch64-linux-gnu:/home/wheeltec/agribot/agribot_ws/install/serial/lib:/home/wheeltec/ws_livox/install/livox_sdk2/lib:/home/wheeltec/ws_livox/install/livox_ros_driver2/lib:/home/wheeltec/wheeltec_ros2/install/yesense_interface/lib:/home/wheeltec/wheeltec_ros2/install/wheeltec_rrt_msg/lib:/home/wheeltec/wheeltec_ros2/install/wheeltec_robot_rrt/lib:/home/wheeltec/wheeltec_ros2/install/turn_on_wheeltec_robot/lib:/home/wheeltec/wheeltec_ros2/install/wheeltec_robot_msg/lib:/home/wheeltec/wheeltec_ros2/install/wheeltec_mic_msg/lib:/home/wheeltec/wheeltec_ros2/install/usb_cam/lib:/home/wheeltec/wheeltec_ros2/install/ublox_gps/lib:/home/wheeltec/wheeltec_ros2/install/ublox_msgs/lib:/home/wheeltec/wheeltec_ros2/install/serial/lib:/home/wheeltec/wheeltec_ros2/install/orb_slam2_ros/lib:/home/wheeltec/wheeltec_ros2/install/openslam_gmapping/lib:/home/wheeltec/wheeltec_ros2/install/ollama_ros_msgs/lib:/home/wheeltec/wheeltec_ros2/install/nmea_msgs/lib:/home/wheeltec/wheeltec_ros2/install/nav2_smoother/lib:/home/wheeltec/wheeltec_ros2/install/nav2_controller/lib:/home/wheeltec/wheeltec_ros2/install/dwb_plugins/lib:/home/wheeltec/wheeltec_ros2/install/dwb_critics/lib:/home/wheeltec/wheeltec_ros2/install/dwb_core/lib:/home/wheeltec/wheeltec_ros2/install/nav_2d_utils/lib:/home/wheeltec/wheeltec_ros2/install/dwb_msgs/lib:/home/wheeltec/wheeltec_ros2/install/nav_2d_msgs/lib:/home/wheeltec/wheeltec_ros2/install/nav2_waypoint_follower/lib:/home/wheeltec/wheeltec_ros2/install/nav2_theta_star_planner/lib:/home/wheeltec/wheeltec_ros2/install/nav2_smac_planner/lib:/home/wheeltec/wheeltec_ros2/install/nav2_rotation_shim_controller/lib:/home/wheeltec/wheeltec_ros2/install/nav2_regulated_pure_pursuit_controller/lib:/home/wheeltec/wheeltec_ros2/install/nav2_planner/lib:/home/wheeltec/wheeltec_ros2/install/nav2_navfn_planner/lib:/home/wheeltec/wheeltec_ros2/install/nav2_constrained_smoother/lib:/home/wheeltec/wheeltec_ros2/install/nav2_bt_navigator/lib:/home/wheeltec/wheeltec_ros2/install/nav2_behaviors/lib:/home/wheeltec/wheeltec_ros2/install/nav2_collision_monitor/lib:/home/wheeltec/wheeltec_ros2/install/costmap_queue/lib:/home/wheeltec/wheeltec_ros2/install/nav2_costmap_2d/lib:/home/wheeltec/wheeltec_ros2/install/nav2_voxel_grid/lib:/home/wheeltec/wheeltec_ros2/install/nav2_velocity_smoother/lib:/home/wheeltec/wheeltec_ros2/install/nav2_rviz_plugins/lib:/home/wheeltec/wheeltec_ros2/install/nav2_map_server/lib:/home/wheeltec/wheeltec_ros2/install/nav2_lifecycle_manager/lib:/home/wheeltec/wheeltec_ros2/install/nav2_behavior_tree/lib:/home/wheeltec/wheeltec_ros2/install/nav2_amcl/lib:/home/wheeltec/wheeltec_ros2/install/nav2_util/lib:/home/wheeltec/wheeltec_ros2/install/nav2_msgs/lib:/home/wheeltec/wheeltec_ros2/install/lslidar_msgs/lib:/home/wheeltec/wheeltec_ros2/install/bodyreader_msg/lib:/home/wheeltec/wheeltec_ros2/install/astra_camera/lib:/home/wheeltec/wheeltec_ros2/install/astra_camera_msgs/lib:/home/wheeltec/wheeltec_ros2/install/aruco_ros/lib:/home/wheeltec/wheeltec_ros2/install/aruco_msgs/lib:/home/wheeltec/wheeltec_ros2/install/aruco/lib:/home/wheeltec/wheeltec_ros2/install/ackermann_msgs/lib:/opt/ros/humble/opt/rviz_ogre_vendor/lib:/opt/ros/humble/lib/aarch64-linux-gnu:/opt/ros/humble/lib /usr/bin/cmake /home/wheeltec/agribot/agribot_ws/src/centerline_extraction -DCMAKE_INSTALL_PREFIX=/home/wheeltec/agribot/agribot_ws/install/centerline_extraction
[8.622s] DEBUG:colcon.colcon_core.event_handler.log_command:Invoking command in '/home/wheeltec/agribot/agribot_ws/build/centerline_extraction': CMAKE_PREFIX_PATH=${CMAKE_PREFIX_PATH}:/home/wheeltec/wheeltec_ros2/install/simple_follower_ros2:/home/wheeltec/wheeltec_ros2/install/wheeltec_robot_keyboard:/home/wheeltec/wheeltec_ros2/install/wheeltec_dual_rtk_driver:/home/wheeltec/wheeltec_ros2/install/ultralytics_ros2:/home/wheeltec/wheeltec_ros2/install/tf2_tools:/home/wheeltec/wheeltec_ros2/install/ollama_ros_chat:/home/wheeltec/wheeltec_ros2/install/nmea_navsat_driver:/home/wheeltec/wheeltec_ros2/install/nav2_waypoint_cycle:/home/wheeltec/wheeltec_ros2/install/nav2_simple_commander:/home/wheeltec/wheeltec_ros2/install/auto_recharge_ros2:/opt/ros/humble LD_LIBRARY_PATH=/home/wheeltec/agribot/agribot_ws/install/yesense_interface/lib:/home/wheeltec/agribot/agribot_ws/install/fast_lio/lib:/usr/lib/aarch64-linux-gnu:/usr/lib/aarch64-linux-gnu:/home/wheeltec/agribot/agribot_ws/install/serial/lib:/home/wheeltec/ws_livox/install/livox_sdk2/lib:/home/wheeltec/ws_livox/install/livox_ros_driver2/lib:/home/wheeltec/wheeltec_ros2/install/yesense_interface/lib:/home/wheeltec/wheeltec_ros2/install/wheeltec_rrt_msg/lib:/home/wheeltec/wheeltec_ros2/install/wheeltec_robot_rrt/lib:/home/wheeltec/wheeltec_ros2/install/turn_on_wheeltec_robot/lib:/home/wheeltec/wheeltec_ros2/install/wheeltec_robot_msg/lib:/home/wheeltec/wheeltec_ros2/install/wheeltec_mic_msg/lib:/home/wheeltec/wheeltec_ros2/install/usb_cam/lib:/home/wheeltec/wheeltec_ros2/install/ublox_gps/lib:/home/wheeltec/wheeltec_ros2/install/ublox_msgs/lib:/home/wheeltec/wheeltec_ros2/install/serial/lib:/home/wheeltec/wheeltec_ros2/install/orb_slam2_ros/lib:/home/wheeltec/wheeltec_ros2/install/openslam_gmapping/lib:/home/wheeltec/wheeltec_ros2/install/ollama_ros_msgs/lib:/home/wheeltec/wheeltec_ros2/install/nmea_msgs/lib:/home/wheeltec/wheeltec_ros2/install/nav2_smoother/lib:/home/wheeltec/wheeltec_ros2/install/nav2_controller/lib:/home/wheeltec/wheeltec_ros2/install/dwb_plugins/lib:/home/wheeltec/wheeltec_ros2/install/dwb_critics/lib:/home/wheeltec/wheeltec_ros2/install/dwb_core/lib:/home/wheeltec/wheeltec_ros2/install/nav_2d_utils/lib:/home/wheeltec/wheeltec_ros2/install/dwb_msgs/lib:/home/wheeltec/wheeltec_ros2/install/nav_2d_msgs/lib:/home/wheeltec/wheeltec_ros2/install/nav2_waypoint_follower/lib:/home/wheeltec/wheeltec_ros2/install/nav2_theta_star_planner/lib:/home/wheeltec/wheeltec_ros2/install/nav2_smac_planner/lib:/home/wheeltec/wheeltec_ros2/install/nav2_rotation_shim_controller/lib:/home/wheeltec/wheeltec_ros2/install/nav2_regulated_pure_pursuit_controller/lib:/home/wheeltec/wheeltec_ros2/install/nav2_planner/lib:/home/wheeltec/wheeltec_ros2/install/nav2_navfn_planner/lib:/home/wheeltec/wheeltec_ros2/install/nav2_constrained_smoother/lib:/home/wheeltec/wheeltec_ros2/install/nav2_bt_navigator/lib:/home/wheeltec/wheeltec_ros2/install/nav2_behaviors/lib:/home/wheeltec/wheeltec_ros2/install/nav2_collision_monitor/lib:/home/wheeltec/wheeltec_ros2/install/costmap_queue/lib:/home/wheeltec/wheeltec_ros2/install/nav2_costmap_2d/lib:/home/wheeltec/wheeltec_ros2/install/nav2_voxel_grid/lib:/home/wheeltec/wheeltec_ros2/install/nav2_velocity_smoother/lib:/home/wheeltec/wheeltec_ros2/install/nav2_rviz_plugins/lib:/home/wheeltec/wheeltec_ros2/install/nav2_map_server/lib:/home/wheeltec/wheeltec_ros2/install/nav2_lifecycle_manager/lib:/home/wheeltec/wheeltec_ros2/install/nav2_behavior_tree/lib:/home/wheeltec/wheeltec_ros2/install/nav2_amcl/lib:/home/wheeltec/wheeltec_ros2/install/nav2_util/lib:/home/wheeltec/wheeltec_ros2/install/nav2_msgs/lib:/home/wheeltec/wheeltec_ros2/install/lslidar_msgs/lib:/home/wheeltec/wheeltec_ros2/install/bodyreader_msg/lib:/home/wheeltec/wheeltec_ros2/install/astra_camera/lib:/home/wheeltec/wheeltec_ros2/install/astra_camera_msgs/lib:/home/wheeltec/wheeltec_ros2/install/aruco_ros/lib:/home/wheeltec/wheeltec_ros2/install/aruco_msgs/lib:/home/wheeltec/wheeltec_ros2/install/aruco/lib:/home/wheeltec/wheeltec_ros2/install/ackermann_msgs/lib:/opt/ros/humble/opt/rviz_ogre_vendor/lib:/opt/ros/humble/lib/aarch64-linux-gnu:/opt/ros/humble/lib /usr/bin/cmake --build /home/wheeltec/agribot/agribot_ws/build/centerline_extraction -- -j8 -l8
[8.896s] DEBUG:colcon.colcon_core.event_handler.log_command:Invoked command in '/home/wheeltec/agribot/agribot_ws/build/centerline_extraction' returned '0': CMAKE_PREFIX_PATH=${CMAKE_PREFIX_PATH}:/home/wheeltec/wheeltec_ros2/install/simple_follower_ros2:/home/wheeltec/wheeltec_ros2/install/wheeltec_robot_keyboard:/home/wheeltec/wheeltec_ros2/install/wheeltec_dual_rtk_driver:/home/wheeltec/wheeltec_ros2/install/ultralytics_ros2:/home/wheeltec/wheeltec_ros2/install/tf2_tools:/home/wheeltec/wheeltec_ros2/install/ollama_ros_chat:/home/wheeltec/wheeltec_ros2/install/nmea_navsat_driver:/home/wheeltec/wheeltec_ros2/install/nav2_waypoint_cycle:/home/wheeltec/wheeltec_ros2/install/nav2_simple_commander:/home/wheeltec/wheeltec_ros2/install/auto_recharge_ros2:/opt/ros/humble LD_LIBRARY_PATH=/home/wheeltec/agribot/agribot_ws/install/yesense_interface/lib:/home/wheeltec/agribot/agribot_ws/install/fast_lio/lib:/usr/lib/aarch64-linux-gnu:/usr/lib/aarch64-linux-gnu:/home/wheeltec/agribot/agribot_ws/install/serial/lib:/home/wheeltec/ws_livox/install/livox_sdk2/lib:/home/wheeltec/ws_livox/install/livox_ros_driver2/lib:/home/wheeltec/wheeltec_ros2/install/yesense_interface/lib:/home/wheeltec/wheeltec_ros2/install/wheeltec_rrt_msg/lib:/home/wheeltec/wheeltec_ros2/install/wheeltec_robot_rrt/lib:/home/wheeltec/wheeltec_ros2/install/turn_on_wheeltec_robot/lib:/home/wheeltec/wheeltec_ros2/install/wheeltec_robot_msg/lib:/home/wheeltec/wheeltec_ros2/install/wheeltec_mic_msg/lib:/home/wheeltec/wheeltec_ros2/install/usb_cam/lib:/home/wheeltec/wheeltec_ros2/install/ublox_gps/lib:/home/wheeltec/wheeltec_ros2/install/ublox_msgs/lib:/home/wheeltec/wheeltec_ros2/install/serial/lib:/home/wheeltec/wheeltec_ros2/install/orb_slam2_ros/lib:/home/wheeltec/wheeltec_ros2/install/openslam_gmapping/lib:/home/wheeltec/wheeltec_ros2/install/ollama_ros_msgs/lib:/home/wheeltec/wheeltec_ros2/install/nmea_msgs/lib:/home/wheeltec/wheeltec_ros2/install/nav2_smoother/lib:/home/wheeltec/wheeltec_ros2/install/nav2_controller/lib:/home/wheeltec/wheeltec_ros2/install/dwb_plugins/lib:/home/wheeltec/wheeltec_ros2/install/dwb_critics/lib:/home/wheeltec/wheeltec_ros2/install/dwb_core/lib:/home/wheeltec/wheeltec_ros2/install/nav_2d_utils/lib:/home/wheeltec/wheeltec_ros2/install/dwb_msgs/lib:/home/wheeltec/wheeltec_ros2/install/nav_2d_msgs/lib:/home/wheeltec/wheeltec_ros2/install/nav2_waypoint_follower/lib:/home/wheeltec/wheeltec_ros2/install/nav2_theta_star_planner/lib:/home/wheeltec/wheeltec_ros2/install/nav2_smac_planner/lib:/home/wheeltec/wheeltec_ros2/install/nav2_rotation_shim_controller/lib:/home/wheeltec/wheeltec_ros2/install/nav2_regulated_pure_pursuit_controller/lib:/home/wheeltec/wheeltec_ros2/install/nav2_planner/lib:/home/wheeltec/wheeltec_ros2/install/nav2_navfn_planner/lib:/home/wheeltec/wheeltec_ros2/install/nav2_constrained_smoother/lib:/home/wheeltec/wheeltec_ros2/install/nav2_bt_navigator/lib:/home/wheeltec/wheeltec_ros2/install/nav2_behaviors/lib:/home/wheeltec/wheeltec_ros2/install/nav2_collision_monitor/lib:/home/wheeltec/wheeltec_ros2/install/costmap_queue/lib:/home/wheeltec/wheeltec_ros2/install/nav2_costmap_2d/lib:/home/wheeltec/wheeltec_ros2/install/nav2_voxel_grid/lib:/home/wheeltec/wheeltec_ros2/install/nav2_velocity_smoother/lib:/home/wheeltec/wheeltec_ros2/install/nav2_rviz_plugins/lib:/home/wheeltec/wheeltec_ros2/install/nav2_map_server/lib:/home/wheeltec/wheeltec_ros2/install/nav2_lifecycle_manager/lib:/home/wheeltec/wheeltec_ros2/install/nav2_behavior_tree/lib:/home/wheeltec/wheeltec_ros2/install/nav2_amcl/lib:/home/wheeltec/wheeltec_ros2/install/nav2_util/lib:/home/wheeltec/wheeltec_ros2/install/nav2_msgs/lib:/home/wheeltec/wheeltec_ros2/install/lslidar_msgs/lib:/home/wheeltec/wheeltec_ros2/install/bodyreader_msg/lib:/home/wheeltec/wheeltec_ros2/install/astra_camera/lib:/home/wheeltec/wheeltec_ros2/install/astra_camera_msgs/lib:/home/wheeltec/wheeltec_ros2/install/aruco_ros/lib:/home/wheeltec/wheeltec_ros2/install/aruco_msgs/lib:/home/wheeltec/wheeltec_ros2/install/aruco/lib:/home/wheeltec/wheeltec_ros2/install/ackermann_msgs/lib:/opt/ros/humble/opt/rviz_ogre_vendor/lib:/opt/ros/humble/lib/aarch64-linux-gnu:/opt/ros/humble/lib /usr/bin/cmake --build /home/wheeltec/agribot/agribot_ws/build/centerline_extraction -- -j8 -l8
[8.919s] DEBUG:colcon.colcon_core.event_handler.log_command:Invoking command in '/home/wheeltec/agribot/agribot_ws/build/centerline_extraction': CMAKE_PREFIX_PATH=${CMAKE_PREFIX_PATH}:/home/wheeltec/wheeltec_ros2/install/simple_follower_ros2:/home/wheeltec/wheeltec_ros2/install/wheeltec_robot_keyboard:/home/wheeltec/wheeltec_ros2/install/wheeltec_dual_rtk_driver:/home/wheeltec/wheeltec_ros2/install/ultralytics_ros2:/home/wheeltec/wheeltec_ros2/install/tf2_tools:/home/wheeltec/wheeltec_ros2/install/ollama_ros_chat:/home/wheeltec/wheeltec_ros2/install/nmea_navsat_driver:/home/wheeltec/wheeltec_ros2/install/nav2_waypoint_cycle:/home/wheeltec/wheeltec_ros2/install/nav2_simple_commander:/home/wheeltec/wheeltec_ros2/install/auto_recharge_ros2:/opt/ros/humble LD_LIBRARY_PATH=/home/wheeltec/agribot/agribot_ws/install/yesense_interface/lib:/home/wheeltec/agribot/agribot_ws/install/fast_lio/lib:/usr/lib/aarch64-linux-gnu:/usr/lib/aarch64-linux-gnu:/home/wheeltec/agribot/agribot_ws/install/serial/lib:/home/wheeltec/ws_livox/install/livox_sdk2/lib:/home/wheeltec/ws_livox/install/livox_ros_driver2/lib:/home/wheeltec/wheeltec_ros2/install/yesense_interface/lib:/home/wheeltec/wheeltec_ros2/install/wheeltec_rrt_msg/lib:/home/wheeltec/wheeltec_ros2/install/wheeltec_robot_rrt/lib:/home/wheeltec/wheeltec_ros2/install/turn_on_wheeltec_robot/lib:/home/wheeltec/wheeltec_ros2/install/wheeltec_robot_msg/lib:/home/wheeltec/wheeltec_ros2/install/wheeltec_mic_msg/lib:/home/wheeltec/wheeltec_ros2/install/usb_cam/lib:/home/wheeltec/wheeltec_ros2/install/ublox_gps/lib:/home/wheeltec/wheeltec_ros2/install/ublox_msgs/lib:/home/wheeltec/wheeltec_ros2/install/serial/lib:/home/wheeltec/wheeltec_ros2/install/orb_slam2_ros/lib:/home/wheeltec/wheeltec_ros2/install/openslam_gmapping/lib:/home/wheeltec/wheeltec_ros2/install/ollama_ros_msgs/lib:/home/wheeltec/wheeltec_ros2/install/nmea_msgs/lib:/home/wheeltec/wheeltec_ros2/install/nav2_smoother/lib:/home/wheeltec/wheeltec_ros2/install/nav2_controller/lib:/home/wheeltec/wheeltec_ros2/install/dwb_plugins/lib:/home/wheeltec/wheeltec_ros2/install/dwb_critics/lib:/home/wheeltec/wheeltec_ros2/install/dwb_core/lib:/home/wheeltec/wheeltec_ros2/install/nav_2d_utils/lib:/home/wheeltec/wheeltec_ros2/install/dwb_msgs/lib:/home/wheeltec/wheeltec_ros2/install/nav_2d_msgs/lib:/home/wheeltec/wheeltec_ros2/install/nav2_waypoint_follower/lib:/home/wheeltec/wheeltec_ros2/install/nav2_theta_star_planner/lib:/home/wheeltec/wheeltec_ros2/install/nav2_smac_planner/lib:/home/wheeltec/wheeltec_ros2/install/nav2_rotation_shim_controller/lib:/home/wheeltec/wheeltec_ros2/install/nav2_regulated_pure_pursuit_controller/lib:/home/wheeltec/wheeltec_ros2/install/nav2_planner/lib:/home/wheeltec/wheeltec_ros2/install/nav2_navfn_planner/lib:/home/wheeltec/wheeltec_ros2/install/nav2_constrained_smoother/lib:/home/wheeltec/wheeltec_ros2/install/nav2_bt_navigator/lib:/home/wheeltec/wheeltec_ros2/install/nav2_behaviors/lib:/home/wheeltec/wheeltec_ros2/install/nav2_collision_monitor/lib:/home/wheeltec/wheeltec_ros2/install/costmap_queue/lib:/home/wheeltec/wheeltec_ros2/install/nav2_costmap_2d/lib:/home/wheeltec/wheeltec_ros2/install/nav2_voxel_grid/lib:/home/wheeltec/wheeltec_ros2/install/nav2_velocity_smoother/lib:/home/wheeltec/wheeltec_ros2/install/nav2_rviz_plugins/lib:/home/wheeltec/wheeltec_ros2/install/nav2_map_server/lib:/home/wheeltec/wheeltec_ros2/install/nav2_lifecycle_manager/lib:/home/wheeltec/wheeltec_ros2/install/nav2_behavior_tree/lib:/home/wheeltec/wheeltec_ros2/install/nav2_amcl/lib:/home/wheeltec/wheeltec_ros2/install/nav2_util/lib:/home/wheeltec/wheeltec_ros2/install/nav2_msgs/lib:/home/wheeltec/wheeltec_ros2/install/lslidar_msgs/lib:/home/wheeltec/wheeltec_ros2/install/bodyreader_msg/lib:/home/wheeltec/wheeltec_ros2/install/astra_camera/lib:/home/wheeltec/wheeltec_ros2/install/astra_camera_msgs/lib:/home/wheeltec/wheeltec_ros2/install/aruco_ros/lib:/home/wheeltec/wheeltec_ros2/install/aruco_msgs/lib:/home/wheeltec/wheeltec_ros2/install/aruco/lib:/home/wheeltec/wheeltec_ros2/install/ackermann_msgs/lib:/opt/ros/humble/opt/rviz_ogre_vendor/lib:/opt/ros/humble/lib/aarch64-linux-gnu:/opt/ros/humble/lib /usr/bin/cmake --install /home/wheeltec/agribot/agribot_ws/build/centerline_extraction
[8.969s] Level 1:colcon.colcon_core.environment:create_environment_scripts_only(centerline_extraction)
[8.979s] DEBUG:colcon.colcon_core.event_handler.log_command:Invoked command in '/home/wheeltec/agribot/agribot_ws/build/centerline_extraction' returned '0': CMAKE_PREFIX_PATH=${CMAKE_PREFIX_PATH}:/home/wheeltec/wheeltec_ros2/install/simple_follower_ros2:/home/wheeltec/wheeltec_ros2/install/wheeltec_robot_keyboard:/home/wheeltec/wheeltec_ros2/install/wheeltec_dual_rtk_driver:/home/wheeltec/wheeltec_ros2/install/ultralytics_ros2:/home/wheeltec/wheeltec_ros2/install/tf2_tools:/home/wheeltec/wheeltec_ros2/install/ollama_ros_chat:/home/wheeltec/wheeltec_ros2/install/nmea_navsat_driver:/home/wheeltec/wheeltec_ros2/install/nav2_waypoint_cycle:/home/wheeltec/wheeltec_ros2/install/nav2_simple_commander:/home/wheeltec/wheeltec_ros2/install/auto_recharge_ros2:/opt/ros/humble LD_LIBRARY_PATH=/home/wheeltec/agribot/agribot_ws/install/yesense_interface/lib:/home/wheeltec/agribot/agribot_ws/install/fast_lio/lib:/usr/lib/aarch64-linux-gnu:/usr/lib/aarch64-linux-gnu:/home/wheeltec/agribot/agribot_ws/install/serial/lib:/home/wheeltec/ws_livox/install/livox_sdk2/lib:/home/wheeltec/ws_livox/install/livox_ros_driver2/lib:/home/wheeltec/wheeltec_ros2/install/yesense_interface/lib:/home/wheeltec/wheeltec_ros2/install/wheeltec_rrt_msg/lib:/home/wheeltec/wheeltec_ros2/install/wheeltec_robot_rrt/lib:/home/wheeltec/wheeltec_ros2/install/turn_on_wheeltec_robot/lib:/home/wheeltec/wheeltec_ros2/install/wheeltec_robot_msg/lib:/home/wheeltec/wheeltec_ros2/install/wheeltec_mic_msg/lib:/home/wheeltec/wheeltec_ros2/install/usb_cam/lib:/home/wheeltec/wheeltec_ros2/install/ublox_gps/lib:/home/wheeltec/wheeltec_ros2/install/ublox_msgs/lib:/home/wheeltec/wheeltec_ros2/install/serial/lib:/home/wheeltec/wheeltec_ros2/install/orb_slam2_ros/lib:/home/wheeltec/wheeltec_ros2/install/openslam_gmapping/lib:/home/wheeltec/wheeltec_ros2/install/ollama_ros_msgs/lib:/home/wheeltec/wheeltec_ros2/install/nmea_msgs/lib:/home/wheeltec/wheeltec_ros2/install/nav2_smoother/lib:/home/wheeltec/wheeltec_ros2/install/nav2_controller/lib:/home/wheeltec/wheeltec_ros2/install/dwb_plugins/lib:/home/wheeltec/wheeltec_ros2/install/dwb_critics/lib:/home/wheeltec/wheeltec_ros2/install/dwb_core/lib:/home/wheeltec/wheeltec_ros2/install/nav_2d_utils/lib:/home/wheeltec/wheeltec_ros2/install/dwb_msgs/lib:/home/wheeltec/wheeltec_ros2/install/nav_2d_msgs/lib:/home/wheeltec/wheeltec_ros2/install/nav2_waypoint_follower/lib:/home/wheeltec/wheeltec_ros2/install/nav2_theta_star_planner/lib:/home/wheeltec/wheeltec_ros2/install/nav2_smac_planner/lib:/home/wheeltec/wheeltec_ros2/install/nav2_rotation_shim_controller/lib:/home/wheeltec/wheeltec_ros2/install/nav2_regulated_pure_pursuit_controller/lib:/home/wheeltec/wheeltec_ros2/install/nav2_planner/lib:/home/wheeltec/wheeltec_ros2/install/nav2_navfn_planner/lib:/home/wheeltec/wheeltec_ros2/install/nav2_constrained_smoother/lib:/home/wheeltec/wheeltec_ros2/install/nav2_bt_navigator/lib:/home/wheeltec/wheeltec_ros2/install/nav2_behaviors/lib:/home/wheeltec/wheeltec_ros2/install/nav2_collision_monitor/lib:/home/wheeltec/wheeltec_ros2/install/costmap_queue/lib:/home/wheeltec/wheeltec_ros2/install/nav2_costmap_2d/lib:/home/wheeltec/wheeltec_ros2/install/nav2_voxel_grid/lib:/home/wheeltec/wheeltec_ros2/install/nav2_velocity_smoother/lib:/home/wheeltec/wheeltec_ros2/install/nav2_rviz_plugins/lib:/home/wheeltec/wheeltec_ros2/install/nav2_map_server/lib:/home/wheeltec/wheeltec_ros2/install/nav2_lifecycle_manager/lib:/home/wheeltec/wheeltec_ros2/install/nav2_behavior_tree/lib:/home/wheeltec/wheeltec_ros2/install/nav2_amcl/lib:/home/wheeltec/wheeltec_ros2/install/nav2_util/lib:/home/wheeltec/wheeltec_ros2/install/nav2_msgs/lib:/home/wheeltec/wheeltec_ros2/install/lslidar_msgs/lib:/home/wheeltec/wheeltec_ros2/install/bodyreader_msg/lib:/home/wheeltec/wheeltec_ros2/install/astra_camera/lib:/home/wheeltec/wheeltec_ros2/install/astra_camera_msgs/lib:/home/wheeltec/wheeltec_ros2/install/aruco_ros/lib:/home/wheeltec/wheeltec_ros2/install/aruco_msgs/lib:/home/wheeltec/wheeltec_ros2/install/aruco/lib:/home/wheeltec/wheeltec_ros2/install/ackermann_msgs/lib:/opt/ros/humble/opt/rviz_ogre_vendor/lib:/opt/ros/humble/lib/aarch64-linux-gnu:/opt/ros/humble/lib /usr/bin/cmake --install /home/wheeltec/agribot/agribot_ws/build/centerline_extraction
[8.986s] Level 1:colcon.colcon_core.environment:checking '/home/wheeltec/agribot/agribot_ws/install/centerline_extraction' for CMake module files
[8.988s] Level 1:colcon.colcon_core.environment:checking '/home/wheeltec/agribot/agribot_ws/install/centerline_extraction' for CMake config files
[8.990s] Level 1:colcon.colcon_core.shell:create_environment_hook('centerline_extraction', 'cmake_prefix_path')
[8.991s] INFO:colcon.colcon_core.shell:Creating environment hook '/home/wheeltec/agribot/agribot_ws/install/centerline_extraction/share/centerline_extraction/hook/cmake_prefix_path.ps1'
[8.993s] INFO:colcon.colcon_core.shell:Creating environment descriptor '/home/wheeltec/agribot/agribot_ws/install/centerline_extraction/share/centerline_extraction/hook/cmake_prefix_path.dsv'
[8.994s] INFO:colcon.colcon_core.shell:Creating environment hook '/home/wheeltec/agribot/agribot_ws/install/centerline_extraction/share/centerline_extraction/hook/cmake_prefix_path.sh'
[8.997s] Level 1:colcon.colcon_core.environment:checking '/home/wheeltec/agribot/agribot_ws/install/centerline_extraction/lib'
[8.997s] Level 1:colcon.colcon_core.environment:checking '/home/wheeltec/agribot/agribot_ws/install/centerline_extraction/bin'
[8.998s] Level 1:colcon.colcon_core.environment:checking '/home/wheeltec/agribot/agribot_ws/install/centerline_extraction/lib/pkgconfig/centerline_extraction.pc'
[8.998s] Level 1:colcon.colcon_core.environment:checking '/home/wheeltec/agribot/agribot_ws/install/centerline_extraction/lib/python3.10/site-packages'
[8.999s] Level 1:colcon.colcon_core.environment:checking '/home/wheeltec/agribot/agribot_ws/install/centerline_extraction/bin'
[9.000s] INFO:colcon.colcon_core.shell:Creating package script '/home/wheeltec/agribot/agribot_ws/install/centerline_extraction/share/centerline_extraction/package.ps1'
[9.004s] INFO:colcon.colcon_core.shell:Creating package descriptor '/home/wheeltec/agribot/agribot_ws/install/centerline_extraction/share/centerline_extraction/package.dsv'
[9.006s] INFO:colcon.colcon_core.shell:Creating package script '/home/wheeltec/agribot/agribot_ws/install/centerline_extraction/share/centerline_extraction/package.sh'
[9.008s] INFO:colcon.colcon_core.shell:Creating package script '/home/wheeltec/agribot/agribot_ws/install/centerline_extraction/share/centerline_extraction/package.bash'
[9.010s] INFO:colcon.colcon_core.shell:Creating package script '/home/wheeltec/agribot/agribot_ws/install/centerline_extraction/share/centerline_extraction/package.zsh'
[9.012s] Level 1:colcon.colcon_core.environment:create_file_with_runtime_dependencies(/home/wheeltec/agribot/agribot_ws/install/centerline_extraction/share/colcon-core/packages/centerline_extraction)
[9.013s] Level 1:colcon.colcon_core.environment:create_environment_scripts_only(centerline_extraction)
[9.015s] Level 1:colcon.colcon_core.environment:checking '/home/wheeltec/agribot/agribot_ws/install/centerline_extraction' for CMake module files
[9.017s] Level 1:colcon.colcon_core.environment:checking '/home/wheeltec/agribot/agribot_ws/install/centerline_extraction' for CMake config files
[9.018s] Level 1:colcon.colcon_core.shell:create_environment_hook('centerline_extraction', 'cmake_prefix_path')
[9.019s] INFO:colcon.colcon_core.shell:Creating environment hook '/home/wheeltec/agribot/agribot_ws/install/centerline_extraction/share/centerline_extraction/hook/cmake_prefix_path.ps1'
[9.021s] INFO:colcon.colcon_core.shell:Creating environment descriptor '/home/wheeltec/agribot/agribot_ws/install/centerline_extraction/share/centerline_extraction/hook/cmake_prefix_path.dsv'
[9.022s] INFO:colcon.colcon_core.shell:Creating environment hook '/home/wheeltec/agribot/agribot_ws/install/centerline_extraction/share/centerline_extraction/hook/cmake_prefix_path.sh'
[9.023s] Level 1:colcon.colcon_core.environment:checking '/home/wheeltec/agribot/agribot_ws/install/centerline_extraction/lib'
[9.023s] Level 1:colcon.colcon_core.environment:checking '/home/wheeltec/agribot/agribot_ws/install/centerline_extraction/bin'
[9.024s] Level 1:colcon.colcon_core.environment:checking '/home/wheeltec/agribot/agribot_ws/install/centerline_extraction/lib/pkgconfig/centerline_extraction.pc'
[9.024s] Level 1:colcon.colcon_core.environment:checking '/home/wheeltec/agribot/agribot_ws/install/centerline_extraction/lib/python3.10/site-packages'
[9.025s] Level 1:colcon.colcon_core.environment:checking '/home/wheeltec/agribot/agribot_ws/install/centerline_extraction/bin'
[9.026s] INFO:colcon.colcon_core.shell:Creating package script '/home/wheeltec/agribot/agribot_ws/install/centerline_extraction/share/centerline_extraction/package.ps1'
[9.028s] INFO:colcon.colcon_core.shell:Creating package descriptor '/home/wheeltec/agribot/agribot_ws/install/centerline_extraction/share/centerline_extraction/package.dsv'
[9.029s] INFO:colcon.colcon_core.shell:Creating package script '/home/wheeltec/agribot/agribot_ws/install/centerline_extraction/share/centerline_extraction/package.sh'
[9.031s] INFO:colcon.colcon_core.shell:Creating package script '/home/wheeltec/agribot/agribot_ws/install/centerline_extraction/share/centerline_extraction/package.bash'
[9.032s] INFO:colcon.colcon_core.shell:Creating package script '/home/wheeltec/agribot/agribot_ws/install/centerline_extraction/share/centerline_extraction/package.zsh'
[9.033s] Level 1:colcon.colcon_core.environment:create_file_with_runtime_dependencies(/home/wheeltec/agribot/agribot_ws/install/centerline_extraction/share/colcon-core/packages/centerline_extraction)
[9.034s] DEBUG:colcon.colcon_parallel_executor.executor.parallel:closing loop
[9.035s] DEBUG:colcon.colcon_parallel_executor.executor.parallel:loop closed
[9.035s] DEBUG:colcon.colcon_parallel_executor.executor.parallel:run_until_complete finished with '0'
[9.036s] DEBUG:colcon.colcon_core.event_reactor:joining thread
[9.037s] DEBUG:colcon.colcon_core.event_reactor:joined thread
[9.038s] INFO:colcon.colcon_core.shell:Creating prefix script '/home/wheeltec/agribot/agribot_ws/install/local_setup.ps1'
[9.040s] INFO:colcon.colcon_core.shell:Creating prefix util module '/home/wheeltec/agribot/agribot_ws/install/_local_setup_util_ps1.py'
[9.044s] INFO:colcon.colcon_core.shell:Creating prefix chain script '/home/wheeltec/agribot/agribot_ws/install/setup.ps1'
[9.056s] INFO:colcon.colcon_core.shell:Creating prefix script '/home/wheeltec/agribot/agribot_ws/install/local_setup.sh'
[9.057s] INFO:colcon.colcon_core.shell:Creating prefix util module '/home/wheeltec/agribot/agribot_ws/install/_local_setup_util_sh.py'
[9.059s] INFO:colcon.colcon_core.shell:Creating prefix chain script '/home/wheeltec/agribot/agribot_ws/install/setup.sh'
[9.071s] INFO:colcon.colcon_core.shell:Creating prefix script '/home/wheeltec/agribot/agribot_ws/install/local_setup.bash'
[9.072s] INFO:colcon.colcon_core.shell:Creating prefix chain script '/home/wheeltec/agribot/agribot_ws/install/setup.bash'
[9.085s] INFO:colcon.colcon_core.shell:Creating prefix script '/home/wheeltec/agribot/agribot_ws/install/local_setup.zsh'
[9.086s] INFO:colcon.colcon_core.shell:Creating prefix chain script '/home/wheeltec/agribot/agribot_ws/install/setup.zsh'
