trial_id,experiment_type,scenario,perception_method,repeat_index,nominal_speed_mps,quality_aware,time_s,ros_time_s,x_m,y_m,yaw_rad,odom_linear_mps,odom_angular_rps,travel_distance_m,cmd_linear_mps,cmd_angular_rps,path_points,path_first_x_m,path_first_y_m,path_mid_x_m,path_mid_y_m,path_last_x_m,path_last_y_m,corridor_width_m,safety_margin_m,error_budget_m,published_confidence,control_quality_factor,headland_detected,navigation_mode,navigation_safety_state,valid,left_points,right_points,row_yaw_rad,center_offset_m,left_slope,left_intercept,right_slope,right_intercept,line_lost_count,support_score,observation_score,width_score,residual_score,safety_score,observed_valid_ratio,raw_confidence,support_weight,observation_weight,width_weight,residual_weight,safety_weight,innermost_enabled,robust_enabled,temporal_enabled,parallel_enabled
complex_fixed_v018_r4,closed_loop,complex,full,1,0.18,False,0.839480686,1785051202.5192451,0.030288692012765423,-0.001966376587800678,0.003517869690366384,0.13235681448720582,0.007440030754800482,3.733934015284017e-05,0.18,0.10393871818595246,0,nan,nan,nan,nan,nan,nan,nan,nan,nan,nan,1.0,0,ROW_FOLLOW,,nan,nan,nan,nan,nan,nan,nan,nan,nan,nan,nan,nan,nan,nan,nan,nan,nan,nan,nan,nan,nan,nan,nan,nan,nan,nan
complex_fixed_v018_r4,closed_loop,complex,full,1,0.18,False,0.889341923,1785051202.5691063,0.04819016171379407,-0.0011001861039958746,0.005284229405620788,0.13400938283053274,0.04758615304414003,0.017982200677799584,0.18,0.10793473287429384,21.0,0.024149036581637643,0.021011576943469234,1.0241456665361317,0.018875232409665977,2.029142163913756,0.015899414244042537,0.6006932854652405,0.1721007078886032,0.12210071086883545,0.7639265060424805,1.0,0,ROW_FOLLOW,,1.0,91.0,114.0,-0.008326606824994087,0.02549123764038086,0.0,0.3294900953769684,0.0,-0.27850762009620667,0.0,0.5317460298538208,0.6071428060531616,0.9706961512565613,0.9255658984184265,1.0,0.2857142984867096,0.7639265060424805,0.30000001192092896,0.20000000298023224,0.20000000298023224,0.15000000596046448,0.15000000596046448,1.0,1.0,1.0,1.0
complex_fixed_v018_r4,closed_loop,complex,full,1,0.18,False,0.940955661,1785051202.6207201,0.05586498617702241,-0.0010494430046638825,0.005728410593088374,0.13987127483901726,0.03695970560400043,0.02566052903080448,0.18,0.10969961350663453,21.0,0.024149036581637643,0.021011576943469234,1.0241456665361317,0.018875232409665977,2.029142163913756,0.015899414244042537,0.6006932854652405,0.1721007078886032,0.12210071086883545,0.7639265060424805,1.0,0,ROW_FOLLOW,,1.0,91.0,114.0,-0.008326606824994087,0.02549123764038086,0.0,0.3294900953769684,0.0,-0.27850762009620667,0.0,0.5317460298538208,0.6071428060531616,0.9706961512565613,0.9255658984184265,1.0,0.2857142984867096,0.7639265060424805,0.30000001192092896,0.20000000298023224,0.20000000298023224,0.15000000596046448,0.15000000596046448,1.0,1.0,1.0,1.0
complex_fixed_v018_r4,closed_loop,complex,full,1,0.18,False,0.989314645,1785051202.669079,0.05837520057514907,-0.0018982544703246458,0.0068543673387497775,0.13786268780565916,0.010912723568753223,0.03878231297228689,0.18,0.11990923398200393,21.0,0.038104830282088505,0.023663608456469434,1.0380968797860393,0.0198059804240897,2.0380888606217606,0.015948352432102963,0.5995899438858032,0.17139996588230133,0.12139996886253357,0.7603604793548584,1.0,0,ROW_FOLLOW,,1.0,93.0,109.0,-0.01188285555690527,0.0275706946849823,0.0,0.3311493396759033,0.0,-0.2760079503059387,0.0,0.5158730745315552,0.6071428060531616,0.9732378721237183,0.9301497340202332,1.0,0.2857142984867096,0.7603604793548584,0.30000001192092896,0.20000000298023224,0.20000000298023224,0.15000000596046448,0.15000000596046448,1.0,1.0,1.0,1.0
complex_fixed_v018_r4,closed_loop,complex,full,1,0.18,False,1.039230379,1785051202.7189946,0.06621302734792882,-0.0018282494567977488,0.0074946922570950925,0.14335766194937827,0.023251118808039185,0.046625420303881844,0.18,0.12163456343587942,21.0,0.038104830282088505,0.023663608456469434,1.0380968797860393,0.0198059804240897,2.0380888606217606,0.015948352432102963,0.5995899438858032,0.17139996588230133,0.12139996886253357,0.7603604793548584,1.0,0,ROW_FOLLOW,,1.0,93.0,109.0,-0.01188285555690527,0.0275706946849823,0.0,0.3311493396759033,0.0,-0.2760079503059387,0.0,0.5158730745315552,0.6071428060531616,0.9732378721237183,0.9301497340202332,1.0,0.2857142984867096,0.7603604793548584,0.30000001192092896,0.20000000298023224,0.20000000298023224,0.15000000596046448,0.15000000596046448,1.0,1.0,1.0,1.0
complex_fixed_v018_r4,closed_loop,complex,full,1,0.18,False,1.08927655,1785051202.7690408,0.07896387156863346,-0.0019582949404084774,0.008420762552000305,0.14840911202409102,0.01483057972800135,0.05938831368364676,0.18,0.12869541072449514,19.0,0.05246501794535191,0.025153220582002495,0.9524582145279868,0.021861977473543768,1.9191180763902815,0.01844663722451924,0.6042542457580566,0.17303289473056793,0.12303289771080017,0.7402137517929077,1.0,0,ROW_FOLLOW,,1.0,93.0,108.0,-0.009746390394866467,0.027409523725509644,0.0,0.33056312799453735,0.0,-0.27574408054351807,0.0,0.39682537317276,0.6595237851142883,0.9775479435920715,0.9583447575569153,1.0,0.380952388048172,0.7402137517929077,0.30000001192092896,0.20000000298023224,0.20000000298023224,0.15000000596046448,0.15000000596046448,1.0,1.0,1.0,1.0
complex_fixed_v018_r4,closed_loop,complex,full,1,0.18,False,1.14003567,1785051202.8198001,0.08713724753831216,-0.001633321834954465,0.009572565126402921,0.1555368150133195,0.03995652607406414,0.0678286318227681,0.18,0.12875696215602203,19.0,0.05246501794535191,0.025153220582002495,0.9524582145279868,0.021861977473543768,1.9191180763902815,0.01844663722451924,0.6042542457580566,0.17303289473056793,0.12303289771080017,0.7402137517929077,1.0,0,ROW_FOLLOW,,1.0,93.0,108.0,-0.009746390394866467,0.027409523725509644,0.0,0.33056312799453735,0.0,-0.27574408054351807,0.0,0.39682537317276,0.6595237851142883,0.9775479435920715,0.9583447575569153,1.0,0.380952388048172,0.7402137517929077,0.30000001192092896,0.20000000298023224,0.20000000298023224,0.15000000596046448,0.15000000596046448,1.0,1.0,1.0,1.0
complex_fixed_v018_r4,closed_loop,complex,full,1,0.18,False,1.189250263,1785051202.8690147,0.09526742114148909,-0.001502901860442777,0.01099035032900364,0.16080663127070707,0.036360761762761984,0.07598274022051545,0.18,0.12693438555985254,21.0,0.0713247359645315,0.025124642527950842,1.076311937145311,0.02501726677964584,2.0714511366917643,0.026564677990866398,0.6045864224433899,0.17348261177539825,0.1234826147556305,0.7547438144683838,1.0,0,ROW_FOLLOW,,1.0,100.0,103.0,-0.00383046455681324,0.025076717138290405,0.0,0.32791396975517273,0.0,-0.2777605354785919,0.0,0.4285714328289032,0.6857142448425293,0.9772734642028809,0.9571655988693237,1.0,0.4285714328289032,0.7547438144683838,0.30000001192092896,0.20000000298023224,0.20000000298023224,0.15000000596046448,0.15000000596046448,1.0,1.0,1.0,1.0
complex_fixed_v018_r4,closed_loop,complex,full,1,0.18,False,1.239615611,1785051202.91938,0.09750727885713278,-0.001438955333538874,0.011686160735335351,0.16464717108506502,0.03725396743379361,0.07824023569828314,0.18,0.12652312935002083,21.0,0.0713247359645315,0.025124642527950842,1.076311937145311,0.02501726677964584,2.0714511366917643,0.026564677990866398,0.6045864224433899,0.17348261177539825,0.1234826147556305,0.7547438144683838,1.0,0,ROW_FOLLOW,,1.0,100.0,103.0,-0.00383046455681324,0.025076717138290405,0.0,0.32791396975517273,0.0,-0.2777605354785919,0.0,0.4285714328289032,0.6857142448425293,0.9772734642028809,0.9571655988693237,1.0,0.4285714328289032,0.7547438144683838,0.30000001192092896,0.20000000298023224,0.20000000298023224,0.15000000596046448,0.15000000596046448,1.0,1.0,1.0,1.0
complex_fixed_v018_r4,closed_loop,complex,full,1,0.18,False,1.289550642,1785051202.969315,0.09750679445512296,-0.0014041032349957033,0.012997323603065603,0.17011878252585497,0.030424967386858424,0.07827509116517689,0.18,0.11702498985687824,21.0,0.08506665189394996,0.023021030216867088,1.0900321658716188,0.028847037531036485,2.0919988681243185,0.0412094079022816,0.6042060852050781,0.17375074326992035,0.12375074625015259,0.7546515464782715,1.0,0,ROW_FOLLOW,,1.0,108.0,111.0,-5.9730373322963715e-05,0.021639809012413025,0.0,0.32429933547973633,0.0,-0.2810197174549103,0.0,0.4285714328289032,0.6857142448425293,0.9776729345321655,0.9560174345970154,1.0,0.4285714328289032,0.7546515464782715,0.30000001192092896,0.20000000298023224,0.20000000298023224,0.15000000596046448,0.15000000596046448,1.0,1.0,1.0,1.0
complex_fixed_v018_r4,closed_loop,complex,full,1,0.18,False,1.341684363,1785051203.0214486,0.1167573775100137,-0.0008867821306842657,0.013941674197186497,0.1729568715415069,0.021864068478004803,0.09802001613018724,0.18,0.12082664074374366,21.0,0.08506665189394996,0.023021030216867088,1.0900321658716188,0.028847037531036485,2.0919988681243185,0.0412094079022816,0.6042060852050781,0.17375074326992035,0.12375074625015259,0.7546515464782715,1.0,0,ROW_FOLLOW,,1.0,108.0,111.0,-5.9730373322963715e-05,0.021639809012413025,0.0,0.32429933547973633,0.0,-0.2810197174549103,0.0,0.4285714328289032,0.6857142448425293,0.9776729345321655,0.9560174345970154,1.0,0.4285714328289032,0.7546515464782715,0.30000001192092896,0.20000000298023224,0.20000000298023224,0.15000000596046448,0.15000000596046448,1.0,1.0,1.0,1.0
complex_fixed_v018_r4,closed_loop,complex,full,1,0.18,False,1.389274397,1785051203.0690389,0.11675720381568641,-0.0008749070103704545,0.015309729931310304,0.16519197712295314,0.031444409678824954,0.09803189252150579,0.18,0.10590630163092378,21.0,0.10022462005222081,0.019911633101896753,1.1001435488599907,0.03197593598559762,2.100062397731442,0.04404023766617174,0.6057050824165344,0.17387624084949493,0.12387624382972717,0.753042459487915,1.0,0,ROW_FOLLOW,,1.0,97.0,97.0,0.0021866848692297935,0.01693400740623474,0.0,0.3193740248680115,0.0,-0.285506010055542,0.0,0.4285714328289032,0.6857142448425293,0.976015567779541,0.9475003480911255,1.0,0.4285714328289032,0.753042459487915,0.30000001192092896,0.20000000298023224,0.20000000298023224,0.15000000596046448,0.15000000596046448,1.0,1.0,1.0,1.0
complex_fixed_v018_r4,closed_loop,complex,full,1,0.18,False,1.440518939,1785051203.1202834,0.12839684480510036,-0.0006603396711748938,0.01649468612691151,0.16921859581594462,0.029006979404912415,0.10969757119371742,0.18,0.10756255452714532,21.0,0.10022462005222081,0.019911633101896753,1.1001435488599907,0.03197593598559762,2.100062397731442,0.04404023766617174,0.6057050824165344,0.17387624084949493,0.12387624382972717,0.753042459487915,1.0,0,ROW_FOLLOW,,1.0,97.0,97.0,0.0021866848692297935,0.01693400740623474,0.0,0.3193740248680115,0.0,-0.285506010055542,0.0,0.4285714328289032,0.6857142448425293,0.976015567779541,0.9475003480911255,1.0,0.4285714328289032,0.753042459487915,0.30000001192092896,0.20000000298023224,0.20000000298023224,0.15000000596046448,0.15000000596046448,1.0,1.0,1.0,1.0
complex_fixed_v018_r4,closed_loop,complex,full,1,0.18,False,1.490114409,1785051203.1698787,0.1394060966096957,-0.002805702785852564,0.017889507277620176,0.1649114987430959,0.0214447058372898,0.12795647888204037,0.18,0.0957551179892292,19.0,0.11461538444175819,0.01577613091625321,1.0145124517730753,0.029297860942972487,1.98106801637502,0.043865658893251426,0.6038370132446289,0.17111064493656158,0.12111064791679382,0.7441045045852661,1.0,0,ROW_FOLLOW,,1.0,112.0,103.0,-0.0020762309432029724,0.014033839106559753,0.0,0.31622540950775146,0.0,-0.28815773129463196,0.0,0.4206349551677704,0.6333332657814026,0.9816117882728577,0.9661667346954346,1.0,0.3333333432674408,0.7441045045852661,0.30000001192092896,0.20000000298023224,0.20000000298023224,0.15000000596046448,0.15000000596046448,1.0,1.0,1.0,1.0
complex_fixed_v018_r4,closed_loop,complex,full,1,0.18,False,1.539158565,1785051203.218923,0.14654218756507503,-0.002629687244975192,0.019157756553991778,0.16977326501966133,0.05049107980943882,0.13511423271704323,0.18,0.09816026791533007,19.0,0.11461538444175819,0.01577613091625321,1.0145124517730753,0.029297860942972487,1.98106801637502,0.043865658893251426,0.6038370132446289,0.17111064493656158,0.12111064791679382,0.7441045045852661,1.0,0,ROW_FOLLOW,,1.0,112.0,103.0,-0.0020762309432029724,0.014033839106559753,0.0,0.31622540950775146,0.0,-0.28815773129463196,0.0,0.4206349551677704,0.6333332657814026,0.9816117882728577,0.9661667346954346,1.0,0.3333333432674408,0.7441045045852661,0.30000001192092896,0.20000000298023224,0.20000000298023224,0.15000000596046448,0.15000000596046448,1.0,1.0,1.0,1.0
complex_fixed_v018_r4,closed_loop,complex,full,1,0.18,False,1.595712259,1785051203.2754767,0.1593395990884188,-0.0011878888313485516,0.021262194653480115,0.1723852050413942,0.051951085937619323,0.14801959229130335,0.18,0.06827670471903373,20.0,0.13495301276231256,0.013178323827532737,1.1348523159911716,0.026913469974414347,2.0871883323942066,0.03891381419919926,0.6054583787918091,0.17399798333644867,0.12399798631668091,0.7438367605209351,1.0,0,ROW_FOLLOW,,1.0,104.0,113.0,-0.011770976707339287,0.013705596327781677,0.0,0.31560656428337097,0.0,-0.2881953716278076,0.0,0.4047619104385376,0.6595237851142883,0.9807165861129761,0.9624007940292358,1.0,0.380952388048172,0.7438367605209351,0.30000001192092896,0.20000000298023224,0.20000000298023224,0.15000000596046448,0.15000000596046448,1.0,1.0,1.0,1.0
complex_fixed_v018_r4,closed_loop,complex,full,1,0.18,False,1.640574147,1785051203.3203387,0.16976511223152932,-0.0014027540334741835,0.022235622335722294,0.17554351738585738,0.035851625415991996,0.15849691479107292,0.18,0.07141674657498719,20.0,0.13495301276231256,0.013178323827532737,1.1348523159911716,0.026913469974414347,2.0871883323942066,0.03891381419919926,0.6054583787918091,0.17399798333644867,0.12399798631668091,0.7438367605209351,1.0,0,ROW_FOLLOW,,1.0,104.0,113.0,-0.011770976707339287,0.013705596327781677,0.0,0.31560656428337097,0.0,-0.2881953716278076,0.0,0.4047619104385376,0.6595237851142883,0.9807165861129761,0.9624007940292358,1.0,0.380952388048172,0.7438367605209351,0.30000001192092896,0.20000000298023224,0.20000000298023224,0.15000000596046448,0.15000000596046448,1.0,1.0,1.0,1.0
complex_fixed_v018_r4,closed_loop,complex,full,1,0.18,False,1.689079215,1785051203.3688436,0.1659197588972547,-0.0015242727720570226,0.024670359782934526,0.17310733914697315,0.04539015467598474,0.16237079949974229,0.18,0.05020291579376385,19.0,0.15266077901359157,0.011225525482535992,1.0525806887425557,0.022916870764814756,2.1191507574669957,0.036916662237182936,0.6034568548202515,0.17328380048274994,0.12328380346298218,0.7428760528564453,1.0,0,ROW_FOLLOW,,1.0,112.0,93.0,-0.009114878252148628,0.011570170521736145,0.0,0.3136427402496338,0.0,-0.2905023992061615,0.0,0.40476194024086,0.6595237255096436,0.9787871837615967,0.9585683941841125,1.0,0.380952388048172,0.7428760528564453,0.30000001192092896,0.20000000298023224,0.20000000298023224,0.15000000596046448,0.15000000596046448,1.0,1.0,1.0,1.0
complex_fixed_v018_r4,closed_loop,complex,full,1,0.18,False,1.74031467,1785051203.420079,0.18361228926849155,-0.0010383368802327538,0.026277082111937584,0.17585906274122493,0.03187601068777419,0.18008420124268576,0.18,0.05017715704497848,19.0,0.15266077901359157,0.011225525482535992,1.0525806887425557,0.022916870764814756,2.1191507574669957,0.036916662237182936,0.6034568548202515,0.17328380048274994,0.12328380346298218,0.7428760528564453,1.0,0,ROW_FOLLOW,,1.0,112.0,93.0,-0.009114878252148628,0.011570170521736145,0.0,0.3136427402496338,0.0,-0.2905023992061615,0.0,0.40476194024086,0.6595237255096436,0.9787871837615967,0.9585683941841125,1.0,0.380952388048172,0.7428760528564453,0.30000001192092896,0.20000000298023224,0.20000000298023224,0.15000000596046448,0.15000000596046448,1.0,1.0,1.0,1.0
complex_fixed_v018_r4,closed_loop,complex,full,1,0.18,False,1.790034527,1785051203.4697988,0.19511823399336928,-0.0013362748938671519,0.028141085691449682,0.17517561263589024,0.03277248770237284,0.19163246803853434,0.18,0.042740266464959445,21.0,0.17043175261884458,0.010166063322790896,1.1753292117139156,0.024002914704799552,2.1831273037191643,0.04389835634424019,0.6037522554397583,0.17408545315265656,0.1240854561328888,0.7542473077774048,1.0,0,ROW_FOLLOW,,1.0,101.0,97.0,-0.00961378775537014,0.008891165256500244,0.0,0.31043002009391785,0.0,-0.29264768958091736,0.0,0.4285714328289032,0.6857142448425293,0.9785894751548767,0.9521008729934692,1.0,0.4285714328289032,0.7542473077774048,0.30000001192092896,0.20000000298023224,0.20000000298023224,0.15000000596046448,0.15000000596046448,1.0,1.0,1.0,1.0
complex_fixed_v018_r4,closed_loop,complex,full,1,0.18,False,1.841044886,1785051203.5208092,0.20395096591945935,-0.0010550946658973645,0.029251529698417503,0.17766735926716445,0.023242773731582497,0.20047951313369744,0.18,0.042053666819885045,21.0,0.17043175261884458,0.010166063322790896,1.1753292117139156,0.024002914704799552,2.1831273037191643,0.04389835634424019,0.6037522554397583,0.17408545315265656,0.1240854561328888,0.7542473077774048,1.0,0,ROW_FOLLOW,,1.0,101.0,97.0,-0.00961378775537014,0.008891165256500244,0.0,0.31043002009391785,0.0,-0.29264768958091736,0.0,0.4285714328289032,0.6857142448425293,0.9785894751548767,0.9521008729934692,1.0,0.4285714328289032,0.7542473077774048,0.30000001192092896,0.20000000298023224,0.20000000298023224,0.15000000596046448,0.15000000596046448,1.0,1.0,1.0,1.0
complex_fixed_v018_r4,closed_loop,complex,full,1,0.18,False,1.889630309,1785051203.5693946,0.21394471311125182,-0.00038838003697903465,0.03209673359120391,0.1782379127524007,0.02593653180803686,0.21052462501152877,0.18,0.024871733874563474,21.0,0.18855689764537661,0.0076292133798538594,1.1933933826901775,0.025572364381273697,2.197654868638642,0.045366941350037326,0.6035857200622559,0.17425335943698883,0.12425336241722107,0.7537662982940674,1.0,0,ROW_FOLLOW,,1.0,88.0,93.0,-0.009938046336174011,0.005269929766654968,0.0,0.30673784017562866,0.0,-0.2961979806423187,0.0,0.4285714328289032,0.6857142448425293,0.9790961146354675,0.9482187628746033,1.0,0.4285714328289032,0.7537662982940674,0.30000001192092896,0.20000000298023224,0.20000000298023224,0.15000000596046448,0.15000000596046448,1.0,1.0,1.0,1.0
complex_fixed_v018_r4,closed_loop,complex,full,1,0.18,False,1.939123727,1785051203.6188881,0.21941175300357435,-0.00038596749125227744,0.03392421051823425,0.17932565730947217,0.027281704119096545,0.22553909918449086,0.18,0.023020455058614952,21.0,0.18855689764537661,0.0076292133798538594,1.1933933826901775,0.025572364381273697,2.197654868638642,0.045366941350037326,0.6035857200622559,0.17425335943698883,0.12425336241722107,0.7537662982940674,1.0,0,ROW_FOLLOW,,1.0,88.0,93.0,-0.009938046336174011,0.005269929766654968,0.0,0.30673784017562866,0.0,-0.2961979806423187,0.0,0.4285714328289032,0.6857142448425293,0.9790961146354675,0.9482187628746033,1.0,0.4285714328289032,0.7537662982940674,0.30000001192092896,0.20000000298023224,0.20000000298023224,0.15000000596046448,0.15000000596046448,1.0,1.0,1.0,1.0
complex_fixed_v018_r4,closed_loop,complex,full,1,0.18,False,1.993310022,1785051203.6730745,0.21941094860499108,-0.0003633030810932053,0.03702945619499996,0.1817829267980885,0.05989524665746611,0.22556177787293505,0.18,0.00656344797122615,20.0,0.20513789447955158,0.005357115051153779,1.2382750635254112,0.02546086000925668,2.138104128147378,0.042973541859367,0.6013587117195129,0.17015762627124786,0.1201576292514801,0.74928879737854,1.0,0,ROW_FOLLOW,,1.0,104.0,92.0,-0.016842331737279892,0.0037462562322616577,0.0,0.3046906590461731,0.0,-0.2971981465816498,0.0,0.4285714328289032,0.6595237255096436,0.9790772199630737,0.9533145427703857,1.0,0.380952388048172,0.74928879737854,0.30000001192092896,0.20000000298023224,0.20000000298023224,0.15000000596046448,0.15000000596046448,1.0,1.0,1.0,1.0
complex_fixed_v018_r4,closed_loop,complex,full,1,0.18,False,2.043665866,1785051203.7234304,0.23584325662007535,0.00032173191913425364,0.03875032128467513,0.18219673208754092,0.04613223769581061,0.2420363844354456,0.18,0.002565363057954693,20.0,0.20513789447955158,0.005357115051153779,1.2382750635254112,0.02546086000925668,2.138104128147378,0.042973541859367,0.6013587117195129,0.17015762627124786,0.1201576292514801,0.74928879737854,1.0,0,ROW_FOLLOW,,1.0,104.0,92.0,-0.016842331737279892,0.0037462562322616577,0.0,0.3046906590461731,0.0,-0.2971981465816498,0.0,0.4285714328289032,0.6595237255096436,0.9790772199630737,0.9533145427703857,1.0,0.380952388048172,0.74928879737854,0.30000001192092896,0.20000000298023224,0.20000000298023224,0.15000000596046448,0.15000000596046448,1.0,1.0,1.0,1.0
complex_fixed_v018_r4,closed_loop,complex,full,1,0.18,False,2.08926736,1785051203.7690318,0.24801981022474998,0.0015720719483680525,0.04206927301810425,0.17402165696575134,0.05105498830148081,0.2543661097423599,0.18,-0.017394158077535218,19.0,0.22371791712623204,0.0037638371914008612,1.1568553746978059,0.022875601399017797,2.1233174555905436,0.042754898741417906,0.6031144261360168,0.17216579616069794,0.12216579914093018,0.7367054224014282,1.0,0,ROW_FOLLOW,,1.0,79.0,92.0,-0.018706871196627617,0.0019266903400421143,0.0,0.3024076223373413,0.0,-0.2985542416572571,0.0,0.3968254327774048,0.6333332657814026,0.983485996723175,0.9619594812393188,1.0,0.3333333432674408,0.7367054224014282,0.30000001192092896,0.20000000298023224,0.20000000298023224,0.15000000596046448,0.15000000596046448,1.0,1.0,1.0,1.0
complex_fixed_v018_r4,closed_loop,complex,full,1,0.18,False,2.140204917,1785051203.8199692,0.25667518411782503,0.0020173499426936617,0.04416201043561775,0.17599276093550334,0.049092287199203236,0.2630683208378773,0.18,-0.02140064414308905,19.0,0.22371791712623204,0.0037638371914008612,1.1568553746978059,0.022875601399017797,2.1233174555905436,0.042754898741417906,0.6031144261360168,0.17216579616069794,0.12216579914093018,0.7367054224014282,1.0,0,ROW_FOLLOW,,1.0,79.0,92.0,-0.018706871196627617,0.0019266903400421143,0.0,0.3024076223373413,0.0,-0.2985542416572571,0.0,0.3968254327774048,0.6333332657814026,0.983485996723175,0.9619594812393188,1.0,0.3333333432674408,0.7367054224014282,0.30000001192092896,0.20000000298023224,0.20000000298023224,0.15000000596046448,0.15000000596046448,1.0,1.0,1.0,1.0
complex_fixed_v018_r4,closed_loop,complex,full,1,0.18,False,2.189622749,1785051203.8693871,0.25667022683906815,0.0021209136694370994,0.0482012542301935,0.1783352623131551,0.06415954425719408,0.2631720032041178,0.18,-0.03476254570158174,19.0,0.23840362508135646,0.002726662217453949,1.171525171424107,0.02255379099006774,2.2046197558111946,0.044707944007743895,0.6039201021194458,0.17553843557834625,0.1255384385585785,0.7545627355575562,1.0,0,ROW_FOLLOW,,1.0,97.0,107.0,-0.0236068032681942,-0.00038188695907592773,0.0,0.30053067207336426,0.0,-0.3012944459915161,0.0,0.4444444179534912,0.6595237255096436,0.9800170660018921,0.955474853515625,1.0,0.380952388048172,0.7545627355575562,0.30000001192092896,0.20000000298023224,0.20000000298023224,0.15000000596046448,0.15000000596046448,1.0,1.0,1.0,1.0
complex_fixed_v018_r4,closed_loop,complex,full,1,0.18,False,2.239246764,1785051203.919011,0.272451242527003,0.0019031369736985384,0.0494667248095908,0.1781257544525009,0.03850276135933386,0.2790535634937029,0.18,-0.03285832489807686,19.0,0.23840362508135646,0.002726662217453949,1.171525171424107,0.02255379099006774,2.2046197558111946,0.044707944007743895,0.6039201021194458,0.17553843557834625,0.1255384385585785,0.7545627355575562,1.0,0,ROW_FOLLOW,,1.0,97.0,107.0,-0.0236068032681942,-0.00038188695907592773,0.0,0.30053067207336426,0.0,-0.3012944459915161,0.0,0.4444444179534912,0.6595237255096436,0.9800170660018921,0.955474853515625,1.0,0.380952388048172,0.7545627355575562,0.30000001192092896,0.20000000298023224,0.20000000298023224,0.15000000596046448,0.15000000596046448,1.0,1.0,1.0,1.0
complex_fixed_v018_r4,closed_loop,complex,full,1,0.18,False,2.290318085,1785051203.9700825,0.28126389110544575,0.0023927304835774923,0.051833818300063964,0.1804312654171061,0.02942191085836846,0.2878985779202659,0.18,-0.04587763221235905,21.0,0.25611902707041995,0.001673738900055054,1.2558861244934567,0.02321640490240461,2.2720833360273245,0.0403064368306944,0.6025070548057556,0.1672063022851944,0.11720630526542664,0.7547186613082886,1.0,0,ROW_FOLLOW,,1.0,81.0,95.0,-0.030161093920469284,-0.0016919374465942383,0.0,0.29912105202674866,0.0,-0.30250492691993713,0.0,0.4523809552192688,0.6595237255096436,0.9764702916145325,0.9453702569007874,1.0,0.380952388048172,0.7547186613082886,0.30000001192092896,0.20000000298023224,0.20000000298023224,0.15000000596046448,0.15000000596046448,1.0,1.0,1.0,1.0
complex_fixed_v018_r4,closed_loop,complex,full,1,0.18,False,2.342557474,1785051204.022322,0.28887061993331725,0.0028360416058042723,0.05268387502240879,0.18127927891933807,0.02557676083104982,0.2955324247061657,0.18,-0.04846576671539158,21.0,0.25611902707041995,0.001673738900055054,1.2558861244934567,0.02321640490240461,2.2720833360273245,0.0403064368306944,0.6025070548057556,0.1672063022851944,0.11720630526542664,0.7547186613082886,1.0,0,ROW_FOLLOW,,1.0,81.0,95.0,-0.030161093920469284,-0.0016919374465942383,0.0,0.29912105202674866,0.0,-0.30250492691993713,0.0,0.4523809552192688,0.6595237255096436,0.9764702916145325,0.9453702569007874,1.0,0.380952388048172,0.7547186613082886,0.30000001192092896,0.20000000298023224,0.20000000298023224,0.15000000596046448,0.15000000596046448,1.0,1.0,1.0,1.0
complex_fixed_v018_r4,closed_loop,complex,full,1,0.18,False,2.39524222,1785051204.0750067,0.29727292810115574,0.004971453914011929,0.054175963416666306,0.18160814432094016,0.024916990473790073,0.3042313209363948,0.18,-0.057473711850652066,20.0,0.27268687953439147,0.001124462396527625,1.2774703697820813,0.021891617585743567,2.230326673807299,0.038460599350436935,0.6020423173904419,0.17183278501033783,0.12183278799057007,0.7540760040283203,1.0,0,ROW_FOLLOW,,1.0,82.0,90.0,-0.03558908775448799,-0.0014250576496124268,0.0,0.29887479543685913,0.0,-0.301724910736084,0.0,0.4285714328289032,0.6857142448425293,0.9792938232421875,0.9500195384025574,1.0,0.4285714328289032,0.7540760040283203,0.30000001192092896,0.20000000298023224,0.20000000298023224,0.15000000596046448,0.15000000596046448,1.0,1.0,1.0,1.0
complex_fixed_v018_r4,closed_loop,complex,full,1,0.18,False,2.439939783,1785051204.1197042,0.30846999289766547,0.0048675003904935345,0.0558136148051851,0.1748042946930869,0.023404437240152887,0.3155638845636529,0.18,-0.06853796757592998,20.0,0.27268687953439147,0.001124462396527625,1.2774703697820813,0.021891617585743567,2.230326673807299,0.038460599350436935,0.6020423173904419,0.17183278501033783,0.12183278799057007,0.7540760040283203,1.0,0,ROW_FOLLOW,,1.0,82.0,90.0,-0.03558908775448799,-0.0014250576496124268,0.0,0.29887479543685913,0.0,-0.301724910736084,0.0,0.4285714328289032,0.6857142448425293,0.9792938232421875,0.9500195384025574,1.0,0.4285714328289032,0.7540760040283203,0.30000001192092896,0.20000000298023224,0.20000000298023224,0.15000000596046448,0.15000000596046448,1.0,1.0,1.0,1.0
complex_fixed_v018_r4,closed_loop,complex,full,1,0.18,False,2.489613527,1785051204.169378,0.3187846360691744,0.0075732518642593,0.057378454004480155,0.17860421251915135,0.03693312912618399,0.32624198883072825,0.18,-0.08562700508757917,20.0,0.28995204521202916,0.002034579836341457,1.2947859227508092,0.020220976705067648,2.2562949402483317,0.03755336995676665,0.6012178063392639,0.17092810571193695,0.12092810869216919,0.7542002201080322,1.0,0,ROW_FOLLOW,,1.0,72.0,102.0,-0.04088107496500015,-0.00044161081314086914,0.0,0.2996419668197632,0.0,-0.3005251884460449,0.0,0.4285714328289032,0.6857142448425293,0.9798457026481628,0.9501115679740906,1.0,0.4285714328289032,0.7542002201080322,0.30000001192092896,0.20000000298023224,0.20000000298023224,0.15000000596046448,0.15000000596046448,1.0,1.0,1.0,1.0
complex_fixed_v018_r4,closed_loop,complex,full,1,0.18,False,2.539901913,1785051204.2196665,0.3290889572241532,0.00679421481189087,0.057934670677904705,0.1805082369311203,0.011417430524197475,0.3373212428994672,0.18,-0.08144829458864035,20.0,0.28995204521202916,0.002034579836341457,1.2947859227508092,0.020220976705067648,2.2562949402483317,0.03755336995676665,0.6012178063392639,0.17092810571193695,0.12092810869216919,0.7542002201080322,1.0,0,ROW_FOLLOW,,1.0,72.0,102.0,-0.04088107496500015,-0.00044161081314086914,0.0,0.2996419668197632,0.0,-0.3005251884460449,0.0,0.4285714328289032,0.6857142448425293,0.9798457026481628,0.9501115679740906,1.0,0.4285714328289032,0.7542002201080322,0.30000001192092896,0.20000000298023224,0.20000000298023224,0.15000000596046448,0.15000000596046448,1.0,1.0,1.0,1.0
complex_fixed_v018_r4,closed_loop,complex,full,1,0.18,False,2.590128473,1785051204.269893,0.3379326068771762,0.007327416689576708,0.05793769223599021,0.18128801981001427,-0.002029837984634083,0.34618462505268,0.18,-0.07406634074100782,19.0,0.30882197477419715,0.004129425954252646,1.2086779713698965,0.02017124309952129,2.2418452837154894,0.03863671821872391,0.602081835269928,0.1737711876630783,0.12377119064331055,0.7504016160964966,1.0,0,ROW_FOLLOW,,1.0,76.0,90.0,-0.03859694302082062,-0.00029049813747406006,0.0,0.29926472902297974,0.0,-0.29984572529792786,0.0,0.4285714328289032,0.6595237255096436,0.9820644855499268,0.9567497968673706,1.0,0.380952388048172,0.7504016160964966,0.30000001192092896,0.20000000298023224,0.20000000298023224,0.15000000596046448,0.15000000596046448,1.0,1.0,1.0,1.0
complex_fixed_v018_r4,closed_loop,complex,full,1,0.18,False,2.640382427,1785051204.320147,0.3407312793650441,0.007524878869219658,0.05841337455887263,0.18396728453720954,0.015444448111954898,0.34900727808690984,0.18,-0.07559577721547882,19.0,0.30882197477419715,0.004129425954252646,1.2086779713698965,0.02017124309952129,2.2418452837154894,0.03863671821872391,0.602081835269928,0.1737711876630783,0.12377119064331055,0.7504016160964966,1.0,0,ROW_FOLLOW,,1.0,76.0,90.0,-0.03859694302082062,-0.00029049813747406006,0.0,0.29926472902297974,0.0,-0.29984572529792786,0.0,0.4285714328289032,0.6595237255096436,0.9820644855499268,0.9567497968673706,1.0,0.380952388048172,0.7504016160964966,0.30000001192092896,0.20000000298023224,0.20000000298023224,0.15000000596046448,0.15000000596046448,1.0,1.0,1.0,1.0
complex_fixed_v018_r4,closed_loop,complex,full,1,0.18,False,2.690971462,1785051204.370736,0.3519077570177424,0.009600218771860899,0.059110322099532805,0.18643651018854318,-0.006178673338925276,0.3603895689488918,0.18,-0.0789364688418158,21.0,0.32611377553373394,0.005551508264515145,1.3259312281796534,0.02448938888785676,2.3402898310537052,0.04956728676181209,0.6008874773979187,0.17229686677455902,0.12229686975479126,0.7279047966003418,1.0,0,ROW_FOLLOW,,1.0,79.0,97.0,-0.03691752254962921,-0.0018243491649627686,0.0,0.297971248626709,0.0,-0.3016199469566345,0.0,0.3650793433189392,0.6333332657814026,0.9863723516464233,0.9629321098327637,1.0,0.3333333432674408,0.7279047966003418,0.30000001192092896,0.20000000298023224,0.20000000298023224,0.15000000596046448,0.15000000596046448,1.0,1.0,1.0,1.0
complex_fixed_v018_r4,closed_loop,complex,full,1,0.18,False,2.73963852,1785051204.419403,0.3620125248168299,0.009564728837179574,0.05940039140646203,0.18403866995657966,0.012355807344920025,0.3705867716296238,0.18,-0.07826965099023925,21.0,0.32611377553373394,0.005551508264515145,1.3259312281796534,0.02448938888785676,2.3402898310537052,0.04956728676181209,0.6008874773979187,0.17229686677455902,0.12229686975479126,0.7279047966003418,1.0,0,ROW_FOLLOW,,1.0,79.0,97.0,-0.03691752254962921,-0.0018243491649627686,0.0,0.297971248626709,0.0,-0.3016199469566345,0.0,0.3650793433189392,0.6333332657814026,0.9863723516464233,0.9629321098327637,1.0,0.3333333432674408,0.7279047966003418,0.30000001192092896,0.20000000298023224,0.20000000298023224,0.15000000596046448,0.15000000596046448,1.0,1.0,1.0,1.0
complex_fixed_v018_r4,closed_loop,complex,full,1,0.18,False,2.789462828,1785051204.4692273,0.37007813182935634,0.011920845584302703,0.06012573858796167,0.18429565582370913,0.024615912871288774,0.3819742209954748,0.18,-0.08645083105145707,20.0,0.34399097636193793,0.005933284729400271,1.348752265303035,0.02775553716058521,2.3009243381867623,0.050423383097505055,0.598872721195221,0.17325259745121002,0.12325260043144226,0.7540290355682373,1.0,0,ROW_FOLLOW,,1.0,87.0,92.0,-0.03559015691280365,-0.003984317183494568,0.0,0.2950586974620819,0.0,-0.30302733182907104,0.0,0.444444477558136,0.6595237255096436,0.9806036949157715,0.9511346220970154,1.0,0.380952388048172,0.7540290355682373,0.30000001192092896,0.20000000298023224,0.20000000298023224,0.15000000596046448,0.15000000596046448,1.0,1.0,1.0,1.0
complex_fixed_v018_r4,closed_loop,complex,full,1,0.18,False,2.839112411,1785051204.518877,0.3850034826351474,0.01273722080408786,0.06066951801089715,0.18621956005570872,0.01944945288067148,0.3969274890279237,0.18,-0.0908205025473719,20.0,0.34399097636193793,0.005933284729400271,1.348752265303035,0.02775553716058521,2.3009243381867623,0.050423383097505055,0.598872721195221,0.17325259745121002,0.12325260043144226,0.7540290355682373,1.0,0,ROW_FOLLOW,,1.0,87.0,92.0,-0.03559015691280365,-0.003984317183494568,0.0,0.2950586974620819,0.0,-0.30302733182907104,0.0,0.444444477558136,0.6595237255096436,0.9806036949157715,0.9511346220970154,1.0,0.380952388048172,0.7540290355682373,0.30000001192092896,0.20000000298023224,0.20000000298023224,0.15000000596046448,0.15000000596046448,1.0,1.0,1.0,1.0
complex_fixed_v018_r4,closed_loop,complex,full,1,0.18,False,2.889529698,1785051204.569294,0.39450714514778473,0.013340447597743194,0.061172757142954996,0.1878634240110846,0.0031392636879828436,0.406459472042751,0.18,-0.09275325266964624,21.0,0.36268391850857684,0.005790147301642678,1.3673982185070994,0.029710554957712798,2.362405772401309,0.05335121073872546,0.6014394760131836,0.1707845777273178,0.12078458070755005,0.7461024522781372,1.0,0,ROW_FOLLOW,,1.0,87.0,103.0,-0.035469576716423035,-0.006672948598861694,0.0,0.2920485734939575,0.0,-0.3053944706916809,0.0,0.4285714328289032,0.6595237255096436,0.9747921824455261,0.937785804271698,1.0,0.380952388048172,0.7461024522781372,0.30000001192092896,0.20000000298023224,0.20000000298023224,0.15000000596046448,0.15000000596046448,1.0,1.0,1.0,1.0
complex_fixed_v018_r4,closed_loop,complex,full,1,0.18,False,2.939648639,1785051204.619413,0.3945072023509261,0.013339522635819404,0.06113945326308423,0.18835022060145873,0.0017892519795542684,0.4064624363961617,0.18,-0.09270309210150957,21.0,0.36268391850857684,0.005790147301642678,1.3673982185070994,0.029710554957712798,2.362405772401309,0.05335121073872546,0.6014394760131836,0.1707845777273178,0.12078458070755005,0.7461024522781372,1.0,0,ROW_FOLLOW,,1.0,87.0,103.0,-0.035469576716423035,-0.006672948598861694,0.0,0.2920485734939575,0.0,-0.3053944706916809,0.0,0.4285714328289032,0.6595237255096436,0.9747921824455261,0.937785804271698,1.0,0.380952388048172,0.7461024522781372,0.30000001192092896,0.20000000298023224,0.20000000298023224,0.15000000596046448,0.15000000596046448,1.0,1.0,1.0,1.0
complex_fixed_v018_r4,closed_loop,complex,full,1,0.18,False,2.99143691,1785051204.6712012,0.4022031097311909,0.012211204323091664,0.061895550105619514,0.19235254363540208,0.0023430170500416685,0.41433459983304755,0.18,-0.09015705175027386,21.0,0.3814680266296247,0.004997138573712519,1.3861441105399066,0.030491273100813714,2.390467271851218,0.05688287744063335,0.6003808379173279,0.17029641568660736,0.1202964186668396,0.7570574283599854,1.0,0,ROW_FOLLOW,,1.0,85.0,111.0,-0.03496068716049194,-0.010180667042732239,0.0,0.28873929381370544,0.0,-0.3091006278991699,0.0,0.4444444179534912,0.6857142448425293,0.9764909148216248,0.9418870806694031,1.0,0.4285714328289032,0.7570574283599854,0.30000001192092896,0.20000000298023224,0.20000000298023224,0.15000000596046448,0.15000000596046448,1.0,1.0,1.0,1.0
complex_fixed_v018_r4,closed_loop,complex,full,1,0.18,False,3.03998822,1785051204.7197528,0.4226708224253107,0.01338674064156572,0.06312536201527365,0.1919554425411929,0.03671557044841091,0.4348499556063084,0.18,-0.09702015258153057,21.0,0.3814680266296247,0.004997138573712519,1.3861441105399066,0.030491273100813714,2.390467271851218,0.05688287744063335,0.6003808379173279,0.17029641568660736,0.1202964186668396,0.7570574283599854,1.0,0,ROW_FOLLOW,,1.0,85.0,111.0,-0.03496068716049194,-0.010180667042732239,0.0,0.28873929381370544,0.0,-0.3091006278991699,0.0,0.4444444179534912,0.6857142448425293,0.9764909148216248,0.9418870806694031,1.0,0.4285714328289032,0.7570574283599854,0.30000001192092896,0.20000000298023224,0.20000000298023224,0.15000000596046448,0.15000000596046448,1.0,1.0,1.0,1.0
complex_fixed_v018_r4,closed_loop,complex,full,1,0.18,False,3.089201599,1785051204.7689662,0.4318630149209933,0.013990534718349852,0.06385928027413312,0.18950869025008307,0.037950484577655166,0.44407616305420927,0.18,-0.11009682246824762,20.0,0.40174304979128017,0.0037078952385282376,1.4014321517635393,0.028582344564306455,2.3344773610924014,0.05171748712631652,0.5991023182868958,0.17089517414569855,0.12089517712593079,0.7592521905899048,1.0,0,ROW_FOLLOW,,1.0,103.0,98.0,-0.04064561054110527,-0.011672765016555786,0.0,0.2870060205459595,0.0,-0.31035155057907104,0.0,0.4444444179534912,0.6857142448425293,0.9792490601539612,0.9528412818908691,1.0,0.4285714328289032,0.7592521905899048,0.30000001192092896,0.20000000298023224,0.20000000298023224,0.15000000596046448,0.15000000596046448,1.0,1.0,1.0,1.0
complex_fixed_v018_r4,closed_loop,complex,full,1,0.18,False,3.139211481,1785051204.818976,0.43544476374645075,0.014230144980166507,0.06414015148497752,0.1888106337071512,0.022979529113153506,0.44767347812136393,0.18,-0.11177712947253407,20.0,0.40174304979128017,0.0037078952385282376,1.4014321517635393,0.028582344564306455,2.3344773610924014,0.05171748712631652,0.5991023182868958,0.17089517414569855,0.12089517712593079,0.7592521905899048,1.0,0,ROW_FOLLOW,,1.0,103.0,98.0,-0.04064561054110527,-0.011672765016555786,0.0,0.2870060205459595,0.0,-0.31035155057907104,0.0,0.4444444179534912,0.6857142448425293,0.9792490601539612,0.9528412818908691,1.0,0.4285714328289032,0.7592521905899048,0.30000001192092896,0.20000000298023224,0.20000000298023224,0.15000000596046448,0.15000000596046448,1.0,1.0,1.0,1.0
complex_fixed_v018_r4,closed_loop,complex,full,1,0.18,False,3.190759265,1785051204.8705237,0.4452633304232357,0.013872847469500795,0.06436121455478319,0.17905352502291563,-0.0011092503434997874,0.45828087669417944,0.18,-0.12140135203625073,21.0,0.41866079089102515,0.002283775920631266,1.4183962590488761,0.025092225306868974,2.4159829891944575,0.04854870012113874,0.5974318981170654,0.1624506264925003,0.11245062947273254,0.7468695640563965,1.0,0,ROW_FOLLOW,,1.0,113.0,98.0,-0.045166660100221634,-0.01145876944065094,0.0,0.28762975335121155,0.0,-0.3105472922325134,0.0,0.4365079402923584,0.6333332657814026,0.9804560542106628,0.954395592212677,1.0,0.3333333432674408,0.7468695640563965,0.30000001192092896,0.20000000298023224,0.20000000298023224,0.15000000596046448,0.15000000596046448,1.0,1.0,1.0,1.0
complex_fixed_v018_r4,closed_loop,complex,full,1,0.18,False,3.239195883,1785051204.9189603,0.45762154913314623,0.015889876315996275,0.06530246882619561,0.1739252920046258,0.019583110585430216,0.4709354237534109,0.18,-0.13432953237084846,21.0,0.41866079089102515,0.002283775920631266,1.4183962590488761,0.025092225306868974,2.4159829891944575,0.04854870012113874,0.5974318981170654,0.1624506264925003,0.11245062947273254,0.7468695640563965,1.0,0,ROW_FOLLOW,,1.0,113.0,98.0,-0.045166660100221634,-0.01145876944065094,0.0,0.28762975335121155,0.0,-0.3105472922325134,0.0,0.4365079402923584,0.6333332657814026,0.9804560542106628,0.954395592212677,1.0,0.3333333432674408,0.7468695640563965,0.30000001192092896,0.20000000298023224,0.20000000298023224,0.15000000596046448,0.15000000596046448,1.0,1.0,1.0,1.0
complex_fixed_v018_r4,closed_loop,complex,full,1,0.18,False,3.289435852,1785051204.9692004,0.46660222536930684,0.016491645844148486,0.06589657615651892,0.17632485671415443,0.017707632502978,0.4799470411137953,0.18,-0.14106300385526777,21.0,0.43892131162901027,0.002183815255589477,1.4386944721129538,0.023442650695042894,2.4464868494154484,0.04374991575605219,0.5984376072883606,0.16157002747058868,0.11157003045082092,0.7569373846054077,1.0,0,ROW_FOLLOW,,1.0,116.0,118.0,-0.04333487153053284,-0.012858659029006958,0.0,0.28547990322113037,0.0,-0.3111972212791443,0.0,0.4603174328804016,0.6595237255096436,0.9757343530654907,0.9452698826789856,1.0,0.380952388048172,0.7569373846054077,0.30000001192092896,0.20000000298023224,0.20000000298023224,0.15000000596046448,0.15000000596046448,1.0,1.0,1.0,1.0
complex_fixed_v018_r4,closed_loop,complex,full,1,0.18,False,3.339129981,1785051205.0188944,0.4708389820591938,0.01757321785307284,0.06618567075428894,0.1671712270233217,0.012620308860997322,0.49367148092691965,0.18,-0.14772783974821374,21.0,0.43892131162901027,0.002183815255589477,1.4386944721129538,0.023442650695042894,2.4464868494154484,0.04374991575605219,0.5984376072883606,0.16157002747058868,0.11157003045082092,0.7569373846054077,1.0,0,ROW_FOLLOW,,1.0,116.0,118.0,-0.04333487153053284,-0.012858659029006958,0.0,0.28547990322113037,0.0,-0.3111972212791443,0.0,0.4603174328804016,0.6595237255096436,0.9757343530654907,0.9452698826789856,1.0,0.380952388048172,0.7569373846054077,0.30000001192092896,0.20000000298023224,0.20000000298023224,0.15000000596046448,0.15000000596046448,1.0,1.0,1.0,1.0
complex_fixed_v018_r4,closed_loop,complex,full,1,0.18,False,3.389141367,1785051205.0689058,0.4819703262276424,0.01802809159822766,0.06614851479263084,0.1702506095891048,0.00746161587685308,0.5048290212844578,0.18,-0.14629359872882508,20.0,0.45500611137383573,0.002655673948207075,1.4547663430273134,0.024469783267345935,2.3878742646069737,0.04490614660365141,0.5968028903007507,0.1677141934633255,0.11771419644355774,0.7643157243728638,1.0,0,ROW_FOLLOW,,1.0,117.0,110.0,-0.042122289538383484,-0.014445960521697998,0.0,0.2837647795677185,0.0,-0.3126567006111145,0.0,0.4682539403438568,0.6857141852378845,0.9751968383789062,0.9443825483322144,1.0,0.4285714328289032,0.7643157243728638,0.30000001192092896,0.20000000298023224,0.20000000298023224,0.15000000596046448,0.15000000596046448,1.0,1.0,1.0,1.0
complex_fixed_v018_r4,closed_loop,complex,full,1,0.18,False,3.439248597,1785051205.119013,0.4907155053653465,0.018603073285052056,0.06595392456411232,0.1681818574862874,-0.02258352112027978,0.5135948373379323,0.18,-0.14990011274878826,20.0,0.45500611137383573,0.002655673948207075,1.4547663430273134,0.024469783267345935,2.3878742646069737,0.04490614660365141,0.5968028903007507,0.1677141934633255,0.11771419644355774,0.7643157243728638,1.0,0,ROW_FOLLOW,,1.0,117.0,110.0,-0.042122289538383484,-0.014445960521697998,0.0,0.2837647795677185,0.0,-0.3126567006111145,0.0,0.4682539403438568,0.6857141852378845,0.9751968383789062,0.9443825483322144,1.0,0.4285714328289032,0.7643157243728638,0.30000001192092896,0.20000000298023224,0.20000000298023224,0.15000000596046448,0.15000000596046448,1.0,1.0,1.0,1.0
complex_fixed_v018_r4,closed_loop,complex,full,1,0.18,False,3.489158188,1785051205.1689227,0.5000402781435853,0.019231834939475244,0.06632485937394163,0.17091583905339702,-0.010698038051522196,0.5229508163757993,0.18,-0.1499455600074361,19.0,0.4734128852721032,0.0026173230029103555,1.373155599754437,0.024099326091005086,2.3728670815625375,0.04808484503861512,0.5969828963279724,0.17194272577762604,0.12194272875785828,0.7678762674331665,1.0,0,ROW_FOLLOW,,1.0,130.0,114.0,-0.040439728647470474,-0.016923189163208008,0.0,0.28128552436828613,0.0,-0.31513190269470215,0.0,0.4761904776096344,0.6857141852378845,0.9776735901832581,0.9489439725875854,1.0,0.4285714328289032,0.7678762674331665,0.30000001192092896,0.20000000298023224,0.20000000298023224,0.15000000596046448,0.15000000596046448,1.0,1.0,1.0,1.0
complex_fixed_v018_r4,closed_loop,complex,full,1,0.18,False,3.539159846,1785051205.2189243,0.5019351498857542,0.01934800093797749,0.06573123431960944,0.17396214343157895,-0.017146041918211175,0.5248653422094923,0.18,-0.14986415095464561,19.0,0.4734128852721032,0.0026173230029103555,1.373155599754437,0.024099326091005086,2.3728670815625375,0.04808484503861512,0.5969828963279724,0.17194272577762604,0.12194272875785828,0.7678762674331665,1.0,0,ROW_FOLLOW,,1.0,130.0,114.0,-0.040439728647470474,-0.016923189163208008,0.0,0.28128552436828613,0.0,-0.31513190269470215,0.0,0.4761904776096344,0.6857141852378845,0.9776735901832581,0.9489439725875854,1.0,0.4285714328289032,0.7678762674331665,0.30000001192092896,0.20000000298023224,0.20000000298023224,0.15000000596046448,0.15000000596046448,1.0,1.0,1.0,1.0
complex_fixed_v018_r4,closed_loop,complex,full,1,0.18,False,3.589213601,1785051205.2689779,0.5120516067224212,0.021187798058667506,0.06567499677225143,0.16819833951697574,-0.006066030592133764,0.5352887384671375,0.18,-0.16253075898035052,21.0,0.48822126671121086,0.0020329155294019382,1.4929348503447983,0.02598127535205097,2.50185205667882,0.044991691470387785,0.597537100315094,0.1719815880060196,0.12198159098625183,0.777062177658081,1.0,0,ROW_FOLLOW,,1.0,111.0,126.0,-0.04430143162608147,-0.01808297634124756,0.0,0.280010461807251,0.0,-0.3161764144897461,0.0,0.4920634627342224,0.7119046449661255,0.975723147392273,0.9461172223091125,1.0,0.4761904776096344,0.777062177658081,0.30000001192092896,0.20000000298023224,0.20000000298023224,0.15000000596046448,0.15000000596046448,1.0,1.0,1.0,1.0
complex_fixed_v018_r4,closed_loop,complex,full,1,0.18,False,3.63915177,1785051205.318916,0.5211261710797138,0.021766773506996052,0.06487051453478096,0.17118440693543216,-0.02141437088852771,0.5443890665423284,0.18,-0.16569697003982586,21.0,0.48822126671121086,0.0020329155294019382,1.4929348503447983,0.02598127535205097,2.50185205667882,0.044991691470387785,0.597537100315094,0.1719815880060196,0.12198159098625183,0.777062177658081,1.0,0,ROW_FOLLOW,,1.0,111.0,126.0,-0.04430143162608147,-0.01808297634124756,0.0,0.280010461807251,0.0,-0.3161764144897461,0.0,0.4920634627342224,0.7119046449661255,0.975723147392273,0.9461172223091125,1.0,0.4761904776096344,0.777062177658081,0.30000001192092896,0.20000000298023224,0.20000000298023224,0.15000000596046448,0.15000000596046448,1.0,1.0,1.0,1.0
complex_fixed_v018_r4,closed_loop,complex,full,1,0.18,False,3.689161556,1785051205.368926,0.5270315410257849,0.023021589054317365,0.06399295380207004,0.16758792545316853,-0.014608871776324901,0.5570807118699544,0.18,-0.16971519105182767,21.0,0.5038580048144148,0.002655845832191505,1.5086140696329473,0.02459050059857019,2.5098116190701,0.043065049794919555,0.5964856147766113,0.16112683713436127,0.1111268401145935,0.7746357917785645,1.0,0,ROW_FOLLOW,,1.0,118.0,119.0,-0.04616424813866615,-0.017431065440177917,0.0,0.28103798627853394,0.0,-0.31590011715888977,0.0,0.5079365372657776,0.6857142448425293,0.9726811647415161,0.9371711015701294,1.0,0.4285714328289032,0.7746357917785645,0.30000001192092896,0.20000000298023224,0.20000000298023224,0.15000000596046448,0.15000000596046448,1.0,1.0,1.0,1.0
complex_fixed_v018_r4,closed_loop,complex,full,1,0.18,False,3.739116781,1785051205.4188812,0.536229754930655,0.0235937001495062,0.0631330235537479,0.1710607972679968,-0.009936670065085647,0.5663046624748641,0.18,-0.17304705937418283,21.0,0.5038580048144148,0.002655845832191505,1.5086140696329473,0.02459050059857019,2.5098116190701,0.043065049794919555,0.5964856147766113,0.16112683713436127,0.1111268401145935,0.7746357917785645,1.0,0,ROW_FOLLOW,,1.0,118.0,119.0,-0.04616424813866615,-0.017431065440177917,0.0,0.28103798627853394,0.0,-0.31590011715888977,0.0,0.5079365372657776,0.6857142448425293,0.9726811647415161,0.9371711015701294,1.0,0.4285714328289032,0.7746357917785645,0.30000001192092896,0.20000000298023224,0.20000000298023224,0.15000000596046448,0.15000000596046448,1.0,1.0,1.0,1.0
complex_fixed_v018_r4,closed_loop,complex,full,1,0.18,False,3.789399215,1785051205.4691634,0.5464366919838087,0.023759086755721342,0.06192463272533064,0.17361642328020954,-0.04380382191767416,0.5766197409500075,0.18,-0.16551124614440366,21.0,0.5189717278973321,0.004653285754985904,1.5187940184615396,0.023363101006860492,2.5186163364418968,0.04207292064069423,0.5965985655784607,0.1662627011537552,0.11626270413398743,0.7761338949203491,1.0,0,ROW_FOLLOW,,1.0,116.0,114.0,-0.04637911543250084,-0.015908226370811462,0.0,0.28308507800102234,0.0,-0.31490153074264526,0.0,0.5079365372657776,0.6857142448425293,0.9765888452529907,0.9419482350349426,1.0,0.4285714328289032,0.7761338949203491,0.30000001192092896,0.20000000298023224,0.20000000298023224,0.15000000596046448,0.15000000596046448,1.0,1.0,1.0,1.0
complex_fixed_v018_r4,closed_loop,complex,full,1,0.18,False,3.839343559,1785051205.519108,0.5613346349558004,0.024033399584571534,0.060825829143575504,0.18050860518763293,-0.03659955200355775,0.5915501264717018,0.18,-0.1679263884207878,21.0,0.5189717278973321,0.004653285754985904,1.5187940184615396,0.023363101006860492,2.5186163364418968,0.04207292064069423,0.5965985655784607,0.1662627011537552,0.11626270413398743,0.7761338949203491,1.0,0,ROW_FOLLOW,,1.0,116.0,114.0,-0.04637911543250084,-0.015908226370811462,0.0,0.28308507800102234,0.0,-0.31490153074264526,0.0,0.5079365372657776,0.6857142448425293,0.9765888452529907,0.9419482350349426,1.0,0.4285714328289032,0.7761338949203491,0.30000001192092896,0.20000000298023224,0.20000000298023224,0.15000000596046448,0.15000000596046448,1.0,1.0,1.0,1.0
complex_fixed_v018_r4,closed_loop,complex,full,1,0.18,False,3.889204573,1785051205.568969,0.5705926445008797,0.024560168991013112,0.05996016057156339,0.18253058880730944,-0.03040270799736477,0.6008390792789973,0.18,-0.1586145570624762,21.0,0.5387519992425641,0.006530821631075743,1.5385899542366557,0.024485771855554256,2.5384279058840984,0.042440725047642604,0.5981401801109314,0.16856922209262848,0.11856922507286072,0.7849533557891846,1.0,0,ROW_FOLLOW,,1.0,132.0,122.0,-0.040864791721105576,-0.017115548253059387,0.0,0.2824111580848694,0.0,-0.31664225459098816,0.0,0.555555522441864,0.6595237255096436,0.9759734869003296,0.9412484765052795,1.0,0.380952388048172,0.7849533557891846,0.30000001192092896,0.20000000298023224,0.20000000298023224,0.15000000596046448,0.15000000596046448,1.0,1.0,1.0,1.0
complex_fixed_v018_r4,closed_loop,complex,full,1,0.18,False,3.939958926,1785051205.6197233,0.57291536596353,0.024641130108395602,0.05864445861075619,0.18387530493279475,-0.04431751544553944,0.6031991587933144,0.18,-0.15747431432622994,21.0,0.5387519992425641,0.006530821631075743,1.5385899542366557,0.024485771855554256,2.5384279058840984,0.042440725047642604,0.5981401801109314,0.16856922209262848,0.11856922507286072,0.7849533557891846,1.0,0,ROW_FOLLOW,,1.0,132.0,122.0,-0.040864791721105576,-0.017115548253059387,0.0,0.2824111580848694,0.0,-0.31664225459098816,0.0,0.555555522441864,0.6595237255096436,0.9759734869003296,0.9412484765052795,1.0,0.380952388048172,0.7849533557891846,0.30000001192092896,0.20000000298023224,0.20000000298023224,0.15000000596046448,0.15000000596046448,1.0,1.0,1.0,1.0
complex_fixed_v018_r4,closed_loop,complex,full,1,0.18,False,3.989422424,1785051205.6691868,0.5904407004561172,0.0257049660159026,0.05762017365061389,0.18498799642310276,-0.01874865057205467,0.6207816457336666,0.18,-0.15777815750699264,21.0,0.5571214056476501,0.007363508848112807,1.556966310301175,0.024920671775591544,2.556811178745701,0.04247783569139534,0.5953285694122314,0.16893370449543,0.11893370747566223,0.7847533226013184,1.0,0,ROW_FOLLOW,,1.0,126.0,135.0,-0.04095087945461273,-0.017120271921157837,0.0,0.2822085916996002,0.0,-0.3164491355419159,0.0,0.523809552192688,0.7119047045707703,0.973686933517456,0.936614453792572,1.0,0.4761904776096344,0.7847533226013184,0.30000001192092896,0.20000000298023224,0.20000000298023224,0.15000000596046448,0.15000000596046448,1.0,1.0,1.0,1.0
complex_fixed_v018_r4,closed_loop,complex,full,1,0.18,False,4.039122953,1785051205.7188873,0.5979064549811195,0.025051499640605924,0.0565124202109013,0.18835863084534724,-0.03142059335506875,0.6308584789776192,0.18,-0.15369163446576756,21.0,0.5571214056476501,0.007363508848112807,1.556966310301175,0.024920671775591544,2.556811178745701,0.04247783569139534,0.5953285694122314,0.16893370449543,0.11893370747566223,0.7847533226013184,1.0,0,ROW_FOLLOW,,1.0,126.0,135.0,-0.04095087945461273,-0.017120271921157837,0.0,0.2822085916996002,0.0,-0.3164491355419159,0.0,0.523809552192688,0.7119047045707703,0.973686933517456,0.936614453792572,1.0,0.4761904776096344,0.7847533226013184,0.30000001192092896,0.20000000298023224,0.20000000298023224,0.15000000596046448,0.15000000596046448,1.0,1.0,1.0,1.0
complex_fixed_v018_r4,closed_loop,complex,full,1,0.18,False,4.089415435,1785051205.7691798,0.6069551632939645,0.025522423648148083,0.054946821945417224,0.18921535821143273,-0.04475949285144737,0.6399327448580385,0.18,-0.15215914402630557,19.0,0.5776790728960507,0.0074931488237374964,1.477545252578606,0.022925692707279014,2.444070635243181,0.039356625026232085,0.5928888916969299,0.15833453834056854,0.10833454132080078,0.7976597547531128,1.0,0,ROW_FOLLOW,,1.0,133.0,136.0,-0.040556155145168304,-0.016978681087493896,0.0,0.2827352285385132,0.0,-0.316692590713501,0.0,0.5555555820465088,0.7380951642990112,0.9708186388015747,0.9280686378479004,1.0,0.523809552192688,0.7976597547531128,0.30000001192092896,0.20000000298023224,0.20000000298023224,0.15000000596046448,0.15000000596046448,1.0,1.0,1.0,1.0
complex_fixed_v018_r4,closed_loop,complex,full,1,0.18,False,4.139927477,1785051205.8196917,0.6154383122774629,0.025930184424885847,0.053761439680520155,0.18798892664884814,-0.037677587937998136,0.6484464475005233,0.18,-0.1540626204219699,19.0,0.5776790728960507,0.0074931488237374964,1.477545252578606,0.022925692707279014,2.444070635243181,0.039356625026232085,0.5928888916969299,0.15833453834056854,0.10833454132080078,0.7976597547531128,1.0,0,ROW_FOLLOW,,1.0,133.0,136.0,-0.040556155145168304,-0.016978681087493896,0.0,0.2827352285385132,0.0,-0.316692590713501,0.0,0.5555555820465088,0.7380951642990112,0.9708186388015747,0.9280686378479004,1.0,0.523809552192688,0.7976597547531128,0.30000001192092896,0.20000000298023224,0.20000000298023224,0.15000000596046448,0.15000000596046448,1.0,1.0,1.0,1.0
complex_fixed_v018_r4,closed_loop,complex,full,1,0.18,False,4.189328893,1785051205.8690934,0.6238698965211597,0.025450987660286,0.052430015660966944,0.18006305439547893,-0.021562319199461798,0.6582995297655103,0.18,-0.14927912783406305,19.0,0.5955470940982872,0.007820146057784971,1.495442285079567,0.02151418430469687,2.5286570184966295,0.03712630561358847,0.5920490622520447,0.15314225852489471,0.10314226150512695,0.799351692199707,1.0,0,ROW_FOLLOW,,1.0,116.0,125.0,-0.03927237540483475,-0.01711614429950714,0.0,0.28267598152160645,0.0,-0.3169082701206207,0.0,0.5634920597076416,0.7380951642990112,0.9696933031082153,0.9249758720397949,1.0,0.523809552192688,0.799351692199707,0.30000001192092896,0.20000000298023224,0.20000000298023224,0.15000000596046448,0.15000000596046448,1.0,1.0,1.0,1.0
complex_fixed_v018_r4,closed_loop,complex,full,1,0.18,False,4.239196595,1785051205.9189608,0.6325972576717475,0.02585073196860293,0.05136427039591233,0.1799788552371077,-0.028894517474237515,0.6670549332633536,0.18,-0.15138431874798858,19.0,0.5955470940982872,0.007820146057784971,1.495442285079567,0.02151418430469687,2.5286570184966295,0.03712630561358847,0.5920490622520447,0.15314225852489471,0.10314226150512695,0.799351692199707,1.0,0,ROW_FOLLOW,,1.0,116.0,125.0,-0.03927237540483475,-0.01711614429950714,0.0,0.28267598152160645,0.0,-0.3169082701206207,0.0,0.5634920597076416,0.7380951642990112,0.9696933031082153,0.9249758720397949,1.0,0.523809552192688,0.799351692199707,0.30000001192092896,0.20000000298023224,0.20000000298023224,0.15000000596046448,0.15000000596046448,1.0,1.0,1.0,1.0
complex_fixed_v018_r4,closed_loop,complex,full,1,0.18,False,4.289308176,1785051205.9690726,0.6337362908359332,0.02582667920864633,0.04938811906640695,0.17996864948614277,-0.022462127207964835,0.6682442103590895,0.18,-0.14431526202987965,21.0,0.615448715299521,0.007945662677692342,1.615329491615192,0.023322936310821735,2.632609375173092,0.04259634311683447,0.5958365201950073,0.16828085482120514,0.11828085780143738,0.7809711694717407,1.0,0,ROW_FOLLOW,,1.0,132.0,143.0,-0.03260047733783722,-0.01794096827507019,0.0,0.2821945250034332,0.0,-0.3180764615535736,0.0,0.523809552192688,0.6857142448425293,0.9766899347305298,0.9423165321350098,1.0,0.4285714328289032,0.7809711694717407,0.30000001192092896,0.20000000298023224,0.20000000298023224,0.15000000596046448,0.15000000596046448,1.0,1.0,1.0,1.0
complex_fixed_v018_r4,closed_loop,complex,full,1,0.18,False,4.339212871,1785051206.0189772,0.6495167531282285,0.027354947602939717,0.04827104059340793,0.17694117652134644,-0.030216064804910927,0.6841323429311371,0.18,-0.15368053421787686,21.0,0.615448715299521,0.007945662677692342,1.615329491615192,0.023322936310821735,2.632609375173092,0.04259634311683447,0.5958365201950073,0.16828085482120514,0.11828085780143738,0.7809711694717407,1.0,0,ROW_FOLLOW,,1.0,132.0,143.0,-0.03260047733783722,-0.01794096827507019,0.0,0.2821945250034332,0.0,-0.3180764615535736,0.0,0.523809552192688,0.6857142448425293,0.9766899347305298,0.9423165321350098,1.0,0.4285714328289032,0.7809711694717407,0.30000001192092896,0.20000000298023224,0.20000000298023224,0.15000000596046448,0.15000000596046448,1.0,1.0,1.0,1.0
complex_fixed_v018_r4,closed_loop,complex,full,1,0.18,False,4.389308709,1785051206.0690732,0.6566306247243225,0.028964548152257043,0.046607154556085974,0.1776244784914421,-0.04669927989920788,0.6956976167156114,0.18,-0.15661702369646188,21.0,0.6326634114572179,0.0081496876060652,1.632541990536376,0.023672573610496798,2.64108869809329,0.04105015526639147,0.594624400138855,0.1606328934431076,0.11063289642333984,0.798572301864624,1.0,0,ROW_FOLLOW,,1.0,133.0,134.0,-0.0316954106092453,-0.018658429384231567,0.0,0.28145813941955566,0.0,-0.3187749981880188,0.0,0.5714285969734192,0.7119047045707703,0.9741623401641846,0.9328686594963074,1.0,0.4761904776096344,0.798572301864624,0.30000001192092896,0.20000000298023224,0.20000000298023224,0.15000000596046448,0.15000000596046448,1.0,1.0,1.0,1.0
complex_fixed_v018_r4,closed_loop,complex,full,1,0.18,False,4.439838383,1785051206.1196027,0.6649522409928724,0.02930419289278111,0.044751869806828985,0.17795119499350834,-0.03296823233472685,0.7040431092733189,0.18,-0.1575209092294776,21.0,0.6326634114572179,0.0081496876060652,1.632541990536376,0.023672573610496798,2.64108869809329,0.04105015526639147,0.594624400138855,0.1606328934431076,0.11063289642333984,0.798572301864624,1.0,0,ROW_FOLLOW,,1.0,133.0,134.0,-0.0316954106092453,-0.018658429384231567,0.0,0.28145813941955566,0.0,-0.3187749981880188,0.0,0.5714285969734192,0.7119047045707703,0.9741623401641846,0.9328686594963074,1.0,0.4761904776096344,0.798572301864624,0.30000001192092896,0.20000000298023224,0.20000000298023224,0.15000000596046448,0.15000000596046448,1.0,1.0,1.0,1.0
complex_fixed_v018_r4,closed_loop,complex,full,1,0.18,False,4.48946227,1785051206.1692266,0.6758613590139065,0.031061001297599807,0.04296070433932766,0.17715400449863491,-0.04435821856049733,0.715337378728767,0.18,-0.15763410928299493,21.0,0.6493097552591679,0.009128639486111126,1.6491868566380663,0.024757740463945594,2.6490639504322626,0.04038684017114282,0.5952907204627991,0.16693870723247528,0.11693871021270752,0.8134211301803589,1.0,0,ROW_FOLLOW,,1.0,139.0,142.0,-0.02973969653248787,-0.01845817267894745,0.0,0.2823423445224762,0.0,-0.3192586898803711,0.0,0.6031745672225952,0.7380951642990112,0.9729058146476746,0.9351238012313843,1.0,0.523809552192688,0.8134211301803589,0.30000001192092896,0.20000000298023224,0.20000000298023224,0.15000000596046448,0.15000000596046448,1.0,1.0,1.0,1.0
complex_fixed_v018_r4,closed_loop,complex,full,1,0.18,False,4.539927782,1785051206.2196922,0.6845111252303699,0.03137778449003488,0.04082307653781438,0.1769922634848965,-0.04440098628067428,0.7240115407771557,0.18,-0.15831807032460052,21.0,0.6493097552591679,0.009128639486111126,1.6491868566380663,0.024757740463945594,2.6490639504322626,0.04038684017114282,0.5952907204627991,0.16693870723247528,0.11693871021270752,0.8134211301803589,1.0,0,ROW_FOLLOW,,1.0,139.0,142.0,-0.02973969653248787,-0.01845817267894745,0.0,0.2823423445224762,0.0,-0.3192586898803711,0.0,0.6031745672225952,0.7380951642990112,0.9729058146476746,0.9351238012313843,1.0,0.523809552192688,0.8134211301803589,0.30000001192092896,0.20000000298023224,0.20000000298023224,0.15000000596046448,0.15000000596046448,1.0,1.0,1.0,1.0
complex_fixed_v018_r4,closed_loop,complex,full,1,0.18,False,4.589581782,1785051206.2693462,0.6924924298651365,0.032006469490866926,0.038046745342312324,0.17708386073529608,-0.030868901311602512,0.7354881216140678,0.18,-0.14359788776920684,21.0,0.6660137316060694,0.011057443634306259,1.665915281024837,0.02504649335768273,2.6658167790436607,0.0390355395816524,0.5937066078186035,0.16575975716114044,0.11575976014137268,0.8086338043212891,1.0,0,ROW_FOLLOW,,1.0,142.0,147.0,-0.026267342269420624,-0.017977163195610046,0.0,0.2826598584651947,0.0,-0.3186141848564148,0.0,0.5714285969734192,0.764285683631897,0.9721856117248535,0.9327391386032104,1.0,0.5714285969734192,0.8086338043212891,0.30000001192092896,0.20000000298023224,0.20000000298023224,0.15000000596046448,0.15000000596046448,1.0,1.0,1.0,1.0
complex_fixed_v018_r4,closed_loop,complex,full,1,0.18,False,4.640320966,1785051206.3200855,0.7058707030802668,0.0339545728842095,0.036261505200257296,0.17796795282696146,-0.04861357450022608,0.7491444811453245,0.18,-0.1483504778596284,21.0,0.6660137316060694,0.011057443634306259,1.665915281024837,0.02504649335768273,2.6658167790436607,0.0390355395816524,0.5937066078186035,0.16575975716114044,0.11575976014137268,0.8086338043212891,1.0,0,ROW_FOLLOW,,1.0,142.0,147.0,-0.026267342269420624,-0.017977163195610046,0.0,0.2826598584651947,0.0,-0.3186141848564148,0.0,0.5714285969734192,0.764285683631897,0.9721856117248535,0.9327391386032104,1.0,0.5714285969734192,0.8086338043212891,0.30000001192092896,0.20000000298023224,0.20000000298023224,0.15000000596046448,0.15000000596046448,1.0,1.0,1.0,1.0
complex_fixed_v018_r4,closed_loop,complex,full,1,0.18,False,4.689486056,1785051206.3692505,0.7153543291544134,0.03420942901235899,0.03219697936539312,0.18208436045119847,-0.08210651876701398,0.7586636925761923,0.18,-0.1408199377805181,20.0,0.68477900164745,0.013386953089586082,1.6896933892339527,0.026492329499374297,2.6179477884525646,0.038586824773157564,0.5946592688560486,0.16620595753192902,0.11620596051216125,0.8140275478363037,1.0,0,ROW_FOLLOW,,1.0,135.0,137.0,-0.02123136632144451,-0.01826949417591095,0.0,0.28418073058128357,0.0,-0.32071971893310547,0.0,0.5952380895614624,0.764285683631897,0.9681507349014282,0.926458477973938,1.0,0.5714285969734192,0.8140275478363037,0.30000001192092896,0.20000000298023224,0.20000000298023224,0.15000000596046448,0.15000000596046448,1.0,1.0,1.0,1.0
complex_fixed_v018_r4,closed_loop,complex,full,1,0.18,False,4.739130583,1785051206.418895,0.7236302288210965,0.034371752809812896,0.029634870202268623,0.18184026387835178,-0.06664477238703102,0.7669855411513189,0.18,-0.14006168418967357,20.0,0.68477900164745,0.013386953089586082,1.6896933892339527,0.026492329499374297,2.6179477884525646,0.038586824773157564,0.5946592688560486,0.16620595753192902,0.11620596051216125,0.8140275478363037,1.0,0,ROW_FOLLOW,,1.0,135.0,137.0,-0.02123136632144451,-0.01826949417591095,0.0,0.28418073058128357,0.0,-0.32071971893310547,0.0,0.5952380895614624,0.764285683631897,0.9681507349014282,0.926458477973938,1.0,0.5714285969734192,0.8140275478363037,0.30000001192092896,0.20000000298023224,0.20000000298023224,0.15000000596046448,0.15000000596046448,1.0,1.0,1.0,1.0
complex_fixed_v018_r4,closed_loop,complex,full,1,0.18,False,4.789182099,1785051206.4689465,0.7264047005701474,0.03428474849905416,0.02514748096377685,0.18090699584515063,-0.07524667130679656,0.7698726739424696,0.18,-0.12063157539907647,21.0,0.7043133278854784,0.015274298034461625,1.7092430602451953,0.027123564054387945,2.7032887130208847,0.0378640143750049,0.5929871797561646,0.15853409469127655,0.10853409767150879,0.8220330476760864,1.0,0,ROW_FOLLOW,,1.0,136.0,135.0,-0.01622672565281391,-0.01779976487159729,0.0,0.28547772765159607,0.0,-0.32107725739479065,0.0,0.6269841194152832,0.764285683631897,0.964756190776825,0.9208623170852661,1.0,0.5714285969734192,0.8220330476760864,0.30000001192092896,0.20000000298023224,0.20000000298023224,0.15000000596046448,0.15000000596046448,1.0,1.0,1.0,1.0
complex_fixed_v018_r4,closed_loop,complex,full,1,0.18,False,4.839158733,1785051206.5189233,0.7259907504294091,0.03415169391317997,0.0220482774094486,0.18075124677682877,-0.0781485009822005,0.7703791143270101,0.18,-0.11521417029686644,21.0,0.7043133278854784,0.015274298034461625,1.7092430602451953,0.027123564054387945,2.7032887130208847,0.0378640143750049,0.5929871797561646,0.15853409469127655,0.10853409767150879,0.8220330476760864,1.0,0,ROW_FOLLOW,,1.0,136.0,135.0,-0.01622672565281391,-0.01779976487159729,0.0,0.28547772765159607,0.0,-0.32107725739479065,0.0,0.6269841194152832,0.764285683631897,0.964756190776825,0.9208623170852661,1.0,0.5714285969734192,0.8220330476760864,0.30000001192092896,0.20000000298023224,0.20000000298023224,0.15000000596046448,0.15000000596046448,1.0,1.0,1.0,1.0
complex_fixed_v018_r4,closed_loop,complex,full,1,0.18,False,4.889561779,1785051206.5693262,0.7524299131109201,0.03396100383265533,0.017239032650899322,0.1877194978440359,-0.05847857721471742,0.7969163599718178,0.18,-0.10470633576508391,19.0,0.7186906538991941,0.01646507395485276,1.6186370303267121,0.026233306225033493,2.6185777476942413,0.03706343642740376,0.5989325642585754,0.15705884993076324,0.10705885291099548,0.7982136011123657,1.0,0,ROW_FOLLOW,,1.0,127.0,125.0,-0.008977701887488365,-0.01682218909263611,0.0,0.28749802708625793,0.0,-0.32114240527153015,0.0,0.579365074634552,0.7119047045707703,0.9638163447380066,0.9283990263938904,1.0,0.4761904776096344,0.7982136011123657,0.30000001192092896,0.20000000298023224,0.20000000298023224,0.15000000596046448,0.15000000596046448,1.0,1.0,1.0,1.0
complex_fixed_v018_r4,closed_loop,complex,full,1,0.18,False,4.939299878,1785051206.6190643,0.7613106814466895,0.034040724260756494,0.015008981374658335,0.18753748160618827,-0.06242959529463609,0.8058183025500171,0.18,-0.10393464166950327,19.0,0.7186906538991941,0.01646507395485276,1.6186370303267121,0.026233306225033493,2.6185777476942413,0.03706343642740376,0.5989325642585754,0.15705884993076324,0.10705885291099548,0.7982136011123657,1.0,0,ROW_FOLLOW,,1.0,127.0,125.0,-0.008977701887488365,-0.01682218909263611,0.0,0.28749802708625793,0.0,-0.32114240527153015,0.0,0.579365074634552,0.7119047045707703,0.9638163447380066,0.9283990263938904,1.0,0.4761904776096344,0.7982136011123657,0.30000001192092896,0.20000000298023224,0.20000000298023224,0.15000000596046448,0.15000000596046448,1.0,1.0,1.0,1.0
complex_fixed_v018_r4,closed_loop,complex,full,1,0.18,False,4.989163356,1785051206.6689277,0.7715412101450199,0.03287855893105448,0.01072178640691046,0.190728495524627,-0.06380573879000627,0.8161546305624438,0.18,-0.08679949992188055,21.0,0.7371481651040585,0.017156878140975083,1.7370982862747473,0.027149957365984856,2.7425418102304118,0.03745559699084931,0.5966313481330872,0.1635238379240036,0.11352384090423584,0.8080779314041138,1.0,0,ROW_FOLLOW,,1.0,130.0,133.0,-0.0025331443175673485,-0.016253754496574402,0.0,0.2888510227203369,0.0,-0.3213585317134857,0.0,0.6111111044883728,0.7119047045707703,0.9665865302085876,0.9269759654998779,1.0,0.4761904776096344,0.8080779314041138,0.30000001192092896,0.20000000298023224,0.20000000298023224,0.15000000596046448,0.15000000596046448,1.0,1.0,1.0,1.0
complex_fixed_v018_r4,closed_loop,complex,full,1,0.18,False,5.040375194,1785051206.7201395,0.7808555902980644,0.033324829840827956,0.00805103769171467,0.18933783138392654,-0.07811806682173651,0.8255656495186812,0.18,-0.08741276585772005,21.0,0.7371481651040585,0.017156878140975083,1.7370982862747473,0.027149957365984856,2.7425418102304118,0.03745559699084931,0.5966313481330872,0.1635238379240036,0.11352384090423584,0.8080779314041138,1.0,0,ROW_FOLLOW,,1.0,130.0,133.0,-0.0025331443175673485,-0.016253754496574402,0.0,0.2888510227203369,0.0,-0.3213585317134857,0.0,0.6111111044883728,0.7119047045707703,0.9665865302085876,0.9269759654998779,1.0,0.4761904776096344,0.8080779314041138,0.30000001192092896,0.20000000298023224,0.20000000298023224,0.15000000596046448,0.15000000596046448,1.0,1.0,1.0,1.0
complex_fixed_v018_r4,closed_loop,complex,full,1,0.18,False,5.089272596,1785051206.769037,0.7856519830344002,0.0340642957957955,0.003550441631490211,0.18278313307654045,-0.09773619756800496,0.8389504464742459,0.18,-0.08102361637935665,21.0,0.7562104459800989,0.01739129634372572,1.7561644057299681,0.0269919649733029,2.7711466715599435,0.03662999169316758,0.5972647666931152,0.16323326528072357,0.11323326826095581,0.8011866807937622,1.0,0,ROW_FOLLOW,,1.0,146.0,132.0,0.003713364712893963,-0.016081541776657104,0.0,0.2897525429725647,0.0,-0.3219156265258789,0.0,0.579365074634552,0.7380951642990112,0.9611999988555908,0.9167879819869995,1.0,0.523809552192688,0.8011866807937622,0.30000001192092896,0.20000000298023224,0.20000000298023224,0.15000000596046448,0.15000000596046448,1.0,1.0,1.0,1.0
complex_fixed_v018_r4,closed_loop,complex,full,1,0.18,False,5.139840127,1785051206.8196044,0.7947290446476406,0.03399617376022171,6.092163883897329e-05,0.18284724663829238,-0.07869993199565488,0.8480590492102693,0.18,-0.07758295709764093,21.0,0.7562104459800989,0.01739129634372572,1.7561644057299681,0.0269919649733029,2.7711466715599435,0.03662999169316758,0.5972647666931152,0.16323326528072357,0.11323326826095581,0.8011866807937622,1.0,0,ROW_FOLLOW,,1.0,146.0,132.0,0.003713364712893963,-0.016081541776657104,0.0,0.2897525429725647,0.0,-0.3219156265258789,0.0,0.579365074634552,0.7380951642990112,0.9611999988555908,0.9167879819869995,1.0,0.523809552192688,0.8011866807937622,0.30000001192092896,0.20000000298023224,0.20000000298023224,0.15000000596046448,0.15000000596046448,1.0,1.0,1.0,1.0
complex_fixed_v018_r4,closed_loop,complex,full,1,0.18,False,5.189238503,1785051206.869003,0.8062081751680322,0.03408741833562378,-0.00399552403235548,0.17893963605447621,-0.07103799739171278,0.8595959835631799,0.18,-0.0671908885254564,20.0,0.7798666801900788,0.018174413394900623,1.7798308781507108,0.026431291619924736,2.713131601169934,0.03404950139555255,0.5984659194946289,0.16300223767757416,0.1130022406578064,0.804659366607666,1.0,0,ROW_FOLLOW,,1.0,110.0,116.0,0.008035987615585327,-0.014586284756660461,0.0,0.2917492985725403,0.0,-0.3209218680858612,0.0,0.5714285969734192,0.764285683631897,0.962718665599823,0.9188657402992249,1.0,0.5714285969734192,0.804659366607666,0.30000001192092896,0.20000000298023224,0.20000000298023224,0.15000000596046448,0.15000000596046448,1.0,1.0,1.0,1.0
complex_fixed_v018_r4,closed_loop,complex,full,1,0.18,False,5.239752305,1785051206.9195166,0.8081571318329759,0.03318689463550112,-0.006941426597535385,0.1753247095886458,-0.06860791620106453,0.8755632816846308,0.18,-0.058334169596440166,20.0,0.7798666801900788,0.018174413394900623,1.7798308781507108,0.026431291619924736,2.713131601169934,0.03404950139555255,0.5984659194946289,0.16300223767757416,0.1130022406578064,0.804659366607666,1.0,0,ROW_FOLLOW,,1.0,110.0,116.0,0.008035987615585327,-0.014586284756660461,0.0,0.2917492985725403,0.0,-0.3209218680858612,0.0,0.5714285969734192,0.764285683631897,0.962718665599823,0.9188657402992249,1.0,0.5714285969734192,0.804659366607666,0.30000001192092896,0.20000000298023224,0.20000000298023224,0.15000000596046448,0.15000000596046448,1.0,1.0,1.0,1.0
complex_fixed_v018_r4,closed_loop,complex,full,1,0.18,False,5.289159961,1785051206.9689245,0.817010982921225,0.033003256784166504,-0.011827456365829388,0.17623135204019355,-0.0945097569308543,0.8844622456208789,0.18,-0.04791709189419234,21.0,0.7954283254627676,0.019302277722917257,1.7954091610506138,0.02427496448961107,2.7945390294266517,0.02846921307189008,0.6022517085075378,0.15400011837482452,0.10400012135505676,0.8025531768798828,1.0,0,ROW_FOLLOW,,1.0,91.0,97.0,0.010266421362757683,-0.012032479047775269,0.0,0.2945404052734375,0.0,-0.31860536336898804,0.0,0.6111111044883728,0.6857142448425293,0.9690463542938232,0.921784520149231,1.0,0.4285714328289032,0.8025531768798828,0.30000001192092896,0.20000000298023224,0.20000000298023224,0.15000000596046448,0.15000000596046448,1.0,1.0,1.0,1.0
complex_fixed_v018_r4,closed_loop,complex,full,1,0.18,False,5.339466941,1785051207.0192316,0.8229290559298181,0.03277936541806716,-0.01565358621137535,0.17684812868081853,-0.0882736548054057,0.8904514613300858,0.18,-0.04222759892020005,21.0,0.7954283254627676,0.019302277722917257,1.7954091610506138,0.02427496448961107,2.7945390294266517,0.02846921307189008,0.6022517085075378,0.15400011837482452,0.10400012135505676,0.8025531768798828,1.0,0,ROW_FOLLOW,,1.0,91.0,97.0,0.010266421362757683,-0.012032479047775269,0.0,0.2945404052734375,0.0,-0.31860536336898804,0.0,0.6111111044883728,0.6857142448425293,0.9690463542938232,0.921784520149231,1.0,0.4285714328289032,0.8025531768798828,0.30000001192092896,0.20000000298023224,0.20000000298023224,0.15000000596046448,0.15000000596046448,1.0,1.0,1.0,1.0
complex_fixed_v018_r4,closed_loop,complex,full,1,0.18,False,5.390338866,1785051207.0701034,0.8349751782273364,0.033747430928931434,-0.020522256647259592,0.17687959982246862,-0.07889523146780804,0.9027463699773124,0.18,-0.031223655260063217,20.0,0.8094107738788416,0.020969712926350536,1.8094047984285793,0.023625908161061793,2.7760655696051253,0.026277469059471693,0.6063105463981628,0.16219575703144073,0.11219576001167297,0.762454628944397,1.0,0,ROW_FOLLOW,,1.0,81.0,85.0,0.021292606368660927,-0.010498598217964172,0.0,0.2957901954650879,0.0,-0.31678739190101624,0.0,0.4841269552707672,0.6595237255096436,0.9693406224250793,0.9429574608802795,1.0,0.380952388048172,0.762454628944397,0.30000001192092896,0.20000000298023224,0.20000000298023224,0.15000000596046448,0.15000000596046448,1.0,1.0,1.0,1.0
complex_fixed_v018_r4,closed_loop,complex,full,1,0.18,False,5.439158441,1785051207.1189227,0.8431296849076375,0.03349174219807131,-0.02348464313211318,0.16994943368966225,-0.07518181828490342,0.9109326576568301,0.18,-0.030531173147433796,20.0,0.8094107738788416,0.020969712926350536,1.8094047984285793,0.023625908161061793,2.7760655696051253,0.026277469059471693,0.6063105463981628,0.16219575703144073,0.11219576001167297,0.762454628944397,1.0,0,ROW_FOLLOW,,1.0,81.0,85.0,0.021292606368660927,-0.010498598217964172,0.0,0.2957901954650879,0.0,-0.31678739190101624,0.0,0.4841269552707672,0.6595237255096436,0.9693406224250793,0.9429574608802795,1.0,0.380952388048172,0.762454628944397,0.30000001192092896,0.20000000298023224,0.20000000298023224,0.15000000596046448,0.15000000596046448,1.0,1.0,1.0,1.0
complex_fixed_v018_r4,closed_loop,complex,full,1,0.18,False,5.489837528,1785051207.1696022,0.8517781391107513,0.03294348867311812,-0.028079834662226404,0.1706535531652,-0.078231604160558,0.9205885253504777,0.18,-0.012700767685196436,20.0,0.8247793966651585,0.021839988074301625,1.8297651075047838,0.025657042811599685,2.791417915935577,0.029379875339884926,0.6075866222381592,0.16474105417728424,0.11474105715751648,0.7562007904052734,1.0,0,ROW_FOLLOW,,1.0,101.0,91.0,0.035413358360528946,-0.011245712637901306,0.0,0.29533109068870544,0.0,-0.31782251596450806,0.0,0.4523809552192688,0.6595237255096436,0.9711740612983704,0.962313175201416,1.0,0.380952388048172,0.7562007904052734,0.30000001192092896,0.20000000298023224,0.20000000298023224,0.15000000596046448,0.15000000596046448,1.0,1.0,1.0,1.0
complex_fixed_v018_r4,closed_loop,complex,full,1,0.18,False,5.539159454,1785051207.2189238,0.8660078878209047,0.03426125469445825,-0.03179853255534492,0.1741715396123242,-0.0912399446484556,0.9350946815881154,0.18,-0.017537946180455108,20.0,0.8247793966651585,0.021839988074301625,1.8297651075047838,0.025657042811599685,2.791417915935577,0.029379875339884926,0.6075866222381592,0.16474105417728424,0.11474105715751648,0.7562007904052734,1.0,0,ROW_FOLLOW,,1.0,101.0,91.0,0.035413358360528946,-0.011245712637901306,0.0,0.29533109068870544,0.0,-0.31782251596450806,0.0,0.4523809552192688,0.6595237255096436,0.9711740612983704,0.962313175201416,1.0,0.380952388048172,0.7562007904052734,0.30000001192092896,0.20000000298023224,0.20000000298023224,0.15000000596046448,0.15000000596046448,1.0,1.0,1.0,1.0
complex_fixed_v018_r4,closed_loop,complex,full,1,0.18,False,5.589449921,1785051207.2692144,0.8749842547289843,0.03381160654860311,-0.03513998563323284,0.17449273251445221,-0.040939228435365925,0.9441405022236169,0.18,-0.0004630736333892048,19.0,0.8440975459516711,0.02227329993147732,1.7440725459203943,0.02834567686735365,2.777376813168415,0.03539487885941019,0.6078264117240906,0.16415269672870636,0.1141526997089386,0.7339494228363037,1.0,0,ROW_FOLLOW,,1.0,101.0,96.0,0.04361584037542343,-0.01178734004497528,0.0,0.2948322594165802,0.0,-0.31840693950653076,0.0,0.3968254327774048,0.6333332657814026,0.970180869102478,0.9613269567489624,1.0,0.3333333432674408,0.7339494228363037,0.30000001192092896,0.20000000298023224,0.20000000298023224,0.15000000596046448,0.15000000596046448,1.0,1.0,1.0,1.0
complex_fixed_v018_r4,closed_loop,complex,full,1,0.18,False,5.639182036,1785051207.3189466,0.8768751813883732,0.0336377789117796,-0.03706735598506628,0.17594326046947542,-0.04134298355440827,0.9460887322737789,0.18,0.0029834053445164975,19.0,0.8440975459516711,0.02227329993147732,1.7440725459203943,0.02834567686735365,2.777376813168415,0.03539487885941019,0.6078264117240906,0.16415269672870636,0.1141526997089386,0.7339494228363037,1.0,0,ROW_FOLLOW,,1.0,101.0,96.0,0.04361584037542343,-0.01178734004497528,0.0,0.2948322594165802,0.0,-0.31840693950653076,0.0,0.3968254327774048,0.6333332657814026,0.970180869102478,0.9613269567489624,1.0,0.3333333432674408,0.7339494228363037,0.30000001192092896,0.20000000298023224,0.20000000298023224,0.15000000596046448,0.15000000596046448,1.0,1.0,1.0,1.0
complex_fixed_v018_r4,closed_loop,complex,full,1,0.18,False,5.689192271,1785051207.3689566,0.8836209709966396,0.030374385741839337,-0.03957866073566585,0.17486823463030632,-0.038632922866084426,0.9584829887779205,0.18,0.02663191228185271,19.0,0.8614408994943222,0.02113681070090462,1.761385981654507,0.030832851330284766,2.827986922001885,0.04238494171641899,0.6082867980003357,0.1724252551794052,0.12242525815963745,0.7449272871017456,1.0,0,ROW_FOLLOW,,1.0,91.0,79.0,0.0532226487994194,-0.011934220790863037,0.0,0.29444003105163574,0.0,-0.3183084726333618,0.0,0.4126983880996704,0.6595237255096436,0.9718867540359497,0.9655711650848389,1.0,0.380952388048172,0.7449272871017456,0.30000001192092896,0.20000000298023224,0.20000000298023224,0.15000000596046448,0.15000000596046448,1.0,1.0,1.0,1.0
complex_fixed_v018_r4,closed_loop,complex,full,1,0.18,False,5.739163593,1785051207.4189281,0.8923842944331175,0.02996908047369545,-0.04164002576567192,0.17522719846393436,-0.041411783689847964,0.9672737736158552,0.18,0.0307127648189936,19.0,0.8614408994943222,0.02113681070090462,1.761385981654507,0.030832851330284766,2.827986922001885,0.04238494171641899,0.6082867980003357,0.1724252551794052,0.12242525815963745,0.7449272871017456,1.0,0,ROW_FOLLOW,,1.0,91.0,79.0,0.0532226487994194,-0.011934220790863037,0.0,0.29444003105163574,0.0,-0.3183084726333618,0.0,0.4126983880996704,0.6595237255096436,0.9718867540359497,0.9655711650848389,1.0,0.380952388048172,0.7449272871017456,0.30000001192092896,0.20000000298023224,0.20000000298023224,0.15000000596046448,0.15000000596046448,1.0,1.0,1.0,1.0
complex_fixed_v018_r4,closed_loop,complex,full,1,0.18,False,5.789786838,1785051207.4695513,0.9082926202023526,0.02949531614466622,-0.04530607405839062,0.1806423310467361,-0.058922519055587076,0.9833108645986973,0.18,0.03436025070107986,20.0,0.8779003934567725,0.019457738577500914,1.8778010128523193,0.03311832136380344,2.892297264947978,0.05239776052353411,0.6073263883590698,0.1584366112947464,0.10843661427497864,0.7539423704147339,1.0,0,ROW_FOLLOW,,1.0,85.0,99.0,0.061640962958335876,-0.012772247195243835,0.0,0.2941548228263855,0.0,-0.31969931721687317,0.0,0.4523809552192688,0.6595237255096436,0.9676111340522766,0.9520072937011719,1.0,0.380952388048172,0.7539423704147339,0.30000001192092896,0.20000000298023224,0.20000000298023224,0.15000000596046448,0.15000000596046448,1.0,1.0,1.0,1.0
complex_fixed_v018_r4,closed_loop,complex,full,1,0.18,False,5.839191263,1785051207.5189557,0.9171295856726828,0.029048508804517977,-0.04689401346155499,0.18042998359391416,-0.03864247571564749,0.992173304924359,0.18,0.03791031889334248,20.0,0.8779003934567725,0.019457738577500914,1.8778010128523193,0.03311832136380344,2.892297264947978,0.05239776052353411,0.6073263883590698,0.1584366112947464,0.10843661427497864,0.7539423704147339,1.0,0,ROW_FOLLOW,,1.0,85.0,99.0,0.061640962958335876,-0.012772247195243835,0.0,0.2941548228263855,0.0,-0.31969931721687317,0.0,0.4523809552192688,0.6595237255096436,0.9676111340522766,0.9520072937011719,1.0,0.380952388048172,0.7539423704147339,0.30000001192092896,0.20000000298023224,0.20000000298023224,0.15000000596046448,0.15000000596046448,1.0,1.0,1.0,1.0
complex_fixed_v018_r4,closed_loop,complex,full,1,0.18,False,5.889585317,1785051207.5693495,0.9265684559219405,0.028496603379514967,-0.04964922561920651,0.17994686591538533,-0.06255675812503875,1.001677058681941,0.18,0.03980087098491374,21.0,0.8949680596568422,0.01765315440793557,1.8948415956604645,0.03350441308564737,2.9170716939066046,0.04828322824673604,0.6075235605239868,0.1640768200159073,0.11407682299613953,0.7668344974517822,1.0,0,ROW_FOLLOW,,1.0,96.0,84.0,0.06409738957881927,-0.012009918689727783,0.0,0.29482758045196533,0.0,-0.3188474178314209,0.0,0.4761904776096344,0.6857142448425293,0.9697771668434143,0.9525269269943237,1.0,0.4285714328289032,0.7668344974517822,0.30000001192092896,0.20000000298023224,0.20000000298023224,0.15000000596046448,0.15000000596046448,1.0,1.0,1.0,1.0
complex_fixed_v018_r4,closed_loop,complex,full,1,0.18,False,5.940174001,1785051207.6199384,0.932170828687878,0.02793646302839291,-0.05234871468600444,0.17795280531692648,-0.05587229182311735,1.0137149759216424,0.18,0.04605906663273888,21.0,0.8949680596568422,0.01765315440793557,1.8948415956604645,0.03350441308564737,2.9170716939066046,0.04828322824673604,0.6075235605239868,0.1640768200159073,0.11407682299613953,0.7668344974517822,1.0,0,ROW_FOLLOW,,1.0,96.0,84.0,0.06409738957881927,-0.012009918689727783,0.0,0.29482758045196533,0.0,-0.3188474178314209,0.0,0.4761904776096344,0.6857142448425293,0.9697771668434143,0.9525269269943237,1.0,0.4285714328289032,0.7668344974517822,0.30000001192092896,0.20000000298023224,0.20000000298023224,0.15000000596046448,0.15000000596046448,1.0,1.0,1.0,1.0
complex_fixed_v018_r4,closed_loop,complex,full,1,0.18,False,5.989613115,1785051207.6693776,0.9388920127111183,0.028549168621785363,-0.05595251548178481,0.1756834245304695,-0.05969462521906846,1.025808520384893,0.18,0.04577739510988067,20.0,0.9140834413073401,0.016917781714459252,1.918958027118727,0.03272958579447473,2.8805043764431626,0.04788050518697773,0.6067551374435425,0.17016957700252533,0.12016957998275757,0.7515196800231934,1.0,0,ROW_FOLLOW,,1.0,87.0,91.0,0.06840646266937256,-0.011315315961837769,0.0,0.29519426822662354,0.0,-0.3178249001502991,0.0,0.460317462682724,0.6333332657814026,0.9706061482429504,0.9509104490280151,1.0,0.3333333432674408,0.7515196800231934,0.30000001192092896,0.20000000298023224,0.20000000298023224,0.15000000596046448,0.15000000596046448,1.0,1.0,1.0,1.0
complex_fixed_v018_r4,closed_loop,complex,full,1,0.18,False,6.039265291,1785051207.7190297,0.9512009875633362,0.026828589490148692,-0.05752180251359552,0.17766830491331184,-0.030234839465064885,1.0383498406294642,0.18,0.055617677027584515,20.0,0.9140834413073401,0.016917781714459252,1.918958027118727,0.03272958579447473,2.8805043764431626,0.04788050518697773,0.6067551374435425,0.17016957700252533,0.12016957998275757,0.7515196800231934,1.0,0,ROW_FOLLOW,,1.0,87.0,91.0,0.06840646266937256,-0.011315315961837769,0.0,0.29519426822662354,0.0,-0.3178249001502991,0.0,0.460317462682724,0.6333332657814026,0.9706061482429504,0.9509104490280151,1.0,0.3333333432674408,0.7515196800231934,0.30000001192092896,0.20000000298023224,0.20000000298023224,0.15000000596046448,0.15000000596046448,1.0,1.0,1.0,1.0
complex_fixed_v018_r4,closed_loop,complex,full,1,0.18,False,6.089212484,1785051207.768977,0.960526149940237,0.026191506145292788,-0.05968224049139167,0.17882152043183008,-0.03754342914319797,1.0477361166551247,0.18,0.061378015521394706,20.0,0.9336562463769841,0.016922707787507537,1.9435535148369423,0.031296019862586816,2.9001234162442437,0.04487736484338245,0.6072600483894348,0.16474072635173798,0.11474072933197021,0.7564977407455444,1.0,0,ROW_FOLLOW,,1.0,89.0,96.0,0.07188262045383453,-0.009634718298912048,0.0,0.2965063154697418,0.0,-0.3157757520675659,0.0,0.460317462682724,0.6595237255096436,0.9698439240455627,0.9501928687095642,1.0,0.380952388048172,0.7564977407455444,0.30000001192092896,0.20000000298023224,0.20000000298023224,0.15000000596046448,0.15000000596046448,1.0,1.0,1.0,1.0
complex_fixed_v018_r4,closed_loop,complex,full,1,0.18,False,6.139158045,1785051207.8189225,0.9625306962052559,0.026019249179231076,-0.06056052593840766,0.18073058195581215,-0.007770481134777741,1.0497719477517538,0.18,0.06333966394869776,20.0,0.9336562463769841,0.016922707787507537,1.9435535148369423,0.031296019862586816,2.9001234162442437,0.04487736484338245,0.6072600483894348,0.16474072635173798,0.11474072933197021,0.7564977407455444,1.0,0,ROW_FOLLOW,,1.0,89.0,96.0,0.07188262045383453,-0.009634718298912048,0.0,0.2965063154697418,0.0,-0.3157757520675659,0.0,0.460317462682724,0.6595237255096436,0.9698439240455627,0.9501928687095642,1.0,0.380952388048172,0.7564977407455444,0.30000001192092896,0.20000000298023224,0.20000000298023224,0.15000000596046448,0.15000000596046448,1.0,1.0,1.0,1.0
complex_fixed_v018_r4,closed_loop,complex,full,1,0.18,False,6.189138903,1785051207.8689034,0.9766839067246257,0.026545188926843193,-0.06177526362621411,0.17877461292929137,-0.004613217828131981,1.064102792537619,0.18,0.061211045650445044,21.0,0.9487461186350409,0.017497262186536616,1.9586742913366717,0.029222296910666537,2.962526655856656,0.034117233862260676,0.6049613952636719,0.1652268022298813,0.11522680521011353,0.7427264451980591,1.0,0,ROW_FOLLOW,,1.0,118.0,99.0,0.06876315176486969,-0.007268458604812622,0.0,0.2983654737472534,0.0,-0.31290239095687866,0.0,0.4126983880996704,0.6595237255096436,0.9735852479934692,0.9486342072486877,1.0,0.380952388048172,0.7427264451980591,0.30000001192092896,0.20000000298023224,0.20000000298023224,0.15000000596046448,0.15000000596046448,1.0,1.0,1.0,1.0
complex_fixed_v018_r4,closed_loop,complex,full,1,0.18,False,6.239245941,1785051207.9190104,0.9853971143782603,0.025963287724209135,-0.06305813521268266,0.1800560880625325,-0.01046036700889907,1.0728478083521282,0.18,0.06499066958780345,21.0,0.9487461186350409,0.017497262186536616,1.9586742913366717,0.029222296910666537,2.962526655856656,0.034117233862260676,0.6049613952636719,0.1652268022298813,0.11522680521011353,0.7427264451980591,1.0,0,ROW_FOLLOW,,1.0,118.0,99.0,0.06876315176486969,-0.007268458604812622,0.0,0.2983654737472534,0.0,-0.31290239095687866,0.0,0.4126983880996704,0.6595237255096436,0.9735852479934692,0.9486342072486877,1.0,0.380952388048172,0.7427264451980591,0.30000001192092896,0.20000000298023224,0.20000000298023224,0.15000000596046448,0.15000000596046448,1.0,1.0,1.0,1.0
complex_fixed_v018_r4,closed_loop,complex,full,1,0.18,False,6.2891395,1785051207.968904,0.995487035463167,0.026047455850581682,-0.06505587885689182,0.18934006471875037,-0.021241849886054036,1.083212819308985,0.18,0.07308028945566711,21.0,0.96674974873451,0.019415235854470487,1.97170961827844,0.02735396375615023,2.97442832832163,0.03104825080455143,0.6069771647453308,0.17676998674869537,0.1267699897289276,0.7480039596557617,1.0,0,ROW_FOLLOW,,1.0,104.0,114.0,0.0669550821185112,-0.004306226968765259,0.0,0.30093932151794434,0.0,-0.30955177545547485,0.0,0.4285714328289032,0.6595237255096436,0.9761940836906433,0.9485928416252136,1.0,0.380952388048172,0.7480039596557617,0.30000001192092896,0.20000000298023224,0.20000000298023224,0.15000000596046448,0.15000000596046448,1.0,1.0,1.0,1.0
complex_fixed_v018_r4,closed_loop,complex,full,1,0.18,False,6.341594257,1785051208.0213585,1.004618130963146,0.025403697984138513,-0.06684484924168245,0.18882109660196686,-0.05130697244769273,1.0923829459443473,0.18,0.07806199467054321,21.0,0.96674974873451,0.019415235854470487,1.97170961827844,0.02735396375615023,2.97442832832163,0.03104825080455143,0.6069771647453308,0.17676998674869537,0.1267699897289276,0.7480039596557617,1.0,0,ROW_FOLLOW,,1.0,104.0,114.0,0.0669550821185112,-0.004306226968765259,0.0,0.30093932151794434,0.0,-0.30955177545547485,0.0,0.4285714328289032,0.6595237255096436,0.9761940836906433,0.9485928416252136,1.0,0.380952388048172,0.7480039596557617,0.30000001192092896,0.20000000298023224,0.20000000298023224,0.15000000596046448,0.15000000596046448,1.0,1.0,1.0,1.0
complex_fixed_v018_r4,closed_loop,complex,full,1,0.18,False,6.389776469,1785051208.069541,1.0171955910787494,0.025500721335264244,-0.06786886840520405,0.19130085839364236,-0.018377998615798443,1.1049921717064801,0.18,0.08767986269861094,20.0,0.9845136355014787,0.022003012240858155,1.9845025688717017,0.025478557583922225,2.9178260005759746,0.02860372644618452,0.6015240550041199,0.15196149051189423,0.10196149349212646,0.761367678642273,1.0,0,ROW_FOLLOW,,1.0,106.0,112.0,0.0671738013625145,-0.00046102702617645264,0.0,0.30320289731025696,0.0,-0.30412495136260986,0.0,0.4682539999485016,0.6857142448425293,0.9726011157035828,0.9281891584396362,1.0,0.4285714328289032,0.761367678642273,0.30000001192092896,0.20000000298023224,0.20000000298023224,0.15000000596046448,0.15000000596046448,1.0,1.0,1.0,1.0
complex_fixed_v018_r4,closed_loop,complex,full,1,0.18,False,6.439232128,1785051208.1189964,1.025362499967778,0.0231937762404914,-0.06934508167288067,0.19071960473306357,-0.039542662715014956,1.115876761965742,0.18,0.10109993869020166,20.0,0.9845136355014787,0.022003012240858155,1.9845025688717017,0.025478557583922225,2.9178260005759746,0.02860372644618452,0.6015240550041199,0.15196149051189423,0.10196149349212646,0.761367678642273,1.0,0,ROW_FOLLOW,,1.0,106.0,112.0,0.0671738013625145,-0.00046102702617645264,0.0,0.30320289731025696,0.0,-0.30412495136260986,0.0,0.4682539999485016,0.6857142448425293,0.9726011157035828,0.9281891584396362,1.0,0.4285714328289032,0.761367678642273,0.30000001192092896,0.20000000298023224,0.20000000298023224,0.15000000596046448,0.15000000596046448,1.0,1.0,1.0,1.0
complex_fixed_v018_r4,closed_loop,complex,full,1,0.18,False,6.489192249,1785051208.1689568,1.0344738277626158,0.02252560028333178,-0.07078345249151408,0.18940699597447583,-0.010487431421125576,1.1250254870271634,0.18,0.11563993087147807,20.0,1.0054414498185142,0.02445459456830502,2.010439207603536,0.024525777701070093,2.9721038390345806,0.024527792803151486,0.5998733639717102,0.1556442528963089,0.10564425587654114,0.7641093730926514,1.0,0,ROW_FOLLOW,,1.0,122.0,119.0,0.06789933890104294,0.0029061585664749146,0.0,0.30568137764930725,0.0,-0.2998690605163574,0.0,0.4920634627342224,0.6595237255096436,0.9743638038635254,0.9314184784889221,1.0,0.380952388048172,0.7641093730926514,0.30000001192092896,0.20000000298023224,0.20000000298023224,0.15000000596046448,0.15000000596046448,1.0,1.0,1.0,1.0
complex_fixed_v018_r4,closed_loop,complex,full,1,0.18,False,6.539506302,1785051208.2192707,1.0417912808353234,0.021970167025398713,-0.07162920410057484,0.1874681831986453,-0.013768378470721586,1.1323792916664341,0.18,0.11969982655762317,20.0,1.0054414498185142,0.02445459456830502,2.010439207603536,0.024525777701070093,2.9721038390345806,0.024527792803151486,0.5998733639717102,0.1556442528963089,0.10564425587654114,0.7641093730926514,1.0,0,ROW_FOLLOW,,1.0,122.0,119.0,0.06789933890104294,0.0029061585664749146,0.0,0.30568137764930725,0.0,-0.2998690605163574,0.0,0.4920634627342224,0.6595237255096436,0.9743638038635254,0.9314184784889221,1.0,0.380952388048172,0.7641093730926514,0.30000001192092896,0.20000000298023224,0.20000000298023224,0.15000000596046448,0.15000000596046448,1.0,1.0,1.0,1.0
complex_fixed_v018_r4,closed_loop,complex,full,1,0.18,False,6.589242097,1785051208.2690065,1.041788599235935,0.021933645624569977,-0.07306609578043012,0.18521822498722187,-0.03589501980667596,1.1324159113860084,0.18,0.1292540879165999,20.0,1.0239358508507352,0.026455229922476384,2.033931048549397,0.02396306977162298,3.0239263955230533,0.02154373703979447,0.6001895070075989,0.16323597729206085,0.11323598027229309,0.7727046012878418,1.0,0,ROW_FOLLOW,,1.0,110.0,107.0,0.06737031042575836,0.0063835978507995605,0.0,0.30821263790130615,0.0,-0.29544544219970703,0.0,0.523809552192688,0.6595237255096436,0.9751035571098328,0.9242416620254517,1.0,0.380952388048172,0.7727046012878418,0.30000001192092896,0.20000000298023224,0.20000000298023224,0.15000000596046448,0.15000000596046448,1.0,1.0,1.0,1.0
complex_fixed_v018_r4,closed_loop,complex,full,1,0.18,False,6.639295021,1785051208.3190594,1.0422824335887806,0.02185330358326802,-0.07361310251190334,0.18545966834488073,-0.020118481792749474,1.1329295898699467,0.18,0.13049480790762683,20.0,1.0239358508507352,0.026455229922476384,2.033931048549397,0.02396306977162298,3.0239263955230533,0.02154373703979447,0.6001895070075989,0.16323597729206085,0.11323598027229309,0.7727046012878418,1.0,0,ROW_FOLLOW,,1.0,110.0,107.0,0.06737031042575836,0.0063835978507995605,0.0,0.30821263790130615,0.0,-0.29544544219970703,0.0,0.523809552192688,0.6595237255096436,0.9751035571098328,0.9242416620254517,1.0,0.380952388048172,0.7727046012878418,0.30000001192092896,0.20000000298023224,0.20000000298023224,0.15000000596046448,0.15000000596046448,1.0,1.0,1.0,1.0
complex_fixed_v018_r4,closed_loop,complex,full,1,0.18,False,6.689228774,1785051208.3689933,1.0422803188899095,0.021825614444482902,-0.07468183535196225,0.185821429047334,-0.008681087136848703,1.1329573596451374,0.18,0.13993782412329622,20.0,1.0365101187364747,0.028534327109674355,2.046498484295537,0.02393580648071279,3.0364869871001368,0.019410115399064246,0.5967996716499329,0.1657777577638626,0.11577776074409485,0.7603975534439087,1.0,0,ROW_FOLLOW,,1.0,114.0,120.0,0.0681648701429367,0.009344041347503662,0.0,0.3106074929237366,0.0,-0.29191941022872925,0.0,0.4761904776096344,0.6595237255096436,0.9787819385528564,0.932528018951416,1.0,0.380952388048172,0.7603975534439087,0.30000001192092896,0.20000000298023224,0.20000000298023224,0.15000000596046448,0.15000000596046448,1.0,1.0,1.0,1.0
complex_fixed_v018_r4,closed_loop,complex,full,1,0.18,False,6.739153054,1785051208.4189174,1.0828910222060204,0.02043394638992293,-0.07473089313630688,0.18597671149277295,0.008726389779419046,1.17360340940955,0.18,0.14835919809856687,20.0,1.0365101187364747,0.028534327109674355,2.046498484295537,0.02393580648071279,3.0364869871001368,0.019410115399064246,0.5967996716499329,0.1657777577638626,0.11577776074409485,0.7603975534439087,1.0,0,ROW_FOLLOW,,1.0,114.0,120.0,0.0681648701429367,0.009344041347503662,0.0,0.3106074929237366,0.0,-0.29191941022872925,0.0,0.4761904776096344,0.6595237255096436,0.9787819385528564,0.932528018951416,1.0,0.380952388048172,0.7603975534439087,0.30000001192092896,0.20000000298023224,0.20000000298023224,0.15000000596046448,0.15000000596046448,1.0,1.0,1.0,1.0
complex_fixed_v018_r4,closed_loop,complex,full,1,0.18,False,6.789187354,1785051208.4689517,1.088809249271205,0.019011108941978,-0.07533573375958107,0.1796406983876501,-0.014501254600333082,1.1854307124457788,0.18,0.16684658394663432,21.0,1.055713991498428,0.0308520801110275,2.060694835018914,0.024708061156554717,3.0829296328238778,0.01872605770594334,0.5962302684783936,0.16169871389865875,0.11169871687889099,0.7722089290618896,1.0,0,ROW_FOLLOW,,1.0,116.0,120.0,0.06807616353034973,0.012619182467460632,0.0,0.31260934472084045,0.0,-0.2873709797859192,0.0,0.5,0.6857142448425293,0.9797936677932739,0.9273820519447327,1.0,0.4285714328289032,0.7722089290618896,0.30000001192092896,0.20000000298023224,0.20000000298023224,0.15000000596046448,0.15000000596046448,1.0,1.0,1.0,1.0
complex_fixed_v018_r4,closed_loop,complex,full,1,0.18,False,6.83927452,1785051208.519039,1.0976048357871406,0.018336997838944342,-0.07576403461077022,0.17926385217945495,0.0020891958860903975,1.1942558743287757,0.18,0.1721542473353616,21.0,1.055713991498428,0.0308520801110275,2.060694835018914,0.024708061156554717,3.0829296328238778,0.01872605770594334,0.5962302684783936,0.16169871389865875,0.11169871687889099,0.7722089290618896,1.0,0,ROW_FOLLOW,,1.0,116.0,120.0,0.06807616353034973,0.012619182467460632,0.0,0.31260934472084045,0.0,-0.2873709797859192,0.0,0.5,0.6857142448425293,0.9797936677932739,0.9273820519447327,1.0,0.4285714328289032,0.7722089290618896,0.30000001192092896,0.20000000298023224,0.20000000298023224,0.15000000596046448,0.15000000596046448,1.0,1.0,1.0,1.0
complex_fixed_v018_r4,closed_loop,complex,full,1,0.18,False,6.889236882,1785051208.5690012,1.1065306149498513,0.01764628012936621,-0.0760414335984341,0.1795461469374712,-0.0045512131750811095,1.203213377293741,0.18,0.1841693933727301,21.0,1.0743221679135293,0.03225608888790265,2.074305520747894,0.026775265247647995,3.0902835257208365,0.022759177327233003,0.5977245569229126,0.16660214960575104,0.11660215258598328,0.7772846221923828,1.0,0,ROW_FOLLOW,,1.0,112.0,113.0,0.07314534485340118,0.014219686388969421,0.0,0.3137522339820862,0.0,-0.28531286120414734,0.0,0.4920635223388672,0.7119047045707703,0.9792521595954895,0.942894697189331,1.0,0.4761904776096344,0.7772846221923828,0.30000001192092896,0.20000000298023224,0.20000000298023224,0.15000000596046448,0.15000000596046448,1.0,1.0,1.0,1.0
complex_fixed_v018_r4,closed_loop,complex,full,1,0.18,False,6.939117769,1785051208.6188824,1.106748081770805,0.017606627811443686,-0.07681195876648952,0.17946904000330619,-0.007886359575541887,1.2034537582876461,0.18,0.18556644705246106,21.0,1.0743221679135293,0.03225608888790265,2.074305520747894,0.026775265247647995,3.0902835257208365,0.022759177327233003,0.5977245569229126,0.16660214960575104,0.11660215258598328,0.7772846221923828,1.0,0,ROW_FOLLOW,,1.0,112.0,113.0,0.07314534485340118,0.014219686388969421,0.0,0.3137522339820862,0.0,-0.28531286120414734,0.0,0.4920635223388672,0.7119047045707703,0.9792521595954895,0.942894697189331,1.0,0.4761904776096344,0.7772846221923828,0.30000001192092896,0.20000000298023224,0.20000000298023224,0.15000000596046448,0.15000000596046448,1.0,1.0,1.0,1.0
complex_fixed_v018_r4,closed_loop,complex,full,1,0.18,False,6.989850234,1785051208.6696146,1.128440060651615,0.01619063277324475,-0.07698276487352684,0.17957988383223308,0.013600488708580617,1.225211762263435,0.18,0.19942484743842898,21.0,1.0958155717813838,0.033111078473095856,2.0958023174385403,0.02825155761360428,3.0957890840132585,0.02339202538237349,0.5935410261154175,0.15757335722446442,0.10757336020469666,0.7793458700180054,1.0,0,ROW_FOLLOW,,1.0,115.0,102.0,0.07264111191034317,0.01614077389240265,0.0,0.31475940346717834,0.0,-0.28247785568237305,0.0,0.523809552192688,0.6857142448425293,0.9760735630989075,0.9323027729988098,1.0,0.4285714328289032,0.7793458700180054,0.30000001192092896,0.20000000298023224,0.20000000298023224,0.15000000596046448,0.15000000596046448,1.0,1.0,1.0,1.0
complex_fixed_v018_r4,closed_loop,complex,full,1,0.18,False,7.039436936,1785051208.7192013,1.137710896950172,0.01547872876436596,-0.07688237031988221,0.18464092584984954,-0.003812001630817322,1.234512832201958,0.18,0.20506497142195457,21.0,1.0958155717813838,0.033111078473095856,2.0958023174385403,0.02825155761360428,3.0957890840132585,0.02339202538237349,0.5935410261154175,0.15757335722446442,0.10757336020469666,0.7793458700180054,1.0,0,ROW_FOLLOW,,1.0,115.0,102.0,0.07264111191034317,0.01614077389240265,0.0,0.31475940346717834,0.0,-0.28247785568237305,0.0,0.523809552192688,0.6857142448425293,0.9760735630989075,0.9323027729988098,1.0,0.4285714328289032,0.7793458700180054,0.30000001192092896,0.20000000298023224,0.20000000298023224,0.15000000596046448,0.15000000596046448,1.0,1.0,1.0,1.0
complex_fixed_v018_r4,closed_loop,complex,full,1,0.18,False,7.089185116,1785051208.7689495,1.1455002737458135,0.015341330098877573,-0.076991879234805,0.1859198346089124,-0.008642521904647501,1.2423584193452597,0.18,0.2067282478318443,20.0,1.1140622929644495,0.032965302940286795,2.1190575495211466,0.030293001493756296,3.0473866591098395,0.02787390226961692,0.5905792713165283,0.15458978712558746,0.1045897901058197,0.7811475992202759,1.0,0,ROW_FOLLOW,,1.0,121.0,127.0,0.07638375461101532,0.01712942123413086,0.0,0.31525570154190063,0.0,-0.2809968590736389,0.0,0.5317460298538208,0.6857142448425293,0.9720832109451294,0.9337620735168457,1.0,0.4285714328289032,0.7811475992202759,0.30000001192092896,0.20000000298023224,0.20000000298023224,0.15000000596046448,0.15000000596046448,1.0,1.0,1.0,1.0
complex_fixed_v018_r4,closed_loop,complex,full,1,0.18,False,7.139298298,1785051208.8190627,1.1546290818036018,0.014642598790525225,-0.07712226653356294,0.18597048993270665,0.005043895479344743,1.2515154418403824,0.18,0.21277606903998272,20.0,1.1140622929644495,0.032965302940286795,2.1190575495211466,0.030293001493756296,3.0473866591098395,0.02787390226961692,0.5905792713165283,0.15458978712558746,0.1045897901058197,0.7811475992202759,1.0,0,ROW_FOLLOW,,1.0,121.0,127.0,0.07638375461101532,0.01712942123413086,0.0,0.31525570154190063,0.0,-0.2809968590736389,0.0,0.5317460298538208,0.6857142448425293,0.9720832109451294,0.9337620735168457,1.0,0.4285714328289032,0.7811475992202759,0.30000001192092896,0.20000000298023224,0.20000000298023224,0.15000000596046448,0.15000000596046448,1.0,1.0,1.0,1.0
complex_fixed_v018_r4,closed_loop,complex,full,1,0.18,False,7.190418614,1785051208.870183,1.160797656645007,0.015251296271165376,-0.07683826373965588,0.18627284569745967,-0.007956455031679882,1.2642022787404128,0.18,0.2152586227159046,21.0,1.1330761094377066,0.03319624798118841,2.138071138609677,0.030455877230564504,3.1307388691686526,0.02586722186221009,0.5899542570114136,0.158855602145195,0.10885560512542725,0.7867593765258789,1.0,0,ROW_FOLLOW,,1.0,127.0,125.0,0.07372011989355087,0.01859647035598755,0.0,0.3164708614349365,0.0,-0.2792779207229614,0.0,0.5555555820465088,0.6857142448425293,0.9700039625167847,0.9263272881507874,1.0,0.4285714328289032,0.7867593765258789,0.30000001192092896,0.20000000298023224,0.20000000298023224,0.15000000596046448,0.15000000596046448,1.0,1.0,1.0,1.0
complex_fixed_v018_r4,closed_loop,complex,full,1,0.18,False,7.239370322,1785051208.9191346,1.1699089896000905,0.014558884518467818,-0.07667020160497141,0.18438832543045566,-0.00955801090652993,1.2733416190395053,0.18,0.2129296842313627,21.0,1.1330761094377066,0.03319624798118841,2.138071138609677,0.030455877230564504,3.1307388691686526,0.02586722186221009,0.5899542570114136,0.158855602145195,0.10885560512542725,0.7867593765258789,1.0,0,ROW_FOLLOW,,1.0,127.0,125.0,0.07372011989355087,0.01859647035598755,0.0,0.3164708614349365,0.0,-0.2792779207229614,0.0,0.5555555820465088,0.6857142448425293,0.9700039625167847,0.9263272881507874,1.0,0.4285714328289032,0.7867593765258789,0.30000001192092896,0.20000000298023224,0.20000000298023224,0.15000000596046448,0.15000000596046448,1.0,1.0,1.0,1.0
complex_fixed_v018_r4,closed_loop,complex,full,1,0.18,False,7.289256041,1785051208.9690204,1.1808781473724517,0.014631840088192013,-0.07705634341932077,0.1910383621524648,-0.03686875293363516,1.2845346143512033,0.18,0.21448921126232776,20.0,1.1547021393030075,0.03386284449417442,2.1596973433701128,0.031156930446112795,3.1213593818302114,0.02855970578568813,0.5908218622207642,0.1647108644247055,0.11471086740493774,0.7885578870773315,1.0,0,ROW_FOLLOW,,1.0,119.0,130.0,0.07240864634513855,0.020389795303344727,0.0,0.31790298223495483,0.0,-0.2771233916282654,0.0,0.5396825671195984,0.7119047045707703,0.9726449251174927,0.9316210150718689,1.0,0.4761904776096344,0.7885578870773315,0.30000001192092896,0.20000000298023224,0.20000000298023224,0.15000000596046448,0.15000000596046448,1.0,1.0,1.0,1.0
complex_fixed_v018_r4,closed_loop,complex,full,1,0.18,False,7.339208323,1785051209.0189726,1.1899681052026734,0.013947837199063458,-0.07646248960059275,0.19050090893110036,-0.0026561958098654864,1.29365578475661,0.18,0.2194483493837485,20.0,1.1547021393030075,0.03386284449417442,2.1596973433701128,0.031156930446112795,3.1213593818302114,0.02855970578568813,0.5908218622207642,0.1647108644247055,0.11471086740493774,0.7885578870773315,1.0,0,ROW_FOLLOW,,1.0,119.0,130.0,0.07240864634513855,0.020389795303344727,0.0,0.31790298223495483,0.0,-0.2771233916282654,0.0,0.5396825671195984,0.7119047045707703,0.9726449251174927,0.9316210150718689,1.0,0.4761904776096344,0.7885578870773315,0.30000001192092896,0.20000000298023224,0.20000000298023224,0.15000000596046448,0.15000000596046448,1.0,1.0,1.0,1.0
complex_fixed_v018_r4,closed_loop,complex,full,1,0.18,False,7.390058167,1785051209.0698225,1.202554405333828,0.012429329663261891,-0.07606120874536738,0.18888070150917674,0.015817078247430214,1.3063707947123455,0.18,0.22422218137271743,21.0,1.1721250359598387,0.03462254471505338,2.172120128551018,0.03177975523203646,3.1723331887967827,0.029973310090373406,0.5880484580993652,0.15708525478839874,0.10708525776863098,0.7945594787597656,1.0,0,ROW_FOLLOW,,1.0,125.0,139.0,0.07521342486143112,0.0209333598613739,0.0,0.31813061237335205,0.0,-0.27626389265060425,0.0,0.5476190447807312,0.7380951642990112,0.9680866003036499,0.9269163012504578,1.0,0.523809552192688,0.7945594787597656,0.30000001192092896,0.20000000298023224,0.20000000298023224,0.15000000596046448,0.15000000596046448,1.0,1.0,1.0,1.0
complex_fixed_v018_r4,closed_loop,complex,full,1,0.18,False,7.439218713,1785051209.1189833,1.2114517500063307,0.011767060972984234,-0.07560668278188579,0.19044475522765797,0.0054098376924467725,1.3152968550741013,0.18,0.2355213448238116,21.0,1.1721250359598387,0.03462254471505338,2.172120128551018,0.03177975523203646,3.1723331887967827,0.029973310090373406,0.5880484580993652,0.15708525478839874,0.10708525776863098,0.7945594787597656,1.0,0,ROW_FOLLOW,,1.0,125.0,139.0,0.07521342486143112,0.0209333598613739,0.0,0.31813061237335205,0.0,-0.27626389265060425,0.0,0.5476190447807312,0.7380951642990112,0.9680866003036499,0.9269163012504578,1.0,0.523809552192688,0.7945594787597656,0.30000001192092896,0.20000000298023224,0.20000000298023224,0.15000000596046448,0.15000000596046448,1.0,1.0,1.0,1.0
complex_fixed_v018_r4,closed_loop,complex,full,1,0.18,False,7.49047769,1785051209.170242,1.2241433586052937,0.010966774606905896,-0.07450551600479072,0.18829173193693083,0.039687191054949555,1.3281409310148673,0.18,0.23512695100574849,20.0,1.1910319289221283,0.0344911534950265,2.191027881996966,0.03338477584823169,3.1576905229924948,0.032311992651200314,0.5884257555007935,0.15275456011295319,0.10275456309318542,0.8018245697021484,1.0,0,ROW_FOLLOW,,1.0,131.0,138.0,0.07728291302919388,0.02107563614845276,0.0,0.31787800788879395,0.0,-0.2757267355918884,0.0,0.5714285969734192,0.7380951642990112,0.9689310193061829,0.926605224609375,1.0,0.523809552192688,0.8018245697021484,0.30000001192092896,0.20000000298023224,0.20000000298023224,0.15000000596046448,0.15000000596046448,1.0,1.0,1.0,1.0
complex_fixed_v018_r4,closed_loop,complex,full,1,0.18,False,7.539173006,1785051209.2189374,1.2318126834778753,0.010424592200707333,-0.07361334287560428,0.1917555799009889,0.027731625981159296,1.3358383864367054,0.18,0.24283115193475396,20.0,1.1910319289221283,0.0344911534950265,2.191027881996966,0.03338477584823169,3.1576905229924948,0.032311992651200314,0.5884257555007935,0.15275456011295319,0.10275456309318542,0.8018245697021484,1.0,0,ROW_FOLLOW,,1.0,131.0,138.0,0.07728291302919388,0.02107563614845276,0.0,0.31787800788879395,0.0,-0.2757267355918884,0.0,0.5714285969734192,0.7380951642990112,0.9689310193061829,0.926605224609375,1.0,0.523809552192688,0.8018245697021484,0.30000001192092896,0.20000000298023224,0.20000000298023224,0.15000000596046448,0.15000000596046448,1.0,1.0,1.0,1.0
complex_fixed_v018_r4,closed_loop,complex,full,1,0.18,False,7.589274477,1785051209.269039,1.240035408864027,0.0101273013400291,-0.0732665365055669,0.18817474729479736,-0.0034148953111651135,1.3454666023159654,0.18,0.23561480444248192,21.0,1.2110780129329892,0.033331782186906696,2.2110770213249022,0.033340390851009934,3.2109123821141163,0.031472979032009525,0.5877333283424377,0.15393246710300446,0.1039324700832367,0.8014228343963623,1.0,0,ROW_FOLLOW,,1.0,136.0,132.0,0.0721927136182785,0.02182862162590027,0.0,0.3181841969490051,0.0,-0.2745269536972046,0.0,0.5873015522956848,0.7119047045707703,0.967912495136261,0.9284600615501404,1.0,0.4761904776096344,0.8014228343963623,0.30000001192092896,0.20000000298023224,0.20000000298023224,0.15000000596046448,0.15000000596046448,1.0,1.0,1.0,1.0
complex_fixed_v018_r4,closed_loop,complex,full,1,0.18,False,7.639203142,1785051209.3189676,1.2485774960621074,0.009535087286580741,-0.07150080723872905,0.1865036868570645,0.017165028043932794,1.3540448561934453,0.18,0.23899247493290554,21.0,1.2110780129329892,0.033331782186906696,2.2110770213249022,0.033340390851009934,3.2109123821141163,0.031472979032009525,0.5877333283424377,0.15393246710300446,0.1039324700832367,0.8014228343963623,1.0,0,ROW_FOLLOW,,1.0,136.0,132.0,0.0721927136182785,0.02182862162590027,0.0,0.3181841969490051,0.0,-0.2745269536972046,0.0,0.5873015522956848,0.7119047045707703,0.967912495136261,0.9284600615501404,1.0,0.4761904776096344,0.8014228343963623,0.30000001192092896,0.20000000298023224,0.20000000298023224,0.15000000596046448,0.15000000596046448,1.0,1.0,1.0,1.0
complex_fixed_v018_r4,closed_loop,complex,full,1,0.18,False,7.689541707,1785051209.369306,1.2563635249796496,0.009967238808170771,-0.06831907214363132,0.1828671452163046,0.043093507544284794,1.3634749567538016,0.18,0.22420889867393318,20.0,1.2305966433255493,0.03233427626616623,2.2305953948024526,0.03319558823897662,3.197260866210464,0.03409327378658357,0.5877182483673096,0.15929783880710602,0.10929784178733826,0.807208776473999,1.0,0,ROW_FOLLOW,,1.0,147.0,138.0,0.0709776058793068,0.02232193946838379,0.0,0.3181818127632141,0.0,-0.27353793382644653,0.0,0.60317462682724,0.7119047045707703,0.9687732458114624,0.9341385364532471,1.0,0.4761904776096344,0.807208776473999,0.30000001192092896,0.20000000298023224,0.20000000298023224,0.15000000596046448,0.15000000596046448,1.0,1.0,1.0,1.0
complex_fixed_v018_r4,closed_loop,complex,full,1,0.18,False,7.739223869,1785051209.4189882,1.2650721616656118,0.009421778155352388,-0.06630150431334457,0.17661566851261878,0.05535966369631943,1.3722180858577533,0.18,0.22685863143263627,20.0,1.2305966433255493,0.03233427626616623,2.2305953948024526,0.03319558823897662,3.197260866210464,0.03409327378658357,0.5877182483673096,0.15929783880710602,0.10929784178733826,0.807208776473999,1.0,0,ROW_FOLLOW,,1.0,147.0,138.0,0.0709776058793068,0.02232193946838379,0.0,0.3181818127632141,0.0,-0.27353793382644653,0.0,0.60317462682724,0.7119047045707703,0.9687732458114624,0.9341385364532471,1.0,0.4761904776096344,0.807208776473999,0.30000001192092896,0.20000000298023224,0.20000000298023224,0.15000000596046448,0.15000000596046448,1.0,1.0,1.0,1.0
complex_fixed_v018_r4,closed_loop,complex,full,1,0.18,False,7.789682438,1785051209.469447,1.2662931718009427,0.009761902394412832,-0.06276509838488312,0.17524325082192133,0.06294691306666403,1.3735282093864583,0.18,0.21489791578138356,21.0,1.2484487069651005,0.03206956708581116,2.2484441799027266,0.033862358371841275,3.248387895245923,0.03598591914213342,0.5876357555389404,0.1663288027048111,0.11632880568504333,0.8015388250350952,1.0,0,ROW_FOLLOW,,1.0,139.0,136.0,0.06876622885465622,0.022592440247535706,0.0,0.31889256834983826,0.0,-0.27370768785476685,0.0,0.579365074634552,0.7119047045707703,0.9713996052742004,0.9404558539390564,1.0,0.4761904776096344,0.8015388250350952,0.30000001192092896,0.20000000298023224,0.20000000298023224,0.15000000596046448,0.15000000596046448,1.0,1.0,1.0,1.0
complex_fixed_v018_r4,closed_loop,complex,full,1,0.18,False,7.839416665,1785051209.519181,1.276582343694639,0.009015674697843397,-0.05989549397827209,0.16159026709560864,0.07668034139543924,1.383876957584013,0.18,0.21767795245080618,21.0,1.2484487069651005,0.03206956708581116,2.2484441799027266,0.033862358371841275,3.248387895245923,0.03598591914213342,0.5876357555389404,0.1663288027048111,0.11632880568504333,0.8015388250350952,1.0,0,ROW_FOLLOW,,1.0,139.0,136.0,0.06876622885465622,0.022592440247535706,0.0,0.31889256834983826,0.0,-0.27370768785476685,0.0,0.579365074634552,0.7119047045707703,0.9713996052742004,0.9404558539390564,1.0,0.4761904776096344,0.8015388250350952,0.30000001192092896,0.20000000298023224,0.20000000298023224,0.15000000596046448,0.15000000596046448,1.0,1.0,1.0,1.0
complex_fixed_v018_r4,closed_loop,complex,full,1,0.18,False,7.889176205,1785051209.5689406,1.2809508877115832,0.008270079968973588,-0.05653275444140649,0.14569083877173397,0.05468000339627572,1.388823864651944,0.18,0.2157339017707054,21.0,1.2633177733194447,0.03177228123182054,2.2633068308332205,0.03602974888705348,3.2706722659055503,0.04293402117240554,0.5868687629699707,0.16356070339679718,0.11356070637702942,0.8001391887664795,1.0,0,ROW_FOLLOW,,1.0,139.0,135.0,0.06372621655464172,0.02230997383594513,0.0,0.31877169013023376,0.0,-0.2741517424583435,0.0,0.5634920597076416,0.7380951642990112,0.9675074219703674,0.933139979839325,1.0,0.523809552192688,0.8001391887664795,0.30000001192092896,0.20000000298023224,0.20000000298023224,0.15000000596046448,0.15000000596046448,1.0,1.0,1.0,1.0
complex_fixed_v018_r4,closed_loop,complex,full,1,0.18,False,7.940310922,1785051209.6200752,1.2898152385248924,0.007842196102805836,-0.05356286458733764,0.14884596679031506,0.0818758327449058,1.39772350704607,0.18,0.21117390902358904,21.0,1.2633177733194447,0.03177228123182054,2.2633068308332205,0.03602974888705348,3.2706722659055503,0.04293402117240554,0.5868687629699707,0.16356070339679718,0.11356070637702942,0.8001391887664795,1.0,0,ROW_FOLLOW,,1.0,139.0,135.0,0.06372621655464172,0.02230997383594513,0.0,0.31877169013023376,0.0,-0.2741517424583435,0.0,0.5634920597076416,0.7380951642990112,0.9675074219703674,0.933139979839325,1.0,0.523809552192688,0.8001391887664795,0.30000001192092896,0.20000000298023224,0.20000000298023224,0.15000000596046448,0.15000000596046448,1.0,1.0,1.0,1.0
complex_fixed_v018_r4,closed_loop,complex,full,1,0.18,False,7.989225189,1785051209.6689897,1.2960612892079464,0.00685799306079845,-0.049178839143380504,0.14787254489427143,0.07841900511883594,1.4083213873968363,0.18,0.21098698830407078,21.0,1.276352392348236,0.03126246732291035,2.276340332982343,0.036011012476792566,3.276328322187872,0.040759557928822916,0.5806718468666077,0.14611394703388214,0.09611395001411438,0.8133068084716797,1.0,0,ROW_FOLLOW,,1.0,142.0,122.0,0.0534292608499527,0.023095175623893738,0.0,0.3197791576385498,0.0,-0.27358880639076233,0.0,0.6111111640930176,0.764285683631897,0.9596295952796936,0.9012691974639893,1.0,0.5714285969734192,0.8133068084716797,0.30000001192092896,0.20000000298023224,0.20000000298023224,0.15000000596046448,0.15000000596046448,1.0,1.0,1.0,1.0
complex_fixed_v018_r4,closed_loop,complex,full,1,0.18,False,8.040194205,1785051209.7199585,1.3049760723530672,0.006489222834079283,-0.046586164666279704,0.15132348827537967,0.07473632540848335,1.4172653339534533,0.18,0.2122951106859319,21.0,1.276352392348236,0.03126246732291035,2.276340332982343,0.036011012476792566,3.276328322187872,0.040759557928822916,0.5806718468666077,0.14611394703388214,0.09611395001411438,0.8133068084716797,1.0,0,ROW_FOLLOW,,1.0,142.0,122.0,0.0534292608499527,0.023095175623893738,0.0,0.3197791576385498,0.0,-0.27358880639076233,0.0,0.6111111640930176,0.764285683631897,0.9596295952796936,0.9012691974639893,1.0,0.5714285969734192,0.8133068084716797,0.30000001192092896,0.20000000298023224,0.20000000298023224,0.15000000596046448,0.15000000596046448,1.0,1.0,1.0,1.0
complex_fixed_v018_r4,closed_loop,complex,full,1,0.18,False,8.089236859,1785051209.7690012,1.3126618849006884,0.005320930440810931,-0.0414622096497368,0.15049155708279427,0.09081143715514317,1.4251220789076346,0.18,0.20611726745078007,20.0,1.2896879066894864,0.03121037700329135,2.289679868519604,0.03442882075956766,3.223006070729589,0.03733639048748986,0.5884655714035034,0.15239228308200836,0.1023922860622406,0.8110013008117676,1.0,0,ROW_FOLLOW,,1.0,132.0,121.0,0.04348169267177582,0.025351807475090027,0.0,0.3221106231212616,0.0,-0.27140700817108154,0.0,0.6031745672225952,0.7380951642990112,0.9713809490203857,0.9210248589515686,1.0,0.523809552192688,0.8110013008117676,0.30000001192092896,0.20000000298023224,0.20000000298023224,0.15000000596046448,0.15000000596046448,1.0,1.0,1.0,1.0
complex_fixed_v018_r4,closed_loop,complex,full,1,0.18,False,8.139105075,1785051209.8188696,1.326569493400623,0.006107340546858387,-0.038382859964236626,0.15585976447603672,0.081538304979836,1.4391696413105473,0.18,0.20269239122331156,20.0,1.2896879066894864,0.03121037700329135,2.289679868519604,0.03442882075956766,3.223006070729589,0.03733639048748986,0.5884655714035034,0.15239228308200836,0.1023922860622406,0.8110013008117676,1.0,0,ROW_FOLLOW,,1.0,132.0,121.0,0.04348169267177582,0.025351807475090027,0.0,0.3221106231212616,0.0,-0.27140700817108154,0.0,0.6031745672225952,0.7380951642990112,0.9713809490203857,0.9210248589515686,1.0,0.523809552192688,0.8110013008117676,0.30000001192092896,0.20000000298023224,0.20000000298023224,0.15000000596046448,0.15000000596046448,1.0,1.0,1.0,1.0
complex_fixed_v018_r4,closed_loop,complex,full,1,0.18,False,8.18930418,1785051209.8690686,1.3353942283329048,0.00601325921298005,-0.03191745604323737,0.15872498456287412,0.1266858712531545,1.4481044250015573,0.18,0.19327554881176173,21.0,1.306411872695412,0.03250231545948586,2.3064100895970885,0.03311232266577493,3.307127219539643,0.034304049122470995,0.5819382667541504,0.14634855091571808,0.09634855389595032,0.7995011806488037,1.0,0,ROW_FOLLOW,,1.0,131.0,121.0,0.03302178159356117,0.029069632291793823,0.0,0.32567256689071655,0.0,-0.2675333023071289,0.0,0.5952380895614624,0.7119047045707703,0.9623495936393738,0.9071930646896362,1.0,0.4761904776096344,0.7995011806488037,0.30000001192092896,0.20000000298023224,0.20000000298023224,0.15000000596046448,0.15000000596046448,1.0,1.0,1.0,1.0
complex_fixed_v018_r4,closed_loop,complex,full,1,0.18,False,8.23922014,1785051209.9189844,1.3393047961576074,0.006138949264610712,-0.026813011129454875,0.16276984547962067,0.13355281764500865,1.452144609197493,0.18,0.18662242882459934,21.0,1.306411872695412,0.03250231545948586,2.3064100895970885,0.03311232266577493,3.307127219539643,0.034304049122470995,0.5819382667541504,0.14634855091571808,0.09634855389595032,0.7995011806488037,1.0,0,ROW_FOLLOW,,1.0,131.0,121.0,0.03302178159356117,0.029069632291793823,0.0,0.32567256689071655,0.0,-0.2675333023071289,0.0,0.5952380895614624,0.7119047045707703,0.9623495936393738,0.9071930646896362,1.0,0.4761904776096344,0.7995011806488037,0.30000001192092896,0.20000000298023224,0.20000000298023224,0.15000000596046448,0.15000000596046448,1.0,1.0,1.0,1.0
complex_fixed_v018_r4,closed_loop,complex,full,1,0.18,False,8.289153094,1785051209.9689176,1.3439293966989925,0.006586166094054163,-0.018908479234551728,0.16464386380296483,0.11177447696887585,1.4653333462273888,0.18,0.1809126033937106,20.0,1.3222513423204882,0.03548451718295374,2.3222499904288885,0.0342345465488133,3.2889153506345252,0.03303533087245549,0.5843795537948608,0.15340973436832428,0.10340973734855652,0.7999755144119263,1.0,0,ROW_FOLLOW,,1.0,114.0,129.0,0.018714621663093567,0.032556936144828796,0.0,0.32916024327278137,0.0,-0.2640463709831238,0.0,0.5952381491661072,0.7119047045707703,0.9650310277938843,0.9067795872688293,1.0,0.4761904776096344,0.7999755144119263,0.30000001192092896,0.20000000298023224,0.20000000298023224,0.15000000596046448,0.15000000596046448,1.0,1.0,1.0,1.0
complex_fixed_v018_r4,closed_loop,complex,full,1,0.18,False,8.340194304,1785051210.0199587,1.3529125409872562,0.006553433384479435,-0.01444773221270878,0.16718543206146852,0.10464294507001373,1.4743555845083927,0.18,0.1783670625811936,20.0,1.3222513423204882,0.03548451718295374,2.3222499904288885,0.0342345465488133,3.2889153506345252,0.03303533087245549,0.5843795537948608,0.15340973436832428,0.10340973734855652,0.7999755144119263,1.0,0,ROW_FOLLOW,,1.0,114.0,129.0,0.018714621663093567,0.032556936144828796,0.0,0.32916024327278137,0.0,-0.2640463709831238,0.0,0.5952381491661072,0.7119047045707703,0.9650310277938843,0.9067795872688293,1.0,0.4761904776096344,0.7999755144119263,0.30000001192092896,0.20000000298023224,0.20000000298023224,0.15000000596046448,0.15000000596046448,1.0,1.0,1.0,1.0
complex_fixed_v018_r4,closed_loop,complex,full,1,0.18,False,8.389570057,1785051210.0693345,1.3746218399974413,0.009093565668943916,-0.008091565531879395,0.16929736847510468,0.10227678128037812,1.4970164868739089,0.18,0.16987047460568977,21.0,1.3382233975602862,0.03849727978790797,2.3382219444707597,0.037397767141259586,3.3397500467242347,0.037348698730323746,0.584605872631073,0.1622258573770523,0.11222586035728455,0.7959028482437134,1.0,0,ROW_FOLLOW,,1.0,119.0,116.0,0.01084151491522789,0.03430694341659546,0.0,0.33065474033355713,0.0,-0.2620408535003662,0.0,0.5714285969734192,0.7119047045707703,0.9701606035232544,0.9204080700874329,1.0,0.4761904776096344,0.7959028482437134,0.30000001192092896,0.20000000298023224,0.20000000298023224,0.15000000596046448,0.15000000596046448,1.0,1.0,1.0,1.0
complex_fixed_v018_r4,closed_loop,complex,full,1,0.18,False,8.439132855,1785051210.1188972,1.3828814886982377,0.009169073924548824,-0.002744556104591124,0.1853639573395929,0.14772964294423951,1.505325911647941,0.18,0.1704011613970901,21.0,1.3382233975602862,0.03849727978790797,2.3382219444707597,0.037397767141259586,3.3397500467242347,0.037348698730323746,0.584605872631073,0.1622258573770523,0.11222586035728455,0.7959028482437134,1.0,0,ROW_FOLLOW,,1.0,119.0,116.0,0.01084151491522789,0.03430694341659546,0.0,0.33065474033355713,0.0,-0.2620408535003662,0.0,0.5714285969734192,0.7119047045707703,0.9701606035232544,0.9204080700874329,1.0,0.4761904776096344,0.7959028482437134,0.30000001192092896,0.20000000298023224,0.20000000298023224,0.15000000596046448,0.15000000596046448,1.0,1.0,1.0,1.0
complex_fixed_v018_r4,closed_loop,complex,full,1,0.18,False,8.489281175,1785051210.1690454,1.3919579629073178,0.009428565667437036,0.004156290206841719,0.18367958346627603,0.1339900585697722,1.514525388645395,0.18,0.17215486128181304,21.0,1.3569361908570476,0.041281578809815166,2.356932830207909,0.041921213548765233,3.3678135057829386,0.04674258959919382,0.5893809199333191,0.17036442458629608,0.12036442756652832,0.8086735010147095,1.0,0,ROW_FOLLOW,,1.0,94.0,115.0,0.0023096627555787563,0.034354329109191895,0.0,0.33158060908317566,0.0,-0.26287195086479187,0.0,0.579365074634552,0.764285683631897,0.975540280342102,0.9126588106155396,1.0,0.5714285969734192,0.8086735010147095,0.30000001192092896,0.20000000298023224,0.20000000298023224,0.15000000596046448,0.15000000596046448,1.0,1.0,1.0,1.0
complex_fixed_v018_r4,closed_loop,complex,full,1,0.18,False,8.539176559,1785051210.218941,1.4032870217671773,0.010315324840927188,0.009376577618627641,0.18809733090539896,0.12697957555625342,1.5259968866839695,0.18,0.16587789337915518,21.0,1.3569361908570476,0.041281578809815166,2.356932830207909,0.041921213548765233,3.3678135057829386,0.04674258959919382,0.5893809199333191,0.17036442458629608,0.12036442756652832,0.8086735010147095,1.0,0,ROW_FOLLOW,,1.0,94.0,115.0,0.0023096627555787563,0.034354329109191895,0.0,0.33158060908317566,0.0,-0.26287195086479187,0.0,0.579365074634552,0.764285683631897,0.975540280342102,0.9126588106155396,1.0,0.5714285969734192,0.8086735010147095,0.30000001192092896,0.20000000298023224,0.20000000298023224,0.15000000596046448,0.15000000596046448,1.0,1.0,1.0,1.0
complex_fixed_v018_r4,closed_loop,complex,full,1,0.18,False,8.589331503,1785051210.269096,1.412549622724748,0.010737611797138693,0.017181245733552074,0.1867876775498288,0.1351184766808897,1.5354057638339613,0.18,0.15592511587638969,21.0,1.3796024992510754,0.042735006040402035,2.3795980772011256,0.04542599081007124,3.3795936543284903,0.04811697743033811,0.5895615816116333,0.16767747700214386,0.1176774799823761,0.8109279870986938,1.0,0,ROW_FOLLOW,,1.0,82.0,127.0,-0.007922826334834099,0.03331708908081055,0.0,0.3304130434989929,0.0,-0.2637788653373718,0.0,0.579365074634552,0.764285683631897,0.9767532348632812,0.9260715246200562,1.0,0.5714285969734192,0.8109279870986938,0.30000001192092896,0.20000000298023224,0.20000000298023224,0.15000000596046448,0.15000000596046448,1.0,1.0,1.0,1.0
complex_fixed_v018_r4,closed_loop,complex,full,1,0.18,False,8.639526033,1785051210.3192904,1.4145164591988195,0.011017858785832866,0.02200517635086241,0.1855012979849591,0.11680519919926738,1.5375127228043122,0.18,0.14836662568126682,21.0,1.3796024992510754,0.042735006040402035,2.3795980772011256,0.04542599081007124,3.3795936543284903,0.04811697743033811,0.5895615816116333,0.16767747700214386,0.1176774799823761,0.8109279870986938,1.0,0,ROW_FOLLOW,,1.0,82.0,127.0,-0.007922826334834099,0.03331708908081055,0.0,0.3304130434989929,0.0,-0.2637788653373718,0.0,0.579365074634552,0.764285683631897,0.9767532348632812,0.9260715246200562,1.0,0.5714285969734192,0.8109279870986938,0.30000001192092896,0.20000000298023224,0.20000000298023224,0.15000000596046448,0.15000000596046448,1.0,1.0,1.0,1.0
complex_fixed_v018_r4,closed_loop,complex,full,1,0.18,False,8.689513228,1785051210.3692777,1.4293430306736719,0.011621645649072561,0.029764598245915163,0.18361964324554592,0.1493771160385844,1.5529069631942114,0.18,0.13741200569181505,21.0,1.400168692968384,0.044325974115863344,2.4001636310561345,0.04604720669985479,3.400158567125395,0.04776843965289824,0.5843420028686523,0.1435142308473587,0.09351423382759094,0.7812113761901855,1.0,0,ROW_FOLLOW,,1.0,84.0,100.0,-0.029061559587717056,0.03455023467540741,0.0,0.3311884105205536,0.0,-0.26208794116973877,0.0,0.5714285969734192,0.6595237255096436,0.9625466465950012,0.9024581909179688,1.0,0.380952388048172,0.7812113761901855,0.30000001192092896,0.20000000298023224,0.20000000298023224,0.15000000596046448,0.15000000596046448,1.0,1.0,1.0,1.0
complex_fixed_v018_r4,closed_loop,complex,full,1,0.18,False,8.739551369,1785051210.4193158,1.4380537373405058,0.012049098242351492,0.036097050438818716,0.17831623526672696,0.17774803947512705,1.5616839483648772,0.18,0.13078412664517705,21.0,1.400168692968384,0.044325974115863344,2.4001636310561345,0.04604720669985479,3.400158567125395,0.04776843965289824,0.5843420028686523,0.1435142308473587,0.09351423382759094,0.7812113761901855,1.0,0,ROW_FOLLOW,,1.0,84.0,100.0,-0.029061559587717056,0.03455023467540741,0.0,0.3311884105205536,0.0,-0.26208794116973877,0.0,0.5714285969734192,0.6595237255096436,0.9625466465950012,0.9024581909179688,1.0,0.380952388048172,0.7812113761901855,0.30000001192092896,0.20000000298023224,0.20000000298023224,0.15000000596046448,0.15000000596046448,1.0,1.0,1.0,1.0
complex_fixed_v018_r4,closed_loop,complex,full,1,0.18,False,8.789199737,1785051210.468964,1.4418158404453483,0.011358818845418386,0.046368851194704665,0.16957761739881017,0.1622409300888684,1.5758395820720457,0.18,0.11434511568268502,20.0,1.4187416086966673,0.04649760462296176,2.4237179859877798,0.043231382291736516,3.352028599767067,0.04002720275586967,0.5820361375808716,0.14735712110996246,0.0973571240901947,0.7476736307144165,1.0,0,ROW_FOLLOW,,1.0,82.0,84.0,-0.05060936138033867,0.038003891706466675,0.0,0.33366817235946655,0.0,-0.2576603889465332,0.0,0.4523809850215912,0.6595237255096436,0.9622718095779419,0.9173346757888794,1.0,0.380952388048172,0.7476736307144165,0.30000001192092896,0.20000000298023224,0.20000000298023224,0.15000000596046448,0.15000000596046448,1.0,1.0,1.0,1.0
complex_fixed_v018_r4,closed_loop,complex,full,1,0.18,False,8.839139667,1785051210.518904,1.4505829524897034,0.011919818843328232,0.05177820856028028,0.17069406901586912,0.15145024578108576,1.5846718189058666,0.18,0.10846259684862813,20.0,1.4187416086966673,0.04649760462296176,2.4237179859877798,0.043231382291736516,3.352028599767067,0.04002720275586967,0.5820361375808716,0.14735712110996246,0.0973571240901947,0.7476736307144165,1.0,0,ROW_FOLLOW,,1.0,82.0,84.0,-0.05060936138033867,0.038003891706466675,0.0,0.33366817235946655,0.0,-0.2576603889465332,0.0,0.4523809850215912,0.6595237255096436,0.9622718095779419,0.9173346757888794,1.0,0.380952388048172,0.7476736307144165,0.30000001192092896,0.20000000298023224,0.20000000298023224,0.15000000596046448,0.15000000596046448,1.0,1.0,1.0,1.0
complex_fixed_v018_r4,closed_loop,complex,full,1,0.18,False,8.889611901,1785051210.5693762,1.4568483703184607,0.012375426183902218,0.06019133201317394,0.15984443012003685,0.1428438014783559,1.5910892333484725,0.18,0.09340039803239322,21.0,1.4347609229037774,0.049502765114731236,2.4396977296113747,0.03976220054585526,3.4327776154770717,0.031244746639916453,0.5792056322097778,0.15492890775203705,0.10492891073226929,0.7430739402770996,1.0,0,ROW_FOLLOW,,1.0,83.0,90.0,-0.0704391747713089,0.04072144627571106,0.0,0.33475250005722046,0.0,-0.25330960750579834,0.0,0.436507910490036,0.6595237255096436,0.9613356590270996,0.919664740562439,1.0,0.380952388048172,0.7430739402770996,0.30000001192092896,0.20000000298023224,0.20000000298023224,0.15000000596046448,0.15000000596046448,1.0,1.0,1.0,1.0
complex_fixed_v018_r4,closed_loop,complex,full,1,0.18,False,8.93972902,1785051210.6194935,1.4653685912339915,0.013066813826566392,0.06647308548663,0.16217438622629388,0.15208495577220482,1.5996953029132943,0.18,0.08546252616203043,21.0,1.4347609229037774,0.049502765114731236,2.4396977296113747,0.03976220054585526,3.4327776154770717,0.031244746639916453,0.5792056322097778,0.15492890775203705,0.10492891073226929,0.7430739402770996,1.0,0,ROW_FOLLOW,,1.0,83.0,90.0,-0.0704391747713089,0.04072144627571106,0.0,0.33475250005722046,0.0,-0.25330960750579834,0.0,0.436507910490036,0.6595237255096436,0.9613356590270996,0.919664740562439,1.0,0.380952388048172,0.7430739402770996,0.30000001192092896,0.20000000298023224,0.20000000298023224,0.15000000596046448,0.15000000596046448,1.0,1.0,1.0,1.0
complex_fixed_v018_r4,closed_loop,complex,full,1,0.18,False,8.989241385,1785051210.6690059,1.4698557352755506,0.012595529980274916,0.07517913984255253,0.16153631722297085,0.16714470816732344,1.6131839108695907,0.18,0.08023842889898145,21.0,1.4518502027262192,0.05288390219054887,2.4567656359046706,0.04001453542273563,3.4583474499452898,0.02693004886551348,0.57966148853302,0.15715451538562775,0.10715451836585999,0.74267578125,1.0,0,ROW_FOLLOW,,1.0,76.0,80.0,-0.08358477801084518,0.04269106686115265,0.0,0.33609509468078613,0.0,-0.25071296095848083,0.0,0.4285714328289032,0.6595237255096436,0.9616518616676331,0.9324618577957153,1.0,0.380952388048172,0.74267578125,0.30000001192092896,0.20000000298023224,0.20000000298023224,0.15000000596046448,0.15000000596046448,1.0,1.0,1.0,1.0
complex_fixed_v018_r4,closed_loop,complex,full,1,0.18,False,9.039456042,1785051210.7192204,1.4786175719156334,0.013424602044511902,0.08167995676752103,0.1638942159049726,0.17876231470159723,1.6220418035749498,0.18,0.0716962764041225,21.0,1.4518502027262192,0.05288390219054887,2.4567656359046706,0.04001453542273563,3.4583474499452898,0.02693004886551348,0.57966148853302,0.15715451538562775,0.10715451836585999,0.74267578125,1.0,0,ROW_FOLLOW,,1.0,76.0,80.0,-0.08358477801084518,0.04269106686115265,0.0,0.33609509468078613,0.0,-0.25071296095848083,0.0,0.4285714328289032,0.6595237255096436,0.9616518616676331,0.9324618577957153,1.0,0.380952388048172,0.74267578125,0.30000001192092896,0.20000000298023224,0.20000000298023224,0.15000000596046448,0.15000000596046448,1.0,1.0,1.0,1.0
complex_fixed_v018_r4,closed_loop,complex,full,1,0.18,False,9.089230559,1785051210.768995,1.4866929922007917,0.014443254590698881,0.09087886127853873,0.1667120164297814,0.1512988752191433,1.6303394894851464,0.18,0.05932155481036495,21.0,1.465450215892127,0.055243101268068105,2.465347774764793,0.041049343296583655,3.465245348940364,0.026855585339288984,0.5809227824211121,0.16418351233005524,0.11418351531028748,0.7445292472839355,1.0,0,ROW_FOLLOW,,1.0,78.0,97.0,-0.10321652889251709,0.0436580628156662,0.0,0.3368527293205261,0.0,-0.24953660368919373,0.0,0.4285714328289032,0.6595237255096436,0.964806318283081,0.9406120777130127,1.0,0.380952388048172,0.7445292472839355,0.30000001192092896,0.20000000298023224,0.20000000298023224,0.15000000596046448,0.15000000596046448,1.0,1.0,1.0,1.0
complex_fixed_v018_r4,closed_loop,complex,full,1,0.18,False,9.139189913,1785051210.8189542,1.4868116616207192,0.014694136086406531,0.09651155633113671,0.16944814371784447,0.12716308519290018,1.6306552574024482,0.18,0.04965664189749279,21.0,1.465450215892127,0.055243101268068105,2.465347774764793,0.041049343296583655,3.465245348940364,0.026855585339288984,0.5809227824211121,0.16418351233005524,0.11418351531028748,0.7445292472839355,1.0,0,ROW_FOLLOW,,1.0,78.0,97.0,-0.10321652889251709,0.0436580628156662,0.0,0.3368527293205261,0.0,-0.24953660368919373,0.0,0.4285714328289032,0.6595237255096436,0.964806318283081,0.9406120777130127,1.0,0.380952388048172,0.7445292472839355,0.30000001192092896,0.20000000298023224,0.20000000298023224,0.15000000596046448,0.15000000596046448,1.0,1.0,1.0,1.0
complex_fixed_v018_r4,closed_loop,complex,full,1,0.18,False,9.189688868,1785051210.8694534,1.4867868878580097,0.014916279210083152,0.10512631121132589,0.1692933626657363,0.1568677216044904,1.6308787782756768,0.18,0.03929275298063911,21.0,1.4775865349549928,0.057743032907288966,2.477469040400921,0.04267149674328341,3.4773515629055964,0.027599963013471767,0.5808311700820923,0.164502814412117,0.11450281739234924,0.7486664056777954,1.0,0,ROW_FOLLOW,,1.0,85.0,87.0,-0.12040866166353226,0.04535917937755585,0.0,0.3375174105167389,0.0,-0.2467990517616272,0.0,0.4285714328289032,0.6857142448425293,0.9626244306564331,0.9361813068389893,1.0,0.4285714328289032,0.7486664056777954,0.30000001192092896,0.20000000298023224,0.20000000298023224,0.15000000596046448,0.15000000596046448,1.0,1.0,1.0,1.0
complex_fixed_v018_r4,closed_loop,complex,full,1,0.18,False,9.240503896,1785051210.9202683,1.5190962148468257,0.025107877244193465,0.11052436868913458,0.1824214880113218,0.13555200709720963,1.6649975663607124,0.18,-0.002903557608617887,21.0,1.4775865349549928,0.057743032907288966,2.477469040400921,0.04267149674328341,3.4773515629055964,0.027599963013471767,0.5808311700820923,0.164502814412117,0.11450281739234924,0.7486664056777954,1.0,0,ROW_FOLLOW,,1.0,85.0,87.0,-0.12040866166353226,0.04535917937755585,0.0,0.3375174105167389,0.0,-0.2467990517616272,0.0,0.4285714328289032,0.6857142448425293,0.9626244306564331,0.9361813068389893,1.0,0.4285714328289032,0.7486664056777954,0.30000001192092896,0.20000000298023224,0.20000000298023224,0.15000000596046448,0.15000000596046448,1.0,1.0,1.0,1.0
complex_fixed_v018_r4,closed_loop,complex,full,1,0.18,False,9.289735836,1785051210.9695,1.5314574042727476,0.02974288872879824,0.11754881800576022,0.19706146502749006,0.12022305946783995,1.6791856634469866,0.18,-0.016893306726374405,19.0,1.495576023641646,0.06279225690956321,2.3954516271416733,0.04787480240110701,3.361985435124822,0.03188899598732074,0.5793959498405457,0.16258366405963898,0.11258366703987122,0.7390166521072388,1.0,0,ROW_FOLLOW,,1.0,80.0,90.0,-0.1310836374759674,0.045821934938430786,0.0,0.33671140670776367,0.0,-0.2450675368309021,0.0,0.4126984179019928,0.6595237255096436,0.9603601098060608,0.9415355920791626,1.0,0.380952388048172,0.7390166521072388,0.30000001192092896,0.20000000298023224,0.20000000298023224,0.15000000596046448,0.15000000596046448,1.0,1.0,1.0,1.0
complex_fixed_v018_r4,closed_loop,complex,full,1,0.18,False,9.339725367,1785051211.0194898,1.5395465408435147,0.030808872205432953,0.12069490638913122,0.1946976112283432,0.08167566311965138,1.6873752578964318,0.18,-0.02258987110307215,19.0,1.495576023641646,0.06279225690956321,2.3954516271416733,0.04787480240110701,3.361985435124822,0.03188899598732074,0.5793959498405457,0.16258366405963898,0.11258366703987122,0.7390166521072388,1.0,0,ROW_FOLLOW,,1.0,80.0,90.0,-0.1310836374759674,0.045821934938430786,0.0,0.33671140670776367,0.0,-0.2450675368309021,0.0,0.4126984179019928,0.6595237255096436,0.9603601098060608,0.9415355920791626,1.0,0.380952388048172,0.7390166521072388,0.30000001192092896,0.20000000298023224,0.20000000298023224,0.15000000596046448,0.15000000596046448,1.0,1.0,1.0,1.0
complex_fixed_v018_r4,closed_loop,complex,full,1,0.18,False,9.389372585,1785051211.0691369,1.547873548938196,0.031978439190093744,0.12338225115622901,0.19110085587139747,0.06123968598512886,1.6958316987819824,0.18,-0.008480420213593532,21.0,1.5159730051946705,0.06909421820561212,2.5158044584611057,0.05081452549889809,3.513671545642099,0.029326200868311777,0.5761363506317139,0.14700110256671906,0.0970011055469513,0.7512298822402954,1.0,0,ROW_FOLLOW,,1.0,80.0,111.0,-0.14273974299430847,0.04526469111442566,0.0,0.33536601066589355,0.0,-0.24483662843704224,0.0,0.4603175222873688,0.6595237255096436,0.9555562138557434,0.9341245293617249,1.0,0.380952388048172,0.7512298822402954,0.30000001192092896,0.20000000298023224,0.20000000298023224,0.15000000596046448,0.15000000596046448,1.0,1.0,1.0,1.0
complex_fixed_v018_r4,closed_loop,complex,full,1,0.18,False,9.439276834,1785051211.1190412,1.5613930141162349,0.032734799489256325,0.12537747004595448,0.20159386606108814,0.03829205148878968,1.709464135695846,0.18,-0.00655331024719845,21.0,1.5159730051946705,0.06909421820561212,2.5158044584611057,0.05081452549889809,3.513671545642099,0.029326200868311777,0.5761363506317139,0.14700110256671906,0.0970011055469513,0.7512298822402954,1.0,0,ROW_FOLLOW,,1.0,80.0,111.0,-0.14273974299430847,0.04526469111442566,0.0,0.33536601066589355,0.0,-0.24483662843704224,0.0,0.4603175222873688,0.6595237255096436,0.9555562138557434,0.9341245293617249,1.0,0.380952388048172,0.7512298822402954,0.30000001192092896,0.20000000298023224,0.20000000298023224,0.15000000596046448,0.15000000596046448,1.0,1.0,1.0,1.0
complex_fixed_v018_r4,closed_loop,complex,full,1,0.18,False,9.489486852,1785051211.1692514,1.5730536124942742,0.028186386196232694,0.12846259739866772,0.2074446152333804,0.04972861607749937,1.725057117403307,0.18,0.023790307642951963,20.0,1.5416658321757535,0.07269208235730637,2.5414971700181166,0.054406185387034754,3.502220818847646,0.035722130284725574,0.5749183297157288,0.15520139038562775,0.10520139336585999,0.7415815591812134,1.0,0,ROW_FOLLOW,,1.0,91.0,112.0,-0.14493246376514435,0.0440317839384079,0.0,0.3334105610847473,0.0,-0.24534699320793152,0.0,0.4285714328289032,0.6595237255096436,0.9530856609344482,0.93658846616745,1.0,0.380952388048172,0.7415815591812134,0.30000001192092896,0.20000000298023224,0.20000000298023224,0.15000000596046448,0.15000000596046448,1.0,1.0,1.0,1.0
complex_fixed_v018_r4,closed_loop,complex,full,1,0.18,False,9.539292666,1785051211.219057,1.581872502805123,0.02943356779367901,0.1303783678748522,0.20266814676466563,0.06443305596984603,1.7339983214457875,0.18,0.021006353952579243,20.0,1.5416658321757535,0.07269208235730637,2.5414971700181166,0.054406185387034754,3.502220818847646,0.035722130284725574,0.5749183297157288,0.15520139038562775,0.10520139336585999,0.7415815591812134,1.0,0,ROW_FOLLOW,,1.0,91.0,112.0,-0.14493246376514435,0.0440317839384079,0.0,0.3334105610847473,0.0,-0.24534699320793152,0.0,0.4285714328289032,0.6595237255096436,0.9530856609344482,0.93658846616745,1.0,0.380952388048172,0.7415815591812134,0.30000001192092896,0.20000000298023224,0.20000000298023224,0.15000000596046448,0.15000000596046448,1.0,1.0,1.0,1.0
complex_fixed_v018_r4,closed_loop,complex,full,1,0.18,False,9.589423385,1785051211.269188,1.5809664892810518,0.026703743568422887,0.133903430108902,0.2034456531059246,0.053119016291457495,1.7536182162689076,0.18,0.00907878208712245,21.0,1.5592272233521918,0.07086615828291772,2.559079864048916,0.05413579675205201,3.556213377493596,0.03909582196639108,0.5769193768501282,0.16079534590244293,0.11079534888267517,0.7410229444503784,1.0,0,ROW_FOLLOW,,1.0,84.0,133.0,-0.14430038630962372,0.04002464562654495,0.0,0.32916346192359924,0.0,-0.24911417067050934,0.0,0.4285714328289032,0.6595237255096436,0.9556359052658081,0.9294636845588684,1.0,0.380952388048172,0.7410229444503784,0.30000001192092896,0.20000000298023224,0.20000000298023224,0.15000000596046448,0.15000000596046448,1.0,1.0,1.0,1.0
complex_fixed_v018_r4,closed_loop,complex,full,1,0.18,False,9.640507798,1785051211.3202722,1.5899877421743265,0.02799424475838736,0.13649588282574765,0.19947205141618665,0.06222924886796502,1.7627544968101756,0.18,0.005056851012770781,21.0,1.5592272233521918,0.07086615828291772,2.559079864048916,0.05413579675205201,3.556213377493596,0.03909582196639108,0.5769193768501282,0.16079534590244293,0.11079534888267517,0.7410229444503784,1.0,0,ROW_FOLLOW,,1.0,84.0,133.0,-0.14430038630962372,0.04002464562654495,0.0,0.32916346192359924,0.0,-0.24911417067050934,0.0,0.4285714328289032,0.6595237255096436,0.9556359052658081,0.9294636845588684,1.0,0.380952388048172,0.7410229444503784,0.30000001192092896,0.20000000298023224,0.20000000298023224,0.15000000596046448,0.15000000596046448,1.0,1.0,1.0,1.0
complex_fixed_v018_r4,closed_loop,complex,full,1,0.18,False,9.689280556,1785051211.369045,1.5955718136957615,0.028931574775525222,0.1414158263545611,0.19532653238007558,0.08420185531190257,1.7685041864922237,0.18,-0.02892755006861117,21.0,1.5757824828613112,0.06666063036953822,2.575701175352743,0.05529980979458971,3.5812444032883732,0.04889615086326063,0.5739672780036926,0.16407130658626556,0.1140713095664978,0.748347282409668,1.0,0,ROW_FOLLOW,,1.0,92.0,117.0,-0.14401619136333466,0.03542505204677582,0.0,0.32422396540641785,0.0,-0.2533738613128662,0.0,0.4523809552192688,0.6595237255096436,0.9550759196281433,0.9314204454421997,1.0,0.380952388048172,0.748347282409668,0.30000001192092896,0.20000000298023224,0.20000000298023224,0.15000000596046448,0.15000000596046448,1.0,1.0,1.0,1.0
complex_fixed_v018_r4,closed_loop,complex,full,1,0.18,False,9.739140996,1785051211.4189053,1.5962803687145717,0.029132748107150008,0.14369941277201465,0.19210123086309938,0.0465231775414869,1.76928993253908,0.18,-0.032932486358467794,21.0,1.5757824828613112,0.06666063036953822,2.575701175352743,0.05529980979458971,3.5812444032883732,0.04889615086326063,0.5739672780036926,0.16407130658626556,0.1140713095664978,0.748347282409668,1.0,0,ROW_FOLLOW,,1.0,92.0,117.0,-0.14401619136333466,0.03542505204677582,0.0,0.32422396540641785,0.0,-0.2533738613128662,0.0,0.4523809552192688,0.6595237255096436,0.9550759196281433,0.9314204454421997,1.0,0.380952388048172,0.748347282409668,0.30000001192092896,0.20000000298023224,0.20000000298023224,0.15000000596046448,0.15000000596046448,1.0,1.0,1.0,1.0
complex_fixed_v018_r4,closed_loop,complex,full,1,0.18,False,9.789904695,1785051211.469669,1.619193072472537,0.03189750412892589,0.14776763638401655,0.19252649196280638,0.07236203973145501,1.7925470254426357,0.18,-0.05593028298303836,20.0,1.586260319565767,0.06247801503455336,2.5912327912995097,0.05873103151729946,3.5195411911613763,0.055461224902947505,0.5755704045295715,0.1570742279291153,0.10707423090934753,0.7503867149353027,1.0,0,ROW_FOLLOW,,1.0,94.0,126.0,-0.14189684391021729,0.029238596558570862,0.0,0.3187847137451172,0.0,-0.26030752062797546,0.0,0.460317462682724,0.6857141852378845,0.9541868567466736,0.8954085111618042,1.0,0.4285714328289032,0.7503867149353027,0.30000001192092896,0.20000000298023224,0.20000000298023224,0.15000000596046448,0.15000000596046448,1.0,1.0,1.0,1.0
complex_fixed_v018_r4,closed_loop,complex,full,1,0.18,False,9.839118267,1785051211.5188828,1.6278199754146196,0.03324129039465152,0.15012329208767516,0.18571543839368015,0.05683964736731904,1.8012995272329095,0.18,-0.061264896946074635,20.0,1.586260319565767,0.06247801503455336,2.5912327912995097,0.05873103151729946,3.5195411911613763,0.055461224902947505,0.5755704045295715,0.1570742279291153,0.10707423090934753,0.7503867149353027,1.0,0,ROW_FOLLOW,,1.0,94.0,126.0,-0.14189684391021729,0.029238596558570862,0.0,0.3187847137451172,0.0,-0.26030752062797546,0.0,0.460317462682724,0.6857141852378845,0.9541868567466736,0.8954085111618042,1.0,0.4285714328289032,0.7503867149353027,0.30000001192092896,0.20000000298023224,0.20000000298023224,0.15000000596046448,0.15000000596046448,1.0,1.0,1.0,1.0
complex_fixed_v018_r4,closed_loop,complex,full,1,0.18,False,9.889201369,1785051211.568966,1.6347943422288294,0.03574984074588446,0.15343894760220023,0.18385956665137063,0.057734110004138646,1.8127461730799534,0.18,-0.09434363549215333,20.0,1.604651003082994,0.05942055137022264,2.6146390970871662,0.06145671227314187,3.571294476816709,0.06353240860130406,0.5765023827552795,0.16261692345142365,0.11261692643165588,0.7687515020370483,1.0,0,ROW_FOLLOW,,1.0,102.0,113.0,-0.1465129554271698,0.02307090163230896,0.0,0.3125287890434265,0.0,-0.2663869857788086,0.0,0.5317460298538208,0.6595236659049988,0.9572077393531799,0.9058761596679688,1.0,0.380952388048172,0.7687515020370483,0.30000001192092896,0.20000000298023224,0.20000000298023224,0.15000000596046448,0.15000000596046448,1.0,1.0,1.0,1.0
complex_fixed_v018_r4,closed_loop,complex,full,1,0.18,False,9.93910565,1785051211.61887,1.643746626126707,0.03718518569198509,0.15547793972996304,0.18247191405038715,0.06306347903466494,1.8218313091559613,0.18,-0.100283626574831,20.0,1.604651003082994,0.05942055137022264,2.6146390970871662,0.06145671227314187,3.571294476816709,0.06353240860130406,0.5765023827552795,0.16261692345142365,0.11261692643165588,0.7687515020370483,1.0,0,ROW_FOLLOW,,1.0,102.0,113.0,-0.1465129554271698,0.02307090163230896,0.0,0.3125287890434265,0.0,-0.2663869857788086,0.0,0.5317460298538208,0.6595236659049988,0.9572077393531799,0.9058761596679688,1.0,0.380952388048172,0.7687515020370483,0.30000001192092896,0.20000000298023224,0.20000000298023224,0.15000000596046448,0.15000000596046448,1.0,1.0,1.0,1.0
complex_fixed_v018_r4,closed_loop,complex,full,1,0.18,False,9.989152399,1785051211.6689167,1.6543494274596087,0.041220693068571373,0.15842194352640518,0.1819991570271615,0.05702762639956514,1.8333853556698838,0.18,-0.14178866900094267,20.0,1.6224827589888557,0.056300020157240095,2.632465935387964,0.06205164730258953,3.622449404890679,0.06770125694162105,0.576530396938324,0.15069083869457245,0.10069084167480469,0.7573877573013306,1.0,0,ROW_FOLLOW,,1.0,100.0,113.0,-0.15027417242527008,0.01690085232257843,0.0,0.3070332705974579,0.0,-0.273231565952301,0.0,0.4920635223388672,0.6595237255096436,0.9572703242301941,0.9093986749649048,1.0,0.380952388048172,0.7573877573013306,0.30000001192092896,0.20000000298023224,0.20000000298023224,0.15000000596046448,0.15000000596046448,1.0,1.0,1.0,1.0
complex_fixed_v018_r4,closed_loop,complex,full,1,0.18,False,10.039202316,1785051211.7189667,1.663048725058641,0.042654498120707096,0.16000143101510744,0.18168523429508843,0.05175055270269728,1.8422165617315287,0.18,-0.14826236236252016,20.0,1.6224827589888557,0.056300020157240095,2.632465935387964,0.06205164730258953,3.622449404890679,0.06770125694162105,0.576530396938324,0.15069083869457245,0.10069084167480469,0.7573877573013306,1.0,0,ROW_FOLLOW,,1.0,100.0,113.0,-0.15027417242527008,0.01690085232257843,0.0,0.3070332705974579,0.0,-0.273231565952301,0.0,0.4920635223388672,0.6595237255096436,0.9572703242301941,0.9093986749649048,1.0,0.380952388048172,0.7573877573013306,0.30000001192092896,0.20000000298023224,0.20000000298023224,0.15000000596046448,0.15000000596046448,1.0,1.0,1.0,1.0
complex_fixed_v018_r4,closed_loop,complex,full,1,0.18,False,10.089201288,1785051211.7689657,1.6721636516432492,0.04419058848560891,0.16156881455287042,0.18154931459594292,0.04543706426874232,1.8514882057446393,0.18,-0.1730610321257689,20.0,1.6447752142650331,0.05495956706834663,2.6547608125600997,0.05994692156243698,3.6447466021034614,0.0648548478376872,0.5753383040428162,0.15616436302661896,0.1061643660068512,0.7640762329101562,1.0,0,ROW_FOLLOW,,1.0,115.0,117.0,-0.158609539270401,0.011744171380996704,0.0,0.3025980591773987,0.0,-0.2791097164154053,0.0,0.5,0.6857142448425293,0.9545333385467529,0.9068447947502136,1.0,0.4285714328289032,0.7640762329101562,0.30000001192092896,0.20000000298023224,0.20000000298023224,0.15000000596046448,0.15000000596046448,1.0,1.0,1.0,1.0
complex_fixed_v018_r4,closed_loop,complex,full,1,0.18,False,10.139567887,1785051211.8193324,1.6729820280590677,0.044356074509702165,0.16218980501931934,0.18169071549516969,0.021952131470967667,1.8523396539753287,0.18,-0.17459090575606534,20.0,1.6447752142650331,0.05495956706834663,2.6547608125600997,0.05994692156243698,3.6447466021034614,0.0648548478376872,0.5753383040428162,0.15616436302661896,0.1061643660068512,0.7640762329101562,1.0,0,ROW_FOLLOW,,1.0,115.0,117.0,-0.158609539270401,0.011744171380996704,0.0,0.3025980591773987,0.0,-0.2791097164154053,0.0,0.5,0.6857142448425293,0.9545333385467529,0.9068447947502136,1.0,0.4285714328289032,0.7640762329101562,0.30000001192092896,0.20000000298023224,0.20000000298023224,0.15000000596046448,0.15000000596046448,1.0,1.0,1.0,1.0
complex_fixed_v018_r4,closed_loop,complex,full,1,0.18,False,10.189370085,1785051211.8691347,1.6971760444130815,0.048922368943596875,0.1640556421001799,0.19598361409134718,0.011017323561648602,1.877026136718319,0.18,-0.20979463481944133,21.0,1.6598771102021113,0.05381329820526287,2.664868445244299,0.05648056090740975,3.6729825193067205,0.050974631203451436,0.5739552974700928,0.16129697859287262,0.11129698157310486,0.7544610500335693,1.0,0,ROW_FOLLOW,,1.0,114.0,107.0,-0.16468098759651184,0.00851529836654663,0.0,0.2991955280303955,0.0,-0.28216493129730225,0.0,0.460317462682724,0.6857142448425293,0.9547473192214966,0.9218229651451111,1.0,0.4285714328289032,0.7544610500335693,0.30000001192092896,0.20000000298023224,0.20000000298023224,0.15000000596046448,0.15000000596046448,1.0,1.0,1.0,1.0
complex_fixed_v018_r4,closed_loop,complex,full,1,0.18,False,10.239238653,1785051211.9190032,1.7025264832806706,0.04857840736897681,0.16498988325061337,0.19358348830033134,0.012520545715691887,1.8891991332184468,0.18,-0.20775810507598538,21.0,1.6598771102021113,0.05381329820526287,2.664868445244299,0.05648056090740975,3.6729825193067205,0.050974631203451436,0.5739552974700928,0.16129697859287262,0.11129698157310486,0.7544610500335693,1.0,0,ROW_FOLLOW,,1.0,114.0,107.0,-0.16468098759651184,0.00851529836654663,0.0,0.2991955280303955,0.0,-0.28216493129730225,0.0,0.460317462682724,0.6857142448425293,0.9547473192214966,0.9218229651451111,1.0,0.4285714328289032,0.7544610500335693,0.30000001192092896,0.20000000298023224,0.20000000298023224,0.15000000596046448,0.15000000596046448,1.0,1.0,1.0,1.0
complex_fixed_v018_r4,closed_loop,complex,full,1,0.18,False,10.289176119,1785051211.9689405,1.7120929040944755,0.05019855636801704,0.1661860926883456,0.19502711412393053,0.036309257294943664,1.898912028325362,0.18,-0.22703121286436484,21.0,1.6795162569684754,0.0537744276068192,2.6845138799014023,0.05309774956887823,3.687757738413521,0.04935516884380388,0.5764533877372742,0.1645147055387497,0.11451470851898193,0.7726482152938843,1.0,0,ROW_FOLLOW,,1.0,134.0,122.0,-0.16870039701461792,0.005416199564933777,0.0,0.29608479142189026,0.0,-0.2852523922920227,0.0,0.5,0.7119047045707703,0.9593445062637329,0.9226559996604919,1.0,0.4761904776096344,0.7726482152938843,0.30000001192092896,0.20000000298023224,0.20000000298023224,0.15000000596046448,0.15000000596046448,1.0,1.0,1.0,1.0
complex_fixed_v018_r4,closed_loop,complex,full,1,0.18,False,10.339139025,1785051212.0189035,1.719258006558035,0.051420673185259086,0.16679551778939983,0.19255576557586182,0.02320400567920338,1.9061917376827344,0.18,-0.23317602006702828,21.0,1.6795162569684754,0.0537744276068192,2.6845138799014023,0.05309774956887823,3.687757738413521,0.04935516884380388,0.5764533877372742,0.1645147055387497,0.11451470851898193,0.7726482152938843,1.0,0,ROW_FOLLOW,,1.0,134.0,122.0,-0.16870039701461792,0.005416199564933777,0.0,0.29608479142189026,0.0,-0.2852523922920227,0.0,0.5,0.7119047045707703,0.9593445062637329,0.9226559996604919,1.0,0.4761904776096344,0.7726482152938843,0.30000001192092896,0.20000000298023224,0.20000000298023224,0.15000000596046448,0.15000000596046448,1.0,1.0,1.0,1.0
complex_fixed_v018_r4,closed_loop,complex,full,1,0.18,False,10.389188431,1785051212.0689528,1.7219682928558828,0.050808087811676,0.1665759246205294,0.18345317262387742,0.005597129155149913,1.9226583563368753,0.18,-0.24007267852625724,21.0,1.6960540417106944,0.053049975486995325,2.696048550900917,0.05008687544387325,3.6960430080155393,0.047123767284482976,0.5698521733283997,0.15358830988407135,0.10358831286430359,0.7813092470169067,1.0,0,ROW_FOLLOW,,1.0,128.0,116.0,-0.17159102857112885,0.0030002444982528687,0.0,0.2932569980621338,0.0,-0.28725650906562805,0.0,0.5476190447807312,0.7119047045707703,0.9480046033859253,0.9002773761749268,1.0,0.4761904776096344,0.7813092470169067,0.30000001192092896,0.20000000298023224,0.20000000298023224,0.15000000596046448,0.15000000596046448,1.0,1.0,1.0,1.0
complex_fixed_v018_r4,closed_loop,complex,full,1,0.18,False,10.439126697,1785051212.118891,1.7306915698902512,0.052282888651454085,0.1668624779133281,0.18317274516622242,0.0034725221998244977,1.931508137819275,0.18,-0.24698919646065737,21.0,1.6960540417106944,0.053049975486995325,2.696048550900917,0.05008687544387325,3.6960430080155393,0.047123767284482976,0.5698521733283997,0.15358830988407135,0.10358831286430359,0.7813092470169067,1.0,0,ROW_FOLLOW,,1.0,128.0,116.0,-0.17159102857112885,0.0030002444982528687,0.0,0.2932569980621338,0.0,-0.28725650906562805,0.0,0.5476190447807312,0.7119047045707703,0.9480046033859253,0.9002773761749268,1.0,0.4761904776096344,0.7813092470169067,0.30000001192092896,0.20000000298023224,0.20000000298023224,0.15000000596046448,0.15000000596046448,1.0,1.0,1.0,1.0
complex_fixed_v018_r4,closed_loop,complex,full,1,0.18,False,10.489153126,1785051212.1689174,1.7468796480617357,0.055285527176687416,0.1668581860548599,0.1775358883971762,0.015207455933089989,1.9479773159195386,0.18,-0.26413698925897544,21.0,1.7175892086182916,0.05361647364960259,2.7175773144937474,0.048885095223758036,3.7175654042905806,0.044153727425949446,0.570655345916748,0.1481446772813797,0.09814468026161194,0.7851452827453613,1.0,0,ROW_FOLLOW,,1.0,134.0,133.0,-0.17312811315059662,0.0008979439735412598,0.0,0.29046308994293213,0.0,-0.2886672019958496,0.0,0.5714285969734192,0.6857142448425293,0.9509913325309753,0.9091700315475464,1.0,0.4285714328289032,0.7851452827453613,0.30000001192092896,0.20000000298023224,0.20000000298023224,0.15000000596046448,0.15000000596046448,1.0,1.0,1.0,1.0
complex_fixed_v018_r4,closed_loop,complex,full,1,0.18,False,10.539160322,1785051212.2189248,1.7507295714638804,0.05554395506549943,0.16680538343488172,0.17651858352531966,0.013233314595230217,1.9627746193337896,0.18,-0.26502692775475256,21.0,1.7175892086182916,0.05361647364960259,2.7175773144937474,0.048885095223758036,3.7175654042905806,0.044153727425949446,0.570655345916748,0.1481446772813797,0.09814468026161194,0.7851452827453613,1.0,0,ROW_FOLLOW,,1.0,134.0,133.0,-0.17312811315059662,0.0008979439735412598,0.0,0.29046308994293213,0.0,-0.2886672019958496,0.0,0.5714285969734192,0.6857142448425293,0.9509913325309753,0.9091700315475464,1.0,0.4285714328289032,0.7851452827453613,0.30000001192092896,0.20000000298023224,0.20000000298023224,0.15000000596046448,0.15000000596046448,1.0,1.0,1.0,1.0
complex_fixed_v018_r4,closed_loop,complex,full,1,0.18,False,10.589723375,1785051212.2694879,1.7598743933319652,0.057067656416751406,0.16565755906998625,0.17822193660593932,-0.007211618055135206,1.9720561929880251,0.18,-0.27512887050928414,21.0,1.7336506002359269,0.05403618827589952,2.7336149956886193,0.04623711734758131,3.7335793741069003,0.03843805545505926,0.5689002275466919,0.15346159040927887,0.10346159338951111,0.7798337936401367,1.0,0,ROW_FOLLOW,,1.0,136.0,131.0,-0.17868675291538239,-0.0002811849117279053,0.0,0.2885199189186096,0.0,-0.28908228874206543,0.0,0.5396825671195984,0.7119047045707703,0.9467623829841614,0.9079709053039551,1.0,0.4761904776096344,0.7798337936401367,0.30000001192092896,0.20000000298023224,0.20000000298023224,0.15000000596046448,0.15000000596046448,1.0,1.0,1.0,1.0
complex_fixed_v018_r4,closed_loop,complex,full,1,0.18,False,10.639264989,1785051212.3190296,1.7709823656837311,0.05983813531721579,0.1643375234948437,0.17783867955717797,-0.02922358974118927,1.983674681989816,0.18,-0.2877906826545217,21.0,1.7336506002359269,0.05403618827589952,2.7336149956886193,0.04623711734758131,3.7335793741069003,0.03843805545505926,0.5689002275466919,0.15346159040927887,0.10346159338951111,0.7798337936401367,1.0,0,ROW_FOLLOW,,1.0,136.0,131.0,-0.17868675291538239,-0.0002811849117279053,0.0,0.2885199189186096,0.0,-0.28908228874206543,0.0,0.5396825671195984,0.7119047045707703,0.9467623829841614,0.9079709053039551,1.0,0.4761904776096344,0.7798337936401367,0.30000001192092896,0.20000000298023224,0.20000000298023224,0.15000000596046448,0.15000000596046448,1.0,1.0,1.0,1.0
complex_fixed_v018_r4,closed_loop,complex,full,1,0.18,False,10.68915295,1785051212.3689172,1.7801896739032992,0.061319429141300896,0.16319157842309417,0.17944721549098944,-0.009001735025977177,1.9930215812983505,0.18,-0.2892172928675612,21.0,1.753090443858886,0.05575207473322357,2.7530338755041606,0.04548416869040734,3.7529772895764175,0.035216277947558716,0.5677280426025391,0.154891237616539,0.10489124059677124,0.7694610357284546,1.0,0,ROW_FOLLOW,,1.0,132.0,132.0,-0.17550872266292572,-0.0024350732564926147,0.0,0.28520211577415466,0.0,-0.2900722622871399,0.0,0.523809552192688,0.6857142448425293,0.9443274140357971,0.9087322950363159,1.0,0.4285714328289032,0.7694610357284546,0.30000001192092896,0.20000000298023224,0.20000000298023224,0.15000000596046448,0.15000000596046448,1.0,1.0,1.0,1.0
complex_fixed_v018_r4,closed_loop,complex,full,1,0.18,False,10.739514205,1785051212.4192786,1.790369712635997,0.06234805203205624,0.1625674332995865,0.1820757205515558,-0.023364482492141455,2.003437189348494,0.18,-0.29380711172179597,21.0,1.753090443858886,0.05575207473322357,2.7530338755041606,0.04548416869040734,3.7529772895764175,0.035216277947558716,0.5677280426025391,0.154891237616539,0.10489124059677124,0.7694610357284546,1.0,0,ROW_FOLLOW,,1.0,132.0,132.0,-0.17550872266292572,-0.0024350732564926147,0.0,0.28520211577415466,0.0,-0.2900722622871399,0.0,0.523809552192688,0.6857142448425293,0.9443274140357971,0.9087322950363159,1.0,0.4285714328289032,0.7694610357284546,0.30000001192092896,0.20000000298023224,0.20000000298023224,0.15000000596046448,0.15000000596046448,1.0,1.0,1.0,1.0
complex_fixed_v018_r4,closed_loop,complex,full,1,0.18,False,10.789204688,1785051212.468969,1.799320328986117,0.06376508679827718,0.16089908806521697,0.18272069429508653,-0.03083999439852008,2.0125303060366044,0.18,-0.2978380141405173,21.0,1.7706639829946573,0.05655088262817435,2.770590477983369,0.044416937936017316,3.770516941773744,0.03228300270839678,0.5668080449104309,0.16230328381061554,0.11230328679084778,0.7730202674865723,1.0,0,ROW_FOLLOW,,1.0,131.0,132.0,-0.1734934151172638,-0.005321487784385681,0.0,0.28168290853500366,0.0,-0.292325884103775,0.0,0.5158730149269104,0.7119047045707703,0.9446799755096436,0.9129427671432495,1.0,0.4761904776096344,0.7730202674865723,0.30000001192092896,0.20000000298023224,0.20000000298023224,0.15000000596046448,0.15000000596046448,1.0,1.0,1.0,1.0
complex_fixed_v018_r4,closed_loop,complex,full,1,0.18,False,10.839301935,1785051212.5190663,1.801668311780736,0.0641095465627778,0.1601868069858492,0.1825473628364812,-0.018179335069381797,2.0149229525832686,0.18,-0.29871440607892213,21.0,1.7706639829946573,0.05655088262817435,2.770590477983369,0.044416937936017316,3.770516941773744,0.03228300270839678,0.5668080449104309,0.16230328381061554,0.11230328679084778,0.7730202674865723,1.0,0,ROW_FOLLOW,,1.0,131.0,132.0,-0.1734934151172638,-0.005321487784385681,0.0,0.28168290853500366,0.0,-0.292325884103775,0.0,0.5158730149269104,0.7119047045707703,0.9446799755096436,0.9129427671432495,1.0,0.4761904776096344,0.7730202674865723,0.30000001192092896,0.20000000298023224,0.20000000298023224,0.15000000596046448,0.15000000596046448,1.0,1.0,1.0,1.0
complex_fixed_v018_r4,closed_loop,complex,full,1,0.18,False,10.889198664,1785051212.568963,1.8136345162242355,0.06686601117403083,0.15872944991676213,0.17890508705161265,-0.045006852268584106,2.0272894796640206,0.18,-0.3094289932945926,21.0,1.7876151028101992,0.05683779718106043,2.787544701250867,0.044963426947731776,3.787474271926308,0.03308907055408248,0.5653551816940308,0.15181855857372284,0.10181856155395508,0.7902246713638306,1.0,0,ROW_FOLLOW,,1.0,141.0,129.0,-0.17092233896255493,-0.00796632468700409,0.0,0.27872365713119507,0.0,-0.29465630650520325,0.0,0.5714285969734192,0.7380951642990112,0.9422584772109985,0.8848358392715454,1.0,0.523809552192688,0.7902246713638306,0.30000001192092896,0.20000000298023224,0.20000000298023224,0.15000000596046448,0.15000000596046448,1.0,1.0,1.0,1.0
complex_fixed_v018_r4,closed_loop,complex,full,1,0.18,False,10.939172643,1785051212.618937,1.8225810227552888,0.06826226818813246,0.15800994705661786,0.17867402171546717,-0.04448962706091063,2.0363506361155355,0.18,-0.3166554767751706,21.0,1.7876151028101992,0.05683779718106043,2.787544701250867,0.044963426947731776,3.787474271926308,0.03308907055408248,0.5653551816940308,0.15181855857372284,0.10181856155395508,0.7902246713638306,1.0,0,ROW_FOLLOW,,1.0,141.0,129.0,-0.17092233896255493,-0.00796632468700409,0.0,0.27872365713119507,0.0,-0.29465630650520325,0.0,0.5714285969734192,0.7380951642990112,0.9422584772109985,0.8848358392715454,1.0,0.523809552192688,0.7902246713638306,0.30000001192092896,0.20000000298023224,0.20000000298023224,0.15000000596046448,0.15000000596046448,1.0,1.0,1.0,1.0
complex_fixed_v018_r4,closed_loop,complex,full,1,0.18,False,10.989155262,1785051212.6689198,1.8337169942441045,0.0714183007192786,0.15646377776815878,0.18379567504001504,-0.01378370762171476,2.048017328359736,0.18,-0.3304172809011722,21.0,1.8047856717609656,0.056805694118654965,2.804721056695712,0.045436846550989306,3.804656426417257,0.03406801318846905,0.5649289488792419,0.1530461460351944,0.10304614901542664,0.80818772315979,1.0,0,ROW_FOLLOW,,1.0,143.0,147.0,-0.16746579110622406,-0.010953068733215332,0.0,0.2757095694541931,0.0,-0.2976157069206238,0.0,0.6507936120033264,0.7119047045707703,0.9415482878684998,0.8817273378372192,1.0,0.4761904776096344,0.80818772315979,0.30000001192092896,0.20000000298023224,0.20000000298023224,0.15000000596046448,0.15000000596046448,1.0,1.0,1.0,1.0
complex_fixed_v018_r4,closed_loop,complex,full,1,0.18,False,11.03913593,1785051212.7189002,1.8424333783517095,0.07275455673079609,0.15534733153779176,0.18318748784184163,-0.044512367038748876,2.056845679733702,0.18,-0.33747294342139245,21.0,1.8047856717609656,0.056805694118654965,2.804721056695712,0.045436846550989306,3.804656426417257,0.03406801318846905,0.5649289488792419,0.1530461460351944,0.10304614901542664,0.80818772315979,1.0,0,ROW_FOLLOW,,1.0,143.0,147.0,-0.16746579110622406,-0.010953068733215332,0.0,0.2757095694541931,0.0,-0.2976157069206238,0.0,0.6507936120033264,0.7119047045707703,0.9415482878684998,0.8817273378372192,1.0,0.4761904776096344,0.80818772315979,0.30000001192092896,0.20000000298023224,0.20000000298023224,0.15000000596046448,0.15000000596046448,1.0,1.0,1.0,1.0
complex_fixed_v018_r4,closed_loop,complex,full,1,0.18,False,11.089161847,1785051212.7689261,1.8589159087505918,0.07515670403901999,0.15338702256855902,0.19671968660339517,-0.049354993442803176,2.0735293846561076,0.18,-0.34090120665837975,20.0,1.8221327639548728,0.05749856648852953,2.822084927552409,0.04797091978790341,3.7553745827857448,0.03918441635158449,0.5665930509567261,0.14830894768238068,0.09830895066261292,0.8007533550262451,1.0,0,ROW_FOLLOW,,1.0,132.0,137.0,-0.1602790355682373,-0.013641595840454102,0.0,0.2716965079307556,0.0,-0.2989796996116638,0.0,0.6031745672225952,0.7380951642990112,0.9443216919898987,0.8887844085693359,1.0,0.523809552192688,0.8007533550262451,0.30000001192092896,0.20000000298023224,0.20000000298023224,0.15000000596046448,0.15000000596046448,1.0,1.0,1.0,1.0
complex_fixed_v018_r4,closed_loop,complex,full,1,0.18,False,11.139923178,1785051212.8196876,1.8675541831796034,0.07643506258178517,0.15142761973276028,0.19383464539301928,-0.04491168482330199,2.0822793323960194,0.18,-0.3471341609903861,20.0,1.8221327639548728,0.05749856648852953,2.822084927552409,0.04797091978790341,3.7553745827857448,0.03918441635158449,0.5665930509567261,0.14830894768238068,0.09830895066261292,0.8007533550262451,1.0,0,ROW_FOLLOW,,1.0,132.0,137.0,-0.1602790355682373,-0.013641595840454102,0.0,0.2716965079307556,0.0,-0.2989796996116638,0.0,0.6031745672225952,0.7380951642990112,0.9443216919898987,0.8887844085693359,1.0,0.523809552192688,0.8007533550262451,0.30000001192092896,0.20000000298023224,0.20000000298023224,0.15000000596046448,0.15000000596046448,1.0,1.0,1.0,1.0
complex_fixed_v018_r4,closed_loop,complex,full,1,0.18,False,11.189202704,1785051212.868967,1.8765692485123628,0.07698981001206653,0.1483475083241345,0.2061507012310822,-0.061430926259628614,2.0919061157439147,0.18,-0.3333851292554722,21.0,1.844206766703852,0.05828557063742564,2.8441802191892553,0.05181228029456475,3.8450751729426234,0.04481323221584322,0.5660099387168884,0.153644397854805,0.10364440083503723,0.7874758243560791,1.0,0,ROW_FOLLOW,,1.0,131.0,145.0,-0.15197089314460754,-0.017205432057380676,0.0,0.2674490213394165,0.0,-0.30185988545417786,0.0,0.5714285969734192,0.7119047045707703,0.9413386583328247,0.9026574492454529,1.0,0.4761904776096344,0.7874758243560791,0.30000001192092896,0.20000000298023224,0.20000000298023224,0.15000000596046448,0.15000000596046448,1.0,1.0,1.0,1.0
complex_fixed_v018_r4,closed_loop,complex,full,1,0.18,False,11.240169161,1785051212.9199338,1.8862229362443663,0.07834581807689343,0.145378752927165,0.2017083346380501,-0.07107443800407558,2.1016806107639656,0.18,-0.33867093796007464,21.0,1.844206766703852,0.05828557063742564,2.8441802191892553,0.05181228029456475,3.8450751729426234,0.04481323221584322,0.5660099387168884,0.153644397854805,0.10364440083503723,0.7874758243560791,1.0,0,ROW_FOLLOW,,1.0,131.0,145.0,-0.15197089314460754,-0.017205432057380676,0.0,0.2674490213394165,0.0,-0.30185988545417786,0.0,0.5714285969734192,0.7119047045707703,0.9413386583328247,0.9026574492454529,1.0,0.4761904776096344,0.7874758243560791,0.30000001192092896,0.20000000298023224,0.20000000298023224,0.15000000596046448,0.15000000596046448,1.0,1.0,1.0,1.0
complex_fixed_v018_r4,closed_loop,complex,full,1,0.18,False,11.289142438,1785051212.9689066,1.9025407205482399,0.07983596947486825,0.14115084161347505,0.20543034301707427,-0.0920609692933712,2.1182680361653463,0.18,-0.3335895639454748,21.0,1.8654633606809516,0.05826264474980414,2.8654557730639083,0.05546957055880081,3.877016968063237,0.055819486132916846,0.5644173622131348,0.1609005481004715,0.11090055108070374,0.7776129245758057,1.0,0,ROW_FOLLOW,,1.0,139.0,130.0,-0.14248652756214142,-0.0210798978805542,0.0,0.26296210289001465,0.0,-0.30512189865112305,0.0,0.5396825075149536,0.7119047045707703,0.9406957030296326,0.9012537598609924,1.0,0.4761904776096344,0.7776129245758057,0.30000001192092896,0.20000000298023224,0.20000000298023224,0.15000000596046448,0.15000000596046448,1.0,1.0,1.0,1.0
complex_fixed_v018_r4,closed_loop,complex,full,1,0.18,False,11.339585872,1785051213.0193503,1.9114545363654403,0.08099745688616374,0.13657873267840068,0.2004487072617992,-0.13164199531405513,2.1272924746082333,0.18,-0.33582220226570747,21.0,1.8654633606809516,0.05826264474980414,2.8654557730639083,0.05546957055880081,3.877016968063237,0.055819486132916846,0.5644173622131348,0.1609005481004715,0.11090055108070374,0.7776129245758057,1.0,0,ROW_FOLLOW,,1.0,139.0,130.0,-0.14248652756214142,-0.0210798978805542,0.0,0.26296210289001465,0.0,-0.30512189865112305,0.0,0.5396825075149536,0.7119047045707703,0.9406957030296326,0.9012537598609924,1.0,0.4761904776096344,0.7776129245758057,0.30000001192092896,0.20000000298023224,0.20000000298023224,0.15000000596046448,0.15000000596046448,1.0,1.0,1.0,1.0
complex_fixed_v018_r4,closed_loop,complex,full,1,0.18,False,11.389247522,1785051213.069012,1.9275266606759385,0.08343269912827571,0.12879168117197576,0.20677893560060298,-0.12918559820534345,2.143670540687616,0.18,-0.33407606756563885,20.0,1.8910805182959125,0.05776503271469963,2.896079536008338,0.05735370716580174,3.8244120138673243,0.05700220207417134,0.5619623064994812,0.15570200979709625,0.10570201277732849,0.7973240613937378,1.0,0,ROW_FOLLOW,,1.0,131.0,118.0,-0.13065718114376068,-0.024827659130096436,0.0,0.2580699920654297,0.0,-0.30772531032562256,0.0,0.5952380299568176,0.7380951642990112,0.9366039037704468,0.8920853137969971,1.0,0.523809552192688,0.7973240613937378,0.30000001192092896,0.20000000298023224,0.20000000298023224,0.15000000596046448,0.15000000596046448,1.0,1.0,1.0,1.0
complex_fixed_v018_r4,closed_loop,complex,full,1,0.18,False,11.439122331,1785051213.1188867,1.9336139083862995,0.08344571538629904,0.12302525021826095,0.21015785909884763,-0.13674609705845386,2.15507746689575,0.18,-0.3276466946617361,20.0,1.8910805182959125,0.05776503271469963,2.896079536008338,0.05735370716580174,3.8244120138673243,0.05700220207417134,0.5619623064994812,0.15570200979709625,0.10570201277732849,0.7973240613937378,1.0,0,ROW_FOLLOW,,1.0,131.0,118.0,-0.13065718114376068,-0.024827659130096436,0.0,0.2580699920654297,0.0,-0.30772531032562256,0.0,0.5952380299568176,0.7380951642990112,0.9366039037704468,0.8920853137969971,1.0,0.523809552192688,0.7973240613937378,0.30000001192092896,0.20000000298023224,0.20000000298023224,0.15000000596046448,0.15000000596046448,1.0,1.0,1.0,1.0
complex_fixed_v018_r4,closed_loop,complex,full,1,0.18,False,11.489251899,1785051213.1690164,1.9422396692622697,0.0843096153669226,0.11458580903875061,0.20414426101980276,-0.15608831563408485,2.1638430708079888,0.18,-0.31850409358545717,21.0,1.9131204250856737,0.05599983650878763,2.9181034409383115,0.059750481589440685,3.910028840882518,0.06565761415755411,0.5640877485275269,0.14520491659641266,0.0952049195766449,0.818274974822998,1.0,0,ROW_FOLLOW,,1.0,117.0,98.0,-0.1102844849228859,-0.030239716172218323,0.0,0.25280284881591797,0.0,-0.3132822811603546,0.0,0.6904761791229248,0.7119047045707703,0.9401461482048035,0.8714801073074341,1.0,0.4761904776096344,0.818274974822998,0.30000001192092896,0.20000000298023224,0.20000000298023224,0.15000000596046448,0.15000000596046448,1.0,1.0,1.0,1.0
complex_fixed_v018_r4,closed_loop,complex,full,1,0.18,False,11.539288248,1785051213.2190526,1.9498204276570745,0.08491591634308711,0.10842176154106832,0.19720077063711913,-0.15817332411705223,2.171552518592179,0.18,-0.31533617884839726,21.0,1.9131204250856737,0.05599983650878763,2.9181034409383115,0.059750481589440685,3.910028840882518,0.06565761415755411,0.5640877485275269,0.14520491659641266,0.0952049195766449,0.818274974822998,1.0,0,ROW_FOLLOW,,1.0,117.0,98.0,-0.1102844849228859,-0.030239716172218323,0.0,0.25280284881591797,0.0,-0.3132822811603546,0.0,0.6904761791229248,0.7119047045707703,0.9401461482048035,0.8714801073074341,1.0,0.4761904776096344,0.818274974822998,0.30000001192092896,0.20000000298023224,0.20000000298023224,0.15000000596046448,0.15000000596046448,1.0,1.0,1.0,1.0
complex_fixed_v018_r4,closed_loop,complex,full,1,0.18,False,11.591502391,1785051213.2712667,1.9688140820383417,0.08823752260232955,0.09716962921226463,0.20173699656912242,-0.20105368178347366,2.1911012133182606,0.18,-0.3172981599619099,21.0,1.9378539210284884,0.054956115276080915,2.9428305046877625,0.06066311748766933,3.9471097638093204,0.06996109845288712,0.561040461063385,0.15441061556339264,0.10441061854362488,0.8093545436859131,1.0,0,ROW_FOLLOW,,1.0,122.0,96.0,-0.0950855165719986,-0.03342146426439285,0.0,0.24862156808376312,0.0,-0.31546449661254883,0.0,0.6904761791229248,0.6595237255096436,0.9336268305778503,0.8905436992645264,1.0,0.380952388048172,0.8093545436859131,0.30000001192092896,0.20000000298023224,0.20000000298023224,0.15000000596046448,0.15000000596046448,1.0,1.0,1.0,1.0
complex_fixed_v018_r4,closed_loop,complex,full,1,0.18,False,11.639427989,1785051213.3191924,1.9728881062420938,0.08915575375424575,0.08956359428503724,0.19720817380703054,-0.19792251231962987,2.205507947432745,0.18,-0.30449514148039053,21.0,1.9378539210284884,0.054956115276080915,2.9428305046877625,0.06066311748766933,3.9471097638093204,0.06996109845288712,0.561040461063385,0.15441061556339264,0.10441061854362488,0.8093545436859131,1.0,0,ROW_FOLLOW,,1.0,122.0,96.0,-0.0950855165719986,-0.03342146426439285,0.0,0.24862156808376312,0.0,-0.31546449661254883,0.0,0.6904761791229248,0.6595237255096436,0.9336268305778503,0.8905436992645264,1.0,0.380952388048172,0.8093545436859131,0.30000001192092896,0.20000000298023224,0.20000000298023224,0.15000000596046448,0.15000000596046448,1.0,1.0,1.0,1.0
complex_fixed_v018_r4,closed_loop,complex,full,1,0.18,False,11.689147113,1785051213.3689115,1.9814280828900432,0.08964188416076156,0.07812074991691188,0.19890297809642565,-0.19864110875238636,2.214198008814784,0.18,-0.29955217210605406,21.0,1.9557685331319077,0.05393035502273863,2.9557448504827124,0.059872591893692845,3.9557211383355573,0.06581482821303927,0.5583866834640503,0.1511140912771225,0.10111409425735474,0.7896437644958496,1.0,0,ROW_FOLLOW,,1.0,96.0,87.0,-0.08052078634500504,-0.03456878662109375,0.0,0.24710261821746826,0.0,-0.31624019145965576,0.0,0.6269841194152832,0.6333332657814026,0.9306445121765137,0.9250196814537048,1.0,0.3333333432674408,0.7896437644958496,0.30000001192092896,0.20000000298023224,0.20000000298023224,0.15000000596046448,0.15000000596046448,1.0,1.0,1.0,1.0
complex_fixed_v018_r4,closed_loop,complex,full,1,0.18,False,11.739138917,1785051213.4189034,1.9745870596933386,0.09170867086255825,0.0696840371000729,0.1719592931774991,-0.2161891607589115,2.23917689084712,0.18,-0.2948347542607291,21.0,1.9557685331319077,0.05393035502273863,2.9557448504827124,0.059872591893692845,3.9557211383355573,0.06581482821303927,0.5583866834640503,0.1511140912771225,0.10111409425735474,0.7896437644958496,1.0,0,ROW_FOLLOW,,1.0,96.0,87.0,-0.08052078634500504,-0.03456878662109375,0.0,0.24710261821746826,0.0,-0.31624019145965576,0.0,0.6269841194152832,0.6333332657814026,0.9306445121765137,0.9250196814537048,1.0,0.3333333432674408,0.7896437644958496,0.30000001192092896,0.20000000298023224,0.20000000298023224,0.15000000596046448,0.15000000596046448,1.0,1.0,1.0,1.0
complex_fixed_v018_r4,closed_loop,complex,full,1,0.18,False,11.789253349,1785051213.4690177,1.9835507821041143,0.09199193824253443,0.056189863714623194,0.17353811779640713,-0.2364244883156967,2.248307915385694,0.18,-0.2738207185172308,21.0,1.9693406250182388,0.05484731653790423,2.969333647731981,0.05785501668088459,3.9693266288896676,0.06086271488468404,0.5572997331619263,0.1476910263299942,0.09769102931022644,0.7841610908508301,1.0,0,ROW_FOLLOW,,1.0,100.0,97.0,-0.05977926403284073,-0.035695239901542664,0.0,0.24598059058189392,0.0,-0.31737107038497925,0.0,0.5952380895614624,0.6595237255096436,0.9288326501846313,0.9194561243057251,1.0,0.380952388048172,0.7841610908508301,0.30000001192092896,0.20000000298023224,0.20000000298023224,0.15000000596046448,0.15000000596046448,1.0,1.0,1.0,1.0
complex_fixed_v018_r4,closed_loop,complex,full,1,0.18,False,11.839176287,1785051213.5189407,1.9889137233221175,0.09193850793579883,0.047813431299851064,0.17469421698285606,-0.24548627132529843,2.2538156010556127,0.18,-0.2636019437506046,21.0,1.9693406250182388,0.05484731653790423,2.969333647731981,0.05785501668088459,3.9693266288896676,0.06086271488468404,0.5572997331619263,0.1476910263299942,0.09769102931022644,0.7841610908508301,1.0,0,ROW_FOLLOW,,1.0,100.0,97.0,-0.05977926403284073,-0.035695239901542664,0.0,0.24598059058189392,0.0,-0.31737107038497925,0.0,0.5952380895614624,0.6595237255096436,0.9288326501846313,0.9194561243057251,1.0,0.380952388048172,0.7841610908508301,0.30000001192092896,0.20000000298023224,0.20000000298023224,0.15000000596046448,0.15000000596046448,1.0,1.0,1.0,1.0
complex_fixed_v018_r4,closed_loop,complex,full,1,0.18,False,11.889214717,1785051213.5689793,1.9937044842091785,0.09337078566839155,0.031013982024595134,0.14978837705806075,-0.2648231531219657,2.2673032981059804,0.18,-0.24325206523329132,19.0,1.9774009296807862,0.0563647900876845,2.8773934558860774,0.055150486192316,3.844051137712599,0.05348024851991604,0.5531531572341919,0.1526874452829361,0.10268744826316833,0.7511496543884277,1.0,0,ROW_FOLLOW,,1.0,79.0,80.0,-0.04284467175602913,-0.034456342458724976,0.0,0.2458328902721405,0.0,-0.31474557518959045,0.0,0.4841269552707672,0.6595237255096436,0.9219218492507935,0.9308165311813354,1.0,0.380952388048172,0.7511496543884277,0.30000001192092896,0.20000000298023224,0.20000000298023224,0.15000000596046448,0.15000000596046448,1.0,1.0,1.0,1.0
complex_fixed_v018_r4,closed_loop,complex,full,1,0.18,False,11.93911663,1785051213.618881,2.0141335954207253,0.09219538778361741,0.021347621889523438,0.155443673610911,-0.22605238930423824,2.2878756003372613,0.18,-0.23390163721735263,19.0,1.9774009296807862,0.0563647900876845,2.8773934558860774,0.055150486192316,3.844051137712599,0.05348024851991604,0.5531531572341919,0.1526874452829361,0.10268744826316833,0.7511496543884277,1.0,0,ROW_FOLLOW,,1.0,79.0,80.0,-0.04284467175602913,-0.034456342458724976,0.0,0.2458328902721405,0.0,-0.31474557518959045,0.0,0.4841269552707672,0.6595237255096436,0.9219218492507935,0.9308165311813354,1.0,0.380952388048172,0.7511496543884277,0.30000001192092896,0.20000000298023224,0.20000000298023224,0.15000000596046448,0.15000000596046448,1.0,1.0,1.0,1.0
complex_fixed_v018_r4,closed_loop,complex,full,1,0.18,False,11.989271159,1785051213.6690354,2.0231023245007416,0.09180130767121279,0.007147602136286399,0.1580091091122426,-0.23298626204728032,2.297134454103246,0.18,-0.2043715575190228,21.0,1.9910890740132643,0.05754337919842029,2.9910789171637107,0.05447680106760713,3.994317005894464,0.05463393091731776,0.5609490275382996,0.1607789546251297,0.11077895760536194,0.7583118677139282,1.0,0,ROW_FOLLOW,,1.0,82.0,82.0,-0.020275913178920746,-0.034058667719364166,0.0,0.24695812165737152,0.0,-0.31507545709609985,0.0,0.4761904776096344,0.6857142448425293,0.9349150657653809,0.9421926140785217,1.0,0.4285714328289032,0.7583118677139282,0.30000001192092896,0.20000000298023224,0.20000000298023224,0.15000000596046448,0.15000000596046448,1.0,1.0,1.0,1.0
complex_fixed_v018_r4,closed_loop,complex,full,1,0.18,False,12.039210354,1785051213.7189748,2.02543683673459,0.09137200511498705,-0.001634197793094482,0.16246732196886343,-0.21579437455285727,2.2997126434351864,0.18,-0.19038017106651747,21.0,1.9910890740132643,0.05754337919842029,2.9910789171637107,0.05447680106760713,3.994317005894464,0.05463393091731776,0.5609490275382996,0.1607789546251297,0.11077895760536194,0.7583118677139282,1.0,0,ROW_FOLLOW,,1.0,82.0,82.0,-0.020275913178920746,-0.034058667719364166,0.0,0.24695812165737152,0.0,-0.31507545709609985,0.0,0.4761904776096344,0.6857142448425293,0.9349150657653809,0.9421926140785217,1.0,0.4285714328289032,0.7583118677139282,0.30000001192092896,0.20000000298023224,0.20000000298023224,0.15000000596046448,0.15000000596046448,1.0,1.0,1.0,1.0
complex_fixed_v018_r4,closed_loop,complex,full,1,0.18,False,12.089160716,1785051213.7689252,2.032795156259446,0.0886878139250869,-0.014310256029243195,0.16001070544544246,-0.2176778335510872,2.311368390577979,0.18,-0.15087985051354946,19.0,2.0079637784744873,0.05836824720670442,2.907950753341787,0.053650353551329966,3.941268647550565,0.04812736298568365,0.5596894025802612,0.1504426747560501,0.10044267773628235,0.7709747552871704,1.0,0,ROW_FOLLOW,,1.0,90.0,84.0,0.000611630268394947,-0.0328403040766716,0.0,0.24765510857105255,0.0,-0.31333571672439575,0.0,0.523809552192688,0.6857142448425293,0.932815432548523,0.9341732859611511,1.0,0.4285714328289032,0.7709747552871704,0.30000001192092896,0.20000000298023224,0.20000000298023224,0.15000000596046448,0.15000000596046448,1.0,1.0,1.0,1.0
complex_fixed_v018_r4,closed_loop,complex,full,1,0.18,False,12.139157769,1785051213.8189223,2.0415526237721844,0.08830886929959288,-0.02331889229821904,0.1615978690052608,-0.23734260364659823,2.3202110956277275,0.18,-0.1401112321383044,19.0,2.0079637784744873,0.05836824720670442,2.907950753341787,0.053650353551329966,3.941268647550565,0.04812736298568365,0.5596894025802612,0.1504426747560501,0.10044267773628235,0.7709747552871704,1.0,0,ROW_FOLLOW,,1.0,90.0,84.0,0.000611630268394947,-0.0328403040766716,0.0,0.24765510857105255,0.0,-0.31333571672439575,0.0,0.523809552192688,0.6857142448425293,0.932815432548523,0.9341732859611511,1.0,0.4285714328289032,0.7709747552871704,0.30000001192092896,0.20000000298023224,0.20000000298023224,0.15000000596046448,0.15000000596046448,1.0,1.0,1.0,1.0
complex_fixed_v018_r4,closed_loop,complex,full,1,0.18,False,12.189208039,1785051213.8689725,2.050912695836665,0.0816928903287012,-0.03748764190979646,0.1682464638146742,-0.23563758589948305,2.3344944297353942,0.18,-0.08429285704887002,21.0,2.0268248603533467,0.05770480135086714,3.031798082405988,0.051062210011533805,4.027539596153694,0.042740303253500464,0.5562432408332825,0.15055836737155914,0.10055837035179138,0.7612937688827515,1.0,0,ROW_FOLLOW,,1.0,83.0,79.0,0.021672863513231277,-0.03149757534265518,0.0,0.24791719019412994,0.0,-0.3109123408794403,0.0,0.4920635223388672,0.6857142448425293,0.9270719885826111,0.9407827258110046,1.0,0.4285714328289032,0.7612937688827515,0.30000001192092896,0.20000000298023224,0.20000000298023224,0.15000000596046448,0.15000000596046448,1.0,1.0,1.0,1.0
complex_fixed_v018_r4,closed_loop,complex,full,1,0.18,False,12.239209635,1785051213.918974,2.0596201145152677,0.08109904988276756,-0.04641218100569811,0.16944178405319807,-0.22730798424210322,2.3433013070044293,0.18,-0.07180035337471302,21.0,2.0268248603533467,0.05770480135086714,3.031798082405988,0.051062210011533805,4.027539596153694,0.042740303253500464,0.5562432408332825,0.15055836737155914,0.10055837035179138,0.7612937688827515,1.0,0,ROW_FOLLOW,,1.0,83.0,79.0,0.021672863513231277,-0.03149757534265518,0.0,0.24791719019412994,0.0,-0.3109123408794403,0.0,0.4920635223388672,0.6857142448425293,0.9270719885826111,0.9407827258110046,1.0,0.4285714328289032,0.7612937688827515,0.30000001192092896,0.20000000298023224,0.20000000298023224,0.15000000596046448,0.15000000596046448,1.0,1.0,1.0,1.0
complex_fixed_v018_r4,closed_loop,complex,full,1,0.18,False,12.289574122,1785051213.9693387,2.069595174949691,0.07694394000710249,-0.05968741676106194,0.17340689478041918,-0.20693865787801685,2.357846874079225,0.18,-0.045306318372701916,21.0,2.0419158729265425,0.055060242965728666,3.0468723961142232,0.046082181047860986,4.0501260313172445,0.03176705558563003,0.5579890012741089,0.15431596338748932,0.10431596636772156,0.7556217908859253,1.0,0,ROW_FOLLOW,,1.0,89.0,82.0,0.04376893863081932,-0.030838295817375183,0.0,0.2488931119441986,0.0,-0.310569703578949,0.0,0.5,0.6333332657814026,0.9299818873405457,0.9530587792396545,1.0,0.3333333432674408,0.7556217908859253,0.30000001192092896,0.20000000298023224,0.20000000298023224,0.15000000596046448,0.15000000596046448,1.0,1.0,1.0,1.0
complex_fixed_v018_r4,closed_loop,complex,full,1,0.18,False,12.339215324,1785051214.0189798,2.080023875662831,0.07689153870589646,-0.06832431670219337,0.17947447122775573,-0.2086937328249914,2.3683816962734974,0.18,-0.037195115121068364,21.0,2.0419158729265425,0.055060242965728666,3.0468723961142232,0.046082181047860986,4.0501260313172445,0.03176705558563003,0.5579890012741089,0.15431596338748932,0.10431596636772156,0.7556217908859253,1.0,0,ROW_FOLLOW,,1.0,89.0,82.0,0.04376893863081932,-0.030838295817375183,0.0,0.2488931119441986,0.0,-0.310569703578949,0.0,0.5,0.6333332657814026,0.9299818873405457,0.9530587792396545,1.0,0.3333333432674408,0.7556217908859253,0.30000001192092896,0.20000000298023224,0.20000000298023224,0.15000000596046448,0.15000000596046448,1.0,1.0,1.0,1.0
complex_fixed_v018_r4,closed_loop,complex,full,1,0.18,False,12.389181688,1785051214.0689461,2.0888784569911527,0.07598900937387247,-0.08142690694712584,0.1776006522479906,-0.2027036234252912,2.3773799218273233,0.18,-0.030692493205099952,20.0,2.0600890887457095,0.051218058467145826,3.0650394467600903,0.04130845082129419,3.993327407349808,0.032199355808570924,0.5591248273849487,0.15982888638973236,0.1098288893699646,0.7617158889770508,1.0,0,ROW_FOLLOW,,1.0,84.0,83.0,0.06484982371330261,-0.029974430799484253,0.0,0.24978232383728027,0.0,-0.3097311854362488,0.0,0.5079365372657776,0.6595237255096436,0.931874692440033,0.940368115901947,1.0,0.380952388048172,0.7617158889770508,0.30000001192092896,0.20000000298023224,0.20000000298023224,0.15000000596046448,0.15000000596046448,1.0,1.0,1.0,1.0
complex_fixed_v018_r4,closed_loop,complex,full,1,0.18,False,12.439219989,1785051214.1189845,2.0969590646225718,0.07498388134826478,-0.08901184500093383,0.176893839577166,-0.17392133620613792,2.3856448483548633,0.18,-0.018316706113801515,20.0,2.0600890887457095,0.051218058467145826,3.0650394467600903,0.04130845082129419,3.993327407349808,0.032199355808570924,0.5591248273849487,0.15982888638973236,0.1098288893699646,0.7617158889770508,1.0,0,ROW_FOLLOW,,1.0,84.0,83.0,0.06484982371330261,-0.029974430799484253,0.0,0.24978232383728027,0.0,-0.3097311854362488,0.0,0.5079365372657776,0.6595237255096436,0.931874692440033,0.940368115901947,1.0,0.380952388048172,0.7617158889770508,0.30000001192092896,0.20000000298023224,0.20000000298023224,0.15000000596046448,0.15000000596046448,1.0,1.0,1.0,1.0
complex_fixed_v018_r4,closed_loop,complex,full,1,0.18,False,12.489216018,1785051214.1689806,2.1008430663370476,0.07982904826448019,-0.09886034335561478,0.16246610135634684,-0.15790992123799039,2.393634966522671,0.18,-0.03883796080308134,21.0,2.0785616071754647,0.04805526941212108,3.0835092745127572,0.037909008324447276,4.07782674698123,0.026312910907248625,0.5560097694396973,0.1583193689584732,0.10831937193870544,0.7543720006942749,1.0,0,ROW_FOLLOW,,1.0,105.0,87.0,0.08402029424905777,-0.027659907937049866,0.0,0.25176575779914856,0.0,-0.3070855736732483,0.0,0.4841269552707672,0.6595237255096436,0.9266828894615173,0.9459507465362549,1.0,0.380952388048172,0.7543720006942749,0.30000001192092896,0.20000000298023224,0.20000000298023224,0.15000000596046448,0.15000000596046448,1.0,1.0,1.0,1.0
complex_fixed_v018_r4,closed_loop,complex,full,1,0.18,False,12.539338034,1785051214.2191024,2.1079780521178937,0.07899248975158829,-0.10409172300788422,0.15063993230954217,-0.14072200274572547,2.404225552796641,0.18,-0.03118174910543269,21.0,2.0785616071754647,0.04805526941212108,3.0835092745127572,0.037909008324447276,4.07782674698123,0.026312910907248625,0.5560097694396973,0.1583193689584732,0.10831937193870544,0.7543720006942749,1.0,0,ROW_FOLLOW,,1.0,105.0,87.0,0.08402029424905777,-0.027659907937049866,0.0,0.25176575779914856,0.0,-0.3070855736732483,0.0,0.4841269552707672,0.6595237255096436,0.9266828894615173,0.9459507465362549,1.0,0.380952388048172,0.7543720006942749,0.30000001192092896,0.20000000298023224,0.20000000298023224,0.15000000596046448,0.15000000596046448,1.0,1.0,1.0,1.0
complex_fixed_v018_r4,closed_loop,complex,full,1,0.18,False,12.589152777,1785051214.2689173,2.1168268641205215,0.07773576196026981,-0.11189661048969943,0.15443994843102682,-0.09979909619814963,2.4132987693784416,0.18,-0.0015362330455304504,20.0,2.094695561532348,0.049377195834094396,3.1046403274695162,0.03893953457644834,4.061255030830641,0.029084439087889147,0.5590683817863464,0.16103066504001617,0.11103066802024841,0.7587811946868896,1.0,0,ROW_FOLLOW,,1.0,107.0,91.0,0.09830356389284134,-0.024809837341308594,0.0,0.2548491358757019,0.0,-0.3044688105583191,0.0,0.4761905074119568,0.6857142448425293,0.9317806959152222,0.9494998455047607,1.0,0.4285714328289032,0.7587811946868896,0.30000001192092896,0.20000000298023224,0.20000000298023224,0.15000000596046448,0.15000000596046448,1.0,1.0,1.0,1.0
complex_fixed_v018_r4,closed_loop,complex,full,1,0.18,False,12.639123525,1785051214.318888,2.119262250960246,0.0772089913879898,-0.1168294562187233,0.15957762228506517,-0.13188713283660136,2.4159135659266773,0.18,0.007162886924227928,20.0,2.094695561532348,0.049377195834094396,3.1046403274695162,0.03893953457644834,4.061255030830641,0.029084439087889147,0.5590683817863464,0.16103066504001617,0.11103066802024841,0.7587811946868896,1.0,0,ROW_FOLLOW,,1.0,107.0,91.0,0.09830356389284134,-0.024809837341308594,0.0,0.2548491358757019,0.0,-0.3044688105583191,0.0,0.4761905074119568,0.6857142448425293,0.9317806959152222,0.9494998455047607,1.0,0.4285714328289032,0.7587811946868896,0.30000001192092896,0.20000000298023224,0.20000000298023224,0.15000000596046448,0.15000000596046448,1.0,1.0,1.0,1.0
complex_fixed_v018_r4,closed_loop,complex,full,1,0.18,False,12.689185795,1785051214.3689504,2.1245559469398363,0.07918518341969602,-0.12493566278303712,0.1521730631217927,-0.11257733903760915,2.4305350685789655,0.18,0.02704919837195961,21.0,2.107763998987101,0.05234740791997964,3.112695792407454,0.04063048909910844,4.107664098310519,0.027857945132894517,0.5577283501625061,0.14451201260089874,0.09451201558113098,0.7623488903045654,1.0,0,ROW_FOLLOW,,1.0,104.0,90.0,0.11046027392148972,-0.02125471830368042,0.0,0.25824174284935,0.0,-0.3007511794567108,0.0,0.4920634627342224,0.6857142448425293,0.9295472502708435,0.9445172548294067,1.0,0.4285714328289032,0.7623488903045654,0.30000001192092896,0.20000000298023224,0.20000000298023224,0.15000000596046448,0.15000000596046448,1.0,1.0,1.0,1.0
complex_fixed_v018_r4,closed_loop,complex,full,1,0.18,False,12.73924509,1785051214.4190094,2.133454563270787,0.07792879721012373,-0.12941545735606663,0.15690585438481985,-0.12061905580060031,2.439563256983416,0.18,0.035179566150120786,21.0,2.107763998987101,0.05234740791997964,3.112695792407454,0.04063048909910844,4.107664098310519,0.027857945132894517,0.5577283501625061,0.14451201260089874,0.09451201558113098,0.7623488903045654,1.0,0,ROW_FOLLOW,,1.0,104.0,90.0,0.11046027392148972,-0.02125471830368042,0.0,0.25824174284935,0.0,-0.3007511794567108,0.0,0.4920634627342224,0.6857142448425293,0.9295472502708435,0.9445172548294067,1.0,0.4285714328289032,0.7623488903045654,0.30000001192092896,0.20000000298023224,0.20000000298023224,0.15000000596046448,0.15000000596046448,1.0,1.0,1.0,1.0
complex_fixed_v018_r4,closed_loop,complex,full,1,0.18,False,12.789134875,1785051214.4688993,2.1399633468704193,0.07620421300676826,-0.1366221471778282,0.15067072364175219,-0.11555911963335494,2.4464530936806246,0.18,0.0797923143337688,19.0,2.1199661621270445,0.05639126453212633,3.0199050254403406,0.045893887497486706,4.019837236212731,0.03423899649685651,0.5573659539222717,0.15137214958667755,0.10137215256690979,0.7583236694335938,1.0,0,ROW_FOLLOW,,1.0,108.0,99.0,0.12257383018732071,-0.01854868233203888,0.0,0.2612724006175995,0.0,-0.29836976528167725,0.0,0.5158730149269104,0.6333332657814026,0.9289433360099792,0.9407091736793518,1.0,0.3333333432674408,0.7583236694335938,0.30000001192092896,0.20000000298023224,0.20000000298023224,0.15000000596046448,0.15000000596046448,1.0,1.0,1.0,1.0
complex_fixed_v018_r4,closed_loop,complex,full,1,0.18,False,12.839377375,1785051214.519142,2.1488912754191993,0.07484487246585175,-0.14070064725407364,0.15623552391714174,-0.10217845932505036,2.4555225511414718,0.18,0.08869911822802963,19.0,2.1199661621270445,0.05639126453212633,3.0199050254403406,0.045893887497486706,4.019837236212731,0.03423899649685651,0.5573659539222717,0.15137214958667755,0.10137215256690979,0.7583236694335938,1.0,0,ROW_FOLLOW,,1.0,108.0,99.0,0.12257383018732071,-0.01854868233203888,0.0,0.2612724006175995,0.0,-0.29836976528167725,0.0,0.5158730149269104,0.6333332657814026,0.9289433360099792,0.9407091736793518,1.0,0.3333333432674408,0.7583236694335938,0.30000001192092896,0.20000000298023224,0.20000000298023224,0.15000000596046448,0.15000000596046448,1.0,1.0,1.0,1.0
complex_fixed_v018_r4,closed_loop,complex,full,1,0.18,False,12.889231799,1785051214.5689962,2.1590702785851046,0.06783233671248264,-0.14587938908364914,0.16506911533938376,-0.08557919716607246,2.469176280806427,0.18,0.14608998169240103,21.0,2.133674000448312,0.05758269447709639,3.1336241678541032,0.04819788583538889,4.133816700159942,0.04025553353483392,0.5556432604789734,0.1547311693429947,0.10473117232322693,0.7606778144836426,1.0,0,ROW_FOLLOW,,1.0,100.0,106.0,0.1379980891942978,-0.017151355743408203,0.0,0.2627052962779999,0.0,-0.2970080077648163,0.0,0.5158730149269104,0.6333332657814026,0.9260720610618591,0.960232138633728,1.0,0.3333333432674408,0.7606778144836426,0.30000001192092896,0.20000000298023224,0.20000000298023224,0.15000000596046448,0.15000000596046448,1.0,1.0,1.0,1.0
complex_fixed_v018_r4,closed_loop,complex,full,1,0.18,False,12.939305622,1785051214.61907,2.169620520715013,0.06502624500160661,-0.14839452072634796,0.18492173883783466,-0.052939972491397314,2.480110865744072,0.18,0.16156589111025238,21.0,2.133674000448312,0.05758269447709639,3.1336241678541032,0.04819788583538889,4.133816700159942,0.04025553353483392,0.5556432604789734,0.1547311693429947,0.10473117232322693,0.7606778144836426,1.0,0,ROW_FOLLOW,,1.0,100.0,106.0,0.1379980891942978,-0.017151355743408203,0.0,0.2627052962779999,0.0,-0.2970080077648163,0.0,0.5158730149269104,0.6333332657814026,0.9260720610618591,0.960232138633728,1.0,0.3333333432674408,0.7606778144836426,0.30000001192092896,0.20000000298023224,0.20000000298023224,0.15000000596046448,0.15000000596046448,1.0,1.0,1.0,1.0
complex_fixed_v018_r4,closed_loop,complex,full,1,0.18,False,12.98915467,1785051214.668919,2.178397569665062,0.06226796060271062,-0.1510232878879187,0.18492173883783466,-0.03144600372064849,2.4893112961238524,0.18,0.1738841249011597,20.0,2.1521880298338982,0.05477628430634745,3.1521614469794366,0.04877400777329414,4.1116580496832364,0.04641967838324323,0.5543180108070374,0.15729834139347076,0.107298344373703,0.7749729156494141,1.0,0,ROW_FOLLOW,,1.0,102.0,106.0,0.14860877394676208,-0.016093522310256958,0.0,0.2641029357910156,0.0,-0.29628998041152954,0.0,0.5396825075149536,0.6857141852378845,0.9238632917404175,0.9410175085067749,1.0,0.4285714328289032,0.7749729156494141,0.30000001192092896,0.20000000298023224,0.20000000298023224,0.15000000596046448,0.15000000596046448,1.0,1.0,1.0,1.0
complex_fixed_v018_r4,closed_loop,complex,full,1,0.18,False,13.039269679,1785051214.7190342,2.1807568099131935,0.061508825553460135,-0.15203919850728953,0.18492173883783466,-0.02558550428070859,2.4918010082974082,0.18,0.17881134955756645,20.0,2.1521880298338982,0.05477628430634745,3.1521614469794366,0.04877400777329414,4.1116580496832364,0.04641967838324323,0.5543180108070374,0.15729834139347076,0.107298344373703,0.7749729156494141,1.0,0,ROW_FOLLOW,,1.0,102.0,106.0,0.14860877394676208,-0.016093522310256958,0.0,0.2641029357910156,0.0,-0.29628998041152954,0.0,0.5396825075149536,0.6857141852378845,0.9238632917404175,0.9410175085067749,1.0,0.4285714328289032,0.7749729156494141,0.30000001192092896,0.20000000298023224,0.20000000298023224,0.15000000596046448,0.15000000596046448,1.0,1.0,1.0,1.0
complex_fixed_v018_r4,closed_loop,complex,full,1,0.18,False,13.08924337,1785051214.769008,2.196489407333161,0.060744267250109084,-0.15375523112992265,0.1809282421542745,-0.040123074990948276,2.507717640271298,0.18,0.16940902798555085,21.0,2.168039267873851,0.050460103460708845,3.1680348793172346,0.04896225070152524,4.164782566916754,0.04930985722200386,0.5579326152801514,0.1603788286447525,0.11037883162498474,0.7848539352416992,1.0,0,ROW_FOLLOW,,1.0,97.0,100.0,0.1544564664363861,-0.015148133039474487,0.0,0.2650426924228668,0.0,-0.2953389585018158,0.0,0.5476190447807312,0.7119046449661255,0.9298877716064453,0.9480641484260559,1.0,0.4761904776096344,0.7848539352416992,0.30000001192092896,0.20000000298023224,0.20000000298023224,0.15000000596046448,0.15000000596046448,1.0,1.0,1.0,1.0
complex_fixed_v018_r4,closed_loop,complex,full,1,0.18,False,13.139187397,1785051214.8189518,2.2121478869967888,0.05853262843029703,-0.15496104980014413,0.18825680655215693,-0.028375471286467436,2.5235458424138737,0.18,0.17842181156535153,21.0,2.168039267873851,0.050460103460708845,3.1680348793172346,0.04896225070152524,4.164782566916754,0.04930985722200386,0.5579326152801514,0.1603788286447525,0.11037883162498474,0.7848539352416992,1.0,0,ROW_FOLLOW,,1.0,97.0,100.0,0.1544564664363861,-0.015148133039474487,0.0,0.2650426924228668,0.0,-0.2953389585018158,0.0,0.5476190447807312,0.7119046449661255,0.9298877716064453,0.9480641484260559,1.0,0.4761904776096344,0.7848539352416992,0.30000001192092896,0.20000000298023224,0.20000000298023224,0.15000000596046448,0.15000000596046448,1.0,1.0,1.0,1.0
complex_fixed_v018_r4,closed_loop,complex,full,1,0.18,False,13.189567981,1785051214.8693326,2.2214974346051606,0.05697167617961645,-0.15747479723194635,0.18809833156530142,-0.04152946812116888,2.533070944163998,0.18,0.1741491002753649,21.0,2.189165026413334,0.04602594867080426,3.189162496302417,0.04705527838103554,4.196476738703705,0.05024017156992771,0.55720454454422,0.1569787710905075,0.10697877407073975,0.7966899871826172,1.0,0,ROW_FOLLOW,,1.0,94.0,96.0,0.159773588180542,-0.014142975211143494,0.0,0.26583489775657654,0.0,-0.2941208481788635,0.0,0.5873016119003296,0.7119046449661255,0.9286743998527527,0.9492243528366089,1.0,0.4761904776096344,0.7966899871826172,0.30000001192092896,0.20000000298023224,0.20000000298023224,0.15000000596046448,0.15000000596046448,1.0,1.0,1.0,1.0
complex_fixed_v018_r4,closed_loop,complex,full,1,0.18,False,13.239506376,1785051214.919271,2.2322959488143717,0.05781341384280457,-0.15881960785985655,0.1920841967941675,-0.02290056945556218,2.54500586257753,0.18,0.1675535177662273,21.0,2.189165026413334,0.04602594867080426,3.189162496302417,0.04705527838103554,4.196476738703705,0.05024017156992771,0.55720454454422,0.1569787710905075,0.10697877407073975,0.7966899871826172,1.0,0,ROW_FOLLOW,,1.0,94.0,96.0,0.159773588180542,-0.014142975211143494,0.0,0.26583489775657654,0.0,-0.2941208481788635,0.0,0.5873016119003296,0.7119046449661255,0.9286743998527527,0.9492243528366089,1.0,0.4761904776096344,0.7966899871826172,0.30000001192092896,0.20000000298023224,0.20000000298023224,0.15000000596046448,0.15000000596046448,1.0,1.0,1.0,1.0
complex_fixed_v018_r4,closed_loop,complex,full,1,0.18,False,13.289207132,1785051214.9689715,2.2413901784208305,0.056288799810891584,-0.1604935518255818,0.19109970468043236,-0.042943353663689565,2.554257582293126,0.18,0.18012772286475526,19.0,2.208468824391998,0.04449323970134969,3.1084526687927045,0.04889429201175701,4.07510005041038,0.0539474353497481,0.5598703622817993,0.1577029675245285,0.10770297050476074,0.7737127542495728,1.0,0,ROW_FOLLOW,,1.0,89.0,105.0,0.1693464070558548,-0.01502363383769989,0.0,0.26552969217300415,0.0,-0.29557695984840393,0.0,0.5396825671195984,0.6595237255096436,0.9331172108650208,0.9551986455917358,1.0,0.380952388048172,0.7737127542495728,0.30000001192092896,0.20000000298023224,0.20000000298023224,0.15000000596046448,0.15000000596046448,1.0,1.0,1.0,1.0
complex_fixed_v018_r4,closed_loop,complex,full,1,0.18,False,13.339397598,1785051215.0191622,2.2433858369272763,0.05591272487633441,-0.16171857200764927,0.18900709449712194,-0.05803322932983651,2.556321604353526,0.18,0.18335079973932467,19.0,2.208468824391998,0.04449323970134969,3.1084526687927045,0.04889429201175701,4.07510005041038,0.0539474353497481,0.5598703622817993,0.1577029675245285,0.10770297050476074,0.7737127542495728,1.0,0,ROW_FOLLOW,,1.0,89.0,105.0,0.1693464070558548,-0.01502363383769989,0.0,0.26552969217300415,0.0,-0.29557695984840393,0.0,0.5396825671195984,0.6595237255096436,0.9331172108650208,0.9551986455917358,1.0,0.380952388048172,0.7737127542495728,0.30000001192092896,0.20000000298023224,0.20000000298023224,0.15000000596046448,0.15000000596046448,1.0,1.0,1.0,1.0
complex_fixed_v018_r4,closed_loop,complex,full,1,0.18,False,13.389715493,1785051215.06948,2.2605547570408397,0.05425820895250655,-0.16268379594518434,0.18809167939692875,-0.03163240434752102,2.573610663575428,0.18,0.18936469119612903,21.0,2.2293875394464844,0.04261319074081202,3.229353075245894,0.050267337647750786,4.22780526894134,0.05571237170210976,0.5563908815383911,0.15671654045581818,0.10671654343605042,0.7758688926696777,1.0,0,ROW_FOLLOW,,1.0,94.0,109.0,0.1726199835538864,-0.015185922384262085,0.0,0.26516908407211304,0.0,-0.2955409288406372,0.0,0.5634920597076416,0.6333332657814026,0.9273183941841125,0.9646067023277283,1.0,0.3333333432674408,0.7758688926696777,0.30000001192092896,0.20000000298023224,0.20000000298023224,0.15000000596046448,0.15000000596046448,1.0,1.0,1.0,1.0
complex_fixed_v018_r4,closed_loop,complex,full,1,0.18,False,13.439412345,1785051215.1191766,2.2689808856111005,0.05285157579479497,-0.16383135689138192,0.18704249555917016,-0.028412885144235758,2.582164221196118,0.18,0.19621249926835005,21.0,2.2293875394464844,0.04261319074081202,3.229353075245894,0.050267337647750786,4.22780526894134,0.05571237170210976,0.5563908815383911,0.15671654045581818,0.10671654343605042,0.7758688926696777,1.0,0,ROW_FOLLOW,,1.0,94.0,109.0,0.1726199835538864,-0.015185922384262085,0.0,0.26516908407211304,0.0,-0.2955409288406372,0.0,0.5634920597076416,0.6333332657814026,0.9273183941841125,0.9646067023277283,1.0,0.3333333432674408,0.7758688926696777,0.30000001192092896,0.20000000298023224,0.20000000298023224,0.15000000596046448,0.15000000596046448,1.0,1.0,1.0,1.0
complex_fixed_v018_r4,closed_loop,complex,full,1,0.18,False,13.489216336,1785051215.1689808,2.27546045684498,0.05254700245791275,-0.164304916481691,0.1712285127351676,-0.009037981737523345,2.5886692187771585,0.18,0.19578967523950747,21.0,2.2483675667649208,0.04067932077450988,3.248317184554177,0.05072655010231653,4.256227597244688,0.05999081101982392,0.5536366701126099,0.15395326912403107,0.1039532721042633,0.782657265663147,1.0,0,ROW_FOLLOW,,1.0,82.0,113.0,0.17441178858280182,-0.014290139079093933,0.0,0.2656587064266205,0.0,-0.29423898458480835,0.0,0.579365074634552,0.6595237255096436,0.9227277636528015,0.9493162035942078,1.0,0.380952388048172,0.782657265663147,0.30000001192092896,0.20000000298023224,0.20000000298023224,0.15000000596046448,0.15000000596046448,1.0,1.0,1.0,1.0
complex_fixed_v018_r4,closed_loop,complex,full,1,0.18,False,13.539162859,1785051215.2189274,2.2841118296583143,0.051110508404262324,-0.16419689038469398,0.17241178856157555,0.00822165034974925,2.597440018447586,0.18,0.20088593024404267,21.0,2.2483675667649208,0.04067932077450988,3.248317184554177,0.05072655010231653,4.256227597244688,0.05999081101982392,0.5536366701126099,0.15395326912403107,0.1039532721042633,0.782657265663147,1.0,0,ROW_FOLLOW,,1.0,82.0,113.0,0.17441178858280182,-0.014290139079093933,0.0,0.2656587064266205,0.0,-0.29423898458480835,0.0,0.579365074634552,0.6595237255096436,0.9227277636528015,0.9493162035942078,1.0,0.380952388048172,0.782657265663147,0.30000001192092896,0.20000000298023224,0.20000000298023224,0.15000000596046448,0.15000000596046448,1.0,1.0,1.0,1.0
complex_fixed_v018_r4,closed_loop,complex,full,1,0.18,False,13.589319373,1785051215.269084,2.2929213596361446,0.04962269497981299,-0.16498471681089424,0.17357122555048712,-0.011485088731825436,2.6063883185562307,0.18,0.20438057925267095,21.0,2.265635133353233,0.039119723442962016,3.2655834474832743,0.04929666277406755,4.265531807083998,0.05947358644244999,0.5574383735656738,0.16107238829135895,0.11107239127159119,0.7877935171127319,1.0,0,ROW_FOLLOW,,1.0,94.0,114.0,0.17461122572422028,-0.013008683919906616,0.0,0.2673470973968506,0.0,-0.2933644652366638,0.0,0.5873015522956848,0.6595237255096436,0.9290639162063599,0.9592371582984924,1.0,0.380952388048172,0.7877935171127319,0.30000001192092896,0.20000000298023224,0.20000000298023224,0.15000000596046448,0.15000000596046448,1.0,1.0,1.0,1.0
complex_fixed_v018_r4,closed_loop,complex,full,1,0.18,False,13.639387084,1785051215.3191516,2.2980524253929664,0.04813817191703074,-0.16492667981747905,0.16557321453526752,0.004764653856584866,2.619263254235443,0.18,0.2109828767232148,21.0,2.265635133353233,0.039119723442962016,3.2655834474832743,0.04929666277406755,4.265531807083998,0.05947358644244999,0.5574383735656738,0.16107238829135895,0.11107239127159119,0.7877935171127319,1.0,0,ROW_FOLLOW,,1.0,94.0,114.0,0.17461122572422028,-0.013008683919906616,0.0,0.2673470973968506,0.0,-0.2933644652366638,0.0,0.5873015522956848,0.6595237255096436,0.9290639162063599,0.9592371582984924,1.0,0.380952388048172,0.7877935171127319,0.30000001192092896,0.20000000298023224,0.20000000298023224,0.15000000596046448,0.15000000596046448,1.0,1.0,1.0,1.0
complex_fixed_v018_r4,closed_loop,complex,full,1,0.18,False,13.689131201,1785051215.3688958,2.3046237936027807,0.04638398967062145,-0.1648406307196244,0.16400804093654311,0.010498155774250567,2.626124408331848,0.18,0.21805040023602296,20.0,2.2838424737809233,0.03812755731844881,3.2837907719149726,0.048306133268445316,4.217075988851422,0.05780443749871456,0.5577960014343262,0.15784217417240143,0.10784217715263367,0.7974283695220947,1.0,0,ROW_FOLLOW,,1.0,100.0,129.0,0.17506524920463562,-0.010410159826278687,0.0,0.2700846791267395,0.0,-0.2909049987792969,0.0,0.6111111640930176,0.6857142448425293,0.9296597838401794,0.9401347041130066,1.0,0.4285714328289032,0.7974283695220947,0.30000001192092896,0.20000000298023224,0.20000000298023224,0.15000000596046448,0.15000000596046448,1.0,1.0,1.0,1.0
complex_fixed_v018_r4,closed_loop,complex,full,1,0.18,False,13.742861038,1785051215.4226255,2.3133331016887237,0.04492615592951852,-0.16512965788771183,0.1666115019239266,-0.001637656599789514,2.6349575942395114,0.18,0.22424350696818504,20.0,2.2838424737809233,0.03812755731844881,3.2837907719149726,0.048306133268445316,4.217075988851422,0.05780443749871456,0.5577960014343262,0.15784217417240143,0.10784217715263367,0.7974283695220947,1.0,0,ROW_FOLLOW,,1.0,100.0,129.0,0.17506524920463562,-0.010410159826278687,0.0,0.2700846791267395,0.0,-0.2909049987792969,0.0,0.6111111640930176,0.6857142448425293,0.9296597838401794,0.9401347041130066,1.0,0.4285714328289032,0.7974283695220947,0.30000001192092896,0.20000000298023224,0.20000000298023224,0.15000000596046448,0.15000000596046448,1.0,1.0,1.0,1.0
complex_fixed_v018_r4,closed_loop,complex,full,1,0.18,False,13.789146747,1785051215.4689112,2.322396936892141,0.04280186455279522,-0.16482481636431998,0.1722433652148107,-0.002465402735728703,2.644787827438265,0.18,0.23260219791020284,21.0,2.2986068509790347,0.037406768186319654,3.298555634143161,0.04753810074164621,4.298728939656092,0.05751219293319372,0.5584976077079773,0.1539987474679947,0.10399875044822693,0.7986419200897217,1.0,0,ROW_FOLLOW,,1.0,87.0,123.0,0.17520757019519806,-0.008533179759979248,0.0,0.2718261778354645,0.0,-0.288892537355423,0.0,0.6111111640930176,0.6857142448425293,0.9308293461799622,0.9466651082038879,1.0,0.4285714328289032,0.7986419200897217,0.30000001192092896,0.20000000298023224,0.20000000298023224,0.15000000596046448,0.15000000596046448,1.0,1.0,1.0,1.0
complex_fixed_v018_r4,closed_loop,complex,full,1,0.18,False,13.839109879,1785051215.5188744,2.336736773920904,0.04069293486530553,-0.1652634095599752,0.1741560304547688,-0.005582630811614974,2.6592917094314465,0.18,0.24207639163111316,21.0,2.2986068509790347,0.037406768186319654,3.298555634143161,0.04753810074164621,4.298728939656092,0.05751219293319372,0.5584976077079773,0.1539987474679947,0.10399875044822693,0.7986419200897217,1.0,0,ROW_FOLLOW,,1.0,87.0,123.0,0.17520757019519806,-0.008533179759979248,0.0,0.2718261778354645,0.0,-0.288892537355423,0.0,0.6111111640930176,0.6857142448425293,0.9308293461799622,0.9466651082038879,1.0,0.4285714328289032,0.7986419200897217,0.30000001192092896,0.20000000298023224,0.20000000298023224,0.15000000596046448,0.15000000596046448,1.0,1.0,1.0,1.0
complex_fixed_v018_r4,closed_loop,complex,full,1,0.18,False,13.889148533,1785051215.568913,2.345949561900341,0.03919948990379341,-0.16400236207793556,0.17967265852786354,0.010817585734619361,2.66864799758699,0.18,0.24261799939598555,20.0,2.3161269250379366,0.036092540469453586,3.316076058217687,0.04619095793790837,4.282693590895666,0.05595286105425431,0.5575953722000122,0.15833257138729095,0.1083325743675232,0.7850760221481323,1.0,0,ROW_FOLLOW,,1.0,91.0,123.0,0.17501738667488098,-0.0065435320138931274,0.0,0.27376797795295715,0.0,-0.2868550419807434,0.0,0.5952380895614624,0.6333332657814026,0.9293256402015686,0.9598190784454346,1.0,0.3333333432674408,0.7850760221481323,0.30000001192092896,0.20000000298023224,0.20000000298023224,0.15000000596046448,0.15000000596046448,1.0,1.0,1.0,1.0
complex_fixed_v018_r4,closed_loop,complex,full,1,0.18,False,13.939220532,1785051215.618985,2.3480968329737926,0.03887186085658017,-0.16342548454835187,0.18118926999489118,0.013995678975345796,2.6708360283170234,0.18,0.24321232317060576,20.0,2.3161269250379366,0.036092540469453586,3.316076058217687,0.04619095793790837,4.282693590895666,0.05595286105425431,0.5575953722000122,0.15833257138729095,0.1083325743675232,0.7850760221481323,1.0,0,ROW_FOLLOW,,1.0,91.0,123.0,0.17501738667488098,-0.0065435320138931274,0.0,0.27376797795295715,0.0,-0.2868550419807434,0.0,0.5952380895614624,0.6333332657814026,0.9293256402015686,0.9598190784454346,1.0,0.3333333432674408,0.7850760221481323,0.30000001192092896,0.20000000298023224,0.20000000298023224,0.15000000596046448,0.15000000596046448,1.0,1.0,1.0,1.0
complex_fixed_v018_r4,closed_loop,complex,full,1,0.18,False,13.989099245,1785051215.6688638,2.355660064411123,0.03528838537956407,-0.1620481014292623,0.17233883367542274,0.017800013445213876,2.6836698061852577,0.18,0.2577454466136056,20.0,2.3327863554060517,0.03532139208556579,3.332735727091455,0.04539513396018502,4.2993535203694115,0.055132362712207554,0.5540891289710999,0.14756561815738678,0.09756562113761902,0.7788958549499512,1.0,0,ROW_FOLLOW,,1.0,103.0,113.0,0.1725999265909195,-0.0034831464290618896,0.0,0.27690672874450684,0.0,-0.2838730216026306,0.0,0.5873016119003296,0.6333332657814026,0.9234821796417236,0.9422813653945923,1.0,0.3333333432674408,0.7788958549499512,0.30000001192092896,0.20000000298023224,0.20000000298023224,0.15000000596046448,0.15000000596046448,1.0,1.0,1.0,1.0
complex_fixed_v018_r4,closed_loop,complex,full,1,0.18,False,14.039765374,1785051215.7195296,2.3640434955376937,0.03392360886643428,-0.16176329445850834,0.1740043001256904,0.01162295783148603,2.69216647878984,0.18,0.2638361062767455,20.0,2.3327863554060517,0.03532139208556579,3.332735727091455,0.04539513396018502,4.2993535203694115,0.055132362712207554,0.5540891289710999,0.14756561815738678,0.09756562113761902,0.7788958549499512,1.0,0,ROW_FOLLOW,,1.0,103.0,113.0,0.1725999265909195,-0.0034831464290618896,0.0,0.27690672874450684,0.0,-0.2838730216026306,0.0,0.5873016119003296,0.6333332657814026,0.9234821796417236,0.9422813653945923,1.0,0.3333333432674408,0.7788958549499512,0.30000001192092896,0.20000000298023224,0.20000000298023224,0.15000000596046448,0.15000000596046448,1.0,1.0,1.0,1.0
complex_fixed_v018_r4,closed_loop,complex,full,1,0.18,False,14.089164329,1785051215.7689288,2.3778785132031657,0.032510302101778854,-0.16126651845281487,0.17724854315085378,0.022806138679213897,2.706181606540249,0.18,0.2650703065622061,19.0,2.349663915113862,0.034219056621818615,3.249618519917163,0.04326876353350039,4.282899809774171,0.05365868969199827,0.5535759329795837,0.15411178767681122,0.10411179065704346,0.7932997941970825,1.0,0,ROW_FOLLOW,,1.0,100.0,119.0,0.17177645862102509,-0.0008374154567718506,0.0,0.2794134318828583,0.0,-0.281088262796402,0.0,0.6190476417541504,0.6595237255096436,0.9226266145706177,0.9410360455513,1.0,0.380952388048172,0.7932997941970825,0.30000001192092896,0.20000000298023224,0.20000000298023224,0.15000000596046448,0.15000000596046448,1.0,1.0,1.0,1.0
complex_fixed_v018_r4,closed_loop,complex,full,1,0.18,False,14.139199111,1785051215.8189635,2.3868881229154058,0.031066670924531976,-0.16046398203134732,0.17842795923460977,0.03138460591309974,2.7153136233807924,0.18,0.27118442529357767,19.0,2.349663915113862,0.034219056621818615,3.249618519917163,0.04326876353350039,4.282899809774171,0.05365868969199827,0.5535759329795837,0.15411178767681122,0.10411179065704346,0.7932997941970825,1.0,0,ROW_FOLLOW,,1.0,100.0,119.0,0.17177645862102509,-0.0008374154567718506,0.0,0.2794134318828583,0.0,-0.281088262796402,0.0,0.6190476417541504,0.6595237255096436,0.9226266145706177,0.9410360455513,1.0,0.380952388048172,0.7932997941970825,0.30000001192092896,0.20000000298023224,0.20000000298023224,0.15000000596046448,0.15000000596046448,1.0,1.0,1.0,1.0
complex_fixed_v018_r4,closed_loop,complex,full,1,0.18,False,14.189162883,1785051215.8689272,2.3957931545297986,0.029673879109065382,-0.15936281765988575,0.17959435627584677,0.011507664396110394,2.724347180133901,0.18,0.2671672281978121,21.0,2.366355657419785,0.033560733316751475,3.3663045351624135,0.0436832295523151,4.386773546163003,0.05272765255386349,0.5561383366584778,0.15975414216518402,0.10975414514541626,0.7997170686721802,1.0,0,ROW_FOLLOW,,1.0,108.0,139.0,0.17003567516803741,0.0011011511087417603,0.0,0.28100448846817017,0.0,-0.27880218625068665,0.0,0.6190476417541504,0.6857142448425293,0.9268973469734192,0.9432026743888855,1.0,0.4285714328289032,0.7997170686721802,0.30000001192092896,0.20000000298023224,0.20000000298023224,0.15000000596046448,0.15000000596046448,1.0,1.0,1.0,1.0
complex_fixed_v018_r4,closed_loop,complex,full,1,0.18,False,14.239313317,1785051215.9190776,2.4088597708417487,0.030136985441874056,-0.15846192070842907,0.18618555829838912,0.03189653726518186,2.737901535257725,0.18,0.2696252690113666,21.0,2.366355657419785,0.033560733316751475,3.3663045351624135,0.0436832295523151,4.386773546163003,0.05272765255386349,0.5561383366584778,0.15975414216518402,0.10975414514541626,0.7997170686721802,1.0,0,ROW_FOLLOW,,1.0,108.0,139.0,0.17003567516803741,0.0011011511087417603,0.0,0.28100448846817017,0.0,-0.27880218625068665,0.0,0.6190476417541504,0.6857142448425293,0.9268973469734192,0.9432026743888855,1.0,0.4285714328289032,0.7997170686721802,0.30000001192092896,0.20000000298023224,0.20000000298023224,0.15000000596046448,0.15000000596046448,1.0,1.0,1.0,1.0
complex_fixed_v018_r4,closed_loop,complex,full,1,0.18,False,14.289200606,1785051215.968965,2.4201731863211107,0.030064120231214037,-0.157416609369756,0.19062309588620815,0.02305951136619067,2.7510567983863576,0.18,0.265774802674269,21.0,2.3865856671770107,0.03293863666444847,3.3865329872259795,0.043212605732715174,4.397744751078616,0.053646289227536115,0.5533255338668823,0.1517113298177719,0.10171133279800415,0.8254832029342651,1.0,0,ROW_FOLLOW,,1.0,117.0,128.0,0.1682232767343521,0.0033986568450927734,0.0,0.2825586199760437,0.0,-0.27576130628585815,0.0,0.658730149269104,0.764285683631897,0.9222090840339661,0.9371011853218079,1.0,0.5714285969734192,0.8254832029342651,0.30000001192092896,0.20000000298023224,0.20000000298023224,0.15000000596046448,0.15000000596046448,1.0,1.0,1.0,1.0
complex_fixed_v018_r4,closed_loop,complex,full,1,0.18,False,14.339129113,1785051216.0188935,2.4286798291965215,0.028751168564840744,-0.1561896841479006,0.18877836376371368,0.03470049801942211,2.7596753713526563,0.18,0.2709391158669124,21.0,2.3865856671770107,0.03293863666444847,3.3865329872259795,0.043212605732715174,4.397744751078616,0.053646289227536115,0.5533255338668823,0.1517113298177719,0.10171133279800415,0.8254832029342651,1.0,0,ROW_FOLLOW,,1.0,117.0,128.0,0.1682232767343521,0.0033986568450927734,0.0,0.2825586199760437,0.0,-0.27576130628585815,0.0,0.658730149269104,0.764285683631897,0.9222090840339661,0.9371011853218079,1.0,0.5714285969734192,0.8254832029342651,0.30000001192092896,0.20000000298023224,0.20000000298023224,0.15000000596046448,0.15000000596046448,1.0,1.0,1.0,1.0
complex_fixed_v018_r4,closed_loop,complex,full,1,0.18,False,14.389141783,1785051216.0689063,2.438058782624598,0.02720300350099145,-0.153014494083918,0.18610376808968526,0.04240048862849717,2.769428946768088,0.18,0.27713698101501666,21.0,2.4081113280032347,0.03317125028967549,3.4080543275500026,0.043849748342216,4.407997361585483,0.05452824536365841,0.5545426607131958,0.14977864921092987,0.09977865219116211,0.8127514123916626,1.0,0,ROW_FOLLOW,,1.0,106.0,141.0,0.16546845436096191,0.004999041557312012,0.0,0.2838752865791321,0.0,-0.27387720346450806,0.0,0.6507936120033264,0.7119047045707703,0.9242375493049622,0.9352322816848755,1.0,0.4761904776096344,0.8127514123916626,0.30000001192092896,0.20000000298023224,0.20000000298023224,0.15000000596046448,0.15000000596046448,1.0,1.0,1.0,1.0
complex_fixed_v018_r4,closed_loop,complex,full,1,0.18,False,14.439151124,1785051216.1189156,2.4467131009791303,0.025938841899271974,-0.15070210159739042,0.1859675795832473,0.07150595187561894,2.778195404951791,0.18,0.28082184515230185,21.0,2.4081113280032347,0.03317125028967549,3.4080543275500026,0.043849748342216,4.407997361585483,0.05452824536365841,0.5545426607131958,0.14977864921092987,0.09977865219116211,0.8127514123916626,1.0,0,ROW_FOLLOW,,1.0,106.0,141.0,0.16546845436096191,0.004999041557312012,0.0,0.2838752865791321,0.0,-0.27387720346450806,0.0,0.6507936120033264,0.7119047045707703,0.9242375493049622,0.9352322816848755,1.0,0.4761904776096344,0.8127514123916626,0.30000001192092896,0.20000000298023224,0.20000000298023224,0.15000000596046448,0.15000000596046448,1.0,1.0,1.0,1.0
complex_fixed_v018_r4,closed_loop,complex,full,1,0.18,False,14.489219251,1785051216.1689835,2.4533622238814963,0.022930574995381293,-0.14691464077484853,0.1825286521891909,0.08020376851764643,2.7894012906590615,0.18,0.2937060507027128,21.0,2.4280399663109353,0.03403293571146245,3.4279940776657973,0.04336336671062512,4.427948233097539,0.052693791693228374,0.5516400337219238,0.14468280971050262,0.09468281269073486,0.8115601539611816,1.0,0,ROW_FOLLOW,,1.0,109.0,140.0,0.15445713698863983,0.008783936500549316,0.0,0.28753238916397095,0.0,-0.2699645161628723,0.0,0.6746031641960144,0.6857142448425293,0.9193999171257019,0.9210426807403564,1.0,0.4285714328289032,0.8115601539611816,0.30000001192092896,0.20000000298023224,0.20000000298023224,0.15000000596046448,0.15000000596046448,1.0,1.0,1.0,1.0
complex_fixed_v018_r4,closed_loop,complex,full,1,0.18,False,14.539150511,1785051216.2189147,2.4617600765386123,0.021783158137066255,-0.14328401016814007,0.1806972698328468,0.09832178887804309,2.797908104421909,0.18,0.29533441150399015,21.0,2.4280399663109353,0.03403293571146245,3.4279940776657973,0.04336336671062512,4.427948233097539,0.052693791693228374,0.5516400337219238,0.14468280971050262,0.09468281269073486,0.8115601539611816,1.0,0,ROW_FOLLOW,,1.0,109.0,140.0,0.15445713698863983,0.008783936500549316,0.0,0.28753238916397095,0.0,-0.2699645161628723,0.0,0.6746031641960144,0.6857142448425293,0.9193999171257019,0.9210426807403564,1.0,0.4285714328289032,0.8115601539611816,0.30000001192092896,0.20000000298023224,0.20000000298023224,0.15000000596046448,0.15000000596046448,1.0,1.0,1.0,1.0
complex_fixed_v018_r4,closed_loop,complex,full,1,0.18,False,14.589304528,1785051216.269069,2.4708708674039603,0.01914107778164504,-0.1365114824808527,0.17822151415847917,0.11997178521641115,2.808092079052767,0.18,0.29899667863374163,19.0,2.445670973525718,0.03476225017927046,3.3456441574890725,0.04112210898164553,4.312283669204397,0.04772973159031202,0.5493789315223694,0.14257653057575226,0.0925765335559845,0.7872729301452637,1.0,0,ROW_FOLLOW,,1.0,105.0,120.0,0.14249300956726074,0.013877347111701965,0.0,0.2926821708679199,0.0,-0.264927476644516,0.0,0.6111111044883728,0.6857142448425293,0.9156317114830017,0.8911363482475281,1.0,0.4285714328289032,0.7872729301452637,0.30000001192092896,0.20000000298023224,0.20000000298023224,0.15000000596046448,0.15000000596046448,1.0,1.0,1.0,1.0
complex_fixed_v018_r4,closed_loop,complex,full,1,0.18,False,14.63918865,1785051216.318953,2.479213446779357,0.01812116527719169,-0.13192737342944616,0.17190849312735748,0.12108245883310442,2.816535302242992,0.18,0.2991064114204772,19.0,2.445670973525718,0.03476225017927046,3.3456441574890725,0.04112210898164553,4.312283669204397,0.04772973159031202,0.5493789315223694,0.14257653057575226,0.0925765335559845,0.7872729301452637,1.0,0,ROW_FOLLOW,,1.0,105.0,120.0,0.14249300956726074,0.013877347111701965,0.0,0.2926821708679199,0.0,-0.264927476644516,0.0,0.6111111044883728,0.6857142448425293,0.9156317114830017,0.8911363482475281,1.0,0.4285714328289032,0.7872729301452637,0.30000001192092896,0.20000000298023224,0.20000000298023224,0.15000000596046448,0.15000000596046448,1.0,1.0,1.0,1.0
complex_fixed_v018_r4,closed_loop,complex,full,1,0.18,False,14.691023646,1785051216.370788,2.487069372219987,0.01701633283750273,-0.12336969770234107,0.17083026810592003,0.16103341057217624,2.825727124675393,0.18,0.29188915670843535,21.0,2.462547096651562,0.0365212161788063,3.46253802512137,0.039317989819070594,4.462940640786243,0.041587474916657964,0.5584341883659363,0.15676485002040863,0.10676485300064087,0.7989320755004883,1.0,0,ROW_FOLLOW,,1.0,108.0,107.0,0.12499389052391052,0.020850181579589844,0.0,0.3013829290866852,0.0,-0.2596825659275055,0.0,0.6190476417541504,0.7380951642990112,0.9307234883308411,0.8630269169807434,1.0,0.523809552192688,0.7989320755004883,0.30000001192092896,0.20000000298023224,0.20000000298023224,0.15000000596046448,0.15000000596046448,1.0,1.0,1.0,1.0
complex_fixed_v018_r4,closed_loop,complex,full,1,0.18,False,14.739264231,1785051216.4190288,2.4949618631051362,0.01783181694728352,-0.11668066041063564,0.1670499633042794,0.15850295853066498,2.8362182751142724,0.18,0.2806473934243254,21.0,2.462547096651562,0.0365212161788063,3.46253802512137,0.039317989819070594,4.462940640786243,0.041587474916657964,0.5584341883659363,0.15676485002040863,0.10676485300064087,0.7989320755004883,1.0,0,ROW_FOLLOW,,1.0,108.0,107.0,0.12499389052391052,0.020850181579589844,0.0,0.3013829290866852,0.0,-0.2596825659275055,0.0,0.6190476417541504,0.7380951642990112,0.9307234883308411,0.8630269169807434,1.0,0.523809552192688,0.7989320755004883,0.30000001192092896,0.20000000298023224,0.20000000298023224,0.15000000596046448,0.15000000596046448,1.0,1.0,1.0,1.0
complex_fixed_v018_r4,closed_loop,complex,full,1,0.18,False,14.789121152,1785051216.4688854,2.503586167327901,0.01704485678088013,-0.10755077229313333,0.1664294132721015,0.1573475183656913,2.8449557655663624,0.18,0.28491746417523783,20.0,2.478654947288628,0.04001370474445449,3.4836522739521456,0.04047932333577233,4.437121700765413,0.03992179817361241,0.5574461817741394,0.1446605771780014,0.09466058015823364,0.8022830486297607,1.0,0,ROW_FOLLOW,,1.0,116.0,120.0,0.10991289466619492,0.02735978364944458,0.0,0.30871397256851196,0.0,-0.2539944052696228,0.0,0.658730149269104,0.6857142448425293,0.9290768504142761,0.8780378699302673,1.0,0.4285714328289032,0.8022830486297607,0.30000001192092896,0.20000000298023224,0.20000000298023224,0.15000000596046448,0.15000000596046448,1.0,1.0,1.0,1.0
complex_fixed_v018_r4,closed_loop,complex,full,1,0.18,False,14.839225184,1785051216.5189896,2.511226320369527,0.01849587499332283,-0.10087792493203906,0.16739298195467975,0.1556833034972123,2.8565233715249594,0.18,0.269093250682113,20.0,2.478654947288628,0.04001370474445449,3.4836522739521456,0.04047932333577233,4.437121700765413,0.03992179817361241,0.5574461817741394,0.1446605771780014,0.09466058015823364,0.8022830486297607,1.0,0,ROW_FOLLOW,,1.0,116.0,120.0,0.10991289466619492,0.02735978364944458,0.0,0.30871397256851196,0.0,-0.2539944052696228,0.0,0.658730149269104,0.6857142448425293,0.9290768504142761,0.8780378699302673,1.0,0.4285714328289032,0.8022830486297607,0.30000001192092896,0.20000000298023224,0.20000000298023224,0.15000000596046448,0.15000000596046448,1.0,1.0,1.0,1.0
complex_fixed_v018_r4,closed_loop,complex,full,1,0.18,False,14.889148699,1785051216.5689132,2.519875141672832,0.017850838374255416,-0.0920507975726017,0.16381476447362323,0.14984445592696008,2.865273429176977,0.18,0.2815377475325198,21.0,2.49521652982966,0.04538314931256635,3.5002115822111826,0.042859982732346556,4.495315896644459,0.038647813074753234,0.5602266788482666,0.14919151365756989,0.09919151663780212,0.7871034145355225,1.0,0,ROW_FOLLOW,,1.0,142.0,93.0,0.09262678772211075,0.03332289308309555,0.0,0.3152393102645874,0.0,-0.2485935240983963,0.0,0.6111111044883728,0.6595237255096436,0.9337109923362732,0.900820791721344,1.0,0.380952388048172,0.7871034145355225,0.30000001192092896,0.20000000298023224,0.20000000298023224,0.15000000596046448,0.15000000596046448,1.0,1.0,1.0,1.0
complex_fixed_v018_r4,closed_loop,complex,full,1,0.18,False,14.939257852,1785051216.6190224,2.528589167668861,0.01737054973818815,-0.085397184522884,0.166515363640995,0.18405667265203315,2.8741149559361285,0.18,0.277305878793032,21.0,2.49521652982966,0.04538314931256635,3.5002115822111826,0.042859982732346556,4.495315896644459,0.038647813074753234,0.5602266788482666,0.14919151365756989,0.09919151663780212,0.7871034145355225,1.0,0,ROW_FOLLOW,,1.0,142.0,93.0,0.09262678772211075,0.03332289308309555,0.0,0.3152393102645874,0.0,-0.2485935240983963,0.0,0.6111111044883728,0.6595237255096436,0.9337109923362732,0.900820791721344,1.0,0.380952388048172,0.7871034145355225,0.30000001192092896,0.20000000298023224,0.20000000298023224,0.15000000596046448,0.15000000596046448,1.0,1.0,1.0,1.0
complex_fixed_v018_r4,closed_loop,complex,full,1,0.18,False,14.989427582,1785051216.6691918,2.5286105034592805,0.017669439448820445,-0.07400302490762646,0.16879083609164414,0.20364778250569854,2.8744146076300465,0.18,0.28144360095244675,21.0,2.5116983802172825,0.05089141074126064,3.516692699829885,0.04801402056531412,4.520036500401117,0.04584753558172182,0.5635977983474731,0.15228842198848724,0.10228842496871948,0.8004394769668579,1.0,0,ROW_FOLLOW,,1.0,121.0,95.0,0.07541821897029877,0.03802277147769928,0.0,0.321890264749527,0.0,-0.24584472179412842,0.0,0.6507936716079712,0.6595237255096436,0.9393296241760254,0.9028714299201965,1.0,0.380952388048172,0.8004394769668579,0.30000001192092896,0.20000000298023224,0.20000000298023224,0.15000000596046448,0.15000000596046448,1.0,1.0,1.0,1.0
complex_fixed_v018_r4,closed_loop,complex,full,1,0.18,False,15.039227797,1785051216.7189922,2.5513820093824795,0.019449108197661415,-0.06487893062126289,0.17189968552135887,0.2411643259453092,2.8974444343782273,0.18,0.26815386935335067,21.0,2.5116983802172825,0.05089141074126064,3.516692699829885,0.04801402056531412,4.520036500401117,0.04584753558172182,0.5635977983474731,0.15228842198848724,0.10228842496871948,0.8004394769668579,1.0,0,ROW_FOLLOW,,1.0,121.0,95.0,0.07541821897029877,0.03802277147769928,0.0,0.321890264749527,0.0,-0.24584472179412842,0.0,0.6507936716079712,0.6595237255096436,0.9393296241760254,0.9028714299201965,1.0,0.380952388048172,0.8004394769668579,0.30000001192092896,0.20000000298023224,0.20000000298023224,0.15000000596046448,0.15000000596046448,1.0,1.0,1.0,1.0
complex_fixed_v018_r4,closed_loop,complex,full,1,0.18,False,15.089277396,1785051216.769042,2.5607393673671743,0.022577884060510506,-0.05165766256025163,0.18201173508542082,0.21194409164031605,2.909973005576759,0.18,0.2565073080252468,21.0,2.530408318890253,0.05547974474408519,3.5303947456205997,0.05516368739403913,4.530381183030042,0.05484762944235655,0.5628190040588379,0.15425758063793182,0.10425758361816406,0.7550036907196045,1.0,0,ROW_FOLLOW,,1.0,127.0,75.0,0.0628180056810379,0.039400987327098846,0.0,0.32320505380630493,0.0,-0.24440307915210724,0.0,0.5158730149269104,0.6071427464485168,0.9380316734313965,0.9413790702819824,1.0,0.2857142984867096,0.7550036907196045,0.30000001192092896,0.20000000298023224,0.20000000298023224,0.15000000596046448,0.15000000596046448,1.0,1.0,1.0,1.0
complex_fixed_v018_r4,closed_loop,complex,full,1,0.18,False,15.139833346,1785051216.8195977,2.5696690975036156,0.022367007348813014,-0.04315424789091215,0.1814687264142672,0.2150201029979066,2.9189795094326096,0.18,0.24962024840586317,21.0,2.530408318890253,0.05547974474408519,3.5303947456205997,0.05516368739403913,4.530381183030042,0.05484762944235655,0.5628190040588379,0.15425758063793182,0.10425758361816406,0.7550036907196045,1.0,0,ROW_FOLLOW,,1.0,127.0,75.0,0.0628180056810379,0.039400987327098846,0.0,0.32320505380630493,0.0,-0.24440307915210724,0.0,0.5158730149269104,0.6071427464485168,0.9380316734313965,0.9413790702819824,1.0,0.2857142984867096,0.7550036907196045,0.30000001192092896,0.20000000298023224,0.20000000298023224,0.15000000596046448,0.15000000596046448,1.0,1.0,1.0,1.0
complex_fixed_v018_r4,closed_loop,complex,full,1,0.18,False,15.189237069,1785051216.8690014,2.5781094383691485,0.02247254017329707,-0.03255155475447059,0.1808124520867067,0.1721408619283465,2.9276033094297103,0.18,0.2542199989083059,19.0,2.5496654857604053,0.058548284313735544,3.449632317288414,0.06371591107699742,4.416260403615493,0.06974511819153767,0.5573008060455322,0.14551658928394318,0.09551659226417542,0.746925950050354,1.0,0,ROW_FOLLOW,,1.0,129.0,82.0,0.048535820096731186,0.03855224698781967,0.0,0.32213038206100464,0.0,-0.2450258880853653,0.0,0.4841269552707672,0.6333332657814026,0.9288347363471985,0.9283615946769714,1.0,0.3333333432674408,0.746925950050354,0.30000001192092896,0.20000000298023224,0.20000000298023224,0.15000000596046448,0.15000000596046448,1.0,1.0,1.0,1.0
complex_fixed_v018_r4,closed_loop,complex,full,1,0.18,False,15.239165384,1785051216.9189298,2.5903913648160426,0.022042185784649476,-0.0248927009625861,0.1880283487648978,0.20721473664874906,2.939971304707323,0.18,0.25270288130012686,19.0,2.5496654857604053,0.058548284313735544,3.449632317288414,0.06371591107699742,4.416260403615493,0.06974511819153767,0.5573008060455322,0.14551658928394318,0.09551659226417542,0.746925950050354,1.0,0,ROW_FOLLOW,,1.0,129.0,82.0,0.048535820096731186,0.03855224698781967,0.0,0.32213038206100464,0.0,-0.2450258880853653,0.0,0.4841269552707672,0.6333332657814026,0.9288347363471985,0.9283615946769714,1.0,0.3333333432674408,0.746925950050354,0.30000001192092896,0.20000000298023224,0.20000000298023224,0.15000000596046448,0.15000000596046448,1.0,1.0,1.0,1.0
complex_fixed_v018_r4,closed_loop,complex,full,1,0.18,False,15.28911226,1785051216.9688768,2.601864984685033,0.02122387588641803,-0.013519430986649095,0.18598554978744453,0.18525955612498674,2.9518593707370364,0.18,0.2495535714938985,21.0,2.5700133772649587,0.05916558516465811,3.5749211684265245,0.071960290384162,4.570240345648309,0.0834897514556792,0.5601757764816284,0.15544138848781586,0.1054413914680481,0.7577017545700073,1.0,0,ROW_FOLLOW,,1.0,121.0,87.0,0.03552854806184769,0.03526552766561508,0.0,0.31828901171684265,0.0,-0.2477579563856125,0.0,0.4920635223388672,0.6595237255096436,0.9336262941360474,0.9430176615715027,1.0,0.380952388048172,0.7577017545700073,0.30000001192092896,0.20000000298023224,0.20000000298023224,0.15000000596046448,0.15000000596046448,1.0,1.0,1.0,1.0
complex_fixed_v018_r4,closed_loop,complex,full,1,0.18,False,15.339147042,1785051217.0189116,2.6108217536099056,0.021339600160070558,-0.005620644258684139,0.18977489864679065,0.18743355986791266,2.960886005386734,0.18,0.24347050688028998,21.0,2.5700133772649587,0.05916558516465811,3.5749211684265245,0.071960290384162,4.570240345648309,0.0834897514556792,0.5601757764816284,0.15544138848781586,0.1054413914680481,0.7577017545700073,1.0,0,ROW_FOLLOW,,1.0,121.0,87.0,0.03552854806184769,0.03526552766561508,0.0,0.31828901171684265,0.0,-0.2477579563856125,0.0,0.4920635223388672,0.6595237255096436,0.9336262941360474,0.9430176615715027,1.0,0.380952388048172,0.7577017545700073,0.30000001192092896,0.20000000298023224,0.20000000298023224,0.15000000596046448,0.15000000596046448,1.0,1.0,1.0,1.0
complex_fixed_v018_r4,closed_loop,complex,full,1,0.18,False,15.389162688,1785051217.0689273,2.6183720321068416,0.01822364046141494,0.005908323895807752,0.1871971882881352,0.208012912324652,2.9739429019327264,0.18,0.23319985857105974,21.0,2.5896775884129024,0.057353301502029004,3.5945117257783643,0.07521778458665028,4.599515686392938,0.0959806625948212,0.5629194378852844,0.15634287893772125,0.10634288191795349,0.7780866622924805,1.0,0,ROW_FOLLOW,,1.0,112.0,96.0,0.02036682516336441,0.03210751712322235,0.0,0.3153926432132721,0.0,-0.2511776089668274,0.0,0.5396825075149536,0.6857142448425293,0.938198983669281,0.9426616430282593,1.0,0.4285714328289032,0.7780866622924805,0.30000001192092896,0.20000000298023224,0.20000000298023224,0.15000000596046448,0.15000000596046448,1.0,1.0,1.0,1.0
complex_fixed_v018_r4,closed_loop,complex,full,1,0.18,False,15.439117116,1785051217.1188815,2.627308046384762,0.01850675337288216,0.01387629848067507,0.18671604151981988,0.19286357906193877,2.982955591613155,0.18,0.22647016773073697,21.0,2.5896775884129024,0.057353301502029004,3.5945117257783643,0.07521778458665028,4.599515686392938,0.0959806625948212,0.5629194378852844,0.15634287893772125,0.10634288191795349,0.7780866622924805,1.0,0,ROW_FOLLOW,,1.0,112.0,96.0,0.02036682516336441,0.03210751712322235,0.0,0.3153926432132721,0.0,-0.2511776089668274,0.0,0.5396825075149536,0.6857142448425293,0.938198983669281,0.9426616430282593,1.0,0.4285714328289032,0.7780866622924805,0.30000001192092896,0.20000000298023224,0.20000000298023224,0.15000000596046448,0.15000000596046448,1.0,1.0,1.0,1.0
complex_fixed_v018_r4,closed_loop,complex,full,1,0.18,False,15.489150459,1785051217.168915,2.635622312993654,0.019085517931435213,0.02531632932430704,0.18541217302564134,0.19425665012513363,2.9914909550971402,0.18,0.17577840605832196,20.0,2.6088285716781017,0.051772106873794986,3.6085752092391057,0.07404744900371772,4.5416689779858075,0.09497359714583244,0.5596801042556763,0.1494445949792862,0.09944459795951843,0.7729482650756836,1.0,0,ROW_FOLLOW,,1.0,115.0,87.0,0.00885399617254734,0.025743335485458374,0.0,0.30768218636512756,0.0,-0.2561955153942108,0.0,0.547619104385376,0.6595237255096436,0.9328001737594604,0.934651255607605,1.0,0.380952388048172,0.7729482650756836,0.30000001192092896,0.20000000298023224,0.20000000298023224,0.15000000596046448,0.15000000596046448,1.0,1.0,1.0,1.0
complex_fixed_v018_r4,closed_loop,complex,full,1,0.18,False,15.53913724,1785051217.2189019,2.6446834711244116,0.014743850950084745,0.03431014167406941,0.16998443704400695,0.2437254224872709,3.005000963226406,0.18,0.1923510766574894,20.0,2.6088285716781017,0.051772106873794986,3.6085752092391057,0.07404744900371772,4.5416689779858075,0.09497359714583244,0.5596801042556763,0.1494445949792862,0.09944459795951843,0.7729482650756836,1.0,0,ROW_FOLLOW,,1.0,115.0,87.0,0.00885399617254734,0.025743335485458374,0.0,0.30768218636512756,0.0,-0.2561955153942108,0.0,0.547619104385376,0.6595237255096436,0.9328001737594604,0.934651255607605,1.0,0.380952388048172,0.7729482650756836,0.30000001192092896,0.20000000298023224,0.20000000298023224,0.15000000596046448,0.15000000596046448,1.0,1.0,1.0,1.0
complex_fixed_v018_r4,closed_loop,complex,full,1,0.18,False,15.589242809,1785051217.2690072,2.6491258461195475,0.014801796388071425,0.049088709693356325,0.14860059004628018,0.24780674572477573,3.009655354663722,0.18,0.13011259816664933,21.0,2.6269091334055097,0.04473110805556576,3.6265398892843366,0.07159662816364838,4.626288922547641,0.09918969503470629,0.5632006525993347,0.15768970549106598,0.10768970847129822,0.7678539752960205,1.0,0,ROW_FOLLOW,,1.0,114.0,105.0,-0.011928042396903038,0.021409690380096436,0.0,0.3028889298439026,0.0,-0.2600695490837097,0.0,0.5317460298538208,0.6333332657814026,0.9386676549911499,0.9595333933830261,1.0,0.3333333432674408,0.7678539752960205,0.30000001192092896,0.20000000298023224,0.20000000298023224,0.15000000596046448,0.15000000596046448,1.0,1.0,1.0,1.0
complex_fixed_v018_r4,closed_loop,complex,full,1,0.18,False,15.639175124,1785051217.3189397,2.6580465310353776,0.015502380940739496,0.0577347882315804,0.15273630495988663,0.2155006351218058,3.0186800764618757,0.18,0.11929153738049918,21.0,2.6269091334055097,0.04473110805556576,3.6265398892843366,0.07159662816364838,4.626288922547641,0.09918969503470629,0.5632006525993347,0.15768970549106598,0.10768970847129822,0.7678539752960205,1.0,0,ROW_FOLLOW,,1.0,114.0,105.0,-0.011928042396903038,0.021409690380096436,0.0,0.3028889298439026,0.0,-0.2600695490837097,0.0,0.5317460298538208,0.6333332657814026,0.9386676549911499,0.9595333933830261,1.0,0.3333333432674408,0.7678539752960205,0.30000001192092896,0.20000000298023224,0.20000000298023224,0.15000000596046448,0.15000000596046448,1.0,1.0,1.0,1.0
complex_fixed_v018_r4,closed_loop,complex,full,1,0.18,False,15.689330486,1785051217.3690948,2.656663068983827,0.020679356708114247,0.07106670674679894,0.12928386563334635,0.21649101281171457,3.039008407235257,0.18,0.02902497432962229,20.0,2.6427231297741427,0.03789272777757538,3.6423053368836498,0.0666968234504209,4.608571456103941,0.09443034395801302,0.5650664567947388,0.15693055093288422,0.10693055391311646,0.7760636806488037,1.0,0,ROW_FOLLOW,,1.0,112.0,112.0,-0.03421996161341667,0.01748095452785492,0.0,0.298575222492218,0.0,-0.2636133134365082,0.0,0.5476190447807312,0.6595237255096436,0.9417773485183716,0.9434515833854675,1.0,0.380952388048172,0.7760636806488037,0.30000001192092896,0.20000000298023224,0.20000000298023224,0.15000000596046448,0.15000000596046448,1.0,1.0,1.0,1.0
complex_fixed_v018_r4,closed_loop,complex,full,1,0.18,False,15.739232689,1785051217.418997,2.6654391026087954,0.021524502038348475,0.07821487575842312,0.1367094780834077,0.21119191892495126,3.0478879802512875,0.18,0.017907346624831656,20.0,2.6427231297741427,0.03789272777757538,3.6423053368836498,0.0666968234504209,4.608571456103941,0.09443034395801302,0.5650664567947388,0.15693055093288422,0.10693055391311646,0.7760636806488037,1.0,0,ROW_FOLLOW,,1.0,112.0,112.0,-0.03421996161341667,0.01748095452785492,0.0,0.298575222492218,0.0,-0.2636133134365082,0.0,0.5476190447807312,0.6595237255096436,0.9417773485183716,0.9434515833854675,1.0,0.380952388048172,0.7760636806488037,0.30000001192092896,0.20000000298023224,0.20000000298023224,0.15000000596046448,0.15000000596046448,1.0,1.0,1.0,1.0
complex_fixed_v018_r4,closed_loop,complex,full,1,0.18,False,15.789262543,1785051217.469027,2.6761837748672552,0.028152639028251467,0.0918520764580619,0.14526295766151612,0.19507517956454812,3.0640198491901844,0.18,-0.050306683415079184,20.0,2.6555013187864422,0.03511204955083903,3.660022782160619,0.066059530343685,4.6212333734772955,0.09561347704318336,0.5602232813835144,0.1566726714372635,0.10667267441749573,0.7716223001480103,1.0,0,ROW_FOLLOW,,1.0,111.0,97.0,-0.05552862212061882,0.014277562499046326,0.0,0.2952542006969452,0.0,-0.26669907569885254,0.0,0.5317460298538208,0.6595237255096436,0.9337054491043091,0.9563511610031128,1.0,0.380952388048172,0.7716223001480103,0.30000001192092896,0.20000000298023224,0.20000000298023224,0.15000000596046448,0.15000000596046448,1.0,1.0,1.0,1.0
complex_fixed_v018_r4,closed_loop,complex,full,1,0.18,False,15.839128105,1785051217.5188925,2.6845121846010116,0.029140491283606032,0.09966939452099945,0.1517924155063083,0.20785017965448438,3.07247783631497,0.18,-0.06437471542760816,20.0,2.6555013187864422,0.03511204955083903,3.660022782160619,0.066059530343685,4.6212333734772955,0.09561347704318336,0.5602232813835144,0.1566726714372635,0.10667267441749573,0.7716223001480103,1.0,0,ROW_FOLLOW,,1.0,111.0,97.0,-0.05552862212061882,0.014277562499046326,0.0,0.2952542006969452,0.0,-0.26669907569885254,0.0,0.5317460298538208,0.6595237255096436,0.9337054491043091,0.9563511610031128,1.0,0.380952388048172,0.7716223001480103,0.30000001192092896,0.20000000298023224,0.20000000298023224,0.15000000596046448,0.15000000596046448,1.0,1.0,1.0,1.0
complex_fixed_v018_r4,closed_loop,complex,full,1,0.18,False,15.889618869,1785051217.5693831,2.693150045532489,0.030471428824813945,0.11123534896498821,0.1567646182593038,0.1922201352103749,3.081448603817408,0.18,-0.08370162640058337,21.0,2.668888635525564,0.036294778048741955,3.673403000526164,0.06746162039668772,4.683075964945196,0.10541409974899363,0.5594756007194519,0.15603922307491302,0.10603922605514526,0.7882163524627686,1.0,0,ROW_FOLLOW,,1.0,107.0,101.0,-0.07466647773981094,0.010591983795166016,0.0,0.29130056500434875,0.0,-0.2701165974140167,0.0,0.5634920597076416,0.7119047045707703,0.9324592351913452,0.9353065490722656,1.0,0.4761904776096344,0.7882163524627686,0.30000001192092896,0.20000000298023224,0.20000000298023224,0.15000000596046448,0.15000000596046448,1.0,1.0,1.0,1.0
complex_fixed_v018_r4,closed_loop,complex,full,1,0.18,False,15.939189222,1785051217.6189537,2.7048238704387977,0.03788481295936724,0.1182852868135682,0.16947620751766143,0.17706194905547398,3.0972274490856706,0.18,-0.13122829005528955,21.0,2.668888635525564,0.036294778048741955,3.673403000526164,0.06746162039668772,4.683075964945196,0.10541409974899363,0.5594756007194519,0.15603922307491302,0.10603922605514526,0.7882163524627686,1.0,0,ROW_FOLLOW,,1.0,107.0,101.0,-0.07466647773981094,0.010591983795166016,0.0,0.29130056500434875,0.0,-0.2701165974140167,0.0,0.5634920597076416,0.7119047045707703,0.9324592351913452,0.9353065490722656,1.0,0.4761904776096344,0.7882163524627686,0.30000001192092896,0.20000000298023224,0.20000000298023224,0.15000000596046448,0.15000000596046448,1.0,1.0,1.0,1.0
complex_fixed_v018_r4,closed_loop,complex,full,1,0.18,False,15.989250341,1785051217.6690147,2.714370400719977,0.03740421807386692,0.12695334277427334,0.17188285835595105,0.12856711977084181,3.108048728861896,0.18,-0.12257949001613026,21.0,2.6848839162194333,0.039649632351431346,3.6893592583097594,0.07212104207157582,4.6937997862501035,0.10612601218965884,0.559929370880127,0.15858884155750275,0.10858884453773499,0.7969123125076294,1.0,0,ROW_FOLLOW,,1.0,112.0,112.0,-0.09254481643438339,0.006917431950569153,0.0,0.2868582308292389,0.0,-0.2730233669281006,0.0,0.5873015522956848,0.7119047045707703,0.9332154393196106,0.9446526765823364,1.0,0.4761904776096344,0.7969123125076294,0.30000001192092896,0.20000000298023224,0.20000000298023224,0.15000000596046448,0.15000000596046448,1.0,1.0,1.0,1.0
complex_fixed_v018_r4,closed_loop,complex,full,1,0.18,False,16.039135743,1785051217.7189002,2.723136794351298,0.03877810956916987,0.13151965708463734,0.17286379106802596,0.09042278644471924,3.1170007771903094,0.18,-0.13409962166389094,21.0,2.6848839162194333,0.039649632351431346,3.6893592583097594,0.07212104207157582,4.6937997862501035,0.10612601218965884,0.559929370880127,0.15858884155750275,0.10858884453773499,0.7969123125076294,1.0,0,ROW_FOLLOW,,1.0,112.0,112.0,-0.09254481643438339,0.006917431950569153,0.0,0.2868582308292389,0.0,-0.2730233669281006,0.0,0.5873015522956848,0.7119047045707703,0.9332154393196106,0.9446526765823364,1.0,0.4761904776096344,0.7969123125076294,0.30000001192092896,0.20000000298023224,0.20000000298023224,0.15000000596046448,0.15000000596046448,1.0,1.0,1.0,1.0
complex_fixed_v018_r4,closed_loop,complex,full,1,0.18,False,16.08919459,1785051217.768959,2.7260193192090223,0.0393921924423754,0.13568450480810412,0.17393560678921274,0.06442571257616175,3.1200559748519323,0.18,-0.1388883652246137,21.0,2.704238473024514,0.0417857748291434,3.703746753071544,0.0731126532452935,4.703255016776534,0.10443952961934927,0.5574792623519897,0.15308134257793427,0.1030813455581665,0.7896977663040161,1.0,0,ROW_FOLLOW,,1.0,108.0,98.0,-0.10375671833753586,0.0035552382469177246,0.0,0.28343382477760315,0.0,-0.2763233482837677,0.0,0.5873015522956848,0.6857142448425293,0.9291319251060486,0.9369206428527832,1.0,0.4285714328289032,0.7896977663040161,0.30000001192092896,0.20000000298023224,0.20000000298023224,0.15000000596046448,0.15000000596046448,1.0,1.0,1.0,1.0
complex_fixed_v018_r4,closed_loop,complex,full,1,0.18,False,16.139394914,1785051217.8191593,2.7254966213222453,0.03944062340792609,0.1375667127409561,0.17485262616037667,0.03683460178856431,3.1206258258080535,0.18,-0.1421307343178945,21.0,2.704238473024514,0.0417857748291434,3.703746753071544,0.0731126532452935,4.703255016776534,0.10443952961934927,0.5574792623519897,0.15308134257793427,0.1030813455581665,0.7896977663040161,1.0,0,ROW_FOLLOW,,1.0,108.0,98.0,-0.10375671833753586,0.0035552382469177246,0.0,0.28343382477760315,0.0,-0.2763233482837677,0.0,0.5873015522956848,0.6857142448425293,0.9291319251060486,0.9369206428527832,1.0,0.4285714328289032,0.7896977663040161,0.30000001192092896,0.20000000298023224,0.20000000298023224,0.15000000596046448,0.15000000596046448,1.0,1.0,1.0,1.0
complex_fixed_v018_r4,closed_loop,complex,full,1,0.18,False,16.190676902,1785051217.8704412,2.7499618538452624,0.0403404868598636,0.13928010449564132,0.17493487042610453,0.018771824266199805,3.1458686790109573,0.18,-0.15266202733186002,21.0,2.718011120338323,0.04199227720208467,3.7175983360103353,0.07056423987948217,4.717185548194553,0.0991362049297441,0.5599015355110168,0.15695436298847198,0.10695436596870422,0.791799783706665,1.0,0,ROW_FOLLOW,,1.0,107.0,114.0,-0.11385778337717056,0.0010196119546890259,0.0,0.2811739444732666,0.0,-0.27913472056388855,0.0,0.6031745672225952,0.6595237255096436,0.9331691265106201,0.9487259387969971,1.0,0.380952388048172,0.791799783706665,0.30000001192092896,0.20000000298023224,0.20000000298023224,0.15000000596046448,0.15000000596046448,1.0,1.0,1.0,1.0
complex_fixed_v018_r4,closed_loop,complex,full,1,0.18,False,16.239266425,1785051217.9190307,2.7572143404363896,0.04089355474606941,0.14058864235713744,0.18357942795459964,0.031100882522393215,3.1574186752000073,0.18,-0.15222536649689578,21.0,2.718011120338323,0.04199227720208467,3.7175983360103353,0.07056423987948217,4.717185548194553,0.0991362049297441,0.5599015355110168,0.15695436298847198,0.10695436596870422,0.791799783706665,1.0,0,ROW_FOLLOW,,1.0,107.0,114.0,-0.11385778337717056,0.0010196119546890259,0.0,0.2811739444732666,0.0,-0.27913472056388855,0.0,0.6031745672225952,0.6595237255096436,0.9331691265106201,0.9487259387969971,1.0,0.380952388048172,0.791799783706665,0.30000001192092896,0.20000000298023224,0.20000000298023224,0.15000000596046448,0.15000000596046448,1.0,1.0,1.0,1.0
complex_fixed_v018_r4,closed_loop,complex,full,1,0.18,False,16.289786278,1785051217.9695506,2.7660687801754094,0.04218829215977223,0.14189338193740844,0.19035635449151397,0.01902950390853898,3.166382321231388,0.18,-0.17512749594042928,21.0,2.73525432856319,0.04054770691811039,3.7348990873208874,0.06712742596177493,4.7345438592844875,0.09370714311487545,0.5604370832443237,0.15859778225421906,0.1085977852344513,0.7978624105453491,1.0,0,ROW_FOLLOW,,1.0,109.0,113.0,-0.1152968779206276,-0.0021128207445144653,0.0,0.27774882316589355,0.0,-0.2819744646549225,0.0,0.6190476417541504,0.6595237255096436,0.9340619444847107,0.9562069177627563,1.0,0.380952388048172,0.7978624105453491,0.30000001192092896,0.20000000298023224,0.20000000298023224,0.15000000596046448,0.15000000596046448,1.0,1.0,1.0,1.0
complex_fixed_v018_r4,closed_loop,complex,full,1,0.18,False,16.339174801,1785051218.018939,2.777415259107043,0.04258798280224793,0.14244418139877224,0.1882836319787985,0.009305311150752674,3.1780132141905146,0.18,-0.17529237223675848,21.0,2.73525432856319,0.04054770691811039,3.7348990873208874,0.06712742596177493,4.7345438592844875,0.09370714311487545,0.5604370832443237,0.15859778225421906,0.1085977852344513,0.7978624105453491,1.0,0,ROW_FOLLOW,,1.0,109.0,113.0,-0.1152968779206276,-0.0021128207445144653,0.0,0.27774882316589355,0.0,-0.2819744646549225,0.0,0.6190476417541504,0.6595237255096436,0.9340619444847107,0.9562069177627563,1.0,0.380952388048172,0.7978624105453491,0.30000001192092896,0.20000000298023224,0.20000000298023224,0.15000000596046448,0.15000000596046448,1.0,1.0,1.0,1.0
complex_fixed_v018_r4,closed_loop,complex,full,1,0.18,False,16.389150926,1785051218.0689154,2.7865060497470364,0.04395397682396752,0.14368277924576844,0.18808303639087331,0.010501670324874177,3.1872317842691498,0.18,-0.19828067050067916,21.0,2.7534137303157973,0.03925099098777763,3.753122017632922,0.06335243804297157,4.7528303300887496,0.0874538849592551,0.5593301057815552,0.15140564739704132,0.10140565037727356,0.7984825372695923,1.0,0,ROW_FOLLOW,,1.0,116.0,115.0,-0.1207198053598404,-0.004109188914299011,0.0,0.27611270546913147,0.0,-0.2843310832977295,0.0,0.5952380895614624,0.7119047045707703,0.9322166442871094,0.9405789375305176,1.0,0.4761904776096344,0.7984825372695923,0.30000001192092896,0.20000000298023224,0.20000000298023224,0.15000000596046448,0.15000000596046448,1.0,1.0,1.0,1.0
complex_fixed_v018_r4,closed_loop,complex,full,1,0.18,False,16.439137612,1785051218.118902,2.788742572418454,0.04432352770217325,0.1444527867813461,0.18733015020839355,0.020837475230060742,3.1895194034408725,0.18,-0.2010537078399767,21.0,2.7534137303157973,0.03925099098777763,3.753122017632922,0.06335243804297157,4.7528303300887496,0.0874538849592551,0.5593301057815552,0.15140564739704132,0.10140565037727356,0.7984825372695923,1.0,0,ROW_FOLLOW,,1.0,116.0,115.0,-0.1207198053598404,-0.004109188914299011,0.0,0.27611270546913147,0.0,-0.2843310832977295,0.0,0.5952380895614624,0.7119047045707703,0.9322166442871094,0.9405789375305176,1.0,0.4761904776096344,0.7984825372695923,0.30000001192092896,0.20000000298023224,0.20000000298023224,0.15000000596046448,0.15000000596046448,1.0,1.0,1.0,1.0
complex_fixed_v018_r4,closed_loop,complex,full,1,0.18,False,16.489115817,1785051218.1688802,2.7984529508039557,0.04581039009924056,0.1462100352593727,0.17774660132653436,0.02366442175235531,3.1993868950693365,0.18,-0.2181351483696472,20.0,2.7745543203890635,0.038456051166438125,3.774263136850332,0.06253533713472732,4.707324508118653,0.08502149978716193,0.561708927154541,0.15345869958400726,0.1034587025642395,0.8107647895812988,1.0,0,ROW_FOLLOW,,1.0,101.0,110.0,-0.12135244160890579,-0.006266802549362183,0.0,0.2746685743331909,0.0,-0.2872021794319153,0.0,0.6190476417541504,0.7380951642990112,0.9361816644668579,0.9346340894699097,1.0,0.523809552192688,0.8107647895812988,0.30000001192092896,0.20000000298023224,0.20000000298023224,0.15000000596046448,0.15000000596046448,1.0,1.0,1.0,1.0
complex_fixed_v018_r4,closed_loop,complex,full,1,0.18,False,16.539246443,1785051218.2190108,2.8076068491617687,0.04719129826925618,0.14741060972770856,0.17980623672068333,0.03906002270684952,3.2086556357914566,0.18,-0.22618213865844455,20.0,2.7745543203890635,0.038456051166438125,3.774263136850332,0.06253533713472732,4.707324508118653,0.08502149978716193,0.561708927154541,0.15345869958400726,0.1034587025642395,0.8107647895812988,1.0,0,ROW_FOLLOW,,1.0,101.0,110.0,-0.12135244160890579,-0.006266802549362183,0.0,0.2746685743331909,0.0,-0.2872021794319153,0.0,0.6190476417541504,0.7380951642990112,0.9361816644668579,0.9346340894699097,1.0,0.523809552192688,0.8107647895812988,0.30000001192092896,0.20000000298023224,0.20000000298023224,0.15000000596046448,0.15000000596046448,1.0,1.0,1.0,1.0
complex_fixed_v018_r4,closed_loop,complex,full,1,0.18,False,16.589245096,1785051218.2690094,2.8151839288837555,0.04928428920324828,0.14920832176311188,0.1755591354993292,0.039216129090498014,3.2193093812200684,0.18,-0.24429693569679894,21.0,2.7913933862212708,0.038391516816038564,3.791140185235116,0.06085151635539212,4.792184291161062,0.0814741031821381,0.5599222779273987,0.1587650328874588,0.10876503586769104,0.8204258680343628,1.0,0,ROW_FOLLOW,,1.0,122.0,113.0,-0.12731732428073883,-0.00861707329750061,0.0,0.2721293568611145,0.0,-0.2893635034561157,0.0,0.6507936716079712,0.7380951642990112,0.9332036375999451,0.9395198822021484,1.0,0.523809552192688,0.8204258680343628,0.30000001192092896,0.20000000298023224,0.20000000298023224,0.15000000596046448,0.15000000596046448,1.0,1.0,1.0,1.0
complex_fixed_v018_r4,closed_loop,complex,full,1,0.18,False,16.639167908,1785051218.3189323,2.824355740023778,0.050653120193247476,0.14869760266127327,0.17666244172449613,-0.003738437620562503,3.2285898401383846,0.18,-0.2503155309945868,21.0,2.7913933862212708,0.038391516816038564,3.791140185235116,0.06085151635539212,4.792184291161062,0.0814741031821381,0.5599222779273987,0.1587650328874588,0.10876503586769104,0.8204258680343628,1.0,0,ROW_FOLLOW,,1.0,122.0,113.0,-0.12731732428073883,-0.00861707329750061,0.0,0.2721293568611145,0.0,-0.2893635034561157,0.0,0.6507936716079712,0.7380951642990112,0.9332036375999451,0.9395198822021484,1.0,0.523809552192688,0.8204258680343628,0.30000001192092896,0.20000000298023224,0.20000000298023224,0.15000000596046448,0.15000000596046448,1.0,1.0,1.0,1.0
complex_fixed_v018_r4,closed_loop,complex,full,1,0.18,False,16.689552909,1785051218.3693173,2.8381921832975454,0.05211974946636298,0.1495770564315988,0.1787168510726323,0.021458529836672718,3.242541548525458,0.18,-0.2584555538648006,21.0,2.807102422549867,0.03849128618662326,3.806838147227415,0.06144014993040744,4.815714610140647,0.08309035098107577,0.5582225918769836,0.1505434364080429,0.10054343938827515,0.8094522953033447,1.0,0,ROW_FOLLOW,,1.0,120.0,119.0,-0.12593276798725128,-0.01188504695892334,0.0,0.2683444023132324,0.0,-0.2921144962310791,0.0,0.634920597076416,0.7119047045707703,0.9303709864616394,0.9368065595626831,1.0,0.4761904776096344,0.8094522953033447,0.30000001192092896,0.20000000298023224,0.20000000298023224,0.15000000596046448,0.15000000596046448,1.0,1.0,1.0,1.0
complex_fixed_v018_r4,closed_loop,complex,full,1,0.18,False,16.739152127,1785051218.4189167,2.8472847290696683,0.053493374770698134,0.14995341534963205,0.1847654554740932,0.004612285530270255,3.2517407906717977,0.18,-0.266418056433592,21.0,2.807102422549867,0.03849128618662326,3.806838147227415,0.06144014993040744,4.815714610140647,0.08309035098107577,0.5582225918769836,0.1505434364080429,0.10054343938827515,0.8094522953033447,1.0,0,ROW_FOLLOW,,1.0,120.0,119.0,-0.12593276798725128,-0.01188504695892334,0.0,0.2683444023132324,0.0,-0.2921144962310791,0.0,0.634920597076416,0.7119047045707703,0.9303709864616394,0.9368065595626831,1.0,0.4761904776096344,0.8094522953033447,0.30000001192092896,0.20000000298023224,0.20000000298023224,0.15000000596046448,0.15000000596046448,1.0,1.0,1.0,1.0
complex_fixed_v018_r4,closed_loop,complex,full,1,0.18,False,16.789310306,1785051218.4690747,2.861172841433389,0.054736163750796776,0.15040789374028618,0.19645323158195624,0.006707885176318944,3.2657194594818066,0.18,-0.27403600219302154,19.0,2.826694711302148,0.03847070394389731,3.7264546175556315,0.05921644065617595,4.692860869833936,0.08161218980688867,0.5606282353401184,0.15510262548923492,0.10510262846946716,0.8108524084091187,1.0,0,ROW_FOLLOW,,1.0,110.0,121.0,-0.1254747211933136,-0.015466853976249695,0.0,0.26491716504096985,0.0,-0.29585087299346924,0.0,0.6666666865348816,0.6595237255096436,0.934380292892456,0.947144091129303,1.0,0.380952388048172,0.8108524084091187,0.30000001192092896,0.20000000298023224,0.20000000298023224,0.15000000596046448,0.15000000596046448,1.0,1.0,1.0,1.0
complex_fixed_v018_r4,closed_loop,complex,full,1,0.18,False,16.839234045,1785051218.5189986,2.8676037962742433,0.05633183332661712,0.1503701433090457,0.1994432511359176,0.01567303635951664,3.2777018429647162,0.18,-0.28306776657121524,19.0,2.826694711302148,0.03847070394389731,3.7264546175556315,0.05921644065617595,4.692860869833936,0.08161218980688867,0.5606282353401184,0.15510262548923492,0.10510262846946716,0.8108524084091187,1.0,0,ROW_FOLLOW,,1.0,110.0,121.0,-0.1254747211933136,-0.015466853976249695,0.0,0.26491716504096985,0.0,-0.29585087299346924,0.0,0.6666666865348816,0.6595237255096436,0.934380292892456,0.947144091129303,1.0,0.380952388048172,0.8108524084091187,0.30000001192092896,0.20000000298023224,0.20000000298023224,0.15000000596046448,0.15000000596046448,1.0,1.0,1.0,1.0
complex_fixed_v018_r4,closed_loop,complex,full,1,0.18,False,16.889260892,1785051218.5690253,2.876716914873489,0.057682318782594354,0.14951936378676892,0.19792045302950959,-0.003677351350580335,3.2869243449200014,0.18,-0.2890906484850848,21.0,2.8467589080603,0.03843853246660503,3.8464925237405034,0.06147135462402744,4.845811970504828,0.08298810203916562,0.5596045851707458,0.15053685009479523,0.10053685307502747,0.807448148727417,1.0,0,ROW_FOLLOW,,1.0,124.0,137.0,-0.1292710304260254,-0.0178377628326416,0.0,0.2627730667591095,0.0,-0.2984485924243927,0.0,0.6269841194152832,0.7119047045707703,0.93267422914505,0.9362469911575317,1.0,0.4761904776096344,0.807448148727417,0.30000001192092896,0.20000000298023224,0.20000000298023224,0.15000000596046448,0.15000000596046448,1.0,1.0,1.0,1.0
complex_fixed_v018_r4,closed_loop,complex,full,1,0.18,False,16.939168343,1785051218.6189327,2.884462195865588,0.0588309491385605,0.14946003075003494,0.1950629432544532,-0.020039483092583556,3.2947678730425527,0.18,-0.29585803702680114,21.0,2.8467589080603,0.03843853246660503,3.8464925237405034,0.06147135462402744,4.845811970504828,0.08298810203916562,0.5596045851707458,0.15053685009479523,0.10053685307502747,0.807448148727417,1.0,0,ROW_FOLLOW,,1.0,124.0,137.0,-0.1292710304260254,-0.0178377628326416,0.0,0.2627730667591095,0.0,-0.2984485924243927,0.0,0.6269841194152832,0.7119047045707703,0.93267422914505,0.9362469911575317,1.0,0.4761904776096344,0.807448148727417,0.30000001192092896,0.20000000298023224,0.20000000298023224,0.15000000596046448,0.15000000596046448,1.0,1.0,1.0,1.0
complex_fixed_v018_r4,closed_loop,complex,full,1,0.18,False,16.989221366,1785051218.6689858,2.903015056243761,0.06188131187309344,0.1484693315282887,0.2055816298157733,-0.013387884607792899,3.3135923792687447,0.18,-0.30932262325179266,21.0,2.8700661137373404,0.03823862982439589,3.8697580385193944,0.06288695585134296,4.880647686126456,0.08753474469856608,0.5584694743156433,0.154629185795784,0.10462918877601624,0.8209444284439087,1.0,0,ROW_FOLLOW,,1.0,117.0,133.0,-0.12069609016180038,-0.02236473560333252,0.0,0.25751233100891113,0.0,-0.30224180221557617,0.0,0.682539701461792,0.7119047045707703,0.9307821989059448,0.9176339507102966,1.0,0.4761904776096344,0.8209444284439087,0.30000001192092896,0.20000000298023224,0.20000000298023224,0.15000000596046448,0.15000000596046448,1.0,1.0,1.0,1.0
complex_fixed_v018_r4,closed_loop,complex,full,1,0.18,False,17.03961728,1785051218.7193818,2.9120441981463414,0.06318410792563518,0.14754098381703654,0.20157772451617312,-0.021931476034112607,3.322732183995925,0.18,-0.3165096076460038,21.0,2.8700661137373404,0.03823862982439589,3.8697580385193944,0.06288695585134296,4.880647686126456,0.08753474469856608,0.5584694743156433,0.154629185795784,0.10462918877601624,0.8209444284439087,1.0,0,ROW_FOLLOW,,1.0,117.0,133.0,-0.12069609016180038,-0.02236473560333252,0.0,0.25751233100891113,0.0,-0.30224180221557617,0.0,0.682539701461792,0.7119047045707703,0.9307821989059448,0.9176339507102966,1.0,0.4761904776096344,0.8209444284439087,0.30000001192092896,0.20000000298023224,0.20000000298023224,0.15000000596046448,0.15000000596046448,1.0,1.0,1.0,1.0
complex_fixed_v018_r4,closed_loop,complex,full,1,0.18,False,17.089525051,1785051218.7692895,2.9223709226723837,0.06444235587766699,0.14624865028647527,0.20243565535134633,-0.023204338888924335,3.333416739931965,0.18,-0.3196440190494953,20.0,2.891771192247227,0.037928903700892753,3.891432844653041,0.0637203231556898,4.8244484355367305,0.087871900132374,0.5611193180084229,0.15688081085681915,0.10688081383705139,0.8263264894485474,1.0,0,ROW_FOLLOW,,1.0,129.0,135.0,-0.11853054165840149,-0.026064708828926086,0.0,0.25373581051826477,0.0,-0.30586522817611694,0.0,0.6746031641960144,0.7380951642990112,0.9351990222930908,0.9285775423049927,1.0,0.523809552192688,0.8263264894485474,0.30000001192092896,0.20000000298023224,0.20000000298023224,0.15000000596046448,0.15000000596046448,1.0,1.0,1.0,1.0
complex_fixed_v018_r4,closed_loop,complex,full,1,0.18,False,17.139142829,1785051218.818907,2.9310298183796735,0.06569656734325308,0.1455549970203696,0.19900176771594377,-0.024479065643938997,3.3421724037302494,0.18,-0.32712679558675817,20.0,2.891771192247227,0.037928903700892753,3.891432844653041,0.0637203231556898,4.8244484355367305,0.087871900132374,0.5611193180084229,0.15688081085681915,0.10688081383705139,0.8263264894485474,1.0,0,ROW_FOLLOW,,1.0,129.0,135.0,-0.11853054165840149,-0.026064708828926086,0.0,0.25373581051826477,0.0,-0.30586522817611694,0.0,0.6746031641960144,0.7380951642990112,0.9351990222930908,0.9285775423049927,1.0,0.523809552192688,0.8263264894485474,0.30000001192092896,0.20000000298023224,0.20000000298023224,0.15000000596046448,0.15000000596046448,1.0,1.0,1.0,1.0
complex_fixed_v018_r4,closed_loop,complex,full,1,0.18,False,17.189475029,1785051218.8692396,2.9395109447462744,0.06742476265392132,0.14420231174113868,0.19420129570973865,-0.024404271479616445,3.3509941143921886,0.18,-0.33133383731964927,21.0,2.9130613346170846,0.037353650528164424,3.9126637021344757,0.06555563931046328,4.912405067958629,0.093903579773307,0.5592631101608276,0.1528634876012802,0.10286349058151245,0.8161557912826538,1.0,0,ROW_FOLLOW,,1.0,123.0,126.0,-0.11612115800380707,-0.028915122151374817,0.0,0.2507445216178894,0.0,-0.30857476592063904,0.0,0.658730149269104,0.7119047045707703,0.9321050047874451,0.931565523147583,1.0,0.4761904776096344,0.8161557912826538,0.30000001192092896,0.20000000298023224,0.20000000298023224,0.15000000596046448,0.15000000596046448,1.0,1.0,1.0,1.0
complex_fixed_v018_r4,closed_loop,complex,full,1,0.18,False,17.239178634,1785051218.918943,2.9482522851470767,0.06867400742945041,0.14322284171018848,0.191875162590111,-0.011253856358020809,3.359833236072706,0.18,-0.33862241376455954,21.0,2.9130613346170846,0.037353650528164424,3.9126637021344757,0.06555563931046328,4.912405067958629,0.093903579773307,0.5592631101608276,0.1528634876012802,0.10286349058151245,0.8161557912826538,1.0,0,ROW_FOLLOW,,1.0,123.0,126.0,-0.11612115800380707,-0.028915122151374817,0.0,0.2507445216178894,0.0,-0.30857476592063904,0.0,0.658730149269104,0.7119047045707703,0.9321050047874451,0.931565523147583,1.0,0.4761904776096344,0.8161557912826538,0.30000001192092896,0.20000000298023224,0.20000000298023224,0.15000000596046448,0.15000000596046448,1.0,1.0,1.0,1.0
complex_fixed_v018_r4,closed_loop,complex,full,1,0.18,False,17.289173287,1785051218.9689376,2.9529498974739012,0.07062793397575047,0.14081659196638885,0.18394211151148154,-0.04794945003048395,3.373559674582968,0.18,-0.34525179306505005,19.0,2.9312008990816607,0.03731692855870352,3.830880254988394,0.061257488896815614,4.830528174790536,0.08769875142245481,0.5538733601570129,0.1510138064622879,0.10101380944252014,0.8118151426315308,1.0,0,ROW_FOLLOW,,1.0,127.0,145.0,-0.11837850511074066,-0.030584461987018585,0.0,0.24845020473003387,0.0,-0.30961912870407104,0.0,0.682539701461792,0.6595237255096436,0.9231222867965698,0.9368268251419067,1.0,0.380952388048172,0.8118151426315308,0.30000001192092896,0.20000000298023224,0.20000000298023224,0.15000000596046448,0.15000000596046448,1.0,1.0,1.0,1.0
complex_fixed_v018_r4,closed_loop,complex,full,1,0.18,False,17.339139748,1785051219.018904,2.961636820141961,0.07181624958391016,0.13910661372308125,0.18383802901613572,-0.03488323726881975,3.3823432087692558,0.18,-0.3514356301040066,19.0,2.9312008990816607,0.03731692855870352,3.830880254988394,0.061257488896815614,4.830528174790536,0.08769875142245481,0.5538733601570129,0.1510138064622879,0.10101380944252014,0.8118151426315308,1.0,0,ROW_FOLLOW,,1.0,127.0,145.0,-0.11837850511074066,-0.030584461987018585,0.0,0.24845020473003387,0.0,-0.30961912870407104,0.0,0.682539701461792,0.6595237255096436,0.9231222867965698,0.9368268251419067,1.0,0.380952388048172,0.8118151426315308,0.30000001192092896,0.20000000298023224,0.20000000298023224,0.15000000596046448,0.15000000596046448,1.0,1.0,1.0,1.0
complex_fixed_v018_r4,closed_loop,complex,full,1,0.18,False,17.389211909,1785051219.0689764,2.955795880068246,0.07193331231249324,0.13555613208696204,0.1707628609638066,-0.06496097891682738,3.3882315304491293,0.18,-0.34177288644889214,21.0,2.947756221034046,0.037923198968082876,3.947432112717196,0.06330361988758627,4.94645008210373,0.09056895903358826,0.5602744221687317,0.15813155472278595,0.10813155770301819,0.8050366640090942,1.0,0,ROW_FOLLOW,,1.0,130.0,144.0,-0.1123705729842186,-0.032860755920410156,0.0,0.24618259072303772,0.0,-0.31190410256385803,0.0,0.634920597076416,0.6857142448425293,0.9337907433509827,0.9377298951148987,1.0,0.4285714328289032,0.8050366640090942,0.30000001192092896,0.20000000298023224,0.20000000298023224,0.15000000596046448,0.15000000596046448,1.0,1.0,1.0,1.0
complex_fixed_v018_r4,closed_loop,complex,full,1,0.18,False,17.439110368,1785051219.1188748,2.978074368983179,0.07367057426592064,0.13309986970387833,0.16709546496470049,-0.06707102065631339,3.4107241484371733,0.18,-0.3513527796604596,21.0,2.947756221034046,0.037923198968082876,3.947432112717196,0.06330361988758627,4.94645008210373,0.09056895903358826,0.5602744221687317,0.15813155472278595,0.10813155770301819,0.8050366640090942,1.0,0,ROW_FOLLOW,,1.0,130.0,144.0,-0.1123705729842186,-0.032860755920410156,0.0,0.24618259072303772,0.0,-0.31190410256385803,0.0,0.634920597076416,0.6857142448425293,0.9337907433509827,0.9377298951148987,1.0,0.4285714328289032,0.8050366640090942,0.30000001192092896,0.20000000298023224,0.20000000298023224,0.15000000596046448,0.15000000596046448,1.0,1.0,1.0,1.0
complex_fixed_v018_r4,closed_loop,complex,full,1,0.18,False,17.489203489,1785051219.168968,2.9871271686827843,0.07468255442578063,0.12760494627526603,0.16833411114350466,-0.09222293613151011,3.4199294726003657,0.18,-0.3452560146400848,19.0,2.9634860697538845,0.03830982718595949,3.8632062128921603,0.06072083508026621,4.896217645947307,0.08647749185422038,0.5602917075157166,0.1574079543352127,0.10740795731544495,0.8056607246398926,1.0,0,ROW_FOLLOW,,1.0,128.0,128.0,-0.1026403084397316,-0.03568752855062485,0.0,0.24341632425785065,0.0,-0.31479138135910034,0.0,0.6190476417541504,0.7119047045707703,0.9338195323944092,0.9386770129203796,1.0,0.4761904776096344,0.8056607246398926,0.30000001192092896,0.20000000298023224,0.20000000298023224,0.15000000596046448,0.15000000596046448,1.0,1.0,1.0,1.0
complex_fixed_v018_r4,closed_loop,complex,full,1,0.18,False,17.539170142,1785051219.2189345,2.9891483222090374,0.0747268755872105,0.12232479518846741,0.17086911911420788,-0.13113547218410965,3.4220835011580024,0.18,-0.33833053771833843,19.0,2.9634860697538845,0.03830982718595949,3.8632062128921603,0.06072083508026621,4.896217645947307,0.08647749185422038,0.5602917075157166,0.1574079543352127,0.10740795731544495,0.8056607246398926,1.0,0,ROW_FOLLOW,,1.0,128.0,128.0,-0.1026403084397316,-0.03568752855062485,0.0,0.24341632425785065,0.0,-0.31479138135910034,0.0,0.6190476417541504,0.7119047045707703,0.9338195323944092,0.9386770129203796,1.0,0.4761904776096344,0.8056607246398926,0.30000001192092896,0.20000000298023224,0.20000000298023224,0.15000000596046448,0.15000000596046448,1.0,1.0,1.0,1.0
complex_fixed_v018_r4,closed_loop,complex,full,1,0.18,False,17.589208541,1785051219.268973,3.0002582280887724,0.07422851658657557,0.11566627397781203,0.1670785933737323,-0.1355320560276706,3.4337312582823394,0.18,-0.32997452485333945,21.0,2.977902105850982,0.037601396031546636,3.9826097645934784,0.06171150964429531,4.976820620448093,0.0826016469286085,0.5583092570304871,0.1585337370634079,0.10853374004364014,0.8201377391815186,1.0,0,ROW_FOLLOW,,1.0,124.0,138.0,-0.09771057963371277,-0.03726586699485779,0.0,0.2416352927684784,0.0,-0.31616702675819397,0.0,0.6666666865348816,0.7119047045707703,0.9305151700973511,0.9443581700325012,1.0,0.4761904776096344,0.8201377391815186,0.30000001192092896,0.20000000298023224,0.20000000298023224,0.15000000596046448,0.15000000596046448,1.0,1.0,1.0,1.0
complex_fixed_v018_r4,closed_loop,complex,full,1,0.18,False,17.639211323,1785051219.3189757,3.0133416036510092,0.07587942354084082,0.10944706506297001,0.1677291416089115,-0.1637108330413515,3.4469833765893694,0.18,-0.3345859407677822,21.0,2.977902105850982,0.037601396031546636,3.9826097645934784,0.06171150964429531,4.976820620448093,0.0826016469286085,0.5583092570304871,0.1585337370634079,0.10853374004364014,0.8201377391815186,1.0,0,ROW_FOLLOW,,1.0,124.0,138.0,-0.09771057963371277,-0.03726586699485779,0.0,0.2416352927684784,0.0,-0.31616702675819397,0.0,0.6666666865348816,0.7119047045707703,0.9305151700973511,0.9443581700325012,1.0,0.4761904776096344,0.8201377391815186,0.30000001192092896,0.20000000298023224,0.20000000298023224,0.15000000596046448,0.15000000596046448,1.0,1.0,1.0,1.0
complex_fixed_v018_r4,closed_loop,complex,full,1,0.18,False,17.689234682,1785051219.3689992,3.022107250168354,0.07642019531395203,0.0981436550548036,0.1686282573955025,-0.19974075726196347,3.455959014592945,0.18,-0.32183517400059825,20.0,2.995130572207634,0.03718740858526474,3.99986877507695,0.059939849177284156,4.952765598712327,0.07687532715747991,0.5581639409065247,0.15407998859882355,0.10407999157905579,0.8260624408721924,1.0,0,ROW_FOLLOW,,1.0,112.0,117.0,-0.0816124677658081,-0.038074150681495667,0.0,0.24151679873466492,0.0,-0.31766510009765625,0.0,0.6904761791229248,0.7119047045707703,0.9301378130912781,0.9367403388023376,1.0,0.4761904776096344,0.8260624408721924,0.30000001192092896,0.20000000298023224,0.20000000298023224,0.15000000596046448,0.15000000596046448,1.0,1.0,1.0,1.0
complex_fixed_v018_r4,closed_loop,complex,full,1,0.18,False,17.739191095,1785051219.4189556,3.024084502541538,0.07625850231775541,0.09032391892857781,0.16969724377718148,-0.18740184289517275,3.458124918854466,0.18,-0.3102245680709924,20.0,2.995130572207634,0.03718740858526474,3.99986877507695,0.059939849177284156,4.952765598712327,0.07687532715747991,0.5581639409065247,0.15407998859882355,0.10407999157905579,0.8260624408721924,1.0,0,ROW_FOLLOW,,1.0,112.0,117.0,-0.0816124677658081,-0.038074150681495667,0.0,0.24151679873466492,0.0,-0.31766510009765625,0.0,0.6904761791229248,0.7119047045707703,0.9301378130912781,0.9367403388023376,1.0,0.4761904776096344,0.8260624408721924,0.30000001192092896,0.20000000298023224,0.20000000298023224,0.15000000596046448,0.15000000596046448,1.0,1.0,1.0,1.0
complex_fixed_v018_r4,closed_loop,complex,full,1,0.18,False,17.789361786,1785051219.4691262,3.038258849148104,0.07402072852081247,0.07899833012419055,0.18752429029019385,-0.20058310214303726,3.473183142294206,0.18,-0.2850712549450147,21.0,3.010362798812553,0.03740156861894314,4.010174439483252,0.05674159044692604,5.008121338551838,0.0748347622722542,0.5562447309494019,0.15386344492435455,0.10386344790458679,0.8206357955932617,1.0,0,ROW_FOLLOW,,1.0,134.0,132.0,-0.0660964846611023,-0.0374843031167984,0.0,0.2424141764640808,0.0,-0.3173827826976776,0.0,0.6904761791229248,0.6857142448425293,0.9270743131637573,0.9395682215690613,1.0,0.4285714328289032,0.8206357955932617,0.30000001192092896,0.20000000298023224,0.20000000298023224,0.15000000596046448,0.15000000596046448,1.0,1.0,1.0,1.0
complex_fixed_v018_r4,closed_loop,complex,full,1,0.18,False,17.839755716,1785051219.5195203,3.0469599413751225,0.074478369347397,0.07107936499256431,0.18515625961917115,-0.20128989015909932,3.4819635628578434,0.18,-0.27966443797385193,21.0,3.010362798812553,0.03740156861894314,4.010174439483252,0.05674159044692604,5.008121338551838,0.0748347622722542,0.5562447309494019,0.15386344492435455,0.10386344790458679,0.8206357955932617,1.0,0,ROW_FOLLOW,,1.0,134.0,132.0,-0.0660964846611023,-0.0374843031167984,0.0,0.2424141764640808,0.0,-0.3173827826976776,0.0,0.6904761791229248,0.6857142448425293,0.9270743131637573,0.9395682215690613,1.0,0.4285714328289032,0.8206357955932617,0.30000001192092896,0.20000000298023224,0.20000000298023224,0.15000000596046448,0.15000000596046448,1.0,1.0,1.0,1.0
complex_fixed_v018_r4,closed_loop,complex,full,1,0.18,False,17.889428536,1785051219.569193,3.0604964017238863,0.07604868449408474,0.05802127231523886,0.201128052318795,-0.2102979963312153,3.4958139368176746,0.18,-0.2650437136944787,21.0,3.0288331340513452,0.03796094221133781,4.02866112455514,0.056457731318719145,5.035875886073113,0.07314412697606243,0.5606712102890015,0.15687574446201324,0.10687574744224548,0.8065359592437744,1.0,0,ROW_FOLLOW,,1.0,122.0,117.0,-0.04833514988422394,-0.036778755486011505,0.0,0.2436818927526474,0.0,-0.3172394037246704,0.0,0.6507936716079712,0.6595237255096436,0.9344520568847656,0.9500176310539246,1.0,0.380952388048172,0.8065359592437744,0.30000001192092896,0.20000000298023224,0.20000000298023224,0.15000000596046448,0.15000000596046448,1.0,1.0,1.0,1.0
complex_fixed_v018_r4,closed_loop,complex,full,1,0.18,False,17.939198287,1785051219.6189628,3.069258357699963,0.07633290335298921,0.05027750962059052,0.19767459566373952,-0.19380110986207097,3.5046479698238593,0.18,-0.25956899688648144,21.0,3.0288331340513452,0.03796094221133781,4.02866112455514,0.056457731318719145,5.035875886073113,0.07314412697606243,0.5606712102890015,0.15687574446201324,0.10687574744224548,0.8065359592437744,1.0,0,ROW_FOLLOW,,1.0,122.0,117.0,-0.04833514988422394,-0.036778755486011505,0.0,0.2436818927526474,0.0,-0.3172394037246704,0.0,0.6507936716079712,0.6595237255096436,0.9344520568847656,0.9500176310539246,1.0,0.380952388048172,0.8065359592437744,0.30000001192092896,0.20000000298023224,0.20000000298023224,0.15000000596046448,0.15000000596046448,1.0,1.0,1.0,1.0
complex_fixed_v018_r4,closed_loop,complex,full,1,0.18,False,17.989215566,1785051219.66898,3.0798988531373466,0.07995551312103631,0.03941165525234337,0.1969303763396394,-0.18622101575692862,3.5161016035764114,0.18,-0.25662510388447357,21.0,3.047401170516984,0.03888344601642366,4.047255684358028,0.05592750193871814,5.047110233184079,0.0729715643959487,0.5593713521957397,0.1558661013841629,0.10586610436439514,0.8015081882476807,1.0,0,ROW_FOLLOW,,1.0,123.0,99.0,-0.03043362684547901,-0.03581990301609039,0.0,0.24498522281646729,0.0,-0.31662502884864807,0.0,0.634920597076416,0.6595237255096436,0.9322854280471802,0.951134204864502,1.0,0.380952388048172,0.8015081882476807,0.30000001192092896,0.20000000298023224,0.20000000298023224,0.15000000596046448,0.15000000596046448,1.0,1.0,1.0,1.0
complex_fixed_v018_r4,closed_loop,complex,full,1,0.18,False,18.039208204,1785051219.7189727,3.0882689445640876,0.08007777305257434,0.032134778342869375,0.19351474208347783,-0.17856394891123875,3.5245367065947706,0.18,-0.2513900755552866,21.0,3.047401170516984,0.03888344601642366,4.047255684358028,0.05592750193871814,5.047110233184079,0.0729715643959487,0.5593713521957397,0.1558661013841629,0.10586610436439514,0.8015081882476807,1.0,0,ROW_FOLLOW,,1.0,123.0,99.0,-0.03043362684547901,-0.03581990301609039,0.0,0.24498522281646729,0.0,-0.31662502884864807,0.0,0.634920597076416,0.6595237255096436,0.9322854280471802,0.951134204864502,1.0,0.380952388048172,0.8015081882476807,0.30000001192092896,0.20000000298023224,0.20000000298023224,0.15000000596046448,0.15000000596046448,1.0,1.0,1.0,1.0
complex_fixed_v018_r4,closed_loop,complex,full,1,0.18,False,18.089662199,1785051219.7694266,3.094897407226573,0.08228890088124938,0.02080672366200177,0.1887705505983509,-0.184204200359382,3.5368118360541407,0.18,-0.2164684664581067,21.0,3.0687655722050526,0.040875091378599925,4.068626759742404,0.05750996224159377,5.068487957020427,0.07414483571587664,0.5583153963088989,0.15693463385105133,0.10693463683128357,0.812519907951355,1.0,0,ROW_FOLLOW,,1.0,126.0,115.0,-0.008808963000774384,-0.03540162742137909,0.0,0.24541860818862915,0.0,-0.31622186303138733,0.0,0.6349206566810608,0.7119046449661255,0.9305254817008972,0.9570509791374207,1.0,0.4761904776096344,0.812519907951355,0.30000001192092896,0.20000000298023224,0.20000000298023224,0.15000000596046448,0.15000000596046448,1.0,1.0,1.0,1.0
complex_fixed_v018_r4,closed_loop,complex,full,1,0.18,False,18.139698583,1785051219.819463,3.103650125965274,0.08225779113103533,0.013328521975220381,0.1839127223971657,-0.19932280038251987,3.5456295585896394,0.18,-0.22183463441424023,21.0,3.0687655722050526,0.040875091378599925,4.068626759742404,0.05750996224159377,5.068487957020427,0.07414483571587664,0.5583153963088989,0.15693463385105133,0.10693463683128357,0.812519907951355,1.0,0,ROW_FOLLOW,,1.0,126.0,115.0,-0.008808963000774384,-0.03540162742137909,0.0,0.24541860818862915,0.0,-0.31622186303138733,0.0,0.6349206566810608,0.7119046449661255,0.9305254817008972,0.9570509791374207,1.0,0.4761904776096344,0.812519907951355,0.30000001192092896,0.20000000298023224,0.20000000298023224,0.15000000596046448,0.15000000596046448,1.0,1.0,1.0,1.0
complex_fixed_v018_r4,closed_loop,complex,full,1,0.18,False,18.189279496,1785051219.869044,3.1077947715516605,0.08280144368947931,0.0012384484978320565,0.17265250659430614,-0.18028852670328602,3.5590569417210647,0.18,-0.18371171157891006,20.0,3.087727073517429,0.04315605214377536,4.092553638778733,0.061525675684361465,5.020724659913486,0.07860594121731006,0.5594620704650879,0.1567980796098709,0.10679808259010315,0.813339352607727,1.0,0,ROW_FOLLOW,,1.0,111.0,75.0,0.018141087144613266,-0.03765008598566055,0.0,0.24340640008449554,0.0,-0.31870657205581665,0.0,0.6825396418571472,0.6595237255096436,0.9324367046356201,0.9345687627792358,1.0,0.380952388048172,0.813339352607727,0.30000001192092896,0.20000000298023224,0.20000000298023224,0.15000000596046448,0.15000000596046448,1.0,1.0,1.0,1.0
complex_fixed_v018_r4,closed_loop,complex,full,1,0.18,False,18.239143234,1785051219.9189076,3.1167982181525784,0.08262607957697904,-0.005168767047184276,0.17216915094804625,-0.16164649527679628,3.5681169436950704,0.18,-0.1780438274459592,20.0,3.087727073517429,0.04315605214377536,4.092553638778733,0.061525675684361465,5.020724659913486,0.07860594121731006,0.5594620704650879,0.1567980796098709,0.10679808259010315,0.813339352607727,1.0,0,ROW_FOLLOW,,1.0,111.0,75.0,0.018141087144613266,-0.03765008598566055,0.0,0.24340640008449554,0.0,-0.31870657205581665,0.0,0.6825396418571472,0.6595237255096436,0.9324367046356201,0.9345687627792358,1.0,0.380952388048172,0.813339352607727,0.30000001192092896,0.20000000298023224,0.20000000298023224,0.15000000596046448,0.15000000596046448,1.0,1.0,1.0,1.0
complex_fixed_v018_r4,closed_loop,complex,full,1,0.18,False,18.289412296,1785051219.9691768,3.12709302925522,0.07737797223586683,-0.01480891266083572,0.17664535249404867,-0.18586074422474827,3.5797607914595653,0.18,-0.12081992233309694,18.0,3.103686928909177,0.0445447968947317,4.003482380379187,0.06343229677869876,4.936595736260452,0.08341522115165373,0.5567570924758911,0.15705622732639313,0.10705623030662537,0.8199496269226074,1.0,0,ROW_FOLLOW,,1.0,108.0,93.0,0.03610300272703171,-0.037901923060417175,0.0,0.24330756068229675,0.0,-0.3191114068031311,0.0,0.7063491940498352,0.6595237255096436,0.9279283881187439,0.9370297193527222,1.0,0.380952388048172,0.8199496269226074,0.30000001192092896,0.20000000298023224,0.20000000298023224,0.15000000596046448,0.15000000596046448,1.0,1.0,1.0,1.0
complex_fixed_v018_r4,closed_loop,complex,full,1,0.18,False,18.339626381,1785051220.0193908,3.1366980605324035,0.07781752629182272,-0.024794121738771043,0.17623175937552935,-0.23196883068751736,3.589601463521558,0.18,-0.11271174305401926,18.0,3.103686928909177,0.0445447968947317,4.003482380379187,0.06343229677869876,4.936595736260452,0.08341522115165373,0.5567570924758911,0.15705622732639313,0.10705623030662537,0.8199496269226074,1.0,0,ROW_FOLLOW,,1.0,108.0,93.0,0.03610300272703171,-0.037901923060417175,0.0,0.24330756068229675,0.0,-0.3191114068031311,0.0,0.7063491940498352,0.6595237255096436,0.9279283881187439,0.9370297193527222,1.0,0.380952388048172,0.8199496269226074,0.30000001192092896,0.20000000298023224,0.20000000298023224,0.15000000596046448,0.15000000596046448,1.0,1.0,1.0,1.0
complex_fixed_v018_r4,closed_loop,complex,full,1,0.18,False,18.389289569,1785051220.069054,3.1465088278421294,0.0733940092707513,-0.03850650413357617,0.18128988141416258,-0.2165647503932708,3.60236269732555,0.18,-0.06871979621649274,21.0,3.11979616633953,0.04417355808493626,4.124578722292584,0.06451112343679132,5.136976032613763,0.07025509326403462,0.5627794861793518,0.1554582267999649,0.10545822978019714,0.7661260366439819,1.0,0,ROW_FOLLOW,,1.0,94.0,82.0,0.042752016335725784,-0.03430633246898651,0.0,0.24707555770874023,0.0,-0.31568822264671326,0.0,0.5317460298538208,0.6333332657814026,0.9379655718803406,0.9489499926567078,1.0,0.3333333432674408,0.7661260366439819,0.30000001192092896,0.20000000298023224,0.20000000298023224,0.15000000596046448,0.15000000596046448,1.0,1.0,1.0,1.0
complex_fixed_v018_r4,closed_loop,complex,full,1,0.18,False,18.439883313,1785051220.1196477,3.1556189540123776,0.07278006312460016,-0.047534983565436395,0.18125574829931246,-0.23250787495637387,3.61157381005733,0.18,-0.055814938375444254,21.0,3.11979616633953,0.04417355808493626,4.124578722292584,0.06451112343679132,5.136976032613763,0.07025509326403462,0.5627794861793518,0.1554582267999649,0.10545822978019714,0.7661260366439819,1.0,0,ROW_FOLLOW,,1.0,94.0,82.0,0.042752016335725784,-0.03430633246898651,0.0,0.24707555770874023,0.0,-0.31568822264671326,0.0,0.5317460298538208,0.6333332657814026,0.9379655718803406,0.9489499926567078,1.0,0.3333333432674408,0.7661260366439819,0.30000001192092896,0.20000000298023224,0.20000000298023224,0.15000000596046448,0.15000000596046448,1.0,1.0,1.0,1.0
complex_fixed_v018_r4,closed_loop,complex,full,1,0.18,False,18.489900304,1785051220.1696649,3.16491573190842,0.07174724780075474,-0.06174030994656523,0.18169577271296583,-0.22319368338733583,3.6211768809716007,0.18,-0.03694275404939824,21.0,3.1369038173275583,0.04367156598741404,4.1367661705449,0.058754791896059665,5.146378980962199,0.06416658566498362,0.5660649538040161,0.15667439997196198,0.10667440295219421,0.7540841102600098,1.0,0,ROW_FOLLOW,,1.0,97.0,83.0,0.059915732592344284,-0.0297309011220932,0.0,0.25173527002334595,0.0,-0.31119707226753235,0.0,0.4920634627342224,0.6333332657814026,0.9434416890144348,0.940733790397644,1.0,0.3333333432674408,0.7540841102600098,0.30000001192092896,0.20000000298023224,0.20000000298023224,0.15000000596046448,0.15000000596046448,1.0,1.0,1.0,1.0
complex_fixed_v018_r4,closed_loop,complex,full,1,0.18,False,18.539250715,1785051220.2190151,3.1768091739024245,0.06606828053327259,-0.06976950208301738,0.19486013133047003,-0.19236262692778128,3.6360792795439436,0.18,0.0014676824863327034,21.0,3.1369038173275583,0.04367156598741404,4.1367661705449,0.058754791896059665,5.146378980962199,0.06416658566498362,0.5660649538040161,0.15667439997196198,0.10667440295219421,0.7540841102600098,1.0,0,ROW_FOLLOW,,1.0,97.0,83.0,0.059915732592344284,-0.0297309011220932,0.0,0.25173527002334595,0.0,-0.31119707226753235,0.0,0.4920634627342224,0.6333332657814026,0.9434416890144348,0.940733790397644,1.0,0.3333333432674408,0.7540841102600098,0.30000001192092896,0.20000000298023224,0.20000000298023224,0.15000000596046448,0.15000000596046448,1.0,1.0,1.0,1.0
complex_fixed_v018_r4,closed_loop,complex,full,1,0.18,False,18.589228569,1785051220.2689931,3.184919416748798,0.06264924193194145,-0.08094711095989561,0.20043758722322128,-0.16793928126548818,3.6480707143606668,0.18,0.024286538237158338,21.0,3.1566250175134294,0.042702308725868075,4.156583988664031,0.050747807921897946,5.156542959502078,0.05879330455993039,0.5599657893180847,0.15526588261127472,0.10526588559150696,0.74725341796875,1.0,0,ROW_FOLLOW,,1.0,94.0,83.0,0.07676717638969421,-0.024287283420562744,0.0,0.25715598464012146,0.0,-0.30573055148124695,0.0,0.4920634627342224,0.6071427464485168,0.9332762956619263,0.9436702728271484,1.0,0.2857142984867096,0.74725341796875,0.30000001192092896,0.20000000298023224,0.20000000298023224,0.15000000596046448,0.15000000596046448,1.0,1.0,1.0,1.0
complex_fixed_v018_r4,closed_loop,complex,full,1,0.18,False,18.640343801,1785051220.3201082,3.194044944059646,0.06172941707561636,-0.08649859792533211,0.19812566192257447,-0.1407282156968787,3.657292451212676,0.18,0.034177184537402365,21.0,3.1566250175134294,0.042702308725868075,4.156583988664031,0.050747807921897946,5.156542959502078,0.05879330455993039,0.5599657893180847,0.15526588261127472,0.10526588559150696,0.74725341796875,1.0,0,ROW_FOLLOW,,1.0,94.0,83.0,0.07676717638969421,-0.024287283420562744,0.0,0.25715598464012146,0.0,-0.30573055148124695,0.0,0.4920634627342224,0.6071427464485168,0.9332762956619263,0.9436702728271484,1.0,0.2857142984867096,0.74725341796875,0.30000001192092896,0.20000000298023224,0.20000000298023224,0.15000000596046448,0.15000000596046448,1.0,1.0,1.0,1.0
complex_fixed_v018_r4,closed_loop,complex,full,1,0.18,False,18.689193141,1785051220.3689575,3.2026303390372464,0.06068438837170763,-0.09286402077986149,0.19530064757288515,-0.1228527912171821,3.6660553114087486,0.18,0.045479517181295843,20.0,3.1755861299381123,0.04264498175748733,4.180575059638884,0.0461785484353929,5.108898502702036,0.049355810282945646,0.5646976828575134,0.15693102777004242,0.10693103075027466,0.761138916015625,1.0,0,ROW_FOLLOW,,1.0,93.0,77.0,0.08859456330537796,-0.01842629909515381,0.0,0.263221800327301,0.0,-0.30007439851760864,0.0,0.523809552192688,0.6333332657814026,0.9411627650260925,0.9273124933242798,1.0,0.3333333432674408,0.761138916015625,0.30000001192092896,0.20000000298023224,0.20000000298023224,0.15000000596046448,0.15000000596046448,1.0,1.0,1.0,1.0
complex_fixed_v018_r4,closed_loop,complex,full,1,0.18,False,18.739586079,1785051220.4193506,3.2171911565322526,0.06308906994478664,-0.09663854668011539,0.19244957290712483,-0.07125568982649053,3.6809421285779536,0.18,0.0318042994974211,20.0,3.1755861299381123,0.04264498175748733,4.180575059638884,0.0461785484353929,5.108898502702036,0.049355810282945646,0.5646976828575134,0.15693102777004242,0.10693103075027466,0.761138916015625,1.0,0,ROW_FOLLOW,,1.0,93.0,77.0,0.08859456330537796,-0.01842629909515381,0.0,0.263221800327301,0.0,-0.30007439851760864,0.0,0.523809552192688,0.6333332657814026,0.9411627650260925,0.9273124933242798,1.0,0.3333333432674408,0.761138916015625,0.30000001192092896,0.20000000298023224,0.20000000298023224,0.15000000596046448,0.15000000596046448,1.0,1.0,1.0,1.0
complex_fixed_v018_r4,closed_loop,complex,full,1,0.18,False,18.790329716,1785051220.470094,3.22639469092453,0.06206171059468598,-0.10195762988883182,0.20361482946790002,-0.10030988427315604,3.6902510582805044,0.18,0.057412992420384876,21.0,3.1960188379316157,0.045126290498262195,4.201014551890439,0.044786187504273885,5.196995822145704,0.04516336646724096,0.5645767450332642,0.16564436256885529,0.11564436554908752,0.7666254043579102,1.0,0,ROW_FOLLOW,,1.0,98.0,79.0,0.09571502357721329,-0.012654304504394531,0.0,0.26899755001068115,0.0,-0.2943061590194702,0.0,0.523809552192688,0.6595237255096436,0.9409611225128174,0.9292368292808533,1.0,0.380952388048172,0.7666254043579102,0.30000001192092896,0.20000000298023224,0.20000000298023224,0.15000000596046448,0.15000000596046448,1.0,1.0,1.0,1.0
complex_fixed_v018_r4,closed_loop,complex,full,1,0.18,False,18.840552633,1785051220.5203168,3.2353542934640145,0.06094225754142563,-0.10641174727820293,0.1994162783022236,-0.10229633841473039,3.6993612223646464,0.18,0.06673032336812972,21.0,3.1960188379316157,0.045126290498262195,4.201014551890439,0.044786187504273885,5.196995822145704,0.04516336646724096,0.5645767450332642,0.16564436256885529,0.11564436554908752,0.7666254043579102,1.0,0,ROW_FOLLOW,,1.0,98.0,79.0,0.09571502357721329,-0.012654304504394531,0.0,0.26899755001068115,0.0,-0.2943061590194702,0.0,0.523809552192688,0.6595237255096436,0.9409611225128174,0.9292368292808533,1.0,0.380952388048172,0.7666254043579102,0.30000001192092896,0.20000000298023224,0.20000000298023224,0.15000000596046448,0.15000000596046448,1.0,1.0,1.0,1.0
complex_fixed_v018_r4,closed_loop,complex,full,1,0.18,False,18.890322928,1785051220.5700874,3.2356654659018753,0.06072611863956452,-0.11071280765272684,0.19463826886493024,-0.06475479604386386,3.6998189456707036,0.18,0.09785911368238726,21.0,3.2154935113313865,0.049095420943893624,4.220485512875087,0.045806741978637704,5.226196688354385,0.04227133886954723,0.564504086971283,0.15802384912967682,0.10802385210990906,0.764909029006958,1.0,0,ROW_FOLLOW,,1.0,92.0,79.0,0.10349299758672714,-0.0072498321533203125,0.0,0.27449697256088257,0.0,-0.2889966368675232,0.0,0.5158730149269104,0.6595237255096436,0.940839946269989,0.9338294267654419,1.0,0.380952388048172,0.764909029006958,0.30000001192092896,0.20000000298023224,0.20000000298023224,0.15000000596046448,0.15000000596046448,1.0,1.0,1.0,1.0
complex_fixed_v018_r4,closed_loop,complex,full,1,0.18,False,18.939207725,1785051220.618972,3.2528084953852363,0.06307924972499696,-0.11377159750264322,0.19207281863346665,-0.06479149998574708,3.7177733925379823,0.18,0.08368964148960664,21.0,3.2154935113313865,0.049095420943893624,4.220485512875087,0.045806741978637704,5.226196688354385,0.04227133886954723,0.564504086971283,0.15802384912967682,0.10802385210990906,0.764909029006958,1.0,0,ROW_FOLLOW,,1.0,92.0,79.0,0.10349299758672714,-0.0072498321533203125,0.0,0.27449697256088257,0.0,-0.2889966368675232,0.0,0.5158730149269104,0.6595237255096436,0.940839946269989,0.9338294267654419,1.0,0.380952388048172,0.764909029006958,0.30000001192092896,0.20000000298023224,0.20000000298023224,0.15000000596046448,0.15000000596046448,1.0,1.0,1.0,1.0
complex_fixed_v018_r4,closed_loop,complex,full,1,0.18,False,18.989314159,1785051220.6690786,3.258283439909456,0.06593747156129505,-0.11794014380249161,0.18026719577045794,-0.0745942574514064,3.725273221905978,0.18,0.10653661399614305,20.0,3.235076316593588,0.054662282159185595,4.2350626561071465,0.04947096751550827,5.1683831620835115,0.04460433901388455,0.5626846551895142,0.15753479301929474,0.10753479599952698,0.7540429830551147,1.0,0,ROW_FOLLOW,,1.0,92.0,83.0,0.10943284630775452,-0.003089338541030884,0.0,0.2779775857925415,0.0,-0.28415626287460327,0.0,0.4920634627342224,0.6333332657814026,0.9378077387809753,0.947971522808075,1.0,0.3333333432674408,0.7540429830551147,0.30000001192092896,0.20000000298023224,0.20000000298023224,0.15000000596046448,0.15000000596046448,1.0,1.0,1.0,1.0
complex_fixed_v018_r4,closed_loop,complex,full,1,0.18,False,19.039280076,1785051220.7190447,3.2668341603861286,0.06484383992135857,-0.12073734030044611,0.18012442595762687,-0.06055766671445426,3.7339194118613825,0.18,0.1138813391524106,20.0,3.235076316593588,0.054662282159185595,4.2350626561071465,0.04947096751550827,5.1683831620835115,0.04460433901388455,0.5626846551895142,0.15753479301929474,0.10753479599952698,0.7540429830551147,1.0,0,ROW_FOLLOW,,1.0,92.0,83.0,0.10943284630775452,-0.003089338541030884,0.0,0.2779775857925415,0.0,-0.28415626287460327,0.0,0.4920634627342224,0.6333332657814026,0.9378077387809753,0.947971522808075,1.0,0.3333333432674408,0.7540429830551147,0.30000001192092896,0.20000000298023224,0.20000000298023224,0.15000000596046448,0.15000000596046448,1.0,1.0,1.0,1.0
complex_fixed_v018_r4,closed_loop,complex,full,1,0.18,False,19.089267402,1785051220.769032,3.27234591214846,0.06530615457582103,-0.1253925444586898,0.16892430322043364,-0.0884610731839593,3.7475564051348624,0.18,0.14819533653323325,20.0,3.251644114167186,0.059884624691275555,4.256625210852068,0.053721606750303026,5.218273722277654,0.04781659445964403,0.5641138553619385,0.1602073460817337,0.11020734906196594,0.7412360906600952,1.0,0,ROW_FOLLOW,,1.0,100.0,85.0,0.11496996134519577,0.0012491792440414429,0.0,0.282213419675827,0.0,-0.27971506118774414,0.0,0.4523809552192688,0.6333332657814026,0.9376387596130371,0.9421822428703308,1.0,0.3333333432674408,0.7412360906600952,0.30000001192092896,0.20000000298023224,0.20000000298023224,0.15000000596046448,0.15000000596046448,1.0,1.0,1.0,1.0
complex_fixed_v018_r4,closed_loop,complex,full,1,0.18,False,19.13919047,1785051220.818955,3.280748660973558,0.06416714062695353,-0.12806862027977325,0.17067062239443948,-0.06768606808420423,3.756061021931704,0.18,0.1563294364304214,20.0,3.251644114167186,0.059884624691275555,4.256625210852068,0.053721606750303026,5.218273722277654,0.04781659445964403,0.5641138553619385,0.1602073460817337,0.11020734906196594,0.7412360906600952,1.0,0,ROW_FOLLOW,,1.0,100.0,85.0,0.11496996134519577,0.0012491792440414429,0.0,0.282213419675827,0.0,-0.27971506118774414,0.0,0.4523809552192688,0.6333332657814026,0.9376387596130371,0.9421822428703308,1.0,0.3333333432674408,0.7412360906600952,0.30000001192092896,0.20000000298023224,0.20000000298023224,0.15000000596046448,0.15000000596046448,1.0,1.0,1.0,1.0
complex_fixed_v018_r4,closed_loop,complex,full,1,0.18,False,19.189189796,1785051220.8689542,3.2854824932596958,0.061887346100141113,-0.13141138676164665,0.1521442921689935,-0.03654560850446147,3.761941173067802,0.18,0.20157190311910828,21.0,3.2668050251684906,0.06505551665780716,4.2717783631229125,0.05782749226765521,5.280708888471536,0.05138531630149014,0.5639563798904419,0.1634169965982437,0.11341699957847595,0.7643543481826782,1.0,0,ROW_FOLLOW,,1.0,102.0,97.0,0.12162257730960846,0.005006089806556702,0.0,0.28616878390312195,0.0,-0.27615660429000854,0.0,0.523809552192688,0.6333332657814026,0.9399270415306091,0.9503960609436035,1.0,0.3333333432674408,0.7643543481826782,0.30000001192092896,0.20000000298023224,0.20000000298023224,0.15000000596046448,0.15000000596046448,1.0,1.0,1.0,1.0
complex_fixed_v018_r4,closed_loop,complex,full,1,0.18,False,19.239188419,1785051220.918953,3.2943064623966016,0.060667196267893006,-0.13321625055880126,0.15487421315677694,-0.025043289388289838,3.7708651239911366,0.18,0.20982726616290368,21.0,3.2668050251684906,0.06505551665780716,4.2717783631229125,0.05782749226765521,5.280708888471536,0.05138531630149014,0.5639563798904419,0.1634169965982437,0.11341699957847595,0.7643543481826782,1.0,0,ROW_FOLLOW,,1.0,102.0,97.0,0.12162257730960846,0.005006089806556702,0.0,0.28616878390312195,0.0,-0.27615660429000854,0.0,0.523809552192688,0.6333332657814026,0.9399270415306091,0.9503960609436035,1.0,0.3333333432674408,0.7643543481826782,0.30000001192092896,0.20000000298023224,0.20000000298023224,0.15000000596046448,0.15000000596046448,1.0,1.0,1.0,1.0
complex_fixed_v018_r4,closed_loop,complex,full,1,0.18,False,19.289175937,1785051220.9689403,3.3024376839845213,0.05667405345292826,-0.13391248368436143,0.15448296676613454,0.0007151390670440756,3.782824868096854,0.18,0.24823547898103002,20.0,3.2806520287331815,0.06767288151843846,4.318962454244503,0.0612004955308039,5.247274776586132,0.05530877022817499,0.5654454827308655,0.1671024113893509,0.11710241436958313,0.7665902376174927,1.0,0,ROW_FOLLOW,,1.0,100.0,84.0,0.13051903247833252,0.007157817482948303,0.0,0.2887151539325714,0.0,-0.2743995189666748,0.0,0.523809552192688,0.6333332657814026,0.9424091577529907,0.961992084980011,1.0,0.3333333432674408,0.7665902376174927,0.30000001192092896,0.20000000298023224,0.20000000298023224,0.15000000596046448,0.15000000596046448,1.0,1.0,1.0,1.0
complex_fixed_v018_r4,closed_loop,complex,full,1,0.18,False,19.339628749,1785051221.0193932,3.3154648651265304,0.05696009612119993,-0.13456363679165315,0.15909766317332638,-0.0034503270970900886,3.7961984669549467,0.18,0.24771621082623563,20.0,3.2806520287331815,0.06767288151843846,4.318962454244503,0.0612004955308039,5.247274776586132,0.05530877022817499,0.5654454827308655,0.1671024113893509,0.11710241436958313,0.7665902376174927,1.0,0,ROW_FOLLOW,,1.0,100.0,84.0,0.13051903247833252,0.007157817482948303,0.0,0.2887151539325714,0.0,-0.2743995189666748,0.0,0.523809552192688,0.6333332657814026,0.9424091577529907,0.961992084980011,1.0,0.3333333432674408,0.7665902376174927,0.30000001192092896,0.20000000298023224,0.20000000298023224,0.15000000596046448,0.15000000596046448,1.0,1.0,1.0,1.0
complex_fixed_v018_r4,closed_loop,complex,full,1,0.18,False,19.389182814,1785051221.0689473,3.3245678181726657,0.055692031536573976,-0.13547636262199747,0.1620728059674689,-0.023496395228039,3.8054056782172405,0.18,0.25932260541893165,21.0,3.296877083180021,0.06809983842739635,4.330191435621912,0.06230961016558942,5.298100113236092,0.05443797262894805,0.5651620626449585,0.16623161733150482,0.11623162031173706,0.767573356628418,1.0,0,ROW_FOLLOW,,1.0,96.0,97.0,0.12990976870059967,0.010399147868156433,0.0,0.2917811870574951,0.0,-0.27098289132118225,0.0,0.5158730149269104,0.6595237255096436,0.9419367909431458,0.9501285552978516,1.0,0.380952388048172,0.767573356628418,0.30000001192092896,0.20000000298023224,0.20000000298023224,0.15000000596046448,0.15000000596046448,1.0,1.0,1.0,1.0
complex_fixed_v018_r4,closed_loop,complex,full,1,0.18,False,19.439379011,1785051221.1191435,3.3269945403664223,0.05534210959182267,-0.13595142402122562,0.16676959122009258,-0.004188987426822266,3.807870344289884,0.18,0.2620344520987097,21.0,3.296877083180021,0.06809983842739635,4.330191435621912,0.06230961016558942,5.298100113236092,0.05443797262894805,0.5651620626449585,0.16623161733150482,0.11623162031173706,0.767573356628418,1.0,0,ROW_FOLLOW,,1.0,96.0,97.0,0.12990976870059967,0.010399147868156433,0.0,0.2917811870574951,0.0,-0.27098289132118225,0.0,0.5158730149269104,0.6595237255096436,0.9419367909431458,0.9501285552978516,1.0,0.380952388048172,0.767573356628418,0.30000001192092896,0.20000000298023224,0.20000000298023224,0.15000000596046448,0.15000000596046448,1.0,1.0,1.0,1.0
complex_fixed_v018_r4,closed_loop,complex,full,1,0.18,False,19.489429859,1785051221.1691942,3.3445552730598354,0.05315979512579783,-0.13709807036581312,0.172074698573738,-0.009213035017404256,3.8256029506091647,0.18,0.276916096893872,21.0,3.312307854227442,0.06805373771515226,4.345628312361939,0.06305757595313251,5.321264571958578,0.05675101073299896,0.5657069087028503,0.1598977893590927,0.10989779233932495,0.7581055164337158,1.0,0,ROW_FOLLOW,,1.0,88.0,94.0,0.1303456574678421,0.013675808906555176,0.0,0.2954285144805908,0.0,-0.26807689666748047,0.0,0.4841269850730896,0.6595237255096436,0.9428451061248779,0.9492907524108887,1.0,0.380952388048172,0.7581055164337158,0.30000001192092896,0.20000000298023224,0.20000000298023224,0.15000000596046448,0.15000000596046448,1.0,1.0,1.0,1.0
complex_fixed_v018_r4,closed_loop,complex,full,1,0.18,False,19.539665544,1785051221.21943,3.3537988665674923,0.051883833718911795,-0.1372097388761997,0.18668662694828653,-0.016819825682692406,3.8349404575591723,0.18,0.2851454697695156,21.0,3.312307854227442,0.06805373771515226,4.345628312361939,0.06305757595313251,5.321264571958578,0.05675101073299896,0.5657069087028503,0.1598977893590927,0.10989779233932495,0.7581055164337158,1.0,0,ROW_FOLLOW,,1.0,88.0,94.0,0.1303456574678421,0.013675808906555176,0.0,0.2954285144805908,0.0,-0.26807689666748047,0.0,0.4841269850730896,0.6595237255096436,0.9428451061248779,0.9492907524108887,1.0,0.380952388048172,0.7581055164337158,0.30000001192092896,0.20000000298023224,0.20000000298023224,0.15000000596046448,0.15000000596046448,1.0,1.0,1.0,1.0
complex_fixed_v018_r4,closed_loop,complex,full,1,0.18,False,19.589149752,1785051221.2689142,3.366956926590113,0.04994778141861589,-0.13752693800400492,0.19752488496101303,0.0019852820977461984,3.8486486103725674,0.18,0.29432651010225575,21.0,3.332172546869893,0.0682498035605386,4.332152169418414,0.06193617462529837,5.332131774376507,0.055622537422580366,0.5660715699195862,0.160600945353508,0.11060094833374023,0.7583686113357544,1.0,0,ROW_FOLLOW,,1.0,103.0,86.0,0.12995421886444092,0.016525059938430786,0.0,0.29837894439697266,0.0,-0.2653288245201111,0.0,0.4841269552707672,0.6595237255096436,0.9434526562690735,0.9502351880073547,1.0,0.380952388048172,0.7583686113357544,0.30000001192092896,0.20000000298023224,0.20000000298023224,0.15000000596046448,0.15000000596046448,1.0,1.0,1.0,1.0
complex_fixed_v018_r4,closed_loop,complex,full,1,0.18,False,19.639163287,1785051221.3189275,3.376309403038935,0.04865631699045573,-0.13739769322956663,0.19616120494309522,-0.007618596949391004,3.858091040726304,0.18,0.302881312614669,21.0,3.332172546869893,0.0682498035605386,4.332152169418414,0.06193617462529837,5.332131774376507,0.055622537422580366,0.5660715699195862,0.160600945353508,0.11060094833374023,0.7583686113357544,1.0,0,ROW_FOLLOW,,1.0,103.0,86.0,0.12995421886444092,0.016525059938430786,0.0,0.29837894439697266,0.0,-0.2653288245201111,0.0,0.4841269552707672,0.6595237255096436,0.9434526562690735,0.9502351880073547,1.0,0.380952388048172,0.7583686113357544,0.30000001192092896,0.20000000298023224,0.20000000298023224,0.15000000596046448,0.15000000596046448,1.0,1.0,1.0,1.0
complex_fixed_v018_r4,closed_loop,complex,full,1,0.18,False,19.689136725,1785051221.368901,3.385680917463418,0.04736228712712558,-0.13726917696928176,0.195218074371291,-0.026115911144539754,3.8675659047873308,0.18,0.30832612652789126,19.0,3.3524565752516686,0.06812795570252501,4.252440366983972,0.06297067479775363,5.219090572970997,0.05760126899377951,0.5618532299995422,0.1546119600534439,0.10461196303367615,0.7528798580169678,1.0,0,ROW_FOLLOW,,1.0,96.0,93.0,0.1342833936214447,0.018333658576011658,0.0,0.300211101770401,0.0,-0.2635437846183777,0.0,0.5,0.6071427464485168,0.9364219903945923,0.9611131548881531,1.0,0.2857142984867096,0.7528798580169678,0.30000001192092896,0.20000000298023224,0.20000000298023224,0.15000000596046448,0.15000000596046448,1.0,1.0,1.0,1.0
complex_fixed_v018_r4,closed_loop,complex,full,1,0.18,False,19.739182421,1785051221.4189467,3.386584925404109,0.047235022412268596,-0.1374495170236863,0.19381246154292267,0.0018049483303212836,3.8684839219375853,0.18,0.3094701839316608,19.0,3.3524565752516686,0.06812795570252501,4.252440366983972,0.06297067479775363,5.219090572970997,0.05760126899377951,0.5618532299995422,0.1546119600534439,0.10461196303367615,0.7528798580169678,1.0,0,ROW_FOLLOW,,1.0,96.0,93.0,0.1342833936214447,0.018333658576011658,0.0,0.300211101770401,0.0,-0.2635437846183777,0.0,0.5,0.6071427464485168,0.9364219903945923,0.9611131548881531,1.0,0.2857142984867096,0.7528798580169678,0.30000001192092896,0.20000000298023224,0.20000000298023224,0.15000000596046448,0.15000000596046448,1.0,1.0,1.0,1.0
complex_fixed_v018_r4,closed_loop,complex,full,1,0.18,False,19.789180819,1785051221.4689453,3.404360050893477,0.045574335618557685,-0.1375085705652039,0.18885212039763644,0.0025256749806429114,3.886362217757637,0.18,0.3158551456520381,21.0,3.3751334502872985,0.06759297581270922,4.375118873951414,0.0624772248648374,5.3744775811969685,0.055729700957062187,0.565367579460144,0.165999636054039,0.11599963903427124,0.765495777130127,1.0,0,ROW_FOLLOW,,1.0,95.0,89.0,0.13270457088947296,0.02052268385887146,0.0,0.3030354082584381,0.0,-0.2619900405406952,0.0,0.523809552192688,0.6333332657814026,0.9422794580459595,0.9548693895339966,1.0,0.3333333432674408,0.765495777130127,0.30000001192092896,0.20000000298023224,0.20000000298023224,0.15000000596046448,0.15000000596046448,1.0,1.0,1.0,1.0
complex_fixed_v018_r4,closed_loop,complex,full,1,0.18,False,19.839146545,1785051221.518911,3.4064932882648242,0.04548460522311136,-0.13716953402852913,0.18299453114870587,0.017596811215219728,3.9027462141736957,0.18,0.316270936007339,21.0,3.3751334502872985,0.06759297581270922,4.375118873951414,0.0624772248648374,5.3744775811969685,0.055729700957062187,0.565367579460144,0.165999636054039,0.11599963903427124,0.765495777130127,1.0,0,ROW_FOLLOW,,1.0,95.0,89.0,0.13270457088947296,0.02052268385887146,0.0,0.3030354082584381,0.0,-0.2619900405406952,0.0,0.523809552192688,0.6333332657814026,0.9422794580459595,0.9548693895339966,1.0,0.3333333432674408,0.765495777130127,0.30000001192092896,0.20000000298023224,0.20000000298023224,0.15000000596046448,0.15000000596046448,1.0,1.0,1.0,1.0
complex_fixed_v018_r4,closed_loop,complex,full,1,0.18,False,19.889163792,1785051221.5689282,3.4156764519335465,0.04421828567409705,-0.13747369715823382,0.18358996220506332,-0.0020376232839679673,3.912019878114666,0.18,0.323825458234138,20.0,3.392703993033773,0.0677914479597041,4.392692862113249,0.06318707022132201,5.350844334831372,0.0577938603717431,0.5637413263320923,0.16780851781368256,0.1178085207939148,0.7630537748336792,1.0,0,ROW_FOLLOW,,1.0,95.0,100.0,0.13114216923713684,0.023514389991760254,0.0,0.30580538511276245,0.0,-0.25877660512924194,0.0,0.5158730149269104,0.6333332657814026,0.9395689368247986,0.958075761795044,1.0,0.3333333432674408,0.7630537748336792,0.30000001192092896,0.20000000298023224,0.20000000298023224,0.15000000596046448,0.15000000596046448,1.0,1.0,1.0,1.0
complex_fixed_v018_r4,closed_loop,complex,full,1,0.18,False,19.939144686,1785051221.6189091,3.423229260324406,0.043202583433145245,-0.13673212696065878,0.18373364307966436,0.008104334837204043,3.919654382115329,0.18,0.3298830059309562,20.0,3.392703993033773,0.0677914479597041,4.392692862113249,0.06318707022132201,5.350844334831372,0.0577938603717431,0.5637413263320923,0.16780851781368256,0.1178085207939148,0.7630537748336792,1.0,0,ROW_FOLLOW,,1.0,95.0,100.0,0.13114216923713684,0.023514389991760254,0.0,0.30580538511276245,0.0,-0.25877660512924194,0.0,0.5158730149269104,0.6333332657814026,0.9395689368247986,0.958075761795044,1.0,0.3333333432674408,0.7630537748336792,0.30000001192092896,0.20000000298023224,0.20000000298023224,0.15000000596046448,0.15000000596046448,1.0,1.0,1.0,1.0
complex_fixed_v018_r4,closed_loop,complex,full,1,0.18,False,19.989213263,1785051221.6689777,3.430113546424512,0.0414252927079212,-0.13599652590126654,0.16614894465722835,-0.004362844622110406,3.9309778661194716,0.18,0.33992925422820686,20.0,3.4083882365247047,0.06886226017747053,4.408370584124833,0.06297843313115231,5.375019991148149,0.05724949007527964,0.5658596754074097,0.16868279874324799,0.11868280172348022,0.7450990676879883,1.0,0,ROW_FOLLOW,,1.0,97.0,94.0,0.129266619682312,0.02698761224746704,0.0,0.30944907665252686,0.0,-0.2554738521575928,0.0,0.436507910490036,0.6595237255096436,0.9430991411209106,0.9574807286262512,1.0,0.380952388048172,0.7450990676879883,0.30000001192092896,0.20000000298023224,0.20000000298023224,0.15000000596046448,0.15000000596046448,1.0,1.0,1.0,1.0
complex_fixed_v018_r4,closed_loop,complex,full,1,0.18,False,20.039142731,1785051221.718907,3.438966715978833,0.040249704134090424,-0.1346725516783769,0.16842704662926886,0.033991634762959175,3.9399207665866065,0.18,0.34674567362669434,20.0,3.4083882365247047,0.06886226017747053,4.408370584124833,0.06297843313115231,5.375019991148149,0.05724949007527964,0.5658596754074097,0.16868279874324799,0.11868280172348022,0.7450990676879883,1.0,0,ROW_FOLLOW,,1.0,97.0,94.0,0.129266619682312,0.02698761224746704,0.0,0.30944907665252686,0.0,-0.2554738521575928,0.0,0.436507910490036,0.6595237255096436,0.9430991411209106,0.9574807286262512,1.0,0.380952388048172,0.7450990676879883,0.30000001192092896,0.20000000298023224,0.20000000298023224,0.15000000596046448,0.15000000596046448,1.0,1.0,1.0,1.0
complex_fixed_v018_r4,closed_loop,complex,full,1,0.18,False,20.089168811,1785051221.768933,3.4452926804714554,0.03900338970512936,-0.13322632568942527,0.155290676779594,0.037370711179084616,3.94641006141515,0.18,0.3507388364402717,20.0,3.4230823517298403,0.06952627580494301,4.423058314588883,0.0626107784385813,5.423034263960047,0.055695286665190503,0.566958487033844,0.16443045437335968,0.11443045735359192,0.7601550817489624,1.0,0,ROW_FOLLOW,,1.0,96.0,107.0,0.12672661244869232,0.02912631630897522,0.0,0.31138861179351807,0.0,-0.2531359791755676,0.0,0.4682539403438568,0.6857142448425293,0.9449307322502136,0.956999659538269,1.0,0.4285714328289032,0.7601550817489624,0.30000001192092896,0.20000000298023224,0.20000000298023224,0.15000000596046448,0.15000000596046448,1.0,1.0,1.0,1.0
complex_fixed_v018_r4,closed_loop,complex,full,1,0.18,False,20.140037988,1785051221.8198023,3.4539336074198284,0.03788479874232083,-0.13179452380873213,0.1580812036488178,0.05716766059740029,3.9551356591732465,0.18,0.3574342597439094,20.0,3.4230823517298403,0.06952627580494301,4.423058314588883,0.0626107784385813,5.423034263960047,0.055695286665190503,0.566958487033844,0.16443045437335968,0.11443045735359192,0.7601550817489624,1.0,0,ROW_FOLLOW,,1.0,96.0,107.0,0.12672661244869232,0.02912631630897522,0.0,0.31138861179351807,0.0,-0.2531359791755676,0.0,0.4682539403438568,0.6857142448425293,0.9449307322502136,0.956999659538269,1.0,0.4285714328289032,0.7601550817489624,0.30000001192092896,0.20000000298023224,0.20000000298023224,0.15000000596046448,0.15000000596046448,1.0,1.0,1.0,1.0
complex_fixed_v018_r4,closed_loop,complex,full,1,0.18,False,20.189856381,1785051221.8696208,3.453940627302574,0.037938727697397576,-0.12869015678552087,0.16098856129905412,0.04436176761101406,3.9551900431144253,0.18,0.3497237429109469,20.0,3.438874477226713,0.06958672837973849,4.443855510606869,0.06388656885966,5.4388365702652495,0.058209457596649104,0.5648368000984192,0.1601230651140213,0.11012306809425354,0.7512621879577637,1.0,0,ROW_FOLLOW,,1.0,106.0,94.0,0.12737014889717102,0.031258776783943176,0.0,0.3136172592639923,0.0,-0.25109970569610596,0.0,0.4761904776096344,0.6333332657814026,0.9407841563224792,0.95721036195755,1.0,0.3333333432674408,0.7512621879577637,0.30000001192092896,0.20000000298023224,0.20000000298023224,0.15000000596046448,0.15000000596046448,1.0,1.0,1.0,1.0
complex_fixed_v018_r4,closed_loop,complex,full,1,0.18,False,20.239235721,1785051221.9190001,3.4683906910815656,0.03512412448992201,-0.12573180653644303,0.15027321349056266,0.057432109072396306,3.9753915049825133,0.18,0.36533496508901847,20.0,3.438874477226713,0.06958672837973849,4.443855510606869,0.06388656885966,5.4388365702652495,0.058209457596649104,0.5648368000984192,0.1601230651140213,0.11012306809425354,0.7512621879577637,1.0,0,ROW_FOLLOW,,1.0,106.0,94.0,0.12737014889717102,0.031258776783943176,0.0,0.3136172592639923,0.0,-0.25109970569610596,0.0,0.4761904776096344,0.6333332657814026,0.9407841563224792,0.95721036195755,1.0,0.3333333432674408,0.7512621879577637,0.30000001192092896,0.20000000298023224,0.20000000298023224,0.15000000596046448,0.15000000596046448,1.0,1.0,1.0,1.0
complex_fixed_v018_r4,closed_loop,complex,full,1,0.18,False,20.296886222,1785051221.9766507,3.4771275706531473,0.034235227695422386,-0.11997204578204367,0.1531264545588735,0.08970762458835725,3.9842717950507067,0.18,0.3582584845086467,20.0,3.4538656724810743,0.06872159165122486,4.458854896766208,0.06536825954628941,5.453844172034695,0.062037966894050584,0.562846302986145,0.16523267328739166,0.1152326762676239,0.7615644931793213,1.0,0,ROW_FOLLOW,,1.0,94.0,105.0,0.12394189834594727,0.03245043009519577,0.0,0.31427857279777527,0.0,-0.24937771260738373,0.0,0.5079364776611328,0.6333332657814026,0.9380772113800049,0.966009795665741,1.0,0.3333333432674408,0.7615644931793213,0.30000001192092896,0.20000000298023224,0.20000000298023224,0.15000000596046448,0.15000000596046448,1.0,1.0,1.0,1.0
complex_fixed_v018_r4,closed_loop,complex,full,1,0.18,False,20.339023264,1785051222.0187876,3.485975767720376,0.03510884602634458,-0.11601853916670586,0.15685447789725895,0.10735328281117915,3.9940877234147942,0.18,0.35128881914810967,20.0,3.4538656724810743,0.06872159165122486,4.458854896766208,0.06536825954628941,5.453844172034695,0.062037966894050584,0.562846302986145,0.16523267328739166,0.1152326762676239,0.7615644931793213,1.0,0,ROW_FOLLOW,,1.0,94.0,105.0,0.12394189834594727,0.03245043009519577,0.0,0.31427857279777527,0.0,-0.24937771260738373,0.0,0.5079364776611328,0.6333332657814026,0.9380772113800049,0.966009795665741,1.0,0.3333333432674408,0.7615644931793213,0.30000001192092896,0.20000000298023224,0.20000000298023224,0.15000000596046448,0.15000000596046448,1.0,1.0,1.0,1.0
complex_fixed_v018_r4,closed_loop,complex,full,1,0.18,False,20.389162563,1785051222.068927,3.4939988634966124,0.034491018436648514,-0.10692940703929703,0.1576861946743896,0.15131130607166804,4.0022809630959255,0.18,0.345262753897573,20.0,3.4693974974777704,0.0687066267815858,4.47439105277838,0.06987412018981633,5.4693846443901935,0.07106465908789832,0.5654603838920593,0.1669130176305771,0.11691302061080933,0.7661703824996948,1.0,0,ROW_FOLLOW,,1.0,79.0,91.0,0.11578655242919922,0.03412644565105438,0.0,0.31634458899497986,0.0,-0.2480916976928711,0.0,0.523809552192688,0.6333332657814026,0.9424341320991516,0.9591603875160217,1.0,0.3333333432674408,0.7661703824996948,0.30000001192092896,0.20000000298023224,0.20000000298023224,0.15000000596046448,0.15000000596046448,1.0,1.0,1.0,1.0
complex_fixed_v018_r4,closed_loop,complex,full,1,0.18,False,20.439529357,1785051222.1192937,3.510225286668751,0.03721931343285107,-0.1015245799289759,0.17059109156563865,0.13426574055755372,4.0193337715145985,0.18,0.32952829892596314,20.0,3.4693974974777704,0.0687066267815858,4.47439105277838,0.06987412018981633,5.4693846443901935,0.07106465908789832,0.5654603838920593,0.1669130176305771,0.11691302061080933,0.7661703824996948,1.0,0,ROW_FOLLOW,,1.0,79.0,91.0,0.11578655242919922,0.03412644565105438,0.0,0.31634458899497986,0.0,-0.2480916976928711,0.0,0.523809552192688,0.6333332657814026,0.9424341320991516,0.9591603875160217,1.0,0.3333333432674408,0.7661703824996948,0.30000001192092896,0.20000000298023224,0.20000000298023224,0.15000000596046448,0.15000000596046448,1.0,1.0,1.0,1.0
complex_fixed_v018_r4,closed_loop,complex,full,1,0.18,False,20.495501504,1785051222.175266,3.5182741718986756,0.03671337141368066,-0.0934013422232054,0.17027894915884714,0.15895826082227732,4.0275586467568365,0.18,0.32643235759488676,21.0,3.4880297017056923,0.06951405273926307,4.488009472824601,0.07458990412369597,5.50981928367308,0.09037508283213687,0.5649619102478027,0.16776518523693085,0.11776518821716309,0.7573301792144775,1.0,0,ROW_FOLLOW,,1.0,75.0,80.0,0.10844191908836365,0.034342363476753235,0.0,0.3163876533508301,0.0,-0.2477029263973236,0.0,0.4920634627342224,0.6333332657814026,0.9416031837463379,0.9648253917694092,1.0,0.3333333432674408,0.7573301792144775,0.30000001192092896,0.20000000298023224,0.20000000298023224,0.15000000596046448,0.15000000596046448,1.0,1.0,1.0,1.0
complex_fixed_v018_r4,closed_loop,complex,full,1,0.18,False,20.539094174,1785051222.2188585,3.5319377932556586,0.03973572162030879,-0.08684281505336866,0.16982264378148754,0.15482443007907612,4.042637249687584,0.18,0.2982906718920316,21.0,3.4880297017056923,0.06951405273926307,4.488009472824601,0.07458990412369597,5.50981928367308,0.09037508283213687,0.5649619102478027,0.16776518523693085,0.11776518821716309,0.7573301792144775,1.0,0,ROW_FOLLOW,,1.0,75.0,80.0,0.10844191908836365,0.034342363476753235,0.0,0.3163876533508301,0.0,-0.2477029263973236,0.0,0.4920634627342224,0.6333332657814026,0.9416031837463379,0.9648253917694092,1.0,0.3333333432674408,0.7573301792144775,0.30000001192092896,0.20000000298023224,0.20000000298023224,0.15000000596046448,0.15000000596046448,1.0,1.0,1.0,1.0
complex_fixed_v018_r4,closed_loop,complex,full,1,0.18,False,20.592651912,1785051222.2724164,3.539985944260621,0.039378008023757315,-0.07815492222328624,0.18491913462722834,0.15200742487987953,4.050861958366919,0.18,0.31351007989910523,21.0,3.5090994313019004,0.07207297173579835,4.509064052573054,0.08032192052942465,5.520665821457592,0.09236834609300817,0.567768394947052,0.16601474583148956,0.1160147488117218,0.7586721181869507,1.0,0,ROW_FOLLOW,,1.0,91.0,96.0,0.09357885271310806,0.03550039231777191,0.0,0.31813472509384155,0.0,-0.24713394045829773,0.0,0.4761904776096344,0.6595237255096436,0.9462805986404419,0.9643601775169373,1.0,0.380952388048172,0.7586721181869507,0.30000001192092896,0.20000000298023224,0.20000000298023224,0.15000000596046448,0.15000000596046448,1.0,1.0,1.0,1.0
complex_fixed_v018_r4,closed_loop,complex,full,1,0.18,False,20.648826656,1785051222.328591,3.5434326761600823,0.04170338152488298,-0.07091474160420397,0.18942634503824565,0.18345586240432002,4.055042200840204,0.18,0.28709447819704265,21.0,3.5090994313019004,0.07207297173579835,4.509064052573054,0.08032192052942465,5.520665821457592,0.09236834609300817,0.567768394947052,0.16601474583148956,0.1160147488117218,0.7586721181869507,1.0,0,ROW_FOLLOW,,1.0,91.0,96.0,0.09357885271310806,0.03550039231777191,0.0,0.31813472509384155,0.0,-0.24713394045829773,0.0,0.4761904776096344,0.6595237255096436,0.9462805986404419,0.9643601775169373,1.0,0.380952388048172,0.7586721181869507,0.30000001192092896,0.20000000298023224,0.20000000298023224,0.15000000596046448,0.15000000596046448,1.0,1.0,1.0,1.0
complex_fixed_v018_r4,closed_loop,complex,full,1,0.18,False,20.689269664,1785051222.369034,3.5608888972312536,0.041021889345230274,-0.0573625477646824,0.18629460136436282,0.24586255010540536,4.072785915428684,0.18,0.2886255332615949,21.0,3.531246908863764,0.07496967166480269,4.531184721177456,0.08592935803883002,5.53112258021896,0.09688904278203452,0.5689677000045776,0.16581620275974274,0.11581620573997498,0.7538286447525024,1.0,0,ROW_FOLLOW,,1.0,81.0,100.0,0.0763380378484726,0.03677048534154892,0.0,0.3193214237689972,0.0,-0.24578045308589935,0.0,0.4444444179534912,0.6857142448425293,0.9482797980308533,0.957976758480072,1.0,0.4285714328289032,0.7538286447525024,0.30000001192092896,0.20000000298023224,0.20000000298023224,0.15000000596046448,0.15000000596046448,1.0,1.0,1.0,1.0
complex_fixed_v018_r4,closed_loop,complex,full,1,0.18,False,20.739762158,1785051222.4195266,3.556853209106058,0.0373616504596278,-0.04788023639489847,0.1838265974723754,0.2461411135582434,4.095327856711809,0.18,0.2919367288898422,21.0,3.531246908863764,0.07496967166480269,4.531184721177456,0.08592935803883002,5.53112258021896,0.09688904278203452,0.5689677000045776,0.16581620275974274,0.11581620573997498,0.7538286447525024,1.0,0,ROW_FOLLOW,,1.0,81.0,100.0,0.0763380378484726,0.03677048534154892,0.0,0.3193214237689972,0.0,-0.24578045308589935,0.0,0.4444444179534912,0.6857142448425293,0.9482797980308533,0.957976758480072,1.0,0.4285714328289032,0.7538286447525024,0.30000001192092896,0.20000000298023224,0.20000000298023224,0.15000000596046448,0.15000000596046448,1.0,1.0,1.0,1.0
complex_fixed_v018_r4,closed_loop,complex,full,1,0.18,False,20.790517283,1785051222.4702818,3.565614200259988,0.03729356556192817,-0.03394259024432822,0.1650791436476139,0.21636788215473446,4.104249705731692,0.18,0.27382322188805674,21.0,3.5467740454736774,0.07612089404056947,4.546710723151553,0.08719880155073685,5.5466474027795725,0.09827670356595002,0.5659499168395996,0.1611918956041336,0.11119189858436584,0.7538440227508545,1.0,0,ROW_FOLLOW,,1.0,79.0,86.0,0.052656449377536774,0.03765183687210083,0.0,0.32013019919395447,0.0,-0.2448265254497528,0.0,0.5,0.6071427464485168,0.9432499408721924,0.9584363102912903,1.0,0.2857142984867096,0.7538440227508545,0.30000001192092896,0.20000000298023224,0.20000000298023224,0.15000000596046448,0.15000000596046448,1.0,1.0,1.0,1.0
complex_fixed_v018_r4,closed_loop,complex,full,1,0.18,False,20.839119256,1785051222.5188835,3.574010325611161,0.03741076402503269,-0.02647815502452389,0.16755061709617647,0.17950929072243374,4.112775063254328,0.18,0.2672395720843952,21.0,3.5467740454736774,0.07612089404056947,4.546710723151553,0.08719880155073685,5.5466474027795725,0.09827670356595002,0.5659499168395996,0.1611918956041336,0.11119189858436584,0.7538440227508545,1.0,0,ROW_FOLLOW,,1.0,79.0,86.0,0.052656449377536774,0.03765183687210083,0.0,0.32013019919395447,0.0,-0.2448265254497528,0.0,0.5,0.6071427464485168,0.9432499408721924,0.9584363102912903,1.0,0.2857142984867096,0.7538440227508545,0.30000001192092896,0.20000000298023224,0.20000000298023224,0.15000000596046448,0.15000000596046448,1.0,1.0,1.0,1.0
complex_fixed_v018_r4,closed_loop,complex,full,1,0.18,False,20.89191918,1785051222.5716836,3.584079220519357,0.03286793728462773,-0.014464793154450362,0.15750677005676159,0.22049818567297413,4.127199583146829,0.18,0.26623380368839505,19.0,3.5607264023488003,0.0759430974335631,4.460650165124151,0.08749289864566655,5.427233326820665,0.10002971473624382,0.5654118061065674,0.16364137828350067,0.11364138126373291,0.752707839012146,1.0,0,ROW_FOLLOW,,1.0,65.0,96.0,0.03756418824195862,0.03724513202905655,0.0,0.32040318846702576,0.0,-0.24591292440891266,0.0,0.4761904776096344,0.6333332657814026,0.9423530101776123,0.9647560119628906,1.0,0.3333333432674408,0.752707839012146,0.30000001192092896,0.20000000298023224,0.20000000298023224,0.15000000596046448,0.15000000596046448,1.0,1.0,1.0,1.0
complex_fixed_v018_r4,closed_loop,complex,full,1,0.18,False,20.939029204,1785051222.6187937,3.590163296736969,0.03259910741153617,-0.006461686649937625,0.16081825344762318,0.2065140968200973,4.138034736467508,0.18,0.2666872940591214,19.0,3.5607264023488003,0.0759430974335631,4.460650165124151,0.08749289864566655,5.427233326820665,0.10002971473624382,0.5654118061065674,0.16364137828350067,0.11364138126373291,0.752707839012146,1.0,0,ROW_FOLLOW,,1.0,65.0,96.0,0.03756418824195862,0.03724513202905655,0.0,0.32040318846702576,0.0,-0.24591292440891266,0.0,0.4761904776096344,0.6333332657814026,0.9423530101776123,0.9647560119628906,1.0,0.3333333432674408,0.752707839012146,0.30000001192092896,0.20000000298023224,0.20000000298023224,0.15000000596046448,0.15000000596046448,1.0,1.0,1.0,1.0
complex_fixed_v018_r4,closed_loop,complex,full,1,0.18,False,20.98921068,1785051222.668975,3.598701876851191,0.03307221834099707,0.006787807614153876,0.15476627553551786,0.21986378434590015,4.146849675848006,0.18,0.22634005580216768,20.0,3.5731516010492896,0.07259755160631834,4.578040814063251,0.08707367926291631,5.522779487349419,0.09937888317185495,0.565954327583313,0.16273219883441925,0.11273220181465149,0.7677561044692993,1.0,0,ROW_FOLLOW,,1.0,71.0,86.0,0.020771173760294914,0.035318195819854736,0.0,0.31799858808517456,0.0,-0.2473621964454651,0.0,0.523809552192688,0.6333332657814026,0.9432570934295654,0.968633770942688,1.0,0.3333333432674408,0.7677561044692993,0.30000001192092896,0.20000000298023224,0.20000000298023224,0.15000000596046448,0.15000000596046448,1.0,1.0,1.0,1.0
complex_fixed_v018_r4,closed_loop,complex,full,1,0.18,False,21.039186838,1785051222.7189512,3.6024834776522083,0.03357792888151011,0.015866475128331718,0.1594282356734398,0.23144416842757845,4.1508844575950405,0.18,0.212793259431515,20.0,3.5731516010492896,0.07259755160631834,4.578040814063251,0.08707367926291631,5.522779487349419,0.09937888317185495,0.565954327583313,0.16273219883441925,0.11273220181465149,0.7677561044692993,1.0,0,ROW_FOLLOW,,1.0,71.0,86.0,0.020771173760294914,0.035318195819854736,0.0,0.31799858808517456,0.0,-0.2473621964454651,0.0,0.523809552192688,0.6333332657814026,0.9432570934295654,0.968633770942688,1.0,0.3333333432674408,0.7677561044692993,0.30000001192092896,0.20000000298023224,0.20000000298023224,0.15000000596046448,0.15000000596046448,1.0,1.0,1.0,1.0
complex_fixed_v018_r4,closed_loop,complex,full,1,0.18,False,21.089137428,1785051222.7689018,3.6124589923371655,0.0342857812096699,0.02916766937396222,0.1612689490377227,0.23014609855097107,4.161198443651139,0.18,0.1774397207415969,21.0,3.5882914414420157,0.07038043476682711,4.59315135198215,0.08709374255278952,5.601637517497828,0.10130979703100994,0.5649975538253784,0.16436924040317535,0.11436924338340759,0.7577059268951416,1.0,0,ROW_FOLLOW,,1.0,77.0,99.0,-0.003965010866522789,0.03469488024711609,0.0,0.3169570565223694,0.0,-0.2475672960281372,0.0,0.4761904776096344,0.6595237255096436,0.9416625499725342,0.9640771150588989,1.0,0.380952388048172,0.7577059268951416,0.30000001192092896,0.20000000298023224,0.20000000298023224,0.15000000596046448,0.15000000596046448,1.0,1.0,1.0,1.0
complex_fixed_v018_r4,closed_loop,complex,full,1,0.18,False,21.139112914,1785051222.8188775,3.6213768535603297,0.03480910018016136,0.03817735182679716,0.16439466607563943,0.2269214471057203,4.170212158060163,0.18,0.16736380490989966,21.0,3.5882914414420157,0.07038043476682711,4.59315135198215,0.08709374255278952,5.601637517497828,0.10130979703100994,0.5649975538253784,0.16436924040317535,0.11436924338340759,0.7577059268951416,1.0,0,ROW_FOLLOW,,1.0,77.0,99.0,-0.003965010866522789,0.03469488024711609,0.0,0.3169570565223694,0.0,-0.2475672960281372,0.0,0.4761904776096344,0.6595237255096436,0.9416625499725342,0.9640771150588989,1.0,0.380952388048172,0.7577059268951416,0.30000001192092896,0.20000000298023224,0.20000000298023224,0.15000000596046448,0.15000000596046448,1.0,1.0,1.0,1.0
complex_fixed_v018_r4,closed_loop,complex,full,1,0.18,False,21.189166707,1785051222.868931,3.63148258607154,0.03764595391366048,0.05202472585139483,0.1678538078005742,0.24426894244485903,4.181582074260705,0.18,0.1180273281539177,21.0,3.604091761059552,0.06859475985196156,4.608951514628131,0.08531943160142692,5.611139323733646,0.10019020806883716,0.5642943382263184,0.16511766612529755,0.11511766910552979,0.7546452283859253,1.0,0,ROW_FOLLOW,,1.0,71.0,102.0,-0.027807608246803284,0.03450608253479004,0.0,0.31667202711105347,0.0,-0.2476598620414734,0.0,0.4682539999485016,0.6595237255096436,0.9404904246330261,0.9611079096794128,1.0,0.380952388048172,0.7546452283859253,0.30000001192092896,0.20000000298023224,0.20000000298023224,0.15000000596046448,0.15000000596046448,1.0,1.0,1.0,1.0
complex_fixed_v018_r4,closed_loop,complex,full,1,0.18,False,21.239145393,1785051222.9189098,3.6402307580396616,0.03837145512597855,0.061889817918633565,0.1640197729191528,0.24632663599557714,4.190446213578161,0.18,0.10507525213406653,21.0,3.604091761059552,0.06859475985196156,4.608951514628131,0.08531943160142692,5.611139323733646,0.10019020806883716,0.5642943382263184,0.16511766612529755,0.11511766910552979,0.7546452283859253,1.0,0,ROW_FOLLOW,,1.0,71.0,102.0,-0.027807608246803284,0.03450608253479004,0.0,0.31667202711105347,0.0,-0.2476598620414734,0.0,0.4682539999485016,0.6595237255096436,0.9404904246330261,0.9611079096794128,1.0,0.380952388048172,0.7546452283859253,0.30000001192092896,0.20000000298023224,0.20000000298023224,0.15000000596046448,0.15000000596046448,1.0,1.0,1.0,1.0
complex_fixed_v018_r4,closed_loop,complex,full,1,0.18,False,21.289341302,1785051222.9691057,3.6500469123333157,0.04336727109985321,0.07730827584283514,0.16611308360296756,0.26302359784302803,4.20365544514331,0.18,0.05708292209104065,21.0,3.620840678671032,0.07028293588408698,4.62072801760334,0.08525666716694541,5.620615386236463,0.1002304011235352,0.5640188455581665,0.15902461111545563,0.10902461409568787,0.7491112947463989,1.0,1,ROW_FOLLOW,,1.0,79.0,94.0,-0.05338945612311363,0.03459322452545166,0.0,0.3168298900127411,0.0,-0.24764344096183777,0.0,0.4682539403438568,0.6333332657814026,0.9400314092636108,0.959747850894928,1.0,0.3333333432674408,0.7491112947463989,0.30000001192092896,0.20000000298023224,0.20000000298023224,0.15000000596046448,0.15000000596046448,1.0,1.0,1.0,1.0
complex_fixed_v018_r4,closed_loop,complex,full,1,0.18,False,21.339157487,1785051223.018922,3.658756374624946,0.044326710698941424,0.08725544765119597,0.17490242016123625,0.24222007525008726,4.212504451913585,0.18,0.04232628709838511,21.0,3.620840678671032,0.07028293588408698,4.62072801760334,0.08525666716694541,5.620615386236463,0.1002304011235352,0.5640188455581665,0.15902461111545563,0.10902461409568787,0.7491112947463989,1.0,1,ROW_FOLLOW,,1.0,79.0,94.0,-0.05338945612311363,0.03459322452545166,0.0,0.3168298900127411,0.0,-0.24764344096183777,0.0,0.4682539403438568,0.6333332657814026,0.9400314092636108,0.959747850894928,1.0,0.3333333432674408,0.7491112947463989,0.30000001192092896,0.20000000298023224,0.20000000298023224,0.15000000596046448,0.15000000596046448,1.0,1.0,1.0,1.0
complex_fixed_v018_r4,closed_loop,complex,full,1,0.18,False,21.389242705,1785051223.0690072,3.658849357115129,0.04539243255644111,0.10062185361752587,0.16780878574259694,0.20193844869148322,4.230184520511973,0.18,0.02815848906246122,20.0,3.636593238128882,0.07310723586289025,4.636403536273903,0.09162067166995082,5.569553997278617,0.10918515065706581,0.5659814476966858,0.16006715595722198,0.11006715893745422,0.7444161176681519,1.0,0,ROW_FOLLOW,,1.0,88.0,94.0,-0.06930719316005707,0.0323864221572876,0.0,0.3152391314506531,0.0,-0.2504662871360779,0.0,0.4682539403438568,0.6071427464485168,0.9433026313781738,0.9590060114860535,1.0,0.2857142984867096,0.7444161176681519,0.30000001192092896,0.20000000298023224,0.20000000298023224,0.15000000596046448,0.15000000596046448,1.0,1.0,1.0,1.0
complex_fixed_v018_r4,closed_loop,complex,full,1,0.18,False,21.439152334,1785051223.1189167,3.667726376767871,0.04650014349656682,0.10766843752194077,0.16947308953019286,0.1568165148854979,4.239191729987261,0.18,0.017285318946398343,20.0,3.636593238128882,0.07310723586289025,4.636403536273903,0.09162067166995082,5.569553997278617,0.10918515065706581,0.5659814476966858,0.16006715595722198,0.11006715893745422,0.7444161176681519,1.0,0,ROW_FOLLOW,,1.0,88.0,94.0,-0.06930719316005707,0.0323864221572876,0.0,0.3152391314506531,0.0,-0.2504662871360779,0.0,0.4682539403438568,0.6071427464485168,0.9433026313781738,0.9590060114860535,1.0,0.2857142984867096,0.7444161176681519,0.30000001192092896,0.20000000298023224,0.20000000298023224,0.15000000596046448,0.15000000596046448,1.0,1.0,1.0,1.0
complex_fixed_v018_r4,closed_loop,complex,full,1,0.18,False,21.489235887,1785051223.1690001,3.672772756797701,0.0474099628115901,0.11820920455119717,0.17128600851310022,0.17200193375588643,4.244517353851854,0.18,0.007963467926063785,21.0,3.651932692135419,0.0749707535021644,4.651634261042978,0.09838356960111821,5.6527872996482476,0.11718411635295604,0.5674838423728943,0.15900112688541412,0.10900112986564636,0.7401340007781982,1.0,0,ROW_FOLLOW,,1.0,86.0,77.0,-0.08161544054746628,0.02843312919139862,0.0,0.31230005621910095,0.0,-0.2554337978363037,0.0,0.460317462682724,0.6071427464485168,0.9458063244819641,0.9429924488067627,1.0,0.2857142984867096,0.7401340007781982,0.30000001192092896,0.20000000298023224,0.20000000298023224,0.15000000596046448,0.15000000596046448,1.0,1.0,1.0,1.0
complex_fixed_v018_r4,closed_loop,complex,full,1,0.18,False,21.539171501,1785051223.2189357,3.6735390012352944,0.04776732888398735,0.1250365072906261,0.17346935976952524,0.15709405658444878,4.245486007377992,0.18,-0.0036315638511096406,21.0,3.651932692135419,0.0749707535021644,4.651634261042978,0.09838356960111821,5.6527872996482476,0.11718411635295604,0.5674838423728943,0.15900112688541412,0.10900112986564636,0.7401340007781982,1.0,0,ROW_FOLLOW,,1.0,86.0,77.0,-0.08161544054746628,0.02843312919139862,0.0,0.31230005621910095,0.0,-0.2554337978363037,0.0,0.460317462682724,0.6071427464485168,0.9458063244819641,0.9429924488067627,1.0,0.2857142984867096,0.7401340007781982,0.30000001192092896,0.20000000298023224,0.20000000298023224,0.15000000596046448,0.15000000596046448,1.0,1.0,1.0,1.0
complex_fixed_v018_r4,closed_loop,complex,full,1,0.18,False,21.589132619,1785051223.268897,3.7007041681123876,0.05159684802993149,0.13494297329210572,0.17753844409902994,0.17617053912222302,4.273102409860516,0.18,-0.01641082097908372,21.0,3.662858392848292,0.07401658247766117,4.662258607781843,0.10776673310889757,5.668271762697493,0.14676485595085295,0.5673292875289917,0.15049971640110016,0.1004997193813324,0.7451602220535278,1.0,0,ROW_FOLLOW,,1.0,81.0,64.0,-0.08349113911390305,0.02237127721309662,0.0,0.3073849081993103,0.0,-0.26264235377311707,0.0,0.4761904776096344,0.6333332657814026,0.9436091184616089,0.9127639532089233,1.0,0.3333333432674408,0.7451602220535278,0.30000001192092896,0.20000000298023224,0.20000000298023224,0.15000000596046448,0.15000000596046448,1.0,1.0,1.0,1.0
complex_fixed_v018_r4,closed_loop,complex,full,1,0.18,False,21.63925435,1785051223.3190188,3.716351721556404,0.05367136376411262,0.1415239359364393,0.17792190537324817,0.1777886854598809,4.288950839490375,0.18,-0.0686583123321486,21.0,3.662858392848292,0.07401658247766117,4.662258607781843,0.10776673310889757,5.668271762697493,0.14676485595085295,0.5673292875289917,0.15049971640110016,0.1004997193813324,0.7451602220535278,1.0,0,ROW_FOLLOW,,1.0,81.0,64.0,-0.08349113911390305,0.02237127721309662,0.0,0.3073849081993103,0.0,-0.26264235377311707,0.0,0.4761904776096344,0.6333332657814026,0.9436091184616089,0.9127639532089233,1.0,0.3333333432674408,0.7451602220535278,0.30000001192092896,0.20000000298023224,0.20000000298023224,0.15000000596046448,0.15000000596046448,1.0,1.0,1.0,1.0
complex_fixed_v018_r4,closed_loop,complex,full,1,0.18,False,21.689138505,1785051223.368903,3.72535048357368,0.05532842371623658,0.1499523777643095,0.1820024857623994,0.11228138972542402,4.298248574409592,0.18,-0.056743237662129305,21.0,3.684977640471855,0.07077423376468421,4.683880209282212,0.11581865271966858,5.682782766984329,0.1608630692429478,0.5688557028770447,0.14868028461933136,0.0986802875995636,0.7298369407653809,1.0,0,ROW_FOLLOW,,1.0,86.0,63.0,-0.08386693894863129,0.013445153832435608,0.0,0.299426794052124,0.0,-0.2725364863872528,0.0,0.460317462682724,0.5809522867202759,0.9459511041641235,0.9090734124183655,1.0,0.2380952388048172,0.7298369407653809,0.30000001192092896,0.20000000298023224,0.20000000298023224,0.15000000596046448,0.15000000596046448,1.0,1.0,1.0,1.0
complex_fixed_v018_r4,closed_loop,complex,full,1,0.18,False,21.739175274,1785051223.4189396,3.727515182077509,0.055875216575323856,0.15353221912105708,0.181296279234453,0.0765837257859014,4.30057187173606,0.18,-0.0636477595184841,21.0,3.684977640471855,0.07077423376468421,4.683880209282212,0.11581865271966858,5.682782766984329,0.1608630692429478,0.5688557028770447,0.14868028461933136,0.0986802875995636,0.7298369407653809,1.0,0,ROW_FOLLOW,,1.0,86.0,63.0,-0.08386693894863129,0.013445153832435608,0.0,0.299426794052124,0.0,-0.2725364863872528,0.0,0.460317462682724,0.5809522867202759,0.9459511041641235,0.9090734124183655,1.0,0.2380952388048172,0.7298369407653809,0.30000001192092896,0.20000000298023224,0.20000000298023224,0.15000000596046448,0.15000000596046448,1.0,1.0,1.0,1.0
complex_fixed_v018_r4,closed_loop,complex,full,1,0.18,False,21.789193225,1785051223.4689577,3.749020700215726,0.05895247148183696,0.15739046055699424,0.1968717015297222,0.062248100213718904,4.322335451200492,0.18,-0.0890021246996424,21.0,3.709296425437426,0.0667899563299712,4.707568518683955,0.12471894057207783,5.705840596974986,0.18264792078767886,0.5696679353713989,0.16519202291965485,0.11519202589988708,0.7343729734420776,1.0,0,ROW_FOLLOW,,1.0,91.0,64.0,-0.08642099052667618,0.005548372864723206,0.0,0.29203951358795166,0.0,-0.28094276785850525,0.0,0.4761904776096344,0.5809522867202759,0.949446439743042,0.9029070734977722,1.0,0.2380952388048172,0.7343729734420776,0.30000001192092896,0.20000000298023224,0.20000000298023224,0.15000000596046448,0.15000000596046448,1.0,1.0,1.0,1.0
complex_fixed_v018_r4,closed_loop,complex,full,1,0.18,False,21.841600337,1785051223.5213647,3.7466287688827924,0.0576045937623241,0.15990189565556046,0.20041122402406678,0.056569799827700024,4.325113494366613,0.18,-0.08665154385673457,21.0,3.709296425437426,0.0667899563299712,4.707568518683955,0.12471894057207783,5.705840596974986,0.18264792078767886,0.5696679353713989,0.16519202291965485,0.11519202589988708,0.7343729734420776,1.0,0,ROW_FOLLOW,,1.0,91.0,64.0,-0.08642099052667618,0.005548372864723206,0.0,0.29203951358795166,0.0,-0.28094276785850525,0.0,0.4761904776096344,0.5809522867202759,0.949446439743042,0.9029070734977722,1.0,0.2380952388048172,0.7343729734420776,0.30000001192092896,0.20000000298023224,0.20000000298023224,0.15000000596046448,0.15000000596046448,1.0,1.0,1.0,1.0
complex_fixed_v018_r4,closed_loop,complex,full,1,0.18,False,21.889622613,1785051223.569387,3.764550612524743,0.06059304401050567,0.16316886203693057,0.19810935377089894,0.05008931409166737,4.343322527179755,0.18,-0.12176137639337976,19.0,3.7370660511651974,0.062384762110647966,4.634996008519462,0.12321333100760594,5.599411766866159,0.18894965759248494,0.5700165629386902,0.16821815073490143,0.11821815371513367,0.7361648082733154,1.0,0,ROW_FOLLOW,,1.0,93.0,67.0,-0.08761686086654663,-0.0021098703145980835,0.0,0.2847149670124054,0.0,-0.28893470764160156,0.0,0.4761904776096344,0.5809522867202759,0.9500278234481812,0.9140775799751282,1.0,0.2380952388048172,0.7361648082733154,0.30000001192092896,0.20000000298023224,0.20000000298023224,0.15000000596046448,0.15000000596046448,1.0,1.0,1.0,1.0
complex_fixed_v018_r4,closed_loop,complex,full,1,0.18,False,21.93946904,1785051223.6192336,3.7702969982345094,0.061631728963068476,0.164730284095242,0.19442862555949902,0.035758748882580356,4.349190107201305,0.18,-0.1267369987391487,19.0,3.7370660511651974,0.062384762110647966,4.634996008519462,0.12321333100760594,5.599411766866159,0.18894965759248494,0.5700165629386902,0.16821815073490143,0.11821815371513367,0.7361648082733154,1.0,0,ROW_FOLLOW,,1.0,93.0,67.0,-0.08761686086654663,-0.0021098703145980835,0.0,0.2847149670124054,0.0,-0.28893470764160156,0.0,0.4761904776096344,0.5809522867202759,0.9500278234481812,0.9140775799751282,1.0,0.2380952388048172,0.7361648082733154,0.30000001192092896,0.20000000298023224,0.20000000298023224,0.15000000596046448,0.15000000596046448,1.0,1.0,1.0,1.0
complex_fixed_v018_r4,closed_loop,complex,full,1,0.18,False,21.989293385,1785051223.6690578,3.7852289971315622,0.06391264265516139,0.1661254451640808,0.1937698723032689,0.015238188279403023,4.364323874938709,0.18,-0.16799462178924238,20.0,3.755423237450507,0.05865324267484198,4.753279129381288,0.12350168116070548,5.701612734586519,0.1770123339750222,0.57237708568573,0.1698540300130844,0.11985403299331665,0.7287943363189697,1.0,1,ROW_FOLLOW,,1.0,102.0,63.0,-0.11259905248880386,-0.00569838285446167,0.0,0.28116947412490845,0.0,-0.2925662398338318,0.0,0.4285714328289032,0.5809522867202759,0.9539616107940674,0.9549340605735779,1.0,0.2380952388048172,0.7287943363189697,0.30000001192092896,0.20000000298023224,0.20000000298023224,0.15000000596046448,0.15000000596046448,1.0,1.0,1.0,1.0
complex_fixed_v018_r4,closed_loop,complex,full,1,0.18,False,22.039267112,1785051223.7190316,3.794065751031921,0.06542610515479523,0.16706212272959808,0.19190713893731207,0.022852769971703577,4.373297796690488,0.18,-0.17422603426313998,20.0,3.755423237450507,0.05865324267484198,4.753279129381288,0.12350168116070548,5.701612734586519,0.1770123339750222,0.57237708568573,0.1698540300130844,0.11985403299331665,0.7287943363189697,1.0,1,ROW_FOLLOW,,1.0,102.0,63.0,-0.11259905248880386,-0.00569838285446167,0.0,0.28116947412490845,0.0,-0.2925662398338318,0.0,0.4285714328289032,0.5809522867202759,0.9539616107940674,0.9549340605735779,1.0,0.2380952388048172,0.7287943363189697,0.30000001192092896,0.20000000298023224,0.20000000298023224,0.15000000596046448,0.15000000596046448,1.0,1.0,1.0,1.0
complex_fixed_v018_r4,closed_loop,complex,full,1,0.18,False,22.089560976,1785051223.7693253,3.8074680689668523,0.0673846833202048,0.16923128385119665,0.18974983551115104,0.03940984674249228,4.386893588910852,0.18,-0.21646639234818715,21.0,3.7736222153531673,0.05653910513292983,4.7719590606756634,0.11267691224415703,5.792663250610188,0.14080580882737334,0.5708350539207458,0.15878386795520782,0.10878387093544006,0.7424100637435913,1.0,1,ROW_FOLLOW,,1.0,77.0,65.0,-0.12537553906440735,-0.008753404021263123,0.0,0.27895405888557434,0.0,-0.2964608669281006,0.0,0.4761904776096344,0.5809522867202759,0.9513917565345764,0.9538939595222473,1.0,0.2380952388048172,0.7424100637435913,0.30000001192092896,0.20000000298023224,0.20000000298023224,0.15000000596046448,0.15000000596046448,1.0,1.0,1.0,1.0
complex_fixed_v018_r4,closed_loop,complex,full,1,0.18,False,22.139268774,1785051223.8190331,3.8165835224397195,0.06899372943725461,0.17070302406644533,0.19080929559505966,0.03535345605846066,4.396163462445708,0.18,-0.22524795996982988,21.0,3.7736222153531673,0.05653910513292983,4.7719590606756634,0.11267691224415703,5.792663250610188,0.14080580882737334,0.5708350539207458,0.15878386795520782,0.10878387093544006,0.7424100637435913,1.0,1,ROW_FOLLOW,,1.0,77.0,65.0,-0.12537553906440735,-0.008753404021263123,0.0,0.27895405888557434,0.0,-0.2964608669281006,0.0,0.4761904776096344,0.5809522867202759,0.9513917565345764,0.9538939595222473,1.0,0.2380952388048172,0.7424100637435913,0.30000001192092896,0.20000000298023224,0.20000000298023224,0.15000000596046448,0.15000000596046448,1.0,1.0,1.0,1.0
complex_fixed_v018_r4,closed_loop,complex,full,1,0.18,False,22.189320551,1785051223.8690848,3.8254546280856134,0.07059421737816256,0.17194587784282156,0.18996851584112973,0.007985804411987193,4.40520063014735,0.18,-0.2549151667181678,21.0,3.794005071141001,0.057087657543591575,4.79299220277011,0.10170126578010359,5.804062987960517,0.13875642758235035,0.5718101859092712,0.16054530441761017,0.11054530739784241,0.7293263673782349,1.0,1,ROW_FOLLOW,,1.0,71.0,60.0,-0.13221588730812073,-0.010392501950263977,0.0,0.2774197459220886,0.0,-0.2982047498226166,0.0,0.4285714328289032,0.5809522867202759,0.9530168175697327,0.959740936756134,1.0,0.2380952388048172,0.7293263673782349,0.30000001192092896,0.20000000298023224,0.20000000298023224,0.15000000596046448,0.15000000596046448,1.0,1.0,1.0,1.0
complex_fixed_v018_r4,closed_loop,complex,full,1,0.18,False,22.239979994,1785051223.9197445,3.8264616442796497,0.07085609627586317,0.17436910466555403,0.1875613551964962,0.03271690872695245,4.406304590636321,0.18,-0.25977281384414963,21.0,3.794005071141001,0.057087657543591575,4.79299220277011,0.10170126578010359,5.804062987960517,0.13875642758235035,0.5718101859092712,0.16054530441761017,0.11054530739784241,0.7293263673782349,1.0,1,ROW_FOLLOW,,1.0,71.0,60.0,-0.13221588730812073,-0.010392501950263977,0.0,0.2774197459220886,0.0,-0.2982047498226166,0.0,0.4285714328289032,0.5809522867202759,0.9530168175697327,0.959740936756134,1.0,0.2380952388048172,0.7293263673782349,0.30000001192092896,0.20000000298023224,0.20000000298023224,0.15000000596046448,0.15000000596046448,1.0,1.0,1.0,1.0
complex_fixed_v018_r4,closed_loop,complex,full,1,0.18,False,22.289216899,1785051223.9689813,3.8480865554293917,0.07316043670624892,0.17555781024048078,0.1862077828459214,0.0274401052090131,4.42808827306449,0.18,-0.27868770013657523,21.0,3.812782676475949,0.057821515708632996,4.812008104771253,0.09711651715030989,5.811233511011134,0.1364115145157504,0.5749055743217468,0.16542832553386688,0.11542832851409912,0.6987029314041138,1.0,1,ROW_FOLLOW,,1.0,65.0,60.0,-0.137889564037323,-0.012715637683868408,0.0,0.2753101587295532,0.0,-0.30074143409729004,0.0,0.317460298538208,0.5809522867202759,0.9581760168075562,0.9709276556968689,1.0,0.2380952388048172,0.6987029314041138,0.30000001192092896,0.20000000298023224,0.20000000298023224,0.15000000596046448,0.15000000596046448,1.0,1.0,1.0,1.0
complex_fixed_v018_r4,closed_loop,complex,full,1,0.18,False,22.339415976,1785051224.0191803,3.8570557993950367,0.07476379731179972,0.17597058297256352,0.20361673669588026,0.013195333915521723,4.437203528888126,0.18,-0.2874106258160482,21.0,3.812782676475949,0.057821515708632996,4.812008104771253,0.09711651715030989,5.811233511011134,0.1364115145157504,0.5749055743217468,0.16542832553386688,0.11542832851409912,0.6987029314041138,1.0,1,ROW_FOLLOW,,1.0,65.0,60.0,-0.137889564037323,-0.012715637683868408,0.0,0.2753101587295532,0.0,-0.30074143409729004,0.0,0.317460298538208,0.5809522867202759,0.9581760168075562,0.9709276556968689,1.0,0.2380952388048172,0.6987029314041138,0.30000001192092896,0.20000000298023224,0.20000000298023224,0.15000000596046448,0.15000000596046448,1.0,1.0,1.0,1.0
complex_fixed_v018_r4,closed_loop,complex,full,1,0.18,False,22.389296196,1785051224.0690606,3.8681488230633256,0.07513076727441297,0.17680174615003882,0.19949475052471477,0.01394671475980482,4.4488945007691365,0.18,-0.2919764521104713,21.0,3.833804171325107,0.05895256041975452,4.833173636677767,0.09425718876052326,5.832543092823216,0.1295618125805089,0.5747113227844238,0.16791273653507233,0.11791273951530457,0.6901537179946899,1.0,1,ROW_FOLLOW,,1.0,62.0,68.0,-0.1460869461297989,-0.014693796634674072,0.0,0.273409903049469,0.0,-0.30279749631881714,0.0,0.2857142984867096,0.5809522867202759,0.957852303981781,0.9778570532798767,1.0,0.2380952388048172,0.6901537179946899,0.30000001192092896,0.20000000298023224,0.20000000298023224,0.15000000596046448,0.15000000596046448,1.0,1.0,1.0,1.0
complex_fixed_v018_r4,closed_loop,complex,full,1,0.18,False,22.439113406,1785051224.118878,3.8786073293849936,0.07780112516526175,0.1771770417733825,0.20706707453025122,0.023084506148221207,4.459902735836662,0.18,-0.3069588743862901,21.0,3.833804171325107,0.05895256041975452,4.833173636677767,0.09425718876052326,5.832543092823216,0.1295618125805089,0.5747113227844238,0.16791273653507233,0.11791273951530457,0.6901537179946899,1.0,1,ROW_FOLLOW,,1.0,62.0,68.0,-0.1460869461297989,-0.014693796634674072,0.0,0.273409903049469,0.0,-0.30279749631881714,0.0,0.2857142984867096,0.5809522867202759,0.957852303981781,0.9778570532798767,1.0,0.2380952388048172,0.6901537179946899,0.30000001192092896,0.20000000298023224,0.20000000298023224,0.15000000596046448,0.15000000596046448,1.0,1.0,1.0,1.0
complex_fixed_v018_r4,closed_loop,complex,full,1,0.18,False,22.489207264,1785051224.1689718,3.8874389616036233,0.07941446838821471,0.17862791388873722,0.2027871370150666,0.016969816865511033,4.468908101113311,0.18,-0.32157775545424544,21.0,3.8544479308171824,0.06024208116475815,4.854001057507213,0.08938700556510741,5.853554177386228,0.11853192833836719,0.5746299028396606,0.16932566463947296,0.1193256676197052,0.6903715133666992,1.0,1,ROW_FOLLOW,,1.0,69.0,60.0,-0.15779894590377808,-0.015338614583015442,0.0,0.2723419964313507,0.0,-0.3030192255973816,0.0,0.2857142984867096,0.5809522867202759,0.9577163457870483,0.9794901013374329,1.0,0.2380952388048172,0.6903715133666992,0.30000001192092896,0.20000000298023224,0.20000000298023224,0.15000000596046448,0.15000000596046448,1.0,1.0,1.0,1.0
complex_fixed_v018_r4,closed_loop,complex,full,1,0.18,False,22.539325635,1785051224.2190902,3.889736423502033,0.07981080731903405,0.17838203905398942,0.1996265476498104,-0.00903140435827162,4.471246348920813,0.18,-0.3234131291719299,21.0,3.8544479308171824,0.06024208116475815,4.854001057507213,0.08938700556510741,5.853554177386228,0.11853192833836719,0.5746299028396606,0.16932566463947296,0.1193256676197052,0.6903715133666992,1.0,1,ROW_FOLLOW,,1.0,69.0,60.0,-0.15779894590377808,-0.015338614583015442,0.0,0.2723419964313507,0.0,-0.3030192255973816,0.0,0.2857142984867096,0.5809522867202759,0.9577163457870483,0.9794901013374329,1.0,0.2380952388048172,0.6903715133666992,0.30000001192092896,0.20000000298023224,0.20000000298023224,0.15000000596046448,0.15000000596046448,1.0,1.0,1.0,1.0
complex_fixed_v018_r4,closed_loop,complex,full,1,0.18,False,22.589356772,1785051224.2691212,3.8892579653374466,0.07970476665053194,0.17802127077736346,0.19708350455883422,-0.019888509345758955,4.471743505107603,0.18,-0.32138402102565,20.0,3.87550924219526,0.06190950173665458,4.880201904233288,0.08642324470917806,5.808252608509908,0.10902305209138778,0.5725849866867065,0.16192732751369476,0.111927330493927,0.6910425424575806,1.0,1,ROW_FOLLOW,,1.0,60.0,74.0,-0.1558884084224701,-0.016656741499900818,0.0,0.2710168659687042,0.0,-0.30433034896850586,0.0,0.3095238208770752,0.5547617673873901,0.9543084502220154,0.9758092164993286,1.0,0.190476194024086,0.6910425424575806,0.30000001192092896,0.20000000298023224,0.20000000298023224,0.15000000596046448,0.15000000596046448,1.0,1.0,1.0,1.0
complex_fixed_v018_r4,closed_loop,complex,full,1,0.18,False,22.639170558,1785051224.3189352,3.9102600040073368,0.08464906790254004,0.1775998868497574,0.19094656771211427,-0.006248078039435714,4.4933454388864815,0.18,-0.3477807967382299,20.0,3.87550924219526,0.06190950173665458,4.880201904233288,0.08642324470917806,5.808252608509908,0.10902305209138778,0.5725849866867065,0.16192732751369476,0.111927330493927,0.6910425424575806,1.0,1,ROW_FOLLOW,,1.0,60.0,74.0,-0.1558884084224701,-0.016656741499900818,0.0,0.2710168659687042,0.0,-0.30433034896850586,0.0,0.3095238208770752,0.5547617673873901,0.9543084502220154,0.9758092164993286,1.0,0.190476194024086,0.6910425424575806,0.30000001192092896,0.20000000298023224,0.20000000298023224,0.15000000596046448,0.15000000596046448,1.0,1.0,1.0,1.0
complex_fixed_v018_r4,closed_loop,complex,full,1,0.18,False,22.68953108,1785051224.3692956,3.9194190443403967,0.08625176672011371,0.1760646836879105,0.19143858334667668,-0.020689779002601837,4.502663514576883,0.18,-0.3483712184632684,20.0,3.8932167524647814,0.06394393520385926,4.902996569377533,0.08499629507691471,5.8594545442256605,0.10494354292996473,0.5729802250862122,0.16514964401721954,0.11514964699745178,0.7042131423950195,1.0,1,ROW_FOLLOW,,1.0,59.0,53.0,-0.15737062692642212,-0.018461108207702637,0.0,0.26868492364883423,0.0,-0.3056071400642395,0.0,0.3333333432674408,0.5809522867202759,0.9549667835235596,0.9801955223083496,1.0,0.2380952388048172,0.7042131423950195,0.30000001192092896,0.20000000298023224,0.20000000298023224,0.15000000596046448,0.15000000596046448,1.0,1.0,1.0,1.0
complex_fixed_v018_r4,closed_loop,complex,full,1,0.18,False,22.739164637,1785051224.418929,3.9271948288694656,0.09014264781072907,0.17502314003732966,0.18071284611431107,-0.028651251732191393,4.514374242626425,0.18,-0.3689739711856838,20.0,3.8932167524647814,0.06394393520385926,4.902996569377533,0.08499629507691471,5.8594545442256605,0.10494354292996473,0.5729802250862122,0.16514964401721954,0.11514964699745178,0.7042131423950195,1.0,1,ROW_FOLLOW,,1.0,59.0,53.0,-0.15737062692642212,-0.018461108207702637,0.0,0.26868492364883423,0.0,-0.3056071400642395,0.0,0.3333333432674408,0.5809522867202759,0.9549667835235596,0.9801955223083496,1.0,0.2380952388048172,0.7042131423950195,0.30000001192092896,0.20000000298023224,0.20000000298023224,0.15000000596046448,0.15000000596046448,1.0,1.0,1.0,1.0
complex_fixed_v018_r4,closed_loop,complex,full,1,0.18,False,22.789210334,1785051224.4689748,3.936342268953315,0.09170789287163811,0.17394904180122944,0.18086669742133876,-0.019324883507564606,4.523675561404373,0.18,-0.36319790817755565,21.0,3.9094208439965024,0.0664808120210023,4.9192245118990305,0.08625453612412488,5.927251355944781,0.10355622296134687,0.5730530619621277,0.1661439687013626,0.11614397168159485,0.7043074369430542,1.0,1,ROW_FOLLOW,,1.0,62.0,62.0,-0.15799646079540253,-0.020041421055793762,0.0,0.2671754062175751,0.0,-0.3072582483291626,0.0,0.3333333432674408,0.5809522867202759,0.95508873462677,0.9806616902351379,1.0,0.2380952388048172,0.7043074369430542,0.30000001192092896,0.20000000298023224,0.20000000298023224,0.15000000596046448,0.15000000596046448,1.0,1.0,1.0,1.0
complex_fixed_v018_r4,closed_loop,complex,full,1,0.18,False,22.839198397,1785051224.5189629,3.940656023061981,0.09360808303004062,0.17317832752014484,0.1690896137618668,-0.0075378887478386265,4.536853712216606,0.18,-0.3730569737757372,21.0,3.9094208439965024,0.0664808120210023,4.9192245118990305,0.08625453612412488,5.927251355944781,0.10355622296134687,0.5730530619621277,0.1661439687013626,0.11614397168159485,0.7043074369430542,1.0,1,ROW_FOLLOW,,1.0,62.0,62.0,-0.15799646079540253,-0.020041421055793762,0.0,0.2671754062175751,0.0,-0.3072582483291626,0.0,0.3333333432674408,0.5809522867202759,0.95508873462677,0.9806616902351379,1.0,0.2380952388048172,0.7043074369430542,0.30000001192092896,0.20000000298023224,0.20000000298023224,0.15000000596046448,0.15000000596046448,1.0,1.0,1.0,1.0
complex_fixed_v018_r4,closed_loop,complex,full,1,0.18,False,22.889291071,1785051224.5690556,3.9496001782504884,0.09511372843013552,0.17148301290365137,0.17074725596861404,-0.03861195868303189,4.545954260239091,0.18,-0.36537045724671974,20.0,3.926379161303421,0.06944232899436191,4.936229287343477,0.08676129984719853,5.892753840274856,0.1031755831439492,0.5733422040939331,0.17155985534191132,0.12155985832214355,0.6982063055038452,1.0,1,ROW_FOLLOW,,1.0,62.0,73.0,-0.15759825706481934,-0.02156093716621399,0.0,0.26543813943862915,0.0,-0.30856001377105713,0.0,0.3095238208770752,0.5809522867202759,0.955569863319397,0.9869648218154907,1.0,0.2380952388048172,0.6982063055038452,0.30000001192092896,0.20000000298023224,0.20000000298023224,0.15000000596046448,0.15000000596046448,1.0,1.0,1.0,1.0
complex_fixed_v018_r4,closed_loop,complex,full,1,0.18,False,22.939608616,1785051224.619373,3.95175888086657,0.09540799350755366,0.16934536163400743,0.17320093903875766,-0.0481645330634375,4.548189756056918,0.18,-0.36411588926331806,20.0,3.926379161303421,0.06944232899436191,4.936229287343477,0.08676129984719853,5.892753840274856,0.1031755831439492,0.5733422040939331,0.17155985534191132,0.12155985832214355,0.6982063055038452,1.0,1,ROW_FOLLOW,,1.0,62.0,73.0,-0.15759825706481934,-0.02156093716621399,0.0,0.26543813943862915,0.0,-0.30856001377105713,0.0,0.3095238208770752,0.5809522867202759,0.955569863319397,0.9869648218154907,1.0,0.2380952388048172,0.6982063055038452,0.30000001192092896,0.20000000298023224,0.20000000298023224,0.15000000596046448,0.15000000596046448,1.0,1.0,1.0,1.0
complex_fixed_v018_r4,closed_loop,complex,full,1,0.18,False,22.989249501,1785051224.669014,3.961612982568803,0.10030348785668391,0.16655390897343114,0.16691328291769475,-0.06198219515834545,4.560759657008051,0.18,-0.37654951315427704,20.0,3.940245568538946,0.07115443806427203,4.945099472094779,0.08822885081212983,5.9066258864597385,0.10459269856561233,0.5740921497344971,0.17358364164829254,0.12358364462852478,0.6810147762298584,1.0,1,ROW_FOLLOW,,1.0,62.0,56.0,-0.14966776967048645,-0.024071842432022095,0.0,0.26284486055374146,0.0,-0.31098854541778564,0.0,0.2539682388305664,0.5809522867202759,0.9568198919296265,0.9817994236946106,1.0,0.2380952388048172,0.6810147762298584,0.30000001192092896,0.20000000298023224,0.20000000298023224,0.15000000596046448,0.15000000596046448,1.0,1.0,1.0,1.0
complex_fixed_v018_r4,closed_loop,complex,full,1,0.18,False,23.039544901,1785051224.7193093,3.970403924816381,0.10171108653409605,0.16382720782188318,0.1685281227981924,-0.06792753775427163,4.569686637611921,0.18,-0.38203083178754416,20.0,3.940245568538946,0.07115443806427203,4.945099472094779,0.08822885081212983,5.9066258864597385,0.10459269856561233,0.5740921497344971,0.17358364164829254,0.12358364462852478,0.6810147762298584,1.0,1,ROW_FOLLOW,,1.0,62.0,56.0,-0.14966776967048645,-0.024071842432022095,0.0,0.26284486055374146,0.0,-0.31098854541778564,0.0,0.2539682388305664,0.5809522867202759,0.9568198919296265,0.9817994236946106,1.0,0.2380952388048172,0.6810147762298584,0.30000001192092896,0.20000000298023224,0.20000000298023224,0.15000000596046448,0.15000000596046448,1.0,1.0,1.0,1.0
complex_fixed_v018_r4,closed_loop,complex,full,1,0.18,False,23.089336446,1785051224.769101,3.979535069831823,0.10258910062670418,0.15927617026549343,0.17140007573545832,-0.09071521306705635,4.579138367529856,0.18,-0.3682096005866338,21.0,3.9547348406986416,0.07262018974425305,4.959556718412903,0.09136063301357462,5.970527022787369,0.11794963662764556,0.5728163719177246,0.17021845281124115,0.12021845579147339,0.689171552658081,1.0,1,ROW_FOLLOW,,1.0,69.0,62.0,-0.14069107174873352,-0.027196913957595825,0.0,0.2594922184944153,0.0,-0.31388604640960693,0.0,0.2857142984867096,0.5809522867202759,0.9546939134597778,0.9755198955535889,1.0,0.2380952388048172,0.689171552658081,0.30000001192092896,0.20000000298023224,0.20000000298023224,0.15000000596046448,0.15000000596046448,1.0,1.0,1.0,1.0
complex_fixed_v018_r4,closed_loop,complex,full,1,0.18,False,23.139265404,1785051224.8190298,3.992370863719694,0.10238812262281612,0.1554750110222578,0.1745041267024431,-0.09588667651124054,4.5923615766662005,0.18,-0.36454735433956403,21.0,3.9547348406986416,0.07262018974425305,4.959556718412903,0.09136063301357462,5.970527022787369,0.11794963662764556,0.5728163719177246,0.17021845281124115,0.12021845579147339,0.689171552658081,1.0,1,ROW_FOLLOW,,1.0,69.0,62.0,-0.14069107174873352,-0.027196913957595825,0.0,0.2594922184944153,0.0,-0.31388604640960693,0.0,0.2857142984867096,0.5809522867202759,0.9546939134597778,0.9755198955535889,1.0,0.2380952388048172,0.689171552658081,0.30000001192092896,0.20000000298023224,0.20000000298023224,0.15000000596046448,0.15000000596046448,1.0,1.0,1.0,1.0
complex_fixed_v018_r4,closed_loop,complex,full,1,0.18,False,23.189107607,1785051224.868872,4.001223571672906,0.10349913205985482,0.1479892852571756,0.17436972646654295,-0.13344310018253266,4.601412044109596,0.18,-0.35703089326965254,21.0,3.9720009916998724,0.07285678247097627,4.97183071574514,0.0910211587748309,5.981561007097628,0.1091479507897112,0.5690091252326965,0.1637776643037796,0.11377766728401184,0.7015509605407715,1.0,1,ROW_FOLLOW,,1.0,63.0,56.0,-0.1394437998533249,-0.029598012566566467,0.0,0.25624194741249084,0.0,-0.3154379725456238,0.0,0.3333333432674408,0.5809522867202759,0.9483485221862793,0.9712718725204468,1.0,0.2380952388048172,0.7015509605407715,0.30000001192092896,0.20000000298023224,0.20000000298023224,0.15000000596046448,0.15000000596046448,1.0,1.0,1.0,1.0
complex_fixed_v018_r4,closed_loop,complex,full,1,0.18,False,23.239210841,1785051224.918975,4.00332868440094,0.10354868030102533,0.14180486452258645,0.175097029086008,-0.16785053410530712,4.6036680203914235,0.18,-0.34873641354304735,21.0,3.9720009916998724,0.07285678247097627,4.97183071574514,0.0910211587748309,5.981561007097628,0.1091479507897112,0.5690091252326965,0.1637776643037796,0.11377766728401184,0.7015509605407715,1.0,1,ROW_FOLLOW,,1.0,63.0,56.0,-0.1394437998533249,-0.029598012566566467,0.0,0.25624194741249084,0.0,-0.3154379725456238,0.0,0.3333333432674408,0.5809522867202759,0.9483485221862793,0.9712718725204468,1.0,0.2380952388048172,0.7015509605407715,0.30000001192092896,0.20000000298023224,0.20000000298023224,0.15000000596046448,0.15000000596046448,1.0,1.0,1.0,1.0
complex_fixed_v018_r4,closed_loop,complex,full,1,0.18,False,23.289245978,1785051224.9690104,4.016702796428014,0.1023286914596352,0.1306882061750345,0.18039049162697415,-0.2000255175831426,4.617768942554151,0.18,-0.32898232395179206,20.0,3.989182068283769,0.07267774162913732,4.989044266570119,0.08880098073981285,5.922250879298452,0.10374011520194036,0.5695220232009888,0.16636933386325836,0.1163693368434906,0.7025594711303711,1.0,1,ROW_FOLLOW,,1.0,66.0,68.0,-0.12528498470783234,-0.03266482055187225,0.0,0.2530175447463989,0.0,-0.31834718585014343,0.0,0.3333333432674408,0.5809522867202759,0.949203372001648,0.9768556952476501,1.0,0.2380952388048172,0.7025594711303711,0.30000001192092896,0.20000000298023224,0.20000000298023224,0.15000000596046448,0.15000000596046448,1.0,1.0,1.0,1.0
complex_fixed_v018_r4,closed_loop,complex,full,1,0.18,False,23.339224409,1785051225.0189888,4.025380378956909,0.10323834406849537,0.1223252519410272,0.17944088538311626,-0.20995446137908838,4.6265659147681335,0.18,-0.3241187600132311,20.0,3.989182068283769,0.07267774162913732,4.989044266570119,0.08880098073981285,5.922250879298452,0.10374011520194036,0.5695220232009888,0.16636933386325836,0.1163693368434906,0.7025594711303711,1.0,1,ROW_FOLLOW,,1.0,66.0,68.0,-0.12528498470783234,-0.03266482055187225,0.0,0.2530175447463989,0.0,-0.31834718585014343,0.0,0.3333333432674408,0.5809522867202759,0.949203372001648,0.9768556952476501,1.0,0.2380952388048172,0.7025594711303711,0.30000001192092896,0.20000000298023224,0.20000000298023224,0.15000000596046448,0.15000000596046448,1.0,1.0,1.0,1.0
complex_fixed_v018_r4,closed_loop,complex,full,1,0.18,False,23.38927465,1785051225.069039,4.033657932303363,0.10372403887668058,0.10856560286460581,0.17832315615006716,-0.2252052269165175,4.635089053461396,0.18,-0.32233835919604087,21.0,4.007395175709166,0.07062040992796098,5.007327560939933,0.0818798082653178,6.0090912627986315,0.0914704455808759,0.56944340467453,0.16934500634670258,0.11934500932693481,0.703180193901062,1.0,1,ROW_FOLLOW,,1.0,61.0,62.0,-0.1105913370847702,-0.03483551740646362,0.0,0.25025296211242676,0.0,-0.319923996925354,0.0,0.3333333432674408,0.5809522867202759,0.949072003364563,0.9811692833900452,1.0,0.2380952388048172,0.703180193901062,0.30000001192092896,0.20000000298023224,0.20000000298023224,0.15000000596046448,0.15000000596046448,1.0,1.0,1.0,1.0
complex_fixed_v018_r4,closed_loop,complex,full,1,0.18,False,23.439223832,1785051225.1189883,4.043137791787258,0.10124440263895605,0.10024210486602447,0.1777463617372243,-0.19484438449741195,4.647002972554627,0.18,-0.2999132153860505,21.0,4.007395175709166,0.07062040992796098,5.007327560939933,0.0818798082653178,6.0090912627986315,0.0914704455808759,0.56944340467453,0.16934500634670258,0.11934500932693481,0.703180193901062,1.0,1,ROW_FOLLOW,,1.0,61.0,62.0,-0.1105913370847702,-0.03483551740646362,0.0,0.25025296211242676,0.0,-0.319923996925354,0.0,0.3333333432674408,0.5809522867202759,0.949072003364563,0.9811692833900452,1.0,0.2380952388048172,0.703180193901062,0.30000001192092896,0.20000000298023224,0.20000000298023224,0.15000000596046448,0.15000000596046448,1.0,1.0,1.0,1.0
complex_fixed_v018_r4,closed_loop,complex,full,1,0.18,False,23.489337564,1785051225.1691022,4.053070421246819,0.10159366884750991,0.0868205375625939,0.1761732867484534,-0.23709407347406908,4.657983967711762,0.18,-0.28586655034552233,19.0,4.024341898097046,0.06762416701564208,4.924284831099044,0.07747419574264992,5.924219600713207,0.08860920876539034,0.5696028470993042,0.1698448807001114,0.11984488368034363,0.6894382238388062,1.0,1,ROW_FOLLOW,,1.0,70.0,64.0,-0.08315813541412354,-0.03740893304347992,0.0,0.24770614504814148,0.0,-0.3225240111351013,0.0,0.2857142984867096,0.5809522867202759,0.949337899684906,0.9844390153884888,1.0,0.2380952388048172,0.6894382238388062,0.30000001192092896,0.20000000298023224,0.20000000298023224,0.15000000596046448,0.15000000596046448,1.0,1.0,1.0,1.0
complex_fixed_v018_r4,closed_loop,complex,full,1,0.18,False,23.540008112,1785051225.2197723,4.06509244567669,0.10618043979590586,0.07754941140286899,0.178807058753307,-0.23235258652830676,4.671981670465202,0.18,-0.3060838940295495,19.0,4.024341898097046,0.06762416701564208,4.924284831099044,0.07747419574264992,5.924219600713207,0.08860920876539034,0.5696028470993042,0.1698448807001114,0.11984488368034363,0.6894382238388062,1.0,1,ROW_FOLLOW,,1.0,70.0,64.0,-0.08315813541412354,-0.03740893304347992,0.0,0.24770614504814148,0.0,-0.3225240111351013,0.0,0.2857142984867096,0.5809522867202759,0.949337899684906,0.9844390153884888,1.0,0.2380952388048172,0.6894382238388062,0.30000001192092896,0.20000000298023224,0.20000000298023224,0.15000000596046448,0.15000000596046448,1.0,1.0,1.0,1.0
complex_fixed_v018_r4,closed_loop,complex,full,1,0.18,False,23.589505728,1785051225.2692702,4.0738107882624135,0.10632931085496962,0.06506755649442471,0.18396177447554957,-0.19976428374076924,4.680960724924747,0.18,-0.2958732540619516,21.0,4.045015870744637,0.0660519532655996,5.0449310305109645,0.07842671740149683,6.045539108931314,0.09146823928283812,0.5705193877220154,0.1691754013299942,0.11917540431022644,0.6771889925003052,1.0,1,ROW_FOLLOW,,1.0,75.0,64.0,-0.056049540638923645,-0.04004192352294922,0.0,0.24490970373153687,0.0,-0.3249935507774353,0.0,0.2460317313671112,0.5809522867202759,0.9508655071258545,0.9801058769226074,1.0,0.2380952388048172,0.6771889925003052,0.30000001192092896,0.20000000298023224,0.20000000298023224,0.15000000596046448,0.15000000596046448,1.0,1.0,1.0,1.0
complex_fixed_v018_r4,closed_loop,complex,full,1,0.18,False,23.639178166,1785051225.3189425,4.080984576650315,0.1100636039147812,0.05681674004286473,0.18274800950897335,-0.19769953238157215,4.693841667865912,0.18,-0.3080843659189151,21.0,4.045015870744637,0.0660519532655996,5.0449310305109645,0.07842671740149683,6.045539108931314,0.09146823928283812,0.5705193877220154,0.1691754013299942,0.11917540431022644,0.6771889925003052,1.0,1,ROW_FOLLOW,,1.0,75.0,64.0,-0.056049540638923645,-0.04004192352294922,0.0,0.24490970373153687,0.0,-0.3249935507774353,0.0,0.2460317313671112,0.5809522867202759,0.9508655071258545,0.9801058769226074,1.0,0.2380952388048172,0.6771889925003052,0.30000001192092896,0.20000000298023224,0.20000000298023224,0.15000000596046448,0.15000000596046448,1.0,1.0,1.0,1.0
complex_fixed_v018_r4,closed_loop,complex,full,1,0.18,False,23.690822344,1785051225.3705869,4.089845950500914,0.11027303883373811,0.04534153267744624,0.18649085650337946,-0.19911345794160468,4.702840667100127,0.18,-0.2863463837094812,20.0,4.063833895735019,0.06541829036944961,5.063650419936772,0.08386501160530713,6.023477599711436,0.10787671693532475,0.5684515237808228,0.1539050191640854,0.10390502214431763,0.6870551109313965,1.0,1,ROW_FOLLOW,,1.0,76.0,66.0,-0.027704378589987755,-0.04362155497074127,0.0,0.2415371835231781,0.0,-0.32878029346466064,0.0,0.2857142984867096,0.5809522867202759,0.9474194049835205,0.9711095094680786,1.0,0.2380952388048172,0.6870551109313965,0.30000001192092896,0.20000000298023224,0.20000000298023224,0.15000000596046448,0.15000000596046448,1.0,1.0,1.0,1.0
complex_fixed_v018_r4,closed_loop,complex,full,1,0.18,False,23.73924556,1785051225.4190102,4.100215033930995,0.11646091479954272,0.037868294694928466,0.1803980107600136,-0.18427147369029395,4.717985317048862,0.18,-0.30901689636954555,20.0,4.063833895735019,0.06541829036944961,5.063650419936772,0.08386501160530713,6.023477599711436,0.10787671693532475,0.5684515237808228,0.1539050191640854,0.10390502214431763,0.6870551109313965,1.0,1,ROW_FOLLOW,,1.0,76.0,66.0,-0.027704378589987755,-0.04362155497074127,0.0,0.2415371835231781,0.0,-0.32878029346466064,0.0,0.2857142984867096,0.5809522867202759,0.9474194049835205,0.9711095094680786,1.0,0.2380952388048172,0.6870551109313965,0.30000001192092896,0.20000000298023224,0.20000000298023224,0.15000000596046448,0.15000000596046448,1.0,1.0,1.0,1.0
complex_fixed_v018_r4,closed_loop,complex,full,1,0.18,False,23.789356795,1785051225.4691212,4.109053839465394,0.11628288923952812,0.025056722368348893,0.1798851905043706,-0.22481099751553113,4.72704572567628,0.18,-0.2639677715256117,21.0,4.083021653018842,0.06791370650352409,5.082788543006671,0.08924795587481847,6.083108303764257,0.10731063157099231,0.5685805082321167,0.16466636955738068,0.11466637253761292,0.7016749382019043,1.0,1,ROW_FOLLOW,,1.0,64.0,83.0,-0.012262195348739624,-0.04514685273170471,0.0,0.24013200402259827,0.0,-0.3304257094860077,0.0,0.3333333432674408,0.5809522867202759,0.9476342797279358,0.9730510711669922,1.0,0.2380952388048172,0.7016749382019043,0.30000001192092896,0.20000000298023224,0.20000000298023224,0.15000000596046448,0.15000000596046448,1.0,1.0,1.0,1.0
complex_fixed_v018_r4,closed_loop,complex,full,1,0.18,False,23.841466842,1785051225.5212314,4.1110666433586545,0.11591186837517588,0.016139759664970842,0.17777830482502902,-0.23370325038978546,4.72929751371491,0.18,-0.25002968542883325,21.0,4.083021653018842,0.06791370650352409,5.082788543006671,0.08924795587481847,6.083108303764257,0.10731063157099231,0.5685805082321167,0.16466636955738068,0.11466637253761292,0.7016749382019043,1.0,1,ROW_FOLLOW,,1.0,64.0,83.0,-0.012262195348739624,-0.04514685273170471,0.0,0.24013200402259827,0.0,-0.3304257094860077,0.0,0.3333333432674408,0.5809522867202759,0.9476342797279358,0.9730510711669922,1.0,0.2380952388048172,0.7016749382019043,0.30000001192092896,0.20000000298023224,0.20000000298023224,0.15000000596046448,0.15000000596046448,1.0,1.0,1.0,1.0
complex_fixed_v018_r4,closed_loop,complex,full,1,0.18,False,23.889909867,1785051225.5696743,4.117013139258282,0.12273584739875484,0.0009042083510850675,0.16516471555097118,-0.24430604146984974,4.7462163399767565,0.18,-0.25059504339936645,21.0,4.098404473011919,0.06898700160651407,5.098162408016418,0.09082047632804864,6.106155685316918,0.11041825141413501,0.5701741576194763,0.1672699898481369,0.11726999282836914,0.7032699584960938,1.0,1,ROW_FOLLOW,,1.0,69.0,80.0,0.007900063879787922,-0.04647921025753021,0.0,0.23961439728736877,0.0,-0.3325728178024292,0.0,0.3333333432674408,0.5809522867202759,0.9502902030944824,0.9801430702209473,1.0,0.2380952388048172,0.7032699584960938,0.30000001192092896,0.20000000298023224,0.20000000298023224,0.15000000596046448,0.15000000596046448,1.0,1.0,1.0,1.0
complex_fixed_v018_r4,closed_loop,complex,full,1,0.18,False,23.939132788,1785051225.6188972,4.125687647480087,0.12251291375332385,-0.0068019307049755895,0.16715439563852086,-0.2597618894689991,4.75496079225196,0.18,-0.24418190218523733,21.0,4.098404473011919,0.06898700160651407,5.098162408016418,0.09082047632804864,6.106155685316918,0.11041825141413501,0.5701741576194763,0.1672699898481369,0.11726999282836914,0.7032699584960938,1.0,1,ROW_FOLLOW,,1.0,69.0,80.0,0.007900063879787922,-0.04647921025753021,0.0,0.23961439728736877,0.0,-0.3325728178024292,0.0,0.3333333432674408,0.5809522867202759,0.9502902030944824,0.9801430702209473,1.0,0.2380952388048172,0.7032699584960938,0.30000001192092896,0.20000000298023224,0.20000000298023224,0.15000000596046448,0.15000000596046448,1.0,1.0,1.0,1.0
complex_fixed_v018_r4,closed_loop,complex,full,1,0.18,False,23.98974583,1785051225.6695101,4.131037733980156,0.12143795576989222,-0.025534224439018434,0.16856963473386874,-0.2749200198797509,4.766418989624989,0.18,-0.19247763537866067,20.0,4.113192524815408,0.07204577128179006,5.113012329303,0.09092104841980503,6.046179078411484,0.10845801996291209,0.5715352892875671,0.1683582216501236,0.11835822463035583,0.6947680711746216,1.0,1,ROW_FOLLOW,,1.0,67.0,83.0,0.030847620218992233,-0.04678724706172943,0.0,0.2397160530090332,0.0,-0.33329054713249207,0.0,0.30158731341362,0.5809522867202759,0.9525588750839233,0.9839309453964233,1.0,0.2380952388048172,0.6947680711746216,0.30000001192092896,0.20000000298023224,0.20000000298023224,0.15000000596046448,0.15000000596046448,1.0,1.0,1.0,1.0
complex_fixed_v018_r4,closed_loop,complex,full,1,0.18,False,24.039286264,1785051225.7190506,4.139673073320524,0.12090967942187578,-0.03648347812514173,0.14932591693634992,-0.2658460134089847,4.775168769678884,0.18,-0.17933698922393232,20.0,4.113192524815408,0.07204577128179006,5.113012329303,0.09092104841980503,6.046179078411484,0.10845801996291209,0.5715352892875671,0.1683582216501236,0.11835822463035583,0.6947680711746216,1.0,1,ROW_FOLLOW,,1.0,67.0,83.0,0.030847620218992233,-0.04678724706172943,0.0,0.2397160530090332,0.0,-0.33329054713249207,0.0,0.30158731341362,0.5809522867202759,0.9525588750839233,0.9839309453964233,1.0,0.2380952388048172,0.6947680711746216,0.30000001192092896,0.20000000298023224,0.20000000298023224,0.15000000596046448,0.15000000596046448,1.0,1.0,1.0,1.0
complex_fixed_v018_r4,closed_loop,complex,full,1,0.18,False,24.089233526,1785051225.768998,4.1486967571894535,0.11992535025795366,-0.05250970917583776,0.15463055645904356,-0.2673666248572755,4.784569257171579,0.18,-0.1449685647692837,21.0,4.126248188736432,0.07316737254416561,5.126108342506196,0.08982388121620498,6.125860246803427,0.1054443424962638,0.5719048976898193,0.1679554134607315,0.11795541644096375,0.6899100542068481,1.0,1,ROW_FOLLOW,,1.0,62.0,76.0,0.056362006813287735,-0.04620856046676636,0.0,0.24069008231163025,0.0,-0.33310720324516296,0.0,0.2857142984867096,0.5809522867202759,0.953174889087677,0.9824690222740173,1.0,0.2380952388048172,0.6899100542068481,0.30000001192092896,0.20000000298023224,0.20000000298023224,0.15000000596046448,0.15000000596046448,1.0,1.0,1.0,1.0
complex_fixed_v018_r4,closed_loop,complex,full,1,0.18,False,24.139228438,1785051225.8189929,4.162099296958506,0.11569503571929228,-0.06370730735066713,0.16425987174099566,-0.2684821773358009,4.7993119874347485,0.18,-0.1148682953431806,21.0,4.126248188736432,0.07316737254416561,5.126108342506196,0.08982388121620498,6.125860246803427,0.1054443424962638,0.5719048976898193,0.1679554134607315,0.11795541644096375,0.6899100542068481,1.0,1,ROW_FOLLOW,,1.0,62.0,76.0,0.056362006813287735,-0.04620856046676636,0.0,0.24069008231163025,0.0,-0.33310720324516296,0.0,0.2857142984867096,0.5809522867202759,0.953174889087677,0.9824690222740173,1.0,0.2380952388048172,0.6899100542068481,0.30000001192092896,0.20000000298023224,0.20000000298023224,0.15000000596046448,0.15000000596046448,1.0,1.0,1.0,1.0
complex_fixed_v018_r4,closed_loop,complex,full,1,0.18,False,24.189150803,1785051225.868915,4.170478915920323,0.10713769167933096,-0.07954457243894497,0.17469779505170926,-0.25546126226331944,4.816372118059913,0.18,-0.043480488985198795,21.0,4.143021368000993,0.07392823485450235,5.1429372079848,0.08558741006567268,6.1511870987102455,0.09159363437195206,0.5693601369857788,0.1361268311738968,0.08612683415412903,0.6836332082748413,1.0,1,ROW_FOLLOW,,1.0,66.0,84.0,0.07307539135217667,-0.04402260482311249,0.0,0.24283891916275024,0.0,-0.3308841288089752,0.0,0.277777761220932,0.5809522867202759,0.9489338994026184,0.962151050567627,1.0,0.2380952388048172,0.6836332082748413,0.30000001192092896,0.20000000298023224,0.20000000298023224,0.15000000596046448,0.15000000596046448,1.0,1.0,1.0,1.0
complex_fixed_v018_r4,closed_loop,complex,full,1,0.18,False,24.240432442,1785051225.9201968,4.179727475016923,0.10611346046199988,-0.0889767417977474,0.17603486687585207,-0.22059255800601502,4.825761661330413,0.18,-0.029169450100949144,21.0,4.143021368000993,0.07392823485450235,5.1429372079848,0.08558741006567268,6.1511870987102455,0.09159363437195206,0.5693601369857788,0.1361268311738968,0.08612683415412903,0.6836332082748413,1.0,1,ROW_FOLLOW,,1.0,66.0,84.0,0.07307539135217667,-0.04402260482311249,0.0,0.24283891916275024,0.0,-0.3308841288089752,0.0,0.277777761220932,0.5809522867202759,0.9489338994026184,0.962151050567627,1.0,0.2380952388048172,0.6836332082748413,0.30000001192092896,0.20000000298023224,0.20000000298023224,0.15000000596046448,0.15000000596046448,1.0,1.0,1.0,1.0
complex_fixed_v018_r4,closed_loop,complex,full,1,0.18,False,24.289524574,1785051225.969289,4.1881210215426785,0.1048092367542743,-0.1021309465410507,0.1781492195056668,-0.19960529720634515,4.834523446121754,0.18,-0.03165970123117769,21.0,4.160712803301323,0.07089419297993768,5.160670098754339,0.07547202214739278,6.160627451732638,0.0800498449275418,0.5698897242546082,0.15048660337924957,0.10048660635948181,0.6951491832733154,1.0,1,ROW_FOLLOW,,1.0,64.0,84.0,0.08883105963468552,-0.03953193128108978,0.0,0.24746158719062805,0.0,-0.3265254497528076,0.0,0.3333333432674408,0.5547617673873901,0.9498159289360046,0.9615575075149536,1.0,0.190476194024086,0.6951491832733154,0.30000001192092896,0.20000000298023224,0.20000000298023224,0.15000000596046448,0.15000000596046448,1.0,1.0,1.0,1.0
complex_fixed_v018_r4,closed_loop,complex,full,1,0.18,False,24.339254678,1785051226.0190191,4.199080154159211,0.09538162771535963,-0.10856658230459003,0.1833525190591276,-0.1442203841013109,4.852169338414247,0.18,0.029918085668181296,21.0,4.160712803301323,0.07089419297993768,5.160670098754339,0.07547202214739278,6.160627451732638,0.0800498449275418,0.5698897242546082,0.15048660337924957,0.10048660635948181,0.6951491832733154,1.0,1,ROW_FOLLOW,,1.0,64.0,84.0,0.08883105963468552,-0.03953193128108978,0.0,0.24746158719062805,0.0,-0.3265254497528076,0.0,0.3333333432674408,0.5547617673873901,0.9498159289360046,0.9615575075149536,1.0,0.190476194024086,0.6951491832733154,0.30000001192092896,0.20000000298023224,0.20000000298023224,0.15000000596046448,0.15000000596046448,1.0,1.0,1.0,1.0
complex_fixed_v018_r4,closed_loop,complex,full,1,0.18,False,24.389367002,1785051226.0691316,4.208090024067721,0.09400502175215203,-0.1173345282217481,0.18304275878181464,-0.145077953805258,4.861438102256317,0.18,0.012733987202010959,21.0,4.180006261262793,0.06708003111543505,5.179887045693969,0.05801449066761045,6.179767859185685,0.04894894361587806,0.5694482922554016,0.16010494530200958,0.11010494828224182,0.6944071054458618,1.0,1,ROW_FOLLOW,,1.0,34.0,78.0,0.0851246640086174,-0.0321711003780365,0.0,0.25475233793258667,0.0,-0.31909453868865967,0.0,0.3333333432674408,0.5547617673873901,0.9490804076194763,0.9575907588005066,1.0,0.190476194024086,0.6944071054458618,0.30000001192092896,0.20000000298023224,0.20000000298023224,0.15000000596046448,0.15000000596046448,1.0,1.0,1.0,1.0
complex_fixed_v018_r4,closed_loop,complex,full,1,0.18,False,24.439184884,1785051226.1189494,4.208762577526437,0.09367541095781759,-0.12228274269097562,0.18235225523077814,-0.11911062457683391,4.862289716645151,0.18,0.02147172399561602,21.0,4.180006261262793,0.06708003111543505,5.179887045693969,0.05801449066761045,6.179767859185685,0.04894894361587806,0.5694482922554016,0.16010494530200958,0.11010494828224182,0.6944071054458618,1.0,1,ROW_FOLLOW,,1.0,34.0,78.0,0.0851246640086174,-0.0321711003780365,0.0,0.25475233793258667,0.0,-0.31909453868865967,0.0,0.3333333432674408,0.5547617673873901,0.9490804076194763,0.9575907588005066,1.0,0.190476194024086,0.6944071054458618,0.30000001192092896,0.20000000298023224,0.20000000298023224,0.15000000596046448,0.15000000596046448,1.0,1.0,1.0,1.0
complex_fixed_v018_r4,closed_loop,complex,full,1,0.18,False,24.49078362,1785051226.170548,4.224936438184187,0.08787762336677568,-0.13016459613456272,0.181813029310493,-0.14624526409151142,4.879988838951569,0.18,0.03492475663648434,20.0,4.19517178726052,0.06646809234674157,5.194760026790498,0.042173284920129894,6.1276933841113435,0.018906484723472897,0.5702382326126099,0.16378434002399445,0.11378434300422668,0.6842821836471558,1.0,1,ROW_FOLLOW,,1.0,34.0,85.0,0.08264493197202682,-0.02389676868915558,0.0,0.2627609968185425,0.0,-0.31055453419685364,0.0,0.3333333432674408,0.5023808479309082,0.9503968358039856,0.9581777453422546,1.0,0.095238097012043,0.6842821836471558,0.30000001192092896,0.20000000298023224,0.20000000298023224,0.15000000596046448,0.15000000596046448,1.0,1.0,1.0,1.0
complex_fixed_v018_r4,closed_loop,complex,full,1,0.18,False,24.539657955,1785051226.2194226,4.2336544793671536,0.08659126805251537,-0.1352074769419565,0.18419322955648806,-0.11478093398578156,4.888846834803824,0.18,0.0451055093702078,20.0,4.19517178726052,0.06646809234674157,5.194760026790498,0.042173284920129894,6.1276933841113435,0.018906484723472897,0.5702382326126099,0.16378434002399445,0.11378434300422668,0.6842821836471558,1.0,1,ROW_FOLLOW,,1.0,34.0,85.0,0.08264493197202682,-0.02389676868915558,0.0,0.2627609968185425,0.0,-0.31055453419685364,0.0,0.3333333432674408,0.5023808479309082,0.9503968358039856,0.9581777453422546,1.0,0.095238097012043,0.6842821836471558,0.30000001192092896,0.20000000298023224,0.20000000298023224,0.15000000596046448,0.15000000596046448,1.0,1.0,1.0,1.0
complex_fixed_v018_r4,closed_loop,complex,full,1,0.18,False,24.589319129,1785051226.2690837,4.240962548399897,0.08783308159805003,-0.1412326270614543,0.18406685487272365,-0.09799583303960044,4.901090908921557,0.18,0.04042048072180883,20.0,4.213000084443669,0.06695286130835203,5.212398996669074,0.03290185536259337,6.178475912396675,-0.000280051121322681,0.5704483985900879,0.16777636110782623,0.11777636408805847,0.686514139175415,1.0,1,ROW_FOLLOW,,1.0,31.0,79.0,0.10332457721233368,-0.018612250685691833,0.0,0.26759442687034607,0.0,-0.30481892824172974,0.0,0.3333333432674408,0.5023808479309082,0.9507471919059753,0.9725900292396545,1.0,0.095238097012043,0.686514139175415,0.30000001192092896,0.20000000298023224,0.20000000298023224,0.15000000596046448,0.15000000596046448,1.0,1.0,1.0,1.0
complex_fixed_v018_r4,closed_loop,complex,full,1,0.18,False,24.63963677,1785051226.3194013,4.249790206963042,0.08646670725177619,-0.14513003075721814,0.1836913093278285,-0.07825174140528418,4.91005880517959,0.18,0.04790435867614268,20.0,4.213000084443669,0.06695286130835203,5.212398996669074,0.03290185536259337,6.178475912396675,-0.000280051121322681,0.5704483985900879,0.16777636110782623,0.11777636408805847,0.686514139175415,1.0,1,ROW_FOLLOW,,1.0,31.0,79.0,0.10332457721233368,-0.018612250685691833,0.0,0.26759442687034607,0.0,-0.30481892824172974,0.0,0.3333333432674408,0.5023808479309082,0.9507471919059753,0.9725900292396545,1.0,0.095238097012043,0.686514139175415,0.30000001192092896,0.20000000298023224,0.20000000298023224,0.15000000596046448,0.15000000596046448,1.0,1.0,1.0,1.0
complex_fixed_v018_r4,closed_loop,complex,full,1,0.18,False,24.689883306,1785051226.3696475,4.257757413844603,0.08774405803003398,-0.1504781143668872,0.18299212942357013,-0.0778874682082039,4.921268321878979,0.18,0.0946629707227974,20.0,4.2302277745731285,0.06831654667865855,5.234731789929782,0.04531392331619827,6.22923603109565,0.022241627089471278,0.5713074207305908,0.16891802847385406,0.1189180314540863,0.6749595403671265,1.0,1,ROW_FOLLOW,,1.0,32.0,70.0,0.15389402210712433,-0.019169896841049194,0.0,0.267325758934021,0.0,-0.3056655526161194,0.0,0.2857142984867096,0.5023808479309082,0.9521788358688354,0.988888680934906,1.0,0.095238097012043,0.6749595403671265,0.30000001192092896,0.20000000298023224,0.20000000298023224,0.15000000596046448,0.15000000596046448,1.0,1.0,1.0,1.0
complex_fixed_v018_r4,closed_loop,complex,full,1,0.18,False,24.739220918,1785051226.4189851,4.266619268679327,0.08629452837327611,-0.15436789092357908,0.17445412942469196,-0.10407356879024111,4.930282769900984,0.18,0.08871106230080712,20.0,4.2302277745731285,0.06831654667865855,5.234731789929782,0.04531392331619827,6.22923603109565,0.022241627089471278,0.5713074207305908,0.16891802847385406,0.1189180314540863,0.6749595403671265,1.0,1,ROW_FOLLOW,,1.0,32.0,70.0,0.15389402210712433,-0.019169896841049194,0.0,0.267325758934021,0.0,-0.3056655526161194,0.0,0.2857142984867096,0.5023808479309082,0.9521788358688354,0.988888680934906,1.0,0.095238097012043,0.6749595403671265,0.30000001192092896,0.20000000298023224,0.20000000298023224,0.15000000596046448,0.15000000596046448,1.0,1.0,1.0,1.0
complex_fixed_v018_r4,closed_loop,complex,full,1,0.18,False,24.789257687,1785051226.4690223,4.275463956712989,0.08469282638090113,-0.15972367476845142,0.1755473977035713,-0.09098358001689563,4.939366304986403,0.18,0.14294463510909075,21.0,4.250138930624079,0.06615294332093312,5.254700535290164,0.06973745235901332,6.266059384843217,0.1386762489643509,0.572242259979248,0.16786642372608185,0.11786642670631409,0.6599594354629517,1.0,1,ROW_FOLLOW,,1.0,29.0,56.0,0.19414949417114258,-0.02303221821784973,0.0,0.2636629343032837,0.0,-0.30972737073898315,0.0,0.2380952388048172,0.5023808479309082,0.9537370800971985,0.982048511505127,1.0,0.095238097012043,0.6599594354629517,0.30000001192092896,0.20000000298023224,0.20000000298023224,0.15000000596046448,0.15000000596046448,1.0,1.0,1.0,1.0
complex_fixed_v018_r4,closed_loop,complex,full,1,0.18,False,24.839129619,1785051226.5188942,4.280906674231074,0.0868152907800352,-0.16318885424056487,0.16774589849940016,-0.07444857180504597,4.952620192169362,0.18,0.13402571781868952,21.0,4.250138930624079,0.06615294332093312,5.254700535290164,0.06973745235901332,6.266059384843217,0.1386762489643509,0.572242259979248,0.16786642372608185,0.11786642670631409,0.6599594354629517,1.0,1,ROW_FOLLOW,,1.0,29.0,56.0,0.19414949417114258,-0.02303221821784973,0.0,0.2636629343032837,0.0,-0.30972737073898315,0.0,0.2380952388048172,0.5023808479309082,0.9537370800971985,0.982048511505127,1.0,0.095238097012043,0.6599594354629517,0.30000001192092896,0.20000000298023224,0.20000000298023224,0.15000000596046448,0.15000000596046448,1.0,1.0,1.0,1.0
complex_fixed_v018_r4,closed_loop,complex,full,1,0.18,False,24.889254423,1785051226.5690188,4.286183565770056,0.08728413991446068,-0.1675184049905409,0.16226198116984333,-0.050276096266742565,4.965002499601855,0.18,0.17824097389067486,21.0,4.266659653741309,0.06325655629262367,5.270798592147579,0.09843874225327338,6.272471298867581,0.15972627071749698,0.5723119974136353,0.16645772755146027,0.1164577305316925,0.6594091653823853,1.0,1,ROW_FOLLOW,,1.0,30.0,46.0,0.2255108803510666,-0.02757754921913147,0.0,0.25920572876930237,0.0,-0.3143608272075653,0.0,0.2380952388048172,0.5023808479309082,0.9538533091545105,0.9782249927520752,1.0,0.095238097012043,0.6594091653823853,0.30000001192092896,0.20000000298023224,0.20000000298023224,0.15000000596046448,0.15000000596046448,1.0,1.0,1.0,1.0
complex_fixed_v018_r4,closed_loop,complex,full,1,0.18,False,24.93952816,1785051226.6192927,4.295010896140321,0.08573203818304809,-0.16914635665462185,0.16352345836360188,-0.05812691553102202,4.973979150489937,0.18,0.1856994102125814,21.0,4.266659653741309,0.06325655629262367,5.270798592147579,0.09843874225327338,6.272471298867581,0.15972627071749698,0.5723119974136353,0.16645772755146027,0.1164577305316925,0.6594091653823853,1.0,1,ROW_FOLLOW,,1.0,30.0,46.0,0.2255108803510666,-0.02757754921913147,0.0,0.25920572876930237,0.0,-0.3143608272075653,0.0,0.2380952388048172,0.5023808479309082,0.9538533091545105,0.9782249927520752,1.0,0.095238097012043,0.6594091653823853,0.30000001192092896,0.20000000298023224,0.20000000298023224,0.15000000596046448,0.15000000596046448,1.0,1.0,1.0,1.0
complex_fixed_v018_r4,closed_loop,complex,full,1,0.18,False,24.989585889,1785051226.6693504,4.3100909664008045,0.08399161712814529,-0.17171112193996238,0.1667507107963538,-0.027477003840526683,4.989248590548164,0.0,0.0,0.0,nan,nan,nan,nan,nan,nan,0.0,0.0,-0.05000000074505806,0.0,0.0,1,ROW_FOLLOW,WAITING_FOR_CENTERLINE,0.0,0.0,0.0,0.0,0.0,0.0,0.0,0.0,0.0,1.0,0.0,0.0,0.0,0.0,0.0,0.0,0.0,0.30000001192092896,0.20000000298023224,0.20000000298023224,0.15000000596046448,0.15000000596046448,1.0,1.0,1.0,1.0
complex_fixed_v018_r4,closed_loop,complex,full,1,0.18,False,25.039121844,1785051226.7188861,4.318732767840571,0.08246504270456038,-0.17258750015803154,0.17360113039002945,-0.008640081418058339,4.998032035075666,0.0,0.0,0.0,nan,nan,nan,nan,nan,nan,0.0,0.0,-0.05000000074505806,0.0,0.0,1,ROW_FOLLOW,WAITING_FOR_CENTERLINE,0.0,0.0,0.0,0.0,0.0,0.0,0.0,0.0,0.0,1.0,0.0,0.0,0.0,0.0,0.0,0.0,0.0,0.30000001192092896,0.20000000298023224,0.20000000298023224,0.15000000596046448,0.15000000596046448,1.0,1.0,1.0,1.0
complex_fixed_v018_r4,closed_loop,complex,full,1,0.18,False,25.089164981,1785051226.7689292,4.329595380639928,0.08009492309357952,-0.17417017704408136,0.18469021778972192,-0.02047449880436965,5.0091969523604645,0.0,0.0,0.0,nan,nan,nan,nan,nan,nan,0.0,0.0,-0.05000000074505806,0.0,0.0,1,ROW_FOLLOW,WAITING_FOR_CENTERLINE,0.0,0.0,0.0,0.0,0.0,0.0,0.0,0.0,0.0,2.0,0.0,0.0,0.0,0.0,0.0,0.0,0.0,0.30000001192092896,0.20000000298023224,0.20000000298023224,0.15000000596046448,0.15000000596046448,1.0,1.0,1.0,1.0
complex_fixed_v018_r4,closed_loop,complex,full,1,0.18,False,25.139788104,1785051226.8195524,4.336843839920236,0.07877915903929963,-0.17569712028176762,0.18182992504611165,-0.05226950557363528,5.016577035650733,0.0,0.0,0.0,nan,nan,nan,nan,nan,nan,0.0,0.0,-0.05000000074505806,0.0,0.0,1,ROW_FOLLOW,WAITING_FOR_CENTERLINE,0.0,0.0,0.0,0.0,0.0,0.0,0.0,0.0,0.0,2.0,0.0,0.0,0.0,0.0,0.0,0.0,0.0,0.30000001192092896,0.20000000298023224,0.20000000298023224,0.15000000596046448,0.15000000596046448,1.0,1.0,1.0,1.0
complex_fixed_v018_r4,closed_loop,complex,full,1,0.18,False,25.197336043,1785051226.8771005,4.3449820578359155,0.07376191158561898,-0.17826836054323714,0.1677941272627081,-0.030619766306012947,5.027395218128769,0.0,0.0,0.0,nan,nan,nan,nan,nan,nan,0.0,0.0,-0.05000000074505806,0.0,0.0,1,ROW_FOLLOW,WAITING_FOR_CENTERLINE,0.0,0.0,0.0,0.0,0.0,0.0,0.0,0.0,0.0,3.0,0.0,0.0,0.0,0.0,0.0,0.0,0.0,0.30000001192092896,0.20000000298023224,0.20000000298023224,0.15000000596046448,0.15000000596046448,1.0,1.0,1.0,1.0
complex_fixed_v018_r4,closed_loop,complex,full,1,0.18,False,25.239167861,1785051226.9189322,4.351069930966791,0.07264672587353048,-0.179117685034492,0.16283833458270455,-0.021265952705488603,5.033590322903698,0.0,0.0,0.0,nan,nan,nan,nan,nan,nan,0.0,0.0,-0.05000000074505806,0.0,0.0,1,ROW_FOLLOW,WAITING_FOR_CENTERLINE,0.0,0.0,0.0,0.0,0.0,0.0,0.0,0.0,0.0,3.0,0.0,0.0,0.0,0.0,0.0,0.0,0.0,0.30000001192092896,0.20000000298023224,0.20000000298023224,0.15000000596046448,0.15000000596046448,1.0,1.0,1.0,1.0
complex_fixed_v018_r4,closed_loop,complex,full,1,0.18,False,25.289142261,1785051226.9689066,4.35527207057523,0.07127227658024493,-0.18038111021286524,0.1531462545069741,-0.008785720546178136,5.038025969768609,0.0,0.0,0.0,nan,nan,nan,nan,nan,nan,0.0,0.0,-0.05000000074505806,0.0,0.0,1,ROW_FOLLOW,WAITING_FOR_CENTERLINE,0.0,0.0,0.0,0.0,0.0,0.0,0.0,0.0,0.0,4.0,0.0,0.0,0.0,0.0,0.0,0.0,0.0,0.30000001192092896,0.20000000298023224,0.20000000298023224,0.15000000596046448,0.15000000596046448,1.0,1.0,1.0,1.0
complex_fixed_v018_r4,closed_loop,complex,full,1,0.18,False,25.339194134,1785051227.0189586,4.360036398227243,0.0711774086037465,-0.18093718612660625,0.12968571389192682,-0.012883582182653203,5.042982699930066,0.0,0.0,0.0,nan,nan,nan,nan,nan,nan,0.0,0.0,-0.05000000074505806,0.0,0.0,1,ROW_FOLLOW,WAITING_FOR_CENTERLINE,0.0,0.0,0.0,0.0,0.0,0.0,0.0,0.0,0.0,4.0,0.0,0.0,0.0,0.0,0.0,0.0,0.0,0.30000001192092896,0.20000000298023224,0.20000000298023224,0.15000000596046448,0.15000000596046448,1.0,1.0,1.0,1.0
complex_fixed_v018_r4,closed_loop,complex,full,1,0.18,False,25.389295226,1785051227.0690596,4.36402337743595,0.07042073091239864,-0.18225418458646425,0.1206864851365426,-0.007701346021515969,5.047055609963939,0.0,0.0,0.0,nan,nan,nan,nan,nan,nan,0.0,0.0,-0.05000000074505806,0.0,0.0,1,ROW_FOLLOW,WAITING_FOR_CENTERLINE,0.0,0.0,0.0,0.0,0.0,0.0,0.0,0.0,0.0,5.0,0.0,0.0,0.0,0.0,0.0,0.0,0.0,0.30000001192092896,0.20000000298023224,0.20000000298023224,0.15000000596046448,0.15000000596046448,1.0,1.0,1.0,1.0
complex_fixed_v018_r4,closed_loop,complex,full,1,0.18,False,25.439275034,1785051227.1190395,4.367015027691271,0.06994266332800471,-0.1826405374197111,0.09849338653939951,-0.013359866679729318,5.051181080250961,0.0,0.0,0.0,nan,nan,nan,nan,nan,nan,0.0,0.0,-0.05000000074505806,0.0,0.0,1,ROW_FOLLOW,WAITING_FOR_CENTERLINE,0.0,0.0,0.0,0.0,0.0,0.0,0.0,0.0,0.0,5.0,0.0,0.0,0.0,0.0,0.0,0.0,0.0,0.30000001192092896,0.20000000298023224,0.20000000298023224,0.15000000596046448,0.15000000596046448,1.0,1.0,1.0,1.0
complex_fixed_v018_r4,closed_loop,complex,full,1,0.18,False,25.49054992,1785051227.1703143,4.368588000552305,0.0699980378471229,-0.18293923862340472,0.0902742613068684,-0.0010793926939696827,5.055889174702331,0.0,0.0,0.0,nan,nan,nan,nan,nan,nan,0.0,0.0,-0.05000000074505806,0.0,0.0,0,ROW_FOLLOW,WAITING_FOR_CENTERLINE,0.0,0.0,0.0,0.0,0.0,0.0,0.0,0.0,0.0,0.0,0.0,0.0,0.0,0.0,0.0,0.0,0.0,0.30000001192092896,0.20000000298023224,0.20000000298023224,0.15000000596046448,0.15000000596046448,1.0,1.0,1.0,1.0
complex_fixed_v018_r4,closed_loop,complex,full,1,0.18,False,25.539109621,1785051227.2188742,4.371257434597283,0.06950103754826728,-0.18321237666931994,0.07345119254520481,-0.014186273817197238,5.058605327344115,0.0,0.0,0.0,nan,nan,nan,nan,nan,nan,0.0,0.0,-0.05000000074505806,0.0,0.0,0,ROW_FOLLOW,WAITING_FOR_CENTERLINE,0.0,0.0,0.0,0.0,0.0,0.0,0.0,0.0,0.0,0.0,0.0,0.0,0.0,0.0,0.0,0.0,0.0,0.30000001192092896,0.20000000298023224,0.20000000298023224,0.15000000596046448,0.15000000596046448,1.0,1.0,1.0,1.0
complex_fixed_v018_r4,closed_loop,complex,full,1,0.18,False,25.5895673,1785051227.2693317,4.37275766899584,0.06902636299482623,-0.18397338223307982,0.0660249824375611,-0.01651767879136912,5.060560949276216,0.0,0.0,0.0,nan,nan,nan,nan,nan,nan,0.0,0.0,-0.05000000074505806,0.0,0.0,0,ROW_FOLLOW,WAITING_FOR_CENTERLINE,0.0,0.0,0.0,0.0,0.0,0.0,0.0,0.0,0.0,1.0,0.0,0.0,0.0,0.0,0.0,0.0,0.0,0.30000001192092896,0.20000000298023224,0.20000000298023224,0.15000000596046448,0.15000000596046448,1.0,1.0,1.0,1.0
complex_fixed_v018_r4,closed_loop,complex,full,1,0.18,False,25.639158456,1785051227.3189228,4.374752563847937,0.06865244297372555,-0.1840452870964301,0.04912023041441934,0.014195695878200514,5.062590757968796,0.0,0.0,0.0,nan,nan,nan,nan,nan,nan,0.0,0.0,-0.05000000074505806,0.0,0.0,0,ROW_FOLLOW,WAITING_FOR_CENTERLINE,0.0,0.0,0.0,0.0,0.0,0.0,0.0,0.0,0.0,1.0,0.0,0.0,0.0,0.0,0.0,0.0,0.0,0.30000001192092896,0.20000000298023224,0.20000000298023224,0.15000000596046448,0.15000000596046448,1.0,1.0,1.0,1.0
complex_fixed_v018_r4,closed_loop,complex,full,1,0.18,False,25.689218554,1785051227.368983,4.374399916479261,0.06921172855709617,-0.18434124781758768,0.032135601978960475,0.01080415428704541,5.066712094311665,0.0,0.0,0.0,nan,nan,nan,nan,nan,nan,0.0,0.0,-0.05000000074505806,0.0,0.0,0,ROW_FOLLOW,WAITING_FOR_CENTERLINE,0.0,0.0,0.0,0.0,0.0,0.0,0.0,0.0,0.0,2.0,0.0,0.0,0.0,0.0,0.0,0.0,0.0,0.30000001192092896,0.20000000298023224,0.20000000298023224,0.15000000596046448,0.15000000596046448,1.0,1.0,1.0,1.0
complex_fixed_v018_r4,closed_loop,complex,full,1,0.18,False,25.739180409,1785051227.4189448,4.375628170042671,0.06898217444153362,-0.1843739705201109,0.029850881879019346,0.02160393791792879,5.06796221153135,0.0,0.0,0.0,nan,nan,nan,nan,nan,nan,0.0,0.0,-0.05000000074505806,0.0,0.0,0,ROW_FOLLOW,WAITING_FOR_CENTERLINE,0.0,0.0,0.0,0.0,0.0,0.0,0.0,0.0,0.0,2.0,0.0,0.0,0.0,0.0,0.0,0.0,0.0,0.30000001192092896,0.20000000298023224,0.20000000298023224,0.15000000596046448,0.15000000596046448,1.0,1.0,1.0,1.0
complex_fixed_v018_r4,closed_loop,complex,full,1,0.18,False,25.789154425,1785051227.4689188,4.376469036450728,0.06882054163000395,-0.1852571039666229,0.024491549527209,-0.010883482859615873,5.0688213493770276,0.0,0.0,0.0,nan,nan,nan,nan,nan,nan,0.0,0.0,-0.05000000074505806,0.0,0.0,0,ROW_FOLLOW,WAITING_FOR_CENTERLINE,0.0,0.0,0.0,0.0,0.0,0.0,0.0,0.0,0.0,3.0,0.0,0.0,0.0,0.0,0.0,0.0,0.0,0.30000001192092896,0.20000000298023224,0.20000000298023224,0.15000000596046448,0.15000000596046448,1.0,1.0,1.0,1.0
complex_fixed_v018_r4,closed_loop,complex,full,1,0.18,False,25.839177242,1785051227.5189416,4.3773425696252115,0.06852240429204669,-0.18558145198946402,0.01483768512690875,0.01105261692423229,5.069782850896644,0.0,0.0,0.0,nan,nan,nan,nan,nan,nan,0.0,0.0,-0.05000000074505806,0.0,0.0,0,ROW_FOLLOW,WAITING_FOR_CENTERLINE,0.0,0.0,0.0,0.0,0.0,0.0,0.0,0.0,0.0,3.0,0.0,0.0,0.0,0.0,0.0,0.0,0.0,0.30000001192092896,0.20000000298023224,0.20000000298023224,0.15000000596046448,0.15000000596046448,1.0,1.0,1.0,1.0
complex_fixed_v018_r4,closed_loop,complex,full,1,0.18,False,25.889291262,1785051227.5690558,4.378521923118499,0.06665042247184667,-0.18747102966276194,0.008275350317377356,-0.004041116577452136,5.072147649328134,0.0,0.0,0.0,nan,nan,nan,nan,nan,nan,0.0,0.0,-0.05000000074505806,0.0,0.0,0,ROW_FOLLOW,WAITING_FOR_CENTERLINE,0.0,0.0,0.0,0.0,0.0,0.0,0.0,0.0,0.0,4.0,0.0,0.0,0.0,0.0,0.0,0.0,0.0,0.30000001192092896,0.20000000298023224,0.20000000298023224,0.15000000596046448,0.15000000596046448,1.0,1.0,1.0,1.0
complex_fixed_v018_r4,closed_loop,complex,full,1,0.18,False,25.939666793,1785051227.6194313,4.380393624160102,0.06642677535178955,-0.18816621443901624,0.005113021131402456,-0.01724368889229523,5.074033797345252,0.0,0.0,0.0,nan,nan,nan,nan,nan,nan,0.0,0.0,-0.05000000074505806,0.0,0.0,0,ROW_FOLLOW,WAITING_FOR_CENTERLINE,0.0,0.0,0.0,0.0,0.0,0.0,0.0,0.0,0.0,4.0,0.0,0.0,0.0,0.0,0.0,0.0,0.0,0.30000001192092896,0.20000000298023224,0.20000000298023224,0.15000000596046448,0.15000000596046448,1.0,1.0,1.0,1.0
complex_fixed_v018_r4,closed_loop,complex,full,1,0.18,False,25.98927507,1785051227.6690397,4.38044326361634,0.06641642615369538,-0.18919483941763815,0.003760210961035014,-0.0017232771403567454,5.074085332176575,0.0,0.0,0.0,nan,nan,nan,nan,nan,nan,0.0,0.0,-0.05000000074505806,0.0,0.0,1,ROW_FOLLOW,WAITING_FOR_CENTERLINE,0.0,0.0,0.0,0.0,0.0,0.0,0.0,0.0,0.0,5.0,0.0,0.0,0.0,0.0,0.0,0.0,0.0,0.30000001192092896,0.20000000298023224,0.20000000298023224,0.15000000596046448,0.15000000596046448,1.0,1.0,1.0,1.0
complex_fixed_v018_r4,closed_loop,complex,full,1,0.18,False,26.039701643,1785051227.719466,4.380305362937009,0.06644280078862448,-0.1892764631775843,0.0001155596430876951,0.0008288167968697036,5.074225793404784,0.0,0.0,0.0,nan,nan,nan,nan,nan,nan,0.0,0.0,-0.05000000074505806,0.0,0.0,1,ROW_FOLLOW,WAITING_FOR_CENTERLINE,0.0,0.0,0.0,0.0,0.0,0.0,0.0,0.0,0.0,5.0,0.0,0.0,0.0,0.0,0.0,0.0,0.0,0.30000001192092896,0.20000000298023224,0.20000000298023224,0.15000000596046448,0.15000000596046448,1.0,1.0,1.0,1.0
complex_fixed_v018_r4,closed_loop,complex,full,1,0.18,False,26.090088791,1785051227.769853,4.381160274618882,0.06484126580199907,-0.18925740081224787,-0.00031291074712617214,0.0020820974948308852,5.076041249102287,0.0,0.0,0.0,nan,nan,nan,nan,nan,nan,0.0,0.0,-0.05000000074505806,0.0,0.0,0,ROW_FOLLOW,WAITING_FOR_CENTERLINE,0.0,0.0,0.0,0.0,0.0,0.0,0.0,0.0,0.0,0.0,0.0,0.0,0.0,0.0,0.0,0.0,0.0,0.30000001192092896,0.20000000298023224,0.20000000298023224,0.15000000596046448,0.15000000596046448,1.0,1.0,1.0,1.0
complex_fixed_v018_r4,closed_loop,complex,full,1,0.18,False,26.139251646,1785051227.8190162,4.381160274618882,0.06484126580199907,-0.18926685690616374,-0.003154736759962622,0.0009000470952590163,5.076041249102287,0.0,0.0,0.0,nan,nan,nan,nan,nan,nan,0.0,0.0,-0.05000000074505806,0.0,0.0,0,ROW_FOLLOW,WAITING_FOR_CENTERLINE,0.0,0.0,0.0,0.0,0.0,0.0,0.0,0.0,0.0,0.0,0.0,0.0,0.0,0.0,0.0,0.0,0.0,0.30000001192092896,0.20000000298023224,0.20000000298023224,0.15000000596046448,0.15000000596046448,1.0,1.0,1.0,1.0
complex_fixed_v018_r4,closed_loop,complex,full,1,0.18,False,26.189108122,1785051227.8688724,4.384745895407457,0.06607579631357434,-0.1892834559479573,-0.006648120899066846,0.0020857587202847837,5.079833443984341,0.0,0.0,0.0,nan,nan,nan,nan,nan,nan,0.0,0.0,-0.05000000074505806,0.0,0.0,0,ROW_FOLLOW,WAITING_FOR_CENTERLINE,0.0,0.0,0.0,0.0,0.0,0.0,0.0,0.0,0.0,1.0,0.0,0.0,0.0,0.0,0.0,0.0,0.0,0.30000001192092896,0.20000000298023224,0.20000000298023224,0.15000000596046448,0.15000000596046448,1.0,1.0,1.0,1.0
complex_fixed_v018_r4,closed_loop,complex,full,1,0.18,False,26.239722157,1785051227.9194865,4.384745895407457,0.06607579631357434,-0.1892807199982981,0.0018383266531443179,0.0007844622892143769,5.079833443984341,0.0,0.0,0.0,nan,nan,nan,nan,nan,nan,0.0,0.0,-0.05000000074505806,0.0,0.0,0,ROW_FOLLOW,WAITING_FOR_CENTERLINE,0.0,0.0,0.0,0.0,0.0,0.0,0.0,0.0,0.0,1.0,0.0,0.0,0.0,0.0,0.0,0.0,0.0,0.30000001192092896,0.20000000298023224,0.20000000298023224,0.15000000596046448,0.15000000596046448,1.0,1.0,1.0,1.0
complex_fixed_v018_r4,closed_loop,complex,full,1,0.18,False,26.289187101,1785051227.9689515,4.38644379013159,0.06737932496652593,-0.1892696068119775,0.005769169533983735,0.001237737331290478,5.081974012470352,0.0,0.0,0.0,nan,nan,nan,nan,nan,nan,0.0,0.0,-0.05000000074505806,0.0,0.0,0,ROW_FOLLOW,WAITING_FOR_CENTERLINE,0.0,0.0,0.0,0.0,0.0,0.0,0.0,0.0,0.0,2.0,0.0,0.0,0.0,0.0,0.0,0.0,0.0,0.30000001192092896,0.20000000298023224,0.20000000298023224,0.15000000596046448,0.15000000596046448,1.0,1.0,1.0,1.0
complex_fixed_v018_r4,closed_loop,complex,full,1,0.18,False,26.339150973,1785051228.0189154,4.38644379013159,0.06737932496652593,-0.18928539610138992,0.002377149675888,0.0010261910654084008,5.081974012470352,0.0,0.0,0.0,nan,nan,nan,nan,nan,nan,0.0,0.0,-0.05000000074505806,0.0,0.0,0,ROW_FOLLOW,WAITING_FOR_CENTERLINE,0.0,0.0,0.0,0.0,0.0,0.0,0.0,0.0,0.0,2.0,0.0,0.0,0.0,0.0,0.0,0.0,0.0,0.30000001192092896,0.20000000298023224,0.20000000298023224,0.15000000596046448,0.15000000596046448,1.0,1.0,1.0,1.0
complex_fixed_v018_r4,closed_loop,complex,full,1,0.18,False,26.389326051,1785051228.0690906,4.3856684276858795,0.06646233681681855,-0.1892793805189581,0.0,0.0005118330282575689,5.083174868077376,0.0,0.0,0.0,nan,nan,nan,nan,nan,nan,0.0,0.0,-0.05000000074505806,0.0,0.0,0,ROW_FOLLOW,WAITING_FOR_CENTERLINE,0.0,0.0,0.0,0.0,0.0,0.0,0.0,0.0,0.0,3.0,0.0,0.0,0.0,0.0,0.0,0.0,0.0,0.30000001192092896,0.20000000298023224,0.20000000298023224,0.15000000596046448,0.15000000596046448,1.0,1.0,1.0,1.0
complex_fixed_v018_r4,closed_loop,complex,full,1,0.18,False,26.439210336,1785051228.1189747,4.3856684276858795,0.06646233681681855,-0.18930281867666213,0.0,0.000682718197017622,5.083174868077376,0.0,0.0,0.0,nan,nan,nan,nan,nan,nan,0.0,0.0,-0.05000000074505806,0.0,0.0,0,ROW_FOLLOW,WAITING_FOR_CENTERLINE,0.0,0.0,0.0,0.0,0.0,0.0,0.0,0.0,0.0,3.0,0.0,0.0,0.0,0.0,0.0,0.0,0.0,0.30000001192092896,0.20000000298023224,0.20000000298023224,0.15000000596046448,0.15000000596046448,1.0,1.0,1.0,1.0
complex_fixed_v018_r4,closed_loop,complex,full,1,0.18,False,26.489208577,1785051228.168973,4.3856684276858795,0.06646233681681855,-0.18931453422064948,0.0,0.0004900325194525847,5.083174868077376,0.0,0.0,0.0,nan,nan,nan,nan,nan,nan,0.0,0.0,-0.05000000074505806,0.0,0.0,0,ROW_FOLLOW,WAITING_FOR_CENTERLINE,0.0,0.0,0.0,0.0,0.0,0.0,0.0,0.0,0.0,4.0,0.0,0.0,0.0,0.0,0.0,0.0,0.0,0.30000001192092896,0.20000000298023224,0.20000000298023224,0.15000000596046448,0.15000000596046448,1.0,1.0,1.0,1.0
complex_fixed_v018_r4,closed_loop,complex,full,1,0.18,False,26.539456873,1785051228.2192214,4.3856684276858795,0.06646233681681855,-0.1893353107711553,0.0,0.0010102854080359836,5.083174868077376,0.0,0.0,0.0,nan,nan,nan,nan,nan,nan,0.0,0.0,-0.05000000074505806,0.0,0.0,0,ROW_FOLLOW,WAITING_FOR_CENTERLINE,0.0,0.0,0.0,0.0,0.0,0.0,0.0,0.0,0.0,4.0,0.0,0.0,0.0,0.0,0.0,0.0,0.0,0.30000001192092896,0.20000000298023224,0.20000000298023224,0.15000000596046448,0.15000000596046448,1.0,1.0,1.0,1.0
complex_fixed_v018_r4,closed_loop,complex,full,1,0.18,False,26.589782419,1785051228.2695467,4.3856684276858795,0.06646233681681855,-0.18935506188541806,0.0,0.000992867767603649,5.083174868077376,0.0,0.0,0.0,nan,nan,nan,nan,nan,nan,0.0,0.0,-0.05000000074505806,0.0,0.0,1,ROW_FOLLOW,WAITING_FOR_CENTERLINE,0.0,0.0,0.0,0.0,0.0,0.0,0.0,0.0,0.0,5.0,0.0,0.0,0.0,0.0,0.0,0.0,0.0,0.30000001192092896,0.20000000298023224,0.20000000298023224,0.15000000596046448,0.15000000596046448,1.0,1.0,1.0,1.0
complex_fixed_v018_r4,closed_loop,complex,full,1,0.18,False,26.639140769,1785051228.318905,4.3856684276858795,0.06646233681681855,-0.18934156476300334,0.0,0.001723691168657583,5.083174868077376,0.0,0.0,0.0,nan,nan,nan,nan,nan,nan,0.0,0.0,-0.05000000074505806,0.0,0.0,1,ROW_FOLLOW,WAITING_FOR_CENTERLINE,0.0,0.0,0.0,0.0,0.0,0.0,0.0,0.0,0.0,5.0,0.0,0.0,0.0,0.0,0.0,0.0,0.0,0.30000001192092896,0.20000000298023224,0.20000000298023224,0.15000000596046448,0.15000000596046448,1.0,1.0,1.0,1.0
complex_fixed_v018_r4,closed_loop,complex,full,1,0.18,False,26.689485772,1785051228.3692503,4.3856684276858795,0.06646233681681855,-0.1893233337527005,0.0,0.0013018750979840973,5.083174868077376,0.0,0.0,0.0,nan,nan,nan,nan,nan,nan,0.0,0.0,-0.05000000074505806,0.0,0.0,0,ROW_FOLLOW,WAITING_FOR_CENTERLINE,0.0,0.0,0.0,0.0,0.0,0.0,0.0,0.0,0.0,0.0,0.0,0.0,0.0,0.0,0.0,0.0,0.0,0.30000001192092896,0.20000000298023224,0.20000000298023224,0.15000000596046448,0.15000000596046448,1.0,1.0,1.0,1.0
complex_fixed_v018_r4,closed_loop,complex,full,1,0.18,False,26.739165443,1785051228.4189298,4.3856684276858795,0.06646233681681855,-0.1893562046190742,0.0,0.0011071736697370583,5.083174868077376,0.0,0.0,0.0,nan,nan,nan,nan,nan,nan,0.0,0.0,-0.05000000074505806,0.0,0.0,0,ROW_FOLLOW,WAITING_FOR_CENTERLINE,0.0,0.0,0.0,0.0,0.0,0.0,0.0,0.0,0.0,0.0,0.0,0.0,0.0,0.0,0.0,0.0,0.0,0.30000001192092896,0.20000000298023224,0.20000000298023224,0.15000000596046448,0.15000000596046448,1.0,1.0,1.0,1.0
complex_fixed_v018_r4,closed_loop,complex,full,1,0.18,False,26.789221765,1785051228.468986,4.3856684276858795,0.06646233681681855,-0.18935785798716112,0.0,0.0008388275666013712,5.083174868077376,0.0,0.0,0.0,nan,nan,nan,nan,nan,nan,0.0,0.0,-0.05000000074505806,0.0,0.0,0,ROW_FOLLOW,WAITING_FOR_CENTERLINE,0.0,0.0,0.0,0.0,0.0,0.0,0.0,0.0,0.0,1.0,0.0,0.0,0.0,0.0,0.0,0.0,0.0,0.30000001192092896,0.20000000298023224,0.20000000298023224,0.15000000596046448,0.15000000596046448,1.0,1.0,1.0,1.0
complex_fixed_v018_r4,closed_loop,complex,full,1,0.18,False,26.83910813,1785051228.5188725,4.3856684276858795,0.06646233681681855,-0.18934054865422528,0.0,0.0020912146582226523,5.083174868077376,0.0,0.0,0.0,nan,nan,nan,nan,nan,nan,0.0,0.0,-0.05000000074505806,0.0,0.0,0,ROW_FOLLOW,WAITING_FOR_CENTERLINE,0.0,0.0,0.0,0.0,0.0,0.0,0.0,0.0,0.0,1.0,0.0,0.0,0.0,0.0,0.0,0.0,0.0,0.30000001192092896,0.20000000298023224,0.20000000298023224,0.15000000596046448,0.15000000596046448,1.0,1.0,1.0,1.0
complex_fixed_v018_r4,closed_loop,complex,full,1,0.18,False,26.88915594,1785051228.5689204,4.3856684276858795,0.06646233681681855,-0.18930908001138305,0.0,0.0008370905910027438,5.083174868077376,0.0,0.0,0.0,nan,nan,nan,nan,nan,nan,0.0,0.0,-0.05000000074505806,0.0,0.0,0,ROW_FOLLOW,WAITING_FOR_CENTERLINE,0.0,0.0,0.0,0.0,0.0,0.0,0.0,0.0,0.0,2.0,0.0,0.0,0.0,0.0,0.0,0.0,0.0,0.30000001192092896,0.20000000298023224,0.20000000298023224,0.15000000596046448,0.15000000596046448,1.0,1.0,1.0,1.0
complex_fixed_v018_r4,closed_loop,complex,full,1,0.18,False,26.939756567,1785051228.6195211,4.3856684276858795,0.06646233681681855,-0.18930600753240556,0.0,0.0011150551096130363,5.083174868077376,0.0,0.0,0.0,nan,nan,nan,nan,nan,nan,0.0,0.0,-0.05000000074505806,0.0,0.0,0,ROW_FOLLOW,WAITING_FOR_CENTERLINE,0.0,0.0,0.0,0.0,0.0,0.0,0.0,0.0,0.0,2.0,0.0,0.0,0.0,0.0,0.0,0.0,0.0,0.30000001192092896,0.20000000298023224,0.20000000298023224,0.15000000596046448,0.15000000596046448,1.0,1.0,1.0,1.0
complex_fixed_v018_r4,closed_loop,complex,full,1,0.18,False,26.990258407,1785051228.670023,4.3856684276858795,0.06646233681681855,-0.1893139664147733,0.0,0.0018167767800614549,5.083174868077376,0.0,0.0,0.0,nan,nan,nan,nan,nan,nan,0.0,0.0,-0.05000000074505806,0.0,0.0,0,ROW_FOLLOW,WAITING_FOR_CENTERLINE,0.0,0.0,0.0,0.0,0.0,0.0,0.0,0.0,0.0,3.0,0.0,0.0,0.0,0.0,0.0,0.0,0.0,0.30000001192092896,0.20000000298023224,0.20000000298023224,0.15000000596046448,0.15000000596046448,1.0,1.0,1.0,1.0
