trial_id,experiment_type,scenario,perception_method,repeat_index,nominal_speed_mps,quality_aware,time_s,ros_time_s,x_m,y_m,yaw_rad,odom_linear_mps,odom_angular_rps,travel_distance_m,cmd_linear_mps,cmd_angular_rps,path_points,path_first_x_m,path_first_y_m,path_mid_x_m,path_mid_y_m,path_last_x_m,path_last_y_m,corridor_width_m,safety_margin_m,error_budget_m,published_confidence,control_quality_factor,headland_detected,navigation_mode,navigation_safety_state,valid,left_points,right_points,row_yaw_rad,center_offset_m,left_slope,left_intercept,right_slope,right_intercept,line_lost_count,support_score,observation_score,width_score,residual_score,safety_score,observed_valid_ratio,raw_confidence,support_weight,observation_weight,width_weight,residual_weight,safety_weight,innermost_enabled,robust_enabled,temporal_enabled,parallel_enabled
complex_qaware_v018_r2,closed_loop,complex,full,1,0.18,True,2.381986452,1785050538.3848536,0.2602117969186142,-0.0008768808835861264,0.010992047445316455,0.13114236401503207,-0.009797974528459432,0.014758628273022783,0.0,0.0,0,nan,nan,nan,nan,nan,nan,nan,nan,nan,nan,nan,0,,,nan,nan,nan,nan,nan,nan,nan,nan,nan,nan,nan,nan,nan,nan,nan,nan,nan,nan,nan,nan,nan,nan,nan,nan,nan,nan
complex_qaware_v018_r2,closed_loop,complex,full,1,0.18,True,2.430487894,1785050538.4333549,0.2792709068534336,-0.0010240548916516212,0.00986401430599448,0.1294700243872684,-0.02440443426473724,0.033849154419639725,0.0,0.0,0,nan,nan,nan,nan,nan,nan,nan,nan,nan,nan,nan,0,,,nan,nan,nan,nan,nan,nan,nan,nan,nan,nan,nan,nan,nan,nan,nan,nan,nan,nan,nan,nan,nan,nan,nan,nan,nan,nan
complex_qaware_v018_r2,closed_loop,complex,full,1,0.18,True,2.479589541,1785050538.4824567,0.2803388626802012,-0.0010207808938759442,0.009786618331545148,0.1275921057157408,-0.000517350573716624,0.0349273618829887,0.0,0.0,0,nan,nan,nan,nan,nan,nan,nan,nan,nan,nan,nan,0,,,nan,nan,nan,nan,nan,nan,nan,nan,nan,nan,nan,nan,nan,nan,nan,nan,nan,nan,nan,nan,nan,nan,nan,nan,nan,nan
complex_qaware_v018_r2,closed_loop,complex,full,1,0.18,True,2.52941082,1785050538.5322778,0.29513092115771017,0.0003473958761038639,0.009126582977178726,0.13121712774280336,-0.03639232239757336,0.04982736238397247,0.0,0.0,21.0,0.2715700739014649,-0.02977300149542181,1.271467388538919,-0.015572188358777725,2.2768508291776444,0.0003905118247347761,0.601888120174408,0.17350147664546967,0.1235014796257019,0.7515158653259277,nan,0,,,1.0,80.0,88.0,0.00493974145501852,-0.03020511567592621,0.0,0.27057185769081116,0.0,-0.3309820890426636,0.0,0.4285714328289032,0.6595237255096436,0.9832103252410889,0.9626507759094238,1.0,0.380952388048172,0.7515158653259277,0.30000001192092896,0.20000000298023224,0.20000000298023224,0.15000000596046448,0.15000000596046448,1.0,1.0,1.0,1.0
complex_qaware_v018_r2,closed_loop,complex,full,1,0.18,True,2.579469192,1785050538.5823362,0.30189083018928226,0.0011237094092901856,0.008959198323931439,0.12801451342877482,-0.003697187222765068,0.05682599107767412,0.0,0.0,21.0,0.2715700739014649,-0.02977300149542181,1.271467388538919,-0.015572188358777725,2.2768508291776444,0.0003905118247347761,0.601888120174408,0.17350147664546967,0.1235014796257019,0.7515158653259277,nan,0,,,1.0,80.0,88.0,0.00493974145501852,-0.03020511567592621,0.0,0.27057185769081116,0.0,-0.3309820890426636,0.0,0.4285714328289032,0.6595237255096436,0.9832103252410889,0.9626507759094238,1.0,0.380952388048172,0.7515158653259277,0.30000001192092896,0.20000000298023224,0.20000000298023224,0.15000000596046448,0.15000000596046448,1.0,1.0,1.0,1.0
complex_qaware_v018_r2,closed_loop,complex,full,1,0.18,True,2.629724848,1785050538.632592,0.3083027919257263,0.0011602118518120302,0.008143731013988464,0.12874914965452783,-0.01084384252924077,0.06324793531627317,0.0,0.0,19.0,0.2854919550783541,-0.029920820711213856,1.1853921120905277,-0.016549433979204862,2.1519530114527767,-0.002275090517642447,0.6039907932281494,0.17249013483524323,0.12249013781547546,0.7387043237686157,nan,0,,,1.0,95.0,95.0,0.004585538990795612,-0.029615983366966248,0.0,0.27120035886764526,0.0,-0.33043232560157776,0.0,0.4047619104385376,0.6333332657814026,0.9822313189506531,0.9610854387283325,1.0,0.3333333432674408,0.7387043237686157,0.30000001192092896,0.20000000298023224,0.20000000298023224,0.15000000596046448,0.15000000596046448,1.0,1.0,1.0,1.0
complex_qaware_v018_r2,closed_loop,complex,full,1,0.18,True,2.679564303,1785050538.6824312,0.3070075073117014,0.0011099057526210547,0.00768710585204868,0.11919259777575224,-0.01770612830346118,0.07555488502500858,0.0,0.0,19.0,0.2854919550783541,-0.029920820711213856,1.1853921120905277,-0.016549433979204862,2.1519530114527767,-0.002275090517642447,0.6039907932281494,0.17249013483524323,0.12249013781547546,0.7387043237686157,nan,0,,,1.0,95.0,95.0,0.004585538990795612,-0.029615983366966248,0.0,0.27120035886764526,0.0,-0.33043232560157776,0.0,0.4047619104385376,0.6333332657814026,0.9822313189506531,0.9610854387283325,1.0,0.3333333432674408,0.7387043237686157,0.30000001192092896,0.20000000298023224,0.20000000298023224,0.15000000596046448,0.15000000596046448,1.0,1.0,1.0,1.0
complex_qaware_v018_r2,closed_loop,complex,full,1,0.18,True,2.729572914,1785050538.7324398,0.3129025890675495,0.0011467417697283602,0.006943036100603538,0.11966383630473874,-0.02456381694500737,0.08145417328429555,0.0,0.0,21.0,0.29681713991346603,-0.029384781653024123,1.2967246445060476,-0.015807517570871114,2.2938938021752877,-0.0026449269798435537,0.6030020713806152,0.17374439537525177,0.12374439835548401,0.7349029779434204,nan,0,,,1.0,84.0,96.0,0.004774853587150574,-0.029554367065429688,0.0,0.27082228660583496,0.0,-0.32993102073669434,0.0,0.3888888657093048,0.6333332657814026,0.9846757054328918,0.9642301201820374,1.0,0.3333333432674408,0.7349029779434204,0.30000001192092896,0.20000000298023224,0.20000000298023224,0.15000000596046448,0.15000000596046448,1.0,1.0,1.0,1.0
complex_qaware_v018_r2,closed_loop,complex,full,1,0.18,True,2.779738328,1785050538.7826054,0.31858962200445956,0.0011786388413820618,0.006568344272014581,0.11933710710839493,-0.020583904464047457,0.08715154071529488,0.10954074707435697,-0.15161192636972454,21.0,0.29681713991346603,-0.029384781653024123,1.2967246445060476,-0.015807517570871114,2.2938938021752877,-0.0026449269798435537,0.6030020713806152,0.17374439537525177,0.12374439835548401,0.7349029779434204,0.7349029779434204,0,ROW_FOLLOW,,1.0,84.0,96.0,0.004774853587150574,-0.029554367065429688,0.0,0.27082228660583496,0.0,-0.32993102073669434,0.0,0.3888888657093048,0.6333332657814026,0.9846757054328918,0.9642301201820374,1.0,0.3333333432674408,0.7349029779434204,0.30000001192092896,0.20000000298023224,0.20000000298023224,0.15000000596046448,0.15000000596046448,1.0,1.0,1.0,1.0
complex_qaware_v018_r2,closed_loop,complex,full,1,0.18,True,2.829423444,1785050538.8322904,0.3216262271435618,0.0010105076877885823,0.005852596971182679,0.11337881084409554,-0.011160808653693849,0.09653822702486492,0.1156262896617245,-0.14084792259004955,21.0,0.30953364208953343,-0.028131638872223766,1.3094533217571593,-0.0154651274137189,2.313005073378024,-0.0034974700028237177,0.5999624133110046,0.17265067994594574,0.12265068292617798,0.7597415447235107,0.7597415447235107,0,ROW_FOLLOW,,1.0,84.0,93.0,0.005425513722002506,-0.028643891215324402,0.0,0.27139702439308167,0.0,-0.32868480682373047,0.0,0.444444477558136,0.6857142448425293,0.9812758564949036,0.953400731086731,1.0,0.4285714328289032,0.7597415447235107,0.30000001192092896,0.20000000298023224,0.20000000298023224,0.15000000596046448,0.15000000596046448,1.0,1.0,1.0,1.0
complex_qaware_v018_r2,closed_loop,complex,full,1,0.18,True,2.881884204,1785050538.884751,0.33277755458150365,0.0015206500763347407,0.005209149783201195,0.11446721324919888,-0.018585455105104735,0.10771436614969764,0.11473670978807703,-0.14677845508103274,21.0,0.319799530595077,-0.027566675594970738,1.3197295384262573,-0.01574100636893672,2.3196595306396293,-0.003915337314661783,0.6008521318435669,0.16984142363071442,0.11984142661094666,0.7496727705001831,0.7597415447235107,0,ROW_FOLLOW,,1.0,81.0,86.0,0.006286211311817169,-0.028311550617218018,0.0,0.27158743143081665,0.0,-0.3282105326652527,0.0,0.4285714328289032,0.6595237255096436,0.9810962677001953,0.9531821012496948,1.0,0.380952388048172,0.7496727705001831,0.30000001192092896,0.20000000298023224,0.20000000298023224,0.15000000596046448,0.15000000596046448,1.0,1.0,1.0,1.0
complex_qaware_v018_r2,closed_loop,complex,full,1,0.18,True,2.929598141,1785050538.932465,0.3361160717032372,0.0006826429005993306,0.004110340058417705,0.1148268315752895,-0.024230493053313783,0.11596523657390498,0.11447757372480054,-0.1364234997682161,21.0,0.319799530595077,-0.027566675594970738,1.3197295384262573,-0.01574100636893672,2.3196595306396293,-0.003915337314661783,0.6008521318435669,0.16984142363071442,0.11984142661094666,0.7496727705001831,0.7496727705001831,0,ROW_FOLLOW,,1.0,81.0,86.0,0.006286211311817169,-0.028311550617218018,0.0,0.27158743143081665,0.0,-0.3282105326652527,0.0,0.4285714328289032,0.6595237255096436,0.9810962677001953,0.9531821012496948,1.0,0.380952388048172,0.7496727705001831,0.30000001192092896,0.20000000298023224,0.20000000298023224,0.15000000596046448,0.15000000596046448,1.0,1.0,1.0,1.0
complex_qaware_v018_r2,closed_loop,complex,full,1,0.18,True,2.984275237,1785050538.987142,0.34172662867056464,0.0006813049199969033,0.0025523329159855557,0.11497994196791432,-0.05141152064063236,0.12158467496729472,0.1145160912567216,-0.13616671622207577,21.0,0.319799530595077,-0.027566675594970738,1.3197295384262573,-0.01574100636893672,2.3196595306396293,-0.003915337314661783,0.6008521318435669,0.16984142363071442,0.11984142661094666,0.7496727705001831,0.7496727705001831,0,ROW_FOLLOW,,1.0,81.0,86.0,0.006286211311817169,-0.028311550617218018,0.0,0.27158743143081665,0.0,-0.3282105326652527,0.0,0.4285714328289032,0.6595237255096436,0.9810962677001953,0.9531821012496948,1.0,0.380952388048172,0.7496727705001831,0.30000001192092896,0.20000000298023224,0.20000000298023224,0.15000000596046448,0.15000000596046448,1.0,1.0,1.0,1.0
complex_qaware_v018_r2,closed_loop,complex,full,1,0.18,True,3.029722853,1785050539.03259,0.3466920228397948,0.0009955145127737946,0.0011568201749070366,0.1186900766488044,-0.022904299358639777,0.12758920401714915,0.11494711401256053,-0.13259800260648932,19.0,0.33134662260344544,-0.027221349099880738,1.2312908752913547,-0.01721380196081952,2.1978983337836344,-0.006516713016357949,0.6021525859832764,0.17299388349056244,0.12299388647079468,0.7490934133529663,0.7490934133529663,0,ROW_FOLLOW,,1.0,77.0,104.0,0.008569156751036644,-0.028080180287361145,0.0,0.27189069986343384,0.0,-0.32805106043815613,0.0,0.4285714328289032,0.6595237255096436,0.9801767468452454,0.9505460858345032,1.0,0.380952388048172,0.7490934133529663,0.30000001192092896,0.20000000298023224,0.20000000298023224,0.15000000596046448,0.15000000596046448,1.0,1.0,1.0,1.0
complex_qaware_v018_r2,closed_loop,complex,full,1,0.18,True,3.080028784,1785050539.0828955,0.35224067762426664,0.0009788320170893063,-0.0004986096317272092,0.11536888387951016,-0.01911184866861158,0.13314894179619846,0.11493300143721946,-0.13269208644209649,19.0,0.33134662260344544,-0.027221349099880738,1.2312908752913547,-0.01721380196081952,2.1978983337836344,-0.006516713016357949,0.6021525859832764,0.17299388349056244,0.12299388647079468,0.7490934133529663,0.7490934133529663,0,ROW_FOLLOW,,1.0,77.0,104.0,0.008569156751036644,-0.028080180287361145,0.0,0.27189069986343384,0.0,-0.32805106043815613,0.0,0.4285714328289032,0.6595237255096436,0.9801767468452454,0.9505460858345032,1.0,0.380952388048172,0.7490934133529663,0.30000001192092896,0.20000000298023224,0.20000000298023224,0.15000000596046448,0.15000000596046448,1.0,1.0,1.0,1.0
complex_qaware_v018_r2,closed_loop,complex,full,1,0.18,True,3.130513694,1785050539.1333807,0.35675187783979856,0.0009436507988219428,-0.002046771231427159,0.11565969447656131,-0.025545551034373705,0.1376772027091019,0.11673012793742991,-0.12688032384161302,21.0,0.34254625236495206,-0.027022422365343274,1.3424900410714653,-0.016412931312485324,2.342695586604913,-0.005345186288132653,0.6031419634819031,0.17447085678577423,0.12447085976600647,0.7542343139648438,0.7542343139648438,0,ROW_FOLLOW,,1.0,91.0,94.0,0.010962355881929398,-0.027846768498420715,0.0,0.2721925973892212,0.0,-0.3278861343860626,0.0,0.4285714328289032,0.6857142448425293,0.979973554611206,0.9501686096191406,1.0,0.4285714328289032,0.7542343139648438,0.30000001192092896,0.20000000298023224,0.20000000298023224,0.15000000596046448,0.15000000596046448,1.0,1.0,1.0,1.0
complex_qaware_v018_r2,closed_loop,complex,full,1,0.18,True,3.179928245,1785050539.1827953,0.357014542646781,0.0009203056381311552,-0.0029400223923681237,0.11443911049253626,-0.02944839964324262,0.13794859311201882,0.11693413015861924,-0.1255203090336841,21.0,0.34254625236495206,-0.027022422365343274,1.3424900410714653,-0.016412931312485324,2.342695586604913,-0.005345186288132653,0.6031419634819031,0.17447085678577423,0.12447085976600647,0.7542343139648438,0.7542343139648438,0,ROW_FOLLOW,,1.0,91.0,94.0,0.010962355881929398,-0.027846768498420715,0.0,0.2721925973892212,0.0,-0.3278861343860626,0.0,0.4285714328289032,0.6857142448425293,0.979973554611206,0.9501686096191406,1.0,0.4285714328289032,0.7542343139648438,0.30000001192092896,0.20000000298023224,0.20000000298023224,0.15000000596046448,0.15000000596046448,1.0,1.0,1.0,1.0
complex_qaware_v018_r2,closed_loop,complex,full,1,0.18,True,3.22961205,1785050539.2324789,0.37189942391472214,0.0008122756309377286,-0.004545806307180823,0.11117730238823144,-0.03779045958698151,0.1528422520110202,0.11717628471664786,-0.1236062531595627,20.0,0.350664566524269,-0.02716971663021153,1.3505897449637523,-0.015143937006990751,2.3048199926024004,-0.0018404390804847284,0.6027956604957581,0.17231245338916779,0.12231245636940002,0.7539845705032349,0.7539845705032349,0,ROW_FOLLOW,,1.0,76.0,96.0,0.018211277201771736,-0.02816013991832733,0.0,0.2718678116798401,0.0,-0.32818809151649475,0.0,0.4285714328289032,0.6857142448425293,0.9795569181442261,0.9490591883659363,1.0,0.4285714328289032,0.7539845705032349,0.30000001192092896,0.20000000298023224,0.20000000298023224,0.15000000596046448,0.15000000596046448,1.0,1.0,1.0,1.0
complex_qaware_v018_r2,closed_loop,complex,full,1,0.18,True,3.284177113,1785050539.287044,0.3771425791509845,0.0007399448833503984,-0.006853865802064708,0.11056887959018816,-0.03995216602232343,0.15811440776298855,0.1174458058937516,-0.12180944531220432,21.0,0.36250433157699496,-0.02743601693385189,1.36241650477338,-0.014323386281445074,2.3648870923824887,-0.003468521047804525,0.6010740995407104,0.17300237715244293,0.12300238013267517,0.7551720142364502,0.7539845705032349,0,ROW_FOLLOW,,1.0,85.0,99.0,0.020457956939935684,-0.02894771099090576,0.0,0.27075135707855225,0.0,-0.32864677906036377,0.0,0.4285714328289032,0.6857142448425293,0.9813851714134216,0.9545378684997559,1.0,0.4285714328289032,0.7551720142364502,0.30000001192092896,0.20000000298023224,0.20000000298023224,0.15000000596046448,0.15000000596046448,1.0,1.0,1.0,1.0
complex_qaware_v018_r2,closed_loop,complex,full,1,0.18,True,3.330656112,1785050539.333523,0.3840782737683566,0.0005797247002324056,-0.008687693366771224,0.1120044844894177,-0.04570425127873647,0.16671237089193824,0.11846734825218963,-0.11642409540247604,21.0,0.36250433157699496,-0.02743601693385189,1.36241650477338,-0.014323386281445074,2.3648870923824887,-0.003468521047804525,0.6010740995407104,0.17300237715244293,0.12300238013267517,0.7551720142364502,0.7551720142364502,0,ROW_FOLLOW,,1.0,85.0,99.0,0.020457956939935684,-0.02894771099090576,0.0,0.27075135707855225,0.0,-0.32864677906036377,0.0,0.4285714328289032,0.6857142448425293,0.9813851714134216,0.9545378684997559,1.0,0.4285714328289032,0.7551720142364502,0.30000001192092896,0.20000000298023224,0.20000000298023224,0.15000000596046448,0.15000000596046448,1.0,1.0,1.0,1.0
complex_qaware_v018_r2,closed_loop,complex,full,1,0.18,True,3.382524893,1785050539.385392,0.38958951211833803,0.0004944319075055626,-0.011116720147642313,0.11461154905643454,-0.029821499384415962,0.172241687002187,0.1188202621884917,-0.11407133582712893,21.0,0.37498034108775974,-0.02821465551760328,1.3748848029198026,-0.01443070877752195,2.383578046959718,-0.0026225307623482666,0.6020714044570923,0.1733480840921402,0.12334808707237244,0.7337754964828491,0.7551720142364502,0,ROW_FOLLOW,,1.0,80.0,84.0,0.02359454520046711,-0.029699072241783142,0.0,0.26948797702789307,0.0,-0.32888612151145935,0.0,0.3888888955116272,0.6333332657814026,0.982620358467102,0.9594542384147644,1.0,0.3333333432674408,0.7337754964828491,0.30000001192092896,0.20000000298023224,0.20000000298023224,0.15000000596046448,0.15000000596046448,1.0,1.0,1.0,1.0
complex_qaware_v018_r2,closed_loop,complex,full,1,0.18,True,3.429508734,1785050539.432376,0.39496141617421154,0.00038459031079496905,-0.012788280091390108,0.11484716911088835,-0.04076280278967949,0.17763323066818235,0.11538181699938967,-0.11131848245015447,21.0,0.37498034108775974,-0.02821465551760328,1.3748848029198026,-0.01443070877752195,2.383578046959718,-0.0026225307623482666,0.6020714044570923,0.1733480840921402,0.12334808707237244,0.7337754964828491,0.7337754964828491,0,ROW_FOLLOW,,1.0,80.0,84.0,0.02359454520046711,-0.029699072241783142,0.0,0.26948797702789307,0.0,-0.32888612151145935,0.0,0.3888888955116272,0.6333332657814026,0.982620358467102,0.9594542384147644,1.0,0.3333333432674408,0.7337754964828491,0.30000001192092896,0.20000000298023224,0.20000000298023224,0.15000000596046448,0.15000000596046448,1.0,1.0,1.0,1.0
complex_qaware_v018_r2,closed_loop,complex,full,1,0.18,True,3.479474593,1785050539.4823415,0.3948362759654879,0.00029386715910493437,-0.017262512485050056,0.11074491679183175,-0.07418465905792601,0.17783195065417687,0.11646339140688655,-0.10410798640017516,21.0,0.37498034108775974,-0.02821465551760328,1.3748848029198026,-0.01443070877752195,2.383578046959718,-0.0026225307623482666,0.6020714044570923,0.1733480840921402,0.12334808707237244,0.7337754964828491,0.7337754964828491,0,ROW_FOLLOW,,1.0,80.0,84.0,0.02359454520046711,-0.029699072241783142,0.0,0.26948797702789307,0.0,-0.32888612151145935,0.0,0.3888888955116272,0.6333332657814026,0.982620358467102,0.9594542384147644,1.0,0.3333333432674408,0.7337754964828491,0.30000001192092896,0.20000000298023224,0.20000000298023224,0.15000000596046448,0.15000000596046448,1.0,1.0,1.0,1.0
complex_qaware_v018_r2,closed_loop,complex,full,1,0.18,True,3.52961876,1785050539.5324857,0.41208459487133536,0.001346328541580016,-0.020528178062909408,0.11888287674258419,-0.0766961731525733,0.19516033744478392,0.11460789420466642,-0.11386714125599987,21.0,0.38755273647608673,-0.029093740157082798,1.387476655131582,-0.01680391387511146,2.387400565537744,-0.004514087242328049,0.6014041900634766,0.17271269857883453,0.12271270155906677,0.7315998077392578,0.7315998077392578,0,ROW_FOLLOW,,1.0,80.0,101.0,0.028051022440195084,-0.030169427394866943,0.0,0.26890772581100464,0.0,-0.3292465806007385,0.0,0.380952388048172,0.6333332657814026,0.9828747510910034,0.9604830741882324,1.0,0.3333333432674408,0.7315998077392578,0.30000001192092896,0.20000000298023224,0.20000000298023224,0.15000000596046448,0.15000000596046448,1.0,1.0,1.0,1.0
complex_qaware_v018_r2,closed_loop,complex,full,1,0.18,True,3.579438216,1785050539.5823052,0.41730210285098746,0.0011534602588064219,-0.023494810542880724,0.11726444368094009,-0.06580536816701524,0.20041297426882113,0.11507404134626081,-0.11075949364537054,21.0,0.38755273647608673,-0.029093740157082798,1.387476655131582,-0.01680391387511146,2.387400565537744,-0.004514087242328049,0.6014041900634766,0.17271269857883453,0.12271270155906677,0.7315998077392578,0.7315998077392578,0,ROW_FOLLOW,,1.0,80.0,101.0,0.028051022440195084,-0.030169427394866943,0.0,0.26890772581100464,0.0,-0.3292465806007385,0.0,0.380952388048172,0.6333332657814026,0.9828747510910034,0.9604830741882324,1.0,0.3333333432674408,0.7315998077392578,0.30000001192092896,0.20000000298023224,0.20000000298023224,0.15000000596046448,0.15000000596046448,1.0,1.0,1.0,1.0
complex_qaware_v018_r2,closed_loop,complex,full,1,0.18,True,3.629489453,1785050539.6323564,0.4246621881741531,0.001440128553435352,-0.02760885646417233,0.12163036291348844,-0.07368384197824382,0.2078741821020023,0.11684290280429366,-0.103949555391216,20.0,0.4015456306081478,-0.028917116280594197,1.401482279205755,-0.017685800966989053,2.334756834780545,-0.007230011968067308,0.6024826765060425,0.17302672564983368,0.12302672863006592,0.7357518672943115,0.7357518672943115,0,ROW_FOLLOW,,1.0,83.0,100.0,0.03527633845806122,-0.02929738163948059,0.0,0.2699478566646576,0.0,-0.3285426199436188,0.0,0.39682537317276,0.6333332657814026,0.9819707274436951,0.9576227068901062,1.0,0.3333333432674408,0.7357518672943115,0.30000001192092896,0.20000000298023224,0.20000000298023224,0.15000000596046448,0.15000000596046448,1.0,1.0,1.0,1.0
complex_qaware_v018_r2,closed_loop,complex,full,1,0.18,True,3.681035122,1785050539.683902,0.4281567824636079,0.0015294185120980227,-0.031961458929565825,0.12146480311457375,-0.07168783528359723,0.2118231122372751,0.11750386771149128,-0.09954312267656518,20.0,0.4143723684799412,-0.028053621440351464,1.414318030290621,-0.017623425531289264,2.4116923077224905,-0.0073803772604327965,0.6024826765060425,0.17302672564983368,0.12302672863006592,0.7357518672943115,0.7357518672943115,0,ROW_FOLLOW,,1.0,83.0,100.0,0.03527633845806122,-0.02929738163948059,0.0,0.2699478566646576,0.0,-0.3285426199436188,0.0,0.39682537317276,0.6333332657814026,0.9819707274436951,0.9576227068901062,1.0,0.3333333432674408,0.7357518672943115,0.30000001192092896,0.20000000298023224,0.20000000298023224,0.15000000596046448,0.15000000596046448,1.0,1.0,1.0,1.0
complex_qaware_v018_r2,closed_loop,complex,full,1,0.18,True,3.729512853,1785050539.73238,0.4336659554714089,0.0013013489428906782,-0.0350932565497275,0.12181539664415668,-0.08045010995168124,0.2173538469030034,0.12032628852256756,-0.08704755583547075,21.0,0.4143723684799412,-0.028053621440351464,1.414318030290621,-0.017623425531289264,2.4116923077224905,-0.0073803772604327965,0.5980603098869324,0.17270882427692413,0.12270882725715637,0.7410190105438232,0.7410190105438232,0,ROW_FOLLOW,,1.0,86.0,90.0,0.042035773396492004,-0.028142690658569336,0.0,0.2699369788169861,0.0,-0.32622236013412476,0.0,0.436507910490036,0.6071427464485168,0.9780533313751221,0.9535158276557922,1.0,0.2857142984867096,0.7410190105438232,0.30000001192092896,0.20000000298023224,0.20000000298023224,0.15000000596046448,0.15000000596046448,1.0,1.0,1.0,1.0
complex_qaware_v018_r2,closed_loop,complex,full,1,0.18,True,3.77976595,1785050539.782633,0.4391757495318719,0.0010154154512376275,-0.03834782679192283,0.11914301955297583,-0.07836188093841934,0.22290624872202733,0.12108421860671083,-0.08199468860784903,21.0,0.4143723684799412,-0.028053621440351464,1.414318030290621,-0.017623425531289264,2.4116923077224905,-0.0073803772604327965,0.5980603098869324,0.17270882427692413,0.12270882725715637,0.7410190105438232,0.7410190105438232,0,ROW_FOLLOW,,1.0,86.0,90.0,0.042035773396492004,-0.028142690658569336,0.0,0.2699369788169861,0.0,-0.32622236013412476,0.0,0.436507910490036,0.6071427464485168,0.9780533313751221,0.9535158276557922,1.0,0.2857142984867096,0.7410190105438232,0.30000001192092896,0.20000000298023224,0.20000000298023224,0.15000000596046448,0.15000000596046448,1.0,1.0,1.0,1.0
complex_qaware_v018_r2,closed_loop,complex,full,1,0.18,True,3.829396506,1785050539.8322635,0.44604033846352825,0.0017443084741409734,-0.0425463692546062,0.12020857076276158,-0.06687547046649689,0.2301224495091613,0.12256681583714131,-0.07114225080333518,20.0,0.429082988884858,-0.026284508350029614,1.4290444662908823,-0.017900989137942854,2.395674314650377,-0.009853274529170007,0.6012760400772095,0.17207933962345123,0.12207934260368347,0.7402119636535645,0.7402119636535645,0,ROW_FOLLOW,,1.0,83.0,94.0,0.044349879026412964,-0.025559917092323303,0.0,0.27297577261924744,0.0,-0.32409560680389404,0.0,0.40476194024086,0.6595237255096436,0.9755127429962158,0.9451739192008972,1.0,0.380952388048172,0.7402119636535645,0.30000001192092896,0.20000000298023224,0.20000000298023224,0.15000000596046448,0.15000000596046448,1.0,1.0,1.0,1.0
complex_qaware_v018_r2,closed_loop,complex,full,1,0.18,True,3.879562593,1785050539.8824294,0.4516679164594708,0.0013931862376070766,-0.046928424110920026,0.11761126254086694,-0.0654471231222198,0.23581535230541864,0.12346415724445767,-0.06515997475455952,20.0,0.429082988884858,-0.026284508350029614,1.4290444662908823,-0.017900989137942854,2.395674314650377,-0.009853274529170007,0.6012760400772095,0.17207933962345123,0.12207934260368347,0.7402119636535645,0.7402119636535645,0,ROW_FOLLOW,,1.0,83.0,94.0,0.044349879026412964,-0.025559917092323303,0.0,0.27297577261924744,0.0,-0.32409560680389404,0.0,0.40476194024086,0.6595237255096436,0.9755127429962158,0.9451739192008972,1.0,0.380952388048172,0.7402119636535645,0.30000001192092896,0.20000000298023224,0.20000000298023224,0.15000000596046448,0.15000000596046448,1.0,1.0,1.0,1.0
complex_qaware_v018_r2,closed_loop,complex,full,1,0.18,True,3.92943565,1785050539.9323025,0.44939915752884274,0.0023910340010608474,-0.049805352756996185,0.11395063514673939,-0.07455657321868811,0.24965318531955494,0.12706253303404488,-0.0533187062663609,21.0,0.4398452708723122,-0.0244217682483784,1.4398194320315767,-0.01761220904433563,2.440054290826548,-0.008569017656661168,0.5985509157180786,0.17282812297344208,0.12282812595367432,0.7503352165222168,0.7503352165222168,0,ROW_FOLLOW,,1.0,113.0,106.0,0.05263471230864525,-0.02348056435585022,0.0,0.27380669116973877,0.0,-0.3207678198814392,0.0,0.4365079402923584,0.6595237255096436,0.9755632281303406,0.9491027593612671,1.0,0.380952388048172,0.7503352165222168,0.30000001192092896,0.20000000298023224,0.20000000298023224,0.15000000596046448,0.15000000596046448,1.0,1.0,1.0,1.0
complex_qaware_v018_r2,closed_loop,complex,full,1,0.18,True,3.981632534,1785050539.9844995,0.45512845574859545,0.002050926439937112,-0.05296485094666047,0.11414827502106552,-0.04920995585404421,0.2554157642330887,0.12747696836036188,-0.05055580409091438,21.0,0.4398452708723122,-0.0244217682483784,1.4398194320315767,-0.01761220904433563,2.440054290826548,-0.008569017656661168,0.5985509157180786,0.17282812297344208,0.12282812595367432,0.7503352165222168,0.7503352165222168,0,ROW_FOLLOW,,1.0,113.0,106.0,0.05263471230864525,-0.02348056435585022,0.0,0.27380669116973877,0.0,-0.3207678198814392,0.0,0.4365079402923584,0.6595237255096436,0.9755632281303406,0.9491027593612671,1.0,0.380952388048172,0.7503352165222168,0.30000001192092896,0.20000000298023224,0.20000000298023224,0.15000000596046448,0.15000000596046448,1.0,1.0,1.0,1.0
complex_qaware_v018_r2,closed_loop,complex,full,1,0.18,True,4.029449674,1785050540.0323167,0.4624134899720532,0.0020387936970033002,-0.05510509952474017,0.11461010484079825,-0.04778289960327293,0.26277633744793694,0.13109552385250262,-0.03465954450504446,20.0,0.44875372202328007,-0.02157661848848756,1.4487442461280404,-0.017509135968199124,2.4154019903628634,-0.013631864147327732,0.5998286604881287,0.17375285923480988,0.12375286221504211,0.7571914196014404,0.7571914196014404,0,ROW_FOLLOW,,1.0,109.0,93.0,0.05481276661157608,-0.02012735605239868,0.0,0.2771219313144684,0.0,-0.31737664341926575,0.0,0.4444444179534912,0.6857142448425293,0.9743332862854004,0.9456573724746704,1.0,0.4285714328289032,0.7571914196014404,0.30000001192092896,0.20000000298023224,0.20000000298023224,0.15000000596046448,0.15000000596046448,1.0,1.0,1.0,1.0
complex_qaware_v018_r2,closed_loop,complex,full,1,0.18,True,4.079598355,1785050540.0824652,0.46821203296164643,0.0016569372471554275,-0.05887976899312798,0.11682813348204946,-0.052773926505188105,0.2686178934698905,0.13190604815666515,-0.029256049143960898,20.0,0.44875372202328007,-0.02157661848848756,1.4487442461280404,-0.017509135968199124,2.4154019903628634,-0.013631864147327732,0.5998286604881287,0.17375285923480988,0.12375286221504211,0.7571914196014404,0.7571914196014404,0,ROW_FOLLOW,,1.0,109.0,93.0,0.05481276661157608,-0.02012735605239868,0.0,0.2771219313144684,0.0,-0.31737664341926575,0.0,0.4444444179534912,0.6857142448425293,0.9743332862854004,0.9456573724746704,1.0,0.4285714328289032,0.7571914196014404,0.30000001192092896,0.20000000298023224,0.20000000298023224,0.15000000596046448,0.15000000596046448,1.0,1.0,1.0,1.0
complex_qaware_v018_r2,closed_loop,complex,full,1,0.18,True,4.12944146,1785050540.1323085,0.4734324873830841,0.0012778424873084054,-0.060936022303476715,0.11701242824223815,-0.0695881852548064,0.27387659199807446,0.08081761990941096,-0.008535690170536396,21.0,0.45838408720862844,-0.018285203573970368,1.4583777254423864,-0.016324225825268518,2.4599758731985757,-0.014354594961758763,0.595039963722229,0.14719243347644806,0.0971924364566803,0.7572890520095825,0.6000000238418579,0,ROW_FOLLOW,,1.0,117.0,115.0,0.05720852315425873,-0.016349181532859802,0.0,0.28166159987449646,0.0,-0.31435996294021606,0.0,0.4523809552192688,0.6857142448425293,0.972321629524231,0.9331170320510864,1.0,0.4285714328289032,0.7572890520095825,0.30000001192092896,0.20000000298023224,0.20000000298023224,0.15000000596046448,0.15000000596046448,1.0,1.0,1.0,1.0
complex_qaware_v018_r2,closed_loop,complex,full,1,0.18,True,4.183833081,1785050540.1867,0.4738130857215198,0.0011489767659247124,-0.06528968996074891,0.11870989517047706,-0.06851340069086406,0.2743193891588089,0.0816210968143194,-0.0014624165173979424,21.0,0.46572480927085064,-0.015255921696855038,1.4657237651762134,-0.014938265546756542,2.471002902415516,-0.014740633382205146,0.5945843458175659,0.15581949055194855,0.10581949353218079,0.767825722694397,0.6000000238418579,0,ROW_FOLLOW,,1.0,115.0,104.0,0.06606598198413849,-0.014148131012916565,0.0,0.28349941968917847,0.0,-0.3117956817150116,0.0,0.4841269552707672,0.6857142448425293,0.9724946618080139,0.9396384358406067,1.0,0.4285714328289032,0.767825722694397,0.30000001192092896,0.20000000298023224,0.20000000298023224,0.15000000596046448,0.15000000596046448,1.0,1.0,1.0,1.0
complex_qaware_v018_r2,closed_loop,complex,full,1,0.18,True,4.229546432,1785050540.2324135,0.4738098638267304,0.001103777442789505,-0.06785815954422823,0.11892704497072555,-0.0709106074118337,0.274364703177142,0.13548141706079442,0.01818142016131353,21.0,0.46572480927085064,-0.015255921696855038,1.4657237651762134,-0.014938265546756542,2.471002902415516,-0.014740633382205146,0.5945843458175659,0.15581949055194855,0.10581949353218079,0.767825722694397,0.767825722694397,0,ROW_FOLLOW,,1.0,115.0,104.0,0.06606598198413849,-0.014148131012916565,0.0,0.28349941968917847,0.0,-0.3117956817150116,0.0,0.4841269552707672,0.6857142448425293,0.9724946618080139,0.9396384358406067,1.0,0.4285714328289032,0.767825722694397,0.30000001192092896,0.20000000298023224,0.20000000298023224,0.15000000596046448,0.15000000596046448,1.0,1.0,1.0,1.0
complex_qaware_v018_r2,closed_loop,complex,full,1,0.18,True,4.282539142,1785050540.285406,0.4738944379088207,0.0009822845667045328,-0.0713646927800573,0.11925277366641396,-0.0465456671392615,0.2745418965370869,0.13459866595041506,0.02406642756384256,21.0,0.47198107695196606,-0.013097212477737213,1.4719789258789822,-0.012335480224105605,2.471976809672478,-0.011573748238002146,0.5963144302368164,0.16212661564350128,0.11212661862373352,0.7452542781829834,0.767825722694397,0,ROW_FOLLOW,,1.0,110.0,109.0,0.07454484701156616,-0.01258261501789093,0.0,0.28486910462379456,0.0,-0.3100343346595764,0.0,0.4365079402923584,0.6333332657814026,0.9761219024658203,0.9494059681892395,1.0,0.3333333432674408,0.7452542781829834,0.30000001192092896,0.20000000298023224,0.20000000298023224,0.15000000596046448,0.15000000596046448,1.0,1.0,1.0,1.0
complex_qaware_v018_r2,closed_loop,complex,full,1,0.18,True,4.329755726,1785050540.3326225,0.4952530938196686,-0.004357200581966032,-0.0739775333766479,0.11761118181205339,-0.06211982882994263,0.29669903009112364,0.12450990895627578,0.06423907411107493,21.0,0.47198107695196606,-0.013097212477737213,1.4719789258789822,-0.012335480224105605,2.471976809672478,-0.011573748238002146,0.5963144302368164,0.16212661564350128,0.11212661862373352,0.7452542781829834,0.7452542781829834,0,ROW_FOLLOW,,1.0,110.0,109.0,0.07454484701156616,-0.01258261501789093,0.0,0.28486910462379456,0.0,-0.3100343346595764,0.0,0.4365079402923584,0.6333332657814026,0.9761219024658203,0.9494059681892395,1.0,0.3333333432674408,0.7452542781829834,0.30000001192092896,0.20000000298023224,0.20000000298023224,0.15000000596046448,0.15000000596046448,1.0,1.0,1.0,1.0
complex_qaware_v018_r2,closed_loop,complex,full,1,0.18,True,4.379407403,1785050540.3822744,0.5013387867795477,-0.004853166834743392,-0.07631362939839906,0.11966278991329153,-0.02314951121379101,0.3028238865552479,0.12377715942270785,0.06912407100152766,21.0,0.47198107695196606,-0.013097212477737213,1.4719789258789822,-0.012335480224105605,2.471976809672478,-0.011573748238002146,0.5963144302368164,0.16212661564350128,0.11212661862373352,0.7452542781829834,0.7452542781829834,0,ROW_FOLLOW,,1.0,110.0,109.0,0.07454484701156616,-0.01258261501789093,0.0,0.28486910462379456,0.0,-0.3100343346595764,0.0,0.4365079402923584,0.6333332657814026,0.9761219024658203,0.9494059681892395,1.0,0.3333333432674408,0.7452542781829834,0.30000001192092896,0.20000000298023224,0.20000000298023224,0.15000000596046448,0.15000000596046448,1.0,1.0,1.0,1.0
complex_qaware_v018_r2,closed_loop,complex,full,1,0.18,True,4.429689974,1785050540.4325569,0.5092977780877006,-0.007572706875651802,-0.07783953194418243,0.12254486731308734,-0.0306916694715702,0.311832058046057,0.12235268172956823,0.087511789975079,21.0,0.4830507444059746,-0.013616977011803788,1.4830451959283923,-0.010691951512043213,2.483039666764832,-0.007766924906352199,0.5965485572814941,0.1563488394021988,0.10634884238243103,0.7526636123657227,0.7526636123657227,0,ROW_FOLLOW,,1.0,115.0,112.0,0.08113229274749756,-0.011398479342460632,0.0,0.28657567501068115,0.0,-0.3093726336956024,0.0,0.4444444179534912,0.6595237255096436,0.9762438535690308,0.9478451013565063,1.0,0.380952388048172,0.7526636123657227,0.30000001192092896,0.20000000298023224,0.20000000298023224,0.15000000596046448,0.15000000596046448,1.0,1.0,1.0,1.0
complex_qaware_v018_r2,closed_loop,complex,full,1,0.18,True,4.479628986,1785050540.482496,0.5156559492476773,-0.008101879179007234,-0.07969573551270859,0.12391515147151189,-0.014803229277586295,0.31822618056307267,0.1216593013074283,0.09213432612267848,21.0,0.4830507444059746,-0.013616977011803788,1.4830451959283923,-0.010691951512043213,2.483039666764832,-0.007766924906352199,0.5965485572814941,0.1563488394021988,0.10634884238243103,0.7526636123657227,0.7526636123657227,0,ROW_FOLLOW,,1.0,115.0,112.0,0.08113229274749756,-0.011398479342460632,0.0,0.28657567501068115,0.0,-0.3093726336956024,0.0,0.4444444179534912,0.6595237255096436,0.9762438535690308,0.9478451013565063,1.0,0.380952388048172,0.7526636123657227,0.30000001192092896,0.20000000298023224,0.20000000298023224,0.15000000596046448,0.15000000596046448,1.0,1.0,1.0,1.0
complex_qaware_v018_r2,closed_loop,complex,full,1,0.18,True,4.529442682,1785050540.5323098,0.529062644754175,-0.008821076600870335,-0.0810412054166969,0.12443796902220956,-0.04055229922829469,0.3316661492903221,0.12102433341592718,0.09105152170855685,20.0,0.4994037043539034,-0.015532690779326943,1.4993917554375045,-0.010780194886660717,2.4327137666071565,-0.0062943281431389305,0.5979862809181213,0.16427616775035858,0.11427617073059082,0.7482336759567261,0.7482336759567261,0,ROW_FOLLOW,,1.0,108.0,105.0,0.08595447987318039,-0.010451361536979675,0.0,0.28811827301979065,0.0,-0.30902099609375,0.0,0.4444444179534912,0.6333332657814026,0.978204071521759,0.9506194591522217,1.0,0.3333333432674408,0.7482336759567261,0.30000001192092896,0.20000000298023224,0.20000000298023224,0.15000000596046448,0.15000000596046448,1.0,1.0,1.0,1.0
complex_qaware_v018_r2,closed_loop,complex,full,1,0.18,True,4.579690501,1785050540.5825574,0.5353613655187087,-0.009380530119057274,-0.0826063429188433,0.12516911596424402,-0.02572291417431524,0.3380136707843705,0.12037212200662341,0.09539959777058199,20.0,0.4994037043539034,-0.015532690779326943,1.4993917554375045,-0.010780194886660717,2.4327137666071565,-0.0062943281431389305,0.5979862809181213,0.16427616775035858,0.11427617073059082,0.7482336759567261,0.7482336759567261,0,ROW_FOLLOW,,1.0,108.0,105.0,0.08595447987318039,-0.010451361536979675,0.0,0.28811827301979065,0.0,-0.30902099609375,0.0,0.4444444179534912,0.6333332657814026,0.978204071521759,0.9506194591522217,1.0,0.3333333432674408,0.7482336759567261,0.30000001192092896,0.20000000298023224,0.20000000298023224,0.15000000596046448,0.15000000596046448,1.0,1.0,1.0,1.0
complex_qaware_v018_r2,closed_loop,complex,full,1,0.18,True,4.629375779,1785050540.6322427,0.5365032146816616,-0.007238611383181345,-0.08366291421163742,0.1295797388967564,-0.025231830050619235,0.3503545981180803,0.12502067131559272,0.07764750833244977,19.0,0.5199014033376795,-0.018016291041711503,1.4198851257895384,-0.012639972933170372,2.4198667667286067,-0.006598792475107415,0.5974680781364441,0.16898785531520844,0.11898785829544067,0.7592655420303345,0.7592655420303345,0,ROW_FOLLOW,,1.0,120.0,114.0,0.08945010602474213,-0.009670764207839966,0.0,0.2888370156288147,0.0,-0.30817854404449463,0.0,0.4682539403438568,0.6595237255096436,0.9758002758026123,0.9448304772377014,1.0,0.380952388048172,0.7592655420303345,0.30000001192092896,0.20000000298023224,0.20000000298023224,0.15000000596046448,0.15000000596046448,1.0,1.0,1.0,1.0
complex_qaware_v018_r2,closed_loop,complex,full,1,0.18,True,4.682463083,1785050540.68533,0.5365028914652151,-0.0072424518626364055,-0.08426216364461547,0.12950240499739915,-0.007464840120861376,0.3503584521746067,0.12488245226078763,0.07856896869781707,20.0,0.531627974527834,-0.017974325759297194,1.5316032600743936,-0.010960211100956838,2.5296773603812523,-0.0032373237158652432,0.5986567735671997,0.1722838431596756,0.12228384613990784,0.7676955461502075,0.7592655420303345,0,ROW_FOLLOW,,1.0,108.0,115.0,0.09220218658447266,-0.008883446455001831,0.0,0.29029566049575806,0.0,-0.3080625534057617,0.0,0.4761904776096344,0.6857141852378845,0.9778361320495605,0.9475224614143372,1.0,0.4285714328289032,0.7676955461502075,0.30000001192092896,0.20000000298023224,0.20000000298023224,0.15000000596046448,0.15000000596046448,1.0,1.0,1.0,1.0
complex_qaware_v018_r2,closed_loop,complex,full,1,0.18,True,4.729282282,1785050540.7321494,0.5481913987233643,-0.008585796559647295,-0.08499995815218361,0.12591316629424393,-0.007273221833281466,0.37154405712019173,0.12488883747843445,0.08864240552401931,20.0,0.531627974527834,-0.017974325759297194,1.5316032600743936,-0.010960211100956838,2.5296773603812523,-0.0032373237158652432,0.5986567735671997,0.1722838431596756,0.12228384613990784,0.7676955461502075,0.7676955461502075,0,ROW_FOLLOW,,1.0,108.0,115.0,0.09220218658447266,-0.008883446455001831,0.0,0.29029566049575806,0.0,-0.3080625534057617,0.0,0.4761904776096344,0.6857141852378845,0.9778361320495605,0.9475224614143372,1.0,0.4285714328289032,0.7676955461502075,0.30000001192092896,0.20000000298023224,0.20000000298023224,0.15000000596046448,0.15000000596046448,1.0,1.0,1.0,1.0
complex_qaware_v018_r2,closed_loop,complex,full,1,0.18,True,4.77951666,1785050540.7823837,0.5542789563902905,-0.009120559911542467,-0.08605662017581842,0.12258039108105587,-0.026109255051498317,0.3776625774766619,0.12440402217678419,0.09187450753502105,20.0,0.531627974527834,-0.017974325759297194,1.5316032600743936,-0.010960211100956838,2.5296773603812523,-0.0032373237158652432,0.5986567735671997,0.1722838431596756,0.12228384613990784,0.7676955461502075,0.7676955461502075,0,ROW_FOLLOW,,1.0,108.0,115.0,0.09220218658447266,-0.008883446455001831,0.0,0.29029566049575806,0.0,-0.3080625534057617,0.0,0.4761904776096344,0.6857141852378845,0.9778361320495605,0.9475224614143372,1.0,0.4285714328289032,0.7676955461502075,0.30000001192092896,0.20000000298023224,0.20000000298023224,0.15000000596046448,0.15000000596046448,1.0,1.0,1.0,1.0
complex_qaware_v018_r2,closed_loop,complex,full,1,0.18,True,4.829770238,1785050540.832637,0.5605550402994787,-0.009686140669010888,-0.08697283439086027,0.12279163344681021,-0.035345258684266266,0.38397439868480304,0.12420272159044128,0.1000575034178507,19.0,0.5421180956641696,-0.017645420697182786,1.442090585227055,-0.010628328913440802,2.5087247748961374,-0.0023165514411226805,0.5972608327865601,0.17231304943561554,0.12231305241584778,0.773396372795105,0.773396372795105,0,ROW_FOLLOW,,1.0,124.0,125.0,0.09466337412595749,-0.008639335632324219,0.0,0.29012537002563477,0.0,-0.3074040412902832,0.0,0.4761904776096344,0.7119046449661255,0.9782546758651733,0.9500489234924316,1.0,0.4761904776096344,0.773396372795105,0.30000001192092896,0.20000000298023224,0.20000000298023224,0.15000000596046448,0.15000000596046448,1.0,1.0,1.0,1.0
complex_qaware_v018_r2,closed_loop,complex,full,1,0.18,True,4.887417642,1785050540.8902845,0.5616772578661519,-0.00982786728953883,-0.08872781103979183,0.12339624126716801,-0.0042827094727804155,0.3851361795229805,0.12372527286528306,0.10324049491890547,19.0,0.5421180956641696,-0.017645420697182786,1.442090585227055,-0.010628328913440802,2.5087247748961374,-0.0023165514411226805,0.5972608327865601,0.17231304943561554,0.12231305241584778,0.773396372795105,0.773396372795105,0,ROW_FOLLOW,,1.0,124.0,125.0,0.09466337412595749,-0.008639335632324219,0.0,0.29012537002563477,0.0,-0.3074040412902832,0.0,0.4761904776096344,0.7119046449661255,0.9782546758651733,0.9500489234924316,1.0,0.4761904776096344,0.773396372795105,0.30000001192092896,0.20000000298023224,0.20000000298023224,0.15000000596046448,0.15000000596046448,1.0,1.0,1.0,1.0
complex_qaware_v018_r2,closed_loop,complex,full,1,0.18,True,4.92976372,1785050540.9326308,0.5673362453387688,-0.00982980494355673,-0.08913539220567035,0.11248560237427987,-0.030245140875720167,0.390816000088157,0.12385733954563012,0.10633787364070475,21.0,0.5508942104789682,-0.017493219414710184,1.550858058998606,-0.008987823452774315,2.561675617258079,-0.0006552562981930483,0.598741352558136,0.17136700451374054,0.12136700749397278,0.7767112255096436,0.7767112255096436,0,ROW_FOLLOW,,1.0,111.0,116.0,0.09769752621650696,-0.00876694917678833,0.0,0.29043883085250854,0.0,-0.3079727292060852,0.0,0.4920634627342224,0.7119046449661255,0.9761489629745483,0.9432093501091003,1.0,0.4761904776096344,0.7767112255096436,0.30000001192092896,0.20000000298023224,0.20000000298023224,0.15000000596046448,0.15000000596046448,1.0,1.0,1.0,1.0
complex_qaware_v018_r2,closed_loop,complex,full,1,0.18,True,4.979563816,1785050540.9824307,0.5733538242284193,-0.010384312502576933,-0.09019821760335353,0.11690341988734827,-0.014208873474692055,0.3968659336682351,0.12332707666947629,0.10987295948173022,21.0,0.5508942104789682,-0.017493219414710184,1.550858058998606,-0.008987823452774315,2.561675617258079,-0.0006552562981930483,0.598741352558136,0.17136700451374054,0.12136700749397278,0.7767112255096436,0.7767112255096436,0,ROW_FOLLOW,,1.0,111.0,116.0,0.09769752621650696,-0.00876694917678833,0.0,0.29043883085250854,0.0,-0.3079727292060852,0.0,0.4920634627342224,0.7119046449661255,0.9761489629745483,0.9432093501091003,1.0,0.4761904776096344,0.7767112255096436,0.30000001192092896,0.20000000298023224,0.20000000298023224,0.15000000596046448,0.15000000596046448,1.0,1.0,1.0,1.0
complex_qaware_v018_r2,closed_loop,complex,full,1,0.18,True,5.029436139,1785050541.032303,0.5793876363848631,-0.010936667428180205,-0.09030333627620693,0.11696565141116225,0.0031692070383999207,0.4029262810522891,0.1245309690675652,0.11081874897644528,20.0,0.5631786707517502,-0.018218995184918648,1.5631388784735767,-0.009288205045741092,2.5175109118497634,-0.0007114636916253192,0.595821738243103,0.1648576706647873,0.11485767364501953,0.7841876745223999,0.7841876745223999,0,ROW_FOLLOW,,1.0,126.0,118.0,0.09941446036100388,-0.007918968796730042,0.0,0.2905501127243042,0.0,-0.3063880503177643,0.0,0.523809552192688,0.7119046449661255,0.9719020128250122,0.9352231621742249,1.0,0.4761904776096344,0.7841876745223999,0.30000001192092896,0.20000000298023224,0.20000000298023224,0.15000000596046448,0.15000000596046448,1.0,1.0,1.0,1.0
complex_qaware_v018_r2,closed_loop,complex,full,1,0.18,True,5.080402758,1785050541.0832696,0.5842348404060033,-0.010399914578636649,-0.09176516566762419,0.11077570539155067,-0.03906819832150094,0.40791957060110856,0.12475299431653454,0.10933858064998293,20.0,0.5631786707517502,-0.018218995184918648,1.5631388784735767,-0.009288205045741092,2.5175109118497634,-0.0007114636916253192,0.595821738243103,0.1648576706647873,0.11485767364501953,0.7841876745223999,0.7841876745223999,0,ROW_FOLLOW,,1.0,126.0,118.0,0.09941446036100388,-0.007918968796730042,0.0,0.2905501127243042,0.0,-0.3063880503177643,0.0,0.523809552192688,0.7119046449661255,0.9719020128250122,0.9352231621742249,1.0,0.4761904776096344,0.7841876745223999,0.30000001192092896,0.20000000298023224,0.20000000298023224,0.15000000596046448,0.15000000596046448,1.0,1.0,1.0,1.0
complex_qaware_v018_r2,closed_loop,complex,full,1,0.18,True,5.129431063,1785050541.132298,0.5902500566760285,-0.010968389207633409,-0.09253397688376318,0.11069123366928038,-0.008482823017214066,0.4139662195146026,0.12094551370070492,0.11557367341212987,21.0,0.5731587934768717,-0.017981699124510357,1.5731182878289538,-0.008969555224416656,2.5729456266115815,-7.613156906846955e-07,0.5948667526245117,0.15422649681568146,0.1042264997959137,0.7682309150695801,0.7682309150695801,0,ROW_FOLLOW,,1.0,117.0,121.0,0.10061599314212799,-0.006648033857345581,0.0,0.29236048460006714,0.0,-0.3056565523147583,0.0,0.4841269850730896,0.6857142448425293,0.9744673371315002,0.9397099614143372,1.0,0.4285714328289032,0.7682309150695801,0.30000001192092896,0.20000000298023224,0.20000000298023224,0.15000000596046448,0.15000000596046448,1.0,1.0,1.0,1.0
complex_qaware_v018_r2,closed_loop,complex,full,1,0.18,True,5.183114445,1785050541.1859815,0.5963242607363958,-0.011554592888519032,-0.09327317338217792,0.11523535649480866,-0.0015775542252137627,0.42007817344828774,0.12045496574252425,0.11884399313333438,21.0,0.584699080767435,-0.017485304774887894,1.5846570827629094,-0.008310703965345638,2.5902516122066923,0.001231193388416197,0.5981625914573669,0.16601650416851044,0.11601650714874268,0.7744768857955933,0.7682309150695801,0,ROW_FOLLOW,,1.0,117.0,130.0,0.10273028165102005,-0.005550935864448547,0.0,0.2937990725040436,0.0,-0.3049009442329407,0.0,0.5,0.6857142448425293,0.9778434038162231,0.9451022148132324,1.0,0.4285714328289032,0.7744768857955933,0.30000001192092896,0.20000000298023224,0.20000000298023224,0.15000000596046448,0.15000000596046448,1.0,1.0,1.0,1.0
complex_qaware_v018_r2,closed_loop,complex,full,1,0.18,True,5.229858188,1785050541.2327251,0.6056871831665952,-0.011896379740363406,-0.09415757159068325,0.11253675763216256,-0.02313762867418079,0.42948286076267433,0.12061846161230055,0.12524918553937486,21.0,0.584699080767435,-0.017485304774887894,1.5846570827629094,-0.008310703965345638,2.5902516122066923,0.001231193388416197,0.5981625914573669,0.16601650416851044,0.11601650714874268,0.7744768857955933,0.7744768857955933,0,ROW_FOLLOW,,1.0,117.0,130.0,0.10273028165102005,-0.005550935864448547,0.0,0.2937990725040436,0.0,-0.3049009442329407,0.0,0.5,0.6857142448425293,0.9778434038162231,0.9451022148132324,1.0,0.4285714328289032,0.7744768857955933,0.30000001192092896,0.20000000298023224,0.20000000298023224,0.15000000596046448,0.15000000596046448,1.0,1.0,1.0,1.0
complex_qaware_v018_r2,closed_loop,complex,full,1,0.18,True,5.279819761,1785050541.2826867,0.6113616073274508,-0.012351513656581721,-0.09448107070555656,0.11833554960706179,-0.006218361333922099,0.43581252415254546,0.12029638445951338,0.12739636655795603,21.0,0.584699080767435,-0.017485304774887894,1.5846570827629094,-0.008310703965345638,2.5902516122066923,0.001231193388416197,0.5981625914573669,0.16601650416851044,0.11601650714874268,0.7744768857955933,0.7744768857955933,0,ROW_FOLLOW,,1.0,117.0,130.0,0.10273028165102005,-0.005550935864448547,0.0,0.2937990725040436,0.0,-0.3049009442329407,0.0,0.5,0.6857142448425293,0.9778434038162231,0.9451022148132324,1.0,0.4285714328289032,0.7744768857955933,0.30000001192092896,0.20000000298023224,0.20000000298023224,0.15000000596046448,0.15000000596046448,1.0,1.0,1.0,1.0
complex_qaware_v018_r2,closed_loop,complex,full,1,0.18,True,5.329326028,1785050541.3321931,0.6172863920573803,-0.012924067909637979,-0.09498004664247706,0.1184339290422834,-0.028063604762960655,0.4417709527069288,0.11987781159669973,0.13611431965623844,20.0,0.5973560325905087,-0.016764980944783816,1.5973131159875484,-0.007491929469962174,2.530606417040349,0.0011708519756382695,0.5944396257400513,0.15973512828350067,0.10973513126373291,0.7794164419174194,0.7794164419174194,0,ROW_FOLLOW,,1.0,120.0,130.0,0.10399267822504044,-0.003790631890296936,0.0,0.29575619101524353,0.0,-0.3033374547958374,0.0,0.523809552192688,0.6857142448425293,0.9739559888839722,0.9355965852737427,1.0,0.4285714328289032,0.7794164419174194,0.30000001192092896,0.20000000298023224,0.20000000298023224,0.15000000596046448,0.15000000596046448,1.0,1.0,1.0,1.0
complex_qaware_v018_r2,closed_loop,complex,full,1,0.18,True,5.379327698,1785050541.3821948,0.6227444840491537,-0.01323334287876617,-0.09519570631822827,0.11920306278200844,8.040213640648532e-05,0.44741988049816916,0.11967264499215126,0.13748209701989486,20.0,0.5973560325905087,-0.016764980944783816,1.5973131159875484,-0.007491929469962174,2.530606417040349,0.0011708519756382695,0.5944396257400513,0.15973512828350067,0.10973513126373291,0.7794164419174194,0.7794164419174194,0,ROW_FOLLOW,,1.0,120.0,130.0,0.10399267822504044,-0.003790631890296936,0.0,0.29575619101524353,0.0,-0.3033374547958374,0.0,0.523809552192688,0.6857142448425293,0.9739559888839722,0.9355965852737427,1.0,0.4285714328289032,0.7794164419174194,0.30000001192092896,0.20000000298023224,0.20000000298023224,0.15000000596046448,0.15000000596046448,1.0,1.0,1.0,1.0
complex_qaware_v018_r2,closed_loop,complex,full,1,0.18,True,5.42941929,1785050541.4322863,0.6286961345380966,-0.013794275857062105,-0.09508729824423229,0.11906987591924643,-0.007258018452974719,0.4533994749721934,0.11783369107887896,0.14317774482265092,21.0,0.6101826631777146,-0.016471510272801897,1.6101365242026635,-0.0068536158254856915,2.609481862445014,0.002705941527201737,0.5910984873771667,0.1590256541967392,0.10902565717697144,0.7739464044570923,0.7739464044570923,0,ROW_FOLLOW,,1.0,122.0,124.0,0.10494762659072876,-0.002934873104095459,0.0,0.2955738306045532,0.0,-0.30144357681274414,0.0,0.5079365372657776,0.6857142448425293,0.9712106585502625,0.9345365166664124,1.0,0.4285714328289032,0.7739464044570923,0.30000001192092896,0.20000000298023224,0.20000000298023224,0.15000000596046448,0.15000000596046448,1.0,1.0,1.0,1.0
complex_qaware_v018_r2,closed_loop,complex,full,1,0.18,True,5.480096143,1785050541.482963,0.6344377053720951,-0.014334617564259126,-0.09500747657243916,0.11852450283059493,0.0005498562452736836,0.45916823118948735,0.11749608110674721,0.14542847797019595,21.0,0.6101826631777146,-0.016471510272801897,1.6101365242026635,-0.0068536158254856915,2.609481862445014,0.002705941527201737,0.5910984873771667,0.1590256541967392,0.10902565717697144,0.7739464044570923,0.7739464044570923,0,ROW_FOLLOW,,1.0,122.0,124.0,0.10494762659072876,-0.002934873104095459,0.0,0.2955738306045532,0.0,-0.30144357681274414,0.0,0.5079365372657776,0.6857142448425293,0.9712106585502625,0.9345365166664124,1.0,0.4285714328289032,0.7739464044570923,0.30000001192092896,0.20000000298023224,0.20000000298023224,0.15000000596046448,0.15000000596046448,1.0,1.0,1.0,1.0
complex_qaware_v018_r2,closed_loop,complex,full,1,0.18,True,5.529454086,1785050541.532321,0.6372949601616883,-0.01424317584684005,-0.09513726584304516,0.11830777257911675,0.003624778321648376,0.4680106013045041,0.11893305423255704,0.14889806890514545,19.0,0.6228737591161281,-0.015964373364539028,1.5228309946300929,-0.007182568188972345,2.5227835819566367,0.0025746851178695077,0.5963391661643982,0.16984529793262482,0.11984530091285706,0.7848209142684937,0.7848209142684937,0,ROW_FOLLOW,,1.0,125.0,129.0,0.1048836037516594,-0.0012493133544921875,0.0,0.2975533604621887,0.0,-0.3000519871711731,0.0,0.523809552192688,0.7119047045707703,0.973314106464386,0.9375616908073425,1.0,0.4761904776096344,0.7848209142684937,0.30000001192092896,0.20000000298023224,0.20000000298023224,0.15000000596046448,0.15000000596046448,1.0,1.0,1.0,1.0
complex_qaware_v018_r2,closed_loop,complex,full,1,0.18,True,5.579856277,1785050541.5827234,0.6434508406086774,-0.014828266192621745,-0.09496910945044856,0.1191153197153116,-0.010491558584150469,0.4741960432099362,0.11857626195106456,0.15127668411509526,19.0,0.6228737591161281,-0.015964373364539028,1.5228309946300929,-0.007182568188972345,2.5227835819566367,0.0025746851178695077,0.5963391661643982,0.16984529793262482,0.11984530091285706,0.7848209142684937,0.7848209142684937,0,ROW_FOLLOW,,1.0,125.0,129.0,0.1048836037516594,-0.0012493133544921875,0.0,0.2975533604621887,0.0,-0.3000519871711731,0.0,0.523809552192688,0.7119047045707703,0.973314106464386,0.9375616908073425,1.0,0.4761904776096344,0.7848209142684937,0.30000001192092896,0.20000000298023224,0.20000000298023224,0.15000000596046448,0.15000000596046448,1.0,1.0,1.0,1.0
complex_qaware_v018_r2,closed_loop,complex,full,1,0.18,True,5.629411345,1785050541.6322782,0.646575506644291,-0.015069891859150114,-0.0950940797993685,0.11499811729389726,0.0027625405630652584,0.48310005992073557,0.11894172754314336,0.1551395041130123,21.0,0.6335562900043012,-0.015139621206865813,1.6335199984252178,-0.006948106456653595,2.633049233825542,-0.00021891440855957914,0.5941469073295593,0.16871948540210724,0.11871948838233948,0.7900702953338623,0.7900702953338623,0,ROW_FOLLOW,,1.0,127.0,141.0,0.09978245198726654,0.0011605620384216309,0.0,0.3000562787055969,0.0,-0.29773515462875366,0.0,0.523809552192688,0.7380951642990112,0.9749822020530701,0.9354125261306763,1.0,0.523809552192688,0.7900702953338623,0.30000001192092896,0.20000000298023224,0.20000000298023224,0.15000000596046448,0.15000000596046448,1.0,1.0,1.0,1.0
complex_qaware_v018_r2,closed_loop,complex,full,1,0.18,True,5.680953593,1785050541.6838205,0.6518883197837784,-0.015173795280399537,-0.09502367099696453,0.11309717388705338,0.004239099874152926,0.4903697307489499,0.11892486611350545,0.15525191364393176,21.0,0.6335562900043012,-0.015139621206865813,1.6335199984252178,-0.006948106456653595,2.633049233825542,-0.00021891440855957914,0.5941469073295593,0.16871948540210724,0.11871948838233948,0.7900702953338623,0.7900702953338623,0,ROW_FOLLOW,,1.0,127.0,141.0,0.09978245198726654,0.0011605620384216309,0.0,0.3000562787055969,0.0,-0.29773515462875366,0.0,0.523809552192688,0.7380951642990112,0.9749822020530701,0.9354125261306763,1.0,0.523809552192688,0.7900702953338623,0.30000001192092896,0.20000000298023224,0.20000000298023224,0.15000000596046448,0.15000000596046448,1.0,1.0,1.0,1.0
complex_qaware_v018_r2,closed_loop,complex,full,1,0.18,True,5.729462686,1785050541.7323298,0.6577792166709729,-0.015732922386692633,-0.09483209972295326,0.11305242019836129,0.00620370836318142,0.4962882981614977,0.11969899063463725,0.16377435491113415,21.0,0.6432543506766712,-0.0136929413367943,1.6432280475852317,-0.006748098620175769,2.647626329366266,-0.0017889144279092089,0.5909555554389954,0.1544150859117508,0.10441508889198303,0.8014730215072632,0.8014730215072632,0,ROW_FOLLOW,,1.0,130.0,136.0,0.10116893798112869,0.0033466219902038574,0.0,0.30248594284057617,0.0,-0.29579269886016846,0.0,0.5714285969734192,0.7380951642990112,0.968908429145813,0.9242910742759705,1.0,0.523809552192688,0.8014730215072632,0.30000001192092896,0.20000000298023224,0.20000000298023224,0.15000000596046448,0.15000000596046448,1.0,1.0,1.0,1.0
complex_qaware_v018_r2,closed_loop,complex,full,1,0.18,True,5.779388579,1785050541.7822556,0.6620584969964957,-0.016134510458553603,-0.09450263923573932,0.11772584855247813,0.009894610572659316,0.500593944392819,0.11947585833422134,0.16526190358057358,21.0,0.6432543506766712,-0.0136929413367943,1.6432280475852317,-0.006748098620175769,2.647626329366266,-0.0017889144279092089,0.5909555554389954,0.1544150859117508,0.10441508889198303,0.8014730215072632,0.8014730215072632,0,ROW_FOLLOW,,1.0,130.0,136.0,0.10116893798112869,0.0033466219902038574,0.0,0.30248594284057617,0.0,-0.29579269886016846,0.0,0.5714285969734192,0.7380951642990112,0.968908429145813,0.9242910742759705,1.0,0.523809552192688,0.8014730215072632,0.30000001192092896,0.20000000298023224,0.20000000298023224,0.15000000596046448,0.15000000596046448,1.0,1.0,1.0,1.0
complex_qaware_v018_r2,closed_loop,complex,full,1,0.18,True,5.829464394,1785050541.8323312,0.6620586669074313,-0.016132716821698343,-0.09439316638826382,0.11779311670761652,0.013894000297130159,0.5005957460595185,0.11826288870771014,0.17108486945104034,21.0,0.6524459046735902,-0.012338640136828893,1.6524269301376817,-0.006244385752802566,2.652407991372069,-0.00015012528416342408,0.5918726325035095,0.15786360204219818,0.10786360502243042,0.7995867729187012,0.7995867729187012,0,ROW_FOLLOW,,1.0,126.0,136.0,0.10182691365480423,0.004613667726516724,0.0,0.3036732077598572,0.0,-0.29444587230682373,0.0,0.5634920597076416,0.7380951642990112,0.9694290161132812,0.9268954396247864,1.0,0.523809552192688,0.7995867729187012,0.30000001192092896,0.20000000298023224,0.20000000298023224,0.15000000596046448,0.15000000596046448,1.0,1.0,1.0,1.0
complex_qaware_v018_r2,closed_loop,complex,full,1,0.18,True,5.879327981,1785050541.882195,0.6783250016235672,-0.01814872545817354,-0.09360848180016967,0.11781644679681089,0.02642888728673463,0.516999999653142,0.11683200786857392,0.18062407504528183,21.0,0.6524459046735902,-0.012338640136828893,1.6524269301376817,-0.006244385752802566,2.652407991372069,-0.00015012528416342408,0.5918726325035095,0.15786360204219818,0.10786360502243042,0.7995867729187012,0.7995867729187012,0,ROW_FOLLOW,,1.0,126.0,136.0,0.10182691365480423,0.004613667726516724,0.0,0.3036732077598572,0.0,-0.29444587230682373,0.0,0.5634920597076416,0.7380951642990112,0.9694290161132812,0.9268954396247864,1.0,0.523809552192688,0.7995867729187012,0.30000001192092896,0.20000000298023224,0.20000000298023224,0.15000000596046448,0.15000000596046448,1.0,1.0,1.0,1.0
complex_qaware_v018_r2,closed_loop,complex,full,1,0.18,True,5.929487926,1785050541.932355,0.6843150895380974,-0.01869859231722775,-0.09316341559830742,0.11788240049327883,0.015102717420533348,0.5230180374683413,0.11526314902559147,0.18655012923775607,19.0,0.664057143114226,-0.01197738695078448,1.5640332448667136,-0.0054550333282413445,2.530673873676482,0.001618770776007703,0.5924540162086487,0.16459892690181732,0.11459892988204956,0.795809268951416,0.795809268951416,0,ROW_FOLLOW,,1.0,131.0,136.0,0.10188031196594238,0.005564957857131958,0.0,0.30470848083496094,0.0,-0.293578565120697,0.0,0.5714285969734192,0.6857142448425293,0.9771510362625122,0.9453839659690857,1.0,0.4285714328289032,0.795809268951416,0.30000001192092896,0.20000000298023224,0.20000000298023224,0.15000000596046448,0.15000000596046448,1.0,1.0,1.0,1.0
complex_qaware_v018_r2,closed_loop,complex,full,1,0.18,True,5.981774862,1785050541.9846418,0.6905019848024223,-0.019247901653732098,-0.09226866072720119,0.11984247535114348,0.014758679198737027,0.5292432759969214,0.11497521284591777,0.1884697037689141,19.0,0.6769150946077565,-0.01218218539736222,1.5768850534656014,-0.004842298486577769,2.610183548363755,0.003640392520405175,0.5929961204528809,0.15542317926883698,0.10542318224906921,0.7874342203140259,0.795809268951416,0,ROW_FOLLOW,,1.0,136.0,140.0,0.1011391133069992,0.006806537508964539,0.0,0.3060820400714874,0.0,-0.29246896505355835,0.0,0.5317460298538208,0.7119047045707703,0.9741588830947876,0.9379844665527344,1.0,0.4761904776096344,0.7874342203140259,0.30000001192092896,0.20000000298023224,0.20000000298023224,0.15000000596046448,0.15000000596046448,1.0,1.0,1.0,1.0
complex_qaware_v018_r2,closed_loop,complex,full,1,0.18,True,6.029541796,1785050542.0324087,0.697958791879292,-0.019602236068634815,-0.09175453364348445,0.12514136344104057,0.01665383828411794,0.5367421812470333,0.1132849537900878,0.189688039109579,19.0,0.6769150946077565,-0.01218218539736222,1.5768850534656014,-0.004842298486577769,2.610183548363755,0.003640392520405175,0.5929961204528809,0.15542317926883698,0.10542318224906921,0.7874342203140259,0.7874342203140259,0,ROW_FOLLOW,,1.0,136.0,140.0,0.1011391133069992,0.006806537508964539,0.0,0.3060820400714874,0.0,-0.29246896505355835,0.0,0.5317460298538208,0.7119047045707703,0.9741588830947876,0.9379844665527344,1.0,0.4761904776096344,0.7874342203140259,0.30000001192092896,0.20000000298023224,0.20000000298023224,0.15000000596046448,0.15000000596046448,1.0,1.0,1.0,1.0
complex_qaware_v018_r2,closed_loop,complex,full,1,0.18,True,6.079450889,1785050542.0823178,0.7056873058324205,-0.019215716614491007,-0.0906039629704467,0.1261471564762154,0.024199847798833274,0.544685076121916,0.11378667503248353,0.1863432308269407,19.0,0.6769150946077565,-0.01218218539736222,1.5768850534656014,-0.004842298486577769,2.610183548363755,0.003640392520405175,0.5929961204528809,0.15542317926883698,0.10542318224906921,0.7874342203140259,0.7874342203140259,0,ROW_FOLLOW,,1.0,136.0,140.0,0.1011391133069992,0.006806537508964539,0.0,0.3060820400714874,0.0,-0.29246896505355835,0.0,0.5317460298538208,0.7119047045707703,0.9741588830947876,0.9379844665527344,1.0,0.4761904776096344,0.7874342203140259,0.30000001192092896,0.20000000298023224,0.20000000298023224,0.15000000596046448,0.15000000596046448,1.0,1.0,1.0,1.0
complex_qaware_v018_r2,closed_loop,complex,full,1,0.18,True,6.129372942,1785050542.1322398,0.7107050786610478,-0.019664072850319025,-0.09050093362286526,0.12639677028093618,0.014181843523893704,0.5497240561349386,0.11736447257799348,0.1892429561745828,21.0,0.6914452573768175,-0.01215563844381627,1.691406518663829,-0.003349884230475856,2.7055294428713954,0.007109045006125886,0.5923646688461304,0.16111858189105988,0.11111858487129211,0.8097273111343384,0.8097273111343384,0,ROW_FOLLOW,,1.0,130.0,147.0,0.09987927973270416,0.007774725556373596,0.0,0.3071216940879822,0.0,-0.291572242975235,0.0,0.6111111044883728,0.7119047045707703,0.9724195599555969,0.9301938414573669,1.0,0.4761904776096344,0.8097273111343384,0.30000001192092896,0.20000000298023224,0.20000000298023224,0.15000000596046448,0.15000000596046448,1.0,1.0,1.0,1.0
complex_qaware_v018_r2,closed_loop,complex,full,1,0.18,True,6.17975635,1785050542.1826231,0.7241052761277831,-0.021251537244377696,-0.08958030472342449,0.1249304556562062,0.021238830355266164,0.5632341893678445,0.11611613781642728,0.19756518791835748,21.0,0.6914452573768175,-0.01215563844381627,1.691406518663829,-0.003349884230475856,2.7055294428713954,0.007109045006125886,0.5923646688461304,0.16111858189105988,0.11111858487129211,0.8097273111343384,0.8097273111343384,0,ROW_FOLLOW,,1.0,130.0,147.0,0.09987927973270416,0.007774725556373596,0.0,0.3071216940879822,0.0,-0.291572242975235,0.0,0.6111111044883728,0.7119047045707703,0.9724195599555969,0.9301938414573669,1.0,0.4761904776096344,0.8097273111343384,0.30000001192092896,0.20000000298023224,0.20000000298023224,0.15000000596046448,0.15000000596046448,1.0,1.0,1.0,1.0
complex_qaware_v018_r2,closed_loop,complex,full,1,0.18,True,6.229430813,1785050542.2322977,0.72836033152491,-0.020715079113943168,-0.08858147105407355,0.12958888103569186,0.01994058756966325,0.570746647997823,0.11569131179655052,0.1921790729625717,19.0,0.7066946000625306,-0.012269677474126937,1.6066566641503073,-0.003998225005007729,2.639946540544433,0.005492992496450736,0.5968449115753174,0.16448219120502472,0.11448219418525696,0.802878737449646,0.802878737449646,0,ROW_FOLLOW,,1.0,138.0,138.0,0.09866546094417572,0.008323803544044495,0.0,0.30825817584991455,0.0,-0.29161056876182556,0.0,0.60317462682724,0.6857142448425293,0.9734887480735779,0.9339046478271484,1.0,0.4285714328289032,0.802878737449646,0.30000001192092896,0.20000000298023224,0.20000000298023224,0.15000000596046448,0.15000000596046448,1.0,1.0,1.0,1.0
complex_qaware_v018_r2,closed_loop,complex,full,1,0.18,True,6.282463687,1785050542.2853308,0.7341965161877435,-0.02121897639062947,-0.0877608279398463,0.12605276243140848,0.018063912507933273,0.5766112682797215,0.11538772211063543,0.1942030042020057,21.0,0.7212516756661612,-0.012308195912497738,1.7212070932431611,-0.002854313804436089,2.7197745734476704,0.006936402418079706,0.5945565104484558,0.1673000007867813,0.11730000376701355,0.8067970275878906,0.802878737449646,0,ROW_FOLLOW,,1.0,134.0,143.0,0.09742144495248795,0.008662194013595581,0.0,0.3091234862804413,0.0,-0.2917990982532501,0.0,0.579365074634552,0.7380951642990112,0.974124014377594,0.9369574189186096,1.0,0.523809552192688,0.8067970275878906,0.30000001192092896,0.20000000298023224,0.20000000298023224,0.15000000596046448,0.15000000596046448,1.0,1.0,1.0,1.0
complex_qaware_v018_r2,closed_loop,complex,full,1,0.18,True,6.329360362,1785050542.3322272,0.7402565104318226,-0.021724288066734352,-0.08664691903612406,0.12625998047321754,0.019540308803010154,0.5827051644815157,0.11602258721098047,0.194672518365599,21.0,0.7212516756661612,-0.012308195912497738,1.7212070932431611,-0.002854313804436089,2.7197745734476704,0.006936402418079706,0.5945565104484558,0.1673000007867813,0.11730000376701355,0.8067970275878906,0.8067970275878906,0,ROW_FOLLOW,,1.0,134.0,143.0,0.09742144495248795,0.008662194013595581,0.0,0.3091234862804413,0.0,-0.2917990982532501,0.0,0.579365074634552,0.7380951642990112,0.974124014377594,0.9369574189186096,1.0,0.523809552192688,0.8067970275878906,0.30000001192092896,0.20000000298023224,0.20000000298023224,0.15000000596046448,0.15000000596046448,1.0,1.0,1.0,1.0
complex_qaware_v018_r2,closed_loop,complex,full,1,0.18,True,6.382101805,1785050542.3849688,0.7407228280356759,-0.021734385359866916,-0.085356986980766,0.12199414148673395,0.029808949798622114,0.583193762501083,0.11629521349066742,0.19285500983435258,21.0,0.7212516756661612,-0.012308195912497738,1.7212070932431611,-0.002854313804436089,2.7197745734476704,0.006936402418079706,0.5945565104484558,0.1673000007867813,0.11730000376701355,0.8067970275878906,0.8067970275878906,0,ROW_FOLLOW,,1.0,134.0,143.0,0.09742144495248795,0.008662194013595581,0.0,0.3091234862804413,0.0,-0.2917990982532501,0.0,0.579365074634552,0.7380951642990112,0.974124014377594,0.9369574189186096,1.0,0.523809552192688,0.8067970275878906,0.30000001192092896,0.20000000298023224,0.20000000298023224,0.15000000596046448,0.15000000596046448,1.0,1.0,1.0,1.0
complex_qaware_v018_r2,closed_loop,complex,full,1,0.18,True,6.429428025,1785050542.4322948,0.7500840517872283,-0.02355293508491595,-0.08413625673922852,0.12390515946748472,0.01955001335058854,0.5928278004277989,0.1166236008078062,0.199780551016196,20.0,0.7329216640444747,-0.012509990356498224,1.7378742109936252,-0.002737003149717962,2.687274067471801,0.0069567789056801535,0.5950068831443787,0.1682271510362625,0.11822715401649475,0.8143926858901978,0.8143926858901978,0,ROW_FOLLOW,,1.0,145.0,149.0,0.09543842822313309,0.00968816876411438,0.0,0.31076616048812866,0.0,-0.2913898229598999,0.0,0.5873015522956848,0.764285683631897,0.9735086560249329,0.9376222491264343,1.0,0.5714285969734192,0.8143926858901978,0.30000001192092896,0.20000000298023224,0.20000000298023224,0.15000000596046448,0.15000000596046448,1.0,1.0,1.0,1.0
complex_qaware_v018_r2,closed_loop,complex,full,1,0.18,True,6.479363263,1785050542.4822302,0.755583031056333,-0.02400084360617189,-0.08331687611308863,0.11974314528918317,0.018526580180372027,0.5983523232155784,0.11634190249329225,0.20165853977962228,20.0,0.7329216640444747,-0.012509990356498224,1.7378742109936252,-0.002737003149717962,2.687274067471801,0.0069567789056801535,0.5950068831443787,0.1682271510362625,0.11822715401649475,0.8143926858901978,0.8143926858901978,0,ROW_FOLLOW,,1.0,145.0,149.0,0.09543842822313309,0.00968816876411438,0.0,0.31076616048812866,0.0,-0.2913898229598999,0.0,0.5873015522956848,0.764285683631897,0.9735086560249329,0.9376222491264343,1.0,0.5714285969734192,0.8143926858901978,0.30000001192092896,0.20000000298023224,0.20000000298023224,0.15000000596046448,0.15000000596046448,1.0,1.0,1.0,1.0
complex_qaware_v018_r2,closed_loop,complex,full,1,0.18,True,6.529481481,1785050542.5323484,0.7663343162903946,-0.02494443501172496,-0.08276693543853586,0.11971446353312559,0.017328409017381065,0.6091490275958683,0.11606874465537646,0.2047460238408659,21.0,0.7434075809002746,-0.012736951592560048,1.7483600267071155,-0.0029541662268968275,2.744707597014723,0.006033789520233519,0.5920703411102295,0.1529126614332199,0.10291266441345215,0.8154480457305908,0.8154480457305908,0,ROW_FOLLOW,,1.0,133.0,149.0,0.09277240931987762,0.010394349694252014,0.0,0.3123425841331482,0.0,-0.29155388474464417,0.0,0.60317462682724,0.764285683631897,0.966759979724884,0.9219096302986145,1.0,0.5714285969734192,0.8154480457305908,0.30000001192092896,0.20000000298023224,0.20000000298023224,0.15000000596046448,0.15000000596046448,1.0,1.0,1.0,1.0
complex_qaware_v018_r2,closed_loop,complex,full,1,0.18,True,6.580259681,1785050542.5831265,0.7718540504730281,-0.025365045459167797,-0.08135777762836492,0.11737610647004293,0.029142181453594717,0.6147031462130279,0.11590945348615643,0.2058079649689995,21.0,0.7434075809002746,-0.012736951592560048,1.7483600267071155,-0.0029541662268968275,2.744707597014723,0.006033789520233519,0.5920703411102295,0.1529126614332199,0.10291266441345215,0.8154480457305908,0.8154480457305908,0,ROW_FOLLOW,,1.0,133.0,149.0,0.09277240931987762,0.010394349694252014,0.0,0.3123425841331482,0.0,-0.29155388474464417,0.0,0.60317462682724,0.764285683631897,0.966759979724884,0.9219096302986145,1.0,0.5714285969734192,0.8154480457305908,0.30000001192092896,0.20000000298023224,0.20000000298023224,0.15000000596046448,0.15000000596046448,1.0,1.0,1.0,1.0
complex_qaware_v018_r2,closed_loop,complex,full,1,0.18,True,6.62934978,1785050542.632217,0.7719386824270966,-0.024826223092594645,-0.07970945566603183,0.11181815584868661,0.05860773559307918,0.626015958170701,0.11676468670729553,0.19593289293423266,20.0,0.7559663644557443,-0.012785136885607338,1.7609300021395136,-0.0045151178603016874,2.7225622785859023,0.003338912786006532,0.5939196944236755,0.15645523369312286,0.1064552366733551,0.8119701147079468,0.8119701147079468,0,ROW_FOLLOW,,1.0,137.0,135.0,0.08647996932268143,0.012663468718528748,0.0,0.3161919414997101,0.0,-0.2908650040626526,0.0,0.5952380895614624,0.764285683631897,0.965471625328064,0.9163150787353516,1.0,0.5714285969734192,0.8119701147079468,0.30000001192092896,0.20000000298023224,0.20000000298023224,0.15000000596046448,0.15000000596046448,1.0,1.0,1.0,1.0
complex_qaware_v018_r2,closed_loop,complex,full,1,0.18,True,6.679781508,1785050542.6826487,0.7773780852528123,-0.025206747128575523,-0.07609049493547416,0.10784923985942736,0.08414704895285605,0.6314974887631474,0.1171566736396779,0.1933196467183501,20.0,0.7559663644557443,-0.012785136885607338,1.7609300021395136,-0.0045151178603016874,2.7225622785859023,0.003338912786006532,0.5939196944236755,0.15645523369312286,0.1064552366733551,0.8119701147079468,0.8119701147079468,0,ROW_FOLLOW,,1.0,137.0,135.0,0.08647996932268143,0.012663468718528748,0.0,0.3161919414997101,0.0,-0.2908650040626526,0.0,0.5952380895614624,0.764285683631897,0.965471625328064,0.9163150787353516,1.0,0.5714285969734192,0.8119701147079468,0.30000001192092896,0.20000000298023224,0.20000000298023224,0.15000000596046448,0.15000000596046448,1.0,1.0,1.0,1.0
complex_qaware_v018_r2,closed_loop,complex,full,1,0.18,True,6.729410723,1785050542.7322779,0.7821517167475063,-0.02548698734131873,-0.07267968926040869,0.1076133027219459,0.0748073675846657,0.6363162859774077,0.11819946678353498,0.18909524865460725,19.0,0.7681810338827496,-0.012454635793158683,1.66815490698564,-0.005772469998051625,2.668126410387787,0.0015935217469404007,0.5939652323722839,0.15628682076931,0.10628682374954224,0.8142430782318115,0.8142430782318115,0,ROW_FOLLOW,,1.0,128.0,140.0,0.08378688991069794,0.014151960611343384,0.0,0.3186821937561035,0.0,-0.29037827253341675,0.0,0.6190476417541504,0.7380951642990112,0.9650774598121643,0.9192952513694763,1.0,0.523809552192688,0.8142430782318115,0.30000001192092896,0.20000000298023224,0.20000000298023224,0.15000000596046448,0.15000000596046448,1.0,1.0,1.0,1.0
complex_qaware_v018_r2,closed_loop,complex,full,1,0.18,True,6.779280999,1785050542.782148,0.7823419238015835,-0.025410266540164577,-0.06863401440053044,0.10889829210514833,0.07434474283014843,0.6365665318222519,0.11916335541380846,0.18266932445278403,19.0,0.7681810338827496,-0.012454635793158683,1.66815490698564,-0.005772469998051625,2.668126410387787,0.0015935217469404007,0.5939652323722839,0.15628682076931,0.10628682374954224,0.8142430782318115,0.8142430782318115,0,ROW_FOLLOW,,1.0,128.0,140.0,0.08378688991069794,0.014151960611343384,0.0,0.3186821937561035,0.0,-0.29037827253341675,0.0,0.6190476417541504,0.7380951642990112,0.9650774598121643,0.9192952513694763,1.0,0.523809552192688,0.8142430782318115,0.30000001192092896,0.20000000298023224,0.20000000298023224,0.15000000596046448,0.15000000596046448,1.0,1.0,1.0,1.0
complex_qaware_v018_r2,closed_loop,complex,full,1,0.18,True,6.829367472,1785050542.8322344,0.7913918718075856,-0.025110939101458035,-0.0649294010766645,0.10150477074899045,0.10117846086598131,0.6457070729873289,0.11432419457067804,0.1811009461330203,21.0,0.7771145643794523,-0.010790811600569687,1.777098533416168,-0.0053949394669808165,2.782274228056407,-0.0018772364775866517,0.598530113697052,0.15660078823566437,0.1066007912158966,0.786051869392395,0.786051869392395,0,ROW_FOLLOW,,1.0,122.0,132.0,0.07200314104557037,0.016794875264167786,0.0,0.3220790922641754,0.0,-0.28848934173583984,0.0,0.5396825671195984,0.7119047045707703,0.9644020795822144,0.9259047508239746,1.0,0.4761904776096344,0.786051869392395,0.30000001192092896,0.20000000298023224,0.20000000298023224,0.15000000596046448,0.15000000596046448,1.0,1.0,1.0,1.0
complex_qaware_v018_r2,closed_loop,complex,full,1,0.18,True,6.879442649,1785050542.8823097,0.7967251939529939,-0.025360233040202806,-0.058408157593520915,0.10349435868688674,0.11070348919578268,0.6510931604397029,0.11544849062176162,0.1736056391257964,21.0,0.7771145643794523,-0.010790811600569687,1.777098533416168,-0.0053949394669808165,2.782274228056407,-0.0018772364775866517,0.598530113697052,0.15660078823566437,0.1066007912158966,0.786051869392395,0.786051869392395,0,ROW_FOLLOW,,1.0,122.0,132.0,0.07200314104557037,0.016794875264167786,0.0,0.3220790922641754,0.0,-0.28848934173583984,0.0,0.5396825671195984,0.7119047045707703,0.9644020795822144,0.9259047508239746,1.0,0.4761904776096344,0.786051869392395,0.30000001192092896,0.20000000298023224,0.20000000298023224,0.15000000596046448,0.15000000596046448,1.0,1.0,1.0,1.0
complex_qaware_v018_r2,closed_loop,complex,full,1,0.18,True,6.929353918,1785050542.932221,0.8024967287171785,-0.024124724493554125,-0.054226713523552544,0.10319505164314677,0.11184208452360052,0.6585064535477465,0.11829339495426242,0.17039626498183788,21.0,0.7854183490311075,-0.008506160374056982,1.7854064121267494,-0.004396510287401967,2.7894867003073323,-0.0025990093093471688,0.5992608666419983,0.16184388101100922,0.11184388399124146,0.7991824150085449,0.7991824150085449,0,ROW_FOLLOW,,1.0,126.0,125.0,0.059671659022569656,0.019512459635734558,0.0,0.32562339305877686,0.0,-0.28659847378730774,0.0,0.5873015522956848,0.7119047045707703,0.9666705131530762,0.9151791930198669,1.0,0.4761904776096344,0.7991824150085449,0.30000001192092896,0.20000000298023224,0.20000000298023224,0.15000000596046448,0.15000000596046448,1.0,1.0,1.0,1.0
complex_qaware_v018_r2,closed_loop,complex,full,1,0.18,True,6.9796707,1785050542.9825377,0.8074891684605665,-0.024297773504411205,-0.04788642518235963,0.10235769627895121,0.11580490885937723,0.6635497602666343,0.11942165255460817,0.16287454764619946,21.0,0.7854183490311075,-0.008506160374056982,1.7854064121267494,-0.004396510287401967,2.7894867003073323,-0.0025990093093471688,0.5992608666419983,0.16184388101100922,0.11184388399124146,0.7991824150085449,0.7991824150085449,0,ROW_FOLLOW,,1.0,126.0,125.0,0.059671659022569656,0.019512459635734558,0.0,0.32562339305877686,0.0,-0.28659847378730774,0.0,0.5873015522956848,0.7119047045707703,0.9666705131530762,0.9151791930198669,1.0,0.4761904776096344,0.7991824150085449,0.30000001192092896,0.20000000298023224,0.20000000298023224,0.15000000596046448,0.15000000596046448,1.0,1.0,1.0,1.0
complex_qaware_v018_r2,closed_loop,complex,full,1,0.18,True,7.029475759,1785050543.0323427,0.8118530451306137,-0.024374510111360603,-0.04261134462692118,0.1020451359819948,0.13215137126375157,0.6679705064872564,0.11642483334278596,0.1651366008297912,21.0,0.7954642051290989,-0.006060729639872645,1.7954594651969507,-0.003181295076858198,2.795454767981564,-0.000301858297291336,0.6005388498306274,0.1637336164712906,0.11373361945152283,0.7844184637069702,0.7844184637069702,0,ROW_FOLLOW,,1.0,118.0,143.0,0.05189211294054985,0.020579025149345398,0.0,0.32707884907722473,0.0,-0.28592079877853394,0.0,0.5476190447807312,0.6857142448425293,0.9650091528892517,0.9332535862922668,1.0,0.4285714328289032,0.7844184637069702,0.30000001192092896,0.20000000298023224,0.20000000298023224,0.15000000596046448,0.15000000596046448,1.0,1.0,1.0,1.0
complex_qaware_v018_r2,closed_loop,complex,full,1,0.18,True,7.08161703,1785050543.084484,0.812129196116817,-0.02420942779215551,-0.03425135013099246,0.1026744665703739,0.1337175229923703,0.6683401501484129,0.1184206884093074,0.15183090038631486,21.0,0.7954642051290989,-0.006060729639872645,1.7954594651969507,-0.003181295076858198,2.795454767981564,-0.000301858297291336,0.6005388498306274,0.1637336164712906,0.11373361945152283,0.7844184637069702,0.7844184637069702,0,ROW_FOLLOW,,1.0,118.0,143.0,0.05189211294054985,0.020579025149345398,0.0,0.32707884907722473,0.0,-0.28592079877853394,0.0,0.5476190447807312,0.6857142448425293,0.9650091528892517,0.9332535862922668,1.0,0.4285714328289032,0.7844184637069702,0.30000001192092896,0.20000000298023224,0.20000000298023224,0.15000000596046448,0.15000000596046448,1.0,1.0,1.0,1.0
complex_qaware_v018_r2,closed_loop,complex,full,1,0.18,True,7.129768645,1785050543.1326356,0.824777770600063,-0.021326468517719657,-0.029505038355429846,0.1023867824981508,0.10822250342741796,0.6816326824963896,0.12236210430363556,0.14148411189849236,21.0,0.8053658359033741,-0.004245482395567747,1.8053557379758587,-0.00028752055541810185,2.8053456607142535,0.00367044066943285,0.6021217703819275,0.16383697092533112,0.11383697390556335,0.7976928949356079,0.7976928949356079,0,ROW_FOLLOW,,1.0,122.0,125.0,0.04085610434412956,0.021040141582489014,0.0,0.3280141353607178,0.0,-0.28593385219573975,0.0,0.5952380299568176,0.6857142448425293,0.9615735411643982,0.931092381477356,1.0,0.4285714328289032,0.7976928949356079,0.30000001192092896,0.20000000298023224,0.20000000298023224,0.15000000596046448,0.15000000596046448,1.0,1.0,1.0,1.0
complex_qaware_v018_r2,closed_loop,complex,full,1,0.18,True,7.180884038,1785050543.1837509,0.8343820078249796,-0.02025655443580171,-0.021952011249140035,0.11238422366447778,0.14704168262596318,0.6914379885081232,0.12388535063076724,0.13132913638428118,21.0,0.8053658359033741,-0.004245482395567747,1.8053557379758587,-0.00028752055541810185,2.8053456607142535,0.00367044066943285,0.6021217703819275,0.16383697092533112,0.11383697390556335,0.7976928949356079,0.7976928949356079,0,ROW_FOLLOW,,1.0,122.0,125.0,0.04085610434412956,0.021040141582489014,0.0,0.3280141353607178,0.0,-0.28593385219573975,0.0,0.5952380299568176,0.6857142448425293,0.9615735411643982,0.931092381477356,1.0,0.4285714328289032,0.7976928949356079,0.30000001192092896,0.20000000298023224,0.20000000298023224,0.15000000596046448,0.15000000596046448,1.0,1.0,1.0,1.0
complex_qaware_v018_r2,closed_loop,complex,full,1,0.18,True,7.229377965,1785050543.232245,0.8407257568350476,-0.022052982630671198,-0.015786030872833482,0.11233940816490752,0.15395592198326516,0.6990623741818277,0.12365987214480602,0.14040173470743747,21.0,0.8178697391022212,-0.002223032719872452,1.8178484557752324,0.004077184522811312,2.8178271752751267,0.010377400171280929,0.5999800562858582,0.16148121654987335,0.11148121953010559,0.804000735282898,0.804000735282898,0,ROW_FOLLOW,,1.0,134.0,135.0,0.030242374166846275,0.020476818084716797,0.0,0.32786715030670166,0.0,-0.28691351413726807,0.0,0.5873015522956848,0.7380951642990112,0.9589179754257202,0.9227176904678345,1.0,0.523809552192688,0.804000735282898,0.30000001192092896,0.20000000298023224,0.20000000298023224,0.15000000596046448,0.15000000596046448,1.0,1.0,1.0,1.0
complex_qaware_v018_r2,closed_loop,complex,full,1,0.18,True,7.280777684,1785050543.2836447,0.8461682890914519,-0.02199906170592292,-0.007144277718850845,0.11652325958756295,0.14218349213633888,0.7045695899001471,0.12536056499124235,0.12906378239786181,21.0,0.8178697391022212,-0.002223032719872452,1.8178484557752324,0.004077184522811312,2.8178271752751267,0.010377400171280929,0.5999800562858582,0.16148121654987335,0.11148121953010559,0.804000735282898,0.804000735282898,0,ROW_FOLLOW,,1.0,134.0,135.0,0.030242374166846275,0.020476818084716797,0.0,0.32786715030670166,0.0,-0.28691351413726807,0.0,0.5873015522956848,0.7380951642990112,0.9589179754257202,0.9227176904678345,1.0,0.523809552192688,0.804000735282898,0.30000001192092896,0.20000000298023224,0.20000000298023224,0.15000000596046448,0.15000000596046448,1.0,1.0,1.0,1.0
complex_qaware_v018_r2,closed_loop,complex,full,1,0.18,True,7.32989492,1785050543.3327618,0.8516541528365296,-0.021872606840817654,-0.001932101512104989,0.11657526624906987,0.11766783336452848,0.7101141767347491,0.12623286600941222,0.12322212086559643,19.0,0.8307595366375367,-0.0013073888379016411,1.7307398919532837,0.004475979581400708,2.697386378316075,0.010551544860945788,0.6005174517631531,0.16233067214488983,0.11233067512512207,0.8039788007736206,0.8039788007736206,0,ROW_FOLLOW,,1.0,115.0,115.0,0.011527213267982006,0.021027281880378723,0.0,0.32873624563217163,0.0,-0.2866816818714142,0.0,0.5714285969734192,0.764285683631897,0.9597821235656738,0.9182444214820862,1.0,0.5714285969734192,0.8039788007736206,0.30000001192092896,0.20000000298023224,0.20000000298023224,0.15000000596046448,0.15000000596046448,1.0,1.0,1.0,1.0
complex_qaware_v018_r2,closed_loop,complex,full,1,0.18,True,7.384554551,1785050543.3874214,0.8516532024122418,-0.02176287486103963,0.004647155166747297,0.1154154504599395,0.11670985724443321,0.7102239130063147,0.12779316252392692,0.11282014410216525,21.0,0.8439392168332095,-0.0005089121989778183,1.843918864782178,0.005683660376093858,2.8428192206830203,0.01391741561941802,0.6004874110221863,0.1608325093984604,0.11083251237869263,0.8095560073852539,0.8039788007736206,0,ROW_FOLLOW,,1.0,113.0,110.0,0.0012574032880365849,0.02098892629146576,0.0,0.32869672775268555,0.0,-0.28671887516975403,0.0,0.5873016119003296,0.764285683631897,0.9595111012458801,0.9240410327911377,1.0,0.5714285969734192,0.8095560073852539,0.30000001192092896,0.20000000298023224,0.20000000298023224,0.15000000596046448,0.15000000596046448,1.0,1.0,1.0,1.0
complex_qaware_v018_r2,closed_loop,complex,full,1,0.18,True,7.429457199,1785050543.4323242,0.8518187358621213,-0.021632266881272975,0.008679660540124258,0.1154394109424339,0.10940141522272438,0.7104509783233524,0.12989621760709416,0.10549242481501024,21.0,0.8439392168332095,-0.0005089121989778183,1.843918864782178,0.005683660376093858,2.8428192206830203,0.01391741561941802,0.6004874110221863,0.1608325093984604,0.11083251237869263,0.8095560073852539,0.8095560073852539,0,ROW_FOLLOW,,1.0,113.0,110.0,0.0012574032880365849,0.02098892629146576,0.0,0.32869672775268555,0.0,-0.28671887516975403,0.0,0.5873016119003296,0.764285683631897,0.9595111012458801,0.9240410327911377,1.0,0.5714285969734192,0.8095560073852539,0.30000001192092896,0.20000000298023224,0.20000000298023224,0.15000000596046448,0.15000000596046448,1.0,1.0,1.0,1.0
complex_qaware_v018_r2,closed_loop,complex,full,1,0.18,True,7.479599738,1785050543.4824667,0.8519932213030124,-0.021428054993175755,0.015531355051773502,0.11547512627890069,0.10502513463992258,0.7107516950482764,0.13159271313022758,0.09418245466078745,21.0,0.8439392168332095,-0.0005089121989778183,1.843918864782178,0.005683660376093858,2.8428192206830203,0.01391741561941802,0.6004874110221863,0.1608325093984604,0.11083251237869263,0.8095560073852539,0.8095560073852539,0,ROW_FOLLOW,,1.0,113.0,110.0,0.0012574032880365849,0.02098892629146576,0.0,0.32869672775268555,0.0,-0.28671887516975403,0.0,0.5873016119003296,0.764285683631897,0.9595111012458801,0.9240410327911377,1.0,0.5714285969734192,0.8095560073852539,0.30000001192092896,0.20000000298023224,0.20000000298023224,0.15000000596046448,0.15000000596046448,1.0,1.0,1.0,1.0
complex_qaware_v018_r2,closed_loop,complex,full,1,0.18,True,7.529544417,1785050543.5324113,0.8519910062602132,-0.0213616192273181,0.019435466013773883,0.11549900972864238,0.08981602045477428,0.7108181677614639,0.13229340038714482,0.08285117400900033,20.0,0.8498161477854108,-0.0010551125686538293,1.883130275995182,0.005125999061934337,2.8016418301696295,0.012017974164092877,0.6003101468086243,0.16473491489887238,0.11473491787910461,0.8040059804916382,0.8040059804916382,0,ROW_FOLLOW,,1.0,108.0,96.0,-0.008025933988392353,0.02000957727432251,0.0,0.32786545157432556,0.0,-0.28784629702568054,0.0,0.6190476417541504,0.6857142448425293,0.9632353782653809,0.9233447313308716,1.0,0.4285714328289032,0.8040059804916382,0.30000001192092896,0.20000000298023224,0.20000000298023224,0.15000000596046448,0.15000000596046448,1.0,1.0,1.0,1.0
complex_qaware_v018_r2,closed_loop,complex,full,1,0.18,True,7.583209657,1785050543.5860767,0.8522077141033547,-0.021247681361155887,0.022772226402287828,0.11552289705532286,0.07786563268037218,0.7110797600304096,0.13312631535519936,0.07729840755530326,20.0,0.8498161477854108,-0.0010551125686538293,1.883130275995182,0.005125999061934337,2.8016418301696295,0.012017974164092877,0.6003101468086243,0.16473491489887238,0.11473491787910461,0.8040059804916382,0.8040059804916382,0,ROW_FOLLOW,,1.0,108.0,96.0,-0.008025933988392353,0.02000957727432251,0.0,0.32786545157432556,0.0,-0.28784629702568054,0.0,0.6190476417541504,0.6857142448425293,0.9632353782653809,0.9233447313308716,1.0,0.4285714328289032,0.8040059804916382,0.30000001192092896,0.20000000298023224,0.20000000298023224,0.15000000596046448,0.15000000596046448,1.0,1.0,1.0,1.0
complex_qaware_v018_r2,closed_loop,complex,full,1,0.18,True,7.629456463,1785050543.6323233,0.8921110385737452,-0.01820355579504923,0.0295328624315756,0.13101634024894965,0.15608890604319878,0.7511589631606563,0.1275282836365829,0.0642495947360131,19.0,0.8518604300325118,-0.001198923701413987,1.7951728486511025,0.0050658443604019885,2.751818736926596,0.011380251114569124,0.6087076663970947,0.16606231033802032,0.11606231331825256,0.7620317935943604,0.7620317935943604,0,ROW_FOLLOW,,1.0,87.0,85.0,-0.01820823736488819,0.019759953022003174,0.0,0.32730332016944885,0.0,-0.2877834141254425,0.0,0.4761904776096344,0.6595237255096436,0.9696362614631653,0.9556170701980591,1.0,0.380952388048172,0.7620317935943604,0.30000001192092896,0.20000000298023224,0.20000000298023224,0.15000000596046448,0.15000000596046448,1.0,1.0,1.0,1.0
complex_qaware_v018_r2,closed_loop,complex,full,1,0.18,True,7.680021444,1785050543.6828885,0.8983782711364471,-0.01786032096555341,0.038303014080467,0.12932483834118635,0.16614458221552889,0.7575104678510498,0.129401031951264,0.051764605971472255,19.0,0.8518604300325118,-0.001198923701413987,1.7951728486511025,0.0050658443604019885,2.751818736926596,0.011380251114569124,0.6087076663970947,0.16606231033802032,0.11606231331825256,0.7620317935943604,0.7620317935943604,0,ROW_FOLLOW,,1.0,87.0,85.0,-0.01820823736488819,0.019759953022003174,0.0,0.32730332016944885,0.0,-0.2877834141254425,0.0,0.4761904776096344,0.6595237255096436,0.9696362614631653,0.9556170701980591,1.0,0.380952388048172,0.7620317935943604,0.30000001192092896,0.20000000298023224,0.20000000298023224,0.15000000596046448,0.15000000596046448,1.0,1.0,1.0,1.0
complex_qaware_v018_r2,closed_loop,complex,full,1,0.18,True,7.729775622,1785050543.7326427,0.9087945956810195,-0.016077074959128343,0.044525478723404614,0.13184290275375524,0.16270746545562545,0.7682241331849469,0.13016715879046092,0.03818932408735679,21.0,0.8674077244767648,-0.00030955912340994404,1.9573711635419986,0.008442692577529429,2.898061462761784,0.022861942678028237,0.6101647615432739,0.1693054884672165,0.11930549144744873,0.7549753189086914,0.7549753189086914,0,ROW_FOLLOW,,1.0,94.0,88.0,-0.027818739414215088,0.019755184650421143,0.0,0.32697367668151855,0.0,-0.28746330738067627,0.0,0.4682539999485016,0.6333332657814026,0.9680290222167969,0.9615111351013184,1.0,0.3333333432674408,0.7549753189086914,0.30000001192092896,0.20000000298023224,0.20000000298023224,0.15000000596046448,0.15000000596046448,1.0,1.0,1.0,1.0
complex_qaware_v018_r2,closed_loop,complex,full,1,0.18,True,7.780003315,1785050543.7828703,0.9105679835001856,-0.015315587075116998,0.05331936448802033,0.12972198852578987,0.109780582024681,0.7790874421124563,0.13265778067433995,0.021585178194829968,21.0,0.8674077244767648,-0.00030955912340994404,1.9573711635419986,0.008442692577529429,2.898061462761784,0.022861942678028237,0.6101647615432739,0.1693054884672165,0.11930549144744873,0.7549753189086914,0.7549753189086914,0,ROW_FOLLOW,,1.0,94.0,88.0,-0.027818739414215088,0.019755184650421143,0.0,0.32697367668151855,0.0,-0.28746330738067627,0.0,0.4682539999485016,0.6333332657814026,0.9680290222167969,0.9615111351013184,1.0,0.3333333432674408,0.7549753189086914,0.30000001192092896,0.20000000298023224,0.20000000298023224,0.15000000596046448,0.15000000596046448,1.0,1.0,1.0,1.0
complex_qaware_v018_r2,closed_loop,complex,full,1,0.18,True,7.829502321,1785050543.832369,0.916826258777713,-0.01482200581986964,0.05693270139411009,0.1300268722342618,0.08487034194109669,0.7854107709354173,0.13675358322974251,0.018629851095132932,19.0,0.8869188892496004,0.001198407561151079,1.7968799033493497,0.009453041239043648,2.820169779308079,0.01870033250003123,0.6077075004577637,0.1614309400320053,0.11143094301223755,0.7752670049667358,0.7752670049667358,0,ROW_FOLLOW,,1.0,86.0,92.0,-0.042926572263240814,0.018421441316604614,0.0,0.32518190145492554,0.0,-0.2883390188217163,0.0,0.523809552192688,0.6595237255096436,0.967235267162323,0.951815664768219,1.0,0.380952388048172,0.7752670049667358,0.30000001192092896,0.20000000298023224,0.20000000298023224,0.15000000596046448,0.15000000596046448,1.0,1.0,1.0,1.0
complex_qaware_v018_r2,closed_loop,complex,full,1,0.18,True,7.882019632,1785050543.8848865,0.9217758222528821,-0.012288331143146324,0.06048090764839611,0.12902800551259103,0.08575160702950323,0.7953719668343485,0.13937521829798033,0.0011522839735474567,19.0,0.8869188892496004,0.001198407561151079,1.7968799033493497,0.009453041239043648,2.820169779308079,0.01870033250003123,0.6077075004577637,0.1614309400320053,0.11143094301223755,0.7752670049667358,0.7752670049667358,0,ROW_FOLLOW,,1.0,86.0,92.0,-0.042926572263240814,0.018421441316604614,0.0,0.32518190145492554,0.0,-0.2883390188217163,0.0,0.523809552192688,0.6595237255096436,0.967235267162323,0.951815664768219,1.0,0.380952388048172,0.7752670049667358,0.30000001192092896,0.20000000298023224,0.20000000298023224,0.15000000596046448,0.15000000596046448,1.0,1.0,1.0,1.0
complex_qaware_v018_r2,closed_loop,complex,full,1,0.18,True,7.929458528,1785050543.9323254,0.9282167317223149,-0.015032202300736461,0.06414896591568198,0.1301030892931391,0.09101579979686483,0.8027430103275276,0.132440389284705,0.01778976990636922,20.0,0.9100512549039247,0.0033171222878770347,1.9099989136979192,0.013557762440937546,2.8597882760997653,0.023228363507364874,0.6065766215324402,0.1655687838792801,0.11556878685951233,0.7506047487258911,0.7506047487258911,0,ROW_FOLLOW,,1.0,92.0,98.0,-0.05063552409410477,0.01724189519882202,0.0,0.32369375228881836,0.0,-0.2892099618911743,0.0,0.4523809850215912,0.6333332657814026,0.9700523614883423,0.9614220857620239,1.0,0.3333333432674408,0.7506047487258911,0.30000001192092896,0.20000000298023224,0.20000000298023224,0.15000000596046448,0.15000000596046448,1.0,1.0,1.0,1.0
complex_qaware_v018_r2,closed_loop,complex,full,1,0.18,True,7.982540523,1785050543.9854076,0.9345603147441602,-0.014543338599757703,0.06813807543556161,0.12999375500811566,0.07830053235765258,0.8091415085644298,0.13334902529129508,0.011732196529102037,20.0,0.9100512549039247,0.0033171222878770347,1.9099989136979192,0.013557762440937546,2.8597882760997653,0.023228363507364874,0.6065766215324402,0.1655687838792801,0.11556878685951233,0.7506047487258911,0.7506047487258911,0,ROW_FOLLOW,,1.0,92.0,98.0,-0.05063552409410477,0.01724189519882202,0.0,0.32369375228881836,0.0,-0.2892099618911743,0.0,0.4523809850215912,0.6333332657814026,0.9700523614883423,0.9614220857620239,1.0,0.3333333432674408,0.7506047487258911,0.30000001192092896,0.20000000298023224,0.20000000298023224,0.15000000596046448,0.15000000596046448,1.0,1.0,1.0,1.0
complex_qaware_v018_r2,closed_loop,complex,full,1,0.18,True,8.029527538,1785050544.0323944,0.9416351393387496,-0.015489056829654412,0.07025150170413409,0.13280912076694276,0.06912727957243647,0.8166781456831296,0.13294314636306573,0.010107325612398679,21.0,0.9221270870497943,0.0030473744680446263,1.9220752441463258,0.013241295710668366,2.934291962709806,0.021772390617488965,0.607502281665802,0.1726844161748886,0.12268441915512085,0.7469958066940308,0.7469958066940308,0,ROW_FOLLOW,,1.0,83.0,91.0,-0.05779396742582321,0.015628710389137268,0.0,0.3219878375530243,0.0,-0.29073041677474976,0.0,0.4365079402923584,0.6333332657814026,0.9726272821426392,0.9656754732131958,1.0,0.3333333432674408,0.7469958066940308,0.30000001192092896,0.20000000298023224,0.20000000298023224,0.15000000596046448,0.15000000596046448,1.0,1.0,1.0,1.0
complex_qaware_v018_r2,closed_loop,complex,full,1,0.18,True,8.079432441,1785050544.0822995,0.9482084139466772,-0.014962152498511256,0.07326443240056382,0.13349801811177084,0.06207253703851116,0.8232994225737421,0.1336394877642432,0.005465049604548916,21.0,0.9221270870497943,0.0030473744680446263,1.9220752441463258,0.013241295710668366,2.934291962709806,0.021772390617488965,0.607502281665802,0.1726844161748886,0.12268441915512085,0.7469958066940308,0.7469958066940308,0,ROW_FOLLOW,,1.0,83.0,91.0,-0.05779396742582321,0.015628710389137268,0.0,0.3219878375530243,0.0,-0.29073041677474976,0.0,0.4365079402923584,0.6333332657814026,0.9726272821426392,0.9656754732131958,1.0,0.3333333432674408,0.7469958066940308,0.30000001192092896,0.20000000298023224,0.20000000298023224,0.15000000596046448,0.15000000596046448,1.0,1.0,1.0,1.0
complex_qaware_v018_r2,closed_loop,complex,full,1,0.18,True,8.129450755,1785050544.1323178,0.9549109668465726,-0.014376302199700906,0.07575426301742057,0.1338417693259442,0.04682790565039674,0.8300605657000808,0.13311533074494536,-0.010380928985520486,21.0,0.9346890042734941,0.0018220947046928757,1.9346379580145134,0.011936249092456148,2.9411256666660934,0.020754013347349158,0.6087394952774048,0.16908080875873566,0.1190808117389679,0.7481803894042969,0.7481803894042969,0,ROW_FOLLOW,,1.0,93.0,102.0,-0.06311094760894775,0.014391914010047913,0.0,0.32077112793922424,0.0,-0.2919872999191284,0.0,0.4285714328289032,0.6595237255096436,0.9687706828117371,0.959666907787323,1.0,0.380952388048172,0.7481803894042969,0.30000001192092896,0.20000000298023224,0.20000000298023224,0.15000000596046448,0.15000000596046448,1.0,1.0,1.0,1.0
complex_qaware_v018_r2,closed_loop,complex,full,1,0.18,True,8.179424683,1785050544.1822917,0.9547936990549042,-0.014299665084501543,0.07854416325873537,0.13409425067161926,0.03466281353380051,0.8302214553881087,0.13242213408909687,-0.015002240024510468,21.0,0.9346890042734941,0.0018220947046928757,1.9346379580145134,0.011936249092456148,2.9411256666660934,0.020754013347349158,0.6087394952774048,0.16908080875873566,0.1190808117389679,0.7481803894042969,0.7481803894042969,0,ROW_FOLLOW,,1.0,93.0,102.0,-0.06311094760894775,0.014391914010047913,0.0,0.32077112793922424,0.0,-0.2919872999191284,0.0,0.4285714328289032,0.6595237255096436,0.9687706828117371,0.959666907787323,1.0,0.380952388048172,0.7481803894042969,0.30000001192092896,0.20000000298023224,0.20000000298023224,0.15000000596046448,0.15000000596046448,1.0,1.0,1.0,1.0
complex_qaware_v018_r2,closed_loop,complex,full,1,0.18,True,8.229830269,1785050544.2326972,0.954791311724219,-0.0142713466973109,0.07996526321198918,0.13442844791737282,0.04089510986229187,0.8302498742283905,0.1312122948264874,-0.03344419314080003,21.0,0.9457108394239112,-0.0005574548552008974,1.9456590031408467,0.009635205449891342,2.9456071705869884,0.019827865701805652,0.608166515827179,0.17064665257930756,0.1206466555595398,0.7568273544311523,0.7568273544311523,0,ROW_FOLLOW,,1.0,94.0,97.0,-0.06846325099468231,0.012114360928535461,0.0,0.31844139099121094,0.0,-0.29421266913414,0.0,0.436507910490036,0.6857142448425293,0.9727962017059326,0.9611528515815735,1.0,0.4285714328289032,0.7568273544311523,0.30000001192092896,0.20000000298023224,0.20000000298023224,0.15000000596046448,0.15000000596046448,1.0,1.0,1.0,1.0
complex_qaware_v018_r2,closed_loop,complex,full,1,0.18,True,8.279398173,1785050544.2822652,0.9547418460221159,-0.014167667172226332,0.08272475368420773,0.13493368256585875,0.04429583229516723,0.8303943981164773,0.13050607936753383,-0.0381522962004906,21.0,0.9457108394239112,-0.0005574548552008974,1.9456590031408467,0.009635205449891342,2.9456071705869884,0.019827865701805652,0.608166515827179,0.17064665257930756,0.1206466555595398,0.7568273544311523,0.7568273544311523,0,ROW_FOLLOW,,1.0,94.0,97.0,-0.06846325099468231,0.012114360928535461,0.0,0.31844139099121094,0.0,-0.29421266913414,0.0,0.436507910490036,0.6857142448425293,0.9727962017059326,0.9611528515815735,1.0,0.4285714328289032,0.7568273544311523,0.30000001192092896,0.20000000298023224,0.20000000298023224,0.15000000596046448,0.15000000596046448,1.0,1.0,1.0,1.0
complex_qaware_v018_r2,closed_loop,complex,full,1,0.18,True,8.329389062,1785050544.332256,0.9830845243729036,-0.012044185854325715,0.08478084305807786,0.13520100281085692,0.04931263069843978,0.8588305989343382,0.12913094996284954,-0.054007609759998895,21.0,0.9524552060008773,-0.0021158652397021273,1.952403130846174,0.008098236383103455,2.952351078987727,0.018312340365773085,0.610052764415741,0.1712075024843216,0.12120750546455383,0.7624005079269409,0.7624005079269409,0,ROW_FOLLOW,,1.0,91.0,100.0,-0.07231631875038147,0.010577544569969177,0.0,0.3173411190509796,0.0,-0.29618602991104126,0.0,0.4603174328804016,0.6857142448425293,0.9686206579208374,0.9562552571296692,1.0,0.4285714328289032,0.7624005079269409,0.30000001192092896,0.20000000298023224,0.20000000298023224,0.15000000596046448,0.15000000596046448,1.0,1.0,1.0,1.0
complex_qaware_v018_r2,closed_loop,complex,full,1,0.18,True,8.381208407,1785050544.3840752,0.9895047900648675,-0.011394504106715966,0.08881524322079712,0.1323287801177777,0.07323839297906751,0.865342932349843,0.12798865592000871,-0.06162290337893767,21.0,0.9662269433080057,-0.003059299519982147,1.966149812998476,0.009077934291454922,2.9660726854848405,0.021215167301674154,0.6092537641525269,0.17583681643009186,0.1258368194103241,0.7568551301956177,0.7624005079269409,0,ROW_FOLLOW,,1.0,87.0,107.0,-0.07289186865091324,0.007994234561920166,0.0,0.3148868680000305,0.0,-0.2988983988761902,0.0,0.4761904776096344,0.6333332657814026,0.9696055054664612,0.9560685753822327,1.0,0.3333333432674408,0.7568551301956177,0.30000001192092896,0.20000000298023224,0.20000000298023224,0.15000000596046448,0.15000000596046448,1.0,1.0,1.0,1.0
complex_qaware_v018_r2,closed_loop,complex,full,1,0.18,True,8.429427961,1785050544.4322948,0.9860531686303787,-0.011172197320952967,0.09091820562935024,0.12203280497773694,0.05299594236865512,0.8815192504880148,0.12529001948352556,-0.07295935967790418,21.0,0.9662269433080057,-0.003059299519982147,1.966149812998476,0.009077934291454922,2.9660726854848405,0.021215167301674154,0.6092537641525269,0.17583681643009186,0.1258368194103241,0.7568551301956177,0.7568551301956177,0,ROW_FOLLOW,,1.0,87.0,107.0,-0.07289186865091324,0.007994234561920166,0.0,0.3148868680000305,0.0,-0.2988983988761902,0.0,0.4761904776096344,0.6333332657814026,0.9696055054664612,0.9560685753822327,1.0,0.3333333432674408,0.7568551301956177,0.30000001192092896,0.20000000298023224,0.20000000298023224,0.15000000596046448,0.15000000596046448,1.0,1.0,1.0,1.0
complex_qaware_v018_r2,closed_loop,complex,full,1,0.18,True,8.479209981,1785050544.482077,0.9925029044057788,-0.010549972378230502,0.0927658210012754,0.12483283135555355,0.03235109388021847,0.8880144088858832,0.12464106705968715,-0.07728570917016017,21.0,0.9662269433080057,-0.003059299519982147,1.966149812998476,0.009077934291454922,2.9660726854848405,0.021215167301674154,0.6092537641525269,0.17583681643009186,0.1258368194103241,0.7568551301956177,0.7568551301956177,0,ROW_FOLLOW,,1.0,87.0,107.0,-0.07289186865091324,0.007994234561920166,0.0,0.3148868680000305,0.0,-0.2988983988761902,0.0,0.4761904776096344,0.6333332657814026,0.9696055054664612,0.9560685753822327,1.0,0.3333333432674408,0.7568551301956177,0.30000001192092896,0.20000000298023224,0.20000000298023224,0.15000000596046448,0.15000000596046448,1.0,1.0,1.0,1.0
complex_qaware_v018_r2,closed_loop,complex,full,1,0.18,True,8.5294347,1785050544.5323017,1.000783075866078,-0.008356377586564484,0.09428640921545381,0.12113234486410805,0.043994923706593345,0.8969002432409345,0.12200576225779952,-0.09483910137663268,21.0,0.9788097582787433,-0.004397950763539989,1.978689014132182,0.010731781581561262,2.9785682636529405,0.025861515913505773,0.6092289090156555,0.1620200127363205,0.11202001571655273,0.7568423748016357,0.7568423748016357,0,ROW_FOLLOW,,1.0,90.0,110.0,-0.07370642572641373,0.004348888993263245,0.0,0.311212956905365,0.0,-0.3025151789188385,0.0,0.4603174328804016,0.6595237255096436,0.9684758186340332,0.9543148279190063,1.0,0.380952388048172,0.7568423748016357,0.30000001192092896,0.20000000298023224,0.20000000298023224,0.15000000596046448,0.15000000596046448,1.0,1.0,1.0,1.0
complex_qaware_v018_r2,closed_loop,complex,full,1,0.18,True,8.58106604,1785050544.5839329,1.0071163125730749,-0.007722075124348844,0.09637260920447546,0.12358701642147901,0.04663859617521236,0.9032838176807689,0.12124312114285103,-0.09992337547628932,21.0,0.9788097582787433,-0.004397950763539989,1.978689014132182,0.010731781581561262,2.9785682636529405,0.025861515913505773,0.6092289090156555,0.1620200127363205,0.11202001571655273,0.7568423748016357,0.7568423748016357,0,ROW_FOLLOW,,1.0,90.0,110.0,-0.07370642572641373,0.004348888993263245,0.0,0.311212956905365,0.0,-0.3025151789188385,0.0,0.4603174328804016,0.6595237255096436,0.9684758186340332,0.9543148279190063,1.0,0.380952388048172,0.7568423748016357,0.30000001192092896,0.20000000298023224,0.20000000298023224,0.15000000596046448,0.15000000596046448,1.0,1.0,1.0,1.0
complex_qaware_v018_r2,closed_loop,complex,full,1,0.18,True,8.629449118,1785050544.632316,1.0241876258633784,-0.005074816887449512,0.09767584697477492,0.1325362808592335,0.0319671840905787,0.9205814401030131,0.11819692762427667,-0.11599000879571572,21.0,0.9962913458195161,-0.005004205366702531,1.996139313142829,0.012391575571509023,2.995987252674549,0.029787354546061726,0.6076939105987549,0.16469956934452057,0.11469957232475281,0.7533079385757446,0.7533079385757446,0,ROW_FOLLOW,,1.0,84.0,108.0,-0.07916536927223206,0.002312958240509033,0.0,0.3088173270225525,0.0,-0.3041914105415344,0.0,0.4444444179534912,0.6595237255096436,0.9703761339187622,0.959963858127594,1.0,0.380952388048172,0.7533079385757446,0.30000001192092896,0.20000000298023224,0.20000000298023224,0.15000000596046448,0.15000000596046448,1.0,1.0,1.0,1.0
complex_qaware_v018_r2,closed_loop,complex,full,1,0.18,True,8.681726233,1785050544.6845932,1.03053964646517,-0.00440520740940944,0.09929495200456319,0.13037408157496816,0.0332731604705976,0.9269921086059668,0.11745984884170696,-0.1209038673461805,21.0,1.0100120283913485,-0.005336696222206501,2.009863465271286,0.011836833318688416,3.0097148962351876,0.029010364239615852,0.6076854467391968,0.16772283613681793,0.11772283911705017,0.7443009614944458,0.7533079385757446,0,ROW_FOLLOW,,1.0,85.0,102.0,-0.08403841406106949,6.452202796936035e-06,0.0,0.3064017593860626,0.0,-0.30638885498046875,0.0,0.4285714328289032,0.6333332657814026,0.9719336628913879,0.9645075798034668,1.0,0.3333333432674408,0.7443009614944458,0.30000001192092896,0.20000000298023224,0.20000000298023224,0.15000000596046448,0.15000000596046448,1.0,1.0,1.0,1.0
complex_qaware_v018_r2,closed_loop,complex,full,1,0.18,True,8.729396527,1785050544.7322633,1.0337753661988278,-0.0031511028126033533,0.10060041827386762,0.136428772659177,0.01398014805755568,0.9362370482005324,0.1139273007364826,-0.13364581555011762,21.0,1.0100120283913485,-0.005336696222206501,2.009863465271286,0.011836833318688416,3.0097148962351876,0.029010364239615852,0.6076854467391968,0.16772283613681793,0.11772283911705017,0.7443009614944458,0.7443009614944458,0,ROW_FOLLOW,,1.0,85.0,102.0,-0.08403841406106949,6.452202796936035e-06,0.0,0.3064017593860626,0.0,-0.30638885498046875,0.0,0.4285714328289032,0.6333332657814026,0.9719336628913879,0.9645075798034668,1.0,0.3333333432674408,0.7443009614944458,0.30000001192092896,0.20000000298023224,0.20000000298023224,0.15000000596046448,0.15000000596046448,1.0,1.0,1.0,1.0
complex_qaware_v018_r2,closed_loop,complex,full,1,0.18,True,8.780745782,1785050544.7836127,1.0398378196498304,-0.002524012763175932,0.10179816508831774,0.1316678066158196,0.02735523010906491,0.9423423935732645,0.11328316731305138,-0.13794003837299249,21.0,1.0258239140298697,-0.004533317538491054,2.0257028396762236,0.010982947251907854,3.0255817551045054,0.02649920957276744,0.6087819933891296,0.17432136833667755,0.12432137131690979,0.7498582601547241,0.7443009614944458,0,ROW_FOLLOW,,1.0,79.0,105.0,-0.08771125972270966,-0.001267850399017334,0.0,0.30513280630111694,0.0,-0.3076685070991516,0.0,0.4285714328289032,0.6595237255096436,0.972446084022522,0.9659520983695984,1.0,0.380952388048172,0.7498582601547241,0.30000001192092896,0.20000000298023224,0.20000000298023224,0.15000000596046448,0.15000000596046448,1.0,1.0,1.0,1.0
complex_qaware_v018_r2,closed_loop,complex,full,1,0.18,True,8.829521732,1785050544.8323886,1.0441658934456621,-0.002065921294351845,0.10241902344254905,0.13187770806313212,0.024588757445802172,0.9467022714189803,0.11377494452077805,-0.14133028204714865,21.0,1.0258239140298697,-0.004533317538491054,2.0257028396762236,0.010982947251907854,3.0255817551045054,0.02649920957276744,0.6087819933891296,0.17432136833667755,0.12432137131690979,0.7498582601547241,0.7498582601547241,0,ROW_FOLLOW,,1.0,79.0,105.0,-0.08771125972270966,-0.001267850399017334,0.0,0.30513280630111694,0.0,-0.3076685070991516,0.0,0.4285714328289032,0.6595237255096436,0.972446084022522,0.9659520983695984,1.0,0.380952388048172,0.7498582601547241,0.30000001192092896,0.20000000298023224,0.20000000298023224,0.15000000596046448,0.15000000596046448,1.0,1.0,1.0,1.0
complex_qaware_v018_r2,closed_loop,complex,full,1,0.18,True,8.885559122,1785050544.888426,1.044540413257067,-0.002007031071776213,0.10340373494111163,0.1296228754762169,0.02223470631316935,0.9470888216591292,0.1135141977365369,-0.1430685939420897,21.0,1.0383229507694496,-0.0042376397289010095,2.0382221692055555,0.009943925618247007,3.0381213998487637,0.024125488008416254,0.608880341053009,0.17681778967380524,0.12681779265403748,0.7455741167068481,0.7498582601547241,0,ROW_FOLLOW,,1.0,87.0,108.0,-0.09020105749368668,-0.0025156140327453613,0.0,0.30370205640792847,0.0,-0.3087332844734192,0.0,0.4126984179019928,0.6595237255096436,0.9735660552978516,0.9676436185836792,1.0,0.380952388048172,0.7455741167068481,0.30000001192092896,0.20000000298023224,0.20000000298023224,0.15000000596046448,0.15000000596046448,1.0,1.0,1.0,1.0
complex_qaware_v018_r2,closed_loop,complex,full,1,0.18,True,8.929508566,1785050544.9323757,1.063115840961003,-0.0002370811034544621,0.10366307017977053,0.1319353505050161,0.007671702495422166,0.9657529164029786,0.11129300541404971,-0.15273557062121965,21.0,1.0383229507694496,-0.0042376397289010095,2.0382221692055555,0.009943925618247007,3.0381213998487637,0.024125488008416254,0.608880341053009,0.17681778967380524,0.12681779265403748,0.7455741167068481,0.7455741167068481,0,ROW_FOLLOW,,1.0,87.0,108.0,-0.09020105749368668,-0.0025156140327453613,0.0,0.30370205640792847,0.0,-0.3087332844734192,0.0,0.4126984179019928,0.6595237255096436,0.9735660552978516,0.9676436185836792,1.0,0.380952388048172,0.7455741167068481,0.30000001192092896,0.20000000298023224,0.20000000298023224,0.15000000596046448,0.15000000596046448,1.0,1.0,1.0,1.0
complex_qaware_v018_r2,closed_loop,complex,full,1,0.18,True,8.982202299,1785050544.9850693,1.0670386669221898,-0.0007829109516010853,0.10412902559618643,0.13317944992376557,0.012949761098851643,0.9699667674294714,0.1117022547841662,-0.1500072414871098,21.0,1.0505032441861428,-0.0041692612380605605,2.050416258526742,0.009008076068940182,3.0503292850025274,0.022185416324138087,0.6087969541549683,0.17045839130878448,0.12045839428901672,0.7543720006942749,0.7455741167068481,0,ROW_FOLLOW,,1.0,89.0,101.0,-0.09188545495271683,-0.0034109652042388916,0.0,0.30316221714019775,0.0,-0.30998414754867554,0.0,0.4285714328289032,0.6857142448425293,0.9708161354064941,0.9632968902587891,1.0,0.4285714328289032,0.7543720006942749,0.30000001192092896,0.20000000298023224,0.20000000298023224,0.15000000596046448,0.15000000596046448,1.0,1.0,1.0,1.0
complex_qaware_v018_r2,closed_loop,complex,full,1,0.18,True,9.029293925,1785050545.0321608,1.0717303423702562,-0.0019312361379251195,0.10479991490795282,0.1333982138839982,0.009575314789596362,0.9783289789011145,0.11373232727268755,-0.14703088568187953,21.0,1.0505032441861428,-0.0041692612380605605,2.050416258526742,0.009008076068940182,3.0503292850025274,0.022185416324138087,0.6087969541549683,0.17045839130878448,0.12045839428901672,0.7543720006942749,0.7543720006942749,0,ROW_FOLLOW,,1.0,89.0,101.0,-0.09188545495271683,-0.0034109652042388916,0.0,0.30316221714019775,0.0,-0.30998414754867554,0.0,0.4285714328289032,0.6857142448425293,0.9708161354064941,0.9632968902587891,1.0,0.4285714328289032,0.7543720006942749,0.30000001192092896,0.20000000298023224,0.20000000298023224,0.15000000596046448,0.15000000596046448,1.0,1.0,1.0,1.0
complex_qaware_v018_r2,closed_loop,complex,full,1,0.18,True,9.079751385,1785050545.0826185,1.0776068638890501,-0.0013094551487333034,0.10490430114823918,0.1265481955126862,-0.020308348478320748,0.9842444321731401,0.1133211638651461,-0.14977197506548914,21.0,1.0505032441861428,-0.0041692612380605605,2.050416258526742,0.009008076068940182,3.0503292850025274,0.022185416324138087,0.6087969541549683,0.17045839130878448,0.12045839428901672,0.7543720006942749,0.7543720006942749,0,ROW_FOLLOW,,1.0,89.0,101.0,-0.09188545495271683,-0.0034109652042388916,0.0,0.30316221714019775,0.0,-0.30998414754867554,0.0,0.4285714328289032,0.6857142448425293,0.9708161354064941,0.9632968902587891,1.0,0.4285714328289032,0.7543720006942749,0.30000001192092896,0.20000000298023224,0.20000000298023224,0.15000000596046448,0.15000000596046448,1.0,1.0,1.0,1.0
complex_qaware_v018_r2,closed_loop,complex,full,1,0.18,True,9.129448572,1785050545.1323156,1.0838636372310635,-0.0006472730449574218,0.10489928298955499,0.1266022849482817,0.013607973265519982,0.990537335186487,0.11570362243584967,-0.15822277641745564,21.0,1.0631163961168764,-0.005153337643086725,2.063018513814645,0.008742034227345529,3.062920655480454,0.02263741010703198,0.6064854264259338,0.16738779842853546,0.1173878014087677,0.7746502161026001,0.7746502161026001,0,ROW_FOLLOW,,1.0,94.0,117.0,-0.08866304159164429,-0.00543522834777832,0.0,0.30057984590530396,0.0,-0.3114503026008606,0.0,0.5,0.6857142448425293,0.970609188079834,0.9559031128883362,1.0,0.4285714328289032,0.7746502161026001,0.30000001192092896,0.20000000298023224,0.20000000298023224,0.15000000596046448,0.15000000596046448,1.0,1.0,1.0,1.0
complex_qaware_v018_r2,closed_loop,complex,full,1,0.18,True,9.179433158,1785050545.1823,1.0850323047723114,-0.0005053272283834609,0.10562373644062767,0.12530933537514863,0.028489533576845583,0.9917279600644028,0.11544473466838871,-0.15994869486719526,21.0,1.0631163961168764,-0.005153337643086725,2.063018513814645,0.008742034227345529,3.062920655480454,0.02263741010703198,0.6064854264259338,0.16738779842853546,0.1173878014087677,0.7746502161026001,0.7746502161026001,0,ROW_FOLLOW,,1.0,94.0,117.0,-0.08866304159164429,-0.00543522834777832,0.0,0.30057984590530396,0.0,-0.3114503026008606,0.0,0.5,0.6857142448425293,0.970609188079834,0.9559031128883362,1.0,0.4285714328289032,0.7746502161026001,0.30000001192092896,0.20000000298023224,0.20000000298023224,0.15000000596046448,0.15000000596046448,1.0,1.0,1.0,1.0
complex_qaware_v018_r2,closed_loop,complex,full,1,0.18,True,9.229830521,1785050545.2326975,1.0960511679364673,0.00020457575664911318,0.10567686869571973,0.1207655195408871,-0.013877158957020474,1.002783345411164,0.11220634912542583,-0.16834976043356237,20.0,1.0766377886875478,-0.006145470285262279,2.0765310369352226,0.00837695330753048,3.0097645846150676,0.021949920407698248,0.6050010323524475,0.16624222695827484,0.11624222993850708,0.7636600732803345,0.7636600732803345,0,ROW_FOLLOW,,1.0,108.0,108.0,-0.09053971618413925,-0.006994292140007019,0.0,0.29804491996765137,0.0,-0.3120335042476654,0.0,0.5,0.6333332657814026,0.9705983996391296,0.9524918794631958,1.0,0.3333333432674408,0.7636600732803345,0.30000001192092896,0.20000000298023224,0.20000000298023224,0.15000000596046448,0.15000000596046448,1.0,1.0,1.0,1.0
complex_qaware_v018_r2,closed_loop,complex,full,1,0.18,True,9.284220708,1785050545.2870877,1.1022014805449314,0.0008557787046826733,0.10549905645262393,0.12188156794883481,-0.0006703468303280507,1.0089733515401569,0.11178912389744834,-0.17113126195341233,21.0,1.0883819325986748,-0.007159663917108612,2.088268604457113,0.007869295886932146,3.0897776558635126,0.023013347827841292,0.6033276915550232,0.16143567860126495,0.11143568158149719,0.7702294588088989,0.7636600732803345,0,ROW_FOLLOW,,1.0,109.0,119.0,-0.09173575043678284,-0.008092746138572693,0.0,0.29594236612319946,0.0,-0.31212785840034485,0.0,0.5,0.6595237255096436,0.9739577770233154,0.9568878412246704,1.0,0.380952388048172,0.7702294588088989,0.30000001192092896,0.20000000298023224,0.20000000298023224,0.15000000596046448,0.15000000596046448,1.0,1.0,1.0,1.0
complex_qaware_v018_r2,closed_loop,complex,full,1,0.18,True,9.329730508,1785050545.3325975,1.1045742524220503,0.0010976001270136238,0.10497151079575096,0.12182669437800057,-0.0033626853552603158,1.0113681376757577,0.11211755192703336,-0.1768250043904564,21.0,1.0883819325986748,-0.007159663917108612,2.088268604457113,0.007869295886932146,3.0897776558635126,0.023013347827841292,0.6033276915550232,0.16143567860126495,0.11143568158149719,0.7702294588088989,0.7702294588088989,0,ROW_FOLLOW,,1.0,109.0,119.0,-0.09173575043678284,-0.008092746138572693,0.0,0.29594236612319946,0.0,-0.31212785840034485,0.0,0.5,0.6595237255096436,0.9739577770233154,0.9568878412246704,1.0,0.380952388048172,0.7702294588088989,0.30000001192092896,0.20000000298023224,0.20000000298023224,0.15000000596046448,0.15000000596046448,1.0,1.0,1.0,1.0
complex_qaware_v018_r2,closed_loop,complex,full,1,0.18,True,9.38527624,1785050545.388143,1.1040687824362403,0.0010389903291533882,0.10469390382881062,0.12179918790886737,-0.019121042153334912,1.011878090789279,0.11222069709342232,-0.17613736994786325,21.0,1.0972099822558787,-0.007512877482356693,2.0971145818263586,0.00626773826420795,3.0636890282929876,0.01958959985894764,0.6033276915550232,0.16143567860126495,0.11143568158149719,0.7702294588088989,0.7702294588088989,0,ROW_FOLLOW,,1.0,109.0,119.0,-0.09173575043678284,-0.008092746138572693,0.0,0.29594236612319946,0.0,-0.31212785840034485,0.0,0.5,0.6595237255096436,0.9739577770233154,0.9568878412246704,1.0,0.380952388048172,0.7702294588088989,0.30000001192092896,0.20000000298023224,0.20000000298023224,0.15000000596046448,0.15000000596046448,1.0,1.0,1.0,1.0
complex_qaware_v018_r2,closed_loop,complex,full,1,0.18,True,9.429775233,1785050545.4326422,1.1163648690705168,0.003157304344358155,0.10442675195492296,0.12340460647010876,-0.0016475334771935554,1.0243813420463384,0.10925004339009858,-0.1906887467841084,20.0,1.0972099822558787,-0.007512877482356693,2.0971145818263586,0.00626773826420795,3.0636890282929876,0.01958959985894764,0.6032028794288635,0.16187025606632233,0.11187025904655457,0.7658519744873047,0.7658519744873047,0,ROW_FOLLOW,,1.0,112.0,117.0,-0.09219805896282196,-0.008843287825584412,0.0,0.2945792078971863,0.0,-0.3122657835483551,0.0,0.4841269850730896,0.6595237255096436,0.975134551525116,0.9578817486763,1.0,0.380952388048172,0.7658519744873047,0.30000001192092896,0.20000000298023224,0.20000000298023224,0.15000000596046448,0.15000000596046448,1.0,1.0,1.0,1.0
complex_qaware_v018_r2,closed_loop,complex,full,1,0.18,True,9.480595677,1785050545.4834626,1.1223837156963867,0.003787857550278106,0.10430612516534009,0.12311094692558419,-0.00593895309401307,1.03043716052722,0.10877107551316006,-0.19388186596369847,21.0,1.1096457956595864,-0.006701391280663475,2.10958026726086,0.004368185498928024,3.1122604308285613,0.01456293311116047,0.6011933088302612,0.16594715416431427,0.11594715714454651,0.7673481702804565,0.7658519744873047,0,ROW_FOLLOW,,1.0,115.0,121.0,-0.09735573083162308,-0.008852437138557434,0.0,0.2939477860927582,0.0,-0.31165266036987305,0.0,0.4761904776096344,0.6857142448425293,0.9753925800323486,0.9484643340110779,1.0,0.4285714328289032,0.7673481702804565,0.30000001192092896,0.20000000298023224,0.20000000298023224,0.15000000596046448,0.15000000596046448,1.0,1.0,1.0,1.0
complex_qaware_v018_r2,closed_loop,complex,full,1,0.18,True,9.529468591,1785050545.5323355,1.1288001101618337,0.005429036603041909,0.10401742328428655,0.12310485987458863,0.000599147481343373,1.0375071249159484,0.10779594193226864,-0.20217819145475693,21.0,1.1096457956595864,-0.006701391280663475,2.10958026726086,0.004368185498928024,3.1122604308285613,0.01456293311116047,0.6011933088302612,0.16594715416431427,0.11594715714454651,0.7673481702804565,0.7673481702804565,0,ROW_FOLLOW,,1.0,115.0,121.0,-0.09735573083162308,-0.008852437138557434,0.0,0.2939477860927582,0.0,-0.31165266036987305,0.0,0.4761904776096344,0.6857142448425293,0.9753925800323486,0.9484643340110779,1.0,0.4285714328289032,0.7673481702804565,0.30000001192092896,0.20000000298023224,0.20000000298023224,0.15000000596046448,0.15000000596046448,1.0,1.0,1.0,1.0
complex_qaware_v018_r2,closed_loop,complex,full,1,0.18,True,9.580700596,1785050545.5835676,1.1384065664112415,0.00642805624992082,0.10371947928140822,0.12308253226581349,-0.0015482111145712575,1.047168756408971,0.10699923615334962,-0.20748956331421697,21.0,1.1096457956595864,-0.006701391280663475,2.10958026726086,0.004368185498928024,3.1122604308285613,0.01456293311116047,0.6011933088302612,0.16594715416431427,0.11594715714454651,0.7673481702804565,0.7673481702804565,0,ROW_FOLLOW,,1.0,115.0,121.0,-0.09735573083162308,-0.008852437138557434,0.0,0.2939477860927582,0.0,-0.31165266036987305,0.0,0.4761904776096344,0.6857142448425293,0.9753925800323486,0.9484643340110779,1.0,0.4285714328289032,0.7673481702804565,0.30000001192092896,0.20000000298023224,0.20000000298023224,0.15000000596046448,0.15000000596046448,1.0,1.0,1.0,1.0
complex_qaware_v018_r2,closed_loop,complex,full,1,0.18,True,9.629453955,1785050545.6323211,1.1442343919384548,0.007024567014816882,0.1033662990850273,0.12306075607295443,-0.005648570554944193,1.0530322609847806,0.10732289523463578,-0.2051440099490263,21.0,1.1217000755100277,-0.005198066200930954,2.1216566106245445,0.0038011459305268523,3.130408003740497,0.010606821105574801,0.5996890068054199,0.17292506992816925,0.12292507290840149,0.7671916484832764,0.7671916484832764,0,ROW_FOLLOW,,1.0,113.0,107.0,-0.09616762399673462,-0.009154543280601501,0.0,0.2929510176181793,0.0,-0.3112601041793823,0.0,0.4841269850730896,0.6595237255096436,0.9800765514373779,0.9602228999137878,1.0,0.380952388048172,0.7671916484832764,0.30000001192092896,0.20000000298023224,0.20000000298023224,0.15000000596046448,0.15000000596046448,1.0,1.0,1.0,1.0
complex_qaware_v018_r2,closed_loop,complex,full,1,0.18,True,9.680105915,1785050545.682973,1.1442361715044758,0.007007279134562322,0.10238546041136853,0.12179270847324708,-0.03105015743349108,1.0530496402158822,0.10755470951847473,-0.20359858139009995,21.0,1.1217000755100277,-0.005198066200930954,2.1216566106245445,0.0038011459305268523,3.130408003740497,0.010606821105574801,0.5996890068054199,0.17292506992816925,0.12292507290840149,0.7671916484832764,0.7671916484832764,0,ROW_FOLLOW,,1.0,113.0,107.0,-0.09616762399673462,-0.009154543280601501,0.0,0.2929510176181793,0.0,-0.3112601041793823,0.0,0.4841269850730896,0.6595237255096436,0.9800765514373779,0.9602228999137878,1.0,0.380952388048172,0.7671916484832764,0.30000001192092896,0.20000000298023224,0.20000000298023224,0.15000000596046448,0.15000000596046448,1.0,1.0,1.0,1.0
complex_qaware_v018_r2,closed_loop,complex,full,1,0.18,True,9.729497496,1785050545.7323647,1.154099660629048,0.008513751585275321,0.10159003807453759,0.11984746937114023,-0.026187252230223234,1.0687297305358614,0.10868151913017403,-0.20135952565866228,21.0,1.137420185588959,-0.0030843758486074004,2.1373920446779953,0.004422299076548462,3.13736387209468,0.011928970129271915,0.600458562374115,0.17034445703029633,0.12034446001052856,0.7715858221054077,0.7715858221054077,0,ROW_FOLLOW,,1.0,113.0,121.0,-0.09403952956199646,-0.01009511947631836,0.0,0.29154467582702637,0.0,-0.3117349147796631,0.0,0.4841269552707672,0.6857142448425293,0.9791514873504639,0.9558308124542236,1.0,0.4285714328289032,0.7715858221054077,0.30000001192092896,0.20000000298023224,0.20000000298023224,0.15000000596046448,0.15000000596046448,1.0,1.0,1.0,1.0
complex_qaware_v018_r2,closed_loop,complex,full,1,0.18,True,9.782892205,1785050545.7857592,1.159527549141306,0.009056918488666868,0.10072792981424251,0.1164387129630096,0.0030619612336964643,1.0741907964244113,0.10840691887304732,-0.203190194039507,21.0,1.1497929965297857,-0.0017833971435478983,2.149770815095957,0.004584983242104757,3.1497486133600394,0.010953356896109628,0.5996845960617065,0.1725650578737259,0.12256506085395813,0.7796586751937866,0.7715858221054077,0,ROW_FOLLOW,,1.0,118.0,101.0,-0.09719246625900269,-0.010218411684036255,0.0,0.2905404567718506,0.0,-0.3109772801399231,0.0,0.4920635223388672,0.7119047045707703,0.9814956188201904,0.9557299017906189,1.0,0.4761904776096344,0.7796586751937866,0.30000001192092896,0.20000000298023224,0.20000000298023224,0.15000000596046448,0.15000000596046448,1.0,1.0,1.0,1.0
complex_qaware_v018_r2,closed_loop,complex,full,1,0.18,True,9.829458508,1785050545.8323255,1.1641757165891435,0.009516375362734775,0.10007383438702348,0.1162660806734424,0.001904938415426559,1.0788688575701133,0.11044945047710407,-0.19926074038518343,21.0,1.1497929965297857,-0.0017833971435478983,2.149770815095957,0.004584983242104757,3.1497486133600394,0.010953356896109628,0.5996845960617065,0.1725650578737259,0.12256506085395813,0.7796586751937866,0.7796586751937866,0,ROW_FOLLOW,,1.0,118.0,101.0,-0.09719246625900269,-0.010218411684036255,0.0,0.2905404567718506,0.0,-0.3109772801399231,0.0,0.4920635223388672,0.7119047045707703,0.9814956188201904,0.9557299017906189,1.0,0.4761904776096344,0.7796586751937866,0.30000001192092896,0.20000000298023224,0.20000000298023224,0.15000000596046448,0.15000000596046448,1.0,1.0,1.0,1.0
complex_qaware_v018_r2,closed_loop,complex,full,1,0.18,True,9.879334067,1785050545.8822012,1.1678769921678296,0.011143324786278356,0.09951556666121995,0.10730385366391185,-0.013194883628394095,1.0865716718124636,0.10926119879112074,-0.20718241829173895,21.0,1.1497929965297857,-0.0017833971435478983,2.149770815095957,0.004584983242104757,3.1497486133600394,0.010953356896109628,0.5996845960617065,0.1725650578737259,0.12256506085395813,0.7796586751937866,0.7796586751937866,0,ROW_FOLLOW,,1.0,118.0,101.0,-0.09719246625900269,-0.010218411684036255,0.0,0.2905404567718506,0.0,-0.3109772801399231,0.0,0.4920635223388672,0.7119047045707703,0.9814956188201904,0.9557299017906189,1.0,0.4761904776096344,0.7796586751937866,0.30000001192092896,0.20000000298023224,0.20000000298023224,0.15000000596046448,0.15000000596046448,1.0,1.0,1.0,1.0
complex_qaware_v018_r2,closed_loop,complex,full,1,0.18,True,9.929555778,1785050545.9324226,1.1735304244626803,0.011696213323219767,0.09884559249758597,0.1069244457767883,-0.01762302900457191,1.0922558000096583,0.10937932514216109,-0.2058713420850962,21.0,1.1596121530654464,-0.0009553936870876628,2.1595954162556654,0.004540394027576138,3.1595786746855814,0.010036173847960397,0.5960875749588013,0.15912537276744843,0.10912537574768066,0.7792223691940308,0.7792223691940308,0,ROW_FOLLOW,,1.0,119.0,109.0,-0.09458153694868088,-0.011385679244995117,0.0,0.28938028216362,0.0,-0.31215164065361023,0.0,0.5,0.7119047045707703,0.9764907360076904,0.9436222314834595,1.0,0.4761904776096344,0.7792223691940308,0.30000001192092896,0.20000000298023224,0.20000000298023224,0.15000000596046448,0.15000000596046448,1.0,1.0,1.0,1.0
complex_qaware_v018_r2,closed_loop,complex,full,1,0.18,True,9.980826697,1785050545.9836936,1.1772297310614726,0.012760477828327399,0.0976586594342588,0.1084136328949396,-0.028083895669813164,1.0961176468508753,0.10876706676671155,-0.2099530645880931,21.0,1.1596121530654464,-0.0009553936870876628,2.1595954162556654,0.004540394027576138,3.1595786746855814,0.010036173847960397,0.5960875749588013,0.15912537276744843,0.10912537574768066,0.7792223691940308,0.7792223691940308,0,ROW_FOLLOW,,1.0,119.0,109.0,-0.09458153694868088,-0.011385679244995117,0.0,0.28938028216362,0.0,-0.31215164065361023,0.0,0.5,0.7119047045707703,0.9764907360076904,0.9436222314834595,1.0,0.4761904776096344,0.7792223691940308,0.30000001192092896,0.20000000298023224,0.20000000298023224,0.15000000596046448,0.15000000596046448,1.0,1.0,1.0,1.0
complex_qaware_v018_r2,closed_loop,complex,full,1,0.18,True,10.029474774,1785050546.0323417,1.1875498529522057,0.013728733601383726,0.0964172930034888,0.10786393858673322,-0.02488404504340704,1.1064964303233296,0.11037031121144676,-0.20991206519537606,19.0,1.1699534852715987,-0.00014707102923081487,2.0699422826872595,0.004255627593092882,3.0365965442680363,0.009072065515847058,0.5965259075164795,0.16524089872837067,0.1152409017086029,0.7880951166152954,0.7880951166152954,0,ROW_FOLLOW,,1.0,126.0,116.0,-0.09116904437541962,-0.012283340096473694,0.0,0.2877061069011688,0.0,-0.3122727870941162,0.0,0.5317460298538208,0.7119047045707703,0.9762676954269409,0.9395791888237,1.0,0.4761904776096344,0.7880951166152954,0.30000001192092896,0.20000000298023224,0.20000000298023224,0.15000000596046448,0.15000000596046448,1.0,1.0,1.0,1.0
complex_qaware_v018_r2,closed_loop,complex,full,1,0.18,True,10.079484193,1785050546.0823512,1.1890630602654635,0.013820028289442558,0.09428071792974801,0.10703278417102713,-0.04850906377610951,1.1080474843966999,0.11075470680923548,-0.20734942787678468,19.0,1.1699534852715987,-0.00014707102923081487,2.0699422826872595,0.004255627593092882,3.0365965442680363,0.009072065515847058,0.5965259075164795,0.16524089872837067,0.1152409017086029,0.7880951166152954,0.7880951166152954,0,ROW_FOLLOW,,1.0,126.0,116.0,-0.09116904437541962,-0.012283340096473694,0.0,0.2877061069011688,0.0,-0.3122727870941162,0.0,0.5317460298538208,0.7119047045707703,0.9762676954269409,0.9395791888237,1.0,0.4761904776096344,0.7880951166152954,0.30000001192092896,0.20000000298023224,0.20000000298023224,0.15000000596046448,0.15000000596046448,1.0,1.0,1.0,1.0
complex_qaware_v018_r2,closed_loop,complex,full,1,0.18,True,10.129460524,1785050546.1323273,1.197476255110739,0.014763896287688262,0.09288164853751989,0.10520598493156702,-0.023332641854591135,1.1165373664839853,0.11089544689447281,-0.20661844175453992,21.0,1.179821336829298,0.00013357403866445794,2.1798019524177987,0.0063026822482618134,3.1785111504514725,0.012020266314897023,0.5946385264396667,0.1622370332479477,0.11223703622817993,0.7882678508758545,0.7882678508758545,0,ROW_FOLLOW,,1.0,115.0,120.0,-0.08691354095935822,-0.014139905571937561,0.0,0.2862725555896759,0.0,-0.314552366733551,0.0,0.5555555820465088,0.6857142448425293,0.9731099009513855,0.9322424530982971,1.0,0.4285714328289032,0.7882678508758545,0.30000001192092896,0.20000000298023224,0.20000000298023224,0.15000000596046448,0.15000000596046448,1.0,1.0,1.0,1.0
complex_qaware_v018_r2,closed_loop,complex,full,1,0.18,True,10.17949388,1785050546.182361,1.2026802838001336,0.015188479744821876,0.090506058874555,0.10405230995063351,-0.04166032885109488,1.1217875202672882,0.11100592641805218,-0.20588191159734412,21.0,1.179821336829298,0.00013357403866445794,2.1798019524177987,0.0063026822482618134,3.1785111504514725,0.012020266314897023,0.5946385264396667,0.1622370332479477,0.11223703622817993,0.7882678508758545,0.7882678508758545,0,ROW_FOLLOW,,1.0,115.0,120.0,-0.08691354095935822,-0.014139905571937561,0.0,0.2862725555896759,0.0,-0.314552366733551,0.0,0.5555555820465088,0.6857142448425293,0.9731099009513855,0.9322424530982971,1.0,0.4285714328289032,0.7882678508758545,0.30000001192092896,0.20000000298023224,0.20000000298023224,0.15000000596046448,0.15000000596046448,1.0,1.0,1.0,1.0
complex_qaware_v018_r2,closed_loop,complex,full,1,0.18,True,10.229442466,1785050546.2323096,1.2003619298636556,0.015933203707681688,0.08880776232287427,0.09833230439958762,-0.03845780012855243,1.1343626597480867,0.11224955045977872,-0.20560624044473697,19.0,1.191418593829121,0.0003569074243041821,2.0914034394140573,0.005336509936746639,3.1247200621603155,0.010931541269337394,0.5947257280349731,0.15492115914821625,0.10492116212844849,0.7949471473693848,0.7949471473693848,0,ROW_FOLLOW,,1.0,142.0,115.0,-0.08748070895671844,-0.014760762453079224,0.0,0.2853326201438904,0.0,-0.31485414505004883,0.0,0.5714285969734192,0.6857142448425293,0.9767313599586487,0.9401962757110596,1.0,0.4285714328289032,0.7949471473693848,0.30000001192092896,0.20000000298023224,0.20000000298023224,0.15000000596046448,0.15000000596046448,1.0,1.0,1.0,1.0
complex_qaware_v018_r2,closed_loop,complex,full,1,0.18,True,10.279351564,1785050546.2822185,1.2056568698470658,0.016367775695793257,0.08663035777791128,0.0997694376165305,-0.04032643000378227,1.1396906988198787,0.11231069788444897,-0.2051985909469352,19.0,1.191418593829121,0.0003569074243041821,2.0914034394140573,0.005336509936746639,3.1247200621603155,0.010931541269337394,0.5947257280349731,0.15492115914821625,0.10492116212844849,0.7949471473693848,0.7949471473693848,0,ROW_FOLLOW,,1.0,142.0,115.0,-0.08748070895671844,-0.014760762453079224,0.0,0.2853326201438904,0.0,-0.31485414505004883,0.0,0.5714285969734192,0.6857142448425293,0.9767313599586487,0.9401962757110596,1.0,0.4285714328289032,0.7949471473693848,0.30000001192092896,0.20000000298023224,0.20000000298023224,0.15000000596046448,0.15000000596046448,1.0,1.0,1.0,1.0
complex_qaware_v018_r2,closed_loop,complex,full,1,0.18,True,10.329474938,1785050546.332342,1.2091944333448987,0.016623382336410298,0.08451076560886642,0.09930419754665927,-0.04861448665468624,1.1432594173410677,0.11079475820715472,-0.2047471085750232,21.0,1.199204033842939,0.00021298483498234078,2.1991909696877237,0.0050044143828054674,3.197408768797522,0.011454518644250202,0.5935787558555603,0.15715588629245758,0.10715588927268982,0.7861490249633789,0.7861490249633789,0,ROW_FOLLOW,,1.0,131.0,115.0,-0.08264853805303574,-0.015837237238883972,0.0,0.2836263179779053,0.0,-0.3153007924556732,0.0,0.5396825075149536,0.6857142448425293,0.977321445941925,0.944247305393219,1.0,0.4285714328289032,0.7861490249633789,0.30000001192092896,0.20000000298023224,0.20000000298023224,0.15000000596046448,0.15000000596046448,1.0,1.0,1.0,1.0
complex_qaware_v018_r2,closed_loop,complex,full,1,0.18,True,10.379378851,1785050546.3822458,1.2096006872071217,0.01658694297625734,0.08085993675596904,0.09941113903683574,-0.07663730349907083,1.1436934579552063,0.11163633277469796,-0.19913661145806827,21.0,1.199204033842939,0.00021298483498234078,2.1991909696877237,0.0050044143828054674,3.197408768797522,0.011454518644250202,0.5935787558555603,0.15715588629245758,0.10715588927268982,0.7861490249633789,0.7861490249633789,0,ROW_FOLLOW,,1.0,131.0,115.0,-0.08264853805303574,-0.015837237238883972,0.0,0.2836263179779053,0.0,-0.3153007924556732,0.0,0.5396825075149536,0.6857142448425293,0.977321445941925,0.944247305393219,1.0,0.4285714328289032,0.7861490249633789,0.30000001192092896,0.20000000298023224,0.20000000298023224,0.15000000596046448,0.15000000596046448,1.0,1.0,1.0,1.0
complex_qaware_v018_r2,closed_loop,complex,full,1,0.18,True,10.429490385,1785050546.4323573,1.230364566930897,0.017070525827963274,0.07838169526790792,0.11156977889179245,-0.06859594363500997,1.1644952823985038,0.11125356911872485,-0.20169037188062022,20.0,1.2060411753618185,0.00017776231948974514,2.2060336263029794,0.004041161183270353,3.1576814741297,0.008418509079332209,0.5937492847442627,0.1638040691614151,0.11380407214164734,0.7861506938934326,0.7861506938934326,0,ROW_FOLLOW,,1.0,136.0,129.0,-0.07627689093351364,-0.017012283205986023,0.0,0.28237441182136536,0.0,-0.3163989782333374,0.0,0.523809552192688,0.7119047045707703,0.9767248034477234,0.941879153251648,1.0,0.4761904776096344,0.7861506938934326,0.30000001192092896,0.20000000298023224,0.20000000298023224,0.15000000596046448,0.15000000596046448,1.0,1.0,1.0,1.0
complex_qaware_v018_r2,closed_loop,complex,full,1,0.18,True,10.48321243,1785050546.4860795,1.2355506840123125,0.01738735773527536,0.07486386700921166,0.10865238767728648,-0.05472875505926436,1.1697324073635589,0.11164184043139902,-0.19910189646279236,20.0,1.2060411753618185,0.00017776231948974514,2.2060336263029794,0.004041161183270353,3.1576814741297,0.008418509079332209,0.5937492847442627,0.1638040691614151,0.11380407214164734,0.7861506938934326,0.7861506938934326,0,ROW_FOLLOW,,1.0,136.0,129.0,-0.07627689093351364,-0.017012283205986023,0.0,0.28237441182136536,0.0,-0.3163989782333374,0.0,0.523809552192688,0.7119047045707703,0.9767248034477234,0.941879153251648,1.0,0.4761904776096344,0.7861506938934326,0.30000001192092896,0.20000000298023224,0.20000000298023224,0.15000000596046448,0.15000000596046448,1.0,1.0,1.0,1.0
complex_qaware_v018_r2,closed_loop,complex,full,1,0.18,True,10.529556489,1785050546.5324235,1.2376389973353035,0.017459373830505186,0.07211095484576102,0.10843481444913705,-0.08155544961673429,1.1718640312163495,0.11418879960305173,-0.1949169493829754,21.0,1.217020868158308,-0.00033647717130750807,2.2170085902471874,0.004560243923215984,3.2206655095142303,0.009814990479807828,0.5955778360366821,0.16684038937091827,0.11684039235115051,0.7968130111694336,0.7968130111694336,0,ROW_FOLLOW,,1.0,127.0,132.0,-0.06873852014541626,-0.01850263774394989,0.0,0.2810286283493042,0.0,-0.318033903837204,0.0,0.5555555820465088,0.7119047045707703,0.9786137938499451,0.9469509124755859,1.0,0.4761904776096344,0.7968130111694336,0.30000001192092896,0.20000000298023224,0.20000000298023224,0.15000000596046448,0.15000000596046448,1.0,1.0,1.0,1.0
complex_qaware_v018_r2,closed_loop,complex,full,1,0.18,True,10.57945989,1785050546.582327,1.247757369701584,0.01762158876953635,0.06766725193207712,0.11124165854828671,-0.06542468131718723,1.182023471525617,0.11476184695849383,-0.191096633680028,21.0,1.217020868158308,-0.00033647717130750807,2.2170085902471874,0.004560243923215984,3.2206655095142303,0.009814990479807828,0.5955778360366821,0.16684038937091827,0.11684039235115051,0.7968130111694336,0.7968130111694336,0,ROW_FOLLOW,,1.0,127.0,132.0,-0.06873852014541626,-0.01850263774394989,0.0,0.2810286283493042,0.0,-0.318033903837204,0.0,0.5555555820465088,0.7119047045707703,0.9786137938499451,0.9469509124755859,1.0,0.4761904776096344,0.7968130111694336,0.30000001192092896,0.20000000298023224,0.20000000298023224,0.15000000596046448,0.15000000596046448,1.0,1.0,1.0,1.0
complex_qaware_v018_r2,closed_loop,complex,full,1,0.18,True,10.629458045,1785050546.6323252,1.2529735019904917,0.017902588503578516,0.06542266532036889,0.11109508076687732,-0.05565642222847028,1.1872702080528843,0.11423380968701798,-0.19167260343949274,20.0,1.2310763767135573,-0.0013482641570069578,2.236059776866329,0.004391156666414409,3.197710710496833,0.009862266110167713,0.5968175530433655,0.16969938576221466,0.1196993887424469,0.7943594455718994,0.7943594455718994,0,ROW_FOLLOW,,1.0,130.0,137.0,-0.06125349551439285,-0.020126700401306152,0.0,0.2796119451522827,0.0,-0.319865345954895,0.0,0.5476190447807312,0.7119047045707703,0.9798182249069214,0.9448606371879578,1.0,0.4761904776096344,0.7943594455718994,0.30000001192092896,0.20000000298023224,0.20000000298023224,0.15000000596046448,0.15000000596046448,1.0,1.0,1.0,1.0
complex_qaware_v018_r2,closed_loop,complex,full,1,0.18,True,10.679804528,1785050546.6826713,1.2543809436758724,0.01789005744304167,0.06178403547516577,0.10877080218097981,-0.0652395899662915,1.1892122060123171,0.11472727148604013,-0.1883828581126783,20.0,1.2310763767135573,-0.0013482641570069578,2.236059776866329,0.004391156666414409,3.197710710496833,0.009862266110167713,0.5968175530433655,0.16969938576221466,0.1196993887424469,0.7943594455718994,0.7943594455718994,0,ROW_FOLLOW,,1.0,130.0,137.0,-0.06125349551439285,-0.020126700401306152,0.0,0.2796119451522827,0.0,-0.319865345954895,0.0,0.5476190447807312,0.7119047045707703,0.9798182249069214,0.9448606371879578,1.0,0.4761904776096344,0.7943594455718994,0.30000001192092896,0.20000000298023224,0.20000000298023224,0.15000000596046448,0.15000000596046448,1.0,1.0,1.0,1.0
complex_qaware_v018_r2,closed_loop,complex,full,1,0.18,True,10.729428083,1785050546.7322948,1.2597902025206773,0.018171334341200378,0.058552783377794806,0.10857466434585751,-0.06971324899505917,1.1946450034626093,0.11607886592046777,-0.18459373848329907,21.0,1.2460268057893709,-0.002246158679938061,2.2510053433718586,0.004329582442714075,3.2450533110550634,0.011100410697295877,0.5903815031051636,0.15433527529239655,0.10433527827262878,0.7987107038497925,0.7987107038497925,0,ROW_FOLLOW,,1.0,134.0,131.0,-0.05469198524951935,-0.021009430289268494,0.0,0.2785324156284332,0.0,-0.3205512762069702,0.0,0.555555522441864,0.7380951642990112,0.9730476140975952,0.9321034550666809,1.0,0.523809552192688,0.7987107038497925,0.30000001192092896,0.20000000298023224,0.20000000298023224,0.15000000596046448,0.15000000596046448,1.0,1.0,1.0,1.0
complex_qaware_v018_r2,closed_loop,complex,full,1,0.18,True,10.782475169,1785050546.7853422,1.2648705977790433,0.018393401327235534,0.053466749738798405,0.11242552024416863,-0.10590576648624551,1.2003957350554693,0.11687853593116228,-0.17926260507866915,21.0,1.2557737466675776,-0.0027046373303706455,2.2607580775287626,0.0023758998508467467,3.259691160724877,0.005927092436740068,0.5903815031051636,0.15433527529239655,0.10433527827262878,0.7987107038497925,0.7987107038497925,0,ROW_FOLLOW,,1.0,134.0,131.0,-0.05469198524951935,-0.021009430289268494,0.0,0.2785324156284332,0.0,-0.3205512762069702,0.0,0.555555522441864,0.7380951642990112,0.9730476140975952,0.9321034550666809,1.0,0.523809552192688,0.7987107038497925,0.30000001192092896,0.20000000298023224,0.20000000298023224,0.15000000596046448,0.15000000596046448,1.0,1.0,1.0,1.0
complex_qaware_v018_r2,closed_loop,complex,full,1,0.18,True,10.829456426,1785050546.8323233,1.2702600103100081,0.018614598781900245,0.049306210005001475,0.11125415292264003,-0.0917504924401468,1.205811950507214,0.11678937752123095,-0.1779730108661507,21.0,1.2557737466675776,-0.0027046373303706455,2.2607580775287626,0.0023758998508467467,3.259691160724877,0.005927092436740068,0.5902827978134155,0.1557077318429947,0.10570773482322693,0.7971407175064087,0.7971407175064087,0,ROW_FOLLOW,,1.0,149.0,140.0,-0.05182703956961632,-0.020883798599243164,0.0,0.2783663868904114,0.0,-0.3201339840888977,0.0,0.555555522441864,0.7380951642990112,0.9695814251899719,0.9262580871582031,1.0,0.523809552192688,0.7971407175064087,0.30000001192092896,0.20000000298023224,0.20000000298023224,0.15000000596046448,0.15000000596046448,1.0,1.0,1.0,1.0
complex_qaware_v018_r2,closed_loop,complex,full,1,0.18,True,10.883712851,1785050546.8865798,1.2750718380278876,0.018409583418045265,0.042984559722841556,0.10884397850530048,-0.11957981230118231,1.211719341328267,0.11819170891058067,-0.1686241349371525,21.0,1.2648553488436205,-0.002750238365864055,2.2648453142791554,0.0011012880858970613,3.264835281375138,0.004952816633436479,0.5934284925460815,0.15672142803668976,0.106721431016922,0.8046003580093384,0.7971407175064087,0,ROW_FOLLOW,,1.0,131.0,132.0,-0.04016167297959328,-0.02105116844177246,0.0,0.27840471267700195,0.0,-0.3205070495605469,0.0,0.5714285969734192,0.7380951642990112,0.9753071665763855,0.9366084337234497,1.0,0.523809552192688,0.8046003580093384,0.30000001192092896,0.20000000298023224,0.20000000298023224,0.15000000596046448,0.15000000596046448,1.0,1.0,1.0,1.0
complex_qaware_v018_r2,closed_loop,complex,full,1,0.18,True,10.929455073,1785050546.932322,1.2811330567168844,0.01730571542946902,0.03770714614290638,0.108669294930795,-0.14598039690624723,1.2185315120359683,0.12138255315852432,-0.15630340855437716,21.0,1.2648553488436205,-0.002750238365864055,2.2648453142791554,0.0011012880858970613,3.264835281375138,0.004952816633436479,0.5934284925460815,0.15672142803668976,0.106721431016922,0.8046003580093384,0.8046003580093384,0,ROW_FOLLOW,,1.0,131.0,132.0,-0.04016167297959328,-0.02105116844177246,0.0,0.27840471267700195,0.0,-0.3205070495605469,0.0,0.5714285969734192,0.7380951642990112,0.9753071665763855,0.9366084337234497,1.0,0.523809552192688,0.8046003580093384,0.30000001192092896,0.20000000298023224,0.20000000298023224,0.15000000596046448,0.15000000596046448,1.0,1.0,1.0,1.0
complex_qaware_v018_r2,closed_loop,complex,full,1,0.18,True,10.979422987,1785050546.98229,1.286632553151127,0.017382271190508877,0.028625289662502777,0.10818497774589454,-0.160430792742814,1.2240972064048792,0.12314841673453766,-0.1445309847142882,21.0,1.2648553488436205,-0.002750238365864055,2.2648453142791554,0.0011012880858970613,3.264835281375138,0.004952816633436479,0.5934284925460815,0.15672142803668976,0.106721431016922,0.8046003580093384,0.8046003580093384,0,ROW_FOLLOW,,1.0,131.0,132.0,-0.04016167297959328,-0.02105116844177246,0.0,0.27840471267700195,0.0,-0.3205070495605469,0.0,0.5714285969734192,0.7380951642990112,0.9753071665763855,0.9366084337234497,1.0,0.523809552192688,0.8046003580093384,0.30000001192092896,0.20000000298023224,0.20000000298023224,0.15000000596046448,0.15000000596046448,1.0,1.0,1.0,1.0
complex_qaware_v018_r2,closed_loop,complex,full,1,0.18,True,11.029709758,1785050547.0325768,1.2940873537807118,0.01959948758505495,0.02143719202980777,0.11618550943288508,-0.1746922454062162,1.2325223538572974,0.12366806391771543,-0.1488344905180463,21.0,1.2755796299962292,-0.00315131713999401,2.2755762390199155,-0.0005851664283261529,3.2755728533577972,0.001980986694840164,0.5928590297698975,0.16432954370975494,0.11432954668998718,0.8110735416412354,0.8110735416412354,0,ROW_FOLLOW,,1.0,141.0,148.0,-0.025389421731233597,-0.02170446515083313,0.0,0.2778536081314087,0.0,-0.32126253843307495,0.0,0.5952380895614624,0.7380951642990112,0.975601851940155,0.9317513704299927,1.0,0.523809552192688,0.8110735416412354,0.30000001192092896,0.20000000298023224,0.20000000298023224,0.15000000596046448,0.15000000596046448,1.0,1.0,1.0,1.0
complex_qaware_v018_r2,closed_loop,complex,full,1,0.18,True,11.079397347,1785050547.0822644,1.3000270231736282,0.01953654740895477,0.009583371774818165,0.11650526629517056,-0.2160324715747819,1.2385561976384596,0.1260841581244036,-0.13272719580679176,21.0,1.2755796299962292,-0.00315131713999401,2.2755762390199155,-0.0005851664283261529,3.2755728533577972,0.001980986694840164,0.5928590297698975,0.16432954370975494,0.11432954668998718,0.8110735416412354,0.8110735416412354,0,ROW_FOLLOW,,1.0,141.0,148.0,-0.025389421731233597,-0.02170446515083313,0.0,0.2778536081314087,0.0,-0.32126253843307495,0.0,0.5952380895614624,0.7380951642990112,0.975601851940155,0.9317513704299927,1.0,0.523809552192688,0.8110735416412354,0.30000001192092896,0.20000000298023224,0.20000000298023224,0.15000000596046448,0.15000000596046448,1.0,1.0,1.0,1.0
complex_qaware_v018_r2,closed_loop,complex,full,1,0.18,True,11.129892314,1785050547.1327593,1.3059580868038985,0.01933626353486264,0.0012669682095460817,0.11652670448365396,-0.18166935773503273,1.244586083672984,0.12966353882423579,-0.11791879408415565,21.0,1.2872729142731358,-0.00289526404202348,2.287269311275199,-0.001539393361566838,3.287265689992027,-0.00018352379790045081,0.5905912518501282,0.15912087261676788,0.10912087559700012,0.818618655204773,0.818618655204773,0,ROW_FOLLOW,,1.0,149.0,145.0,-0.01157450769096613,-0.021258801221847534,0.0,0.2778281569480896,0.0,-0.32034575939178467,0.0,0.6269841194152832,0.7380951642990112,0.9700541496276855,0.9259567260742188,1.0,0.523809552192688,0.818618655204773,0.30000001192092896,0.20000000298023224,0.20000000298023224,0.15000000596046448,0.15000000596046448,1.0,1.0,1.0,1.0
complex_qaware_v018_r2,closed_loop,complex,full,1,0.18,True,11.179323066,1785050547.1821902,1.304525359762591,0.02003390368517038,-0.00886794877207775,0.11563749015650997,-0.1535800678100526,1.258447381328317,0.13145721679673467,-0.10596094093416301,21.0,1.2872729142731358,-0.00289526404202348,2.287269311275199,-0.001539393361566838,3.287265689992027,-0.00018352379790045081,0.5905912518501282,0.15912087261676788,0.10912087559700012,0.818618655204773,0.818618655204773,0,ROW_FOLLOW,,1.0,149.0,145.0,-0.01157450769096613,-0.021258801221847534,0.0,0.2778281569480896,0.0,-0.32034575939178467,0.0,0.6269841194152832,0.7380951642990112,0.9700541496276855,0.9259567260742188,1.0,0.523809552192688,0.818618655204773,0.30000001192092896,0.20000000298023224,0.20000000298023224,0.15000000596046448,0.15000000596046448,1.0,1.0,1.0,1.0
complex_qaware_v018_r2,closed_loop,complex,full,1,0.18,True,11.229731824,1785050547.2325988,1.3138249142786464,0.01698499561398985,-0.01565361263005239,0.12369964176184883,-0.1622019251743092,1.268902510151017,0.1321427943722074,-0.07817265032684492,21.0,1.2970460929950394,-0.0019690080782749572,2.297041484405247,-0.0028032227536372682,3.297036819512119,-0.0036374370570367437,0.590731143951416,0.1632297784090042,0.11322978138923645,0.799270510673523,0.799270510673523,0,ROW_FOLLOW,,1.0,146.0,159.0,0.005120568908751011,-0.019896775484085083,0.0,0.27915942668914795,0.0,-0.3189529776573181,0.0,0.579365074634552,0.7119047045707703,0.971347451210022,0.9254037737846375,1.0,0.4761904776096344,0.799270510673523,0.30000001192092896,0.20000000298023224,0.20000000298023224,0.15000000596046448,0.15000000596046448,1.0,1.0,1.0,1.0
complex_qaware_v018_r2,closed_loop,complex,full,1,0.18,True,11.279512119,1785050547.282379,1.3199721817083827,0.016721290165459885,-0.025368334828145052,0.12353917797090974,-0.15476530108698286,1.2751318558062803,0.13424272756156336,-0.0641730957311386,21.0,1.2970460929950394,-0.0019690080782749572,2.297041484405247,-0.0028032227536372682,3.297036819512119,-0.0036374370570367437,0.590731143951416,0.1632297784090042,0.11322978138923645,0.799270510673523,0.799270510673523,0,ROW_FOLLOW,,1.0,146.0,159.0,0.005120568908751011,-0.019896775484085083,0.0,0.27915942668914795,0.0,-0.3189529776573181,0.0,0.579365074634552,0.7119047045707703,0.971347451210022,0.9254037737846375,1.0,0.4761904776096344,0.799270510673523,0.30000001192092896,0.20000000298023224,0.20000000298023224,0.15000000596046448,0.15000000596046448,1.0,1.0,1.0,1.0
complex_qaware_v018_r2,closed_loop,complex,full,1,0.18,True,11.329470307,1785050547.3323371,1.32556444183057,0.016388605897983185,-0.03125180982620046,0.12371651506977618,-0.15130277048031887,1.2808044391510922,0.13641616678119325,-0.050938059496838245,21.0,1.308129197142461,-0.0013627669927896377,2.3081261386042455,-0.0036238267804861585,3.308123018068868,-0.005884885269600072,0.5928294062614441,0.1665525883436203,0.11655259132385254,0.8003159761428833,0.8003159761428833,0,ROW_FOLLOW,,1.0,150.0,152.0,0.024323662742972374,-0.019224658608436584,0.0,0.28000813722610474,0.0,-0.3184574544429779,0.0,0.5714285969734192,0.7119047045707703,0.9764770269393921,0.941407322883606,1.0,0.4761904776096344,0.8003159761428833,0.30000001192092896,0.20000000298023224,0.20000000298023224,0.15000000596046448,0.15000000596046448,1.0,1.0,1.0,1.0
complex_qaware_v018_r2,closed_loop,complex,full,1,0.18,True,11.380716042,1785050547.383583,1.325742148629016,0.016164895935952807,-0.03988761650026706,0.12405594589862635,-0.13008479205785517,1.2811286797095884,0.13852400522427227,-0.036885803209644824,21.0,1.308129197142461,-0.0013627669927896377,2.3081261386042455,-0.0036238267804861585,3.308123018068868,-0.005884885269600072,0.5928294062614441,0.1665525883436203,0.11655259132385254,0.8003159761428833,0.8003159761428833,0,ROW_FOLLOW,,1.0,150.0,152.0,0.024323662742972374,-0.019224658608436584,0.0,0.28000813722610474,0.0,-0.3184574544429779,0.0,0.5714285969734192,0.7119047045707703,0.9764770269393921,0.941407322883606,1.0,0.4761904776096344,0.8003159761428833,0.30000001192092896,0.20000000298023224,0.20000000298023224,0.15000000596046448,0.15000000596046448,1.0,1.0,1.0,1.0
complex_qaware_v018_r2,closed_loop,complex,full,1,0.18,True,11.429501436,1785050547.4323683,1.3411409280200495,0.010280724666108326,-0.04590653500958952,0.1260437567951996,-0.14287927156107938,1.2981162257879053,0.14447737389798052,0.0018329664074654731,21.0,1.3166944313498938,-0.0011618258243984748,2.316689905356199,-0.003950074730608265,3.3166853340497666,-0.006738323514279147,0.5913443565368652,0.16671322286128998,0.11671322584152222,0.8041795492172241,0.8041795492172241,0,ROW_FOLLOW,,1.0,147.0,131.0,0.03631490468978882,-0.017284393310546875,0.0,0.28143659234046936,0.0,-0.3160053789615631,0.0,0.5873015522956848,0.7119047045707703,0.9753190279006958,0.9369623064994812,1.0,0.4761904776096344,0.8041795492172241,0.30000001192092896,0.20000000298023224,0.20000000298023224,0.15000000596046448,0.15000000596046448,1.0,1.0,1.0,1.0
complex_qaware_v018_r2,closed_loop,complex,full,1,0.18,True,11.480473854,1785050547.4833407,1.3476420480026852,0.009784833670053499,-0.05206191291669969,0.12724303857604083,-0.12279193564602132,1.3047229729907563,0.1429395536085439,0.012085101670376294,21.0,1.3166944313498938,-0.0011618258243984748,2.316689905356199,-0.003950074730608265,3.3166853340497666,-0.006738323514279147,0.5913443565368652,0.16671322286128998,0.11671322584152222,0.8041795492172241,0.8041795492172241,0,ROW_FOLLOW,,1.0,147.0,131.0,0.03631490468978882,-0.017284393310546875,0.0,0.28143659234046936,0.0,-0.3160053789615631,0.0,0.5873015522956848,0.7119047045707703,0.9753190279006958,0.9369623064994812,1.0,0.4761904776096344,0.8041795492172241,0.30000001192092896,0.20000000298023224,0.20000000298023224,0.15000000596046448,0.15000000596046448,1.0,1.0,1.0,1.0
complex_qaware_v018_r2,closed_loop,complex,full,1,0.18,True,11.530001984,1785050547.5328689,1.3519853301531524,0.007277098681586004,-0.05424066417924943,0.12328159265545341,-0.07233479824098854,1.3140369144745934,0.14187135171262344,0.019963617366690126,21.0,1.33106542909179,-0.0031308633583720866,2.3310590263367574,-0.006346967918342096,3.331052640270112,-0.009563074179940586,0.5877707600593567,0.16571249067783356,0.1157124936580658,0.8048105239868164,0.8048105239868164,0,ROW_FOLLOW,,1.0,140.0,142.0,0.04703095555305481,-0.015554875135421753,0.0,0.2824232578277588,0.0,-0.3135330080986023,0.0,0.579365074634552,0.7380951642990112,0.9720110297203064,0.9265318512916565,1.0,0.523809552192688,0.8048105239868164,0.30000001192092896,0.20000000298023224,0.20000000298023224,0.15000000596046448,0.15000000596046448,1.0,1.0,1.0,1.0
complex_qaware_v018_r2,closed_loop,complex,full,1,0.18,True,11.581930199,1785050547.5847971,1.3516138402387161,0.008859766817286892,-0.05803815743700147,0.11923579628917072,-0.06604566258053197,1.3277752035275423,0.14227383111997763,0.017280421317662012,21.0,1.3415914093080232,-0.0036797552764239977,2.3415782852072033,-0.008694724779755489,3.3415652076706324,-0.013709695644272166,0.5863003134727478,0.1438867300748825,0.09388673305511475,0.8105652332305908,0.8048105239868164,0,ROW_FOLLOW,,1.0,139.0,128.0,0.05159685015678406,-0.013010069727897644,0.0,0.2851756513118744,0.0,-0.3111957907676697,0.0,0.5952380895614624,0.764285683631897,0.9658471941947937,0.9064485430717468,1.0,0.5714285969734192,0.8105652332305908,0.30000001192092896,0.20000000298023224,0.20000000298023224,0.15000000596046448,0.15000000596046448,1.0,1.0,1.0,1.0
complex_qaware_v018_r2,closed_loop,complex,full,1,0.18,True,11.629425452,1785050547.6322923,1.3581500311089547,0.008432914550938303,-0.06002177176304624,0.11928341948135475,-0.0669228814804358,1.3343382012830796,0.0853783641024442,0.017787431928540497,21.0,1.3415914093080232,-0.0036797552764239977,2.3415782852072033,-0.008694724779755489,3.3415652076706324,-0.013709695644272166,0.5863003134727478,0.1438867300748825,0.09388673305511475,0.8105652332305908,0.6000000238418579,0,ROW_FOLLOW,,1.0,139.0,128.0,0.05159685015678406,-0.013010069727897644,0.0,0.2851756513118744,0.0,-0.3111957907676697,0.0,0.5952380895614624,0.764285683631897,0.9658471941947937,0.9064485430717468,1.0,0.5714285969734192,0.8105652332305908,0.30000001192092896,0.20000000298023224,0.20000000298023224,0.15000000596046448,0.15000000596046448,1.0,1.0,1.0,1.0
complex_qaware_v018_r2,closed_loop,complex,full,1,0.18,True,11.679628477,1785050547.6824956,1.3643162190324094,0.010171795767823115,-0.06444726241097379,0.12057864115774895,-0.09339479303258233,1.3432578675849194,0.08591252089326191,0.013394145458646915,21.0,1.3415914093080232,-0.0036797552764239977,2.3415782852072033,-0.008694724779755489,3.3415652076706324,-0.013709695644272166,0.5863003134727478,0.1438867300748825,0.09388673305511475,0.8105652332305908,0.6000000238418579,0,ROW_FOLLOW,,1.0,139.0,128.0,0.05159685015678406,-0.013010069727897644,0.0,0.2851756513118744,0.0,-0.3111957907676697,0.0,0.5952380895614624,0.764285683631897,0.9658471941947937,0.9064485430717468,1.0,0.5714285969734192,0.8105652332305908,0.30000001192092896,0.20000000298023224,0.20000000298023224,0.15000000596046448,0.15000000596046448,1.0,1.0,1.0,1.0
complex_qaware_v018_r2,closed_loop,complex,full,1,0.18,True,11.729403172,1785050547.73227,1.3704402314633004,0.009718032139797756,-0.06705041931538916,0.1206526950894462,-0.06684097485506427,1.3494158089842743,0.14408718724395142,0.02159190844527168,21.0,1.3544430109198948,-0.0032486224813928614,2.3544210641270436,-0.009773784415514845,3.3543991523917014,-0.016298948568367923,0.5857149958610535,0.15057773888111115,0.10057774186134338,0.8184776306152344,0.8184776306152344,0,ROW_FOLLOW,,1.0,127.0,130.0,0.056343890726566315,-0.009998112916946411,0.0,0.28848588466644287,0.0,-0.3084821105003357,0.0,0.6190476417541504,0.764285683631897,0.9677777886390686,0.9090042114257812,1.0,0.5714285969734192,0.8184776306152344,0.30000001192092896,0.20000000298023224,0.20000000298023224,0.15000000596046448,0.15000000596046448,1.0,1.0,1.0,1.0
complex_qaware_v018_r2,closed_loop,complex,full,1,0.18,True,11.779433937,1785050547.782301,1.3783338322733374,0.010326930525691376,-0.0715373306056466,0.12368316827696599,-0.07270295735541224,1.3577750700285685,0.14392835524989464,0.022650788405650095,21.0,1.3544430109198948,-0.0032486224813928614,2.3544210641270436,-0.009773784415514845,3.3543991523917014,-0.016298948568367923,0.5857149958610535,0.15057773888111115,0.10057774186134338,0.8184776306152344,0.8184776306152344,0,ROW_FOLLOW,,1.0,127.0,130.0,0.056343890726566315,-0.009998112916946411,0.0,0.28848588466644287,0.0,-0.3084821105003357,0.0,0.6190476417541504,0.764285683631897,0.9677777886390686,0.9090042114257812,1.0,0.5714285969734192,0.8184776306152344,0.30000001192092896,0.20000000298023224,0.20000000298023224,0.15000000596046448,0.15000000596046448,1.0,1.0,1.0,1.0
complex_qaware_v018_r2,closed_loop,complex,full,1,0.18,True,11.829486047,1785050547.832353,1.3845881280439538,0.009831693458698582,-0.07339503434629036,0.12382698063169047,-0.0528091551443181,1.364061042410812,0.14162266997758732,0.043644076700728,21.0,1.3646796996072499,-0.00019482975523435418,2.3646495049605085,-0.007925403382904163,3.3646193474272046,-0.01565597816462495,0.5861189961433411,0.1525891274213791,0.10258913040161133,0.8231626749038696,0.8231626749038696,0,ROW_FOLLOW,,1.0,139.0,122.0,0.06289005279541016,-0.0069356560707092285,0.0,0.2916240096092224,0.0,-0.30549532175064087,0.0,0.634920597076416,0.764285683631897,0.9686665534973145,0.907306969165802,1.0,0.5714285969734192,0.8231626749038696,0.30000001192092896,0.20000000298023224,0.20000000298023224,0.15000000596046448,0.15000000596046448,1.0,1.0,1.0,1.0
complex_qaware_v018_r2,closed_loop,complex,full,1,0.18,True,11.880096313,1785050547.8829632,1.3907502230701263,0.008771477539127848,-0.07651645797163913,0.1229091137505862,-0.050935914071160195,1.3716716109182532,0.14031312452044203,0.05237437974836336,21.0,1.3646796996072499,-0.00019482975523435418,2.3646495049605085,-0.007925403382904163,3.3646193474272046,-0.01565597816462495,0.5861189961433411,0.1525891274213791,0.10258913040161133,0.8231626749038696,0.8231626749038696,0,ROW_FOLLOW,,1.0,139.0,122.0,0.06289005279541016,-0.0069356560707092285,0.0,0.2916240096092224,0.0,-0.30549532175064087,0.0,0.634920597076416,0.764285683631897,0.9686665534973145,0.907306969165802,1.0,0.5714285969734192,0.8231626749038696,0.30000001192092896,0.20000000298023224,0.20000000298023224,0.15000000596046448,0.15000000596046448,1.0,1.0,1.0,1.0
complex_qaware_v018_r2,closed_loop,complex,full,1,0.18,True,11.929396342,1785050547.9322631,1.3996089975109525,0.008970666864446017,-0.07896631860861934,0.12422416396485118,-0.06073444111914643,1.3806513590569125,0.13603671682749924,0.07100708399383658,21.0,1.377741797116651,0.0028460407784536013,2.377705241569344,-0.005711140602340262,3.3776687266590444,-0.01426832518227624,0.5858393311500549,0.15098579227924347,0.10098579525947571,0.814932107925415,0.814932107925415,0,ROW_FOLLOW,,1.0,116.0,128.0,0.06759525090456009,-0.00379905104637146,0.0,0.2946723699569702,0.0,-0.30227047204971313,0.0,0.6428571343421936,0.7119047045707703,0.9670805931091309,0.9085192680358887,1.0,0.4761904776096344,0.814932107925415,0.30000001192092896,0.20000000298023224,0.20000000298023224,0.15000000596046448,0.15000000596046448,1.0,1.0,1.0,1.0
complex_qaware_v018_r2,closed_loop,complex,full,1,0.18,True,11.97938733,1785050547.9822543,1.4059813822327802,0.008406598508814565,-0.08255575988301399,0.12750455086158094,-0.059043468960154735,1.3870777839534303,0.13498568361136407,0.07801397210140427,21.0,1.377741797116651,0.0028460407784536013,2.377705241569344,-0.005711140602340262,3.3776687266590444,-0.01426832518227624,0.5858393311500549,0.15098579227924347,0.10098579525947571,0.814932107925415,0.814932107925415,0,ROW_FOLLOW,,1.0,116.0,128.0,0.06759525090456009,-0.00379905104637146,0.0,0.2946723699569702,0.0,-0.30227047204971313,0.0,0.6428571343421936,0.7119047045707703,0.9670805931091309,0.9085192680358887,1.0,0.4761904776096344,0.814932107925415,0.30000001192092896,0.20000000298023224,0.20000000298023224,0.15000000596046448,0.15000000596046448,1.0,1.0,1.0,1.0
complex_qaware_v018_r2,closed_loop,complex,full,1,0.18,True,12.029397167,1785050548.0322642,1.4123048197897023,0.007818054978856317,-0.08414047842212602,0.12772088732731307,-0.031313867186363156,1.3934480238789209,0.13078834119731622,0.09551847356594677,20.0,1.3916535232352356,0.005316646022056909,2.391597982342582,-0.005007353956655863,3.3248784260230715,-0.014745743165427793,0.5867465138435364,0.15268664062023163,0.10268664360046387,0.8062006235122681,0.8062006235122681,0,ROW_FOLLOW,,1.0,126.0,119.0,0.0691516250371933,-0.000820845365524292,0.0,0.297701895236969,0.0,-0.2993435859680176,0.0,0.6111111044883728,0.7119047045707703,0.9697656035423279,0.9102216362953186,1.0,0.4761904776096344,0.8062006235122681,0.30000001192092896,0.20000000298023224,0.20000000298023224,0.15000000596046448,0.15000000596046448,1.0,1.0,1.0,1.0
complex_qaware_v018_r2,closed_loop,complex,full,1,0.18,True,12.080261168,1785050548.083128,1.4137466024469403,0.007605900028890729,-0.08716705980129368,0.12781680460849773,-0.04714975119761148,1.3949462976234703,0.1299777455013017,0.10092244487271029,20.0,1.3916535232352356,0.005316646022056909,2.391597982342582,-0.005007353956655863,3.3248784260230715,-0.014745743165427793,0.5867465138435364,0.15268664062023163,0.10268664360046387,0.8062006235122681,0.8062006235122681,0,ROW_FOLLOW,,1.0,126.0,119.0,0.0691516250371933,-0.000820845365524292,0.0,0.297701895236969,0.0,-0.2993435859680176,0.0,0.6111111044883728,0.7119047045707703,0.9697656035423279,0.9102216362953186,1.0,0.4761904776096344,0.8062006235122681,0.30000001192092896,0.20000000298023224,0.20000000298023224,0.15000000596046448,0.15000000596046448,1.0,1.0,1.0,1.0
complex_qaware_v018_r2,closed_loop,complex,full,1,0.18,True,12.129458091,1785050548.1323252,1.424005916626697,0.007827382305879697,-0.08903672027488921,0.1243642375176299,-0.03558552747822262,1.4053321258904177,0.12483975154220649,0.11309750993651889,21.0,1.4034908849404806,0.007707948638452203,2.403418350769528,-0.0041642637384909425,3.402123238307904,-0.014443889376110006,0.5864932537078857,0.1566588133573532,0.10665881633758545,0.7878021001815796,0.7878021001815796,0,ROW_FOLLOW,,1.0,101.0,145.0,0.07387486100196838,0.002959802746772766,0.0,0.30133187770843506,0.0,-0.2954122722148895,0.0,0.5634921193122864,0.6857142448425293,0.9730201959609985,0.9133841395378113,1.0,0.4285714328289032,0.7878021001815796,0.30000001192092896,0.20000000298023224,0.20000000298023224,0.15000000596046448,0.15000000596046448,1.0,1.0,1.0,1.0
complex_qaware_v018_r2,closed_loop,complex,full,1,0.18,True,12.179789216,1785050548.1826563,1.4303213348968864,0.007191718018625023,-0.09114318140866161,0.12648828363563852,-0.024063065229308945,1.4117096770373145,0.12399411367895835,0.1187350956915064,21.0,1.4034908849404806,0.007707948638452203,2.403418350769528,-0.0041642637384909425,3.402123238307904,-0.014443889376110006,0.5864932537078857,0.1566588133573532,0.10665881633758545,0.7878021001815796,0.7878021001815796,0,ROW_FOLLOW,,1.0,101.0,145.0,0.07387486100196838,0.002959802746772766,0.0,0.30133187770843506,0.0,-0.2954122722148895,0.0,0.5634921193122864,0.6857142448425293,0.9730201959609985,0.9133841395378113,1.0,0.4285714328289032,0.7878021001815796,0.30000001192092896,0.20000000298023224,0.20000000298023224,0.15000000596046448,0.15000000596046448,1.0,1.0,1.0,1.0
complex_qaware_v018_r2,closed_loop,complex,full,1,0.18,True,12.229439078,1785050548.232306,1.432840910279495,0.006911174218530117,-0.09227690288673207,0.12665984334061728,-0.01852264088699485,1.4142662517933984,0.12299735177877658,0.13546699753581726,19.0,1.4167343548246052,0.010841546162333073,2.3166352774017143,-0.0024049249178649686,3.3165230872450704,-0.017262137114055342,0.5861214399337769,0.15686099231243134,0.10686099529266357,0.7962077856063843,0.7962077856063843,0,ROW_FOLLOW,,1.0,95.0,122.0,0.07368293404579163,0.00718274712562561,0.0,0.3056427240371704,0.0,-0.2912772297859192,0.0,0.579365074634552,0.7119047045707703,0.973413348197937,0.9022310376167297,1.0,0.4761904776096344,0.7962077856063843,0.30000001192092896,0.20000000298023224,0.20000000298023224,0.15000000596046448,0.15000000596046448,1.0,1.0,1.0,1.0
complex_qaware_v018_r2,closed_loop,complex,full,1,0.18,True,12.283618799,1785050548.2864857,1.4322668668266112,0.006926852322865506,-0.09337236266708968,0.12670451915666536,-0.018297860690029446,1.4148552846552138,0.12275371027371926,0.1370912742361994,21.0,1.425589604932276,0.014986761986514047,2.430438247135348,-0.0022037769142553617,3.422861526730804,-0.018556901650397827,0.587975025177002,0.1624896079301834,0.11248961091041565,0.8061820268630981,0.7962077856063843,0,ROW_FOLLOW,,1.0,95.0,117.0,0.07281236350536346,0.013097390532493591,0.0,0.30976802110671997,0.0,-0.2835732400417328,0.0,0.6031745672225952,0.7380951642990112,0.9701156616210938,0.8905833959579468,1.0,0.523809552192688,0.8061820268630981,0.30000001192092896,0.20000000298023224,0.20000000298023224,0.15000000596046448,0.15000000596046448,1.0,1.0,1.0,1.0
complex_qaware_v018_r2,closed_loop,complex,full,1,0.18,True,12.329432033,1785050548.332299,1.4394934025419917,0.005175499958786902,-0.09407027224449566,0.11858715821044753,-0.03219353302449256,1.4226961057815104,0.12029309790195401,0.16546444622269094,21.0,1.425589604932276,0.014986761986514047,2.430438247135348,-0.0022037769142553617,3.422861526730804,-0.018556901650397827,0.587975025177002,0.1624896079301834,0.11248961091041565,0.8061820268630981,0.8061820268630981,0,ROW_FOLLOW,,1.0,95.0,117.0,0.07281236350536346,0.013097390532493591,0.0,0.30976802110671997,0.0,-0.2835732400417328,0.0,0.6031745672225952,0.7380951642990112,0.9701156616210938,0.8905833959579468,1.0,0.523809552192688,0.8061820268630981,0.30000001192092896,0.20000000298023224,0.20000000298023224,0.15000000596046448,0.15000000596046448,1.0,1.0,1.0,1.0
complex_qaware_v018_r2,closed_loop,complex,full,1,0.18,True,12.381764545,1785050548.3846316,1.4458321421523888,0.004562913007601602,-0.0947234061223798,0.1230933199988228,0.009825687823813871,1.4290690622637858,0.11968261316414842,0.16953434447472815,19.0,1.4364043496325085,0.018825240192799037,2.3362178820955113,0.0006051565923562737,3.369337421408327,-0.020293263002452423,0.5894883275032043,0.16204480826854706,0.1120448112487793,0.7875710725784302,0.8061820268630981,0,ROW_FOLLOW,,1.0,76.0,115.0,0.0720057487487793,0.017522484064102173,0.0,0.3137185573577881,0.0,-0.27867358922958374,0.0,0.5714285969734192,0.6857142448425293,0.9666818976402283,0.9044215083122253,1.0,0.4285714328289032,0.7875710725784302,0.30000001192092896,0.20000000298023224,0.20000000298023224,0.15000000596046448,0.15000000596046448,1.0,1.0,1.0,1.0
complex_qaware_v018_r2,closed_loop,complex,full,1,0.18,True,12.429473436,1785050548.4323404,1.4560290463672958,0.0029806739138164475,-0.0950889422042018,0.12098355259177823,-0.005179926626148309,1.4394192340870224,0.11267219135788371,0.19393734470822474,19.0,1.4364043496325085,0.018825240192799037,2.3362178820955113,0.0006051565923562737,3.369337421408327,-0.020293263002452423,0.5894883275032043,0.16204480826854706,0.1120448112487793,0.7875710725784302,0.7875710725784302,0,ROW_FOLLOW,,1.0,76.0,115.0,0.0720057487487793,0.017522484064102173,0.0,0.3137185573577881,0.0,-0.27867358922958374,0.0,0.5714285969734192,0.6857142448425293,0.9666818976402283,0.9044215083122253,1.0,0.4285714328289032,0.7875710725784302,0.30000001192092896,0.20000000298023224,0.20000000298023224,0.15000000596046448,0.15000000596046448,1.0,1.0,1.0,1.0
complex_qaware_v018_r2,closed_loop,complex,full,1,0.18,True,12.480630755,1785050548.4834976,1.4560283031437387,0.0029729124443576443,-0.09569819516291786,0.1229612116417183,-0.008694698925518291,1.4394270310602015,0.11252815215061557,0.19489760609001244,21.0,1.4451156902634132,0.022544644986235846,2.444859471829115,-3.922542441152973e-05,3.444047736095362,-0.022259384351415883,0.5905904173851013,0.16480262577533722,0.11480262875556946,0.7928996086120605,0.7875710725784302,0,ROW_FOLLOW,,1.0,84.0,118.0,0.07108920067548752,0.022563785314559937,0.0,0.3178475499153137,0.0,-0.27271997928619385,0.0,0.5873016119003296,0.6857142448425293,0.967464804649353,0.9071556329727173,1.0,0.4285714328289032,0.7928996086120605,0.30000001192092896,0.20000000298023224,0.20000000298023224,0.15000000596046448,0.15000000596046448,1.0,1.0,1.0,1.0
complex_qaware_v018_r2,closed_loop,complex,full,1,0.18,True,12.52942271,1785050548.5322895,1.4648636326745188,0.0021809449300570953,-0.09590256714246112,0.1286407012752791,-0.014309908158596894,1.4559296993462694,0.11039871240551509,0.21548811429770542,21.0,1.4451156902634132,0.022544644986235846,2.444859471829115,-3.922542441152973e-05,3.444047736095362,-0.022259384351415883,0.5905904173851013,0.16480262577533722,0.11480262875556946,0.7928996086120605,0.7928996086120605,0,ROW_FOLLOW,,1.0,84.0,118.0,0.07108920067548752,0.022563785314559937,0.0,0.3178475499153137,0.0,-0.27271997928619385,0.0,0.5873016119003296,0.6857142448425293,0.967464804649353,0.9071556329727173,1.0,0.4285714328289032,0.7928996086120605,0.30000001192092896,0.20000000298023224,0.20000000298023224,0.15000000596046448,0.15000000596046448,1.0,1.0,1.0,1.0
complex_qaware_v018_r2,closed_loop,complex,full,1,0.18,True,12.580665983,1785050548.583533,1.472890183272783,0.0009591470772749573,-0.09620496091073158,0.13068961698158407,-0.0031311449524407792,1.4641062565641938,0.10919656543027019,0.22350242746600482,20.0,1.4588578892179678,0.025546249997496728,2.4635087533942754,-0.0006977064291651872,3.4144046010089957,-0.02704727565958112,0.5856754779815674,0.1452566236257553,0.09525662660598755,0.7966313362121582,0.7928996086120605,0,ROW_FOLLOW,,1.0,74.0,123.0,0.06512723863124847,0.02808070182800293,0.0,0.32189691066741943,0.0,-0.2657355070114136,0.0,0.6190476417541504,0.6857142448425293,0.9582821130752563,0.8807851076126099,1.0,0.4285714328289032,0.7966313362121582,0.30000001192092896,0.20000000298023224,0.20000000298023224,0.15000000596046448,0.15000000596046448,1.0,1.0,1.0,1.0
complex_qaware_v018_r2,closed_loop,complex,full,1,0.18,True,12.629463666,1785050548.6323304,1.4791652292950308,0.0003440579632471778,-0.09651605113425976,0.130937045376475,-0.006097967341334962,1.4704147819885007,0.05775795400516363,0.23664840535654771,20.0,1.4588578892179678,0.025546249997496728,2.4635087533942754,-0.0006977064291651872,3.4144046010089957,-0.02704727565958112,0.5856754779815674,0.1452566236257553,0.09525662660598755,0.7966313362121582,0.6000000238418579,0,ROW_FOLLOW,,1.0,74.0,123.0,0.06512723863124847,0.02808070182800293,0.0,0.32189691066741943,0.0,-0.2657355070114136,0.0,0.6190476417541504,0.6857142448425293,0.9582821130752563,0.8807851076126099,1.0,0.4285714328289032,0.7966313362121582,0.30000001192092896,0.20000000298023224,0.20000000298023224,0.15000000596046448,0.15000000596046448,1.0,1.0,1.0,1.0
complex_qaware_v018_r2,closed_loop,complex,full,1,0.18,True,12.681861748,1785050548.6847286,1.4886389646105622,-1.7004133792826687e-05,-0.09677418546816383,0.12999918159148852,-0.0014938777384123708,1.479906264619864,0.05727814272439833,0.24066374058925158,19.0,1.4733237781666348,0.028933916801502733,2.3729482731443907,0.0030768496757602307,3.3725255120017734,-0.025858651155648043,0.5814444422721863,0.15414781868457794,0.10414782166481018,0.7938088178634644,0.6000000238418579,0,ROW_FOLLOW,,1.0,81.0,102.0,0.06627762317657471,0.03227697312831879,0.0,0.324897438287735,0.0,-0.2603434920310974,0.0,0.6269841194152832,0.6595237255096436,0.9533393383026123,0.8876065015792847,1.0,0.380952388048172,0.7938088178634644,0.30000001192092896,0.20000000298023224,0.20000000298023224,0.15000000596046448,0.15000000596046448,1.0,1.0,1.0,1.0
complex_qaware_v018_r2,closed_loop,complex,full,1,0.18,True,12.729668721,1785050548.7325356,1.493578207814252,-3.2193807396933946e-05,-0.09657552988909447,0.1294261964482022,0.020491309957517363,1.4866178873124856,0.10500241741592549,0.2525544653299872,19.0,1.4733237781666348,0.028933916801502733,2.3729482731443907,0.0030768496757602307,3.3725255120017734,-0.025858651155648043,0.5814444422721863,0.15414781868457794,0.10414782166481018,0.7938088178634644,0.7938088178634644,0,ROW_FOLLOW,,1.0,81.0,102.0,0.06627762317657471,0.03227697312831879,0.0,0.324897438287735,0.0,-0.2603434920310974,0.0,0.6269841194152832,0.6595237255096436,0.9533393383026123,0.8876065015792847,1.0,0.380952388048172,0.7938088178634644,0.30000001192092896,0.20000000298023224,0.20000000298023224,0.15000000596046448,0.15000000596046448,1.0,1.0,1.0,1.0
complex_qaware_v018_r2,closed_loop,complex,full,1,0.18,True,12.781783629,1785050548.7846506,1.499266129868792,-0.0005778633274520211,-0.09652697792153915,0.12448911230760676,-0.013518296401932535,1.4923397252908333,0.10438510227855623,0.2566698995791156,21.0,1.4879225084943946,0.03229637833719808,2.492445912551395,0.0013453898837205696,3.4994360621903855,-0.025729032677720143,0.5845940709114075,0.15348835289478302,0.10348835587501526,0.7882189750671387,0.7938088178634644,0,ROW_FOLLOW,,1.0,75.0,98.0,0.06584817171096802,0.03621387481689453,0.0,0.3282901644706726,0.0,-0.25586241483688354,0.0,0.6190476417541504,0.6333332657814026,0.9571391344070435,0.8960679173469543,1.0,0.3333333432674408,0.7882189750671387,0.30000001192092896,0.20000000298023224,0.20000000298023224,0.15000000596046448,0.15000000596046448,1.0,1.0,1.0,1.0
complex_qaware_v018_r2,closed_loop,complex,full,1,0.18,True,12.829507241,1785050548.8323743,1.5039167298905296,-0.00103296840968401,-0.09704815817832557,0.12456415585570484,-0.013424614845833953,1.4970208809736374,0.10107066437218507,0.2720583409326661,21.0,1.4879225084943946,0.03229637833719808,2.492445912551395,0.0013453898837205696,3.4994360621903855,-0.025729032677720143,0.5845940709114075,0.15348835289478302,0.10348835587501526,0.7882189750671387,0.7882189750671387,0,ROW_FOLLOW,,1.0,75.0,98.0,0.06584817171096802,0.03621387481689453,0.0,0.3282901644706726,0.0,-0.25586241483688354,0.0,0.6190476417541504,0.6333332657814026,0.9571391344070435,0.8960679173469543,1.0,0.3333333432674408,0.7882189750671387,0.30000001192092896,0.20000000298023224,0.20000000298023224,0.15000000596046448,0.15000000596046448,1.0,1.0,1.0,1.0
complex_qaware_v018_r2,closed_loop,complex,full,1,0.18,True,12.879895071,1785050548.882762,1.5157641374306445,-0.0008245415058006657,-0.09651578651867294,0.12042490387298081,-0.0032044065974073865,1.5089603670764762,0.1008699850329263,0.2733962031943912,21.0,1.4879225084943946,0.03229637833719808,2.492445912551395,0.0013453898837205696,3.4994360621903855,-0.025729032677720143,0.5845940709114075,0.15348835289478302,0.10348835587501526,0.7882189750671387,0.7882189750671387,0,ROW_FOLLOW,,1.0,75.0,98.0,0.06584817171096802,0.03621387481689453,0.0,0.3282901644706726,0.0,-0.25586241483688354,0.0,0.6190476417541504,0.6333332657814026,0.9571391344070435,0.8960679173469543,1.0,0.3333333432674408,0.7882189750671387,0.30000001192092896,0.20000000298023224,0.20000000298023224,0.15000000596046448,0.15000000596046448,1.0,1.0,1.0,1.0
complex_qaware_v018_r2,closed_loop,complex,full,1,0.18,True,12.929500004,1785050548.9323668,1.5211921015197376,-0.0013455768037838524,-0.09624065018526858,0.12039930271904944,-0.00093877761576629,1.514414856442187,0.09654914978078749,0.29077599029198303,20.0,1.50232371392765,0.03554026499654688,2.501856853823726,0.004982824619438727,3.457763951804849,-0.02231000982479548,0.5853446125984192,0.16119737923145294,0.11119738221168518,0.7786974906921387,0.7786974906921387,0,ROW_FOLLOW,,1.0,77.0,90.0,0.06615296006202698,0.03960074484348297,0.0,0.33020809292793274,0.0,-0.2510066032409668,0.0,0.5873015522956848,0.6333332657814026,0.9547314643859863,0.899294376373291,1.0,0.3333333432674408,0.7786974906921387,0.30000001192092896,0.20000000298023224,0.20000000298023224,0.15000000596046448,0.15000000596046448,1.0,1.0,1.0,1.0
complex_qaware_v018_r2,closed_loop,complex,full,1,0.18,True,12.979401679,1785050548.9822686,1.5268094719054406,-0.0018852942595140381,-0.09630474071530816,0.11615469687992408,0.01367098564568955,1.5200615477870882,0.09582524909566925,0.295601994859438,20.0,1.50232371392765,0.03554026499654688,2.501856853823726,0.004982824619438727,3.457763951804849,-0.02231000982479548,0.5853446125984192,0.16119737923145294,0.11119738221168518,0.7786974906921387,0.7786974906921387,0,ROW_FOLLOW,,1.0,77.0,90.0,0.06615296006202698,0.03960074484348297,0.0,0.33020809292793274,0.0,-0.2510066032409668,0.0,0.5873015522956848,0.6333332657814026,0.9547314643859863,0.899294376373291,1.0,0.3333333432674408,0.7786974906921387,0.30000001192092896,0.20000000298023224,0.20000000298023224,0.15000000596046448,0.15000000596046448,1.0,1.0,1.0,1.0
complex_qaware_v018_r2,closed_loop,complex,full,1,0.18,True,13.029355644,1785050549.0322227,1.5334167103052394,-0.0033091425339974857,-0.09582121282257194,0.11334114857463676,0.0032754272689728813,1.527105888100837,0.08831573614245228,0.3140336587186936,21.0,1.5151396685813774,0.03810932227361257,2.5146767375203614,0.0076810739058653515,3.5132983036078578,-0.023141565543958482,0.5791391134262085,0.15616054832935333,0.10616055130958557,0.7523376941680908,0.7523376941680908,0,ROW_FOLLOW,,1.0,76.0,73.0,0.0660475566983223,0.041855499148368835,0.0,0.3323174715042114,0.0,-0.24860647320747375,0.0,0.460317462682724,0.6595237255096436,0.9607540965080261,0.9345793128013611,1.0,0.380952388048172,0.7523376941680908,0.30000001192092896,0.20000000298023224,0.20000000298023224,0.15000000596046448,0.15000000596046448,1.0,1.0,1.0,1.0
complex_qaware_v018_r2,closed_loop,complex,full,1,0.18,True,13.082661939,1785050549.0855289,1.5344880843228168,-0.0026702395106950475,-0.09497311377681553,0.10977139131408901,0.014686484548902241,1.5360302355221434,0.08894642588488771,0.30982906043579084,21.0,1.5269398382153856,0.03972676348576084,2.526484979209613,0.009565236840238127,3.5310227614364518,-0.01991523997600272,0.5791391134262085,0.15616054832935333,0.10616055130958557,0.7523376941680908,0.7523376941680908,0,ROW_FOLLOW,,1.0,76.0,73.0,0.0660475566983223,0.041855499148368835,0.0,0.3323174715042114,0.0,-0.24860647320747375,0.0,0.460317462682724,0.6595237255096436,0.9607540965080261,0.9345793128013611,1.0,0.380952388048172,0.7523376941680908,0.30000001192092896,0.20000000298023224,0.20000000298023224,0.15000000596046448,0.15000000596046448,1.0,1.0,1.0,1.0
complex_qaware_v018_r2,closed_loop,complex,full,1,0.18,True,13.129433147,1785050549.1323001,1.5385330875935186,-0.003046463212466586,-0.09494157095591142,0.1095128408731489,0.0069517553581581164,1.5400930391563312,0.08842912164009521,0.3176595550989501,21.0,1.5269398382153856,0.03972676348576084,2.526484979209613,0.009565236840238127,3.5310227614364518,-0.01991523997600272,0.5795586109161377,0.16066478192806244,0.11066478490829468,0.7559891939163208,0.7559891939163208,0,ROW_FOLLOW,,1.0,79.0,78.0,0.06509483605623245,0.04316079616546631,0.0,0.33385175466537476,0.0,-0.24753016233444214,0.0,0.4682539403438568,0.6595237255096436,0.9623990654945374,0.940855860710144,1.0,0.380952388048172,0.7559891939163208,0.30000001192092896,0.20000000298023224,0.20000000298023224,0.15000000596046448,0.15000000596046448,1.0,1.0,1.0,1.0
complex_qaware_v018_r2,closed_loop,complex,full,1,0.18,True,13.180477152,1785050549.1833441,1.5384815434017236,-0.003019274329356743,-0.09386793359700499,0.10464910913374018,0.020444934759223213,1.5401632527981264,0.08859451068934282,0.3165569614372994,21.0,1.5269398382153856,0.03972676348576084,2.526484979209613,0.009565236840238127,3.5310227614364518,-0.01991523997600272,0.5795586109161377,0.16066478192806244,0.11066478490829468,0.7559891939163208,0.7559891939163208,0,ROW_FOLLOW,,1.0,79.0,78.0,0.06509483605623245,0.04316079616546631,0.0,0.33385175466537476,0.0,-0.24753016233444214,0.0,0.4682539403438568,0.6595237255096436,0.9623990654945374,0.940855860710144,1.0,0.380952388048172,0.7559891939163208,0.30000001192092896,0.20000000298023224,0.20000000298023224,0.15000000596046448,0.15000000596046448,1.0,1.0,1.0,1.0
complex_qaware_v018_r2,closed_loop,complex,full,1,0.18,True,13.229426232,1785050549.2322931,1.5384822891232057,-0.0030112170948859017,-0.09332360063361068,0.10427882074089509,0.017242686167440277,1.540171344468474,0.08794091804623891,0.31844790089128466,21.0,1.534560552241336,0.040893289747962795,2.5341119196556736,0.010939186119698739,3.5336632951611207,-0.019014917499517073,0.5792692303657532,0.1648191660642624,0.11481916904449463,0.7539339065551758,0.7539339065551758,0,ROW_FOLLOW,,1.0,78.0,78.0,0.06412765383720398,0.04529683291912079,0.0,0.3355030417442322,0.0,-0.2449093759059906,0.0,0.4444444179534912,0.6857142448425293,0.9607224464416504,0.9420878887176514,1.0,0.4285714328289032,0.7539339065551758,0.30000001192092896,0.20000000298023224,0.20000000298023224,0.15000000596046448,0.15000000596046448,1.0,1.0,1.0,1.0
complex_qaware_v018_r2,closed_loop,complex,full,1,0.18,True,13.279459751,1785050549.2823267,1.5382151111683078,-0.0029559512259573085,-0.09204489617470954,0.1037230821097446,0.023650256728002892,1.5404511384023734,0.08828406349850311,0.3161602645428568,21.0,1.534560552241336,0.040893289747962795,2.5341119196556736,0.010939186119698739,3.5336632951611207,-0.019014917499517073,0.5792692303657532,0.1648191660642624,0.11481916904449463,0.7539339065551758,0.7539339065551758,0,ROW_FOLLOW,,1.0,78.0,78.0,0.06412765383720398,0.04529683291912079,0.0,0.3355030417442322,0.0,-0.2449093759059906,0.0,0.4444444179534912,0.6857142448425293,0.9607224464416504,0.9420878887176514,1.0,0.4285714328289032,0.7539339065551758,0.30000001192092896,0.20000000298023224,0.20000000298023224,0.15000000596046448,0.15000000596046448,1.0,1.0,1.0,1.0
complex_qaware_v018_r2,closed_loop,complex,full,1,0.18,True,13.329980161,1785050549.332847,1.5662493203578454,-0.007642646761470317,-0.09078345327642666,0.11156262909552755,0.029320359975216776,1.5688961034540314,0.08126062672906842,0.3576180430535657,21.0,1.538411637616303,0.04236208244031403,2.537966827121371,0.012535699938756625,3.537522051237205,-0.017290684013992988,0.5791840553283691,0.16717536747455597,0.11717537045478821,0.7494629621505737,0.7494629621505737,0,ROW_FOLLOW,,1.0,91.0,86.0,0.06217104196548462,0.04733449965715408,0.0,0.33682963252067566,0.0,-0.2421606332063675,0.0,0.4285714328289032,0.6857142448425293,0.9610918164253235,0.9435355067253113,1.0,0.4285714328289032,0.7494629621505737,0.30000001192092896,0.20000000298023224,0.20000000298023224,0.15000000596046448,0.15000000596046448,1.0,1.0,1.0,1.0
complex_qaware_v018_r2,closed_loop,complex,full,1,0.18,True,13.383201206,1785050549.386068,1.5706696174530248,-0.008006556876059704,-0.08875515940077738,0.10107373022433006,0.0515123997195868,1.573354352645294,0.08103542080679169,0.3591194158687439,20.0,1.550513843316666,0.042432610007266246,2.550077235815593,0.012884686461229313,3.4830036549450516,-0.014676395436996602,0.5782647132873535,0.16455598175525665,0.11455598473548889,0.7539279460906982,0.7494629621505737,0,ROW_FOLLOW,,1.0,79.0,85.0,0.059712618589401245,0.04870997369289398,0.0,0.33781319856643677,0.0,-0.2403932511806488,0.0,0.4444444179534912,0.6857142448425293,0.9592474102973938,0.9440153241157532,1.0,0.4285714328289032,0.7539279460906982,0.30000001192092896,0.20000000298023224,0.20000000298023224,0.15000000596046448,0.15000000596046448,1.0,1.0,1.0,1.0
complex_qaware_v018_r2,closed_loop,complex,full,1,0.18,True,13.429378737,1785050549.4322457,1.5772254114233937,-0.007864003419921061,-0.08667055532512259,0.1083202259933484,0.05677516907036165,1.5799856155533927,0.08276653891924905,0.3529366091805108,20.0,1.550513843316666,0.042432610007266246,2.550077235815593,0.012884686461229313,3.4830036549450516,-0.014676395436996602,0.5782647132873535,0.16455598175525665,0.11455598473548889,0.7539279460906982,0.7539279460906982,0,ROW_FOLLOW,,1.0,79.0,85.0,0.059712618589401245,0.04870997369289398,0.0,0.33781319856643677,0.0,-0.2403932511806488,0.0,0.4444444179534912,0.6857142448425293,0.9592474102973938,0.9440153241157532,1.0,0.4285714328289032,0.7539279460906982,0.30000001192092896,0.20000000298023224,0.20000000298023224,0.15000000596046448,0.15000000596046448,1.0,1.0,1.0,1.0
complex_qaware_v018_r2,closed_loop,complex,full,1,0.18,True,13.48178594,1785050549.4846528,1.5814878658483988,-0.008173370304826635,-0.08396873480438584,0.09759497198905401,0.04686809669026995,1.5842863569362813,0.08274715506624743,0.3530658348671882,21.0,1.5647916959544137,0.04179908923538367,2.56440497537122,0.014100586796428472,3.560406949553374,-0.011699849125464193,0.57780522108078,0.14876140654087067,0.0987614095211029,0.7550945281982422,0.7539279460906982,0,ROW_FOLLOW,,1.0,79.0,86.0,0.059778738766908646,0.048544541001319885,0.0,0.3376111090183258,0.0,-0.24052202701568604,0.0,0.4523809552192688,0.6857142448425293,0.9582805633544922,0.9372084736824036,1.0,0.4285714328289032,0.7550945281982422,0.30000001192092896,0.20000000298023224,0.20000000298023224,0.15000000596046448,0.15000000596046448,1.0,1.0,1.0,1.0
complex_qaware_v018_r2,closed_loop,complex,full,1,0.18,True,13.529434255,1785050549.5323014,1.580897742080034,-0.007513309119611506,-0.0813667396948019,0.09870231626079566,0.08517320623237948,1.5926145457810545,0.043366383812178805,0.3371218110871772,21.0,1.5647916959544137,0.04179908923538367,2.56440497537122,0.014100586796428472,3.560406949553374,-0.011699849125464193,0.57780522108078,0.14876140654087067,0.0987614095211029,0.7550945281982422,0.6000000238418579,0,ROW_FOLLOW,,1.0,79.0,86.0,0.059778738766908646,0.048544541001319885,0.0,0.3376111090183258,0.0,-0.24052202701568604,0.0,0.4523809552192688,0.6857142448425293,0.9582805633544922,0.9372084736824036,1.0,0.4285714328289032,0.7550945281982422,0.30000001192092896,0.20000000298023224,0.20000000298023224,0.15000000596046448,0.15000000596046448,1.0,1.0,1.0,1.0
complex_qaware_v018_r2,closed_loop,complex,full,1,0.18,True,13.581153859,1785050549.5840209,1.5848479729591538,-0.00776674724689455,-0.07494910947562297,0.09018666931510717,0.10759593178008883,1.5966053486571432,0.04406339697171074,0.3309679399844858,19.0,1.5802659106739687,0.040979846948991275,2.4799636557144535,0.01774383445548369,3.479627812358602,-0.008075273180471468,0.5729244947433472,0.14704973995685577,0.09704974293708801,0.7589700222015381,0.6000000238418579,0,ROW_FOLLOW,,1.0,83.0,87.0,0.05071946606040001,0.049681030213832855,0.0,0.3378016948699951,0.0,-0.2384396344423294,0.0,0.4761904776096344,0.6857142448425293,0.9498998522758484,0.9266003370285034,1.0,0.4285714328289032,0.7589700222015381,0.30000001192092896,0.20000000298023224,0.20000000298023224,0.15000000596046448,0.15000000596046448,1.0,1.0,1.0,1.0
complex_qaware_v018_r2,closed_loop,complex,full,1,0.18,True,13.629446636,1785050549.6323135,1.5870749806623081,-0.007363903948394691,-0.06951484906141925,0.0803945254087817,0.16137754798121304,1.5997695884508016,0.04637162798040503,0.31267931869126847,19.0,1.5802659106739687,0.040979846948991275,2.4799636557144535,0.01774383445548369,3.479627812358602,-0.008075273180471468,0.5729244947433472,0.14704973995685577,0.09704974293708801,0.7589700222015381,0.6000000238418579,0,ROW_FOLLOW,,1.0,83.0,87.0,0.05071946606040001,0.049681030213832855,0.0,0.3378016948699951,0.0,-0.2384396344423294,0.0,0.4761904776096344,0.6857142448425293,0.9498998522758484,0.9266003370285034,1.0,0.4285714328289032,0.7589700222015381,0.30000001192092896,0.20000000298023224,0.20000000298023224,0.15000000596046448,0.15000000596046448,1.0,1.0,1.0,1.0
complex_qaware_v018_r2,closed_loop,complex,full,1,0.18,True,13.679382905,1785050549.68225,1.5906462850692389,-0.00750402051298148,-0.05880580544533308,0.07658784566016189,0.1882469657893988,1.6033980458841461,0.04791851067524058,0.2990917579217533,19.0,1.5802659106739687,0.040979846948991275,2.4799636557144535,0.01774383445548369,3.479627812358602,-0.008075273180471468,0.5729244947433472,0.14704973995685577,0.09704974293708801,0.7589700222015381,0.6000000238418579,0,ROW_FOLLOW,,1.0,83.0,87.0,0.05071946606040001,0.049681030213832855,0.0,0.3378016948699951,0.0,-0.2384396344423294,0.0,0.4761904776096344,0.6857142448425293,0.9498998522758484,0.9266003370285034,1.0,0.4285714328289032,0.7589700222015381,0.30000001192092896,0.20000000298023224,0.20000000298023224,0.15000000596046448,0.15000000596046448,1.0,1.0,1.0,1.0
complex_qaware_v018_r2,closed_loop,complex,full,1,0.18,True,13.729420905,1785050549.7322876,1.5937743798229942,-0.007552927611872051,-0.05107810034409117,0.07567610328944382,0.19940278288146462,1.6065828395845785,0.04819723631147997,0.29364303562641464,21.0,1.5867587942568686,0.04143121513609765,2.5865065349871266,0.019127722309783973,3.5866489843618314,-0.0014862279643296315,0.5713164210319519,0.14496220648288727,0.0949622094631195,0.7536288499832153,0.6000000238418579,0,ROW_FOLLOW,,1.0,81.0,89.0,0.04030918702483177,0.04954947531223297,0.0,0.33723339438438416,0.0,-0.2381344437599182,0.0,0.4761904776096344,0.6595237255096436,0.9485216736793518,0.9277501106262207,1.0,0.380952388048172,0.7536288499832153,0.30000001192092896,0.20000000298023224,0.20000000298023224,0.15000000596046448,0.15000000596046448,1.0,1.0,1.0,1.0
complex_qaware_v018_r2,closed_loop,complex,full,1,0.18,True,13.77991165,1785050549.7827787,1.59069445387706,-0.007280736623316858,-0.03810702479166795,0.054190924619040085,0.2276130903302543,1.6159854180009798,0.05074308045233014,0.27112227587483073,21.0,1.5867587942568686,0.04143121513609765,2.5865065349871266,0.019127722309783973,3.5866489843618314,-0.0014862279643296315,0.5713164210319519,0.14496220648288727,0.0949622094631195,0.7536288499832153,0.6000000238418579,0,ROW_FOLLOW,,1.0,81.0,89.0,0.04030918702483177,0.04954947531223297,0.0,0.33723339438438416,0.0,-0.2381344437599182,0.0,0.4761904776096344,0.6595237255096436,0.9485216736793518,0.9277501106262207,1.0,0.380952388048172,0.7536288499832153,0.30000001192092896,0.20000000298023224,0.20000000298023224,0.15000000596046448,0.15000000596046448,1.0,1.0,1.0,1.0
complex_qaware_v018_r2,closed_loop,complex,full,1,0.18,True,13.829320612,1785050549.8321877,1.5937270815702351,-0.007301734443583862,-0.027969540564439573,0.05280858143066753,0.2798714260954062,1.6190489368781582,0.05203048348478496,0.2628017462100449,21.0,1.5896755193866072,0.041837212399190186,2.5894848028064743,0.02269961713787098,3.5912087401760138,0.008620455402765157,0.5737767219543457,0.14533628523349762,0.09533628821372986,0.7586859464645386,0.6000000238418579,0,ROW_FOLLOW,,1.0,89.0,89.0,0.02341655269265175,0.04886096715927124,0.0,0.3359895348548889,0.0,-0.23826760053634644,0.0,0.4841269850730896,0.6595237255096436,0.9524213671684265,0.9403926134109497,1.0,0.380952388048172,0.7586859464645386,0.30000001192092896,0.20000000298023224,0.20000000298023224,0.15000000596046448,0.15000000596046448,1.0,1.0,1.0,1.0
complex_qaware_v018_r2,closed_loop,complex,full,1,0.18,True,13.879504342,1785050549.8823714,1.591786375509822,-0.005042188964580072,-0.01062708907761989,0.04076269321526279,0.30073049004550495,1.6274122134202815,0.05641963927453813,0.22423369478545951,21.0,1.5896755193866072,0.041837212399190186,2.5894848028064743,0.02269961713787098,3.5912087401760138,0.008620455402765157,0.5737767219543457,0.14533628523349762,0.09533628821372986,0.7586859464645386,0.6000000238418579,0,ROW_FOLLOW,,1.0,89.0,89.0,0.02341655269265175,0.04886096715927124,0.0,0.3359895348548889,0.0,-0.23826760053634644,0.0,0.4841269850730896,0.6595237255096436,0.9524213671684265,0.9403926134109497,1.0,0.380952388048172,0.7586859464645386,0.30000001192092896,0.20000000298023224,0.20000000298023224,0.15000000596046448,0.15000000596046448,1.0,1.0,1.0,1.0
complex_qaware_v018_r2,closed_loop,complex,full,1,0.18,True,13.929399586,1785050549.9322665,1.5947113675611626,-0.004962609747900041,0.0019915331308251183,0.039151159923482774,0.3085429371111445,1.6303744151282837,0.1037519634356137,0.21297884743078827,21.0,1.5917607769189919,0.04205935792334654,2.5916479205853005,0.027349876724548496,3.5915350608627743,0.012640394146230105,0.5727086067199707,0.1511475294828415,0.10114753246307373,0.7538821697235107,0.7538821697235107,0,ROW_FOLLOW,,1.0,89.0,95.0,-0.0003160610795021057,0.04761117696762085,0.0,0.33489537239074707,0.0,-0.23967301845550537,0.0,0.4920635223388672,0.6333332657814026,0.9507269859313965,0.9296733140945435,1.0,0.3333333432674408,0.7538821697235107,0.30000001192092896,0.20000000298023224,0.20000000298023224,0.15000000596046448,0.15000000596046448,1.0,1.0,1.0,1.0
complex_qaware_v018_r2,closed_loop,complex,full,1,0.18,True,13.981473087,1785050549.98434,1.5963814545706267,-0.004764345036982608,0.020241456949217522,0.04640839814954061,0.29491083252229733,1.632165765596791,0.10789164362090836,0.1853809795288237,21.0,1.5917607769189919,0.04205935792334654,2.5916479205853005,0.027349876724548496,3.5915350608627743,0.012640394146230105,0.5727086067199707,0.1511475294828415,0.10114753246307373,0.7538821697235107,0.7538821697235107,0,ROW_FOLLOW,,1.0,89.0,95.0,-0.0003160610795021057,0.04761117696762085,0.0,0.33489537239074707,0.0,-0.23967301845550537,0.0,0.4920635223388672,0.6333332657814026,0.9507269859313965,0.9296733140945435,1.0,0.3333333432674408,0.7538821697235107,0.30000001192092896,0.20000000298023224,0.20000000298023224,0.15000000596046448,0.15000000596046448,1.0,1.0,1.0,1.0
complex_qaware_v018_r2,closed_loop,complex,full,1,0.18,True,14.0297826,1785050550.0326495,1.6043878316837699,-0.010392055743139953,0.03283163429299217,0.042507174459757865,0.31358431478967935,1.6427337355584992,0.10452447952465038,0.202953557065075,20.0,1.5935096498613606,0.041922689134816844,2.5934396219517777,0.030303993847491374,3.5267086540393393,0.019539725948142607,0.5775290131568909,0.16670511662960052,0.11670511960983276,0.7498195171356201,0.7498195171356201,0,ROW_FOLLOW,,1.0,85.0,106.0,-0.02946479618549347,0.04639329016208649,0.0,0.3338354229927063,0.0,-0.24104884266853333,0.0,0.4682539999485016,0.6333332657814026,0.9577678442001343,0.9408202171325684,1.0,0.3333333432674408,0.7498195171356201,0.30000001192092896,0.20000000298023224,0.20000000298023224,0.15000000596046448,0.15000000596046448,1.0,1.0,1.0,1.0
complex_qaware_v018_r2,closed_loop,complex,full,1,0.18,True,14.080985203,1785050550.083852,1.6073840877718577,-0.010149458459619466,0.05089836683558869,0.04797573357029176,0.30231726568484757,1.6458083187439492,0.10845578770219655,0.17674483588143386,20.0,1.5935096498613606,0.041922689134816844,2.5934396219517777,0.030303993847491374,3.5267086540393393,0.019539725948142607,0.5775290131568909,0.16670511662960052,0.11670511960983276,0.7498195171356201,0.7498195171356201,0,ROW_FOLLOW,,1.0,85.0,106.0,-0.02946479618549347,0.04639329016208649,0.0,0.3338354229927063,0.0,-0.24104884266853333,0.0,0.4682539999485016,0.6333332657814026,0.9577678442001343,0.9408202171325684,1.0,0.3333333432674408,0.7498195171356201,0.30000001192092896,0.20000000298023224,0.20000000298023224,0.15000000596046448,0.15000000596046448,1.0,1.0,1.0,1.0
complex_qaware_v018_r2,closed_loop,complex,full,1,0.18,True,14.129512898,1785050550.13238,1.6095198707983842,-0.009886028340624357,0.062192249963006326,0.04671298359003102,0.2696006711008012,1.648023925821089,0.1114753449837607,0.14708567402081907,20.0,1.598951055603844,0.039501834465882735,2.598906549072167,0.03013829339668303,3.5655307887107703,0.021139514310228907,0.5739947557449341,0.15878628194332123,0.10878628492355347,0.741878867149353,0.741878867149353,0,ROW_FOLLOW,,1.0,88.0,100.0,-0.05882292985916138,0.04446324706077576,0.0,0.3309633135795593,0.0,-0.2420368194580078,0.0,0.444444477558136,0.6333332657814026,0.9522604942321777,0.9428454041481018,1.0,0.3333333432674408,0.741878867149353,0.30000001192092896,0.20000000298023224,0.20000000298023224,0.15000000596046448,0.15000000596046448,1.0,1.0,1.0,1.0
complex_qaware_v018_r2,closed_loop,complex,full,1,0.18,True,14.179832504,1785050550.1826994,1.6101745724941012,-0.009642861746113706,0.07754123373659863,0.04942996069789329,0.2457081403940824,1.6487883644434695,0.11505688298781128,0.12320875399381523,20.0,1.598951055603844,0.039501834465882735,2.598906549072167,0.03013829339668303,3.5655307887107703,0.021139514310228907,0.5739947557449341,0.15878628194332123,0.10878628492355347,0.741878867149353,0.741878867149353,0,ROW_FOLLOW,,1.0,88.0,100.0,-0.05882292985916138,0.04446324706077576,0.0,0.3309633135795593,0.0,-0.2420368194580078,0.0,0.444444477558136,0.6333332657814026,0.9522604942321777,0.9428454041481018,1.0,0.3333333432674408,0.741878867149353,0.30000001192092896,0.20000000298023224,0.20000000298023224,0.15000000596046448,0.15000000596046448,1.0,1.0,1.0,1.0
complex_qaware_v018_r2,closed_loop,complex,full,1,0.18,True,14.22947456,1785050550.2323415,1.6179690190326272,-0.009394457391864869,0.08657832221953535,0.056997495196822144,0.21614407982542377,1.656645207409521,0.11958286400670934,0.09243215746117103,21.0,1.604946604525298,0.03534880771121214,2.6049205686177133,0.028631189916730453,3.610285181538101,0.02409672882860566,0.5758031010627747,0.15533210337162018,0.10533210635185242,0.7413760423660278,0.7413760423660278,0,ROW_FOLLOW,,1.0,96.0,104.0,-0.08054640144109726,0.039750099182128906,0.0,0.32681596279144287,0.0,-0.24731576442718506,0.0,0.4285714328289032,0.6595237255096436,0.9541746973991394,0.9337664842605591,1.0,0.380952388048172,0.7413760423660278,0.30000001192092896,0.20000000298023224,0.20000000298023224,0.15000000596046448,0.15000000596046448,1.0,1.0,1.0,1.0
complex_qaware_v018_r2,closed_loop,complex,full,1,0.18,True,14.279654068,1785050550.282521,1.6218391904850038,-0.008933227650130647,0.09740165063368966,0.06503675624852195,0.17542125972082911,1.660598883063846,0.1219657213985694,0.07654644151543734,21.0,1.604946604525298,0.03534880771121214,2.6049205686177133,0.028631189916730453,3.610285181538101,0.02409672882860566,0.5758031010627747,0.15533210337162018,0.10533210635185242,0.7413760423660278,0.7413760423660278,0,ROW_FOLLOW,,1.0,96.0,104.0,-0.08054640144109726,0.039750099182128906,0.0,0.32681596279144287,0.0,-0.24731576442718506,0.0,0.4285714328289032,0.6595237255096436,0.9541746973991394,0.9337664842605591,1.0,0.380952388048172,0.7413760423660278,0.30000001192092896,0.20000000298023224,0.20000000298023224,0.15000000596046448,0.15000000596046448,1.0,1.0,1.0,1.0
complex_qaware_v018_r2,closed_loop,complex,full,1,0.18,True,14.329756805,1785050550.332624,1.6287147068815835,-0.001539665492365053,0.1042534395224139,0.06857623595401555,0.18209588356773063,1.6723052354420704,0.13340547583059903,0.0017742937434755816,21.0,1.6132911099524747,0.02961880088171026,2.613279253783322,0.02593887425758704,3.6160641446896435,0.024156708546247133,0.5769392251968384,0.16476453840732574,0.11476454138755798,0.7426201105117798,0.7426201105117798,0,ROW_FOLLOW,,1.0,84.0,110.0,-0.09751178324222565,0.033370181918144226,0.0,0.3212505280971527,0.0,-0.25451016426086426,0.0,0.436507910490036,0.6595237255096436,0.9563335180282593,0.9233084917068481,1.0,0.380952388048172,0.7426201105117798,0.30000001192092896,0.20000000298023224,0.20000000298023224,0.15000000596046448,0.15000000596046448,1.0,1.0,1.0,1.0
complex_qaware_v018_r2,closed_loop,complex,full,1,0.18,True,14.380280865,1785050550.3831477,1.6331757494578063,-0.0008755677200305582,0.1142321763629219,0.07581897952120528,0.15497493992572992,1.6769086318326683,0.13154533588211992,-0.014175226733336363,21.0,1.6132911099524747,0.02961880088171026,2.613279253783322,0.02593887425758704,3.6160641446896435,0.024156708546247133,0.5769392251968384,0.16476453840732574,0.11476454138755798,0.7426201105117798,0.7426201105117798,0,ROW_FOLLOW,,1.0,84.0,110.0,-0.09751178324222565,0.033370181918144226,0.0,0.3212505280971527,0.0,-0.25451016426086426,0.0,0.436507910490036,0.6595237255096436,0.9563335180282593,0.9233084917068481,1.0,0.380952388048172,0.7426201105117798,0.30000001192092896,0.20000000298023224,0.20000000298023224,0.15000000596046448,0.15000000596046448,1.0,1.0,1.0,1.0
complex_qaware_v018_r2,closed_loop,complex,full,1,0.18,True,14.429495455,1785050550.4323626,1.6371422941889864,0.011201440187930074,0.12016193832829018,0.09183783088754542,0.1457703117069622,1.6931260854665335,0.11944729519118297,-0.09650553383897222,21.0,1.6217915506817617,0.027562557435860956,2.62178939709494,0.025811855434171003,3.621787250023021,0.024061154336366575,0.5772406458854675,0.1631762832403183,0.11317628622055054,0.7440173625946045,0.7440173625946045,0,ROW_FOLLOW,,1.0,100.0,113.0,-0.11636898666620255,0.029019296169281006,0.0,0.31705689430236816,0.0,-0.25901830196380615,0.0,0.436507910490036,0.6595237255096436,0.9571174383163452,0.9315783381462097,1.0,0.380952388048172,0.7440173625946045,0.30000001192092896,0.20000000298023224,0.20000000298023224,0.15000000596046448,0.15000000596046448,1.0,1.0,1.0,1.0
complex_qaware_v018_r2,closed_loop,complex,full,1,0.18,True,14.479421709,1785050550.4822886,1.6421196133801956,0.011906428349195069,0.12764325345973315,0.09410373889233677,0.13549282516160233,1.698200711212744,0.11747968499239611,-0.10962293516421788,21.0,1.6217915506817617,0.027562557435860956,2.62178939709494,0.025811855434171003,3.621787250023021,0.024061154336366575,0.5772406458854675,0.1631762832403183,0.11317628622055054,0.7440173625946045,0.7440173625946045,0,ROW_FOLLOW,,1.0,100.0,113.0,-0.11636898666620255,0.029019296169281006,0.0,0.31705689430236816,0.0,-0.25901830196380615,0.0,0.436507910490036,0.6595237255096436,0.9571174383163452,0.9315783381462097,1.0,0.380952388048172,0.7440173625946045,0.30000001192092896,0.20000000298023224,0.20000000298023224,0.15000000596046448,0.15000000596046448,1.0,1.0,1.0,1.0
complex_qaware_v018_r2,closed_loop,complex,full,1,0.18,True,14.52949571,1785050550.5323627,1.653538182513497,0.018282711648846112,0.13171809375042365,0.10908828848031771,0.0916368669705718,1.711852826036221,0.11193244628423238,-0.1368634586656236,20.0,1.6323897040815982,0.029486978808884217,2.6373887797669955,0.029177251670819835,3.565721294434342,0.02892944045529544,0.5745933651924133,0.16433729231357574,0.11433729529380798,0.735899806022644,0.735899806022644,0,ROW_FOLLOW,,1.0,88.0,114.0,-0.1263449639081955,0.023973912000656128,0.0,0.31236156821250916,0.0,-0.2644137442111969,0.0,0.4126984179019928,0.6595237255096436,0.9552914500236511,0.9275144934654236,1.0,0.380952388048172,0.735899806022644,0.30000001192092896,0.20000000298023224,0.20000000298023224,0.15000000596046448,0.15000000596046448,1.0,1.0,1.0,1.0
complex_qaware_v018_r2,closed_loop,complex,full,1,0.18,True,14.580163996,1785050550.583031,1.6588607101151116,0.019117995435824587,0.13637127239794328,0.10829608387395626,0.08299659451576678,1.7172959844157287,0.11046431330655909,-0.14665101185011223,20.0,1.6447102465184047,0.033694966580190985,2.649707690997902,0.034466314147072144,3.6113718541606787,0.03529590082415528,0.5745933651924133,0.16433729231357574,0.11433729529380798,0.735899806022644,0.735899806022644,0,ROW_FOLLOW,,1.0,88.0,114.0,-0.1263449639081955,0.023973912000656128,0.0,0.31236156821250916,0.0,-0.2644137442111969,0.0,0.4126984179019928,0.6595237255096436,0.9552914500236511,0.9275144934654236,1.0,0.380952388048172,0.735899806022644,0.30000001192092896,0.20000000298023224,0.20000000298023224,0.15000000596046448,0.15000000596046448,1.0,1.0,1.0,1.0
complex_qaware_v018_r2,closed_loop,complex,full,1,0.18,True,14.6294551,1785050550.632322,1.6649732780713904,0.01823445558034111,0.14001247097573843,0.12264677948540553,0.09440652204551953,1.7246675074725484,0.11519304994549719,-0.12516271248086513,20.0,1.6447102465184047,0.033694966580190985,2.649707690997902,0.034466314147072144,3.6113718541606787,0.03529590082415528,0.5774556994438171,0.16469360888004303,0.11469361186027527,0.7442636489868164,0.7442636489868164,0,ROW_FOLLOW,,1.0,78.0,114.0,-0.13323818147182465,0.017943009734153748,0.0,0.30719974637031555,0.0,-0.27131372690200806,0.0,0.4285714328289032,0.6857141852378845,0.9585501551628113,0.9122617840766907,1.0,0.4285714328289032,0.7442636489868164,0.30000001192092896,0.20000000298023224,0.20000000298023224,0.15000000596046448,0.15000000596046448,1.0,1.0,1.0,1.0
complex_qaware_v018_r2,closed_loop,complex,full,1,0.18,True,14.67989103,1785050550.6827579,1.672355211730219,0.01633208965165924,0.14386660713562632,0.12443022609054057,0.04626910492602397,1.7335580708778104,0.11631758897964203,-0.11766578558656612,20.0,1.6577316476031407,0.03380223439788265,2.6677265958309864,0.03677069658115085,3.6577216184310863,0.03968229474974331,0.5757943391799927,0.16028179228305817,0.1102817952632904,0.7520872354507446,0.7442636489868164,0,ROW_FOLLOW,,1.0,83.0,112.0,-0.13947787880897522,0.012133494019508362,0.0,0.30148953199386597,0.0,-0.27722254395484924,0.0,0.4523809552192688,0.6857141852378845,0.9561566710472107,0.9199915528297424,1.0,0.4285714328289032,0.7520872354507446,0.30000001192092896,0.20000000298023224,0.20000000298023224,0.15000000596046448,0.15000000596046448,1.0,1.0,1.0,1.0
complex_qaware_v018_r2,closed_loop,complex,full,1,0.18,True,14.729467516,1785050550.7323346,1.6778278067401433,0.017193301981416043,0.1455745011947522,0.12511640166448826,0.046776531198605954,1.7391168804056334,0.11677898914413377,-0.12397808824666838,20.0,1.6577316476031407,0.03380223439788265,2.6677265958309864,0.03677069658115085,3.6577216184310863,0.03968229474974331,0.5757943391799927,0.16028179228305817,0.1102817952632904,0.7520872354507446,0.7520872354507446,0,ROW_FOLLOW,,1.0,83.0,112.0,-0.13947787880897522,0.012133494019508362,0.0,0.30148953199386597,0.0,-0.27722254395484924,0.0,0.4523809552192688,0.6857141852378845,0.9561566710472107,0.9199915528297424,1.0,0.4285714328289032,0.7520872354507446,0.30000001192092896,0.20000000298023224,0.20000000298023224,0.15000000596046448,0.15000000596046448,1.0,1.0,1.0,1.0
complex_qaware_v018_r2,closed_loop,complex,full,1,0.18,True,14.779456619,1785050550.7823234,1.6865051024378135,0.017574018675757936,0.14722035569029984,0.12515358043666153,0.03569776841692431,1.7478291158976242,0.1168170101197405,-0.12372461507595692,20.0,1.6577316476031407,0.03380223439788265,2.6677265958309864,0.03677069658115085,3.6577216184310863,0.03968229474974331,0.5757943391799927,0.16028179228305817,0.1102817952632904,0.7520872354507446,0.7520872354507446,0,ROW_FOLLOW,,1.0,83.0,112.0,-0.13947787880897522,0.012133494019508362,0.0,0.30148953199386597,0.0,-0.27722254395484924,0.0,0.4523809552192688,0.6857141852378845,0.9561566710472107,0.9199915528297424,1.0,0.4285714328289032,0.7520872354507446,0.30000001192092896,0.20000000298023224,0.20000000298023224,0.15000000596046448,0.15000000596046448,1.0,1.0,1.0,1.0
complex_qaware_v018_r2,closed_loop,complex,full,1,0.18,True,14.829367865,1785050550.8322349,1.6923461270843032,0.018461587027325557,0.1484224943309709,0.12580632763252206,0.03928666343947041,1.7537440464899479,0.11265191115677316,-0.15255795864661806,21.0,1.6725232485265085,0.03004862485992772,2.6775126056463585,0.034555964550243595,3.6864283144550267,0.03648827169767989,0.5765366554260254,0.15384967625141144,0.10384967923164368,0.752975583076477,0.752975583076477,0,ROW_FOLLOW,,1.0,91.0,124.0,-0.14128592610359192,0.0070455968379974365,0.0,0.29707491397857666,0.0,-0.2829837203025818,0.0,0.4761904776096344,0.6595236659049988,0.9564566612243652,0.9128158092498779,1.0,0.380952388048172,0.752975583076477,0.30000001192092896,0.20000000298023224,0.20000000298023224,0.15000000596046448,0.15000000596046448,1.0,1.0,1.0,1.0
complex_qaware_v018_r2,closed_loop,complex,full,1,0.18,True,14.879498187,1785050550.8823652,1.6979493389629796,0.019334286404073885,0.1497218010007751,0.1222677776366453,0.02432125107224729,1.75943239351032,0.11195379593639274,-0.15721206011582087,21.0,1.6725232485265085,0.03004862485992772,2.6775126056463585,0.034555964550243595,3.6864283144550267,0.03648827169767989,0.5765366554260254,0.15384967625141144,0.10384967923164368,0.752975583076477,0.752975583076477,0,ROW_FOLLOW,,1.0,91.0,124.0,-0.14128592610359192,0.0070455968379974365,0.0,0.29707491397857666,0.0,-0.2829837203025818,0.0,0.4761904776096344,0.6595236659049988,0.9564566612243652,0.9128158092498779,1.0,0.380952388048172,0.752975583076477,0.30000001192092896,0.20000000298023224,0.20000000298023224,0.15000000596046448,0.15000000596046448,1.0,1.0,1.0,1.0
complex_qaware_v018_r2,closed_loop,complex,full,1,0.18,True,14.929943941,1785050550.932811,1.697911243487354,0.01861288845056829,0.15014107761567347,0.12479807975481398,0.00425160933882619,1.7713537282638827,0.06177465424241397,-0.1828360148856818,21.0,1.6855655799871647,0.02500589737114704,2.6905487010455738,0.030758838361423346,3.692156377915752,0.03608038268651349,0.5755358934402466,0.14544902741909027,0.09544903039932251,0.7666765451431274,0.6000000238418579,0,ROW_FOLLOW,,1.0,97.0,121.0,-0.14285185933113098,0.002598509192466736,0.0,0.2933562397956848,0.0,-0.28815922141075134,0.0,0.523809552192688,0.6595236659049988,0.9556735754013062,0.9099615216255188,1.0,0.380952388048172,0.7666765451431274,0.30000001192092896,0.20000000298023224,0.20000000298023224,0.15000000596046448,0.15000000596046448,1.0,1.0,1.0,1.0
complex_qaware_v018_r2,closed_loop,complex,full,1,0.18,True,14.979517899,1785050550.982385,1.7036700579050488,0.019493896877601117,0.15055013428404473,0.12205171223651508,0.0004134024853713761,1.7771823419423838,0.06135058564425803,-0.1865235203997295,21.0,1.6855655799871647,0.02500589737114704,2.6905487010455738,0.030758838361423346,3.692156377915752,0.03608038268651349,0.5755358934402466,0.14544902741909027,0.09544903039932251,0.7666765451431274,0.6000000238418579,0,ROW_FOLLOW,,1.0,97.0,121.0,-0.14285185933113098,0.002598509192466736,0.0,0.2933562397956848,0.0,-0.28815922141075134,0.0,0.523809552192688,0.6595236659049988,0.9556735754013062,0.9099615216255188,1.0,0.380952388048172,0.7666765451431274,0.30000001192092896,0.20000000298023224,0.20000000298023224,0.15000000596046448,0.15000000596046448,1.0,1.0,1.0,1.0
complex_qaware_v018_r2,closed_loop,complex,full,1,0.18,True,15.029416089,1785050551.032283,1.7071979313434205,0.021556878322542765,0.15069118583199753,0.11644903574933992,0.013751651042702564,1.7858729210985498,0.0576429393678015,-0.21782605237093097,21.0,1.696022464172242,0.0216441275481843,2.6960079485541892,0.02667722279729276,3.695993435691397,0.03171030705985059,0.57527095079422,0.14322210848331451,0.09322211146354675,0.7652453184127808,0.6000000238418579,0,ROW_FOLLOW,,1.0,103.0,116.0,-0.1482551395893097,-0.0011137425899505615,0.0,0.2901909351348877,0.0,-0.2924184203147888,0.0,0.5158730149269104,0.6595237255096436,0.9550787806510925,0.9170861840248108,1.0,0.380952388048172,0.7652453184127808,0.30000001192092896,0.20000000298023224,0.20000000298023224,0.15000000596046448,0.15000000596046448,1.0,1.0,1.0,1.0
complex_qaware_v018_r2,closed_loop,complex,full,1,0.18,True,15.080361598,1785050551.0832286,1.714585926083916,0.0228601591572254,0.15057157125149034,0.11481877006499291,-0.005935717591518606,1.7933837939361075,0.056991637390198455,-0.22350006706863104,21.0,1.696022464172242,0.0216441275481843,2.6960079485541892,0.02667722279729276,3.695993435691397,0.03171030705985059,0.57527095079422,0.14322210848331451,0.09322211146354675,0.7652453184127808,0.6000000238418579,0,ROW_FOLLOW,,1.0,103.0,116.0,-0.1482551395893097,-0.0011137425899505615,0.0,0.2901909351348877,0.0,-0.2924184203147888,0.0,0.5158730149269104,0.6595237255096436,0.9550787806510925,0.9170861840248108,1.0,0.380952388048172,0.7652453184127808,0.30000001192092896,0.20000000298023224,0.20000000298023224,0.15000000596046448,0.15000000596046448,1.0,1.0,1.0,1.0
complex_qaware_v018_r2,closed_loop,complex,full,1,0.18,True,15.129733697,1785050551.1326005,1.7187614840232475,0.023504666560392722,0.15066664624228127,0.1151207808053275,0.001794424427743477,1.7976098992312397,0.09983713338580473,-0.23899574612201965,20.0,1.7054024027534804,0.01964850731218792,2.705391021426619,0.024058130676357026,3.638713886797403,0.02816225269347579,0.5788496732711792,0.15532450377941132,0.10532450675964355,0.7538138628005981,0.7538138628005981,0,ROW_FOLLOW,,1.0,107.0,112.0,-0.14650757610797882,-0.004227563738822937,0.0,0.28773990273475647,0.0,-0.29619503021240234,0.0,0.4682539403438568,0.6595237255096436,0.9614161252975464,0.9276642799377441,1.0,0.380952388048172,0.7538138628005981,0.30000001192092896,0.20000000298023224,0.20000000298023224,0.15000000596046448,0.15000000596046448,1.0,1.0,1.0,1.0
complex_qaware_v018_r2,closed_loop,complex,full,1,0.18,True,15.180080762,1785050551.1829479,1.7186758496784154,0.023503161827859144,0.15107749341839416,0.11042297368863474,-0.014538132358542488,1.7977124306179981,0.0997426734188443,-0.23962547923508917,20.0,1.7054024027534804,0.01964850731218792,2.705391021426619,0.024058130676357026,3.638713886797403,0.02816225269347579,0.5788496732711792,0.15532450377941132,0.10532450675964355,0.7538138628005981,0.7538138628005981,0,ROW_FOLLOW,,1.0,107.0,112.0,-0.14650757610797882,-0.004227563738822937,0.0,0.28773990273475647,0.0,-0.29619503021240234,0.0,0.4682539403438568,0.6595237255096436,0.9614161252975464,0.9276642799377441,1.0,0.380952388048172,0.7538138628005981,0.30000001192092896,0.20000000298023224,0.20000000298023224,0.15000000596046448,0.15000000596046448,1.0,1.0,1.0,1.0
complex_qaware_v018_r2,closed_loop,complex,full,1,0.18,True,15.229691106,1785050551.232558,1.7300816220864126,0.025352993649302727,0.15150667558217368,0.10500794737511267,-0.003402859034946237,1.8092719140235856,0.09745511604260174,-0.2598785034212292,21.0,1.7123295974018438,0.01784393839286452,2.7123213440515648,0.02174006344148227,3.7111762093199845,0.02507400012949717,0.57835453748703,0.1566721349954605,0.10667213797569275,0.7579827308654785,0.7579827308654785,0,ROW_FOLLOW,,1.0,107.0,131.0,-0.1457480639219284,-0.006984233856201172,0.0,0.2848562002182007,0.0,-0.298824667930603,0.0,0.4841269552707672,0.6595237255096436,0.9610167741775513,0.9242441058158875,1.0,0.380952388048172,0.7579827308654785,0.30000001192092896,0.20000000298023224,0.20000000298023224,0.15000000596046448,0.15000000596046448,1.0,1.0,1.0,1.0
complex_qaware_v018_r2,closed_loop,complex,full,1,0.18,True,15.279683442,1785050551.2825503,1.7350446483057822,0.02611050364466096,0.15154128613140694,0.10327698606930794,-0.01464130792562493,1.8142990973738045,0.09688168102639225,-0.26370140352929244,21.0,1.7123295974018438,0.01784393839286452,2.7123213440515648,0.02174006344148227,3.7111762093199845,0.02507400012949717,0.57835453748703,0.1566721349954605,0.10667213797569275,0.7579827308654785,0.7579827308654785,0,ROW_FOLLOW,,1.0,107.0,131.0,-0.1457480639219284,-0.006984233856201172,0.0,0.2848562002182007,0.0,-0.298824667930603,0.0,0.4841269552707672,0.6595237255096436,0.9610167741775513,0.9242441058158875,1.0,0.380952388048172,0.7579827308654785,0.30000001192092896,0.20000000298023224,0.20000000298023224,0.15000000596046448,0.15000000596046448,1.0,1.0,1.0,1.0
complex_qaware_v018_r2,closed_loop,complex,full,1,0.18,True,15.329389084,1785050551.332256,1.736444568723804,0.027615988310729048,0.15095528878383793,0.10850773658721331,-0.012592093994405664,1.8230424372646168,0.0957753613390806,-0.27437019162821596,20.0,1.7227923343729004,0.0172885605129386,2.7227844878930676,0.020993537540260395,3.689443800348807,0.024520875784962325,0.5784161686897278,0.15858031809329987,0.1085803210735321,0.7607271671295166,0.7607271671295166,0,ROW_FOLLOW,,1.0,115.0,126.0,-0.1498197466135025,-0.009396493434906006,0.0,0.28308290243148804,0.0,-0.30187588930130005,0.0,0.4920635223388672,0.6595237255096436,0.9600611925125122,0.9279409050941467,1.0,0.380952388048172,0.7607271671295166,0.30000001192092896,0.20000000298023224,0.20000000298023224,0.15000000596046448,0.15000000596046448,1.0,1.0,1.0,1.0
complex_qaware_v018_r2,closed_loop,complex,full,1,0.18,True,15.383176577,1785050551.3860435,1.743943606342772,0.02809553930675805,0.1501619084342219,0.1082634648360668,-0.028849724101400673,1.8306184255576023,0.09558847662047258,-0.2756160897522694,20.0,1.7325665859330126,0.016660953315763182,2.7325610818806383,0.018489935042021125,3.699222732746458,0.020141281460904086,0.578137993812561,0.16381604969501495,0.11381605267524719,0.7487999200820923,0.7607271671295166,0,ROW_FOLLOW,,1.0,130.0,110.0,-0.1517259180545807,-0.011345744132995605,0.0,0.2809850573539734,0.0,-0.3036765456199646,0.0,0.4285714328289032,0.6857142448425293,0.9616767168045044,0.9383347034454346,1.0,0.4285714328289032,0.7487999200820923,0.30000001192092896,0.20000000298023224,0.20000000298023224,0.15000000596046448,0.15000000596046448,1.0,1.0,1.0,1.0
complex_qaware_v018_r2,closed_loop,complex,full,1,0.18,True,15.429501024,1785050551.4323678,1.7481679988722163,0.028730607202643588,0.15030464742232086,0.10838153984034311,0.0009534332090727318,1.8348917368941373,0.09196090086774072,-0.285487231646906,20.0,1.7325665859330126,0.016660953315763182,2.7325610818806383,0.018489935042021125,3.699222732746458,0.020141281460904086,0.578137993812561,0.16381604969501495,0.11381605267524719,0.7487999200820923,0.7487999200820923,0,ROW_FOLLOW,,1.0,130.0,110.0,-0.1517259180545807,-0.011345744132995605,0.0,0.2809850573539734,0.0,-0.3036765456199646,0.0,0.4285714328289032,0.6857142448425293,0.9616767168045044,0.9383347034454346,1.0,0.4285714328289032,0.7487999200820923,0.30000001192092896,0.20000000298023224,0.20000000298023224,0.15000000596046448,0.15000000596046448,1.0,1.0,1.0,1.0
complex_qaware_v018_r2,closed_loop,complex,full,1,0.18,True,15.479683029,1785050551.48255,1.7481643410904169,0.028725429369299126,0.15023045637496374,0.10301225050420644,0.003485164765467252,1.8349054532857723,0.09197943073891961,-0.2853636991723801,20.0,1.7325665859330126,0.016660953315763182,2.7325610818806383,0.018489935042021125,3.699222732746458,0.020141281460904086,0.578137993812561,0.16381604969501495,0.11381605267524719,0.7487999200820923,0.7487999200820923,0,ROW_FOLLOW,,1.0,130.0,110.0,-0.1517259180545807,-0.011345744132995605,0.0,0.2809850573539734,0.0,-0.3036765456199646,0.0,0.4285714328289032,0.6857142448425293,0.9616767168045044,0.9383347034454346,1.0,0.4285714328289032,0.7487999200820923,0.30000001192092896,0.20000000298023224,0.20000000298023224,0.15000000596046448,0.15000000596046448,1.0,1.0,1.0,1.0
complex_qaware_v018_r2,closed_loop,complex,full,1,0.18,True,15.529427072,1785050551.532294,1.763677752826908,0.03077411627309023,0.14967657068840762,0.1099040803199128,-0.018194575648473037,1.8505571523607567,0.09253571223870753,-0.30192149800354645,21.0,1.7423686317834381,0.01634816269416187,2.7423659144816326,0.015256194207487134,3.748107761431089,0.00871375884809562,0.577431857585907,0.16024000942707062,0.11024001240730286,0.7656885385513306,0.7656885385513306,0,ROW_FOLLOW,,1.0,120.0,125.0,-0.15366391837596893,-0.013144850730895996,0.0,0.27961117029190063,0.0,-0.3059008717536926,0.0,0.4761904776096344,0.7119047045707703,0.9603482484817505,0.9225387573242188,1.0,0.4761904776096344,0.7656885385513306,0.30000001192092896,0.20000000298023224,0.20000000298023224,0.15000000596046448,0.15000000596046448,1.0,1.0,1.0,1.0
complex_qaware_v018_r2,closed_loop,complex,full,1,0.18,True,15.581628225,1785050551.584495,1.7636784444329856,0.03076949733071869,0.1491948977541342,0.10769978679906443,0.0038738411171145176,1.8505711165049958,0.09264460945353312,-0.3011955165713759,21.0,1.7423686317834381,0.01634816269416187,2.7423659144816326,0.015256194207487134,3.748107761431089,0.00871375884809562,0.577431857585907,0.16024000942707062,0.11024001240730286,0.7656885385513306,0.7656885385513306,0,ROW_FOLLOW,,1.0,120.0,125.0,-0.15366391837596893,-0.013144850730895996,0.0,0.27961117029190063,0.0,-0.3059008717536926,0.0,0.4761904776096344,0.7119047045707703,0.9603482484817505,0.9225387573242188,1.0,0.4761904776096344,0.7656885385513306,0.30000001192092896,0.20000000298023224,0.20000000298023224,0.15000000596046448,0.15000000596046448,1.0,1.0,1.0,1.0
complex_qaware_v018_r2,closed_loop,complex,full,1,0.18,True,15.62947261,1785050551.6323395,1.7683862638251653,0.0318540494373402,0.14900654686149295,0.1047038959263789,-0.01174881873389819,1.8652315023541386,0.09226742315110728,-0.3084197648487379,21.0,1.7518875069606785,0.016574711137914862,2.751881795894608,0.013388900394675352,3.7558523499179,0.008493745216859994,0.5759692192077637,0.16263256967067719,0.11263257265090942,0.7696132659912109,0.7696132659912109,0,ROW_FOLLOW,,1.0,117.0,119.0,-0.15375488996505737,-0.013375967741012573,0.0,0.27840957045555115,0.0,-0.3051615059375763,0.0,0.4841269850730896,0.7119047045707703,0.9589037895202637,0.934756338596344,1.0,0.4761904776096344,0.7696132659912109,0.30000001192092896,0.20000000298023224,0.20000000298023224,0.15000000596046448,0.15000000596046448,1.0,1.0,1.0,1.0
complex_qaware_v018_r2,closed_loop,complex,full,1,0.18,True,15.679595445,1785050551.6824625,1.7727016335601795,0.0319694350687837,0.14834993107885322,0.09992291434171434,-0.030792936681980736,1.8703628216042798,0.0922616789664554,-0.3084580594130838,21.0,1.7518875069606785,0.016574711137914862,2.751881795894608,0.013388900394675352,3.7558523499179,0.008493745216859994,0.5759692192077637,0.16263256967067719,0.11263257265090942,0.7696132659912109,0.7696132659912109,0,ROW_FOLLOW,,1.0,117.0,119.0,-0.15375488996505737,-0.013375967741012573,0.0,0.27840957045555115,0.0,-0.3051615059375763,0.0,0.4841269850730896,0.7119047045707703,0.9589037895202637,0.934756338596344,1.0,0.4761904776096344,0.7696132659912109,0.30000001192092896,0.20000000298023224,0.20000000298023224,0.15000000596046448,0.15000000596046448,1.0,1.0,1.0,1.0
complex_qaware_v018_r2,closed_loop,complex,full,1,0.18,True,15.729491364,1785050551.7323585,1.776634990545081,0.03253724292023272,0.14726222658702687,0.09983228505700038,-0.02319734797642347,1.8743462169051146,0.09275509397397405,-0.31008615227474334,21.0,1.7614479649859554,0.016938428471168786,2.761435211315612,0.012046870345763684,3.7614225110660313,0.007155313917469152,0.5729691386222839,0.15003685653209686,0.1000368595123291,0.7737112045288086,0.7737112045288086,0,ROW_FOLLOW,,1.0,131.0,121.0,-0.1550312340259552,-0.01412878930568695,0.0,0.27703723311424255,0.0,-0.30529481172561646,0.0,0.5079365372657776,0.7119047045707703,0.9539834856987,0.9210171699523926,1.0,0.4761904776096344,0.7737112045288086,0.30000001192092896,0.20000000298023224,0.20000000298023224,0.15000000596046448,0.15000000596046448,1.0,1.0,1.0,1.0
complex_qaware_v018_r2,closed_loop,complex,full,1,0.18,True,15.779696665,1785050551.7825637,1.7769761668547788,0.032559838541564065,0.14562544811178277,0.09667129892995026,-0.02572796802800352,1.8747078371645909,0.09309650867396806,-0.30781005427478325,21.0,1.7614479649859554,0.016938428471168786,2.761435211315612,0.012046870345763684,3.7614225110660313,0.007155313917469152,0.5729691386222839,0.15003685653209686,0.1000368595123291,0.7737112045288086,0.7737112045288086,0,ROW_FOLLOW,,1.0,131.0,121.0,-0.1550312340259552,-0.01412878930568695,0.0,0.27703723311424255,0.0,-0.30529481172561646,0.0,0.5079365372657776,0.7119047045707703,0.9539834856987,0.9210171699523926,1.0,0.4761904776096344,0.7737112045288086,0.30000001192092896,0.20000000298023224,0.20000000298023224,0.15000000596046448,0.15000000596046448,1.0,1.0,1.0,1.0
complex_qaware_v018_r2,closed_loop,complex,full,1,0.18,True,15.829488005,1785050551.832355,1.7769780996299942,0.03254651909402785,0.14457902226868677,0.09650551919997538,-0.030793675821185706,1.8747212961137834,0.09410784075319874,-0.30347410376468575,21.0,1.7710287323085778,0.01773977779780432,2.771007622161209,0.011370605599071243,3.770986524437315,0.0050014236149058255,0.5728100538253784,0.1542912870645523,0.10429129004478455,0.7757164239883423,0.7757164239883423,0,ROW_FOLLOW,,1.0,111.0,125.0,-0.1534918248653412,-0.014575585722923279,0.0,0.27571412920951843,0.0,-0.304865300655365,0.0,0.5317460298538208,0.6857142448425293,0.9542558789253235,0.9213239550590515,1.0,0.4285714328289032,0.7757164239883423,0.30000001192092896,0.20000000298023224,0.20000000298023224,0.15000000596046448,0.15000000596046448,1.0,1.0,1.0,1.0
complex_qaware_v018_r2,closed_loop,complex,full,1,0.18,True,15.879375763,1785050551.882243,1.7772155636871818,0.03253932206455989,0.1428665473223126,0.09628182542666402,-0.03712521717705866,1.8749663564349097,0.09449416674987092,-0.3008985971202045,21.0,1.7710287323085778,0.01773977779780432,2.771007622161209,0.011370605599071243,3.770986524437315,0.0050014236149058255,0.5728100538253784,0.1542912870645523,0.10429129004478455,0.7757164239883423,0.7757164239883423,0,ROW_FOLLOW,,1.0,111.0,125.0,-0.1534918248653412,-0.014575585722923279,0.0,0.27571412920951843,0.0,-0.304865300655365,0.0,0.5317460298538208,0.6857142448425293,0.9542558789253235,0.9213239550590515,1.0,0.4285714328289032,0.7757164239883423,0.30000001192092896,0.20000000298023224,0.20000000298023224,0.15000000596046448,0.15000000596046448,1.0,1.0,1.0,1.0
complex_qaware_v018_r2,closed_loop,complex,full,1,0.18,True,15.929411237,1785050551.9322782,1.7968001272239518,0.037439864879337856,0.1402320383077509,0.10053630317098897,-0.07322978017405106,1.895202349579218,0.09265019767667611,-0.32709500834771255,21.0,1.7755203289727721,0.017589704637096165,2.775492269848088,0.010104794714406083,3.775464214403586,0.0026198763901613825,0.5730160474777222,0.1525246649980545,0.10252466797828674,0.7873024940490723,0.7873024940490723,0,ROW_FOLLOW,,1.0,127.0,130.0,-0.1507738083600998,-0.015596359968185425,0.0,0.2743431329727173,0.0,-0.30553585290908813,0.0,0.5714285969734192,0.6857142448425293,0.9535059332847595,0.9201989769935608,1.0,0.4285714328289032,0.7873024940490723,0.30000001192092896,0.20000000298023224,0.20000000298023224,0.15000000596046448,0.15000000596046448,1.0,1.0,1.0,1.0
complex_qaware_v018_r2,closed_loop,complex,full,1,0.18,True,15.979562105,1785050551.9824293,1.8011360526326885,0.03799854924959404,0.13596663960522723,0.09557614581098886,-0.07770073140724584,1.8995994527360038,0.0930162064361417,-0.3246549499512754,21.0,1.7755203289727721,0.017589704637096165,2.775492269848088,0.010104794714406083,3.775464214403586,0.0026198763901613825,0.5730160474777222,0.1525246649980545,0.10252466797828674,0.7873024940490723,0.7873024940490723,0,ROW_FOLLOW,,1.0,127.0,130.0,-0.1507738083600998,-0.015596359968185425,0.0,0.2743431329727173,0.0,-0.30553585290908813,0.0,0.5714285969734192,0.6857142448425293,0.9535059332847595,0.9201989769935608,1.0,0.4285714328289032,0.7873024940490723,0.30000001192092896,0.20000000298023224,0.20000000298023224,0.15000000596046448,0.15000000596046448,1.0,1.0,1.0,1.0
complex_qaware_v018_r2,closed_loop,complex,full,1,0.18,True,16.029460808,1785050552.0323277,1.8082917920555779,0.03817116927187395,0.13280911673843224,0.09637751102282519,-0.07387692354065424,1.9068258198614518,0.04705875944178215,-0.3162524490458935,21.0,1.7849736619399632,0.018703366496950608,2.7849362443082133,0.0100994468360901,3.7848988042779568,0.0014955211081083043,0.5710445642471313,0.1415913850069046,0.09159138798713684,0.777032732963562,0.6000000238418579,0,ROW_FOLLOW,,1.0,119.0,134.0,-0.1460050791501999,-0.016817450523376465,0.0,0.27309107780456543,0.0,-0.30672597885131836,0.0,0.5396825671195984,0.6857142448425293,0.9512478709220886,0.9182366728782654,1.0,0.4285714328289032,0.777032732963562,0.30000001192092896,0.20000000298023224,0.20000000298023224,0.15000000596046448,0.15000000596046448,1.0,1.0,1.0,1.0
complex_qaware_v018_r2,closed_loop,complex,full,1,0.18,True,16.079364375,1785050552.0822313,1.8124663365279126,0.03863620649392936,0.12840589080532894,0.09154097719309545,-0.07816050809080279,1.9110707417866495,0.047421296006551754,-0.31314201324407165,21.0,1.7849736619399632,0.018703366496950608,2.7849362443082133,0.0100994468360901,3.7848988042779568,0.0014955211081083043,0.5710445642471313,0.1415913850069046,0.09159138798713684,0.777032732963562,0.6000000238418579,0,ROW_FOLLOW,,1.0,119.0,134.0,-0.1460050791501999,-0.016817450523376465,0.0,0.27309107780456543,0.0,-0.30672597885131836,0.0,0.5396825671195984,0.6857142448425293,0.9512478709220886,0.9182366728782654,1.0,0.4285714328289032,0.777032732963562,0.30000001192092896,0.20000000298023224,0.20000000298023224,0.15000000596046448,0.15000000596046448,1.0,1.0,1.0,1.0
complex_qaware_v018_r2,closed_loop,complex,full,1,0.18,True,16.129506476,1785050552.1323736,1.814039907482806,0.03875262446730551,0.12483564864529398,0.0912875355227916,-0.10204930108076374,1.9126930959504067,0.09401995632105924,-0.30314618924896863,19.0,1.796778970400563,0.019550661967032246,2.6967382448968493,0.011037915497306918,3.6633606202797266,0.0018298000895344954,0.5748760104179382,0.15084011852741241,0.10084012150764465,0.7749549150466919,0.7749549150466919,0,ROW_FOLLOW,,1.0,117.0,145.0,-0.13883642852306366,-0.018110603094100952,0.0,0.2712993025779724,0.0,-0.3075205087661743,0.0,0.5079364776611328,0.7119047045707703,0.9563416242599487,0.9261648058891296,1.0,0.4761904776096344,0.7749549150466919,0.30000001192092896,0.20000000298023224,0.20000000298023224,0.15000000596046448,0.15000000596046448,1.0,1.0,1.0,1.0
complex_qaware_v018_r2,closed_loop,complex,full,1,0.18,True,16.179635809,1785050552.1825027,1.823972298920602,0.03904152993474451,0.11814935986932971,0.09652800764801969,-0.115712827599051,1.9227205453881797,0.0949561095076643,-0.29690516800493494,19.0,1.796778970400563,0.019550661967032246,2.6967382448968493,0.011037915497306918,3.6633606202797266,0.0018298000895344954,0.5748760104179382,0.15084011852741241,0.10084012150764465,0.7749549150466919,0.7749549150466919,0,ROW_FOLLOW,,1.0,117.0,145.0,-0.13883642852306366,-0.018110603094100952,0.0,0.2712993025779724,0.0,-0.3075205087661743,0.0,0.5079364776611328,0.7119047045707703,0.9563416242599487,0.9261648058891296,1.0,0.4761904776096344,0.7749549150466919,0.30000001192092896,0.20000000298023224,0.20000000298023224,0.15000000596046448,0.15000000596046448,1.0,1.0,1.0,1.0
complex_qaware_v018_r2,closed_loop,complex,full,1,0.18,True,16.229504848,1785050552.2323718,1.828091633166861,0.03946374058107579,0.11315725287535285,0.09639723719109454,-0.12309333716225283,1.9268811099773244,0.09606057988047999,-0.2858975181023013,20.0,1.8123332295368166,0.020514416864410922,2.817276764077269,0.009864313431753225,3.762249503706336,-0.00034003358934513736,0.5702136158943176,0.1549832969903946,0.10498329997062683,0.7719178199768066,0.7719178199768066,0,ROW_FOLLOW,,1.0,129.0,148.0,-0.1294616013765335,-0.019208043813705444,0.0,0.26962029933929443,0.0,-0.3080363869667053,0.0,0.523809552192688,0.6857142448425293,0.9474901556968689,0.9208934307098389,1.0,0.4285714328289032,0.7719178199768066,0.30000001192092896,0.20000000298023224,0.20000000298023224,0.15000000596046448,0.15000000596046448,1.0,1.0,1.0,1.0
complex_qaware_v018_r2,closed_loop,complex,full,1,0.18,True,16.279460576,1785050552.2823277,1.8318681220254454,0.03974735457879053,0.1052171134536674,0.08932744975601284,-0.135890122855318,1.9307418328710233,0.09748765277219698,-0.27638369882418806,20.0,1.8123332295368166,0.020514416864410922,2.817276764077269,0.009864313431753225,3.762249503706336,-0.00034003358934513736,0.5702136158943176,0.1549832969903946,0.10498329997062683,0.7719178199768066,0.7719178199768066,0,ROW_FOLLOW,,1.0,129.0,148.0,-0.1294616013765335,-0.019208043813705444,0.0,0.26962029933929443,0.0,-0.3080363869667053,0.0,0.523809552192688,0.6857142448425293,0.9474901556968689,0.9208934307098389,1.0,0.4285714328289032,0.7719178199768066,0.30000001192092896,0.20000000298023224,0.20000000298023224,0.15000000596046448,0.15000000596046448,1.0,1.0,1.0,1.0
complex_qaware_v018_r2,closed_loop,complex,full,1,0.18,True,16.3293796,1785050552.3322465,1.8321772558244123,0.041921376245835015,0.09965828298630709,0.08974839819977458,-0.1391242624385773,1.9389758086498217,0.09705170088620906,-0.2799716834484255,20.0,1.8225698476151229,0.0198838262990493,2.827515654302393,0.009467218184514596,3.8276087527413507,-0.001087342998429837,0.5708489418029785,0.15398047864437103,0.10398048162460327,0.7724858522415161,0.7724858522415161,0,ROW_FOLLOW,,1.0,111.0,147.0,-0.11455504596233368,-0.020458072423934937,0.0,0.26827311515808105,0.0,-0.3091892600059509,0.0,0.523809552192688,0.6857142448425293,0.9492828845977783,0.9222899079322815,1.0,0.4285714328289032,0.7724858522415161,0.30000001192092896,0.20000000298023224,0.20000000298023224,0.15000000596046448,0.15000000596046448,1.0,1.0,1.0,1.0
complex_qaware_v018_r2,closed_loop,complex,full,1,0.18,True,16.382757133,1785050552.3856242,1.8361297488121264,0.04222621362438208,0.09194956027838778,0.08556854673566318,-0.12579208305185577,1.942981208992137,0.09839095068523449,-0.27104335145492264,19.0,1.8304387328341356,0.020330530591527993,2.7303847035879127,0.010516070948730248,3.7636557313987837,-0.0007910480149905475,0.5699886083602905,0.16125799715518951,0.11125800013542175,0.7657546997070312,0.7724858522415161,0,ROW_FOLLOW,,1.0,118.0,133.0,-0.10401492565870285,-0.02036099135875702,0.0,0.2675768733024597,0.0,-0.30829885601997375,0.0,0.4841269850730896,0.7119047045707703,0.9499809741973877,0.9209296107292175,1.0,0.4761904776096344,0.7657546997070312,0.30000001192092896,0.20000000298023224,0.20000000298023224,0.15000000596046448,0.15000000596046448,1.0,1.0,1.0,1.0
complex_qaware_v018_r2,closed_loop,complex,full,1,0.18,True,16.43435885,1785050552.4372258,1.8390510936126068,0.042379344657026946,0.08572038416937655,0.08521559263630382,-0.17241945241434384,1.9459554705450355,0.0988793878786034,-0.25970972045774815,19.0,1.8304387328341356,0.020330530591527993,2.7303847035879127,0.010516070948730248,3.7636557313987837,-0.0007910480149905475,0.5699886083602905,0.16125799715518951,0.11125800013542175,0.7657546997070312,0.7657546997070312,0,ROW_FOLLOW,,1.0,118.0,133.0,-0.10401492565870285,-0.02036099135875702,0.0,0.2675768733024597,0.0,-0.30829885601997375,0.0,0.4841269850730896,0.7119047045707703,0.9499809741973877,0.9209296107292175,1.0,0.4761904776096344,0.7657546997070312,0.30000001192092896,0.20000000298023224,0.20000000298023224,0.15000000596046448,0.15000000596046448,1.0,1.0,1.0,1.0
complex_qaware_v018_r2,closed_loop,complex,full,1,0.18,True,16.480243833,1785050552.483111,1.8394528991878252,0.04222654503807342,0.07355685353335197,0.08373361103449417,-0.19617731385820825,1.9464449611004473,0.10172050379855986,-0.24076894765803833,19.0,1.8304387328341356,0.020330530591527993,2.7303847035879127,0.010516070948730248,3.7636557313987837,-0.0007910480149905475,0.5699886083602905,0.16125799715518951,0.11125800013542175,0.7657546997070312,0.7657546997070312,0,ROW_FOLLOW,,1.0,118.0,133.0,-0.10401492565870285,-0.02036099135875702,0.0,0.2675768733024597,0.0,-0.30829885601997375,0.0,0.4841269850730896,0.7119047045707703,0.9499809741973877,0.9209296107292175,1.0,0.4761904776096344,0.7657546997070312,0.30000001192092896,0.20000000298023224,0.20000000298023224,0.15000000596046448,0.15000000596046448,1.0,1.0,1.0,1.0
complex_qaware_v018_r2,closed_loop,complex,full,1,0.18,True,16.529487386,1785050552.5323544,1.8500752158725025,0.04112960335255553,0.06671800541280608,0.08475026988496275,-0.16762762303683898,1.9572242957937072,0.10366090963584818,-0.22509705554759254,21.0,1.83557594556843,0.020809048965956218,2.8355061810897904,0.009122161705501989,3.8389803669310014,-0.006045318602714782,0.5701664090156555,0.1622338742017746,0.11223387718200684,0.7634748220443726,0.7634748220443726,0,ROW_FOLLOW,,1.0,118.0,142.0,-0.08721507340669632,-0.020958229899406433,0.0,0.26718616485595703,0.0,-0.3091026246547699,0.0,0.4761904776096344,0.7119047045707703,0.9502773284912109,0.9212082624435425,1.0,0.4761904776096344,0.7634748220443726,0.30000001192092896,0.20000000298023224,0.20000000298023224,0.15000000596046448,0.15000000596046448,1.0,1.0,1.0,1.0
complex_qaware_v018_r2,closed_loop,complex,full,1,0.18,True,16.582925079,1785050552.585792,1.8543711425373102,0.04120469646068651,0.05599113470534345,0.08396849507756471,-0.1733571350279913,1.9616225723598193,0.1058194423141183,-0.2107068376924584,20.0,1.8430807008331422,0.020844461424946545,2.848013960349275,0.00948103792502591,3.7965566387539207,-0.000885314685895317,0.5717832446098328,0.16535337269306183,0.11535337567329407,0.7672244310379028,0.7634748220443726,0,ROW_FOLLOW,,1.0,137.0,150.0,-0.06423497200012207,-0.02180902659893036,0.0,0.2663044035434723,0.0,-0.309922456741333,0.0,0.4841269552707672,0.7119047045707703,0.9529720544815063,0.9267401099205017,1.0,0.4761904776096344,0.7672244310379028,0.30000001192092896,0.20000000298023224,0.20000000298023224,0.15000000596046448,0.15000000596046448,1.0,1.0,1.0,1.0
complex_qaware_v018_r2,closed_loop,complex,full,1,0.18,True,16.629525502,1785050552.6323924,1.8488931895838059,0.039522111098108555,0.049554933384406315,0.07234492451984337,-0.1715088731251223,1.976118027090161,0.1099031398504853,-0.1879817182422479,20.0,1.8430807008331422,0.020844461424946545,2.848013960349275,0.00948103792502591,3.7965566387539207,-0.000885314685895317,0.5717832446098328,0.16535337269306183,0.11535337567329407,0.7672244310379028,0.7672244310379028,0,ROW_FOLLOW,,1.0,137.0,150.0,-0.06423497200012207,-0.02180902659893036,0.0,0.2663044035434723,0.0,-0.309922456741333,0.0,0.4841269552707672,0.7119047045707703,0.9529720544815063,0.9267401099205017,1.0,0.4761904776096344,0.7672244310379028,0.30000001192092896,0.20000000298023224,0.20000000298023224,0.15000000596046448,0.15000000596046448,1.0,1.0,1.0,1.0
complex_qaware_v018_r2,closed_loop,complex,full,1,0.18,True,16.679342796,1785050552.6822097,1.8533312329137408,0.03961563968529796,0.039234083469710246,0.07155758153878379,-0.17009062411815098,1.9806167379856812,0.11198484504119072,-0.17410368363754516,20.0,1.8430807008331422,0.020844461424946545,2.848013960349275,0.00948103792502591,3.7965566387539207,-0.000885314685895317,0.5717832446098328,0.16535337269306183,0.11535337567329407,0.7672244310379028,0.7672244310379028,0,ROW_FOLLOW,,1.0,137.0,150.0,-0.06423497200012207,-0.02180902659893036,0.0,0.2663044035434723,0.0,-0.309922456741333,0.0,0.4841269552707672,0.7119047045707703,0.9529720544815063,0.9267401099205017,1.0,0.4761904776096344,0.7672244310379028,0.30000001192092896,0.20000000298023224,0.20000000298023224,0.15000000596046448,0.15000000596046448,1.0,1.0,1.0,1.0
complex_qaware_v018_r2,closed_loop,complex,full,1,0.18,True,16.729756006,1785050552.7326229,1.857936485454744,0.039629223453183655,0.032304413874568304,0.07094687652090333,-0.18590571158286323,1.985281934612218,0.11584012305892465,-0.16982202290449155,20.0,1.848826462082459,0.019342550463636452,2.8537691570495354,0.008857689529843116,3.8153819585998208,-0.001089478742140476,0.5713833570480347,0.16400156915187836,0.1140015721321106,0.7850745916366577,0.7850745916366577,0,ROW_FOLLOW,,1.0,125.0,148.0,-0.048663605004549026,-0.022255659103393555,0.0,0.26583293080329895,0.0,-0.31034424901008606,0.0,0.5317460298538208,0.7380951642990112,0.9523055553436279,0.9164706468582153,1.0,0.523809552192688,0.7850745916366577,0.30000001192092896,0.20000000298023224,0.20000000298023224,0.15000000596046448,0.15000000596046448,1.0,1.0,1.0,1.0
complex_qaware_v018_r2,closed_loop,complex,full,1,0.18,True,16.779719639,1785050552.7825866,1.8582613341327212,0.03940828119893134,0.02023190950714815,0.07570026158626098,-0.2009631727414028,1.985732355347966,0.1187194044822549,-0.15062681341562326,20.0,1.848826462082459,0.019342550463636452,2.8537691570495354,0.008857689529843116,3.8153819585998208,-0.001089478742140476,0.5713833570480347,0.16400156915187836,0.1140015721321106,0.7850745916366577,0.7850745916366577,0,ROW_FOLLOW,,1.0,125.0,148.0,-0.048663605004549026,-0.022255659103393555,0.0,0.26583293080329895,0.0,-0.31034424901008606,0.0,0.5317460298538208,0.7380951642990112,0.9523055553436279,0.9164706468582153,1.0,0.523809552192688,0.7850745916366577,0.30000001192092896,0.20000000298023224,0.20000000298023224,0.15000000596046448,0.15000000596046448,1.0,1.0,1.0,1.0
complex_qaware_v018_r2,closed_loop,complex,full,1,0.18,True,16.829418594,1785050552.8322854,1.8665192434274034,0.032048905089849505,0.012142519376915129,0.07883114610619747,-0.19405547733617637,1.9987648364730537,0.12499277488010985,-0.10579583541433919,21.0,1.855111492354923,0.01813485033658914,2.860065070823861,0.008532848259970296,3.8579008006767053,-0.004371272064395179,0.5694581270217896,0.15725524723529816,0.1072552502155304,0.7825675010681152,0.7825675010681152,0,ROW_FOLLOW,,1.0,133.0,138.0,-0.03124134987592697,-0.021762430667877197,0.0,0.2657957077026367,0.0,-0.3093205690383911,0.0,0.5396825671195984,0.7119047045707703,0.9490968585014343,0.9230830073356628,1.0,0.4761904776096344,0.7825675010681152,0.30000001192092896,0.20000000298023224,0.20000000298023224,0.15000000596046448,0.15000000596046448,1.0,1.0,1.0,1.0
complex_qaware_v018_r2,closed_loop,complex,full,1,0.18,True,16.879386579,1785050552.8822536,1.871317353468824,0.031968660766906326,0.0019158172397948361,0.08613571852368393,-0.17505923576491011,2.0036284844278125,0.12718590610099062,-0.09117496060846748,21.0,1.855111492354923,0.01813485033658914,2.860065070823861,0.008532848259970296,3.8579008006767053,-0.004371272064395179,0.5694581270217896,0.15725524723529816,0.1072552502155304,0.7825675010681152,0.7825675010681152,0,ROW_FOLLOW,,1.0,133.0,138.0,-0.03124134987592697,-0.021762430667877197,0.0,0.2657957077026367,0.0,-0.3093205690383911,0.0,0.5396825671195984,0.7119047045707703,0.9490968585014343,0.9230830073356628,1.0,0.4761904776096344,0.7825675010681152,0.30000001192092896,0.20000000298023224,0.20000000298023224,0.15000000596046448,0.15000000596046448,1.0,1.0,1.0,1.0
complex_qaware_v018_r2,closed_loop,complex,full,1,0.18,True,16.929549225,1785050552.9324162,1.876731169830863,0.03178113992390358,-0.0055505503532686795,0.08592778425447452,-0.17905360504526546,2.009116161491025,0.0741262669872498,-0.0934443488284634,20.0,1.8607462263020782,0.015664540668759486,2.865690474945904,0.005096676458904755,3.827304024724705,-0.004993230684442904,0.5657864809036255,0.1466219574213028,0.09662196040153503,0.7887170314788818,0.6000000238418579,0,ROW_FOLLOW,,1.0,141.0,152.0,-0.013014552183449268,-0.0199844092130661,0.0,0.2666141986846924,0.0,-0.3065830171108246,0.0,0.5714285969734192,0.7119047045707703,0.9429773688316345,0.9087468385696411,1.0,0.4761904776096344,0.7887170314788818,0.30000001192092896,0.20000000298023224,0.20000000298023224,0.15000000596046448,0.15000000596046448,1.0,1.0,1.0,1.0
complex_qaware_v018_r2,closed_loop,complex,full,1,0.18,True,16.979664285,1785050552.9825313,1.8767284124975894,0.03163379881414336,-0.015319005368488625,0.0923521649893505,-0.16672475854679492,2.009263528918876,0.07535334990991281,-0.08307237448119403,20.0,1.8607462263020782,0.015664540668759486,2.865690474945904,0.005096676458904755,3.827304024724705,-0.004993230684442904,0.5657864809036255,0.1466219574213028,0.09662196040153503,0.7887170314788818,0.6000000238418579,0,ROW_FOLLOW,,1.0,141.0,152.0,-0.013014552183449268,-0.0199844092130661,0.0,0.2666141986846924,0.0,-0.3065830171108246,0.0,0.5714285969734192,0.7119047045707703,0.9429773688316345,0.9087468385696411,1.0,0.4761904776096344,0.7887170314788818,0.30000001192092896,0.20000000298023224,0.20000000298023224,0.15000000596046448,0.15000000596046448,1.0,1.0,1.0,1.0
complex_qaware_v018_r2,closed_loop,complex,full,1,0.18,True,17.029486123,1785050553.032353,1.8970121869358048,0.03306389430665148,-0.022700082419359276,0.11958874860832314,-0.17658858525648452,2.0296412676673263,0.07609609659512487,-0.08767022279758255,20.0,1.8685439729645588,0.014237307501172984,2.8784806009410864,0.0029143443589706576,3.835087187712784,-0.007815441883485078,0.5648114085197449,0.14632897078990936,0.0963289737701416,0.8022828102111816,0.6000000238418579,0,ROW_FOLLOW,,1.0,136.0,146.0,0.0037968959659337997,-0.018555760383605957,0.0,0.2680369019508362,0.0,-0.3051484227180481,0.0,0.6190476417541504,0.7119047045707703,0.941352367401123,0.9061136841773987,1.0,0.4761904776096344,0.8022828102111816,0.30000001192092896,0.20000000298023224,0.20000000298023224,0.15000000596046448,0.15000000596046448,1.0,1.0,1.0,1.0
complex_qaware_v018_r2,closed_loop,complex,full,1,0.18,True,17.079434173,1785050553.0823011,1.9061043104686564,0.030698231829513152,-0.034737118515415936,0.12655244152193332,-0.20617060309110363,2.0410173594529124,0.07939397679044387,-0.06026608589103945,20.0,1.8685439729645588,0.014237307501172984,2.8784806009410864,0.0029143443589706576,3.835087187712784,-0.007815441883485078,0.5648114085197449,0.14632897078990936,0.0963289737701416,0.8022828102111816,0.6000000238418579,0,ROW_FOLLOW,,1.0,136.0,146.0,0.0037968959659337997,-0.018555760383605957,0.0,0.2680369019508362,0.0,-0.3051484227180481,0.0,0.6190476417541504,0.7119047045707703,0.941352367401123,0.9061136841773987,1.0,0.4761904776096344,0.8022828102111816,0.30000001192092896,0.20000000298023224,0.20000000298023224,0.15000000596046448,0.15000000596046448,1.0,1.0,1.0,1.0
complex_qaware_v018_r2,closed_loop,complex,full,1,0.18,True,17.12953493,1785050553.132402,1.9101368639402687,0.03186319174506276,-0.04317771360713607,0.13377425508133514,-0.20794248497847426,2.0477011192694072,0.13546411388827687,-0.057321127672107716,20.0,1.8844991887397444,0.013009086260533362,2.8944280168697305,0.001035799746617913,3.8843580887432694,-0.01071128293428824,0.5646628141403198,0.15099208056926727,0.10099208354949951,0.8003460168838501,0.8003460168838501,0,ROW_FOLLOW,,1.0,140.0,140.0,0.02177656814455986,-0.016737133264541626,0.0,0.2692496180534363,0.0,-0.30272388458251953,0.0,0.6111111044883728,0.7119047045707703,0.9411045908927917,0.9094054698944092,1.0,0.4761904776096344,0.8003460168838501,0.30000001192092896,0.20000000298023224,0.20000000298023224,0.15000000596046448,0.15000000596046448,1.0,1.0,1.0,1.0
complex_qaware_v018_r2,closed_loop,complex,full,1,0.18,True,17.180227444,1785050553.1830943,1.9152850132440329,0.03146262357705974,-0.05574347037191929,0.1235195314795731,-0.1948155585672091,2.0529475458197406,0.1382746092001742,-0.03858449225945878,20.0,1.8844991887397444,0.013009086260533362,2.8944280168697305,0.001035799746617913,3.8843580887432694,-0.01071128293428824,0.5646628141403198,0.15099208056926727,0.10099208354949951,0.8003460168838501,0.8003460168838501,0,ROW_FOLLOW,,1.0,140.0,140.0,0.02177656814455986,-0.016737133264541626,0.0,0.2692496180534363,0.0,-0.30272388458251953,0.0,0.6111111044883728,0.7119047045707703,0.9411045908927917,0.9094054698944092,1.0,0.4761904776096344,0.8003460168838501,0.30000001192092896,0.20000000298023224,0.20000000298023224,0.15000000596046448,0.15000000596046448,1.0,1.0,1.0,1.0
complex_qaware_v018_r2,closed_loop,complex,full,1,0.18,True,17.229337235,1785050553.2322042,1.919789113795213,0.031019990876994315,-0.062402066367448494,0.124118556111768,-0.15567472186140008,2.057539057611592,0.13981879600517855,-0.013539766693585085,20.0,1.899167279183392,0.014840359577006764,2.909087290747092,0.0021418055519861912,3.8990088027544494,-0.010309107724406142,0.5659030079841614,0.15271998941898346,0.1027199923992157,0.7880542278289795,0.7880542278289795,0,ROW_FOLLOW,,1.0,139.0,136.0,0.04250092804431915,-0.013984546065330505,0.0,0.27090537548065186,0.0,-0.29887446761131287,0.0,0.5634920001029968,0.7119047045707703,0.9431715607643127,0.9199422001838684,1.0,0.4761904776096344,0.7880542278289795,0.30000001192092896,0.20000000298023224,0.20000000298023224,0.15000000596046448,0.15000000596046448,1.0,1.0,1.0,1.0
complex_qaware_v018_r2,closed_loop,complex,full,1,0.18,True,17.279418184,1785050553.282285,1.9268120737322068,0.02958306644863922,-0.07166577812456648,0.1160132609134473,-0.14842287589270453,2.0649192329043093,0.14104290415208134,0.005379045714233156,20.0,1.899167279183392,0.014840359577006764,2.909087290747092,0.0021418055519861912,3.8990088027544494,-0.010309107724406142,0.5659030079841614,0.15271998941898346,0.1027199923992157,0.7880542278289795,0.7880542278289795,0,ROW_FOLLOW,,1.0,139.0,136.0,0.04250092804431915,-0.013984546065330505,0.0,0.27090537548065186,0.0,-0.29887446761131287,0.0,0.5634920001029968,0.7119047045707703,0.9431715607643127,0.9199422001838684,1.0,0.4761904776096344,0.7880542278289795,0.30000001192092896,0.20000000298023224,0.20000000298023224,0.15000000596046448,0.15000000596046448,1.0,1.0,1.0,1.0
complex_qaware_v018_r2,closed_loop,complex,full,1,0.18,True,17.329441851,1785050553.3323088,1.9325134954031638,0.0290769507610667,-0.07689261730903052,0.11639144243408855,-0.13736748192709886,2.0706707311563863,0.08190962332284148,0.028956266170063506,20.0,1.915887298077059,0.01665847687976493,2.9208039823314906,0.0037134258367398725,3.915721507346557,-0.009099201957788272,0.5619384050369263,0.14856429398059845,0.09856429696083069,0.7902020215988159,0.6000000238418579,0,ROW_FOLLOW,,1.0,135.0,133.0,0.05923128128051758,-0.011050298810005188,0.0,0.27263137698173523,0.0,-0.2947319746017456,0.0,0.579365074634552,0.7119047045707703,0.9365638494491577,0.9113251566886902,1.0,0.4761904776096344,0.7902020215988159,0.30000001192092896,0.20000000298023224,0.20000000298023224,0.15000000596046448,0.15000000596046448,1.0,1.0,1.0,1.0
complex_qaware_v018_r2,closed_loop,complex,full,1,0.18,True,17.381033617,1785050553.3839006,1.9375577761746414,0.028500117463018535,-0.08429973869582863,0.1156856133147735,-0.10856857080089546,2.075841036976828,0.08042940395106951,0.04144437538190814,20.0,1.915887298077059,0.01665847687976493,2.9208039823314906,0.0037134258367398725,3.915721507346557,-0.009099201957788272,0.5619384050369263,0.14856429398059845,0.09856429696083069,0.7902020215988159,0.6000000238418579,0,ROW_FOLLOW,,1.0,135.0,133.0,0.05923128128051758,-0.011050298810005188,0.0,0.27263137698173523,0.0,-0.2947319746017456,0.0,0.579365074634552,0.7119047045707703,0.9365638494491577,0.9113251566886902,1.0,0.4761904776096344,0.7902020215988159,0.30000001192092896,0.20000000298023224,0.20000000298023224,0.15000000596046448,0.15000000596046448,1.0,1.0,1.0,1.0
complex_qaware_v018_r2,closed_loop,complex,full,1,0.18,True,17.429469633,1785050553.4323366,1.9428271712372411,0.026870757566893957,-0.0876658793152596,0.11236842191166503,-0.07402255001968676,2.0825186409218777,0.07700134453997072,0.06799150059698207,21.0,1.926334954303157,0.018693816425919482,2.931255619230851,0.006066145128853391,3.937086383690154,-0.003947578057008169,0.5601751804351807,0.14360181987285614,0.09360182285308838,0.7873245477676392,0.6000000238418579,0,ROW_FOLLOW,,1.0,133.0,142.0,0.07229140400886536,-0.007333487272262573,0.0,0.27502506971359253,0.0,-0.2896920442581177,0.0,0.5714285969734192,0.7119047045707703,0.9336252808570862,0.9119332432746887,1.0,0.4761904776096344,0.7873245477676392,0.30000001192092896,0.20000000298023224,0.20000000298023224,0.15000000596046448,0.15000000596046448,1.0,1.0,1.0,1.0
complex_qaware_v018_r2,closed_loop,complex,full,1,0.18,True,17.48363736,1785050553.486504,1.9483217988375026,0.026260047138724613,-0.09239248905649067,0.11182772632421749,-0.062397228901232574,2.0881066924144838,0.0759594325104451,0.07681388549090183,21.0,1.937394839967222,0.020330069580872148,2.937325248341929,0.008540118170749221,3.9426233371669683,-0.0017073907503577634,0.5601751804351807,0.14360181987285614,0.09360182285308838,0.7873245477676392,0.6000000238418579,0,ROW_FOLLOW,,1.0,133.0,142.0,0.07229140400886536,-0.007333487272262573,0.0,0.27502506971359253,0.0,-0.2896920442581177,0.0,0.5714285969734192,0.7119047045707703,0.9336252808570862,0.9119332432746887,1.0,0.4761904776096344,0.7873245477676392,0.30000001192092896,0.20000000298023224,0.20000000298023224,0.15000000596046448,0.15000000596046448,1.0,1.0,1.0,1.0
complex_qaware_v018_r2,closed_loop,complex,full,1,0.18,True,17.530644865,1785050553.5335119,1.9486026901731253,0.02666090380604248,-0.09490728147264879,0.10389164557899372,-0.07024572111905404,2.0987104024795684,0.1287323806426447,0.09108670702144736,21.0,1.937394839967222,0.020330069580872148,2.937325248341929,0.008540118170749221,3.9426233371669683,-0.0017073907503577634,0.5619494318962097,0.1601167470216751,0.11011675000190735,0.7910854816436768,0.7910854816436768,0,ROW_FOLLOW,,1.0,133.0,140.0,0.08146464079618454,-0.003872215747833252,0.0,0.277066707611084,0.0,-0.2848111391067505,0.0,0.5714285969734192,0.7380951642990112,0.9365823864936829,0.8981426954269409,1.0,0.523809552192688,0.7910854816436768,0.30000001192092896,0.20000000298023224,0.20000000298023224,0.15000000596046448,0.15000000596046448,1.0,1.0,1.0,1.0
complex_qaware_v018_r2,closed_loop,complex,full,1,0.18,True,17.57992842,1785050553.5827954,1.9538494103692459,0.02611532053382664,-0.09799705658397607,0.10480223618178253,-0.05433492217765316,2.1040078842575607,0.12779821156986776,0.09731450083996024,21.0,1.937394839967222,0.020330069580872148,2.937325248341929,0.008540118170749221,3.9426233371669683,-0.0017073907503577634,0.5619494318962097,0.1601167470216751,0.11011675000190735,0.7910854816436768,0.7910854816436768,0,ROW_FOLLOW,,1.0,133.0,140.0,0.08146464079618454,-0.003872215747833252,0.0,0.277066707611084,0.0,-0.2848111391067505,0.0,0.5714285969734192,0.7380951642990112,0.9365823864936829,0.8981426954269409,1.0,0.523809552192688,0.7910854816436768,0.30000001192092896,0.20000000298023224,0.20000000298023224,0.15000000596046448,0.15000000596046448,1.0,1.0,1.0,1.0
complex_qaware_v018_r2,closed_loop,complex,full,1,0.18,True,17.629429004,1785050553.6322958,1.962090297186934,0.025070040278615455,-0.09878216875716994,0.0961992428098078,-0.022674552030680598,2.112324858670711,0.12317861514682894,0.11525437319309666,20.0,1.9464467383346207,0.022270419596547974,2.946383432236036,0.011020130350686608,3.879657895965707,0.0005343612124308923,0.5603627562522888,0.1586560159921646,0.10865601897239685,0.7803709506988525,0.7803709506988525,0,ROW_FOLLOW,,1.0,128.0,139.0,0.08718165755271912,-0.0017607510089874268,0.0,0.2787262201309204,0.0,-0.28224772214889526,0.0,0.5317460298538208,0.7380951642990112,0.9339377880096436,0.9096032977104187,1.0,0.523809552192688,0.7803709506988525,0.30000001192092896,0.20000000298023224,0.20000000298023224,0.15000000596046448,0.15000000596046448,1.0,1.0,1.0,1.0
complex_qaware_v018_r2,closed_loop,complex,full,1,0.18,True,17.680009067,1785050553.6828759,1.9657950293936686,0.024559354432280626,-0.09979859293325835,0.09962060620442247,-0.007838672065738315,2.119269902799154,0.1226516772035539,0.1187672928149303,20.0,1.9464467383346207,0.022270419596547974,2.946383432236036,0.011020130350686608,3.879657895965707,0.0005343612124308923,0.5603627562522888,0.1586560159921646,0.10865601897239685,0.7803709506988525,0.7803709506988525,0,ROW_FOLLOW,,1.0,128.0,139.0,0.08718165755271912,-0.0017607510089874268,0.0,0.2787262201309204,0.0,-0.28224772214889526,0.0,0.5317460298538208,0.7380951642990112,0.9339377880096436,0.9096032977104187,1.0,0.523809552192688,0.7803709506988525,0.30000001192092896,0.20000000298023224,0.20000000298023224,0.15000000596046448,0.15000000596046448,1.0,1.0,1.0,1.0
complex_qaware_v018_r2,closed_loop,complex,full,1,0.18,True,17.729967965,1785050553.7328348,1.9657946056282614,0.024555139248105793,-0.10059237390112234,0.09957790312586445,-0.012124529160993571,2.1192741392310754,0.12091937434334006,0.13134694816944026,20.0,1.955978287501192,0.024428387582323696,2.955900929974694,0.012141888661603295,3.922492260505192,0.00021964098704655918,0.559965968132019,0.1609015017747879,0.11090150475502014,0.781230092048645,0.781230092048645,0,ROW_FOLLOW,,1.0,112.0,148.0,0.08468134701251984,0.0019832998514175415,0.0,0.2826724648475647,0.0,-0.2787058651447296,0.0,0.5396825671195984,0.7380951642990112,0.9332765936851501,0.9003394246101379,1.0,0.523809552192688,0.781230092048645,0.30000001192092896,0.20000000298023224,0.20000000298023224,0.15000000596046448,0.15000000596046448,1.0,1.0,1.0,1.0
complex_qaware_v018_r2,closed_loop,complex,full,1,0.18,True,17.782804719,1785050553.7856717,1.9762810218175835,0.02292041202328765,-0.1014191780983618,0.10563757750685464,-0.027422928284390323,2.13109472491341,0.11967960132773632,0.1396121016067985,20.0,1.9653449237973042,0.026342754916380707,2.965228087762474,0.011407048032220668,3.9651112307004923,-0.003528658056093347,0.558918297290802,0.14167524874210358,0.09167525172233582,0.7941039800643921,0.781230092048645,0,ROW_FOLLOW,,1.0,102.0,140.0,0.08254280686378479,0.005211681127548218,0.0,0.28556886315345764,0.0,-0.2751455008983612,0.0,0.5952380895614624,0.7380951642990112,0.9315247535705566,0.877390444278717,1.0,0.523809552192688,0.7941039800643921,0.30000001192092896,0.20000000298023224,0.20000000298023224,0.15000000596046448,0.15000000596046448,1.0,1.0,1.0,1.0
complex_qaware_v018_r2,closed_loop,complex,full,1,0.18,True,17.829481176,1785050553.832348,1.9817148484861973,0.022344594761457504,-0.1028637554752061,0.10573708724789137,-0.03341575645632618,2.136567101847878,0.06774449082639092,0.15127102976365323,20.0,1.9653449237973042,0.026342754916380707,2.965228087762474,0.011407048032220668,3.9651112307004923,-0.003528658056093347,0.558918297290802,0.14167524874210358,0.09167525172233582,0.7941039800643921,0.6000000238418579,0,ROW_FOLLOW,,1.0,102.0,140.0,0.08254280686378479,0.005211681127548218,0.0,0.28556886315345764,0.0,-0.2751455008983612,0.0,0.5952380895614624,0.7380951642990112,0.9315247535705566,0.877390444278717,1.0,0.523809552192688,0.7941039800643921,0.30000001192092896,0.20000000298023224,0.20000000298023224,0.15000000596046448,0.15000000596046448,1.0,1.0,1.0,1.0
complex_qaware_v018_r2,closed_loop,complex,full,1,0.18,True,17.881541336,1785050553.8844082,1.9861364355197306,0.02184790261134641,-0.10449502306935396,0.10949616979186537,-0.04195997254676321,2.141035081154894,0.06719826875760665,0.15585667666881858,20.0,1.9653449237973042,0.026342754916380707,2.965228087762474,0.011407048032220668,3.9651112307004923,-0.003528658056093347,0.558918297290802,0.14167524874210358,0.09167525172233582,0.7941039800643921,0.6000000238418579,0,ROW_FOLLOW,,1.0,102.0,140.0,0.08254280686378479,0.005211681127548218,0.0,0.28556886315345764,0.0,-0.2751455008983612,0.0,0.5952380895614624,0.7380951642990112,0.9315247535705566,0.877390444278717,1.0,0.523809552192688,0.7941039800643921,0.30000001192092896,0.20000000298023224,0.20000000298023224,0.15000000596046448,0.15000000596046448,1.0,1.0,1.0,1.0
complex_qaware_v018_r2,closed_loop,complex,full,1,0.18,True,17.929366875,1785050553.9322338,1.994400586780051,0.02096225811010413,-0.1053926154099471,0.11412804020953471,-0.03352540414694652,2.149353960361587,0.06544735062912684,0.1696586189130313,20.0,1.9762151102468186,0.02932699094254898,2.98099839676181,0.00900961463868665,3.975785197186544,-0.011042142797555199,0.5592071413993835,0.14284496009349823,0.09284496307373047,0.7928091287612915,0.6000000238418579,0,ROW_FOLLOW,,1.0,97.0,140.0,0.07793013751506805,0.011463522911071777,0.0,0.2903319299221039,0.0,-0.2674048840999603,0.0,0.6428571343421936,0.6595237255096436,0.9306572675704956,0.8794382214546204,1.0,0.380952388048172,0.7928091287612915,0.30000001192092896,0.20000000298023224,0.20000000298023224,0.15000000596046448,0.15000000596046448,1.0,1.0,1.0,1.0
complex_qaware_v018_r2,closed_loop,complex,full,1,0.18,True,17.980167968,1785050553.9830348,1.9996931842958723,0.020381142544850107,-0.10684109882984809,0.1115893080099061,-0.01618873281734245,2.1546879511288966,0.06486498177362544,0.17455571065406855,20.0,1.9762151102468186,0.02932699094254898,2.98099839676181,0.00900961463868665,3.975785197186544,-0.011042142797555199,0.5592071413993835,0.14284496009349823,0.09284496307373047,0.7928091287612915,0.6000000238418579,0,ROW_FOLLOW,,1.0,97.0,140.0,0.07793013751506805,0.011463522911071777,0.0,0.2903319299221039,0.0,-0.2674048840999603,0.0,0.6428571343421936,0.6595237255096436,0.9306572675704956,0.8794382214546204,1.0,0.380952388048172,0.7928091287612915,0.30000001192092896,0.20000000298023224,0.20000000298023224,0.15000000596046448,0.15000000596046448,1.0,1.0,1.0,1.0
complex_qaware_v018_r2,closed_loop,complex,full,1,0.18,True,18.029379841,1785050554.0322468,2.0036996743317816,0.019222717614279555,-0.10744238593346016,0.11069791074308795,-0.014739709180307713,2.1634873642133443,0.06345981627892217,0.19048114499687652,21.0,1.9880689585807463,0.0321748328482992,2.9927627867955118,0.007676218508471582,4.000621570633298,-0.020234830390178843,0.5596288442611694,0.14560522139072418,0.09560522437095642,0.7989619970321655,0.6000000238418579,0,ROW_FOLLOW,,1.0,104.0,126.0,0.07917718589305878,0.015709638595581055,0.0,0.2935637831687927,0.0,-0.2621445059776306,0.0,0.6587302088737488,0.6595237255096436,0.9317441582679749,0.887262225151062,1.0,0.380952388048172,0.7989619970321655,0.30000001192092896,0.20000000298023224,0.20000000298023224,0.15000000596046448,0.15000000596046448,1.0,1.0,1.0,1.0
complex_qaware_v018_r2,closed_loop,complex,full,1,0.18,True,18.079584474,1785050554.0824513,2.0085513599339846,0.018689248217299354,-0.10804782519094448,0.10379025224674938,-0.0007198537154614049,2.1683722983311573,0.06302526550207271,0.194107106168694,21.0,1.9880689585807463,0.0321748328482992,2.9927627867955118,0.007676218508471582,4.000621570633298,-0.020234830390178843,0.5596288442611694,0.14560522139072418,0.09560522437095642,0.7989619970321655,0.6000000238418579,0,ROW_FOLLOW,,1.0,104.0,126.0,0.07917718589305878,0.015709638595581055,0.0,0.2935637831687927,0.0,-0.2621445059776306,0.0,0.6587302088737488,0.6595237255096436,0.9317441582679749,0.887262225151062,1.0,0.380952388048172,0.7989619970321655,0.30000001192092896,0.20000000298023224,0.20000000298023224,0.15000000596046448,0.15000000596046448,1.0,1.0,1.0,1.0
complex_qaware_v018_r2,closed_loop,complex,full,1,0.18,True,18.129378185,1785050554.1322453,2.0124714335174687,0.01825881117741958,-0.10821216379851298,0.10381268362966811,-0.003733411457623209,2.172318848960455,0.06064676707167595,0.21162539605721153,21.0,1.9989882056608828,0.035949279195977984,3.0036088822139084,0.008343028435234023,4.004481844673701,-0.018588329780712627,0.5576027631759644,0.14960546791553497,0.09960547089576721,0.7953028678894043,0.6000000238418579,0,ROW_FOLLOW,,1.0,104.0,140.0,0.07984593510627747,0.020773515105247498,0.0,0.29733380675315857,0.0,-0.2557867765426636,0.0,0.6507936120033264,0.6595237255096436,0.9263638854026794,0.8859147429466248,1.0,0.380952388048172,0.7953028678894043,0.30000001192092896,0.20000000298023224,0.20000000298023224,0.15000000596046448,0.15000000596046448,1.0,1.0,1.0,1.0
complex_qaware_v018_r2,closed_loop,complex,full,1,0.18,True,18.179491423,1785050554.1823583,2.0195107824316696,0.016876152555179772,-0.10873843891424873,0.09227163663983627,0.0016674480205336292,2.179532924744651,0.059648573391950184,0.2199928052546225,21.0,1.9989882056608828,0.035949279195977984,3.0036088822139084,0.008343028435234023,4.004481844673701,-0.018588329780712627,0.5576027631759644,0.14960546791553497,0.09960547089576721,0.7953028678894043,0.6000000238418579,0,ROW_FOLLOW,,1.0,104.0,140.0,0.07984593510627747,0.020773515105247498,0.0,0.29733380675315857,0.0,-0.2557867765426636,0.0,0.6507936120033264,0.6595237255096436,0.9263638854026794,0.8859147429466248,1.0,0.380952388048172,0.7953028678894043,0.30000001192092896,0.20000000298023224,0.20000000298023224,0.15000000596046448,0.15000000596046448,1.0,1.0,1.0,1.0
complex_qaware_v018_r2,closed_loop,complex,full,1,0.18,True,18.229491283,1785050554.2323582,2.023696130280364,0.016414096414095445,-0.10905350609682431,0.09202685405663359,-0.004045766253195958,2.1837464702690665,0.056713350090843016,0.23660363432858278,21.0,2.0101984733701173,0.03835400144597493,3.0098447701672484,0.011828929172737224,4.009491044954795,-0.014696144703559616,0.5540395379066467,0.13056595623493195,0.08056595921516418,0.7821511030197144,0.6000000238418579,0,ROW_FOLLOW,,1.0,87.0,125.0,0.0850195586681366,0.02365204691886902,0.0,0.299547016620636,0.0,-0.25224292278289795,0.0,0.6269841194152832,0.6333332657814026,0.9195204973220825,0.8899009227752686,1.0,0.3333333432674408,0.7821511030197144,0.30000001192092896,0.20000000298023224,0.20000000298023224,0.15000000596046448,0.15000000596046448,1.0,1.0,1.0,1.0
complex_qaware_v018_r2,closed_loop,complex,full,1,0.18,True,18.283006421,1785050554.2858734,2.025076121429883,0.016259316491705353,-0.1093481258380154,0.09000476736517853,-0.009818767892890518,2.185138942866445,0.05655038272133509,0.2379926870651426,21.0,2.018267099591386,0.04066532489375419,3.017974026991176,0.01668226422204037,4.017680912968932,-0.007300798289042011,0.5572677254676819,0.1455618292093277,0.09556183218955994,0.7779531478881836,0.6000000238418579,0,ROW_FOLLOW,,1.0,95.0,116.0,0.08922532945871353,0.025764532387256622,0.0,0.3003719449043274,0.0,-0.24884288012981415,0.0,0.60317462682724,0.6333332657814026,0.9258431792259216,0.9011034369468689,1.0,0.3333333432674408,0.7779531478881836,0.30000001192092896,0.20000000298023224,0.20000000298023224,0.15000000596046448,0.15000000596046448,1.0,1.0,1.0,1.0
complex_qaware_v018_r2,closed_loop,complex,full,1,0.18,True,18.329447642,1785050554.3323147,2.0250760746088847,0.01625889026075434,-0.10937791026554682,0.08728955924776469,0.002575913385138237,2.1851443111228925,0.05448428470539588,0.2530971207088082,21.0,2.018267099591386,0.04066532489375419,3.017974026991176,0.01668226422204037,4.017680912968932,-0.007300798289042011,0.5572677254676819,0.1455618292093277,0.09556183218955994,0.7779531478881836,0.6000000238418579,0,ROW_FOLLOW,,1.0,95.0,116.0,0.08922532945871353,0.025764532387256622,0.0,0.3003719449043274,0.0,-0.24884288012981415,0.0,0.60317462682724,0.6333332657814026,0.9258431792259216,0.9011034369468689,1.0,0.3333333432674408,0.7779531478881836,0.30000001192092896,0.20000000298023224,0.20000000298023224,0.15000000596046448,0.15000000596046448,1.0,1.0,1.0,1.0
complex_qaware_v018_r2,closed_loop,complex,full,1,0.18,True,18.379596433,1785050554.3824635,2.023949761452065,0.016384776409227624,-0.1093254835273201,0.08677477949584898,-0.0020399446299864234,2.186279799538513,0.05458328750287049,0.2522487165965267,21.0,2.018267099591386,0.04066532489375419,3.017974026991176,0.01668226422204037,4.017680912968932,-0.007300798289042011,0.5572677254676819,0.1455618292093277,0.09556183218955994,0.7779531478881836,0.6000000238418579,0,ROW_FOLLOW,,1.0,95.0,116.0,0.08922532945871353,0.025764532387256622,0.0,0.3003719449043274,0.0,-0.24884288012981415,0.0,0.60317462682724,0.6333332657814026,0.9258431792259216,0.9011034369468689,1.0,0.3333333432674408,0.7779531478881836,0.30000001192092896,0.20000000298023224,0.20000000298023224,0.15000000596046448,0.15000000596046448,1.0,1.0,1.0,1.0
complex_qaware_v018_r2,closed_loop,complex,full,1,0.18,True,18.429453634,1785050554.4323206,2.0350832791008164,0.016853458183988205,-0.1091936788763088,0.06985128597730457,0.006267809160626823,2.1974804522565137,0.05368513899481145,0.26252204483623376,21.0,2.0233631923834516,0.041949098872286726,3.0231506552874254,0.021476877148019994,4.0229380567552,0.0010046567852853353,0.5564143657684326,0.13804660737514496,0.0880466103553772,0.7823348045349121,0.6000000238418579,0,ROW_FOLLOW,,1.0,81.0,108.0,0.09165892750024796,0.02692525088787079,0.0,0.30192652344703674,0.0,-0.24807602167129517,0.0,0.6190476417541504,0.6333332657814026,0.9237383604049683,0.9013742804527283,1.0,0.3333333432674408,0.7823348045349121,0.30000001192092896,0.20000000298023224,0.20000000298023224,0.15000000596046448,0.15000000596046448,1.0,1.0,1.0,1.0
complex_qaware_v018_r2,closed_loop,complex,full,1,0.18,True,18.480403371,1785050554.4832704,2.036433590071287,0.015802566442776264,-0.108768044061879,0.06409793797579262,-0.0016748652218748791,2.202999977921122,0.053090864584857955,0.267586154699076,20.0,2.028959392386105,0.04273850636417914,3.0337986290302577,0.024842292237664088,3.9619843455221457,0.00836026885110325,0.559736967086792,0.15132160484790802,0.10132160782814026,0.7868733406066895,0.6000000238418579,0,ROW_FOLLOW,,1.0,90.0,99.0,0.09301504492759705,0.027090564370155334,0.0,0.3026050627231598,0.0,-0.24842393398284912,0.0,0.6190476417541504,0.6595237255096436,0.9297358393669128,0.8887141942977905,1.0,0.380952388048172,0.7868733406066895,0.30000001192092896,0.20000000298023224,0.20000000298023224,0.15000000596046448,0.15000000596046448,1.0,1.0,1.0,1.0
complex_qaware_v018_r2,closed_loop,complex,full,1,0.18,True,18.529512299,1785050554.5323792,2.0397192860836904,0.01544325913225022,-0.10881596919883267,0.06326987761562594,0.013668873264290886,2.2063067374502086,0.10003840555327873,0.2773253050395025,20.0,2.028959392386105,0.04273850636417914,3.0337986290302577,0.024842292237664088,3.9619843455221457,0.00836026885110325,0.559736967086792,0.15132160484790802,0.10132160782814026,0.7868733406066895,0.7868733406066895,0,ROW_FOLLOW,,1.0,90.0,99.0,0.09301504492759705,0.027090564370155334,0.0,0.3026050627231598,0.0,-0.24842393398284912,0.0,0.6190476417541504,0.6595237255096436,0.9297358393669128,0.8887141942977905,1.0,0.380952388048172,0.7868733406066895,0.30000001192092896,0.20000000298023224,0.20000000298023224,0.15000000596046448,0.15000000596046448,1.0,1.0,1.0,1.0
complex_qaware_v018_r2,closed_loop,complex,full,1,0.18,True,18.585887468,1785050554.5887544,2.039719783034853,0.015449784579200607,-0.10821610145846886,0.06359414988881655,0.00869846225462664,2.206313326180548,0.10017624666029235,0.2764063643260783,21.0,2.0337951594078736,0.042847009578633945,3.0386680547278524,0.026920419536842988,4.032007014088846,0.011034501444270244,0.5558346509933472,0.15468288958072662,0.10468289256095886,0.7940739393234253,0.7868733406066895,0,ROW_FOLLOW,,1.0,94.0,94.0,0.09409014880657196,0.026898331940174103,0.0,0.3024451732635498,0.0,-0.2486485093832016,0.0,0.6269841194152832,0.6857142448425293,0.9239070415496826,0.8936958312988281,1.0,0.4285714328289032,0.7940739393234253,0.30000001192092896,0.20000000298023224,0.20000000298023224,0.15000000596046448,0.15000000596046448,1.0,1.0,1.0,1.0
complex_qaware_v018_r2,closed_loop,complex,full,1,0.18,True,18.629482322,1785050554.6323493,2.0397201884132548,0.015453526178670815,-0.10784563598354203,0.06278622498249668,0.020976343513112745,2.206317089676043,0.10116312923454644,0.2784678656244674,21.0,2.0337951594078736,0.042847009578633945,3.0386680547278524,0.026920419536842988,4.032007014088846,0.011034501444270244,0.5558346509933472,0.15468288958072662,0.10468289256095886,0.7940739393234253,0.7940739393234253,0,ROW_FOLLOW,,1.0,94.0,94.0,0.09409014880657196,0.026898331940174103,0.0,0.3024451732635498,0.0,-0.2486485093832016,0.0,0.6269841194152832,0.6857142448425293,0.9239070415496826,0.8936958312988281,1.0,0.4285714328289032,0.7940739393234253,0.30000001192092896,0.20000000298023224,0.20000000298023224,0.15000000596046448,0.15000000596046448,1.0,1.0,1.0,1.0
complex_qaware_v018_r2,closed_loop,complex,full,1,0.18,True,18.68226762,1785050554.6851346,2.039699051309608,0.015465569779801545,-0.10700561086413707,0.06199333151202355,0.01358266243203023,2.2063439328149625,0.10136091033752448,0.2771493249379472,21.0,2.0337951594078736,0.042847009578633945,3.0386680547278524,0.026920419536842988,4.032007014088846,0.011034501444270244,0.5558346509933472,0.15468288958072662,0.10468289256095886,0.7940739393234253,0.7940739393234253,0,ROW_FOLLOW,,1.0,94.0,94.0,0.09409014880657196,0.026898331940174103,0.0,0.3024451732635498,0.0,-0.2486485093832016,0.0,0.6269841194152832,0.6857142448425293,0.9239070415496826,0.8936958312988281,1.0,0.4285714328289032,0.7940739393234253,0.30000001192092896,0.20000000298023224,0.20000000298023224,0.15000000596046448,0.15000000596046448,1.0,1.0,1.0,1.0
complex_qaware_v018_r2,closed_loop,complex,full,1,0.18,True,18.729396216,1785050554.732263,2.05080984172438,0.013504001111994898,-0.10670781287878393,0.06191309244076921,0.012800557932051058,2.2176420037493525,0.050869741531825184,0.28784455357024663,20.0,2.039046324664383,0.04234318696103193,3.04394262418811,0.027939367333202986,4.00551017688687,0.014163919521346676,0.5575228929519653,0.1474771946668625,0.09747719764709473,0.7847445011138916,0.6000000238418579,0,ROW_FOLLOW,,1.0,86.0,82.0,0.09380260854959488,0.026341259479522705,0.0,0.3025033473968506,0.0,-0.24982082843780518,0.0,0.5952380895614624,0.6857142448425293,0.9244138598442078,0.8943160176277161,1.0,0.4285714328289032,0.7847445011138916,0.30000001192092896,0.20000000298023224,0.20000000298023224,0.15000000596046448,0.15000000596046448,1.0,1.0,1.0,1.0
complex_qaware_v018_r2,closed_loop,complex,full,1,0.18,True,18.77932977,1785050554.7821968,2.054507301812841,0.013116925054539891,-0.10576503837830264,0.0662156984107628,0.019105479632903082,2.221364752273431,0.05068900632308915,0.28937995953978607,20.0,2.039046324664383,0.04234318696103193,3.04394262418811,0.027939367333202986,4.00551017688687,0.014163919521346676,0.5575228929519653,0.1474771946668625,0.09747719764709473,0.7847445011138916,0.6000000238418579,0,ROW_FOLLOW,,1.0,86.0,82.0,0.09380260854959488,0.026341259479522705,0.0,0.3025033473968506,0.0,-0.24982082843780518,0.0,0.5952380895614624,0.6857142448425293,0.9244138598442078,0.8943160176277161,1.0,0.4285714328289032,0.7847445011138916,0.30000001192092896,0.20000000298023224,0.20000000298023224,0.15000000596046448,0.15000000596046448,1.0,1.0,1.0,1.0
complex_qaware_v018_r2,closed_loop,complex,full,1,0.18,True,18.829608836,1785050554.832476,2.0580570624101626,0.012906520897339617,-0.10480677858676173,0.06688246123559298,0.029206090674280018,2.225334153492741,0.09391360742854565,0.28412528150561844,19.0,2.0450331808601487,0.04113755429048643,2.944956046970099,0.029374112452356455,3.944871371134715,0.016374853271016582,0.551513671875,0.15475721657276154,0.10475721955299377,0.758513331413269,0.758513331413269,0,ROW_FOLLOW,,1.0,84.0,88.0,0.09377610683441162,0.02615782618522644,0.0,0.30263060331344604,0.0,-0.25031495094299316,0.0,0.4920635223388672,0.6857142448425293,0.9191893339157104,0.9327566027641296,1.0,0.4285714328289032,0.758513331413269,0.30000001192092896,0.20000000298023224,0.20000000298023224,0.15000000596046448,0.15000000596046448,1.0,1.0,1.0,1.0
complex_qaware_v018_r2,closed_loop,complex,full,1,0.18,True,18.879290225,1785050554.882157,2.0616749402062435,0.012548126256772978,-0.1029148246074767,0.06880715452251826,0.03814110197897163,2.228979452001601,0.09391934801879968,0.284087010903925,19.0,2.0450331808601487,0.04113755429048643,2.944956046970099,0.029374112452356455,3.944871371134715,0.016374853271016582,0.551513671875,0.15475721657276154,0.10475721955299377,0.758513331413269,0.758513331413269,0,ROW_FOLLOW,,1.0,84.0,88.0,0.09377610683441162,0.02615782618522644,0.0,0.30263060331344604,0.0,-0.25031495094299316,0.0,0.4920635223388672,0.6857142448425293,0.9191893339157104,0.9327566027641296,1.0,0.4285714328289032,0.758513331413269,0.30000001192092896,0.20000000298023224,0.20000000298023224,0.15000000596046448,0.15000000596046448,1.0,1.0,1.0,1.0
complex_qaware_v018_r2,closed_loop,complex,full,1,0.18,True,18.929477705,1785050554.9323447,2.0648921859993696,0.012773730814435431,-0.102312664259637,0.06886228332706933,0.014330759090430323,2.2330773666811217,0.04987592604238959,0.27633849457198595,20.0,2.052321484786828,0.039934007441185214,3.052248653974658,0.027884525784440246,4.050925047670274,0.0161047818623646,0.5506271123886108,0.14881883561611176,0.098818838596344,0.7494591474533081,0.6000000238418579,0,ROW_FOLLOW,,1.0,89.0,79.0,0.09185214340686798,0.02618826925754547,0.0,0.3027908504009247,0.0,-0.25041431188583374,0.0,0.4603174328804016,0.6857142448425293,0.9177117943763733,0.9378575086593628,1.0,0.4285714328289032,0.7494591474533081,0.30000001192092896,0.20000000298023224,0.20000000298023224,0.15000000596046448,0.15000000596046448,1.0,1.0,1.0,1.0
complex_qaware_v018_r2,closed_loop,complex,full,1,0.18,True,18.980450962,1785050554.983318,2.0692996654549227,0.012990604300436649,-0.09999298751550699,0.06885028907862487,0.03782477997029819,2.237647637627496,0.05027406738686822,0.27279690642955434,20.0,2.062119040792808,0.03898792443890844,3.0620565383025,0.027813735226411552,4.065652361965824,0.017311531603746436,0.5536055564880371,0.1572173684835434,0.10721737146377563,0.7457355260848999,0.6000000238418579,0,ROW_FOLLOW,,1.0,82.0,81.0,0.08952134102582932,0.025966927409172058,0.0,0.30313992500305176,0.0,-0.25120607018470764,0.0,0.4444444179534912,0.6857142448425293,0.9226759076118469,0.93816077709198,1.0,0.4285714328289032,0.7457355260848999,0.30000001192092896,0.20000000298023224,0.20000000298023224,0.15000000596046448,0.15000000596046448,1.0,1.0,1.0,1.0
complex_qaware_v018_r2,closed_loop,complex,full,1,0.18,True,19.029544083,1785050555.032411,2.0722178047839095,0.012719197682741216,-0.09867351549105141,0.06834019355727546,0.04566507653544102,2.24058738595588,0.09416860055791645,0.2670919609157701,20.0,2.062119040792808,0.03898792443890844,3.0620565383025,0.027813735226411552,4.065652361965824,0.017311531603746436,0.5536055564880371,0.1572173684835434,0.10721737146377563,0.7457355260848999,0.7457355260848999,0,ROW_FOLLOW,,1.0,82.0,81.0,0.08952134102582932,0.025966927409172058,0.0,0.30313992500305176,0.0,-0.25120607018470764,0.0,0.4444444179534912,0.6857142448425293,0.9226759076118469,0.93816077709198,1.0,0.4285714328289032,0.7457355260848999,0.30000001192092896,0.20000000298023224,0.20000000298023224,0.15000000596046448,0.15000000596046448,1.0,1.0,1.0,1.0
complex_qaware_v018_r2,closed_loop,complex,full,1,0.18,True,19.079512647,1785050555.0823796,2.072246907388119,0.012763018193596147,-0.09486426198246266,0.06708257445641609,0.06655225690033609,2.2406511270257665,0.09505696803642198,0.2611695110590666,20.0,2.062119040792808,0.03898792443890844,3.0620565383025,0.027813735226411552,4.065652361965824,0.017311531603746436,0.5536055564880371,0.1572173684835434,0.10721737146377563,0.7457355260848999,0.7457355260848999,0,ROW_FOLLOW,,1.0,82.0,81.0,0.08952134102582932,0.025966927409172058,0.0,0.30313992500305176,0.0,-0.25120607018470764,0.0,0.4444444179534912,0.6857142448425293,0.9226759076118469,0.93816077709198,1.0,0.4285714328289032,0.7457355260848999,0.30000001192092896,0.20000000298023224,0.20000000298023224,0.15000000596046448,0.15000000596046448,1.0,1.0,1.0,1.0
complex_qaware_v018_r2,closed_loop,complex,full,1,0.18,True,19.129371641,1785050555.1322386,2.080036713657617,0.013677652219969989,-0.09221599276679404,0.06464197115962918,0.06957978420815995,2.248625380129264,0.05212137603595935,0.25381587582506954,20.0,2.0680129437338954,0.038936284901751904,3.0679587009355997,0.028524408761267706,4.067904469127173,0.018112530420689377,0.5513119697570801,0.14292894303798676,0.092928946018219,0.7453618049621582,0.6000000238418579,0,ROW_FOLLOW,,1.0,85.0,70.0,0.08516240119934082,0.026356175541877747,0.0,0.30348923802375793,0.0,-0.25077688694000244,0.0,0.4603174328804016,0.6595237255096436,0.918853223323822,0.9439412355422974,1.0,0.380952388048172,0.7453618049621582,0.30000001192092896,0.20000000298023224,0.20000000298023224,0.15000000596046448,0.15000000596046448,1.0,1.0,1.0,1.0
complex_qaware_v018_r2,closed_loop,complex,full,1,0.18,True,19.179651124,1785050555.182518,2.0834875006068203,0.013420594811254035,-0.08811403190468782,0.06569849114395664,0.060837862564027075,2.252117165763769,0.052568180440333526,0.24981956690592333,20.0,2.0680129437338954,0.038936284901751904,3.0679587009355997,0.028524408761267706,4.067904469127173,0.018112530420689377,0.5513119697570801,0.14292894303798676,0.092928946018219,0.7453618049621582,0.6000000238418579,0,ROW_FOLLOW,,1.0,85.0,70.0,0.08516240119934082,0.026356175541877747,0.0,0.30348923802375793,0.0,-0.25077688694000244,0.0,0.4603174328804016,0.6595237255096436,0.918853223323822,0.9439412355422974,1.0,0.380952388048172,0.7453618049621582,0.30000001192092896,0.20000000298023224,0.20000000298023224,0.15000000596046448,0.15000000596046448,1.0,1.0,1.0,1.0
complex_qaware_v018_r2,closed_loop,complex,full,1,0.18,True,19.229437924,1785050555.2323048,2.085429345646689,0.012264697761812469,-0.0851276055149017,0.06465867302161074,0.08898311622658663,2.257246140670905,0.052559021155591926,0.25271169968075197,20.0,2.0752701026943368,0.039283040830995694,3.080221193239428,0.029367018861999845,4.075172750380646,0.01954532626816861,0.5518136024475098,0.14907945692539215,0.09907945990562439,0.7498443126678467,0.6000000238418579,0,ROW_FOLLOW,,1.0,96.0,88.0,0.07868049293756485,0.026355639100074768,0.0,0.30332744121551514,0.0,-0.2506161630153656,0.0,0.4761904776096344,0.6595237255096436,0.9196892976760864,0.940963625907898,1.0,0.380952388048172,0.7498443126678467,0.30000001192092896,0.20000000298023224,0.20000000298023224,0.15000000596046448,0.15000000596046448,1.0,1.0,1.0,1.0
complex_qaware_v018_r2,closed_loop,complex,full,1,0.18,True,19.280597875,1785050555.2834647,2.0887103844989396,0.012033302685187536,-0.07998770931652205,0.06443374302655318,0.0985360232947926,2.2605588961668177,0.053193577825761465,0.24707002482950297,20.0,2.0752701026943368,0.039283040830995694,3.080221193239428,0.029367018861999845,4.075172750380646,0.01954532626816861,0.5518136024475098,0.14907945692539215,0.09907945990562439,0.7498443126678467,0.6000000238418579,0,ROW_FOLLOW,,1.0,96.0,88.0,0.07868049293756485,0.026355639100074768,0.0,0.30332744121551514,0.0,-0.2506161630153656,0.0,0.4761904776096344,0.6595237255096436,0.9196892976760864,0.940963625907898,1.0,0.380952388048172,0.7498443126678467,0.30000001192092896,0.20000000298023224,0.20000000298023224,0.15000000596046448,0.15000000596046448,1.0,1.0,1.0,1.0
complex_qaware_v018_r2,closed_loop,complex,full,1,0.18,True,19.329591537,1785050555.3324585,2.0967352957647325,0.011198598116220785,-0.07493406855136397,0.07204553470901802,0.13402757364744305,2.268655903908726,0.053534150505977846,0.2443599759322404,21.0,2.081680474958931,0.03861450785073762,3.0866475405290195,0.030954099053392848,4.088789202083863,0.029541268692833543,0.5505709052085876,0.14230237901210785,0.09230238199234009,0.7503454685211182,0.6000000238418579,0,ROW_FOLLOW,,1.0,78.0,85.0,0.07628308236598969,0.024917379021644592,0.0,0.3024803400039673,0.0,-0.2526455819606781,0.0,0.4841269552707672,0.6595237255096436,0.9176180958747864,0.9311936497688293,1.0,0.380952388048172,0.7503454685211182,0.30000001192092896,0.20000000298023224,0.20000000298023224,0.15000000596046448,0.15000000596046448,1.0,1.0,1.0,1.0
complex_qaware_v018_r2,closed_loop,complex,full,1,0.18,True,19.379403362,1785050555.38227,2.0983792819216247,0.01135808954202558,-0.06706772920608109,0.07046903456032644,0.13671480110843726,2.2734653908901876,0.05489648982827869,0.23225586851812774,21.0,2.081680474958931,0.03861450785073762,3.0866475405290195,0.030954099053392848,4.088789202083863,0.029541268692833543,0.5505709052085876,0.14230237901210785,0.09230238199234009,0.7503454685211182,0.6000000238418579,0,ROW_FOLLOW,,1.0,78.0,85.0,0.07628308236598969,0.024917379021644592,0.0,0.3024803400039673,0.0,-0.2526455819606781,0.0,0.4841269552707672,0.6595237255096436,0.9176180958747864,0.9311936497688293,1.0,0.380952388048172,0.7503454685211182,0.30000001192092896,0.20000000298023224,0.20000000298023224,0.15000000596046448,0.15000000596046448,1.0,1.0,1.0,1.0
complex_qaware_v018_r2,closed_loop,complex,full,1,0.18,True,19.429415255,1785050555.4322822,2.1013171993794377,0.011250528760865896,-0.06148348455714416,0.07011516640730837,0.13703148249462627,2.276439929016218,0.056423665384263855,0.21921097890492694,21.0,2.0903612250487216,0.037626252797696276,3.095336548573046,0.030973876118662924,4.09364480505325,0.026169615333806986,0.5501074194908142,0.14633585512638092,0.09633585810661316,0.751130223274231,0.6000000238418579,0,ROW_FOLLOW,,1.0,76.0,84.0,0.06039006635546684,0.02479565143585205,0.0,0.30265504121780396,0.0,-0.25306373834609985,0.0,0.4841269850730896,0.6595237255096436,0.9168457984924316,0.9374547600746155,1.0,0.380952388048172,0.751130223274231,0.30000001192092896,0.20000000298023224,0.20000000298023224,0.15000000596046448,0.15000000596046448,1.0,1.0,1.0,1.0
complex_qaware_v018_r2,closed_loop,complex,full,1,0.18,True,19.479890263,1785050555.482757,2.1014653730254094,0.011363041741782678,-0.052261046301544045,0.06548201551858786,0.17104929576335848,2.27667224127057,0.058043353204179866,0.20483541729808444,21.0,2.0903612250487216,0.037626252797696276,3.095336548573046,0.030973876118662924,4.09364480505325,0.026169615333806986,0.5501074194908142,0.14633585512638092,0.09633585810661316,0.751130223274231,0.6000000238418579,0,ROW_FOLLOW,,1.0,76.0,84.0,0.06039006635546684,0.02479565143585205,0.0,0.30265504121780396,0.0,-0.25306373834609985,0.0,0.4841269850730896,0.6595237255096436,0.9168457984924316,0.9374547600746155,1.0,0.380952388048172,0.751130223274231,0.30000001192092896,0.20000000298023224,0.20000000298023224,0.15000000596046448,0.15000000596046448,1.0,1.0,1.0,1.0
complex_qaware_v018_r2,closed_loop,complex,full,1,0.18,True,19.529487523,1785050555.5323546,2.11119841248362,0.012046503448537586,-0.0440760860349534,0.07529447805363364,0.22234600094473364,2.2864879066894925,0.059664007626379245,0.18621603419227464,21.0,2.0962911122385974,0.036183937928637395,3.0962804506379,0.03188710230929439,4.096269792973796,0.027590265848397563,0.5501664280891418,0.13971012830734253,0.08971013128757477,0.7451704740524292,0.6000000238418579,0,ROW_FOLLOW,,1.0,93.0,85.0,0.049752768129110336,0.0240851491689682,0.0,0.3019949197769165,0.0,-0.2538246214389801,0.0,0.460317462682724,0.6595237255096436,0.916944146156311,0.9452111124992371,1.0,0.380952388048172,0.7451704740524292,0.30000001192092896,0.20000000298023224,0.20000000298023224,0.15000000596046448,0.15000000596046448,1.0,1.0,1.0,1.0
complex_qaware_v018_r2,closed_loop,complex,full,1,0.18,True,19.579407318,1785050555.5822742,2.1141053741909093,0.01203646275241735,-0.029521898499203395,0.0689368501434507,0.24734358026703987,2.289451798938315,0.06199454305177422,0.16536590207220714,21.0,2.0962911122385974,0.036183937928637395,3.0962804506379,0.03188710230929439,4.096269792973796,0.027590265848397563,0.5501664280891418,0.13971012830734253,0.08971013128757477,0.7451704740524292,0.6000000238418579,0,ROW_FOLLOW,,1.0,93.0,85.0,0.049752768129110336,0.0240851491689682,0.0,0.3019949197769165,0.0,-0.2538246214389801,0.0,0.460317462682724,0.6595237255096436,0.916944146156311,0.9452111124992371,1.0,0.380952388048172,0.7451704740524292,0.30000001192092896,0.20000000298023224,0.20000000298023224,0.15000000596046448,0.15000000596046448,1.0,1.0,1.0,1.0
complex_qaware_v018_r2,closed_loop,complex,full,1,0.18,True,19.629553422,1785050555.6324203,2.1160172027116815,0.01210921579562593,-0.019416848998830893,0.06858788238229492,0.2550935551646169,2.2914219236610465,0.06512040057157541,0.14792761974874938,21.0,2.104720456810093,0.035769597796750936,3.1047120328224422,0.03291388873976211,4.104703593233291,0.0300581782235634,0.5505726337432861,0.14461825788021088,0.09461826086044312,0.758882999420166,0.6000000238418579,0,ROW_FOLLOW,,1.0,81.0,83.0,0.03014065884053707,0.02367103099822998,0.0,0.3010299503803253,0.0,-0.25368788838386536,0.0,0.5,0.6595237255096436,0.9176209568977356,0.9563606977462769,1.0,0.380952388048172,0.758882999420166,0.30000001192092896,0.20000000298023224,0.20000000298023224,0.15000000596046448,0.15000000596046448,1.0,1.0,1.0,1.0
complex_qaware_v018_r2,closed_loop,complex,full,1,0.18,True,19.679448576,1785050555.6823156,2.12541014292926,0.020882767041869595,-0.0033612958856315002,0.07119976094415681,0.2727139076074633,2.305256882130819,0.0728303013699436,0.08019736528915525,21.0,2.104720456810093,0.035769597796750936,3.1047120328224422,0.03291388873976211,4.104703593233291,0.0300581782235634,0.5505726337432861,0.14461825788021088,0.09461826086044312,0.758882999420166,0.6000000238418579,0,ROW_FOLLOW,,1.0,81.0,83.0,0.03014065884053707,0.02367103099822998,0.0,0.3010299503803253,0.0,-0.25368788838386536,0.0,0.5,0.6595237255096436,0.9176209568977356,0.9563606977462769,1.0,0.380952388048172,0.758882999420166,0.30000001192092896,0.20000000298023224,0.20000000298023224,0.15000000596046448,0.15000000596046448,1.0,1.0,1.0,1.0
complex_qaware_v018_r2,closed_loop,complex,full,1,0.18,True,19.729510935,1785050555.7323778,2.1281829256492295,0.02102458410232008,0.006810567022375925,0.07092333616818378,0.26139598044915024,2.3080896240809787,0.12241859126352912,0.0806915966495111,19.0,2.1136532750540433,0.03819514310867864,3.013651052169603,0.03851749742454555,3.9803153133308165,0.039037454454975494,0.5554572343826294,0.155829057097435,0.10582906007766724,0.7473462820053101,0.7473462820053101,0,ROW_FOLLOW,,1.0,89.0,80.0,0.006325333379209042,0.022547155618667603,0.0,0.30019184947013855,0.0,-0.25509753823280334,0.0,0.4761904776096344,0.6333332657814026,0.9257619976997375,0.9511335492134094,1.0,0.3333333432674408,0.7473462820053101,0.30000001192092896,0.20000000298023224,0.20000000298023224,0.15000000596046448,0.15000000596046448,1.0,1.0,1.0,1.0
complex_qaware_v018_r2,closed_loop,complex,full,1,0.18,True,19.782610448,1785050555.7854774,2.1284625667905757,0.02121484217714333,0.021811065090882927,0.06395700997088903,0.23471015560280628,2.3085083787352363,0.12593112604532822,0.057274698104183876,19.0,2.122600896634244,0.04017072163463101,3.1225958784790513,0.04291782630184431,4.121218853972382,0.043818446629022983,0.5554572343826294,0.155829057097435,0.10582906007766724,0.7473462820053101,0.7473462820053101,0,ROW_FOLLOW,,1.0,89.0,80.0,0.006325333379209042,0.022547155618667603,0.0,0.30019184947013855,0.0,-0.25509753823280334,0.0,0.4761904776096344,0.6333332657814026,0.9257619976997375,0.9511335492134094,1.0,0.3333333432674408,0.7473462820053101,0.30000001192092896,0.20000000298023224,0.20000000298023224,0.15000000596046448,0.15000000596046448,1.0,1.0,1.0,1.0
complex_qaware_v018_r2,closed_loop,complex,full,1,0.18,True,19.829695557,1785050555.8325624,2.1412087122845485,0.026722387104156267,0.02946623665776339,0.07748063293271,0.18065982333078065,2.322645711130406,0.07730088430420488,0.03195670470014281,21.0,2.122600896634244,0.04017072163463101,3.1225958784790513,0.04291782630184431,4.121218853972382,0.043818446629022983,0.55152827501297,0.14812339842319489,0.09812340140342712,0.7489924430847168,0.6000000238418579,0,ROW_FOLLOW,,1.0,74.0,79.0,-0.017152531072497368,0.02016022801399231,0.0,0.2976454496383667,0.0,-0.2573249936103821,0.0,0.4841269850730896,0.6333332657814026,0.9192137122154236,0.9549660682678223,1.0,0.3333333432674408,0.7489924430847168,0.30000001192092896,0.20000000298023224,0.20000000298023224,0.15000000596046448,0.15000000596046448,1.0,1.0,1.0,1.0
complex_qaware_v018_r2,closed_loop,complex,full,1,0.18,True,19.881860074,1785050555.884727,2.1412416704761053,0.02786411143690561,0.03787252138175657,0.07415228377891159,0.12699903518138864,2.3292494580432925,0.07939288013779949,0.013336171182886415,21.0,2.1316239684551292,0.043440697871988086,3.131615431685901,0.04752472747012267,4.134742948870459,0.05273419043173586,0.5518226027488708,0.1523325890302658,0.10233259201049805,0.7508394718170166,0.6000000238418579,0,ROW_FOLLOW,,1.0,77.0,88.0,-0.03324296697974205,0.01765349507331848,0.0,0.2948035001754761,0.0,-0.2594965100288391,0.0,0.4920634627342224,0.6333332657814026,0.919704258441925,0.9507532715797424,1.0,0.3333333432674408,0.7508394718170166,0.30000001192092896,0.20000000298023224,0.20000000298023224,0.15000000596046448,0.15000000596046448,1.0,1.0,1.0,1.0
complex_qaware_v018_r2,closed_loop,complex,full,1,0.18,True,19.929364231,1785050555.9322312,2.1441815166600158,0.028052207283991777,0.041119701816963776,0.07396786224619735,0.06013344263031547,2.3322148232456783,0.13137244319902433,0.025191078186924315,21.0,2.1316239684551292,0.043440697871988086,3.131615431685901,0.04752472747012267,4.134742948870459,0.05273419043173586,0.5518226027488708,0.1523325890302658,0.10233259201049805,0.7508394718170166,0.7508394718170166,0,ROW_FOLLOW,,1.0,77.0,88.0,-0.03324296697974205,0.01765349507331848,0.0,0.2948035001754761,0.0,-0.2594965100288391,0.0,0.4920634627342224,0.6333332657814026,0.919704258441925,0.9507532715797424,1.0,0.3333333432674408,0.7508394718170166,0.30000001192092896,0.20000000298023224,0.20000000298023224,0.15000000596046448,0.15000000596046448,1.0,1.0,1.0,1.0
complex_qaware_v018_r2,closed_loop,complex,full,1,0.18,True,19.979643554,1785050555.9825106,2.14474739078431,0.02814594914270281,0.04483578205962902,0.07344924181635985,0.06682670777600798,2.332819907387529,0.13225858929358003,0.019283437556552884,21.0,2.1316239684551292,0.043440697871988086,3.131615431685901,0.04752472747012267,4.134742948870459,0.05273419043173586,0.5518226027488708,0.1523325890302658,0.10233259201049805,0.7508394718170166,0.7508394718170166,0,ROW_FOLLOW,,1.0,77.0,88.0,-0.03324296697974205,0.01765349507331848,0.0,0.2948035001754761,0.0,-0.2594965100288391,0.0,0.4920634627342224,0.6333332657814026,0.919704258441925,0.9507532715797424,1.0,0.3333333432674408,0.7508394718170166,0.30000001192092896,0.20000000298023224,0.20000000298023224,0.15000000596046448,0.15000000596046448,1.0,1.0,1.0,1.0
complex_qaware_v018_r2,closed_loop,complex,full,1,0.18,True,20.029372722,1785050556.0322397,2.1513313293793423,0.028602733726771766,0.04800451510879976,0.07600172975327787,0.07333594005863266,2.3394374109657115,0.1346226152060923,0.012004195134840214,19.0,2.1380660516069665,0.04316454680414431,3.0380553314973278,0.04756615976577922,4.004710423878117,0.05232670541121287,0.5515033602714539,0.16097109019756317,0.11097109317779541,0.7579069137573242,0.7579069137573242,0,ROW_FOLLOW,,1.0,79.0,80.0,-0.03945177048444748,0.014455631375312805,0.0,0.2909453511238098,0.0,-0.2620340883731842,0.0,0.4841269850730896,0.6857142448425293,0.9191721677780151,0.9446104764938354,1.0,0.4285714328289032,0.7579069137573242,0.30000001192092896,0.20000000298023224,0.20000000298023224,0.15000000596046448,0.15000000596046448,1.0,1.0,1.0,1.0
complex_qaware_v018_r2,closed_loop,complex,full,1,0.18,True,20.08265256,1785050556.0855196,2.1530811466658877,0.025747997833478906,0.051859341028971606,0.07221001539793191,0.07312137659075091,2.347922449769412,0.1331694799998036,0.021691763176764994,21.0,2.14627883482924,0.041450133424633585,3.1462621993915145,0.04714546808938625,4.147047950176342,0.05257653152362204,0.5529423952102661,0.15818120539188385,0.10818120837211609,0.7578624486923218,0.7579069137573242,0,ROW_FOLLOW,,1.0,77.0,83.0,-0.04478680342435837,0.010483875870704651,0.0,0.28713369369506836,0.0,-0.26616594195365906,0.0,0.4841269850730896,0.6857142448425293,0.9215705394744873,0.9411156177520752,1.0,0.4285714328289032,0.7578624486923218,0.30000001192092896,0.20000000298023224,0.20000000298023224,0.15000000596046448,0.15000000596046448,1.0,1.0,1.0,1.0
complex_qaware_v018_r2,closed_loop,complex,full,1,0.18,True,20.129540417,1785050556.1324072,2.1537197317897454,0.02334279000420706,0.054889721174777875,0.07199967862060133,0.058038205742564054,2.358198278751979,0.13349839417194842,0.019445643951130017,21.0,2.14627883482924,0.041450133424633585,3.1462621993915145,0.04714546808938625,4.147047950176342,0.05257653152362204,0.5529423952102661,0.15818120539188385,0.10818120837211609,0.7578624486923218,0.7578624486923218,0,ROW_FOLLOW,,1.0,77.0,83.0,-0.04478680342435837,0.010483875870704651,0.0,0.28713369369506836,0.0,-0.26616594195365906,0.0,0.4841269850730896,0.6857142448425293,0.9215705394744873,0.9411156177520752,1.0,0.4285714328289032,0.7578624486923218,0.30000001192092896,0.20000000298023224,0.20000000298023224,0.15000000596046448,0.15000000596046448,1.0,1.0,1.0,1.0
complex_qaware_v018_r2,closed_loop,complex,full,1,0.18,True,20.180255879,1785050556.1831229,2.158634317804461,0.023646700266642975,0.056911383569584015,0.07756278956809746,0.027298864147852094,2.3631363200009403,0.13375773752424772,0.01771668826913467,21.0,2.14627883482924,0.041450133424633585,3.1462621993915145,0.04714546808938625,4.147047950176342,0.05257653152362204,0.5529423952102661,0.15818120539188385,0.10818120837211609,0.7578624486923218,0.7578624486923218,0,ROW_FOLLOW,,1.0,77.0,83.0,-0.04478680342435837,0.010483875870704651,0.0,0.28713369369506836,0.0,-0.26616594195365906,0.0,0.4841269850730896,0.6857142448425293,0.9215705394744873,0.9411156177520752,1.0,0.4285714328289032,0.7578624486923218,0.30000001192092896,0.20000000298023224,0.20000000298023224,0.15000000596046448,0.15000000596046448,1.0,1.0,1.0,1.0
complex_qaware_v018_r2,closed_loop,complex,full,1,0.18,True,20.229553038,1785050556.2324202,2.1596027200616974,0.02408107029101545,0.05834238083415633,0.07749631076917982,0.04086215912286375,2.3726507553135012,0.13341065719721923,-0.013867913683374065,21.0,2.152086586985242,0.03642121530159207,3.1520640826028803,0.04308502778337939,4.155741921790657,0.04793858293528874,0.5531734824180603,0.15976686775684357,0.1097668707370758,0.7527269124984741,0.7527269124984741,0,ROW_FOLLOW,,1.0,81.0,109.0,-0.04937634617090225,0.006784155964851379,0.0,0.2844077944755554,0.0,-0.27083948254585266,0.0,0.4682539403438568,0.6857142448425293,0.9219557642936707,0.938111424446106,1.0,0.4285714328289032,0.7527269124984741,0.30000001192092896,0.20000000298023224,0.20000000298023224,0.15000000596046448,0.15000000596046448,1.0,1.0,1.0,1.0
complex_qaware_v018_r2,closed_loop,complex,full,1,0.18,True,20.281250761,1785050556.2841177,2.165106228845904,0.02445064785015385,0.06169299303469124,0.08529265040106217,0.052974130560108405,2.378189321138002,0.13258581228280836,-0.01936687977944647,20.0,2.1588899785378506,0.03140955764977025,3.1638600662237875,0.03915535341627258,4.092165660540375,0.04632920939507979,0.5531489253044128,0.16053582727909088,0.11053583025932312,0.7508949041366577,0.7527269124984741,0,ROW_FOLLOW,,1.0,89.0,111.0,-0.05319048836827278,0.0031158626079559326,0.0,0.2811961770057678,0.0,-0.27496445178985596,0.0,0.460317462682724,0.6857142448425293,0.9219146966934204,0.9418253898620605,1.0,0.4285714328289032,0.7508949041366577,0.30000001192092896,0.20000000298023224,0.20000000298023224,0.15000000596046448,0.15000000596046448,1.0,1.0,1.0,1.0
complex_qaware_v018_r2,closed_loop,complex,full,1,0.18,True,20.329362549,1785050556.3322294,2.170461930952947,0.024833126116708525,0.06328868634246998,0.08541623519390838,0.05135026616201867,2.383575725370082,0.1278724689296718,-0.04859075876617722,20.0,2.1588899785378506,0.03140955764977025,3.1638600662237875,0.03915535341627258,4.092165660540375,0.04632920939507979,0.5531489253044128,0.16053582727909088,0.11053583025932312,0.7508949041366577,0.7508949041366577,0,ROW_FOLLOW,,1.0,89.0,111.0,-0.05319048836827278,0.0031158626079559326,0.0,0.2811961770057678,0.0,-0.27496445178985596,0.0,0.460317462682724,0.6857142448425293,0.9219146966934204,0.9418253898620605,1.0,0.4285714328289032,0.7508949041366577,0.30000001192092896,0.20000000298023224,0.20000000298023224,0.15000000596046448,0.15000000596046448,1.0,1.0,1.0,1.0
complex_qaware_v018_r2,closed_loop,complex,full,1,0.18,True,20.379676754,1785050556.3825436,2.1706958465961557,0.02490838481280763,0.06575342935969712,0.09262354316292232,0.028766168376272255,2.3838470333922896,0.12726459747389487,-0.05264323513802322,20.0,2.1588899785378506,0.03140955764977025,3.1638600662237875,0.03915535341627258,4.092165660540375,0.04632920939507979,0.5531489253044128,0.16053582727909088,0.11053583025932312,0.7508949041366577,0.7508949041366577,0,ROW_FOLLOW,,1.0,89.0,111.0,-0.05319048836827278,0.0031158626079559326,0.0,0.2811961770057678,0.0,-0.27496445178985596,0.0,0.460317462682724,0.6857142448425293,0.9219146966934204,0.9418253898620605,1.0,0.4285714328289032,0.7508949041366577,0.30000001192092896,0.20000000298023224,0.20000000298023224,0.15000000596046448,0.15000000596046448,1.0,1.0,1.0,1.0
complex_qaware_v018_r2,closed_loop,complex,full,1,0.18,True,20.429418818,1785050556.4322858,2.1738806158047943,0.025031088046248613,0.06674680096780694,0.08258564257289935,0.03399191255699192,2.3926363548915544,0.1234818390391555,-0.0727113542409165,21.0,2.1647841285041185,0.027880263559205382,3.169749966001975,0.03616824477120933,4.164570396281623,0.04427119501700797,0.5555136799812317,0.16105754673480988,0.11105754971504211,0.7466030120849609,0.7466030120849609,0,ROW_FOLLOW,,1.0,106.0,101.0,-0.05705428868532181,0.0007353723049163818,0.0,0.27905017137527466,0.0,-0.2775794267654419,0.0,0.4444444179534912,0.6857142448425293,0.9258561134338379,0.9397040009498596,1.0,0.4285714328289032,0.7466030120849609,0.30000001192092896,0.20000000298023224,0.20000000298023224,0.15000000596046448,0.15000000596046448,1.0,1.0,1.0,1.0
complex_qaware_v018_r2,closed_loop,complex,full,1,0.18,True,20.479599068,1785050556.482466,2.1839687989221397,0.025598587499657852,0.0694721726899741,0.09384020995299612,0.04378851642759783,2.40276445679181,0.12264174174406474,-0.07831200287485492,21.0,2.1647841285041185,0.027880263559205382,3.169749966001975,0.03616824477120933,4.164570396281623,0.04427119501700797,0.5555136799812317,0.16105754673480988,0.11105754971504211,0.7466030120849609,0.7466030120849609,0,ROW_FOLLOW,,1.0,106.0,101.0,-0.05705428868532181,0.0007353723049163818,0.0,0.27905017137527466,0.0,-0.2775794267654419,0.0,0.4444444179534912,0.6857142448425293,0.9258561134338379,0.9397040009498596,1.0,0.4285714328289032,0.7466030120849609,0.30000001192092896,0.20000000298023224,0.20000000298023224,0.15000000596046448,0.15000000596046448,1.0,1.0,1.0,1.0
complex_qaware_v018_r2,closed_loop,complex,full,1,0.18,True,20.529414542,1785050556.5322816,2.189519507606353,0.02603769079191118,0.07114395316241318,0.09414829293570967,0.04858038177654173,2.408351927560352,0.06984852475746274,-0.0947607863834281,20.0,2.1732529324762924,0.025548448257238288,3.1832125672200973,0.03457951355697883,4.139840969150651,0.04313938746063852,0.5565987229347229,0.1470252126455307,0.09702521562576294,0.7447658777236938,0.6000000238418579,0,ROW_FOLLOW,,1.0,104.0,92.0,-0.059852104634046555,-0.0021634697914123535,0.0,0.2769467830657959,0.0,-0.2812737226486206,0.0,0.4523809552192688,0.6595237255096436,0.9276642799377441,0.9440929889678955,1.0,0.380952388048172,0.7447658777236938,0.30000001192092896,0.20000000298023224,0.20000000298023224,0.15000000596046448,0.15000000596046448,1.0,1.0,1.0,1.0
complex_qaware_v018_r2,closed_loop,complex,full,1,0.18,True,20.579329218,1785050556.5821962,2.189588147701109,0.0260944631903555,0.07316599985782712,0.10053181409366951,0.021318517788198155,2.408461385517622,0.06954977532160793,-0.09743499980441095,20.0,2.1732529324762924,0.025548448257238288,3.1832125672200973,0.03457951355697883,4.139840969150651,0.04313938746063852,0.5565987229347229,0.1470252126455307,0.09702521562576294,0.7447658777236938,0.6000000238418579,0,ROW_FOLLOW,,1.0,104.0,92.0,-0.059852104634046555,-0.0021634697914123535,0.0,0.2769467830657959,0.0,-0.2812737226486206,0.0,0.4523809552192688,0.6595237255096436,0.9276642799377441,0.9440929889678955,1.0,0.380952388048172,0.7447658777236938,0.30000001192092896,0.20000000298023224,0.20000000298023224,0.15000000596046448,0.15000000596046448,1.0,1.0,1.0,1.0
complex_qaware_v018_r2,closed_loop,complex,full,1,0.18,True,20.629528189,1785050556.6323953,2.1979412518457684,0.02686782097364847,0.07421902070393034,0.1023674292296942,0.022978378921642884,2.4168634061524954,0.11939456297034252,-0.11503244551855793,20.0,2.1814387006327363,0.023320434249136643,3.1863959161753925,0.03260162256866685,4.148021516991597,0.04149663764946466,0.5579438209533691,0.1506108194589615,0.10061082243919373,0.759163498878479,0.759163498878479,0,ROW_FOLLOW,,1.0,113.0,103.0,-0.06378556042909622,-0.005212336778640747,0.0,0.27491921186447144,0.0,-0.28534388542175293,0.0,0.5158730745315552,0.6333332657814026,0.9299064874649048,0.9450240135192871,1.0,0.3333333432674408,0.759163498878479,0.30000001192092896,0.20000000298023224,0.20000000298023224,0.15000000596046448,0.15000000596046448,1.0,1.0,1.0,1.0
complex_qaware_v018_r2,closed_loop,complex,full,1,0.18,True,20.680170817,1785050556.6830378,2.203896312593347,0.02733376952922301,0.07574554381761536,0.1050612981137698,0.03431135607528639,2.4228475208580993,0.11882417501439921,-0.11883503189151341,20.0,2.1814387006327363,0.023320434249136643,3.1863959161753925,0.03260162256866685,4.148021516991597,0.04149663764946466,0.5579438209533691,0.1506108194589615,0.10061082243919373,0.759163498878479,0.759163498878479,0,ROW_FOLLOW,,1.0,113.0,103.0,-0.06378556042909622,-0.005212336778640747,0.0,0.27491921186447144,0.0,-0.28534388542175293,0.0,0.5158730745315552,0.6333332657814026,0.9299064874649048,0.9450240135192871,1.0,0.3333333432674408,0.759163498878479,0.30000001192092896,0.20000000298023224,0.20000000298023224,0.15000000596046448,0.15000000596046448,1.0,1.0,1.0,1.0
complex_qaware_v018_r2,closed_loop,complex,full,1,0.18,True,20.729564425,1785050556.7324314,2.2098670615006193,0.028873897539479998,0.07703911848149761,0.10888322952442504,0.03267434525277987,2.429401054286447,0.06691224086020882,-0.1395298496597514,20.0,2.192531560591713,0.021395501208385126,3.2024857657702253,0.031027327498703867,4.19244085678588,0.04046687699101339,0.5546873211860657,0.13757430016994476,0.087574303150177,0.7684832811355591,0.6000000238418579,0,ROW_FOLLOW,,1.0,97.0,96.0,-0.06613855063915253,-0.007465183734893799,0.0,0.2729761004447937,0.0,-0.2879064679145813,0.0,0.5396825075149536,0.6595237255096436,0.9244788885116577,0.9318535327911377,1.0,0.380952388048172,0.7684832811355591,0.30000001192092896,0.20000000298023224,0.20000000298023224,0.15000000596046448,0.15000000596046448,1.0,1.0,1.0,1.0
complex_qaware_v018_r2,closed_loop,complex,full,1,0.18,True,20.781155587,1785050556.7840226,2.215317908170741,0.02931575224877816,0.07840465269837793,0.1092471341162252,0.029521429388708876,2.434879389703542,0.06640951410883379,-0.14389105276996236,21.0,2.2030053091202215,0.020228367291346045,3.2079587938630367,0.029907691047001497,4.215312880982482,0.039747253628799016,0.5562655329704285,0.15867657959461212,0.10867658257484436,0.7620888948440552,0.6000000238418579,0,ROW_FOLLOW,,1.0,94.0,96.0,-0.06849777698516846,-0.009382396936416626,0.0,0.27092432975769043,0.0,-0.2896891236305237,0.0,0.523809552192688,0.6333332657814026,0.9271091222763062,0.9523835182189941,1.0,0.3333333432674408,0.7620888948440552,0.30000001192092896,0.20000000298023224,0.20000000298023224,0.15000000596046448,0.15000000596046448,1.0,1.0,1.0,1.0
complex_qaware_v018_r2,closed_loop,complex,full,1,0.18,True,20.829395378,1785050556.8322625,2.2256608896631414,0.030244160671334366,0.07921829821291346,0.10983396506583172,0.022701381707768354,2.445268793930866,0.11374408178241141,-0.1562127952634568,21.0,2.2030053091202215,0.020228367291346045,3.2079587938630367,0.029907691047001497,4.215312880982482,0.039747253628799016,0.5562655329704285,0.15867657959461212,0.10867658257484436,0.7620888948440552,0.7620888948440552,0,ROW_FOLLOW,,1.0,94.0,96.0,-0.06849777698516846,-0.009382396936416626,0.0,0.27092432975769043,0.0,-0.2896891236305237,0.0,0.523809552192688,0.6333332657814026,0.9271091222763062,0.9523835182189941,1.0,0.3333333432674408,0.7620888948440552,0.30000001192092896,0.20000000298023224,0.20000000298023224,0.15000000596046448,0.15000000596046448,1.0,1.0,1.0,1.0
complex_qaware_v018_r2,closed_loop,complex,full,1,0.18,True,20.87950625,1785050556.882373,2.2308207043505184,0.030681844378623094,0.08066512318387575,0.107800738957326,0.02451509740688088,2.450465358178106,0.11303951331723434,-0.16090991836463725,21.0,2.2030053091202215,0.020228367291346045,3.2079587938630367,0.029907691047001497,4.215312880982482,0.039747253628799016,0.5562655329704285,0.15867657959461212,0.10867658257484436,0.7620888948440552,0.7620888948440552,0,ROW_FOLLOW,,1.0,94.0,96.0,-0.06849777698516846,-0.009382396936416626,0.0,0.27092432975769043,0.0,-0.2896891236305237,0.0,0.523809552192688,0.6333332657814026,0.9271091222763062,0.9523835182189941,1.0,0.3333333432674408,0.7620888948440552,0.30000001192092896,0.20000000298023224,0.20000000298023224,0.15000000596046448,0.15000000596046448,1.0,1.0,1.0,1.0
complex_qaware_v018_r2,closed_loop,complex,full,1,0.18,True,20.929363613,1785050556.9322307,2.2326041802356444,0.030844562085572243,0.08133438423393624,0.10832039048501661,0.008102675379746422,2.4522667152016755,0.11357396668331167,-0.16562898515752017,19.0,2.2167487253289635,0.020093872881851008,3.1167171218219387,0.02731768293724346,4.1166833469840824,0.035166106270807906,0.5586535334587097,0.15740104019641876,0.107401043176651,0.7689906358718872,0.7689906358718872,0,ROW_FOLLOW,,1.0,102.0,109.0,-0.07609929889440536,-0.010203078389167786,0.0,0.2704992890357971,0.0,-0.2909054458141327,0.0,0.523809552192688,0.6595237255096436,0.9310892820358276,0.958167552947998,1.0,0.380952388048172,0.7689906358718872,0.30000001192092896,0.20000000298023224,0.20000000298023224,0.15000000596046448,0.15000000596046448,1.0,1.0,1.0,1.0
complex_qaware_v018_r2,closed_loop,complex,full,1,0.18,True,20.980040802,1785050556.9829075,2.2419955243838463,0.032547996128143256,0.08214989363505508,0.11015158428486632,0.014299105110615665,2.4626542862199927,0.11151540196959843,-0.17935274991560843,19.0,2.2167487253289635,0.020093872881851008,3.1167171218219387,0.02731768293724346,4.1166833469840824,0.035166106270807906,0.5586535334587097,0.15740104019641876,0.107401043176651,0.7689906358718872,0.7689906358718872,0,ROW_FOLLOW,,1.0,102.0,109.0,-0.07609929889440536,-0.010203078389167786,0.0,0.2704992890357971,0.0,-0.2909054458141327,0.0,0.523809552192688,0.6595237255096436,0.9310892820358276,0.958167552947998,1.0,0.380952388048172,0.7689906358718872,0.30000001192092896,0.20000000298023224,0.20000000298023224,0.15000000596046448,0.15000000596046448,1.0,1.0,1.0,1.0
complex_qaware_v018_r2,closed_loop,complex,full,1,0.18,True,21.029311784,1785050557.0321786,2.247353332746374,0.03299672179020807,0.08237195264037789,0.10958773243891272,0.01828972200063916,2.4680320795228408,0.11356976027949296,-0.17836969722220344,21.0,2.229448345361368,0.020490912266771213,3.229422187897058,0.02738577195993636,4.228670718800908,0.03661571045216677,0.5571798086166382,0.1592976301908493,0.10929763317108154,0.779584527015686,0.779584527015686,0,ROW_FOLLOW,,1.0,103.0,101.0,-0.07593780010938644,-0.011488169431686401,0.0,0.2689574360847473,0.0,-0.2919337749481201,0.0,0.5317460298538208,0.7119046449661255,0.9286330342292786,0.9463542699813843,1.0,0.4761904776096344,0.779584527015686,0.30000001192092896,0.20000000298023224,0.20000000298023224,0.15000000596046448,0.15000000596046448,1.0,1.0,1.0,1.0
complex_qaware_v018_r2,closed_loop,complex,full,1,0.18,True,21.08267201,1785050557.085539,2.2599301808413497,0.03302006876368084,0.08278098633575137,0.11736522344780864,0.004590522973511573,2.4806371880886937,0.11331108947145044,-0.1800941692758203,19.0,2.2443187627413987,0.02052175952110293,3.1443024552885546,0.02587751203738282,4.177617148460894,0.032009298415379445,0.5585623383522034,0.16153152287006378,0.11153152585029602,0.7808637619018555,0.779584527015686,0,ROW_FOLLOW,,1.0,107.0,102.0,-0.07570628821849823,-0.012994036078453064,0.0,0.26762691140174866,0.0,-0.2936149835586548,0.0,0.5317460298538208,0.7119046449661255,0.9309371709823608,0.951810359954834,1.0,0.4761904776096344,0.7808637619018555,0.30000001192092896,0.20000000298023224,0.20000000298023224,0.15000000596046448,0.15000000596046448,1.0,1.0,1.0,1.0
complex_qaware_v018_r2,closed_loop,complex,full,1,0.18,True,21.129482618,1785050557.1323497,2.2653025811309075,0.033466583362852284,0.08282564066770082,0.11796644393578419,-0.004713245704659577,2.4860289968371574,0.1130840960520193,-0.18314254060209795,19.0,2.2443187627413987,0.02052175952110293,3.1443024552885546,0.02587751203738282,4.177617148460894,0.032009298415379445,0.5585623383522034,0.16153152287006378,0.11153152585029602,0.7808637619018555,0.7808637619018555,0,ROW_FOLLOW,,1.0,107.0,102.0,-0.07570628821849823,-0.012994036078453064,0.0,0.26762691140174866,0.0,-0.2936149835586548,0.0,0.5317460298538208,0.7119046449661255,0.9309371709823608,0.951810359954834,1.0,0.4761904776096344,0.7808637619018555,0.30000001192092896,0.20000000298023224,0.20000000298023224,0.15000000596046448,0.15000000596046448,1.0,1.0,1.0,1.0
complex_qaware_v018_r2,closed_loop,complex,full,1,0.18,True,21.180209089,1785050557.1830761,2.2676127619271065,0.033167262916569344,0.08310073689041442,0.11588159817310895,0.01088394100732089,2.4948362703527036,0.11323286366059818,-0.18215075654490548,19.0,2.2443187627413987,0.02052175952110293,3.1443024552885546,0.02587751203738282,4.177617148460894,0.032009298415379445,0.5585623383522034,0.16153152287006378,0.11153152585029602,0.7808637619018555,0.7808637619018555,0,ROW_FOLLOW,,1.0,107.0,102.0,-0.07570628821849823,-0.012994036078453064,0.0,0.26762691140174866,0.0,-0.2936149835586548,0.0,0.5317460298538208,0.7119046449661255,0.9309371709823608,0.951810359954834,1.0,0.4761904776096344,0.7808637619018555,0.30000001192092896,0.20000000298023224,0.20000000298023224,0.15000000596046448,0.15000000596046448,1.0,1.0,1.0,1.0
complex_qaware_v018_r2,closed_loop,complex,full,1,0.18,True,21.229749902,1785050557.232617,2.2748204185078262,0.03400240789888723,0.0836066517517251,0.123976475127689,0.00485706128240452,2.5021063935784054,0.11036435709532554,-0.1886143931987249,21.0,2.2566058143225547,0.019870696496475486,3.25658075016034,0.02693504837496948,4.254847351426939,0.03391128061519952,0.5601449012756348,0.16546513140201569,0.11546513438224792,0.7703139781951904,0.7703139781951904,0,ROW_FOLLOW,,1.0,115.0,99.0,-0.07539334893226624,-0.01464313268661499,0.0,0.2660561800003052,0.0,-0.29534244537353516,0.0,0.4920634627342224,0.7119046449661255,0.9335749745368958,0.957326352596283,1.0,0.4761904776096344,0.7703139781951904,0.30000001192092896,0.20000000298023224,0.20000000298023224,0.15000000596046448,0.15000000596046448,1.0,1.0,1.0,1.0
complex_qaware_v018_r2,closed_loop,complex,full,1,0.18,True,21.279464095,1785050557.2823312,2.280509006271052,0.03447905093724255,0.08344964306742186,0.12283593850342302,0.0071595474662958045,2.5078166344809274,0.1099300079611168,-0.19151005409344976,21.0,2.2566058143225547,0.019870696496475486,3.25658075016034,0.02693504837496948,4.254847351426939,0.03391128061519952,0.5601449012756348,0.16546513140201569,0.11546513438224792,0.7703139781951904,0.7703139781951904,0,ROW_FOLLOW,,1.0,115.0,99.0,-0.07539334893226624,-0.01464313268661499,0.0,0.2660561800003052,0.0,-0.29534244537353516,0.0,0.4920634627342224,0.7119046449661255,0.9335749745368958,0.957326352596283,1.0,0.4761904776096344,0.7703139781951904,0.30000001192092896,0.20000000298023224,0.20000000298023224,0.15000000596046448,0.15000000596046448,1.0,1.0,1.0,1.0
complex_qaware_v018_r2,closed_loop,complex,full,1,0.18,True,21.329343827,1785050557.3322108,2.2853821653950455,0.034671388740042795,0.08350674773928855,0.12355646114455579,0.0007553109044962766,2.5152264065494654,0.10998635017987393,-0.1956680162670676,20.0,2.269464704052259,0.018927390399253997,3.2694346434067687,0.02668119449675868,4.224122254172585,0.03416935165954524,0.5600216388702393,0.16048286855220795,0.11048287153244019,0.7740919589996338,0.7740919589996338,0,ROW_FOLLOW,,1.0,101.0,98.0,-0.07516913115978241,-0.016249477863311768,0.0,0.2648685574531555,0.0,-0.29736751317977905,0.0,0.5079365372657776,0.7119046449661255,0.9333693981170654,0.9510411024093628,1.0,0.4761904776096344,0.7740919589996338,0.30000001192092896,0.20000000298023224,0.20000000298023224,0.15000000596046448,0.15000000596046448,1.0,1.0,1.0,1.0
complex_qaware_v018_r2,closed_loop,complex,full,1,0.18,True,21.379516398,1785050557.3823833,2.2906049242633415,0.03510657941546433,0.08345916675622433,0.11882852188918978,0.019823994865433084,2.52047675509823,0.10955677643310198,-0.19853184124554735,20.0,2.269464704052259,0.018927390399253997,3.2694346434067687,0.02668119449675868,4.224122254172585,0.03416935165954524,0.5600216388702393,0.16048286855220795,0.11048287153244019,0.7740919589996338,0.7740919589996338,0,ROW_FOLLOW,,1.0,101.0,98.0,-0.07516913115978241,-0.016249477863311768,0.0,0.2648685574531555,0.0,-0.29736751317977905,0.0,0.5079365372657776,0.7119046449661255,0.9333693981170654,0.9510411024093628,1.0,0.4761904776096344,0.7740919589996338,0.30000001192092896,0.20000000298023224,0.20000000298023224,0.15000000596046448,0.15000000596046448,1.0,1.0,1.0,1.0
complex_qaware_v018_r2,closed_loop,complex,full,1,0.18,True,21.429475812,1785050557.4323428,2.2959528127302637,0.03555069406941581,0.08323031225749404,0.11940471845541754,0.0007412866967275966,2.5258458011598934,0.10844893768593716,-0.2043390065322286,21.0,2.2797115095001934,0.01792733675538773,3.2796771123713833,0.026228483599879435,4.279176440491938,0.034398961898575095,0.5613115429878235,0.15486590564250946,0.1048659086227417,0.7727766036987305,0.7727766036987305,0,ROW_FOLLOW,,1.0,107.0,115.0,-0.07474882155656815,-0.018081143498420715,0.0,0.26336416602134705,0.0,-0.2995264530181885,0.0,0.5158730149269104,0.6857142448425293,0.9355190992355347,0.9584532976150513,1.0,0.4285714328289032,0.7727766036987305,0.30000001192092896,0.20000000298023224,0.20000000298023224,0.15000000596046448,0.15000000596046448,1.0,1.0,1.0,1.0
complex_qaware_v018_r2,closed_loop,complex,full,1,0.18,True,21.47979293,1785050557.4826598,2.2960051568866406,0.03554890817165583,0.08290233636579547,0.1179549190039286,-0.021210786386439983,2.5258984606141563,0.10852130245844549,-0.20385657471550653,21.0,2.2797115095001934,0.01792733675538773,3.2796771123713833,0.026228483599879435,4.279176440491938,0.034398961898575095,0.5613115429878235,0.15486590564250946,0.1048659086227417,0.7727766036987305,0.7727766036987305,0,ROW_FOLLOW,,1.0,107.0,115.0,-0.07474882155656815,-0.018081143498420715,0.0,0.26336416602134705,0.0,-0.2995264530181885,0.0,0.5158730149269104,0.6857142448425293,0.9355190992355347,0.9584532976150513,1.0,0.4285714328289032,0.7727766036987305,0.30000001192092896,0.20000000298023224,0.20000000298023224,0.15000000596046448,0.15000000596046448,1.0,1.0,1.0,1.0
complex_qaware_v018_r2,closed_loop,complex,full,1,0.18,True,21.529407729,1785050557.5322747,2.310952274154551,0.0373227523852352,0.0829024586994689,0.11994129805375155,0.004061774180084774,2.5409572306667405,0.058016368072043197,-0.21496618373781712,21.0,2.2922095120389465,0.017558565890043194,3.292171951646619,0.026235130325341832,4.297913956559815,0.03497205621195873,0.5572322607040405,0.14596708118915558,0.09596708416938782,0.7658413648605347,0.6000000238418579,0,ROW_FOLLOW,,1.0,101.0,105.0,-0.07386960834264755,-0.01941557228565216,0.0,0.26225200295448303,0.0,-0.30108314752578735,0.0,0.523809552192688,0.6595237255096436,0.9287203550338745,0.9403308033943176,1.0,0.380952388048172,0.7658413648605347,0.30000001192092896,0.20000000298023224,0.20000000298023224,0.15000000596046448,0.15000000596046448,1.0,1.0,1.0,1.0
complex_qaware_v018_r2,closed_loop,complex,full,1,0.18,True,21.579345734,1785050557.5822127,2.3166672270968878,0.037778437433908296,0.08206308150195168,0.1188875369304105,-0.03209048081531073,2.546702522003295,0.05775991734244653,-0.21719859322768026,21.0,2.2922095120389465,0.017558565890043194,3.292171951646619,0.026235130325341832,4.297913956559815,0.03497205621195873,0.5572322607040405,0.14596708118915558,0.09596708416938782,0.7658413648605347,0.6000000238418579,0,ROW_FOLLOW,,1.0,101.0,105.0,-0.07386960834264755,-0.01941557228565216,0.0,0.26225200295448303,0.0,-0.30108314752578735,0.0,0.523809552192688,0.6595237255096436,0.9287203550338745,0.9403308033943176,1.0,0.380952388048172,0.7658413648605347,0.30000001192092896,0.20000000298023224,0.20000000298023224,0.15000000596046448,0.15000000596046448,1.0,1.0,1.0,1.0
complex_qaware_v018_r2,closed_loop,complex,full,1,0.18,True,21.62937907,1785050557.632246,2.3191364253466626,0.03532533826702921,0.08146742002333165,0.12591417952829428,-0.022132417009489633,2.556183075438411,0.0607152525388785,-0.20436132684067057,21.0,2.304242639158331,0.017498392548668907,3.304214044411007,0.02469403721290446,4.304185436134753,0.03188967901307233,0.5557664632797241,0.14690394699573517,0.09690394997596741,0.7849844694137573,0.6000000238418579,0,ROW_FOLLOW,,1.0,111.0,118.0,-0.07822541892528534,-0.019728973507881165,0.0,0.26202449202537537,0.0,-0.3014824390411377,0.0,0.5873016119003296,0.6595237255096436,0.9262775182723999,0.944225013256073,1.0,0.380952388048172,0.7849844694137573,0.30000001192092896,0.20000000298023224,0.20000000298023224,0.15000000596046448,0.15000000596046448,1.0,1.0,1.0,1.0
complex_qaware_v018_r2,closed_loop,complex,full,1,0.18,True,21.679639163,1785050557.6825063,2.3244346395964257,0.035753753190952815,0.08110337965865447,0.11930004419768926,-0.01335721548640984,2.5615011511197134,0.060416197699784256,-0.20690112094485702,21.0,2.304242639158331,0.017498392548668907,3.304214044411007,0.02469403721290446,4.304185436134753,0.03188967901307233,0.5557664632797241,0.14690394699573517,0.09690394997596741,0.7849844694137573,0.6000000238418579,0,ROW_FOLLOW,,1.0,111.0,118.0,-0.07822541892528534,-0.019728973507881165,0.0,0.26202449202537537,0.0,-0.3014824390411377,0.0,0.5873016119003296,0.6595237255096436,0.9262775182723999,0.944225013256073,1.0,0.380952388048172,0.7849844694137573,0.30000001192092896,0.20000000298023224,0.20000000298023224,0.15000000596046448,0.15000000596046448,1.0,1.0,1.0,1.0
complex_qaware_v018_r2,closed_loop,complex,full,1,0.18,True,21.729433581,1785050557.7323005,2.3310798956881564,0.034805112740770236,0.08035669886414536,0.12013264016365058,-0.00903469768747305,2.568675326749414,0.061658474166252045,-0.20499591921913793,21.0,2.3154706318553604,0.0173740291241947,3.3154546441873776,0.021871159896515377,4.315438626375549,0.02636828932158569,0.5548206567764282,0.14050324261188507,0.09050324559211731,0.7981616258621216,0.6000000238418579,0,ROW_FOLLOW,,1.0,110.0,108.0,-0.08048225194215775,-0.019100651144981384,0.0,0.26262521743774414,0.0,-0.3008265197277069,0.0,0.6190476417541504,0.6857142448425293,0.9247011542320251,0.9357619285583496,1.0,0.4285714328289032,0.7981616258621216,0.30000001192092896,0.20000000298023224,0.20000000298023224,0.15000000596046448,0.15000000596046448,1.0,1.0,1.0,1.0
complex_qaware_v018_r2,closed_loop,complex,full,1,0.18,True,21.779388515,1785050557.7822554,2.337593953609493,0.03641362347723885,0.07959640058897044,0.11420589800009795,-0.002089400333338132,2.5755804479011326,0.0606385677090172,-0.21351471561481944,21.0,2.3154706318553604,0.0173740291241947,3.3154546441873776,0.021871159896515377,4.315438626375549,0.02636828932158569,0.5548206567764282,0.14050324261188507,0.09050324559211731,0.7981616258621216,0.6000000238418579,0,ROW_FOLLOW,,1.0,110.0,108.0,-0.08048225194215775,-0.019100651144981384,0.0,0.26262521743774414,0.0,-0.3008265197277069,0.0,0.6190476417541504,0.6857142448425293,0.9247011542320251,0.9357619285583496,1.0,0.4285714328289032,0.7981616258621216,0.30000001192092896,0.20000000298023224,0.20000000298023224,0.15000000596046448,0.15000000596046448,1.0,1.0,1.0,1.0
complex_qaware_v018_r2,closed_loop,complex,full,1,0.18,True,21.829387098,1785050557.832254,2.341272701957131,0.03669699648403076,0.07912240123868668,0.11454572703840067,-0.02734920539886916,2.5792747051249094,0.1100486941907621,-0.21757151565696353,21.0,2.326280297372915,0.017112396093085326,3.3262764688981097,0.019567601420149332,4.326272628152949,0.022022803236389294,0.5596438646316528,0.15436352789402008,0.10436353087425232,0.7926912307739258,0.7926912307739258,0,ROW_FOLLOW,,1.0,117.0,114.0,-0.07668956369161606,-0.019779235124588013,0.0,0.2622016668319702,0.0,-0.30176013708114624,0.0,0.5873015522956848,0.6857142448425293,0.9327394366264343,0.9520670771598816,1.0,0.4285714328289032,0.7926912307739258,0.30000001192092896,0.20000000298023224,0.20000000298023224,0.15000000596046448,0.15000000596046448,1.0,1.0,1.0,1.0
complex_qaware_v018_r2,closed_loop,complex,full,1,0.18,True,21.879667096,1785050557.882534,2.3411811434436665,0.036676871123199575,0.07840985006367474,0.10793518476096883,-0.006478255858532612,2.579377168203626,0.11022550518912075,-0.2163927756679058,21.0,2.326280297372915,0.017112396093085326,3.3262764688981097,0.019567601420149332,4.326272628152949,0.022022803236389294,0.5596438646316528,0.15436352789402008,0.10436353087425232,0.7926912307739258,0.7926912307739258,0,ROW_FOLLOW,,1.0,117.0,114.0,-0.07668956369161606,-0.019779235124588013,0.0,0.2622016668319702,0.0,-0.30176013708114624,0.0,0.5873015522956848,0.6857142448425293,0.9327394366264343,0.9520670771598816,1.0,0.4285714328289032,0.7926912307739258,0.30000001192092896,0.20000000298023224,0.20000000298023224,0.15000000596046448,0.15000000596046448,1.0,1.0,1.0,1.0
complex_qaware_v018_r2,closed_loop,complex,full,1,0.18,True,21.929366664,1785050557.9322338,2.3529326087086333,0.03649537802944994,0.07832404854152311,0.10447395647509292,-0.00945026571281712,2.591159896200188,0.10953260828688323,-0.21933438449206746,21.0,2.334424899620212,0.016894041382204013,3.3344235259870394,0.017994024950902594,4.334422117580311,0.019094003885175563,0.5565447807312012,0.15769647061824799,0.10769647359848022,0.7912931442260742,0.7912931442260742,0,ROW_FOLLOW,,1.0,103.0,119.0,-0.07863786071538925,-0.019282326102256775,0.0,0.26188743114471436,0.0,-0.3004520833492279,0.0,0.5714285969734192,0.7119047045707703,0.9275748133659363,0.9464579820632935,1.0,0.4761904776096344,0.7912931442260742,0.30000001192092896,0.20000000298023224,0.20000000298023224,0.15000000596046448,0.15000000596046448,1.0,1.0,1.0,1.0
complex_qaware_v018_r2,closed_loop,complex,full,1,0.18,True,21.9819214,1785050557.9847884,2.357172533964963,0.03682071799343832,0.07758487108014211,0.10046200768689517,-0.012197044151852542,2.5954154695587204,0.10929954657237906,-0.22088812925542858,21.0,2.334424899620212,0.016894041382204013,3.3344235259870394,0.017994024950902594,4.334422117580311,0.019094003885175563,0.5565447807312012,0.15769647061824799,0.10769647359848022,0.7912931442260742,0.7912931442260742,0,ROW_FOLLOW,,1.0,103.0,119.0,-0.07863786071538925,-0.019282326102256775,0.0,0.26188743114471436,0.0,-0.3004520833492279,0.0,0.5714285969734192,0.7119047045707703,0.9275748133659363,0.9464579820632935,1.0,0.4761904776096344,0.7912931442260742,0.30000001192092896,0.20000000298023224,0.20000000298023224,0.15000000596046448,0.15000000596046448,1.0,1.0,1.0,1.0
complex_qaware_v018_r2,closed_loop,complex,full,1,0.18,True,22.030268747,1785050558.0331357,2.363994565757995,0.038572227605908,0.07642856318408153,0.10401296913289934,0.006471584590649021,2.6026356127651367,0.110057270386902,-0.2278001476719147,21.0,2.345316491319019,0.017175776656011176,3.345313999079116,0.017178372118429614,4.345311473229876,0.01718096347965816,0.5613093376159668,0.1651611477136612,0.11516115069389343,0.8012627363204956,0.8012627363204956,0,ROW_FOLLOW,,1.0,113.0,118.0,-0.07973545044660568,-0.019318029284477234,0.0,0.26182442903518677,0.0,-0.30046048760414124,0.0,0.579365074634552,0.7380951642990112,0.9355155229568481,0.951540470123291,1.0,0.523809552192688,0.8012627363204956,0.30000001192092896,0.20000000298023224,0.20000000298023224,0.15000000596046448,0.15000000596046448,1.0,1.0,1.0,1.0
complex_qaware_v018_r2,closed_loop,complex,full,1,0.18,True,22.081363931,1785050558.084231,2.3687403825717017,0.03976200399523059,0.07480272539683995,0.09898193283022436,-0.035114615002587266,2.607967773118768,0.10928577264979339,-0.23294346591930545,21.0,2.3556465480007778,0.018597753802710764,3.355640903891515,0.015886016179477713,4.355635196966619,0.013174271468048449,0.5623347759246826,0.1625516563653946,0.11255165934562683,0.8089876174926758,0.8012627363204956,0,ROW_FOLLOW,,1.0,111.0,120.0,-0.08003892004489899,-0.018861860036849976,0.0,0.2626538872718811,0.0,-0.30037760734558105,0.0,0.6111111044883728,0.7380951642990112,0.9372245073318481,0.9372685551643372,1.0,0.523809552192688,0.8089876174926758,0.30000001192092896,0.20000000298023224,0.20000000298023224,0.15000000596046448,0.15000000596046448,1.0,1.0,1.0,1.0
complex_qaware_v018_r2,closed_loop,complex,full,1,0.18,True,22.129402728,1785050558.1322696,2.3732236882589026,0.04007526807431975,0.07326262263700699,0.09893816744088912,-0.04513388526881368,2.612468750324625,0.11148602462732182,-0.22754497680906546,21.0,2.3556465480007778,0.018597753802710764,3.355640903891515,0.015886016179477713,4.355635196966619,0.013174271468048449,0.5623347759246826,0.1625516563653946,0.11255165934562683,0.8089876174926758,0.8089876174926758,0,ROW_FOLLOW,,1.0,111.0,120.0,-0.08003892004489899,-0.018861860036849976,0.0,0.2626538872718811,0.0,-0.30037760734558105,0.0,0.6111111044883728,0.7380951642990112,0.9372245073318481,0.9372685551643372,1.0,0.523809552192688,0.8089876174926758,0.30000001192092896,0.20000000298023224,0.20000000298023224,0.15000000596046448,0.15000000596046448,1.0,1.0,1.0,1.0
complex_qaware_v018_r2,closed_loop,complex,full,1,0.18,True,22.179534307,1785050558.1824012,2.3767252851349063,0.0402853257145388,0.07074228031945039,0.09550487762327656,-0.0460110707855841,2.6160020528058774,0.11174322799225662,-0.2258302877095001,21.0,2.3556465480007778,0.018597753802710764,3.355640903891515,0.015886016179477713,4.355635196966619,0.013174271468048449,0.5623347759246826,0.1625516563653946,0.11255165934562683,0.8089876174926758,0.8089876174926758,0,ROW_FOLLOW,,1.0,111.0,120.0,-0.08003892004489899,-0.018861860036849976,0.0,0.2626538872718811,0.0,-0.30037760734558105,0.0,0.6111111044883728,0.7380951642990112,0.9372245073318481,0.9372685551643372,1.0,0.523809552192688,0.8089876174926758,0.30000001192092896,0.20000000298023224,0.20000000298023224,0.15000000596046448,0.15000000596046448,1.0,1.0,1.0,1.0
complex_qaware_v018_r2,closed_loop,complex,full,1,0.18,True,22.229270677,1785050558.2321377,2.379471120528045,0.042453299726355885,0.06770445736798125,0.09584679106344605,-0.08588611575930756,2.6310785438377224,0.10818748129394613,-0.2221349628112737,19.0,2.368819514350202,0.020735268192593338,3.268807519037931,0.016326972096663336,4.23546072840196,0.01146619342505001,0.5596740245819092,0.16058100759983063,0.11058101058006287,0.78615403175354,0.78615403175354,0,ROW_FOLLOW,,1.0,121.0,128.0,-0.07752944529056549,-0.018519580364227295,0.0,0.26255136728286743,0.0,-0.299590528011322,0.0,0.5396825671195984,0.7380951642990112,0.9327900409698486,0.9338144659996033,1.0,0.523809552192688,0.78615403175354,0.30000001192092896,0.20000000298023224,0.20000000298023224,0.15000000596046448,0.15000000596046448,1.0,1.0,1.0,1.0
complex_qaware_v018_r2,closed_loop,complex,full,1,0.18,True,22.279338414,1785050558.2822053,2.384207254835843,0.042712182152856056,0.06305932792396662,0.0928156518491688,-0.07856046617398837,2.6358499004600304,0.10883728277906556,-0.2178029529104776,19.0,2.368819514350202,0.020735268192593338,3.268807519037931,0.016326972096663336,4.23546072840196,0.01146619342505001,0.5596740245819092,0.16058100759983063,0.11058101058006287,0.78615403175354,0.78615403175354,0,ROW_FOLLOW,,1.0,121.0,128.0,-0.07752944529056549,-0.018519580364227295,0.0,0.26255136728286743,0.0,-0.299590528011322,0.0,0.5396825671195984,0.7380951642990112,0.9327900409698486,0.9338144659996033,1.0,0.523809552192688,0.78615403175354,0.30000001192092896,0.20000000298023224,0.20000000298023224,0.15000000596046448,0.15000000596046448,1.0,1.0,1.0,1.0
complex_qaware_v018_r2,closed_loop,complex,full,1,0.18,True,22.329443177,1785050558.33231,2.3883569116365058,0.0428878764432236,0.05932433972883856,0.09263750308887372,-0.09772131753828274,2.6400376231237153,0.11096256528374748,-0.20326118243553917,20.0,2.3777962250182436,0.02295940158919825,3.387772021222542,0.01607405625203921,4.326298417905822,0.009156317967194393,0.5612083673477173,0.1642846018075943,0.11428460478782654,0.785843014717102,0.785843014717102,0,ROW_FOLLOW,,1.0,125.0,130.0,-0.07146429270505905,-0.018542125821113586,0.0,0.26233339309692383,0.0,-0.299417644739151,0.0,0.5317460298538208,0.7380951642990112,0.9353472590446472,0.9442043304443359,1.0,0.523809552192688,0.785843014717102,0.30000001192092896,0.20000000298023224,0.20000000298023224,0.15000000596046448,0.15000000596046448,1.0,1.0,1.0,1.0
complex_qaware_v018_r2,closed_loop,complex,full,1,0.18,True,22.379596964,1785050558.382464,2.392135023454059,0.0433799988789331,0.054504727579146796,0.09069420209457792,-0.07820350542945127,2.643913908676702,0.11151409027112545,-0.1995843491863527,20.0,2.3777962250182436,0.02295940158919825,3.387772021222542,0.01607405625203921,4.326298417905822,0.009156317967194393,0.5612083673477173,0.1642846018075943,0.11428460478782654,0.785843014717102,0.785843014717102,0,ROW_FOLLOW,,1.0,125.0,130.0,-0.07146429270505905,-0.018542125821113586,0.0,0.26233339309692383,0.0,-0.299417644739151,0.0,0.5317460298538208,0.7380951642990112,0.9353472590446472,0.9442043304443359,1.0,0.523809552192688,0.785843014717102,0.30000001192092896,0.20000000298023224,0.20000000298023224,0.15000000596046448,0.15000000596046448,1.0,1.0,1.0,1.0
complex_qaware_v018_r2,closed_loop,complex,full,1,0.18,True,22.429400472,1785050558.4322674,2.3959335852984784,0.04322837345198611,0.05149758697671827,0.08813733567263754,-0.0839989759452556,2.6478387232428062,0.11288068015353143,-0.1888409641731938,20.0,2.3855718677263464,0.024168315016792803,3.3955392448796125,0.016085031721459572,4.387935906097834,0.007114078278836998,0.5594089031219482,0.15055479109287262,0.10055479407310486,0.7844823598861694,0.7844823598861694,0,ROW_FOLLOW,,1.0,114.0,127.0,-0.06333482265472412,-0.01885358989238739,0.0,0.26213133335113525,0.0,-0.29983851313591003,0.0,0.5476190447807312,0.7119047045707703,0.9323482513427734,0.9423069953918457,1.0,0.4761904776096344,0.7844823598861694,0.30000001192092896,0.20000000298023224,0.20000000298023224,0.15000000596046448,0.15000000596046448,1.0,1.0,1.0,1.0
complex_qaware_v018_r2,closed_loop,complex,full,1,0.18,True,22.480000925,1785050558.482868,2.4008844090042114,0.043395983979640236,0.045065014164616266,0.09151386067493138,-0.10656767210717975,2.6528338340847397,0.11400183316857523,-0.18136661073956842,20.0,2.3855718677263464,0.024168315016792803,3.3955392448796125,0.016085031721459572,4.387935906097834,0.007114078278836998,0.5594089031219482,0.15055479109287262,0.10055479407310486,0.7844823598861694,0.7844823598861694,0,ROW_FOLLOW,,1.0,114.0,127.0,-0.06333482265472412,-0.01885358989238739,0.0,0.26213133335113525,0.0,-0.29983851313591003,0.0,0.5476190447807312,0.7119047045707703,0.9323482513427734,0.9423069953918457,1.0,0.4761904776096344,0.7844823598861694,0.30000001192092896,0.20000000298023224,0.20000000298023224,0.15000000596046448,0.15000000596046448,1.0,1.0,1.0,1.0
complex_qaware_v018_r2,closed_loop,complex,full,1,0.18,True,22.529370791,1785050558.5322378,2.4058436697782177,0.04350649043120145,0.04088332445781796,0.09132876676942461,-0.09753579804587116,2.657835146670389,0.06344976938427342,-0.17391294523924644,21.0,2.3922675266542766,0.02426628776244356,3.3972380643107836,0.016720909668406416,4.400755040668032,0.013550599987564062,0.5567834973335266,0.14761097729206085,0.09761098027229309,0.7745989561080933,0.6000000238418579,0,ROW_FOLLOW,,1.0,130.0,112.0,-0.05034024268388748,-0.01929524540901184,0.0,0.26085394620895386,0.0,-0.29944443702697754,0.0,0.5317460298538208,0.6857142448425293,0.9279724359512329,0.9489188194274902,1.0,0.4285714328289032,0.7745989561080933,0.30000001192092896,0.20000000298023224,0.20000000298023224,0.15000000596046448,0.15000000596046448,1.0,1.0,1.0,1.0
complex_qaware_v018_r2,closed_loop,complex,full,1,0.18,True,22.579671238,1785050558.5825381,2.405945416525315,0.04339798654212383,0.03582892629526711,0.0935352988491335,-0.09880377044068102,2.6580064478344854,0.06439199212098712,-0.165803607030239,21.0,2.3922675266542766,0.02426628776244356,3.3972380643107836,0.016720909668406416,4.400755040668032,0.013550599987564062,0.5567834973335266,0.14761097729206085,0.09761098027229309,0.7745989561080933,0.6000000238418579,0,ROW_FOLLOW,,1.0,130.0,112.0,-0.05034024268388748,-0.01929524540901184,0.0,0.26085394620895386,0.0,-0.29944443702697754,0.0,0.5317460298538208,0.6857142448425293,0.9279724359512329,0.9489188194274902,1.0,0.4285714328289032,0.7745989561080933,0.30000001192092896,0.20000000298023224,0.20000000298023224,0.15000000596046448,0.15000000596046448,1.0,1.0,1.0,1.0
complex_qaware_v018_r2,closed_loop,complex,full,1,0.18,True,22.629445145,1785050558.632312,2.4165829015088205,0.045830445731392576,0.030630908087404318,0.09756207994765387,-0.11297927711603398,2.6691181217348814,0.0658897828994052,-0.16662353883407965,20.0,2.4015102865765314,0.02437998235022568,3.401492643700358,0.019373981254324064,4.368142147774909,0.014543825771963134,0.5554262399673462,0.14773176610469818,0.09773176908493042,0.7937909364700317,0.6000000238418579,0,ROW_FOLLOW,,1.0,123.0,125.0,-0.03674174100160599,-0.021220743656158447,0.0,0.2587278485298157,0.0,-0.30116933584213257,0.0,0.60317462682724,0.6857142448425293,0.9257102012634277,0.9370245337486267,1.0,0.4285714328289032,0.7937909364700317,0.30000001192092896,0.20000000298023224,0.20000000298023224,0.15000000596046448,0.15000000596046448,1.0,1.0,1.0,1.0
complex_qaware_v018_r2,closed_loop,complex,full,1,0.18,True,22.679357391,1785050558.6822243,2.4212750583554232,0.045810013497192964,0.022763550549292254,0.09570279334053737,-0.14594766200905201,2.6738981467938805,0.06712725454384143,-0.15623061220330348,20.0,2.4015102865765314,0.02437998235022568,3.401492643700358,0.019373981254324064,4.368142147774909,0.014543825771963134,0.5554262399673462,0.14773176610469818,0.09773176908493042,0.7937909364700317,0.6000000238418579,0,ROW_FOLLOW,,1.0,123.0,125.0,-0.03674174100160599,-0.021220743656158447,0.0,0.2587278485298157,0.0,-0.30116933584213257,0.0,0.60317462682724,0.6857142448425293,0.9257102012634277,0.9370245337486267,1.0,0.4285714328289032,0.7937909364700317,0.30000001192092896,0.20000000298023224,0.20000000298023224,0.15000000596046448,0.15000000596046448,1.0,1.0,1.0,1.0
complex_qaware_v018_r2,closed_loop,complex,full,1,0.18,True,22.72947489,1785050558.7323418,2.422624805690865,0.04364355591857368,0.016081215752982384,0.09578090258012754,-0.16206686116503174,2.6822474657421576,0.07085493312458603,-0.13290220190631585,21.0,2.4112384008264196,0.023926869453672072,3.4112288961178456,0.020065680224681016,4.410939528987647,0.012963652717568365,0.5527892112731934,0.1488746553659439,0.09887465834617615,0.804578423500061,0.6000000238418579,0,ROW_FOLLOW,,1.0,126.0,113.0,-0.028159124776721,-0.02264253795146942,0.0,0.2574573755264282,0.0,-0.30274245142936707,0.0,0.6587302088737488,0.6595237255096436,0.9213154315948486,0.9386102557182312,1.0,0.380952388048172,0.804578423500061,0.30000001192092896,0.20000000298023224,0.20000000298023224,0.15000000596046448,0.15000000596046448,1.0,1.0,1.0,1.0
complex_qaware_v018_r2,closed_loop,complex,full,1,0.18,True,22.78146027,1785050558.7843273,2.428402391040158,0.04362728441177654,0.006989068537029741,0.09478720524826384,-0.1442682051834949,2.68807740407765,0.0723057986478429,-0.12088045668024375,20.0,2.4203883563527757,0.02261282793044954,3.420374753166057,0.018096903555508272,4.387028347202423,0.01376083076331796,0.5579965710639954,0.14914940297603607,0.09914940595626831,0.8019231557846069,0.6000000238418579,0,ROW_FOLLOW,,1.0,132.0,123.0,-0.014228539541363716,-0.023469015955924988,0.0,0.25688880681991577,0.0,-0.30382683873176575,0.0,0.6190476417541504,0.6857142448425293,0.9299942851066589,0.9537809491157532,1.0,0.4285714328289032,0.8019231557846069,0.30000001192092896,0.20000000298023224,0.20000000298023224,0.15000000596046448,0.15000000596046448,1.0,1.0,1.0,1.0
complex_qaware_v018_r2,closed_loop,complex,full,1,0.18,True,22.829522459,1785050558.8323894,2.4318149189721354,0.04352846679905693,0.0011946870677319592,0.09469726092617245,-0.13950259596716258,2.691539958747014,0.07243899142988901,-0.11778941903717095,20.0,2.4203883563527757,0.02261282793044954,3.420374753166057,0.018096903555508272,4.387028347202423,0.01376083076331796,0.5579965710639954,0.14914940297603607,0.09914940595626831,0.8019231557846069,0.6000000238418579,0,ROW_FOLLOW,,1.0,132.0,123.0,-0.014228539541363716,-0.023469015955924988,0.0,0.25688880681991577,0.0,-0.30382683873176575,0.0,0.6190476417541504,0.6857142448425293,0.9299942851066589,0.9537809491157532,1.0,0.4285714328289032,0.8019231557846069,0.30000001192092896,0.20000000298023224,0.20000000298023224,0.15000000596046448,0.15000000596046448,1.0,1.0,1.0,1.0
complex_qaware_v018_r2,closed_loop,complex,full,1,0.18,True,22.880630924,1785050558.883498,2.431778968767452,0.0433805803160372,-0.007851608576180617,0.08788158915305282,-0.152944158823952,2.691700911482571,0.07355818029152908,-0.10848521198967596,20.0,2.4203883563527757,0.02261282793044954,3.420374753166057,0.018096903555508272,4.387028347202423,0.01376083076331796,0.5579965710639954,0.14914940297603607,0.09914940595626831,0.8019231557846069,0.6000000238418579,0,ROW_FOLLOW,,1.0,132.0,123.0,-0.014228539541363716,-0.023469015955924988,0.0,0.25688880681991577,0.0,-0.30382683873176575,0.0,0.6190476417541504,0.6857142448425293,0.9299942851066589,0.9537809491157532,1.0,0.4285714328289032,0.8019231557846069,0.30000001192092896,0.20000000298023224,0.20000000298023224,0.15000000596046448,0.15000000596046448,1.0,1.0,1.0,1.0
complex_qaware_v018_r2,closed_loop,complex,full,1,0.18,True,22.929317159,1785050558.932184,2.440798378480828,0.03961936976544223,-0.013562715726410433,0.08886544621389823,-0.14275763296466132,2.701933090268629,0.13314496522839425,-0.08849614423542813,21.0,2.4269839693474213,0.021030223993304443,3.426957020856417,0.013820244039455453,4.426304908011105,0.007075363055296168,0.5583123564720154,0.1587509661912918,0.10875096917152405,0.8134410381317139,0.8134410381317139,0,ROW_FOLLOW,,1.0,121.0,134.0,-0.001143493689596653,-0.02361755073070526,0.0,0.2569374740123749,0.0,-0.3041725754737854,0.0,0.6269841194152832,0.7380951642990112,0.9305205345153809,0.9441511034965515,1.0,0.523809552192688,0.8134410381317139,0.30000001192092896,0.20000000298023224,0.20000000298023224,0.15000000596046448,0.15000000596046448,1.0,1.0,1.0,1.0
complex_qaware_v018_r2,closed_loop,complex,full,1,0.18,True,22.979493987,1785050558.9823608,2.4448426023300764,0.03946795926806582,-0.022554685820107334,0.08493452142889067,-0.1458858355474161,2.7060271182081643,0.1350880900743674,-0.07554197859560714,21.0,2.4269839693474213,0.021030223993304443,3.426957020856417,0.013820244039455453,4.426304908011105,0.007075363055296168,0.5583123564720154,0.1587509661912918,0.10875096917152405,0.8134410381317139,0.8134410381317139,0,ROW_FOLLOW,,1.0,121.0,134.0,-0.001143493689596653,-0.02361755073070526,0.0,0.2569374740123749,0.0,-0.3041725754737854,0.0,0.6269841194152832,0.7380951642990112,0.9305205345153809,0.9441511034965515,1.0,0.523809552192688,0.8134410381317139,0.30000001192092896,0.20000000298023224,0.20000000298023224,0.15000000596046448,0.15000000596046448,1.0,1.0,1.0,1.0
complex_qaware_v018_r2,closed_loop,complex,full,1,0.18,True,23.029372249,1785050559.0322392,2.4538346361999035,0.03992057973961027,-0.027810589418192144,0.0880274464726899,-0.12869344718314815,2.7150813473870246,0.13466018498979446,-0.0837962904875519,20.0,2.434827290311674,0.018654494006309166,3.434797454213123,0.010970098309645371,4.4014356665797,0.0035855345755248526,0.5567111968994141,0.16392673552036285,0.11392673850059509,0.8179423809051514,0.8179423809051514,0,ROW_FOLLOW,,1.0,121.0,127.0,0.015735838562250137,-0.023427888751029968,0.0,0.2571476697921753,0.0,-0.30400344729423523,0.0,0.6269841194152832,0.764285683631897,0.9278519749641418,0.9427971839904785,1.0,0.5714285969734192,0.8179423809051514,0.30000001192092896,0.20000000298023224,0.20000000298023224,0.15000000596046448,0.15000000596046448,1.0,1.0,1.0,1.0
complex_qaware_v018_r2,closed_loop,complex,full,1,0.18,True,23.079424275,1785050559.0822911,2.4581474001855446,0.03963494770525232,-0.036576608747493,0.08615618233629624,-0.14710930486490173,2.7194863612800813,0.1365971850753719,-0.07088295658370207,20.0,2.434827290311674,0.018654494006309166,3.434797454213123,0.010970098309645371,4.4014356665797,0.0035855345755248526,0.5567111968994141,0.16392673552036285,0.11392673850059509,0.8179423809051514,0.8179423809051514,0,ROW_FOLLOW,,1.0,121.0,127.0,0.015735838562250137,-0.023427888751029968,0.0,0.2571476697921753,0.0,-0.30400344729423523,0.0,0.6269841194152832,0.764285683631897,0.9278519749641418,0.9427971839904785,1.0,0.5714285969734192,0.8179423809051514,0.30000001192092896,0.20000000298023224,0.20000000298023224,0.15000000596046448,0.15000000596046448,1.0,1.0,1.0,1.0
complex_qaware_v018_r2,closed_loop,complex,full,1,0.18,True,23.129366091,1785050559.132233,2.459068944344709,0.04250497938924089,-0.04211591156262752,0.08855051833499328,-0.14530073045628566,2.7291019754859356,0.13485498122686068,-0.08125310392420015,21.0,2.4447179440573232,0.01762774616313302,3.4446775157308025,0.008766424556908434,4.444637272515701,-0.0013438562886477212,0.5580894947052002,0.16000185906887054,0.11000186204910278,0.8169052600860596,0.8169052600860596,0,ROW_FOLLOW,,1.0,116.0,123.0,0.025806216523051262,-0.022557616233825684,0.0,0.25792229175567627,0.0,-0.30303752422332764,0.0,0.6269841194152832,0.764285683631897,0.9301491975784302,0.9328198432922363,1.0,0.5714285969734192,0.8169052600860596,0.30000001192092896,0.20000000298023224,0.20000000298023224,0.15000000596046448,0.15000000596046448,1.0,1.0,1.0,1.0
complex_qaware_v018_r2,closed_loop,complex,full,1,0.18,True,23.179456198,1785050559.1823232,2.4641103650681666,0.04354416328181755,-0.049510769432533866,0.09104196234749118,-0.12036116121211943,2.7353342347004737,0.1353476425891856,-0.07796869484203404,21.0,2.4447179440573232,0.01762774616313302,3.4446775157308025,0.008766424556908434,4.444637272515701,-0.0013438562886477212,0.5580894947052002,0.16000185906887054,0.11000186204910278,0.8169052600860596,0.8169052600860596,0,ROW_FOLLOW,,1.0,116.0,123.0,0.025806216523051262,-0.022557616233825684,0.0,0.25792229175567627,0.0,-0.30303752422332764,0.0,0.6269841194152832,0.764285683631897,0.9301491975784302,0.9328198432922363,1.0,0.5714285969734192,0.8169052600860596,0.30000001192092896,0.20000000298023224,0.20000000298023224,0.15000000596046448,0.15000000596046448,1.0,1.0,1.0,1.0
complex_qaware_v018_r2,closed_loop,complex,full,1,0.18,True,23.229359197,1785050559.2322261,2.469302816126068,0.043219640750445355,-0.053629314211041536,0.09092725131051568,-0.11429712422652848,2.7405568404632326,0.13667769691045648,-0.06388416153221892,21.0,2.455491253108083,0.01846688957291095,3.4554458248439466,0.009093903831859198,4.460782241764846,-0.0016201322112829354,0.5614981651306152,0.1596202403306961,0.10962024331092834,0.8125573396682739,0.8125573396682739,0,ROW_FOLLOW,,1.0,135.0,121.0,0.03898060321807861,-0.021263927221298218,0.0,0.2595524489879608,0.0,-0.30208030343055725,0.0,0.6111111044883728,0.764285683631897,0.9358302354812622,0.9280052185058594,1.0,0.5714285969734192,0.8125573396682739,0.30000001192092896,0.20000000298023224,0.20000000298023224,0.15000000596046448,0.15000000596046448,1.0,1.0,1.0,1.0
complex_qaware_v018_r2,closed_loop,complex,full,1,0.18,True,23.279853761,1785050559.2827208,2.473704515094607,0.04287048763926142,-0.05806627863616011,0.09306269966478722,-0.09632057864671334,2.7450165092753234,0.13764401909485946,-0.057442013636199066,21.0,2.455491253108083,0.01846688957291095,3.4554458248439466,0.009093903831859198,4.460782241764846,-0.0016201322112829354,0.5614981651306152,0.1596202403306961,0.10962024331092834,0.8125573396682739,0.8125573396682739,0,ROW_FOLLOW,,1.0,135.0,121.0,0.03898060321807861,-0.021263927221298218,0.0,0.2595524489879608,0.0,-0.30208030343055725,0.0,0.6111111044883728,0.764285683631897,0.9358302354812622,0.9280052185058594,1.0,0.5714285969734192,0.8125573396682739,0.30000001192092896,0.20000000298023224,0.20000000298023224,0.15000000596046448,0.15000000596046448,1.0,1.0,1.0,1.0
complex_qaware_v018_r2,closed_loop,complex,full,1,0.18,True,23.329418513,1785050559.3322854,2.4820899097282365,0.03811153344045201,-0.06279537674136157,0.10006435288644397,-0.050891115226097225,2.7557454332307203,0.1434341379831325,-0.020268156243634927,21.0,2.4661003986812275,0.019610344704269523,3.4660445903673334,0.009035536894052601,4.4659887872087625,-0.0015392706414745101,0.5599209666252136,0.1638435274362564,0.11384353041648865,0.813746452331543,0.813746452331543,0,ROW_FOLLOW,,1.0,147.0,144.0,0.04940825328230858,-0.01901710033416748,0.0,0.26135528087615967,0.0,-0.29938948154449463,0.0,0.6190476417541504,0.764285683631897,0.9332014918327332,0.9235642552375793,1.0,0.5714285969734192,0.813746452331543,0.30000001192092896,0.20000000298023224,0.20000000298023224,0.15000000596046448,0.15000000596046448,1.0,1.0,1.0,1.0
complex_qaware_v018_r2,closed_loop,complex,full,1,0.18,True,23.37932628,1785050559.382193,2.4877862181403696,0.03765547205236569,-0.06648068956602285,0.10496505691695927,-0.07763449920131577,2.7615069161463928,0.14428846207763393,-0.014572662280292026,21.0,2.4661003986812275,0.019610344704269523,3.4660445903673334,0.009035536894052601,4.4659887872087625,-0.0015392706414745101,0.5599209666252136,0.1638435274362564,0.11384353041648865,0.813746452331543,0.813746452331543,0,ROW_FOLLOW,,1.0,147.0,144.0,0.04940825328230858,-0.01901710033416748,0.0,0.26135528087615967,0.0,-0.29938948154449463,0.0,0.6190476417541504,0.764285683631897,0.9332014918327332,0.9235642552375793,1.0,0.5714285969734192,0.813746452331543,0.30000001192092896,0.20000000298023224,0.20000000298023224,0.15000000596046448,0.15000000596046448,1.0,1.0,1.0,1.0
complex_qaware_v018_r2,closed_loop,complex,full,1,0.18,True,23.429505925,1785050559.432373,2.4870066763232153,0.035857635531417346,-0.06941163350654998,0.10651582414862694,-0.07633458803859312,2.773867998521831,0.14300314772591646,0.010139791934645299,21.0,2.4760025571796227,0.020913042944271983,3.475947641310628,0.01042308162631228,4.475892733919568,-6.687945673190578e-05,0.5601023435592651,0.1614021211862564,0.11140212416648865,0.8029117584228516,0.8029117584228516,0,ROW_FOLLOW,,1.0,125.0,119.0,0.05596484988927841,-0.016669660806655884,0.0,0.26371312141418457,0.0,-0.29705244302749634,0.0,0.579365074634552,0.764285683631897,0.9335039854049683,0.9302950501441956,1.0,0.5714285969734192,0.8029117584228516,0.30000001192092896,0.20000000298023224,0.20000000298023224,0.15000000596046448,0.15000000596046448,1.0,1.0,1.0,1.0
complex_qaware_v018_r2,closed_loop,complex,full,1,0.18,True,23.479336058,1785050559.4822032,2.49528864328446,0.034522153523797935,-0.07402267339408475,0.10889736232219861,-0.07197004342456567,2.7823669163178057,0.14132751814158578,0.021310655830183295,21.0,2.4760025571796227,0.020913042944271983,3.475947641310628,0.01042308162631228,4.475892733919568,-6.687945673190578e-05,0.5601023435592651,0.1614021211862564,0.11140212416648865,0.8029117584228516,0.8029117584228516,0,ROW_FOLLOW,,1.0,125.0,119.0,0.05596484988927841,-0.016669660806655884,0.0,0.26371312141418457,0.0,-0.29705244302749634,0.0,0.579365074634552,0.764285683631897,0.9335039854049683,0.9302950501441956,1.0,0.5714285969734192,0.8029117584228516,0.30000001192092896,0.20000000298023224,0.20000000298023224,0.15000000596046448,0.15000000596046448,1.0,1.0,1.0,1.0
complex_qaware_v018_r2,closed_loop,complex,full,1,0.18,True,23.529486039,1785050559.532353,2.5016682072641023,0.033929154798789406,-0.07764114680305627,0.10917710596787349,-0.08215365058139512,2.788816961919938,0.14106657960844768,0.0285886142762016,21.0,2.4864264795755027,0.020291175223773505,3.486375818198196,0.010229516320495883,4.486325153781064,0.0001678588045881807,0.5601170659065247,0.15490837395191193,0.10490837693214417,0.8075270652770996,0.8075270652770996,0,ROW_FOLLOW,,1.0,135.0,135.0,0.06477747857570648,-0.01410694420337677,0.0,0.2663205862045288,0.0,-0.29453447461128235,0.0,0.6111111640930176,0.7380951642990112,0.9335284233093262,0.9324598908424377,1.0,0.523809552192688,0.8075270652770996,0.30000001192092896,0.20000000298023224,0.20000000298023224,0.15000000596046448,0.15000000596046448,1.0,1.0,1.0,1.0
complex_qaware_v018_r2,closed_loop,complex,full,1,0.18,True,23.580276833,1785050559.5831437,2.5013011896569948,0.03449041852644682,-0.08026895526417113,0.11409982434698644,-0.05665018188111606,2.7895747780692366,0.1408983868908072,0.029709899060471664,21.0,2.4864264795755027,0.020291175223773505,3.486375818198196,0.010229516320495883,4.486325153781064,0.0001678588045881807,0.5601170659065247,0.15490837395191193,0.10490837693214417,0.8075270652770996,0.8075270652770996,0,ROW_FOLLOW,,1.0,135.0,135.0,0.06477747857570648,-0.01410694420337677,0.0,0.2663205862045288,0.0,-0.29453447461128235,0.0,0.6111111640930176,0.7380951642990112,0.9335284233093262,0.9324598908424377,1.0,0.523809552192688,0.8075270652770996,0.30000001192092896,0.20000000298023224,0.20000000298023224,0.15000000596046448,0.15000000596046448,1.0,1.0,1.0,1.0
complex_qaware_v018_r2,closed_loop,complex,full,1,0.18,True,23.629406375,1785050559.6322734,2.507301152638013,0.034670730829589956,-0.08389339805269284,0.11113480866586233,-0.06438728211289325,2.8009449659413073,0.08312941012924188,0.040234652438678166,21.0,2.494915578491439,0.02131359191287831,3.494863980758117,0.011162369909394171,4.494812371308893,0.0010111479264102278,0.5559127330780029,0.1433907300233841,0.09339073300361633,0.8152755498886108,0.6000000238418579,0,ROW_FOLLOW,,1.0,137.0,132.0,0.07083502411842346,-0.011865511536598206,0.0,0.2685610353946686,0.0,-0.292292058467865,0.0,0.6507936716079712,0.7380951642990112,0.9265211820602417,0.9140940308570862,1.0,0.523809552192688,0.8152755498886108,0.30000001192092896,0.20000000298023224,0.20000000298023224,0.15000000596046448,0.15000000596046448,1.0,1.0,1.0,1.0
complex_qaware_v018_r2,closed_loop,complex,full,1,0.18,True,23.679545187,1785050559.6824121,2.5138234522826717,0.034075328709677326,-0.08681200252194589,0.12052731107472267,-0.06431064381950734,2.80751589812625,0.08247311121792544,0.045601336225577764,21.0,2.494915578491439,0.02131359191287831,3.494863980758117,0.011162369909394171,4.494812371308893,0.0010111479264102278,0.5559127330780029,0.1433907300233841,0.09339073300361633,0.8152755498886108,0.6000000238418579,0,ROW_FOLLOW,,1.0,137.0,132.0,0.07083502411842346,-0.011865511536598206,0.0,0.2685610353946686,0.0,-0.292292058467865,0.0,0.6507936716079712,0.7380951642990112,0.9265211820602417,0.9140940308570862,1.0,0.523809552192688,0.8152755498886108,0.30000001192092896,0.20000000298023224,0.20000000298023224,0.15000000596046448,0.15000000596046448,1.0,1.0,1.0,1.0
complex_qaware_v018_r2,closed_loop,complex,full,1,0.18,True,23.729399897,1785050559.7322667,2.519297994797846,0.03353037375047471,-0.08941947433597086,0.12105055405301778,-0.06814728515363834,2.8130471538399826,0.07869511830025734,0.05979752167035857,21.0,2.503619591855433,0.022541312179869957,3.503567401877358,0.012334227020183943,4.503515207715755,0.002127138042941068,0.554945707321167,0.14379628002643585,0.09379628300666809,0.7946563959121704,0.6000000238418579,0,ROW_FOLLOW,,1.0,133.0,127.0,0.07612856477499008,-0.009405970573425293,0.0,0.2702587842941284,0.0,-0.289070725440979,0.0,0.6111111640930176,0.6857142448425293,0.9249094724655151,0.9279883503913879,1.0,0.4285714328289032,0.7946563959121704,0.30000001192092896,0.20000000298023224,0.20000000298023224,0.15000000596046448,0.15000000596046448,1.0,1.0,1.0,1.0
complex_qaware_v018_r2,closed_loop,complex,full,1,0.18,True,23.779368434,1785050559.7822354,2.519721542715061,0.03339903456663315,-0.09332086459647823,0.12367183336147766,-0.046109750608666046,2.81353431661793,0.07793088769972849,0.06620893507670778,21.0,2.503619591855433,0.022541312179869957,3.503567401877358,0.012334227020183943,4.503515207715755,0.002127138042941068,0.554945707321167,0.14379628002643585,0.09379628300666809,0.7946563959121704,0.6000000238418579,0,ROW_FOLLOW,,1.0,133.0,127.0,0.07612856477499008,-0.009405970573425293,0.0,0.2702587842941284,0.0,-0.289070725440979,0.0,0.6111111640930176,0.6857142448425293,0.9249094724655151,0.9279883503913879,1.0,0.4285714328289032,0.7946563959121704,0.30000001192092896,0.20000000298023224,0.20000000298023224,0.15000000596046448,0.15000000596046448,1.0,1.0,1.0,1.0
complex_qaware_v018_r2,closed_loop,complex,full,1,0.18,True,23.829486221,1785050559.8323534,2.5367782215208803,0.029662801013383037,-0.09468573000744132,0.11903180258913162,-0.018498924852046475,2.831066406369632,0.07460908440365716,0.09553300578614009,19.0,2.511782365230159,0.024499984955333603,3.411731477460864,0.014921548519413125,4.378343650279461,0.004639647337036851,0.5528134703636169,0.14845411479473114,0.09845411777496338,0.7965095043182373,0.6000000238418579,0,ROW_FOLLOW,,1.0,131.0,142.0,0.08276873826980591,-0.007107600569725037,0.0,0.27186405658721924,0.0,-0.2860792577266693,0.0,0.634920597076416,0.6595237255096436,0.9213558435440063,0.9323824644088745,1.0,0.380952388048172,0.7965095043182373,0.30000001192092896,0.20000000298023224,0.20000000298023224,0.15000000596046448,0.15000000596046448,1.0,1.0,1.0,1.0
complex_qaware_v018_r2,closed_loop,complex,full,1,0.18,True,23.88110049,1785050559.8839674,2.540330327738664,0.03042263114649469,-0.09713724132858913,0.12197562516783786,-0.03803019347681415,2.839854800441295,0.0749260394437479,0.09288013901035233,19.0,2.511782365230159,0.024499984955333603,3.411731477460864,0.014921548519413125,4.378343650279461,0.004639647337036851,0.5528134703636169,0.14845411479473114,0.09845411777496338,0.7965095043182373,0.6000000238418579,0,ROW_FOLLOW,,1.0,131.0,142.0,0.08276873826980591,-0.007107600569725037,0.0,0.27186405658721924,0.0,-0.2860792577266693,0.0,0.634920597076416,0.6595237255096436,0.9213558435440063,0.9323824644088745,1.0,0.380952388048172,0.7965095043182373,0.30000001192092896,0.20000000298023224,0.20000000298023224,0.15000000596046448,0.15000000596046448,1.0,1.0,1.0,1.0
complex_qaware_v018_r2,closed_loop,complex,full,1,0.18,True,23.929471135,1785050559.9323382,2.5461055814906146,0.029832436994053167,-0.09846607312886761,0.12247269866307839,-0.020078080002169655,2.845668082422096,0.1301333952064233,0.10641978574135755,20.0,2.524549244001358,0.025494179360057722,3.5244929577929596,0.014872701835894285,4.476890184071042,0.004317013806794671,0.5559258460998535,0.16059540212154388,0.11059540510177612,0.8116464614868164,0.8116464614868164,0,ROW_FOLLOW,,1.0,120.0,126.0,0.08650778234004974,-0.004902094602584839,0.0,0.2741290330886841,0.0,-0.28393322229385376,0.0,0.634920597076416,0.7380951642990112,0.926543116569519,0.9216172099113464,1.0,0.523809552192688,0.8116464614868164,0.30000001192092896,0.20000000298023224,0.20000000298023224,0.15000000596046448,0.15000000596046448,1.0,1.0,1.0,1.0
complex_qaware_v018_r2,closed_loop,complex,full,1,0.18,True,23.979287668,1785050559.9821546,2.5494927339732754,0.029458620936759647,-0.10003369120908534,0.11867469343827788,-0.01577866088580318,2.8490953388213223,0.12959191670865208,0.11002964239316579,20.0,2.524549244001358,0.025494179360057722,3.5244929577929596,0.014872701835894285,4.476890184071042,0.004317013806794671,0.5559258460998535,0.16059540212154388,0.11059540510177612,0.8116464614868164,0.8116464614868164,0,ROW_FOLLOW,,1.0,120.0,126.0,0.08650778234004974,-0.004902094602584839,0.0,0.2741290330886841,0.0,-0.28393322229385376,0.0,0.634920597076416,0.7380951642990112,0.926543116569519,0.9216172099113464,1.0,0.523809552192688,0.8116464614868164,0.30000001192092896,0.20000000298023224,0.20000000298023224,0.15000000596046448,0.15000000596046448,1.0,1.0,1.0,1.0
complex_qaware_v018_r2,closed_loop,complex,full,1,0.18,True,24.029332175,1785050560.0321991,2.5621659141258624,0.027944912837198785,-0.10028073995718857,0.11721269366639121,-0.008403768913966004,2.861862849389896,0.12909467331329538,0.12445294911599453,19.0,2.5364714282986975,0.02701811901369303,3.4364049172825624,0.016217632634435472,4.5029922137930205,0.003371344363686748,0.5576454997062683,0.16063521802425385,0.11063522100448608,0.8209034204483032,0.8209034204483032,0,ROW_FOLLOW,,1.0,140.0,124.0,0.08521271497011185,-0.00021693110466003418,0.0,0.27915018796920776,0.0,-0.27958405017852783,0.0,0.6746031641960144,0.7380951642990112,0.9294093251228333,0.9001437425613403,1.0,0.523809552192688,0.8209034204483032,0.30000001192092896,0.20000000298023224,0.20000000298023224,0.15000000596046448,0.15000000596046448,1.0,1.0,1.0,1.0
complex_qaware_v018_r2,closed_loop,complex,full,1,0.18,True,24.079395883,1785050560.0822628,2.56773520512024,0.02735794219681403,-0.10141877734408981,0.11596484605118657,-0.007131806841283776,2.8674777832329785,0.12850521426311032,0.12838267611722845,19.0,2.5364714282986975,0.02701811901369303,3.4364049172825624,0.016217632634435472,4.5029922137930205,0.003371344363686748,0.5576454997062683,0.16063521802425385,0.11063522100448608,0.8209034204483032,0.8209034204483032,0,ROW_FOLLOW,,1.0,140.0,124.0,0.08521271497011185,-0.00021693110466003418,0.0,0.27915018796920776,0.0,-0.27958405017852783,0.0,0.6746031641960144,0.7380951642990112,0.9294093251228333,0.9001437425613403,1.0,0.523809552192688,0.8209034204483032,0.30000001192092896,0.20000000298023224,0.20000000298023224,0.15000000596046448,0.15000000596046448,1.0,1.0,1.0,1.0
complex_qaware_v018_r2,closed_loop,complex,full,1,0.18,True,24.129382789,1785050560.1322498,2.5654557229555985,0.02596162628796436,-0.10168240443566616,0.10517640360597623,-0.010735020009437645,2.881119108221205,0.12070463465174641,0.14564127613964303,21.0,2.552517230000611,0.028566733732398805,3.552431017014818,0.015545053402603648,4.567598899656858,0.003706965587197377,0.5572929382324219,0.15735433995723724,0.10735434293746948,0.7919490337371826,0.7919490337371826,0,ROW_FOLLOW,,1.0,120.0,117.0,0.08780301362276077,0.003580063581466675,0.0,0.28315651416778564,0.0,-0.2759963870048523,0.0,0.6111111044883728,0.6857142448425293,0.9288215637207031,0.9047232866287231,1.0,0.4285714328289032,0.7919490337371826,0.30000001192092896,0.20000000298023224,0.20000000298023224,0.15000000596046448,0.15000000596046448,1.0,1.0,1.0,1.0
complex_qaware_v018_r2,closed_loop,complex,full,1,0.18,True,24.179376159,1785050560.182243,2.5712795232672647,0.025350566137109915,-0.10310913747600335,0.10893360641893429,-0.03547849269536586,2.8869876033910953,0.12000697365274866,0.15029234946629472,21.0,2.552517230000611,0.028566733732398805,3.552431017014818,0.015545053402603648,4.567598899656858,0.003706965587197377,0.5572929382324219,0.15735433995723724,0.10735434293746948,0.7919490337371826,0.7919490337371826,0,ROW_FOLLOW,,1.0,120.0,117.0,0.08780301362276077,0.003580063581466675,0.0,0.28315651416778564,0.0,-0.2759963870048523,0.0,0.6111111044883728,0.6857142448425293,0.9288215637207031,0.9047232866287231,1.0,0.4285714328289032,0.7919490337371826,0.30000001192092896,0.20000000298023224,0.20000000298023224,0.15000000596046448,0.15000000596046448,1.0,1.0,1.0,1.0
complex_qaware_v018_r2,closed_loop,complex,full,1,0.18,True,24.229486395,1785050560.2323532,2.5746545948631328,0.0241168810367609,-0.10366316725191241,0.102586676936863,0.0035192972003134267,2.895291289633113,0.11778584198276687,0.16700247419407047,21.0,2.5628779984344585,0.030509309663383378,3.562780216640532,0.01652937526012967,4.569388644673687,0.004023727853298069,0.5554367303848267,0.15418584644794464,0.10418584942817688,0.793534517288208,0.793534517288208,0,ROW_FOLLOW,,1.0,121.0,121.0,0.0896047055721283,0.005998522043228149,0.0,0.28528380393981934,0.0,-0.27328675985336304,0.0,0.6111111044883728,0.6857142448425293,0.9257278442382812,0.9194181561470032,1.0,0.4285714328289032,0.793534517288208,0.30000001192092896,0.20000000298023224,0.20000000298023224,0.15000000596046448,0.15000000596046448,1.0,1.0,1.0,1.0
complex_qaware_v018_r2,closed_loop,complex,full,1,0.18,True,24.27926648,1785050560.2821336,2.580360072558289,0.023513703276060668,-0.10431700976744465,0.10779386621674447,-0.012649063024246156,2.901033272121875,0.11722441280361047,0.17074533538844644,21.0,2.5628779984344585,0.030509309663383378,3.562780216640532,0.01652937526012967,4.569388644673687,0.004023727853298069,0.5554367303848267,0.15418584644794464,0.10418584942817688,0.793534517288208,0.793534517288208,0,ROW_FOLLOW,,1.0,121.0,121.0,0.0896047055721283,0.005998522043228149,0.0,0.28528380393981934,0.0,-0.27328675985336304,0.0,0.6111111044883728,0.6857142448425293,0.9257278442382812,0.9194181561470032,1.0,0.4285714328289032,0.793534517288208,0.30000001192092896,0.20000000298023224,0.20000000298023224,0.15000000596046448,0.15000000596046448,1.0,1.0,1.0,1.0
complex_qaware_v018_r2,closed_loop,complex,full,1,0.18,True,24.329429198,1785050560.3322961,2.5859283633502836,0.02306464696796847,-0.105050448451582,0.10619444027560583,-0.006205206684929361,2.9071278429896057,0.11581114744691567,0.17859125299264866,20.0,2.5731977669554063,0.031026158532348542,3.5731118214130384,0.017922128237524853,4.50636541415385,0.005722075219194565,0.5583432912826538,0.15635915100574493,0.10635915398597717,0.7922213077545166,0.7922213077545166,0,ROW_FOLLOW,,1.0,123.0,95.0,0.09212399274110794,0.007279098033905029,0.0,0.2864683270454407,0.0,-0.2719101309776306,0.0,0.60317462682724,0.6857142448425293,0.9305722117424011,0.9200770258903503,1.0,0.4285714328289032,0.7922213077545166,0.30000001192092896,0.20000000298023224,0.20000000298023224,0.15000000596046448,0.15000000596046448,1.0,1.0,1.0,1.0
complex_qaware_v018_r2,closed_loop,complex,full,1,0.18,True,24.37966747,1785050560.3825345,2.591681237444987,0.022447536342992867,-0.10572893117926707,0.10998418872755795,-0.015443326152686038,2.9129203037625406,0.11521001232711156,0.18259882045800946,20.0,2.5731977669554063,0.031026158532348542,3.5731118214130384,0.017922128237524853,4.50636541415385,0.005722075219194565,0.5583432912826538,0.15635915100574493,0.10635915398597717,0.7922213077545166,0.7922213077545166,0,ROW_FOLLOW,,1.0,123.0,95.0,0.09212399274110794,0.007279098033905029,0.0,0.2864683270454407,0.0,-0.2719101309776306,0.0,0.60317462682724,0.6857142448425293,0.9305722117424011,0.9200770258903503,1.0,0.4285714328289032,0.7922213077545166,0.30000001192092896,0.20000000298023224,0.20000000298023224,0.15000000596046448,0.15000000596046448,1.0,1.0,1.0,1.0
complex_qaware_v018_r2,closed_loop,complex,full,1,0.18,True,24.429449635,1785050560.4323168,2.5993241297821825,0.023243826974382587,-0.10635389481094258,0.11143462445351689,-0.01009357846671528,2.921091750725538,0.06405320114773316,0.18358031502243655,21.0,2.581205081368972,0.03166377610946666,3.581126100153695,0.01910428454660357,4.58142046216281,0.006613774572738989,0.5577549934387207,0.14865748584270477,0.09865748882293701,0.7960582971572876,0.6000000238418579,0,ROW_FOLLOW,,1.0,132.0,85.0,0.09374691545963287,0.010403737425804138,0.0,0.2903924584388733,0.0,-0.269584983587265,0.0,0.634920597076416,0.6595237255096436,0.9295915961265564,0.9183930158615112,1.0,0.380952388048172,0.7960582971572876,0.30000001192092896,0.20000000298023224,0.20000000298023224,0.15000000596046448,0.15000000596046448,1.0,1.0,1.0,1.0
complex_qaware_v018_r2,closed_loop,complex,full,1,0.18,True,24.479838534,1785050560.4827054,2.6048979492981355,0.02263868396769853,-0.10703308318986245,0.11278496938568648,-0.007700885503242735,2.926703513553903,0.06356872703366291,0.18763759002185393,21.0,2.581205081368972,0.03166377610946666,3.581126100153695,0.01910428454660357,4.58142046216281,0.006613774572738989,0.5577549934387207,0.14865748584270477,0.09865748882293701,0.7960582971572876,0.6000000238418579,0,ROW_FOLLOW,,1.0,132.0,85.0,0.09374691545963287,0.010403737425804138,0.0,0.2903924584388733,0.0,-0.269584983587265,0.0,0.634920597076416,0.6595237255096436,0.9295915961265564,0.9183930158615112,1.0,0.380952388048172,0.7960582971572876,0.30000001192092896,0.20000000298023224,0.20000000298023224,0.15000000596046448,0.15000000596046448,1.0,1.0,1.0,1.0
complex_qaware_v018_r2,closed_loop,complex,full,1,0.18,True,24.529299732,1785050560.5321667,2.613585800402507,0.021626176479213634,-0.1070569897378748,0.11212018866909339,-0.0077600988525809034,2.9400442382294214,0.06285707506229687,0.1995098406155302,21.0,2.5924268153243903,0.03260653737546319,3.5923577998930614,0.020857088265869305,4.598282944545539,0.010458050600486447,0.5560227632522583,0.1434464007616043,0.09344640374183655,0.8051010370254517,0.6000000238418579,0,ROW_FOLLOW,,1.0,126.0,84.0,0.09595896303653717,0.011538848280906677,0.0,0.2926032245159149,0.0,-0.26952552795410156,0.0,0.6666666865348816,0.6595237255096436,0.9267044067382812,0.9190358519554138,1.0,0.380952388048172,0.8051010370254517,0.30000001192092896,0.20000000298023224,0.20000000298023224,0.15000000596046448,0.15000000596046448,1.0,1.0,1.0,1.0
complex_qaware_v018_r2,closed_loop,complex,full,1,0.18,True,24.579226061,1785050560.582093,2.6188202139335783,0.02106652819776431,-0.10700934823638518,0.11161007343358924,-0.0040803895131228405,2.9453128467848213,0.062494492586267755,0.20251221720641316,21.0,2.5924268153243903,0.03260653737546319,3.5923577998930614,0.020857088265869305,4.598282944545539,0.010458050600486447,0.5560227632522583,0.1434464007616043,0.09344640374183655,0.8051010370254517,0.6000000238418579,0,ROW_FOLLOW,,1.0,126.0,84.0,0.09595896303653717,0.011538848280906677,0.0,0.2926032245159149,0.0,-0.26952552795410156,0.0,0.6666666865348816,0.6595237255096436,0.9267044067382812,0.9190358519554138,1.0,0.380952388048172,0.8051010370254517,0.30000001192092896,0.20000000298023224,0.20000000298023224,0.15000000596046448,0.15000000596046448,1.0,1.0,1.0,1.0
complex_qaware_v018_r2,closed_loop,complex,full,1,0.18,True,24.629611119,1785050560.632478,2.6234425812456403,0.020581208593977468,-0.10672499866991056,0.11177388694297201,0.004530401311251526,2.949963644468208,0.05713698688578463,0.20731605633023695,21.0,2.6052572757504975,0.03300502396789198,3.6051929123473205,0.021657682029360126,4.6051285283940935,0.010310344898867016,0.5577487349510193,0.1469990760087967,0.09699907898902893,0.7429786920547485,0.6000000238418579,0,ROW_FOLLOW,,1.0,119.0,70.0,0.09602272510528564,0.010921850800514221,0.0,0.2936716079711914,0.0,-0.27182790637016296,0.0,0.4682539999485016,0.6333332657814026,0.929581344127655,0.932797372341156,1.0,0.3333333432674408,0.7429786920547485,0.30000001192092896,0.20000000298023224,0.20000000298023224,0.15000000596046448,0.15000000596046448,1.0,1.0,1.0,1.0
complex_qaware_v018_r2,closed_loop,complex,full,1,0.18,True,24.681388369,1785050560.6842551,2.623177099162999,0.020610384828422864,-0.10694927429125928,0.10727272210155803,0.00021219488308268678,2.950234613095185,0.05711642674707535,0.20750054020960124,21.0,2.6157545699728044,0.03271383060470491,3.6156953595548997,0.02182168843703657,4.615636121517893,0.010929557290230688,0.5577487349510193,0.1469990760087967,0.09699907898902893,0.7429786920547485,0.6000000238418579,0,ROW_FOLLOW,,1.0,119.0,70.0,0.09602272510528564,0.010921850800514221,0.0,0.2936716079711914,0.0,-0.27182790637016296,0.0,0.4682539999485016,0.6333332657814026,0.929581344127655,0.932797372341156,1.0,0.3333333432674408,0.7429786920547485,0.30000001192092896,0.20000000298023224,0.20000000298023224,0.15000000596046448,0.15000000596046448,1.0,1.0,1.0,1.0
complex_qaware_v018_r2,closed_loop,complex,full,1,0.18,True,24.729417503,1785050560.7322843,2.632340465085109,0.020325261593912913,-0.10689592143427973,0.10604091307888576,0.0025874641265113277,2.9594269135073907,0.1054683499808984,0.20808786996478712,21.0,2.6157545699728044,0.03271383060470491,3.6156953595548997,0.02182168843703657,4.615636121517893,0.010929557290230688,0.5581995844841003,0.1527552455663681,0.10275524854660034,0.759341835975647,0.759341835975647,0,ROW_FOLLOW,,1.0,123.0,70.0,0.09633295238018036,0.011367201805114746,0.0,0.2945316433906555,0.0,-0.271797239780426,0.0,0.5238094925880432,0.6333332657814026,0.9303326606750488,0.9297720789909363,1.0,0.3333333432674408,0.759341835975647,0.30000001192092896,0.20000000298023224,0.20000000298023224,0.15000000596046448,0.15000000596046448,1.0,1.0,1.0,1.0
complex_qaware_v018_r2,closed_loop,complex,full,1,0.18,True,24.77941753,1785050560.7822845,2.636641560197986,0.01986723703736512,-0.10649229290694606,0.097893909520463,0.0037057599535309984,2.963754341945895,0.10517328649444418,0.21005495987448186,21.0,2.6157545699728044,0.03271383060470491,3.6156953595548997,0.02182168843703657,4.615636121517893,0.010929557290230688,0.5581995844841003,0.1527552455663681,0.10275524854660034,0.759341835975647,0.759341835975647,0,ROW_FOLLOW,,1.0,123.0,70.0,0.09633295238018036,0.011367201805114746,0.0,0.2945316433906555,0.0,-0.271797239780426,0.0,0.5238094925880432,0.6333332657814026,0.9303326606750488,0.9297720789909363,1.0,0.3333333432674408,0.759341835975647,0.30000001192092896,0.20000000298023224,0.20000000298023224,0.15000000596046448,0.15000000596046448,1.0,1.0,1.0,1.0
complex_qaware_v018_r2,closed_loop,complex,full,1,0.18,True,24.829506454,1785050560.8323736,2.6446025360512073,0.018782787214294862,-0.10626427842468626,0.09457051236240288,0.0025455583245839386,2.9717941311272913,0.057588399627001706,0.21406723614412598,21.0,2.6263399679708885,0.03240710727738639,3.6262828864514227,0.02171207475654746,4.626225765585382,0.011017055569812704,0.558426558971405,0.14646495878696442,0.09646496176719666,0.7588412761688232,0.6000000238418579,0,ROW_FOLLOW,,1.0,118.0,75.0,0.09600953757762909,0.013390153646469116,0.0,0.29713937640190125,0.0,-0.270359069108963,0.0,0.5079364776611328,0.6595237255096436,0.930711030960083,0.922756016254425,1.0,0.380952388048172,0.7588412761688232,0.30000001192092896,0.20000000298023224,0.20000000298023224,0.15000000596046448,0.15000000596046448,1.0,1.0,1.0,1.0
complex_qaware_v018_r2,closed_loop,complex,full,1,0.18,True,24.879386509,1785050560.8822536,2.6487857876366863,0.0183406142138952,-0.10601312859348067,0.09026411150813182,0.011209886044731873,2.9760030765036865,0.057336894993801214,0.21627678589758045,21.0,2.6263399679708885,0.03240710727738639,3.6262828864514227,0.02171207475654746,4.626225765585382,0.011017055569812704,0.558426558971405,0.14646495878696442,0.09646496176719666,0.7588412761688232,0.6000000238418579,0,ROW_FOLLOW,,1.0,118.0,75.0,0.09600953757762909,0.013390153646469116,0.0,0.29713937640190125,0.0,-0.270359069108963,0.0,0.5079364776611328,0.6595237255096436,0.930711030960083,0.922756016254425,1.0,0.380952388048172,0.7588412761688232,0.30000001192092896,0.20000000298023224,0.20000000298023224,0.15000000596046448,0.15000000596046448,1.0,1.0,1.0,1.0
complex_qaware_v018_r2,closed_loop,complex,full,1,0.18,True,24.929545355,1785050560.9324124,2.647832819758798,0.01648273976760706,-0.10584457549287189,0.08549881927084621,-0.0032614727050944386,2.9851706737348933,0.10363183739517715,0.22809181195268463,21.0,2.636340903695974,0.03291559740256032,3.636286039921723,0.022428729717399537,4.636231165800841,0.011941865911457373,0.5598985552787781,0.1518799215555191,0.10187992453575134,0.7658089399337769,0.7658089399337769,0,ROW_FOLLOW,,1.0,112.0,74.0,0.09565103054046631,0.015173390507698059,0.0,0.29890748858451843,0.0,-0.2685607075691223,0.0,0.5317460298538208,0.6595237255096436,0.933164119720459,0.9183169007301331,1.0,0.380952388048172,0.7658089399337769,0.30000001192092896,0.20000000298023224,0.20000000298023224,0.15000000596046448,0.15000000596046448,1.0,1.0,1.0,1.0
complex_qaware_v018_r2,closed_loop,complex,full,1,0.18,True,24.982054077,1785050560.984921,2.6518689892378977,0.016062938203005306,-0.10510992132239633,0.08331776975621376,0.017123724037942278,2.989232887304601,0.10341386576703591,0.2295449561402928,21.0,2.645886649399206,0.032061244533828435,3.645846487104991,0.023464717624673087,4.645806361658967,0.014868189257432352,0.5622354745864868,0.15546421706676483,0.10546422004699707,0.7723439931869507,0.7658089399337769,0,ROW_FOLLOW,,1.0,119.0,65.0,0.10016479343175888,0.013351112604141235,0.0,0.2978070378303528,0.0,-0.2711048126220703,0.0,0.5317460298538208,0.6857142448425293,0.937059223651886,0.921769917011261,1.0,0.4285714328289032,0.7723439931869507,0.30000001192092896,0.20000000298023224,0.20000000298023224,0.15000000596046448,0.15000000596046448,1.0,1.0,1.0,1.0
complex_qaware_v018_r2,closed_loop,complex,full,1,0.18,True,25.029460894,1785050561.032328,2.6547073122286897,0.015776671311678696,-0.1043684546095602,0.08282595893624647,0.015542844207242066,2.992091579923651,0.1048451064916848,0.22784541521310875,21.0,2.645886649399206,0.032061244533828435,3.645846487104991,0.023464717624673087,4.645806361658967,0.014868189257432352,0.5622354745864868,0.15546421706676483,0.10546422004699707,0.7723439931869507,0.7723439931869507,0,ROW_FOLLOW,,1.0,119.0,65.0,0.10016479343175888,0.013351112604141235,0.0,0.2978070378303528,0.0,-0.2711048126220703,0.0,0.5317460298538208,0.6857142448425293,0.937059223651886,0.921769917011261,1.0,0.4285714328289032,0.7723439931869507,0.30000001192092896,0.20000000298023224,0.20000000298023224,0.15000000596046448,0.15000000596046448,1.0,1.0,1.0,1.0
complex_qaware_v018_r2,closed_loop,complex,full,1,0.18,True,25.081381508,1785050561.0842485,2.6550595490591946,0.015751452310254484,-0.10368382309953092,0.08190361560022981,0.0069943874882148985,2.9924497590608845,0.10497364001825575,0.226988525035969,20.0,2.651967713728775,0.029280376835282198,3.6519434905885286,0.02543068810179827,4.585254923433268,0.022091216432851103,0.55931556224823,0.15679551661014557,0.10679551959037781,0.7665249109268188,0.7723439931869507,0,ROW_FOLLOW,,1.0,125.0,90.0,0.10744177550077438,0.009162664413452148,0.0,0.29288429021835327,0.0,-0.274558961391449,0.0,0.523809552192688,0.6595237255096436,0.9321925640106201,0.9402583241462708,1.0,0.380952388048172,0.7665249109268188,0.30000001192092896,0.20000000298023224,0.20000000298023224,0.15000000596046448,0.15000000596046448,1.0,1.0,1.0,1.0
complex_qaware_v018_r2,closed_loop,complex,full,1,0.18,True,25.129645625,1785050561.1325126,2.660100293568633,0.015849050606173747,-0.10325550861108866,0.07240315718193967,0.015631276593954982,2.997678183260527,0.10515770652419003,0.218778516284249,20.0,2.651967713728775,0.029280376835282198,3.6519434905885286,0.02543068810179827,4.585254923433268,0.022091216432851103,0.55931556224823,0.15679551661014557,0.10679551959037781,0.7665249109268188,0.7665249109268188,0,ROW_FOLLOW,,1.0,125.0,90.0,0.10744177550077438,0.009162664413452148,0.0,0.29288429021835327,0.0,-0.274558961391449,0.0,0.523809552192688,0.6595237255096436,0.9321925640106201,0.9402583241462708,1.0,0.380952388048172,0.7665249109268188,0.30000001192092896,0.20000000298023224,0.20000000298023224,0.15000000596046448,0.15000000596046448,1.0,1.0,1.0,1.0
complex_qaware_v018_r2,closed_loop,complex,full,1,0.18,True,25.180007164,1785050561.1828742,2.664353721751855,0.015419684781393049,-0.10233036690181008,0.07674373557432827,0.034341224262534914,3.001959134519825,0.10498585732867524,0.21992417758768096,20.0,2.651967713728775,0.029280376835282198,3.6519434905885286,0.02543068810179827,4.585254923433268,0.022091216432851103,0.55931556224823,0.15679551661014557,0.10679551959037781,0.7665249109268188,0.7665249109268188,0,ROW_FOLLOW,,1.0,125.0,90.0,0.10744177550077438,0.009162664413452148,0.0,0.29288429021835327,0.0,-0.274558961391449,0.0,0.523809552192688,0.6595237255096436,0.9321925640106201,0.9402583241462708,1.0,0.380952388048172,0.7665249109268188,0.30000001192092896,0.20000000298023224,0.20000000298023224,0.15000000596046448,0.15000000596046448,1.0,1.0,1.0,1.0
complex_qaware_v018_r2,closed_loop,complex,full,1,0.18,True,25.229405258,1785050561.2322721,2.6693351987612033,0.016924879685010875,-0.10143060102732492,0.07433388731133926,0.032495224691090493,3.008588642284222,0.10843806015636477,0.1987208056989012,20.0,2.657092664539834,0.025376037280601393,3.690413912580247,0.027040834258541743,4.623736663357413,0.028495820760334262,0.5587862730026245,0.15055088698863983,0.10055088996887207,0.7680343389511108,0.7680343389511108,0,ROW_FOLLOW,,1.0,116.0,99.0,0.10794999450445175,0.006380587816238403,0.0,0.28974390029907227,0.0,-0.27698272466659546,0.0,0.5158730149269104,0.6857142448425293,0.9313103556632996,0.9324502348899841,1.0,0.4285714328289032,0.7680343389511108,0.30000001192092896,0.20000000298023224,0.20000000298023224,0.15000000596046448,0.15000000596046448,1.0,1.0,1.0,1.0
complex_qaware_v018_r2,closed_loop,complex,full,1,0.18,True,25.282731567,1785050561.2855985,2.6768550887066707,0.01561944660226831,-0.10003648994663775,0.08062982886213325,0.023207424900945968,3.016255910806204,0.10767725151463722,0.20379286331041813,21.0,2.6653910432567454,0.02148633691833678,3.698693426970325,0.028710862013496038,4.676692717420388,0.04121294511047592,0.558342456817627,0.14962001144886017,0.09962001442909241,0.758360743522644,0.7680343389511108,0,ROW_FOLLOW,,1.0,114.0,87.0,0.11177083849906921,0.002125486731529236,0.0,0.28496024012565613,0.0,-0.28070926666259766,0.0,0.4841269552707672,0.6857142448425293,0.9305707216262817,0.932437539100647,1.0,0.4285714328289032,0.758360743522644,0.30000001192092896,0.20000000298023224,0.20000000298023224,0.15000000596046448,0.15000000596046448,1.0,1.0,1.0,1.0
complex_qaware_v018_r2,closed_loop,complex,full,1,0.18,True,25.32939872,1785050561.3322656,2.6813249793262055,0.015191808813433334,-0.09917864635924416,0.08019791088972913,0.017160106737549984,3.020753820022996,0.05996133124674548,0.19288647029011116,21.0,2.6653910432567454,0.02148633691833678,3.698693426970325,0.028710862013496038,4.676692717420388,0.04121294511047592,0.558342456817627,0.14962001144886017,0.09962001442909241,0.758360743522644,0.6000000238418579,0,ROW_FOLLOW,,1.0,114.0,87.0,0.11177083849906921,0.002125486731529236,0.0,0.28496024012565613,0.0,-0.28070926666259766,0.0,0.4841269552707672,0.6857142448425293,0.9305707216262817,0.932437539100647,1.0,0.4285714328289032,0.758360743522644,0.30000001192092896,0.20000000298023224,0.20000000298023224,0.15000000596046448,0.15000000596046448,1.0,1.0,1.0,1.0
complex_qaware_v018_r2,closed_loop,complex,full,1,0.18,True,25.37988215,1785050561.382749,2.681433276123521,0.015214507198292662,-0.09722925484905785,0.08394580541672615,0.03546517601477749,3.020885805991504,0.06030527666505603,0.18986288359342554,21.0,2.6653910432567454,0.02148633691833678,3.698693426970325,0.028710862013496038,4.676692717420388,0.04121294511047592,0.558342456817627,0.14962001144886017,0.09962001442909241,0.758360743522644,0.6000000238418579,0,ROW_FOLLOW,,1.0,114.0,87.0,0.11177083849906921,0.002125486731529236,0.0,0.28496024012565613,0.0,-0.28070926666259766,0.0,0.4841269552707672,0.6857142448425293,0.9305707216262817,0.932437539100647,1.0,0.4285714328289032,0.758360743522644,0.30000001192092896,0.20000000298023224,0.20000000298023224,0.15000000596046448,0.15000000596046448,1.0,1.0,1.0,1.0
complex_qaware_v018_r2,closed_loop,complex,full,1,0.18,True,25.429444567,1785050561.4323115,2.692787248782862,0.015634342738773812,-0.0956505008088091,0.08934256617467251,0.03528954612763961,3.0323165718130984,0.11340658496086548,0.1710856073257161,21.0,2.674206366432063,0.01750060325032891,3.7074643667399734,0.029054131542311307,4.678941782485973,0.04382985629021925,0.5592800378799438,0.1549932211637497,0.10499322414398193,0.7726079225540161,0.7726079225540161,0,ROW_FOLLOW,,1.0,110.0,89.0,0.11397498846054077,-0.0022579729557037354,0.0,0.27978676557540894,0.0,-0.2843027114868164,0.0,0.5396825075149536,0.6595237255096436,0.9321333765983582,0.9491450786590576,1.0,0.380952388048172,0.7726079225540161,0.30000001192092896,0.20000000298023224,0.20000000298023224,0.15000000596046448,0.15000000596046448,1.0,1.0,1.0,1.0
complex_qaware_v018_r2,closed_loop,complex,full,1,0.18,True,25.479207693,1785050561.4820747,2.697232991746794,0.015247912874555,-0.09369097311965154,0.08914008609001456,0.024624769186047304,3.0367989484150946,0.1135440160029299,0.17016940037861994,21.0,2.674206366432063,0.01750060325032891,3.7074643667399734,0.029054131542311307,4.678941782485973,0.04382985629021925,0.5592800378799438,0.1549932211637497,0.10499322414398193,0.7726079225540161,0.7726079225540161,0,ROW_FOLLOW,,1.0,110.0,89.0,0.11397498846054077,-0.0022579729557037354,0.0,0.27978676557540894,0.0,-0.2843027114868164,0.0,0.5396825075149536,0.6595237255096436,0.9321333765983582,0.9491450786590576,1.0,0.380952388048172,0.7726079225540161,0.30000001192092896,0.20000000298023224,0.20000000298023224,0.15000000596046448,0.15000000596046448,1.0,1.0,1.0,1.0
complex_qaware_v018_r2,closed_loop,complex,full,1,0.18,True,25.529362124,1785050561.5322292,2.705667651935106,0.015428180252146607,-0.09207046045664002,0.10157669694172983,0.0492058059500829,3.0488321969605554,0.06592084466713119,0.15173891451468446,21.0,2.6852199195702275,0.013230729447724349,3.6850832854837083,0.029409617559378296,4.684946640387351,0.045588505594262786,0.5561472773551941,0.14888136088848114,0.09888136386871338,0.7733633518218994,0.6000000238418579,0,ROW_FOLLOW,,1.0,122.0,86.0,0.11374994367361069,-0.00625862181186676,0.0,0.2751329243183136,0.0,-0.2876501679420471,0.0,0.5476190447807312,0.6595237255096436,0.9269121289253235,0.9452695250511169,1.0,0.380952388048172,0.7733633518218994,0.30000001192092896,0.20000000298023224,0.20000000298023224,0.15000000596046448,0.15000000596046448,1.0,1.0,1.0,1.0
complex_qaware_v018_r2,closed_loop,complex,full,1,0.18,True,25.579372199,1785050561.5822392,2.710014703646301,0.015061284144313855,-0.08948894443819456,0.10208203896476097,0.04982320478842855,3.053210785218435,0.06616316171325357,0.14965005554516708,21.0,2.6852199195702275,0.013230729447724349,3.6850832854837083,0.029409617559378296,4.684946640387351,0.045588505594262786,0.5561472773551941,0.14888136088848114,0.09888136386871338,0.7733633518218994,0.6000000238418579,0,ROW_FOLLOW,,1.0,122.0,86.0,0.11374994367361069,-0.00625862181186676,0.0,0.2751329243183136,0.0,-0.2876501679420471,0.0,0.5476190447807312,0.6595237255096436,0.9269121289253235,0.9452695250511169,1.0,0.380952388048172,0.7733633518218994,0.30000001192092896,0.20000000298023224,0.20000000298023224,0.15000000596046448,0.15000000596046448,1.0,1.0,1.0,1.0
complex_qaware_v018_r2,closed_loop,complex,full,1,0.18,True,25.629493989,1785050561.632361,2.7138435733188007,0.014765817664592945,-0.08728253184801459,0.10218673460126877,0.05829249495169282,3.057070772398486,0.06800851620565616,0.1322210461999985,21.0,2.6963315704909974,0.009565150434620452,3.6961633510709295,0.02786212397614693,4.6959951329189,0.046159099016522154,0.5584914088249207,0.1490529626607895,0.09905296564102173,0.7713615894317627,0.6000000238418579,0,ROW_FOLLOW,,1.0,115.0,89.0,0.10757826268672943,-0.008314594626426697,0.0,0.2726820409297943,0.0,-0.2893112301826477,0.0,0.555555522441864,0.6333332657814026,0.9304535984992981,0.9462502598762512,1.0,0.3333333432674408,0.7713615894317627,0.30000001192092896,0.20000000298023224,0.20000000298023224,0.15000000596046448,0.15000000596046448,1.0,1.0,1.0,1.0
complex_qaware_v018_r2,closed_loop,complex,full,1,0.18,True,25.67930374,1785050561.6821706,2.7137522964348824,0.014847882012099377,-0.08271321119634091,0.09407109901093155,0.07019826825939932,3.0572283076027515,0.06884779676577746,0.12496737449686929,21.0,2.6963315704909974,0.009565150434620452,3.6961633510709295,0.02786212397614693,4.6959951329189,0.046159099016522154,0.5584914088249207,0.1490529626607895,0.09905296564102173,0.7713615894317627,0.6000000238418579,0,ROW_FOLLOW,,1.0,115.0,89.0,0.10757826268672943,-0.008314594626426697,0.0,0.2726820409297943,0.0,-0.2893112301826477,0.0,0.555555522441864,0.6333332657814026,0.9304535984992981,0.9462502598762512,1.0,0.3333333432674408,0.7713615894317627,0.30000001192092896,0.20000000298023224,0.20000000298023224,0.15000000596046448,0.15000000596046448,1.0,1.0,1.0,1.0
complex_qaware_v018_r2,closed_loop,complex,full,1,0.18,True,25.72940137,1785050561.7322683,2.730656172831965,0.014231629240309651,-0.07974697384957,0.10576059365703898,0.07798608877741224,3.074159410188931,0.07025324914446464,0.11134956784827615,21.0,2.7071575612964587,0.006973795515545074,3.7069670386900917,0.026473706214527524,4.706776498458161,0.04597361835698414,0.5569270253181458,0.14668960869312286,0.0966896116733551,0.7694975137710571,0.6000000238418579,0,ROW_FOLLOW,,1.0,118.0,96.0,0.10306838154792786,-0.00966709852218628,0.0,0.2709611654281616,0.0,-0.2902953624725342,0.0,0.5555555820465088,0.6333332657814026,0.9282116889953613,0.936812162399292,1.0,0.3333333432674408,0.7694975137710571,0.30000001192092896,0.20000000298023224,0.20000000298023224,0.15000000596046448,0.15000000596046448,1.0,1.0,1.0,1.0
complex_qaware_v018_r2,closed_loop,complex,full,1,0.18,True,25.784117214,1785050561.7869842,2.730658565923811,0.014263036715847268,-0.07596655154496364,0.10107164249985223,0.06371762635147457,3.0741909087199475,0.07092213778478756,0.10555454249426369,21.0,2.7071575612964587,0.006973795515545074,3.7069670386900917,0.026473706214527524,4.706776498458161,0.04597361835698414,0.5569270253181458,0.14668960869312286,0.0966896116733551,0.7694975137710571,0.6000000238418579,0,ROW_FOLLOW,,1.0,118.0,96.0,0.10306838154792786,-0.00966709852218628,0.0,0.2709611654281616,0.0,-0.2902953624725342,0.0,0.5555555820465088,0.6333332657814026,0.9282116889953613,0.936812162399292,1.0,0.3333333432674408,0.7694975137710571,0.30000001192092896,0.20000000298023224,0.20000000298023224,0.15000000596046448,0.15000000596046448,1.0,1.0,1.0,1.0
complex_qaware_v018_r2,closed_loop,complex,full,1,0.18,True,25.829460881,1785050561.8323278,2.7385346172404788,0.012389887100835053,-0.07326125795930147,0.09857264914309004,0.0719271394820729,3.0836485981542436,0.07100161750302356,0.10245394468786463,21.0,2.719859874734684,0.00491408972048035,3.7196500566190482,0.025316250966956125,4.719440207351997,0.045718418482209616,0.5557518601417542,0.14808155596256256,0.0980815589427948,0.7664920091629028,0.6000000238418579,0,ROW_FOLLOW,,1.0,110.0,85.0,0.09873290359973907,-0.011140316724777222,0.0,0.26852527260780334,0.0,-0.2908059060573578,0.0,0.5396825075149536,0.6333332657814026,0.926253080368042,0.9511327147483826,1.0,0.3333333432674408,0.7664920091629028,0.30000001192092896,0.20000000298023224,0.20000000298023224,0.15000000596046448,0.15000000596046448,1.0,1.0,1.0,1.0
complex_qaware_v018_r2,closed_loop,complex,full,1,0.18,True,25.879425548,1785050561.8822925,2.7385816835416232,0.012623234985327915,-0.06658932072555639,0.09128349340510548,0.11475206078057885,3.0916682222214185,0.07229072158633236,0.09124178967604098,21.0,2.719859874734684,0.00491408972048035,3.7196500566190482,0.025316250966956125,4.719440207351997,0.045718418482209616,0.5557518601417542,0.14808155596256256,0.0980815589427948,0.7664920091629028,0.6000000238418579,0,ROW_FOLLOW,,1.0,110.0,85.0,0.09873290359973907,-0.011140316724777222,0.0,0.26852527260780334,0.0,-0.2908059060573578,0.0,0.5396825075149536,0.6333332657814026,0.926253080368042,0.9511327147483826,1.0,0.3333333432674408,0.7664920091629028,0.30000001192092896,0.20000000298023224,0.20000000298023224,0.15000000596046448,0.15000000596046448,1.0,1.0,1.0,1.0
complex_qaware_v018_r2,closed_loop,complex,full,1,0.18,True,25.929367462,1785050561.9322345,2.742077087905645,0.012470569826605556,-0.06244343892249748,0.0911175305957914,0.10598552353168676,3.0951977731819413,0.07416815746909614,0.07888825403926118,21.0,2.7294477290238315,0.002588680617805913,3.7291709926861327,0.02595791162442365,4.728894253741157,0.04932714396091722,0.5553438067436218,0.14706559479236603,0.09706559777259827,0.7712452411651611,0.6000000238418579,0,ROW_FOLLOW,,1.0,120.0,104.0,0.0935821384191513,-0.012856096029281616,0.0,0.2669888734817505,0.0,-0.2927010655403137,0.0,0.5555555820465088,0.6333332657814026,0.9255729913711548,0.9519816040992737,1.0,0.3333333432674408,0.7712452411651611,0.30000001192092896,0.20000000298023224,0.20000000298023224,0.15000000596046448,0.15000000596046448,1.0,1.0,1.0,1.0
complex_qaware_v018_r2,closed_loop,complex,full,1,0.18,True,25.979775114,1785050561.9826422,2.7422829184021804,0.012563672776647947,-0.055696298574641645,0.08568895566362508,0.10877562469867771,3.0954753683548533,0.07539825911029746,0.06825521908449161,21.0,2.7294477290238315,0.002588680617805913,3.7291709926861327,0.02595791162442365,4.728894253741157,0.04932714396091722,0.5553438067436218,0.14706559479236603,0.09706559777259827,0.7712452411651611,0.6000000238418579,0,ROW_FOLLOW,,1.0,120.0,104.0,0.0935821384191513,-0.012856096029281616,0.0,0.2669888734817505,0.0,-0.2927010655403137,0.0,0.5555555820465088,0.6333332657814026,0.9255729913711548,0.9519816040992737,1.0,0.3333333432674408,0.7712452411651611,0.30000001192092896,0.20000000298023224,0.20000000298023224,0.15000000596046448,0.15000000596046448,1.0,1.0,1.0,1.0
complex_qaware_v018_r2,closed_loop,complex,full,1,0.18,True,26.02942387,1785050562.0322907,2.7546277412513716,0.010284892548020227,-0.0515799591566406,0.08672643033178297,0.12200114399956558,3.1081006022628124,0.07570392626146097,0.06193223522660767,21.0,2.7418590400408234,-0.000514232424672658,3.741517791872141,0.025505834818946582,4.741176536807888,0.05152590217323417,0.5565829277038574,0.14433087408542633,0.09433087706565857,0.766931414604187,0.6000000238418579,0,ROW_FOLLOW,,1.0,117.0,105.0,0.08400635421276093,-0.014577209949493408,0.0,0.2650837004184723,0.0,-0.2942381203174591,0.0,0.5396825671195984,0.6333332657814026,0.9276382923126221,0.9522153735160828,1.0,0.3333333432674408,0.766931414604187,0.30000001192092896,0.20000000298023224,0.20000000298023224,0.15000000596046448,0.15000000596046448,1.0,1.0,1.0,1.0
complex_qaware_v018_r2,closed_loop,complex,full,1,0.18,True,26.079562942,1785050562.08243,2.758731213485761,0.01017127549380836,-0.046690498389443814,0.08334458884068009,0.08900384825052,3.1122512982359285,0.07652290344328229,0.05481315290080841,21.0,2.7418590400408234,-0.000514232424672658,3.741517791872141,0.025505834818946582,4.741176536807888,0.05152590217323417,0.5565829277038574,0.14433087408542633,0.09433087706565857,0.766931414604187,0.6000000238418579,0,ROW_FOLLOW,,1.0,117.0,105.0,0.08400635421276093,-0.014577209949493408,0.0,0.2650837004184723,0.0,-0.2942381203174591,0.0,0.5396825671195984,0.6333332657814026,0.9276382923126221,0.9522153735160828,1.0,0.3333333432674408,0.766931414604187,0.30000001192092896,0.20000000298023224,0.20000000298023224,0.15000000596046448,0.15000000596046448,1.0,1.0,1.0,1.0
complex_qaware_v018_r2,closed_loop,complex,full,1,0.18,True,26.129358645,1785050562.1322255,2.756123913194547,0.01180385319349842,-0.043991033974868796,0.07703467403830698,0.05891181033384712,3.1222153195797966,0.08100718001974479,0.030976039744125702,21.0,2.7497564125594955,-0.003333605556734034,3.7493805110817724,0.024079989418948126,4.749004601022236,0.05149358252475944,0.5528090596199036,0.14649249613285065,0.09649249911308289,0.7837867736816406,0.6000000238418579,0,ROW_FOLLOW,,1.0,110.0,94.0,0.07363872230052948,-0.01582370698451996,0.0,0.2634512484073639,0.0,-0.2950986623764038,0.0,0.5714285373687744,0.6857142448425293,0.9213482141494751,0.9396381378173828,1.0,0.4285714328289032,0.7837867736816406,0.30000001192092896,0.20000000298023224,0.20000000298023224,0.15000000596046448,0.15000000596046448,1.0,1.0,1.0,1.0
complex_qaware_v018_r2,closed_loop,complex,full,1,0.18,True,26.181430336,1785050562.1842973,2.7561241523207305,0.011809383542277107,-0.04243295174874895,0.07569754103953644,0.030342992489395145,3.1222208550964288,0.08128661981033122,0.028599204615239585,21.0,2.7497564125594955,-0.003333605556734034,3.7493805110817724,0.024079989418948126,4.749004601022236,0.05149358252475944,0.5528090596199036,0.14649249613285065,0.09649249911308289,0.7837867736816406,0.6000000238418579,0,ROW_FOLLOW,,1.0,110.0,94.0,0.07363872230052948,-0.01582370698451996,0.0,0.2634512484073639,0.0,-0.2950986623764038,0.0,0.5714285373687744,0.6857142448425293,0.9213482141494751,0.9396381378173828,1.0,0.4285714328289032,0.7837867736816406,0.30000001192092896,0.20000000298023224,0.20000000298023224,0.15000000596046448,0.15000000596046448,1.0,1.0,1.0,1.0
complex_qaware_v018_r2,closed_loop,complex,full,1,0.18,True,26.232021449,1785050562.2348886,2.7641707342669406,0.014913650767224963,-0.04071350270272145,0.07146658099411293,0.05180493736392928,3.133464827400881,0.1414215597665726,5.072940957598472e-05,21.0,2.7570041315278577,-0.00538896537627631,3.756615728637994,0.02247686904581379,4.756227298894294,0.05034270269947366,0.5548519492149353,0.15136434137821198,0.10136434435844421,0.7857176065444946,0.7857176065444946,0,ROW_FOLLOW,,1.0,116.0,99.0,0.07078300416469574,-0.018047288060188293,0.0,0.26077067852020264,0.0,-0.2968652546405792,0.0,0.5714285969734192,0.6857142448425293,0.9247533679008484,0.9479696154594421,1.0,0.4285714328289032,0.7857176065444946,0.30000001192092896,0.20000000298023224,0.20000000298023224,0.15000000596046448,0.15000000596046448,1.0,1.0,1.0,1.0
complex_qaware_v018_r2,closed_loop,complex,full,1,0.18,True,26.2792586,1785050562.2821255,2.7674265960920565,0.014806147458817509,-0.038309298409008534,0.07177080407613926,0.029452525954978513,3.136733288089162,0.1408744735355532,-0.0036979709497053457,21.0,2.7570041315278577,-0.00538896537627631,3.756615728637994,0.02247686904581379,4.756227298894294,0.05034270269947366,0.5548519492149353,0.15136434137821198,0.10136434435844421,0.7857176065444946,0.7857176065444946,0,ROW_FOLLOW,,1.0,116.0,99.0,0.07078300416469574,-0.018047288060188293,0.0,0.26077067852020264,0.0,-0.2968652546405792,0.0,0.5714285969734192,0.6857142448425293,0.9247533679008484,0.9479696154594421,1.0,0.4285714328289032,0.7857176065444946,0.30000001192092896,0.20000000298023224,0.20000000298023224,0.15000000596046448,0.15000000596046448,1.0,1.0,1.0,1.0
complex_qaware_v018_r2,closed_loop,complex,full,1,0.18,True,26.329405383,1785050562.3322723,2.7701514551097173,0.016254123643161804,-0.036221718531880956,0.06976014179901859,0.05711163538217608,3.1425480773295535,0.08350865106301088,-0.013538272216289858,21.0,2.7625576592897025,-0.00490872453036471,3.762208145873314,0.02146578991249293,4.761858627803456,0.04784030374936888,0.5552850961685181,0.14717842638492584,0.09717842936515808,0.7880460023880005,0.6000000238418579,0,ROW_FOLLOW,,1.0,110.0,98.0,0.06214386969804764,-0.017496347427368164,0.0,0.26132673025131226,0.0,-0.2963194251060486,0.0,0.579365074634552,0.6857142448425293,0.925475001335144,0.9466578364372253,1.0,0.4285714328289032,0.7880460023880005,0.30000001192092896,0.20000000298023224,0.20000000298023224,0.15000000596046448,0.15000000596046448,1.0,1.0,1.0,1.0
complex_qaware_v018_r2,closed_loop,complex,full,1,0.18,True,26.380425434,1785050562.3832924,2.775429794683245,0.015539804907826768,-0.0331905729520674,0.06974209201477759,0.04401690579164257,3.1479984402561088,0.08326970665811731,-0.015559680477309292,21.0,2.7625576592897025,-0.00490872453036471,3.762208145873314,0.02146578991249293,4.761858627803456,0.04784030374936888,0.5552850961685181,0.14717842638492584,0.09717842936515808,0.7880460023880005,0.6000000238418579,0,ROW_FOLLOW,,1.0,110.0,98.0,0.06214386969804764,-0.017496347427368164,0.0,0.26132673025131226,0.0,-0.2963194251060486,0.0,0.579365074634552,0.6857142448425293,0.925475001335144,0.9466578364372253,1.0,0.4285714328289032,0.7880460023880005,0.30000001192092896,0.20000000298023224,0.20000000298023224,0.15000000596046448,0.15000000596046448,1.0,1.0,1.0,1.0
complex_qaware_v018_r2,closed_loop,complex,full,1,0.18,True,26.429380767,1785050562.4322479,2.7797993320563394,0.015433987848578065,-0.03170770737874619,0.06918685549541663,0.05940790553363718,3.1523811568238997,0.14040771661739382,-0.012092133459724815,21.0,2.768090029228388,-0.0032709876644590884,3.7677951249990342,0.020775583551630183,4.767500230785918,0.044822153783292566,0.557902991771698,0.15784011781215668,0.10784012079238892,0.7901196479797363,0.7901196479797363,0,ROW_FOLLOW,,1.0,105.0,101.0,0.053153034299612045,-0.0162765234708786,0.0,0.26272401213645935,0.0,-0.29527705907821655,0.0,0.5714285969734192,0.7119047045707703,0.9298381805419922,0.9356167316436768,1.0,0.4761904776096344,0.7901196479797363,0.30000001192092896,0.20000000298023224,0.20000000298023224,0.15000000596046448,0.15000000596046448,1.0,1.0,1.0,1.0
complex_qaware_v018_r2,closed_loop,complex,full,1,0.18,True,26.479765764,1785050562.4826326,2.7811502452398025,0.01543857403398935,-0.029613750023351315,0.07693978826860697,0.016610664902068303,3.1537579052995643,0.13989193222087626,-0.01553069610317524,21.0,2.768090029228388,-0.0032709876644590884,3.7677951249990342,0.020775583551630183,4.767500230785918,0.044822153783292566,0.557902991771698,0.15784011781215668,0.10784012079238892,0.7901196479797363,0.7901196479797363,0,ROW_FOLLOW,,1.0,105.0,101.0,0.053153034299612045,-0.0162765234708786,0.0,0.26272401213645935,0.0,-0.29527705907821655,0.0,0.5714285969734192,0.7119047045707703,0.9298381805419922,0.9356167316436768,1.0,0.4761904776096344,0.7901196479797363,0.30000001192092896,0.20000000298023224,0.20000000298023224,0.15000000596046448,0.15000000596046448,1.0,1.0,1.0,1.0
complex_qaware_v018_r2,closed_loop,complex,full,1,0.18,True,26.529367416,1785050562.5322342,2.7856394995650784,0.015700735828548227,-0.02822468730905214,0.07240795556337365,0.03926226067587895,3.158716658333687,0.13932781466694333,-0.010880215376505605,21.0,2.7750117207403213,-0.0012157387531968392,3.774766600305972,0.020872054150922772,4.774521477609109,0.042959847618556514,0.5578585267066956,0.15782351791858673,0.10782352089881897,0.7831102609634399,0.7831102609634399,0,ROW_FOLLOW,,1.0,125.0,101.0,0.05208556354045868,-0.01605209708213806,0.0,0.26277148723602295,0.0,-0.2948756814002991,0.0,0.5476190447807312,0.7119047045707703,0.9297641515731812,0.9366047382354736,1.0,0.4761904776096344,0.7831102609634399,0.30000001192092896,0.20000000298023224,0.20000000298023224,0.15000000596046448,0.15000000596046448,1.0,1.0,1.0,1.0
complex_qaware_v018_r2,closed_loop,complex,full,1,0.18,True,26.579420373,1785050562.5822873,2.7905632682015686,0.01559970597876611,-0.02648587949962789,0.08160134224710838,0.01582415827581283,3.1636587590865206,0.13888397903926633,-0.013839119561019055,21.0,2.7750117207403213,-0.0012157387531968392,3.774766600305972,0.020872054150922772,4.774521477609109,0.042959847618556514,0.5578585267066956,0.15782351791858673,0.10782352089881897,0.7831102609634399,0.7831102609634399,0,ROW_FOLLOW,,1.0,125.0,101.0,0.05208556354045868,-0.01605209708213806,0.0,0.26277148723602295,0.0,-0.2948756814002991,0.0,0.5476190447807312,0.7119047045707703,0.9297641515731812,0.9366047382354736,1.0,0.4761904776096344,0.7831102609634399,0.30000001192092896,0.20000000298023224,0.20000000298023224,0.15000000596046448,0.15000000596046448,1.0,1.0,1.0,1.0
complex_qaware_v018_r2,closed_loop,complex,full,1,0.18,True,26.629633622,1785050562.6325004,2.7914093754924907,0.015612141602330097,-0.025061617965708376,0.08138511762722399,0.047926750653095485,3.164523920720343,0.1385566539100806,-0.010926377420955143,21.0,2.7826795497274817,-7.956930299037393e-06,3.7824666751234495,0.020586602897446567,4.782253789782779,0.04118116444681349,0.5585689544677734,0.15968887507915497,0.10968887805938721,0.7788645029067993,0.7788645029067993,0,ROW_FOLLOW,,1.0,113.0,99.0,0.04583970457315445,-0.014664337038993835,0.0,0.26446568965911865,0.0,-0.2937943637371063,0.0,0.5476190447807312,0.6857142448425293,0.9309480786323547,0.9416424036026001,1.0,0.4285714328289032,0.7788645029067993,0.30000001192092896,0.20000000298023224,0.20000000298023224,0.15000000596046448,0.15000000596046448,1.0,1.0,1.0,1.0
complex_qaware_v018_r2,closed_loop,complex,full,1,0.18,True,26.67970274,1785050562.6825697,2.7916888585849353,0.015653815073664173,-0.022892978803103592,0.08720996199085869,0.03260757773954729,3.164827599746654,0.13802775400371373,-0.01445237679673435,21.0,2.7826795497274817,-7.956930299037393e-06,3.7824666751234495,0.020586602897446567,4.782253789782779,0.04118116444681349,0.5585689544677734,0.15968887507915497,0.10968887805938721,0.7788645029067993,0.7788645029067993,0,ROW_FOLLOW,,1.0,113.0,99.0,0.04583970457315445,-0.014664337038993835,0.0,0.26446568965911865,0.0,-0.2937943637371063,0.0,0.5476190447807312,0.6857142448425293,0.9309480786323547,0.9416424036026001,1.0,0.4285714328289032,0.7788645029067993,0.30000001192092896,0.20000000298023224,0.20000000298023224,0.15000000596046448,0.15000000596046448,1.0,1.0,1.0,1.0
complex_qaware_v018_r2,closed_loop,complex,full,1,0.18,True,26.729443562,1785050562.7323105,2.7981584442137253,0.015453469120955032,-0.021802827791642873,0.07820371080301153,0.03302506086768872,3.1713094287902286,0.1389921929271944,-0.012029503562763309,19.0,2.7881021814131395,0.00040231194430376027,3.6878976345367604,0.01955314243127922,4.654343694728156,0.04017154577522635,0.5545132756233215,0.15618665516376495,0.10618665814399719,0.7822034358978271,0.7822034358978271,0,ROW_FOLLOW,,1.0,109.0,93.0,0.0449083149433136,-0.015160158276557922,0.0,0.26355159282684326,0.0,-0.2938719093799591,0.0,0.5634920597076416,0.6857142448425293,0.9241887927055359,0.9411681890487671,1.0,0.4285714328289032,0.7822034358978271,0.30000001192092896,0.20000000298023224,0.20000000298023224,0.15000000596046448,0.15000000596046448,1.0,1.0,1.0,1.0
complex_qaware_v018_r2,closed_loop,complex,full,1,0.18,True,26.7793161,1785050562.7821832,2.804006640135788,0.013928665113378159,-0.019638427210005197,0.09145069236798732,0.026317798461229523,3.178380551283896,0.13958056113004963,-0.008107048877061651,19.0,2.7881021814131395,0.00040231194430376027,3.6878976345367604,0.01955314243127922,4.654343694728156,0.04017154577522635,0.5545132756233215,0.15618665516376495,0.10618665814399719,0.7822034358978271,0.7822034358978271,0,ROW_FOLLOW,,1.0,109.0,93.0,0.0449083149433136,-0.015160158276557922,0.0,0.26355159282684326,0.0,-0.2938719093799591,0.0,0.5634920597076416,0.6857142448425293,0.9241887927055359,0.9411681890487671,1.0,0.4285714328289032,0.7822034358978271,0.30000001192092896,0.20000000298023224,0.20000000298023224,0.15000000596046448,0.15000000596046448,1.0,1.0,1.0,1.0
complex_qaware_v018_r2,closed_loop,complex,full,1,0.18,True,26.829495588,1785050562.8323624,2.809785834578223,0.013835834627303022,-0.018557679534474843,0.09148895189188518,0.027690776690750065,3.1841665572598976,0.14082581689126145,-0.01089266603742357,21.0,2.7957154045876944,0.00038927882175474857,3.795512083481224,0.020514779225149715,4.797194052095992,0.03869819807160235,0.556655764579773,0.15433283150196075,0.104332834482193,0.79144287109375,0.79144287109375,0,ROW_FOLLOW,,1.0,124.0,115.0,0.038649898022413254,-0.014198839664459229,0.0,0.2648615539073944,0.0,-0.29325923323631287,0.0,0.6111111044883728,0.6595237255096436,0.9277596473693848,0.9376858472824097,1.0,0.380952388048172,0.79144287109375,0.30000001192092896,0.20000000298023224,0.20000000298023224,0.15000000596046448,0.15000000596046448,1.0,1.0,1.0,1.0
complex_qaware_v018_r2,closed_loop,complex,full,1,0.18,True,26.879615363,1785050562.8824825,2.814874992446094,0.015301754688002751,-0.016600835856362295,0.10323638668640153,0.03718737471762542,3.191836992446895,0.1391176936785923,-0.022280154121884575,21.0,2.7957154045876944,0.00038927882175474857,3.795512083481224,0.020514779225149715,4.797194052095992,0.03869819807160235,0.556655764579773,0.15433283150196075,0.104332834482193,0.79144287109375,0.79144287109375,0,ROW_FOLLOW,,1.0,124.0,115.0,0.038649898022413254,-0.014198839664459229,0.0,0.2648615539073944,0.0,-0.29325923323631287,0.0,0.6111111044883728,0.6595237255096436,0.9277596473693848,0.9376858472824097,1.0,0.380952388048172,0.79144287109375,0.30000001192092896,0.20000000298023224,0.20000000298023224,0.15000000596046448,0.15000000596046448,1.0,1.0,1.0,1.0
complex_qaware_v018_r2,closed_loop,complex,full,1,0.18,True,26.929502077,1785050562.9323692,2.820839722916782,0.015234303327939768,-0.014745186954005177,0.10354720472513017,0.04422960366301669,3.1978130206864814,0.08071950833956747,-0.02485067308451719,21.0,2.803802101006678,0.000559887532053323,3.8036144025760357,0.01982044499669711,4.809370984408284,0.036359280644738895,0.5557648539543152,0.13959185779094696,0.0895918607711792,0.7741215229034424,0.6000000238418579,0,ROW_FOLLOW,,1.0,116.0,102.0,0.033359408378601074,-0.013853758573532104,0.0,0.2655442953109741,0.0,-0.29325181245803833,0.0,0.5555555820465088,0.6595237255096436,0.9262747168540955,0.9353011846542358,1.0,0.380952388048172,0.7741215229034424,0.30000001192092896,0.20000000298023224,0.20000000298023224,0.15000000596046448,0.15000000596046448,1.0,1.0,1.0,1.0
complex_qaware_v018_r2,closed_loop,complex,full,1,0.18,True,26.979395959,1785050562.9822628,2.824227855017088,0.015245341800629473,-0.011846721073613068,0.11098806751870233,0.04294857006547863,3.2012378404342896,0.08015066172712218,-0.029749530224429433,21.0,2.803802101006678,0.000559887532053323,3.8036144025760357,0.01982044499669711,4.809370984408284,0.036359280644738895,0.5557648539543152,0.13959185779094696,0.0895918607711792,0.7741215229034424,0.6000000238418579,0,ROW_FOLLOW,,1.0,116.0,102.0,0.033359408378601074,-0.013853758573532104,0.0,0.2655442953109741,0.0,-0.29325181245803833,0.0,0.5555555820465088,0.6595237255096436,0.9262747168540955,0.9353011846542358,1.0,0.380952388048172,0.7741215229034424,0.30000001192092896,0.20000000298023224,0.20000000298023224,0.15000000596046448,0.15000000596046448,1.0,1.0,1.0,1.0
complex_qaware_v018_r2,closed_loop,complex,full,1,0.18,True,27.029462549,1785050563.0323296,2.832193967892402,0.01441341867092713,-0.010441183039135547,0.11053344840000276,0.03341492382286639,3.2093330942076106,0.08147557853682708,-0.026509423922069585,21.0,2.8146037772674486,0.0012744601739316606,3.8144550082461417,0.018479393959807338,4.814306237009001,0.035684328985734676,0.5591596961021423,0.1426527053117752,0.09265270829200745,0.7832413911819458,0.6000000238418579,0,ROW_FOLLOW,,1.0,107.0,110.0,0.02769406884908676,-0.012605875730514526,0.0,0.26771312952041626,0.0,-0.2929248809814453,0.0,0.579365074634552,0.6595237255096436,0.9319327473640442,0.9409372210502625,1.0,0.380952388048172,0.7832413911819458,0.30000001192092896,0.20000000298023224,0.20000000298023224,0.15000000596046448,0.15000000596046448,1.0,1.0,1.0,1.0
complex_qaware_v018_r2,closed_loop,complex,full,1,0.18,True,27.07956226,1785050563.0824292,2.841199957405326,0.014298608021639871,-0.008650389376027686,0.11550422805720378,0.038007623871479955,3.2183479351166437,0.08109314775736606,-0.029764536022175464,21.0,2.8146037772674486,0.0012744601739316606,3.8144550082461417,0.018479393959807338,4.814306237009001,0.035684328985734676,0.5591596961021423,0.1426527053117752,0.09265270829200745,0.7832413911819458,0.6000000238418579,0,ROW_FOLLOW,,1.0,107.0,110.0,0.02769406884908676,-0.012605875730514526,0.0,0.26771312952041626,0.0,-0.2929248809814453,0.0,0.579365074634552,0.6595237255096436,0.9319327473640442,0.9409372210502625,1.0,0.380952388048172,0.7832413911819458,0.30000001192092896,0.20000000298023224,0.20000000298023224,0.15000000596046448,0.15000000596046448,1.0,1.0,1.0,1.0
complex_qaware_v018_r2,closed_loop,complex,full,1,0.18,True,27.129525617,1785050563.1323924,2.846743414744901,0.014276518814287546,-0.007132360559328087,0.11605632708157351,0.042317863499314406,3.2238999876062637,0.08262448364985056,-0.02743344264743431,21.0,2.8269665573972333,0.00238086891071173,3.8268421795104968,0.018137147472694935,4.826717808097875,0.033893426810380295,0.5571742653846741,0.1453212946653366,0.09532129764556885,0.7953457832336426,0.6000000238418579,0,ROW_FOLLOW,,1.0,111.0,106.0,0.023315273225307465,-0.011248201131820679,0.0,0.26937127113342285,0.0,-0.2918676733970642,0.0,0.5873015522956848,0.7119047045707703,0.9286238551139832,0.940330982208252,1.0,0.4761904776096344,0.7953457832336426,0.30000001192092896,0.20000000298023224,0.20000000298023224,0.15000000596046448,0.15000000596046448,1.0,1.0,1.0,1.0
complex_qaware_v018_r2,closed_loop,complex,full,1,0.18,True,27.179297961,1785050563.182165,2.8570254735000433,0.014163769559140603,-0.006024873374447459,0.11270629408849477,0.017444023917327717,3.234191086483357,0.08235356882009547,-0.02970427742534794,21.0,2.8269665573972333,0.00238086891071173,3.8268421795104968,0.018137147472694935,4.826717808097875,0.033893426810380295,0.5571742653846741,0.1453212946653366,0.09532129764556885,0.7953457832336426,0.6000000238418579,0,ROW_FOLLOW,,1.0,111.0,106.0,0.023315273225307465,-0.011248201131820679,0.0,0.26937127113342285,0.0,-0.2918676733970642,0.0,0.5873015522956848,0.7119047045707703,0.9286238551139832,0.940330982208252,1.0,0.4761904776096344,0.7953457832336426,0.30000001192092896,0.20000000298023224,0.20000000298023224,0.15000000596046448,0.15000000596046448,1.0,1.0,1.0,1.0
complex_qaware_v018_r2,closed_loop,complex,full,1,0.18,True,27.229557996,1785050563.232425,2.8603165133124007,0.016337631800543564,-0.005122044652929867,0.11478375174866352,0.022472659258435623,3.242242156781662,0.1393151004180092,-0.03856025863701871,21.0,2.840982017680036,0.0032974333139678155,3.840876911611462,0.01775139755345452,4.840771821730794,0.03220536243008274,0.5605503916740417,0.15262992680072784,0.10262992978096008,0.8061063289642334,0.8061063289642334,0,ROW_FOLLOW,,1.0,112.0,101.0,0.018876072019338608,-0.0099649578332901,0.0,0.2712411880493164,0.0,-0.2911711037158966,0.0,0.6190476417541504,0.7119047045707703,0.9342507719993591,0.9410731792449951,1.0,0.4761904776096344,0.8061063289642334,0.30000001192092896,0.20000000298023224,0.20000000298023224,0.15000000596046448,0.15000000596046448,1.0,1.0,1.0,1.0
complex_qaware_v018_r2,closed_loop,complex,full,1,0.18,True,27.280792805,1785050563.2836597,2.865581833363785,0.016334990308936405,-0.00349072635315606,0.11353435844872933,0.01945921367953404,3.2475173685177725,0.1388416460302802,-0.04171662122187861,21.0,2.840982017680036,0.0032974333139678155,3.840876911611462,0.01775139755345452,4.840771821730794,0.03220536243008274,0.5605503916740417,0.15262992680072784,0.10262992978096008,0.8061063289642334,0.8061063289642334,0,ROW_FOLLOW,,1.0,112.0,101.0,0.018876072019338608,-0.0099649578332901,0.0,0.2712411880493164,0.0,-0.2911711037158966,0.0,0.6190476417541504,0.7119047045707703,0.9342507719993591,0.9410731792449951,1.0,0.4761904776096344,0.8061063289642334,0.30000001192092896,0.20000000298023224,0.20000000298023224,0.15000000596046448,0.15000000596046448,1.0,1.0,1.0,1.0
complex_qaware_v018_r2,closed_loop,complex,full,1,0.18,True,27.32949975,1785050563.3323667,2.86996155694765,0.016333469732705296,-0.0032208504005213356,0.1116945252103023,0.014412467292463824,3.2518999008615945,0.14140648511383605,-0.03301436720068784,21.0,2.8547329581352687,0.005154425989957614,3.8546451651555587,0.018372184554176437,4.854557354629809,0.0315899427143131,0.5626652240753174,0.16133789718151093,0.11133790016174316,0.8131035566329956,0.8131035566329956,0,ROW_FOLLOW,,1.0,114.0,118.0,0.01562909409403801,-0.00812356173992157,0.0,0.27363133430480957,0.0,-0.2898784577846527,0.0,0.6269841194152832,0.7380951642990112,0.9377753138542175,0.9322282671928406,1.0,0.523809552192688,0.8131035566329956,0.30000001192092896,0.20000000298023224,0.20000000298023224,0.15000000596046448,0.15000000596046448,1.0,1.0,1.0,1.0
complex_qaware_v018_r2,closed_loop,complex,full,1,0.18,True,27.379366688,1785050563.3822336,2.8702917096601213,0.016354456466252255,-0.0021180720607576475,0.11034756704673336,0.011165381708025649,3.2522426852562623,0.14113628706443254,-0.03481568753004446,21.0,2.8547329581352687,0.005154425989957614,3.8546451651555587,0.018372184554176437,4.854557354629809,0.0315899427143131,0.5626652240753174,0.16133789718151093,0.11133790016174316,0.8131035566329956,0.8131035566329956,0,ROW_FOLLOW,,1.0,114.0,118.0,0.01562909409403801,-0.00812356173992157,0.0,0.27363133430480957,0.0,-0.2898784577846527,0.0,0.6269841194152832,0.7380951642990112,0.9377753138542175,0.9322282671928406,1.0,0.523809552192688,0.8131035566329956,0.30000001192092896,0.20000000298023224,0.20000000298023224,0.15000000596046448,0.15000000596046448,1.0,1.0,1.0,1.0
complex_qaware_v018_r2,closed_loop,complex,full,1,0.18,True,27.429449439,1785050563.4323163,2.8847549242581474,0.016789831396547432,-0.0014197037527621246,0.11247993000051194,0.025921081319906576,3.2667203637395983,0.1405714012685138,-0.028322107591418275,20.0,2.86440139709806,0.007382043836282125,3.8693256394114726,0.019723996289311638,4.7975891478040555,0.03111439431484668,0.5626527070999146,0.15786577761173248,0.10786578059196472,0.8045539855957031,0.8045539855957031,0,ROW_FOLLOW,,1.0,114.0,108.0,0.01397740375250578,-0.006620451807975769,0.0,0.27604058384895325,0.0,-0.2892814874649048,0.0,0.6031745672225952,0.7380951642990112,0.9377546906471252,0.9228772521018982,1.0,0.523809552192688,0.8045539855957031,0.30000001192092896,0.20000000298023224,0.20000000298023224,0.15000000596046448,0.15000000596046448,1.0,1.0,1.0,1.0
complex_qaware_v018_r2,closed_loop,complex,full,1,0.18,True,27.480732025,1785050563.4835992,2.8906597678234522,0.01680911375083896,-0.0003896182768960978,0.11420963448803578,0.00422404021668748,3.272637490754356,0.14028400063214183,-0.030238111833898056,20.0,2.86440139709806,0.007382043836282125,3.8693256394114726,0.019723996289311638,4.7975891478040555,0.03111439431484668,0.5626527070999146,0.15786577761173248,0.10786578059196472,0.8045539855957031,0.8045539855957031,0,ROW_FOLLOW,,1.0,114.0,108.0,0.01397740375250578,-0.006620451807975769,0.0,0.27604058384895325,0.0,-0.2892814874649048,0.0,0.6031745672225952,0.7380951642990112,0.9377546906471252,0.9228772521018982,1.0,0.523809552192688,0.8045539855957031,0.30000001192092896,0.20000000298023224,0.20000000298023224,0.15000000596046448,0.15000000596046448,1.0,1.0,1.0,1.0
complex_qaware_v018_r2,closed_loop,complex,full,1,0.18,True,27.529537244,1785050563.5324042,2.893957241015942,0.017209477439356524,4.2632952648613574e-05,0.11897721678292938,0.01358648706933899,3.281618073351954,0.13949823442945758,-0.020773756249091287,21.0,2.875590997585677,0.009750716021521272,3.880521235985819,0.021598257067451304,4.87806333031201,0.03326452056977762,0.5640299320220947,0.15698613226413727,0.1069861352443695,0.7923016548156738,0.7923016548156738,0,ROW_FOLLOW,,1.0,117.0,107.0,0.011757473461329937,-0.005503818392753601,0.0,0.27744296193122864,0.0,-0.28845059871673584,0.0,0.5714285969734192,0.7119047045707703,0.940049946308136,0.9365473389625549,1.0,0.4761904776096344,0.7923016548156738,0.30000001192092896,0.20000000298023224,0.20000000298023224,0.15000000596046448,0.15000000596046448,1.0,1.0,1.0,1.0
complex_qaware_v018_r2,closed_loop,complex,full,1,0.18,True,27.580221288,1785050563.5830882,2.9003490398244303,0.017227135887209852,0.0007959544856173119,0.12200377175741955,0.026281935045486385,3.288015467189024,0.13925732215355643,-0.02237983808843219,21.0,2.875590997585677,0.009750716021521272,3.880521235985819,0.021598257067451304,4.87806333031201,0.03326452056977762,0.5640299320220947,0.15698613226413727,0.1069861352443695,0.7923016548156738,0.7923016548156738,0,ROW_FOLLOW,,1.0,117.0,107.0,0.011757473461329937,-0.005503818392753601,0.0,0.27744296193122864,0.0,-0.28845059871673584,0.0,0.5714285969734192,0.7119047045707703,0.940049946308136,0.9365473389625549,1.0,0.4761904776096344,0.7923016548156738,0.30000001192092896,0.20000000298023224,0.20000000298023224,0.15000000596046448,0.15000000596046448,1.0,1.0,1.0,1.0
complex_qaware_v018_r2,closed_loop,complex,full,1,0.18,True,27.629462805,1785050563.6323297,2.912168656218354,0.01688158098744755,0.0018119351072090055,0.12908119101002294,0.03688024238767059,3.29985368857396,0.1394252634567225,-0.015383402160668415,21.0,2.887165628521425,0.011088399406953886,3.8921000359191917,0.02257422175183442,4.895437807926873,0.03418588961983515,0.5637387037277222,0.1581910401582718,0.10819104313850403,0.7874042987823486,0.7874042987823486,0,ROW_FOLLOW,,1.0,109.0,114.0,0.010257183574140072,-0.00500236451625824,0.0,0.27774009108543396,0.0,-0.28774482011795044,0.0,0.5714285969734192,0.6857142448425293,0.9395641088485718,0.9394671320915222,1.0,0.4285714328289032,0.7874042987823486,0.30000001192092896,0.20000000298023224,0.20000000298023224,0.15000000596046448,0.15000000596046448,1.0,1.0,1.0,1.0
complex_qaware_v018_r2,closed_loop,complex,full,1,0.18,True,27.680015966,1785050563.6828828,2.914214674052923,0.017167718862875422,0.0031806465665065184,0.13191912956141466,0.035146045661126765,3.3105412228563136,0.1388751464725071,-0.019050848722104424,21.0,2.887165628521425,0.011088399406953886,3.8921000359191917,0.02257422175183442,4.895437807926873,0.03418588961983515,0.5637387037277222,0.1581910401582718,0.10819104313850403,0.7874042987823486,0.7874042987823486,0,ROW_FOLLOW,,1.0,109.0,114.0,0.010257183574140072,-0.00500236451625824,0.0,0.27774009108543396,0.0,-0.28774482011795044,0.0,0.5714285969734192,0.6857142448425293,0.9395641088485718,0.9394671320915222,1.0,0.4285714328289032,0.7874042987823486,0.30000001192092896,0.20000000298023224,0.20000000298023224,0.15000000596046448,0.15000000596046448,1.0,1.0,1.0,1.0
complex_qaware_v018_r2,closed_loop,complex,full,1,0.18,True,27.729552753,1785050563.7324195,2.9198071010959756,0.0172078034913526,0.0039053307264045344,0.13268182526182842,0.02935538192203442,3.31614286722884,0.14509088524263006,-0.013565635145975285,19.0,2.9017941471069313,0.012355929356077537,3.8017373065881888,0.022478250010619077,4.768342906504743,0.033355273769341345,0.5642204880714417,0.15348489582538605,0.10348489880561829,0.8173651695251465,0.8173651695251465,0,ROW_FOLLOW,,1.0,111.0,131.0,0.008140137419104576,-0.003630891442298889,0.0,0.27994534373283386,0.0,-0.28720712661743164,0.0,0.658730149269104,0.7119047045707703,0.9403674602508545,0.9286112785339355,1.0,0.4761904776096344,0.8173651695251465,0.30000001192092896,0.20000000298023224,0.20000000298023224,0.15000000596046448,0.15000000596046448,1.0,1.0,1.0,1.0
complex_qaware_v018_r2,closed_loop,complex,full,1,0.18,True,27.781547291,1785050563.7844143,2.9202110157234404,0.017228508724829682,0.004687706504591381,0.13278551638661407,0.018794664898316753,3.316561181528705,0.14489765111971062,-0.014853862632104852,19.0,2.9017941471069313,0.012355929356077537,3.8017373065881888,0.022478250010619077,4.768342906504743,0.033355273769341345,0.5642204880714417,0.15348489582538605,0.10348489880561829,0.8173651695251465,0.8173651695251465,0,ROW_FOLLOW,,1.0,111.0,131.0,0.008140137419104576,-0.003630891442298889,0.0,0.27994534373283386,0.0,-0.28720712661743164,0.0,0.658730149269104,0.7119047045707703,0.9403674602508545,0.9286112785339355,1.0,0.4761904776096344,0.8173651695251465,0.30000001192092896,0.20000000298023224,0.20000000298023224,0.15000000596046448,0.15000000596046448,1.0,1.0,1.0,1.0
complex_qaware_v018_r2,closed_loop,complex,full,1,0.18,True,27.829457226,1785050563.832324,2.9319001202843147,0.015679371446582355,0.005832218989389124,0.13755875646859286,0.023109858566720556,3.3284916571813503,0.08693560846616571,-0.003853955266847007,21.0,2.9116351725523906,0.013259325217990357,3.911574446322174,0.024285487700436287,4.9102066462579295,0.03487840231651752,0.5629342198371887,0.1485312432050705,0.09853124618530273,0.8092912435531616,0.6000000238418579,0,ROW_FOLLOW,,1.0,114.0,121.0,0.00601752707734704,-0.003212854266166687,0.0,0.28068655729293823,0.0,-0.2871122658252716,0.0,0.6507936716079712,0.6857142448425293,0.9382237195968628,0.9284371137619019,1.0,0.4285714328289032,0.8092912435531616,0.30000001192092896,0.20000000298023224,0.20000000298023224,0.15000000596046448,0.15000000596046448,1.0,1.0,1.0,1.0
complex_qaware_v018_r2,closed_loop,complex,full,1,0.18,True,27.879282595,1785050563.8821497,2.9420505639768177,0.016641799927743582,0.006510951032306256,0.13710562174801152,0.010162504814954024,3.338765062012447,0.08619557982421332,-0.009950060122772785,21.0,2.9116351725523906,0.013259325217990357,3.911574446322174,0.024285487700436287,4.9102066462579295,0.03487840231651752,0.5629342198371887,0.1485312432050705,0.09853124618530273,0.8092912435531616,0.6000000238418579,0,ROW_FOLLOW,,1.0,114.0,121.0,0.00601752707734704,-0.003212854266166687,0.0,0.28068655729293823,0.0,-0.2871122658252716,0.0,0.6507936716079712,0.6857142448425293,0.9382237195968628,0.9284371137619019,1.0,0.4285714328289032,0.8092912435531616,0.30000001192092896,0.20000000298023224,0.20000000298023224,0.15000000596046448,0.15000000596046448,1.0,1.0,1.0,1.0
complex_qaware_v018_r2,closed_loop,complex,full,1,0.18,True,27.929432068,1785050563.932299,2.948720547761955,0.016696170152501556,0.006932566847358767,0.13507986270961556,0.0007214002646229428,3.345438078105441,0.08580877570130732,-0.008643517941219434,20.0,2.925527969023315,0.01372310762240376,3.925468776433378,0.024607681858947437,4.881053372391399,0.03461406009019201,0.5624982714653015,0.14938823878765106,0.0993882417678833,0.8041797876358032,0.6000000238418579,0,ROW_FOLLOW,,1.0,124.0,123.0,0.004117397591471672,-0.003025546669960022,0.0,0.2811196446418762,0.0,-0.28717073798179626,0.0,0.6190476417541504,0.7119047045707703,0.9374970197677612,0.9239004850387573,1.0,0.4761904776096344,0.8041797876358032,0.30000001192092896,0.20000000298023224,0.20000000298023224,0.15000000596046448,0.15000000596046448,1.0,1.0,1.0,1.0
complex_qaware_v018_r2,closed_loop,complex,full,1,0.18,True,27.979504931,1785050563.9823718,2.9550712502703362,0.016757818350564627,0.007343807531130952,0.13292839917973828,0.01961293941216271,3.351799451549936,0.08570346927143431,-0.009516510369795693,20.0,2.925527969023315,0.01372310762240376,3.925468776433378,0.024607681858947437,4.881053372391399,0.03461406009019201,0.5624982714653015,0.14938823878765106,0.0993882417678833,0.8041797876358032,0.6000000238418579,0,ROW_FOLLOW,,1.0,124.0,123.0,0.004117397591471672,-0.003025546669960022,0.0,0.2811196446418762,0.0,-0.28717073798179626,0.0,0.6190476417541504,0.7119047045707703,0.9374970197677612,0.9239004850387573,1.0,0.4761904776096344,0.8041797876358032,0.30000001192092896,0.20000000298023224,0.20000000298023224,0.15000000596046448,0.15000000596046448,1.0,1.0,1.0,1.0
complex_qaware_v018_r2,closed_loop,complex,full,1,0.18,True,28.02948976,1785050564.0323565,2.95720437517798,0.01787467595582029,0.008117628574025204,0.13112786401303708,0.0045463774524444915,3.361724144269245,0.14621331047744712,-0.015428617813112841,21.0,2.939141179728708,0.014038545466724778,3.9390845586216074,0.024690132399272827,4.937556946972888,0.03557621771754903,0.563872218132019,0.1590411514043808,0.10904115438461304,0.8251533508300781,0.8251533508300781,0,ROW_FOLLOW,,1.0,119.0,129.0,0.0032779714092612267,-0.0022745728492736816,0.0,0.2821241021156311,0.0,-0.28667324781417847,0.0,0.6666666865348816,0.7380951642990112,0.9397870302200317,0.9305123090744019,1.0,0.523809552192688,0.8251533508300781,0.30000001192092896,0.20000000298023224,0.20000000298023224,0.15000000596046448,0.15000000596046448,1.0,1.0,1.0,1.0
complex_qaware_v018_r2,closed_loop,complex,full,1,0.18,True,28.081017121,1785050564.083884,2.963583365684222,0.01883720237312859,0.008859320790587603,0.12676505457324957,0.016481922805210734,3.368782402642088,0.1452657972011281,-0.021745372988573063,21.0,2.9535943154095556,0.014975599643647156,3.9535378383924176,0.025615628418703587,4.959236985288962,0.036947123406318914,0.5641742944717407,0.1585903912782669,0.10859039425849915,0.8315860033035278,0.8251533508300781,0,ROW_FOLLOW,,1.0,112.0,126.0,0.0018112361431121826,-0.0020103156566619873,0.0,0.28233057260513306,0.0,-0.28635120391845703,0.0,0.6825396418571472,0.7380951642990112,0.9402905702590942,0.9409798383712769,1.0,0.523809552192688,0.8315860033035278,0.30000001192092896,0.20000000298023224,0.20000000298023224,0.15000000596046448,0.15000000596046448,1.0,1.0,1.0,1.0
complex_qaware_v018_r2,closed_loop,complex,full,1,0.18,True,28.129473117,1785050564.13234,2.9688545113036193,0.018888009907146085,0.008998941888630707,0.1272393848423088,0.019417468209740555,3.3740586183573282,0.14711024016071345,-0.017168269559477065,21.0,2.9535943154095556,0.014975599643647156,3.9535378383924176,0.025615628418703587,4.959236985288962,0.036947123406318914,0.5641742944717407,0.1585903912782669,0.10859039425849915,0.8315860033035278,0.8315860033035278,0,ROW_FOLLOW,,1.0,112.0,126.0,0.0018112361431121826,-0.0020103156566619873,0.0,0.28233057260513306,0.0,-0.28635120391845703,0.0,0.6825396418571472,0.7380951642990112,0.9402905702590942,0.9409798383712769,1.0,0.523809552192688,0.8315860033035278,0.30000001192092896,0.20000000298023224,0.20000000298023224,0.15000000596046448,0.15000000596046448,1.0,1.0,1.0,1.0
complex_qaware_v018_r2,closed_loop,complex,full,1,0.18,True,28.179328536,1785050564.1821954,2.969194919772493,0.01889924806173188,0.00925474525617842,0.12633714034352514,-0.011139586114165406,3.374409737208938,0.1470436550425057,-0.017612170347528985,21.0,2.9535943154095556,0.014975599643647156,3.9535378383924176,0.025615628418703587,4.959236985288962,0.036947123406318914,0.5641742944717407,0.1585903912782669,0.10859039425849915,0.8315860033035278,0.8315860033035278,0,ROW_FOLLOW,,1.0,112.0,126.0,0.0018112361431121826,-0.0020103156566619873,0.0,0.28233057260513306,0.0,-0.28635120391845703,0.0,0.6825396418571472,0.7380951642990112,0.9402905702590942,0.9409798383712769,1.0,0.523809552192688,0.8315860033035278,0.30000001192092896,0.20000000298023224,0.20000000298023224,0.15000000596046448,0.15000000596046448,1.0,1.0,1.0,1.0
complex_qaware_v018_r2,closed_loop,complex,full,1,0.18,True,28.229623869,1785050564.2324908,2.9865678656417507,0.019052810529555715,0.009629402965357864,0.12512673683141573,0.019120149468113235,3.391785728468699,0.14600360292677553,-0.012187805541060286,19.0,2.966316399273681,0.01627027189090133,3.8662675396117776,0.025653093368493713,4.832882193749858,0.035701525508484926,0.5663855671882629,0.161112979054451,0.11111298203468323,0.8212876319885254,0.8212876319885254,0,ROW_FOLLOW,,1.0,109.0,125.0,0.0007295552641153336,-0.0014856308698654175,0.0,0.28301802277565,0.0,-0.28598928451538086,0.0,0.6507936120033264,0.7380951642990112,0.9439759850502014,0.930901825428009,1.0,0.523809552192688,0.8212876319885254,0.30000001192092896,0.20000000298023224,0.20000000298023224,0.15000000596046448,0.15000000596046448,1.0,1.0,1.0,1.0
complex_qaware_v018_r2,closed_loop,complex,full,1,0.18,True,28.282978886,1785050564.2858458,2.987666306552668,0.01944061266691835,0.010297837658190817,0.1228772858606279,0.011870997526338486,3.4031242889195665,0.14550858011297416,-0.01548795763306951,18.0,2.97717746338548,0.017528823808556315,3.9771238912993403,0.027887364923427315,4.838744795665294,0.03678571473230805,0.563035249710083,0.1553305834531784,0.10533058643341064,0.7912213802337646,0.8212876319885254,0,ROW_FOLLOW,,1.0,120.0,116.0,0.00010783318430185318,-0.0011816471815109253,0.0,0.28323787450790405,0.0,-0.2856011688709259,0.0,0.5873015522956848,0.6857142448425293,0.938391923904419,0.9347313642501831,1.0,0.4285714328289032,0.7912213802337646,0.30000001192092896,0.20000000298023224,0.20000000298023224,0.15000000596046448,0.15000000596046448,1.0,1.0,1.0,1.0
complex_qaware_v018_r2,closed_loop,complex,full,1,0.18,True,28.329353331,1785050564.33222,2.9932994463391096,0.019518316891555035,0.010941863121440857,0.12320579171165988,0.03412286874778986,3.4087660276673897,0.1408636126334301,-0.010374905390983517,18.0,2.97717746338548,0.017528823808556315,3.9771238912993403,0.027887364923427315,4.838744795665294,0.03678571473230805,0.563035249710083,0.1553305834531784,0.10533058643341064,0.7912213802337646,0.7912213802337646,0,ROW_FOLLOW,,1.0,120.0,116.0,0.00010783318430185318,-0.0011816471815109253,0.0,0.28323787450790405,0.0,-0.2856011688709259,0.0,0.5873015522956848,0.6857142448425293,0.938391923904419,0.9347313642501831,1.0,0.4285714328289032,0.7912213802337646,0.30000001192092896,0.20000000298023224,0.20000000298023224,0.15000000596046448,0.15000000596046448,1.0,1.0,1.0,1.0
complex_qaware_v018_r2,closed_loop,complex,full,1,0.18,True,28.379647576,1785050564.3825145,3.0022673520994325,0.019137274824044894,0.012151990937063314,0.12295978405434874,0.0037158508141265263,3.4177922635103926,0.1409414393677714,-0.009856060495374876,18.0,2.97717746338548,0.017528823808556315,3.9771238912993403,0.027887364923427315,4.838744795665294,0.03678571473230805,0.563035249710083,0.1553305834531784,0.10533058643341064,0.7912213802337646,0.7912213802337646,0,ROW_FOLLOW,,1.0,120.0,116.0,0.00010783318430185318,-0.0011816471815109253,0.0,0.28323787450790405,0.0,-0.2856011688709259,0.0,0.5873015522956848,0.6857142448425293,0.938391923904419,0.9347313642501831,1.0,0.4285714328289032,0.7912213802337646,0.30000001192092896,0.20000000298023224,0.20000000298023224,0.15000000596046448,0.15000000596046448,1.0,1.0,1.0,1.0
complex_qaware_v018_r2,closed_loop,complex,full,1,0.18,True,28.429300559,1785050564.4321675,3.005815147158738,0.0183785309541709,0.012160364967253479,0.12327112783362813,-0.009663616406645937,3.4214550983956036,0.14323377899607362,-0.004009163890921905,21.0,2.9900682641273946,0.017978636448287497,4.0900107646486346,0.02923846488237292,5.002172011433297,0.03871287767631921,0.563269317150116,0.15380127727985382,0.10380128026008606,0.7990841865539551,0.7990841865539551,0,ROW_FOLLOW,,1.0,114.0,122.0,-0.0018835924565792084,-0.0009608864784240723,0.0,0.2833804488182068,0.0,-0.28530222177505493,0.0,0.6111111640930176,0.6857142448425293,0.9387819170951843,0.9390109777450562,1.0,0.4285714328289032,0.7990841865539551,0.30000001192092896,0.20000000298023224,0.20000000298023224,0.15000000596046448,0.15000000596046448,1.0,1.0,1.0,1.0
complex_qaware_v018_r2,closed_loop,complex,full,1,0.18,True,28.479348942,1785050564.482216,3.0124516997115016,0.0184809669381811,0.013418062931615626,0.12438532053193467,0.023085692107427152,3.4281032254043526,0.14292302338438556,-0.0060808679688423364,21.0,2.9900682641273946,0.017978636448287497,4.0900107646486346,0.02923846488237292,5.002172011433297,0.03871287767631921,0.563269317150116,0.15380127727985382,0.10380128026008606,0.7990841865539551,0.7990841865539551,0,ROW_FOLLOW,,1.0,114.0,122.0,-0.0018835924565792084,-0.0009608864784240723,0.0,0.2833804488182068,0.0,-0.28530222177505493,0.0,0.6111111640930176,0.6857142448425293,0.9387819170951843,0.9390109777450562,1.0,0.4285714328289032,0.7990841865539551,0.30000001192092896,0.20000000298023224,0.20000000298023224,0.15000000596046448,0.15000000596046448,1.0,1.0,1.0,1.0
complex_qaware_v018_r2,closed_loop,complex,full,1,0.18,True,28.529508112,1785050564.532375,3.0192445168560385,0.018602454606691667,0.014421456192895928,0.12471499607692119,0.03202721297645269,3.4349104264033015,0.14639767409551757,-0.0075311977870849344,19.0,3.00080452685264,0.018111903076844186,4.000750832952161,0.02848495191098593,4.907265814450852,0.03771436860404448,0.56354159116745,0.15163762867450714,0.10163763165473938,0.8195964097976685,0.8195964097976685,0,ROW_FOLLOW,,1.0,124.0,134.0,-0.002983243204653263,-0.0005807578563690186,0.0,0.28331273794174194,0.0,-0.28447425365448,0.0,0.6825396418571472,0.6857142448425293,0.9392359852790833,0.932296633720398,1.0,0.4285714328289032,0.8195964097976685,0.30000001192092896,0.20000000298023224,0.20000000298023224,0.15000000596046448,0.15000000596046448,1.0,1.0,1.0,1.0
complex_qaware_v018_r2,closed_loop,complex,full,1,0.18,True,28.579373387,1785050564.5822403,3.0194539808778758,0.0186324852788674,0.015454147140538495,0.12825930159300822,0.008615444715736931,3.4351393152009218,0.1461437433080317,-0.009224069703657382,19.0,3.00080452685264,0.018111903076844186,4.000750832952161,0.02848495191098593,4.907265814450852,0.03771436860404448,0.56354159116745,0.15163762867450714,0.10163763165473938,0.8195964097976685,0.8195964097976685,0,ROW_FOLLOW,,1.0,124.0,134.0,-0.002983243204653263,-0.0005807578563690186,0.0,0.28331273794174194,0.0,-0.28447425365448,0.0,0.6825396418571472,0.6857142448425293,0.9392359852790833,0.932296633720398,1.0,0.4285714328289032,0.8195964097976685,0.30000001192092896,0.20000000298023224,0.20000000298023224,0.15000000596046448,0.15000000596046448,1.0,1.0,1.0,1.0
complex_qaware_v018_r2,closed_loop,complex,full,1,0.18,True,28.629323113,1785050564.63219,3.032277958495665,0.016606630988375268,0.0163216662811072,0.13028298057858712,0.03635520342724678,3.4522399000524904,0.08626126476009914,9.449782128134573e-05,19.0,3.011397957376259,0.018074982310760827,3.911350470153501,0.02732946780077061,4.944629274579635,0.037955957424553204,0.5632902979850769,0.1486627608537674,0.09866276383399963,0.7988202571868896,0.6000000238418579,0,ROW_FOLLOW,,1.0,118.0,120.0,-0.005308540537953377,-0.0004842430353164673,0.0,0.28346341848373413,0.0,-0.28443190455436707,0.0,0.6269841194152832,0.6595237255096436,0.9388172626495361,0.9403783679008484,1.0,0.380952388048172,0.7988202571868896,0.30000001192092896,0.20000000298023224,0.20000000298023224,0.15000000596046448,0.15000000596046448,1.0,1.0,1.0,1.0
complex_qaware_v018_r2,closed_loop,complex,full,1,0.18,True,28.679567916,1785050564.6824348,3.038835625441757,0.016736319878455207,0.017828324018875467,0.13143396917365502,0.028708518219534376,3.458812589048907,0.08600076698030747,-0.0022685186346662104,19.0,3.011397957376259,0.018074982310760827,3.911350470153501,0.02732946780077061,4.944629274579635,0.037955957424553204,0.5632902979850769,0.1486627608537674,0.09866276383399963,0.7988202571868896,0.6000000238418579,0,ROW_FOLLOW,,1.0,118.0,120.0,-0.005308540537953377,-0.0004842430353164673,0.0,0.28346341848373413,0.0,-0.28443190455436707,0.0,0.6269841194152832,0.6595237255096436,0.9388172626495361,0.9403783679008484,1.0,0.380952388048172,0.7988202571868896,0.30000001192092896,0.20000000298023224,0.20000000298023224,0.15000000596046448,0.15000000596046448,1.0,1.0,1.0,1.0
complex_qaware_v018_r2,closed_loop,complex,full,1,0.18,True,28.729348678,1785050564.7322156,3.0453035734399703,0.01687224065578779,0.018519592619374407,0.1318842866112888,0.021333004555715716,3.465291011964145,0.1444282429595431,-0.007996420608864685,19.0,3.0235862351700464,0.017393430669604828,3.923537597066746,0.026756476328861828,5.023478132305826,0.0382001981729996,0.5610413551330566,0.1510414332151413,0.10104143619537354,0.8090428113937378,0.8090428113937378,0,ROW_FOLLOW,,1.0,138.0,139.0,-0.007198037579655647,-0.0006045699119567871,0.0,0.28297871351242065,0.0,-0.28418785333633423,0.0,0.634920597076416,0.7119047045707703,0.9350689649581909,0.9278125762939453,1.0,0.4761904776096344,0.8090428113937378,0.30000001192092896,0.20000000298023224,0.20000000298023224,0.15000000596046448,0.15000000596046448,1.0,1.0,1.0,1.0
complex_qaware_v018_r2,closed_loop,complex,full,1,0.18,True,28.782270566,1785050564.7851374,3.0451686573012644,0.016899787956466565,0.01975729703031215,0.12961412559213578,0.01417279511227895,3.46544968595158,0.14412743092954153,-0.010001834142208595,19.0,3.0235862351700464,0.017393430669604828,3.923537597066746,0.026756476328861828,5.023478132305826,0.0382001981729996,0.5610413551330566,0.1510414332151413,0.10104143619537354,0.8090428113937378,0.8090428113937378,0,ROW_FOLLOW,,1.0,138.0,139.0,-0.007198037579655647,-0.0006045699119567871,0.0,0.28297871351242065,0.0,-0.28418785333633423,0.0,0.634920597076416,0.7119047045707703,0.9350689649581909,0.9278125762939453,1.0,0.4761904776096344,0.8090428113937378,0.30000001192092896,0.20000000298023224,0.20000000298023224,0.15000000596046448,0.15000000596046448,1.0,1.0,1.0,1.0
complex_qaware_v018_r2,closed_loop,complex,full,1,0.18,True,28.829526727,1785050564.8323936,3.0598078345227977,0.017321366860269756,0.020034420227112097,0.13132051531386643,0.01775465715843704,3.4803071989949323,0.1454594463436154,-0.014740486722292,20.0,3.037041867189765,0.01700214108044473,4.0369881330087845,0.02737801385061797,5.0527177254448095,0.03743056569718771,0.5593652725219727,0.15177275240421295,0.10177275538444519,0.8203917741775513,0.8203917741775513,0,ROW_FOLLOW,,1.0,107.0,112.0,-0.009405016899108887,8.876621723175049e-05,0.0,0.2822803556919098,0.0,-0.2821028232574463,0.0,0.6746031641960144,0.7119047045707703,0.9322754740715027,0.9278319478034973,1.0,0.4761904776096344,0.8203917741775513,0.30000001192092896,0.20000000298023224,0.20000000298023224,0.15000000596046448,0.15000000596046448,1.0,1.0,1.0,1.0
complex_qaware_v018_r2,closed_loop,complex,full,1,0.18,True,28.879512677,1785050564.8823795,3.066192571676037,0.017465101118511052,0.020970322232893857,0.13060082491770683,0.017976978311185082,3.486700910576032,0.14519569447643568,-0.016498832503490105,20.0,3.037041867189765,0.01700214108044473,4.0369881330087845,0.02737801385061797,5.0527177254448095,0.03743056569718771,0.5593652725219727,0.15177275240421295,0.10177275538444519,0.8203917741775513,0.8203917741775513,0,ROW_FOLLOW,,1.0,107.0,112.0,-0.009405016899108887,8.876621723175049e-05,0.0,0.2822803556919098,0.0,-0.2821028232574463,0.0,0.6746031641960144,0.7119047045707703,0.9322754740715027,0.9278319478034973,1.0,0.4761904776096344,0.8203917741775513,0.30000001192092896,0.20000000298023224,0.20000000298023224,0.15000000596046448,0.15000000596046448,1.0,1.0,1.0,1.0
complex_qaware_v018_r2,closed_loop,complex,full,1,0.18,True,28.929434945,1785050564.9323018,3.0717496709921215,0.017595531460091317,0.021483481213623985,0.13098072753754764,0.02155507907177393,3.492266072316361,0.14531820167684673,-0.017825453176490643,21.0,3.052616035732298,0.017137993302011476,4.052561962421254,0.027546222174949647,5.066076751667068,0.03904082909784784,0.5586516857147217,0.1541886180639267,0.10418862104415894,0.8221778869628906,0.8221778869628906,0,ROW_FOLLOW,,1.0,126.0,125.0,-0.010727642104029655,0.0010907799005508423,0.0,0.2827037274837494,0.0,-0.2805221676826477,0.0,0.6666666865348816,0.7380951642990112,0.9310861229896545,0.9222769737243652,1.0,0.523809552192688,0.8221778869628906,0.30000001192092896,0.20000000298023224,0.20000000298023224,0.15000000596046448,0.15000000596046448,1.0,1.0,1.0,1.0
complex_qaware_v018_r2,closed_loop,complex,full,1,0.18,True,28.980073326,1785050564.9829402,3.085516962422722,0.019386267092125806,0.02210569655329752,0.13125483212702913,0.009995702713547609,3.5061573919285385,0.14382570816037205,-0.02777540995298846,21.0,3.052616035732298,0.017137993302011476,4.052561962421254,0.027546222174949647,5.066076751667068,0.03904082909784784,0.5586516857147217,0.1541886180639267,0.10418862104415894,0.8221778869628906,0.8221778869628906,0,ROW_FOLLOW,,1.0,126.0,125.0,-0.010727642104029655,0.0010907799005508423,0.0,0.2827037274837494,0.0,-0.2805221676826477,0.0,0.6666666865348816,0.7380951642990112,0.9310861229896545,0.9222769737243652,1.0,0.523809552192688,0.8221778869628906,0.30000001192092896,0.20000000298023224,0.20000000298023224,0.15000000596046448,0.15000000596046448,1.0,1.0,1.0,1.0
complex_qaware_v018_r2,closed_loop,complex,full,1,0.18,True,29.029315772,1785050565.0321827,3.092246684910426,0.01954491092645715,0.022695861705792627,0.1409095002080881,0.020154584783424107,3.5128928421798666,0.14391419925663676,-0.022055512112127005,21.0,3.068170264641347,0.018621580057233297,4.06811763317554,0.028892286136508752,5.075738616676435,0.0400292047815522,0.5624513030052185,0.1551111489534378,0.10511115193367004,0.8179029226303101,0.8179029226303101,0,ROW_FOLLOW,,1.0,121.0,116.0,-0.01188800111413002,0.001196339726448059,0.0,0.28308549523353577,0.0,-0.28069281578063965,0.0,0.6587302088737488,0.7119047045707703,0.9374188780784607,0.9361280798912048,1.0,0.4761904776096344,0.8179029226303101,0.30000001192092896,0.20000000298023224,0.20000000298023224,0.15000000596046448,0.15000000596046448,1.0,1.0,1.0,1.0
complex_qaware_v018_r2,closed_loop,complex,full,1,0.18,True,29.079246266,1785050565.0821133,3.099095252157778,0.01971384301922746,0.02317757204005888,0.13957882221145085,0.007112701796809173,3.5197512194738008,0.14372761400789066,-0.02329941377043435,21.0,3.068170264641347,0.018621580057233297,4.06811763317554,0.028892286136508752,5.075738616676435,0.0400292047815522,0.5624513030052185,0.1551111489534378,0.10511115193367004,0.8179029226303101,0.8179029226303101,0,ROW_FOLLOW,,1.0,121.0,116.0,-0.01188800111413002,0.001196339726448059,0.0,0.28308549523353577,0.0,-0.28069281578063965,0.0,0.6587302088737488,0.7119047045707703,0.9374188780784607,0.9361280798912048,1.0,0.4761904776096344,0.8179029226303101,0.30000001192092896,0.20000000298023224,0.20000000298023224,0.15000000596046448,0.15000000596046448,1.0,1.0,1.0,1.0
complex_qaware_v018_r2,closed_loop,complex,full,1,0.18,True,29.129499007,1785050565.1323662,3.1025981070028363,0.021662172183684925,0.023236611077681598,0.1467937426342834,-0.0006499172480980235,3.53078205371428,0.1398222677872166,-0.02463384140492489,21.0,3.0835850374846228,0.020475502009714184,4.083532901643088,0.030697928971229558,5.083480753945292,0.04092035580822205,0.5601214170455933,0.15238745510578156,0.1023874580860138,0.7973185777664185,0.7973185777664185,0,ROW_FOLLOW,,1.0,118.0,115.0,-0.012970135547220707,0.002574428915977478,0.0,0.2842385470867157,0.0,-0.27908968925476074,0.0,0.6111111044883728,0.6857142448425293,0.933535635471344,0.9342349171638489,1.0,0.4285714328289032,0.7973185777664185,0.30000001192092896,0.20000000298023224,0.20000000298023224,0.15000000596046448,0.15000000596046448,1.0,1.0,1.0,1.0
complex_qaware_v018_r2,closed_loop,complex,full,1,0.18,True,29.179307866,1785050565.1821747,3.1131376477837795,0.022780059073804648,0.02405089421342765,0.1450973562400539,0.006552801912201865,3.5414544935524654,0.13880625899938628,-0.03140723332379353,21.0,3.0835850374846228,0.020475502009714184,4.083532901643088,0.030697928971229558,5.083480753945292,0.04092035580822205,0.5601214170455933,0.15238745510578156,0.1023874580860138,0.7973185777664185,0.7973185777664185,0,ROW_FOLLOW,,1.0,118.0,115.0,-0.012970135547220707,0.002574428915977478,0.0,0.2842385470867157,0.0,-0.27908968925476074,0.0,0.6111111044883728,0.6857142448425293,0.933535635471344,0.9342349171638489,1.0,0.4285714328289032,0.7973185777664185,0.30000001192092896,0.20000000298023224,0.20000000298023224,0.15000000596046448,0.15000000596046448,1.0,1.0,1.0,1.0
complex_qaware_v018_r2,closed_loop,complex,full,1,0.18,True,29.229888678,1785050565.2327557,3.117911029951139,0.02259786214158394,0.024120505722746266,0.14891442205256267,0.010808563707844911,3.550769073317067,0.14120707430492113,-0.018301873866036714,21.0,3.0992271645230147,0.02287823771800569,4.099175814070935,0.03302274558055056,5.099124431443226,0.043167253294394414,0.5600169897079468,0.1538187712430954,0.10381877422332764,0.7997353076934814,0.7997353076934814,0,ROW_FOLLOW,,1.0,120.0,110.0,-0.014041981659829617,0.0029841214418411255,0.0,0.28508949279785156,0.0,-0.2791212499141693,0.0,0.6190476417541504,0.6857142448425293,0.9333617091178894,0.9347052574157715,1.0,0.4285714328289032,0.7997353076934814,0.30000001192092896,0.20000000298023224,0.20000000298023224,0.15000000596046448,0.15000000596046448,1.0,1.0,1.0,1.0
complex_qaware_v018_r2,closed_loop,complex,full,1,0.18,True,29.279390362,1785050565.2822573,3.125275944909691,0.022796343622000642,0.025058500734250987,0.14562322516033901,0.028511183974317414,3.558147557646412,0.14092113331931988,-0.020208147103378392,21.0,3.0992271645230147,0.02287823771800569,4.099175814070935,0.03302274558055056,5.099124431443226,0.043167253294394414,0.5600169897079468,0.1538187712430954,0.10381877422332764,0.7997353076934814,0.7997353076934814,0,ROW_FOLLOW,,1.0,120.0,110.0,-0.014041981659829617,0.0029841214418411255,0.0,0.28508949279785156,0.0,-0.2791212499141693,0.0,0.6190476417541504,0.6857142448425293,0.9333617091178894,0.9347052574157715,1.0,0.4285714328289032,0.7997353076934814,0.30000001192092896,0.20000000298023224,0.20000000298023224,0.15000000596046448,0.15000000596046448,1.0,1.0,1.0,1.0
complex_qaware_v018_r2,closed_loop,complex,full,1,0.18,True,29.329391738,1785050565.3322587,3.1324524358953485,0.022989473873383577,0.025058011658141137,0.14622662736245737,0.0017569092409300993,3.5653322549876436,0.08621709406384898,-0.011122335017599565,19.0,3.1124714535563576,0.024822620378019248,4.012424048617805,0.03406508137930952,4.979039679784769,0.044013690648062875,0.5565347671508789,0.14737366139888763,0.09737366437911987,0.8108319044113159,0.6000000238418579,0,ROW_FOLLOW,,1.0,108.0,107.0,-0.01446610502898693,0.003619551658630371,0.0,0.2851499319076538,0.0,-0.27791082859039307,0.0,0.682539701461792,0.6595237255096436,0.9275578260421753,0.924357533454895,1.0,0.380952388048172,0.8108319044113159,0.30000001192092896,0.20000000298023224,0.20000000298023224,0.15000000596046448,0.15000000596046448,1.0,1.0,1.0,1.0
complex_qaware_v018_r2,closed_loop,complex,full,1,0.18,True,29.379982118,1785050565.382849,3.1334696286547623,0.0230422082388215,0.025855899764521066,0.1443488174457232,0.014850881099582438,3.5663680172588337,0.08605041845242054,-0.012492743282014076,19.0,3.1124714535563576,0.024822620378019248,4.012424048617805,0.03406508137930952,4.979039679784769,0.044013690648062875,0.5565347671508789,0.14737366139888763,0.09737366437911987,0.8108319044113159,0.6000000238418579,0,ROW_FOLLOW,,1.0,108.0,107.0,-0.01446610502898693,0.003619551658630371,0.0,0.2851499319076538,0.0,-0.27791082859039307,0.0,0.682539701461792,0.6595237255096436,0.9275578260421753,0.924357533454895,1.0,0.380952388048172,0.8108319044113159,0.30000001192092896,0.20000000298023224,0.20000000298023224,0.15000000596046448,0.15000000596046448,1.0,1.0,1.0,1.0
complex_qaware_v018_r2,closed_loop,complex,full,1,0.18,True,29.429360856,1785050565.4322278,3.1448301359922226,0.02480894424997953,0.026097472356867872,0.13763603451953874,0.0049191003994887,3.578006232440332,0.14155372400501126,-0.013543842936969107,19.0,3.123924142185244,0.026454794825818268,4.023876498004757,0.03571920855399468,5.057155023248715,0.04637513284631258,0.5568004846572876,0.15189339220523834,0.10189339518547058,0.7976961135864258,0.7976961135864258,0,ROW_FOLLOW,,1.0,125.0,115.0,-0.015575282275676727,0.004142671823501587,0.0,0.2855377793312073,0.0,-0.2772524356842041,0.0,0.6349206566810608,0.6595237255096436,0.9280008673667908,0.9314330220222473,1.0,0.380952388048172,0.7976961135864258,0.30000001192092896,0.20000000298023224,0.20000000298023224,0.15000000596046448,0.15000000596046448,1.0,1.0,1.0,1.0
complex_qaware_v018_r2,closed_loop,complex,full,1,0.18,True,29.479883363,1785050565.4827502,3.151404661875442,0.02498329009536104,0.02600509976129128,0.13657629473828523,-0.003624991521697536,3.584585555027767,0.14153229888092914,-0.013686677097516682,19.0,3.123924142185244,0.026454794825818268,4.023876498004757,0.03571920855399468,5.057155023248715,0.04637513284631258,0.5568004846572876,0.15189339220523834,0.10189339518547058,0.7976961135864258,0.7976961135864258,0,ROW_FOLLOW,,1.0,125.0,115.0,-0.015575282275676727,0.004142671823501587,0.0,0.2855377793312073,0.0,-0.2772524356842041,0.0,0.6349206566810608,0.6595237255096436,0.9280008673667908,0.9314330220222473,1.0,0.380952388048172,0.7976961135864258,0.30000001192092896,0.20000000298023224,0.20000000298023224,0.15000000596046448,0.15000000596046448,1.0,1.0,1.0,1.0
complex_qaware_v018_r2,closed_loop,complex,full,1,0.18,True,29.529464025,1785050565.532331,3.155449421436258,0.026006718969802813,0.02634479731068716,0.12499260785544808,0.02847180949109381,3.5940384901924993,0.14341719210088677,-0.012977659706246428,21.0,3.1366730142724286,0.02786937933128379,4.13662012819583,0.03816143130702269,5.1512544880007365,0.05001482238136383,0.5573530197143555,0.1528535634279251,0.10285356640815735,0.8075768947601318,0.8075768947601318,0,ROW_FOLLOW,,1.0,130.0,82.0,-0.016001414507627487,0.005024746060371399,0.0,0.28553250432014465,0.0,-0.27548301219940186,0.0,0.6349206566810608,0.7119046449661255,0.9289218187332153,0.9262362122535706,1.0,0.4761904776096344,0.8075768947601318,0.30000001192092896,0.20000000298023224,0.20000000298023224,0.15000000596046448,0.15000000596046448,1.0,1.0,1.0,1.0
complex_qaware_v018_r2,closed_loop,complex,full,1,0.18,True,29.579401367,1785050565.5822685,3.162184767376648,0.026197375815877694,0.026700068230435917,0.12862698661996233,-0.002262250426722491,3.600787233749986,0.14328844377949987,-0.013835981848825804,21.0,3.1366730142724286,0.02786937933128379,4.13662012819583,0.03816143130702269,5.1512544880007365,0.05001482238136383,0.5573530197143555,0.1528535634279251,0.10285356640815735,0.8075768947601318,0.8075768947601318,0,ROW_FOLLOW,,1.0,130.0,82.0,-0.016001414507627487,0.005024746060371399,0.0,0.28553250432014465,0.0,-0.27548301219940186,0.0,0.6349206566810608,0.7119046449661255,0.9289218187332153,0.9262362122535706,1.0,0.4761904776096344,0.8075768947601318,0.30000001192092896,0.20000000298023224,0.20000000298023224,0.15000000596046448,0.15000000596046448,1.0,1.0,1.0,1.0
complex_qaware_v018_r2,closed_loop,complex,full,1,0.18,True,29.629872417,1785050565.6327393,3.16509244888854,0.026266482419634148,0.026093036689418536,0.1287615183409038,-0.008866383176644638,3.6037078631308046,0.14408274628974946,-0.0052982344721455195,19.0,3.1489721880535853,0.028623719357014146,4.0488814026366295,0.04070932664427223,5.082107126077699,0.0548137229561633,0.5537468194961548,0.15177138149738312,0.10177138447761536,0.8048748970031738,0.8048748970031738,0,ROW_FOLLOW,,1.0,136.0,80.0,-0.006697336211800575,0.0024818331003189087,0.0,0.28271588683128357,0.0,-0.27775222063064575,0.0,0.6666666865348816,0.6595237255096436,0.9229113459587097,0.9225857257843018,1.0,0.380952388048172,0.8048748970031738,0.30000001192092896,0.20000000298023224,0.20000000298023224,0.15000000596046448,0.15000000596046448,1.0,1.0,1.0,1.0
complex_qaware_v018_r2,closed_loop,complex,full,1,0.18,True,29.683569235,1785050565.6864362,3.165091861379468,0.02628806993217102,0.027035825948999125,0.1316863976627008,0.020484408182798106,3.603730428981415,0.1438537418602082,-0.006824930669087332,21.0,3.1595377660889894,0.027941124271004536,4.159326532300239,0.047179741285728834,5.157805187603258,0.06528677682129726,0.5563037395477295,0.1525016576051712,0.10250166058540344,0.7960841655731201,0.8048748970031738,0,ROW_FOLLOW,,1.0,114.0,75.0,0.0006786473095417023,-0.0011516362428665161,0.0,0.278484046459198,0.0,-0.28078731894493103,0.0,0.6428571939468384,0.6595237255096436,0.9243896007537842,0.9096286296844482,1.0,0.380952388048172,0.7960841655731201,0.30000001192092896,0.20000000298023224,0.20000000298023224,0.15000000596046448,0.15000000596046448,1.0,1.0,1.0,1.0
complex_qaware_v018_r2,closed_loop,complex,full,1,0.18,True,29.729401333,1785050565.7322683,3.174851353131567,0.028038558270550084,0.026823472084951405,0.12985499955719607,0.002795495180000815,3.615010572920121,0.14176002595233825,-0.010234159005488921,21.0,3.1595377660889894,0.027941124271004536,4.159326532300239,0.047179741285728834,5.157805187603258,0.06528677682129726,0.5563037395477295,0.1525016576051712,0.10250166058540344,0.7960841655731201,0.7960841655731201,0,ROW_FOLLOW,,1.0,114.0,75.0,0.0006786473095417023,-0.0011516362428665161,0.0,0.278484046459198,0.0,-0.28078731894493103,0.0,0.6428571939468384,0.6595237255096436,0.9243896007537842,0.9096286296844482,1.0,0.380952388048172,0.7960841655731201,0.30000001192092896,0.20000000298023224,0.20000000298023224,0.15000000596046448,0.15000000596046448,1.0,1.0,1.0,1.0
complex_qaware_v018_r2,closed_loop,complex,full,1,0.18,True,29.782036207,1785050565.784903,3.1817589255173084,0.028234083775225363,0.02735787933473954,0.13281938918797576,0.01841508967924921,3.6219283547753203,0.14160130960584907,-0.011292267982083562,21.0,3.169710396902849,0.026030715449840425,4.169379145649951,0.05147927277344122,5.172704143950061,0.08105098664770846,0.5518229603767395,0.15169890224933624,0.10169890522956848,0.7859872579574585,0.7960841655731201,0,ROW_FOLLOW,,1.0,106.0,73.0,0.001279374584555626,-0.003959149122238159,0.0,0.27502357959747314,0.0,-0.28294187784194946,0.0,0.60317462682724,0.6595237255096436,0.9197050929069519,0.9279276728630066,1.0,0.380952388048172,0.7859872579574585,0.30000001192092896,0.20000000298023224,0.20000000298023224,0.15000000596046448,0.15000000596046448,1.0,1.0,1.0,1.0
complex_qaware_v018_r2,closed_loop,complex,full,1,0.18,True,29.829433493,1785050565.8323007,3.1925428510791467,0.025421652368786966,0.027500248111835827,0.13480147361683126,0.021069078043422538,3.6336601672489675,0.1409618046511727,0.0034393452077989533,21.0,3.169710396902849,0.026030715449840425,4.169379145649951,0.05147927277344122,5.172704143950061,0.08105098664770846,0.5518229603767395,0.15169890224933624,0.10169890522956848,0.7859872579574585,0.7859872579574585,0,ROW_FOLLOW,,1.0,106.0,73.0,0.001279374584555626,-0.003959149122238159,0.0,0.27502357959747314,0.0,-0.28294187784194946,0.0,0.60317462682724,0.6595237255096436,0.9197050929069519,0.9279276728630066,1.0,0.380952388048172,0.7859872579574585,0.30000001192092896,0.20000000298023224,0.20000000298023224,0.15000000596046448,0.15000000596046448,1.0,1.0,1.0,1.0
complex_qaware_v018_r2,closed_loop,complex,full,1,0.18,True,29.879804476,1785050565.8826714,3.1993899124200027,0.02562314425135649,0.028535141677140004,0.13512624979317328,0.02565459375893286,3.6405202015752836,0.14119271723458726,0.0018999279850352125,21.0,3.169710396902849,0.026030715449840425,4.169379145649951,0.05147927277344122,5.172704143950061,0.08105098664770846,0.5518229603767395,0.15169890224933624,0.10169890522956848,0.7859872579574585,0.7859872579574585,0,ROW_FOLLOW,,1.0,106.0,73.0,0.001279374584555626,-0.003959149122238159,0.0,0.27502357959747314,0.0,-0.28294187784194946,0.0,0.60317462682724,0.6595237255096436,0.9197050929069519,0.9279276728630066,1.0,0.380952388048172,0.7859872579574585,0.30000001192092896,0.20000000298023224,0.20000000298023224,0.15000000596046448,0.15000000596046448,1.0,1.0,1.0,1.0
complex_qaware_v018_r2,closed_loop,complex,full,1,0.18,True,29.929534102,1785050565.9324012,3.2138103564568934,0.024121165574527703,0.02896197168006065,0.13909854389996276,0.035829999274949564,3.6551371118728087,0.14058009531641955,-0.00495553635590905,21.0,3.182158729438372,0.02343593178611437,4.181833505873727,0.0485753006798244,5.181508271152558,0.07371466958295396,0.5552828311920166,0.15477938950061798,0.10477939248085022,0.7851301431655884,0.7851301431655884,0,ROW_FOLLOW,,1.0,89.0,78.0,-0.009460151195526123,-0.00472964346408844,0.0,0.2747156023979187,0.0,-0.2841748893260956,0.0,0.5873015522956848,0.6595237255096436,0.9254713654518127,0.9462707042694092,1.0,0.380952388048172,0.7851301431655884,0.30000001192092896,0.20000000298023224,0.20000000298023224,0.15000000596046448,0.15000000596046448,1.0,1.0,1.0,1.0
complex_qaware_v018_r2,closed_loop,complex,full,1,0.18,True,29.98170567,1785050565.9845726,3.2209260469718,0.024334097133399943,0.028913451855882673,0.13881865236909482,0.008432466000153491,3.6622579655551566,0.14056832935877442,-0.005033976073543241,21.0,3.200773349406839,0.02196106680362175,4.200554148116388,0.04169068111094961,5.200334968660125,0.06142029685011452,0.5585576891899109,0.14436157047748566,0.0943615734577179,0.7598974704742432,0.7851301431655884,0,ROW_FOLLOW,,1.0,97.0,87.0,-0.017431534826755524,-0.0036220550537109375,0.0,0.27634167671203613,0.0,-0.283585786819458,0.0,0.5,0.6595237255096436,0.9309294819831848,0.9453790783882141,1.0,0.380952388048172,0.7598974704742432,0.30000001192092896,0.20000000298023224,0.20000000298023224,0.15000000596046448,0.15000000596046448,1.0,1.0,1.0,1.0
complex_qaware_v018_r2,closed_loop,complex,full,1,0.18,True,30.029417074,1785050566.032284,3.221868992772636,0.023498152486673484,0.02990975041018907,0.1413677176553348,0.018600806823560037,3.674357444084894,0.07966376060941746,-0.021100795789373787,21.0,3.200773349406839,0.02196106680362175,4.200554148116388,0.04169068111094961,5.200334968660125,0.06142029685011452,0.5585576891899109,0.14436157047748566,0.0943615734577179,0.7598974704742432,0.6000000238418579,0,ROW_FOLLOW,,1.0,97.0,87.0,-0.017431534826755524,-0.0036220550537109375,0.0,0.27634167671203613,0.0,-0.283585786819458,0.0,0.5,0.6595237255096436,0.9309294819831848,0.9453790783882141,1.0,0.380952388048172,0.7598974704742432,0.30000001192092896,0.20000000298023224,0.20000000298023224,0.15000000596046448,0.15000000596046448,1.0,1.0,1.0,1.0
complex_qaware_v018_r2,closed_loop,complex,full,1,0.18,True,30.079333009,1785050566.0822,3.228395578468896,0.02370482466874336,0.030594182851201086,0.13818205141912435,0.007181275266696553,3.6808918198859173,0.0794940639096054,-0.022589564177264806,21.0,3.200773349406839,0.02196106680362175,4.200554148116388,0.04169068111094961,5.200334968660125,0.06142029685011452,0.5585576891899109,0.14436157047748566,0.0943615734577179,0.7598974704742432,0.6000000238418579,0,ROW_FOLLOW,,1.0,97.0,87.0,-0.017431534826755524,-0.0036220550537109375,0.0,0.27634167671203613,0.0,-0.283585786819458,0.0,0.5,0.6595237255096436,0.9309294819831848,0.9453790783882141,1.0,0.380952388048172,0.7598974704742432,0.30000001192092896,0.20000000298023224,0.20000000298023224,0.15000000596046448,0.15000000596046448,1.0,1.0,1.0,1.0
complex_qaware_v018_r2,closed_loop,complex,full,1,0.18,True,30.12938389,1785050566.1322508,3.2329451587777402,0.023854462544968924,0.03113996514819562,0.1384687793089395,0.029494728495470964,3.6854509468409313,0.0752297182422599,-0.04075955714015905,21.0,3.216281097038594,0.02178481400243917,4.216198394368525,0.032329837587155685,5.216115713466596,0.042874862448081606,0.5565127730369568,0.14582975208759308,0.09582975506782532,0.7383710145950317,0.6000000238418579,0,ROW_FOLLOW,,1.0,83.0,83.0,-0.02951461263000965,4.297494888305664e-05,0.0,0.27996546030044556,0.0,-0.27987951040267944,0.0,0.4682539999485016,0.6071427464485168,0.927521288394928,0.9397467374801636,1.0,0.2857142984867096,0.7383710145950317,0.30000001192092896,0.20000000298023224,0.20000000298023224,0.15000000596046448,0.15000000596046448,1.0,1.0,1.0,1.0
complex_qaware_v018_r2,closed_loop,complex,full,1,0.18,True,30.179284881,1785050566.182152,3.2400412101523686,0.024310344067399046,0.031938358032133525,0.12562507502371073,0.013418024778779902,3.6925716348796693,0.07486427120273904,-0.04405913627943759,21.0,3.216281097038594,0.02178481400243917,4.216198394368525,0.032329837587155685,5.216115713466596,0.042874862448081606,0.5565127730369568,0.14582975208759308,0.09582975506782532,0.7383710145950317,0.6000000238418579,0,ROW_FOLLOW,,1.0,83.0,83.0,-0.02951461263000965,4.297494888305664e-05,0.0,0.27996546030044556,0.0,-0.27987951040267944,0.0,0.4682539999485016,0.6071427464485168,0.927521288394928,0.9397467374801636,1.0,0.2857142984867096,0.7383710145950317,0.30000001192092896,0.20000000298023224,0.20000000298023224,0.15000000596046448,0.15000000596046448,1.0,1.0,1.0,1.0
complex_qaware_v018_r2,closed_loop,complex,full,1,0.18,True,30.229369267,1785050566.2322364,3.245725996224246,0.02450392044890082,0.03265937716497593,0.12560107828991063,0.02953486732541685,3.698264112145884,0.07700959687605732,-0.04621574624532052,20.0,3.2298027691975193,0.023883103834067148,4.229780404353353,0.027615009081284,5.163093634075022,0.03092820775913185,0.5569972395896912,0.14772893488407135,0.09772893786430359,0.7619609832763672,0.6000000238418579,0,ROW_FOLLOW,,1.0,87.0,76.0,-0.0333038792014122,0.0028788894414901733,0.0,0.28297159075737,0.0,-0.27721381187438965,0.0,0.523809552192688,0.6333332657814026,0.9283285737037659,0.9499050974845886,1.0,0.3333333432674408,0.7619609832763672,0.30000001192092896,0.20000000298023224,0.20000000298023224,0.15000000596046448,0.15000000596046448,1.0,1.0,1.0,1.0
complex_qaware_v018_r2,closed_loop,complex,full,1,0.18,True,30.280991704,1785050566.2838588,3.2549319323858588,0.024069629637106266,0.03288237537796279,0.1164572986648987,0.011280127467532312,3.7075296440530976,0.07728433176293481,-0.04381199335939064,21.0,3.241132066082898,0.027034107318693924,4.241129173176543,0.025648676479215635,5.241667699735549,0.024165771684901357,0.5577636957168579,0.15008433163166046,0.1000843346118927,0.7614418268203735,0.6000000238418579,0,ROW_FOLLOW,,1.0,87.0,85.0,-0.03675272688269615,0.006095707416534424,0.0,0.2860793173313141,0.0,-0.27388790249824524,0.0,0.523809552192688,0.6333332657814026,0.9296063184738159,0.9447402954101562,1.0,0.3333333432674408,0.7614418268203735,0.30000001192092896,0.20000000298023224,0.20000000298023224,0.15000000596046448,0.15000000596046448,1.0,1.0,1.0,1.0
complex_qaware_v018_r2,closed_loop,complex,full,1,0.18,True,30.329442389,1785050566.3323092,3.260160850421993,0.024247785733421647,0.033241352582314775,0.11622230577627217,0.00915050396583837,3.7127656148921035,0.13150938612054228,-0.03700095138083292,21.0,3.241132066082898,0.027034107318693924,4.241129173176543,0.025648676479215635,5.241667699735549,0.024165771684901357,0.5577636957168579,0.15008433163166046,0.1000843346118927,0.7614418268203735,0.7614418268203735,0,ROW_FOLLOW,,1.0,87.0,85.0,-0.03675272688269615,0.006095707416534424,0.0,0.2860793173313141,0.0,-0.27388790249824524,0.0,0.523809552192688,0.6333332657814026,0.9296063184738159,0.9447402954101562,1.0,0.3333333432674408,0.7614418268203735,0.30000001192092896,0.20000000298023224,0.20000000298023224,0.15000000596046448,0.15000000596046448,1.0,1.0,1.0,1.0
complex_qaware_v018_r2,closed_loop,complex,full,1,0.18,True,30.379329459,1785050566.3821964,3.261817020343752,0.024316031641199526,0.03401654266497413,0.1105309468792985,0.016562396897408318,3.714436376677312,0.13129842958241775,-0.03840732830166321,21.0,3.241132066082898,0.027034107318693924,4.241129173176543,0.025648676479215635,5.241667699735549,0.024165771684901357,0.5577636957168579,0.15008433163166046,0.1000843346118927,0.7614418268203735,0.7614418268203735,0,ROW_FOLLOW,,1.0,87.0,85.0,-0.03675272688269615,0.006095707416534424,0.0,0.2860793173313141,0.0,-0.27388790249824524,0.0,0.523809552192688,0.6333332657814026,0.9296063184738159,0.9447402954101562,1.0,0.3333333432674408,0.7614418268203735,0.30000001192092896,0.20000000298023224,0.20000000298023224,0.15000000596046448,0.15000000596046448,1.0,1.0,1.0,1.0
complex_qaware_v018_r2,closed_loop,complex,full,1,0.18,True,30.429478967,1785050566.4323459,3.2707464213306534,0.025933258325738392,0.033975349227262086,0.10504164635626437,0.00854100217549545,3.7236420461282225,0.13291374566148614,-0.03402378545927356,21.0,3.2522870460161033,0.030105515069416843,4.252280141939636,0.026685039767468794,5.258388113324643,0.02266775190209952,0.5602383613586426,0.15473558008670807,0.10473558306694031,0.7667628526687622,0.7667628526687622,0,ROW_FOLLOW,,1.0,95.0,77.0,-0.03904212638735771,0.008646100759506226,0.0,0.28852778673171997,0.0,-0.2712355852127075,0.0,0.523809552192688,0.6595237255096436,0.9337306022644043,0.9397941827774048,1.0,0.380952388048172,0.7667628526687622,0.30000001192092896,0.20000000298023224,0.20000000298023224,0.15000000596046448,0.15000000596046448,1.0,1.0,1.0,1.0
complex_qaware_v018_r2,closed_loop,complex,full,1,0.18,True,30.479432406,1785050566.4822993,3.274175250442878,0.027816119127958804,0.034293072587470594,0.10765466070925449,-0.000652636384561291,3.7316473860133907,0.13137056525230378,-0.044311654853822685,21.0,3.2522870460161033,0.030105515069416843,4.252280141939636,0.026685039767468794,5.258388113324643,0.02266775190209952,0.5602383613586426,0.15473558008670807,0.10473558306694031,0.7667628526687622,0.7667628526687622,0,ROW_FOLLOW,,1.0,95.0,77.0,-0.03904212638735771,0.008646100759506226,0.0,0.28852778673171997,0.0,-0.2712355852127075,0.0,0.523809552192688,0.6595237255096436,0.9337306022644043,0.9397941827774048,1.0,0.380952388048172,0.7667628526687622,0.30000001192092896,0.20000000298023224,0.20000000298023224,0.15000000596046448,0.15000000596046448,1.0,1.0,1.0,1.0
complex_qaware_v018_r2,closed_loop,complex,full,1,0.18,True,30.529420279,1785050566.5322871,3.281103351848601,0.02785110511842573,0.03446691487067222,0.11226689462232108,-0.0014561692623924253,3.7385875485901674,0.13184981289317885,-0.02772565266750384,20.0,3.263710329511632,0.03437858188700067,4.263681834174267,0.027593053268366172,5.196987386952642,0.021104057054908098,0.5591683983802795,0.15449802577495575,0.10449802875518799,0.7556036710739136,0.7556036710739136,0,ROW_FOLLOW,,1.0,98.0,90.0,-0.045754000544548035,0.012193113565444946,0.0,0.29172268509864807,0.0,-0.2673364579677582,0.0,0.4841269850730896,0.6595237255096436,0.9319472312927246,0.9471427202224731,1.0,0.380952388048172,0.7556036710739136,0.30000001192092896,0.20000000298023224,0.20000000298023224,0.15000000596046448,0.15000000596046448,1.0,1.0,1.0,1.0
complex_qaware_v018_r2,closed_loop,complex,full,1,0.18,True,30.582463579,1785050566.5853305,3.2867564486758,0.028051519356658436,0.035012472720250105,0.11192628190545263,0.0013186527361874131,3.7442482886513297,0.13165490017336057,-0.029025070799625637,21.0,3.2743352976967173,0.03783856413346809,4.27430345517082,0.030369372800572086,5.274315526110566,0.025806737861498792,0.5625280141830444,0.16076792776584625,0.11076793074607849,0.7451428174972534,0.7556036710739136,0,ROW_FOLLOW,,1.0,98.0,81.0,-0.04093383625149727,0.012493938207626343,0.0,0.29262393712997437,0.0,-0.2676360607147217,0.0,0.4365079402923584,0.6595237255096436,0.9375467896461487,0.9651755094528198,1.0,0.380952388048172,0.7451428174972534,0.30000001192092896,0.20000000298023224,0.20000000298023224,0.15000000596046448,0.15000000596046448,1.0,1.0,1.0,1.0
complex_qaware_v018_r2,closed_loop,complex,full,1,0.18,True,30.629299349,1785050566.6321664,3.291966073433948,0.028234461807254817,0.03491862507163379,0.11164510499683176,0.018398575339273,3.749462166826558,0.13215060151317137,-0.013167370908894931,21.0,3.2743352976967173,0.03783856413346809,4.27430345517082,0.030369372800572086,5.274315526110566,0.025806737861498792,0.5625280141830444,0.16076792776584625,0.11076793074607849,0.7451428174972534,0.7451428174972534,0,ROW_FOLLOW,,1.0,98.0,81.0,-0.04093383625149727,0.012493938207626343,0.0,0.29262393712997437,0.0,-0.2676360607147217,0.0,0.4365079402923584,0.6595237255096436,0.9375467896461487,0.9651755094528198,1.0,0.380952388048172,0.7451428174972534,0.30000001192092896,0.20000000298023224,0.20000000298023224,0.15000000596046448,0.15000000596046448,1.0,1.0,1.0,1.0
complex_qaware_v018_r2,closed_loop,complex,full,1,0.18,True,30.682810148,1785050566.685677,3.292337831599867,0.028250074917441442,0.03500683693104854,0.1130234167765207,-0.0026023668243126356,3.749838173659749,0.1321265150982048,-0.01332794700867211,20.0,3.2845263141672962,0.04080452069541625,4.2844904389864995,0.032666931286551855,5.251121861541654,0.024726719871649896,0.561148464679718,0.16038845479488373,0.11038845777511597,0.747090220451355,0.7451428174972534,0,ROW_FOLLOW,,1.0,94.0,88.0,-0.04203765094280243,0.013610154390335083,0.0,0.2931399345397949,0.0,-0.26591962575912476,0.0,0.4444444179534912,0.6595237255096436,0.9352476000785828,0.9653509259223938,1.0,0.380952388048172,0.747090220451355,0.30000001192092896,0.20000000298023224,0.20000000298023224,0.15000000596046448,0.15000000596046448,1.0,1.0,1.0,1.0
complex_qaware_v018_r2,closed_loop,complex,full,1,0.18,True,30.729459609,1785050566.7323267,3.303163318811965,0.03007594113568311,0.03517809797035596,0.11990356684849203,0.009574123363648383,3.760933773986327,0.13320123095761555,-0.008500058157522227,20.0,3.2845263141672962,0.04080452069541625,4.2844904389864995,0.032666931286551855,5.251121861541654,0.024726719871649896,0.561148464679718,0.16038845479488373,0.11038845777511597,0.747090220451355,0.747090220451355,0,ROW_FOLLOW,,1.0,94.0,88.0,-0.04203765094280243,0.013610154390335083,0.0,0.2931399345397949,0.0,-0.26591962575912476,0.0,0.4444444179534912,0.6595237255096436,0.9352476000785828,0.9653509259223938,1.0,0.380952388048172,0.747090220451355,0.30000001192092896,0.20000000298023224,0.20000000298023224,0.15000000596046448,0.15000000596046448,1.0,1.0,1.0,1.0
complex_qaware_v018_r2,closed_loop,complex,full,1,0.18,True,30.782830053,1785050566.785697,3.303163313992521,0.030076078038459197,0.035200780230538534,0.12021888330768679,-0.01080771175939872,3.760936381204758,0.13319596760732985,-0.008535147159426973,21.0,3.294179901019207,0.04216578546345684,4.294155209098808,0.0351744878427262,5.295003652349947,0.02837559852850994,0.5642521977424622,0.15915270149707794,0.10915270447731018,0.7442172765731812,0.747090220451355,0,ROW_FOLLOW,,1.0,92.0,103.0,-0.04322266951203346,0.014016598463058472,0.0,0.2939080595970154,0.0,-0.26587486267089844,0.0,0.4365079402923584,0.6595237255096436,0.9399375915527344,0.9558172821998596,1.0,0.380952388048172,0.7442172765731812,0.30000001192092896,0.20000000298023224,0.20000000298023224,0.15000000596046448,0.15000000596046448,1.0,1.0,1.0,1.0
complex_qaware_v018_r2,closed_loop,complex,full,1,0.18,True,30.829669439,1785050566.8325362,3.324259396851946,0.031018373996042837,0.03523142360458875,0.12706640210172057,0.015380047671971576,3.782059196939364,0.1335882158175705,-0.002472626437347451,21.0,3.294179901019207,0.04216578546345684,4.294155209098808,0.0351744878427262,5.295003652349947,0.02837559852850994,0.5642521977424622,0.15915270149707794,0.10915270447731018,0.7442172765731812,0.7442172765731812,0,ROW_FOLLOW,,1.0,92.0,103.0,-0.04322266951203346,0.014016598463058472,0.0,0.2939080595970154,0.0,-0.26587486267089844,0.0,0.4365079402923584,0.6595237255096436,0.9399375915527344,0.9558172821998596,1.0,0.380952388048172,0.7442172765731812,0.30000001192092896,0.20000000298023224,0.20000000298023224,0.15000000596046448,0.15000000596046448,1.0,1.0,1.0,1.0
complex_qaware_v018_r2,closed_loop,complex,full,1,0.18,True,30.881105599,1785050566.8839726,3.331021621071248,0.031265155333421585,0.03520051268793667,0.12714960867979105,0.0014583753358541197,3.788827138542119,0.1335953979098376,-0.002424745822233427,21.0,3.294179901019207,0.04216578546345684,4.294155209098808,0.0351744878427262,5.295003652349947,0.02837559852850994,0.5642521977424622,0.15915270149707794,0.10915270447731018,0.7442172765731812,0.7442172765731812,0,ROW_FOLLOW,,1.0,92.0,103.0,-0.04322266951203346,0.014016598463058472,0.0,0.2939080595970154,0.0,-0.26587486267089844,0.0,0.4365079402923584,0.6595237255096436,0.9399375915527344,0.9558172821998596,1.0,0.380952388048172,0.7442172765731812,0.30000001192092896,0.20000000298023224,0.20000000298023224,0.15000000596046448,0.15000000596046448,1.0,1.0,1.0,1.0
complex_qaware_v018_r2,closed_loop,complex,full,1,0.18,True,30.929398009,1785050566.932265,3.334935136650773,0.031075246107254047,0.03537993119152594,0.13369714915380834,-0.013540048042554327,3.7982892194619935,0.13227796289929208,0.003170746325886462,21.0,3.308061644023766,0.04412397405444834,4.308014344350108,0.03475104630952008,5.315758438149116,0.02416799094485629,0.562029242515564,0.15907786786556244,0.10907787084579468,0.7375198602676392,0.7375198602676392,0,ROW_FOLLOW,,1.0,101.0,77.0,-0.048563580960035324,0.015583693981170654,0.0,0.2954423725605011,0.0,-0.2642749845981598,0.0,0.4285714328289032,0.6333332657814026,0.9367152452468872,0.9662585258483887,1.0,0.3333333432674408,0.7375198602676392,0.30000001192092896,0.20000000298023224,0.20000000298023224,0.15000000596046448,0.15000000596046448,1.0,1.0,1.0,1.0
complex_qaware_v018_r2,closed_loop,complex,full,1,0.18,True,30.979508764,1785050566.9823756,3.3412190754488997,0.03130654190642623,0.03576297541093697,0.13310218721506428,0.024537284368171944,3.8045861153309217,0.1323615412705666,0.0026135571840563265,21.0,3.308061644023766,0.04412397405444834,4.308014344350108,0.03475104630952008,5.315758438149116,0.02416799094485629,0.562029242515564,0.15907786786556244,0.10907787084579468,0.7375198602676392,0.7375198602676392,0,ROW_FOLLOW,,1.0,101.0,77.0,-0.048563580960035324,0.015583693981170654,0.0,0.2954423725605011,0.0,-0.2642749845981598,0.0,0.4285714328289032,0.6333332657814026,0.9367152452468872,0.9662585258483887,1.0,0.3333333432674408,0.7375198602676392,0.30000001192092896,0.20000000298023224,0.20000000298023224,0.15000000596046448,0.15000000596046448,1.0,1.0,1.0,1.0
complex_qaware_v018_r2,closed_loop,complex,full,1,0.18,True,31.029332569,1785050567.0321994,3.3419872148998224,0.031343531112780716,0.03610833568662917,0.1333275759917282,-0.015952671829506118,3.8053622449269646,0.13557538109991513,0.006819147668046302,21.0,3.324359948994432,0.04564987354329738,4.3243121812635765,0.036211402555601846,5.324264441269782,0.026772934477766196,0.5581687092781067,0.1539207547903061,0.10392075777053833,0.7588791847229004,0.7588791847229004,0,ROW_FOLLOW,,1.0,92.0,91.0,-0.04299042373895645,0.015131443738937378,0.0,0.2950083017349243,0.0,-0.26474541425704956,0.0,0.5079364776611328,0.6333332657814026,0.9302811622619629,0.9585018157958984,1.0,0.3333333432674408,0.7588791847229004,0.30000001192092896,0.20000000298023224,0.20000000298023224,0.15000000596046448,0.15000000596046448,1.0,1.0,1.0,1.0
complex_qaware_v018_r2,closed_loop,complex,full,1,0.18,True,31.079868039,1785050567.082735,3.350419379770024,0.028996211900826966,0.035667875147060255,0.12860564014768175,-0.000657307589997823,3.8141643708759,0.1332956381514767,0.02201743399096923,21.0,3.324359948994432,0.04564987354329738,4.3243121812635765,0.036211402555601846,5.324264441269782,0.026772934477766196,0.5581687092781067,0.1539207547903061,0.10392075777053833,0.7588791847229004,0.7588791847229004,0,ROW_FOLLOW,,1.0,92.0,91.0,-0.04299042373895645,0.015131443738937378,0.0,0.2950083017349243,0.0,-0.26474541425704956,0.0,0.5079364776611328,0.6333332657814026,0.9302811622619629,0.9585018157958984,1.0,0.3333333432674408,0.7588791847229004,0.30000001192092896,0.20000000298023224,0.20000000298023224,0.15000000596046448,0.15000000596046448,1.0,1.0,1.0,1.0
complex_qaware_v018_r2,closed_loop,complex,full,1,0.18,True,31.129388766,1785050567.1322558,3.3571162443252365,0.029231923714453954,0.03547654668969046,0.12871418386711983,-0.00023594665490108863,3.820866679098178,0.13451439787856456,0.019013457171670804,20.0,3.3401152075626324,0.04569275321185967,4.345067283797243,0.03621383595368379,5.273356768973845,0.0274916008611498,0.5589771866798401,0.15650762617588043,0.10650762915611267,0.7631467580795288,0.7631467580795288,0,ROW_FOLLOW,,1.0,94.0,98.0,-0.0436907634139061,0.015225142240524292,0.0,0.2952198386192322,0.0,-0.2647695541381836,0.0,0.523809552192688,0.6333332657814026,0.9316286444664001,0.9534102082252502,1.0,0.3333333432674408,0.7631467580795288,0.30000001192092896,0.20000000298023224,0.20000000298023224,0.15000000596046448,0.15000000596046448,1.0,1.0,1.0,1.0
complex_qaware_v018_r2,closed_loop,complex,full,1,0.18,True,31.179561187,1785050567.1824281,3.3595140182689756,0.029537012395383498,0.03571164241468992,0.12037876773510403,-0.013766109287280354,3.8317190632571614,0.13472296077401594,0.017623037868661703,20.0,3.3401152075626324,0.04569275321185967,4.345067283797243,0.03621383595368379,5.273356768973845,0.0274916008611498,0.5589771866798401,0.15650762617588043,0.10650762915611267,0.7631467580795288,0.7631467580795288,0,ROW_FOLLOW,,1.0,94.0,98.0,-0.0436907634139061,0.015225142240524292,0.0,0.2952198386192322,0.0,-0.2647695541381836,0.0,0.523809552192688,0.6333332657814026,0.9316286444664001,0.9534102082252502,1.0,0.3333333432674408,0.7631467580795288,0.30000001192092896,0.20000000298023224,0.20000000298023224,0.15000000596046448,0.15000000596046448,1.0,1.0,1.0,1.0
complex_qaware_v018_r2,closed_loop,complex,full,1,0.18,True,31.229387137,1785050567.2322543,3.36646823282023,0.029782598914185318,0.035708132936159036,0.12028573976671679,0.0021909464498095325,3.8386782058802873,0.13539809576592152,0.014056548017839354,21.0,3.3505042746042952,0.0449819045466112,4.355472089166324,0.03694688720219653,5.350421614803876,0.02940052030370668,0.5592232942581177,0.1584215611219406,0.10842156410217285,0.7639254331588745,0.7639254331588745,0,ROW_FOLLOW,,1.0,108.0,96.0,-0.044446274638175964,0.014750808477401733,0.0,0.2948605418205261,0.0,-0.26535892486572266,0.0,0.523809552192688,0.6333332657814026,0.9320386052131653,0.9580544829368591,1.0,0.3333333432674408,0.7639254331588745,0.30000001192092896,0.20000000298023224,0.20000000298023224,0.15000000596046448,0.15000000596046448,1.0,1.0,1.0,1.0
complex_qaware_v018_r2,closed_loop,complex,full,1,0.18,True,31.283398332,1785050567.2862654,3.3714707243957363,0.03228938159313074,0.03549734048621687,0.11948146452375141,-0.013563120623036556,3.8480638413918937,0.13719759087998085,0.00205991392411033,21.0,3.360594677137486,0.04503872670507059,4.365557697885616,0.036411765484467735,5.3655428449369404,0.0277099175243369,0.5610414147377014,0.1601795107126236,0.11017951369285583,0.7582799196243286,0.7639254331588745,0,ROW_FOLLOW,,1.0,96.0,92.0,-0.044500682502985,0.014319255948066711,0.0,0.2946520447731018,0.0,-0.2660135328769684,0.0,0.4841269850730896,0.6595237255096436,0.93506920337677,0.9608218669891357,1.0,0.380952388048172,0.7582799196243286,0.30000001192092896,0.20000000298023224,0.20000000298023224,0.15000000596046448,0.15000000596046448,1.0,1.0,1.0,1.0
complex_qaware_v018_r2,closed_loop,complex,full,1,0.18,True,31.329720139,1785050567.332587,3.3827468155941145,0.03263481599658861,0.03565973210083943,0.12149400685809776,0.000858085584386344,3.8593464489091067,0.13643411293736132,-0.00037515063345206677,21.0,3.360594677137486,0.04503872670507059,4.365557697885616,0.036411765484467735,5.3655428449369404,0.0277099175243369,0.5610414147377014,0.1601795107126236,0.11017951369285583,0.7582799196243286,0.7582799196243286,0,ROW_FOLLOW,,1.0,96.0,92.0,-0.044500682502985,0.014319255948066711,0.0,0.2946520447731018,0.0,-0.2660135328769684,0.0,0.4841269850730896,0.6595237255096436,0.93506920337677,0.9608218669891357,1.0,0.380952388048172,0.7582799196243286,0.30000001192092896,0.20000000298023224,0.20000000298023224,0.15000000596046448,0.15000000596046448,1.0,1.0,1.0,1.0
complex_qaware_v018_r2,closed_loop,complex,full,1,0.18,True,31.379334052,1785050567.3822012,3.389391746458926,0.03287330352436555,0.0357714251370025,0.1298030536990712,0.015882482974201067,3.866002662290249,0.13640672550496707,-0.0005577335160803735,21.0,3.360594677137486,0.04503872670507059,4.365557697885616,0.036411765484467735,5.3655428449369404,0.0277099175243369,0.5610414147377014,0.1601795107126236,0.11017951369285583,0.7582799196243286,0.7582799196243286,0,ROW_FOLLOW,,1.0,96.0,92.0,-0.044500682502985,0.014319255948066711,0.0,0.2946520447731018,0.0,-0.2660135328769684,0.0,0.4841269850730896,0.6595237255096436,0.93506920337677,0.9608218669891357,1.0,0.380952388048172,0.7582799196243286,0.30000001192092896,0.20000000298023224,0.20000000298023224,0.15000000596046448,0.15000000596046448,1.0,1.0,1.0,1.0
complex_qaware_v018_r2,closed_loop,complex,full,1,0.18,True,31.429471688,1785050567.4323387,3.3960584456128178,0.0331165311134939,0.036044463245296754,0.1299376966124504,-0.011304429704110986,3.872677760434516,0.1354373367674293,0.0004941887013501975,21.0,3.373588772198459,0.04591966954552584,4.373547813337553,0.03686062211790652,5.373506850322035,0.027801575220346236,0.5628563761711121,0.1613963395357132,0.11139634251594543,0.7528414726257324,0.7528414726257324,0,ROW_FOLLOW,,1.0,106.0,93.0,-0.04521096497774124,0.013991013169288635,0.0,0.2945338487625122,0.0,-0.26655182242393494,0.0,0.460317462682724,0.6595237255096436,0.938093900680542,0.9681515693664551,1.0,0.380952388048172,0.7528414726257324,0.30000001192092896,0.20000000298023224,0.20000000298023224,0.15000000596046448,0.15000000596046448,1.0,1.0,1.0,1.0
complex_qaware_v018_r2,closed_loop,complex,full,1,0.18,True,31.479374471,1785050567.4822416,3.4048865170628093,0.03268939875476501,0.03586438858534714,0.12905099060622366,-0.01959049843918095,3.881605055966571,0.1347795733327725,0.00487927826572899,21.0,3.373588772198459,0.04591966954552584,4.373547813337553,0.03686062211790652,5.373506850322035,0.027801575220346236,0.5628563761711121,0.1613963395357132,0.11139634251594543,0.7528414726257324,0.7528414726257324,0,ROW_FOLLOW,,1.0,106.0,93.0,-0.04521096497774124,0.013991013169288635,0.0,0.2945338487625122,0.0,-0.26655182242393494,0.0,0.460317462682724,0.6595237255096436,0.938093900680542,0.9681515693664551,1.0,0.380952388048172,0.7528414726257324,0.30000001192092896,0.20000000298023224,0.20000000298023224,0.15000000596046448,0.15000000596046448,1.0,1.0,1.0,1.0
complex_qaware_v018_r2,closed_loop,complex,full,1,0.18,True,31.52943089,1785050567.5322976,3.4115336331454493,0.03293693398297585,0.03611260877347091,0.12916128859742243,-0.024231373673962588,3.888259997755286,0.13395823602848922,0.00493293570321968,20.0,3.3887113341871733,0.04660680218304033,4.3886693586610726,0.03743266157199856,5.321963561601471,0.028873273264750213,0.5636893510818481,0.15847735106945038,0.10847735404968262,0.7483232021331787,0.7483232021331787,0,ROW_FOLLOW,,1.0,93.0,113.0,-0.044944312423467636,0.013659819960594177,0.0,0.2943289279937744,0.0,-0.26700928807258606,0.0,0.4285714328289032,0.6857142448425293,0.9387989044189453,0.9656609892845154,1.0,0.4285714328289032,0.7483232021331787,0.30000001192092896,0.20000000298023224,0.20000000298023224,0.15000000596046448,0.15000000596046448,1.0,1.0,1.0,1.0
complex_qaware_v018_r2,closed_loop,complex,full,1,0.18,True,31.579691762,1785050567.5825586,3.413337440988789,0.03301258845490945,0.03634221184107699,0.1303280395887158,0.007193164800173737,3.890071885305364,0.13401414935649833,0.004560180183158806,20.0,3.3887113341871733,0.04660680218304033,4.3886693586610726,0.03743266157199856,5.321963561601471,0.028873273264750213,0.5636893510818481,0.15847735106945038,0.10847735404968262,0.7483232021331787,0.7483232021331787,0,ROW_FOLLOW,,1.0,93.0,113.0,-0.044944312423467636,0.013659819960594177,0.0,0.2943289279937744,0.0,-0.26700928807258606,0.0,0.4285714328289032,0.6857142448425293,0.9387989044189453,0.9656609892845154,1.0,0.4285714328289032,0.7483232021331787,0.30000001192092896,0.20000000298023224,0.20000000298023224,0.15000000596046448,0.15000000596046448,1.0,1.0,1.0,1.0
complex_qaware_v018_r2,closed_loop,complex,full,1,0.18,True,31.629443533,1785050567.6323106,3.419987013104519,0.03264365024888069,0.036522203668125634,0.13133198371278948,0.025988039058096882,3.897196494232445,0.13594801267134507,0.003858719921949242,21.0,3.402665590027105,0.04648385222992104,4.402622239083992,0.03716146005053748,5.401404107610175,0.027664075233921375,0.5641998052597046,0.16265733540058136,0.1126573383808136,0.7584823369979858,0.7584823369979858,0,ROW_FOLLOW,,1.0,104.0,102.0,-0.04579032585024834,0.013227209448814392,0.0,0.29392358660697937,0.0,-0.2674691677093506,0.0,0.460317462682724,0.6857142448425293,0.9402916431427002,0.9679062366485596,1.0,0.4285714328289032,0.7584823369979858,0.30000001192092896,0.20000000298023224,0.20000000298023224,0.15000000596046448,0.15000000596046448,1.0,1.0,1.0,1.0
complex_qaware_v018_r2,closed_loop,complex,full,1,0.18,True,31.680440645,1785050567.6833074,3.4265197996651646,0.03288950646385284,0.03717022592163666,0.1311312416092231,0.005679281097977199,3.9037396430037705,0.1360878625101786,0.0029263876630589002,21.0,3.402665590027105,0.04648385222992104,4.402622239083992,0.03716146005053748,5.401404107610175,0.027664075233921375,0.5641998052597046,0.16265733540058136,0.1126573383808136,0.7584823369979858,0.7584823369979858,0,ROW_FOLLOW,,1.0,104.0,102.0,-0.04579032585024834,0.013227209448814392,0.0,0.29392358660697937,0.0,-0.2674691677093506,0.0,0.460317462682724,0.6857142448425293,0.9402916431427002,0.9679062366485596,1.0,0.4285714328289032,0.7584823369979858,0.30000001192092896,0.20000000298023224,0.20000000298023224,0.15000000596046448,0.15000000596046448,1.0,1.0,1.0,1.0
complex_qaware_v018_r2,closed_loop,complex,full,1,0.18,True,31.729471217,1785050567.7323382,3.4357942716393532,0.033205099123754606,0.03668774333700496,0.13856041507946668,0.009127004539766975,3.9130224208645665,0.1348354544325629,-0.0008434838162798507,20.0,3.4150377112923884,0.04607824301172007,4.414994370398123,0.03675715109405311,5.3816191774914595,0.02775099444666675,0.5615025758743286,0.1625009924173355,0.11250099539756775,0.749788761138916,0.749788761138916,0,ROW_FOLLOW,,1.0,99.0,105.0,-0.04660586640238762,0.012757927179336548,0.0,0.2936973571777344,0.0,-0.2681815028190613,0.0,0.4841269552707672,0.6071427464485168,0.9358373284339905,0.9730312824249268,1.0,0.2857142984867096,0.749788761138916,0.30000001192092896,0.20000000298023224,0.20000000298023224,0.15000000596046448,0.15000000596046448,1.0,1.0,1.0,1.0
complex_qaware_v018_r2,closed_loop,complex,full,1,0.18,True,31.781149912,1785050567.7840168,3.4423940444813805,0.033454318079010524,0.03745072138950169,0.1355183965648286,0.0059596068623848295,3.9196333308473394,0.13465693927598557,-0.0020335848601287405,20.0,3.4275379756850097,0.04588790150691798,4.427493282302957,0.0364208617419619,5.3941167521044875,0.02726875517210851,0.56195068359375,0.16044457256793976,0.110444575548172,0.7652705907821655,0.749788761138916,0,ROW_FOLLOW,,1.0,91.0,88.0,-0.04696850851178169,0.01232387125492096,0.0,0.2935771644115448,0.0,-0.2689294219017029,0.0,0.523809552192688,0.6333332657814026,0.9365845918655396,0.9609609246253967,1.0,0.3333333432674408,0.7652705907821655,0.30000001192092896,0.20000000298023224,0.20000000298023224,0.15000000596046448,0.15000000596046448,1.0,1.0,1.0,1.0
complex_qaware_v018_r2,closed_loop,complex,full,1,0.18,True,31.829825468,1785050567.8326924,3.447597400215996,0.0340730963161145,0.03788171462393608,0.13569677461405313,0.021716564691629806,3.927121038831444,0.1364530317072112,-0.008637830890523883,20.0,3.4275379756850097,0.04588790150691798,4.427493282302957,0.0364208617419619,5.3941167521044875,0.02726875517210851,0.56195068359375,0.16044457256793976,0.110444575548172,0.7652705907821655,0.7652705907821655,0,ROW_FOLLOW,,1.0,91.0,88.0,-0.04696850851178169,0.01232387125492096,0.0,0.2935771644115448,0.0,-0.2689294219017029,0.0,0.523809552192688,0.6333332657814026,0.9365845918655396,0.9609609246253967,1.0,0.3333333432674408,0.7652705907821655,0.30000001192092896,0.20000000298023224,0.20000000298023224,0.15000000596046448,0.15000000596046448,1.0,1.0,1.0,1.0
complex_qaware_v018_r2,closed_loop,complex,full,1,0.18,True,31.88423344,1785050567.8871005,3.4540372912063524,0.03433351832118738,0.03898931962185604,0.1331833734610087,0.011734336572659564,3.9335753119072794,0.1361678089425009,-0.010539315988592533,21.0,3.441101050868735,0.04593853709079909,4.441056243284177,0.036459867974576454,5.454061904355253,0.027425387676031164,0.5598994493484497,0.16116906702518463,0.11116907000541687,0.7623865604400635,0.7652705907821655,0,ROW_FOLLOW,,1.0,98.0,97.0,-0.0484723225235939,0.012058138847351074,0.0,0.29267147183418274,0.0,-0.2685551941394806,0.0,0.5158730149269104,0.6333332657814026,0.9331656098365784,0.9621661901473999,1.0,0.3333333432674408,0.7623865604400635,0.30000001192092896,0.20000000298023224,0.20000000298023224,0.15000000596046448,0.15000000596046448,1.0,1.0,1.0,1.0
complex_qaware_v018_r2,closed_loop,complex,full,1,0.18,True,31.929467319,1785050567.9323344,3.4586766641210995,0.03451633840880776,0.03880738679759376,0.13334687898936715,-0.00043782934477116196,3.9382214505546087,0.13534586272748106,-0.012558121011535677,21.0,3.441101050868735,0.04593853709079909,4.441056243284177,0.036459867974576454,5.454061904355253,0.027425387676031164,0.5598994493484497,0.16116906702518463,0.11116907000541687,0.7623865604400635,0.7623865604400635,0,ROW_FOLLOW,,1.0,98.0,97.0,-0.0484723225235939,0.012058138847351074,0.0,0.29267147183418274,0.0,-0.2685551941394806,0.0,0.5158730149269104,0.6333332657814026,0.9331656098365784,0.9621661901473999,1.0,0.3333333432674408,0.7623865604400635,0.30000001192092896,0.20000000298023224,0.20000000298023224,0.15000000596046448,0.15000000596046448,1.0,1.0,1.0,1.0
complex_qaware_v018_r2,closed_loop,complex,full,1,0.18,True,31.982260343,1785050567.9851272,3.4590940146360505,0.034545254100622154,0.0394268174114476,0.13234201056929748,0.014241526233318752,3.9386483959934813,0.1351943861678336,-0.013567964742518625,20.0,3.451957094394203,0.046147461731090994,4.451911309735858,0.036565784030763916,5.41853370263701,0.0273001994645663,0.564436137676239,0.16116072237491608,0.11116072535514832,0.7526909112930298,0.7623865604400635,0,ROW_FOLLOW,,1.0,103.0,110.0,-0.04917149618268013,0.011728942394256592,0.0,0.29300856590270996,0.0,-0.2695506811141968,0.0,0.4761904776096344,0.6333332657814026,0.9407271146774292,0.9668112397193909,1.0,0.3333333432674408,0.7526909112930298,0.30000001192092896,0.20000000298023224,0.20000000298023224,0.15000000596046448,0.15000000596046448,1.0,1.0,1.0,1.0
complex_qaware_v018_r2,closed_loop,complex,full,1,0.18,True,32.029705184,1785050568.0325723,3.4590938283741224,0.03454990172684537,0.03968781329172489,0.1324768398585545,0.0033006598110296085,3.9386530473506065,0.13325428409272275,-0.014867199600150803,20.0,3.451957094394203,0.046147461731090994,4.451911309735858,0.036565784030763916,5.41853370263701,0.0273001994645663,0.564436137676239,0.16116072237491608,0.11116072535514832,0.7526909112930298,0.7526909112930298,0,ROW_FOLLOW,,1.0,103.0,110.0,-0.04917149618268013,0.011728942394256592,0.0,0.29300856590270996,0.0,-0.2695506811141968,0.0,0.4761904776096344,0.6333332657814026,0.9407271146774292,0.9668112397193909,1.0,0.3333333432674408,0.7526909112930298,0.30000001192092896,0.20000000298023224,0.20000000298023224,0.15000000596046448,0.15000000596046448,1.0,1.0,1.0,1.0
complex_qaware_v018_r2,closed_loop,complex,full,1,0.18,True,32.083488215,1785050568.0863552,3.481305060331265,0.03831486335512507,0.03997763350770489,0.13261152898086706,0.010678013608116266,3.961266474487166,0.13067309740809208,-0.03207511083102184,20.0,3.451957094394203,0.046147461731090994,4.451911309735858,0.036565784030763916,5.41853370263701,0.0273001994645663,0.564436137676239,0.16116072237491608,0.11116072535514832,0.7526909112930298,0.7526909112930298,0,ROW_FOLLOW,,1.0,103.0,110.0,-0.04917149618268013,0.011728942394256592,0.0,0.29300856590270996,0.0,-0.2695506811141968,0.0,0.4761904776096344,0.6333332657814026,0.9407271146774292,0.9668112397193909,1.0,0.3333333432674408,0.7526909112930298,0.30000001192092896,0.20000000298023224,0.20000000298023224,0.15000000596046448,0.15000000596046448,1.0,1.0,1.0,1.0
complex_qaware_v018_r2,closed_loop,complex,full,1,0.18,True,32.129495488,1785050568.1323626,3.4876687865087757,0.03857544859436168,0.040262462157314896,0.13169590212704396,0.008572262166984633,3.9676374484608314,0.13205561438519822,-0.02884244658423362,21.0,3.4649035786396376,0.04677491333077096,4.464868872354617,0.03873396331904847,5.467694458932143,0.032647227094358064,0.5625228881835938,0.1596861034631729,0.10968610644340515,0.7576776742935181,0.7576776742935181,0,ROW_FOLLOW,,1.0,95.0,94.0,-0.04493322968482971,0.009344831109046936,0.0,0.2903279960155487,0.0,-0.27163833379745483,0.0,0.4761904776096344,0.6595237255096436,0.9375382661819458,0.9693870544433594,1.0,0.380952388048172,0.7576776742935181,0.30000001192092896,0.20000000298023224,0.20000000298023224,0.15000000596046448,0.15000000596046448,1.0,1.0,1.0,1.0
complex_qaware_v018_r2,closed_loop,complex,full,1,0.18,True,32.181688852,1785050568.1845558,3.4938083717555766,0.03912332703850998,0.04061031952628902,0.13175517384988583,0.0072024788818064785,3.9750528177072875,0.13165204869927005,-0.03153288449042138,21.0,3.4781254538654474,0.04659781631277666,4.47810546635047,0.04127789087059621,5.487571408311425,0.04054465330314057,0.5625059008598328,0.1626918762922287,0.11269187927246094,0.747252345085144,0.7576776742935181,0,ROW_FOLLOW,,1.0,87.0,103.0,-0.04193011298775673,0.006736502051353455,0.0,0.2872968912124634,0.0,-0.27382388710975647,0.0,0.4444444179534912,0.6595237255096436,0.9375097155570984,0.9634156227111816,1.0,0.380952388048172,0.747252345085144,0.30000001192092896,0.20000000298023224,0.20000000298023224,0.15000000596046448,0.15000000596046448,1.0,1.0,1.0,1.0
complex_qaware_v018_r2,closed_loop,complex,full,1,0.18,True,32.229472356,1785050568.2323391,3.5004562459406174,0.0393945291975626,0.04061613821595512,0.13186343288001262,0.004819170331381338,3.9817071557455024,0.12994590219941798,-0.030396799439386373,21.0,3.4781254538654474,0.04659781631277666,4.47810546635047,0.04127789087059621,5.487571408311425,0.04054465330314057,0.5625059008598328,0.1626918762922287,0.11269187927246094,0.747252345085144,0.747252345085144,0,ROW_FOLLOW,,1.0,87.0,103.0,-0.04193011298775673,0.006736502051353455,0.0,0.2872968912124634,0.0,-0.27382388710975647,0.0,0.4444444179534912,0.6595237255096436,0.9375097155570984,0.9634156227111816,1.0,0.380952388048172,0.747252345085144,0.30000001192092896,0.20000000298023224,0.20000000298023224,0.15000000596046448,0.15000000596046448,1.0,1.0,1.0,1.0
complex_qaware_v018_r2,closed_loop,complex,full,1,0.18,True,32.28167724,1785050568.2845442,3.5066956272245218,0.03875099459404128,0.04063581240255007,0.13347817492149575,-0.004155908838804305,3.989498915024189,0.1305925556701122,-0.026085776301424977,21.0,3.493952224373482,0.04557252933101582,4.393948082181061,0.04418074928101997,5.360610634125558,0.04289403596359498,0.5625059008598328,0.1626918762922287,0.11269187927246094,0.747252345085144,0.747252345085144,0,ROW_FOLLOW,,1.0,87.0,103.0,-0.04193011298775673,0.006736502051353455,0.0,0.2872968912124634,0.0,-0.27382388710975647,0.0,0.4444444179534912,0.6595237255096436,0.9375097155570984,0.9634156227111816,1.0,0.380952388048172,0.747252345085144,0.30000001192092896,0.20000000298023224,0.20000000298023224,0.15000000596046448,0.15000000596046448,1.0,1.0,1.0,1.0
complex_qaware_v018_r2,closed_loop,complex,full,1,0.18,True,32.329468969,1785050568.332336,3.5133030844101545,0.039022785510529755,0.04066989890622086,0.13304113330786252,-0.007244102833047182,3.9961144745250508,0.13066766144219116,-0.028317491121883,19.0,3.493952224373482,0.04557252933101582,4.393948082181061,0.04418074928101997,5.360610634125558,0.04289403596359498,0.5649610757827759,0.15974779427051544,0.10974779725074768,0.7495293617248535,0.7495293617248535,0,ROW_FOLLOW,,1.0,88.0,106.0,-0.039059825241565704,0.004446789622306824,0.0,0.28527146577835083,0.0,-0.2763778865337372,0.0,0.4365079402923584,0.6857142448425293,0.941239595413208,0.954574465751648,1.0,0.4285714328289032,0.7495293617248535,0.30000001192092896,0.20000000298023224,0.20000000298023224,0.15000000596046448,0.15000000596046448,1.0,1.0,1.0,1.0
complex_qaware_v018_r2,closed_loop,complex,full,1,0.18,True,32.382641875,1785050568.3855088,3.5199669463766874,0.0392975604340702,0.040583065596687014,0.1333666441500738,0.018332916258638757,4.00279022601433,0.13060072942518955,-0.028763704568560526,20.0,3.506825637149198,0.04375405525905247,4.511824739494387,0.043388234654713136,5.456892635422068,0.04140109172621351,0.56003338098526,0.1603492945432663,0.11034929752349854,0.7363208532333374,0.7495293617248535,0,ROW_FOLLOW,,1.0,84.0,110.0,-0.04186717048287392,0.0029088854789733887,0.0,0.28297385573387146,0.0,-0.2771560847759247,0.0,0.4285714328289032,0.6333332657814026,0.9333889484405518,0.9627002477645874,1.0,0.3333333432674408,0.7363208532333374,0.30000001192092896,0.20000000298023224,0.20000000298023224,0.15000000596046448,0.15000000596046448,1.0,1.0,1.0,1.0
complex_qaware_v018_r2,closed_loop,complex,full,1,0.18,True,32.429395788,1785050568.4322627,3.520133315495147,0.03930604467025355,0.04047250812155357,0.13371768826264002,0.005920770114531133,4.0029590798859225,0.12683945892549897,-0.037988631043345045,20.0,3.506825637149198,0.04375405525905247,4.511824739494387,0.043388234654713136,5.456892635422068,0.04140109172621351,0.56003338098526,0.1603492945432663,0.11034929752349854,0.7363208532333374,0.7363208532333374,0,ROW_FOLLOW,,1.0,84.0,110.0,-0.04186717048287392,0.0029088854789733887,0.0,0.28297385573387146,0.0,-0.2771560847759247,0.0,0.4285714328289032,0.6333332657814026,0.9333889484405518,0.9627002477645874,1.0,0.3333333432674408,0.7363208532333374,0.30000001192092896,0.20000000298023224,0.20000000298023224,0.15000000596046448,0.15000000596046448,1.0,1.0,1.0,1.0
complex_qaware_v018_r2,closed_loop,complex,full,1,0.18,True,32.480381797,1785050568.4832487,3.52011291933849,0.03929994314174743,0.04005868723799244,0.13547916676536725,0.00388162549291152,4.002987636487563,0.12693680159232212,-0.037339679931190785,20.0,3.506825637149198,0.04375405525905247,4.511824739494387,0.043388234654713136,5.456892635422068,0.04140109172621351,0.56003338098526,0.1603492945432663,0.11034929752349854,0.7363208532333374,0.7363208532333374,0,ROW_FOLLOW,,1.0,84.0,110.0,-0.04186717048287392,0.0029088854789733887,0.0,0.28297385573387146,0.0,-0.2771560847759247,0.0,0.4285714328289032,0.6333332657814026,0.9333889484405518,0.9627002477645874,1.0,0.3333333432674408,0.7363208532333374,0.30000001192092896,0.20000000298023224,0.20000000298023224,0.15000000596046448,0.15000000596046448,1.0,1.0,1.0,1.0
complex_qaware_v018_r2,closed_loop,complex,full,1,0.18,True,32.529446163,1785050568.532313,3.532904591668844,0.04154653091794402,0.04011069522882282,0.12839090771756034,0.007042895466213334,4.016096429454157,0.12398429333407202,-0.05657817925092123,21.0,3.5155902607932976,0.04204375370032576,4.520589370338691,0.04253444567469069,5.520109772867333,0.04322842090331005,0.5598974227905273,0.16103054583072662,0.11103054881095886,0.7359501123428345,0.7359501123428345,0,ROW_FOLLOW,,1.0,86.0,95.0,-0.03880893811583519,0.0014289766550064087,0.0,0.2812075614929199,0.0,-0.2783496081829071,0.0,0.444444477558136,0.6071427464485168,0.9331626892089844,0.9637044072151184,1.0,0.2857142984867096,0.7359501123428345,0.30000001192092896,0.20000000298023224,0.20000000298023224,0.15000000596046448,0.15000000596046448,1.0,1.0,1.0,1.0
complex_qaware_v018_r2,closed_loop,complex,full,1,0.18,True,32.579470582,1785050568.5823376,3.5395935315403055,0.041819739342656384,0.040516637758447605,0.13111229817238174,0.003293666475928009,4.022794973865554,0.12372413697100909,-0.05831255500467405,21.0,3.5155902607932976,0.04204375370032576,4.520589370338691,0.04253444567469069,5.520109772867333,0.04322842090331005,0.5598974227905273,0.16103054583072662,0.11103054881095886,0.7359501123428345,0.7359501123428345,0,ROW_FOLLOW,,1.0,86.0,95.0,-0.03880893811583519,0.0014289766550064087,0.0,0.2812075614929199,0.0,-0.2783496081829071,0.0,0.444444477558136,0.6071427464485168,0.9331626892089844,0.9637044072151184,1.0,0.2857142984867096,0.7359501123428345,0.30000001192092896,0.20000000298023224,0.20000000298023224,0.15000000596046448,0.15000000596046448,1.0,1.0,1.0,1.0
complex_qaware_v018_r2,closed_loop,complex,full,1,0.18,True,32.629358614,1785050568.6322255,3.5460446694927428,0.04030785803112332,0.03998465827379015,0.12356829791125787,-0.01232189079768705,4.031296351530185,0.12988636449981514,-0.050186732344575546,21.0,3.526561774359699,0.04122185142819565,4.526548245938344,0.044129971734025795,5.5298174059115635,0.05083215771019242,0.5593582987785339,0.15686647593975067,0.10686647891998291,0.7634131908416748,0.7634131908416748,0,ROW_FOLLOW,,1.0,74.0,95.0,-0.03166460990905762,-0.0010877102613449097,0.0,0.2788032591342926,0.0,-0.2809786796569824,0.0,0.523809552192688,0.6333332657814026,0.9322637915611267,0.954339325428009,1.0,0.3333333432674408,0.7634131908416748,0.30000001192092896,0.20000000298023224,0.20000000298023224,0.15000000596046448,0.15000000596046448,1.0,1.0,1.0,1.0
complex_qaware_v018_r2,closed_loop,complex,full,1,0.18,True,32.683212335,1785050568.6860793,3.553055240607812,0.04058346619162656,0.039835315517135164,0.12534725788236079,0.006153434761234439,4.0383151073981605,0.12976807783973843,-0.05097531007842027,20.0,3.5375975417275956,0.03982526936319478,4.542570652744892,0.04623386071919838,5.470878879737889,0.052215838018861586,0.5591480731964111,0.15312130749225616,0.1031213104724884,0.7544900178909302,0.7634131908416748,0,ROW_FOLLOW,,1.0,80.0,83.0,-0.030845871195197105,-0.002568751573562622,0.0,0.2766834497451782,0.0,-0.28182095289230347,0.0,0.4920634627342224,0.6333332657814026,0.9319137334823608,0.9588106274604797,1.0,0.3333333432674408,0.7544900178909302,0.30000001192092896,0.20000000298023224,0.20000000298023224,0.15000000596046448,0.15000000596046448,1.0,1.0,1.0,1.0
complex_qaware_v018_r2,closed_loop,complex,full,1,0.18,True,32.729322746,1785050568.7321897,3.5603175979739574,0.040135170291311674,0.03968040887762214,0.12546639883736913,0.002746108624713037,4.045791761646127,0.12823032631747266,-0.05051917935263186,20.0,3.5375975417275956,0.03982526936319478,4.542570652744892,0.04623386071919838,5.470878879737889,0.052215838018861586,0.5591480731964111,0.15312130749225616,0.1031213104724884,0.7544900178909302,0.7544900178909302,0,ROW_FOLLOW,,1.0,80.0,83.0,-0.030845871195197105,-0.002568751573562622,0.0,0.2766834497451782,0.0,-0.28182095289230347,0.0,0.4920634627342224,0.6333332657814026,0.9319137334823608,0.9588106274604797,1.0,0.3333333432674408,0.7544900178909302,0.30000001192092896,0.20000000298023224,0.20000000298023224,0.15000000596046448,0.15000000596046448,1.0,1.0,1.0,1.0
complex_qaware_v018_r2,closed_loop,complex,full,1,0.18,True,32.783544539,1785050568.7864115,3.566895796299954,0.04039266799158025,0.0393939990610912,0.12758669973099698,-0.006558877215219867,4.052378264484212,0.12814829197927513,-0.05106607494061528,21.0,3.553196427473344,0.03873338799208246,4.5581670280221855,0.04608557715136056,5.553208173104341,0.05202512560464688,0.5618981122970581,0.1574222296476364,0.10742223262786865,0.7562683820724487,0.7544900178909302,0,ROW_FOLLOW,,1.0,80.0,87.0,-0.0353134460747242,-0.0029394179582595825,0.0,0.27678537368774414,0.0,-0.2826642096042633,0.0,0.4761904776096344,0.6595237255096436,0.936496913433075,0.9613803625106812,1.0,0.380952388048172,0.7562683820724487,0.30000001192092896,0.20000000298023224,0.20000000298023224,0.15000000596046448,0.15000000596046448,1.0,1.0,1.0,1.0
complex_qaware_v018_r2,closed_loop,complex,full,1,0.18,True,32.829387136,1785050568.8322542,3.5755247582047502,0.04002564709564921,0.03919994482776047,0.13327942131942047,-0.006246519520766878,4.061111890752385,0.1280899188838743,-0.05358926592777643,21.0,3.553196427473344,0.03873338799208246,4.5581670280221855,0.04608557715136056,5.553208173104341,0.05202512560464688,0.5618981122970581,0.1574222296476364,0.10742223262786865,0.7562683820724487,0.7562683820724487,0,ROW_FOLLOW,,1.0,80.0,87.0,-0.0353134460747242,-0.0029394179582595825,0.0,0.27678537368774414,0.0,-0.2826642096042633,0.0,0.4761904776096344,0.6595237255096436,0.936496913433075,0.9613803625106812,1.0,0.380952388048172,0.7562683820724487,0.30000001192092896,0.20000000298023224,0.20000000298023224,0.15000000596046448,0.15000000596046448,1.0,1.0,1.0,1.0
complex_qaware_v018_r2,closed_loop,complex,full,1,0.18,True,32.879577511,1785050568.8824446,3.5823242993549003,0.040289527579105984,0.039043021999161084,0.13334907824428716,0.013596414820273711,4.067920821306354,0.12812556747422418,-0.05335160865877732,21.0,3.553196427473344,0.03873338799208246,4.5581670280221855,0.04608557715136056,5.553208173104341,0.05202512560464688,0.5618981122970581,0.1574222296476364,0.10742223262786865,0.7562683820724487,0.7562683820724487,0,ROW_FOLLOW,,1.0,80.0,87.0,-0.0353134460747242,-0.0029394179582595825,0.0,0.27678537368774414,0.0,-0.2826642096042633,0.0,0.4761904776096344,0.6595237255096436,0.936496913433075,0.9613803625106812,1.0,0.380952388048172,0.7562683820724487,0.30000001192092896,0.20000000298023224,0.20000000298023224,0.15000000596046448,0.15000000596046448,1.0,1.0,1.0,1.0
complex_qaware_v018_r2,closed_loop,complex,full,1,0.18,True,32.930373499,1785050568.9332407,3.5875017082527942,0.04090826235085561,0.03841893715979338,0.133183041129673,-0.017595836671755957,4.073145671376211,0.1254287357762442,-0.06522077213725398,21.0,3.5674525796335046,0.03708096533481022,4.572418003801939,0.044969645036491514,5.574576886956275,0.05115596174040407,0.5603044629096985,0.15949799120426178,0.10949799418449402,0.7511769533157349,0.7511769533157349,0,ROW_FOLLOW,,1.0,84.0,91.0,-0.02836151421070099,-0.004512012004852295,0.0,0.2745210528373718,0.0,-0.2835450768470764,0.0,0.460317462682724,0.6595237255096436,0.9338406920433044,0.9627251625061035,1.0,0.380952388048172,0.7511769533157349,0.30000001192092896,0.20000000298023224,0.20000000298023224,0.15000000596046448,0.15000000596046448,1.0,1.0,1.0,1.0
complex_qaware_v018_r2,closed_loop,complex,full,1,0.18,True,32.984663838,1785050568.9875307,3.6002447061450864,0.04139235291706198,0.038267703475050936,0.13388473049268323,-0.014127676279318258,4.085906351606569,0.12509136932452747,-0.0674698818153654,21.0,3.583194121580048,0.03631133312153593,4.583155730437523,0.04457311366850717,5.583117316729489,0.05283489158926503,0.5654842853546143,0.16114456951618195,0.11114457249641418,0.7477251291275024,0.7511769533157349,0,ROW_FOLLOW,,1.0,80.0,87.0,-0.028024107217788696,-0.005686730146408081,0.0,0.274257630109787,0.0,-0.28563109040260315,0.0,0.4285714328289032,0.6857142448425293,0.9424524903297424,0.9568021893501282,1.0,0.4285714328289032,0.7477251291275024,0.30000001192092896,0.20000000298023224,0.20000000298023224,0.15000000596046448,0.15000000596046448,1.0,1.0,1.0,1.0
complex_qaware_v018_r2,closed_loop,complex,full,1,0.18,True,33.029496077,1785050569.032363,3.6024703441196504,0.04258132321719285,0.03853680066990117,0.13601655915943522,0.02962951629124092,4.095893479378874,0.12292744345912344,-0.07775386522551321,21.0,3.583194121580048,0.03631133312153593,4.583155730437523,0.04457311366850717,5.583117316729489,0.05283489158926503,0.5654842853546143,0.16114456951618195,0.11114457249641418,0.7477251291275024,0.7477251291275024,0,ROW_FOLLOW,,1.0,80.0,87.0,-0.028024107217788696,-0.005686730146408081,0.0,0.274257630109787,0.0,-0.28563109040260315,0.0,0.4285714328289032,0.6857142448425293,0.9424524903297424,0.9568021893501282,1.0,0.4285714328289032,0.7477251291275024,0.30000001192092896,0.20000000298023224,0.20000000298023224,0.15000000596046448,0.15000000596046448,1.0,1.0,1.0,1.0
complex_qaware_v018_r2,closed_loop,complex,full,1,0.18,True,33.079652756,1785050569.0825198,3.6088120029570834,0.042825063706274764,0.038200300953446405,0.13219401404571254,-0.00869243097938545,4.102245419823475,0.12278601163644813,-0.07869674404334868,21.0,3.583194121580048,0.03631133312153593,4.583155730437523,0.04457311366850717,5.583117316729489,0.05283489158926503,0.5654842853546143,0.16114456951618195,0.11114457249641418,0.7477251291275024,0.7477251291275024,0,ROW_FOLLOW,,1.0,80.0,87.0,-0.028024107217788696,-0.005686730146408081,0.0,0.274257630109787,0.0,-0.28563109040260315,0.0,0.4285714328289032,0.6857142448425293,0.9424524903297424,0.9568021893501282,1.0,0.4285714328289032,0.7477251291275024,0.30000001192092896,0.20000000298023224,0.20000000298023224,0.15000000596046448,0.15000000596046448,1.0,1.0,1.0,1.0
complex_qaware_v018_r2,closed_loop,complex,full,1,0.18,True,33.129372913,1785050569.1322398,3.6133571046081654,0.04298473669350129,0.03731233922628264,0.13227290188888477,-0.011483018407425587,4.106804310980868,0.12497104867062236,-0.0783411036755465,20.0,3.5971866019444754,0.03565719790002848,4.597134370246965,0.04588682464886936,5.53041908057041,0.055426289086091825,0.5640056729316711,0.15933062136173248,0.10933062434196472,0.7595678567886353,0.7595678567886353,0,ROW_FOLLOW,,1.0,85.0,91.0,-0.028216054663062096,-0.00733456015586853,0.0,0.272178053855896,0.0,-0.28684717416763306,0.0,0.4761904776096344,0.6857142448425293,0.9391962885856628,0.9448574781417847,1.0,0.4285714328289032,0.7595678567886353,0.30000001192092896,0.20000000298023224,0.20000000298023224,0.15000000596046448,0.15000000596046448,1.0,1.0,1.0,1.0
complex_qaware_v018_r2,closed_loop,complex,full,1,0.18,True,33.180898871,1785050569.1837656,3.620136145590555,0.04300939729114727,0.037185367229342084,0.1269659150924576,0.0029145738829877937,4.113630117985575,0.12495270206098849,-0.07846341440643911,21.0,3.6098196859119853,0.03514891887327758,4.609746270293916,0.04701757923019054,5.6101163926279085,0.06059984167048943,0.5604751110076904,0.15647055208683014,0.10647055506706238,0.7355207204818726,0.7595678567886353,0,ROW_FOLLOW,,1.0,79.0,83.0,-0.021806281059980392,-0.008760467171669006,0.0,0.2701168954372406,0.0,-0.2876378297805786,0.0,0.4285714328289032,0.6333332657814026,0.9341254234313965,0.9563834071159363,1.0,0.3333333432674408,0.7355207204818726,0.30000001192092896,0.20000000298023224,0.20000000298023224,0.15000000596046448,0.15000000596046448,1.0,1.0,1.0,1.0
complex_qaware_v018_r2,closed_loop,complex,full,1,0.18,True,33.229371288,1785050569.2322383,3.6264147208560003,0.043233759650589156,0.03665017293879116,0.12691710440912002,-0.012055124112089739,4.119916046642115,0.12057812952327955,-0.07877066775638335,21.0,3.6098196859119853,0.03514891887327758,4.609746270293916,0.04701757923019054,5.6101163926279085,0.06059984167048943,0.5604751110076904,0.15647055208683014,0.10647055506706238,0.7355207204818726,0.7355207204818726,0,ROW_FOLLOW,,1.0,79.0,83.0,-0.021806281059980392,-0.008760467171669006,0.0,0.2701168954372406,0.0,-0.2876378297805786,0.0,0.4285714328289032,0.6333332657814026,0.9341254234313965,0.9563834071159363,1.0,0.3333333432674408,0.7355207204818726,0.30000001192092896,0.20000000298023224,0.20000000298023224,0.15000000596046448,0.15000000596046448,1.0,1.0,1.0,1.0
complex_qaware_v018_r2,closed_loop,complex,full,1,0.18,True,33.279340699,1785050569.2822077,3.636403523890775,0.043919720337421836,0.03590456557639321,0.12328368775036942,-0.008114368269809658,4.129943340530337,0.1201370355901518,-0.08171129397723491,21.0,3.6098196859119853,0.03514891887327758,4.609746270293916,0.04701757923019054,5.6101163926279085,0.06059984167048943,0.5604751110076904,0.15647055208683014,0.10647055506706238,0.7355207204818726,0.7355207204818726,0,ROW_FOLLOW,,1.0,79.0,83.0,-0.021806281059980392,-0.008760467171669006,0.0,0.2701168954372406,0.0,-0.2876378297805786,0.0,0.4285714328289032,0.6333332657814026,0.9341254234313965,0.9563834071159363,1.0,0.3333333432674408,0.7355207204818726,0.30000001192092896,0.20000000298023224,0.20000000298023224,0.15000000596046448,0.15000000596046448,1.0,1.0,1.0,1.0
complex_qaware_v018_r2,closed_loop,complex,full,1,0.18,True,33.329384416,1785050569.3322513,3.6425649762060788,0.04412862926095503,0.03589892393776318,0.12315172157857705,-1.9012369388500105e-06,4.136108880816453,0.12183936321864464,-0.0821381274773055,21.0,3.6219190594909407,0.03437670623839853,4.621804491001714,0.04908323963987615,5.628142035741757,0.06795514553015018,0.5601027011871338,0.159401997923851,0.10940200090408325,0.7453337907791138,0.7453337907791138,0,ROW_FOLLOW,,1.0,91.0,82.0,-0.017146430909633636,-0.010532289743423462,0.0,0.2685633897781372,0.0,-0.28962796926498413,0.0,0.4761904776096344,0.6071427464485168,0.9335044622421265,0.9623149633407593,1.0,0.2857142984867096,0.7453337907791138,0.30000001192092896,0.20000000298023224,0.20000000298023224,0.15000000596046448,0.15000000596046448,1.0,1.0,1.0,1.0
complex_qaware_v018_r2,closed_loop,complex,full,1,0.18,True,33.379467685,1785050569.3823347,3.645142936276675,0.04503544233084334,0.035022590570180416,0.11826258654742922,-0.013700584140545636,4.139027652601661,0.12128487282270398,-0.08583473011690981,21.0,3.6219190594909407,0.03437670623839853,4.621804491001714,0.04908323963987615,5.628142035741757,0.06795514553015018,0.5601027011871338,0.159401997923851,0.10940200090408325,0.7453337907791138,0.7453337907791138,0,ROW_FOLLOW,,1.0,91.0,82.0,-0.017146430909633636,-0.010532289743423462,0.0,0.2685633897781372,0.0,-0.28962796926498413,0.0,0.4761904776096344,0.6071427464485168,0.9335044622421265,0.9623149633407593,1.0,0.2857142984867096,0.7453337907791138,0.30000001192092896,0.20000000298023224,0.20000000298023224,0.15000000596046448,0.15000000596046448,1.0,1.0,1.0,1.0
complex_qaware_v018_r2,closed_loop,complex,full,1,0.18,True,33.429463016,1785050569.43233,3.65094270922177,0.045233009152380474,0.03468929019256972,0.11802246569097065,-0.010681914955444806,4.144832757688792,0.12214006132205756,-0.08512495714290734,21.0,3.6340649294850755,0.03390254367947452,4.633922153057502,0.050748371771936425,5.633779384924362,0.06759419969933342,0.5588086247444153,0.15847481787204742,0.10847482085227966,0.7494933605194092,0.7494933605194092,0,ROW_FOLLOW,,1.0,83.0,85.0,-0.018619894981384277,-0.010968536138534546,0.0,0.26778578758239746,0.0,-0.28972285985946655,0.0,0.4920635223388672,0.6071427464485168,0.9313476085662842,0.961174726486206,1.0,0.2857142984867096,0.7494933605194092,0.30000001192092896,0.20000000298023224,0.20000000298023224,0.15000000596046448,0.15000000596046448,1.0,1.0,1.0,1.0
complex_qaware_v018_r2,closed_loop,complex,full,1,0.18,True,33.479640784,1785050569.4825077,3.6568078466039498,0.0454246858168775,0.03411453146714337,0.11757991481479553,-0.014024386804673883,4.150708597405777,0.1220267615185083,-0.08588028916656901,21.0,3.6340649294850755,0.03390254367947452,4.633922153057502,0.050748371771936425,5.633779384924362,0.06759419969933342,0.5588086247444153,0.15847481787204742,0.10847482085227966,0.7494933605194092,0.7494933605194092,0,ROW_FOLLOW,,1.0,83.0,85.0,-0.018619894981384277,-0.010968536138534546,0.0,0.26778578758239746,0.0,-0.28972285985946655,0.0,0.4920635223388672,0.6071427464485168,0.9313476085662842,0.961174726486206,1.0,0.2857142984867096,0.7494933605194092,0.30000001192092896,0.20000000298023224,0.20000000298023224,0.15000000596046448,0.15000000596046448,1.0,1.0,1.0,1.0
complex_qaware_v018_r2,closed_loop,complex,full,1,0.18,True,33.529487888,1785050569.5323548,3.66187213005995,0.04697155053414558,0.03362082237836406,0.11035866624874613,0.00895262740614097,4.158039383346221,0.12162957414289545,-0.09268899067903681,21.0,3.6462996702693324,0.03392183635095388,4.646158605968458,0.050655670545171255,5.646017513263682,0.06738950351248033,0.5595051646232605,0.15747110545635223,0.10747110843658447,0.7529606819152832,0.7529606819152832,0,ROW_FOLLOW,,1.0,88.0,82.0,-0.019071467220783234,-0.011118099093437195,0.0,0.267731636762619,0.0,-0.2899678349494934,0.0,0.4841269850730896,0.6333332657814026,0.9325084686279297,0.9636946320533752,1.0,0.3333333432674408,0.7529606819152832,0.30000001192092896,0.20000000298023224,0.20000000298023224,0.15000000596046448,0.15000000596046448,1.0,1.0,1.0,1.0
complex_qaware_v018_r2,closed_loop,complex,full,1,0.18,True,33.583140038,1785050569.586007,3.6678086737368485,0.047159983080202986,0.03348989689370852,0.11275122451228473,-0.015062004520017528,4.163991547689626,0.12142996400540176,-0.0940197249289948,21.0,3.6567543363809425,0.034670079521002255,4.656641234530913,0.04967435918064284,5.656528097351287,0.06467863675861686,0.5617585182189941,0.1592899113893509,0.10928991436958313,0.7568166255950928,0.7529606819152832,0,ROW_FOLLOW,,1.0,89.0,92.0,-0.019921109080314636,-0.011527031660079956,0.0,0.26807206869125366,0.0,-0.2911261320114136,0.0,0.4761904776096344,0.6595237255096436,0.936264157295227,0.9653458595275879,1.0,0.380952388048172,0.7568166255950928,0.30000001192092896,0.20000000298023224,0.20000000298023224,0.15000000596046448,0.15000000596046448,1.0,1.0,1.0,1.0
complex_qaware_v018_r2,closed_loop,complex,full,1,0.18,True,33.629454102,1785050569.6323211,3.6673434788417785,0.047830859725335136,0.03290187188504756,0.10029399329207195,-0.025965079348387102,4.176361571075609,0.12205494315060994,-0.09448032971004493,21.0,3.6567543363809425,0.034670079521002255,4.656641234530913,0.04967435918064284,5.656528097351287,0.06467863675861686,0.5617585182189941,0.1592899113893509,0.10928991436958313,0.7568166255950928,0.7568166255950928,0,ROW_FOLLOW,,1.0,89.0,92.0,-0.019921109080314636,-0.011527031660079956,0.0,0.26807206869125366,0.0,-0.2911261320114136,0.0,0.4761904776096344,0.6595237255096436,0.936264157295227,0.9653458595275879,1.0,0.380952388048172,0.7568166255950928,0.30000001192092896,0.20000000298023224,0.20000000298023224,0.15000000596046448,0.15000000596046448,1.0,1.0,1.0,1.0
complex_qaware_v018_r2,closed_loop,complex,full,1,0.18,True,33.679383384,1785050569.6822503,3.6733523766025784,0.04801869052060387,0.032518812587661206,0.10712761723658731,-0.02247944659075449,4.182376495280516,0.12190847045214392,-0.09545681436648501,21.0,3.6567543363809425,0.034670079521002255,4.656641234530913,0.04967435918064284,5.656528097351287,0.06467863675861686,0.5617585182189941,0.1592899113893509,0.10928991436958313,0.7568166255950928,0.7568166255950928,0,ROW_FOLLOW,,1.0,89.0,92.0,-0.019921109080314636,-0.011527031660079956,0.0,0.26807206869125366,0.0,-0.2911261320114136,0.0,0.4761904776096344,0.6595237255096436,0.936264157295227,0.9653458595275879,1.0,0.380952388048172,0.7568166255950928,0.30000001192092896,0.20000000298023224,0.20000000298023224,0.15000000596046448,0.15000000596046448,1.0,1.0,1.0,1.0
complex_qaware_v018_r2,closed_loop,complex,full,1,0.18,True,33.729432125,1785050569.732299,3.679113291624896,0.048672434674293344,0.03223297006437596,0.09982590469935466,-0.02219745950368564,4.18904020759805,0.12180854061172045,-0.09305327872927735,21.0,3.666195487074648,0.03500508391926914,4.666041322595082,0.05210827963084921,5.665887150188958,0.06921147554687036,0.5622656941413879,0.15996600687503815,0.10996600985527039,0.7542585134506226,0.7542585134506226,0,ROW_FOLLOW,,1.0,87.0,87.0,-0.009818151593208313,-0.01294863224029541,0.0,0.26655566692352295,0.0,-0.29245293140411377,0.0,0.4682539403438568,0.6595237255096436,0.9371093511581421,0.9630383253097534,1.0,0.380952388048172,0.7542585134506226,0.30000001192092896,0.20000000298023224,0.20000000298023224,0.15000000596046448,0.15000000596046448,1.0,1.0,1.0,1.0
complex_qaware_v018_r2,closed_loop,complex,full,1,0.18,True,33.779402304,1785050569.7822692,3.6852139461472415,0.04885671446985182,0.0314143303887624,0.10776920822395039,-0.01500099086437284,4.195151002072005,0.1217592163752116,-0.0933821069726697,21.0,3.666195487074648,0.03500508391926914,4.666041322595082,0.05210827963084921,5.665887150188958,0.06921147554687036,0.5622656941413879,0.15996600687503815,0.10996600985527039,0.7542585134506226,0.7542585134506226,0,ROW_FOLLOW,,1.0,87.0,87.0,-0.009818151593208313,-0.01294863224029541,0.0,0.26655566692352295,0.0,-0.29245293140411377,0.0,0.4682539403438568,0.6595237255096436,0.9371093511581421,0.9630383253097534,1.0,0.380952388048172,0.7542585134506226,0.30000001192092896,0.20000000298023224,0.20000000298023224,0.15000000596046448,0.15000000596046448,1.0,1.0,1.0,1.0
complex_qaware_v018_r2,closed_loop,complex,full,1,0.18,True,33.829453124,1785050569.83232,3.698001970481363,0.04952112794050381,0.03046255640404773,0.11461052668526962,-0.017692489506455654,4.2079679870931725,0.12001431995476768,-0.09281677843163506,21.0,3.6757014847018543,0.03511472623593027,4.675520844457279,0.05374582541087711,5.675340210581364,0.0723769243559693,0.5593774914741516,0.15837134420871735,0.10837134718894958,0.7440935373306274,0.7440935373306274,0,ROW_FOLLOW,,1.0,71.0,88.0,-0.011786863207817078,-0.014222681522369385,0.0,0.26477622985839844,0.0,-0.2932215929031372,0.0,0.4365079402923584,0.6595237255096436,0.9322959184646606,0.9651812314987183,1.0,0.380952388048172,0.7440935373306274,0.30000001192092896,0.20000000298023224,0.20000000298023224,0.15000000596046448,0.15000000596046448,1.0,1.0,1.0,1.0
complex_qaware_v018_r2,closed_loop,complex,full,1,0.18,True,33.88017212,1785050569.883039,3.704138762441985,0.04969256629074604,0.030114625125878806,0.1158993482467876,0.006183876448777967,4.214111423061334,0.11985099482077782,-0.09390561265823402,21.0,3.6757014847018543,0.03511472623593027,4.675520844457279,0.05374582541087711,5.675340210581364,0.0723769243559693,0.5593774914741516,0.15837134420871735,0.10837134718894958,0.7440935373306274,0.7440935373306274,0,ROW_FOLLOW,,1.0,71.0,88.0,-0.011786863207817078,-0.014222681522369385,0.0,0.26477622985839844,0.0,-0.2932215929031372,0.0,0.4365079402923584,0.6595237255096436,0.9322959184646606,0.9651812314987183,1.0,0.380952388048172,0.7440935373306274,0.30000001192092896,0.20000000298023224,0.20000000298023224,0.15000000596046448,0.15000000596046448,1.0,1.0,1.0,1.0
complex_qaware_v018_r2,closed_loop,complex,full,1,0.18,True,33.9293082,1785050569.9321752,3.7075817968709575,0.047560760096558984,0.029263824254170078,0.12210201246049887,-0.008069976666386086,4.223841869938143,0.12271140969799343,-0.07968933337222311,19.0,3.6878443273545485,0.03486849360185192,4.5876648611279585,0.05273188605559939,5.554142263237071,0.07174326044089312,0.5590977668762207,0.1590961366891861,0.10909613966941833,0.7481378316879272,0.7481378316879272,0,ROW_FOLLOW,,1.0,87.0,91.0,-0.012894056737422943,-0.014799445867538452,0.0,0.2647934556007385,0.0,-0.29439234733581543,0.0,0.4682539999485016,0.6333332061767578,0.931829571723938,0.9641931653022766,1.0,0.3333333432674408,0.7481378316879272,0.30000001192092896,0.20000000298023224,0.20000000298023224,0.15000000596046448,0.15000000596046448,1.0,1.0,1.0,1.0
complex_qaware_v018_r2,closed_loop,complex,full,1,0.18,True,33.979393806,1785050569.9822607,3.713377362962415,0.047711300361304144,0.027867132037857623,0.1216039180409087,-0.018883264764616842,4.229648462002488,0.12283552730660378,-0.07886188264815415,19.0,3.6878443273545485,0.03486849360185192,4.5876648611279585,0.05273188605559939,5.554142263237071,0.07174326044089312,0.5590977668762207,0.1590961366891861,0.10909613966941833,0.7481378316879272,0.7481378316879272,0,ROW_FOLLOW,,1.0,87.0,91.0,-0.012894056737422943,-0.014799445867538452,0.0,0.2647934556007385,0.0,-0.29439234733581543,0.0,0.4682539999485016,0.6333332061767578,0.931829571723938,0.9641931653022766,1.0,0.3333333432674408,0.7481378316879272,0.30000001192092896,0.20000000298023224,0.20000000298023224,0.15000000596046448,0.15000000596046448,1.0,1.0,1.0,1.0
complex_qaware_v018_r2,closed_loop,complex,full,1,0.18,True,34.029328208,1785050570.032195,3.7217778397282353,0.047277927471675724,0.02699935561190881,0.12637632671227855,-0.025050293628844117,4.238136405674286,0.12233782683524433,-0.08237472145339227,21.0,3.7011633958713652,0.03419167530688762,4.701010279526148,0.05161191323367059,5.699237135459354,0.06888084752542026,0.5627439022064209,0.1589576154947281,0.10895761847496033,0.7483001947402954,0.7483001947402954,0,ROW_FOLLOW,,1.0,78.0,94.0,-0.01245173905044794,-0.014670103788375854,0.0,0.2667779326438904,0.0,-0.2961181402206421,0.0,0.4682539999485016,0.6333332061767578,0.9379064440727234,0.9571734070777893,1.0,0.3333333432674408,0.7483001947402954,0.30000001192092896,0.20000000298023224,0.20000000298023224,0.15000000596046448,0.15000000596046448,1.0,1.0,1.0,1.0
complex_qaware_v018_r2,closed_loop,complex,full,1,0.18,True,34.079758878,1785050570.0826259,3.7280258421631887,0.04741654351548166,0.025340055496809274,0.12569558858052907,-0.04347104010788673,4.244402763899618,0.12250483231247229,-0.08126135160520584,21.0,3.7011633958713652,0.03419167530688762,4.701010279526148,0.05161191323367059,5.699237135459354,0.06888084752542026,0.5627439022064209,0.1589576154947281,0.10895761847496033,0.7483001947402954,0.7483001947402954,0,ROW_FOLLOW,,1.0,78.0,94.0,-0.01245173905044794,-0.014670103788375854,0.0,0.2667779326438904,0.0,-0.2961181402206421,0.0,0.4682539999485016,0.6333332061767578,0.9379064440727234,0.9571734070777893,1.0,0.3333333432674408,0.7483001947402954,0.30000001192092896,0.20000000298023224,0.20000000298023224,0.15000000596046448,0.15000000596046448,1.0,1.0,1.0,1.0
complex_qaware_v018_r2,closed_loop,complex,full,1,0.18,True,34.129362522,1785050570.1322293,3.734716027132222,0.048565919853581475,0.02403087569575969,0.13149251769133233,-0.028234862509722146,4.251683551635345,0.12079042876922863,-0.09232077829282959,21.0,3.715406570445177,0.03341574697016312,4.715289364531739,0.04863497276479132,5.720709635057106,0.061113919937773,0.5651327967643738,0.15489612519741058,0.10489612817764282,0.7479919195175171,0.7479919195175171,0,ROW_FOLLOW,,1.0,87.0,102.0,-0.012316512875258923,-0.015108838677406311,0.0,0.2688576281070709,0.0,-0.29907530546188354,0.0,0.4682539403438568,0.6333332657814026,0.9418877959251404,0.9498103260993958,1.0,0.3333333432674408,0.7479919195175171,0.30000001192092896,0.20000000298023224,0.20000000298023224,0.15000000596046448,0.15000000596046448,1.0,1.0,1.0,1.0
complex_qaware_v018_r2,closed_loop,complex,full,1,0.18,True,34.18031922,1785050570.1831863,3.740849112006973,0.04869209625400881,0.023023519631701017,0.12818795843148886,-0.016931836644739642,4.2578255872403865,0.12078386558442257,-0.09236453285820338,21.0,3.715406570445177,0.03341574697016312,4.715289364531739,0.04863497276479132,5.720709635057106,0.061113919937773,0.5651327967643738,0.15489612519741058,0.10489612817764282,0.7479919195175171,0.7479919195175171,0,ROW_FOLLOW,,1.0,87.0,102.0,-0.012316512875258923,-0.015108838677406311,0.0,0.2688576281070709,0.0,-0.29907530546188354,0.0,0.4682539403438568,0.6333332657814026,0.9418877959251404,0.9498103260993958,1.0,0.3333333432674408,0.7479919195175171,0.30000001192092896,0.20000000298023224,0.20000000298023224,0.15000000596046448,0.15000000596046448,1.0,1.0,1.0,1.0
complex_qaware_v018_r2,closed_loop,complex,full,1,0.18,True,34.22946759,1785050570.2323346,3.745171894542535,0.05049220301199143,0.021796793093364904,0.1289471319162305,-0.03210765903148859,4.266356233719981,0.12017345751391617,-0.10084876450785205,19.0,3.727616248406225,0.033497181212550096,4.627530646718793,0.04586946847370765,5.5941063637934,0.05909529171712365,0.56534343957901,0.1610868126153946,0.11108681559562683,0.7516709566116333,0.7516709566116333,0,ROW_FOLLOW,,1.0,92.0,91.0,-0.010220170021057129,-0.013553589582443237,0.0,0.27109211683273315,0.0,-0.29819929599761963,0.0,0.4761904776096344,0.6333332657814026,0.9422391057014465,0.9579952955245972,1.0,0.3333333432674408,0.7516709566116333,0.30000001192092896,0.20000000298023224,0.20000000298023224,0.15000000596046448,0.15000000596046448,1.0,1.0,1.0,1.0
complex_qaware_v018_r2,closed_loop,complex,full,1,0.18,True,34.28178611,1785050570.284653,3.751341641776514,0.050599037719758724,0.020188988565366113,0.1268164211755531,-0.01831713884846004,4.272539993609362,0.12028403531304328,-0.10011157918033806,19.0,3.727616248406225,0.033497181212550096,4.627530646718793,0.04586946847370765,5.5941063637934,0.05909529171712365,0.56534343957901,0.1610868126153946,0.11108681559562683,0.7516709566116333,0.7516709566116333,0,ROW_FOLLOW,,1.0,92.0,91.0,-0.010220170021057129,-0.013553589582443237,0.0,0.27109211683273315,0.0,-0.29819929599761963,0.0,0.4761904776096344,0.6333332657814026,0.9422391057014465,0.9579952955245972,1.0,0.3333333432674408,0.7516709566116333,0.30000001192092896,0.20000000298023224,0.20000000298023224,0.15000000596046448,0.15000000596046448,1.0,1.0,1.0,1.0
complex_qaware_v018_r2,closed_loop,complex,full,1,0.18,True,34.329376205,1785050570.3322432,3.7549280411582098,0.05173989020970008,0.019064962386535544,0.11314112702784912,-0.01692824910875606,4.281187400076964,0.12182640380165936,-0.09626427845809445,20.0,3.7402453750410625,0.035114332785945,4.740166895033491,0.04763835314941715,5.689707440590633,0.05921959177688531,0.5661792755126953,0.1598259061574936,0.10982590913772583,0.7570335865020752,0.7570335865020752,0,ROW_FOLLOW,,1.0,92.0,103.0,-0.008442835882306099,-0.012705519795417786,0.0,0.2728298306465149,0.0,-0.29824087023735046,0.0,0.4761904776096344,0.6595236659049988,0.9436320066452026,0.9569686055183411,1.0,0.380952388048172,0.7570335865020752,0.30000001192092896,0.20000000298023224,0.20000000298023224,0.15000000596046448,0.15000000596046448,1.0,1.0,1.0,1.0
complex_qaware_v018_r2,closed_loop,complex,full,1,0.18,True,34.379288815,1785050570.3821557,3.761083633477629,0.05183591559703268,0.017745267076337612,0.11650475301135528,-0.02582085757467826,4.287354649278982,0.12188409545476651,-0.0958796674373801,20.0,3.7402453750410625,0.035114332785945,4.740166895033491,0.04763835314941715,5.689707440590633,0.05921959177688531,0.5661792755126953,0.1598259061574936,0.10982590913772583,0.7570335865020752,0.7570335865020752,0,ROW_FOLLOW,,1.0,92.0,103.0,-0.008442835882306099,-0.012705519795417786,0.0,0.2728298306465149,0.0,-0.29824087023735046,0.0,0.4761904776096344,0.6595236659049988,0.9436320066452026,0.9569686055183411,1.0,0.380952388048172,0.7570335865020752,0.30000001192092896,0.20000000298023224,0.20000000298023224,0.15000000596046448,0.15000000596046448,1.0,1.0,1.0,1.0
complex_qaware_v018_r2,closed_loop,complex,full,1,0.18,True,34.429429239,1785050570.4322963,3.766055206433167,0.05189659180687565,0.01685580082209314,0.11633360548639889,-0.024424646347295315,4.292337374928996,0.12418573428911113,-0.08256287245471308,21.0,3.7512486818336357,0.0373863501967022,4.751175622897876,0.049473682165808185,5.761095612993717,0.06255125738097674,0.5692753195762634,0.1604367345571518,0.11043673753738403,0.7587231397628784,0.7587231397628784,0,ROW_FOLLOW,,1.0,95.0,84.0,-0.006031891331076622,-0.012711748480796814,0.0,0.27357062697410583,0.0,-0.29899412393569946,0.0,0.4761904776096344,0.6595236659049988,0.9487921595573425,0.9613522887229919,1.0,0.380952388048172,0.7587231397628784,0.30000001192092896,0.20000000298023224,0.20000000298023224,0.15000000596046448,0.15000000596046448,1.0,1.0,1.0,1.0
complex_qaware_v018_r2,closed_loop,complex,full,1,0.18,True,34.48194146,1785050570.4848084,3.7660555307560837,0.05187526632768259,0.015611299945865742,0.11972767787151849,-0.026852986789460763,4.2923587028754255,0.12448176832539312,-0.08058931221283316,21.0,3.759638841762518,0.03879410331139711,4.764572648711547,0.05033389493142798,5.72617603966664,0.06137329467591718,0.5692753195762634,0.1604367345571518,0.11043673753738403,0.7587231397628784,0.7587231397628784,0,ROW_FOLLOW,,1.0,95.0,84.0,-0.006031891331076622,-0.012711748480796814,0.0,0.27357062697410583,0.0,-0.29899412393569946,0.0,0.4761904776096344,0.6595236659049988,0.9487921595573425,0.9613522887229919,1.0,0.380952388048172,0.7587231397628784,0.30000001192092896,0.20000000298023224,0.20000000298023224,0.15000000596046448,0.15000000596046448,1.0,1.0,1.0,1.0
complex_qaware_v018_r2,closed_loop,complex,full,1,0.18,True,34.529442656,1785050570.5323095,3.7736141709859097,0.053541015703994256,0.014258361043015807,0.10602392816637443,-0.0342361388815615,4.300511608508312,0.12462123869251668,-0.08074255000276956,20.0,3.759638841762518,0.03879410331139711,4.764572648711547,0.05033389493142798,5.72617603966664,0.06137329467591718,0.5705471634864807,0.15956886112689972,0.10956886410713196,0.7596256732940674,0.7596256732940674,0,ROW_FOLLOW,,1.0,91.0,70.0,-0.004615630954504013,-0.012513145804405212,0.0,0.27476489543914795,0.0,-0.2997911870479584,0.0,0.4761904776096344,0.6595236659049988,0.950911819934845,0.9645429253578186,1.0,0.380952388048172,0.7596256732940674,0.30000001192092896,0.20000000298023224,0.20000000298023224,0.15000000596046448,0.15000000596046448,1.0,1.0,1.0,1.0
complex_qaware_v018_r2,closed_loop,complex,full,1,0.18,True,34.582894322,1785050570.5857613,3.7795828428122054,0.05360064910829872,0.012593057644103114,0.11110857111261094,-0.01750531711007215,4.306490506065262,0.12480817569416995,-0.07949630332508101,20.0,3.769049913910288,0.0397350600183587,4.778986390552809,0.05106887402837786,5.735593060293023,0.06179266158777716,0.571715235710144,0.15985174477100372,0.10985174775123596,0.7550333738327026,0.7596256732940674,0,ROW_FOLLOW,,1.0,97.0,61.0,-0.0018265442922711372,-0.012886375188827515,0.0,0.27530086040496826,0.0,-0.3010736107826233,0.0,0.460317462682724,0.6595236659049988,0.9528590440750122,0.9630770087242126,1.0,0.380952388048172,0.7550333738327026,0.30000001192092896,0.20000000298023224,0.20000000298023224,0.15000000596046448,0.15000000596046448,1.0,1.0,1.0,1.0
complex_qaware_v018_r2,closed_loop,complex,full,1,0.18,True,34.629440361,1785050570.6323073,3.7862539875919383,0.05119135562310782,0.011204579185312369,0.10725781736474507,-0.0348477262328791,4.315002671605064,0.12695368289441797,-0.05968216263645662,20.0,3.769049913910288,0.0397350600183587,4.778986390552809,0.05106887402837786,5.735593060293023,0.06179266158777716,0.571715235710144,0.15985174477100372,0.10985174775123596,0.7550333738327026,0.7550333738327026,0,ROW_FOLLOW,,1.0,97.0,61.0,-0.0018265442922711372,-0.012886375188827515,0.0,0.27530086040496826,0.0,-0.3010736107826233,0.0,0.460317462682724,0.6595236659049988,0.9528590440750122,0.9630770087242126,1.0,0.380952388048172,0.7550333738327026,0.30000001192092896,0.20000000298023224,0.20000000298023224,0.15000000596046448,0.15000000596046448,1.0,1.0,1.0,1.0
complex_qaware_v018_r2,closed_loop,complex,full,1,0.18,True,34.684885768,1785050570.6877527,3.792243212182598,0.051221733590123865,0.008803745775518127,0.11143383813837063,-0.03826212877677556,4.3210112900303965,0.12736474509805176,-0.05694174794556467,21.0,3.77943103598977,0.03928385459455628,4.789374158494446,0.05000133142056858,5.792278802253058,0.057499618437893654,0.5731981992721558,0.1646210104227066,0.11462101340293884,0.753821611404419,0.7550333738327026,0,ROW_FOLLOW,,1.0,83.0,66.0,0.0010605109855532646,-0.013450965285301208,0.0,0.2750982940196991,0.0,-0.3020002245903015,0.0,0.4523809552192688,0.6595236659049988,0.9553300142288208,0.9675770998001099,1.0,0.380952388048172,0.753821611404419,0.30000001192092896,0.20000000298023224,0.20000000298023224,0.15000000596046448,0.15000000596046448,1.0,1.0,1.0,1.0
complex_qaware_v018_r2,closed_loop,complex,full,1,0.18,True,34.729455091,1785050570.732322,3.797913020033898,0.05051262656480362,0.008645946940333268,0.10995993334787221,0.006802946979901293,4.327775818661517,0.12732158750291536,-0.055775350332533585,21.0,3.77943103598977,0.03928385459455628,4.789374158494446,0.05000133142056858,5.792278802253058,0.057499618437893654,0.5731981992721558,0.1646210104227066,0.11462101340293884,0.753821611404419,0.753821611404419,0,ROW_FOLLOW,,1.0,83.0,66.0,0.0010605109855532646,-0.013450965285301208,0.0,0.2750982940196991,0.0,-0.3020002245903015,0.0,0.4523809552192688,0.6595236659049988,0.9553300142288208,0.9675770998001099,1.0,0.380952388048172,0.753821611404419,0.30000001192092896,0.20000000298023224,0.20000000298023224,0.15000000596046448,0.15000000596046448,1.0,1.0,1.0,1.0
complex_qaware_v018_r2,closed_loop,complex,full,1,0.18,True,34.779318612,1785050570.7821856,3.803902084638027,0.05053303834811463,0.006445679181746211,0.1130795660055176,-0.039354564655039184,4.333782694815187,0.12769253931712427,-0.0533023382378076,21.0,3.77943103598977,0.03928385459455628,4.789374158494446,0.05000133142056858,5.792278802253058,0.057499618437893654,0.5731981992721558,0.1646210104227066,0.11462101340293884,0.753821611404419,0.753821611404419,0,ROW_FOLLOW,,1.0,83.0,66.0,0.0010605109855532646,-0.013450965285301208,0.0,0.2750982940196991,0.0,-0.3020002245903015,0.0,0.4523809552192688,0.6595236659049988,0.9553300142288208,0.9675770998001099,1.0,0.380952388048172,0.753821611404419,0.30000001192092896,0.20000000298023224,0.20000000298023224,0.15000000596046448,0.15000000596046448,1.0,1.0,1.0,1.0
complex_qaware_v018_r2,closed_loop,complex,full,1,0.18,True,34.829442299,1785050570.8323092,3.8139355123324723,0.05011346900942963,0.0050032691206047825,0.12015672192519954,-0.02143174090785151,4.343851592443092,0.12365705466550596,-0.05039156435052509,21.0,3.7921037062519205,0.03799311537092663,4.796996962541879,0.05183732958354834,5.798034092210182,0.06703573117789702,0.5712737441062927,0.16553018987178802,0.11553019285202026,0.7289766073226929,0.7289766073226929,0,ROW_FOLLOW,,1.0,83.0,52.0,0.014096355065703392,-0.01504555344581604,0.0,0.2724066376686096,0.0,-0.3024977445602417,0.0,0.4285714328289032,0.5809522867202759,0.9521229267120361,0.9586011171340942,1.0,0.2380952388048172,0.7289766073226929,0.30000001192092896,0.20000000298023224,0.20000000298023224,0.15000000596046448,0.15000000596046448,1.0,1.0,1.0,1.0
complex_qaware_v018_r2,closed_loop,complex,full,1,0.18,True,34.879503073,1785050570.88237,3.819892524744893,0.050112493830030934,0.002925706897868973,0.11983722099230319,-0.02589626128509926,4.349825099906884,0.12401221653314774,-0.048023818566246504,21.0,3.7921037062519205,0.03799311537092663,4.796996962541879,0.05183732958354834,5.798034092210182,0.06703573117789702,0.5712737441062927,0.16553018987178802,0.11553019285202026,0.7289766073226929,0.7289766073226929,0,ROW_FOLLOW,,1.0,83.0,52.0,0.014096355065703392,-0.01504555344581604,0.0,0.2724066376686096,0.0,-0.3024977445602417,0.0,0.4285714328289032,0.5809522867202759,0.9521229267120361,0.9586011171340942,1.0,0.2380952388048172,0.7289766073226929,0.30000001192092896,0.20000000298023224,0.20000000298023224,0.15000000596046448,0.15000000596046448,1.0,1.0,1.0,1.0
complex_qaware_v018_r2,closed_loop,complex,full,1,0.18,True,34.92949575,1785050570.9323628,3.830022625227602,0.04956104159073682,0.0017531999932525182,0.13213844782300757,-0.042542162878771606,4.359996210917202,0.11892564545271062,-0.05076316130179415,20.0,3.805587820630327,0.03584029863902503,4.8054479603707385,0.051943708586487856,5.738650129646583,0.0670336293715751,0.5722950100898743,0.1666046530008316,0.11660465598106384,0.7030006647109985,0.7030006647109985,0,ROW_FOLLOW,,1.0,63.0,59.0,0.01498078741133213,-0.015856221318244934,0.0,0.27194198966026306,0.0,-0.30365443229675293,0.0,0.3571428656578064,0.5547617673873901,0.9538248777389526,0.9609362483024597,1.0,0.190476194024086,0.7030006647109985,0.30000001192092896,0.20000000298023224,0.20000000298023224,0.15000000596046448,0.15000000596046448,1.0,1.0,1.0,1.0
complex_qaware_v018_r2,closed_loop,complex,full,1,0.18,True,34.984346935,1785050570.9872139,3.836075120809294,0.04953526894461153,-0.000226025057513457,0.12721687525875905,-0.0330138333825599,4.366063841410416,0.11925816898818967,-0.04854633773193376,21.0,3.8202086157213415,0.03450503035826748,4.820067133122296,0.05076900566264799,5.819960370619086,0.06551452482111746,0.5733138918876648,0.16675205528736115,0.11675205826759338,0.691624641418457,0.7030006647109985,1,ROW_FOLLOW,,1.0,63.0,65.0,0.01057200226932764,-0.01577049493789673,0.0,0.2723492383956909,0.0,-0.3038902282714844,0.0,0.3095238208770752,0.5547617673873901,0.9555230736732483,0.9780697822570801,1.0,0.190476194024086,0.691624641418457,0.30000001192092896,0.20000000298023224,0.20000000298023224,0.15000000596046448,0.15000000596046448,1.0,1.0,1.0,1.0
complex_qaware_v018_r2,closed_loop,complex,full,1,0.18,True,35.029453711,1785050571.0323207,3.848748377133608,0.0498596371616538,-0.002118707514784824,0.13442899859594323,-0.033170579051640406,4.3787577463927825,0.11635308222816922,-0.054262354847687,21.0,3.8202086157213415,0.03450503035826748,4.820067133122296,0.05076900566264799,5.819960370619086,0.06551452482111746,0.5733138918876648,0.16675205528736115,0.11675205826759338,0.691624641418457,0.691624641418457,1,ROW_FOLLOW,,1.0,63.0,65.0,0.01057200226932764,-0.01577049493789673,0.0,0.2723492383956909,0.0,-0.3038902282714844,0.0,0.3095238208770752,0.5547617673873901,0.9555230736732483,0.9780697822570801,1.0,0.190476194024086,0.691624641418457,0.30000001192092896,0.20000000298023224,0.20000000298023224,0.15000000596046448,0.15000000596046448,1.0,1.0,1.0,1.0
complex_qaware_v018_r2,closed_loop,complex,full,1,0.18,True,35.081433281,1785050571.0843003,3.8544820517679454,0.04978582863508745,-0.004438249143833951,0.12665067325562704,-0.0365364664347419,4.384523372088057,0.11677723446553218,-0.051434673265267274,18.0,3.83698979472682,0.03434383238629212,4.736922092884414,0.04429324393054244,5.665189661910111,0.054135826975140834,0.5738139152526855,0.16993655264377594,0.11993655562400818,0.7044970989227295,0.691624641418457,1,ROW_FOLLOW,,1.0,57.0,65.0,0.00935164000838995,-0.014778941869735718,0.0,0.27323800325393677,0.0,-0.3027958869934082,0.0,0.3333333432674408,0.5809522867202759,0.9563565850257874,0.9802353382110596,1.0,0.2380952388048172,0.7044970989227295,0.30000001192092896,0.20000000298023224,0.20000000298023224,0.15000000596046448,0.15000000596046448,1.0,1.0,1.0,1.0
complex_qaware_v018_r2,closed_loop,complex,full,1,0.18,True,35.12948905,1785050571.1323562,3.856633254434757,0.051035160452114654,-0.005984802811657809,0.13238648685621018,-0.037792496134756604,4.394181770710432,0.1174446585455654,-0.06243212840350598,18.0,3.83698979472682,0.03434383238629212,4.736922092884414,0.04429324393054244,5.665189661910111,0.054135826975140834,0.5738139152526855,0.16993655264377594,0.11993655562400818,0.7044970989227295,0.7044970989227295,1,ROW_FOLLOW,,1.0,57.0,65.0,0.00935164000838995,-0.014778941869735718,0.0,0.27323800325393677,0.0,-0.3027958869934082,0.0,0.3333333432674408,0.5809522867202759,0.9563565850257874,0.9802353382110596,1.0,0.2380952388048172,0.7044970989227295,0.30000001192092896,0.20000000298023224,0.20000000298023224,0.15000000596046448,0.15000000596046448,1.0,1.0,1.0,1.0
complex_qaware_v018_r2,closed_loop,complex,full,1,0.18,True,35.182319808,1785050571.1851869,3.862340774512608,0.0509716233777436,-0.007649066559981765,0.12964723778337528,-0.038288292610078274,4.399899240024917,0.11768390727985037,-0.06083713684160634,18.0,3.83698979472682,0.03434383238629212,4.736922092884414,0.04429324393054244,5.665189661910111,0.054135826975140834,0.5738139152526855,0.16993655264377594,0.11993655562400818,0.7044970989227295,0.7044970989227295,1,ROW_FOLLOW,,1.0,57.0,65.0,0.00935164000838995,-0.014778941869735718,0.0,0.27323800325393677,0.0,-0.3027958869934082,0.0,0.3333333432674408,0.5809522867202759,0.9563565850257874,0.9802353382110596,1.0,0.2380952388048172,0.7044970989227295,0.30000001192092896,0.20000000298023224,0.20000000298023224,0.15000000596046448,0.15000000596046448,1.0,1.0,1.0,1.0
complex_qaware_v018_r2,closed_loop,complex,full,1,0.18,True,35.229440421,1785050571.2323074,3.8756065662335693,0.05111615109296824,-0.009422173216925067,0.13140357710482004,-0.017205757602699795,4.413183329811152,0.11776982087696643,-0.061708194758822416,20.0,3.851048990017473,0.0354953174079406,4.879360363446994,0.04094554000140909,5.799245047507744,0.04657393977412937,0.574775755405426,0.1733357161283493,0.12333571910858154,0.7057002782821655,0.7057002782821655,1,ROW_FOLLOW,,1.0,57.0,61.0,0.009422045201063156,-0.01324954628944397,0.0,0.2747923731803894,0.0,-0.30129146575927734,0.0,0.3333333432674408,0.5809522867202759,0.9579594135284424,0.9861195683479309,1.0,0.2380952388048172,0.7057002782821655,0.30000001192092896,0.20000000298023224,0.20000000298023224,0.15000000596046448,0.15000000596046448,1.0,1.0,1.0,1.0
complex_qaware_v018_r2,closed_loop,complex,full,1,0.18,True,35.279724848,1785050571.2825918,3.8816007065728573,0.05100737624810014,-0.011548666786699522,0.12535607607048183,-0.03728079876449457,4.419206161653212,0.11812022572684608,-0.05937216242629143,20.0,3.851048990017473,0.0354953174079406,4.879360363446994,0.04094554000140909,5.799245047507744,0.04657393977412937,0.574775755405426,0.1733357161283493,0.12333571910858154,0.7057002782821655,0.7057002782821655,1,ROW_FOLLOW,,1.0,57.0,61.0,0.009422045201063156,-0.01324954628944397,0.0,0.2747923731803894,0.0,-0.30129146575927734,0.0,0.3333333432674408,0.5809522867202759,0.9579594135284424,0.9861195683479309,1.0,0.2380952388048172,0.7057002782821655,0.30000001192092896,0.20000000298023224,0.20000000298023224,0.15000000596046448,0.15000000596046448,1.0,1.0,1.0,1.0
complex_qaware_v018_r2,closed_loop,complex,full,1,0.18,True,35.329518897,1785050571.3323858,3.8793492178868902,0.051395953916746194,-0.012845492479370167,0.11915767119284108,-0.031182490011800287,4.432837725576359,0.11940225899067097,-0.05114785433831641,21.0,3.8661833616696626,0.037041488051430205,4.8945108143292515,0.0401192179912259,5.881631147107202,0.04486076145592338,0.5762842893600464,0.17560388147830963,0.12560388445854187,0.7059690952301025,0.7059690952301025,1,ROW_FOLLOW,,1.0,59.0,58.0,0.0147769870236516,-0.012603312730789185,0.0,0.2757905125617981,0.0,-0.30099713802337646,0.0,0.3333333432674408,0.5809522867202759,0.9604736566543579,0.9845595359802246,1.0,0.2380952388048172,0.7059690952301025,0.30000001192092896,0.20000000298023224,0.20000000298023224,0.15000000596046448,0.15000000596046448,1.0,1.0,1.0,1.0
complex_qaware_v018_r2,closed_loop,complex,full,1,0.18,True,35.382620957,1785050571.3854878,3.885392703253184,0.05043654563252037,-0.014640250881488018,0.11531239204317889,-0.05018220058264538,4.4395716941302705,0.12037584408732224,-0.04465728702730801,21.0,3.8764806728430217,0.0381821419774151,4.90480881670566,0.04111825294666912,5.883528961503864,0.04613340913965748,0.5760140419006348,0.17490004003047943,0.12490004301071167,0.7066440582275391,0.7059690952301025,1,ROW_FOLLOW,,1.0,62.0,68.0,0.01912878081202507,-0.012007638812065125,0.0,0.2763068675994873,0.0,-0.30032214522361755,0.0,0.3333333432674408,0.5809522867202759,0.9600235223770142,0.9896590709686279,1.0,0.2380952388048172,0.7066440582275391,0.30000001192092896,0.20000000298023224,0.20000000298023224,0.15000000596046448,0.15000000596046448,1.0,1.0,1.0,1.0
complex_qaware_v018_r2,closed_loop,complex,full,1,0.18,True,35.429803619,1785050571.4326704,3.8904688616012395,0.050320900361298763,-0.01620455384938114,0.11513784958219964,-0.03244358690320463,4.444667100275959,0.1219607380732363,-0.03490128271813821,21.0,3.8764806728430217,0.0381821419774151,4.90480881670566,0.04111825294666912,5.883528961503864,0.04613340913965748,0.5760140419006348,0.17490004003047943,0.12490004301071167,0.7066440582275391,0.7066440582275391,1,ROW_FOLLOW,,1.0,62.0,68.0,0.01912878081202507,-0.012007638812065125,0.0,0.2763068675994873,0.0,-0.30032214522361755,0.0,0.3333333432674408,0.5809522867202759,0.9600235223770142,0.9896590709686279,1.0,0.2380952388048172,0.7066440582275391,0.30000001192092896,0.20000000298023224,0.20000000298023224,0.15000000596046448,0.15000000596046448,1.0,1.0,1.0,1.0
complex_qaware_v018_r2,closed_loop,complex,full,1,0.18,True,35.479772456,1785050571.4826393,3.8906980806617737,0.05026737761823983,-0.018374404272055056,0.11583834900556068,-0.026635944949798228,4.444933842329505,0.12248460106849232,-0.03140886274976475,21.0,3.8764806728430217,0.0381821419774151,4.90480881670566,0.04111825294666912,5.883528961503864,0.04613340913965748,0.5760140419006348,0.17490004003047943,0.12490004301071167,0.7066440582275391,0.7066440582275391,1,ROW_FOLLOW,,1.0,62.0,68.0,0.01912878081202507,-0.012007638812065125,0.0,0.2763068675994873,0.0,-0.30032214522361755,0.0,0.3333333432674408,0.5809522867202759,0.9600235223770142,0.9896590709686279,1.0,0.2380952388048172,0.7066440582275391,0.30000001192092896,0.20000000298023224,0.20000000298023224,0.15000000596046448,0.15000000596046448,1.0,1.0,1.0,1.0
complex_qaware_v018_r2,closed_loop,complex,full,1,0.18,True,35.529375044,1785050571.5322418,3.907294147150283,0.04868300048864504,-0.01946560707200051,0.1195780122073094,-0.03017687902845132,4.461637324725197,0.12225780249485918,-0.018260828597708025,20.0,3.8859542732896473,0.038448806873214295,4.885942187827994,0.043197452226775256,5.819264008950732,0.047688870323432886,0.5765208601951599,0.17509932816028595,0.1250993311405182,0.6944273710250854,0.6944273710250854,1,ROW_FOLLOW,,1.0,63.0,54.0,0.024903554469347,-0.011754363775253296,0.0,0.27676939964294434,0.0,-0.3002781271934509,0.0,0.2936507761478424,0.5809522867202759,0.9608683586120605,0.9864538908004761,1.0,0.2380952388048172,0.6944273710250854,0.30000001192092896,0.20000000298023224,0.20000000298023224,0.15000000596046448,0.15000000596046448,1.0,1.0,1.0,1.0
complex_qaware_v018_r2,closed_loop,complex,full,1,0.18,True,35.579967639,1785050571.5828347,3.9135001631808186,0.04851427192332473,-0.02123428731368459,0.11985092952456182,-0.04447326908080809,4.467871597059254,0.12136235282345156,-0.015703643327054616,21.0,3.8965823858127053,0.03831268184430229,4.896571109624148,0.04278416473606036,5.8994735284591755,0.045097734802326414,0.5764156579971313,0.1754627376794815,0.12546274065971375,0.687321662902832,0.687321662902832,1,ROW_FOLLOW,,1.0,55.0,66.0,0.022828228771686554,-0.01053309440612793,0.0,0.2778446674346924,0.0,-0.29891085624694824,0.0,0.2857142984867096,0.5547617673873901,0.960692822933197,0.9901095628738403,1.0,0.190476194024086,0.687321662902832,0.30000001192092896,0.20000000298023224,0.20000000298023224,0.15000000596046448,0.15000000596046448,1.0,1.0,1.0,1.0
complex_qaware_v018_r2,closed_loop,complex,full,1,0.18,True,35.629473458,1785050571.6323404,3.9151482855064312,0.04611286371569179,-0.02267896138426374,0.11918474761957613,-0.01877686658622736,4.478465629338771,0.12363671095486518,-0.0005412557842972077,21.0,3.8965823858127053,0.03831268184430229,4.896571109624148,0.04278416473606036,5.8994735284591755,0.045097734802326414,0.5764156579971313,0.1754627376794815,0.12546274065971375,0.687321662902832,0.687321662902832,1,ROW_FOLLOW,,1.0,55.0,66.0,0.022828228771686554,-0.01053309440612793,0.0,0.2778446674346924,0.0,-0.29891085624694824,0.0,0.2857142984867096,0.5547617673873901,0.960692822933197,0.9901095628738403,1.0,0.190476194024086,0.687321662902832,0.30000001192092896,0.20000000298023224,0.20000000298023224,0.15000000596046448,0.15000000596046448,1.0,1.0,1.0,1.0
complex_qaware_v018_r2,closed_loop,complex,full,1,0.18,True,35.679625595,1785050571.6824927,3.9212610638578647,0.04593468830440164,-0.025294446637133653,0.12004526228697926,-0.04462399366293915,4.484601893621179,0.12318386137640741,0.003560252974015749,21.0,3.8965823858127053,0.03831268184430229,4.896571109624148,0.04278416473606036,5.8994735284591755,0.045097734802326414,0.5764156579971313,0.1754627376794815,0.12546274065971375,0.687321662902832,0.687321662902832,1,ROW_FOLLOW,,1.0,55.0,66.0,0.022828228771686554,-0.01053309440612793,0.0,0.2778446674346924,0.0,-0.29891085624694824,0.0,0.2857142984867096,0.5547617673873901,0.960692822933197,0.9901095628738403,1.0,0.190476194024086,0.687321662902832,0.30000001192092896,0.20000000298023224,0.20000000298023224,0.15000000596046448,0.15000000596046448,1.0,1.0,1.0,1.0
complex_qaware_v018_r2,closed_loop,complex,full,1,0.18,True,35.729357242,1785050571.7322242,3.925153195907146,0.045021602375612244,-0.028171218866715364,0.11639489348825964,-0.06685214077025244,4.493260564433101,0.1212673590027147,0.009445732538664639,21.0,3.908534659073213,0.03752936505183548,4.9085236539823605,0.0419372021687218,5.917402740214516,0.04373182140655317,0.5761609077453613,0.16688962280750275,0.11688962578773499,0.6815789937973022,0.6815789937973022,1,ROW_FOLLOW,,1.0,58.0,57.0,0.029592037200927734,-0.009855702519416809,0.0,0.27879756689071655,0.0,-0.29850897192955017,0.0,0.2698412835597992,0.5547617673873901,0.9602678418159485,0.984137773513794,1.0,0.190476194024086,0.6815789937973022,0.30000001192092896,0.20000000298023224,0.20000000298023224,0.15000000596046448,0.15000000596046448,1.0,1.0,1.0,1.0
complex_qaware_v018_r2,closed_loop,complex,full,1,0.18,True,35.781261771,1785050571.7841287,3.9311633731000293,0.044782012905784686,-0.03209828379729628,0.1185141551553688,-0.0606950160642068,4.499305816478274,0.12030721231220877,0.015846710475370875,21.0,3.908534659073213,0.03752936505183548,4.9085236539823605,0.0419372021687218,5.917402740214516,0.04373182140655317,0.5761609077453613,0.16688962280750275,0.11688962578773499,0.6815789937973022,0.6815789937973022,1,ROW_FOLLOW,,1.0,58.0,57.0,0.029592037200927734,-0.009855702519416809,0.0,0.27879756689071655,0.0,-0.29850897192955017,0.0,0.2698412835597992,0.5547617673873901,0.9602678418159485,0.984137773513794,1.0,0.190476194024086,0.6815789937973022,0.30000001192092896,0.20000000298023224,0.20000000298023224,0.15000000596046448,0.15000000596046448,1.0,1.0,1.0,1.0
complex_qaware_v018_r2,closed_loop,complex,full,1,0.18,True,35.82938551,1785050571.8322525,3.939818373695266,0.045205648413799676,-0.033375303354389534,0.11272197697020656,-0.03284335186271978,4.508077477105771,0.12275127500151276,0.007664245376674379,21.0,3.9220140078826,0.03611662289482164,4.922006387371809,0.03991844259742595,5.9219988007256035,0.043720259819028766,0.5751762986183167,0.16869564354419708,0.11869564652442932,0.6883383989334106,0.6883383989334106,1,ROW_FOLLOW,,1.0,60.0,68.0,0.03680935129523277,-0.010507091879844666,0.0,0.27779313921928406,0.0,-0.2988073229789734,0.0,0.2936508059501648,0.5547617673873901,0.9586271643638611,0.9837691783905029,1.0,0.190476194024086,0.6883383989334106,0.30000001192092896,0.20000000298023224,0.20000000298023224,0.15000000596046448,0.15000000596046448,1.0,1.0,1.0,1.0
complex_qaware_v018_r2,closed_loop,complex,full,1,0.18,True,35.881726208,1785050571.8845932,3.9464380448785703,0.04491300566794247,-0.03551083556878609,0.11902820281047709,-0.033651344563278986,4.514738593309221,0.12219350704542357,0.011382698417268957,21.0,3.9329711645669856,0.03539126920340565,4.93296113231424,0.03689697205131428,5.932951130817781,0.038402671916325314,0.5739572644233704,0.1646922081708908,0.11469221115112305,0.705025315284729,0.6883383989334106,1,ROW_FOLLOW,,1.0,61.0,58.0,0.03101930022239685,-0.009093403816223145,0.0,0.27898311614990234,0.0,-0.29716992378234863,0.0,0.3333333432674408,0.5809522867202759,0.9565954804420471,0.9834379553794861,1.0,0.2380952388048172,0.705025315284729,0.30000001192092896,0.20000000298023224,0.20000000298023224,0.15000000596046448,0.15000000596046448,1.0,1.0,1.0,1.0
complex_qaware_v018_r2,closed_loop,complex,full,1,0.18,True,35.92944085,1785050571.9323077,3.9420321632162665,0.046453957893010205,-0.03751149570506839,0.10755652564545846,-0.024415683759119084,4.5317670084648665,0.12668710390845597,0.0014496856186349497,21.0,3.9329711645669856,0.03539126920340565,4.93296113231424,0.03689697205131428,5.932951130817781,0.038402671916325314,0.5739572644233704,0.1646922081708908,0.11469221115112305,0.705025315284729,0.705025315284729,1,ROW_FOLLOW,,1.0,61.0,58.0,0.03101930022239685,-0.009093403816223145,0.0,0.27898311614990234,0.0,-0.29716992378234863,0.0,0.3333333432674408,0.5809522867202759,0.9565954804420471,0.9834379553794861,1.0,0.2380952388048172,0.705025315284729,0.30000001192092896,0.20000000298023224,0.20000000298023224,0.15000000596046448,0.15000000596046448,1.0,1.0,1.0,1.0
complex_qaware_v018_r2,closed_loop,complex,full,1,0.18,True,35.980507536,1785050571.9833746,3.9483046714389016,0.04618455739399498,-0.0393631053789112,0.11405908944026974,-0.04057892695735661,4.538060819060115,0.12638953149210425,0.0034335017276465184,21.0,3.9329711645669856,0.03539126920340565,4.93296113231424,0.03689697205131428,5.932951130817781,0.038402671916325314,0.5739572644233704,0.1646922081708908,0.11469221115112305,0.705025315284729,0.705025315284729,1,ROW_FOLLOW,,1.0,61.0,58.0,0.03101930022239685,-0.009093403816223145,0.0,0.27898311614990234,0.0,-0.29716992378234863,0.0,0.3333333432674408,0.5809522867202759,0.9565954804420471,0.9834379553794861,1.0,0.2380952388048172,0.705025315284729,0.30000001192092896,0.20000000298023224,0.20000000298023224,0.15000000596046448,0.15000000596046448,1.0,1.0,1.0,1.0
complex_qaware_v018_r2,closed_loop,complex,full,1,0.18,True,36.029328444,1785050572.0321953,3.9557461765742596,0.04756294529547218,-0.04062666502954215,0.11175386517006333,-0.026019836538883855,4.546651402741106,0.12687371182983317,-0.0013441768920952092,21.0,3.9419575636010595,0.03623124332824186,4.94194549829622,0.03445642574971238,5.941933468747564,0.0326816053020503,0.574519157409668,0.17433024942874908,0.12433025240898132,0.7059741020202637,0.7059741020202637,1,ROW_FOLLOW,,1.0,71.0,62.0,0.03381909430027008,-0.007585674524307251,0.0,0.2801131010055542,0.0,-0.2952844500541687,0.0,0.3333333432674408,0.5809522867202759,0.9575318694114685,0.9885148406028748,1.0,0.2380952388048172,0.7059741020202637,0.30000001192092896,0.20000000298023224,0.20000000298023224,0.15000000596046448,0.15000000596046448,1.0,1.0,1.0,1.0
complex_qaware_v018_r2,closed_loop,complex,full,1,0.18,True,36.083067863,1785050572.0859349,3.963275234953205,0.04620926416339492,-0.042242298271557566,0.11606508221131928,-0.013617355224886076,4.5545090453655215,0.12607858882404432,0.006644996930687591,21.0,3.9526419387533047,0.038012497564227705,4.952633243460165,0.034200141741444506,5.952624574393821,0.030387785369423947,0.5756497383117676,0.17682553827762604,0.12682554125785828,0.7066594362258911,0.7059741020202637,1,ROW_FOLLOW,,1.0,63.0,62.0,0.04084073379635811,-0.0065904706716537476,0.0,0.2812971770763397,0.0,-0.2944781184196472,0.0,0.3333333432674408,0.5809522867202759,0.9594163298606873,0.9905714392662048,1.0,0.2380952388048172,0.7066594362258911,0.30000001192092896,0.20000000298023224,0.20000000298023224,0.15000000596046448,0.15000000596046448,1.0,1.0,1.0,1.0
complex_qaware_v018_r2,closed_loop,complex,full,1,0.18,True,36.129558286,1785050572.1324253,3.968329791408395,0.04596095283636169,-0.04316965191485568,0.1159654023238788,-0.023476993434805842,4.559581321490849,0.12470167611527301,0.016646816035915883,21.0,3.9526419387533047,0.038012497564227705,4.952633243460165,0.034200141741444506,5.952624574393821,0.030387785369423947,0.5756497383117676,0.17682553827762604,0.12682554125785828,0.7066594362258911,0.7066594362258911,1,ROW_FOLLOW,,1.0,63.0,62.0,0.04084073379635811,-0.0065904706716537476,0.0,0.2812971770763397,0.0,-0.2944781184196472,0.0,0.3333333432674408,0.5809522867202759,0.9594163298606873,0.9905714392662048,1.0,0.2380952388048172,0.7066594362258911,0.30000001192092896,0.20000000298023224,0.20000000298023224,0.15000000596046448,0.15000000596046448,1.0,1.0,1.0,1.0
complex_qaware_v018_r2,closed_loop,complex,full,1,0.18,True,36.18175367,1785050572.1846206,3.968483268581466,0.04590572299989241,-0.04503244357607674,0.11862267435304444,-0.018480249662433036,4.559770883540838,0.12424333765703628,0.01970240575749407,21.0,3.9599965118088267,0.03950862369240709,4.959988515221738,0.03586267018533348,5.959980569593377,0.03221671682907851,0.574710488319397,0.17576582729816437,0.1257658302783966,0.7067168951034546,0.7066594362258911,1,ROW_FOLLOW,,1.0,57.0,67.0,0.04104011878371239,-0.005597695708274841,0.0,0.28195270895957947,0.0,-0.29314810037612915,0.0,0.3333333432674408,0.5809522867202759,0.9578505754470825,0.9930421710014343,1.0,0.2380952388048172,0.7067168951034546,0.30000001192092896,0.20000000298023224,0.20000000298023224,0.15000000596046448,0.15000000596046448,1.0,1.0,1.0,1.0
complex_qaware_v018_r2,closed_loop,complex,full,1,0.18,True,36.229423128,1785050572.23229,3.984814883538418,0.048338537694623575,-0.0458831136157567,0.11811524173749666,-0.019178742002328743,4.576474905385444,0.12503264502224187,0.014509307309199632,21.0,3.9599965118088267,0.03950862369240709,4.959988515221738,0.03586267018533348,5.959980569593377,0.03221671682907851,0.574710488319397,0.17576582729816437,0.1257658302783966,0.7067168951034546,0.7067168951034546,1,ROW_FOLLOW,,1.0,57.0,67.0,0.04104011878371239,-0.005597695708274841,0.0,0.28195270895957947,0.0,-0.29314810037612915,0.0,0.3333333432674408,0.5809522867202759,0.9578505754470825,0.9930421710014343,1.0,0.2380952388048172,0.7067168951034546,0.30000001192092896,0.20000000298023224,0.20000000298023224,0.15000000596046448,0.15000000596046448,1.0,1.0,1.0,1.0
complex_qaware_v018_r2,closed_loop,complex,full,1,0.18,True,36.280627418,1785050572.2834945,3.9909926040755623,0.048022746679272296,-0.04724731875263366,0.12069823599087141,-0.03702571857812073,4.582682004496204,0.12466193147302489,0.016980730970646327,21.0,3.9742478301970614,0.04076111797145541,4.974241978710034,0.040373109426859816,5.97423615034123,0.039985101242083904,0.5746962428092957,0.17420829832553864,0.12420830130577087,0.6943192481994629,0.7067168951034546,1,ROW_FOLLOW,,1.0,58.0,64.0,0.051477182656526566,-0.00566631555557251,0.0,0.28172868490219116,0.0,-0.2930613160133362,0.0,0.2936507761478424,0.5809522867202759,0.9578269124031067,0.9897879362106323,1.0,0.2380952388048172,0.6943192481994629,0.30000001192092896,0.20000000298023224,0.20000000298023224,0.15000000596046448,0.15000000596046448,1.0,1.0,1.0,1.0
complex_qaware_v018_r2,closed_loop,complex,full,1,0.18,True,36.329387749,1785050572.3322546,4.001623045132277,0.048716115395381045,-0.04843158107800205,0.129768467667282,-0.027013406850356893,4.59343898914846,0.12079872885098704,0.027858238832775207,21.0,3.9742478301970614,0.04076111797145541,4.974241978710034,0.040373109426859816,5.97423615034123,0.039985101242083904,0.5746962428092957,0.17420829832553864,0.12420830130577087,0.6943192481994629,0.6943192481994629,1,ROW_FOLLOW,,1.0,58.0,64.0,0.051477182656526566,-0.00566631555557251,0.0,0.28172868490219116,0.0,-0.2930613160133362,0.0,0.2936507761478424,0.5809522867202759,0.9578269124031067,0.9897879362106323,1.0,0.2380952388048172,0.6943192481994629,0.30000001192092896,0.20000000298023224,0.20000000298023224,0.15000000596046448,0.15000000596046448,1.0,1.0,1.0,1.0
complex_qaware_v018_r2,closed_loop,complex,full,1,0.18,True,36.379195079,1785050572.3820622,4.00794839298584,0.0483608174953024,-0.05032708877336801,0.12761229703313232,-0.03398628935168358,4.599802132499502,0.12025666064422494,0.03147202687785581,21.0,3.9742478301970614,0.04076111797145541,4.974241978710034,0.040373109426859816,5.97423615034123,0.039985101242083904,0.5746962428092957,0.17420829832553864,0.12420830130577087,0.6943192481994629,0.6943192481994629,1,ROW_FOLLOW,,1.0,58.0,64.0,0.051477182656526566,-0.00566631555557251,0.0,0.28172868490219116,0.0,-0.2930613160133362,0.0,0.2936507761478424,0.5809522867202759,0.9578269124031067,0.9897879362106323,1.0,0.2380952388048172,0.6943192481994629,0.30000001192092896,0.20000000298023224,0.20000000298023224,0.15000000596046448,0.15000000596046448,1.0,1.0,1.0,1.0
complex_qaware_v018_r2,closed_loop,complex,full,1,0.18,True,36.429417522,1785050572.4322844,4.013068885265338,0.04844047256074596,-0.05122771348721455,0.13708522034034593,-0.015191127235346567,4.606939703890816,0.11771867141460284,0.04437779682643518,20.0,3.989183922054142,0.04096923446191537,4.989138323649797,0.046216788111522134,5.922426681432957,0.05145642195769871,0.5745818018913269,0.17131127417087555,0.12131127715110779,0.6909741163253784,0.6909741163253784,1,ROW_FOLLOW,,1.0,63.0,71.0,0.06583283096551895,-0.0081186443567276,0.0,0.27939221262931824,0.0,-0.29562950134277344,0.0,0.30158731341362,0.5547617673873901,0.9576363563537598,0.986788272857666,1.0,0.190476194024086,0.6909741163253784,0.30000001192092896,0.20000000298023224,0.20000000298023224,0.15000000596046448,0.15000000596046448,1.0,1.0,1.0,1.0
complex_qaware_v018_r2,closed_loop,complex,full,1,0.18,True,36.482077141,1785050572.484944,4.019164748308324,0.048119646323068914,-0.05160771941652744,0.1321478412180998,-0.014219835671340046,4.613046708393877,0.11750543781625113,0.04579935414877998,20.0,3.989183922054142,0.04096923446191537,4.989138323649797,0.046216788111522134,5.922426681432957,0.05145642195769871,0.5745818018913269,0.17131127417087555,0.12131127715110779,0.6909741163253784,0.6909741163253784,1,ROW_FOLLOW,,1.0,63.0,71.0,0.06583283096551895,-0.0081186443567276,0.0,0.27939221262931824,0.0,-0.29562950134277344,0.0,0.30158731341362,0.5547617673873901,0.9576363563537598,0.986788272857666,1.0,0.190476194024086,0.6909741163253784,0.30000001192092896,0.20000000298023224,0.20000000298023224,0.15000000596046448,0.15000000596046448,1.0,1.0,1.0,1.0
complex_qaware_v018_r2,closed_loop,complex,full,1,0.18,True,36.529441568,1785050572.5323086,4.029420509912315,0.04611122206191288,-0.05208337629729341,0.14374539327326263,-0.010186911854088728,4.623647273994992,0.1133869991823385,0.06529338484052162,20.0,4.0061313646659285,0.04041151248882881,5.0110523694881115,0.05192980402694138,5.972641437115443,0.06316108904565741,0.5751870274543762,0.17548532783985138,0.12548533082008362,0.6843389272689819,0.6843389272689819,1,ROW_FOLLOW,,1.0,64.0,74.0,0.06620912253856659,-0.009485751390457153,0.0,0.27794718742370605,0.0,-0.29691869020462036,0.0,0.261904776096344,0.5809522867202759,0.9586445689201355,0.9856541752815247,1.0,0.2380952388048172,0.6843389272689819,0.30000001192092896,0.20000000298023224,0.20000000298023224,0.15000000596046448,0.15000000596046448,1.0,1.0,1.0,1.0
complex_qaware_v018_r2,closed_loop,complex,full,1,0.18,True,36.580186136,1785050572.583053,4.029420013047688,0.046101828812128036,-0.053609960001590455,0.14004163185721363,-0.02581330265971028,4.623656680377226,0.1130377972008698,0.067621398050313,20.0,4.0061313646659285,0.04041151248882881,5.0110523694881115,0.05192980402694138,5.972641437115443,0.06316108904565741,0.5751870274543762,0.17548532783985138,0.12548533082008362,0.6843389272689819,0.6843389272689819,1,ROW_FOLLOW,,1.0,64.0,74.0,0.06620912253856659,-0.009485751390457153,0.0,0.27794718742370605,0.0,-0.29691869020462036,0.0,0.261904776096344,0.5809522867202759,0.9586445689201355,0.9856541752815247,1.0,0.2380952388048172,0.6843389272689819,0.30000001192092896,0.20000000298023224,0.20000000298023224,0.15000000596046448,0.15000000596046448,1.0,1.0,1.0,1.0
complex_qaware_v018_r2,closed_loop,complex,full,1,0.18,True,36.629429645,1785050572.6322968,4.044178056785018,0.04549775457684146,-0.05494255954870652,0.13496513589685405,-0.01983946141712212,4.638442995874595,0.11343318265656073,0.06695559541520554,21.0,4.020913475211201,0.03788739872014196,5.025780407135585,0.05416183238762884,6.0350208459027535,0.07178070023561818,0.5748129487037659,0.16817869246006012,0.11817869544029236,0.6859806776046753,0.6859806776046753,1,ROW_FOLLOW,,1.0,64.0,68.0,0.07234467566013336,-0.011001095175743103,0.0,0.2766766846179962,0.0,-0.2986788749694824,0.0,0.2857142984867096,0.5547617673873901,0.9580214619636536,0.9847315549850464,1.0,0.190476194024086,0.6859806776046753,0.30000001192092896,0.20000000298023224,0.20000000298023224,0.15000000596046448,0.15000000596046448,1.0,1.0,1.0,1.0
complex_qaware_v018_r2,closed_loop,complex,full,1,0.18,True,36.686866619,1785050572.6897337,4.049607792664616,0.045186841922124306,-0.05574416870998446,0.13411763283881198,-0.008391520896530702,4.643887667014939,0.11312622056192613,0.06900200937943612,21.0,4.034822222114553,0.035615717247032934,5.039684558202321,0.05217968848397342,6.042276752212573,0.0689781398464775,0.5733529329299927,0.1662359982728958,0.11623600125312805,0.7040364742279053,0.6859806776046753,1,ROW_FOLLOW,,1.0,62.0,67.0,0.07192745804786682,-0.011762544512748718,0.0,0.2759397327899933,0.0,-0.2994648218154907,0.0,0.3333333432674408,0.5809522867202759,0.9555882215499878,0.9781891107559204,1.0,0.2380952388048172,0.7040364742279053,0.30000001192092896,0.20000000298023224,0.20000000298023224,0.15000000596046448,0.15000000596046448,1.0,1.0,1.0,1.0
complex_qaware_v018_r2,closed_loop,complex,full,1,0.18,True,36.729327544,1785050572.7321947,4.060007368422163,0.04496555986117747,-0.056547718396083184,0.13479721124486418,-0.016612507552721544,4.654305271980646,0.1176954585762258,0.06020737856531426,21.0,4.034822222114553,0.035615717247032934,5.039684558202321,0.05217968848397342,6.042276752212573,0.0689781398464775,0.5733529329299927,0.1662359982728958,0.11623600125312805,0.7040364742279053,0.7040364742279053,1,ROW_FOLLOW,,1.0,62.0,67.0,0.07192745804786682,-0.011762544512748718,0.0,0.2759397327899933,0.0,-0.2994648218154907,0.0,0.3333333432674408,0.5809522867202759,0.9555882215499878,0.9781891107559204,1.0,0.2380952388048172,0.7040364742279053,0.30000001192092896,0.20000000298023224,0.20000000298023224,0.15000000596046448,0.15000000596046448,1.0,1.0,1.0,1.0
complex_qaware_v018_r2,closed_loop,complex,full,1,0.18,True,36.784576277,1785050572.7874432,4.065509023725927,0.04462353927725456,-0.05769071938834002,0.12693873710600548,-0.010297693094411638,4.659831342268688,0.11726636248692593,0.06306801916064672,21.0,4.050282597715918,0.033611120416058564,5.050145422966186,0.05010450400349007,6.050008237692914,0.06659788660714966,0.5728896260261536,0.1704416424036026,0.12044164538383484,0.7049422264099121,0.7040364742279053,1,ROW_FOLLOW,,1.0,60.0,68.0,0.07229937613010406,-0.012003704905509949,0.0,0.2753663957118988,0.0,-0.2993738055229187,0.0,0.3333333432674408,0.5809522867202759,0.9548158049583435,0.985257625579834,1.0,0.2380952388048172,0.7049422264099121,0.30000001192092896,0.20000000298023224,0.20000000298023224,0.15000000596046448,0.15000000596046448,1.0,1.0,1.0,1.0
complex_qaware_v018_r2,closed_loop,complex,full,1,0.18,True,36.829438632,1785050572.8323057,4.064388387529837,0.04418582639682706,-0.057912712638338505,0.12093442626343522,0.0015139932655787423,4.672153083706481,0.11830325655660137,0.05724229464788529,21.0,4.050282597715918,0.033611120416058564,5.050145422966186,0.05010450400349007,6.050008237692914,0.06659788660714966,0.5728896260261536,0.1704416424036026,0.12044164538383484,0.7049422264099121,0.7049422264099121,1,ROW_FOLLOW,,1.0,60.0,68.0,0.07229937613010406,-0.012003704905509949,0.0,0.2753663957118988,0.0,-0.2993738055229187,0.0,0.3333333432674408,0.5809522867202759,0.9548158049583435,0.985257625579834,1.0,0.2380952388048172,0.7049422264099121,0.30000001192092896,0.20000000298023224,0.20000000298023224,0.15000000596046448,0.15000000596046448,1.0,1.0,1.0,1.0
complex_qaware_v018_r2,closed_loop,complex,full,1,0.18,True,36.889151657,1785050572.8920188,4.070165986205953,0.043840832026307744,-0.058566684896109514,0.11872462585411628,-0.02067596542578681,4.677946747959208,0.11800612346959179,0.05922318189461585,21.0,4.061934637872162,0.03277158472859434,5.061825371586861,0.047505511082999545,6.061716112929912,0.06223943419714791,0.572995662689209,0.17297042906284332,0.12297043204307556,0.7051151990890503,0.7049422264099121,1,ROW_FOLLOW,,1.0,65.0,72.0,0.07178696990013123,-0.01157630980014801,0.0,0.27526193857192993,0.0,-0.29841455817222595,0.0,0.3333333432674408,0.5809522867202759,0.9549928307533264,0.9861741662025452,1.0,0.2380952388048172,0.7051151990890503,0.30000001192092896,0.20000000298023224,0.20000000298023224,0.15000000596046448,0.15000000596046448,1.0,1.0,1.0,1.0
complex_qaware_v018_r2,closed_loop,complex,full,1,0.18,True,36.929478422,1785050572.9323454,4.073804619297441,0.04186870320632984,-0.059051318424912395,0.11056341786816527,5.461595575577448e-05,4.686301332074595,0.11728639199649919,0.06422895893019913,21.0,4.061934637872162,0.03277158472859434,5.061825371586861,0.047505511082999545,6.061716112929912,0.06223943419714791,0.572995662689209,0.17297042906284332,0.12297043204307556,0.7051151990890503,0.7051151990890503,1,ROW_FOLLOW,,1.0,65.0,72.0,0.07178696990013123,-0.01157630980014801,0.0,0.27526193857192993,0.0,-0.29841455817222595,0.0,0.3333333432674408,0.5809522867202759,0.9549928307533264,0.9861741662025452,1.0,0.2380952388048172,0.7051151990890503,0.30000001192092896,0.20000000298023224,0.20000000298023224,0.15000000596046448,0.15000000596046448,1.0,1.0,1.0,1.0
complex_qaware_v018_r2,closed_loop,complex,full,1,0.18,True,36.982118712,1785050572.9849856,4.079486035015211,0.041529394248925836,-0.059527271096571514,0.11137696118803721,-0.006631813243481706,4.691996562944651,0.11702110142613041,0.06599756273265771,21.0,4.07187836507397,0.03159365544107862,4.97179672821656,0.043697508010212154,5.938376606649964,0.056635903958917766,0.572995662689209,0.17297042906284332,0.12297043204307556,0.7051151990890503,0.7051151990890503,1,ROW_FOLLOW,,1.0,65.0,72.0,0.07178696990013123,-0.01157630980014801,0.0,0.27526193857192993,0.0,-0.29841455817222595,0.0,0.3333333432674408,0.5809522867202759,0.9549928307533264,0.9861741662025452,1.0,0.2380952388048172,0.7051151990890503,0.30000001192092896,0.20000000298023224,0.20000000298023224,0.15000000596046448,0.15000000596046448,1.0,1.0,1.0,1.0
complex_qaware_v018_r2,closed_loop,complex,full,1,0.18,True,37.029450595,1785050573.0323174,4.0870446346464675,0.041165539006198654,-0.05996862840607386,0.1004914852636214,-0.009445023041382743,4.699569558055183,0.1178060960672003,0.06065540320230722,19.0,4.07187836507397,0.03159365544107862,4.97179672821656,0.043697508010212154,5.938376606649964,0.056635903958917766,0.5712502002716064,0.1704270988702774,0.12042710185050964,0.7050244808197021,0.7050244808197021,1,ROW_FOLLOW,,1.0,68.0,63.0,0.07204572856426239,-0.01163598895072937,0.0,0.274699330329895,0.0,-0.29797130823135376,0.0,0.3333333432674408,0.5809522867202759,0.9520832896232605,0.9894489049911499,1.0,0.2380952388048172,0.7050244808197021,0.30000001192092896,0.20000000298023224,0.20000000298023224,0.15000000596046448,0.15000000596046448,1.0,1.0,1.0,1.0
complex_qaware_v018_r2,closed_loop,complex,full,1,0.18,True,37.079274279,1785050573.0821412,4.092960639173269,0.0407942647825947,-0.060644026396637234,0.10690038975327912,-0.009732851344701816,4.705506748175822,0.11748655442387894,0.06278568082444973,19.0,4.07187836507397,0.03159365544107862,4.97179672821656,0.043697508010212154,5.938376606649964,0.056635903958917766,0.5712502002716064,0.1704270988702774,0.12042710185050964,0.7050244808197021,0.7050244808197021,1,ROW_FOLLOW,,1.0,68.0,63.0,0.07204572856426239,-0.01163598895072937,0.0,0.274699330329895,0.0,-0.29797130823135376,0.0,0.3333333432674408,0.5809522867202759,0.9520832896232605,0.9894489049911499,1.0,0.2380952388048172,0.7050244808197021,0.30000001192092896,0.20000000298023224,0.20000000298023224,0.15000000596046448,0.15000000596046448,1.0,1.0,1.0,1.0
complex_qaware_v018_r2,closed_loop,complex,full,1,0.18,True,37.129423633,1785050573.1322906,4.098673761673781,0.03948191906492844,-0.060932553545017566,0.10442254604104224,-0.014402733885731031,4.712414219914246,0.11453391661476651,0.06588558420661034,20.0,4.0810346828268225,0.030479718824936556,5.085932501626566,0.04469882458355711,6.031513500540995,0.06006282870205206,0.5729932188987732,0.1742529720067978,0.12425297498703003,0.6912041902542114,0.6912041902542114,1,ROW_FOLLOW,,1.0,60.0,73.0,0.07737631350755692,-0.011516571044921875,0.0,0.2750164270401001,0.0,-0.29804956912994385,0.0,0.2857142984867096,0.5809522867202759,0.954988956451416,0.9886778593063354,1.0,0.2380952388048172,0.6912041902542114,0.30000001192092896,0.20000000298023224,0.20000000298023224,0.15000000596046448,0.15000000596046448,1.0,1.0,1.0,1.0
complex_qaware_v018_r2,closed_loop,complex,full,1,0.18,True,37.180569235,1785050573.1834364,4.104642618123894,0.03910237197979377,-0.06150938392612384,0.10947503735168178,0.007052840219533263,4.718402120714609,0.11422039717988791,0.06797571377246768,21.0,4.092511224323466,0.02930602316759214,5.097420724470518,0.04253052437129359,6.104644163032537,0.04921662788944205,0.5710684657096863,0.17106561362743378,0.12106561660766602,0.69022536277771,0.6912041902542114,1,ROW_FOLLOW,,1.0,68.0,62.0,0.07174565643072128,-0.010358467698097229,0.0,0.2756258547306061,0.0,-0.29634279012680054,0.0,0.2857142984867096,0.5809522867202759,0.9517808556556702,0.9864295721054077,1.0,0.2380952388048172,0.69022536277771,0.30000001192092896,0.20000000298023224,0.20000000298023224,0.15000000596046448,0.15000000596046448,1.0,1.0,1.0,1.0
complex_qaware_v018_r2,closed_loop,complex,full,1,0.18,True,37.229408256,1785050573.2322752,4.111789321849119,0.03789824675122939,-0.06201128806343668,0.113537129315752,-0.007915879490316562,4.72583887330399,0.11405920004904435,0.06787576833962287,21.0,4.092511224323466,0.02930602316759214,5.097420724470518,0.04253052437129359,6.104644163032537,0.04921662788944205,0.5710684657096863,0.17106561362743378,0.12106561660766602,0.69022536277771,0.69022536277771,1,ROW_FOLLOW,,1.0,68.0,62.0,0.07174565643072128,-0.010358467698097229,0.0,0.2756258547306061,0.0,-0.29634279012680054,0.0,0.2857142984867096,0.5809522867202759,0.9517808556556702,0.9864295721054077,1.0,0.2380952388048172,0.69022536277771,0.30000001192092896,0.20000000298023224,0.20000000298023224,0.15000000596046448,0.15000000596046448,1.0,1.0,1.0,1.0
complex_qaware_v018_r2,closed_loop,complex,full,1,0.18,True,37.282523694,1785050573.2853906,4.1177778236439275,0.03751618431724941,-0.062376554311742716,0.11642488956640001,-0.007782873190611992,4.731845186769059,0.11379016436522142,0.06966933956510904,20.0,4.10525860772404,0.028692371017649612,5.1051774457025525,0.04106384476519518,6.071764748720891,0.053094108062045474,0.5724917650222778,0.17169030010700226,0.1216903030872345,0.6809065341949463,0.69022536277771,1,ROW_FOLLOW,,1.0,59.0,73.0,0.07252354919910431,-0.009463310241699219,0.0,0.2763834297657013,0.0,-0.29531005024909973,0.0,0.2698412835597992,0.5547617673873901,0.9541529417037964,0.9878080487251282,1.0,0.190476194024086,0.6809065341949463,0.30000001192092896,0.20000000298023224,0.20000000298023224,0.15000000596046448,0.15000000596046448,1.0,1.0,1.0,1.0
complex_qaware_v018_r2,closed_loop,complex,full,1,0.18,True,37.329292685,1785050573.3321598,4.126030795050485,0.03650125564858957,-0.06241204648799315,0.12067629914840515,0.007774301674779454,4.7402021897417,0.11188363259872554,0.07119695704243195,20.0,4.10525860772404,0.028692371017649612,5.1051774457025525,0.04106384476519518,6.071764748720891,0.053094108062045474,0.5724917650222778,0.17169030010700226,0.1216903030872345,0.6809065341949463,0.6809065341949463,1,ROW_FOLLOW,,1.0,59.0,73.0,0.07252354919910431,-0.009463310241699219,0.0,0.2763834297657013,0.0,-0.29531005024909973,0.0,0.2698412835597992,0.5547617673873901,0.9541529417037964,0.9878080487251282,1.0,0.190476194024086,0.6809065341949463,0.30000001192092896,0.20000000298023224,0.20000000298023224,0.15000000596046448,0.15000000596046448,1.0,1.0,1.0,1.0
complex_qaware_v018_r2,closed_loop,complex,full,1,0.18,True,37.380576722,1785050573.3834436,4.132079321265341,0.0361155534543874,-0.06287221017017955,0.12065382402908228,-0.004914261798060636,4.74627684546991,0.11158365223329281,0.0731968261453168,21.0,4.11826150772931,0.02812102912686262,5.1182114159737155,0.038139542604453826,6.118356436419773,0.04806357645861528,0.5703517198562622,0.170688197016716,0.12068819999694824,0.6739178895950317,0.6809065341949463,1,ROW_FOLLOW,,1.0,55.0,70.0,0.07254498451948166,-0.008550673723220825,0.0,0.2769273519515991,0.0,-0.29402869939804077,0.0,0.2460317313671112,0.5547617673873901,0.9505860209465027,0.9935916662216187,1.0,0.190476194024086,0.6739178895950317,0.30000001192092896,0.20000000298023224,0.20000000298023224,0.15000000596046448,0.15000000596046448,1.0,1.0,1.0,1.0
complex_qaware_v018_r2,closed_loop,complex,full,1,0.18,True,37.42945264,1785050573.4323194,4.134625416626611,0.03595435207291796,-0.0630280034884767,0.12065382728768437,0.0008526442651390775,4.748832192918082,0.11098002979185967,0.06883460223497354,21.0,4.11826150772931,0.02812102912686262,5.1182114159737155,0.038139542604453826,6.118356436419773,0.04806357645861528,0.5703517198562622,0.170688197016716,0.12068819999694824,0.6739178895950317,0.6739178895950317,1,ROW_FOLLOW,,1.0,55.0,70.0,0.07254498451948166,-0.008550673723220825,0.0,0.2769273519515991,0.0,-0.29402869939804077,0.0,0.2460317313671112,0.5547617673873901,0.9505860209465027,0.9935916662216187,1.0,0.190476194024086,0.6739178895950317,0.30000001192092896,0.20000000298023224,0.20000000298023224,0.15000000596046448,0.15000000596046448,1.0,1.0,1.0,1.0
complex_qaware_v018_r2,closed_loop,complex,full,1,0.18,True,37.47939879,1785050573.482266,4.133969521002569,0.03598651745073223,-0.06341495719938231,0.12046065089650006,-0.03642004304651932,4.749508322567485,0.11090437436381793,0.06933897175525179,21.0,4.11826150772931,0.02812102912686262,5.1182114159737155,0.038139542604453826,6.118356436419773,0.04806357645861528,0.5703517198562622,0.170688197016716,0.12068819999694824,0.6739178895950317,0.6739178895950317,1,ROW_FOLLOW,,1.0,55.0,70.0,0.07254498451948166,-0.008550673723220825,0.0,0.2769273519515991,0.0,-0.29402869939804077,0.0,0.2460317313671112,0.5547617673873901,0.9505860209465027,0.9935916662216187,1.0,0.190476194024086,0.6739178895950317,0.30000001192092896,0.20000000298023224,0.20000000298023224,0.15000000596046448,0.15000000596046448,1.0,1.0,1.0,1.0
complex_qaware_v018_r2,closed_loop,complex,full,1,0.18,True,37.529606451,1785050573.5324733,4.146774171291622,0.03650658204688128,-0.06336037156474239,0.12368329665408949,0.008608190618004536,4.762383728347463,0.11335164098465648,0.06193423082270835,21.0,4.128001451445336,0.028382232399122437,5.127968801517761,0.034934961272449445,6.133018715463066,0.03805802864079423,0.5686793327331543,0.1605452448129654,0.11054524779319763,0.6813431978225708,0.6813431978225708,1,ROW_FOLLOW,,1.0,58.0,78.0,0.06325369328260422,-0.006458461284637451,0.0,0.27878227829933167,0.0,-0.29169920086860657,0.0,0.277777761220932,0.5547617673873901,0.9477989673614502,0.9833177924156189,1.0,0.190476194024086,0.6813431978225708,0.30000001192092896,0.20000000298023224,0.20000000298023224,0.15000000596046448,0.15000000596046448,1.0,1.0,1.0,1.0
complex_qaware_v018_r2,closed_loop,complex,full,1,0.18,True,37.579641371,1785050573.5825083,4.152866618655804,0.0361217526015747,-0.06331953800969758,0.12140554405957844,-0.004670984966152754,4.76849104908528,0.11319615894909611,0.06297077772644412,21.0,4.128001451445336,0.028382232399122437,5.127968801517761,0.034934961272449445,6.133018715463066,0.03805802864079423,0.5686793327331543,0.1605452448129654,0.11054524779319763,0.6813431978225708,0.6813431978225708,1,ROW_FOLLOW,,1.0,58.0,78.0,0.06325369328260422,-0.006458461284637451,0.0,0.27878227829933167,0.0,-0.29169920086860657,0.0,0.277777761220932,0.5547617673873901,0.9477989673614502,0.9833177924156189,1.0,0.190476194024086,0.6813431978225708,0.30000001192092896,0.20000000298023224,0.20000000298023224,0.15000000596046448,0.15000000596046448,1.0,1.0,1.0,1.0
complex_qaware_v018_r2,closed_loop,complex,full,1,0.18,True,37.629338524,1785050573.6322055,4.158728920289562,0.03687116016353037,-0.06376049959147778,0.12206193436315696,0.0035091383706828145,4.775390884885395,0.11749483601588025,0.06173740914543382,21.0,4.1396698509406855,0.029375243969844474,5.139653365230834,0.03335954769762047,6.13963688333504,0.0373438471650502,0.5685076713562012,0.16637016832828522,0.11637017130851746,0.7041969299316406,0.7041969299316406,1,ROW_FOLLOW,,1.0,61.0,73.0,0.06576108187437057,-0.005089372396469116,0.0,0.27985650300979614,0.0,-0.2900352478027344,0.0,0.3333333432674408,0.5809522867202759,0.9475125074386597,0.990026593208313,1.0,0.2380952388048172,0.7041969299316406,0.30000001192092896,0.20000000298023224,0.20000000298023224,0.15000000596046448,0.15000000596046448,1.0,1.0,1.0,1.0
complex_qaware_v018_r2,closed_loop,complex,full,1,0.18,True,37.681486164,1785050573.684353,4.170011002478355,0.03663409883271047,-0.06395248748289895,0.12305666353082205,-0.02876069034891456,4.7866978899316415,0.11753829591219925,0.0614476765033071,20.0,4.152284916779159,0.031262412826364626,5.157283814325061,0.031647543341979174,6.085616212049857,0.03196774719517948,0.5679565668106079,0.1686921864748001,0.11869218945503235,0.7038962841033936,0.7041969299316406,1,ROW_FOLLOW,,1.0,59.0,76.0,0.06284421682357788,-0.003407314419746399,0.0,0.28119775652885437,0.0,-0.28801238536834717,0.0,0.3333333432674408,0.5809522867202759,0.94659423828125,0.9892469048500061,1.0,0.2380952388048172,0.7038962841033936,0.30000001192092896,0.20000000298023224,0.20000000298023224,0.15000000596046448,0.15000000596046448,1.0,1.0,1.0,1.0
complex_qaware_v018_r2,closed_loop,complex,full,1,0.18,True,37.729371308,1785050573.7322383,4.175773116374487,0.03625589799731577,-0.06427280281142878,0.1231080652780617,-0.004869031862832121,4.792476286789632,0.11628364577096185,0.06945123578432655,20.0,4.152284916779159,0.031262412826364626,5.157283814325061,0.031647543341979174,6.085616212049857,0.03196774719517948,0.5679565668106079,0.1686921864748001,0.11869218945503235,0.7038962841033936,0.7038962841033936,1,ROW_FOLLOW,,1.0,59.0,76.0,0.06284421682357788,-0.003407314419746399,0.0,0.28119775652885437,0.0,-0.28801238536834717,0.0,0.3333333432674408,0.5809522867202759,0.94659423828125,0.9892469048500061,1.0,0.2380952388048172,0.7038962841033936,0.30000001192092896,0.20000000298023224,0.20000000298023224,0.15000000596046448,0.15000000596046448,1.0,1.0,1.0,1.0
complex_qaware_v018_r2,closed_loop,complex,full,1,0.18,True,37.779914528,1785050573.7827814,4.177701812582462,0.036127783494182546,-0.06429269267638205,0.12090968217855157,0.005730929156439484,4.7944113244857505,0.11621639694459804,0.06989956129341872,20.0,4.152284916779159,0.031262412826364626,5.157283814325061,0.031647543341979174,6.085616212049857,0.03196774719517948,0.5679565668106079,0.1686921864748001,0.11869218945503235,0.7038962841033936,0.7038962841033936,1,ROW_FOLLOW,,1.0,59.0,76.0,0.06284421682357788,-0.003407314419746399,0.0,0.28119775652885437,0.0,-0.28801238536834717,0.0,0.3333333432674408,0.5809522867202759,0.94659423828125,0.9892469048500061,1.0,0.2380952388048172,0.7038962841033936,0.30000001192092896,0.20000000298023224,0.20000000298023224,0.15000000596046448,0.15000000596046448,1.0,1.0,1.0,1.0
complex_qaware_v018_r2,closed_loop,complex,full,1,0.18,True,37.829336794,1785050573.8322039,4.189258573453617,0.03724854291058921,-0.06398908727743804,0.12341198017731889,0.020750314219518562,4.806165921725507,0.11568747999767813,0.07378058416973525,19.0,4.166870273537604,0.03238795996073846,5.066861818970869,0.03490423477571889,6.06685174825266,0.03785385435826119,0.5686039328575134,0.1700899749994278,0.12008997797966003,0.704192042350769,0.704192042350769,1,ROW_FOLLOW,,1.0,61.0,80.0,0.07134705781936646,-0.0032231658697128296,0.0,0.2818429172039032,0.0,-0.28828924894332886,0.0,0.3333333432674408,0.5809522867202759,0.9476730823516846,0.989779531955719,1.0,0.2380952388048172,0.704192042350769,0.30000001192092896,0.20000000298023224,0.20000000298023224,0.15000000596046448,0.15000000596046448,1.0,1.0,1.0,1.0
complex_qaware_v018_r2,closed_loop,complex,full,1,0.18,True,37.879329346,1785050573.8821962,4.195191383990233,0.03688232209681741,-0.06375129918389577,0.12072306813925417,0.0033014462369525405,4.812119124047805,0.11555642873788582,0.07465425923501724,19.0,4.166870273537604,0.03238795996073846,5.066861818970869,0.03490423477571889,6.06685174825266,0.03785385435826119,0.5686039328575134,0.1700899749994278,0.12008997797966003,0.704192042350769,0.704192042350769,1,ROW_FOLLOW,,1.0,61.0,80.0,0.07134705781936646,-0.0032231658697128296,0.0,0.2818429172039032,0.0,-0.28828924894332886,0.0,0.3333333432674408,0.5809522867202759,0.9476730823516846,0.989779531955719,1.0,0.2380952388048172,0.704192042350769,0.30000001192092896,0.20000000298023224,0.20000000298023224,0.15000000596046448,0.15000000596046448,1.0,1.0,1.0,1.0
complex_qaware_v018_r2,closed_loop,complex,full,1,0.18,True,37.929364778,1785050573.9322317,4.193378118173162,0.03602947493144003,-0.064613631282092,0.11166243537042946,-0.00045308278632979863,4.825564281740534,0.11307598595726251,0.08890272743782987,21.0,4.180976447651692,0.03360407109078383,5.190966644440892,0.03655193866371575,6.195189927409712,0.04029747538752279,0.5694075226783752,0.17035461962223053,0.12035462260246277,0.7022855281829834,0.7022855281829834,1,ROW_FOLLOW,,1.0,58.0,79.0,0.06655967980623245,-0.0022016018629074097,0.0,0.2832028269767761,0.0,-0.28760603070259094,0.0,0.3253968358039856,0.5809522867202759,0.9490125775337219,0.9911565184593201,1.0,0.2380952388048172,0.7022855281829834,0.30000001192092896,0.20000000298023224,0.20000000298023224,0.15000000596046448,0.15000000596046448,1.0,1.0,1.0,1.0
complex_qaware_v018_r2,closed_loop,complex,full,1,0.18,True,37.979406035,1785050573.982273,4.1992792682276425,0.03564224297840392,-0.06487276206882386,0.11345280175605495,-0.010951718482394074,4.831483819701252,0.11278921757699295,0.09081451663962706,21.0,4.180976447651692,0.03360407109078383,5.190966644440892,0.03655193866371575,6.195189927409712,0.04029747538752279,0.5694075226783752,0.17035461962223053,0.12035462260246277,0.7022855281829834,0.7022855281829834,1,ROW_FOLLOW,,1.0,58.0,79.0,0.06655967980623245,-0.0022016018629074097,0.0,0.2832028269767761,0.0,-0.28760603070259094,0.0,0.3253968358039856,0.5809522867202759,0.9490125775337219,0.9911565184593201,1.0,0.2380952388048172,0.7022855281829834,0.30000001192092896,0.20000000298023224,0.20000000298023224,0.15000000596046448,0.15000000596046448,1.0,1.0,1.0,1.0
complex_qaware_v018_r2,closed_loop,complex,full,1,0.18,True,38.029811492,1785050574.0326784,4.201371878688727,0.03518097825157652,-0.0653673215265518,0.10472557636842918,-0.018399318810818726,4.840882715495207,0.10954526459678993,0.09812574151456442,20.0,4.190737019830952,0.033709124403343026,5.19572388677508,0.03856736931815493,6.147229173207299,0.04138553313131718,0.5692267417907715,0.16874535381793976,0.118745356798172,0.6903562545776367,0.6903562545776367,1,ROW_FOLLOW,,1.0,61.0,75.0,0.06947901844978333,-0.002100318670272827,0.0,0.2833396792411804,0.0,-0.2875403165817261,0.0,0.2857142984867096,0.5809522867202759,0.9487115144729614,0.9913947582244873,1.0,0.2380952388048172,0.6903562545776367,0.30000001192092896,0.20000000298023224,0.20000000298023224,0.15000000596046448,0.15000000596046448,1.0,1.0,1.0,1.0
complex_qaware_v018_r2,closed_loop,complex,full,1,0.18,True,38.08021471,1785050574.0830817,4.207116605177496,0.03479827540984103,-0.06562052989347222,0.10809549997517333,-0.002952714489695628,4.846642471547505,0.1092440241267795,0.10013401131463401,20.0,4.190737019830952,0.033709124403343026,5.19572388677508,0.03856736931815493,6.147229173207299,0.04138553313131718,0.5692267417907715,0.16874535381793976,0.118745356798172,0.6903562545776367,0.6903562545776367,1,ROW_FOLLOW,,1.0,61.0,75.0,0.06947901844978333,-0.002100318670272827,0.0,0.2833396792411804,0.0,-0.2875403165817261,0.0,0.2857142984867096,0.5809522867202759,0.9487115144729614,0.9913947582244873,1.0,0.2380952388048172,0.6903562545776367,0.30000001192092896,0.20000000298023224,0.20000000298023224,0.15000000596046448,0.15000000596046448,1.0,1.0,1.0,1.0
complex_qaware_v018_r2,closed_loop,complex,full,1,0.18,True,38.129473774,1785050574.1323407,4.213187220590083,0.03485685665236655,-0.0656564716486168,0.10231932282322083,-0.003042223969532118,4.852912640347057,0.10911681057458116,0.09812608550356537,21.0,4.200534756932371,0.03393671422276496,5.2005298751238636,0.03672647037241058,6.201153509101184,0.03789712764283175,0.5717324018478394,0.16968189179897308,0.11968189477920532,0.6879762411117554,0.6879762411117554,1,ROW_FOLLOW,,1.0,64.0,76.0,0.06657518446445465,-0.0012108087539672852,0.0,0.2846474349498749,0.0,-0.28706905245780945,0.0,0.2936507761478424,0.5547617673873901,0.952887237071991,0.9890076518058777,1.0,0.190476194024086,0.6879762411117554,0.30000001192092896,0.20000000298023224,0.20000000298023224,0.15000000596046448,0.15000000596046448,1.0,1.0,1.0,1.0
complex_qaware_v018_r2,closed_loop,complex,full,1,0.18,True,38.181519044,1785050574.184386,4.220067639012072,0.0335435536432296,-0.06535866712771427,0.10440878427193298,0.023832480677774527,4.860115218092912,0.10820589964045542,0.10419882506440364,21.0,4.208826115912483,0.03314920721958072,5.208820759704178,0.0360922797422518,6.213589155673442,0.03717581846878111,0.5714311003684998,0.1675090342760086,0.11750903725624084,0.6737766265869141,0.6879762411117554,1,ROW_FOLLOW,,1.0,55.0,79.0,0.06862699240446091,-0.0012253522872924805,0.0,0.2849760055541992,0.0,-0.2874267101287842,0.0,0.2460317313671112,0.5547617673873901,0.9523848295211792,0.9902515411376953,1.0,0.190476194024086,0.6737766265869141,0.30000001192092896,0.20000000298023224,0.20000000298023224,0.15000000596046448,0.15000000596046448,1.0,1.0,1.0,1.0
complex_qaware_v018_r2,closed_loop,complex,full,1,0.18,True,38.229570913,1785050574.2324378,4.224966735108596,0.03322773049877116,-0.0652535246428041,0.10406252419776527,-0.004352321357921963,4.865027537434164,0.10598429608234669,0.10196997802198568,21.0,4.208826115912483,0.03314920721958072,5.208820759704178,0.0360922797422518,6.213589155673442,0.03717581846878111,0.5714311003684998,0.1675090342760086,0.11750903725624084,0.6737766265869141,0.6737766265869141,1,ROW_FOLLOW,,1.0,55.0,79.0,0.06862699240446091,-0.0012253522872924805,0.0,0.2849760055541992,0.0,-0.2874267101287842,0.0,0.2460317313671112,0.5547617673873901,0.9523848295211792,0.9902515411376953,1.0,0.190476194024086,0.6737766265869141,0.30000001192092896,0.20000000298023224,0.20000000298023224,0.15000000596046448,0.15000000596046448,1.0,1.0,1.0,1.0
complex_qaware_v018_r2,closed_loop,complex,full,1,0.18,True,38.282621519,1785050574.2854884,4.225014218517565,0.03322875891382633,-0.06516943559866557,0.10667416808831198,-0.003412281952157924,4.865083654889625,0.10600361892767983,0.10184115905309801,21.0,4.217401168869183,0.032875131851559,5.217399333335103,0.034206270158145854,6.217397524738181,0.03553740961327268,0.5704531073570251,0.16752935945987701,0.11752936244010925,0.678392767906189,0.6737766265869141,1,ROW_FOLLOW,,1.0,62.0,75.0,0.06493987143039703,-0.0005090385675430298,0.0,0.28556084632873535,0.0,-0.2865789234638214,0.0,0.261904776096344,0.5547617673873901,0.9507551789283752,0.991452693939209,1.0,0.190476194024086,0.678392767906189,0.30000001192092896,0.20000000298023224,0.20000000298023224,0.15000000596046448,0.15000000596046448,1.0,1.0,1.0,1.0
complex_qaware_v018_r2,closed_loop,complex,full,1,0.18,True,38.329323981,1785050574.332191,4.2395919059775995,0.03345396916361441,-0.06522440668903906,0.10633147660837466,0.003873142650332542,4.879692187008792,0.10766344119675926,0.09631504684236494,21.0,4.217401168869183,0.032875131851559,5.217399333335103,0.034206270158145854,6.217397524738181,0.03553740961327268,0.5704531073570251,0.16752935945987701,0.11752936244010925,0.678392767906189,0.678392767906189,1,ROW_FOLLOW,,1.0,62.0,75.0,0.06493987143039703,-0.0005090385675430298,0.0,0.28556084632873535,0.0,-0.2865789234638214,0.0,0.261904776096344,0.5547617673873901,0.9507551789283752,0.991452693939209,1.0,0.190476194024086,0.678392767906189,0.30000001192092896,0.20000000298023224,0.20000000298023224,0.15000000596046448,0.15000000596046448,1.0,1.0,1.0,1.0
complex_qaware_v018_r2,closed_loop,complex,full,1,0.18,True,38.383070506,1785050574.3859375,4.240356405941041,0.034042342726478034,-0.06462966961262809,0.10538518922937783,0.014301391298771438,4.889367204510277,0.10819952337599982,0.09274116564742792,21.0,4.228481679033739,0.033460320137452,5.228479189163699,0.033733725443584266,6.228476689370143,0.034007134912387264,0.5688332915306091,0.15793202817440033,0.10793203115463257,0.6929898262023926,0.678392767906189,1,ROW_FOLLOW,,1.0,56.0,77.0,0.06241112947463989,0.0013006925582885742,0.0,0.28743213415145874,0.0,-0.2848307490348816,0.0,0.3174603283405304,0.5547617673873901,0.948055624961853,0.9812549352645874,1.0,0.190476194024086,0.6929898262023926,0.30000001192092896,0.20000000298023224,0.20000000298023224,0.15000000596046448,0.15000000596046448,1.0,1.0,1.0,1.0
complex_qaware_v018_r2,closed_loop,complex,full,1,0.18,True,38.429393568,1785050574.4322605,4.245638095177557,0.03370251445055033,-0.06461315479634866,0.10509794576335962,8.445686191768636e-05,4.894659978059767,0.11035769419975297,0.09586983011118463,21.0,4.228481679033739,0.033460320137452,5.228479189163699,0.033733725443584266,6.228476689370143,0.034007134912387264,0.5688332915306091,0.15793202817440033,0.10793203115463257,0.6929898262023926,0.6929898262023926,1,ROW_FOLLOW,,1.0,56.0,77.0,0.06241112947463989,0.0013006925582885742,0.0,0.28743213415145874,0.0,-0.2848307490348816,0.0,0.3174603283405304,0.5547617673873901,0.948055624961853,0.9812549352645874,1.0,0.190476194024086,0.6929898262023926,0.30000001192092896,0.20000000298023224,0.20000000298023224,0.15000000596046448,0.15000000596046448,1.0,1.0,1.0,1.0
complex_qaware_v018_r2,closed_loop,complex,full,1,0.18,True,38.479297958,1785050574.482165,4.254684962639597,0.03240539104330074,-0.0639725112645757,0.10255737125552751,0.01760882559694235,4.903840416922911,0.10953856807729272,0.10133067092758626,21.0,4.228481679033739,0.033460320137452,5.228479189163699,0.033733725443584266,6.228476689370143,0.034007134912387264,0.5688332915306091,0.15793202817440033,0.10793203115463257,0.6929898262023926,0.6929898262023926,1,ROW_FOLLOW,,1.0,56.0,77.0,0.06241112947463989,0.0013006925582885742,0.0,0.28743213415145874,0.0,-0.2848307490348816,0.0,0.3174603283405304,0.5547617673873901,0.948055624961853,0.9812549352645874,1.0,0.190476194024086,0.6929898262023926,0.30000001192092896,0.20000000298023224,0.20000000298023224,0.15000000596046448,0.15000000596046448,1.0,1.0,1.0,1.0
complex_qaware_v018_r2,closed_loop,complex,full,1,0.18,True,38.529395889,1785050574.5322628,4.259888862414387,0.03208630789725587,-0.0632449321510653,0.102221630014694,0.023132411461471526,4.909061682018541,0.11124088425020874,0.10232492164899903,21.0,4.240022624650282,0.034228273273322944,5.240018836028623,0.031980969704307506,6.240015028100129,0.029733666801351366,0.5684925317764282,0.16184891760349274,0.11184892058372498,0.7032756805419922,0.7032756805419922,1,ROW_FOLLOW,,1.0,49.0,76.0,0.05967869237065315,0.0022166967391967773,0.0,0.2881793677806854,0.0,-0.28374597430229187,0.0,0.3333333432674408,0.5809522867202759,0.9474877119064331,0.9839180707931519,1.0,0.2380952388048172,0.7032756805419922,0.30000001192092896,0.20000000298023224,0.20000000298023224,0.15000000596046448,0.15000000596046448,1.0,1.0,1.0,1.0
complex_qaware_v018_r2,closed_loop,complex,full,1,0.18,True,38.580514195,1785050574.5833812,4.2615975869749745,0.031990426759469795,-0.06276133256810112,0.10204699664917806,0.016900754033546857,4.910790090399867,0.11128249741602148,0.10204750054358078,21.0,4.252241639874275,0.03557129391920069,5.25219804490004,0.02824806013432457,6.252154405254817,0.02092482770987002,0.5703072547912598,0.16827790439128876,0.118277907371521,0.7035350799560547,0.7032756805419922,1,ROW_FOLLOW,,1.0,43.0,73.0,0.04730336368083954,0.004758924245834351,0.0,0.2909577488899231,0.0,-0.2814399003982544,0.0,0.3333333432674408,0.5809522867202759,0.9505122900009155,0.9816142320632935,1.0,0.2380952388048172,0.7035350799560547,0.30000001192092896,0.20000000298023224,0.20000000298023224,0.15000000596046448,0.15000000596046448,1.0,1.0,1.0,1.0
complex_qaware_v018_r2,closed_loop,complex,full,1,0.18,True,38.629391586,1785050574.6322587,4.264881636700245,0.03138259871153005,-0.06252774966962255,0.09788651732150115,-0.00033282793482916477,4.9178932310879375,0.11098889983429411,0.10431609705197151,21.0,4.252241639874275,0.03557129391920069,5.25219804490004,0.02824806013432457,6.252154405254817,0.02092482770987002,0.5703072547912598,0.16827790439128876,0.118277907371521,0.7035350799560547,0.7035350799560547,1,ROW_FOLLOW,,1.0,43.0,73.0,0.04730336368083954,0.004758924245834351,0.0,0.2909577488899231,0.0,-0.2814399003982544,0.0,0.3333333432674408,0.5809522867202759,0.9505122900009155,0.9816142320632935,1.0,0.2380952388048172,0.7035350799560547,0.30000001192092896,0.20000000298023224,0.20000000298023224,0.15000000596046448,0.15000000596046448,1.0,1.0,1.0,1.0
complex_qaware_v018_r2,closed_loop,complex,full,1,0.18,True,38.680210941,1785050574.6830778,4.270087361329145,0.031070992825953794,-0.0614318993266778,0.09990004453455809,0.017769303715147972,4.923115528481359,0.1110143941045375,0.10414613525034884,21.0,4.262212596893173,0.03670696655444982,5.262073333572394,0.022103691984730917,6.261934062518235,0.007500416276745351,0.5703072547912598,0.16827790439128876,0.118277907371521,0.7035350799560547,0.7035350799560547,1,ROW_FOLLOW,,1.0,43.0,73.0,0.04730336368083954,0.004758924245834351,0.0,0.2909577488899231,0.0,-0.2814399003982544,0.0,0.3333333432674408,0.5809522867202759,0.9505122900009155,0.9816142320632935,1.0,0.2380952388048172,0.7035350799560547,0.30000001192092896,0.20000000298023224,0.20000000298023224,0.15000000596046448,0.15000000596046448,1.0,1.0,1.0,1.0
complex_qaware_v018_r2,closed_loop,complex,full,1,0.18,True,38.729400435,1785050574.7322674,4.276208528154982,0.031015512742175844,-0.06095238936032922,0.10042009891734892,0.007337165092094541,4.9292816531755355,0.10905944632409253,0.09833985653729971,21.0,4.262212596893173,0.03670696655444982,5.262073333572394,0.022103691984730917,6.261934062518235,0.007500416276745351,0.5694481730461121,0.17028169333934784,0.12028169631958008,0.687835693359375,0.687835693359375,1,ROW_FOLLOW,,1.0,30.0,75.0,0.037370920181274414,0.0076812803745269775,0.0,0.29334667325019836,0.0,-0.2779841125011444,0.0,0.3333333432674408,0.5023808479309082,0.9490798711776733,0.9836233854293823,1.0,0.095238097012043,0.687835693359375,0.30000001192092896,0.20000000298023224,0.20000000298023224,0.15000000596046448,0.15000000596046448,1.0,1.0,1.0,1.0
complex_qaware_v018_r2,closed_loop,complex,full,1,0.18,True,38.782968781,1785050574.7858357,4.281425919482492,0.03070799980246656,-0.06025422247046918,0.10126041424364701,0.00874406501232199,4.934512431551354,0.10900441314412801,0.0987067444037299,21.0,4.2711711581458,0.03845038769312751,5.270993502258514,0.020020951340738467,6.270815865973383,0.001591512744287725,0.5694481730461121,0.17028169333934784,0.12028169631958008,0.687835693359375,0.687835693359375,1,ROW_FOLLOW,,1.0,30.0,75.0,0.037370920181274414,0.0076812803745269775,0.0,0.29334667325019836,0.0,-0.2779841125011444,0.0,0.3333333432674408,0.5023808479309082,0.9490798711776733,0.9836233854293823,1.0,0.095238097012043,0.687835693359375,0.30000001192092896,0.20000000298023224,0.20000000298023224,0.15000000596046448,0.15000000596046448,1.0,1.0,1.0,1.0
complex_qaware_v018_r2,closed_loop,complex,full,1,0.18,True,38.829428101,1785050574.8322952,4.289596950467945,0.030142435086670017,-0.05943529655151236,0.09871904305560412,0.020541969962081318,4.942710887148795,0.1084899648452819,0.10368335483801328,21.0,4.2711711581458,0.03845038769312751,5.270993502258514,0.020020951340738467,6.270815865973383,0.001591512744287725,0.5699619054794312,0.1724601536989212,0.12246015667915344,0.6891248226165771,0.6891248226165771,1,ROW_FOLLOW,,1.0,36.0,52.0,0.04448127746582031,0.009145468473434448,0.0,0.2946420907974243,0.0,-0.2763511538505554,0.0,0.3333333432674408,0.5023808479309082,0.9499364495277405,0.9910759925842285,1.0,0.095238097012043,0.6891248226165771,0.30000001192092896,0.20000000298023224,0.20000000298023224,0.15000000596046448,0.15000000596046448,1.0,1.0,1.0,1.0
complex_qaware_v018_r2,closed_loop,complex,full,1,0.18,True,38.88157539,1785050574.8844423,4.294824266469015,0.02984422334294661,-0.058856201399243045,0.10096047408185313,0.014477197675593603,4.947953207962225,0.10839270843299835,0.10433173091990355,21.0,4.282183442976062,0.03801661461894831,5.28197387933445,0.03165465423551404,6.281764372122995,0.02529268947969966,0.5713047981262207,0.17066197097301483,0.12066197395324707,0.6764863729476929,0.6891248226165771,1,ROW_FOLLOW,,1.0,30.0,61.0,0.07960276305675507,0.005604445934295654,0.0,0.2920032739639282,0.0,-0.2807943820953369,0.0,0.2936507761478424,0.5023808479309082,0.9521742463111877,0.9832003712654114,1.0,0.095238097012043,0.6764863729476929,0.30000001192092896,0.20000000298023224,0.20000000298023224,0.15000000596046448,0.15000000596046448,1.0,1.0,1.0,1.0
complex_qaware_v018_r2,closed_loop,complex,full,1,0.18,True,38.929363541,1785050574.9322305,4.298090967812707,0.028878953458563356,-0.058337392385599894,0.10623475834665662,-0.0005039408529132743,4.95549441255329,0.10293410631731742,0.1255562720884487,21.0,4.282183442976062,0.03801661461894831,5.28197387933445,0.03165465423551404,6.281764372122995,0.02529268947969966,0.5713047981262207,0.17066197097301483,0.12066197395324707,0.6764863729476929,0.6764863729476929,1,ROW_FOLLOW,,1.0,30.0,61.0,0.07960276305675507,0.005604445934295654,0.0,0.2920032739639282,0.0,-0.2807943820953369,0.0,0.2936507761478424,0.5023808479309082,0.9521742463111877,0.9832003712654114,1.0,0.095238097012043,0.6764863729476929,0.30000001192092896,0.20000000298023224,0.20000000298023224,0.15000000596046448,0.15000000596046448,1.0,1.0,1.0,1.0
complex_qaware_v018_r2,closed_loop,complex,full,1,0.18,True,38.980190032,1785050574.9830568,4.303451704302308,0.028575301840255925,-0.05773423619759963,0.10635093613318349,0.017455059008031983,4.960867962294713,0.10278560089679764,0.12654630822524718,21.0,4.282183442976062,0.03801661461894831,5.28197387933445,0.03165465423551404,6.281764372122995,0.02529268947969966,0.5713047981262207,0.17066197097301483,0.12066197395324707,0.6764863729476929,0.6764863729476929,1,ROW_FOLLOW,,1.0,30.0,61.0,0.07960276305675507,0.005604445934295654,0.0,0.2920032739639282,0.0,-0.2807943820953369,0.0,0.2936507761478424,0.5023808479309082,0.9521742463111877,0.9832003712654114,1.0,0.095238097012043,0.6764863729476929,0.30000001192092896,0.20000000298023224,0.20000000298023224,0.15000000596046448,0.15000000596046448,1.0,1.0,1.0,1.0
complex_qaware_v018_r2,closed_loop,complex,full,1,0.18,True,39.029486922,1785050575.0323539,4.311117411212931,0.02918229769917909,-0.056866606754596656,0.11204951936101006,0.01934324345637008,4.968728506196874,0.09706504609946867,0.1408016663945741,21.0,4.293255706308681,0.03436757082898415,5.292755701030187,0.052081574116327134,6.292255716416289,0.06979557391703402,0.5715869069099426,0.169687882065773,0.11968788504600525,0.6565849781036377,0.6565849781036377,1,ROW_FOLLOW,,1.0,30.0,45.0,0.10592210292816162,-0.0007732808589935303,0.0,0.28576159477233887,0.0,-0.2873081564903259,0.0,0.2142857164144516,0.5285713076591492,0.9526450037956238,0.9737063646316528,1.0,0.1428571492433548,0.6565849781036377,0.30000001192092896,0.20000000298023224,0.20000000298023224,0.15000000596046448,0.15000000596046448,1.0,1.0,1.0,1.0
complex_qaware_v018_r2,closed_loop,complex,full,1,0.18,True,39.082841055,1785050575.0857081,4.316559796948899,0.028891901871427678,-0.055599452094767354,0.10986531323518318,0.028352190057448618,4.974188157415829,0.09691823257843069,0.14178042320149398,21.0,4.293255706308681,0.03436757082898415,5.292755701030187,0.052081574116327134,6.292255716416289,0.06979557391703402,0.5715869069099426,0.169687882065773,0.11968788504600525,0.6565849781036377,0.6565849781036377,1,ROW_FOLLOW,,1.0,30.0,45.0,0.10592210292816162,-0.0007732808589935303,0.0,0.28576159477233887,0.0,-0.2873081564903259,0.0,0.2142857164144516,0.5285713076591492,0.9526450037956238,0.9737063646316528,1.0,0.1428571492433548,0.6565849781036377,0.30000001192092896,0.20000000298023224,0.20000000298023224,0.15000000596046448,0.15000000596046448,1.0,1.0,1.0,1.0
complex_qaware_v018_r2,closed_loop,complex,full,1,0.18,True,39.129491741,1785050575.1323586,4.328922538296168,0.02888105288852236,-0.054710825385817494,0.11707017125460922,0.031038684879915745,4.98656714163084,0.0918065076457735,0.1521899187649116,21.0,4.305089297128312,0.028230758077730345,5.30384897002911,0.07401832671028291,6.30260864640947,0.11980589405042534,0.5754841566085815,0.17735911905765533,0.12735912203788757,0.6368610858917236,0.6368610858917236,1,ROW_FOLLOW,,1.0,30.0,39.0,0.12410140782594681,-0.007467523217201233,0.0,0.27989158034324646,0.0,-0.2948266267776489,0.0,0.1428571492433548,0.5285713076591492,0.959139883518219,0.9764115214347839,1.0,0.1428571492433548,0.6368610858917236,0.30000001192092896,0.20000000298023224,0.20000000298023224,0.15000000596046448,0.15000000596046448,1.0,1.0,1.0,1.0
complex_qaware_v018_r2,closed_loop,complex,full,1,0.18,True,39.180373979,1785050575.183241,4.334056041071501,0.02863285334228763,-0.053131965097976686,0.11469123736210102,0.026767042192166333,4.991723060708389,0.09183568023497923,0.15199543483687336,21.0,4.318606631022983,0.021185780912582695,5.316266182258375,0.08798436991709525,6.313925712292711,0.154782956545059,0.5740955471992493,0.17601852118968964,0.12601852416992188,0.6364476680755615,0.6368610858917236,1,ROW_FOLLOW,,1.0,29.0,46.0,0.137008398771286,-0.014370843768119812,0.0,0.27265310287475586,0.0,-0.3013947904109955,0.0,0.1428571492433548,0.5285713076591492,0.9568257331848145,0.9767405986785889,1.0,0.1428571492433548,0.6364476680755615,0.30000001192092896,0.20000000298023224,0.20000000298023224,0.15000000596046448,0.15000000596046448,1.0,1.0,1.0,1.0
complex_qaware_v018_r2,closed_loop,complex,full,1,0.18,True,39.229344557,1785050575.2322114,4.339128768170211,0.029754515485685192,-0.0514723880616992,0.11169849465342845,0.024231296967667976,4.998208374689599,0.09381465267680555,0.13830618384530347,21.0,4.318606631022983,0.021185780912582695,5.316266182258375,0.08798436991709525,6.313925712292711,0.154782956545059,0.5740955471992493,0.17601852118968964,0.12601852416992188,0.6364476680755615,0.6364476680755615,1,ROW_FOLLOW,,1.0,29.0,46.0,0.137008398771286,-0.014370843768119812,0.0,0.27265310287475586,0.0,-0.3013947904109955,0.0,0.1428571492433548,0.5285713076591492,0.9568257331848145,0.9767405986785889,1.0,0.1428571492433548,0.6364476680755615,0.30000001192092896,0.20000000298023224,0.20000000298023224,0.15000000596046448,0.15000000596046448,1.0,1.0,1.0,1.0
complex_qaware_v018_r2,closed_loop,complex,full,1,0.18,True,39.279949349,1785050575.2828162,4.3440932951393,0.029521366903428353,-0.04977789158744048,0.11452629062314855,0.04924768513021045,5.003190849279907,0.09390799760380185,0.13768388433199483,21.0,4.318606631022983,0.021185780912582695,5.316266182258375,0.08798436991709525,6.313925712292711,0.154782956545059,0.5740955471992493,0.17601852118968964,0.12601852416992188,0.6364476680755615,0.6364476680755615,1,ROW_FOLLOW,,1.0,29.0,46.0,0.137008398771286,-0.014370843768119812,0.0,0.27265310287475586,0.0,-0.3013947904109955,0.0,0.1428571492433548,0.5285713076591492,0.9568257331848145,0.9767405986785889,1.0,0.1428571492433548,0.6364476680755615,0.30000001192092896,0.20000000298023224,0.20000000298023224,0.15000000596046448,0.15000000596046448,1.0,1.0,1.0,1.0
complex_qaware_v018_r2,closed_loop,complex,full,1,0.18,True,39.329457731,1785050575.3323245,4.348235237486906,0.029353401913108104,-0.047888255677388525,0.11456408803219148,0.05382468193055438,5.007355122468782,0.09574360836439001,0.12630378478814044,21.0,4.332795596526679,0.014922657661927219,5.329326131666895,0.09741904704798031,6.325856675705748,0.17991543560782652,0.5752092003822327,0.17732276022434235,0.12732276320457458,0.6371620893478394,0.6371620893478394,1,ROW_FOLLOW,,1.0,32.0,37.0,0.145185187458992,-0.020601511001586914,0.0,0.266721248626709,0.0,-0.3079242706298828,0.0,0.1428571492433548,0.5285713076591492,0.9586818218231201,0.979028582572937,1.0,0.1428571492433548,0.6371620893478394,0.30000001192092896,0.20000000298023224,0.20000000298023224,0.15000000596046448,0.15000000596046448,1.0,1.0,1.0,1.0
complex_qaware_v018_r2,closed_loop,complex,full,1,0.18,True,39.381379288,1785050575.3842463,4.355123091552204,0.031595768142598867,-0.04513183083862992,0.11223068980739251,0.04073048726828319,5.015425445011535,0.09791280904177484,0.11184244693890825,0.0,nan,nan,nan,nan,nan,nan,0.0,0.0,-0.05000000074505806,0.0,0.6371620893478394,1,ROW_FOLLOW,WAITING_FOR_CENTERLINE,0.0,0.0,0.0,0.0,0.0,0.0,0.0,0.0,0.0,1.0,0.0,0.0,0.0,0.0,0.0,0.0,0.0,0.30000001192092896,0.20000000298023224,0.20000000298023224,0.15000000596046448,0.15000000596046448,1.0,1.0,1.0,1.0
complex_qaware_v018_r2,closed_loop,complex,full,1,0.18,True,39.429747293,1785050575.432614,4.359970928668041,0.031404563311064455,-0.04322273867325063,0.11221117462059993,0.04990592891618584,5.0202863506756,0.0,0.0,0.0,nan,nan,nan,nan,nan,nan,0.0,0.0,-0.05000000074505806,0.0,0.0,1,ROW_FOLLOW,WAITING_FOR_CENTERLINE,0.0,0.0,0.0,0.0,0.0,0.0,0.0,0.0,0.0,1.0,0.0,0.0,0.0,0.0,0.0,0.0,0.0,0.30000001192092896,0.20000000298023224,0.20000000298023224,0.15000000596046448,0.15000000596046448,1.0,1.0,1.0,1.0
complex_qaware_v018_r2,closed_loop,complex,full,1,0.18,True,39.479918218,1785050575.4827852,4.367217626932935,0.03274399075092396,-0.04094021308978267,0.1033461457508992,0.03667731818498482,5.0279578940370095,0.0,0.0,0.0,nan,nan,nan,nan,nan,nan,0.0,0.0,-0.05000000074505806,0.0,0.0,1,ROW_FOLLOW,WAITING_FOR_CENTERLINE,0.0,0.0,0.0,0.0,0.0,0.0,0.0,0.0,0.0,1.0,0.0,0.0,0.0,0.0,0.0,0.0,0.0,0.30000001192092896,0.20000000298023224,0.20000000298023224,0.15000000596046448,0.15000000596046448,1.0,1.0,1.0,1.0
complex_qaware_v018_r2,closed_loop,complex,full,1,0.18,True,39.529392424,1785050575.5322592,4.371461746396649,0.03260674962073481,-0.039692712816254104,0.10311709120545473,0.01568792494319413,5.032216017246454,0.0,0.0,0.0,nan,nan,nan,nan,nan,nan,0.0,0.0,-0.05000000074505806,0.0,0.0,1,ROW_FOLLOW,WAITING_FOR_CENTERLINE,0.0,0.0,0.0,0.0,0.0,0.0,0.0,0.0,0.0,2.0,0.0,0.0,0.0,0.0,0.0,0.0,0.0,0.30000001192092896,0.20000000298023224,0.20000000298023224,0.15000000596046448,0.15000000596046448,1.0,1.0,1.0,1.0
complex_qaware_v018_r2,closed_loop,complex,full,1,0.18,True,39.579268943,1785050575.582136,4.372478856649914,0.03259938655805622,-0.03841755956005377,0.09243570785146801,0.020935236790876832,5.033250828349486,0.0,0.0,0.0,nan,nan,nan,nan,nan,nan,0.0,0.0,-0.05000000074505806,0.0,0.0,1,ROW_FOLLOW,WAITING_FOR_CENTERLINE,0.0,0.0,0.0,0.0,0.0,0.0,0.0,0.0,0.0,3.0,0.0,0.0,0.0,0.0,0.0,0.0,0.0,0.30000001192092896,0.20000000298023224,0.20000000298023224,0.15000000596046448,0.15000000596046448,1.0,1.0,1.0,1.0
complex_qaware_v018_r2,closed_loop,complex,full,1,0.18,True,39.629435933,1785050575.6323028,4.372663568416999,0.03133211231066669,-0.0378701657286351,0.07910716360915684,0.008389103212643636,5.040734185351774,0.0,0.0,0.0,nan,nan,nan,nan,nan,nan,0.0,0.0,-0.05000000074505806,0.0,0.0,1,ROW_FOLLOW,WAITING_FOR_CENTERLINE,0.0,0.0,0.0,0.0,0.0,0.0,0.0,0.0,0.0,3.0,0.0,0.0,0.0,0.0,0.0,0.0,0.0,0.30000001192092896,0.20000000298023224,0.20000000298023224,0.15000000596046448,0.15000000596046448,1.0,1.0,1.0,1.0
complex_qaware_v018_r2,closed_loop,complex,full,1,0.18,True,39.680192119,1785050575.683059,4.375936092124698,0.031217446193447664,-0.03698452571012645,0.0741989081838319,0.014019473731721174,5.0440131790969955,0.0,0.0,0.0,nan,nan,nan,nan,nan,nan,0.0,0.0,-0.05000000074505806,0.0,0.0,1,ROW_FOLLOW,WAITING_FOR_CENTERLINE,0.0,0.0,0.0,0.0,0.0,0.0,0.0,0.0,0.0,3.0,0.0,0.0,0.0,0.0,0.0,0.0,0.0,0.30000001192092896,0.20000000298023224,0.20000000298023224,0.15000000596046448,0.15000000596046448,1.0,1.0,1.0,1.0
complex_qaware_v018_r2,closed_loop,complex,full,1,0.18,True,39.729472561,1785050575.7323394,4.376954385140711,0.030520775300506855,-0.0361315722022777,0.06309561084468253,0.02951024179169706,5.048850470234316,0.0,0.0,0.0,nan,nan,nan,nan,nan,nan,0.0,0.0,-0.05000000074505806,0.0,0.0,1,ROW_FOLLOW,WAITING_FOR_CENTERLINE,0.0,0.0,0.0,0.0,0.0,0.0,0.0,0.0,0.0,4.0,0.0,0.0,0.0,0.0,0.0,0.0,0.0,0.30000001192092896,0.20000000298023224,0.20000000298023224,0.15000000596046448,0.15000000596046448,1.0,1.0,1.0,1.0
complex_qaware_v018_r2,closed_loop,complex,full,1,0.18,True,39.779560732,1785050575.7824275,4.379202346674681,0.0304456881597324,-0.03519543934109804,0.05691402824301188,0.01880892943540602,5.051102957573519,0.0,0.0,0.0,nan,nan,nan,nan,nan,nan,0.0,0.0,-0.05000000074505806,0.0,0.0,1,ROW_FOLLOW,WAITING_FOR_CENTERLINE,0.0,0.0,0.0,0.0,0.0,0.0,0.0,0.0,0.0,4.0,0.0,0.0,0.0,0.0,0.0,0.0,0.0,0.30000001192092896,0.20000000298023224,0.20000000298023224,0.15000000596046448,0.15000000596046448,1.0,1.0,1.0,1.0
complex_qaware_v018_r2,closed_loop,complex,full,1,0.18,True,39.829413283,1785050575.8322804,4.379497247062172,0.03046756171242815,-0.035152656786457306,0.0342465442079158,-0.00818042876027015,5.054517952136488,0.0,0.0,0.0,nan,nan,nan,nan,nan,nan,0.0,0.0,-0.05000000074505806,0.0,0.0,1,ROW_FOLLOW,WAITING_FOR_CENTERLINE,0.0,0.0,0.0,0.0,0.0,0.0,0.0,0.0,0.0,5.0,0.0,0.0,0.0,0.0,0.0,0.0,0.0,0.30000001192092896,0.20000000298023224,0.20000000298023224,0.15000000596046448,0.15000000596046448,1.0,1.0,1.0,1.0
complex_qaware_v018_r2,closed_loop,complex,full,1,0.18,True,39.879554031,1785050575.882421,4.380953721684448,0.030419217510949448,-0.03461646799646266,0.03143590686866805,-0.0038249907422470922,5.055976249567136,0.0,0.0,0.0,nan,nan,nan,nan,nan,nan,0.0,0.0,-0.05000000074505806,0.0,0.0,1,ROW_FOLLOW,WAITING_FOR_CENTERLINE,0.0,0.0,0.0,0.0,0.0,0.0,0.0,0.0,0.0,5.0,0.0,0.0,0.0,0.0,0.0,0.0,0.0,0.30000001192092896,0.20000000298023224,0.20000000298023224,0.15000000596046448,0.15000000596046448,1.0,1.0,1.0,1.0
complex_qaware_v018_r2,closed_loop,complex,full,1,0.18,True,39.929405878,1785050575.932273,4.381789070982304,0.030114436598348945,-0.03387237492997697,0.013787684372334604,-0.017979270839580733,5.057373477653098,0.0,0.0,0.0,nan,nan,nan,nan,nan,nan,0.0,0.0,-0.05000000074505806,0.0,0.0,0,ROW_FOLLOW,WAITING_FOR_CENTERLINE,0.0,0.0,0.0,0.0,0.0,0.0,0.0,0.0,0.0,0.0,0.0,0.0,0.0,0.0,0.0,0.0,0.0,0.30000001192092896,0.20000000298023224,0.20000000298023224,0.15000000596046448,0.15000000596046448,1.0,1.0,1.0,1.0
complex_qaware_v018_r2,closed_loop,complex,full,1,0.18,True,39.979965996,1785050575.982833,4.3823374058148215,0.03009867696297658,-0.03212254916797796,0.011700425475410997,0.00198231894487635,5.0579240566961285,0.0,0.0,0.0,nan,nan,nan,nan,nan,nan,0.0,0.0,-0.05000000074505806,0.0,0.0,0,ROW_FOLLOW,WAITING_FOR_CENTERLINE,0.0,0.0,0.0,0.0,0.0,0.0,0.0,0.0,0.0,0.0,0.0,0.0,0.0,0.0,0.0,0.0,0.0,0.30000001192092896,0.20000000298023224,0.20000000298023224,0.15000000596046448,0.15000000596046448,1.0,1.0,1.0,1.0
complex_qaware_v018_r2,closed_loop,complex,full,1,0.18,True,40.02935012,1785050576.032217,4.384100900985467,0.03013227798692789,-0.03196191458078036,0.00457739459107179,0.028306717853193462,5.059689348984453,0.0,0.0,0.0,nan,nan,nan,nan,nan,nan,0.0,0.0,-0.05000000074505806,0.0,0.0,0,ROW_FOLLOW,WAITING_FOR_CENTERLINE,0.0,0.0,0.0,0.0,0.0,0.0,0.0,0.0,0.0,1.0,0.0,0.0,0.0,0.0,0.0,0.0,0.0,0.30000001192092896,0.20000000298023224,0.20000000298023224,0.15000000596046448,0.15000000596046448,1.0,1.0,1.0,1.0
complex_qaware_v018_r2,closed_loop,complex,full,1,0.18,True,40.082681438,1785050576.0855484,4.384398924488567,0.030124640122671974,-0.03026800620423975,0.0034542044580269473,0.023920988393056734,5.059988620210971,0.0,0.0,0.0,nan,nan,nan,nan,nan,nan,0.0,0.0,-0.05000000074505806,0.0,0.0,0,ROW_FOLLOW,WAITING_FOR_CENTERLINE,0.0,0.0,0.0,0.0,0.0,0.0,0.0,0.0,0.0,2.0,0.0,0.0,0.0,0.0,0.0,0.0,0.0,0.30000001192092896,0.20000000298023224,0.20000000298023224,0.15000000596046448,0.15000000596046448,1.0,1.0,1.0,1.0
complex_qaware_v018_r2,closed_loop,complex,full,1,0.18,True,40.129521666,1785050576.1323886,4.388036012812079,0.029135922804648228,-0.0305461431762013,0.005452486525678517,0.0023715195433157525,5.0637650783021595,0.0,0.0,0.0,nan,nan,nan,nan,nan,nan,0.0,0.0,-0.05000000074505806,0.0,0.0,0,ROW_FOLLOW,WAITING_FOR_CENTERLINE,0.0,0.0,0.0,0.0,0.0,0.0,0.0,0.0,0.0,2.0,0.0,0.0,0.0,0.0,0.0,0.0,0.0,0.30000001192092896,0.20000000298023224,0.20000000298023224,0.15000000596046448,0.15000000596046448,1.0,1.0,1.0,1.0
complex_qaware_v018_r2,closed_loop,complex,full,1,0.18,True,40.180593349,1785050576.1834602,4.388086073100052,0.02913444043868364,-0.03036652434601274,0.0020167209579296883,0.007652761723727176,5.063815291278414,0.0,0.0,0.0,nan,nan,nan,nan,nan,nan,0.0,0.0,-0.05000000074505806,0.0,0.0,0,ROW_FOLLOW,WAITING_FOR_CENTERLINE,0.0,0.0,0.0,0.0,0.0,0.0,0.0,0.0,0.0,3.0,0.0,0.0,0.0,0.0,0.0,0.0,0.0,0.30000001192092896,0.20000000298023224,0.20000000298023224,0.15000000596046448,0.15000000596046448,1.0,1.0,1.0,1.0
complex_qaware_v018_r2,closed_loop,complex,full,1,0.18,True,40.229475926,1785050576.2323427,4.390049294015995,0.028883591629019826,-0.030366966666616882,0.0037552238372767265,0.006865660070812697,5.065794969793556,0.0,0.0,0.0,nan,nan,nan,nan,nan,nan,0.0,0.0,-0.05000000074505806,0.0,0.0,0,ROW_FOLLOW,WAITING_FOR_CENTERLINE,0.0,0.0,0.0,0.0,0.0,0.0,0.0,0.0,0.0,3.0,0.0,0.0,0.0,0.0,0.0,0.0,0.0,0.30000001192092896,0.20000000298023224,0.20000000298023224,0.15000000596046448,0.15000000596046448,1.0,1.0,1.0,1.0
complex_qaware_v018_r2,closed_loop,complex,full,1,0.18,True,40.279910122,1785050576.282777,4.3902981679761925,0.028876504988269623,-0.029509529180699278,0.0016022314266671835,0.037338329084275555,5.06604418455525,0.0,0.0,0.0,nan,nan,nan,nan,nan,nan,0.0,0.0,-0.05000000074505806,0.0,0.0,0,ROW_FOLLOW,WAITING_FOR_CENTERLINE,0.0,0.0,0.0,0.0,0.0,0.0,0.0,0.0,0.0,4.0,0.0,0.0,0.0,0.0,0.0,0.0,0.0,0.30000001192092896,0.20000000298023224,0.20000000298023224,0.15000000596046448,0.15000000596046448,1.0,1.0,1.0,1.0
complex_qaware_v018_r2,closed_loop,complex,full,1,0.18,True,40.329624271,1785050576.3324912,4.390286171933108,0.02887720464058238,-0.028468415692469044,-0.0003460567144770945,0.004454985797966658,5.0660565596489135,0.0,0.0,0.0,nan,nan,nan,nan,nan,nan,0.0,0.0,-0.05000000074505806,0.0,0.0,0,ROW_FOLLOW,WAITING_FOR_CENTERLINE,0.0,0.0,0.0,0.0,0.0,0.0,0.0,0.0,0.0,4.0,0.0,0.0,0.0,0.0,0.0,0.0,0.0,0.30000001192092896,0.20000000298023224,0.20000000298023224,0.15000000596046448,0.15000000596046448,1.0,1.0,1.0,1.0
complex_qaware_v018_r2,closed_loop,complex,full,1,0.18,True,40.38222706,1785050576.385094,4.393659735506887,0.030036519125566572,-0.028578851311085167,0.007143242486788631,0.0016032057703937895,5.069623763212129,0.0,0.0,0.0,nan,nan,nan,nan,nan,nan,0.0,0.0,-0.05000000074505806,0.0,0.0,1,ROW_FOLLOW,WAITING_FOR_CENTERLINE,0.0,0.0,0.0,0.0,0.0,0.0,0.0,0.0,0.0,5.0,0.0,0.0,0.0,0.0,0.0,0.0,0.0,0.30000001192092896,0.20000000298023224,0.20000000298023224,0.15000000596046448,0.15000000596046448,1.0,1.0,1.0,1.0
complex_qaware_v018_r2,closed_loop,complex,full,1,0.18,True,40.429373502,1785050576.4322405,4.394032786359485,0.030463749093436725,-0.02858302298410596,0.0054387918095729635,0.0016883065952033164,5.070190942534804,0.0,0.0,0.0,nan,nan,nan,nan,nan,nan,0.0,0.0,-0.05000000074505806,0.0,0.0,1,ROW_FOLLOW,WAITING_FOR_CENTERLINE,0.0,0.0,0.0,0.0,0.0,0.0,0.0,0.0,0.0,5.0,0.0,0.0,0.0,0.0,0.0,0.0,0.0,0.30000001192092896,0.20000000298023224,0.20000000298023224,0.15000000596046448,0.15000000596046448,1.0,1.0,1.0,1.0
complex_qaware_v018_r2,closed_loop,complex,full,1,0.18,True,40.479533069,1785050576.4824,4.394032786359485,0.030463749093436725,-0.028558928997585845,0.004346548066119441,0.000989569906272511,5.070190942534804,0.0,0.0,0.0,nan,nan,nan,nan,nan,nan,0.0,0.0,-0.05000000074505806,0.0,0.0,0,ROW_FOLLOW,WAITING_FOR_CENTERLINE,0.0,0.0,0.0,0.0,0.0,0.0,0.0,0.0,0.0,0.0,0.0,0.0,0.0,0.0,0.0,0.0,0.0,0.30000001192092896,0.20000000298023224,0.20000000298023224,0.15000000596046448,0.15000000596046448,1.0,1.0,1.0,1.0
complex_qaware_v018_r2,closed_loop,complex,full,1,0.18,True,40.529453109,1785050576.53232,4.394032786359485,0.030463749093436725,-0.028569251259513713,0.00267976715432591,0.0004030800113407174,5.070190942534804,0.0,0.0,0.0,nan,nan,nan,nan,nan,nan,0.0,0.0,-0.05000000074505806,0.0,0.0,0,ROW_FOLLOW,WAITING_FOR_CENTERLINE,0.0,0.0,0.0,0.0,0.0,0.0,0.0,0.0,0.0,0.0,0.0,0.0,0.0,0.0,0.0,0.0,0.0,0.30000001192092896,0.20000000298023224,0.20000000298023224,0.15000000596046448,0.15000000596046448,1.0,1.0,1.0,1.0
complex_qaware_v018_r2,closed_loop,complex,full,1,0.18,True,40.581039748,1785050576.583907,4.394032786359485,0.030463749093436725,-0.028562943326304602,0.00041502549736006927,0.002069460663956511,5.070190942534804,0.0,0.0,0.0,nan,nan,nan,nan,nan,nan,0.0,0.0,-0.05000000074505806,0.0,0.0,0,ROW_FOLLOW,WAITING_FOR_CENTERLINE,0.0,0.0,0.0,0.0,0.0,0.0,0.0,0.0,0.0,0.0,0.0,0.0,0.0,0.0,0.0,0.0,0.0,0.30000001192092896,0.20000000298023224,0.20000000298023224,0.15000000596046448,0.15000000596046448,1.0,1.0,1.0,1.0
complex_qaware_v018_r2,closed_loop,complex,full,1,0.18,True,40.629933334,1785050576.6328003,4.393294964909231,0.030204773745044135,-0.028528778124354844,0.0,0.0015832214356252124,5.070972894402588,0.0,0.0,0.0,nan,nan,nan,nan,nan,nan,0.0,0.0,-0.05000000074505806,0.0,0.0,0,ROW_FOLLOW,WAITING_FOR_CENTERLINE,0.0,0.0,0.0,0.0,0.0,0.0,0.0,0.0,0.0,1.0,0.0,0.0,0.0,0.0,0.0,0.0,0.0,0.30000001192092896,0.20000000298023224,0.20000000298023224,0.15000000596046448,0.15000000596046448,1.0,1.0,1.0,1.0
complex_qaware_v018_r2,closed_loop,complex,full,1,0.18,True,40.680057219,1785050576.6829243,4.393294964909231,0.030204773745044135,-0.028525036482261786,0.0,0.0013220669955090615,5.070972894402588,0.0,0.0,0.0,nan,nan,nan,nan,nan,nan,0.0,0.0,-0.05000000074505806,0.0,0.0,0,ROW_FOLLOW,WAITING_FOR_CENTERLINE,0.0,0.0,0.0,0.0,0.0,0.0,0.0,0.0,0.0,2.0,0.0,0.0,0.0,0.0,0.0,0.0,0.0,0.30000001192092896,0.20000000298023224,0.20000000298023224,0.15000000596046448,0.15000000596046448,1.0,1.0,1.0,1.0
complex_qaware_v018_r2,closed_loop,complex,full,1,0.18,True,40.72937651,1785050576.7322435,4.393294964909231,0.030204773745044135,-0.028520722769702637,0.0,0.001076451683231366,5.070972894402588,0.0,0.0,0.0,nan,nan,nan,nan,nan,nan,0.0,0.0,-0.05000000074505806,0.0,0.0,0,ROW_FOLLOW,WAITING_FOR_CENTERLINE,0.0,0.0,0.0,0.0,0.0,0.0,0.0,0.0,0.0,2.0,0.0,0.0,0.0,0.0,0.0,0.0,0.0,0.30000001192092896,0.20000000298023224,0.20000000298023224,0.15000000596046448,0.15000000596046448,1.0,1.0,1.0,1.0
complex_qaware_v018_r2,closed_loop,complex,full,1,0.18,True,40.779356361,1785050576.7822235,4.393294964909231,0.030204773745044135,-0.028504134871567114,0.0,0.0015194554939519688,5.070972894402588,0.0,0.0,0.0,nan,nan,nan,nan,nan,nan,0.0,0.0,-0.05000000074505806,0.0,0.0,0,ROW_FOLLOW,WAITING_FOR_CENTERLINE,0.0,0.0,0.0,0.0,0.0,0.0,0.0,0.0,0.0,3.0,0.0,0.0,0.0,0.0,0.0,0.0,0.0,0.30000001192092896,0.20000000298023224,0.20000000298023224,0.15000000596046448,0.15000000596046448,1.0,1.0,1.0,1.0
complex_qaware_v018_r2,closed_loop,complex,full,1,0.18,True,40.82938706,1785050576.832254,4.393294964909231,0.030204773745044135,-0.02849750636849223,0.0,0.0006430702215066534,5.070972894402588,0.0,0.0,0.0,nan,nan,nan,nan,nan,nan,0.0,0.0,-0.05000000074505806,0.0,0.0,0,ROW_FOLLOW,WAITING_FOR_CENTERLINE,0.0,0.0,0.0,0.0,0.0,0.0,0.0,0.0,0.0,3.0,0.0,0.0,0.0,0.0,0.0,0.0,0.0,0.30000001192092896,0.20000000298023224,0.20000000298023224,0.15000000596046448,0.15000000596046448,1.0,1.0,1.0,1.0
complex_qaware_v018_r2,closed_loop,complex,full,1,0.18,True,40.880000204,1785050576.882867,4.393294964909231,0.030204773745044135,-0.028480699284464627,0.0,0.0010407117463393481,5.070972894402588,0.0,0.0,0.0,nan,nan,nan,nan,nan,nan,0.0,0.0,-0.05000000074505806,0.0,0.0,0,ROW_FOLLOW,WAITING_FOR_CENTERLINE,0.0,0.0,0.0,0.0,0.0,0.0,0.0,0.0,0.0,4.0,0.0,0.0,0.0,0.0,0.0,0.0,0.0,0.30000001192092896,0.20000000298023224,0.20000000298023224,0.15000000596046448,0.15000000596046448,1.0,1.0,1.0,1.0
complex_qaware_v018_r2,closed_loop,complex,full,1,0.18,True,40.929411882,1785050576.9322789,4.393294964909231,0.030204773745044135,-0.028478917187063413,0.0,0.0012376981615702745,5.070972894402588,0.0,0.0,0.0,nan,nan,nan,nan,nan,nan,0.0,0.0,-0.05000000074505806,0.0,0.0,0,ROW_FOLLOW,WAITING_FOR_CENTERLINE,0.0,0.0,0.0,0.0,0.0,0.0,0.0,0.0,0.0,4.0,0.0,0.0,0.0,0.0,0.0,0.0,0.0,0.30000001192092896,0.20000000298023224,0.20000000298023224,0.15000000596046448,0.15000000596046448,1.0,1.0,1.0,1.0
complex_qaware_v018_r2,closed_loop,complex,full,1,0.18,True,40.98018839,1785050576.9830554,4.393294964909231,0.030204773745044135,-0.02848726167240923,0.0,0.0010632326089132086,5.070972894402588,0.0,0.0,0.0,nan,nan,nan,nan,nan,nan,0.0,0.0,-0.05000000074505806,0.0,0.0,1,ROW_FOLLOW,WAITING_FOR_CENTERLINE,0.0,0.0,0.0,0.0,0.0,0.0,0.0,0.0,0.0,5.0,0.0,0.0,0.0,0.0,0.0,0.0,0.0,0.30000001192092896,0.20000000298023224,0.20000000298023224,0.15000000596046448,0.15000000596046448,1.0,1.0,1.0,1.0
complex_qaware_v018_r2,closed_loop,complex,full,1,0.18,True,41.02984625,1785050577.0327132,4.393294964909231,0.030204773745044135,-0.02846256292291205,0.0,0.0020628873164489653,5.070972894402588,0.0,0.0,0.0,nan,nan,nan,nan,nan,nan,0.0,0.0,-0.05000000074505806,0.0,0.0,1,ROW_FOLLOW,WAITING_FOR_CENTERLINE,0.0,0.0,0.0,0.0,0.0,0.0,0.0,0.0,0.0,5.0,0.0,0.0,0.0,0.0,0.0,0.0,0.0,0.30000001192092896,0.20000000298023224,0.20000000298023224,0.15000000596046448,0.15000000596046448,1.0,1.0,1.0,1.0
complex_qaware_v018_r2,closed_loop,complex,full,1,0.18,True,41.080161628,1785050577.0830286,4.393294964909231,0.030204773745044135,-0.028473404908089247,0.0,0.0009840763736195803,5.070972894402588,0.0,0.0,0.0,nan,nan,nan,nan,nan,nan,0.0,0.0,-0.05000000074505806,0.0,0.0,0,ROW_FOLLOW,WAITING_FOR_CENTERLINE,0.0,0.0,0.0,0.0,0.0,0.0,0.0,0.0,0.0,0.0,0.0,0.0,0.0,0.0,0.0,0.0,0.0,0.30000001192092896,0.20000000298023224,0.20000000298023224,0.15000000596046448,0.15000000596046448,1.0,1.0,1.0,1.0
complex_qaware_v018_r2,closed_loop,complex,full,1,0.18,True,41.129564379,1785050577.1324313,4.393294964909231,0.030204773745044135,-0.028472118678246616,0.0,0.0014701055582299828,5.070972894402588,0.0,0.0,0.0,nan,nan,nan,nan,nan,nan,0.0,0.0,-0.05000000074505806,0.0,0.0,0,ROW_FOLLOW,WAITING_FOR_CENTERLINE,0.0,0.0,0.0,0.0,0.0,0.0,0.0,0.0,0.0,0.0,0.0,0.0,0.0,0.0,0.0,0.0,0.0,0.30000001192092896,0.20000000298023224,0.20000000298023224,0.15000000596046448,0.15000000596046448,1.0,1.0,1.0,1.0
complex_qaware_v018_r2,closed_loop,complex,full,1,0.18,True,41.180224245,1785050577.1830912,4.393294964909231,0.030204773745044135,-0.028452065415661483,0.0,0.0016538334605355686,5.070972894402588,0.0,0.0,0.0,nan,nan,nan,nan,nan,nan,0.0,0.0,-0.05000000074505806,0.0,0.0,0,ROW_FOLLOW,WAITING_FOR_CENTERLINE,0.0,0.0,0.0,0.0,0.0,0.0,0.0,0.0,0.0,0.0,0.0,0.0,0.0,0.0,0.0,0.0,0.0,0.30000001192092896,0.20000000298023224,0.20000000298023224,0.15000000596046448,0.15000000596046448,1.0,1.0,1.0,1.0
complex_qaware_v018_r2,closed_loop,complex,full,1,0.18,True,41.229629971,1785050577.232497,4.393294964909231,0.030204773745044135,-0.028452899328526,0.0,0.0011596531854098067,5.070972894402588,0.0,0.0,0.0,nan,nan,nan,nan,nan,nan,0.0,0.0,-0.05000000074505806,0.0,0.0,0,ROW_FOLLOW,WAITING_FOR_CENTERLINE,0.0,0.0,0.0,0.0,0.0,0.0,0.0,0.0,0.0,1.0,0.0,0.0,0.0,0.0,0.0,0.0,0.0,0.30000001192092896,0.20000000298023224,0.20000000298023224,0.15000000596046448,0.15000000596046448,1.0,1.0,1.0,1.0
complex_qaware_v018_r2,closed_loop,complex,full,1,0.18,True,41.279351033,1785050577.282218,4.393294964909231,0.030204773745044135,-0.028451371216720034,0.0,0.001209564397623252,5.070972894402588,0.0,0.0,0.0,nan,nan,nan,nan,nan,nan,0.0,0.0,-0.05000000074505806,0.0,0.0,0,ROW_FOLLOW,WAITING_FOR_CENTERLINE,0.0,0.0,0.0,0.0,0.0,0.0,0.0,0.0,0.0,2.0,0.0,0.0,0.0,0.0,0.0,0.0,0.0,0.30000001192092896,0.20000000298023224,0.20000000298023224,0.15000000596046448,0.15000000596046448,1.0,1.0,1.0,1.0
complex_qaware_v018_r2,closed_loop,complex,full,1,0.18,True,41.329485479,1785050577.3323524,4.393294964909231,0.030204773745044135,-0.028459298182536685,0.0,0.0007619442724003455,5.070972894402588,0.0,0.0,0.0,nan,nan,nan,nan,nan,nan,0.0,0.0,-0.05000000074505806,0.0,0.0,0,ROW_FOLLOW,WAITING_FOR_CENTERLINE,0.0,0.0,0.0,0.0,0.0,0.0,0.0,0.0,0.0,2.0,0.0,0.0,0.0,0.0,0.0,0.0,0.0,0.30000001192092896,0.20000000298023224,0.20000000298023224,0.15000000596046448,0.15000000596046448,1.0,1.0,1.0,1.0
complex_qaware_v018_r2,closed_loop,complex,full,1,0.18,True,41.380331302,1785050577.3831983,4.393294964909231,0.030204773745044135,-0.02843496113753118,0.0,0.0015569386356180733,5.070972894402588,0.0,0.0,0.0,nan,nan,nan,nan,nan,nan,0.0,0.0,-0.05000000074505806,0.0,0.0,0,ROW_FOLLOW,WAITING_FOR_CENTERLINE,0.0,0.0,0.0,0.0,0.0,0.0,0.0,0.0,0.0,2.0,0.0,0.0,0.0,0.0,0.0,0.0,0.0,0.30000001192092896,0.20000000298023224,0.20000000298023224,0.15000000596046448,0.15000000596046448,1.0,1.0,1.0,1.0
complex_qaware_v018_r2,closed_loop,complex,full,1,0.18,True,41.429530944,1785050577.4323978,4.393294964909231,0.030204773745044135,-0.028446650046759725,0.0,0.00025282480244546757,5.070972894402588,0.0,0.0,0.0,nan,nan,nan,nan,nan,nan,0.0,0.0,-0.05000000074505806,0.0,0.0,0,ROW_FOLLOW,WAITING_FOR_CENTERLINE,0.0,0.0,0.0,0.0,0.0,0.0,0.0,0.0,0.0,3.0,0.0,0.0,0.0,0.0,0.0,0.0,0.0,0.30000001192092896,0.20000000298023224,0.20000000298023224,0.15000000596046448,0.15000000596046448,1.0,1.0,1.0,1.0
complex_qaware_v018_r2,closed_loop,complex,full,1,0.18,True,41.479285318,1785050577.4821522,4.393294964909231,0.030204773745044135,-0.028451844174658625,0.0,0.0006153485819748747,5.070972894402588,0.0,0.0,0.0,nan,nan,nan,nan,nan,nan,0.0,0.0,-0.05000000074505806,0.0,0.0,0,ROW_FOLLOW,WAITING_FOR_CENTERLINE,0.0,0.0,0.0,0.0,0.0,0.0,0.0,0.0,0.0,3.0,0.0,0.0,0.0,0.0,0.0,0.0,0.0,0.30000001192092896,0.20000000298023224,0.20000000298023224,0.15000000596046448,0.15000000596046448,1.0,1.0,1.0,1.0
complex_qaware_v018_r2,closed_loop,complex,full,1,0.18,True,41.529317554,1785050577.5321846,4.393294964909231,0.030204773745044135,-0.028454990918037815,0.0,0.0008412832295474119,5.070972894402588,0.0,0.0,0.0,nan,nan,nan,nan,nan,nan,0.0,0.0,-0.05000000074505806,0.0,0.0,0,ROW_FOLLOW,WAITING_FOR_CENTERLINE,0.0,0.0,0.0,0.0,0.0,0.0,0.0,0.0,0.0,4.0,0.0,0.0,0.0,0.0,0.0,0.0,0.0,0.30000001192092896,0.20000000298023224,0.20000000298023224,0.15000000596046448,0.15000000596046448,1.0,1.0,1.0,1.0
complex_qaware_v018_r2,closed_loop,complex,full,1,0.18,True,41.582924816,1785050577.5857918,4.393294964909231,0.030204773745044135,-0.02844398894637434,0.0,0.0008223063961903624,5.070972894402588,0.0,0.0,0.0,nan,nan,nan,nan,nan,nan,0.0,0.0,-0.05000000074505806,0.0,0.0,1,ROW_FOLLOW,WAITING_FOR_CENTERLINE,0.0,0.0,0.0,0.0,0.0,0.0,0.0,0.0,0.0,5.0,0.0,0.0,0.0,0.0,0.0,0.0,0.0,0.30000001192092896,0.20000000298023224,0.20000000298023224,0.15000000596046448,0.15000000596046448,1.0,1.0,1.0,1.0
complex_qaware_v018_r2,closed_loop,complex,full,1,0.18,True,41.629521646,1785050577.6323886,4.393294964909231,0.030204773745044135,-0.028456656586244296,0.0,0.0006541462662672349,5.070972894402588,0.0,0.0,0.0,nan,nan,nan,nan,nan,nan,0.0,0.0,-0.05000000074505806,0.0,0.0,1,ROW_FOLLOW,WAITING_FOR_CENTERLINE,0.0,0.0,0.0,0.0,0.0,0.0,0.0,0.0,0.0,5.0,0.0,0.0,0.0,0.0,0.0,0.0,0.0,0.30000001192092896,0.20000000298023224,0.20000000298023224,0.15000000596046448,0.15000000596046448,1.0,1.0,1.0,1.0
complex_qaware_v018_r2,closed_loop,complex,full,1,0.18,True,41.679474233,1785050577.682341,4.393294964909231,0.030204773745044135,-0.028414084985233234,0.0,0.002018182980108232,5.070972894402588,0.0,0.0,0.0,nan,nan,nan,nan,nan,nan,0.0,0.0,-0.05000000074505806,0.0,0.0,0,ROW_FOLLOW,WAITING_FOR_CENTERLINE,0.0,0.0,0.0,0.0,0.0,0.0,0.0,0.0,0.0,0.0,0.0,0.0,0.0,0.0,0.0,0.0,0.0,0.30000001192092896,0.20000000298023224,0.20000000298023224,0.15000000596046448,0.15000000596046448,1.0,1.0,1.0,1.0
complex_qaware_v018_r2,closed_loop,complex,full,1,0.18,True,41.729705578,1785050577.7325723,4.393294964909231,0.030204773745044135,-0.028410586643480954,0.0,0.0011856866757335414,5.070972894402588,0.0,0.0,0.0,nan,nan,nan,nan,nan,nan,0.0,0.0,-0.05000000074505806,0.0,0.0,0,ROW_FOLLOW,WAITING_FOR_CENTERLINE,0.0,0.0,0.0,0.0,0.0,0.0,0.0,0.0,0.0,0.0,0.0,0.0,0.0,0.0,0.0,0.0,0.0,0.30000001192092896,0.20000000298023224,0.20000000298023224,0.15000000596046448,0.15000000596046448,1.0,1.0,1.0,1.0
complex_qaware_v018_r2,closed_loop,complex,full,1,0.18,True,41.779309933,1785050577.7821767,4.393294964909231,0.030204773745044135,-0.028410307933620867,0.0,0.0012226057158410773,5.070972894402588,0.0,0.0,0.0,nan,nan,nan,nan,nan,nan,0.0,0.0,-0.05000000074505806,0.0,0.0,0,ROW_FOLLOW,WAITING_FOR_CENTERLINE,0.0,0.0,0.0,0.0,0.0,0.0,0.0,0.0,0.0,1.0,0.0,0.0,0.0,0.0,0.0,0.0,0.0,0.30000001192092896,0.20000000298023224,0.20000000298023224,0.15000000596046448,0.15000000596046448,1.0,1.0,1.0,1.0
complex_qaware_v018_r2,closed_loop,complex,full,1,0.18,True,41.829388186,1785050577.8322551,4.393294964909231,0.030204773745044135,-0.028408288745602753,0.0,0.0016466565762586955,5.070972894402588,0.0,0.0,0.0,nan,nan,nan,nan,nan,nan,0.0,0.0,-0.05000000074505806,0.0,0.0,0,ROW_FOLLOW,WAITING_FOR_CENTERLINE,0.0,0.0,0.0,0.0,0.0,0.0,0.0,0.0,0.0,1.0,0.0,0.0,0.0,0.0,0.0,0.0,0.0,0.30000001192092896,0.20000000298023224,0.20000000298023224,0.15000000596046448,0.15000000596046448,1.0,1.0,1.0,1.0
complex_qaware_v018_r2,closed_loop,complex,full,1,0.18,True,41.880045653,1785050577.8829124,4.393294964909231,0.030204773745044135,-0.02841295433844949,0.0,0.001207583055205254,5.070972894402588,0.0,0.0,0.0,nan,nan,nan,nan,nan,nan,0.0,0.0,-0.05000000074505806,0.0,0.0,0,ROW_FOLLOW,WAITING_FOR_CENTERLINE,0.0,0.0,0.0,0.0,0.0,0.0,0.0,0.0,0.0,2.0,0.0,0.0,0.0,0.0,0.0,0.0,0.0,0.30000001192092896,0.20000000298023224,0.20000000298023224,0.15000000596046448,0.15000000596046448,1.0,1.0,1.0,1.0
complex_qaware_v018_r2,closed_loop,complex,full,1,0.18,True,41.92950818,1785050577.932375,4.393294964909231,0.030204773745044135,-0.02836698934754711,0.0,0.0016772531887012767,5.070972894402588,0.0,0.0,0.0,nan,nan,nan,nan,nan,nan,0.0,0.0,-0.05000000074505806,0.0,0.0,0,ROW_FOLLOW,WAITING_FOR_CENTERLINE,0.0,0.0,0.0,0.0,0.0,0.0,0.0,0.0,0.0,2.0,0.0,0.0,0.0,0.0,0.0,0.0,0.0,0.30000001192092896,0.20000000298023224,0.20000000298023224,0.15000000596046448,0.15000000596046448,1.0,1.0,1.0,1.0
complex_qaware_v018_r2,closed_loop,complex,full,1,0.18,True,41.979483263,1785050577.9823503,4.393294964909231,0.030204773745044135,-0.02836703791195384,0.0,0.0011965726002512438,5.070972894402588,0.0,0.0,0.0,nan,nan,nan,nan,nan,nan,0.0,0.0,-0.05000000074505806,0.0,0.0,0,ROW_FOLLOW,WAITING_FOR_CENTERLINE,0.0,0.0,0.0,0.0,0.0,0.0,0.0,0.0,0.0,2.0,0.0,0.0,0.0,0.0,0.0,0.0,0.0,0.30000001192092896,0.20000000298023224,0.20000000298023224,0.15000000596046448,0.15000000596046448,1.0,1.0,1.0,1.0
complex_qaware_v018_r2,closed_loop,complex,full,1,0.18,True,42.029381321,1785050578.0322483,4.393294964909231,0.030204773745044135,-0.028385059901233408,0.0,0.0002774172258981529,5.070972894402588,0.0,0.0,0.0,nan,nan,nan,nan,nan,nan,0.0,0.0,-0.05000000074505806,0.0,0.0,0,ROW_FOLLOW,WAITING_FOR_CENTERLINE,0.0,0.0,0.0,0.0,0.0,0.0,0.0,0.0,0.0,3.0,0.0,0.0,0.0,0.0,0.0,0.0,0.0,0.30000001192092896,0.20000000298023224,0.20000000298023224,0.15000000596046448,0.15000000596046448,1.0,1.0,1.0,1.0
complex_qaware_v018_r2,closed_loop,complex,full,1,0.18,True,42.080640499,1785050578.0835075,4.393294964909231,0.030204773745044135,-0.028376468589683235,0.0,0.0012581187368070224,5.070972894402588,0.0,0.0,0.0,nan,nan,nan,nan,nan,nan,0.0,0.0,-0.05000000074505806,0.0,0.0,0,ROW_FOLLOW,WAITING_FOR_CENTERLINE,0.0,0.0,0.0,0.0,0.0,0.0,0.0,0.0,0.0,4.0,0.0,0.0,0.0,0.0,0.0,0.0,0.0,0.30000001192092896,0.20000000298023224,0.20000000298023224,0.15000000596046448,0.15000000596046448,1.0,1.0,1.0,1.0
complex_qaware_v018_r2,closed_loop,complex,full,1,0.18,True,42.129796556,1785050578.1326635,4.393294964909231,0.030204773745044135,-0.028382475046986766,0.0,0.0011231504792568571,5.070972894402588,0.0,0.0,0.0,nan,nan,nan,nan,nan,nan,0.0,0.0,-0.05000000074505806,0.0,0.0,0,ROW_FOLLOW,WAITING_FOR_CENTERLINE,0.0,0.0,0.0,0.0,0.0,0.0,0.0,0.0,0.0,4.0,0.0,0.0,0.0,0.0,0.0,0.0,0.0,0.30000001192092896,0.20000000298023224,0.20000000298023224,0.15000000596046448,0.15000000596046448,1.0,1.0,1.0,1.0
complex_qaware_v018_r2,closed_loop,complex,full,1,0.18,True,42.1799559,1785050578.182823,4.393294964909231,0.030204773745044135,-0.02837023557456719,0.0,0.001163962952711043,5.070972894402588,0.0,0.0,0.0,nan,nan,nan,nan,nan,nan,0.0,0.0,-0.05000000074505806,0.0,0.0,0,ROW_FOLLOW,WAITING_FOR_CENTERLINE,0.0,0.0,0.0,0.0,0.0,0.0,0.0,0.0,0.0,4.0,0.0,0.0,0.0,0.0,0.0,0.0,0.0,0.30000001192092896,0.20000000298023224,0.20000000298023224,0.15000000596046448,0.15000000596046448,1.0,1.0,1.0,1.0
complex_qaware_v018_r2,closed_loop,complex,full,1,0.18,True,42.229444285,1785050578.2323112,4.393294964909231,0.030204773745044135,-0.028349561169685795,0.0,0.0012428425938692995,5.070972894402588,0.0,0.0,0.0,nan,nan,nan,nan,nan,nan,0.0,0.0,-0.05000000074505806,0.0,0.0,1,ROW_FOLLOW,WAITING_FOR_CENTERLINE,0.0,0.0,0.0,0.0,0.0,0.0,0.0,0.0,0.0,5.0,0.0,0.0,0.0,0.0,0.0,0.0,0.0,0.30000001192092896,0.20000000298023224,0.20000000298023224,0.15000000596046448,0.15000000596046448,1.0,1.0,1.0,1.0
complex_qaware_v018_r2,closed_loop,complex,full,1,0.18,True,42.279676207,1785050578.2825432,4.393294964909231,0.030204773745044135,-0.02835434692567819,0.0,0.0013148350344714993,5.070972894402588,0.0,0.0,0.0,nan,nan,nan,nan,nan,nan,0.0,0.0,-0.05000000074505806,0.0,0.0,0,ROW_FOLLOW,WAITING_FOR_CENTERLINE,0.0,0.0,0.0,0.0,0.0,0.0,0.0,0.0,0.0,0.0,0.0,0.0,0.0,0.0,0.0,0.0,0.0,0.30000001192092896,0.20000000298023224,0.20000000298023224,0.15000000596046448,0.15000000596046448,1.0,1.0,1.0,1.0
complex_qaware_v018_r2,closed_loop,complex,full,1,0.18,True,42.32939407,1785050578.332261,4.393294964909231,0.030204773745044135,-0.02834485895778594,0.0,0.001394964854373043,5.070972894402588,0.0,0.0,0.0,nan,nan,nan,nan,nan,nan,0.0,0.0,-0.05000000074505806,0.0,0.0,0,ROW_FOLLOW,WAITING_FOR_CENTERLINE,0.0,0.0,0.0,0.0,0.0,0.0,0.0,0.0,0.0,0.0,0.0,0.0,0.0,0.0,0.0,0.0,0.0,0.30000001192092896,0.20000000298023224,0.20000000298023224,0.15000000596046448,0.15000000596046448,1.0,1.0,1.0,1.0
complex_qaware_v018_r2,closed_loop,complex,full,1,0.18,True,42.379749546,1785050578.3826165,4.393294964909231,0.030204773745044135,-0.028341695693616203,0.0,0.0005761676301148332,5.070972894402588,0.0,0.0,0.0,nan,nan,nan,nan,nan,nan,0.0,0.0,-0.05000000074505806,0.0,0.0,0,ROW_FOLLOW,WAITING_FOR_CENTERLINE,0.0,0.0,0.0,0.0,0.0,0.0,0.0,0.0,0.0,1.0,0.0,0.0,0.0,0.0,0.0,0.0,0.0,0.30000001192092896,0.20000000298023224,0.20000000298023224,0.15000000596046448,0.15000000596046448,1.0,1.0,1.0,1.0
complex_qaware_v018_r2,closed_loop,complex,full,1,0.18,True,42.429493041,1785050578.43236,4.393294964909231,0.030204773745044135,-0.028338202590180824,0.0,0.0011829630539055896,5.070972894402588,0.0,0.0,0.0,nan,nan,nan,nan,nan,nan,0.0,0.0,-0.05000000074505806,0.0,0.0,0,ROW_FOLLOW,WAITING_FOR_CENTERLINE,0.0,0.0,0.0,0.0,0.0,0.0,0.0,0.0,0.0,1.0,0.0,0.0,0.0,0.0,0.0,0.0,0.0,0.30000001192092896,0.20000000298023224,0.20000000298023224,0.15000000596046448,0.15000000596046448,1.0,1.0,1.0,1.0
complex_qaware_v018_r2,closed_loop,complex,full,1,0.18,True,42.481898933,1785050578.484766,4.393294964909231,0.030204773745044135,-0.028324687698506597,0.0,0.0015431108705895359,5.070972894402588,0.0,0.0,0.0,nan,nan,nan,nan,nan,nan,0.0,0.0,-0.05000000074505806,0.0,0.0,0,ROW_FOLLOW,WAITING_FOR_CENTERLINE,0.0,0.0,0.0,0.0,0.0,0.0,0.0,0.0,0.0,2.0,0.0,0.0,0.0,0.0,0.0,0.0,0.0,0.30000001192092896,0.20000000298023224,0.20000000298023224,0.15000000596046448,0.15000000596046448,1.0,1.0,1.0,1.0
complex_qaware_v018_r2,closed_loop,complex,full,1,0.18,True,42.529510283,1785050578.5323772,4.393294964909231,0.030204773745044135,-0.028327185673060033,0.0,0.001183530902623342,5.070972894402588,0.0,0.0,0.0,nan,nan,nan,nan,nan,nan,0.0,0.0,-0.05000000074505806,0.0,0.0,0,ROW_FOLLOW,WAITING_FOR_CENTERLINE,0.0,0.0,0.0,0.0,0.0,0.0,0.0,0.0,0.0,2.0,0.0,0.0,0.0,0.0,0.0,0.0,0.0,0.30000001192092896,0.20000000298023224,0.20000000298023224,0.15000000596046448,0.15000000596046448,1.0,1.0,1.0,1.0
complex_qaware_v018_r2,closed_loop,complex,full,1,0.18,True,42.579517784,1785050578.5823846,4.393294964909231,0.030204773745044135,-0.028329452867233762,0.0,0.0016896562707061852,5.070972894402588,0.0,0.0,0.0,nan,nan,nan,nan,nan,nan,0.0,0.0,-0.05000000074505806,0.0,0.0,0,ROW_FOLLOW,WAITING_FOR_CENTERLINE,0.0,0.0,0.0,0.0,0.0,0.0,0.0,0.0,0.0,3.0,0.0,0.0,0.0,0.0,0.0,0.0,0.0,0.30000001192092896,0.20000000298023224,0.20000000298023224,0.15000000596046448,0.15000000596046448,1.0,1.0,1.0,1.0
complex_qaware_v018_r2,closed_loop,complex,full,1,0.18,True,42.629426147,1785050578.6322932,4.393294964909231,0.030204773745044135,-0.02831563441672769,0.0,0.0012642254688406242,5.070972894402588,0.0,0.0,0.0,nan,nan,nan,nan,nan,nan,0.0,0.0,-0.05000000074505806,0.0,0.0,0,ROW_FOLLOW,WAITING_FOR_CENTERLINE,0.0,0.0,0.0,0.0,0.0,0.0,0.0,0.0,0.0,3.0,0.0,0.0,0.0,0.0,0.0,0.0,0.0,0.30000001192092896,0.20000000298023224,0.20000000298023224,0.15000000596046448,0.15000000596046448,1.0,1.0,1.0,1.0
complex_qaware_v018_r2,closed_loop,complex,full,1,0.18,True,42.680017533,1785050578.6828847,4.393294964909231,0.030204773745044135,-0.028312862480459177,0.0,0.00121052990718683,5.070972894402588,0.0,0.0,0.0,nan,nan,nan,nan,nan,nan,0.0,0.0,-0.05000000074505806,0.0,0.0,0,ROW_FOLLOW,WAITING_FOR_CENTERLINE,0.0,0.0,0.0,0.0,0.0,0.0,0.0,0.0,0.0,4.0,0.0,0.0,0.0,0.0,0.0,0.0,0.0,0.30000001192092896,0.20000000298023224,0.20000000298023224,0.15000000596046448,0.15000000596046448,1.0,1.0,1.0,1.0
complex_qaware_v018_r2,closed_loop,complex,full,1,0.18,True,42.729782788,1785050578.7326498,4.393294964909231,0.030204773745044135,-0.028294148718609254,0.0,0.0009989691848208823,5.070972894402588,0.0,0.0,0.0,nan,nan,nan,nan,nan,nan,0.0,0.0,-0.05000000074505806,0.0,0.0,0,ROW_FOLLOW,WAITING_FOR_CENTERLINE,0.0,0.0,0.0,0.0,0.0,0.0,0.0,0.0,0.0,4.0,0.0,0.0,0.0,0.0,0.0,0.0,0.0,0.30000001192092896,0.20000000298023224,0.20000000298023224,0.15000000596046448,0.15000000596046448,1.0,1.0,1.0,1.0
complex_qaware_v018_r2,closed_loop,complex,full,1,0.18,True,42.782736372,1785050578.7856033,4.393294964909231,0.030204773745044135,-0.028284725344496216,0.0,0.0017255774456355407,5.070972894402588,0.0,0.0,0.0,nan,nan,nan,nan,nan,nan,0.0,0.0,-0.05000000074505806,0.0,0.0,1,ROW_FOLLOW,WAITING_FOR_CENTERLINE,0.0,0.0,0.0,0.0,0.0,0.0,0.0,0.0,0.0,5.0,0.0,0.0,0.0,0.0,0.0,0.0,0.0,0.30000001192092896,0.20000000298023224,0.20000000298023224,0.15000000596046448,0.15000000596046448,1.0,1.0,1.0,1.0
complex_qaware_v018_r2,closed_loop,complex,full,1,0.18,True,42.829386996,1785050578.832254,4.393294964909231,0.030204773745044135,-0.028288433038357926,0.0,0.0007287378154990472,5.070972894402588,0.0,0.0,0.0,nan,nan,nan,nan,nan,nan,0.0,0.0,-0.05000000074505806,0.0,0.0,1,ROW_FOLLOW,WAITING_FOR_CENTERLINE,0.0,0.0,0.0,0.0,0.0,0.0,0.0,0.0,0.0,5.0,0.0,0.0,0.0,0.0,0.0,0.0,0.0,0.30000001192092896,0.20000000298023224,0.20000000298023224,0.15000000596046448,0.15000000596046448,1.0,1.0,1.0,1.0
complex_qaware_v018_r2,closed_loop,complex,full,1,0.18,True,42.880298934,1785050578.8831658,4.393294964909231,0.030204773745044135,-0.028311549256052598,0.0,0.0015040841766307842,5.070972894402588,0.0,0.0,0.0,nan,nan,nan,nan,nan,nan,0.0,0.0,-0.05000000074505806,0.0,0.0,1,ROW_FOLLOW,WAITING_FOR_CENTERLINE,0.0,0.0,0.0,0.0,0.0,0.0,0.0,0.0,0.0,5.0,0.0,0.0,0.0,0.0,0.0,0.0,0.0,0.30000001192092896,0.20000000298023224,0.20000000298023224,0.15000000596046448,0.15000000596046448,1.0,1.0,1.0,1.0
complex_qaware_v018_r2,closed_loop,complex,full,1,0.18,True,42.929466224,1785050578.932333,4.393294964909231,0.030204773745044135,-0.02828909604088325,0.0,0.0013238839326526154,5.070972894402588,0.0,0.0,0.0,nan,nan,nan,nan,nan,nan,0.0,0.0,-0.05000000074505806,0.0,0.0,0,ROW_FOLLOW,WAITING_FOR_CENTERLINE,0.0,0.0,0.0,0.0,0.0,0.0,0.0,0.0,0.0,0.0,0.0,0.0,0.0,0.0,0.0,0.0,0.0,0.30000001192092896,0.20000000298023224,0.20000000298023224,0.15000000596046448,0.15000000596046448,1.0,1.0,1.0,1.0
complex_qaware_v018_r2,closed_loop,complex,full,1,0.18,True,42.979945319,1785050578.9828122,4.393294964909231,0.030204773745044135,-0.02829189480888461,0.0,0.0006035715585317669,5.070972894402588,0.0,0.0,0.0,nan,nan,nan,nan,nan,nan,0.0,0.0,-0.05000000074505806,0.0,0.0,0,ROW_FOLLOW,WAITING_FOR_CENTERLINE,0.0,0.0,0.0,0.0,0.0,0.0,0.0,0.0,0.0,1.0,0.0,0.0,0.0,0.0,0.0,0.0,0.0,0.30000001192092896,0.20000000298023224,0.20000000298023224,0.15000000596046448,0.15000000596046448,1.0,1.0,1.0,1.0
complex_qaware_v018_r2,closed_loop,complex,full,1,0.18,True,43.02947393,1785050579.032341,4.393294964909231,0.030204773745044135,-0.028300229976465203,0.0,0.000839081995219493,5.070972894402588,0.0,0.0,0.0,nan,nan,nan,nan,nan,nan,0.0,0.0,-0.05000000074505806,0.0,0.0,0,ROW_FOLLOW,WAITING_FOR_CENTERLINE,0.0,0.0,0.0,0.0,0.0,0.0,0.0,0.0,0.0,1.0,0.0,0.0,0.0,0.0,0.0,0.0,0.0,0.30000001192092896,0.20000000298023224,0.20000000298023224,0.15000000596046448,0.15000000596046448,1.0,1.0,1.0,1.0
complex_qaware_v018_r2,closed_loop,complex,full,1,0.18,True,43.079694909,1785050579.0825617,4.393294964909231,0.030204773745044135,-0.028322584308102534,0.0,0.00041602903870474313,5.070972894402588,0.0,0.0,0.0,nan,nan,nan,nan,nan,nan,0.0,0.0,-0.05000000074505806,0.0,0.0,0,ROW_FOLLOW,WAITING_FOR_CENTERLINE,0.0,0.0,0.0,0.0,0.0,0.0,0.0,0.0,0.0,1.0,0.0,0.0,0.0,0.0,0.0,0.0,0.0,0.30000001192092896,0.20000000298023224,0.20000000298023224,0.15000000596046448,0.15000000596046448,1.0,1.0,1.0,1.0
complex_qaware_v018_r2,closed_loop,complex,full,1,0.18,True,43.129403716,1785050579.1322706,4.393294964909231,0.030204773745044135,-0.028333645550460595,0.0,0.0008376516804217596,5.070972894402588,0.0,0.0,0.0,nan,nan,nan,nan,nan,nan,0.0,0.0,-0.05000000074505806,0.0,0.0,0,ROW_FOLLOW,WAITING_FOR_CENTERLINE,0.0,0.0,0.0,0.0,0.0,0.0,0.0,0.0,0.0,2.0,0.0,0.0,0.0,0.0,0.0,0.0,0.0,0.30000001192092896,0.20000000298023224,0.20000000298023224,0.15000000596046448,0.15000000596046448,1.0,1.0,1.0,1.0
complex_qaware_v018_r2,closed_loop,complex,full,1,0.18,True,43.17959359,1785050579.1824603,4.393294964909231,0.030204773745044135,-0.02833555334299742,0.0,0.0010356204961559088,5.070972894402588,0.0,0.0,0.0,nan,nan,nan,nan,nan,nan,0.0,0.0,-0.05000000074505806,0.0,0.0,0,ROW_FOLLOW,WAITING_FOR_CENTERLINE,0.0,0.0,0.0,0.0,0.0,0.0,0.0,0.0,0.0,3.0,0.0,0.0,0.0,0.0,0.0,0.0,0.0,0.30000001192092896,0.20000000298023224,0.20000000298023224,0.15000000596046448,0.15000000596046448,1.0,1.0,1.0,1.0
complex_qaware_v018_r2,closed_loop,complex,full,1,0.18,True,43.229454784,1785050579.2323217,4.393294964909231,0.030204773745044135,-0.028342633488047653,0.0,0.001635810055083262,5.070972894402588,0.0,0.0,0.0,nan,nan,nan,nan,nan,nan,0.0,0.0,-0.05000000074505806,0.0,0.0,0,ROW_FOLLOW,WAITING_FOR_CENTERLINE,0.0,0.0,0.0,0.0,0.0,0.0,0.0,0.0,0.0,3.0,0.0,0.0,0.0,0.0,0.0,0.0,0.0,0.30000001192092896,0.20000000298023224,0.20000000298023224,0.15000000596046448,0.15000000596046448,1.0,1.0,1.0,1.0
complex_qaware_v018_r2,closed_loop,complex,full,1,0.18,True,43.280698954,1785050579.2835658,4.393294964909231,0.030204773745044135,-0.028352852924363955,0.0,0.0003846969990150467,5.070972894402588,0.0,0.0,0.0,nan,nan,nan,nan,nan,nan,0.0,0.0,-0.05000000074505806,0.0,0.0,0,ROW_FOLLOW,WAITING_FOR_CENTERLINE,0.0,0.0,0.0,0.0,0.0,0.0,0.0,0.0,0.0,3.0,0.0,0.0,0.0,0.0,0.0,0.0,0.0,0.30000001192092896,0.20000000298023224,0.20000000298023224,0.15000000596046448,0.15000000596046448,1.0,1.0,1.0,1.0
complex_qaware_v018_r2,closed_loop,complex,full,1,0.18,True,43.329331897,1785050579.3321989,4.393294964909231,0.030204773745044135,-0.028349300373387017,0.0,0.0015980241747607508,5.070972894402588,0.0,0.0,0.0,nan,nan,nan,nan,nan,nan,0.0,0.0,-0.05000000074505806,0.0,0.0,0,ROW_FOLLOW,WAITING_FOR_CENTERLINE,0.0,0.0,0.0,0.0,0.0,0.0,0.0,0.0,0.0,4.0,0.0,0.0,0.0,0.0,0.0,0.0,0.0,0.30000001192092896,0.20000000298023224,0.20000000298023224,0.15000000596046448,0.15000000596046448,1.0,1.0,1.0,1.0
complex_qaware_v018_r2,closed_loop,complex,full,1,0.18,True,43.379668846,1785050579.3825357,4.393294964909231,0.030204773745044135,-0.028338379228881827,0.0,0.001324597292287933,5.070972894402588,0.0,0.0,0.0,nan,nan,nan,nan,nan,nan,0.0,0.0,-0.05000000074505806,0.0,0.0,0,ROW_FOLLOW,WAITING_FOR_CENTERLINE,0.0,0.0,0.0,0.0,0.0,0.0,0.0,0.0,0.0,5.0,0.0,0.0,0.0,0.0,0.0,0.0,0.0,0.30000001192092896,0.20000000298023224,0.20000000298023224,0.15000000596046448,0.15000000596046448,1.0,1.0,1.0,1.0
complex_qaware_v018_r2,closed_loop,complex,full,1,0.18,True,43.429475575,1785050579.4323425,4.393294964909231,0.030204773745044135,-0.028326081315828575,0.0,0.0012710674025086107,5.070972894402588,0.0,0.0,0.0,nan,nan,nan,nan,nan,nan,0.0,0.0,-0.05000000074505806,0.0,0.0,1,ROW_FOLLOW,WAITING_FOR_CENTERLINE,0.0,0.0,0.0,0.0,0.0,0.0,0.0,0.0,0.0,5.0,0.0,0.0,0.0,0.0,0.0,0.0,0.0,0.30000001192092896,0.20000000298023224,0.20000000298023224,0.15000000596046448,0.15000000596046448,1.0,1.0,1.0,1.0
complex_qaware_v018_r2,closed_loop,complex,full,1,0.18,True,43.479484645,1785050579.4823515,4.393294964909231,0.030204773745044135,-0.028311930015239906,0.0,0.0006543395287270735,5.070972894402588,0.0,0.0,0.0,nan,nan,nan,nan,nan,nan,0.0,0.0,-0.05000000074505806,0.0,0.0,1,ROW_FOLLOW,WAITING_FOR_CENTERLINE,0.0,0.0,0.0,0.0,0.0,0.0,0.0,0.0,0.0,5.0,0.0,0.0,0.0,0.0,0.0,0.0,0.0,0.30000001192092896,0.20000000298023224,0.20000000298023224,0.15000000596046448,0.15000000596046448,1.0,1.0,1.0,1.0
complex_qaware_v018_r2,closed_loop,complex,full,1,0.18,True,43.529558037,1785050579.532425,4.393294964909231,0.030204773745044135,-0.028309095235071087,0.0,0.0008660139282100082,5.070972894402588,0.0,0.0,0.0,nan,nan,nan,nan,nan,nan,0.0,0.0,-0.05000000074505806,0.0,0.0,0,ROW_FOLLOW,WAITING_FOR_CENTERLINE,0.0,0.0,0.0,0.0,0.0,0.0,0.0,0.0,0.0,0.0,0.0,0.0,0.0,0.0,0.0,0.0,0.0,0.30000001192092896,0.20000000298023224,0.20000000298023224,0.15000000596046448,0.15000000596046448,1.0,1.0,1.0,1.0
complex_qaware_v018_r2,closed_loop,complex,full,1,0.18,True,43.582142237,1785050579.585009,4.393294964909231,0.030204773745044135,-0.028322818143045048,0.0,0.0012080218421560334,5.070972894402588,0.0,0.0,0.0,nan,nan,nan,nan,nan,nan,0.0,0.0,-0.05000000074505806,0.0,0.0,0,ROW_FOLLOW,WAITING_FOR_CENTERLINE,0.0,0.0,0.0,0.0,0.0,0.0,0.0,0.0,0.0,1.0,0.0,0.0,0.0,0.0,0.0,0.0,0.0,0.30000001192092896,0.20000000298023224,0.20000000298023224,0.15000000596046448,0.15000000596046448,1.0,1.0,1.0,1.0
complex_qaware_v018_r2,closed_loop,complex,full,1,0.18,True,43.629429325,1785050579.632296,4.393294964909231,0.030204773745044135,-0.028313054953940327,0.0,0.0008735088623860397,5.070972894402588,0.0,0.0,0.0,nan,nan,nan,nan,nan,nan,0.0,0.0,-0.05000000074505806,0.0,0.0,0,ROW_FOLLOW,WAITING_FOR_CENTERLINE,0.0,0.0,0.0,0.0,0.0,0.0,0.0,0.0,0.0,1.0,0.0,0.0,0.0,0.0,0.0,0.0,0.0,0.30000001192092896,0.20000000298023224,0.20000000298023224,0.15000000596046448,0.15000000596046448,1.0,1.0,1.0,1.0
complex_qaware_v018_r2,closed_loop,complex,full,1,0.18,True,43.686216757,1785050579.6890836,4.393294964909231,0.030204773745044135,-0.028318452948460575,0.0,0.0016002371582092478,5.070972894402588,0.0,0.0,0.0,nan,nan,nan,nan,nan,nan,0.0,0.0,-0.05000000074505806,0.0,0.0,0,ROW_FOLLOW,WAITING_FOR_CENTERLINE,0.0,0.0,0.0,0.0,0.0,0.0,0.0,0.0,0.0,1.0,0.0,0.0,0.0,0.0,0.0,0.0,0.0,0.30000001192092896,0.20000000298023224,0.20000000298023224,0.15000000596046448,0.15000000596046448,1.0,1.0,1.0,1.0
complex_qaware_v018_r2,closed_loop,complex,full,1,0.18,True,43.729452233,1785050579.732319,4.393294964909231,0.030204773745044135,-0.028318327262826674,0.0,0.0014498354742268139,5.070972894402588,0.0,0.0,0.0,nan,nan,nan,nan,nan,nan,0.0,0.0,-0.05000000074505806,0.0,0.0,0,ROW_FOLLOW,WAITING_FOR_CENTERLINE,0.0,0.0,0.0,0.0,0.0,0.0,0.0,0.0,0.0,2.0,0.0,0.0,0.0,0.0,0.0,0.0,0.0,0.30000001192092896,0.20000000298023224,0.20000000298023224,0.15000000596046448,0.15000000596046448,1.0,1.0,1.0,1.0
complex_qaware_v018_r2,closed_loop,complex,full,1,0.18,True,43.779569114,1785050579.7824361,4.393294964909231,0.030204773745044135,-0.028320958206110802,0.0,0.001552247574391659,5.070972894402588,0.0,0.0,0.0,nan,nan,nan,nan,nan,nan,0.0,0.0,-0.05000000074505806,0.0,0.0,0,ROW_FOLLOW,WAITING_FOR_CENTERLINE,0.0,0.0,0.0,0.0,0.0,0.0,0.0,0.0,0.0,2.0,0.0,0.0,0.0,0.0,0.0,0.0,0.0,0.30000001192092896,0.20000000298023224,0.20000000298023224,0.15000000596046448,0.15000000596046448,1.0,1.0,1.0,1.0
complex_qaware_v018_r2,closed_loop,complex,full,1,0.18,True,43.829372451,1785050579.8322394,4.393294964909231,0.030204773745044135,-0.028338626638156665,0.0,0.0008781371163927091,5.070972894402588,0.0,0.0,0.0,nan,nan,nan,nan,nan,nan,0.0,0.0,-0.05000000074505806,0.0,0.0,0,ROW_FOLLOW,WAITING_FOR_CENTERLINE,0.0,0.0,0.0,0.0,0.0,0.0,0.0,0.0,0.0,3.0,0.0,0.0,0.0,0.0,0.0,0.0,0.0,0.30000001192092896,0.20000000298023224,0.20000000298023224,0.15000000596046448,0.15000000596046448,1.0,1.0,1.0,1.0
complex_qaware_v018_r2,closed_loop,complex,full,1,0.18,True,43.882667387,1785050579.8855345,4.393294964909231,0.030204773745044135,-0.028339095079672024,0.0,0.0009444662727204511,5.070972894402588,0.0,0.0,0.0,nan,nan,nan,nan,nan,nan,0.0,0.0,-0.05000000074505806,0.0,0.0,0,ROW_FOLLOW,WAITING_FOR_CENTERLINE,0.0,0.0,0.0,0.0,0.0,0.0,0.0,0.0,0.0,4.0,0.0,0.0,0.0,0.0,0.0,0.0,0.0,0.30000001192092896,0.20000000298023224,0.20000000298023224,0.15000000596046448,0.15000000596046448,1.0,1.0,1.0,1.0
complex_qaware_v018_r2,closed_loop,complex,full,1,0.18,True,43.929547746,1785050579.9324148,4.393294964909231,0.030204773745044135,-0.028328259238195933,0.0,0.0007279353831010257,5.070972894402588,0.0,0.0,0.0,nan,nan,nan,nan,nan,nan,0.0,0.0,-0.05000000074505806,0.0,0.0,0,ROW_FOLLOW,WAITING_FOR_CENTERLINE,0.0,0.0,0.0,0.0,0.0,0.0,0.0,0.0,0.0,4.0,0.0,0.0,0.0,0.0,0.0,0.0,0.0,0.30000001192092896,0.20000000298023224,0.20000000298023224,0.15000000596046448,0.15000000596046448,1.0,1.0,1.0,1.0
complex_qaware_v018_r2,closed_loop,complex,full,1,0.18,True,43.979284394,1785050579.9821515,4.393294964909231,0.030204773745044135,-0.028327424421569443,0.0,0.0014088113584980338,5.070972894402588,0.0,0.0,0.0,nan,nan,nan,nan,nan,nan,0.0,0.0,-0.05000000074505806,0.0,0.0,1,ROW_FOLLOW,WAITING_FOR_CENTERLINE,0.0,0.0,0.0,0.0,0.0,0.0,0.0,0.0,0.0,5.0,0.0,0.0,0.0,0.0,0.0,0.0,0.0,0.30000001192092896,0.20000000298023224,0.20000000298023224,0.15000000596046448,0.15000000596046448,1.0,1.0,1.0,1.0
complex_qaware_v018_r2,closed_loop,complex,full,1,0.18,True,44.029455196,1785050580.032322,4.393294964909231,0.030204773745044135,-0.028339873539779063,0.0,0.0006605527090874594,5.070972894402588,0.0,0.0,0.0,nan,nan,nan,nan,nan,nan,0.0,0.0,-0.05000000074505806,0.0,0.0,1,ROW_FOLLOW,WAITING_FOR_CENTERLINE,0.0,0.0,0.0,0.0,0.0,0.0,0.0,0.0,0.0,5.0,0.0,0.0,0.0,0.0,0.0,0.0,0.0,0.30000001192092896,0.20000000298023224,0.20000000298023224,0.15000000596046448,0.15000000596046448,1.0,1.0,1.0,1.0
complex_qaware_v018_r2,closed_loop,complex,full,1,0.18,True,44.079412138,1785050580.0822792,4.393294964909231,0.030204773745044135,-0.02833461832625517,0.0,0.0007253619819823263,5.070972894402588,0.0,0.0,0.0,nan,nan,nan,nan,nan,nan,0.0,0.0,-0.05000000074505806,0.0,0.0,0,ROW_FOLLOW,WAITING_FOR_CENTERLINE,0.0,0.0,0.0,0.0,0.0,0.0,0.0,0.0,0.0,0.0,0.0,0.0,0.0,0.0,0.0,0.0,0.0,0.30000001192092896,0.20000000298023224,0.20000000298023224,0.15000000596046448,0.15000000596046448,1.0,1.0,1.0,1.0
complex_qaware_v018_r2,closed_loop,complex,full,1,0.18,True,44.129757024,1785050580.132624,4.393294964909231,0.030204773745044135,-0.028337528317424983,0.0,0.0006576546581345227,5.070972894402588,0.0,0.0,0.0,nan,nan,nan,nan,nan,nan,0.0,0.0,-0.05000000074505806,0.0,0.0,0,ROW_FOLLOW,WAITING_FOR_CENTERLINE,0.0,0.0,0.0,0.0,0.0,0.0,0.0,0.0,0.0,0.0,0.0,0.0,0.0,0.0,0.0,0.0,0.0,0.30000001192092896,0.20000000298023224,0.20000000298023224,0.15000000596046448,0.15000000596046448,1.0,1.0,1.0,1.0
complex_qaware_v018_r2,closed_loop,complex,full,1,0.18,True,44.179883346,1785050580.1827502,4.393294964909231,0.030204773745044135,-0.028341092458322066,0.0,0.000991239124545638,5.070972894402588,0.0,0.0,0.0,nan,nan,nan,nan,nan,nan,0.0,0.0,-0.05000000074505806,0.0,0.0,0,ROW_FOLLOW,WAITING_FOR_CENTERLINE,0.0,0.0,0.0,0.0,0.0,0.0,0.0,0.0,0.0,1.0,0.0,0.0,0.0,0.0,0.0,0.0,0.0,0.30000001192092896,0.20000000298023224,0.20000000298023224,0.15000000596046448,0.15000000596046448,1.0,1.0,1.0,1.0
complex_qaware_v018_r2,closed_loop,complex,full,1,0.18,True,44.229511576,1785050580.2323787,4.393294964909231,0.030204773745044135,-0.028328688476981778,0.0,0.0012528484714026656,5.070972894402588,0.0,0.0,0.0,nan,nan,nan,nan,nan,nan,0.0,0.0,-0.05000000074505806,0.0,0.0,0,ROW_FOLLOW,WAITING_FOR_CENTERLINE,0.0,0.0,0.0,0.0,0.0,0.0,0.0,0.0,0.0,1.0,0.0,0.0,0.0,0.0,0.0,0.0,0.0,0.30000001192092896,0.20000000298023224,0.20000000298023224,0.15000000596046448,0.15000000596046448,1.0,1.0,1.0,1.0
complex_qaware_v018_r2,closed_loop,complex,full,1,0.18,True,44.280883526,1785050580.2837503,4.393294964909231,0.030204773745044135,-0.02830954287225707,0.0,0.0009154271032736875,5.070972894402588,0.0,0.0,0.0,nan,nan,nan,nan,nan,nan,0.0,0.0,-0.05000000074505806,0.0,0.0,0,ROW_FOLLOW,WAITING_FOR_CENTERLINE,0.0,0.0,0.0,0.0,0.0,0.0,0.0,0.0,0.0,2.0,0.0,0.0,0.0,0.0,0.0,0.0,0.0,0.30000001192092896,0.20000000298023224,0.20000000298023224,0.15000000596046448,0.15000000596046448,1.0,1.0,1.0,1.0
complex_qaware_v018_r2,closed_loop,complex,full,1,0.18,True,44.329341842,1785050580.3322089,4.393294964909231,0.030204773745044135,-0.028311952502250385,0.0,0.0005889377078148655,5.070972894402588,0.0,0.0,0.0,nan,nan,nan,nan,nan,nan,0.0,0.0,-0.05000000074505806,0.0,0.0,0,ROW_FOLLOW,WAITING_FOR_CENTERLINE,0.0,0.0,0.0,0.0,0.0,0.0,0.0,0.0,0.0,2.0,0.0,0.0,0.0,0.0,0.0,0.0,0.0,0.30000001192092896,0.20000000298023224,0.20000000298023224,0.15000000596046448,0.15000000596046448,1.0,1.0,1.0,1.0
complex_qaware_v018_r2,closed_loop,complex,full,1,0.18,True,44.379202717,1785050580.3820698,4.393294964909231,0.030204773745044135,-0.028316035179965393,0.0,0.0014445883456517322,5.070972894402588,0.0,0.0,0.0,nan,nan,nan,nan,nan,nan,0.0,0.0,-0.05000000074505806,0.0,0.0,0,ROW_FOLLOW,WAITING_FOR_CENTERLINE,0.0,0.0,0.0,0.0,0.0,0.0,0.0,0.0,0.0,2.0,0.0,0.0,0.0,0.0,0.0,0.0,0.0,0.30000001192092896,0.20000000298023224,0.20000000298023224,0.15000000596046448,0.15000000596046448,1.0,1.0,1.0,1.0
complex_qaware_v018_r2,closed_loop,complex,full,1,0.18,True,44.429418481,1785050580.4322855,4.393294964909231,0.030204773745044135,-0.028297559112413065,0.0,0.002102242007827018,5.070972894402588,0.0,0.0,0.0,nan,nan,nan,nan,nan,nan,0.0,0.0,-0.05000000074505806,0.0,0.0,0,ROW_FOLLOW,WAITING_FOR_CENTERLINE,0.0,0.0,0.0,0.0,0.0,0.0,0.0,0.0,0.0,3.0,0.0,0.0,0.0,0.0,0.0,0.0,0.0,0.30000001192092896,0.20000000298023224,0.20000000298023224,0.15000000596046448,0.15000000596046448,1.0,1.0,1.0,1.0
complex_qaware_v018_r2,closed_loop,complex,full,1,0.18,True,44.480508408,1785050580.4833753,4.393294964909231,0.030204773745044135,-0.028271498542528313,0.0,0.0020468081473755543,5.070972894402588,0.0,0.0,0.0,nan,nan,nan,nan,nan,nan,0.0,0.0,-0.05000000074505806,0.0,0.0,0,ROW_FOLLOW,WAITING_FOR_CENTERLINE,0.0,0.0,0.0,0.0,0.0,0.0,0.0,0.0,0.0,3.0,0.0,0.0,0.0,0.0,0.0,0.0,0.0,0.30000001192092896,0.20000000298023224,0.20000000298023224,0.15000000596046448,0.15000000596046448,1.0,1.0,1.0,1.0
complex_qaware_v018_r2,closed_loop,complex,full,1,0.18,True,44.529535569,1785050580.5324025,4.393294964909231,0.030204773745044135,-0.02825790992880695,0.0,0.0009165971649639549,5.070972894402588,0.0,0.0,0.0,nan,nan,nan,nan,nan,nan,0.0,0.0,-0.05000000074505806,0.0,0.0,0,ROW_FOLLOW,WAITING_FOR_CENTERLINE,0.0,0.0,0.0,0.0,0.0,0.0,0.0,0.0,0.0,4.0,0.0,0.0,0.0,0.0,0.0,0.0,0.0,0.30000001192092896,0.20000000298023224,0.20000000298023224,0.15000000596046448,0.15000000596046448,1.0,1.0,1.0,1.0
complex_qaware_v018_r2,closed_loop,complex,full,1,0.18,True,44.579665923,1785050580.582533,4.393294964909231,0.030204773745044135,-0.028255604983021595,0.0,0.0020725630024727992,5.070972894402588,0.0,0.0,0.0,nan,nan,nan,nan,nan,nan,0.0,0.0,-0.05000000074505806,0.0,0.0,0,ROW_FOLLOW,WAITING_FOR_CENTERLINE,0.0,0.0,0.0,0.0,0.0,0.0,0.0,0.0,0.0,4.0,0.0,0.0,0.0,0.0,0.0,0.0,0.0,0.30000001192092896,0.20000000298023224,0.20000000298023224,0.15000000596046448,0.15000000596046448,1.0,1.0,1.0,1.0
complex_qaware_v018_r2,closed_loop,complex,full,1,0.18,True,44.629511214,1785050580.632378,4.393294964909231,0.030204773745044135,-0.028260609956362273,0.0,0.0013219373071814851,5.070972894402588,0.0,0.0,0.0,nan,nan,nan,nan,nan,nan,0.0,0.0,-0.05000000074505806,0.0,0.0,1,ROW_FOLLOW,WAITING_FOR_CENTERLINE,0.0,0.0,0.0,0.0,0.0,0.0,0.0,0.0,0.0,5.0,0.0,0.0,0.0,0.0,0.0,0.0,0.0,0.30000001192092896,0.20000000298023224,0.20000000298023224,0.15000000596046448,0.15000000596046448,1.0,1.0,1.0,1.0
complex_qaware_v018_r2,closed_loop,complex,full,1,0.18,True,44.680368592,1785050580.6832356,4.393294964909231,0.030204773745044135,-0.02825711282868415,0.0,0.001274951115825226,5.070972894402588,0.0,0.0,0.0,nan,nan,nan,nan,nan,nan,0.0,0.0,-0.05000000074505806,0.0,0.0,1,ROW_FOLLOW,WAITING_FOR_CENTERLINE,0.0,0.0,0.0,0.0,0.0,0.0,0.0,0.0,0.0,5.0,0.0,0.0,0.0,0.0,0.0,0.0,0.0,0.30000001192092896,0.20000000298023224,0.20000000298023224,0.15000000596046448,0.15000000596046448,1.0,1.0,1.0,1.0
complex_qaware_v018_r2,closed_loop,complex,full,1,0.18,True,44.72971112,1785050580.732578,4.393294964909231,0.030204773745044135,-0.028231920953991196,0.0,0.0015748446519991187,5.070972894402588,0.0,0.0,0.0,nan,nan,nan,nan,nan,nan,0.0,0.0,-0.05000000074505806,0.0,0.0,0,ROW_FOLLOW,WAITING_FOR_CENTERLINE,0.0,0.0,0.0,0.0,0.0,0.0,0.0,0.0,0.0,0.0,0.0,0.0,0.0,0.0,0.0,0.0,0.0,0.30000001192092896,0.20000000298023224,0.20000000298023224,0.15000000596046448,0.15000000596046448,1.0,1.0,1.0,1.0
complex_qaware_v018_r2,closed_loop,complex,full,1,0.18,True,44.781189824,1785050580.784057,4.393294964909231,0.030204773745044135,-0.02821938256942457,0.0,0.0017490510939822566,5.070972894402588,0.0,0.0,0.0,nan,nan,nan,nan,nan,nan,0.0,0.0,-0.05000000074505806,0.0,0.0,0,ROW_FOLLOW,WAITING_FOR_CENTERLINE,0.0,0.0,0.0,0.0,0.0,0.0,0.0,0.0,0.0,0.0,0.0,0.0,0.0,0.0,0.0,0.0,0.0,0.30000001192092896,0.20000000298023224,0.20000000298023224,0.15000000596046448,0.15000000596046448,1.0,1.0,1.0,1.0
complex_qaware_v018_r2,closed_loop,complex,full,1,0.18,True,44.829337733,1785050580.8322048,4.393294964909231,0.030204773745044135,-0.02822688012335295,0.0,0.001041319229369201,5.070972894402588,0.0,0.0,0.0,nan,nan,nan,nan,nan,nan,0.0,0.0,-0.05000000074505806,0.0,0.0,0,ROW_FOLLOW,WAITING_FOR_CENTERLINE,0.0,0.0,0.0,0.0,0.0,0.0,0.0,0.0,0.0,1.0,0.0,0.0,0.0,0.0,0.0,0.0,0.0,0.30000001192092896,0.20000000298023224,0.20000000298023224,0.15000000596046448,0.15000000596046448,1.0,1.0,1.0,1.0
complex_qaware_v018_r2,closed_loop,complex,full,1,0.18,True,44.882671295,1785050580.8855383,4.393294964909231,0.030204773745044135,-0.028200045941962244,0.0,0.0020416910800073146,5.070972894402588,0.0,0.0,0.0,nan,nan,nan,nan,nan,nan,0.0,0.0,-0.05000000074505806,0.0,0.0,0,ROW_FOLLOW,WAITING_FOR_CENTERLINE,0.0,0.0,0.0,0.0,0.0,0.0,0.0,0.0,0.0,1.0,0.0,0.0,0.0,0.0,0.0,0.0,0.0,0.30000001192092896,0.20000000298023224,0.20000000298023224,0.15000000596046448,0.15000000596046448,1.0,1.0,1.0,1.0
complex_qaware_v018_r2,closed_loop,complex,full,1,0.18,True,44.929439269,1785050580.9323063,4.393294964909231,0.030204773745044135,-0.028192379934642645,0.0,0.001526744812767758,5.070972894402588,0.0,0.0,0.0,nan,nan,nan,nan,nan,nan,0.0,0.0,-0.05000000074505806,0.0,0.0,0,ROW_FOLLOW,WAITING_FOR_CENTERLINE,0.0,0.0,0.0,0.0,0.0,0.0,0.0,0.0,0.0,2.0,0.0,0.0,0.0,0.0,0.0,0.0,0.0,0.30000001192092896,0.20000000298023224,0.20000000298023224,0.15000000596046448,0.15000000596046448,1.0,1.0,1.0,1.0
complex_qaware_v018_r2,closed_loop,complex,full,1,0.18,True,44.979991616,1785050580.9828584,4.393294964909231,0.030204773745044135,-0.028185321235505885,0.0,0.001358202316499794,5.070972894402588,0.0,0.0,0.0,nan,nan,nan,nan,nan,nan,0.0,0.0,-0.05000000074505806,0.0,0.0,0,ROW_FOLLOW,WAITING_FOR_CENTERLINE,0.0,0.0,0.0,0.0,0.0,0.0,0.0,0.0,0.0,3.0,0.0,0.0,0.0,0.0,0.0,0.0,0.0,0.30000001192092896,0.20000000298023224,0.20000000298023224,0.15000000596046448,0.15000000596046448,1.0,1.0,1.0,1.0
complex_qaware_v018_r2,closed_loop,complex,full,1,0.18,True,45.029339712,1785050581.0322065,4.393294964909231,0.030204773745044135,-0.028155833230354407,0.0,0.0011100443569459668,5.070972894402588,0.0,0.0,0.0,nan,nan,nan,nan,nan,nan,0.0,0.0,-0.05000000074505806,0.0,0.0,0,ROW_FOLLOW,WAITING_FOR_CENTERLINE,0.0,0.0,0.0,0.0,0.0,0.0,0.0,0.0,0.0,3.0,0.0,0.0,0.0,0.0,0.0,0.0,0.0,0.30000001192092896,0.20000000298023224,0.20000000298023224,0.15000000596046448,0.15000000596046448,1.0,1.0,1.0,1.0
complex_qaware_v018_r2,closed_loop,complex,full,1,0.18,True,45.079430226,1785050581.082297,4.393294964909231,0.030204773745044135,-0.028153091340413106,0.0,0.001717239432417492,5.070972894402588,0.0,0.0,0.0,nan,nan,nan,nan,nan,nan,0.0,0.0,-0.05000000074505806,0.0,0.0,0,ROW_FOLLOW,WAITING_FOR_CENTERLINE,0.0,0.0,0.0,0.0,0.0,0.0,0.0,0.0,0.0,4.0,0.0,0.0,0.0,0.0,0.0,0.0,0.0,0.30000001192092896,0.20000000298023224,0.20000000298023224,0.15000000596046448,0.15000000596046448,1.0,1.0,1.0,1.0
complex_qaware_v018_r2,closed_loop,complex,full,1,0.18,True,45.129446434,1785050581.1323133,4.393294964909231,0.030204773745044135,-0.028140230577814673,0.0,0.0012886746609323454,5.070972894402588,0.0,0.0,0.0,nan,nan,nan,nan,nan,nan,0.0,0.0,-0.05000000074505806,0.0,0.0,0,ROW_FOLLOW,WAITING_FOR_CENTERLINE,0.0,0.0,0.0,0.0,0.0,0.0,0.0,0.0,0.0,4.0,0.0,0.0,0.0,0.0,0.0,0.0,0.0,0.30000001192092896,0.20000000298023224,0.20000000298023224,0.15000000596046448,0.15000000596046448,1.0,1.0,1.0,1.0
complex_qaware_v018_r2,closed_loop,complex,full,1,0.18,True,45.179324975,1785050581.1821918,4.393294964909231,0.030204773745044135,-0.02811645846602095,0.0,0.0011191808306408963,5.070972894402588,0.0,0.0,0.0,nan,nan,nan,nan,nan,nan,0.0,0.0,-0.05000000074505806,0.0,0.0,1,ROW_FOLLOW,WAITING_FOR_CENTERLINE,0.0,0.0,0.0,0.0,0.0,0.0,0.0,0.0,0.0,5.0,0.0,0.0,0.0,0.0,0.0,0.0,0.0,0.30000001192092896,0.20000000298023224,0.20000000298023224,0.15000000596046448,0.15000000596046448,1.0,1.0,1.0,1.0
complex_qaware_v018_r2,closed_loop,complex,full,1,0.18,True,45.2293824,1785050581.2322493,4.393294964909231,0.030204773745044135,-0.028117287841643364,0.0,0.001498033315807092,5.070972894402588,0.0,0.0,0.0,nan,nan,nan,nan,nan,nan,0.0,0.0,-0.05000000074505806,0.0,0.0,1,ROW_FOLLOW,WAITING_FOR_CENTERLINE,0.0,0.0,0.0,0.0,0.0,0.0,0.0,0.0,0.0,5.0,0.0,0.0,0.0,0.0,0.0,0.0,0.0,0.30000001192092896,0.20000000298023224,0.20000000298023224,0.15000000596046448,0.15000000596046448,1.0,1.0,1.0,1.0
complex_qaware_v018_r2,closed_loop,complex,full,1,0.18,True,45.27964975,1785050581.2825167,4.393294964909231,0.030204773745044135,-0.028098233721118852,0.0,0.0016405983436597784,5.070972894402588,0.0,0.0,0.0,nan,nan,nan,nan,nan,nan,0.0,0.0,-0.05000000074505806,0.0,0.0,0,ROW_FOLLOW,WAITING_FOR_CENTERLINE,0.0,0.0,0.0,0.0,0.0,0.0,0.0,0.0,0.0,0.0,0.0,0.0,0.0,0.0,0.0,0.0,0.0,0.30000001192092896,0.20000000298023224,0.20000000298023224,0.15000000596046448,0.15000000596046448,1.0,1.0,1.0,1.0
complex_qaware_v018_r2,closed_loop,complex,full,1,0.18,True,45.329450657,1785050581.3323176,4.393294964909231,0.030204773745044135,-0.02808641431299241,0.0,0.0011600663825752783,5.070972894402588,0.0,0.0,0.0,nan,nan,nan,nan,nan,nan,0.0,0.0,-0.05000000074505806,0.0,0.0,0,ROW_FOLLOW,WAITING_FOR_CENTERLINE,0.0,0.0,0.0,0.0,0.0,0.0,0.0,0.0,0.0,0.0,0.0,0.0,0.0,0.0,0.0,0.0,0.0,0.30000001192092896,0.20000000298023224,0.20000000298023224,0.15000000596046448,0.15000000596046448,1.0,1.0,1.0,1.0
complex_qaware_v018_r2,closed_loop,complex,full,1,0.18,True,45.37950325,1785050581.3823702,4.393294964909231,0.030204773745044135,-0.02808285916271867,0.0,0.0011206161909063542,5.070972894402588,0.0,0.0,0.0,nan,nan,nan,nan,nan,nan,0.0,0.0,-0.05000000074505806,0.0,0.0,0,ROW_FOLLOW,WAITING_FOR_CENTERLINE,0.0,0.0,0.0,0.0,0.0,0.0,0.0,0.0,0.0,1.0,0.0,0.0,0.0,0.0,0.0,0.0,0.0,0.30000001192092896,0.20000000298023224,0.20000000298023224,0.15000000596046448,0.15000000596046448,1.0,1.0,1.0,1.0
complex_qaware_v018_r2,closed_loop,complex,full,1,0.18,True,45.42943856,1785050581.4323053,4.393294964909231,0.030204773745044135,-0.028077744691434436,0.0,0.0014730053668290074,5.070972894402588,0.0,0.0,0.0,nan,nan,nan,nan,nan,nan,0.0,0.0,-0.05000000074505806,0.0,0.0,0,ROW_FOLLOW,WAITING_FOR_CENTERLINE,0.0,0.0,0.0,0.0,0.0,0.0,0.0,0.0,0.0,1.0,0.0,0.0,0.0,0.0,0.0,0.0,0.0,0.30000001192092896,0.20000000298023224,0.20000000298023224,0.15000000596046448,0.15000000596046448,1.0,1.0,1.0,1.0
complex_qaware_v018_r2,closed_loop,complex,full,1,0.18,True,45.479298861,1785050581.4821658,4.393294964909231,0.030204773745044135,-0.028059878714153715,0.0,0.0010105594607544013,5.070972894402588,0.0,0.0,0.0,nan,nan,nan,nan,nan,nan,0.0,0.0,-0.05000000074505806,0.0,0.0,0,ROW_FOLLOW,WAITING_FOR_CENTERLINE,0.0,0.0,0.0,0.0,0.0,0.0,0.0,0.0,0.0,2.0,0.0,0.0,0.0,0.0,0.0,0.0,0.0,0.30000001192092896,0.20000000298023224,0.20000000298023224,0.15000000596046448,0.15000000596046448,1.0,1.0,1.0,1.0
complex_qaware_v018_r2,closed_loop,complex,full,1,0.18,True,45.529428447,1785050581.5322955,4.393294964909231,0.030204773745044135,-0.02807160172952285,0.0,0.001640590652420941,5.070972894402588,0.0,0.0,0.0,nan,nan,nan,nan,nan,nan,0.0,0.0,-0.05000000074505806,0.0,0.0,0,ROW_FOLLOW,WAITING_FOR_CENTERLINE,0.0,0.0,0.0,0.0,0.0,0.0,0.0,0.0,0.0,2.0,0.0,0.0,0.0,0.0,0.0,0.0,0.0,0.30000001192092896,0.20000000298023224,0.20000000298023224,0.15000000596046448,0.15000000596046448,1.0,1.0,1.0,1.0
complex_qaware_v018_r2,closed_loop,complex,full,1,0.18,True,45.579582451,1785050581.5824494,4.393294964909231,0.030204773745044135,-0.028071257019786973,0.0,0.001145952574117088,5.070972894402588,0.0,0.0,0.0,nan,nan,nan,nan,nan,nan,0.0,0.0,-0.05000000074505806,0.0,0.0,0,ROW_FOLLOW,WAITING_FOR_CENTERLINE,0.0,0.0,0.0,0.0,0.0,0.0,0.0,0.0,0.0,3.0,0.0,0.0,0.0,0.0,0.0,0.0,0.0,0.30000001192092896,0.20000000298023224,0.20000000298023224,0.15000000596046448,0.15000000596046448,1.0,1.0,1.0,1.0
complex_qaware_v018_r2,closed_loop,complex,full,1,0.18,True,45.629422975,1785050581.6322901,4.393294964909231,0.030204773745044135,-0.028027107249798174,0.0,0.0018977646454669112,5.070972894402588,0.0,0.0,0.0,nan,nan,nan,nan,nan,nan,0.0,0.0,-0.05000000074505806,0.0,0.0,0,ROW_FOLLOW,WAITING_FOR_CENTERLINE,0.0,0.0,0.0,0.0,0.0,0.0,0.0,0.0,0.0,3.0,0.0,0.0,0.0,0.0,0.0,0.0,0.0,0.30000001192092896,0.20000000298023224,0.20000000298023224,0.15000000596046448,0.15000000596046448,1.0,1.0,1.0,1.0
complex_qaware_v018_r2,closed_loop,complex,full,1,0.18,True,45.680662091,1785050581.683529,4.393294964909231,0.030204773745044135,-0.02801051331409177,0.0,0.0016435599668825505,5.070972894402588,0.0,0.0,0.0,nan,nan,nan,nan,nan,nan,0.0,0.0,-0.05000000074505806,0.0,0.0,0,ROW_FOLLOW,WAITING_FOR_CENTERLINE,0.0,0.0,0.0,0.0,0.0,0.0,0.0,0.0,0.0,3.0,0.0,0.0,0.0,0.0,0.0,0.0,0.0,0.30000001192092896,0.20000000298023224,0.20000000298023224,0.15000000596046448,0.15000000596046448,1.0,1.0,1.0,1.0
complex_qaware_v018_r2,closed_loop,complex,full,1,0.18,True,45.729530433,1785050581.7323973,4.393294964909231,0.030204773745044135,-0.02800954074294681,0.0,0.0012525329700104912,5.070972894402588,0.0,0.0,0.0,nan,nan,nan,nan,nan,nan,0.0,0.0,-0.05000000074505806,0.0,0.0,0,ROW_FOLLOW,WAITING_FOR_CENTERLINE,0.0,0.0,0.0,0.0,0.0,0.0,0.0,0.0,0.0,4.0,0.0,0.0,0.0,0.0,0.0,0.0,0.0,0.30000001192092896,0.20000000298023224,0.20000000298023224,0.15000000596046448,0.15000000596046448,1.0,1.0,1.0,1.0
complex_qaware_v018_r2,closed_loop,complex,full,1,0.18,True,45.779338028,1785050581.7822049,4.393294964909231,0.030204773745044135,-0.028005864629726325,0.0,0.001848281884039992,5.070972894402588,0.0,0.0,0.0,nan,nan,nan,nan,nan,nan,0.0,0.0,-0.05000000074505806,0.0,0.0,0,ROW_FOLLOW,WAITING_FOR_CENTERLINE,0.0,0.0,0.0,0.0,0.0,0.0,0.0,0.0,0.0,4.0,0.0,0.0,0.0,0.0,0.0,0.0,0.0,0.30000001192092896,0.20000000298023224,0.20000000298023224,0.15000000596046448,0.15000000596046448,1.0,1.0,1.0,1.0
complex_qaware_v018_r2,closed_loop,complex,full,1,0.18,True,45.829465343,1785050581.8323324,4.393294964909231,0.030204773745044135,-0.028001079659925494,0.0,0.0009977515290871051,5.070972894402588,0.0,0.0,0.0,nan,nan,nan,nan,nan,nan,0.0,0.0,-0.05000000074505806,0.0,0.0,1,ROW_FOLLOW,WAITING_FOR_CENTERLINE,0.0,0.0,0.0,0.0,0.0,0.0,0.0,0.0,0.0,5.0,0.0,0.0,0.0,0.0,0.0,0.0,0.0,0.30000001192092896,0.20000000298023224,0.20000000298023224,0.15000000596046448,0.15000000596046448,1.0,1.0,1.0,1.0
complex_qaware_v018_r2,closed_loop,complex,full,1,0.18,True,45.879675155,1785050581.8825421,4.393294964909231,0.030204773745044135,-0.028005612811454732,0.0,0.0009625297045648121,5.070972894402588,0.0,0.0,0.0,nan,nan,nan,nan,nan,nan,0.0,0.0,-0.05000000074505806,0.0,0.0,1,ROW_FOLLOW,WAITING_FOR_CENTERLINE,0.0,0.0,0.0,0.0,0.0,0.0,0.0,0.0,0.0,5.0,0.0,0.0,0.0,0.0,0.0,0.0,0.0,0.30000001192092896,0.20000000298023224,0.20000000298023224,0.15000000596046448,0.15000000596046448,1.0,1.0,1.0,1.0
complex_qaware_v018_r2,closed_loop,complex,full,1,0.18,True,45.929436637,1785050581.9323037,4.393294964909231,0.030204773745044135,-0.02799070860180164,0.0,0.0017732354901323936,5.070972894402588,0.0,0.0,0.0,nan,nan,nan,nan,nan,nan,0.0,0.0,-0.05000000074505806,0.0,0.0,0,ROW_FOLLOW,WAITING_FOR_CENTERLINE,0.0,0.0,0.0,0.0,0.0,0.0,0.0,0.0,0.0,0.0,0.0,0.0,0.0,0.0,0.0,0.0,0.0,0.30000001192092896,0.20000000298023224,0.20000000298023224,0.15000000596046448,0.15000000596046448,1.0,1.0,1.0,1.0
complex_qaware_v018_r2,closed_loop,complex,full,1,0.18,True,45.979285834,1785050581.9821527,4.393294964909231,0.030204773745044135,-0.027981219851987316,0.0,0.0010862430220859843,5.070972894402588,0.0,0.0,0.0,nan,nan,nan,nan,nan,nan,0.0,0.0,-0.05000000074505806,0.0,0.0,0,ROW_FOLLOW,WAITING_FOR_CENTERLINE,0.0,0.0,0.0,0.0,0.0,0.0,0.0,0.0,0.0,1.0,0.0,0.0,0.0,0.0,0.0,0.0,0.0,0.30000001192092896,0.20000000298023224,0.20000000298023224,0.15000000596046448,0.15000000596046448,1.0,1.0,1.0,1.0
complex_qaware_v018_r2,closed_loop,complex,full,1,0.18,True,46.029679139,1785050582.032546,4.393294964909231,0.030204773745044135,-0.02799637472772832,0.0,0.00032395884655352943,5.070972894402588,0.0,0.0,0.0,nan,nan,nan,nan,nan,nan,0.0,0.0,-0.05000000074505806,0.0,0.0,0,ROW_FOLLOW,WAITING_FOR_CENTERLINE,0.0,0.0,0.0,0.0,0.0,0.0,0.0,0.0,0.0,1.0,0.0,0.0,0.0,0.0,0.0,0.0,0.0,0.30000001192092896,0.20000000298023224,0.20000000298023224,0.15000000596046448,0.15000000596046448,1.0,1.0,1.0,1.0
complex_qaware_v018_r2,closed_loop,complex,full,1,0.18,True,46.079379405,1785050582.0822463,4.393294964909231,0.030204773745044135,-0.02799302832605743,0.0,0.0007690812919898695,5.070972894402588,0.0,0.0,0.0,nan,nan,nan,nan,nan,nan,0.0,0.0,-0.05000000074505806,0.0,0.0,0,ROW_FOLLOW,WAITING_FOR_CENTERLINE,0.0,0.0,0.0,0.0,0.0,0.0,0.0,0.0,0.0,2.0,0.0,0.0,0.0,0.0,0.0,0.0,0.0,0.30000001192092896,0.20000000298023224,0.20000000298023224,0.15000000596046448,0.15000000596046448,1.0,1.0,1.0,1.0
complex_qaware_v018_r2,closed_loop,complex,full,1,0.18,True,46.12942067,1785050582.1322877,4.393294964909231,0.030204773745044135,-0.028007507544530078,0.0,0.0011601792301496228,5.070972894402588,0.0,0.0,0.0,nan,nan,nan,nan,nan,nan,0.0,0.0,-0.05000000074505806,0.0,0.0,0,ROW_FOLLOW,WAITING_FOR_CENTERLINE,0.0,0.0,0.0,0.0,0.0,0.0,0.0,0.0,0.0,2.0,0.0,0.0,0.0,0.0,0.0,0.0,0.0,0.30000001192092896,0.20000000298023224,0.20000000298023224,0.15000000596046448,0.15000000596046448,1.0,1.0,1.0,1.0
complex_qaware_v018_r2,closed_loop,complex,full,1,0.18,True,46.179308429,1785050582.1821754,4.393294964909231,0.030204773745044135,-0.028014539557450036,0.0,0.00030333648108897993,5.070972894402588,0.0,0.0,0.0,nan,nan,nan,nan,nan,nan,0.0,0.0,-0.05000000074505806,0.0,0.0,0,ROW_FOLLOW,WAITING_FOR_CENTERLINE,0.0,0.0,0.0,0.0,0.0,0.0,0.0,0.0,0.0,3.0,0.0,0.0,0.0,0.0,0.0,0.0,0.0,0.30000001192092896,0.20000000298023224,0.20000000298023224,0.15000000596046448,0.15000000596046448,1.0,1.0,1.0,1.0
complex_qaware_v018_r2,closed_loop,complex,full,1,0.18,True,46.229401375,1785050582.2322683,4.393294964909231,0.030204773745044135,-0.0280290833644279,0.0,0.0007391678897330978,5.070972894402588,0.0,0.0,0.0,nan,nan,nan,nan,nan,nan,0.0,0.0,-0.05000000074505806,0.0,0.0,0,ROW_FOLLOW,WAITING_FOR_CENTERLINE,0.0,0.0,0.0,0.0,0.0,0.0,0.0,0.0,0.0,3.0,0.0,0.0,0.0,0.0,0.0,0.0,0.0,0.30000001192092896,0.20000000298023224,0.20000000298023224,0.15000000596046448,0.15000000596046448,1.0,1.0,1.0,1.0
complex_qaware_v018_r2,closed_loop,complex,full,1,0.18,True,46.281567329,1785050582.284434,4.393294964909231,0.030204773745044135,-0.028025965636004457,0.0,0.0013180524842442089,5.070972894402588,0.0,0.0,0.0,nan,nan,nan,nan,nan,nan,0.0,0.0,-0.05000000074505806,0.0,0.0,0,ROW_FOLLOW,WAITING_FOR_CENTERLINE,0.0,0.0,0.0,0.0,0.0,0.0,0.0,0.0,0.0,4.0,0.0,0.0,0.0,0.0,0.0,0.0,0.0,0.30000001192092896,0.20000000298023224,0.20000000298023224,0.15000000596046448,0.15000000596046448,1.0,1.0,1.0,1.0
complex_qaware_v018_r2,closed_loop,complex,full,1,0.18,True,46.329305919,1785050582.3321729,4.393294964909231,0.030204773745044135,-0.028013496852512962,0.0,0.0018384973816823681,5.070972894402588,0.0,0.0,0.0,nan,nan,nan,nan,nan,nan,0.0,0.0,-0.05000000074505806,0.0,0.0,0,ROW_FOLLOW,WAITING_FOR_CENTERLINE,0.0,0.0,0.0,0.0,0.0,0.0,0.0,0.0,0.0,4.0,0.0,0.0,0.0,0.0,0.0,0.0,0.0,0.30000001192092896,0.20000000298023224,0.20000000298023224,0.15000000596046448,0.15000000596046448,1.0,1.0,1.0,1.0
complex_qaware_v018_r2,closed_loop,complex,full,1,0.18,True,46.379279599,1785050582.3821466,4.393294964909231,0.030204773745044135,-0.028007048290459313,0.0,0.00125682834491243,5.070972894402588,0.0,0.0,0.0,nan,nan,nan,nan,nan,nan,0.0,0.0,-0.05000000074505806,0.0,0.0,1,ROW_FOLLOW,WAITING_FOR_CENTERLINE,0.0,0.0,0.0,0.0,0.0,0.0,0.0,0.0,0.0,5.0,0.0,0.0,0.0,0.0,0.0,0.0,0.0,0.30000001192092896,0.20000000298023224,0.20000000298023224,0.15000000596046448,0.15000000596046448,1.0,1.0,1.0,1.0
complex_qaware_v018_r2,closed_loop,complex,full,1,0.18,True,46.429469764,1785050582.4323366,4.393294964909231,0.030204773745044135,-0.028001297193789288,0.0,0.001477013199014025,5.070972894402588,0.0,0.0,0.0,nan,nan,nan,nan,nan,nan,0.0,0.0,-0.05000000074505806,0.0,0.0,1,ROW_FOLLOW,WAITING_FOR_CENTERLINE,0.0,0.0,0.0,0.0,0.0,0.0,0.0,0.0,0.0,5.0,0.0,0.0,0.0,0.0,0.0,0.0,0.0,0.30000001192092896,0.20000000298023224,0.20000000298023224,0.15000000596046448,0.15000000596046448,1.0,1.0,1.0,1.0
complex_qaware_v018_r2,closed_loop,complex,full,1,0.18,True,46.479311953,1785050582.482179,4.393294964909231,0.030204773745044135,-0.028001924253053815,0.0,0.0013736596399864815,5.070972894402588,0.0,0.0,0.0,nan,nan,nan,nan,nan,nan,0.0,0.0,-0.05000000074505806,0.0,0.0,0,ROW_FOLLOW,WAITING_FOR_CENTERLINE,0.0,0.0,0.0,0.0,0.0,0.0,0.0,0.0,0.0,0.0,0.0,0.0,0.0,0.0,0.0,0.0,0.0,0.30000001192092896,0.20000000298023224,0.20000000298023224,0.15000000596046448,0.15000000596046448,1.0,1.0,1.0,1.0
complex_qaware_v018_r2,closed_loop,complex,full,1,0.18,True,46.529295457,1785050582.5321622,4.393294964909231,0.030204773745044135,-0.027993833385676854,0.0,0.0005686381012996003,5.070972894402588,0.0,0.0,0.0,nan,nan,nan,nan,nan,nan,0.0,0.0,-0.05000000074505806,0.0,0.0,0,ROW_FOLLOW,WAITING_FOR_CENTERLINE,0.0,0.0,0.0,0.0,0.0,0.0,0.0,0.0,0.0,0.0,0.0,0.0,0.0,0.0,0.0,0.0,0.0,0.30000001192092896,0.20000000298023224,0.20000000298023224,0.15000000596046448,0.15000000596046448,1.0,1.0,1.0,1.0
complex_qaware_v018_r2,closed_loop,complex,full,1,0.18,True,46.579486358,1785050582.5823534,4.393294964909231,0.030204773745044135,-0.028004447517646195,0.0,0.0004819698881030728,5.070972894402588,0.0,0.0,0.0,nan,nan,nan,nan,nan,nan,0.0,0.0,-0.05000000074505806,0.0,0.0,0,ROW_FOLLOW,WAITING_FOR_CENTERLINE,0.0,0.0,0.0,0.0,0.0,0.0,0.0,0.0,0.0,1.0,0.0,0.0,0.0,0.0,0.0,0.0,0.0,0.30000001192092896,0.20000000298023224,0.20000000298023224,0.15000000596046448,0.15000000596046448,1.0,1.0,1.0,1.0
complex_qaware_v018_r2,closed_loop,complex,full,1,0.18,True,46.629454502,1785050582.6323216,4.393294964909231,0.030204773745044135,-0.02802198995504444,0.0,0.000798173079688221,5.070972894402588,0.0,0.0,0.0,nan,nan,nan,nan,nan,nan,0.0,0.0,-0.05000000074505806,0.0,0.0,0,ROW_FOLLOW,WAITING_FOR_CENTERLINE,0.0,0.0,0.0,0.0,0.0,0.0,0.0,0.0,0.0,1.0,0.0,0.0,0.0,0.0,0.0,0.0,0.0,0.30000001192092896,0.20000000298023224,0.20000000298023224,0.15000000596046448,0.15000000596046448,1.0,1.0,1.0,1.0
complex_qaware_v018_r2,closed_loop,complex,full,1,0.18,True,46.67947916,1785050582.6823459,4.393294964909231,0.030204773745044135,-0.028010790055283945,0.0,0.0014308645228132077,5.070972894402588,0.0,0.0,0.0,nan,nan,nan,nan,nan,nan,0.0,0.0,-0.05000000074505806,0.0,0.0,0,ROW_FOLLOW,WAITING_FOR_CENTERLINE,0.0,0.0,0.0,0.0,0.0,0.0,0.0,0.0,0.0,1.0,0.0,0.0,0.0,0.0,0.0,0.0,0.0,0.30000001192092896,0.20000000298023224,0.20000000298023224,0.15000000596046448,0.15000000596046448,1.0,1.0,1.0,1.0
complex_qaware_v018_r2,closed_loop,complex,full,1,0.18,True,46.729485928,1785050582.7323527,4.393294964909231,0.030204773745044135,-0.028004032584190597,0.0,0.0012479963237420498,5.070972894402588,0.0,0.0,0.0,nan,nan,nan,nan,nan,nan,0.0,0.0,-0.05000000074505806,0.0,0.0,0,ROW_FOLLOW,WAITING_FOR_CENTERLINE,0.0,0.0,0.0,0.0,0.0,0.0,0.0,0.0,0.0,2.0,0.0,0.0,0.0,0.0,0.0,0.0,0.0,0.30000001192092896,0.20000000298023224,0.20000000298023224,0.15000000596046448,0.15000000596046448,1.0,1.0,1.0,1.0
complex_qaware_v018_r2,closed_loop,complex,full,1,0.18,True,46.779908771,1785050582.7827759,4.393294964909231,0.030204773745044135,-0.028007136394107235,0.0,0.001206059584388434,5.070972894402588,0.0,0.0,0.0,nan,nan,nan,nan,nan,nan,0.0,0.0,-0.05000000074505806,0.0,0.0,0,ROW_FOLLOW,WAITING_FOR_CENTERLINE,0.0,0.0,0.0,0.0,0.0,0.0,0.0,0.0,0.0,3.0,0.0,0.0,0.0,0.0,0.0,0.0,0.0,0.30000001192092896,0.20000000298023224,0.20000000298023224,0.15000000596046448,0.15000000596046448,1.0,1.0,1.0,1.0
complex_qaware_v018_r2,closed_loop,complex,full,1,0.18,True,46.82933095,1785050582.832198,4.393294964909231,0.030204773745044135,-0.02800488321783545,0.0,0.0011622329885901132,5.070972894402588,0.0,0.0,0.0,nan,nan,nan,nan,nan,nan,0.0,0.0,-0.05000000074505806,0.0,0.0,0,ROW_FOLLOW,WAITING_FOR_CENTERLINE,0.0,0.0,0.0,0.0,0.0,0.0,0.0,0.0,0.0,3.0,0.0,0.0,0.0,0.0,0.0,0.0,0.0,0.30000001192092896,0.20000000298023224,0.20000000298023224,0.15000000596046448,0.15000000596046448,1.0,1.0,1.0,1.0
complex_qaware_v018_r2,closed_loop,complex,full,1,0.18,True,46.88111888,1785050582.883986,4.393294964909231,0.030204773745044135,-0.02803149030506492,0.0,0.0013224824881859411,5.070972894402588,0.0,0.0,0.0,nan,nan,nan,nan,nan,nan,0.0,0.0,-0.05000000074505806,0.0,0.0,0,ROW_FOLLOW,WAITING_FOR_CENTERLINE,0.0,0.0,0.0,0.0,0.0,0.0,0.0,0.0,0.0,4.0,0.0,0.0,0.0,0.0,0.0,0.0,0.0,0.30000001192092896,0.20000000298023224,0.20000000298023224,0.15000000596046448,0.15000000596046448,1.0,1.0,1.0,1.0
complex_qaware_v018_r2,closed_loop,complex,full,1,0.18,True,46.929461995,1785050582.932329,4.393294964909231,0.030204773745044135,-0.02803143064089042,0.0,0.0007639465184539181,5.070972894402588,0.0,0.0,0.0,nan,nan,nan,nan,nan,nan,0.0,0.0,-0.05000000074505806,0.0,0.0,0,ROW_FOLLOW,WAITING_FOR_CENTERLINE,0.0,0.0,0.0,0.0,0.0,0.0,0.0,0.0,0.0,4.0,0.0,0.0,0.0,0.0,0.0,0.0,0.0,0.30000001192092896,0.20000000298023224,0.20000000298023224,0.15000000596046448,0.15000000596046448,1.0,1.0,1.0,1.0
complex_qaware_v018_r2,closed_loop,complex,full,1,0.18,True,46.979840644,1785050582.9827077,4.393294964909231,0.030204773745044135,-0.028039918913087106,0.0,0.0014394594882660564,5.070972894402588,0.0,0.0,0.0,nan,nan,nan,nan,nan,nan,0.0,0.0,-0.05000000074505806,0.0,0.0,1,ROW_FOLLOW,WAITING_FOR_CENTERLINE,0.0,0.0,0.0,0.0,0.0,0.0,0.0,0.0,0.0,5.0,0.0,0.0,0.0,0.0,0.0,0.0,0.0,0.30000001192092896,0.20000000298023224,0.20000000298023224,0.15000000596046448,0.15000000596046448,1.0,1.0,1.0,1.0
complex_qaware_v018_r2,closed_loop,complex,full,1,0.18,True,47.029448268,1785050583.0323153,4.393294964909231,0.030204773745044135,-0.02803971159746066,0.0,0.0018081424825409846,5.070972894402588,0.0,0.0,0.0,nan,nan,nan,nan,nan,nan,0.0,0.0,-0.05000000074505806,0.0,0.0,1,ROW_FOLLOW,WAITING_FOR_CENTERLINE,0.0,0.0,0.0,0.0,0.0,0.0,0.0,0.0,0.0,5.0,0.0,0.0,0.0,0.0,0.0,0.0,0.0,0.30000001192092896,0.20000000298023224,0.20000000298023224,0.15000000596046448,0.15000000596046448,1.0,1.0,1.0,1.0
complex_qaware_v018_r2,closed_loop,complex,full,1,0.18,True,47.07961597,1785050583.082483,4.393294964909231,0.030204773745044135,-0.028034940604433355,0.0,0.0010649918949905204,5.070972894402588,0.0,0.0,0.0,nan,nan,nan,nan,nan,nan,0.0,0.0,-0.05000000074505806,0.0,0.0,0,ROW_FOLLOW,WAITING_FOR_CENTERLINE,0.0,0.0,0.0,0.0,0.0,0.0,0.0,0.0,0.0,0.0,0.0,0.0,0.0,0.0,0.0,0.0,0.0,0.30000001192092896,0.20000000298023224,0.20000000298023224,0.15000000596046448,0.15000000596046448,1.0,1.0,1.0,1.0
complex_qaware_v018_r2,closed_loop,complex,full,1,0.18,True,47.12938491,1785050583.132252,4.393294964909231,0.030204773745044135,-0.028035164789887546,0.0,0.0012406980512530686,5.070972894402588,0.0,0.0,0.0,nan,nan,nan,nan,nan,nan,0.0,0.0,-0.05000000074505806,0.0,0.0,0,ROW_FOLLOW,WAITING_FOR_CENTERLINE,0.0,0.0,0.0,0.0,0.0,0.0,0.0,0.0,0.0,0.0,0.0,0.0,0.0,0.0,0.0,0.0,0.0,0.30000001192092896,0.20000000298023224,0.20000000298023224,0.15000000596046448,0.15000000596046448,1.0,1.0,1.0,1.0
complex_qaware_v018_r2,closed_loop,complex,full,1,0.18,True,47.179590949,1785050583.182458,4.393294964909231,0.030204773745044135,-0.028029529179052666,0.0,0.001291034639590469,5.070972894402588,0.0,0.0,0.0,nan,nan,nan,nan,nan,nan,0.0,0.0,-0.05000000074505806,0.0,0.0,0,ROW_FOLLOW,WAITING_FOR_CENTERLINE,0.0,0.0,0.0,0.0,0.0,0.0,0.0,0.0,0.0,1.0,0.0,0.0,0.0,0.0,0.0,0.0,0.0,0.30000001192092896,0.20000000298023224,0.20000000298023224,0.15000000596046448,0.15000000596046448,1.0,1.0,1.0,1.0
complex_qaware_v018_r2,closed_loop,complex,full,1,0.18,True,47.229432467,1785050583.2322996,4.393294964909231,0.030204773745044135,-0.028068547975462103,0.0,0.0002803547039270254,5.070972894402588,0.0,0.0,0.0,nan,nan,nan,nan,nan,nan,0.0,0.0,-0.05000000074505806,0.0,0.0,0,ROW_FOLLOW,WAITING_FOR_CENTERLINE,0.0,0.0,0.0,0.0,0.0,0.0,0.0,0.0,0.0,1.0,0.0,0.0,0.0,0.0,0.0,0.0,0.0,0.30000001192092896,0.20000000298023224,0.20000000298023224,0.15000000596046448,0.15000000596046448,1.0,1.0,1.0,1.0
complex_qaware_v018_r2,closed_loop,complex,full,1,0.18,True,47.279314562,1785050583.2821817,4.393294964909231,0.030204773745044135,-0.028058731714724075,0.0,0.0012434142849766935,5.070972894402588,0.0,0.0,0.0,nan,nan,nan,nan,nan,nan,0.0,0.0,-0.05000000074505806,0.0,0.0,0,ROW_FOLLOW,WAITING_FOR_CENTERLINE,0.0,0.0,0.0,0.0,0.0,0.0,0.0,0.0,0.0,2.0,0.0,0.0,0.0,0.0,0.0,0.0,0.0,0.30000001192092896,0.20000000298023224,0.20000000298023224,0.15000000596046448,0.15000000596046448,1.0,1.0,1.0,1.0
complex_qaware_v018_r2,closed_loop,complex,full,1,0.18,True,47.329432854,1785050583.3322997,4.393294964909231,0.030204773745044135,-0.028062110339663878,0.0,0.0016456872620949504,5.070972894402588,0.0,0.0,0.0,nan,nan,nan,nan,nan,nan,0.0,0.0,-0.05000000074505806,0.0,0.0,0,ROW_FOLLOW,WAITING_FOR_CENTERLINE,0.0,0.0,0.0,0.0,0.0,0.0,0.0,0.0,0.0,2.0,0.0,0.0,0.0,0.0,0.0,0.0,0.0,0.30000001192092896,0.20000000298023224,0.20000000298023224,0.15000000596046448,0.15000000596046448,1.0,1.0,1.0,1.0
complex_qaware_v018_r2,closed_loop,complex,full,1,0.18,True,47.380531393,1785050583.3833983,4.393294964909231,0.030204773745044135,-0.028013666771025573,0.0,0.0018578464969782969,5.070972894402588,0.0,0.0,0.0,nan,nan,nan,nan,nan,nan,0.0,0.0,-0.05000000074505806,0.0,0.0,0,ROW_FOLLOW,WAITING_FOR_CENTERLINE,0.0,0.0,0.0,0.0,0.0,0.0,0.0,0.0,0.0,3.0,0.0,0.0,0.0,0.0,0.0,0.0,0.0,0.30000001192092896,0.20000000298023224,0.20000000298023224,0.15000000596046448,0.15000000596046448,1.0,1.0,1.0,1.0
complex_qaware_v018_r2,closed_loop,complex,full,1,0.18,True,47.429492507,1785050583.4323595,4.393294964909231,0.030204773745044135,-0.02802322940680568,0.0,0.0012143985744137663,5.070972894402588,0.0,0.0,0.0,nan,nan,nan,nan,nan,nan,0.0,0.0,-0.05000000074505806,0.0,0.0,0,ROW_FOLLOW,WAITING_FOR_CENTERLINE,0.0,0.0,0.0,0.0,0.0,0.0,0.0,0.0,0.0,3.0,0.0,0.0,0.0,0.0,0.0,0.0,0.0,0.30000001192092896,0.20000000298023224,0.20000000298023224,0.15000000596046448,0.15000000596046448,1.0,1.0,1.0,1.0
complex_qaware_v018_r2,closed_loop,complex,full,1,0.18,True,47.479734546,1785050583.4826014,4.393294964909231,0.030204773745044135,-0.02802243474348609,0.0,0.0007379368960786691,5.070972894402588,0.0,0.0,0.0,nan,nan,nan,nan,nan,nan,0.0,0.0,-0.05000000074505806,0.0,0.0,0,ROW_FOLLOW,WAITING_FOR_CENTERLINE,0.0,0.0,0.0,0.0,0.0,0.0,0.0,0.0,0.0,4.0,0.0,0.0,0.0,0.0,0.0,0.0,0.0,0.30000001192092896,0.20000000298023224,0.20000000298023224,0.15000000596046448,0.15000000596046448,1.0,1.0,1.0,1.0
complex_qaware_v018_r2,closed_loop,complex,full,1,0.18,True,47.529438365,1785050583.5323055,4.393294964909231,0.030204773745044135,-0.0280221649557535,0.0,0.0013197774634928,5.070972894402588,0.0,0.0,0.0,nan,nan,nan,nan,nan,nan,0.0,0.0,-0.05000000074505806,0.0,0.0,0,ROW_FOLLOW,WAITING_FOR_CENTERLINE,0.0,0.0,0.0,0.0,0.0,0.0,0.0,0.0,0.0,4.0,0.0,0.0,0.0,0.0,0.0,0.0,0.0,0.30000001192092896,0.20000000298023224,0.20000000298023224,0.15000000596046448,0.15000000596046448,1.0,1.0,1.0,1.0
complex_qaware_v018_r2,closed_loop,complex,full,1,0.18,True,47.579203018,1785050583.58207,4.393294964909231,0.030204773745044135,-0.02804642150568348,0.0,0.001254840855733519,5.070972894402588,0.0,0.0,0.0,nan,nan,nan,nan,nan,nan,0.0,0.0,-0.05000000074505806,0.0,0.0,1,ROW_FOLLOW,WAITING_FOR_CENTERLINE,0.0,0.0,0.0,0.0,0.0,0.0,0.0,0.0,0.0,5.0,0.0,0.0,0.0,0.0,0.0,0.0,0.0,0.30000001192092896,0.20000000298023224,0.20000000298023224,0.15000000596046448,0.15000000596046448,1.0,1.0,1.0,1.0
complex_qaware_v018_r2,closed_loop,complex,full,1,0.18,True,47.629573348,1785050583.6324403,4.393294964909231,0.030204773745044135,-0.028057544228139886,0.0,0.0005208530521792038,5.070972894402588,0.0,0.0,0.0,nan,nan,nan,nan,nan,nan,0.0,0.0,-0.05000000074505806,0.0,0.0,1,ROW_FOLLOW,WAITING_FOR_CENTERLINE,0.0,0.0,0.0,0.0,0.0,0.0,0.0,0.0,0.0,5.0,0.0,0.0,0.0,0.0,0.0,0.0,0.0,0.30000001192092896,0.20000000298023224,0.20000000298023224,0.15000000596046448,0.15000000596046448,1.0,1.0,1.0,1.0
complex_qaware_v018_r2,closed_loop,complex,full,1,0.18,True,47.684384227,1785050583.687251,4.393294964909231,0.030204773745044135,-0.028070587036106886,0.0,0.0011916586480495977,5.070972894402588,0.0,0.0,0.0,nan,nan,nan,nan,nan,nan,0.0,0.0,-0.05000000074505806,0.0,0.0,0,ROW_FOLLOW,WAITING_FOR_CENTERLINE,0.0,0.0,0.0,0.0,0.0,0.0,0.0,0.0,0.0,0.0,0.0,0.0,0.0,0.0,0.0,0.0,0.0,0.30000001192092896,0.20000000298023224,0.20000000298023224,0.15000000596046448,0.15000000596046448,1.0,1.0,1.0,1.0
complex_qaware_v018_r2,closed_loop,complex,full,1,0.18,True,47.730326649,1785050583.7331936,4.393294964909231,0.030204773745044135,-0.028063559986262216,0.0,0.001526769832355228,5.070972894402588,0.0,0.0,0.0,nan,nan,nan,nan,nan,nan,0.0,0.0,-0.05000000074505806,0.0,0.0,0,ROW_FOLLOW,WAITING_FOR_CENTERLINE,0.0,0.0,0.0,0.0,0.0,0.0,0.0,0.0,0.0,0.0,0.0,0.0,0.0,0.0,0.0,0.0,0.0,0.30000001192092896,0.20000000298023224,0.20000000298023224,0.15000000596046448,0.15000000596046448,1.0,1.0,1.0,1.0
complex_qaware_v018_r2,closed_loop,complex,full,1,0.18,True,47.786373268,1785050583.7892404,4.393294964909231,0.030204773745044135,-0.028046655169966083,0.0,0.0008369925310101744,5.070972894402588,0.0,0.0,0.0,nan,nan,nan,nan,nan,nan,0.0,0.0,-0.05000000074505806,0.0,0.0,0,ROW_FOLLOW,WAITING_FOR_CENTERLINE,0.0,0.0,0.0,0.0,0.0,0.0,0.0,0.0,0.0,1.0,0.0,0.0,0.0,0.0,0.0,0.0,0.0,0.30000001192092896,0.20000000298023224,0.20000000298023224,0.15000000596046448,0.15000000596046448,1.0,1.0,1.0,1.0
complex_qaware_v018_r2,closed_loop,complex,full,1,0.18,True,47.831662138,1785050583.834529,4.393294964909231,0.030204773745044135,-0.028042902717253505,0.0,0.0012489274641619681,5.070972894402588,0.0,0.0,0.0,nan,nan,nan,nan,nan,nan,0.0,0.0,-0.05000000074505806,0.0,0.0,0,ROW_FOLLOW,WAITING_FOR_CENTERLINE,0.0,0.0,0.0,0.0,0.0,0.0,0.0,0.0,0.0,1.0,0.0,0.0,0.0,0.0,0.0,0.0,0.0,0.30000001192092896,0.20000000298023224,0.20000000298023224,0.15000000596046448,0.15000000596046448,1.0,1.0,1.0,1.0
complex_qaware_v018_r2,closed_loop,complex,full,1,0.18,True,47.879540732,1785050583.8824077,4.393294964909231,0.030204773745044135,-0.028071880060418504,0.0,0.0011567298325638954,5.070972894402588,0.0,0.0,0.0,nan,nan,nan,nan,nan,nan,0.0,0.0,-0.05000000074505806,0.0,0.0,0,ROW_FOLLOW,WAITING_FOR_CENTERLINE,0.0,0.0,0.0,0.0,0.0,0.0,0.0,0.0,0.0,1.0,0.0,0.0,0.0,0.0,0.0,0.0,0.0,0.30000001192092896,0.20000000298023224,0.20000000298023224,0.15000000596046448,0.15000000596046448,1.0,1.0,1.0,1.0
complex_qaware_v018_r2,closed_loop,complex,full,1,0.18,True,47.935495541,1785050583.9383624,4.393294964909231,0.030204773745044135,-0.0280535260593866,0.0,0.0018855987093964754,5.070972894402588,0.0,0.0,0.0,nan,nan,nan,nan,nan,nan,0.0,0.0,-0.05000000074505806,0.0,0.0,0,ROW_FOLLOW,WAITING_FOR_CENTERLINE,0.0,0.0,0.0,0.0,0.0,0.0,0.0,0.0,0.0,2.0,0.0,0.0,0.0,0.0,0.0,0.0,0.0,0.30000001192092896,0.20000000298023224,0.20000000298023224,0.15000000596046448,0.15000000596046448,1.0,1.0,1.0,1.0
complex_qaware_v018_r2,closed_loop,complex,full,1,0.18,True,47.984018469,1785050583.9868853,4.393294964909231,0.030204773745044135,-0.028051377410030828,0.0,0.0013408899347417244,5.070972894402588,0.0,0.0,0.0,nan,nan,nan,nan,nan,nan,0.0,0.0,-0.05000000074505806,0.0,0.0,0,ROW_FOLLOW,WAITING_FOR_CENTERLINE,0.0,0.0,0.0,0.0,0.0,0.0,0.0,0.0,0.0,3.0,0.0,0.0,0.0,0.0,0.0,0.0,0.0,0.30000001192092896,0.20000000298023224,0.20000000298023224,0.15000000596046448,0.15000000596046448,1.0,1.0,1.0,1.0
complex_qaware_v018_r2,closed_loop,complex,full,1,0.18,True,48.037592937,1785050584.0404599,4.393294964909231,0.030204773745044135,-0.028051519386703038,0.0,0.000160710252641553,5.070972894402588,0.0,0.0,0.0,nan,nan,nan,nan,nan,nan,0.0,0.0,-0.05000000074505806,0.0,0.0,0,ROW_FOLLOW,WAITING_FOR_CENTERLINE,0.0,0.0,0.0,0.0,0.0,0.0,0.0,0.0,0.0,3.0,0.0,0.0,0.0,0.0,0.0,0.0,0.0,0.30000001192092896,0.20000000298023224,0.20000000298023224,0.15000000596046448,0.15000000596046448,1.0,1.0,1.0,1.0
complex_qaware_v018_r2,closed_loop,complex,full,1,0.18,True,48.082990739,1785050584.0858579,4.393294964909231,0.030204773745044135,-0.028080256434571023,0.0,0.0002819527202742486,5.070972894402588,0.0,0.0,0.0,nan,nan,nan,nan,nan,nan,0.0,0.0,-0.05000000074505806,0.0,0.0,0,ROW_FOLLOW,WAITING_FOR_CENTERLINE,0.0,0.0,0.0,0.0,0.0,0.0,0.0,0.0,0.0,3.0,0.0,0.0,0.0,0.0,0.0,0.0,0.0,0.30000001192092896,0.20000000298023224,0.20000000298023224,0.15000000596046448,0.15000000596046448,1.0,1.0,1.0,1.0
complex_qaware_v018_r2,closed_loop,complex,full,1,0.18,True,48.129629209,1785050584.132496,4.393294964909231,0.030204773745044135,-0.028095872063701233,0.0,0.00036290281587989215,5.070972894402588,0.0,0.0,0.0,nan,nan,nan,nan,nan,nan,0.0,0.0,-0.05000000074505806,0.0,0.0,0,ROW_FOLLOW,WAITING_FOR_CENTERLINE,0.0,0.0,0.0,0.0,0.0,0.0,0.0,0.0,0.0,4.0,0.0,0.0,0.0,0.0,0.0,0.0,0.0,0.30000001192092896,0.20000000298023224,0.20000000298023224,0.15000000596046448,0.15000000596046448,1.0,1.0,1.0,1.0
complex_qaware_v018_r2,closed_loop,complex,full,1,0.18,True,48.180183672,1785050584.1830509,4.393294964909231,0.030204773745044135,-0.02811238621614721,0.0,0.0011637867173577032,5.070972894402588,0.0,0.0,0.0,nan,nan,nan,nan,nan,nan,0.0,0.0,-0.05000000074505806,0.0,0.0,0,ROW_FOLLOW,WAITING_FOR_CENTERLINE,0.0,0.0,0.0,0.0,0.0,0.0,0.0,0.0,0.0,4.0,0.0,0.0,0.0,0.0,0.0,0.0,0.0,0.30000001192092896,0.20000000298023224,0.20000000298023224,0.15000000596046448,0.15000000596046448,1.0,1.0,1.0,1.0
complex_qaware_v018_r2,closed_loop,complex,full,1,0.18,True,48.229633119,1785050584.2325,4.393294964909231,0.030204773745044135,-0.028125382120858685,0.0,0.001624650046660068,5.070972894402588,0.0,0.0,0.0,nan,nan,nan,nan,nan,nan,0.0,0.0,-0.05000000074505806,0.0,0.0,1,ROW_FOLLOW,WAITING_FOR_CENTERLINE,0.0,0.0,0.0,0.0,0.0,0.0,0.0,0.0,0.0,5.0,0.0,0.0,0.0,0.0,0.0,0.0,0.0,0.30000001192092896,0.20000000298023224,0.20000000298023224,0.15000000596046448,0.15000000596046448,1.0,1.0,1.0,1.0
complex_qaware_v018_r2,closed_loop,complex,full,1,0.18,True,48.280318945,1785050584.283186,4.393294964909231,0.030204773745044135,-0.028155620914732005,0.0,0.0007342262858808436,5.070972894402588,0.0,0.0,0.0,nan,nan,nan,nan,nan,nan,0.0,0.0,-0.05000000074505806,0.0,0.0,1,ROW_FOLLOW,WAITING_FOR_CENTERLINE,0.0,0.0,0.0,0.0,0.0,0.0,0.0,0.0,0.0,5.0,0.0,0.0,0.0,0.0,0.0,0.0,0.0,0.30000001192092896,0.20000000298023224,0.20000000298023224,0.15000000596046448,0.15000000596046448,1.0,1.0,1.0,1.0
complex_qaware_v018_r2,closed_loop,complex,full,1,0.18,True,48.331193672,1785050584.3340604,4.393294964909231,0.030204773745044135,-0.028153644524338883,0.0,0.0013139011652156004,5.070972894402588,0.0,0.0,0.0,nan,nan,nan,nan,nan,nan,0.0,0.0,-0.05000000074505806,0.0,0.0,0,ROW_FOLLOW,WAITING_FOR_CENTERLINE,0.0,0.0,0.0,0.0,0.0,0.0,0.0,0.0,0.0,0.0,0.0,0.0,0.0,0.0,0.0,0.0,0.0,0.30000001192092896,0.20000000298023224,0.20000000298023224,0.15000000596046448,0.15000000596046448,1.0,1.0,1.0,1.0
complex_qaware_v018_r2,closed_loop,complex,full,1,0.18,True,48.385419002,1785050584.3882859,4.393294964909231,0.030204773745044135,-0.028166181286441987,0.0,0.0009435835768933129,5.070972894402588,0.0,0.0,0.0,nan,nan,nan,nan,nan,nan,0.0,0.0,-0.05000000074505806,0.0,0.0,0,ROW_FOLLOW,WAITING_FOR_CENTERLINE,0.0,0.0,0.0,0.0,0.0,0.0,0.0,0.0,0.0,0.0,0.0,0.0,0.0,0.0,0.0,0.0,0.0,0.30000001192092896,0.20000000298023224,0.20000000298023224,0.15000000596046448,0.15000000596046448,1.0,1.0,1.0,1.0
complex_qaware_v018_r2,closed_loop,complex,full,1,0.18,True,48.429414404,1785050584.4322813,4.393294964909231,0.030204773745044135,-0.02816560505549193,0.0,0.0019815528136999075,5.070972894402588,0.0,0.0,0.0,nan,nan,nan,nan,nan,nan,0.0,0.0,-0.05000000074505806,0.0,0.0,0,ROW_FOLLOW,WAITING_FOR_CENTERLINE,0.0,0.0,0.0,0.0,0.0,0.0,0.0,0.0,0.0,1.0,0.0,0.0,0.0,0.0,0.0,0.0,0.0,0.30000001192092896,0.20000000298023224,0.20000000298023224,0.15000000596046448,0.15000000596046448,1.0,1.0,1.0,1.0
complex_qaware_v018_r2,closed_loop,complex,full,1,0.18,True,48.480226986,1785050584.483094,4.393294964909231,0.030204773745044135,-0.028164599484404196,0.0,0.0006301206218574241,5.070972894402588,0.0,0.0,0.0,nan,nan,nan,nan,nan,nan,0.0,0.0,-0.05000000074505806,0.0,0.0,0,ROW_FOLLOW,WAITING_FOR_CENTERLINE,0.0,0.0,0.0,0.0,0.0,0.0,0.0,0.0,0.0,2.0,0.0,0.0,0.0,0.0,0.0,0.0,0.0,0.30000001192092896,0.20000000298023224,0.20000000298023224,0.15000000596046448,0.15000000596046448,1.0,1.0,1.0,1.0
complex_qaware_v018_r2,closed_loop,complex,full,1,0.18,True,48.529317288,1785050584.5321844,4.393294964909231,0.030204773745044135,-0.028165899003657298,0.0,0.001396555582740662,5.070972894402588,0.0,0.0,0.0,nan,nan,nan,nan,nan,nan,0.0,0.0,-0.05000000074505806,0.0,0.0,0,ROW_FOLLOW,WAITING_FOR_CENTERLINE,0.0,0.0,0.0,0.0,0.0,0.0,0.0,0.0,0.0,2.0,0.0,0.0,0.0,0.0,0.0,0.0,0.0,0.30000001192092896,0.20000000298023224,0.20000000298023224,0.15000000596046448,0.15000000596046448,1.0,1.0,1.0,1.0
complex_qaware_v018_r2,closed_loop,complex,full,1,0.18,True,48.580209999,1785050584.583077,4.393294964909231,0.030204773745044135,-0.02813842339532657,0.0,0.0018934335559973078,5.070972894402588,0.0,0.0,0.0,nan,nan,nan,nan,nan,nan,0.0,0.0,-0.05000000074505806,0.0,0.0,0,ROW_FOLLOW,WAITING_FOR_CENTERLINE,0.0,0.0,0.0,0.0,0.0,0.0,0.0,0.0,0.0,3.0,0.0,0.0,0.0,0.0,0.0,0.0,0.0,0.30000001192092896,0.20000000298023224,0.20000000298023224,0.15000000596046448,0.15000000596046448,1.0,1.0,1.0,1.0
complex_qaware_v018_r2,closed_loop,complex,full,1,0.18,True,48.629417615,1785050584.6322846,4.393294964909231,0.030204773745044135,-0.028114028847070482,0.0,0.0008560661709203176,5.070972894402588,0.0,0.0,0.0,nan,nan,nan,nan,nan,nan,0.0,0.0,-0.05000000074505806,0.0,0.0,0,ROW_FOLLOW,WAITING_FOR_CENTERLINE,0.0,0.0,0.0,0.0,0.0,0.0,0.0,0.0,0.0,3.0,0.0,0.0,0.0,0.0,0.0,0.0,0.0,0.30000001192092896,0.20000000298023224,0.20000000298023224,0.15000000596046448,0.15000000596046448,1.0,1.0,1.0,1.0
complex_qaware_v018_r2,closed_loop,complex,full,1,0.18,True,48.681132201,1785050584.6839993,4.393294964909231,0.030204773745044135,-0.028170922458927272,0.0,0.0008680665978525935,5.070972894402588,0.0,0.0,0.0,nan,nan,nan,nan,nan,nan,0.0,0.0,-0.05000000074505806,0.0,0.0,0,ROW_FOLLOW,WAITING_FOR_CENTERLINE,0.0,0.0,0.0,0.0,0.0,0.0,0.0,0.0,0.0,3.0,0.0,0.0,0.0,0.0,0.0,0.0,0.0,0.30000001192092896,0.20000000298023224,0.20000000298023224,0.15000000596046448,0.15000000596046448,1.0,1.0,1.0,1.0
complex_qaware_v018_r2,closed_loop,complex,full,1,0.18,True,48.729464662,1785050584.7323315,4.393294964909231,0.030204773745044135,-0.028153519560582672,0.0,0.0008288466658305415,5.070972894402588,0.0,0.0,0.0,nan,nan,nan,nan,nan,nan,0.0,0.0,-0.05000000074505806,0.0,0.0,0,ROW_FOLLOW,WAITING_FOR_CENTERLINE,0.0,0.0,0.0,0.0,0.0,0.0,0.0,0.0,0.0,4.0,0.0,0.0,0.0,0.0,0.0,0.0,0.0,0.30000001192092896,0.20000000298023224,0.20000000298023224,0.15000000596046448,0.15000000596046448,1.0,1.0,1.0,1.0
complex_qaware_v018_r2,closed_loop,complex,full,1,0.18,True,48.779509322,1785050584.7823763,4.393294964909231,0.030204773745044135,-0.02815133386816269,0.0,0.0009545888208744432,5.070972894402588,0.0,0.0,0.0,nan,nan,nan,nan,nan,nan,0.0,0.0,-0.05000000074505806,0.0,0.0,1,ROW_FOLLOW,WAITING_FOR_CENTERLINE,0.0,0.0,0.0,0.0,0.0,0.0,0.0,0.0,0.0,5.0,0.0,0.0,0.0,0.0,0.0,0.0,0.0,0.30000001192092896,0.20000000298023224,0.20000000298023224,0.15000000596046448,0.15000000596046448,1.0,1.0,1.0,1.0
complex_qaware_v018_r2,closed_loop,complex,full,1,0.18,True,48.829381849,1785050584.832249,4.393294964909231,0.030204773745044135,-0.028148873034125717,0.0,0.0009412862603162991,5.070972894402588,0.0,0.0,0.0,nan,nan,nan,nan,nan,nan,0.0,0.0,-0.05000000074505806,0.0,0.0,1,ROW_FOLLOW,WAITING_FOR_CENTERLINE,0.0,0.0,0.0,0.0,0.0,0.0,0.0,0.0,0.0,5.0,0.0,0.0,0.0,0.0,0.0,0.0,0.0,0.30000001192092896,0.20000000298023224,0.20000000298023224,0.15000000596046448,0.15000000596046448,1.0,1.0,1.0,1.0
complex_qaware_v018_r2,closed_loop,complex,full,1,0.18,True,48.87970994,1785050584.882577,4.393294964909231,0.030204773745044135,-0.028142569444445275,0.0,0.0015920671167271249,5.070972894402588,0.0,0.0,0.0,nan,nan,nan,nan,nan,nan,0.0,0.0,-0.05000000074505806,0.0,0.0,1,ROW_FOLLOW,WAITING_FOR_CENTERLINE,0.0,0.0,0.0,0.0,0.0,0.0,0.0,0.0,0.0,5.0,0.0,0.0,0.0,0.0,0.0,0.0,0.0,0.30000001192092896,0.20000000298023224,0.20000000298023224,0.15000000596046448,0.15000000596046448,1.0,1.0,1.0,1.0
complex_qaware_v018_r2,closed_loop,complex,full,1,0.18,True,48.929479905,1785050584.9323468,4.393294964909231,0.030204773745044135,-0.02817266988113909,0.0,0.0008596043829020639,5.070972894402588,0.0,0.0,0.0,nan,nan,nan,nan,nan,nan,0.0,0.0,-0.05000000074505806,0.0,0.0,0,ROW_FOLLOW,WAITING_FOR_CENTERLINE,0.0,0.0,0.0,0.0,0.0,0.0,0.0,0.0,0.0,0.0,0.0,0.0,0.0,0.0,0.0,0.0,0.0,0.30000001192092896,0.20000000298023224,0.20000000298023224,0.15000000596046448,0.15000000596046448,1.0,1.0,1.0,1.0
complex_qaware_v018_r2,closed_loop,complex,full,1,0.18,True,48.98125974,1785050584.9841268,4.393294964909231,0.030204773745044135,-0.02817213040276467,0.0,0.0014720059022934292,5.070972894402588,0.0,0.0,0.0,nan,nan,nan,nan,nan,nan,0.0,0.0,-0.05000000074505806,0.0,0.0,0,ROW_FOLLOW,WAITING_FOR_CENTERLINE,0.0,0.0,0.0,0.0,0.0,0.0,0.0,0.0,0.0,1.0,0.0,0.0,0.0,0.0,0.0,0.0,0.0,0.30000001192092896,0.20000000298023224,0.20000000298023224,0.15000000596046448,0.15000000596046448,1.0,1.0,1.0,1.0
complex_qaware_v018_r2,closed_loop,complex,full,1,0.18,True,49.029443686,1785050585.0323105,4.393294964909231,0.030204773745044135,-0.028173124171631862,0.0,0.0005005118292630589,5.070972894402588,0.0,0.0,0.0,nan,nan,nan,nan,nan,nan,0.0,0.0,-0.05000000074505806,0.0,0.0,0,ROW_FOLLOW,WAITING_FOR_CENTERLINE,0.0,0.0,0.0,0.0,0.0,0.0,0.0,0.0,0.0,1.0,0.0,0.0,0.0,0.0,0.0,0.0,0.0,0.30000001192092896,0.20000000298023224,0.20000000298023224,0.15000000596046448,0.15000000596046448,1.0,1.0,1.0,1.0
complex_qaware_v018_r2,closed_loop,complex,full,1,0.18,True,49.081935027,1785050585.0848022,4.393294964909231,0.030204773745044135,-0.028180724381285046,0.0,0.0007533884501220973,5.070972894402588,0.0,0.0,0.0,nan,nan,nan,nan,nan,nan,0.0,0.0,-0.05000000074505806,0.0,0.0,0,ROW_FOLLOW,WAITING_FOR_CENTERLINE,0.0,0.0,0.0,0.0,0.0,0.0,0.0,0.0,0.0,2.0,0.0,0.0,0.0,0.0,0.0,0.0,0.0,0.30000001192092896,0.20000000298023224,0.20000000298023224,0.15000000596046448,0.15000000596046448,1.0,1.0,1.0,1.0
complex_qaware_v018_r2,closed_loop,complex,full,1,0.18,True,49.129456526,1785050585.1323235,4.393294964909231,0.030204773745044135,-0.02818322655503015,0.0,0.0008685620249337221,5.070972894402588,0.0,0.0,0.0,nan,nan,nan,nan,nan,nan,0.0,0.0,-0.05000000074505806,0.0,0.0,0,ROW_FOLLOW,WAITING_FOR_CENTERLINE,0.0,0.0,0.0,0.0,0.0,0.0,0.0,0.0,0.0,2.0,0.0,0.0,0.0,0.0,0.0,0.0,0.0,0.30000001192092896,0.20000000298023224,0.20000000298023224,0.15000000596046448,0.15000000596046448,1.0,1.0,1.0,1.0
complex_qaware_v018_r2,closed_loop,complex,full,1,0.18,True,49.17928179,1785050585.182149,4.393294964909231,0.030204773745044135,-0.02819523273702096,0.0,0.001026181754025056,5.070972894402588,0.0,0.0,0.0,nan,nan,nan,nan,nan,nan,0.0,0.0,-0.05000000074505806,0.0,0.0,0,ROW_FOLLOW,WAITING_FOR_CENTERLINE,0.0,0.0,0.0,0.0,0.0,0.0,0.0,0.0,0.0,2.0,0.0,0.0,0.0,0.0,0.0,0.0,0.0,0.30000001192092896,0.20000000298023224,0.20000000298023224,0.15000000596046448,0.15000000596046448,1.0,1.0,1.0,1.0
complex_qaware_v018_r2,closed_loop,complex,full,1,0.18,True,49.229593433,1785050585.2324603,4.393294964909231,0.030204773745044135,-0.028195634371744653,0.0,0.0007964042478642126,5.070972894402588,0.0,0.0,0.0,nan,nan,nan,nan,nan,nan,0.0,0.0,-0.05000000074505806,0.0,0.0,0,ROW_FOLLOW,WAITING_FOR_CENTERLINE,0.0,0.0,0.0,0.0,0.0,0.0,0.0,0.0,0.0,3.0,0.0,0.0,0.0,0.0,0.0,0.0,0.0,0.30000001192092896,0.20000000298023224,0.20000000298023224,0.15000000596046448,0.15000000596046448,1.0,1.0,1.0,1.0
complex_qaware_v018_r2,closed_loop,complex,full,1,0.18,True,49.280112184,1785050585.282979,4.393294964909231,0.030204773745044135,-0.028173887508022855,0.0,0.0014570298320594913,5.070972894402588,0.0,0.0,0.0,nan,nan,nan,nan,nan,nan,0.0,0.0,-0.05000000074505806,0.0,0.0,0,ROW_FOLLOW,WAITING_FOR_CENTERLINE,0.0,0.0,0.0,0.0,0.0,0.0,0.0,0.0,0.0,4.0,0.0,0.0,0.0,0.0,0.0,0.0,0.0,0.30000001192092896,0.20000000298023224,0.20000000298023224,0.15000000596046448,0.15000000596046448,1.0,1.0,1.0,1.0
complex_qaware_v018_r2,closed_loop,complex,full,1,0.18,True,49.334302667,1785050585.3371696,4.393294964909231,0.030204773745044135,-0.028172961534398862,0.0,0.0012918565140184212,5.070972894402588,0.0,0.0,0.0,nan,nan,nan,nan,nan,nan,0.0,0.0,-0.05000000074505806,0.0,0.0,0,ROW_FOLLOW,WAITING_FOR_CENTERLINE,0.0,0.0,0.0,0.0,0.0,0.0,0.0,0.0,0.0,4.0,0.0,0.0,0.0,0.0,0.0,0.0,0.0,0.30000001192092896,0.20000000298023224,0.20000000298023224,0.15000000596046448,0.15000000596046448,1.0,1.0,1.0,1.0
complex_qaware_v018_r2,closed_loop,complex,full,1,0.18,True,49.379473969,1785050585.382341,4.393294964909231,0.030204773745044135,-0.028203965801848266,0.0,0.0007117030035459983,5.070972894402588,0.0,0.0,0.0,nan,nan,nan,nan,nan,nan,0.0,0.0,-0.05000000074505806,0.0,0.0,0,ROW_FOLLOW,WAITING_FOR_CENTERLINE,0.0,0.0,0.0,0.0,0.0,0.0,0.0,0.0,0.0,4.0,0.0,0.0,0.0,0.0,0.0,0.0,0.0,0.30000001192092896,0.20000000298023224,0.20000000298023224,0.15000000596046448,0.15000000596046448,1.0,1.0,1.0,1.0
complex_qaware_v018_r2,closed_loop,complex,full,1,0.18,True,49.429463973,1785050585.432331,4.393294964909231,0.030204773745044135,-0.02819304732710879,0.0,0.0016817834690818986,5.070972894402588,0.0,0.0,0.0,nan,nan,nan,nan,nan,nan,0.0,0.0,-0.05000000074505806,0.0,0.0,1,ROW_FOLLOW,WAITING_FOR_CENTERLINE,0.0,0.0,0.0,0.0,0.0,0.0,0.0,0.0,0.0,5.0,0.0,0.0,0.0,0.0,0.0,0.0,0.0,0.30000001192092896,0.20000000298023224,0.20000000298023224,0.15000000596046448,0.15000000596046448,1.0,1.0,1.0,1.0
complex_qaware_v018_r2,closed_loop,complex,full,1,0.18,True,49.480611186,1785050585.483478,4.393294964909231,0.030204773745044135,-0.02816199515733597,0.0,0.0013830099459190331,5.070972894402588,0.0,0.0,0.0,nan,nan,nan,nan,nan,nan,0.0,0.0,-0.05000000074505806,0.0,0.0,1,ROW_FOLLOW,WAITING_FOR_CENTERLINE,0.0,0.0,0.0,0.0,0.0,0.0,0.0,0.0,0.0,5.0,0.0,0.0,0.0,0.0,0.0,0.0,0.0,0.30000001192092896,0.20000000298023224,0.20000000298023224,0.15000000596046448,0.15000000596046448,1.0,1.0,1.0,1.0
complex_qaware_v018_r2,closed_loop,complex,full,1,0.18,True,49.529407051,1785050585.532274,4.393294964909231,0.030204773745044135,-0.028136049517209383,0.0,0.001388984540420752,5.070972894402588,0.0,0.0,0.0,nan,nan,nan,nan,nan,nan,0.0,0.0,-0.05000000074505806,0.0,0.0,0,ROW_FOLLOW,WAITING_FOR_CENTERLINE,0.0,0.0,0.0,0.0,0.0,0.0,0.0,0.0,0.0,0.0,0.0,0.0,0.0,0.0,0.0,0.0,0.0,0.30000001192092896,0.20000000298023224,0.20000000298023224,0.15000000596046448,0.15000000596046448,1.0,1.0,1.0,1.0
complex_qaware_v018_r2,closed_loop,complex,full,1,0.18,True,49.579714853,1785050585.5825818,4.393294964909231,0.030204773745044135,-0.028138203086600203,0.0,0.001070537192361164,5.070972894402588,0.0,0.0,0.0,nan,nan,nan,nan,nan,nan,0.0,0.0,-0.05000000074505806,0.0,0.0,0,ROW_FOLLOW,WAITING_FOR_CENTERLINE,0.0,0.0,0.0,0.0,0.0,0.0,0.0,0.0,0.0,0.0,0.0,0.0,0.0,0.0,0.0,0.0,0.0,0.30000001192092896,0.20000000298023224,0.20000000298023224,0.15000000596046448,0.15000000596046448,1.0,1.0,1.0,1.0
complex_qaware_v018_r2,closed_loop,complex,full,1,0.18,True,49.629453299,1785050585.6323202,4.393294964909231,0.030204773745044135,-0.028131652432048532,0.0,0.0020808449128482736,5.070972894402588,0.0,0.0,0.0,nan,nan,nan,nan,nan,nan,0.0,0.0,-0.05000000074505806,0.0,0.0,0,ROW_FOLLOW,WAITING_FOR_CENTERLINE,0.0,0.0,0.0,0.0,0.0,0.0,0.0,0.0,0.0,1.0,0.0,0.0,0.0,0.0,0.0,0.0,0.0,0.30000001192092896,0.20000000298023224,0.20000000298023224,0.15000000596046448,0.15000000596046448,1.0,1.0,1.0,1.0
complex_qaware_v018_r2,closed_loop,complex,full,1,0.18,True,49.68098161,1785050585.6838484,4.393294964909231,0.030204773745044135,-0.028104506892976833,0.0,0.0015606720371788916,5.070972894402588,0.0,0.0,0.0,nan,nan,nan,nan,nan,nan,0.0,0.0,-0.05000000074505806,0.0,0.0,0,ROW_FOLLOW,WAITING_FOR_CENTERLINE,0.0,0.0,0.0,0.0,0.0,0.0,0.0,0.0,0.0,1.0,0.0,0.0,0.0,0.0,0.0,0.0,0.0,0.30000001192092896,0.20000000298023224,0.20000000298023224,0.15000000596046448,0.15000000596046448,1.0,1.0,1.0,1.0
complex_qaware_v018_r2,closed_loop,complex,full,1,0.18,True,49.729440442,1785050585.7323074,4.393294964909231,0.030204773745044135,-0.028109972142590593,0.0,0.0013134475310321516,5.070972894402588,0.0,0.0,0.0,nan,nan,nan,nan,nan,nan,0.0,0.0,-0.05000000074505806,0.0,0.0,0,ROW_FOLLOW,WAITING_FOR_CENTERLINE,0.0,0.0,0.0,0.0,0.0,0.0,0.0,0.0,0.0,2.0,0.0,0.0,0.0,0.0,0.0,0.0,0.0,0.30000001192092896,0.20000000298023224,0.20000000298023224,0.15000000596046448,0.15000000596046448,1.0,1.0,1.0,1.0
complex_qaware_v018_r2,closed_loop,complex,full,1,0.18,True,49.781123092,1785050585.78399,4.393294964909231,0.030204773745044135,-0.028130019510555382,0.0,0.0006958074749104906,5.070972894402588,0.0,0.0,0.0,nan,nan,nan,nan,nan,nan,0.0,0.0,-0.05000000074505806,0.0,0.0,0,ROW_FOLLOW,WAITING_FOR_CENTERLINE,0.0,0.0,0.0,0.0,0.0,0.0,0.0,0.0,0.0,3.0,0.0,0.0,0.0,0.0,0.0,0.0,0.0,0.30000001192092896,0.20000000298023224,0.20000000298023224,0.15000000596046448,0.15000000596046448,1.0,1.0,1.0,1.0
complex_qaware_v018_r2,closed_loop,complex,full,1,0.18,True,49.829729352,1785050585.8325963,4.393294964909231,0.030204773745044135,-0.02811419936148686,0.0,0.001653060938052747,5.070972894402588,0.0,0.0,0.0,nan,nan,nan,nan,nan,nan,0.0,0.0,-0.05000000074505806,0.0,0.0,0,ROW_FOLLOW,WAITING_FOR_CENTERLINE,0.0,0.0,0.0,0.0,0.0,0.0,0.0,0.0,0.0,3.0,0.0,0.0,0.0,0.0,0.0,0.0,0.0,0.30000001192092896,0.20000000298023224,0.20000000298023224,0.15000000596046448,0.15000000596046448,1.0,1.0,1.0,1.0
complex_qaware_v018_r2,closed_loop,complex,full,1,0.18,True,49.879412309,1785050585.8822792,4.393294964909231,0.030204773745044135,-0.028103413307833957,0.0,0.0009150971915104595,5.070972894402588,0.0,0.0,0.0,nan,nan,nan,nan,nan,nan,0.0,0.0,-0.05000000074505806,0.0,0.0,0,ROW_FOLLOW,WAITING_FOR_CENTERLINE,0.0,0.0,0.0,0.0,0.0,0.0,0.0,0.0,0.0,3.0,0.0,0.0,0.0,0.0,0.0,0.0,0.0,0.30000001192092896,0.20000000298023224,0.20000000298023224,0.15000000596046448,0.15000000596046448,1.0,1.0,1.0,1.0
complex_qaware_v018_r2,closed_loop,complex,full,1,0.18,True,49.929280582,1785050585.9321475,4.393294964909231,0.030204773745044135,-0.0281095955169599,0.0,0.0008481183045162875,5.070972894402588,0.0,0.0,0.0,nan,nan,nan,nan,nan,nan,0.0,0.0,-0.05000000074505806,0.0,0.0,0,ROW_FOLLOW,WAITING_FOR_CENTERLINE,0.0,0.0,0.0,0.0,0.0,0.0,0.0,0.0,0.0,4.0,0.0,0.0,0.0,0.0,0.0,0.0,0.0,0.30000001192092896,0.20000000298023224,0.20000000298023224,0.15000000596046448,0.15000000596046448,1.0,1.0,1.0,1.0
complex_qaware_v018_r2,closed_loop,complex,full,1,0.18,True,49.979533599,1785050585.9824004,4.393294964909231,0.030204773745044135,-0.02811130934337714,0.0,0.001884896734414544,5.070972894402588,0.0,0.0,0.0,nan,nan,nan,nan,nan,nan,0.0,0.0,-0.05000000074505806,0.0,0.0,1,ROW_FOLLOW,WAITING_FOR_CENTERLINE,0.0,0.0,0.0,0.0,0.0,0.0,0.0,0.0,0.0,5.0,0.0,0.0,0.0,0.0,0.0,0.0,0.0,0.30000001192092896,0.20000000298023224,0.20000000298023224,0.15000000596046448,0.15000000596046448,1.0,1.0,1.0,1.0
complex_qaware_v018_r2,closed_loop,complex,full,1,0.18,True,50.029436145,1785050586.032303,4.393294964909231,0.030204773745044135,-0.02810187465761338,0.0,0.0015085594210264824,5.070972894402588,0.0,0.0,0.0,nan,nan,nan,nan,nan,nan,0.0,0.0,-0.05000000074505806,0.0,0.0,1,ROW_FOLLOW,WAITING_FOR_CENTERLINE,0.0,0.0,0.0,0.0,0.0,0.0,0.0,0.0,0.0,5.0,0.0,0.0,0.0,0.0,0.0,0.0,0.0,0.30000001192092896,0.20000000298023224,0.20000000298023224,0.15000000596046448,0.15000000596046448,1.0,1.0,1.0,1.0
complex_qaware_v018_r2,closed_loop,complex,full,1,0.18,True,50.079528296,1785050586.082395,4.393294964909231,0.030204773745044135,-0.02812045554024812,0.0,0.0011212925468003896,5.070972894402588,0.0,0.0,0.0,nan,nan,nan,nan,nan,nan,0.0,0.0,-0.05000000074505806,0.0,0.0,1,ROW_FOLLOW,WAITING_FOR_CENTERLINE,0.0,0.0,0.0,0.0,0.0,0.0,0.0,0.0,0.0,5.0,0.0,0.0,0.0,0.0,0.0,0.0,0.0,0.30000001192092896,0.20000000298023224,0.20000000298023224,0.15000000596046448,0.15000000596046448,1.0,1.0,1.0,1.0
complex_qaware_v018_r2,closed_loop,complex,full,1,0.18,True,50.129512604,1785050586.1323795,4.393294964909231,0.030204773745044135,-0.028140168264190638,0.0,0.0006950175651378571,5.070972894402588,0.0,0.0,0.0,nan,nan,nan,nan,nan,nan,0.0,0.0,-0.05000000074505806,0.0,0.0,0,ROW_FOLLOW,WAITING_FOR_CENTERLINE,0.0,0.0,0.0,0.0,0.0,0.0,0.0,0.0,0.0,0.0,0.0,0.0,0.0,0.0,0.0,0.0,0.0,0.30000001192092896,0.20000000298023224,0.20000000298023224,0.15000000596046448,0.15000000596046448,1.0,1.0,1.0,1.0
complex_qaware_v018_r2,closed_loop,complex,full,1,0.18,True,50.180252066,1785050586.183119,4.393294964909231,0.030204773745044135,-0.028142027663936354,0.0,0.001451833128715598,5.070972894402588,0.0,0.0,0.0,nan,nan,nan,nan,nan,nan,0.0,0.0,-0.05000000074505806,0.0,0.0,0,ROW_FOLLOW,WAITING_FOR_CENTERLINE,0.0,0.0,0.0,0.0,0.0,0.0,0.0,0.0,0.0,1.0,0.0,0.0,0.0,0.0,0.0,0.0,0.0,0.30000001192092896,0.20000000298023224,0.20000000298023224,0.15000000596046448,0.15000000596046448,1.0,1.0,1.0,1.0
complex_qaware_v018_r2,closed_loop,complex,full,1,0.18,True,50.229405347,1785050586.2322724,4.393294964909231,0.030204773745044135,-0.028153564699889614,0.0,0.0007640745797462174,5.070972894402588,0.0,0.0,0.0,nan,nan,nan,nan,nan,nan,0.0,0.0,-0.05000000074505806,0.0,0.0,0,ROW_FOLLOW,WAITING_FOR_CENTERLINE,0.0,0.0,0.0,0.0,0.0,0.0,0.0,0.0,0.0,1.0,0.0,0.0,0.0,0.0,0.0,0.0,0.0,0.30000001192092896,0.20000000298023224,0.20000000298023224,0.15000000596046448,0.15000000596046448,1.0,1.0,1.0,1.0
complex_qaware_v018_r2,closed_loop,complex,full,1,0.18,True,50.27951225,1785050586.2823792,4.393294964909231,0.030204773745044135,-0.02817166927453307,0.0,0.0005669850136078422,5.070972894402588,0.0,0.0,0.0,nan,nan,nan,nan,nan,nan,0.0,0.0,-0.05000000074505806,0.0,0.0,0,ROW_FOLLOW,WAITING_FOR_CENTERLINE,0.0,0.0,0.0,0.0,0.0,0.0,0.0,0.0,0.0,2.0,0.0,0.0,0.0,0.0,0.0,0.0,0.0,0.30000001192092896,0.20000000298023224,0.20000000298023224,0.15000000596046448,0.15000000596046448,1.0,1.0,1.0,1.0
complex_qaware_v018_r2,closed_loop,complex,full,1,0.18,True,50.329484526,1785050586.3323514,4.393294964909231,0.030204773745044135,-0.028168023747863206,0.0,0.0018910400882144048,5.070972894402588,0.0,0.0,0.0,nan,nan,nan,nan,nan,nan,0.0,0.0,-0.05000000074505806,0.0,0.0,0,ROW_FOLLOW,WAITING_FOR_CENTERLINE,0.0,0.0,0.0,0.0,0.0,0.0,0.0,0.0,0.0,2.0,0.0,0.0,0.0,0.0,0.0,0.0,0.0,0.30000001192092896,0.20000000298023224,0.20000000298023224,0.15000000596046448,0.15000000596046448,1.0,1.0,1.0,1.0
complex_qaware_v018_r2,closed_loop,complex,full,1,0.18,True,50.38005224,1785050586.382919,4.393294964909231,0.030204773745044135,-0.028149298589718704,0.0,0.0013014739813057036,5.070972894402588,0.0,0.0,0.0,nan,nan,nan,nan,nan,nan,0.0,0.0,-0.05000000074505806,0.0,0.0,0,ROW_FOLLOW,WAITING_FOR_CENTERLINE,0.0,0.0,0.0,0.0,0.0,0.0,0.0,0.0,0.0,3.0,0.0,0.0,0.0,0.0,0.0,0.0,0.0,0.30000001192092896,0.20000000298023224,0.20000000298023224,0.15000000596046448,0.15000000596046448,1.0,1.0,1.0,1.0
complex_qaware_v018_r2,closed_loop,complex,full,1,0.18,True,50.429499288,1785050586.4323664,4.393294964909231,0.030204773745044135,-0.028169262962929764,0.0,0.0005235153187275722,5.070972894402588,0.0,0.0,0.0,nan,nan,nan,nan,nan,nan,0.0,0.0,-0.05000000074505806,0.0,0.0,0,ROW_FOLLOW,WAITING_FOR_CENTERLINE,0.0,0.0,0.0,0.0,0.0,0.0,0.0,0.0,0.0,3.0,0.0,0.0,0.0,0.0,0.0,0.0,0.0,0.30000001192092896,0.20000000298023224,0.20000000298023224,0.15000000596046448,0.15000000596046448,1.0,1.0,1.0,1.0
complex_qaware_v018_r2,closed_loop,complex,full,1,0.18,True,50.479375178,1785050586.482242,4.393294964909231,0.030204773745044135,-0.028184751935447654,0.0,0.0011979308298688566,5.070972894402588,0.0,0.0,0.0,nan,nan,nan,nan,nan,nan,0.0,0.0,-0.05000000074505806,0.0,0.0,0,ROW_FOLLOW,WAITING_FOR_CENTERLINE,0.0,0.0,0.0,0.0,0.0,0.0,0.0,0.0,0.0,3.0,0.0,0.0,0.0,0.0,0.0,0.0,0.0,0.30000001192092896,0.20000000298023224,0.20000000298023224,0.15000000596046448,0.15000000596046448,1.0,1.0,1.0,1.0
complex_qaware_v018_r2,closed_loop,complex,full,1,0.18,True,50.529472513,1785050586.5323396,4.393294964909231,0.030204773745044135,-0.028194516234405064,0.0,0.0003416300029601055,5.070972894402588,0.0,0.0,0.0,nan,nan,nan,nan,nan,nan,0.0,0.0,-0.05000000074505806,0.0,0.0,0,ROW_FOLLOW,WAITING_FOR_CENTERLINE,0.0,0.0,0.0,0.0,0.0,0.0,0.0,0.0,0.0,4.0,0.0,0.0,0.0,0.0,0.0,0.0,0.0,0.30000001192092896,0.20000000298023224,0.20000000298023224,0.15000000596046448,0.15000000596046448,1.0,1.0,1.0,1.0
complex_qaware_v018_r2,closed_loop,complex,full,1,0.18,True,50.579908896,1785050586.5827758,4.393294964909231,0.030204773745044135,-0.028208289481957756,0.0,0.0014551523559402516,5.070972894402588,0.0,0.0,0.0,nan,nan,nan,nan,nan,nan,0.0,0.0,-0.05000000074505806,0.0,0.0,0,ROW_FOLLOW,WAITING_FOR_CENTERLINE,0.0,0.0,0.0,0.0,0.0,0.0,0.0,0.0,0.0,4.0,0.0,0.0,0.0,0.0,0.0,0.0,0.0,0.30000001192092896,0.20000000298023224,0.20000000298023224,0.15000000596046448,0.15000000596046448,1.0,1.0,1.0,1.0
complex_qaware_v018_r2,closed_loop,complex,full,1,0.18,True,50.629438666,1785050586.6323056,4.393294964909231,0.030204773745044135,-0.028211320495999274,0.0,0.0014778571194183812,5.070972894402588,0.0,0.0,0.0,nan,nan,nan,nan,nan,nan,0.0,0.0,-0.05000000074505806,0.0,0.0,1,ROW_FOLLOW,WAITING_FOR_CENTERLINE,0.0,0.0,0.0,0.0,0.0,0.0,0.0,0.0,0.0,5.0,0.0,0.0,0.0,0.0,0.0,0.0,0.0,0.30000001192092896,0.20000000298023224,0.20000000298023224,0.15000000596046448,0.15000000596046448,1.0,1.0,1.0,1.0
complex_qaware_v018_r2,closed_loop,complex,full,1,0.18,True,50.679291387,1785050586.6821582,4.393294964909231,0.030204773745044135,-0.02819049525948003,0.0,0.00121774838523347,5.070972894402588,0.0,0.0,0.0,nan,nan,nan,nan,nan,nan,0.0,0.0,-0.05000000074505806,0.0,0.0,1,ROW_FOLLOW,WAITING_FOR_CENTERLINE,0.0,0.0,0.0,0.0,0.0,0.0,0.0,0.0,0.0,5.0,0.0,0.0,0.0,0.0,0.0,0.0,0.0,0.30000001192092896,0.20000000298023224,0.20000000298023224,0.15000000596046448,0.15000000596046448,1.0,1.0,1.0,1.0
complex_qaware_v018_r2,closed_loop,complex,full,1,0.18,True,50.729424819,1785050586.732292,4.393294964909231,0.030204773745044135,-0.02822073429399418,0.0,0.0008144142449805887,5.070972894402588,0.0,0.0,0.0,nan,nan,nan,nan,nan,nan,0.0,0.0,-0.05000000074505806,0.0,0.0,0,ROW_FOLLOW,WAITING_FOR_CENTERLINE,0.0,0.0,0.0,0.0,0.0,0.0,0.0,0.0,0.0,0.0,0.0,0.0,0.0,0.0,0.0,0.0,0.0,0.30000001192092896,0.20000000298023224,0.20000000298023224,0.15000000596046448,0.15000000596046448,1.0,1.0,1.0,1.0
complex_qaware_v018_r2,closed_loop,complex,full,1,0.18,True,50.78103438,1785050586.7839015,4.393294964909231,0.030204773745044135,-0.0282241419303233,0.0,0.001227228154087296,5.070972894402588,0.0,0.0,0.0,nan,nan,nan,nan,nan,nan,0.0,0.0,-0.05000000074505806,0.0,0.0,0,ROW_FOLLOW,WAITING_FOR_CENTERLINE,0.0,0.0,0.0,0.0,0.0,0.0,0.0,0.0,0.0,1.0,0.0,0.0,0.0,0.0,0.0,0.0,0.0,0.30000001192092896,0.20000000298023224,0.20000000298023224,0.15000000596046448,0.15000000596046448,1.0,1.0,1.0,1.0
complex_qaware_v018_r2,closed_loop,complex,full,1,0.18,True,50.829433148,1785050586.8323,4.393294964909231,0.030204773745044135,-0.028235156596248867,0.0,0.00041482047895056165,5.070972894402588,0.0,0.0,0.0,nan,nan,nan,nan,nan,nan,0.0,0.0,-0.05000000074505806,0.0,0.0,0,ROW_FOLLOW,WAITING_FOR_CENTERLINE,0.0,0.0,0.0,0.0,0.0,0.0,0.0,0.0,0.0,1.0,0.0,0.0,0.0,0.0,0.0,0.0,0.0,0.30000001192092896,0.20000000298023224,0.20000000298023224,0.15000000596046448,0.15000000596046448,1.0,1.0,1.0,1.0
complex_qaware_v018_r2,closed_loop,complex,full,1,0.18,True,50.879991486,1785050586.8828585,4.393294964909231,0.030204773745044135,-0.028228109003474618,0.0,0.0004896061025974111,5.070972894402588,0.0,0.0,0.0,nan,nan,nan,nan,nan,nan,0.0,0.0,-0.05000000074505806,0.0,0.0,0,ROW_FOLLOW,WAITING_FOR_CENTERLINE,0.0,0.0,0.0,0.0,0.0,0.0,0.0,0.0,0.0,2.0,0.0,0.0,0.0,0.0,0.0,0.0,0.0,0.30000001192092896,0.20000000298023224,0.20000000298023224,0.15000000596046448,0.15000000596046448,1.0,1.0,1.0,1.0
complex_qaware_v018_r2,closed_loop,complex,full,1,0.18,True,50.929355556,1785050586.9322224,4.393294964909231,0.030204773745044135,-0.028241090956432575,0.0,0.001281388552049794,5.070972894402588,0.0,0.0,0.0,nan,nan,nan,nan,nan,nan,0.0,0.0,-0.05000000074505806,0.0,0.0,0,ROW_FOLLOW,WAITING_FOR_CENTERLINE,0.0,0.0,0.0,0.0,0.0,0.0,0.0,0.0,0.0,2.0,0.0,0.0,0.0,0.0,0.0,0.0,0.0,0.30000001192092896,0.20000000298023224,0.20000000298023224,0.15000000596046448,0.15000000596046448,1.0,1.0,1.0,1.0
complex_qaware_v018_r2,closed_loop,complex,full,1,0.18,True,50.979858596,1785050586.9827256,4.393294964909231,0.030204773745044135,-0.028249466592473738,0.0,0.0010052860217508704,5.070972894402588,0.0,0.0,0.0,nan,nan,nan,nan,nan,nan,0.0,0.0,-0.05000000074505806,0.0,0.0,0,ROW_FOLLOW,WAITING_FOR_CENTERLINE,0.0,0.0,0.0,0.0,0.0,0.0,0.0,0.0,0.0,3.0,0.0,0.0,0.0,0.0,0.0,0.0,0.0,0.30000001192092896,0.20000000298023224,0.20000000298023224,0.15000000596046448,0.15000000596046448,1.0,1.0,1.0,1.0
complex_qaware_v018_r2,closed_loop,complex,full,1,0.18,True,51.029403023,1785050587.0322702,4.393294964909231,0.030204773745044135,-0.028230692011738768,0.0,0.0006915006665729254,5.070972894402588,0.0,0.0,0.0,nan,nan,nan,nan,nan,nan,0.0,0.0,-0.05000000074505806,0.0,0.0,0,ROW_FOLLOW,WAITING_FOR_CENTERLINE,0.0,0.0,0.0,0.0,0.0,0.0,0.0,0.0,0.0,3.0,0.0,0.0,0.0,0.0,0.0,0.0,0.0,0.30000001192092896,0.20000000298023224,0.20000000298023224,0.15000000596046448,0.15000000596046448,1.0,1.0,1.0,1.0
complex_qaware_v018_r2,closed_loop,complex,full,1,0.18,True,51.079605225,1785050587.082472,4.393294964909231,0.030204773745044135,-0.028264451241585928,0.0,0.00014741713844293968,5.070972894402588,0.0,0.0,0.0,nan,nan,nan,nan,nan,nan,0.0,0.0,-0.05000000074505806,0.0,0.0,0,ROW_FOLLOW,WAITING_FOR_CENTERLINE,0.0,0.0,0.0,0.0,0.0,0.0,0.0,0.0,0.0,3.0,0.0,0.0,0.0,0.0,0.0,0.0,0.0,0.30000001192092896,0.20000000298023224,0.20000000298023224,0.15000000596046448,0.15000000596046448,1.0,1.0,1.0,1.0
complex_qaware_v018_r2,closed_loop,complex,full,1,0.18,True,51.129503677,1785050587.1323707,4.393294964909231,0.030204773745044135,-0.028272991063289513,0.0,0.0014354287894923852,5.070972894402588,0.0,0.0,0.0,nan,nan,nan,nan,nan,nan,0.0,0.0,-0.05000000074505806,0.0,0.0,0,ROW_FOLLOW,WAITING_FOR_CENTERLINE,0.0,0.0,0.0,0.0,0.0,0.0,0.0,0.0,0.0,4.0,0.0,0.0,0.0,0.0,0.0,0.0,0.0,0.30000001192092896,0.20000000298023224,0.20000000298023224,0.15000000596046448,0.15000000596046448,1.0,1.0,1.0,1.0
complex_qaware_v018_r2,closed_loop,complex,full,1,0.18,True,51.17955362,1785050587.1824205,4.393294964909231,0.030204773745044135,-0.028272514230275977,0.0,0.0012273671921032264,5.070972894402588,0.0,0.0,0.0,nan,nan,nan,nan,nan,nan,0.0,0.0,-0.05000000074505806,0.0,0.0,0,ROW_FOLLOW,WAITING_FOR_CENTERLINE,0.0,0.0,0.0,0.0,0.0,0.0,0.0,0.0,0.0,4.0,0.0,0.0,0.0,0.0,0.0,0.0,0.0,0.30000001192092896,0.20000000298023224,0.20000000298023224,0.15000000596046448,0.15000000596046448,1.0,1.0,1.0,1.0
complex_qaware_v018_r2,closed_loop,complex,full,1,0.18,True,51.229485448,1785050587.2323525,4.393294964909231,0.030204773745044135,-0.028271709117502212,0.0,0.0008528138587299894,5.070972894402588,0.0,0.0,0.0,nan,nan,nan,nan,nan,nan,0.0,0.0,-0.05000000074505806,0.0,0.0,1,ROW_FOLLOW,WAITING_FOR_CENTERLINE,0.0,0.0,0.0,0.0,0.0,0.0,0.0,0.0,0.0,5.0,0.0,0.0,0.0,0.0,0.0,0.0,0.0,0.30000001192092896,0.20000000298023224,0.20000000298023224,0.15000000596046448,0.15000000596046448,1.0,1.0,1.0,1.0
complex_qaware_v018_r2,closed_loop,complex,full,1,0.18,True,51.279460253,1785050587.2823274,4.393294964909231,0.030204773745044135,-0.02826285923160519,0.0,0.0007472169495484767,5.070972894402588,0.0,0.0,0.0,nan,nan,nan,nan,nan,nan,0.0,0.0,-0.05000000074505806,0.0,0.0,0,ROW_FOLLOW,WAITING_FOR_CENTERLINE,0.0,0.0,0.0,0.0,0.0,0.0,0.0,0.0,0.0,0.0,0.0,0.0,0.0,0.0,0.0,0.0,0.0,0.30000001192092896,0.20000000298023224,0.20000000298023224,0.15000000596046448,0.15000000596046448,1.0,1.0,1.0,1.0
complex_qaware_v018_r2,closed_loop,complex,full,1,0.18,True,51.330068321,1785050587.332935,4.393294964909231,0.030204773745044135,-0.028288512229879714,0.0,-0.00013025657528775554,5.070972894402588,0.0,0.0,0.0,nan,nan,nan,nan,nan,nan,0.0,0.0,-0.05000000074505806,0.0,0.0,0,ROW_FOLLOW,WAITING_FOR_CENTERLINE,0.0,0.0,0.0,0.0,0.0,0.0,0.0,0.0,0.0,0.0,0.0,0.0,0.0,0.0,0.0,0.0,0.0,0.30000001192092896,0.20000000298023224,0.20000000298023224,0.15000000596046448,0.15000000596046448,1.0,1.0,1.0,1.0
complex_qaware_v018_r2,closed_loop,complex,full,1,0.18,True,51.37918877,1785050587.3820558,4.393294964909231,0.030204773745044135,-0.028268164345027554,0.0,0.00190959950487328,5.070972894402588,0.0,0.0,0.0,nan,nan,nan,nan,nan,nan,0.0,0.0,-0.05000000074505806,0.0,0.0,0,ROW_FOLLOW,WAITING_FOR_CENTERLINE,0.0,0.0,0.0,0.0,0.0,0.0,0.0,0.0,0.0,0.0,0.0,0.0,0.0,0.0,0.0,0.0,0.0,0.30000001192092896,0.20000000298023224,0.20000000298023224,0.15000000596046448,0.15000000596046448,1.0,1.0,1.0,1.0
complex_qaware_v018_r2,closed_loop,complex,full,1,0.18,True,51.429420925,1785050587.432288,4.393294964909231,0.030204773745044135,-0.028277929192101595,0.0,0.0013423714416190408,5.070972894402588,0.0,0.0,0.0,nan,nan,nan,nan,nan,nan,0.0,0.0,-0.05000000074505806,0.0,0.0,0,ROW_FOLLOW,WAITING_FOR_CENTERLINE,0.0,0.0,0.0,0.0,0.0,0.0,0.0,0.0,0.0,1.0,0.0,0.0,0.0,0.0,0.0,0.0,0.0,0.30000001192092896,0.20000000298023224,0.20000000298023224,0.15000000596046448,0.15000000596046448,1.0,1.0,1.0,1.0
complex_qaware_v018_r2,closed_loop,complex,full,1,0.18,True,51.480123171,1785050587.48299,4.393294964909231,0.030204773745044135,-0.028276531286800737,0.0,0.0011935944952066154,5.070972894402588,0.0,0.0,0.0,nan,nan,nan,nan,nan,nan,0.0,0.0,-0.05000000074505806,0.0,0.0,0,ROW_FOLLOW,WAITING_FOR_CENTERLINE,0.0,0.0,0.0,0.0,0.0,0.0,0.0,0.0,0.0,1.0,0.0,0.0,0.0,0.0,0.0,0.0,0.0,0.30000001192092896,0.20000000298023224,0.20000000298023224,0.15000000596046448,0.15000000596046448,1.0,1.0,1.0,1.0
complex_qaware_v018_r2,closed_loop,complex,full,1,0.18,True,51.529299558,1785050587.5321665,4.393294964909231,0.030204773745044135,-0.028271526950250706,0.0,0.001428139284930649,5.070972894402588,0.0,0.0,0.0,nan,nan,nan,nan,nan,nan,0.0,0.0,-0.05000000074505806,0.0,0.0,0,ROW_FOLLOW,WAITING_FOR_CENTERLINE,0.0,0.0,0.0,0.0,0.0,0.0,0.0,0.0,0.0,2.0,0.0,0.0,0.0,0.0,0.0,0.0,0.0,0.30000001192092896,0.20000000298023224,0.20000000298023224,0.15000000596046448,0.15000000596046448,1.0,1.0,1.0,1.0
complex_qaware_v018_r2,closed_loop,complex,full,1,0.18,True,51.579743654,1785050587.5826106,4.393294964909231,0.030204773745044135,-0.028247029501281773,0.0,0.0020212591653049295,5.070972894402588,0.0,0.0,0.0,nan,nan,nan,nan,nan,nan,0.0,0.0,-0.05000000074505806,0.0,0.0,0,ROW_FOLLOW,WAITING_FOR_CENTERLINE,0.0,0.0,0.0,0.0,0.0,0.0,0.0,0.0,0.0,2.0,0.0,0.0,0.0,0.0,0.0,0.0,0.0,0.30000001192092896,0.20000000298023224,0.20000000298023224,0.15000000596046448,0.15000000596046448,1.0,1.0,1.0,1.0
complex_qaware_v018_r2,closed_loop,complex,full,1,0.18,True,51.629444405,1785050587.6323113,4.393294964909231,0.030204773745044135,-0.02824895193102695,0.0,0.0012021205364280449,5.070972894402588,0.0,0.0,0.0,nan,nan,nan,nan,nan,nan,0.0,0.0,-0.05000000074505806,0.0,0.0,0,ROW_FOLLOW,WAITING_FOR_CENTERLINE,0.0,0.0,0.0,0.0,0.0,0.0,0.0,0.0,0.0,3.0,0.0,0.0,0.0,0.0,0.0,0.0,0.0,0.30000001192092896,0.20000000298023224,0.20000000298023224,0.15000000596046448,0.15000000596046448,1.0,1.0,1.0,1.0
complex_qaware_v018_r2,closed_loop,complex,full,1,0.18,True,51.683840463,1785050587.6867075,4.393294964909231,0.030204773745044135,-0.028262670749761302,0.0,0.00015018942231011646,5.070972894402588,0.0,0.0,0.0,nan,nan,nan,nan,nan,nan,0.0,0.0,-0.05000000074505806,0.0,0.0,0,ROW_FOLLOW,WAITING_FOR_CENTERLINE,0.0,0.0,0.0,0.0,0.0,0.0,0.0,0.0,0.0,3.0,0.0,0.0,0.0,0.0,0.0,0.0,0.0,0.30000001192092896,0.20000000298023224,0.20000000298023224,0.15000000596046448,0.15000000596046448,1.0,1.0,1.0,1.0
complex_qaware_v018_r2,closed_loop,complex,full,1,0.18,True,51.729456992,1785050587.732324,4.393294964909231,0.030204773745044135,-0.028253252036775315,0.0,0.0013666238878058917,5.070972894402588,0.0,0.0,0.0,nan,nan,nan,nan,nan,nan,0.0,0.0,-0.05000000074505806,0.0,0.0,0,ROW_FOLLOW,WAITING_FOR_CENTERLINE,0.0,0.0,0.0,0.0,0.0,0.0,0.0,0.0,0.0,4.0,0.0,0.0,0.0,0.0,0.0,0.0,0.0,0.30000001192092896,0.20000000298023224,0.20000000298023224,0.15000000596046448,0.15000000596046448,1.0,1.0,1.0,1.0
complex_qaware_v018_r2,closed_loop,complex,full,1,0.18,True,51.779337811,1785050587.7822046,4.393294964909231,0.030204773745044135,-0.02826749669111939,0.0,0.0004325001749660366,5.070972894402588,0.0,0.0,0.0,nan,nan,nan,nan,nan,nan,0.0,0.0,-0.05000000074505806,0.0,0.0,0,ROW_FOLLOW,WAITING_FOR_CENTERLINE,0.0,0.0,0.0,0.0,0.0,0.0,0.0,0.0,0.0,4.0,0.0,0.0,0.0,0.0,0.0,0.0,0.0,0.30000001192092896,0.20000000298023224,0.20000000298023224,0.15000000596046448,0.15000000596046448,1.0,1.0,1.0,1.0
complex_qaware_v018_r2,closed_loop,complex,full,1,0.18,True,51.829429771,1785050587.8322966,4.393294964909231,0.030204773745044135,-0.028274393916340575,0.0,0.0010315156737018133,5.070972894402588,0.0,0.0,0.0,nan,nan,nan,nan,nan,nan,0.0,0.0,-0.05000000074505806,0.0,0.0,1,ROW_FOLLOW,WAITING_FOR_CENTERLINE,0.0,0.0,0.0,0.0,0.0,0.0,0.0,0.0,0.0,5.0,0.0,0.0,0.0,0.0,0.0,0.0,0.0,0.30000001192092896,0.20000000298023224,0.20000000298023224,0.15000000596046448,0.15000000596046448,1.0,1.0,1.0,1.0
complex_qaware_v018_r2,closed_loop,complex,full,1,0.18,True,51.881103655,1785050587.8839705,4.393294964909231,0.030204773745044135,-0.028269757287474377,0.0,0.0014615931763194566,5.070972894402588,0.0,0.0,0.0,nan,nan,nan,nan,nan,nan,0.0,0.0,-0.05000000074505806,0.0,0.0,1,ROW_FOLLOW,WAITING_FOR_CENTERLINE,0.0,0.0,0.0,0.0,0.0,0.0,0.0,0.0,0.0,5.0,0.0,0.0,0.0,0.0,0.0,0.0,0.0,0.30000001192092896,0.20000000298023224,0.20000000298023224,0.15000000596046448,0.15000000596046448,1.0,1.0,1.0,1.0
complex_qaware_v018_r2,closed_loop,complex,full,1,0.18,True,51.929569178,1785050587.9324362,4.393294964909231,0.030204773745044135,-0.028258715354147597,0.0,0.0010251503292008906,5.070972894402588,0.0,0.0,0.0,nan,nan,nan,nan,nan,nan,0.0,0.0,-0.05000000074505806,0.0,0.0,0,ROW_FOLLOW,WAITING_FOR_CENTERLINE,0.0,0.0,0.0,0.0,0.0,0.0,0.0,0.0,0.0,0.0,0.0,0.0,0.0,0.0,0.0,0.0,0.0,0.30000001192092896,0.20000000298023224,0.20000000298023224,0.15000000596046448,0.15000000596046448,1.0,1.0,1.0,1.0
complex_qaware_v018_r2,closed_loop,complex,full,1,0.18,True,51.980749066,1785050587.983616,4.393294964909231,0.030204773745044135,-0.028272826486853034,0.0,0.0011800623085878338,5.070972894402588,0.0,0.0,0.0,nan,nan,nan,nan,nan,nan,0.0,0.0,-0.05000000074505806,0.0,0.0,0,ROW_FOLLOW,WAITING_FOR_CENTERLINE,0.0,0.0,0.0,0.0,0.0,0.0,0.0,0.0,0.0,1.0,0.0,0.0,0.0,0.0,0.0,0.0,0.0,0.30000001192092896,0.20000000298023224,0.20000000298023224,0.15000000596046448,0.15000000596046448,1.0,1.0,1.0,1.0
complex_qaware_v018_r2,closed_loop,complex,full,1,0.18,True,52.029382817,1785050588.03225,4.393294964909231,0.030204773745044135,-0.02825484986943838,0.0,0.0012951402343009512,5.070972894402588,0.0,0.0,0.0,nan,nan,nan,nan,nan,nan,0.0,0.0,-0.05000000074505806,0.0,0.0,0,ROW_FOLLOW,WAITING_FOR_CENTERLINE,0.0,0.0,0.0,0.0,0.0,0.0,0.0,0.0,0.0,1.0,0.0,0.0,0.0,0.0,0.0,0.0,0.0,0.30000001192092896,0.20000000298023224,0.20000000298023224,0.15000000596046448,0.15000000596046448,1.0,1.0,1.0,1.0
complex_qaware_v018_r2,closed_loop,complex,full,1,0.18,True,52.080366223,1785050588.0832334,4.393294964909231,0.030204773745044135,-0.028237771009533837,0.0,0.0017192144558403034,5.070972894402588,0.0,0.0,0.0,nan,nan,nan,nan,nan,nan,0.0,0.0,-0.05000000074505806,0.0,0.0,0,ROW_FOLLOW,WAITING_FOR_CENTERLINE,0.0,0.0,0.0,0.0,0.0,0.0,0.0,0.0,0.0,2.0,0.0,0.0,0.0,0.0,0.0,0.0,0.0,0.30000001192092896,0.20000000298023224,0.20000000298023224,0.15000000596046448,0.15000000596046448,1.0,1.0,1.0,1.0
complex_qaware_v018_r2,closed_loop,complex,full,1,0.18,True,52.129447856,1785050588.132315,4.393294964909231,0.030204773745044135,-0.028216729512013934,0.0,0.0019096390505862109,5.070972894402588,0.0,0.0,0.0,nan,nan,nan,nan,nan,nan,0.0,0.0,-0.05000000074505806,0.0,0.0,0,ROW_FOLLOW,WAITING_FOR_CENTERLINE,0.0,0.0,0.0,0.0,0.0,0.0,0.0,0.0,0.0,2.0,0.0,0.0,0.0,0.0,0.0,0.0,0.0,0.30000001192092896,0.20000000298023224,0.20000000298023224,0.15000000596046448,0.15000000596046448,1.0,1.0,1.0,1.0
complex_qaware_v018_r2,closed_loop,complex,full,1,0.18,True,52.179610859,1785050588.1824777,4.393294964909231,0.030204773745044135,-0.028224568624232838,0.0,0.0010199796915384394,5.070972894402588,0.0,0.0,0.0,nan,nan,nan,nan,nan,nan,0.0,0.0,-0.05000000074505806,0.0,0.0,0,ROW_FOLLOW,WAITING_FOR_CENTERLINE,0.0,0.0,0.0,0.0,0.0,0.0,0.0,0.0,0.0,2.0,0.0,0.0,0.0,0.0,0.0,0.0,0.0,0.30000001192092896,0.20000000298023224,0.20000000298023224,0.15000000596046448,0.15000000596046448,1.0,1.0,1.0,1.0
complex_qaware_v018_r2,closed_loop,complex,full,1,0.18,True,52.229421213,1785050588.2322884,4.393294964909231,0.030204773745044135,-0.0282283210400589,0.0,0.001226282510742814,5.070972894402588,0.0,0.0,0.0,nan,nan,nan,nan,nan,nan,0.0,0.0,-0.05000000074505806,0.0,0.0,0,ROW_FOLLOW,WAITING_FOR_CENTERLINE,0.0,0.0,0.0,0.0,0.0,0.0,0.0,0.0,0.0,3.0,0.0,0.0,0.0,0.0,0.0,0.0,0.0,0.30000001192092896,0.20000000298023224,0.20000000298023224,0.15000000596046448,0.15000000596046448,1.0,1.0,1.0,1.0
complex_qaware_v018_r2,closed_loop,complex,full,1,0.18,True,52.279932448,1785050588.2827992,4.393294964909231,0.030204773745044135,-0.028247516504022574,0.0,0.0007577644640119234,5.070972894402588,0.0,0.0,0.0,nan,nan,nan,nan,nan,nan,0.0,0.0,-0.05000000074505806,0.0,0.0,0,ROW_FOLLOW,WAITING_FOR_CENTERLINE,0.0,0.0,0.0,0.0,0.0,0.0,0.0,0.0,0.0,3.0,0.0,0.0,0.0,0.0,0.0,0.0,0.0,0.30000001192092896,0.20000000298023224,0.20000000298023224,0.15000000596046448,0.15000000596046448,1.0,1.0,1.0,1.0
complex_qaware_v018_r2,closed_loop,complex,full,1,0.18,True,52.329474348,1785050588.3323412,4.393294964909231,0.030204773745044135,-0.028270180004914536,0.0,0.0017759187506238467,5.070972894402588,0.0,0.0,0.0,nan,nan,nan,nan,nan,nan,0.0,0.0,-0.05000000074505806,0.0,0.0,0,ROW_FOLLOW,WAITING_FOR_CENTERLINE,0.0,0.0,0.0,0.0,0.0,0.0,0.0,0.0,0.0,4.0,0.0,0.0,0.0,0.0,0.0,0.0,0.0,0.30000001192092896,0.20000000298023224,0.20000000298023224,0.15000000596046448,0.15000000596046448,1.0,1.0,1.0,1.0
complex_qaware_v018_r2,closed_loop,complex,full,1,0.18,True,52.380162066,1785050588.383029,4.393294964909231,0.030204773745044135,-0.028259184073326615,0.0,0.001396420351266762,5.070972894402588,0.0,0.0,0.0,nan,nan,nan,nan,nan,nan,0.0,0.0,-0.05000000074505806,0.0,0.0,1,ROW_FOLLOW,WAITING_FOR_CENTERLINE,0.0,0.0,0.0,0.0,0.0,0.0,0.0,0.0,0.0,5.0,0.0,0.0,0.0,0.0,0.0,0.0,0.0,0.30000001192092896,0.20000000298023224,0.20000000298023224,0.15000000596046448,0.15000000596046448,1.0,1.0,1.0,1.0
complex_qaware_v018_r2,closed_loop,complex,full,1,0.18,True,52.429387383,1785050588.4322543,4.393294964909231,0.030204773745044135,-0.028270916104522925,0.0,0.001178866601141577,5.070972894402588,0.0,0.0,0.0,nan,nan,nan,nan,nan,nan,0.0,0.0,-0.05000000074505806,0.0,0.0,1,ROW_FOLLOW,WAITING_FOR_CENTERLINE,0.0,0.0,0.0,0.0,0.0,0.0,0.0,0.0,0.0,5.0,0.0,0.0,0.0,0.0,0.0,0.0,0.0,0.30000001192092896,0.20000000298023224,0.20000000298023224,0.15000000596046448,0.15000000596046448,1.0,1.0,1.0,1.0
complex_qaware_v018_r2,closed_loop,complex,full,1,0.18,True,52.479732694,1785050588.4825997,4.393294964909231,0.030204773745044135,-0.028276801852310296,0.0,0.0014254050569799572,5.070972894402588,0.0,0.0,0.0,nan,nan,nan,nan,nan,nan,0.0,0.0,-0.05000000074505806,0.0,0.0,1,ROW_FOLLOW,WAITING_FOR_CENTERLINE,0.0,0.0,0.0,0.0,0.0,0.0,0.0,0.0,0.0,5.0,0.0,0.0,0.0,0.0,0.0,0.0,0.0,0.30000001192092896,0.20000000298023224,0.20000000298023224,0.15000000596046448,0.15000000596046448,1.0,1.0,1.0,1.0
complex_qaware_v018_r2,closed_loop,complex,full,1,0.18,True,52.529446054,1785050588.532313,4.393294964909231,0.030204773745044135,-0.028262730856832174,0.0,0.0010343484309673437,5.070972894402588,0.0,0.0,0.0,nan,nan,nan,nan,nan,nan,0.0,0.0,-0.05000000074505806,0.0,0.0,0,ROW_FOLLOW,WAITING_FOR_CENTERLINE,0.0,0.0,0.0,0.0,0.0,0.0,0.0,0.0,0.0,0.0,0.0,0.0,0.0,0.0,0.0,0.0,0.0,0.30000001192092896,0.20000000298023224,0.20000000298023224,0.15000000596046448,0.15000000596046448,1.0,1.0,1.0,1.0
complex_qaware_v018_r2,closed_loop,complex,full,1,0.18,True,52.581428426,1785050588.5842955,4.393294964909231,0.030204773745044135,-0.02824995529408979,0.0,0.0014771459154630385,5.070972894402588,0.0,0.0,0.0,nan,nan,nan,nan,nan,nan,0.0,0.0,-0.05000000074505806,0.0,0.0,0,ROW_FOLLOW,WAITING_FOR_CENTERLINE,0.0,0.0,0.0,0.0,0.0,0.0,0.0,0.0,0.0,0.0,0.0,0.0,0.0,0.0,0.0,0.0,0.0,0.30000001192092896,0.20000000298023224,0.20000000298023224,0.15000000596046448,0.15000000596046448,1.0,1.0,1.0,1.0
complex_qaware_v018_r2,closed_loop,complex,full,1,0.18,True,52.629883997,1785050588.6327507,4.393294964909231,0.030204773745044135,-0.028257886762543358,0.0,0.0012065122927518426,5.070972894402588,0.0,0.0,0.0,nan,nan,nan,nan,nan,nan,0.0,0.0,-0.05000000074505806,0.0,0.0,0,ROW_FOLLOW,WAITING_FOR_CENTERLINE,0.0,0.0,0.0,0.0,0.0,0.0,0.0,0.0,0.0,1.0,0.0,0.0,0.0,0.0,0.0,0.0,0.0,0.30000001192092896,0.20000000298023224,0.20000000298023224,0.15000000596046448,0.15000000596046448,1.0,1.0,1.0,1.0
complex_qaware_v018_r2,closed_loop,complex,full,1,0.18,True,52.680948748,1785050588.6838157,4.393294964909231,0.030204773745044135,-0.02824631946376009,0.0,0.0018635099248891498,5.070972894402588,0.0,0.0,0.0,nan,nan,nan,nan,nan,nan,0.0,0.0,-0.05000000074505806,0.0,0.0,0,ROW_FOLLOW,WAITING_FOR_CENTERLINE,0.0,0.0,0.0,0.0,0.0,0.0,0.0,0.0,0.0,1.0,0.0,0.0,0.0,0.0,0.0,0.0,0.0,0.30000001192092896,0.20000000298023224,0.20000000298023224,0.15000000596046448,0.15000000596046448,1.0,1.0,1.0,1.0
complex_qaware_v018_r2,closed_loop,complex,full,1,0.18,True,52.729416512,1785050588.7322834,4.393294964909231,0.030204773745044135,-0.028248178324604016,0.0,0.0009320950211386099,5.070972894402588,0.0,0.0,0.0,nan,nan,nan,nan,nan,nan,0.0,0.0,-0.05000000074505806,0.0,0.0,0,ROW_FOLLOW,WAITING_FOR_CENTERLINE,0.0,0.0,0.0,0.0,0.0,0.0,0.0,0.0,0.0,2.0,0.0,0.0,0.0,0.0,0.0,0.0,0.0,0.30000001192092896,0.20000000298023224,0.20000000298023224,0.15000000596046448,0.15000000596046448,1.0,1.0,1.0,1.0
complex_qaware_v018_r2,closed_loop,complex,full,1,0.18,True,52.782242519,1785050588.7851095,4.393294964909231,0.030204773745044135,-0.028224386126298295,0.0,0.001562712293563806,5.070972894402588,0.0,0.0,0.0,nan,nan,nan,nan,nan,nan,0.0,0.0,-0.05000000074505806,0.0,0.0,0,ROW_FOLLOW,WAITING_FOR_CENTERLINE,0.0,0.0,0.0,0.0,0.0,0.0,0.0,0.0,0.0,3.0,0.0,0.0,0.0,0.0,0.0,0.0,0.0,0.30000001192092896,0.20000000298023224,0.20000000298023224,0.15000000596046448,0.15000000596046448,1.0,1.0,1.0,1.0
complex_qaware_v018_r2,closed_loop,complex,full,1,0.18,True,52.829444622,1785050588.8323116,4.393294964909231,0.030204773745044135,-0.028248775912773635,0.0,0.0010021283978366299,5.070972894402588,0.0,0.0,0.0,nan,nan,nan,nan,nan,nan,0.0,0.0,-0.05000000074505806,0.0,0.0,0,ROW_FOLLOW,WAITING_FOR_CENTERLINE,0.0,0.0,0.0,0.0,0.0,0.0,0.0,0.0,0.0,3.0,0.0,0.0,0.0,0.0,0.0,0.0,0.0,0.30000001192092896,0.20000000298023224,0.20000000298023224,0.15000000596046448,0.15000000596046448,1.0,1.0,1.0,1.0
complex_qaware_v018_r2,closed_loop,complex,full,1,0.18,True,52.879465029,1785050588.8823318,4.393294964909231,0.030204773745044135,-0.028251571047125168,0.0,0.001171104266699941,5.070972894402588,0.0,0.0,0.0,nan,nan,nan,nan,nan,nan,0.0,0.0,-0.05000000074505806,0.0,0.0,0,ROW_FOLLOW,WAITING_FOR_CENTERLINE,0.0,0.0,0.0,0.0,0.0,0.0,0.0,0.0,0.0,3.0,0.0,0.0,0.0,0.0,0.0,0.0,0.0,0.30000001192092896,0.20000000298023224,0.20000000298023224,0.15000000596046448,0.15000000596046448,1.0,1.0,1.0,1.0
complex_qaware_v018_r2,closed_loop,complex,full,1,0.18,True,52.929418363,1785050588.9322855,4.393294964909231,0.030204773745044135,-0.02826120530460584,0.0,0.0012890460397741639,5.070972894402588,0.0,0.0,0.0,nan,nan,nan,nan,nan,nan,0.0,0.0,-0.05000000074505806,0.0,0.0,0,ROW_FOLLOW,WAITING_FOR_CENTERLINE,0.0,0.0,0.0,0.0,0.0,0.0,0.0,0.0,0.0,4.0,0.0,0.0,0.0,0.0,0.0,0.0,0.0,0.30000001192092896,0.20000000298023224,0.20000000298023224,0.15000000596046448,0.15000000596046448,1.0,1.0,1.0,1.0
complex_qaware_v018_r2,closed_loop,complex,full,1,0.18,True,52.984047675,1785050588.9869146,4.393294964909231,0.030204773745044135,-0.028252801148581867,0.0,0.0019804904846415523,5.070972894402588,0.0,0.0,0.0,nan,nan,nan,nan,nan,nan,0.0,0.0,-0.05000000074505806,0.0,0.0,0,ROW_FOLLOW,WAITING_FOR_CENTERLINE,0.0,0.0,0.0,0.0,0.0,0.0,0.0,0.0,0.0,4.0,0.0,0.0,0.0,0.0,0.0,0.0,0.0,0.30000001192092896,0.20000000298023224,0.20000000298023224,0.15000000596046448,0.15000000596046448,1.0,1.0,1.0,1.0
complex_qaware_v018_r2,closed_loop,complex,full,1,0.18,True,53.02948561,1785050589.0323524,4.393294964909231,0.030204773745044135,-0.028240843235116234,0.0,0.001222421601480326,5.070972894402588,0.0,0.0,0.0,nan,nan,nan,nan,nan,nan,0.0,0.0,-0.05000000074505806,0.0,0.0,1,ROW_FOLLOW,WAITING_FOR_CENTERLINE,0.0,0.0,0.0,0.0,0.0,0.0,0.0,0.0,0.0,5.0,0.0,0.0,0.0,0.0,0.0,0.0,0.0,0.30000001192092896,0.20000000298023224,0.20000000298023224,0.15000000596046448,0.15000000596046448,1.0,1.0,1.0,1.0
complex_qaware_v018_r2,closed_loop,complex,full,1,0.18,True,53.079489698,1785050589.0823567,4.393294964909231,0.030204773745044135,-0.028231477001904086,0.0,0.0014750887840498839,5.070972894402588,0.0,0.0,0.0,nan,nan,nan,nan,nan,nan,0.0,0.0,-0.05000000074505806,0.0,0.0,0,ROW_FOLLOW,WAITING_FOR_CENTERLINE,0.0,0.0,0.0,0.0,0.0,0.0,0.0,0.0,0.0,0.0,0.0,0.0,0.0,0.0,0.0,0.0,0.0,0.30000001192092896,0.20000000298023224,0.20000000298023224,0.15000000596046448,0.15000000596046448,1.0,1.0,1.0,1.0
complex_qaware_v018_r2,closed_loop,complex,full,1,0.18,True,53.12947529,1785050589.1323423,4.393294964909231,0.030204773745044135,-0.02821983598757649,0.0,0.0013808176189274123,5.070972894402588,0.0,0.0,0.0,nan,nan,nan,nan,nan,nan,0.0,0.0,-0.05000000074505806,0.0,0.0,0,ROW_FOLLOW,WAITING_FOR_CENTERLINE,0.0,0.0,0.0,0.0,0.0,0.0,0.0,0.0,0.0,0.0,0.0,0.0,0.0,0.0,0.0,0.0,0.0,0.30000001192092896,0.20000000298023224,0.20000000298023224,0.15000000596046448,0.15000000596046448,1.0,1.0,1.0,1.0
complex_qaware_v018_r2,closed_loop,complex,full,1,0.18,True,53.179403632,1785050589.1822705,4.393294964909231,0.030204773745044135,-0.0282358904438187,0.0,0.0008406346928056781,5.070972894402588,0.0,0.0,0.0,nan,nan,nan,nan,nan,nan,0.0,0.0,-0.05000000074505806,0.0,0.0,0,ROW_FOLLOW,WAITING_FOR_CENTERLINE,0.0,0.0,0.0,0.0,0.0,0.0,0.0,0.0,0.0,1.0,0.0,0.0,0.0,0.0,0.0,0.0,0.0,0.30000001192092896,0.20000000298023224,0.20000000298023224,0.15000000596046448,0.15000000596046448,1.0,1.0,1.0,1.0
complex_qaware_v018_r2,closed_loop,complex,full,1,0.18,True,53.229342214,1785050589.2322092,4.393294964909231,0.030204773745044135,-0.02821967554452341,0.0,0.0013961491829283378,5.070972894402588,0.0,0.0,0.0,nan,nan,nan,nan,nan,nan,0.0,0.0,-0.05000000074505806,0.0,0.0,0,ROW_FOLLOW,WAITING_FOR_CENTERLINE,0.0,0.0,0.0,0.0,0.0,0.0,0.0,0.0,0.0,1.0,0.0,0.0,0.0,0.0,0.0,0.0,0.0,0.30000001192092896,0.20000000298023224,0.20000000298023224,0.15000000596046448,0.15000000596046448,1.0,1.0,1.0,1.0
complex_qaware_v018_r2,closed_loop,complex,full,1,0.18,True,53.280649691,1785050589.2835166,4.393294964909231,0.030204773745044135,-0.028191621377247067,0.0,0.0017231154573724339,5.070972894402588,0.0,0.0,0.0,nan,nan,nan,nan,nan,nan,0.0,0.0,-0.05000000074505806,0.0,0.0,0,ROW_FOLLOW,WAITING_FOR_CENTERLINE,0.0,0.0,0.0,0.0,0.0,0.0,0.0,0.0,0.0,2.0,0.0,0.0,0.0,0.0,0.0,0.0,0.0,0.30000001192092896,0.20000000298023224,0.20000000298023224,0.15000000596046448,0.15000000596046448,1.0,1.0,1.0,1.0
complex_qaware_v018_r2,closed_loop,complex,full,1,0.18,True,53.329375798,1785050589.3322427,4.393294964909231,0.030204773745044135,-0.02817347081548814,0.0,0.002335289371351879,5.070972894402588,0.0,0.0,0.0,nan,nan,nan,nan,nan,nan,0.0,0.0,-0.05000000074505806,0.0,0.0,0,ROW_FOLLOW,WAITING_FOR_CENTERLINE,0.0,0.0,0.0,0.0,0.0,0.0,0.0,0.0,0.0,2.0,0.0,0.0,0.0,0.0,0.0,0.0,0.0,0.30000001192092896,0.20000000298023224,0.20000000298023224,0.15000000596046448,0.15000000596046448,1.0,1.0,1.0,1.0
complex_qaware_v018_r2,closed_loop,complex,full,1,0.18,True,53.379593139,1785050589.38246,4.393294964909231,0.030204773745044135,-0.028158132433752762,0.0,0.0013705801665970625,5.070972894402588,0.0,0.0,0.0,nan,nan,nan,nan,nan,nan,0.0,0.0,-0.05000000074505806,0.0,0.0,0,ROW_FOLLOW,WAITING_FOR_CENTERLINE,0.0,0.0,0.0,0.0,0.0,0.0,0.0,0.0,0.0,2.0,0.0,0.0,0.0,0.0,0.0,0.0,0.0,0.30000001192092896,0.20000000298023224,0.20000000298023224,0.15000000596046448,0.15000000596046448,1.0,1.0,1.0,1.0
complex_qaware_v018_r2,closed_loop,complex,full,1,0.18,True,53.429409126,1785050589.432276,4.393294964909231,0.030204773745044135,-0.028164854651824726,0.0,0.0018364573067339233,5.070972894402588,0.0,0.0,0.0,nan,nan,nan,nan,nan,nan,0.0,0.0,-0.05000000074505806,0.0,0.0,0,ROW_FOLLOW,WAITING_FOR_CENTERLINE,0.0,0.0,0.0,0.0,0.0,0.0,0.0,0.0,0.0,3.0,0.0,0.0,0.0,0.0,0.0,0.0,0.0,0.30000001192092896,0.20000000298023224,0.20000000298023224,0.15000000596046448,0.15000000596046448,1.0,1.0,1.0,1.0
complex_qaware_v018_r2,closed_loop,complex,full,1,0.18,True,53.479907881,1785050589.4827747,4.393294964909231,0.030204773745044135,-0.028157161839581956,0.0,0.0012218723123287843,5.070972894402588,0.0,0.0,0.0,nan,nan,nan,nan,nan,nan,0.0,0.0,-0.05000000074505806,0.0,0.0,0,ROW_FOLLOW,WAITING_FOR_CENTERLINE,0.0,0.0,0.0,0.0,0.0,0.0,0.0,0.0,0.0,4.0,0.0,0.0,0.0,0.0,0.0,0.0,0.0,0.30000001192092896,0.20000000298023224,0.20000000298023224,0.15000000596046448,0.15000000596046448,1.0,1.0,1.0,1.0
complex_qaware_v018_r2,closed_loop,complex,full,1,0.18,True,53.529461527,1785050589.5323284,4.393294964909231,0.030204773745044135,-0.02816758488360673,0.0,0.001190305785723831,5.070972894402588,0.0,0.0,0.0,nan,nan,nan,nan,nan,nan,0.0,0.0,-0.05000000074505806,0.0,0.0,0,ROW_FOLLOW,WAITING_FOR_CENTERLINE,0.0,0.0,0.0,0.0,0.0,0.0,0.0,0.0,0.0,4.0,0.0,0.0,0.0,0.0,0.0,0.0,0.0,0.30000001192092896,0.20000000298023224,0.20000000298023224,0.15000000596046448,0.15000000596046448,1.0,1.0,1.0,1.0
complex_qaware_v018_r2,closed_loop,complex,full,1,0.18,True,53.579915129,1785050589.5827823,4.393294964909231,0.030204773745044135,-0.02817202980169942,0.0,0.0014234030584491233,5.070972894402588,0.0,0.0,0.0,nan,nan,nan,nan,nan,nan,0.0,0.0,-0.05000000074505806,0.0,0.0,1,ROW_FOLLOW,WAITING_FOR_CENTERLINE,0.0,0.0,0.0,0.0,0.0,0.0,0.0,0.0,0.0,5.0,0.0,0.0,0.0,0.0,0.0,0.0,0.0,0.30000001192092896,0.20000000298023224,0.20000000298023224,0.15000000596046448,0.15000000596046448,1.0,1.0,1.0,1.0
complex_qaware_v018_r2,closed_loop,complex,full,1,0.18,True,53.629432965,1785050589.6323001,4.393294964909231,0.030204773745044135,-0.02818680140483919,0.0,0.0015188939489265338,5.070972894402588,0.0,0.0,0.0,nan,nan,nan,nan,nan,nan,0.0,0.0,-0.05000000074505806,0.0,0.0,1,ROW_FOLLOW,WAITING_FOR_CENTERLINE,0.0,0.0,0.0,0.0,0.0,0.0,0.0,0.0,0.0,5.0,0.0,0.0,0.0,0.0,0.0,0.0,0.0,0.30000001192092896,0.20000000298023224,0.20000000298023224,0.15000000596046448,0.15000000596046448,1.0,1.0,1.0,1.0
complex_qaware_v018_r2,closed_loop,complex,full,1,0.18,True,53.681494124,1785050589.684361,4.393294964909231,0.030204773745044135,-0.028162369421635976,0.0,0.0014458743890674803,5.070972894402588,0.0,0.0,0.0,nan,nan,nan,nan,nan,nan,0.0,0.0,-0.05000000074505806,0.0,0.0,1,ROW_FOLLOW,WAITING_FOR_CENTERLINE,0.0,0.0,0.0,0.0,0.0,0.0,0.0,0.0,0.0,5.0,0.0,0.0,0.0,0.0,0.0,0.0,0.0,0.30000001192092896,0.20000000298023224,0.20000000298023224,0.15000000596046448,0.15000000596046448,1.0,1.0,1.0,1.0
complex_qaware_v018_r2,closed_loop,complex,full,1,0.18,True,53.729425269,1785050589.7322922,4.393294964909231,0.030204773745044135,-0.028118054830987404,0.0,0.0013351191999313437,5.070972894402588,0.0,0.0,0.0,nan,nan,nan,nan,nan,nan,0.0,0.0,-0.05000000074505806,0.0,0.0,0,ROW_FOLLOW,WAITING_FOR_CENTERLINE,0.0,0.0,0.0,0.0,0.0,0.0,0.0,0.0,0.0,0.0,0.0,0.0,0.0,0.0,0.0,0.0,0.0,0.30000001192092896,0.20000000298023224,0.20000000298023224,0.15000000596046448,0.15000000596046448,1.0,1.0,1.0,1.0
complex_qaware_v018_r2,closed_loop,complex,full,1,0.18,True,53.781181781,1785050589.7840486,4.393294964909231,0.030204773745044135,-0.028125023380429767,0.0,0.001020863894950939,5.070972894402588,0.0,0.0,0.0,nan,nan,nan,nan,nan,nan,0.0,0.0,-0.05000000074505806,0.0,0.0,0,ROW_FOLLOW,WAITING_FOR_CENTERLINE,0.0,0.0,0.0,0.0,0.0,0.0,0.0,0.0,0.0,0.0,0.0,0.0,0.0,0.0,0.0,0.0,0.0,0.30000001192092896,0.20000000298023224,0.20000000298023224,0.15000000596046448,0.15000000596046448,1.0,1.0,1.0,1.0
complex_qaware_v018_r2,closed_loop,complex,full,1,0.18,True,53.829416772,1785050589.8322837,4.393294964909231,0.030204773745044135,-0.028126940198523357,0.0,0.0006931452669240187,5.070972894402588,0.0,0.0,0.0,nan,nan,nan,nan,nan,nan,0.0,0.0,-0.05000000074505806,0.0,0.0,0,ROW_FOLLOW,WAITING_FOR_CENTERLINE,0.0,0.0,0.0,0.0,0.0,0.0,0.0,0.0,0.0,1.0,0.0,0.0,0.0,0.0,0.0,0.0,0.0,0.30000001192092896,0.20000000298023224,0.20000000298023224,0.15000000596046448,0.15000000596046448,1.0,1.0,1.0,1.0
complex_qaware_v018_r2,closed_loop,complex,full,1,0.18,True,53.882188859,1785050589.8850558,4.393294964909231,0.030204773745044135,-0.028154808981581077,0.0,-3.5557303631043836e-05,5.070972894402588,0.0,0.0,0.0,nan,nan,nan,nan,nan,nan,0.0,0.0,-0.05000000074505806,0.0,0.0,0,ROW_FOLLOW,WAITING_FOR_CENTERLINE,0.0,0.0,0.0,0.0,0.0,0.0,0.0,0.0,0.0,2.0,0.0,0.0,0.0,0.0,0.0,0.0,0.0,0.30000001192092896,0.20000000298023224,0.20000000298023224,0.15000000596046448,0.15000000596046448,1.0,1.0,1.0,1.0
complex_qaware_v018_r2,closed_loop,complex,full,1,0.18,True,53.929326417,1785050589.9321933,4.393294964909231,0.030204773745044135,-0.0281592921296272,0.0,0.001646417564405648,5.070972894402588,0.0,0.0,0.0,nan,nan,nan,nan,nan,nan,0.0,0.0,-0.05000000074505806,0.0,0.0,0,ROW_FOLLOW,WAITING_FOR_CENTERLINE,0.0,0.0,0.0,0.0,0.0,0.0,0.0,0.0,0.0,2.0,0.0,0.0,0.0,0.0,0.0,0.0,0.0,0.30000001192092896,0.20000000298023224,0.20000000298023224,0.15000000596046448,0.15000000596046448,1.0,1.0,1.0,1.0
complex_qaware_v018_r2,closed_loop,complex,full,1,0.18,True,53.980469603,1785050589.9833364,4.393294964909231,0.030204773745044135,-0.028141488146017142,0.0,0.00199160643674319,5.070972894402588,0.0,0.0,0.0,nan,nan,nan,nan,nan,nan,0.0,0.0,-0.05000000074505806,0.0,0.0,0,ROW_FOLLOW,WAITING_FOR_CENTERLINE,0.0,0.0,0.0,0.0,0.0,0.0,0.0,0.0,0.0,3.0,0.0,0.0,0.0,0.0,0.0,0.0,0.0,0.30000001192092896,0.20000000298023224,0.20000000298023224,0.15000000596046448,0.15000000596046448,1.0,1.0,1.0,1.0
complex_qaware_v018_r2,closed_loop,complex,full,1,0.18,True,54.029346082,1785050590.032213,4.393294964909231,0.030204773745044135,-0.028120316014558444,0.0,0.001394201879350282,5.070972894402588,0.0,0.0,0.0,nan,nan,nan,nan,nan,nan,0.0,0.0,-0.05000000074505806,0.0,0.0,0,ROW_FOLLOW,WAITING_FOR_CENTERLINE,0.0,0.0,0.0,0.0,0.0,0.0,0.0,0.0,0.0,3.0,0.0,0.0,0.0,0.0,0.0,0.0,0.0,0.30000001192092896,0.20000000298023224,0.20000000298023224,0.15000000596046448,0.15000000596046448,1.0,1.0,1.0,1.0
complex_qaware_v018_r2,closed_loop,complex,full,1,0.18,True,54.079869926,1785050590.082737,4.393294964909231,0.030204773745044135,-0.028160185012610302,0.0,0.0016191255111941989,5.070972894402588,0.0,0.0,0.0,nan,nan,nan,nan,nan,nan,0.0,0.0,-0.05000000074505806,0.0,0.0,0,ROW_FOLLOW,WAITING_FOR_CENTERLINE,0.0,0.0,0.0,0.0,0.0,0.0,0.0,0.0,0.0,3.0,0.0,0.0,0.0,0.0,0.0,0.0,0.0,0.30000001192092896,0.20000000298023224,0.20000000298023224,0.15000000596046448,0.15000000596046448,1.0,1.0,1.0,1.0
complex_qaware_v018_r2,closed_loop,complex,full,1,0.18,True,54.129350931,1785050590.132218,4.393294964909231,0.030204773745044135,-0.028148456431920557,0.0,-0.0005114529517906258,5.070972894402588,0.0,0.0,0.0,nan,nan,nan,nan,nan,nan,0.0,0.0,-0.05000000074505806,0.0,0.0,0,ROW_FOLLOW,WAITING_FOR_CENTERLINE,0.0,0.0,0.0,0.0,0.0,0.0,0.0,0.0,0.0,4.0,0.0,0.0,0.0,0.0,0.0,0.0,0.0,0.30000001192092896,0.20000000298023224,0.20000000298023224,0.15000000596046448,0.15000000596046448,1.0,1.0,1.0,1.0
complex_qaware_v018_r2,closed_loop,complex,full,1,0.18,True,54.179533616,1785050590.1824005,4.393294964909231,0.030204773745044135,-0.028135190795710134,0.0,0.0019019204149185644,5.070972894402588,0.0,0.0,0.0,nan,nan,nan,nan,nan,nan,0.0,0.0,-0.05000000074505806,0.0,0.0,0,ROW_FOLLOW,WAITING_FOR_CENTERLINE,0.0,0.0,0.0,0.0,0.0,0.0,0.0,0.0,0.0,5.0,0.0,0.0,0.0,0.0,0.0,0.0,0.0,0.30000001192092896,0.20000000298023224,0.20000000298023224,0.15000000596046448,0.15000000596046448,1.0,1.0,1.0,1.0
complex_qaware_v018_r2,closed_loop,complex,full,1,0.18,True,54.229452327,1785050590.232319,4.393294964909231,0.030204773745044135,-0.028113891469914613,0.0,0.001739100900950554,5.070972894402588,0.0,0.0,0.0,nan,nan,nan,nan,nan,nan,0.0,0.0,-0.05000000074505806,0.0,0.0,1,ROW_FOLLOW,WAITING_FOR_CENTERLINE,0.0,0.0,0.0,0.0,0.0,0.0,0.0,0.0,0.0,5.0,0.0,0.0,0.0,0.0,0.0,0.0,0.0,0.30000001192092896,0.20000000298023224,0.20000000298023224,0.15000000596046448,0.15000000596046448,1.0,1.0,1.0,1.0
complex_qaware_v018_r2,closed_loop,complex,full,1,0.18,True,54.28008747,1785050590.2829545,4.393294964909231,0.030204773745044135,-0.028129901722684817,0.0,0.001462906686205341,5.070972894402588,0.0,0.0,0.0,nan,nan,nan,nan,nan,nan,0.0,0.0,-0.05000000074505806,0.0,0.0,1,ROW_FOLLOW,WAITING_FOR_CENTERLINE,0.0,0.0,0.0,0.0,0.0,0.0,0.0,0.0,0.0,5.0,0.0,0.0,0.0,0.0,0.0,0.0,0.0,0.30000001192092896,0.20000000298023224,0.20000000298023224,0.15000000596046448,0.15000000596046448,1.0,1.0,1.0,1.0
complex_qaware_v018_r2,closed_loop,complex,full,1,0.18,True,54.32964118,1785050590.332508,4.393294964909231,0.030204773745044135,-0.028140917526346516,0.0,0.0013971732796993904,5.070972894402588,0.0,0.0,0.0,nan,nan,nan,nan,nan,nan,0.0,0.0,-0.05000000074505806,0.0,0.0,0,ROW_FOLLOW,WAITING_FOR_CENTERLINE,0.0,0.0,0.0,0.0,0.0,0.0,0.0,0.0,0.0,0.0,0.0,0.0,0.0,0.0,0.0,0.0,0.0,0.30000001192092896,0.20000000298023224,0.20000000298023224,0.15000000596046448,0.15000000596046448,1.0,1.0,1.0,1.0
complex_qaware_v018_r2,closed_loop,complex,full,1,0.18,True,54.380197826,1785050590.3830647,4.393294964909231,0.030204773745044135,-0.02814918448077375,0.0,0.001495226114568982,5.070972894402588,0.0,0.0,0.0,nan,nan,nan,nan,nan,nan,0.0,0.0,-0.05000000074505806,0.0,0.0,0,ROW_FOLLOW,WAITING_FOR_CENTERLINE,0.0,0.0,0.0,0.0,0.0,0.0,0.0,0.0,0.0,1.0,0.0,0.0,0.0,0.0,0.0,0.0,0.0,0.30000001192092896,0.20000000298023224,0.20000000298023224,0.15000000596046448,0.15000000596046448,1.0,1.0,1.0,1.0
complex_qaware_v018_r2,closed_loop,complex,full,1,0.18,True,54.429511403,1785050590.4323783,4.393294964909231,0.030204773745044135,-0.028104440943419025,0.0,0.0019984215534870043,5.070972894402588,0.0,0.0,0.0,nan,nan,nan,nan,nan,nan,0.0,0.0,-0.05000000074505806,0.0,0.0,0,ROW_FOLLOW,WAITING_FOR_CENTERLINE,0.0,0.0,0.0,0.0,0.0,0.0,0.0,0.0,0.0,1.0,0.0,0.0,0.0,0.0,0.0,0.0,0.0,0.30000001192092896,0.20000000298023224,0.20000000298023224,0.15000000596046448,0.15000000596046448,1.0,1.0,1.0,1.0
complex_qaware_v018_r2,closed_loop,complex,full,1,0.18,True,54.479477667,1785050590.4823446,4.393294964909231,0.030204773745044135,-0.02806739175417273,0.0,0.0011111405266945695,5.070972894402588,0.0,0.0,0.0,nan,nan,nan,nan,nan,nan,0.0,0.0,-0.05000000074505806,0.0,0.0,0,ROW_FOLLOW,WAITING_FOR_CENTERLINE,0.0,0.0,0.0,0.0,0.0,0.0,0.0,0.0,0.0,1.0,0.0,0.0,0.0,0.0,0.0,0.0,0.0,0.30000001192092896,0.20000000298023224,0.20000000298023224,0.15000000596046448,0.15000000596046448,1.0,1.0,1.0,1.0
complex_qaware_v018_r2,closed_loop,complex,full,1,0.18,True,54.529421242,1785050590.5322883,4.393294964909231,0.030204773745044135,-0.028071374510733715,0.0,0.0013072566146545344,5.070972894402588,0.0,0.0,0.0,nan,nan,nan,nan,nan,nan,0.0,0.0,-0.05000000074505806,0.0,0.0,0,ROW_FOLLOW,WAITING_FOR_CENTERLINE,0.0,0.0,0.0,0.0,0.0,0.0,0.0,0.0,0.0,2.0,0.0,0.0,0.0,0.0,0.0,0.0,0.0,0.30000001192092896,0.20000000298023224,0.20000000298023224,0.15000000596046448,0.15000000596046448,1.0,1.0,1.0,1.0
complex_qaware_v018_r2,closed_loop,complex,full,1,0.18,True,54.580905205,1785050590.5837722,4.393294964909231,0.030204773745044135,-0.028075863613851823,0.0,0.0012835702358377295,5.070972894402588,0.0,0.0,0.0,nan,nan,nan,nan,nan,nan,0.0,0.0,-0.05000000074505806,0.0,0.0,0,ROW_FOLLOW,WAITING_FOR_CENTERLINE,0.0,0.0,0.0,0.0,0.0,0.0,0.0,0.0,0.0,3.0,0.0,0.0,0.0,0.0,0.0,0.0,0.0,0.30000001192092896,0.20000000298023224,0.20000000298023224,0.15000000596046448,0.15000000596046448,1.0,1.0,1.0,1.0
complex_qaware_v018_r2,closed_loop,complex,full,1,0.18,True,54.629491565,1785050590.6323583,4.393294964909231,0.030204773745044135,-0.028079326087472104,0.0,0.001596406790293107,5.070972894402588,0.0,0.0,0.0,nan,nan,nan,nan,nan,nan,0.0,0.0,-0.05000000074505806,0.0,0.0,0,ROW_FOLLOW,WAITING_FOR_CENTERLINE,0.0,0.0,0.0,0.0,0.0,0.0,0.0,0.0,0.0,3.0,0.0,0.0,0.0,0.0,0.0,0.0,0.0,0.30000001192092896,0.20000000298023224,0.20000000298023224,0.15000000596046448,0.15000000596046448,1.0,1.0,1.0,1.0
complex_qaware_v018_r2,closed_loop,complex,full,1,0.18,True,54.679985457,1785050590.6828523,4.393294964909231,0.030204773745044135,-0.02806092343641709,0.0,0.0016725049060667702,5.070972894402588,0.0,0.0,0.0,nan,nan,nan,nan,nan,nan,0.0,0.0,-0.05000000074505806,0.0,0.0,0,ROW_FOLLOW,WAITING_FOR_CENTERLINE,0.0,0.0,0.0,0.0,0.0,0.0,0.0,0.0,0.0,3.0,0.0,0.0,0.0,0.0,0.0,0.0,0.0,0.30000001192092896,0.20000000298023224,0.20000000298023224,0.15000000596046448,0.15000000596046448,1.0,1.0,1.0,1.0
complex_qaware_v018_r2,closed_loop,complex,full,1,0.18,True,54.729559104,1785050590.732426,4.393294964909231,0.030204773745044135,-0.028048918844362444,0.0,0.0014195828575128482,5.070972894402588,0.0,0.0,0.0,nan,nan,nan,nan,nan,nan,0.0,0.0,-0.05000000074505806,0.0,0.0,0,ROW_FOLLOW,WAITING_FOR_CENTERLINE,0.0,0.0,0.0,0.0,0.0,0.0,0.0,0.0,0.0,4.0,0.0,0.0,0.0,0.0,0.0,0.0,0.0,0.30000001192092896,0.20000000298023224,0.20000000298023224,0.15000000596046448,0.15000000596046448,1.0,1.0,1.0,1.0
complex_qaware_v018_r2,closed_loop,complex,full,1,0.18,True,54.78101785,1785050590.7838848,4.393294964909231,0.030204773745044135,-0.028031094058805106,0.0,0.0014849430548576768,5.070972894402588,0.0,0.0,0.0,nan,nan,nan,nan,nan,nan,0.0,0.0,-0.05000000074505806,0.0,0.0,0,ROW_FOLLOW,WAITING_FOR_CENTERLINE,0.0,0.0,0.0,0.0,0.0,0.0,0.0,0.0,0.0,4.0,0.0,0.0,0.0,0.0,0.0,0.0,0.0,0.30000001192092896,0.20000000298023224,0.20000000298023224,0.15000000596046448,0.15000000596046448,1.0,1.0,1.0,1.0
complex_qaware_v018_r2,closed_loop,complex,full,1,0.18,True,54.829521648,1785050590.8323886,4.393294964909231,0.030204773745044135,-0.028022220432875066,0.0,0.001548827403600454,5.070972894402588,0.0,0.0,0.0,nan,nan,nan,nan,nan,nan,0.0,0.0,-0.05000000074505806,0.0,0.0,1,ROW_FOLLOW,WAITING_FOR_CENTERLINE,0.0,0.0,0.0,0.0,0.0,0.0,0.0,0.0,0.0,5.0,0.0,0.0,0.0,0.0,0.0,0.0,0.0,0.30000001192092896,0.20000000298023224,0.20000000298023224,0.15000000596046448,0.15000000596046448,1.0,1.0,1.0,1.0
complex_qaware_v018_r2,closed_loop,complex,full,1,0.18,True,54.879435367,1785050590.8823023,4.393294964909231,0.030204773745044135,-0.02799432157242787,0.0,0.0012911502505713612,5.070972894402588,0.0,0.0,0.0,nan,nan,nan,nan,nan,nan,0.0,0.0,-0.05000000074505806,0.0,0.0,0,ROW_FOLLOW,WAITING_FOR_CENTERLINE,0.0,0.0,0.0,0.0,0.0,0.0,0.0,0.0,0.0,0.0,0.0,0.0,0.0,0.0,0.0,0.0,0.0,0.30000001192092896,0.20000000298023224,0.20000000298023224,0.15000000596046448,0.15000000596046448,1.0,1.0,1.0,1.0
complex_qaware_v018_r2,closed_loop,complex,full,1,0.18,True,54.929904235,1785050590.932771,4.393294964909231,0.030204773745044135,-0.027996400013835743,0.0,0.000951372805672391,5.070972894402588,0.0,0.0,0.0,nan,nan,nan,nan,nan,nan,0.0,0.0,-0.05000000074505806,0.0,0.0,0,ROW_FOLLOW,WAITING_FOR_CENTERLINE,0.0,0.0,0.0,0.0,0.0,0.0,0.0,0.0,0.0,0.0,0.0,0.0,0.0,0.0,0.0,0.0,0.0,0.30000001192092896,0.20000000298023224,0.20000000298023224,0.15000000596046448,0.15000000596046448,1.0,1.0,1.0,1.0
complex_qaware_v018_r2,closed_loop,complex,full,1,0.18,True,54.97991354,1785050590.9827805,4.393294964909231,0.030204773745044135,-0.02798252637527199,0.0,0.0013889922940275054,5.070972894402588,0.0,0.0,0.0,nan,nan,nan,nan,nan,nan,0.0,0.0,-0.05000000074505806,0.0,0.0,0,ROW_FOLLOW,WAITING_FOR_CENTERLINE,0.0,0.0,0.0,0.0,0.0,0.0,0.0,0.0,0.0,0.0,0.0,0.0,0.0,0.0,0.0,0.0,0.0,0.30000001192092896,0.20000000298023224,0.20000000298023224,0.15000000596046448,0.15000000596046448,1.0,1.0,1.0,1.0
complex_qaware_v018_r2,closed_loop,complex,full,1,0.18,True,55.029369424,1785050591.0322363,4.393294964909231,0.030204773745044135,-0.027969532379733767,0.0,0.0015911077030369737,5.070972894402588,0.0,0.0,0.0,nan,nan,nan,nan,nan,nan,0.0,0.0,-0.05000000074505806,0.0,0.0,0,ROW_FOLLOW,WAITING_FOR_CENTERLINE,0.0,0.0,0.0,0.0,0.0,0.0,0.0,0.0,0.0,1.0,0.0,0.0,0.0,0.0,0.0,0.0,0.0,0.30000001192092896,0.20000000298023224,0.20000000298023224,0.15000000596046448,0.15000000596046448,1.0,1.0,1.0,1.0
complex_qaware_v018_r2,closed_loop,complex,full,1,0.18,True,55.081071601,1785050591.0839386,4.393294964909231,0.030204773745044135,-0.027927479349729722,0.0,0.00042594419402004367,5.070972894402588,0.0,0.0,0.0,nan,nan,nan,nan,nan,nan,0.0,0.0,-0.05000000074505806,0.0,0.0,0,ROW_FOLLOW,WAITING_FOR_CENTERLINE,0.0,0.0,0.0,0.0,0.0,0.0,0.0,0.0,0.0,2.0,0.0,0.0,0.0,0.0,0.0,0.0,0.0,0.30000001192092896,0.20000000298023224,0.20000000298023224,0.15000000596046448,0.15000000596046448,1.0,1.0,1.0,1.0
complex_qaware_v018_r2,closed_loop,complex,full,1,0.18,True,55.129427877,1785050591.132295,4.393294964909231,0.030204773745044135,-0.02798312041146599,0.0,0.0025705041541580747,5.070972894402588,0.0,0.0,0.0,nan,nan,nan,nan,nan,nan,0.0,0.0,-0.05000000074505806,0.0,0.0,0,ROW_FOLLOW,WAITING_FOR_CENTERLINE,0.0,0.0,0.0,0.0,0.0,0.0,0.0,0.0,0.0,2.0,0.0,0.0,0.0,0.0,0.0,0.0,0.0,0.30000001192092896,0.20000000298023224,0.20000000298023224,0.15000000596046448,0.15000000596046448,1.0,1.0,1.0,1.0
complex_qaware_v018_r2,closed_loop,complex,full,1,0.18,True,55.18186159,1785050591.1847286,4.393294964909231,0.030204773745044135,-0.027915511139590798,0.0,0.0019031575117396025,5.070972894402588,0.0,0.0,0.0,nan,nan,nan,nan,nan,nan,0.0,0.0,-0.05000000074505806,0.0,0.0,0,ROW_FOLLOW,WAITING_FOR_CENTERLINE,0.0,0.0,0.0,0.0,0.0,0.0,0.0,0.0,0.0,3.0,0.0,0.0,0.0,0.0,0.0,0.0,0.0,0.30000001192092896,0.20000000298023224,0.20000000298023224,0.15000000596046448,0.15000000596046448,1.0,1.0,1.0,1.0
complex_qaware_v018_r2,closed_loop,complex,full,1,0.18,True,55.229378199,1785050591.2322452,4.393294964909231,0.030204773745044135,-0.0279136679374865,0.0,0.00022931531110691183,5.070972894402588,0.0,0.0,0.0,nan,nan,nan,nan,nan,nan,0.0,0.0,-0.05000000074505806,0.0,0.0,0,ROW_FOLLOW,WAITING_FOR_CENTERLINE,0.0,0.0,0.0,0.0,0.0,0.0,0.0,0.0,0.0,3.0,0.0,0.0,0.0,0.0,0.0,0.0,0.0,0.30000001192092896,0.20000000298023224,0.20000000298023224,0.15000000596046448,0.15000000596046448,1.0,1.0,1.0,1.0
complex_qaware_v018_r2,closed_loop,complex,full,1,0.18,True,55.27935,1785050591.282217,4.393294964909231,0.030204773745044135,-0.027929484937822668,0.0,0.0010319102654405628,5.070972894402588,0.0,0.0,0.0,nan,nan,nan,nan,nan,nan,0.0,0.0,-0.05000000074505806,0.0,0.0,0,ROW_FOLLOW,WAITING_FOR_CENTERLINE,0.0,0.0,0.0,0.0,0.0,0.0,0.0,0.0,0.0,4.0,0.0,0.0,0.0,0.0,0.0,0.0,0.0,0.30000001192092896,0.20000000298023224,0.20000000298023224,0.15000000596046448,0.15000000596046448,1.0,1.0,1.0,1.0
complex_qaware_v018_r2,closed_loop,complex,full,1,0.18,True,55.329462956,1785050591.33233,4.393294964909231,0.030204773745044135,-0.027928449889806473,0.0,0.0005522398767165009,5.070972894402588,0.0,0.0,0.0,nan,nan,nan,nan,nan,nan,0.0,0.0,-0.05000000074505806,0.0,0.0,0,ROW_FOLLOW,WAITING_FOR_CENTERLINE,0.0,0.0,0.0,0.0,0.0,0.0,0.0,0.0,0.0,4.0,0.0,0.0,0.0,0.0,0.0,0.0,0.0,0.30000001192092896,0.20000000298023224,0.20000000298023224,0.15000000596046448,0.15000000596046448,1.0,1.0,1.0,1.0
complex_qaware_v018_r2,closed_loop,complex,full,1,0.18,True,55.37990536,1785050591.3827722,4.393294964909231,0.030204773745044135,-0.027914703324683824,0.0,0.0016617956245735083,5.070972894402588,0.0,0.0,0.0,nan,nan,nan,nan,nan,nan,0.0,0.0,-0.05000000074505806,0.0,0.0,0,ROW_FOLLOW,WAITING_FOR_CENTERLINE,0.0,0.0,0.0,0.0,0.0,0.0,0.0,0.0,0.0,4.0,0.0,0.0,0.0,0.0,0.0,0.0,0.0,0.30000001192092896,0.20000000298023224,0.20000000298023224,0.15000000596046448,0.15000000596046448,1.0,1.0,1.0,1.0
complex_qaware_v018_r2,closed_loop,complex,full,1,0.18,True,55.429750694,1785050591.4326177,4.393294964909231,0.030204773745044135,-0.02790744407905299,0.0,0.0015147355880757252,5.070972894402588,0.0,0.0,0.0,nan,nan,nan,nan,nan,nan,0.0,0.0,-0.05000000074505806,0.0,0.0,1,ROW_FOLLOW,WAITING_FOR_CENTERLINE,0.0,0.0,0.0,0.0,0.0,0.0,0.0,0.0,0.0,5.0,0.0,0.0,0.0,0.0,0.0,0.0,0.0,0.30000001192092896,0.20000000298023224,0.20000000298023224,0.15000000596046448,0.15000000596046448,1.0,1.0,1.0,1.0
complex_qaware_v018_r2,closed_loop,complex,full,1,0.18,True,55.480584851,1785050591.4834518,4.393294964909231,0.030204773745044135,-0.02790397783606257,0.0,0.0013351414388898693,5.070972894402588,0.0,0.0,0.0,nan,nan,nan,nan,nan,nan,0.0,0.0,-0.05000000074505806,0.0,0.0,1,ROW_FOLLOW,WAITING_FOR_CENTERLINE,0.0,0.0,0.0,0.0,0.0,0.0,0.0,0.0,0.0,5.0,0.0,0.0,0.0,0.0,0.0,0.0,0.0,0.30000001192092896,0.20000000298023224,0.20000000298023224,0.15000000596046448,0.15000000596046448,1.0,1.0,1.0,1.0
complex_qaware_v018_r2,closed_loop,complex,full,1,0.18,True,55.529526165,1785050591.5323932,4.393294964909231,0.030204773745044135,-0.027897494598906124,0.0,0.0012898901456076385,5.070972894402588,0.0,0.0,0.0,nan,nan,nan,nan,nan,nan,0.0,0.0,-0.05000000074505806,0.0,0.0,0,ROW_FOLLOW,WAITING_FOR_CENTERLINE,0.0,0.0,0.0,0.0,0.0,0.0,0.0,0.0,0.0,0.0,0.0,0.0,0.0,0.0,0.0,0.0,0.0,0.30000001192092896,0.20000000298023224,0.20000000298023224,0.15000000596046448,0.15000000596046448,1.0,1.0,1.0,1.0
complex_qaware_v018_r2,closed_loop,complex,full,1,0.18,True,55.580596871,1785050591.583464,4.393294964909231,0.030204773745044135,-0.027870110087806925,0.0,0.0018149731562410426,5.070972894402588,0.0,0.0,0.0,nan,nan,nan,nan,nan,nan,0.0,0.0,-0.05000000074505806,0.0,0.0,0,ROW_FOLLOW,WAITING_FOR_CENTERLINE,0.0,0.0,0.0,0.0,0.0,0.0,0.0,0.0,0.0,0.0,0.0,0.0,0.0,0.0,0.0,0.0,0.0,0.30000001192092896,0.20000000298023224,0.20000000298023224,0.15000000596046448,0.15000000596046448,1.0,1.0,1.0,1.0
complex_qaware_v018_r2,closed_loop,complex,full,1,0.18,True,55.629516744,1785050591.6323838,4.393294964909231,0.030204773745044135,-0.027860814377915776,0.0,0.0017239433170367867,5.070972894402588,0.0,0.0,0.0,nan,nan,nan,nan,nan,nan,0.0,0.0,-0.05000000074505806,0.0,0.0,0,ROW_FOLLOW,WAITING_FOR_CENTERLINE,0.0,0.0,0.0,0.0,0.0,0.0,0.0,0.0,0.0,1.0,0.0,0.0,0.0,0.0,0.0,0.0,0.0,0.30000001192092896,0.20000000298023224,0.20000000298023224,0.15000000596046448,0.15000000596046448,1.0,1.0,1.0,1.0
complex_qaware_v018_r2,closed_loop,complex,full,1,0.18,True,55.679864457,1785050591.6827316,4.393294964909231,0.030204773745044135,-0.027865145759113925,0.0,0.0012198027770278313,5.070972894402588,0.0,0.0,0.0,nan,nan,nan,nan,nan,nan,0.0,0.0,-0.05000000074505806,0.0,0.0,0,ROW_FOLLOW,WAITING_FOR_CENTERLINE,0.0,0.0,0.0,0.0,0.0,0.0,0.0,0.0,0.0,2.0,0.0,0.0,0.0,0.0,0.0,0.0,0.0,0.30000001192092896,0.20000000298023224,0.20000000298023224,0.15000000596046448,0.15000000596046448,1.0,1.0,1.0,1.0
complex_qaware_v018_r2,closed_loop,complex,full,1,0.18,True,55.72972352,1785050591.7325907,4.393294964909231,0.030204773745044135,-0.027871546676317308,0.0,0.0010409576907849224,5.070972894402588,0.0,0.0,0.0,nan,nan,nan,nan,nan,nan,0.0,0.0,-0.05000000074505806,0.0,0.0,0,ROW_FOLLOW,WAITING_FOR_CENTERLINE,0.0,0.0,0.0,0.0,0.0,0.0,0.0,0.0,0.0,2.0,0.0,0.0,0.0,0.0,0.0,0.0,0.0,0.30000001192092896,0.20000000298023224,0.20000000298023224,0.15000000596046448,0.15000000596046448,1.0,1.0,1.0,1.0
complex_qaware_v018_r2,closed_loop,complex,full,1,0.18,True,55.779344593,1785050591.7822115,4.393294964909231,0.030204773745044135,-0.027888711294044025,0.0,0.00045329095127338354,5.070972894402588,0.0,0.0,0.0,nan,nan,nan,nan,nan,nan,0.0,0.0,-0.05000000074505806,0.0,0.0,0,ROW_FOLLOW,WAITING_FOR_CENTERLINE,0.0,0.0,0.0,0.0,0.0,0.0,0.0,0.0,0.0,2.0,0.0,0.0,0.0,0.0,0.0,0.0,0.0,0.30000001192092896,0.20000000298023224,0.20000000298023224,0.15000000596046448,0.15000000596046448,1.0,1.0,1.0,1.0
complex_qaware_v018_r2,closed_loop,complex,full,1,0.18,True,55.829517134,1785050591.832384,4.393294964909231,0.030204773745044135,-0.02789252534406962,0.0,0.001250778454334037,5.070972894402588,0.0,0.0,0.0,nan,nan,nan,nan,nan,nan,0.0,0.0,-0.05000000074505806,0.0,0.0,0,ROW_FOLLOW,WAITING_FOR_CENTERLINE,0.0,0.0,0.0,0.0,0.0,0.0,0.0,0.0,0.0,3.0,0.0,0.0,0.0,0.0,0.0,0.0,0.0,0.30000001192092896,0.20000000298023224,0.20000000298023224,0.15000000596046448,0.15000000596046448,1.0,1.0,1.0,1.0
complex_qaware_v018_r2,closed_loop,complex,full,1,0.18,True,55.880470238,1785050591.8833373,4.393294964909231,0.030204773745044135,-0.02787524706944079,0.0,0.0015713191652000737,5.070972894402588,0.0,0.0,0.0,nan,nan,nan,nan,nan,nan,0.0,0.0,-0.05000000074505806,0.0,0.0,0,ROW_FOLLOW,WAITING_FOR_CENTERLINE,0.0,0.0,0.0,0.0,0.0,0.0,0.0,0.0,0.0,3.0,0.0,0.0,0.0,0.0,0.0,0.0,0.0,0.30000001192092896,0.20000000298023224,0.20000000298023224,0.15000000596046448,0.15000000596046448,1.0,1.0,1.0,1.0
complex_qaware_v018_r2,closed_loop,complex,full,1,0.18,True,55.930138192,1785050591.933005,4.393294964909231,0.030204773745044135,-0.027887184046877067,0.0,0.0010638035360843526,5.070972894402588,0.0,0.0,0.0,nan,nan,nan,nan,nan,nan,0.0,0.0,-0.05000000074505806,0.0,0.0,0,ROW_FOLLOW,WAITING_FOR_CENTERLINE,0.0,0.0,0.0,0.0,0.0,0.0,0.0,0.0,0.0,4.0,0.0,0.0,0.0,0.0,0.0,0.0,0.0,0.30000001192092896,0.20000000298023224,0.20000000298023224,0.15000000596046448,0.15000000596046448,1.0,1.0,1.0,1.0
complex_qaware_v018_r2,closed_loop,complex,full,1,0.18,True,55.980751192,1785050591.983618,4.393294964909231,0.030204773745044135,-0.027868764207831454,0.0,0.0010578966015955373,5.070972894402588,0.0,0.0,0.0,nan,nan,nan,nan,nan,nan,0.0,0.0,-0.05000000074505806,0.0,0.0,1,ROW_FOLLOW,WAITING_FOR_CENTERLINE,0.0,0.0,0.0,0.0,0.0,0.0,0.0,0.0,0.0,5.0,0.0,0.0,0.0,0.0,0.0,0.0,0.0,0.30000001192092896,0.20000000298023224,0.20000000298023224,0.15000000596046448,0.15000000596046448,1.0,1.0,1.0,1.0
complex_qaware_v018_r2,closed_loop,complex,full,1,0.18,True,56.029546806,1785050592.0324137,4.393294964909231,0.030204773745044135,-0.027859354890738423,0.0,0.0019985590065899304,5.070972894402588,0.0,0.0,0.0,nan,nan,nan,nan,nan,nan,0.0,0.0,-0.05000000074505806,0.0,0.0,1,ROW_FOLLOW,WAITING_FOR_CENTERLINE,0.0,0.0,0.0,0.0,0.0,0.0,0.0,0.0,0.0,5.0,0.0,0.0,0.0,0.0,0.0,0.0,0.0,0.30000001192092896,0.20000000298023224,0.20000000298023224,0.15000000596046448,0.15000000596046448,1.0,1.0,1.0,1.0
complex_qaware_v018_r2,closed_loop,complex,full,1,0.18,True,56.079380333,1785050592.0822473,4.393294964909231,0.030204773745044135,-0.02782978001055403,0.0,0.002113898523555008,5.070972894402588,0.0,0.0,0.0,nan,nan,nan,nan,nan,nan,0.0,0.0,-0.05000000074505806,0.0,0.0,0,ROW_FOLLOW,WAITING_FOR_CENTERLINE,0.0,0.0,0.0,0.0,0.0,0.0,0.0,0.0,0.0,0.0,0.0,0.0,0.0,0.0,0.0,0.0,0.0,0.30000001192092896,0.20000000298023224,0.20000000298023224,0.15000000596046448,0.15000000596046448,1.0,1.0,1.0,1.0
complex_qaware_v018_r2,closed_loop,complex,full,1,0.18,True,56.129478122,1785050592.1323452,4.393294964909231,0.030204773745044135,-0.027818891650948988,0.0,0.0012687057185412397,5.070972894402588,0.0,0.0,0.0,nan,nan,nan,nan,nan,nan,0.0,0.0,-0.05000000074505806,0.0,0.0,0,ROW_FOLLOW,WAITING_FOR_CENTERLINE,0.0,0.0,0.0,0.0,0.0,0.0,0.0,0.0,0.0,0.0,0.0,0.0,0.0,0.0,0.0,0.0,0.0,0.30000001192092896,0.20000000298023224,0.20000000298023224,0.15000000596046448,0.15000000596046448,1.0,1.0,1.0,1.0
complex_qaware_v018_r2,closed_loop,complex,full,1,0.18,True,56.179762795,1785050592.1826296,4.393294964909231,0.030204773745044135,-0.0278206092190052,0.0,0.0006884025028589245,5.070972894402588,0.0,0.0,0.0,nan,nan,nan,nan,nan,nan,0.0,0.0,-0.05000000074505806,0.0,0.0,0,ROW_FOLLOW,WAITING_FOR_CENTERLINE,0.0,0.0,0.0,0.0,0.0,0.0,0.0,0.0,0.0,1.0,0.0,0.0,0.0,0.0,0.0,0.0,0.0,0.30000001192092896,0.20000000298023224,0.20000000298023224,0.15000000596046448,0.15000000596046448,1.0,1.0,1.0,1.0
complex_qaware_v018_r2,closed_loop,complex,full,1,0.18,True,56.229622627,1785050592.2324896,4.393294964909231,0.030204773745044135,-0.027826784422388957,0.0,0.001157185701739504,5.070972894402588,0.0,0.0,0.0,nan,nan,nan,nan,nan,nan,0.0,0.0,-0.05000000074505806,0.0,0.0,0,ROW_FOLLOW,WAITING_FOR_CENTERLINE,0.0,0.0,0.0,0.0,0.0,0.0,0.0,0.0,0.0,1.0,0.0,0.0,0.0,0.0,0.0,0.0,0.0,0.30000001192092896,0.20000000298023224,0.20000000298023224,0.15000000596046448,0.15000000596046448,1.0,1.0,1.0,1.0
complex_qaware_v018_r2,closed_loop,complex,full,1,0.18,True,56.280587443,1785050592.2834544,4.393294964909231,0.030204773745044135,-0.027810952324816007,0.0,0.0013728187072479543,5.070972894402588,0.0,0.0,0.0,nan,nan,nan,nan,nan,nan,0.0,0.0,-0.05000000074505806,0.0,0.0,0,ROW_FOLLOW,WAITING_FOR_CENTERLINE,0.0,0.0,0.0,0.0,0.0,0.0,0.0,0.0,0.0,2.0,0.0,0.0,0.0,0.0,0.0,0.0,0.0,0.30000001192092896,0.20000000298023224,0.20000000298023224,0.15000000596046448,0.15000000596046448,1.0,1.0,1.0,1.0
complex_qaware_v018_r2,closed_loop,complex,full,1,0.18,True,56.329545974,1785050592.332413,4.393294964909231,0.030204773745044135,-0.0277987109911133,0.0,0.0013038422147359447,5.070972894402588,0.0,0.0,0.0,nan,nan,nan,nan,nan,nan,0.0,0.0,-0.05000000074505806,0.0,0.0,0,ROW_FOLLOW,WAITING_FOR_CENTERLINE,0.0,0.0,0.0,0.0,0.0,0.0,0.0,0.0,0.0,2.0,0.0,0.0,0.0,0.0,0.0,0.0,0.0,0.30000001192092896,0.20000000298023224,0.20000000298023224,0.15000000596046448,0.15000000596046448,1.0,1.0,1.0,1.0
complex_qaware_v018_r2,closed_loop,complex,full,1,0.18,True,56.379879736,1785050592.3827467,4.393294964909231,0.030204773745044135,-0.027798804684096907,0.0,0.0015680855590376379,5.070972894402588,0.0,0.0,0.0,nan,nan,nan,nan,nan,nan,0.0,0.0,-0.05000000074505806,0.0,0.0,0,ROW_FOLLOW,WAITING_FOR_CENTERLINE,0.0,0.0,0.0,0.0,0.0,0.0,0.0,0.0,0.0,2.0,0.0,0.0,0.0,0.0,0.0,0.0,0.0,0.30000001192092896,0.20000000298023224,0.20000000298023224,0.15000000596046448,0.15000000596046448,1.0,1.0,1.0,1.0
complex_qaware_v018_r2,closed_loop,complex,full,1,0.18,True,56.429483722,1785050592.4323506,4.393294964909231,0.030204773745044135,-0.02780867605140937,0.0,0.00103125203244282,5.070972894402588,0.0,0.0,0.0,nan,nan,nan,nan,nan,nan,0.0,0.0,-0.05000000074505806,0.0,0.0,0,ROW_FOLLOW,WAITING_FOR_CENTERLINE,0.0,0.0,0.0,0.0,0.0,0.0,0.0,0.0,0.0,3.0,0.0,0.0,0.0,0.0,0.0,0.0,0.0,0.30000001192092896,0.20000000298023224,0.20000000298023224,0.15000000596046448,0.15000000596046448,1.0,1.0,1.0,1.0
complex_qaware_v018_r2,closed_loop,complex,full,1,0.18,True,56.479674057,1785050592.482541,4.393294964909231,0.030204773745044135,-0.02781237210621646,0.0,0.0014204300418348647,5.070972894402588,0.0,0.0,0.0,nan,nan,nan,nan,nan,nan,0.0,0.0,-0.05000000074505806,0.0,0.0,0,ROW_FOLLOW,WAITING_FOR_CENTERLINE,0.0,0.0,0.0,0.0,0.0,0.0,0.0,0.0,0.0,4.0,0.0,0.0,0.0,0.0,0.0,0.0,0.0,0.30000001192092896,0.20000000298023224,0.20000000298023224,0.15000000596046448,0.15000000596046448,1.0,1.0,1.0,1.0
complex_qaware_v018_r2,closed_loop,complex,full,1,0.18,True,56.530321267,1785050592.533188,4.393294964909231,0.030204773745044135,-0.027807115924852074,0.0,0.0015214462780872551,5.070972894402588,0.0,0.0,0.0,nan,nan,nan,nan,nan,nan,0.0,0.0,-0.05000000074505806,0.0,0.0,0,ROW_FOLLOW,WAITING_FOR_CENTERLINE,0.0,0.0,0.0,0.0,0.0,0.0,0.0,0.0,0.0,4.0,0.0,0.0,0.0,0.0,0.0,0.0,0.0,0.30000001192092896,0.20000000298023224,0.20000000298023224,0.15000000596046448,0.15000000596046448,1.0,1.0,1.0,1.0
complex_qaware_v018_r2,closed_loop,complex,full,1,0.18,True,56.579804193,1785050592.5826712,4.393294964909231,0.030204773745044135,-0.0278250222596994,0.0,0.0012800912237293214,5.070972894402588,0.0,0.0,0.0,nan,nan,nan,nan,nan,nan,0.0,0.0,-0.05000000074505806,0.0,0.0,1,ROW_FOLLOW,WAITING_FOR_CENTERLINE,0.0,0.0,0.0,0.0,0.0,0.0,0.0,0.0,0.0,5.0,0.0,0.0,0.0,0.0,0.0,0.0,0.0,0.30000001192092896,0.20000000298023224,0.20000000298023224,0.15000000596046448,0.15000000596046448,1.0,1.0,1.0,1.0
complex_qaware_v018_r2,closed_loop,complex,full,1,0.18,True,56.62947778,1785050592.6323447,4.393294964909231,0.030204773745044135,-0.027836346518547387,0.0,0.00036769177117875325,5.070972894402588,0.0,0.0,0.0,nan,nan,nan,nan,nan,nan,0.0,0.0,-0.05000000074505806,0.0,0.0,1,ROW_FOLLOW,WAITING_FOR_CENTERLINE,0.0,0.0,0.0,0.0,0.0,0.0,0.0,0.0,0.0,5.0,0.0,0.0,0.0,0.0,0.0,0.0,0.0,0.30000001192092896,0.20000000298023224,0.20000000298023224,0.15000000596046448,0.15000000596046448,1.0,1.0,1.0,1.0
complex_qaware_v018_r2,closed_loop,complex,full,1,0.18,True,56.679313995,1785050592.682181,4.393294964909231,0.030204773745044135,-0.02784863670729676,0.0,0.0016957727330731774,5.070972894402588,0.0,0.0,0.0,nan,nan,nan,nan,nan,nan,0.0,0.0,-0.05000000074505806,0.0,0.0,0,ROW_FOLLOW,WAITING_FOR_CENTERLINE,0.0,0.0,0.0,0.0,0.0,0.0,0.0,0.0,0.0,0.0,0.0,0.0,0.0,0.0,0.0,0.0,0.0,0.30000001192092896,0.20000000298023224,0.20000000298023224,0.15000000596046448,0.15000000596046448,1.0,1.0,1.0,1.0
complex_qaware_v018_r2,closed_loop,complex,full,1,0.18,True,56.729449513,1785050592.7323165,4.393294964909231,0.030204773745044135,-0.02785012720238145,0.0,0.0010114518460155935,5.070972894402588,0.0,0.0,0.0,nan,nan,nan,nan,nan,nan,0.0,0.0,-0.05000000074505806,0.0,0.0,0,ROW_FOLLOW,WAITING_FOR_CENTERLINE,0.0,0.0,0.0,0.0,0.0,0.0,0.0,0.0,0.0,0.0,0.0,0.0,0.0,0.0,0.0,0.0,0.0,0.30000001192092896,0.20000000298023224,0.20000000298023224,0.15000000596046448,0.15000000596046448,1.0,1.0,1.0,1.0
complex_qaware_v018_r2,closed_loop,complex,full,1,0.18,True,56.779829196,1785050592.7826962,4.393294964909231,0.030204773745044135,-0.02788025493492042,0.0,0.001104405854549869,5.070972894402588,0.0,0.0,0.0,nan,nan,nan,nan,nan,nan,0.0,0.0,-0.05000000074505806,0.0,0.0,0,ROW_FOLLOW,WAITING_FOR_CENTERLINE,0.0,0.0,0.0,0.0,0.0,0.0,0.0,0.0,0.0,1.0,0.0,0.0,0.0,0.0,0.0,0.0,0.0,0.30000001192092896,0.20000000298023224,0.20000000298023224,0.15000000596046448,0.15000000596046448,1.0,1.0,1.0,1.0
complex_qaware_v018_r2,closed_loop,complex,full,1,0.18,True,56.829430142,1785050592.8322973,4.393294964909231,0.030204773745044135,-0.02787833805309204,0.0,0.0009624176187087533,5.070972894402588,0.0,0.0,0.0,nan,nan,nan,nan,nan,nan,0.0,0.0,-0.05000000074505806,0.0,0.0,0,ROW_FOLLOW,WAITING_FOR_CENTERLINE,0.0,0.0,0.0,0.0,0.0,0.0,0.0,0.0,0.0,1.0,0.0,0.0,0.0,0.0,0.0,0.0,0.0,0.30000001192092896,0.20000000298023224,0.20000000298023224,0.15000000596046448,0.15000000596046448,1.0,1.0,1.0,1.0
complex_qaware_v018_r2,closed_loop,complex,full,1,0.18,True,56.879723007,1785050592.88259,4.393294964909231,0.030204773745044135,-0.027903773976787782,0.0,0.0008702315032044982,5.070972894402588,0.0,0.0,0.0,nan,nan,nan,nan,nan,nan,0.0,0.0,-0.05000000074505806,0.0,0.0,0,ROW_FOLLOW,WAITING_FOR_CENTERLINE,0.0,0.0,0.0,0.0,0.0,0.0,0.0,0.0,0.0,2.0,0.0,0.0,0.0,0.0,0.0,0.0,0.0,0.30000001192092896,0.20000000298023224,0.20000000298023224,0.15000000596046448,0.15000000596046448,1.0,1.0,1.0,1.0
complex_qaware_v018_r2,closed_loop,complex,full,1,0.18,True,56.929575287,1785050592.9324422,4.393294964909231,0.030204773745044135,-0.0279087522035608,0.0,0.0015732295403179605,5.070972894402588,0.0,0.0,0.0,nan,nan,nan,nan,nan,nan,0.0,0.0,-0.05000000074505806,0.0,0.0,0,ROW_FOLLOW,WAITING_FOR_CENTERLINE,0.0,0.0,0.0,0.0,0.0,0.0,0.0,0.0,0.0,2.0,0.0,0.0,0.0,0.0,0.0,0.0,0.0,0.30000001192092896,0.20000000298023224,0.20000000298023224,0.15000000596046448,0.15000000596046448,1.0,1.0,1.0,1.0
complex_qaware_v018_r2,closed_loop,complex,full,1,0.18,True,56.98117327,1785050592.9840403,4.393294964909231,0.030204773745044135,-0.02790628659140504,0.0,0.001693531566192675,5.070972894402588,0.0,0.0,0.0,nan,nan,nan,nan,nan,nan,0.0,0.0,-0.05000000074505806,0.0,0.0,0,ROW_FOLLOW,WAITING_FOR_CENTERLINE,0.0,0.0,0.0,0.0,0.0,0.0,0.0,0.0,0.0,3.0,0.0,0.0,0.0,0.0,0.0,0.0,0.0,0.30000001192092896,0.20000000298023224,0.20000000298023224,0.15000000596046448,0.15000000596046448,1.0,1.0,1.0,1.0
complex_qaware_v018_r2,closed_loop,complex,full,1,0.18,True,57.029618253,1785050593.032485,4.393294964909231,0.030204773745044135,-0.027906459246479276,0.0,0.001401059529887109,5.070972894402588,0.0,0.0,0.0,nan,nan,nan,nan,nan,nan,0.0,0.0,-0.05000000074505806,0.0,0.0,0,ROW_FOLLOW,WAITING_FOR_CENTERLINE,0.0,0.0,0.0,0.0,0.0,0.0,0.0,0.0,0.0,3.0,0.0,0.0,0.0,0.0,0.0,0.0,0.0,0.30000001192092896,0.20000000298023224,0.20000000298023224,0.15000000596046448,0.15000000596046448,1.0,1.0,1.0,1.0
complex_qaware_v018_r2,closed_loop,complex,full,1,0.18,True,57.080100628,1785050593.0829675,4.393294964909231,0.030204773745044135,-0.027927062383579677,0.0,-1.977062470330423e-05,5.070972894402588,0.0,0.0,0.0,nan,nan,nan,nan,nan,nan,0.0,0.0,-0.05000000074505806,0.0,0.0,0,ROW_FOLLOW,WAITING_FOR_CENTERLINE,0.0,0.0,0.0,0.0,0.0,0.0,0.0,0.0,0.0,4.0,0.0,0.0,0.0,0.0,0.0,0.0,0.0,0.30000001192092896,0.20000000298023224,0.20000000298023224,0.15000000596046448,0.15000000596046448,1.0,1.0,1.0,1.0
complex_qaware_v018_r2,closed_loop,complex,full,1,0.18,True,57.12951293,1785050593.13238,4.393294964909231,0.030204773745044135,-0.027928153205494695,0.0,0.0016782451122842926,5.070972894402588,0.0,0.0,0.0,nan,nan,nan,nan,nan,nan,0.0,0.0,-0.05000000074505806,0.0,0.0,0,ROW_FOLLOW,WAITING_FOR_CENTERLINE,0.0,0.0,0.0,0.0,0.0,0.0,0.0,0.0,0.0,4.0,0.0,0.0,0.0,0.0,0.0,0.0,0.0,0.30000001192092896,0.20000000298023224,0.20000000298023224,0.15000000596046448,0.15000000596046448,1.0,1.0,1.0,1.0
complex_qaware_v018_r2,closed_loop,complex,full,1,0.18,True,57.181540044,1785050593.184407,4.393294964909231,0.030204773745044135,-0.02791947373288829,0.0,0.0018067136502415686,5.070972894402588,0.0,0.0,0.0,nan,nan,nan,nan,nan,nan,0.0,0.0,-0.05000000074505806,0.0,0.0,1,ROW_FOLLOW,WAITING_FOR_CENTERLINE,0.0,0.0,0.0,0.0,0.0,0.0,0.0,0.0,0.0,5.0,0.0,0.0,0.0,0.0,0.0,0.0,0.0,0.30000001192092896,0.20000000298023224,0.20000000298023224,0.15000000596046448,0.15000000596046448,1.0,1.0,1.0,1.0
complex_qaware_v018_r2,closed_loop,complex,full,1,0.18,True,57.229495353,1785050593.2323623,4.393294964909231,0.030204773745044135,-0.027931787029018097,0.0,0.0013097418631035451,5.070972894402588,0.0,0.0,0.0,nan,nan,nan,nan,nan,nan,0.0,0.0,-0.05000000074505806,0.0,0.0,1,ROW_FOLLOW,WAITING_FOR_CENTERLINE,0.0,0.0,0.0,0.0,0.0,0.0,0.0,0.0,0.0,5.0,0.0,0.0,0.0,0.0,0.0,0.0,0.0,0.30000001192092896,0.20000000298023224,0.20000000298023224,0.15000000596046448,0.15000000596046448,1.0,1.0,1.0,1.0
complex_qaware_v018_r2,closed_loop,complex,full,1,0.18,True,57.279562614,1785050593.2824295,4.393294964909231,0.030204773745044135,-0.027925519254742064,0.0,0.0012454497699698917,5.070972894402588,0.0,0.0,0.0,nan,nan,nan,nan,nan,nan,0.0,0.0,-0.05000000074505806,0.0,0.0,1,ROW_FOLLOW,WAITING_FOR_CENTERLINE,0.0,0.0,0.0,0.0,0.0,0.0,0.0,0.0,0.0,5.0,0.0,0.0,0.0,0.0,0.0,0.0,0.0,0.30000001192092896,0.20000000298023224,0.20000000298023224,0.15000000596046448,0.15000000596046448,1.0,1.0,1.0,1.0
complex_qaware_v018_r2,closed_loop,complex,full,1,0.18,True,57.329461456,1785050593.3323286,4.393294964909231,0.030204773745044135,-0.027930430407242746,0.0,0.0009953905686487373,5.070972894402588,0.0,0.0,0.0,nan,nan,nan,nan,nan,nan,0.0,0.0,-0.05000000074505806,0.0,0.0,0,ROW_FOLLOW,WAITING_FOR_CENTERLINE,0.0,0.0,0.0,0.0,0.0,0.0,0.0,0.0,0.0,0.0,0.0,0.0,0.0,0.0,0.0,0.0,0.0,0.30000001192092896,0.20000000298023224,0.20000000298023224,0.15000000596046448,0.15000000596046448,1.0,1.0,1.0,1.0
complex_qaware_v018_r2,closed_loop,complex,full,1,0.18,True,57.381434585,1785050593.3843017,4.393294964909231,0.030204773745044135,-0.027932703997087593,0.0,0.001522991821028705,5.070972894402588,0.0,0.0,0.0,nan,nan,nan,nan,nan,nan,0.0,0.0,-0.05000000074505806,0.0,0.0,0,ROW_FOLLOW,WAITING_FOR_CENTERLINE,0.0,0.0,0.0,0.0,0.0,0.0,0.0,0.0,0.0,1.0,0.0,0.0,0.0,0.0,0.0,0.0,0.0,0.30000001192092896,0.20000000298023224,0.20000000298023224,0.15000000596046448,0.15000000596046448,1.0,1.0,1.0,1.0
complex_qaware_v018_r2,closed_loop,complex,full,1,0.18,True,57.429647435,1785050593.4325142,4.393294964909231,0.030204773745044135,-0.027897940415538166,0.0,0.002367374115549734,5.070972894402588,0.0,0.0,0.0,nan,nan,nan,nan,nan,nan,0.0,0.0,-0.05000000074505806,0.0,0.0,0,ROW_FOLLOW,WAITING_FOR_CENTERLINE,0.0,0.0,0.0,0.0,0.0,0.0,0.0,0.0,0.0,1.0,0.0,0.0,0.0,0.0,0.0,0.0,0.0,0.30000001192092896,0.20000000298023224,0.20000000298023224,0.15000000596046448,0.15000000596046448,1.0,1.0,1.0,1.0
complex_qaware_v018_r2,closed_loop,complex,full,1,0.18,True,57.481702646,1785050593.4845695,4.393294964909231,0.030204773745044135,-0.027903685111086315,0.0,0.001191951365677156,5.070972894402588,0.0,0.0,0.0,nan,nan,nan,nan,nan,nan,0.0,0.0,-0.05000000074505806,0.0,0.0,0,ROW_FOLLOW,WAITING_FOR_CENTERLINE,0.0,0.0,0.0,0.0,0.0,0.0,0.0,0.0,0.0,2.0,0.0,0.0,0.0,0.0,0.0,0.0,0.0,0.30000001192092896,0.20000000298023224,0.20000000298023224,0.15000000596046448,0.15000000596046448,1.0,1.0,1.0,1.0
complex_qaware_v018_r2,closed_loop,complex,full,1,0.18,True,57.529631362,1785050593.5324984,4.393294964909231,0.030204773745044135,-0.027882860762129532,0.0,0.0015998239573722475,5.070972894402588,0.0,0.0,0.0,nan,nan,nan,nan,nan,nan,0.0,0.0,-0.05000000074505806,0.0,0.0,0,ROW_FOLLOW,WAITING_FOR_CENTERLINE,0.0,0.0,0.0,0.0,0.0,0.0,0.0,0.0,0.0,2.0,0.0,0.0,0.0,0.0,0.0,0.0,0.0,0.30000001192092896,0.20000000298023224,0.20000000298023224,0.15000000596046448,0.15000000596046448,1.0,1.0,1.0,1.0
complex_qaware_v018_r2,closed_loop,complex,full,1,0.18,True,57.583773597,1785050593.5866406,4.393294964909231,0.030204773745044135,-0.027883531566522457,0.0,0.0015859915702039669,5.070972894402588,0.0,0.0,0.0,nan,nan,nan,nan,nan,nan,0.0,0.0,-0.05000000074505806,0.0,0.0,0,ROW_FOLLOW,WAITING_FOR_CENTERLINE,0.0,0.0,0.0,0.0,0.0,0.0,0.0,0.0,0.0,3.0,0.0,0.0,0.0,0.0,0.0,0.0,0.0,0.30000001192092896,0.20000000298023224,0.20000000298023224,0.15000000596046448,0.15000000596046448,1.0,1.0,1.0,1.0
complex_qaware_v018_r2,closed_loop,complex,full,1,0.18,True,57.629433141,1785050593.6323001,4.393294964909231,0.030204773745044135,-0.02788280977596402,0.0,0.0012691589581823974,5.070972894402588,0.0,0.0,0.0,nan,nan,nan,nan,nan,nan,0.0,0.0,-0.05000000074505806,0.0,0.0,0,ROW_FOLLOW,WAITING_FOR_CENTERLINE,0.0,0.0,0.0,0.0,0.0,0.0,0.0,0.0,0.0,3.0,0.0,0.0,0.0,0.0,0.0,0.0,0.0,0.30000001192092896,0.20000000298023224,0.20000000298023224,0.15000000596046448,0.15000000596046448,1.0,1.0,1.0,1.0
complex_qaware_v018_r2,closed_loop,complex,full,1,0.18,True,57.679524659,1785050593.6823916,4.393294964909231,0.030204773745044135,-0.02787626457420167,0.0,0.0012408010896434202,5.070972894402588,0.0,0.0,0.0,nan,nan,nan,nan,nan,nan,0.0,0.0,-0.05000000074505806,0.0,0.0,0,ROW_FOLLOW,WAITING_FOR_CENTERLINE,0.0,0.0,0.0,0.0,0.0,0.0,0.0,0.0,0.0,4.0,0.0,0.0,0.0,0.0,0.0,0.0,0.0,0.30000001192092896,0.20000000298023224,0.20000000298023224,0.15000000596046448,0.15000000596046448,1.0,1.0,1.0,1.0
complex_qaware_v018_r2,closed_loop,complex,full,1,0.18,True,57.729486829,1785050593.7323537,4.393294964909231,0.030204773745044135,-0.027874051874095862,0.0,0.001319152079746209,5.070972894402588,0.0,0.0,0.0,nan,nan,nan,nan,nan,nan,0.0,0.0,-0.05000000074505806,0.0,0.0,0,ROW_FOLLOW,WAITING_FOR_CENTERLINE,0.0,0.0,0.0,0.0,0.0,0.0,0.0,0.0,0.0,4.0,0.0,0.0,0.0,0.0,0.0,0.0,0.0,0.30000001192092896,0.20000000298023224,0.20000000298023224,0.15000000596046448,0.15000000596046448,1.0,1.0,1.0,1.0
complex_qaware_v018_r2,closed_loop,complex,full,1,0.18,True,57.779316837,1785050593.7821836,4.393294964909231,0.030204773745044135,-0.02788947762825655,0.0,0.0010687044826431704,5.070972894402588,0.0,0.0,0.0,nan,nan,nan,nan,nan,nan,0.0,0.0,-0.05000000074505806,0.0,0.0,1,ROW_FOLLOW,WAITING_FOR_CENTERLINE,0.0,0.0,0.0,0.0,0.0,0.0,0.0,0.0,0.0,5.0,0.0,0.0,0.0,0.0,0.0,0.0,0.0,0.30000001192092896,0.20000000298023224,0.20000000298023224,0.15000000596046448,0.15000000596046448,1.0,1.0,1.0,1.0
complex_qaware_v018_r2,closed_loop,complex,full,1,0.18,True,57.829501317,1785050593.8323684,4.393294964909231,0.030204773745044135,-0.02788345685915149,0.0,0.0010195357428526117,5.070972894402588,0.0,0.0,0.0,nan,nan,nan,nan,nan,nan,0.0,0.0,-0.05000000074505806,0.0,0.0,1,ROW_FOLLOW,WAITING_FOR_CENTERLINE,0.0,0.0,0.0,0.0,0.0,0.0,0.0,0.0,0.0,5.0,0.0,0.0,0.0,0.0,0.0,0.0,0.0,0.30000001192092896,0.20000000298023224,0.20000000298023224,0.15000000596046448,0.15000000596046448,1.0,1.0,1.0,1.0
complex_qaware_v018_r2,closed_loop,complex,full,1,0.18,True,57.88060809,1785050593.8834748,4.393294964909231,0.030204773745044135,-0.027895277359058387,0.0,0.0018437331571703832,5.070972894402588,0.0,0.0,0.0,nan,nan,nan,nan,nan,nan,0.0,0.0,-0.05000000074505806,0.0,0.0,0,ROW_FOLLOW,WAITING_FOR_CENTERLINE,0.0,0.0,0.0,0.0,0.0,0.0,0.0,0.0,0.0,0.0,0.0,0.0,0.0,0.0,0.0,0.0,0.0,0.30000001192092896,0.20000000298023224,0.20000000298023224,0.15000000596046448,0.15000000596046448,1.0,1.0,1.0,1.0
complex_qaware_v018_r2,closed_loop,complex,full,1,0.18,True,57.929479004,1785050593.9323459,4.393294964909231,0.030204773745044135,-0.02792146678823568,0.0,0.0010045888694169387,5.070972894402588,0.0,0.0,0.0,nan,nan,nan,nan,nan,nan,0.0,0.0,-0.05000000074505806,0.0,0.0,0,ROW_FOLLOW,WAITING_FOR_CENTERLINE,0.0,0.0,0.0,0.0,0.0,0.0,0.0,0.0,0.0,0.0,0.0,0.0,0.0,0.0,0.0,0.0,0.0,0.30000001192092896,0.20000000298023224,0.20000000298023224,0.15000000596046448,0.15000000596046448,1.0,1.0,1.0,1.0
complex_qaware_v018_r2,closed_loop,complex,full,1,0.18,True,57.980123366,1785050593.9829903,4.393294964909231,0.030204773745044135,-0.027940951546550966,0.0,0.0004004216156963572,5.070972894402588,0.0,0.0,0.0,nan,nan,nan,nan,nan,nan,0.0,0.0,-0.05000000074505806,0.0,0.0,0,ROW_FOLLOW,WAITING_FOR_CENTERLINE,0.0,0.0,0.0,0.0,0.0,0.0,0.0,0.0,0.0,0.0,0.0,0.0,0.0,0.0,0.0,0.0,0.0,0.30000001192092896,0.20000000298023224,0.20000000298023224,0.15000000596046448,0.15000000596046448,1.0,1.0,1.0,1.0
complex_qaware_v018_r2,closed_loop,complex,full,1,0.18,True,58.02952194,1785050594.032389,4.393294964909231,0.030204773745044135,-0.027934944634583576,0.0,0.0009257573634027235,5.070972894402588,0.0,0.0,0.0,nan,nan,nan,nan,nan,nan,0.0,0.0,-0.05000000074505806,0.0,0.0,0,ROW_FOLLOW,WAITING_FOR_CENTERLINE,0.0,0.0,0.0,0.0,0.0,0.0,0.0,0.0,0.0,1.0,0.0,0.0,0.0,0.0,0.0,0.0,0.0,0.30000001192092896,0.20000000298023224,0.20000000298023224,0.15000000596046448,0.15000000596046448,1.0,1.0,1.0,1.0
complex_qaware_v018_r2,closed_loop,complex,full,1,0.18,True,58.079787351,1785050594.0826542,4.393294964909231,0.030204773745044135,-0.027938953431738692,0.0,0.0005056100492832455,5.070972894402588,0.0,0.0,0.0,nan,nan,nan,nan,nan,nan,0.0,0.0,-0.05000000074505806,0.0,0.0,0,ROW_FOLLOW,WAITING_FOR_CENTERLINE,0.0,0.0,0.0,0.0,0.0,0.0,0.0,0.0,0.0,2.0,0.0,0.0,0.0,0.0,0.0,0.0,0.0,0.30000001192092896,0.20000000298023224,0.20000000298023224,0.15000000596046448,0.15000000596046448,1.0,1.0,1.0,1.0
complex_qaware_v018_r2,closed_loop,complex,full,1,0.18,True,58.129348522,1785050594.1322155,4.393294964909231,0.030204773745044135,-0.027959623441892834,0.0,0.0010086507310503553,5.070972894402588,0.0,0.0,0.0,nan,nan,nan,nan,nan,nan,0.0,0.0,-0.05000000074505806,0.0,0.0,0,ROW_FOLLOW,WAITING_FOR_CENTERLINE,0.0,0.0,0.0,0.0,0.0,0.0,0.0,0.0,0.0,2.0,0.0,0.0,0.0,0.0,0.0,0.0,0.0,0.30000001192092896,0.20000000298023224,0.20000000298023224,0.15000000596046448,0.15000000596046448,1.0,1.0,1.0,1.0
complex_qaware_v018_r2,closed_loop,complex,full,1,0.18,True,58.180024982,1785050594.182892,4.393294964909231,0.030204773745044135,-0.02793569618532344,0.0,0.0011011956800312792,5.070972894402588,0.0,0.0,0.0,nan,nan,nan,nan,nan,nan,0.0,0.0,-0.05000000074505806,0.0,0.0,0,ROW_FOLLOW,WAITING_FOR_CENTERLINE,0.0,0.0,0.0,0.0,0.0,0.0,0.0,0.0,0.0,3.0,0.0,0.0,0.0,0.0,0.0,0.0,0.0,0.30000001192092896,0.20000000298023224,0.20000000298023224,0.15000000596046448,0.15000000596046448,1.0,1.0,1.0,1.0
complex_qaware_v018_r2,closed_loop,complex,full,1,0.18,True,58.229478246,1785050594.232345,4.393294964909231,0.030204773745044135,-0.027953486049125054,0.0,0.0007056735076029221,5.070972894402588,0.0,0.0,0.0,nan,nan,nan,nan,nan,nan,0.0,0.0,-0.05000000074505806,0.0,0.0,0,ROW_FOLLOW,WAITING_FOR_CENTERLINE,0.0,0.0,0.0,0.0,0.0,0.0,0.0,0.0,0.0,3.0,0.0,0.0,0.0,0.0,0.0,0.0,0.0,0.30000001192092896,0.20000000298023224,0.20000000298023224,0.15000000596046448,0.15000000596046448,1.0,1.0,1.0,1.0
complex_qaware_v018_r2,closed_loop,complex,full,1,0.18,True,58.280383895,1785050594.283251,4.393294964909231,0.030204773745044135,-0.027975659291576974,0.0,0.0015713029422956635,5.070972894402588,0.0,0.0,0.0,nan,nan,nan,nan,nan,nan,0.0,0.0,-0.05000000074505806,0.0,0.0,0,ROW_FOLLOW,WAITING_FOR_CENTERLINE,0.0,0.0,0.0,0.0,0.0,0.0,0.0,0.0,0.0,3.0,0.0,0.0,0.0,0.0,0.0,0.0,0.0,0.30000001192092896,0.20000000298023224,0.20000000298023224,0.15000000596046448,0.15000000596046448,1.0,1.0,1.0,1.0
complex_qaware_v018_r2,closed_loop,complex,full,1,0.18,True,58.329495904,1785050594.3323627,4.393294964909231,0.030204773745044135,-0.027967582595584527,0.0,0.0013531256007848973,5.070972894402588,0.0,0.0,0.0,nan,nan,nan,nan,nan,nan,0.0,0.0,-0.05000000074505806,0.0,0.0,0,ROW_FOLLOW,WAITING_FOR_CENTERLINE,0.0,0.0,0.0,0.0,0.0,0.0,0.0,0.0,0.0,4.0,0.0,0.0,0.0,0.0,0.0,0.0,0.0,0.30000001192092896,0.20000000298023224,0.20000000298023224,0.15000000596046448,0.15000000596046448,1.0,1.0,1.0,1.0
complex_qaware_v018_r2,closed_loop,complex,full,1,0.18,True,58.380006248,1785050594.382873,4.393294964909231,0.030204773745044135,-0.027960396817794837,0.0,0.001120457553366666,5.070972894402588,0.0,0.0,0.0,nan,nan,nan,nan,nan,nan,0.0,0.0,-0.05000000074505806,0.0,0.0,1,ROW_FOLLOW,WAITING_FOR_CENTERLINE,0.0,0.0,0.0,0.0,0.0,0.0,0.0,0.0,0.0,5.0,0.0,0.0,0.0,0.0,0.0,0.0,0.0,0.30000001192092896,0.20000000298023224,0.20000000298023224,0.15000000596046448,0.15000000596046448,1.0,1.0,1.0,1.0
complex_qaware_v018_r2,closed_loop,complex,full,1,0.18,True,58.429495737,1785050594.4323628,4.393294964909231,0.030204773745044135,-0.027958810125050092,0.0,0.0013153738030471861,5.070972894402588,0.0,0.0,0.0,nan,nan,nan,nan,nan,nan,0.0,0.0,-0.05000000074505806,0.0,0.0,1,ROW_FOLLOW,WAITING_FOR_CENTERLINE,0.0,0.0,0.0,0.0,0.0,0.0,0.0,0.0,0.0,5.0,0.0,0.0,0.0,0.0,0.0,0.0,0.0,0.30000001192092896,0.20000000298023224,0.20000000298023224,0.15000000596046448,0.15000000596046448,1.0,1.0,1.0,1.0
complex_qaware_v018_r2,closed_loop,complex,full,1,0.18,True,58.480216326,1785050594.4830832,4.393294964909231,0.030204773745044135,-0.028000642403418048,0.0,0.001013940881163682,5.070972894402588,0.0,0.0,0.0,nan,nan,nan,nan,nan,nan,0.0,0.0,-0.05000000074505806,0.0,0.0,0,ROW_FOLLOW,WAITING_FOR_CENTERLINE,0.0,0.0,0.0,0.0,0.0,0.0,0.0,0.0,0.0,0.0,0.0,0.0,0.0,0.0,0.0,0.0,0.0,0.30000001192092896,0.20000000298023224,0.20000000298023224,0.15000000596046448,0.15000000596046448,1.0,1.0,1.0,1.0
complex_qaware_v018_r2,closed_loop,complex,full,1,0.18,True,58.529444561,1785050594.5323114,4.393294964909231,0.030204773745044135,-0.027981553441458903,0.0,0.0013900103830272624,5.070972894402588,0.0,0.0,0.0,nan,nan,nan,nan,nan,nan,0.0,0.0,-0.05000000074505806,0.0,0.0,0,ROW_FOLLOW,WAITING_FOR_CENTERLINE,0.0,0.0,0.0,0.0,0.0,0.0,0.0,0.0,0.0,0.0,0.0,0.0,0.0,0.0,0.0,0.0,0.0,0.30000001192092896,0.20000000298023224,0.20000000298023224,0.15000000596046448,0.15000000596046448,1.0,1.0,1.0,1.0
complex_qaware_v018_r2,closed_loop,complex,full,1,0.18,True,58.58026096,1785050594.5831277,4.393294964909231,0.030204773745044135,-0.027987256595036314,0.0,0.0012028757157472693,5.070972894402588,0.0,0.0,0.0,nan,nan,nan,nan,nan,nan,0.0,0.0,-0.05000000074505806,0.0,0.0,0,ROW_FOLLOW,WAITING_FOR_CENTERLINE,0.0,0.0,0.0,0.0,0.0,0.0,0.0,0.0,0.0,0.0,0.0,0.0,0.0,0.0,0.0,0.0,0.0,0.30000001192092896,0.20000000298023224,0.20000000298023224,0.15000000596046448,0.15000000596046448,1.0,1.0,1.0,1.0
complex_qaware_v018_r2,closed_loop,complex,full,1,0.18,True,58.629397961,1785050594.6322649,4.393294964909231,0.030204773745044135,-0.027978537898975198,0.0,0.0007201340761511859,5.070972894402588,0.0,0.0,0.0,nan,nan,nan,nan,nan,nan,0.0,0.0,-0.05000000074505806,0.0,0.0,0,ROW_FOLLOW,WAITING_FOR_CENTERLINE,0.0,0.0,0.0,0.0,0.0,0.0,0.0,0.0,0.0,1.0,0.0,0.0,0.0,0.0,0.0,0.0,0.0,0.30000001192092896,0.20000000298023224,0.20000000298023224,0.15000000596046448,0.15000000596046448,1.0,1.0,1.0,1.0
complex_qaware_v018_r2,closed_loop,complex,full,1,0.18,True,58.680191768,1785050594.6830587,4.393294964909231,0.030204773745044135,-0.027983565124166006,0.0,0.0010147560955779513,5.070972894402588,0.0,0.0,0.0,nan,nan,nan,nan,nan,nan,0.0,0.0,-0.05000000074505806,0.0,0.0,0,ROW_FOLLOW,WAITING_FOR_CENTERLINE,0.0,0.0,0.0,0.0,0.0,0.0,0.0,0.0,0.0,2.0,0.0,0.0,0.0,0.0,0.0,0.0,0.0,0.30000001192092896,0.20000000298023224,0.20000000298023224,0.15000000596046448,0.15000000596046448,1.0,1.0,1.0,1.0
complex_qaware_v018_r2,closed_loop,complex,full,1,0.18,True,58.729532773,1785050594.7323997,4.393294964909231,0.030204773745044135,-0.02797828037714999,0.0,0.0013530607994356595,5.070972894402588,0.0,0.0,0.0,nan,nan,nan,nan,nan,nan,0.0,0.0,-0.05000000074505806,0.0,0.0,0,ROW_FOLLOW,WAITING_FOR_CENTERLINE,0.0,0.0,0.0,0.0,0.0,0.0,0.0,0.0,0.0,2.0,0.0,0.0,0.0,0.0,0.0,0.0,0.0,0.30000001192092896,0.20000000298023224,0.20000000298023224,0.15000000596046448,0.15000000596046448,1.0,1.0,1.0,1.0
