trial_id,experiment_type,scenario,perception_method,repeat_index,nominal_speed_mps,quality_aware,time_s,ros_time_s,x_m,y_m,yaw_rad,odom_linear_mps,odom_angular_rps,travel_distance_m,cmd_linear_mps,cmd_angular_rps,path_points,path_first_x_m,path_first_y_m,path_mid_x_m,path_mid_y_m,path_last_x_m,path_last_y_m,corridor_width_m,safety_margin_m,error_budget_m,published_confidence,control_quality_factor,headland_detected,navigation_mode,navigation_safety_state,valid,left_points,right_points,row_yaw_rad,center_offset_m,left_slope,left_intercept,right_slope,right_intercept,line_lost_count,support_score,observation_score,width_score,residual_score,safety_score,observed_valid_ratio,raw_confidence,support_weight,observation_weight,width_weight,residual_weight,safety_weight,innermost_enabled,robust_enabled,temporal_enabled,parallel_enabled
complex_fixed_v018_r1,closed_loop,complex,full,1,0.18,False,11.86960377,1785050989.101287,0.0,0.0,-0.00019796542443506493,0.0,0.0012525457634967963,0.0,0.18,0.20788332906792306,21.0,0.0014161303794632356,0.04991754392782847,1.0010120958089832,0.021587946855773532,2.000608046849569,-0.006741650402545929,0.5990906953811646,0.16887839138507843,0.11887839436531067,0.7668905258178711,1.0,0,ROW_FOLLOW,TRACKING,1.0,106.0,124.0,-0.025000128895044327,0.04908916354179382,0.0,0.3538320064544678,0.0,-0.2556536793708801,0.0,0.523809552192688,0.6333332657814026,0.9690951108932495,0.9284130930900574,1.0,0.3333333432674408,0.7668905258178711,0.30000001192092896,0.20000000298023224,0.20000000298023224,0.15000000596046448,0.15000000596046448,1.0,1.0,1.0,1.0
complex_fixed_v018_r1,closed_loop,complex,full,1,0.18,False,11.919497953,1785050989.151181,0.0,0.0,-0.00020024939708385156,0.0,0.00122821787083621,0.0,0.18,0.20298812685676573,21.0,0.0013894746564178959,0.04895528456897502,1.0009854586150062,0.02062568763514215,2.000581371637787,-0.007703909657152987,0.5988638997077942,0.16849805414676666,0.1184980571269989,0.7621068954467773,1.0,0,ROW_FOLLOW,TRACKING,1.0,112.0,118.0,-0.024801045656204224,0.047757282853126526,0.0,0.35259175300598145,0.0,-0.2570771872997284,0.0,0.5079364776611328,0.6333332657814026,0.9679338335990906,0.9298166632652283,1.0,0.3333333432674408,0.7621068954467773,0.30000001192092896,0.20000000298023224,0.20000000298023224,0.15000000596046448,0.15000000596046448,1.0,1.0,1.0,1.0
complex_fixed_v018_r1,closed_loop,complex,full,1,0.18,False,11.969425481,1785050989.2011085,4.4416503557336674e-05,-8.793827796800085e-09,-0.00019798559043593405,0.00028031212125511365,0.0016572899914668482,4.4417317914847075e-05,0.18,0.19310754964709673,19.0,0.0013272707054344933,0.04661534808839637,0.9009788031944866,0.021572725322220373,1.867270182363655,-0.0053634987302942526,0.5981605052947998,0.16761593520641327,0.11761593818664551,0.7713937759399414,1.0,0,ROW_FOLLOW,TRACKING,1.0,113.0,133.0,-0.02820982225239277,0.04678697884082794,0.0,0.3514527976512909,0.0,-0.257878839969635,0.0,0.5396825075149536,0.6333332657814026,0.9686766266822815,0.9272467494010925,1.0,0.3333333432674408,0.7713937759399414,0.30000001192092896,0.20000000298023224,0.20000000298023224,0.15000000596046448,0.15000000596046448,1.0,1.0,1.0,1.0
complex_fixed_v018_r1,closed_loop,complex,full,1,0.18,False,12.018899109,1785050989.250582,0.0005064719078874916,0.0003233368136050647,-0.00021718790592073497,0.0012117035754646165,0.0005373148125782995,0.0006180591735943992,0.18,0.19197298250586675,21.0,0.0015281608690247408,0.04627467138455373,1.0011920942659003,0.020417043473508034,2.001016159262443,-0.004951718043171734,0.5989128947257996,0.1690528839826584,0.11905288696289062,0.7675493955612183,1.0,0,ROW_FOLLOW,TRACKING,1.0,124.0,135.0,-0.025162236765027046,0.04545460641384125,0.0,0.34990954399108887,0.0,-0.25900033116340637,0.0,0.523809552192688,0.6333332657814026,0.9699500799179077,0.9316658973693848,1.0,0.3333333432674408,0.7675493955612183,0.30000001192092896,0.20000000298023224,0.20000000298023224,0.15000000596046448,0.15000000596046448,1.0,1.0,1.0,1.0
complex_fixed_v018_r1,closed_loop,complex,full,1,0.18,False,12.069307098,1785050989.30099,0.0006078221707028858,0.00032332965373704656,-0.0002181643698309088,0.0014277796674567896,0.00178616007931237,0.0007194115123344417,0.18,0.1920326592761057,21.0,0.0015281608690247408,0.04627467138455373,1.0011920942659003,0.020417043473508034,2.001016159262443,-0.004951718043171734,0.5989128947257996,0.1690528839826584,0.11905288696289062,0.7675493955612183,1.0,0,ROW_FOLLOW,TRACKING,1.0,124.0,135.0,-0.025162236765027046,0.04545460641384125,0.0,0.34990954399108887,0.0,-0.25900033116340637,0.0,0.523809552192688,0.6333332657814026,0.9699500799179077,0.9316658973693848,1.0,0.3333333432674408,0.7675493955612183,0.30000001192092896,0.20000000298023224,0.20000000298023224,0.15000000596046448,0.15000000596046448,1.0,1.0,1.0,1.0
complex_fixed_v018_r1,closed_loop,complex,full,1,0.18,False,12.118967227,1785050989.3506503,0.0005982058359425591,0.0003233346036039744,-0.00019116157442722323,0.0010589965372748728,0.0018742190602957164,0.0007290326186527334,0.18,0.1913408017315132,21.0,0.0016756060884080097,0.04596934938149041,1.0013567667590832,0.020739584605054585,2.0010642647572268,-0.0060701965468301575,0.5992314219474792,0.16801972687244415,0.11801972985267639,0.7690895795822144,1.0,0,ROW_FOLLOW,TRACKING,1.0,110.0,126.0,-0.026302045211195946,0.0455448180437088,0.0,0.3502338230609894,0.0,-0.2591441869735718,0.0,0.5317460298538208,0.6333332657814026,0.9685046076774597,0.9279884099960327,1.0,0.3333333432674408,0.7690895795822144,0.30000001192092896,0.20000000298023224,0.20000000298023224,0.15000000596046448,0.15000000596046448,1.0,1.0,1.0,1.0
complex_fixed_v018_r1,closed_loop,complex,full,1,0.18,False,12.169063112,1785050989.4007463,0.0005585668831661408,0.0009859433652528217,0.0001200601085766806,0.0,0.01895881923075392,0.001434405462541181,0.18,0.18756234333563104,21.0,0.0016756060884080097,0.04596934938149041,1.0013567667590832,0.020739584605054585,2.0010642647572268,-0.0060701965468301575,0.5992314219474792,0.16801972687244415,0.11801972985267639,0.7690895795822144,1.0,0,ROW_FOLLOW,TRACKING,1.0,110.0,126.0,-0.026302045211195946,0.0455448180437088,0.0,0.3502338230609894,0.0,-0.2591441869735718,0.0,0.5317460298538208,0.6333332657814026,0.9685046076774597,0.9279884099960327,1.0,0.3333333432674408,0.7690895795822144,0.30000001192092896,0.20000000298023224,0.20000000298023224,0.15000000596046448,0.15000000596046448,1.0,1.0,1.0,1.0
complex_fixed_v018_r1,closed_loop,complex,full,1,0.18,False,12.219428477,1785050989.4511113,0.0005585668831661408,0.0009859433652528217,-0.00015441774034741232,0.0,-0.01594814763909791,0.001434405462541181,0.18,0.1872828501073872,21.0,0.001757961854219639,0.046157215528610775,1.0014118088032593,0.019853006931738814,2.001065625794808,-0.006451202031840331,0.5996651649475098,0.168264701962471,0.11826470494270325,0.7559272050857544,1.0,0,ROW_FOLLOW,TRACKING,1.0,109.0,147.0,-0.027510249987244606,0.04588702321052551,0.0,0.35067373514175415,0.0,-0.2588996887207031,0.0,0.4841269552707672,0.6333332657814026,0.9704903960227966,0.9328290820121765,1.0,0.3333333432674408,0.7559272050857544,0.30000001192092896,0.20000000298023224,0.20000000298023224,0.15000000596046448,0.15000000596046448,1.0,1.0,1.0,1.0
complex_fixed_v018_r1,closed_loop,complex,full,1,0.18,False,12.269264226,1785050989.5009472,0.002199083722967253,0.0002737748618299764,0.00062465870960704,0.014272114072463678,-0.0015555734412448692,0.0032228347954863113,0.18,0.19047028925687168,21.0,0.001757961854219639,0.046157215528610775,1.0014118088032593,0.019853006931738814,2.001065625794808,-0.006451202031840331,0.5996651649475098,0.168264701962471,0.11826470494270325,0.7559272050857544,1.0,0,ROW_FOLLOW,TRACKING,1.0,109.0,147.0,-0.027510249987244606,0.04588702321052551,0.0,0.35067373514175415,0.0,-0.2588996887207031,0.0,0.4841269552707672,0.6333332657814026,0.9704903960227966,0.9328290820121765,1.0,0.3333333432674408,0.7559272050857544,0.30000001192092896,0.20000000298023224,0.20000000298023224,0.15000000596046448,0.15000000596046448,1.0,1.0,1.0,1.0
complex_fixed_v018_r1,closed_loop,complex,full,1,0.18,False,12.319346383,1785050989.5510294,0.0016355943243051702,0.0010825315534127092,0.0010694057672133719,0.0331190766431447,0.015572386509400552,0.009991805061593494,0.18,0.18534544631510075,21.0,0.0023670881458019246,0.04643031104932047,1.0019994076224485,0.019315539010491416,2.0016316915381926,-0.007799233234091337,0.5972548723220825,0.1674281507730484,0.11742815375328064,0.7696871757507324,1.0,0,ROW_FOLLOW,TRACKING,1.0,119.0,131.0,-0.028667332604527473,0.04632672667503357,0.0,0.3507395386695862,0.0,-0.25808608531951904,0.0,0.5317460298538208,0.6333332657814026,0.9699044227600098,0.9301056861877441,1.0,0.3333333432674408,0.7696871757507324,0.30000001192092896,0.20000000298023224,0.20000000298023224,0.15000000596046448,0.15000000596046448,1.0,1.0,1.0,1.0
complex_fixed_v018_r1,closed_loop,complex,full,1,0.18,False,12.369547487,1785050989.6012306,0.005880829610402922,0.0010913894257303092,0.002086541917227791,0.04322784376232548,0.012599732772332724,0.014241367580464332,0.18,0.18587099195826678,21.0,0.0023670881458019246,0.04643031104932047,1.0019994076224485,0.019315539010491416,2.0016316915381926,-0.007799233234091337,0.5972548723220825,0.1674281507730484,0.11742815375328064,0.7696871757507324,1.0,0,ROW_FOLLOW,TRACKING,1.0,119.0,131.0,-0.028667332604527473,0.04632672667503357,0.0,0.3507395386695862,0.0,-0.25808608531951904,0.0,0.5317460298538208,0.6333332657814026,0.9699044227600098,0.9301056861877441,1.0,0.3333333432674408,0.7696871757507324,0.30000001192092896,0.20000000298023224,0.20000000298023224,0.15000000596046448,0.15000000596046448,1.0,1.0,1.0,1.0
complex_fixed_v018_r1,closed_loop,complex,full,1,0.18,False,12.419569514,1785050989.6512525,0.01091395632147101,0.0011101295638464748,0.00253579764131473,0.059140290266608234,0.00912409482878315,0.019280224304029196,0.18,0.1901613758729284,21.0,0.004174971460190041,0.047314077461723836,1.0037877964648627,0.019492374864446865,2.003400551410612,-0.00832932784322684,0.598734974861145,0.16815541684627533,0.11815541982650757,0.7734248638153076,1.0,0,ROW_FOLLOW,TRACKING,1.0,109.0,134.0,-0.03061858005821705,0.04743197560310364,0.0,0.3526172339916229,0.0,-0.25775328278541565,0.0,0.5317460298538208,0.6595237255096436,0.9664230346679688,0.9247441291809082,1.0,0.380952388048172,0.7734248638153076,0.30000001192092896,0.20000000298023224,0.20000000298023224,0.15000000596046448,0.15000000596046448,1.0,1.0,1.0,1.0
complex_fixed_v018_r1,closed_loop,complex,full,1,0.18,False,12.470343114,1785050989.7020261,0.008260505130214653,0.0005148334728944104,0.004020263575767569,0.07656883402732292,0.003513302367161613,0.0323303591893158,0.18,0.19047412619834994,21.0,0.004174971460190041,0.047314077461723836,1.0037877964648627,0.019492374864446865,2.003400551410612,-0.00832932784322684,0.598734974861145,0.16815541684627533,0.11815541982650757,0.7734248638153076,1.0,0,ROW_FOLLOW,TRACKING,1.0,109.0,134.0,-0.03061858005821705,0.04743197560310364,0.0,0.3526172339916229,0.0,-0.25775328278541565,0.0,0.5317460298538208,0.6595237255096436,0.9664230346679688,0.9247441291809082,1.0,0.380952388048172,0.7734248638153076,0.30000001192092896,0.20000000298023224,0.20000000298023224,0.15000000596046448,0.15000000596046448,1.0,1.0,1.0,1.0
complex_fixed_v018_r1,closed_loop,complex,full,1,0.18,False,12.519586206,1785050989.751269,0.014786837853687368,0.0005476603283980327,0.0050298657867937635,0.0855309338693029,0.02227566289049033,0.03886474442180644,0.18,0.18990150381066256,21.0,0.008788057718378478,0.04672544751035701,1.00846185037456,0.02154548596964834,2.0081355742903884,-0.00363447530566511,0.5991683006286621,0.16680695116519928,0.11680695414543152,0.7698910236358643,1.0,0,ROW_FOLLOW,TRACKING,1.0,115.0,129.0,-0.022919323295354843,0.044558748602867126,0.0,0.3498760461807251,0.0,-0.26075854897499084,0.0,0.5079365372657776,0.6857142448425293,0.9655835032463074,0.9150032997131348,1.0,0.4285714328289032,0.7698910236358643,0.30000001192092896,0.20000000298023224,0.20000000298023224,0.15000000596046448,0.15000000596046448,1.0,1.0,1.0,1.0
complex_fixed_v018_r1,closed_loop,complex,full,1,0.18,False,12.569332354,1785050989.8010154,0.021667675252433183,0.0006086260354087444,0.006184373606976656,0.09982954654348107,0.03457276710732813,0.045758332864085226,0.18,0.1916120173663374,21.0,0.008788057718378478,0.04672544751035701,1.00846185037456,0.02154548596964834,2.0081355742903884,-0.00363447530566511,0.5991683006286621,0.16680695116519928,0.11680695414543152,0.7698910236358643,1.0,0,ROW_FOLLOW,TRACKING,1.0,115.0,129.0,-0.022919323295354843,0.044558748602867126,0.0,0.3498760461807251,0.0,-0.26075854897499084,0.0,0.5079365372657776,0.6857142448425293,0.9655835032463074,0.9150032997131348,1.0,0.4285714328289032,0.7698910236358643,0.30000001192092896,0.20000000298023224,0.20000000298023224,0.15000000596046448,0.15000000596046448,1.0,1.0,1.0,1.0
complex_fixed_v018_r1,closed_loop,complex,full,1,0.18,False,12.619094725,1785050989.8507779,0.0269663304794807,0.0007086455117173416,0.00901949324025697,0.11547005147492866,0.04965560306670277,0.05110826300745974,0.18,0.18548448315826763,19.0,0.014996010359218803,0.04456223267716803,0.9147993984285452,0.026873147987557206,1.8812653848069936,0.008436531443317645,0.5971339344978333,0.1666281670331955,0.11662817001342773,0.7834992408752441,1.0,0,ROW_FOLLOW,TRACKING,1.0,110.0,133.0,-0.017858700826764107,0.03948064148426056,0.0,0.34399911761283875,0.0,-0.2650378346443176,0.0,0.523809552192688,0.7380951642990112,0.9662560820579529,0.9032405018806458,1.0,0.523809552192688,0.7834992408752441,0.30000001192092896,0.20000000298023224,0.20000000298023224,0.15000000596046448,0.15000000596046448,1.0,1.0,1.0,1.0
complex_fixed_v018_r1,closed_loop,complex,full,1,0.18,False,12.6694078,1785050989.9010909,0.02783179735431375,0.0007589754506611256,0.01056913315828556,0.11796635890423028,0.044841436178683435,0.05199200345467706,0.18,0.18161677042730826,19.0,0.014996010359218803,0.04456223267716803,0.9147993984285452,0.026873147987557206,1.8812653848069936,0.008436531443317645,0.5971339344978333,0.1666281670331955,0.11662817001342773,0.7834992408752441,1.0,0,ROW_FOLLOW,TRACKING,1.0,110.0,133.0,-0.017858700826764107,0.03948064148426056,0.0,0.34399911761283875,0.0,-0.2650378346443176,0.0,0.523809552192688,0.7380951642990112,0.9662560820579529,0.9032405018806458,1.0,0.523809552192688,0.7834992408752441,0.30000001192092896,0.20000000298023224,0.20000000298023224,0.15000000596046448,0.15000000596046448,1.0,1.0,1.0,1.0
complex_fixed_v018_r1,closed_loop,complex,full,1,0.18,False,12.719067769,1785050989.9507508,0.028527155592462973,0.000849926953845061,0.01389343881121574,0.12175511804533626,0.04540820049779815,0.052755292825146405,0.18,0.1618789201642671,21.0,0.02191634991100398,0.03983908223509672,1.021830438078897,0.0280538567201304,2.0216243045653326,0.015569406278384677,0.5995925068855286,0.1664307862520218,0.11643078923225403,0.7839839458465576,1.0,0,ROW_FOLLOW,TRACKING,1.0,97.0,137.0,-0.016824910417199135,0.033551499247550964,0.0,0.33800649642944336,0.0,-0.27090349793434143,0.0,0.523809552192688,0.7380951642990112,0.9663798809051514,0.9063068628311157,1.0,0.523809552192688,0.7839839458465576,0.30000001192092896,0.20000000298023224,0.20000000298023224,0.15000000596046448,0.15000000596046448,1.0,1.0,1.0,1.0
complex_fixed_v018_r1,closed_loop,complex,full,1,0.18,False,12.769451598,1785050990.0011346,0.029127852410530182,0.0009095555835236148,0.015351247351242051,0.12428173138532136,0.04366200721519821,0.05337127703845631,0.18,0.15856794172841296,21.0,0.02191634991100398,0.03983908223509672,1.021830438078897,0.0280538567201304,2.0216243045653326,0.015569406278384677,0.5995925068855286,0.1664307862520218,0.11643078923225403,0.7839839458465576,1.0,0,ROW_FOLLOW,TRACKING,1.0,97.0,137.0,-0.016824910417199135,0.033551499247550964,0.0,0.33800649642944336,0.0,-0.27090349793434143,0.0,0.523809552192688,0.7380951642990112,0.9663798809051514,0.9063068628311157,1.0,0.523809552192688,0.7839839458465576,0.30000001192092896,0.20000000298023224,0.20000000298023224,0.15000000596046448,0.15000000596046448,1.0,1.0,1.0,1.0
complex_fixed_v018_r1,closed_loop,complex,full,1,0.18,False,12.81901022,1785050990.050693,0.029580014442525733,0.0009988181595421228,0.018159986629789675,0.12819039256751416,0.049951938020773,0.05388509895064961,0.18,0.13587451652786106,20.0,0.02652926765313669,0.03555137906266768,1.026483423472104,0.026411802817730607,1.97866459283928,0.017326461358032178,0.6023314595222473,0.1736561506986618,0.12365615367889404,0.7741279602050781,1.0,0,ROW_FOLLOW,TRACKING,1.0,91.0,109.0,-0.027543112635612488,0.03129832446575165,0.0,0.3358270525932312,0.0,-0.2732304036617279,0.0,0.523809552192688,0.6595237851142883,0.9722010493278503,0.9376002550125122,1.0,0.380952388048172,0.7741279602050781,0.30000001192092896,0.20000000298023224,0.20000000298023224,0.15000000596046448,0.15000000596046448,1.0,1.0,1.0,1.0
complex_fixed_v018_r1,closed_loop,complex,full,1,0.18,False,12.869380161,1785050990.1010633,0.06500162328704728,0.0011061506807921962,0.020058122984103033,0.12554739608274773,0.05416274131810844,0.08932293676326053,0.18,0.14866410502961042,20.0,0.02652926765313669,0.03555137906266768,1.026483423472104,0.026411802817730607,1.97866459283928,0.017326461358032178,0.6023314595222473,0.1736561506986618,0.12365615367889404,0.7741279602050781,1.0,0,ROW_FOLLOW,TRACKING,1.0,91.0,109.0,-0.027543112635612488,0.03129832446575165,0.0,0.3358270525932312,0.0,-0.2732304036617279,0.0,0.523809552192688,0.6595237851142883,0.9722010493278503,0.9376002550125122,1.0,0.380952388048172,0.7741279602050781,0.30000001192092896,0.20000000298023224,0.20000000298023224,0.15000000596046448,0.15000000596046448,1.0,1.0,1.0,1.0
complex_fixed_v018_r1,closed_loop,complex,full,1,0.18,False,12.919022018,1785050990.150705,0.07307156279984908,0.0013135990074807946,0.02155277169136971,0.1395405467089426,0.027854874268473717,0.09741533485348759,0.18,0.12508732394497543,21.0,0.04094266249090941,0.032542952120155684,1.040895159354015,0.02325979935603754,2.0465951777381206,0.016023903472877594,0.6039038300514221,0.1733502596616745,0.12335026264190674,0.7720288038253784,1.0,0,ROW_FOLLOW,TRACKING,1.0,96.0,117.0,-0.031702056527137756,0.029963567852973938,0.0,0.3345007598400116,0.0,-0.2745736241340637,0.0,0.5476190447807312,0.6071428060531616,0.9737651348114014,0.9437432289123535,1.0,0.2857142984867096,0.7720288038253784,0.30000001192092896,0.20000000298023224,0.20000000298023224,0.15000000596046448,0.15000000596046448,1.0,1.0,1.0,1.0
complex_fixed_v018_r1,closed_loop,complex,full,1,0.18,False,12.969439448,1785050990.2011225,0.08143595893877936,0.001552787443389535,0.0225266805067541,0.14887304224364797,0.04267878475188845,0.10580720387318687,0.18,0.1265625960608868,21.0,0.04094266249090941,0.032542952120155684,1.040895159354015,0.02325979935603754,2.0465951777381206,0.016023903472877594,0.6039038300514221,0.1733502596616745,0.12335026264190674,0.7720288038253784,1.0,0,ROW_FOLLOW,TRACKING,1.0,96.0,117.0,-0.031702056527137756,0.029963567852973938,0.0,0.3345007598400116,0.0,-0.2745736241340637,0.0,0.5476190447807312,0.6071428060531616,0.9737651348114014,0.9437432289123535,1.0,0.2857142984867096,0.7720288038253784,0.30000001192092896,0.20000000298023224,0.20000000298023224,0.15000000596046448,0.15000000596046448,1.0,1.0,1.0,1.0
complex_fixed_v018_r1,closed_loop,complex,full,1,0.18,False,13.019313567,1785050990.2509966,0.08338192459179858,0.0017138304313799183,0.02585866984524142,0.158300579848979,0.049328164208879775,0.10784443956727756,0.18,0.09951627353302134,20.0,0.059450132050702285,0.03014023032204498,1.059401879817331,0.020717083792348257,2.0260226052465073,0.011682059994167793,0.6025729179382324,0.17399756610393524,0.12399756908416748,0.7375370264053345,1.0,0,ROW_FOLLOW,TRACKING,1.0,99.0,100.0,-0.028759662061929703,0.025480523705482483,0.0,0.3296460807323456,0.0,-0.2786850333213806,0.0,0.436507910490036,0.6071428060531616,0.9714575409889221,0.9390969276428223,1.0,0.2857142984867096,0.7375370264053345,0.30000001192092896,0.20000000298023224,0.20000000298023224,0.15000000596046448,0.15000000596046448,1.0,1.0,1.0,1.0
complex_fixed_v018_r1,closed_loop,complex,full,1,0.18,False,13.06929201,1785050990.300975,0.08301954381741943,0.0017901102966792915,0.027898745115908063,0.1613820117173968,0.05921687427308858,0.10824230266871716,0.18,0.09591557879181062,20.0,0.059450132050702285,0.03014023032204498,1.059401879817331,0.020717083792348257,2.0260226052465073,0.011682059994167793,0.6025729179382324,0.17399756610393524,0.12399756908416748,0.7375370264053345,1.0,0,ROW_FOLLOW,TRACKING,1.0,99.0,100.0,-0.028759662061929703,0.025480523705482483,0.0,0.3296460807323456,0.0,-0.2786850333213806,0.0,0.436507910490036,0.6071428060531616,0.9714575409889221,0.9390969276428223,1.0,0.2857142984867096,0.7375370264053345,0.30000001192092896,0.20000000298023224,0.20000000298023224,0.15000000596046448,0.15000000596046448,1.0,1.0,1.0,1.0
complex_fixed_v018_r1,closed_loop,complex,full,1,0.18,False,13.119371766,1785050990.351055,0.08284293082572874,0.0019106610633369222,0.03155931663091849,0.16562293570520636,0.06522192945141271,0.1085133157220493,0.18,0.07056503948561009,21.0,0.07727351344066434,0.026297989977805223,1.0772436785598645,0.021860168983331527,2.0740742193415764,0.018023850234232495,0.6050961017608643,0.17059363424777985,0.12059363722801208,0.7364143133163452,1.0,0,ROW_FOLLOW,TRACKING,1.0,88.0,101.0,-0.025073513388633728,0.018885254859924316,0.0,0.32278376817703247,0.0,-0.28501325845718384,0.0,0.3968254327774048,0.6595237851142883,0.9760549664497375,0.9350062608718872,1.0,0.380952388048172,0.7364143133163452,0.30000001192092896,0.20000000298023224,0.20000000298023224,0.15000000596046448,0.15000000596046448,1.0,1.0,1.0,1.0
complex_fixed_v018_r1,closed_loop,complex,full,1,0.18,False,13.168966902,1785050990.40065,0.1054248588977151,0.002589276234236996,0.03482534686235583,0.1686225021541831,0.083469718499662,0.13150702445400786,0.18,0.07053020694368956,21.0,0.07727351344066434,0.026297989977805223,1.0772436785598645,0.021860168983331527,2.0740742193415764,0.018023850234232495,0.6050961017608643,0.17059363424777985,0.12059363722801208,0.7364143133163452,1.0,0,ROW_FOLLOW,TRACKING,1.0,88.0,101.0,-0.025073513388633728,0.018885254859924316,0.0,0.32278376817703247,0.0,-0.28501325845718384,0.0,0.3968254327774048,0.6595237851142883,0.9760549664497375,0.9350062608718872,1.0,0.380952388048172,0.7364143133163452,0.30000001192092896,0.20000000298023224,0.20000000298023224,0.15000000596046448,0.15000000596046448,1.0,1.0,1.0,1.0
complex_fixed_v018_r1,closed_loop,complex,full,1,0.18,False,13.218942016,1785050990.450625,0.11357847476912468,0.002898970224609912,0.037964121278244424,0.15719403195706894,0.06101168806215705,0.1396803410562908,0.18,0.045897802035977674,21.0,0.09061059298193397,0.02135970766537637,1.0905998068971419,0.022342736461860135,2.0941370065242646,0.02687897828408871,0.605226457118988,0.17146147787570953,0.12146148085594177,0.7456175088882446,1.0,0,ROW_FOLLOW,TRACKING,1.0,102.0,92.0,-0.030206454917788506,0.013663709163665771,0.0,0.3171370029449463,0.0,-0.28980958461761475,0.0,0.4285714328289032,0.6595237851142883,0.973922073841095,0.9357126951217651,1.0,0.380952388048172,0.7456175088882446,0.30000001192092896,0.20000000298023224,0.20000000298023224,0.15000000596046448,0.15000000596046448,1.0,1.0,1.0,1.0
complex_fixed_v018_r1,closed_loop,complex,full,1,0.18,False,13.269593757,1785050990.5012767,0.12222856731443998,0.003293289503583377,0.04046295420702208,0.16310688001185236,0.05708145953450415,0.14838133779078805,0.18,0.04150270162334663,21.0,0.09061059298193397,0.02135970766537637,1.0905998068971419,0.022342736461860135,2.0941370065242646,0.02687897828408871,0.605226457118988,0.17146147787570953,0.12146148085594177,0.7456175088882446,1.0,0,ROW_FOLLOW,TRACKING,1.0,102.0,92.0,-0.030206454917788506,0.013663709163665771,0.0,0.3171370029449463,0.0,-0.28980958461761475,0.0,0.4285714328289032,0.6595237851142883,0.973922073841095,0.9357126951217651,1.0,0.380952388048172,0.7456175088882446,0.30000001192092896,0.20000000298023224,0.20000000298023224,0.15000000596046448,0.15000000596046448,1.0,1.0,1.0,1.0
complex_fixed_v018_r1,closed_loop,complex,full,1,0.18,False,13.320955086,1785050990.5526383,0.13283838089196992,0.0046122523068652665,0.04471963759677069,0.1640992218220318,0.07722581340509861,0.16054073676414507,0.18,0.005594892588500165,21.0,0.10344463748831552,0.016176629625870315,1.1034145735491823,0.022999140354513625,2.1033845364100716,0.02982165178348679,0.6046345829963684,0.1727568656206131,0.12275686860084534,0.7493244409561157,1.0,0,ROW_FOLLOW,TRACKING,1.0,100.0,100.0,-0.029498819261789322,0.0069307684898376465,0.0,0.30986082553863525,0.0,-0.29599928855895996,0.0,0.4285714328289032,0.6857142448425293,0.975853681564331,0.9229289293289185,1.0,0.4285714328289032,0.7493244409561157,0.30000001192092896,0.20000000298023224,0.20000000298023224,0.15000000596046448,0.15000000596046448,1.0,1.0,1.0,1.0
complex_fixed_v018_r1,closed_loop,complex,full,1,0.18,False,13.369417197,1785050990.6011002,0.14150844311868482,0.005029987514031207,0.04814412968542388,0.1679224886557377,0.07322971063244468,0.16925058167608348,0.18,0.003446661637981878,21.0,0.10344463748831552,0.016176629625870315,1.1034145735491823,0.022999140354513625,2.1033845364100716,0.02982165178348679,0.6046345829963684,0.1727568656206131,0.12275686860084534,0.7493244409561157,1.0,0,ROW_FOLLOW,TRACKING,1.0,100.0,100.0,-0.029498819261789322,0.0069307684898376465,0.0,0.30986082553863525,0.0,-0.29599928855895996,0.0,0.4285714328289032,0.6857142448425293,0.975853681564331,0.9229289293289185,1.0,0.4285714328289032,0.7493244409561157,0.30000001192092896,0.20000000298023224,0.20000000298023224,0.15000000596046448,0.15000000596046448,1.0,1.0,1.0,1.0
complex_fixed_v018_r1,closed_loop,complex,full,1,0.18,False,13.419157585,1785050990.6508405,0.1499326132099803,0.005535111059206611,0.05205746087092812,0.17233225096770147,0.053137197026786626,0.17774439551605606,0.18,-0.02889457519177556,19.0,0.12296378040026607,0.011018184590912467,1.0228946150342386,0.021174321382408864,1.9894824240952584,0.03247510818774588,0.6021696925163269,0.17232497036457062,0.12232497334480286,0.7506750822067261,1.0,0,ROW_FOLLOW,TRACKING,1.0,98.0,108.0,-0.0324210599064827,0.00018262863159179688,0.0,0.3026312589645386,0.0,-0.302266001701355,0.0,0.4285714328289032,0.6857142448425293,0.9797243475914001,0.9267728924751282,1.0,0.4285714328289032,0.7506750822067261,0.30000001192092896,0.20000000298023224,0.20000000298023224,0.15000000596046448,0.15000000596046448,1.0,1.0,1.0,1.0
complex_fixed_v018_r1,closed_loop,complex,full,1,0.18,False,13.469307232,1785050990.7009902,0.1644098355928614,0.0069577128334525,0.055030106694239564,0.17773529299629579,0.07215531619075168,0.1923509300135449,0.18,-0.038386818235386776,19.0,0.12296378040026607,0.011018184590912467,1.0228946150342386,0.021174321382408864,1.9894824240952584,0.03247510818774588,0.6021696925163269,0.17232497036457062,0.12232497334480286,0.7506750822067261,1.0,0,ROW_FOLLOW,TRACKING,1.0,98.0,108.0,-0.0324210599064827,0.00018262863159179688,0.0,0.3026312589645386,0.0,-0.302266001701355,0.0,0.4285714328289032,0.6857142448425293,0.9797243475914001,0.9267728924751282,1.0,0.4285714328289032,0.7506750822067261,0.30000001192092896,0.20000000298023224,0.20000000298023224,0.15000000596046448,0.15000000596046448,1.0,1.0,1.0,1.0
complex_fixed_v018_r1,closed_loop,complex,full,1,0.18,False,13.51958133,1785050990.7512643,0.1728509037243951,0.007498051627129181,0.05774960688082852,0.17989039574781754,0.034887458112618196,0.20084719816911434,0.18,-0.06815115014732943,20.0,0.14266978273786224,0.006289217123819931,1.152561208888615,0.020955423337699564,2.0930813407138604,0.032574992530684986,0.6039591431617737,0.17417673766613007,0.1241767406463623,0.7523276805877686,1.0,0,ROW_FOLLOW,TRACKING,1.0,111.0,115.0,-0.04073783755302429,-0.004892274737358093,0.0,0.2977614998817444,0.0,-0.30754604935646057,0.0,0.4444444179534912,0.6595237255096436,0.9799769520759583,0.9406283497810364,1.0,0.380952388048172,0.7523276805877686,0.30000001192092896,0.20000000298023224,0.20000000298023224,0.15000000596046448,0.15000000596046448,1.0,1.0,1.0,1.0
complex_fixed_v018_r1,closed_loop,complex,full,1,0.18,False,13.569453113,1785050990.801136,0.1820042132748848,0.00812389545169567,0.05933703194283657,0.1813732101655884,0.043517874041746916,0.21006339101199012,0.18,-0.07298396508500234,20.0,0.14266978273786224,0.006289217123819931,1.152561208888615,0.020955423337699564,2.0930813407138604,0.032574992530684986,0.6039591431617737,0.17417673766613007,0.1241767406463623,0.7523276805877686,1.0,0,ROW_FOLLOW,TRACKING,1.0,111.0,115.0,-0.04073783755302429,-0.004892274737358093,0.0,0.2977614998817444,0.0,-0.30754604935646057,0.0,0.4444444179534912,0.6595237255096436,0.9799769520759583,0.9406283497810364,1.0,0.380952388048172,0.7523276805877686,0.30000001192092896,0.20000000298023224,0.20000000298023224,0.15000000596046448,0.15000000596046448,1.0,1.0,1.0,1.0
complex_fixed_v018_r1,closed_loop,complex,full,1,0.18,False,13.619025688,1785050990.8507087,0.19047070649195166,0.007442646587853774,0.06185912517429549,0.18442458737797252,0.046932855921365015,0.2186122151680878,0.18,-0.09673730730735157,20.0,0.16270630581503132,0.0019853628210365695,1.1725899792206214,0.01724850929522948,2.1731092178857168,0.028513290570217738,0.6069340705871582,0.17209966480731964,0.12209966778755188,0.7371476888656616,1.0,0,ROW_FOLLOW,TRACKING,1.0,98.0,102.0,-0.046117860823869705,-0.009476497769355774,0.0,0.2933410406112671,0.0,-0.31229403614997864,0.0,0.3888888657093048,0.6595237851142883,0.9770780205726624,0.9544044733047485,1.0,0.380952388048172,0.7371476888656616,0.30000001192092896,0.20000000298023224,0.20000000298023224,0.15000000596046448,0.15000000596046448,1.0,1.0,1.0,1.0
complex_fixed_v018_r1,closed_loop,complex,full,1,0.18,False,13.669323947,1785050990.901007,0.1995379344185805,0.008054361096318446,0.06352734144052799,0.18546899465412342,0.03799216730017892,0.22772945138442408,0.18,-0.10218540674204529,20.0,0.16270630581503132,0.0019853628210365695,1.1725899792206214,0.01724850929522948,2.1731092178857168,0.028513290570217738,0.6069340705871582,0.17209966480731964,0.12209966778755188,0.7371476888656616,1.0,0,ROW_FOLLOW,TRACKING,1.0,98.0,102.0,-0.046117860823869705,-0.009476497769355774,0.0,0.2933410406112671,0.0,-0.31229403614997864,0.0,0.3888888657093048,0.6595237851142883,0.9770780205726624,0.9544044733047485,1.0,0.380952388048172,0.7371476888656616,0.30000001192092896,0.20000000298023224,0.20000000298023224,0.15000000596046448,0.15000000596046448,1.0,1.0,1.0,1.0
complex_fixed_v018_r1,closed_loop,complex,full,1,0.18,False,13.719988712,1785050990.9516718,0.20838014721871956,0.008714954392516449,0.06581803007425484,0.18756499569483623,0.028431830620471735,0.23664730382416682,0.18,-0.1298383255947698,21.0,0.1820825842846366,-0.0008689620945143568,1.1870041450012188,0.011413454499917706,2.1995617333456057,0.013632271261372408,0.6058209538459778,0.17244799435138702,0.12244799733161926,0.7553731203079224,1.0,0,ROW_FOLLOW,TRACKING,1.0,104.0,101.0,-0.05611299350857735,-0.011411473155021667,0.0,0.29184016585350037,0.0,-0.3146631121635437,0.0,0.4523809552192688,0.6595237255096436,0.9736534953117371,0.9534891247749329,1.0,0.380952388048172,0.7553731203079224,0.30000001192092896,0.20000000298023224,0.20000000298023224,0.15000000596046448,0.15000000596046448,1.0,1.0,1.0,1.0
complex_fixed_v018_r1,closed_loop,complex,full,1,0.18,False,13.769462052,1785050991.0011451,0.2113281988480322,0.009000222868075933,0.06771468554294244,0.18810209700439165,0.037381767838241486,0.23966408628982294,0.18,-0.1342979120071182,21.0,0.1820825842846366,-0.0008689620945143568,1.1870041450012188,0.011413454499917706,2.1995617333456057,0.013632271261372408,0.6058209538459778,0.17244799435138702,0.12244799733161926,0.7553731203079224,1.0,0,ROW_FOLLOW,TRACKING,1.0,104.0,101.0,-0.05611299350857735,-0.011411473155021667,0.0,0.29184016585350037,0.0,-0.3146631121635437,0.0,0.4523809552192688,0.6595237255096436,0.9736534953117371,0.9534891247749329,1.0,0.380952388048172,0.7553731203079224,0.30000001192092896,0.20000000298023224,0.20000000298023224,0.15000000596046448,0.15000000596046448,1.0,1.0,1.0,1.0
complex_fixed_v018_r1,closed_loop,complex,full,1,0.18,False,13.821310212,1785050991.0529933,0.22473027195316486,0.009571287710297869,0.06936438932486326,0.18452581365025644,0.016367800412932062,0.25404974780666695,0.18,-0.1531996498911621,21.0,0.19773169373739707,-0.0027098098310507465,1.1976769763638149,0.007424098283145712,2.2054620147439703,0.013148468828648698,0.602131724357605,0.17079533636569977,0.120795339345932,0.7553037405014038,1.0,0,ROW_FOLLOW,TRACKING,1.0,90.0,95.0,-0.0604749359190464,-0.01248137652873993,0.0,0.2899826765060425,0.0,-0.31494542956352234,0.0,0.4285714328289032,0.6857142448425293,0.9781569242477417,0.9597203135490417,1.0,0.4285714328289032,0.7553037405014038,0.30000001192092896,0.20000000298023224,0.20000000298023224,0.15000000596046448,0.15000000596046448,1.0,1.0,1.0,1.0
complex_fixed_v018_r1,closed_loop,complex,full,1,0.18,False,13.869353111,1785050991.101036,0.23392196264839402,0.010242873327913519,0.07046416260005728,0.18592277599854845,0.019453588029654204,0.263285997999406,0.18,-0.15932736283182,21.0,0.19773169373739707,-0.0027098098310507465,1.1976769763638149,0.007424098283145712,2.2054620147439703,0.013148468828648698,0.602131724357605,0.17079533636569977,0.120795339345932,0.7553037405014038,1.0,0,ROW_FOLLOW,TRACKING,1.0,90.0,95.0,-0.0604749359190464,-0.01248137652873993,0.0,0.2899826765060425,0.0,-0.31494542956352234,0.0,0.4285714328289032,0.6857142448425293,0.9781569242477417,0.9597203135490417,1.0,0.4285714328289032,0.7553037405014038,0.30000001192092896,0.20000000298023224,0.20000000298023224,0.15000000596046448,0.15000000596046448,1.0,1.0,1.0,1.0
complex_fixed_v018_r1,closed_loop,complex,full,1,0.18,False,13.919425221,1785050991.1511083,0.24293424851653098,0.01093514291881389,0.0716704104508419,0.1885763174800309,0.017746409068162966,0.27235391205849957,0.18,-0.17201517308721448,21.0,0.21503498057447779,-0.003623543008202215,1.2150000945545674,0.004740157994803102,2.2149651894987774,0.013103859477245164,0.6043552160263062,0.17089737951755524,0.12089738249778748,0.7532984018325806,1.0,0,ROW_FOLLOW,TRACKING,1.0,86.0,91.0,-0.061918649822473526,-0.014319583773612976,0.0,0.2880553603172302,0.0,-0.3166945278644562,0.0,0.4285714328289032,0.6857142448425293,0.9747191667556763,0.9509348273277283,1.0,0.4285714328289032,0.7532984018325806,0.30000001192092896,0.20000000298023224,0.20000000298023224,0.15000000596046448,0.15000000596046448,1.0,1.0,1.0,1.0
complex_fixed_v018_r1,closed_loop,complex,full,1,0.18,False,13.969159688,1785050991.2008429,0.24448858794726475,0.011090981024960048,0.07254677626644665,0.18939450147665732,0.03822517224372319,0.2739408858900557,0.18,-0.1743615148448957,21.0,0.21503498057447779,-0.003623543008202215,1.2150000945545674,0.004740157994803102,2.2149651894987774,0.013103859477245164,0.6043552160263062,0.17089737951755524,0.12089738249778748,0.7532984018325806,1.0,0,ROW_FOLLOW,TRACKING,1.0,86.0,91.0,-0.061918649822473526,-0.014319583773612976,0.0,0.2880553603172302,0.0,-0.3166945278644562,0.0,0.4285714328289032,0.6857142448425293,0.9747191667556763,0.9509348273277283,1.0,0.4285714328289032,0.7532984018325806,0.30000001192092896,0.20000000298023224,0.20000000298023224,0.15000000596046448,0.15000000596046448,1.0,1.0,1.0,1.0
complex_fixed_v018_r1,closed_loop,complex,full,1,0.18,False,14.019596192,1785050991.251279,0.24425888273500454,0.011103369125761401,0.07307808092358759,0.19274317501602803,0.03324088336901225,0.27419350107129953,0.18,-0.17570545608610744,21.0,0.23003540340838005,-0.004116643353519275,1.229998313843788,0.0044948195602742816,2.2299612406545783,0.013106282140973424,0.6047154664993286,0.17178873717784882,0.12178874015808105,0.7539322376251221,1.0,0,ROW_FOLLOW,TRACKING,1.0,88.0,107.0,-0.06363767385482788,-0.015917986631393433,0.0,0.28620660305023193,0.0,-0.3180425763130188,0.0,0.4285714328289032,0.6857142448425293,0.976210355758667,0.9531723856925964,1.0,0.4285714328289032,0.7539322376251221,0.30000001192092896,0.20000000298023224,0.20000000298023224,0.15000000596046448,0.15000000596046448,1.0,1.0,1.0,1.0
complex_fixed_v018_r1,closed_loop,complex,full,1,0.18,False,14.069356996,1785050991.3010402,0.24407933466140655,0.011108716894243158,0.07324750850313011,0.195030693534424,0.006680550279883294,0.2743739461851305,0.18,-0.1759745431907439,21.0,0.23003540340838005,-0.004116643353519275,1.229998313843788,0.0044948195602742816,2.2299612406545783,0.013106282140973424,0.6047154664993286,0.17178873717784882,0.12178874015808105,0.7539322376251221,1.0,0,ROW_FOLLOW,TRACKING,1.0,88.0,107.0,-0.06363767385482788,-0.015917986631393433,0.0,0.28620660305023193,0.0,-0.3180425763130188,0.0,0.4285714328289032,0.6857142448425293,0.976210355758667,0.9531723856925964,1.0,0.4285714328289032,0.7539322376251221,0.30000001192092896,0.20000000298023224,0.20000000298023224,0.15000000596046448,0.15000000596046448,1.0,1.0,1.0,1.0
complex_fixed_v018_r1,closed_loop,complex,full,1,0.18,False,14.120204327,1785050991.3518875,0.24390729237580666,0.011122409974980813,0.07369577475792521,0.19832691415219827,0.0175545401733442,0.2745577020485942,0.18,-0.17992410128578548,20.0,0.24097309395769742,-0.005082258699052284,1.2459324834763008,0.0039592632928984505,2.1742283306749193,0.012316199093703467,0.6044034361839294,0.17432688176631927,0.12432688474655151,0.7276190519332886,1.0,0,ROW_FOLLOW,TRACKING,1.0,87.0,89.0,-0.06406570971012115,-0.017463788390159607,0.0,0.28389063477516174,0.0,-0.31881821155548096,0.0,0.3650793433189392,0.6333332657814026,0.9827097654342651,0.965911328792572,1.0,0.3333333432674408,0.7276190519332886,0.30000001192092896,0.20000000298023224,0.20000000298023224,0.15000000596046448,0.15000000596046448,1.0,1.0,1.0,1.0
complex_fixed_v018_r1,closed_loop,complex,full,1,0.18,False,14.169373787,1785050991.4010568,0.24381853470356962,0.011141182244287902,0.07419981490241324,0.2005620083309583,0.020941904202507584,0.27465165019032467,0.18,-0.18077819775717285,20.0,0.24097309395769742,-0.005082258699052284,1.2459324834763008,0.0039592632928984505,2.1742283306749193,0.012316199093703467,0.6044034361839294,0.17432688176631927,0.12432688474655151,0.7276190519332886,1.0,0,ROW_FOLLOW,TRACKING,1.0,87.0,89.0,-0.06406570971012115,-0.017463788390159607,0.0,0.28389063477516174,0.0,-0.31881821155548096,0.0,0.3650793433189392,0.6333332657814026,0.9827097654342651,0.965911328792572,1.0,0.3333333432674408,0.7276190519332886,0.30000001192092896,0.20000000298023224,0.20000000298023224,0.15000000596046448,0.15000000596046448,1.0,1.0,1.0,1.0
complex_fixed_v018_r1,closed_loop,complex,full,1,0.18,False,14.219842643,1785050991.4515257,0.2925551058008999,0.016615903529313105,0.07496466912747168,0.186135362692432,0.0003399555637844154,0.32369931177404504,0.18,-0.21279659084705516,20.0,0.25990215812300826,-0.00466205432841147,1.2698569558662613,0.004899992960513839,2.2264808002555463,0.01396272385917568,0.6033765077590942,0.17176415026187897,0.1217641532421112,0.7499690055847168,1.0,0,ROW_FOLLOW,TRACKING,1.0,86.0,93.0,-0.06481350213289261,-0.019133418798446655,0.0,0.28182899951934814,0.0,-0.32009583711624146,0.0,0.444444477558136,0.6333332657814026,0.9810603260993958,0.9583795666694641,1.0,0.3333333432674408,0.7499690055847168,0.30000001192092896,0.20000000298023224,0.20000000298023224,0.15000000596046448,0.15000000596046448,1.0,1.0,1.0,1.0
complex_fixed_v018_r1,closed_loop,complex,full,1,0.18,False,14.271328873,1785050991.503012,0.30465433788135077,0.017863302572900752,0.07518780198315023,0.18182045703586344,0.009104479616175597,0.33588158027844645,0.18,-0.22322210347076651,20.0,0.25990215812300826,-0.00466205432841147,1.2698569558662613,0.004899992960513839,2.2264808002555463,0.01396272385917568,0.6033765077590942,0.17176415026187897,0.1217641532421112,0.7499690055847168,1.0,0,ROW_FOLLOW,TRACKING,1.0,86.0,93.0,-0.06481350213289261,-0.019133418798446655,0.0,0.28182899951934814,0.0,-0.32009583711624146,0.0,0.444444477558136,0.6333332657814026,0.9810603260993958,0.9583795666694641,1.0,0.3333333432674408,0.7499690055847168,0.30000001192092896,0.20000000298023224,0.20000000298023224,0.15000000596046448,0.15000000596046448,1.0,1.0,1.0,1.0
complex_fixed_v018_r1,closed_loop,complex,full,1,0.18,False,14.31998635,1785050991.5516694,0.3137428153524445,0.018534529751007747,0.07484129178913963,0.18457360445024923,0.0033702655420178823,0.3450046115257123,0.18,-0.22013182798838563,20.0,0.27997622136426153,-0.004095761256677878,1.2949294277618426,0.005659005829265246,2.2798840400692333,0.015125451764819808,0.6013997197151184,0.16785947978496552,0.11785948276519775,0.7507721185684204,1.0,0,ROW_FOLLOW,TRACKING,1.0,85.0,82.0,-0.06564810127019882,-0.020983681082725525,0.0,0.27947551012039185,0.0,-0.3214428722858429,0.0,0.4365079402923584,0.6595237255096436,0.9782694578170776,0.9484067559242249,1.0,0.380952388048172,0.7507721185684204,0.30000001192092896,0.20000000298023224,0.20000000298023224,0.15000000596046448,0.15000000596046448,1.0,1.0,1.0,1.0
complex_fixed_v018_r1,closed_loop,complex,full,1,0.18,False,14.369417545,1785050991.6011004,0.31919170584118334,0.01872358759672558,0.07499665483640962,0.17978797738268784,0.00848369407486262,0.35049286794469264,0.18,-0.22285290453311785,20.0,0.27997622136426153,-0.004095761256677878,1.2949294277618426,0.005659005829265246,2.2798840400692333,0.015125451764819808,0.6013997197151184,0.16785947978496552,0.11785948276519775,0.7507721185684204,1.0,0,ROW_FOLLOW,TRACKING,1.0,85.0,82.0,-0.06564810127019882,-0.020983681082725525,0.0,0.27947551012039185,0.0,-0.3214428722858429,0.0,0.4365079402923584,0.6595237255096436,0.9782694578170776,0.9484067559242249,1.0,0.380952388048172,0.7507721185684204,0.30000001192092896,0.20000000298023224,0.20000000298023224,0.15000000596046448,0.15000000596046448,1.0,1.0,1.0,1.0
complex_fixed_v018_r1,closed_loop,complex,full,1,0.18,False,14.419261135,1785050991.6509442,0.3278675393275949,0.019367229663175656,0.07463556600841684,0.181418404648034,-0.019140874004165948,0.35919724148647847,0.18,-0.2176310871073175,20.0,0.3050339225532681,-0.0033856944565257203,1.3149859528325505,0.006470332421731509,2.304938995135949,0.01613016683808877,0.603089451789856,0.17354334890842438,0.12354335188865662,0.7487668991088867,1.0,0,ROW_FOLLOW,TRACKING,1.0,81.0,88.0,-0.06534191220998764,-0.02294790744781494,0.0,0.2773471474647522,0.0,-0.3232429623603821,0.0,0.4285714328289032,0.6595237255096436,0.9791778326034546,0.9497009515762329,1.0,0.380952388048172,0.7487668991088867,0.30000001192092896,0.20000000298023224,0.20000000298023224,0.15000000596046448,0.15000000596046448,1.0,1.0,1.0,1.0
complex_fixed_v018_r1,closed_loop,complex,full,1,0.18,False,14.469465824,1785050991.701149,0.3366953781252157,0.02002386728430342,0.07476852893740073,0.18067317117871226,0.008609736845257386,0.3680530171919957,0.18,-0.22356170876565049,20.0,0.3050339225532681,-0.0033856944565257203,1.3149859528325505,0.006470332421731509,2.304938995135949,0.01613016683808877,0.603089451789856,0.17354334890842438,0.12354335188865662,0.7487668991088867,1.0,0,ROW_FOLLOW,TRACKING,1.0,81.0,88.0,-0.06534191220998764,-0.02294790744781494,0.0,0.2773471474647522,0.0,-0.3232429623603821,0.0,0.4285714328289032,0.6595237255096436,0.9791778326034546,0.9497009515762329,1.0,0.380952388048172,0.7487668991088867,0.30000001192092896,0.20000000298023224,0.20000000298023224,0.15000000596046448,0.15000000596046448,1.0,1.0,1.0,1.0
complex_fixed_v018_r1,closed_loop,complex,full,1,0.18,False,14.519278854,1785050991.750962,0.34985061582788207,0.021216914182878178,0.07463720195984225,0.18765057492106563,-0.016092821313689252,0.38126501576310007,0.18,-0.23017527525976764,20.0,0.32039772787940995,-0.0035256750180082314,1.3303503342772143,0.0062724509808428875,2.32030390927351,0.015876090654080466,0.6021469235420227,0.17399396002292633,0.12399396300315857,0.7541283369064331,1.0,0,ROW_FOLLOW,TRACKING,1.0,83.0,102.0,-0.06502750515937805,-0.02326171100139618,0.0,0.2762555778026581,0.0,-0.32277899980545044,0.0,0.4285714328289032,0.6857142448425293,0.9794007539749146,0.9502261281013489,1.0,0.4285714328289032,0.7541283369064331,0.30000001192092896,0.20000000298023224,0.20000000298023224,0.15000000596046448,0.15000000596046448,1.0,1.0,1.0,1.0
complex_fixed_v018_r1,closed_loop,complex,full,1,0.18,False,14.569370932,1785050991.801054,0.35871305310631457,0.021878709168134197,0.07438784762541542,0.1861666548651198,-0.01341619201770422,0.39015653017277896,0.18,-0.23608690067472615,20.0,0.32039772787940995,-0.0035256750180082314,1.3303503342772143,0.0062724509808428875,2.32030390927351,0.015876090654080466,0.6021469235420227,0.17399396002292633,0.12399396300315857,0.7541283369064331,1.0,0,ROW_FOLLOW,TRACKING,1.0,83.0,102.0,-0.06502750515937805,-0.02326171100139618,0.0,0.2762555778026581,0.0,-0.32277899980545044,0.0,0.4285714328289032,0.6857142448425293,0.9794007539749146,0.9502261281013489,1.0,0.4285714328289032,0.7541283369064331,0.30000001192092896,0.20000000298023224,0.20000000298023224,0.15000000596046448,0.15000000596046448,1.0,1.0,1.0,1.0
complex_fixed_v018_r1,closed_loop,complex,full,1,0.18,False,14.619517987,1785050991.851201,0.36744803327130393,0.023627737292086462,0.07353507770906728,0.18405103001125664,0.0005705215782314016,0.4003409091116859,0.18,-0.2420783918680967,19.0,0.3384293587860814,-0.0035204793133326077,1.2383874392858454,0.005176228089673898,2.2716727767277995,0.015157499075580111,0.5996683239936829,0.1735481172800064,0.12354812026023865,0.7523585557937622,1.0,0,ROW_FOLLOW,TRACKING,1.0,77.0,94.0,-0.06458210945129395,-0.02497798204421997,0.0,0.2734113335609436,0.0,-0.32336729764938354,0.0,0.4365079402923584,0.6595237255096436,0.9807767271995544,0.9556403160095215,1.0,0.380952388048172,0.7523585557937622,0.30000001192092896,0.20000000298023224,0.20000000298023224,0.15000000596046448,0.15000000596046448,1.0,1.0,1.0,1.0
complex_fixed_v018_r1,closed_loop,complex,full,1,0.18,False,14.669319977,1785050991.9010031,0.3744134468413939,0.023067729385503465,0.07316216418303115,0.18915306317569747,-0.0095185761734731,0.41129526319628046,0.18,-0.24022159369140433,19.0,0.3384293587860814,-0.0035204793133326077,1.2383874392858454,0.005176228089673898,2.2716727767277995,0.015157499075580111,0.5996683239936829,0.1735481172800064,0.12354812026023865,0.7523585557937622,1.0,0,ROW_FOLLOW,TRACKING,1.0,77.0,94.0,-0.06458210945129395,-0.02497798204421997,0.0,0.2734113335609436,0.0,-0.32336729764938354,0.0,0.4365079402923584,0.6595237255096436,0.9807767271995544,0.9556403160095215,1.0,0.380952388048172,0.7523585557937622,0.30000001192092896,0.20000000298023224,0.20000000298023224,0.15000000596046448,0.15000000596046448,1.0,1.0,1.0,1.0
complex_fixed_v018_r1,closed_loop,complex,full,1,0.18,False,14.719158095,1785050991.9508412,0.3833487639482925,0.023688982871815152,0.07179164928449612,0.18931126481172894,-0.023032913884529632,0.4202742170290431,0.18,-0.2355802765942758,21.0,0.35684712830979964,-0.0029853171780757303,1.3617997050267607,0.006793137527611352,2.3745697712910103,0.017090475406204196,0.6011102795600891,0.17370887100696564,0.12370887398719788,0.7349817752838135,1.0,0,ROW_FOLLOW,TRACKING,1.0,88.0,103.0,-0.06330788880586624,-0.02568674087524414,0.0,0.2722156047821045,0.0,-0.3235890865325928,0.0,0.3968254327774048,0.6333332657814026,0.9798147082328796,0.9553637504577637,1.0,0.3333333432674408,0.7349817752838135,0.30000001192092896,0.20000000298023224,0.20000000298023224,0.15000000596046448,0.15000000596046448,1.0,1.0,1.0,1.0
complex_fixed_v018_r1,closed_loop,complex,full,1,0.18,False,14.76929843,1785050992.0009816,0.3897678721802111,0.024107270361912375,0.07077119081930318,0.18909205436911494,-0.020914489648501726,0.42673153327313623,0.18,-0.23838614185814083,21.0,0.35684712830979964,-0.0029853171780757303,1.3617997050267607,0.006793137527611352,2.3745697712910103,0.017090475406204196,0.6011102795600891,0.17370887100696564,0.12370887398719788,0.7349817752838135,1.0,0,ROW_FOLLOW,TRACKING,1.0,88.0,103.0,-0.06330788880586624,-0.02568674087524414,0.0,0.2722156047821045,0.0,-0.3235890865325928,0.0,0.3968254327774048,0.6333332657814026,0.9798147082328796,0.9553637504577637,1.0,0.3333333432674408,0.7349817752838135,0.30000001192092896,0.20000000298023224,0.20000000298023224,0.15000000596046448,0.15000000596046448,1.0,1.0,1.0,1.0
complex_fixed_v018_r1,closed_loop,complex,full,1,0.18,False,14.819245961,1785050992.0509288,0.40461050404606497,0.02661615695522656,0.06957824231370455,0.19159847060857801,-0.015388709063435552,0.44189141719985153,0.18,-0.24610220530159982,20.0,0.37659693447539094,-0.002498683587940125,1.3765502517563875,0.007177339909712405,2.3353273028247683,0.01679071321928353,0.6012717485427856,0.17282022535800934,0.12282022833824158,0.7456566095352173,1.0,0,ROW_FOLLOW,TRACKING,1.0,78.0,108.0,-0.06088051572442055,-0.027786359190940857,0.0,0.27130937576293945,0.0,-0.32688209414482117,0.0,0.436507910490036,0.6333332657814026,0.9783533811569214,0.949113130569458,1.0,0.3333333432674408,0.7456566095352173,0.30000001192092896,0.20000000298023224,0.20000000298023224,0.15000000596046448,0.15000000596046448,1.0,1.0,1.0,1.0
complex_fixed_v018_r1,closed_loop,complex,full,1,0.18,False,14.869445274,1785050992.101128,0.41377555755905204,0.027225469960934695,0.06831135511796571,0.1906558711004717,-0.038924611353569186,0.4510993734468081,0.18,-0.2509628045020804,20.0,0.37659693447539094,-0.002498683587940125,1.3765502517563875,0.007177339909712405,2.3353273028247683,0.01679071321928353,0.6012717485427856,0.17282022535800934,0.12282022833824158,0.7456566095352173,1.0,0,ROW_FOLLOW,TRACKING,1.0,78.0,108.0,-0.06088051572442055,-0.027786359190940857,0.0,0.27130937576293945,0.0,-0.32688209414482117,0.0,0.436507910490036,0.6333332657814026,0.9783533811569214,0.949113130569458,1.0,0.3333333432674408,0.7456566095352173,0.30000001192092896,0.20000000298023224,0.20000000298023224,0.15000000596046448,0.15000000596046448,1.0,1.0,1.0,1.0
complex_fixed_v018_r1,closed_loop,complex,full,1,0.18,False,14.91931245,1785050992.1509955,0.42280111916280094,0.027778621901901977,0.06679834579566227,0.19060675950768644,-0.025559877806058846,0.46017777177045693,0.18,-0.24712240432074434,21.0,0.3950212265192088,-0.002781082932866469,1.394955208744238,0.008509349171146756,2.3942938207555695,0.020961482851305016,0.6014113426208496,0.17185552418231964,0.12185552716255188,0.7474603652954102,1.0,0,ROW_FOLLOW,TRACKING,1.0,75.0,104.0,-0.05339338630437851,-0.031169161200523376,0.0,0.26797762513160706,0.0,-0.3303159475326538,0.0,0.4285714328289032,0.6595237255096436,0.978183925151825,0.9423160552978516,1.0,0.380952388048172,0.7474603652954102,0.30000001192092896,0.20000000298023224,0.20000000298023224,0.15000000596046448,0.15000000596046448,1.0,1.0,1.0,1.0
complex_fixed_v018_r1,closed_loop,complex,full,1,0.18,False,14.969577685,1785050992.2012608,0.4229340205663246,0.027723084298114434,0.06516897328863537,0.19192497606539144,-0.05189907332639179,0.46033731973528874,0.18,-0.24446265369569825,21.0,0.3950212265192088,-0.002781082932866469,1.394955208744238,0.008509349171146756,2.3942938207555695,0.020961482851305016,0.6014113426208496,0.17185552418231964,0.12185552716255188,0.7474603652954102,1.0,0,ROW_FOLLOW,TRACKING,1.0,75.0,104.0,-0.05339338630437851,-0.031169161200523376,0.0,0.26797762513160706,0.0,-0.3303159475326538,0.0,0.4285714328289032,0.6595237255096436,0.978183925151825,0.9423160552978516,1.0,0.380952388048172,0.7474603652954102,0.30000001192092896,0.20000000298023224,0.20000000298023224,0.15000000596046448,0.15000000596046448,1.0,1.0,1.0,1.0
complex_fixed_v018_r1,closed_loop,complex,full,1,0.18,False,15.019050385,1785050992.2507334,0.42304082242993213,0.027648724948493665,0.06307460128465123,0.1939015012109345,-0.022390060228548232,0.46049897565917824,0.18,-0.23949460244799725,21.0,0.4112648541279138,-0.003951933523003726,1.4111837724645004,0.008616460953513578,2.418614062473879,0.023039094784363355,0.5991608500480652,0.17172645032405853,0.12172645330429077,0.7556806802749634,1.0,0,ROW_FOLLOW,TRACKING,1.0,97.0,118.0,-0.05148053169250488,-0.03385657072067261,0.0,0.2648307681083679,0.0,-0.33254390954971313,0.0,0.4365079402923584,0.6857142448425293,0.9790028929710388,0.9452322721481323,1.0,0.4285714328289032,0.7556806802749634,0.30000001192092896,0.20000000298023224,0.20000000298023224,0.15000000596046448,0.15000000596046448,1.0,1.0,1.0,1.0
complex_fixed_v018_r1,closed_loop,complex,full,1,0.18,False,15.06943316,1785050992.3011162,0.42303883599019265,0.02758862375115828,0.06167489586956476,0.19522243575607123,-0.027941985016597403,0.46055926833358746,0.18,-0.23709247874935285,21.0,0.4112648541279138,-0.003951933523003726,1.4111837724645004,0.008616460953513578,2.418614062473879,0.023039094784363355,0.5991608500480652,0.17172645032405853,0.12172645330429077,0.7556806802749634,1.0,0,ROW_FOLLOW,TRACKING,1.0,97.0,118.0,-0.05148053169250488,-0.03385657072067261,0.0,0.2648307681083679,0.0,-0.33254390954971313,0.0,0.4365079402923584,0.6857142448425293,0.9790028929710388,0.9452322721481323,1.0,0.4285714328289032,0.7556806802749634,0.30000001192092896,0.20000000298023224,0.20000000298023224,0.15000000596046448,0.15000000596046448,1.0,1.0,1.0,1.0
complex_fixed_v018_r1,closed_loop,complex,full,1,0.18,False,15.120028516,1785050992.3517115,0.4230821650542401,0.027492238783807924,0.058843208940369415,0.1971959698602078,-0.00933461241919185,0.46067988708137614,0.18,-0.23938164922892294,20.0,0.4203569622158197,-0.005946147896810315,1.4202690888258622,0.007263991350739363,2.3535211263190075,0.019538159100766957,0.5965238809585571,0.16905708611011505,0.11905708909034729,0.7675621509552002,1.0,0,ROW_FOLLOW,TRACKING,1.0,113.0,120.0,-0.048908594995737076,-0.03531627357006073,0.0,0.2629384994506836,0.0,-0.33357104659080505,0.0,0.4761904776096344,0.6857142448425293,0.9767430424690247,0.9480904936790466,1.0,0.4285714328289032,0.7675621509552002,0.30000001192092896,0.20000000298023224,0.20000000298023224,0.15000000596046448,0.15000000596046448,1.0,1.0,1.0,1.0
complex_fixed_v018_r1,closed_loop,complex,full,1,0.18,False,15.169361149,1785050992.4010441,0.42302155627808796,0.027403946477220737,0.05658572993496813,0.19851346530239689,-0.04043051170361461,0.46079649898476377,0.18,-0.23467293546336881,20.0,0.4203569622158197,-0.005946147896810315,1.4202690888258622,0.007263991350739363,2.3535211263190075,0.019538159100766957,0.5965238809585571,0.16905708611011505,0.11905708909034729,0.7675621509552002,1.0,0,ROW_FOLLOW,TRACKING,1.0,113.0,120.0,-0.048908594995737076,-0.03531627357006073,0.0,0.2629384994506836,0.0,-0.33357104659080505,0.0,0.4761904776096344,0.6857142448425293,0.9767430424690247,0.9480904936790466,1.0,0.4285714328289032,0.7675621509552002,0.30000001192092896,0.20000000298023224,0.20000000298023224,0.15000000596046448,0.15000000596046448,1.0,1.0,1.0,1.0
complex_fixed_v018_r1,closed_loop,complex,full,1,0.18,False,15.219201412,1785050992.4508843,0.42299481955543433,0.02726372476289165,0.052417598107493045,0.20048963305296966,-0.06778687514838608,0.46095180688138215,0.18,-0.23869004707411198,20.0,0.423423693735399,-0.00798634927379973,1.4233511729624164,0.004001670453157716,2.3899484241367515,0.015533421671268643,0.5983241200447083,0.16963274776935577,0.11963275074958801,0.7441989183425903,1.0,0,ROW_FOLLOW,TRACKING,1.0,108.0,109.0,-0.044511035084724426,-0.037439972162246704,0.0,0.26127922534942627,0.0,-0.3361591696739197,0.0,0.4285714328289032,0.6333332657814026,0.9796080589294434,0.9535945057868958,1.0,0.3333333432674408,0.7441989183425903,0.30000001192092896,0.20000000298023224,0.20000000298023224,0.15000000596046448,0.15000000596046448,1.0,1.0,1.0,1.0
complex_fixed_v018_r1,closed_loop,complex,full,1,0.18,False,15.269714366,1785050992.5013976,0.42294302670396894,0.027135616510481696,0.04883978950144652,0.2018089017975446,-0.08499123022661577,0.46109608736105195,0.18,-0.23262670014699346,20.0,0.423423693735399,-0.00798634927379973,1.4233511729624164,0.004001670453157716,2.3899484241367515,0.015533421671268643,0.5983241200447083,0.16963274776935577,0.11963275074958801,0.7441989183425903,1.0,0,ROW_FOLLOW,TRACKING,1.0,108.0,109.0,-0.044511035084724426,-0.037439972162246704,0.0,0.26127922534942627,0.0,-0.3361591696739197,0.0,0.4285714328289032,0.6333332657814026,0.9796080589294434,0.9535945057868958,1.0,0.3333333432674408,0.7441989183425903,0.30000001192092896,0.20000000298023224,0.20000000298023224,0.15000000596046448,0.15000000596046448,1.0,1.0,1.0,1.0
complex_fixed_v018_r1,closed_loop,complex,full,1,0.18,False,15.318912627,1785050992.5505955,0.42294481959895835,0.027091713410941524,0.043576047417376994,0.0,-0.08190554000535538,0.46114002705406054,0.18,-0.23997289346623205,21.0,0.4234048669706934,-0.010206911574177092,1.4233471325573064,0.0005291491585198703,2.423242466012166,0.007072261634589617,0.5974833965301514,0.15637604892253876,0.106376051902771,0.7472198009490967,1.0,0,ROW_FOLLOW,TRACKING,1.0,113.0,106.0,-0.037283800542354584,-0.039885684847831726,0.0,0.25885075330734253,0.0,-0.338622123003006,0.0,0.4285714328289032,0.6595237255096436,0.9766162633895874,0.9428026080131531,1.0,0.380952388048172,0.7472198009490967,0.30000001192092896,0.20000000298023224,0.20000000298023224,0.15000000596046448,0.15000000596046448,1.0,1.0,1.0,1.0
complex_fixed_v018_r1,closed_loop,complex,full,1,0.18,False,15.369622131,1785050992.601305,0.4381578206142569,0.027708371117116205,0.04015474641240592,0.12373327496565856,-0.08896292644590148,0.47636552102365176,0.18,-0.24198645444264938,21.0,0.4234048669706934,-0.010206911574177092,1.4233471325573064,0.0005291491585198703,2.423242466012166,0.007072261634589617,0.5974833965301514,0.15637604892253876,0.106376051902771,0.7472198009490967,1.0,0,ROW_FOLLOW,TRACKING,1.0,113.0,106.0,-0.037283800542354584,-0.039885684847831726,0.0,0.25885075330734253,0.0,-0.338622123003006,0.0,0.4285714328289032,0.6595237255096436,0.9766162633895874,0.9428026080131531,1.0,0.380952388048172,0.7472198009490967,0.30000001192092896,0.20000000298023224,0.20000000298023224,0.15000000596046448,0.15000000596046448,1.0,1.0,1.0,1.0
complex_fixed_v018_r1,closed_loop,complex,full,1,0.18,False,15.420123053,1785050992.6518059,0.44514504526337106,0.027662533159265777,0.03354727783262843,0.12373327496565856,-0.11030109849020894,0.4833537114622256,0.18,-0.24392572319561848,19.0,0.4291575718161102,-0.01237258877686853,1.3291069103031357,-0.0028254837092480133,2.3290502289824926,0.007823566148825033,0.5973227024078369,0.1672334522008896,0.11723345518112183,0.7664331197738647,1.0,0,ROW_FOLLOW,TRACKING,1.0,110.0,110.0,-0.026840511709451675,-0.04196101427078247,0.0,0.25705230236053467,0.0,-0.3409743309020996,0.0,0.4761904776096344,0.6857141852378845,0.9758318066596985,0.9417790174484253,1.0,0.4285714328289032,0.7664331197738647,0.30000001192092896,0.20000000298023224,0.20000000298023224,0.15000000596046448,0.15000000596046448,1.0,1.0,1.0,1.0
complex_fixed_v018_r1,closed_loop,complex,full,1,0.18,False,15.469297409,1785050992.7009804,0.4630664521357015,0.02547345523732122,0.02815698449455927,0.1768914889011513,-0.13737876159015847,0.5014453448975713,0.18,-0.2336454644870165,19.0,0.4291575718161102,-0.01237258877686853,1.3291069103031357,-0.0028254837092480133,2.3290502289824926,0.007823566148825033,0.5973227024078369,0.1672334522008896,0.11723345518112183,0.7664331197738647,1.0,0,ROW_FOLLOW,TRACKING,1.0,110.0,110.0,-0.026840511709451675,-0.04196101427078247,0.0,0.25705230236053467,0.0,-0.3409743309020996,0.0,0.4761904776096344,0.6857141852378845,0.9758318066596985,0.9417790174484253,1.0,0.4285714328289032,0.7664331197738647,0.30000001192092896,0.20000000298023224,0.20000000298023224,0.15000000596046448,0.15000000596046448,1.0,1.0,1.0,1.0
complex_fixed_v018_r1,closed_loop,complex,full,1,0.18,False,15.519559764,1785050992.7512426,0.4728119980855011,0.024569767283214947,0.019413045476242008,0.1768914889011513,-0.15757687990500413,0.5112349956443488,0.18,-0.22817129023880137,21.0,0.4433132666197345,-0.01434954287506716,1.448274096985512,-0.006184194375978227,2.444562110594637,-0.001234854705794033,0.5973227024078369,0.17133475840091705,0.12133476138114929,0.7673600912094116,1.0,0,ROW_FOLLOW,TRACKING,1.0,107.0,123.0,-0.022281795740127563,-0.04124005138874054,0.0,0.2573681175708771,0.0,-0.33984822034835815,0.0,0.4761904776096344,0.6857141852378845,0.9767208099365234,0.9467728734016418,1.0,0.4285714328289032,0.7673600912094116,0.30000001192092896,0.20000000298023224,0.20000000298023224,0.15000000596046448,0.15000000596046448,1.0,1.0,1.0,1.0
complex_fixed_v018_r1,closed_loop,complex,full,1,0.18,False,15.569377658,1785050992.8010607,0.47987949378385103,0.023792263336097408,0.012485771158829984,0.1768914889011513,-0.17992435890336547,0.5183506193914049,0.18,-0.21778130438779586,21.0,0.4433132666197345,-0.01434954287506716,1.448274096985512,-0.006184194375978227,2.444562110594637,-0.001234854705794033,0.5973227024078369,0.17133475840091705,0.12133476138114929,0.7673600912094116,1.0,0,ROW_FOLLOW,TRACKING,1.0,107.0,123.0,-0.022281795740127563,-0.04124005138874054,0.0,0.2573681175708771,0.0,-0.33984822034835815,0.0,0.4761904776096344,0.6857141852378845,0.9767208099365234,0.9467728734016418,1.0,0.4285714328289032,0.7673600912094116,0.30000001192092896,0.20000000298023224,0.20000000298023224,0.15000000596046448,0.15000000596046448,1.0,1.0,1.0,1.0
complex_fixed_v018_r1,closed_loop,complex,full,1,0.18,False,15.619410343,1785050992.8510933,0.48860386175604775,0.028155364770204753,0.0009588172425609718,0.16991808653283463,-0.19502528014812137,0.5296606994521239,0.18,-0.2311771740211191,21.0,0.4627365559852086,-0.01565677325273771,1.4677131885288421,-0.01145827823748452,2.4737444483562254,-0.015096259614965867,0.598635196685791,0.1709587126970291,0.12095871567726135,0.7785706520080566,1.0,0,ROW_FOLLOW,TRACKING,1.0,132.0,122.0,-0.010579412803053856,-0.040234655141830444,0.0,0.25881969928741455,0.0,-0.33928900957107544,0.0,0.5,0.7119046449661255,0.9751009941101074,0.9411302208900452,1.0,0.4761904776096344,0.7785706520080566,0.30000001192092896,0.20000000298023224,0.20000000298023224,0.15000000596046448,0.15000000596046448,1.0,1.0,1.0,1.0
complex_fixed_v018_r1,closed_loop,complex,full,1,0.18,False,15.669099178,1785050992.900782,0.4883008575920166,0.02888150867533214,-0.007096916966593981,0.1468402033709333,-0.20011132880783591,0.5437107317769293,0.18,-0.22285816396920474,21.0,0.4627365559852086,-0.01565677325273771,1.4677131885288421,-0.01145827823748452,2.4737444483562254,-0.015096259614965867,0.598635196685791,0.1709587126970291,0.12095871567726135,0.7785706520080566,1.0,0,ROW_FOLLOW,TRACKING,1.0,132.0,122.0,-0.010579412803053856,-0.040234655141830444,0.0,0.25881969928741455,0.0,-0.33928900957107544,0.0,0.5,0.7119046449661255,0.9751009941101074,0.9411302208900452,1.0,0.4761904776096344,0.7785706520080566,0.30000001192092896,0.20000000298023224,0.20000000298023224,0.15000000596046448,0.15000000596046448,1.0,1.0,1.0,1.0
complex_fixed_v018_r1,closed_loop,complex,full,1,0.18,False,15.718962705,1785050992.9506457,0.4965073142481188,0.028290364449922736,-0.018448995602279524,0.1468402033709333,-0.1732449669933587,0.5519412929575362,0.18,-0.19718923113130685,20.0,0.4791867437946586,-0.014903272921361135,1.5125149734612513,-0.013041953765424948,2.4125106615198217,-0.011484659641466888,0.596891462802887,0.1647653430700302,0.11476534605026245,0.7843040227890015,1.0,0,ROW_FOLLOW,TRACKING,1.0,124.0,118.0,0.01102665439248085,-0.040793269872665405,0.0,0.2580723166465759,0.0,-0.33965885639190674,0.0,0.523809552192688,0.7119046449661255,0.972473680973053,0.9352363348007202,1.0,0.4761904776096344,0.7843040227890015,0.30000001192092896,0.20000000298023224,0.20000000298023224,0.15000000596046448,0.15000000596046448,1.0,1.0,1.0,1.0
complex_fixed_v018_r1,closed_loop,complex,full,1,0.18,False,15.772083446,1785050993.0037665,0.5023922241825005,0.02776639350041104,-0.025837581648977093,0.1468402033709333,-0.17473192480867425,0.5578542216820391,0.18,-0.18728457614909613,20.0,0.4791867437946586,-0.014903272921361135,1.5125149734612513,-0.013041953765424948,2.4125106615198217,-0.011484659641466888,0.596891462802887,0.1647653430700302,0.11476534605026245,0.7843040227890015,1.0,0,ROW_FOLLOW,TRACKING,1.0,124.0,118.0,0.01102665439248085,-0.040793269872665405,0.0,0.2580723166465759,0.0,-0.33965885639190674,0.0,0.523809552192688,0.7119046449661255,0.972473680973053,0.9352363348007202,1.0,0.4761904776096344,0.7843040227890015,0.30000001192092896,0.20000000298023224,0.20000000298023224,0.15000000596046448,0.15000000596046448,1.0,1.0,1.0,1.0
complex_fixed_v018_r1,closed_loop,complex,full,1,0.18,False,15.819759616,1785050993.0514426,0.5042004704296231,0.027376552658190105,-0.037664127505256044,0.1468402033709333,-0.19589538953664615,0.5599478418649765,0.18,-0.15610764315116232,21.0,0.49191491545975347,-0.013385359850295812,1.525242822875483,-0.013776332583636844,2.492835727682845,-0.01957626410144962,0.5962485074996948,0.16486556828022003,0.11486557126045227,0.7673304080963135,1.0,0,ROW_FOLLOW,TRACKING,1.0,121.0,125.0,0.026284852996468544,-0.03899697959423065,0.0,0.25990429520606995,0.0,-0.33789825439453125,0.0,0.4761904776096344,0.6857142448425293,0.9770204424858093,0.9461752772331238,1.0,0.4285714328289032,0.7673304080963135,0.30000001192092896,0.20000000298023224,0.20000000298023224,0.15000000596046448,0.15000000596046448,1.0,1.0,1.0,1.0
complex_fixed_v018_r1,closed_loop,complex,full,1,0.18,False,15.869645736,1785050993.1013286,0.5041864345718629,0.02721454577409334,-0.045039446489757225,0.1468402033709333,-0.17902688005137335,0.5601104559036594,0.18,-0.14418354425772623,21.0,0.49191491545975347,-0.013385359850295812,1.525242822875483,-0.013776332583636844,2.492835727682845,-0.01957626410144962,0.5962485074996948,0.16486556828022003,0.11486557126045227,0.7673304080963135,1.0,0,ROW_FOLLOW,TRACKING,1.0,121.0,125.0,0.026284852996468544,-0.03899697959423065,0.0,0.25990429520606995,0.0,-0.33789825439453125,0.0,0.4761904776096344,0.6857142448425293,0.9770204424858093,0.9461752772331238,1.0,0.4285714328289032,0.7673304080963135,0.30000001192092896,0.20000000298023224,0.20000000298023224,0.15000000596046448,0.15000000596046448,1.0,1.0,1.0,1.0
complex_fixed_v018_r1,closed_loop,complex,full,1,0.18,False,15.919191976,1785050993.1508749,0.5333669063842971,0.0222410554484248,-0.05532510078770245,0.17014371761393599,-0.17228744975551577,0.5897902342899026,0.18,-0.10369620122916293,20.0,0.49937172339907615,-0.010717267905299014,1.5326951692543973,-0.012296469231672416,2.4660194139945246,-0.014020081002632434,0.5954278111457825,0.1642872840166092,0.11428728699684143,0.7789181470870972,1.0,0,ROW_FOLLOW,TRACKING,1.0,124.0,122.0,0.04287486523389816,-0.03585055470466614,0.0,0.2627055048942566,0.0,-0.33440661430358887,0.0,0.5396825075149536,0.6595237255096436,0.9726244807243347,0.9372246265411377,1.0,0.380952388048172,0.7789181470870972,0.30000001192092896,0.20000000298023224,0.20000000298023224,0.15000000596046448,0.15000000596046448,1.0,1.0,1.0,1.0
complex_fixed_v018_r1,closed_loop,complex,full,1,0.18,False,15.969292502,1785050993.2009757,0.5401105768119553,0.020647688861626524,-0.06202733409358221,0.17014371761393599,-0.15698927505655313,0.5967224684299963,0.18,-0.08914870836974131,20.0,0.49937172339907615,-0.010717267905299014,1.5326951692543973,-0.012296469231672416,2.4660194139945246,-0.014020081002632434,0.5954278111457825,0.1642872840166092,0.11428728699684143,0.7789181470870972,1.0,0,ROW_FOLLOW,TRACKING,1.0,124.0,122.0,0.04287486523389816,-0.03585055470466614,0.0,0.2627055048942566,0.0,-0.33440661430358887,0.0,0.5396825075149536,0.6595237255096436,0.9726244807243347,0.9372246265411377,1.0,0.380952388048172,0.7789181470870972,0.30000001192092896,0.20000000298023224,0.20000000298023224,0.15000000596046448,0.15000000596046448,1.0,1.0,1.0,1.0
complex_fixed_v018_r1,closed_loop,complex,full,1,0.18,False,16.020028311,1785050993.2517111,0.5465269591571734,0.01898049782582835,-0.0707672715604941,0.17014371761393599,-0.1478669266832371,0.6034327350350709,0.18,-0.0717638133702617,20.0,0.5170909501978942,-0.01082932671065029,1.5170755319868754,-0.01621129051163775,2.483727027443478,-0.02147568114836856,0.5947625637054443,0.17129947245121002,0.12129947543144226,0.7850829362869263,1.0,0,ROW_FOLLOW,TRACKING,1.0,124.0,132.0,0.057903870940208435,-0.03216506540775299,0.0,0.2666513919830322,0.0,-0.3309815227985382,0.0,0.523809552192688,0.7119047045707703,0.9773840308189392,0.9338818788528442,1.0,0.4761904776096344,0.7850829362869263,0.30000001192092896,0.20000000298023224,0.20000000298023224,0.15000000596046448,0.15000000596046448,1.0,1.0,1.0,1.0
complex_fixed_v018_r1,closed_loop,complex,full,1,0.18,False,16.069393745,1785050993.3010767,0.5464897565817722,0.018823032676355433,-0.07702795286267916,0.17014371761393599,-0.14182622322107502,0.6035945354338249,0.18,-0.05672392025682911,20.0,0.5170909501978942,-0.01082932671065029,1.5170755319868754,-0.01621129051163775,2.483727027443478,-0.02147568114836856,0.5947625637054443,0.17129947245121002,0.12129947543144226,0.7850829362869263,1.0,0,ROW_FOLLOW,TRACKING,1.0,124.0,132.0,0.057903870940208435,-0.03216506540775299,0.0,0.2666513919830322,0.0,-0.3309815227985382,0.0,0.523809552192688,0.7119047045707703,0.9773840308189392,0.9338818788528442,1.0,0.4761904776096344,0.7850829362869263,0.30000001192092896,0.20000000298023224,0.20000000298023224,0.15000000596046448,0.15000000596046448,1.0,1.0,1.0,1.0
complex_fixed_v018_r1,closed_loop,complex,full,1,0.18,False,16.119886955,1785050993.35157,0.5464405605279247,0.018621260160061034,-0.08506404324457374,0.17014371761393599,-0.11916436235345643,0.6038022193414169,0.18,-0.033200676466128176,21.0,0.531176067106225,-0.01014757805797247,1.5311574956113916,-0.01621800939054405,2.546300882913857,-0.02058754671213818,0.5960080623626709,0.17052744328975677,0.12052744626998901,0.7897783517837524,1.0,0,ROW_FOLLOW,TRACKING,1.0,132.0,134.0,0.07143532484769821,-0.028225824236869812,0.0,0.27124565839767456,0.0,-0.3276973068714142,0.0,0.523809552192688,0.7380951642990112,0.9769343137741089,0.9308636784553528,1.0,0.523809552192688,0.7897783517837524,0.30000001192092896,0.20000000298023224,0.20000000298023224,0.15000000596046448,0.15000000596046448,1.0,1.0,1.0,1.0
complex_fixed_v018_r1,closed_loop,complex,full,1,0.18,False,16.169296295,1785050993.4009793,0.546409311499848,0.01849662355400381,-0.09003598628249865,0.17014371761393599,-0.11230899182024247,0.6039307137407623,0.18,-0.025074235146130757,21.0,0.531176067106225,-0.01014757805797247,1.5311574956113916,-0.01621800939054405,2.546300882913857,-0.02058754671213818,0.5960080623626709,0.17052744328975677,0.12052744626998901,0.7897783517837524,1.0,0,ROW_FOLLOW,TRACKING,1.0,132.0,134.0,0.07143532484769821,-0.028225824236869812,0.0,0.27124565839767456,0.0,-0.3276973068714142,0.0,0.523809552192688,0.7380951642990112,0.9769343137741089,0.9308636784553528,1.0,0.523809552192688,0.7897783517837524,0.30000001192092896,0.20000000298023224,0.20000000298023224,0.15000000596046448,0.15000000596046448,1.0,1.0,1.0,1.0
complex_fixed_v018_r1,closed_loop,complex,full,1,0.18,False,16.219214353,1785050993.4508975,0.571108279098171,0.00955925264514741,-0.09636112053433665,0.1697906089837444,-0.10035237993789524,0.6303048402401784,0.18,0.03046970525010073,21.0,0.5452437885935534,-0.009090258041484191,1.5452173764459953,-0.01625430531677444,2.5462039349017136,-0.021876462258559107,0.5911862850189209,0.1436183601617813,0.09361836314201355,0.7916508913040161,1.0,0,ROW_FOLLOW,TRACKING,1.0,131.0,137.0,0.08334148675203323,-0.023981928825378418,0.0,0.2757747173309326,0.0,-0.32373857498168945,0.0,0.5476190447807312,0.7380951642990112,0.9672926068305969,0.9085837006568909,1.0,0.523809552192688,0.7916508913040161,0.30000001192092896,0.20000000298023224,0.20000000298023224,0.15000000596046448,0.15000000596046448,1.0,1.0,1.0,1.0
complex_fixed_v018_r1,closed_loop,complex,full,1,0.18,False,16.269293215,1785050993.500976,0.5837753360995915,0.012369045055620052,-0.10049910232575646,0.17049399827261677,-0.0837311530750853,0.6433841508212118,0.18,0.015173066956045329,21.0,0.5452437885935534,-0.009090258041484191,1.5452173764459953,-0.01625430531677444,2.5462039349017136,-0.021876462258559107,0.5911862850189209,0.1436183601617813,0.09361836314201355,0.7916508913040161,1.0,0,ROW_FOLLOW,TRACKING,1.0,131.0,137.0,0.08334148675203323,-0.023981928825378418,0.0,0.2757747173309326,0.0,-0.32373857498168945,0.0,0.5476190447807312,0.7380951642990112,0.9672926068305969,0.9085837006568909,1.0,0.523809552192688,0.7916508913040161,0.30000001192092896,0.20000000298023224,0.20000000298023224,0.15000000596046448,0.15000000596046448,1.0,1.0,1.0,1.0
complex_fixed_v018_r1,closed_loop,complex,full,1,0.18,False,16.318996226,1785050993.5506792,0.5857467141508688,0.012160539303898054,-0.10537483328974154,0.17234659863057464,-0.07495429446285884,0.6453666202633002,0.18,0.037160616311251435,21.0,0.5587042739412036,-0.007438498914018898,1.5586725525886431,-0.01525978359743768,2.558640867896362,-0.023081069205964453,0.5943152904510498,0.15544651448726654,0.10544651746749878,0.8004013299942017,1.0,0,ROW_FOLLOW,TRACKING,1.0,137.0,139.0,0.09297818690538406,-0.019745543599128723,0.0,0.2812342941761017,0.0,-0.32072538137435913,0.0,0.5714285969734192,0.7380951642990112,0.9713058471679688,0.9139501452445984,1.0,0.523809552192688,0.8004013299942017,0.30000001192092896,0.20000000298023224,0.20000000298023224,0.15000000596046448,0.15000000596046448,1.0,1.0,1.0,1.0
complex_fixed_v018_r1,closed_loop,complex,full,1,0.18,False,16.369357049,1785050993.6010401,0.5990527096088551,0.012139424759204386,-0.10820713744027893,0.17805520199382419,-0.08969143834852529,0.6586937223711737,0.18,0.035073672626420443,21.0,0.5587042739412036,-0.007438498914018898,1.5586725525886431,-0.01525978359743768,2.558640867896362,-0.023081069205964453,0.5943152904510498,0.15544651448726654,0.10544651746749878,0.8004013299942017,1.0,0,ROW_FOLLOW,TRACKING,1.0,137.0,139.0,0.09297818690538406,-0.019745543599128723,0.0,0.2812342941761017,0.0,-0.32072538137435913,0.0,0.5714285969734192,0.7380951642990112,0.9713058471679688,0.9139501452445984,1.0,0.523809552192688,0.8004013299942017,0.30000001192092896,0.20000000298023224,0.20000000298023224,0.15000000596046448,0.15000000596046448,1.0,1.0,1.0,1.0
complex_fixed_v018_r1,closed_loop,complex,full,1,0.18,False,16.418892472,1785050993.6505756,0.6040218188362753,0.011549767574722111,-0.1129378105741239,0.17938511493022277,-0.08523741404772225,0.6636984809503371,0.18,0.05979813948718844,21.0,0.5763454848405029,-0.005466012502331165,1.5763027163955032,-0.014717898745803227,2.57625995567448,-0.023969779941260535,0.5960751175880432,0.1596003919839859,0.10960039496421814,0.7952733039855957,1.0,0,ROW_FOLLOW,TRACKING,1.0,128.0,148.0,0.1000664234161377,-0.015580639243125916,0.0,0.2860657572746277,0.0,-0.3172270357608795,0.0,0.5714285969734192,0.7119047045707703,0.9711936116218567,0.9148339629173279,1.0,0.4761904776096344,0.7952733039855957,0.30000001192092896,0.20000000298023224,0.20000000298023224,0.15000000596046448,0.15000000596046448,1.0,1.0,1.0,1.0
complex_fixed_v018_r1,closed_loop,complex,full,1,0.18,False,16.469348145,1785050993.7010312,0.6097052251891079,0.01083434529442721,-0.11605839364265733,0.1802163805442857,-0.06656821009685014,0.6694302694480679,0.18,0.06584780430565768,21.0,0.5763454848405029,-0.005466012502331165,1.5763027163955032,-0.014717898745803227,2.57625995567448,-0.023969779941260535,0.5960751175880432,0.1596003919839859,0.10960039496421814,0.7952733039855957,1.0,0,ROW_FOLLOW,TRACKING,1.0,128.0,148.0,0.1000664234161377,-0.015580639243125916,0.0,0.2860657572746277,0.0,-0.3172270357608795,0.0,0.5714285969734192,0.7119047045707703,0.9711936116218567,0.9148339629173279,1.0,0.4761904776096344,0.7952733039855957,0.30000001192092896,0.20000000298023224,0.20000000298023224,0.15000000596046448,0.15000000596046448,1.0,1.0,1.0,1.0
complex_fixed_v018_r1,closed_loop,complex,full,1,0.18,False,16.518938225,1785050993.750621,0.6274804998467103,0.009749753917627014,-0.12022032395072113,0.17214556486897228,-0.07520088984085141,0.6872449129374132,0.18,0.08760773783579831,21.0,0.5978508449493068,-0.00439882698591344,1.5978171735569517,-0.012312776224049376,2.597783507998533,-0.02022672209980784,0.5961761474609375,0.16878779232501984,0.11878779530525208,0.7972952127456665,1.0,0,ROW_FOLLOW,TRACKING,1.0,132.0,155.0,0.11245282739400864,-0.013026252388954163,0.0,0.2886388599872589,0.0,-0.31469136476516724,0.0,0.5714285969734192,0.7119047045707703,0.9715983271598816,0.9277733564376831,1.0,0.4761904776096344,0.7972952127456665,0.30000001192092896,0.20000000298023224,0.20000000298023224,0.15000000596046448,0.15000000596046448,1.0,1.0,1.0,1.0
complex_fixed_v018_r1,closed_loop,complex,full,1,0.18,False,16.569363657,1785050993.8010468,0.6345674490057879,0.008840414085747338,-0.12307533872557475,0.17279278678324256,-0.08576147667594368,0.6943930553768596,0.18,0.09404449344493179,21.0,0.5978508449493068,-0.00439882698591344,1.5978171735569517,-0.012312776224049376,2.597783507998533,-0.02022672209980784,0.5961761474609375,0.16878779232501984,0.11878779530525208,0.7972952127456665,1.0,0,ROW_FOLLOW,TRACKING,1.0,132.0,155.0,0.11245282739400864,-0.013026252388954163,0.0,0.2886388599872589,0.0,-0.31469136476516724,0.0,0.5714285969734192,0.7119047045707703,0.9715983271598816,0.9277733564376831,1.0,0.4761904776096344,0.7972952127456665,0.30000001192092896,0.20000000298023224,0.20000000298023224,0.15000000596046448,0.15000000596046448,1.0,1.0,1.0,1.0
complex_fixed_v018_r1,closed_loop,complex,full,1,0.18,False,16.619682302,1785050993.8513653,0.6439593482558501,0.0075608277445223335,-0.12642423700562058,0.17381194346340934,-0.059952175445789804,0.7038740935187553,0.18,0.12137812467479997,21.0,0.6150554245978362,-0.0023834286779172167,1.6150280969627338,-0.009487954698427217,2.615000769016857,-0.016592481787732635,0.5978468060493469,0.1678227335214615,0.11782273650169373,0.8138030767440796,1.0,0,ROW_FOLLOW,TRACKING,1.0,131.0,147.0,0.11787112802267075,-0.010062187910079956,0.0,0.292153537273407,0.0,-0.3122779130935669,0.0,0.5952380299568176,0.764285683631897,0.9698394536972046,0.9227104187011719,1.0,0.5714285969734192,0.8138030767440796,0.30000001192092896,0.20000000298023224,0.20000000298023224,0.15000000596046448,0.15000000596046448,1.0,1.0,1.0,1.0
complex_fixed_v018_r1,closed_loop,complex,full,1,0.18,False,16.669759916,1785050993.9014428,0.6472252337771067,0.007043420147219618,-0.12873542477784566,0.17479472277195285,-0.06308613877666391,0.7071854163091044,0.18,0.12657413364153897,21.0,0.6150554245978362,-0.0023834286779172167,1.6150280969627338,-0.009487954698427217,2.615000769016857,-0.016592481787732635,0.5978468060493469,0.1678227335214615,0.11782273650169373,0.8138030767440796,1.0,0,ROW_FOLLOW,TRACKING,1.0,131.0,147.0,0.11787112802267075,-0.010062187910079956,0.0,0.292153537273407,0.0,-0.3122779130935669,0.0,0.5952380299568176,0.764285683631897,0.9698394536972046,0.9227104187011719,1.0,0.5714285969734192,0.8138030767440796,0.30000001192092896,0.20000000298023224,0.20000000298023224,0.15000000596046448,0.15000000596046448,1.0,1.0,1.0,1.0
complex_fixed_v018_r1,closed_loop,complex,full,1,0.18,False,16.719940222,1785050993.9516232,0.6699321807165115,0.0034664689622009933,-0.13236068756466232,0.18383426769423997,-0.05449822541661621,0.7301826533198555,0.18,0.15883300093583944,21.0,0.6313979344392595,-0.0010438865602244351,1.6313776128403126,-0.00733706106222809,2.6313573009626956,-0.013630241738693602,0.5970904231071472,0.1669682413339615,0.11696824431419373,0.8110436201095581,1.0,0,ROW_FOLLOW,TRACKING,1.0,119.0,143.0,0.12233223766088486,-0.006334230303764343,0.0,0.29684168100357056,0.0,-0.30951014161109924,0.0,0.5873015522956848,0.764285683631897,0.9704264402389526,0.9194044470787048,1.0,0.5714285969734192,0.8110436201095581,0.30000001192092896,0.20000000298023224,0.20000000298023224,0.15000000596046448,0.15000000596046448,1.0,1.0,1.0,1.0
complex_fixed_v018_r1,closed_loop,complex,full,1,0.18,False,16.769449244,1785050994.0011322,0.6791489294868582,0.002195404429063128,-0.13391479517200017,0.18430932003602793,-0.028943952679739468,0.7395145921969745,0.18,0.16612979751493756,21.0,0.6313979344392595,-0.0010438865602244351,1.6313776128403126,-0.00733706106222809,2.6313573009626956,-0.013630241738693602,0.5970904231071472,0.1669682413339615,0.11696824431419373,0.8110436201095581,1.0,0,ROW_FOLLOW,TRACKING,1.0,119.0,143.0,0.12233223766088486,-0.006334230303764343,0.0,0.29684168100357056,0.0,-0.30951014161109924,0.0,0.5873015522956848,0.764285683631897,0.9704264402389526,0.9194044470787048,1.0,0.5714285969734192,0.8110436201095581,0.30000001192092896,0.20000000298023224,0.20000000298023224,0.15000000596046448,0.15000000596046448,1.0,1.0,1.0,1.0
complex_fixed_v018_r1,closed_loop,complex,full,1,0.18,False,16.818890008,1785050994.050573,0.6879733134858884,0.0009060985094593082,-0.13663665425568805,0.18436292114484942,-0.05747738563449748,0.7484975935054525,0.18,0.1819163761848354,19.0,0.6542058028561913,-0.000457183012972754,1.55418085833899,-0.007143630548572339,2.5208204018418003,-0.014377332475771595,0.5920637845993042,0.1514979749917984,0.10149797797203064,0.8127983808517456,1.0,0,ROW_FOLLOW,TRACKING,1.0,133.0,142.0,0.12661238014698029,-0.002755105495452881,0.0,0.30139344930648804,0.0,-0.3069036602973938,0.0,0.6111111044883728,0.764285683631897,0.9607144594192505,0.8964337110519409,1.0,0.5714285969734192,0.8127983808517456,0.30000001192092896,0.20000000298023224,0.20000000298023224,0.15000000596046448,0.15000000596046448,1.0,1.0,1.0,1.0
complex_fixed_v018_r1,closed_loop,complex,full,1,0.18,False,16.869472885,1785050994.1011558,0.6894564578561079,0.0006177131348156853,-0.13871800965684095,0.18396920937962402,-0.053651615670741726,0.7500657961427011,0.18,0.18629879684430273,19.0,0.6542058028561913,-0.000457183012972754,1.55418085833899,-0.007143630548572339,2.5208204018418003,-0.014377332475771595,0.5920637845993042,0.1514979749917984,0.10149797797203064,0.8127983808517456,1.0,0,ROW_FOLLOW,TRACKING,1.0,133.0,142.0,0.12661238014698029,-0.002755105495452881,0.0,0.30139344930648804,0.0,-0.3069036602973938,0.0,0.6111111044883728,0.764285683631897,0.9607144594192505,0.8964337110519409,1.0,0.5714285969734192,0.8127983808517456,0.30000001192092896,0.20000000298023224,0.20000000298023224,0.15000000596046448,0.15000000596046448,1.0,1.0,1.0,1.0
complex_fixed_v018_r1,closed_loop,complex,full,1,0.18,False,16.919747754,1785050994.1514306,0.6892181366690238,0.0005815173983050445,-0.1403064052827361,0.1850933797827901,-0.03143467337949984,0.75034281216422,0.18,0.1949669959555143,21.0,0.6722872771393456,0.0001925606681760225,1.6722549842063401,-0.00784694128563152,2.6688055718527672,-0.015332977696419746,0.5994160175323486,0.15996451675891876,0.109964519739151,0.7915079593658447,1.0,0,ROW_FOLLOW,TRACKING,1.0,124.0,146.0,0.1307411640882492,1.5616416931152344e-05,0.0,0.30516934394836426,0.0,-0.30513811111450195,0.0,0.579365074634552,0.6857142448425293,0.9644423127174377,0.9177812933921814,1.0,0.4285714328289032,0.7915079593658447,0.30000001192092896,0.20000000298023224,0.20000000298023224,0.15000000596046448,0.15000000596046448,1.0,1.0,1.0,1.0
complex_fixed_v018_r1,closed_loop,complex,full,1,0.18,False,16.969503279,1785050994.2011864,0.7147625506210222,-0.002162314873733388,-0.14077200481151622,0.1889195118708365,-0.006486264957120028,0.7762567799148726,0.18,0.20636730053612695,21.0,0.6722872771393456,0.0001925606681760225,1.6722549842063401,-0.00784694128563152,2.6688055718527672,-0.015332977696419746,0.5994160175323486,0.15996451675891876,0.109964519739151,0.7915079593658447,1.0,0,ROW_FOLLOW,TRACKING,1.0,124.0,146.0,0.1307411640882492,1.5616416931152344e-05,0.0,0.30516934394836426,0.0,-0.30513811111450195,0.0,0.579365074634552,0.6857142448425293,0.9644423127174377,0.9177812933921814,1.0,0.4285714328289032,0.7915079593658447,0.30000001192092896,0.20000000298023224,0.20000000298023224,0.15000000596046448,0.15000000596046448,1.0,1.0,1.0,1.0
complex_fixed_v018_r1,closed_loop,complex,full,1,0.18,False,17.019646784,1785050994.25133,0.7237173476077566,-0.0034625145117722464,-0.14182518693195512,0.188303967072332,-0.0226115706610385,0.7853227074838829,0.18,0.21726380720642102,21.0,0.6944563509481085,0.00036526309912714074,1.6944206410852811,-0.008097208827783529,2.7020489248937567,-0.01634283391917839,0.601081132888794,0.15621300041675568,0.10621300339698792,0.7903103828430176,1.0,0,ROW_FOLLOW,TRACKING,1.0,118.0,152.0,0.1322893351316452,0.003216475248336792,0.0,0.30933791399002075,0.0,-0.30290496349334717,0.0,0.579365074634552,0.6857142448425293,0.9602794647216797,0.9153478741645813,1.0,0.4285714328289032,0.7903103828430176,0.30000001192092896,0.20000000298023224,0.20000000298023224,0.15000000596046448,0.15000000596046448,1.0,1.0,1.0,1.0
complex_fixed_v018_r1,closed_loop,complex,full,1,0.18,False,17.069438118,1785050994.301121,0.7279675219761367,-0.0035809925864617974,-0.141717359728788,0.18664867312788022,-0.005131411494337359,0.799146905322977,0.18,0.2172295115101227,21.0,0.6944563509481085,0.00036526309912714074,1.6944206410852811,-0.008097208827783529,2.7020489248937567,-0.01634283391917839,0.601081132888794,0.15621300041675568,0.10621300339698792,0.7903103828430176,1.0,0,ROW_FOLLOW,TRACKING,1.0,118.0,152.0,0.1322893351316452,0.003216475248336792,0.0,0.30933791399002075,0.0,-0.30290496349334717,0.0,0.579365074634552,0.6857142448425293,0.9602794647216797,0.9153478741645813,1.0,0.4285714328289032,0.7903103828430176,0.30000001192092896,0.20000000298023224,0.20000000298023224,0.15000000596046448,0.15000000596046448,1.0,1.0,1.0,1.0
complex_fixed_v018_r1,closed_loop,complex,full,1,0.18,False,17.119338288,1785050994.3510213,0.7369384813464623,-0.004862887139264752,-0.14193263132669504,0.18726188590416218,-0.011412073819836409,0.8082114088982203,0.18,0.23127237500791015,21.0,0.7107438410617314,0.0010085853501887977,1.7107168787318952,-0.006004966572742045,2.710689904921694,-0.01301851279064666,0.6046348214149475,0.17145182192325592,0.12145182490348816,0.8007726669311523,1.0,0,ROW_FOLLOW,TRACKING,1.0,106.0,141.0,0.13785532116889954,0.004935204982757568,0.0,0.3113553822040558,0.0,-0.30148497223854065,0.0,0.6269841194152832,0.6333333253860474,0.972984790802002,0.9427583813667297,1.0,0.3333333432674408,0.8007726669311523,0.30000001192092896,0.20000000298023224,0.20000000298023224,0.15000000596046448,0.15000000596046448,1.0,1.0,1.0,1.0
complex_fixed_v018_r1,closed_loop,complex,full,1,0.18,False,17.169351005,1785050994.4010339,0.7464313176410589,-0.006238622385591402,-0.14250208892082586,0.18806718552816018,-0.013150352523338876,0.8178140306858799,0.18,0.23897754195136173,21.0,0.7107438410617314,0.0010085853501887977,1.7107168787318952,-0.006004966572742045,2.710689904921694,-0.01301851279064666,0.6046348214149475,0.17145182192325592,0.12145182490348816,0.8007726669311523,1.0,0,ROW_FOLLOW,TRACKING,1.0,106.0,141.0,0.13785532116889954,0.004935204982757568,0.0,0.3113553822040558,0.0,-0.30148497223854065,0.0,0.6269841194152832,0.6333333253860474,0.972984790802002,0.9427583813667297,1.0,0.3333333432674408,0.8007726669311523,0.30000001192092896,0.20000000298023224,0.20000000298023224,0.15000000596046448,0.15000000596046448,1.0,1.0,1.0,1.0
complex_fixed_v018_r1,closed_loop,complex,full,1,0.18,False,17.219539183,1785050994.4512222,0.7593905808014102,-0.006520468867297394,-0.14178035738766462,0.1796775180509087,-0.001961660928759978,0.8308502710728135,0.18,0.24193847858104944,20.0,0.7297488081973799,0.0010844734137237253,1.729728897410859,-0.004908135570296492,2.6630439047752255,-0.01048136108282964,0.6076970100402832,0.1760849505662918,0.12608495354652405,0.8000950813293457,1.0,0,ROW_FOLLOW,TRACKING,1.0,99.0,130.0,0.1371055245399475,0.007086127996444702,0.0,0.31426677107810974,0.0,-0.30009451508522034,0.0,0.5873015522956848,0.6857142448425293,0.9722239971160889,0.9487797021865845,1.0,0.4285714328289032,0.8000950813293457,0.30000001192092896,0.20000000298023224,0.20000000298023224,0.15000000596046448,0.15000000596046448,1.0,1.0,1.0,1.0
complex_fixed_v018_r1,closed_loop,complex,full,1,0.18,False,17.269339318,1785050994.5010226,0.7684939878078899,-0.007814887256398818,-0.1417086308283188,0.18079034093032587,-0.0054789427612805235,0.8400556792497128,0.18,0.2486765144725927,20.0,0.7297488081973799,0.0010844734137237253,1.729728897410859,-0.004908135570296492,2.6630439047752255,-0.01048136108282964,0.6076970100402832,0.1760849505662918,0.12608495354652405,0.8000950813293457,1.0,0,ROW_FOLLOW,TRACKING,1.0,99.0,130.0,0.1371055245399475,0.007086127996444702,0.0,0.31426677107810974,0.0,-0.30009451508522034,0.0,0.5873015522956848,0.6857142448425293,0.9722239971160889,0.9487797021865845,1.0,0.4285714328289032,0.8000950813293457,0.30000001192092896,0.20000000298023224,0.20000000298023224,0.15000000596046448,0.15000000596046448,1.0,1.0,1.0,1.0
complex_fixed_v018_r1,closed_loop,complex,full,1,0.18,False,17.319800623,1785050994.5514836,0.7776244060432126,-0.009112957116512773,-0.14161065576258156,0.18279634672551234,0.030314576767202315,0.84929247846523,0.18,0.25920883509956344,21.0,0.7476719258729242,0.0014711009722198388,1.7476575556789709,-0.0037975588105405526,2.748244465085794,-0.00862648202791544,0.601959228515625,0.1536969095468521,0.10369691252708435,0.80078125,1.0,0,ROW_FOLLOW,TRACKING,1.0,98.0,126.0,0.13516117632389069,0.010026827454566956,0.0,0.31752315163612366,0.0,-0.29746949672698975,0.0,0.6111111044883728,0.6857142448425293,0.9649454951286316,0.9154396057128906,1.0,0.4285714328289032,0.80078125,0.30000001192092896,0.20000000298023224,0.20000000298023224,0.15000000596046448,0.15000000596046448,1.0,1.0,1.0,1.0
complex_fixed_v018_r1,closed_loop,complex,full,1,0.18,False,17.36933259,1785050994.6010156,0.7790156306150798,-0.009296081566551954,-0.1410831485773429,0.18417536069912352,0.005690684944485778,0.8507108051860068,0.18,0.2594468111776286,21.0,0.7476719258729242,0.0014711009722198388,1.7476575556789709,-0.0037975588105405526,2.748244465085794,-0.00862648202791544,0.601959228515625,0.1536969095468521,0.10369691252708435,0.80078125,1.0,0,ROW_FOLLOW,TRACKING,1.0,98.0,126.0,0.13516117632389069,0.010026827454566956,0.0,0.31752315163612366,0.0,-0.29746949672698975,0.0,0.6111111044883728,0.6857142448425293,0.9649454951286316,0.9154396057128906,1.0,0.4285714328289032,0.80078125,0.30000001192092896,0.20000000298023224,0.20000000298023224,0.15000000596046448,0.15000000596046448,1.0,1.0,1.0,1.0
complex_fixed_v018_r1,closed_loop,complex,full,1,0.18,False,17.419128789,1785050994.650812,0.7787465908537037,-0.00927005418554679,-0.14152675017329974,0.1850072505353426,0.012243101481366415,0.8509948220576123,0.18,0.26310961424198853,19.0,0.7646925893276005,0.0019546240743422796,1.6646806247544268,-0.00249078937557662,2.6646680459167302,-0.007307705036145016,0.601102888584137,0.1596256047487259,0.10962560772895813,0.79862380027771,1.0,0,ROW_FOLLOW,TRACKING,1.0,97.0,114.0,0.13867253065109253,0.012114077806472778,0.0,0.3197653293609619,0.0,-0.29553717374801636,0.0,0.6190476417541504,0.6595237255096436,0.9657038450241089,0.9190931916236877,1.0,0.380952388048172,0.79862380027771,0.30000001192092896,0.20000000298023224,0.20000000298023224,0.15000000596046448,0.15000000596046448,1.0,1.0,1.0,1.0
complex_fixed_v018_r1,closed_loop,complex,full,1,0.18,False,17.469529101,1785050994.7012122,0.7786162165368427,-0.009256806982259929,-0.14169342915633357,0.18556194123335198,4.491408041101455e-05,0.8511271161521411,0.18,0.26330042236881473,19.0,0.7646925893276005,0.0019546240743422796,1.6646806247544268,-0.00249078937557662,2.6646680459167302,-0.007307705036145016,0.601102888584137,0.1596256047487259,0.10962560772895813,0.79862380027771,1.0,0,ROW_FOLLOW,TRACKING,1.0,97.0,114.0,0.13867253065109253,0.012114077806472778,0.0,0.3197653293609619,0.0,-0.29553717374801636,0.0,0.6190476417541504,0.6595237255096436,0.9657038450241089,0.9190931916236877,1.0,0.380952388048172,0.79862380027771,0.30000001192092896,0.20000000298023224,0.20000000298023224,0.15000000596046448,0.15000000596046448,1.0,1.0,1.0,1.0
complex_fixed_v018_r1,closed_loop,complex,full,1,0.18,False,17.51956169,1785050994.7512448,0.8241029712987226,-0.010421327695112956,-0.14118703470678626,0.19647443231178469,0.0005281345918573359,0.8966372470675573,0.18,0.27991025796967517,21.0,0.7754053725481936,0.0030949975830256017,1.7753969237675093,0.00014831292636018848,2.773562454650397,-0.0027258313434982834,0.6087199449539185,0.16120557487010956,0.1112055778503418,0.7851898670196533,1.0,0,ROW_FOLLOW,TRACKING,1.0,91.0,91.0,0.14238543808460236,0.013528436422348022,0.0,0.3215961754322052,0.0,-0.29453930258750916,0.0,0.579365074634552,0.6333332657814026,0.9666787385940552,0.9425192475318909,1.0,0.3333333432674408,0.7851898670196533,0.30000001192092896,0.20000000298023224,0.20000000298023224,0.15000000596046448,0.15000000596046448,1.0,1.0,1.0,1.0
complex_fixed_v018_r1,closed_loop,complex,full,1,0.18,False,17.569361153,1785050994.8010442,0.830614962308147,-0.01361753363579608,-0.14064930613457088,0.19291658133559225,0.020290367960364868,0.9088544084496211,0.18,0.28967185663259426,21.0,0.7754053725481936,0.0030949975830256017,1.7753969237675093,0.00014831292636018848,2.773562454650397,-0.0027258313434982834,0.6087199449539185,0.16120557487010956,0.1112055778503418,0.7851898670196533,1.0,0,ROW_FOLLOW,TRACKING,1.0,91.0,91.0,0.14238543808460236,0.013528436422348022,0.0,0.3215961754322052,0.0,-0.29453930258750916,0.0,0.579365074634552,0.6333332657814026,0.9666787385940552,0.9425192475318909,1.0,0.3333333432674408,0.7851898670196533,0.30000001192092896,0.20000000298023224,0.20000000298023224,0.15000000596046448,0.15000000596046448,1.0,1.0,1.0,1.0
complex_fixed_v018_r1,closed_loop,complex,full,1,0.18,False,17.618858911,1785050994.8505418,0.8394200969676711,-0.014859115839910203,-0.14008276415869583,0.19563174285604615,0.008726629149602469,0.9177477916576873,0.18,0.3074384069163057,21.0,0.7960521836035541,0.002346993253412907,1.7960389595902253,0.004401703564814916,2.8045182944372247,0.011156354293887184,0.6099021434783936,0.16861142218112946,0.1186114251613617,0.7424896955490112,1.0,0,ROW_FOLLOW,TRACKING,1.0,85.0,91.0,0.14866827428340912,0.013585731387138367,0.0,0.3214566707611084,0.0,-0.29428520798683167,0.0,0.4285714328289032,0.6333332657814026,0.9671400785446167,0.9588240385055542,1.0,0.3333333432674408,0.7424896955490112,0.30000001192092896,0.20000000298023224,0.20000000298023224,0.15000000596046448,0.15000000596046448,1.0,1.0,1.0,1.0
complex_fixed_v018_r1,closed_loop,complex,full,1,0.18,False,17.669432188,1785050994.9011152,0.8485092195476797,-0.01610692781792169,-0.13880980635332696,0.19287656329335118,0.013150495168222,0.9269451390258223,0.18,0.3035898307576579,21.0,0.7960521836035541,0.002346993253412907,1.7960389595902253,0.004401703564814916,2.8045182944372247,0.011156354293887184,0.6099021434783936,0.16861142218112946,0.1186114251613617,0.7424896955490112,1.0,0,ROW_FOLLOW,TRACKING,1.0,85.0,91.0,0.14866827428340912,0.013585731387138367,0.0,0.3214566707611084,0.0,-0.29428520798683167,0.0,0.4285714328289032,0.6333332657814026,0.9671400785446167,0.9588240385055542,1.0,0.3333333432674408,0.7424896955490112,0.30000001192092896,0.20000000298023224,0.20000000298023224,0.15000000596046448,0.15000000596046448,1.0,1.0,1.0,1.0
complex_fixed_v018_r1,closed_loop,complex,full,1,0.18,False,17.719532172,1785050994.951215,0.8552233023212734,-0.016995265473156818,-0.13785105849012563,0.18975196150427875,0.024133843304263866,0.9337393341960158,0.18,0.3135920158410956,21.0,0.8191636712112054,0.0009831452590508642,1.8191397456584302,0.0068339237581545,2.819115796874804,0.012684696831511744,0.6094435453414917,0.17025555670261383,0.12025555968284607,0.7454620599746704,1.0,0,ROW_FOLLOW,TRACKING,1.0,88.0,86.0,0.14732399582862854,0.014820665121078491,0.0,0.3225831389427185,0.0,-0.2929418087005615,0.0,0.4206349551677704,0.6595237255096436,0.9685122966766357,0.9577624201774597,1.0,0.380952388048172,0.7454620599746704,0.30000001192092896,0.20000000298023224,0.20000000298023224,0.15000000596046448,0.15000000596046448,1.0,1.0,1.0,1.0
complex_fixed_v018_r1,closed_loop,complex,full,1,0.18,False,17.76995034,1785050995.0016332,0.8556656423328596,-0.01700115857245544,-0.1365601854323155,0.19029032338783702,0.02756040736395596,0.9341970275087735,0.18,0.3118228062528674,21.0,0.8191636712112054,0.0009831452590508642,1.8191397456584302,0.0068339237581545,2.819115796874804,0.012684696831511744,0.6094435453414917,0.17025555670261383,0.12025555968284607,0.7454620599746704,1.0,0,ROW_FOLLOW,TRACKING,1.0,88.0,86.0,0.14732399582862854,0.014820665121078491,0.0,0.3225831389427185,0.0,-0.2929418087005615,0.0,0.4206349551677704,0.6595237255096436,0.9685122966766357,0.9577624201774597,1.0,0.380952388048172,0.7454620599746704,0.30000001192092896,0.20000000298023224,0.20000000298023224,0.15000000596046448,0.15000000596046448,1.0,1.0,1.0,1.0
complex_fixed_v018_r1,closed_loop,complex,full,1,0.18,False,17.820419358,1785050995.0521023,0.8779546109328784,-0.020467757659996557,-0.1349872029844872,0.18440683205350936,0.04469908270149079,0.9567655772722949,0.18,0.3185091688969879,20.0,0.8492918854285788,-0.0013905954825974489,1.8542546503508293,0.007272619843405505,2.7825535870778775,0.015281293953338474,0.6080760359764099,0.1700654774904251,0.12006548047065735,0.7635437250137329,1.0,0,ROW_FOLLOW,TRACKING,1.0,100.0,107.0,0.1454457938671112,0.016418352723121643,0.0,0.3240574896335602,0.0,-0.2912207841873169,0.0,0.4682539999485016,0.6857142448425293,0.9681692719459534,0.9486051201820374,1.0,0.4285714328289032,0.7635437250137329,0.30000001192092896,0.20000000298023224,0.20000000298023224,0.15000000596046448,0.15000000596046448,1.0,1.0,1.0,1.0
complex_fixed_v018_r1,closed_loop,complex,full,1,0.18,False,17.869621076,1785050995.101304,0.8867442863607572,-0.021405523475107727,-0.1340266256196743,0.18011993382456534,0.032918571326560175,0.9657039893216528,0.18,0.32428494152661397,20.0,0.8492918854285788,-0.0013905954825974489,1.8542546503508293,0.007272619843405505,2.7825535870778775,0.015281293953338474,0.6080760359764099,0.1700654774904251,0.12006548047065735,0.7635437250137329,1.0,0,ROW_FOLLOW,TRACKING,1.0,100.0,107.0,0.1454457938671112,0.016418352723121643,0.0,0.3240574896335602,0.0,-0.2912207841873169,0.0,0.4682539999485016,0.6857142448425293,0.9681692719459534,0.9486051201820374,1.0,0.4285714328289032,0.7635437250137329,0.30000001192092896,0.20000000298023224,0.20000000298023224,0.15000000596046448,0.15000000596046448,1.0,1.0,1.0,1.0
complex_fixed_v018_r1,closed_loop,complex,full,1,0.18,False,17.919271287,1785050995.1509542,0.8953237731987819,-0.022497005982240526,-0.1310609560972145,0.1792770350857597,0.058790814526438126,0.9743951071945804,0.18,0.3176334822295397,20.0,0.8679851344415866,-0.002532879170718719,1.8729458151223435,0.006366099721620688,2.834574821564827,0.014892423600698668,0.6078978776931763,0.1678927093744278,0.11789271235466003,0.7649843692779541,1.0,0,ROW_FOLLOW,TRACKING,1.0,86.0,86.0,0.14319081604480743,0.017947137355804443,0.0,0.3254457116127014,0.0,-0.28955143690109253,0.0,0.4761904776096344,0.6857142448425293,0.9671498537063599,0.9436959028244019,1.0,0.4285714328289032,0.7649843692779541,0.30000001192092896,0.20000000298023224,0.20000000298023224,0.15000000596046448,0.15000000596046448,1.0,1.0,1.0,1.0
complex_fixed_v018_r1,closed_loop,complex,full,1,0.18,False,17.969064478,1785050995.2007475,0.9011411876987926,-0.02382375969053541,-0.1286160699156138,0.17801886064150035,0.06710582508388585,0.9862811829739606,0.18,0.32198508539702225,20.0,0.8679851344415866,-0.002532879170718719,1.8729458151223435,0.006366099721620688,2.834574821564827,0.014892423600698668,0.6078978776931763,0.1678927093744278,0.11789271235466003,0.7649843692779541,1.0,0,ROW_FOLLOW,TRACKING,1.0,86.0,86.0,0.14319081604480743,0.017947137355804443,0.0,0.3254457116127014,0.0,-0.28955143690109253,0.0,0.4761904776096344,0.6857142448425293,0.9671498537063599,0.9436959028244019,1.0,0.4285714328289032,0.7649843692779541,0.30000001192092896,0.20000000298023224,0.20000000298023224,0.15000000596046448,0.15000000596046448,1.0,1.0,1.0,1.0
complex_fixed_v018_r1,closed_loop,complex,full,1,0.18,False,18.02001431,1785050995.2516973,0.9097410222173664,-0.024891341165399747,-0.1235081912563478,0.1751986652525738,0.09788884085696685,0.994980442422645,0.18,0.3132846329468804,20.0,0.8855042323083891,-0.0037348929938368406,1.8954579434252887,0.005915603581308146,2.8854126644733284,0.015371148917027762,0.608172595500946,0.165837362408638,0.11583736538887024,0.7497944831848145,1.0,0,ROW_FOLLOW,TRACKING,1.0,92.0,99.0,0.1392257660627365,0.018931984901428223,0.0,0.3256133198738098,0.0,-0.28774935007095337,0.0,0.452380895614624,0.6333332657814026,0.9704222083091736,0.9555276036262512,1.0,0.3333333432674408,0.7497944831848145,0.30000001192092896,0.20000000298023224,0.20000000298023224,0.15000000596046448,0.15000000596046448,1.0,1.0,1.0,1.0
complex_fixed_v018_r1,closed_loop,complex,full,1,0.18,False,18.069268094,1785050995.300951,0.9204151787168655,-0.027083020701321684,-0.11960556157287479,0.16761708686930438,0.09829227499332595,1.0060952169679567,0.18,0.32246103083328065,20.0,0.8855042323083891,-0.0037348929938368406,1.8954579434252887,0.005915603581308146,2.8854126644733284,0.015371148917027762,0.608172595500946,0.165837362408638,0.11583736538887024,0.7497944831848145,1.0,0,ROW_FOLLOW,TRACKING,1.0,92.0,99.0,0.1392257660627365,0.018931984901428223,0.0,0.3256133198738098,0.0,-0.28774935007095337,0.0,0.452380895614624,0.6333332657814026,0.9704222083091736,0.9555276036262512,1.0,0.3333333432674408,0.7497944831848145,0.30000001192092896,0.20000000298023224,0.20000000298023224,0.15000000596046448,0.15000000596046448,1.0,1.0,1.0,1.0
complex_fixed_v018_r1,closed_loop,complex,full,1,0.18,False,18.119416399,1785050995.3510995,0.9290546533150701,-0.0279554277667617,-0.11236066861543792,0.16869194587181252,0.14974500544559005,1.0148871780398823,0.18,0.3050524801714257,20.0,0.9054561993373896,-0.005283604321742476,1.9104081340059273,0.004537184218540199,2.905360672140356,0.014251874640165696,0.6072863340377808,0.1627420336008072,0.11274203658103943,0.7587617635726929,1.0,0,ROW_FOLLOW,TRACKING,1.0,105.0,89.0,0.12717881798744202,0.020549118518829346,0.0,0.32676446437835693,0.0,-0.28566622734069824,0.0,0.4682539999485016,0.6595237255096436,0.9708347320556641,0.9480922222137451,1.0,0.380952388048172,0.7587617635726929,0.30000001192092896,0.20000000298023224,0.20000000298023224,0.15000000596046448,0.15000000596046448,1.0,1.0,1.0,1.0
complex_fixed_v018_r1,closed_loop,complex,full,1,0.18,False,18.169307609,1785050995.4009907,0.9378363268846717,-0.02872659843367168,-0.10726320851482957,0.1695489635249725,0.1334030439806023,1.0238350949923272,0.18,0.30435065667904815,20.0,0.9054561993373896,-0.005283604321742476,1.9104081340059273,0.004537184218540199,2.905360672140356,0.014251874640165696,0.6072863340377808,0.1627420336008072,0.11274203658103943,0.7587617635726929,1.0,0,ROW_FOLLOW,TRACKING,1.0,105.0,89.0,0.12717881798744202,0.020549118518829346,0.0,0.32676446437835693,0.0,-0.28566622734069824,0.0,0.4682539999485016,0.6595237255096436,0.9708347320556641,0.9480922222137451,1.0,0.380952388048172,0.7587617635726929,0.30000001192092896,0.20000000298023224,0.20000000298023224,0.15000000596046448,0.15000000596046448,1.0,1.0,1.0,1.0
complex_fixed_v018_r1,closed_loop,complex,full,1,0.18,False,18.219242564,1785050995.4509256,0.9387840883075236,-0.02850846902629272,-0.0983184675963447,0.1702691657547251,0.1494372652395082,1.0250005186465676,0.18,0.27980755307242805,20.0,0.9224705338319995,-0.006329281684455016,1.9324207076080597,0.0037007758461562665,2.9223719671667703,0.013528264433189859,0.6066547632217407,0.1674128621816635,0.11741286516189575,0.7550917863845825,1.0,0,ROW_FOLLOW,TRACKING,1.0,110.0,107.0,0.11691051721572876,0.022131457924842834,0.0,0.3280508518218994,0.0,-0.28378793597221375,0.0,0.4523809552192688,0.6595237255096436,0.9723923206329346,0.953295111656189,1.0,0.380952388048172,0.7550917863845825,0.30000001192092896,0.20000000298023224,0.20000000298023224,0.15000000596046448,0.15000000596046448,1.0,1.0,1.0,1.0
complex_fixed_v018_r1,closed_loop,complex,full,1,0.18,False,18.26949596,1785050995.501179,0.9386145745872911,-0.028242761065793345,-0.09205000620035086,0.17029048345737838,0.15434473538828006,1.025338201918008,0.18,0.26901377837063956,20.0,0.9224705338319995,-0.006329281684455016,1.9324207076080597,0.0037007758461562665,2.9223719671667703,0.013528264433189859,0.6066547632217407,0.1674128621816635,0.11741286516189575,0.7550917863845825,1.0,0,ROW_FOLLOW,TRACKING,1.0,110.0,107.0,0.11691051721572876,0.022131457924842834,0.0,0.3280508518218994,0.0,-0.28378793597221375,0.0,0.4523809552192688,0.6595237255096436,0.9723923206329346,0.953295111656189,1.0,0.380952388048172,0.7550917863845825,0.30000001192092896,0.20000000298023224,0.20000000298023224,0.15000000596046448,0.15000000596046448,1.0,1.0,1.0,1.0
complex_fixed_v018_r1,closed_loop,complex,full,1,0.18,False,18.319199933,1785050995.550883,0.965737751600873,-0.033249143625801676,-0.08211893518832489,0.17102001197319794,0.17723198741549906,1.0530779060938906,0.18,0.2870276748452105,20.0,0.9349658783128829,-0.005855657302391816,1.9399247035587823,0.003218601193841437,2.934884008649229,0.012196393747797721,0.6064162254333496,0.17066572606563568,0.12066572904586792,0.7514016628265381,1.0,0,ROW_FOLLOW,TRACKING,1.0,107.0,110.0,0.09678546339273453,0.02468644082546234,0.0,0.3301638960838318,0.0,-0.2807910144329071,0.0,0.436507910490036,0.6595237255096436,0.9746754765510559,0.9573960900306702,1.0,0.380952388048172,0.7514016628265381,0.30000001192092896,0.20000000298023224,0.20000000298023224,0.15000000596046448,0.15000000596046448,1.0,1.0,1.0,1.0
complex_fixed_v018_r1,closed_loop,complex,full,1,0.18,False,18.369318093,1785050995.6010013,0.9747535765098337,-0.03378834364908258,-0.07451015824673225,0.17259969549382134,0.1741702354344107,1.0622430619746708,0.18,0.28268474177628533,20.0,0.9349658783128829,-0.005855657302391816,1.9399247035587823,0.003218601193841437,2.934884008649229,0.012196393747797721,0.6064162254333496,0.17066572606563568,0.12066572904586792,0.7514016628265381,1.0,0,ROW_FOLLOW,TRACKING,1.0,107.0,110.0,0.09678546339273453,0.02468644082546234,0.0,0.3301638960838318,0.0,-0.2807910144329071,0.0,0.436507910490036,0.6595237255096436,0.9746754765510559,0.9573960900306702,1.0,0.380952388048172,0.7514016628265381,0.30000001192092896,0.20000000298023224,0.20000000298023224,0.15000000596046448,0.15000000596046448,1.0,1.0,1.0,1.0
complex_fixed_v018_r1,closed_loop,complex,full,1,0.18,False,18.41903077,1785050995.650714,0.9835617812458938,-0.03399058589885261,-0.06293585238483784,0.17454711599762057,0.18944494444788731,1.0713202599914067,0.18,0.2628723713275314,21.0,0.9502255562528177,-0.005561439195478,1.9551956403295607,0.0019430234742665563,2.974604452283542,0.003024336772254596,0.607092559337616,0.17268313467502594,0.12268313765525818,0.7599406242370605,1.0,0,ROW_FOLLOW,TRACKING,1.0,112.0,109.0,0.07556171715259552,0.027106165885925293,0.0,0.3320281207561493,0.0,-0.2778157889842987,0.0,0.4523809552192688,0.6857142448425293,0.973979115486145,0.9485846161842346,1.0,0.4285714328289032,0.7599406242370605,0.30000001192092896,0.20000000298023224,0.20000000298023224,0.15000000596046448,0.15000000596046448,1.0,1.0,1.0,1.0
complex_fixed_v018_r1,closed_loop,complex,full,1,0.18,False,18.469263046,1785050995.700946,0.9828380627045884,-0.025073380509283334,-0.05402467701025594,0.17508770439973995,0.2173862032994489,1.0816078053210716,0.18,0.20040138077474615,21.0,0.9502255562528177,-0.005561439195478,1.9551956403295607,0.0019430234742665563,2.974604452283542,0.003024336772254596,0.607092559337616,0.17268313467502594,0.12268313765525818,0.7599406242370605,1.0,0,ROW_FOLLOW,TRACKING,1.0,112.0,109.0,0.07556171715259552,0.027106165885925293,0.0,0.3320281207561493,0.0,-0.2778157889842987,0.0,0.4523809552192688,0.6857142448425293,0.973979115486145,0.9485846161842346,1.0,0.4285714328289032,0.7599406242370605,0.30000001192092896,0.20000000298023224,0.20000000298023224,0.15000000596046448,0.15000000596046448,1.0,1.0,1.0,1.0
complex_fixed_v018_r1,closed_loop,complex,full,1,0.18,False,18.519400342,1785050995.7510834,0.9916600195866973,-0.02544410687366376,-0.041998110921184204,0.15606275665518468,0.18480465936458745,1.0905059214526245,0.18,0.19897828741549098,21.0,0.9652718919141515,-0.0018393135673193614,1.965256615532861,0.003258422555539981,2.978679923560577,0.006368970139537409,0.6036137342453003,0.15728799998760223,0.10728800296783447,0.7614231109619141,1.0,0,ROW_FOLLOW,TRACKING,1.0,110.0,125.0,0.05231331288814545,0.02964368462562561,0.0,0.3342641592025757,0.0,-0.27497678995132446,0.0,0.4841269850730896,0.6595237255096436,0.9702745079994202,0.9348359704017639,1.0,0.380952388048172,0.7614231109619141,0.30000001192092896,0.20000000298023224,0.20000000298023224,0.15000000596046448,0.15000000596046448,1.0,1.0,1.0,1.0
complex_fixed_v018_r1,closed_loop,complex,full,1,0.18,False,18.569286784,1785050995.8009698,1.0006834759793723,-0.025612398109319385,-0.03521631658426693,0.16129938580207429,0.1741791103558287,1.0996510296113795,0.18,0.19323427429801776,21.0,0.9652718919141515,-0.0018393135673193614,1.965256615532861,0.003258422555539981,2.978679923560577,0.006368970139537409,0.6036137342453003,0.15728799998760223,0.10728800296783447,0.7614231109619141,1.0,0,ROW_FOLLOW,TRACKING,1.0,110.0,125.0,0.05231331288814545,0.02964368462562561,0.0,0.3342641592025757,0.0,-0.27497678995132446,0.0,0.4841269850730896,0.6595237255096436,0.9702745079994202,0.9348359704017639,1.0,0.380952388048172,0.7614231109619141,0.30000001192092896,0.20000000298023224,0.20000000298023224,0.15000000596046448,0.15000000596046448,1.0,1.0,1.0,1.0
complex_fixed_v018_r1,closed_loop,complex,full,1,0.18,False,18.619063335,1785050995.8507464,1.0137444915798923,-0.022502917786351558,-0.025342351426346443,0.16078445948778425,0.15193616311239094,1.1135159689199627,0.18,0.17238365769431846,21.0,0.9860296163979313,0.0015024474474958048,1.9860247087480811,0.0038173401596927545,2.9860198344671858,0.006132230219617465,0.6007012128829956,0.15648312866687775,0.10648313164710999,0.7621064186096191,1.0,0,ROW_FOLLOW,TRACKING,1.0,124.0,119.0,0.03143276274204254,0.032106176018714905,0.0,0.3356630206108093,0.0,-0.2714506685733795,0.0,0.4841269552707672,0.6595237255096436,0.972789466381073,0.9360381364822388,1.0,0.380952388048172,0.7621064186096191,0.30000001192092896,0.20000000298023224,0.20000000298023224,0.15000000596046448,0.15000000596046448,1.0,1.0,1.0,1.0
complex_fixed_v018_r1,closed_loop,complex,full,1,0.18,False,18.669299546,1785050995.9009826,1.0228580168377464,-0.02253086749862649,-0.017902092147463303,0.16392311407970972,0.17308369249464295,1.1227599480538013,0.18,0.16506123585098148,21.0,0.9860296163979313,0.0015024474474958048,1.9860247087480811,0.0038173401596927545,2.9860198344671858,0.006132230219617465,0.6007012128829956,0.15648312866687775,0.10648313164710999,0.7621064186096191,1.0,0,ROW_FOLLOW,TRACKING,1.0,124.0,119.0,0.03143276274204254,0.032106176018714905,0.0,0.3356630206108093,0.0,-0.2714506685733795,0.0,0.4841269552707672,0.6595237255096436,0.972789466381073,0.9360381364822388,1.0,0.380952388048172,0.7621064186096191,0.30000001192092896,0.20000000298023224,0.20000000298023224,0.15000000596046448,0.15000000596046448,1.0,1.0,1.0,1.0
complex_fixed_v018_r1,closed_loop,complex,full,1,0.18,False,18.719218149,1785050995.9509013,1.0300167520143793,-0.022591095961206908,-0.007717114833234452,0.17002986303923837,0.1866224151240154,1.1327694105076913,0.18,0.17630140032385921,21.0,1.001663066859949,0.007591369203133128,2.0016614159284845,0.007655302879018826,3.0016598047833862,0.007719237790325916,0.6021981835365295,0.16977061331272125,0.11977061629295349,0.777848482131958,1.0,0,ROW_FOLLOW,TRACKING,1.0,121.0,123.0,0.012564394623041153,0.034175723791122437,0.0,0.33696383237838745,0.0,-0.2686123847961426,0.0,0.5158730745315552,0.6857142448425293,0.9762964844703674,0.9378958940505981,1.0,0.4285714328289032,0.777848482131958,0.30000001192092896,0.20000000298023224,0.20000000298023224,0.15000000596046448,0.15000000596046448,1.0,1.0,1.0,1.0
complex_fixed_v018_r1,closed_loop,complex,full,1,0.18,False,18.769304948,1785050996.000988,1.04046961886502,-0.01982372986944553,0.0005735100564132622,0.166481196894753,0.19859510967106517,1.144950329439124,0.18,0.15380603197211576,21.0,1.001663066859949,0.007591369203133128,2.0016614159284845,0.007655302879018826,3.0016598047833862,0.007719237790325916,0.6021981835365295,0.16977061331272125,0.11977061629295349,0.777848482131958,1.0,0,ROW_FOLLOW,TRACKING,1.0,121.0,123.0,0.012564394623041153,0.034175723791122437,0.0,0.33696383237838745,0.0,-0.2686123847961426,0.0,0.5158730745315552,0.6857142448425293,0.9762964844703674,0.9378958940505981,1.0,0.4285714328289032,0.777848482131958,0.30000001192092896,0.20000000298023224,0.20000000298023224,0.15000000596046448,0.15000000596046448,1.0,1.0,1.0,1.0
complex_fixed_v018_r1,closed_loop,complex,full,1,0.18,False,18.818970424,1785050996.0506535,1.0491497909135041,-0.019516024879629598,0.012868206306539514,0.16839989760292787,0.21979933313015004,1.1538201053293322,0.18,0.14493412408471604,19.0,1.0238723773809102,0.011706387639286095,1.9238655397556583,0.009041439471214987,2.8905240857261667,0.005942941316944204,0.6006195545196533,0.1705545037984848,0.12055450677871704,0.7671663761138916,1.0,0,ROW_FOLLOW,TRACKING,1.0,114.0,119.0,-0.010719465091824532,0.036585643887519836,0.0,0.33907800912857056,0.0,-0.2659067213535309,0.0,0.4761904776096344,0.6857142448425293,0.9780786633491516,0.9436711072921753,1.0,0.4285714328289032,0.7671663761138916,0.30000001192092896,0.20000000298023224,0.20000000298023224,0.15000000596046448,0.15000000596046448,1.0,1.0,1.0,1.0
complex_fixed_v018_r1,closed_loop,complex,full,1,0.18,False,18.869274094,1785050996.1009572,1.0541468968985663,-0.020632194168740823,0.021122843433727823,0.1698742004478006,0.1942197831711394,1.1674609263987776,0.18,0.14125761855362104,19.0,1.0238723773809102,0.011706387639286095,1.9238655397556583,0.009041439471214987,2.8905240857261667,0.005942941316944204,0.6006195545196533,0.1705545037984848,0.12055450677871704,0.7671663761138916,1.0,0,ROW_FOLLOW,TRACKING,1.0,114.0,119.0,-0.010719465091824532,0.036585643887519836,0.0,0.33907800912857056,0.0,-0.2659067213535309,0.0,0.4761904776096344,0.6857142448425293,0.9780786633491516,0.9436711072921753,1.0,0.4285714328289032,0.7671663761138916,0.30000001192092896,0.20000000298023224,0.20000000298023224,0.15000000596046448,0.15000000596046448,1.0,1.0,1.0,1.0
complex_fixed_v018_r1,closed_loop,complex,full,1,0.18,False,18.919707368,1785050996.1513906,1.0623383876772972,-0.02036644807455782,0.03243020964060462,0.17086828857985956,0.19646612658904256,1.1757177004183286,0.18,0.13263657916434768,21.0,1.0417806331959338,0.015178187744226896,2.0417640264250405,0.009907080809340387,3.0379472843302135,0.004999593248884618,0.5976529121398926,0.15499551594257355,0.10499551892280579,0.777924656867981,1.0,0,ROW_FOLLOW,TRACKING,1.0,121.0,127.0,-0.028500353917479515,0.037601932883262634,0.0,0.33943039178848267,0.0,-0.2642265260219574,0.0,0.5,0.7119047045707703,0.9739917516708374,0.9383022785186768,1.0,0.4761904776096344,0.777924656867981,0.30000001192092896,0.20000000298023224,0.20000000298023224,0.15000000596046448,0.15000000596046448,1.0,1.0,1.0,1.0
complex_fixed_v018_r1,closed_loop,complex,full,1,0.18,False,18.969311338,1785050996.2009943,1.0713309131177766,-0.019849934978257957,0.04117515227359857,0.17169665803269524,0.20779080304128805,1.1848742868635296,0.18,0.12193858766125927,21.0,1.0417806331959338,0.015178187744226896,2.0417640264250405,0.009907080809340387,3.0379472843302135,0.004999593248884618,0.5976529121398926,0.15499551594257355,0.10499551892280579,0.777924656867981,1.0,0,ROW_FOLLOW,TRACKING,1.0,121.0,127.0,-0.028500353917479515,0.037601932883262634,0.0,0.33943039178848267,0.0,-0.2642265260219574,0.0,0.5,0.7119047045707703,0.9739917516708374,0.9383022785186768,1.0,0.4761904776096344,0.777924656867981,0.30000001192092896,0.20000000298023224,0.20000000298023224,0.15000000596046448,0.15000000596046448,1.0,1.0,1.0,1.0
complex_fixed_v018_r1,closed_loop,complex,full,1,0.18,False,19.020324052,1785050996.2520072,1.0775609955990375,-0.0192881367704198,0.04857241438174098,0.17296504003765903,0.18823933289177194,1.1912766079432586,0.18,0.11059443025412091,21.0,1.060562876480352,0.017643383182449627,2.060536136159683,0.010338787063916431,3.066090212259295,0.002596916841913481,0.5962777733802795,0.15567393600940704,0.10567393898963928,0.7787160873413086,1.0,0,ROW_FOLLOW,TRACKING,1.0,125.0,128.0,-0.05282954126596451,0.038423970341682434,0.0,0.33921995759010315,0.0,-0.2623720169067383,0.0,0.523809552192688,0.6857142448425293,0.9728264808654785,0.9324339628219604,1.0,0.4285714328289032,0.7787160873413086,0.30000001192092896,0.20000000298023224,0.20000000298023224,0.15000000596046448,0.15000000596046448,1.0,1.0,1.0,1.0
complex_fixed_v018_r1,closed_loop,complex,full,1,0.18,False,19.069172897,1785050996.3008559,1.0925010313068713,-0.022405725130388115,0.06099739007431195,0.16673996683698794,0.21054273826642925,1.2075175513344483,0.18,0.1179890892001547,21.0,1.060562876480352,0.017643383182449627,2.060536136159683,0.010338787063916431,3.066090212259295,0.002596916841913481,0.5962777733802795,0.15567393600940704,0.10567393898963928,0.7787160873413086,1.0,0,ROW_FOLLOW,TRACKING,1.0,125.0,128.0,-0.05282954126596451,0.038423970341682434,0.0,0.33921995759010315,0.0,-0.2623720169067383,0.0,0.523809552192688,0.6857142448425293,0.9728264808654785,0.9324339628219604,1.0,0.4285714328289032,0.7787160873413086,0.30000001192092896,0.20000000298023224,0.20000000298023224,0.15000000596046448,0.15000000596046448,1.0,1.0,1.0,1.0
complex_fixed_v018_r1,closed_loop,complex,full,1,0.18,False,19.119457111,1785050996.35114,1.0927088681382984,-0.019806745997495084,0.07205813232548053,0.15358458375414838,0.16962060525335398,1.2247518451427208,0.18,0.08173964972949273,21.0,1.0749908633026222,0.01706328652767307,2.0749674334156087,0.010352498817581086,3.0749440228204215,0.0036417106122452955,0.5956981182098389,0.16161943972110748,0.11161944270133972,0.783132791519165,1.0,0,ROW_FOLLOW,TRACKING,1.0,118.0,131.0,-0.06952229142189026,0.03751492500305176,0.0,0.33722132444381714,0.0,-0.2621914744377136,0.0,0.5317460298538208,0.6857142448425293,0.9775002002716064,0.939773440361023,1.0,0.4285714328289032,0.783132791519165,0.30000001192092896,0.20000000298023224,0.20000000298023224,0.15000000596046448,0.15000000596046448,1.0,1.0,1.0,1.0
complex_fixed_v018_r1,closed_loop,complex,full,1,0.18,False,19.16924467,1785050996.4009278,1.101556156358349,-0.018969568220927952,0.07860420453068429,0.1582661674362458,0.15182889773122638,1.2337521198966066,0.18,0.06759069096463981,21.0,1.0749908633026222,0.01706328652767307,2.0749674334156087,0.010352498817581086,3.0749440228204215,0.0036417106122452955,0.5956981182098389,0.16161943972110748,0.11161944270133972,0.783132791519165,1.0,0,ROW_FOLLOW,TRACKING,1.0,118.0,131.0,-0.06952229142189026,0.03751492500305176,0.0,0.33722132444381714,0.0,-0.2621914744377136,0.0,0.5317460298538208,0.6857142448425293,0.9775002002716064,0.939773440361023,1.0,0.4285714328289032,0.783132791519165,0.30000001192092896,0.20000000298023224,0.20000000298023224,0.15000000596046448,0.15000000596046448,1.0,1.0,1.0,1.0
complex_fixed_v018_r1,closed_loop,complex,full,1,0.18,False,19.219578517,1785050996.4512615,1.1100094271583445,-0.017906477811965416,0.08804673349013648,0.1622065022703369,0.13615853082717658,1.2424839031771953,0.18,0.04221190900153553,21.0,1.0908073568947811,0.016988104003098508,2.0907798015594525,0.009771931316301887,3.090752263651906,0.002555758680695777,0.5934557914733887,0.1594129055738449,0.10941290855407715,0.7950998544692993,1.0,0,ROW_FOLLOW,TRACKING,1.0,119.0,117.0,-0.08749791979789734,0.035714149475097656,0.0,0.3345121741294861,0.0,-0.26308387517929077,0.0,0.579365074634552,0.6857142448425293,0.9724738597869873,0.9310177564620972,1.0,0.4285714328289032,0.7950998544692993,0.30000001192092896,0.20000000298023224,0.20000000298023224,0.15000000596046448,0.15000000596046448,1.0,1.0,1.0,1.0
complex_fixed_v018_r1,closed_loop,complex,full,1,0.18,False,19.269325819,1785050996.501009,1.1113577841476256,-0.017535335647338002,0.09281470287979587,0.1658814755362533,0.1239931707917446,1.2439974201748452,0.18,0.03391359689064306,21.0,1.0908073568947811,0.016988104003098508,2.0907798015594525,0.009771931316301887,3.090752263651906,0.002555758680695777,0.5934557914733887,0.1594129055738449,0.10941290855407715,0.7950998544692993,1.0,0,ROW_FOLLOW,TRACKING,1.0,119.0,117.0,-0.08749791979789734,0.035714149475097656,0.0,0.3345121741294861,0.0,-0.26308387517929077,0.0,0.579365074634552,0.6857142448425293,0.9724738597869873,0.9310177564620972,1.0,0.4285714328289032,0.7950998544692993,0.30000001192092896,0.20000000298023224,0.20000000298023224,0.15000000596046448,0.15000000596046448,1.0,1.0,1.0,1.0
complex_fixed_v018_r1,closed_loop,complex,full,1,0.18,False,19.31995001,1785050996.5516331,1.1373337126122158,-0.011252564312263793,0.09949183983810217,0.18384104205111107,0.11540407215711392,1.2708078421791797,0.18,-0.006033046095060269,21.0,1.1020461885366075,0.01609285471249736,2.1020210387614835,0.009196256308564644,3.1019959355304354,0.00229965973072377,0.592841386795044,0.16968213021755219,0.11968213319778442,0.784577488899231,1.0,0,ROW_FOLLOW,TRACKING,1.0,125.0,144.0,-0.10198502242565155,0.03383958339691162,0.0,0.3323414623737335,0.0,-0.2646622955799103,0.0,0.5317460298538208,0.6857142448425293,0.9786794781684875,0.9478324055671692,1.0,0.4285714328289032,0.784577488899231,0.30000001192092896,0.20000000298023224,0.20000000298023224,0.15000000596046448,0.15000000596046448,1.0,1.0,1.0,1.0
complex_fixed_v018_r1,closed_loop,complex,full,1,0.18,False,19.369318934,1785050996.601002,1.1462104835063465,-0.010206004707935958,0.10503977195554841,0.18396380920792532,0.16072667270807495,1.2798449229234408,0.18,-0.015280199584758854,21.0,1.1020461885366075,0.01609285471249736,2.1020210387614835,0.009196256308564644,3.1019959355304354,0.00229965973072377,0.592841386795044,0.16968213021755219,0.11968213319778442,0.784577488899231,1.0,0,ROW_FOLLOW,TRACKING,1.0,125.0,144.0,-0.10198502242565155,0.03383958339691162,0.0,0.3323414623737335,0.0,-0.2646622955799103,0.0,0.5317460298538208,0.6857142448425293,0.9786794781684875,0.9478324055671692,1.0,0.4285714328289032,0.784577488899231,0.30000001192092896,0.20000000298023224,0.20000000298023224,0.15000000596046448,0.15000000596046448,1.0,1.0,1.0,1.0
complex_fixed_v018_r1,closed_loop,complex,full,1,0.18,False,19.419071484,1785050996.6507545,1.1550950329670697,-0.008914279065605284,0.11386555779416123,0.18389112536116342,0.13326215683607867,1.2890300653686138,0.18,-0.02980234731854135,20.0,1.1199572335476577,0.018161911838389708,2.153261616766158,0.010488270414142242,3.053236230293814,0.003774347033897846,0.5928468704223633,0.1685567945241928,0.11855679750442505,0.7853848934173584,1.0,0,ROW_FOLLOW,TRACKING,1.0,130.0,129.0,-0.11441754549741745,0.031535953283309937,0.0,0.32903993129730225,0.0,-0.2659680247306824,0.0,0.523809552192688,0.7119047045707703,0.9756647944450378,0.9381869435310364,1.0,0.4761904776096344,0.7853848934173584,0.30000001192092896,0.20000000298023224,0.20000000298023224,0.15000000596046448,0.15000000596046448,1.0,1.0,1.0,1.0
complex_fixed_v018_r1,closed_loop,complex,full,1,0.18,False,19.469434164,1785050996.7011173,1.1667442253075193,-0.010999171949190565,0.11948852437097957,0.19184757225136756,0.14060167096260334,1.3011220085132797,0.18,-0.01958043760418331,20.0,1.1199572335476577,0.018161911838389708,2.153261616766158,0.010488270414142242,3.053236230293814,0.003774347033897846,0.5928468704223633,0.1685567945241928,0.11855679750442505,0.7853848934173584,1.0,0,ROW_FOLLOW,TRACKING,1.0,130.0,129.0,-0.11441754549741745,0.031535953283309937,0.0,0.32903993129730225,0.0,-0.2659680247306824,0.0,0.523809552192688,0.7119047045707703,0.9756647944450378,0.9381869435310364,1.0,0.4761904776096344,0.7853848934173584,0.30000001192092896,0.20000000298023224,0.20000000298023224,0.15000000596046448,0.15000000596046448,1.0,1.0,1.0,1.0
complex_fixed_v018_r1,closed_loop,complex,full,1,0.18,False,19.519505059,1785050996.751188,1.17565112827463,-0.009740572790016427,0.12637974357689305,0.19042184419683522,0.10441100378654122,1.3102176431871684,0.18,-0.03736128078793046,19.0,1.14162392182377,0.018445472877947726,2.074939915987978,0.012825901838770618,3.0415892889025593,0.007117830846104158,0.591262936592102,0.1684497743844986,0.11844977736473083,0.7962561845779419,1.0,0,ROW_FOLLOW,TRACKING,1.0,133.0,130.0,-0.12402188032865524,0.028593316674232483,0.0,0.3257462978363037,0.0,-0.26855966448783875,0.0,0.5476190447807312,0.7380951642990112,0.9736076593399048,0.9308655858039856,1.0,0.523809552192688,0.7962561845779419,0.30000001192092896,0.20000000298023224,0.20000000298023224,0.15000000596046448,0.15000000596046448,1.0,1.0,1.0,1.0
complex_fixed_v018_r1,closed_loop,complex,full,1,0.18,False,19.569442287,1785050996.8011253,1.1848473663916783,-0.008363412034905862,0.12966841102021182,0.1891275823544494,0.06412499292055768,1.3196062981072367,0.18,-0.04761727667963922,19.0,1.14162392182377,0.018445472877947726,2.074939915987978,0.012825901838770618,3.0415892889025593,0.007117830846104158,0.591262936592102,0.1684497743844986,0.11844977736473083,0.7962561845779419,1.0,0,ROW_FOLLOW,TRACKING,1.0,133.0,130.0,-0.12402188032865524,0.028593316674232483,0.0,0.3257462978363037,0.0,-0.26855966448783875,0.0,0.5476190447807312,0.7380951642990112,0.9736076593399048,0.9308655858039856,1.0,0.523809552192688,0.7962561845779419,0.30000001192092896,0.20000000298023224,0.20000000298023224,0.15000000596046448,0.15000000596046448,1.0,1.0,1.0,1.0
complex_fixed_v018_r1,closed_loop,complex,full,1,0.18,False,19.619587456,1785050996.8512704,1.1866186323861434,-0.007917668141399927,0.1336626678322595,0.18848634354299992,0.0745067110070899,1.3215395239814811,0.18,-0.06527713137387847,21.0,1.1660500859452947,0.018421446108113984,2.2043723977684615,0.01423666163561021,3.1848689644848194,0.01448825465263571,0.5924868583679199,0.16865085065364838,0.11865085363388062,0.8061184883117676,1.0,0,ROW_FOLLOW,TRACKING,1.0,121.0,122.0,-0.1305684596300125,0.024651765823364258,0.0,0.3218725919723511,0.0,-0.27256906032562256,0.0,0.5873015522956848,0.7380951642990112,0.9721880555152893,0.9191422462463379,1.0,0.523809552192688,0.8061184883117676,0.30000001192092896,0.20000000298023224,0.20000000298023224,0.15000000596046448,0.15000000596046448,1.0,1.0,1.0,1.0
complex_fixed_v018_r1,closed_loop,complex,full,1,0.18,False,19.669385864,1785050996.9010687,1.1863077451752488,-0.007816241299639998,0.1360240906648231,0.18890282054862936,0.06050343588487839,1.3218863381260746,0.18,-0.06950880159337308,21.0,1.1660500859452947,0.018421446108113984,2.2043723977684615,0.01423666163561021,3.1848689644848194,0.01448825465263571,0.5924868583679199,0.16865085065364838,0.11865085363388062,0.8061184883117676,1.0,0,ROW_FOLLOW,TRACKING,1.0,121.0,122.0,-0.1305684596300125,0.024651765823364258,0.0,0.3218725919723511,0.0,-0.27256906032562256,0.0,0.5873015522956848,0.7380951642990112,0.9721880555152893,0.9191422462463379,1.0,0.523809552192688,0.8061184883117676,0.30000001192092896,0.20000000298023224,0.20000000298023224,0.15000000596046448,0.15000000596046448,1.0,1.0,1.0,1.0
complex_fixed_v018_r1,closed_loop,complex,full,1,0.18,False,19.719160015,1785050996.950843,1.1860293405640518,-0.00769770447693909,0.13924637767656464,0.18951787289876337,0.03923068804201472,1.3222453721529661,0.18,-0.09256345412402475,20.0,1.179360143733865,0.01584924353299572,2.1893561801158685,0.013450804235987721,3.135601780052887,0.01245300221100879,0.5921379327774048,0.15277324616909027,0.10277324914932251,0.8014334440231323,1.0,0,ROW_FOLLOW,TRACKING,1.0,147.0,128.0,-0.1391991525888443,0.02143844962120056,0.0,0.319019079208374,0.0,-0.2761421799659729,0.0,0.5873015522956848,0.7119047045707703,0.9721869230270386,0.922831118106842,1.0,0.4761904776096344,0.8014334440231323,0.30000001192092896,0.20000000298023224,0.20000000298023224,0.15000000596046448,0.15000000596046448,1.0,1.0,1.0,1.0
complex_fixed_v018_r1,closed_loop,complex,full,1,0.18,False,19.770389279,1785050997.0020723,1.18582621667555,-0.007613098550593642,0.1412545223152999,0.18993114294231322,0.0433347599381229,1.3224787643889415,0.18,-0.09612210948521617,20.0,1.179360143733865,0.01584924353299572,2.1893561801158685,0.013450804235987721,3.135601780052887,0.01245300221100879,0.5921379327774048,0.15277324616909027,0.10277324914932251,0.8014334440231323,1.0,0,ROW_FOLLOW,TRACKING,1.0,147.0,128.0,-0.1391991525888443,0.02143844962120056,0.0,0.319019079208374,0.0,-0.2761421799659729,0.0,0.5873015522956848,0.7119047045707703,0.9721869230270386,0.922831118106842,1.0,0.4761904776096344,0.8014334440231323,0.30000001192092896,0.20000000298023224,0.20000000298023224,0.15000000596046448,0.15000000596046448,1.0,1.0,1.0,1.0
complex_fixed_v018_r1,closed_loop,complex,full,1,0.18,False,19.819119273,1785050997.0508022,1.185615425570824,-0.007511067838553235,0.14419505790534795,0.19054950823646497,0.048640306164652584,1.3227610338208298,0.18,-0.11532257770072682,20.0,1.1856992514968276,0.013537974245123527,2.1956962866936607,0.011380123004195067,3.1523601367524066,0.009307190918870918,0.591751754283905,0.16357313096523285,0.11357313394546509,0.800632119178772,1.0,0,ROW_FOLLOW,TRACKING,1.0,131.0,154.0,-0.1461358666419983,0.018243297934532166,0.0,0.31577423214912415,0.0,-0.2792876362800598,0.0,0.579365074634552,0.7119047045707703,0.9725430011749268,0.9328869581222534,1.0,0.4761904776096344,0.800632119178772,0.30000001192092896,0.20000000298023224,0.20000000298023224,0.15000000596046448,0.15000000596046448,1.0,1.0,1.0,1.0
complex_fixed_v018_r1,closed_loop,complex,full,1,0.18,False,19.869002899,1785050997.1006858,1.1854964182504013,-0.007417366397976164,0.1463978386606759,0.1909622995816868,0.05305145193465034,1.3229209727629354,0.18,-0.1191856092058407,20.0,1.1856992514968276,0.013537974245123527,2.1956962866936607,0.011380123004195067,3.1523601367524066,0.009307190918870918,0.591751754283905,0.16357313096523285,0.11357313394546509,0.800632119178772,1.0,0,ROW_FOLLOW,TRACKING,1.0,131.0,154.0,-0.1461358666419983,0.018243297934532166,0.0,0.31577423214912415,0.0,-0.2792876362800598,0.0,0.579365074634552,0.7119047045707703,0.9725430011749268,0.9328869581222534,1.0,0.4761904776096344,0.800632119178772,0.30000001192092896,0.20000000298023224,0.20000000298023224,0.15000000596046448,0.15000000596046448,1.0,1.0,1.0,1.0
complex_fixed_v018_r1,closed_loop,complex,full,1,0.18,False,19.919642931,1785050997.151326,1.2449735914213178,-0.002477156234485546,0.14786448978224512,0.17414163671270497,0.021132792882325308,1.3826248494345115,0.18,-0.17608782815481855,20.0,1.1859378783141754,0.01084103936882314,2.20092933846715,0.007017540719751025,3.1859210970430287,0.0033070585566514934,0.5892170071601868,0.16273249685764313,0.11273249983787537,0.8042558431625366,1.0,0,ROW_FOLLOW,TRACKING,1.0,127.0,148.0,-0.15255887806415558,0.015605345368385315,0.0,0.3131500482559204,0.0,-0.2819393575191498,0.0,0.579365074634552,0.7380951642990112,0.9709795713424683,0.9242092370986938,1.0,0.523809552192688,0.8042558431625366,0.30000001192092896,0.20000000298023224,0.20000000298023224,0.15000000596046448,0.15000000596046448,1.0,1.0,1.0,1.0
complex_fixed_v018_r1,closed_loop,complex,full,1,0.18,False,19.969330776,1785050997.2010138,1.2536263765098155,-0.0011577048778795979,0.1489196375275914,0.1755611041539339,0.04243698737978712,1.391396727428847,0.18,-0.1814376503505509,20.0,1.1859378783141754,0.01084103936882314,2.20092933846715,0.007017540719751025,3.1859210970430287,0.0033070585566514934,0.5892170071601868,0.16273249685764313,0.11273249983787537,0.8042558431625366,1.0,0,ROW_FOLLOW,TRACKING,1.0,127.0,148.0,-0.15255887806415558,0.015605345368385315,0.0,0.3131500482559204,0.0,-0.2819393575191498,0.0,0.579365074634552,0.7380951642990112,0.9709795713424683,0.9242092370986938,1.0,0.523809552192688,0.8042558431625366,0.30000001192092896,0.20000000298023224,0.20000000298023224,0.15000000596046448,0.15000000596046448,1.0,1.0,1.0,1.0
complex_fixed_v018_r1,closed_loop,complex,full,1,0.18,False,20.019849333,1785050997.2515323,1.2631450339199979,0.0009185621587670554,0.15104654013096927,0.17322518432128528,0.05225084423796149,1.4013615264712713,0.18,-0.20215628551861692,20.0,1.2083761094630168,0.009883582037622804,2.2233672781602967,0.005907186580489554,3.2083587551016906,0.002048327961723193,0.5907297134399414,0.1656801849603653,0.11568018794059753,0.8062974214553833,1.0,0,ROW_FOLLOW,TRACKING,1.0,107.0,127.0,-0.1510404497385025,0.011950895190238953,0.0,0.310483455657959,0.0,-0.2865816652774811,0.0,0.5714285969734192,0.764285683631897,0.9731584191322327,0.9158661365509033,1.0,0.5714285969734192,0.8062974214553833,0.30000001192092896,0.20000000298023224,0.20000000298023224,0.15000000596046448,0.15000000596046448,1.0,1.0,1.0,1.0
complex_fixed_v018_r1,closed_loop,complex,full,1,0.18,False,20.069288755,1785050997.3009717,1.2764779578284071,0.0027398804225011748,0.15257405851898345,0.17841021439188223,0.05101004818417039,1.4148446432668143,0.18,-0.20986002419257271,20.0,1.2083761094630168,0.009883582037622804,2.2233672781602967,0.005907186580489554,3.2083587551016906,0.002048327961723193,0.5907297134399414,0.1656801849603653,0.11568018794059753,0.8062974214553833,1.0,0,ROW_FOLLOW,TRACKING,1.0,107.0,127.0,-0.1510404497385025,0.011950895190238953,0.0,0.310483455657959,0.0,-0.2865816652774811,0.0,0.5714285969734192,0.764285683631897,0.9731584191322327,0.9158661365509033,1.0,0.5714285969734192,0.8062974214553833,0.30000001192092896,0.20000000298023224,0.20000000298023224,0.15000000596046448,0.15000000596046448,1.0,1.0,1.0,1.0
complex_fixed_v018_r1,closed_loop,complex,full,1,0.18,False,20.118888021,1785050997.350571,1.2846743569126047,0.0033747600038516803,0.154419545849231,0.1768470893461641,0.03568013130744116,1.4255388405997507,0.18,-0.19164528726158375,21.0,1.2385674669157798,0.009996636315238004,2.2485607482355205,0.007796746000670397,3.2764633893612927,0.013899116500065435,0.5894461274147034,0.1664189249277115,0.11641892790794373,0.8160141706466675,1.0,0,ROW_FOLLOW,TRACKING,1.0,126.0,138.0,-0.15166470408439636,0.00825449824333191,0.0,0.3070640563964844,0.0,-0.29055505990982056,0.0,0.6111111640930176,0.764285683631897,0.9717934131622314,0.903099775314331,1.0,0.5714285969734192,0.8160141706466675,0.30000001192092896,0.20000000298023224,0.20000000298023224,0.15000000596046448,0.15000000596046448,1.0,1.0,1.0,1.0
complex_fixed_v018_r1,closed_loop,complex,full,1,0.18,False,20.169299343,1785050997.4009824,1.2933994785170007,0.004747073856940318,0.15496383678979744,0.17752745592020483,0.014030182469888724,1.434381112220501,0.18,-0.22187458000014523,21.0,1.2385674669157798,0.009996636315238004,2.2485607482355205,0.007796746000670397,3.2764633893612927,0.013899116500065435,0.5894461274147034,0.1664189249277115,0.11641892790794373,0.8160141706466675,1.0,0,ROW_FOLLOW,TRACKING,1.0,126.0,138.0,-0.15166470408439636,0.00825449824333191,0.0,0.3070640563964844,0.0,-0.29055505990982056,0.0,0.6111111640930176,0.764285683631897,0.9717934131622314,0.903099775314331,1.0,0.5714285969734192,0.8160141706466675,0.30000001192092896,0.20000000298023224,0.20000000298023224,0.15000000596046448,0.15000000596046448,1.0,1.0,1.0,1.0
complex_fixed_v018_r1,closed_loop,complex,full,1,0.18,False,20.219111095,1785050997.4507942,1.3020484917037174,0.0061313178107180195,0.15570889506396712,0.1785321329178175,0.006714174321279806,1.4431563421818119,0.18,-0.20792625321753,21.0,1.274508715951781,0.010625522749794896,2.279507153420609,0.009785290499562905,3.2849347521141237,0.010173648268541606,0.5855640172958374,0.15514643490314484,0.10514643788337708,0.812058687210083,1.0,0,ROW_FOLLOW,TRACKING,1.0,112.0,110.0,-0.1567818522453308,0.005337134003639221,0.0,0.30410638451576233,0.0,-0.2934321165084839,0.0,0.6190476417541504,0.7380951642990112,0.9675453901290894,0.9014418721199036,1.0,0.523809552192688,0.812058687210083,0.30000001192092896,0.20000000298023224,0.20000000298023224,0.15000000596046448,0.15000000596046448,1.0,1.0,1.0,1.0
complex_fixed_v018_r1,closed_loop,complex,full,1,0.18,False,20.269383917,1785050997.501067,1.3061587069815161,0.006813638496389242,0.1563627033927632,0.17933823429286494,0.025687307559895865,1.4473430413863886,0.18,-0.2116811813519358,21.0,1.274508715951781,0.010625522749794896,2.279507153420609,0.009785290499562905,3.2849347521141237,0.010173648268541606,0.5855640172958374,0.15514643490314484,0.10514643788337708,0.812058687210083,1.0,0,ROW_FOLLOW,TRACKING,1.0,112.0,110.0,-0.1567818522453308,0.005337134003639221,0.0,0.30410638451576233,0.0,-0.2934321165084839,0.0,0.6190476417541504,0.7380951642990112,0.9675453901290894,0.9014418721199036,1.0,0.523809552192688,0.812058687210083,0.30000001192092896,0.20000000298023224,0.20000000298023224,0.15000000596046448,0.15000000596046448,1.0,1.0,1.0,1.0
complex_fixed_v018_r1,closed_loop,complex,full,1,0.18,False,20.319284568,1785050997.5509675,1.3104843066930811,0.00746230073892601,0.15665757195455,0.1727732862353515,0.0055837041953606895,1.460877149677363,0.18,-0.22057812416638517,19.0,1.2905100971611685,0.010339146733959005,2.1905071918430683,0.009087562727995392,3.15717057968796,0.007582392541300542,0.5899742841720581,0.1559431105852127,0.10594311356544495,0.8091654777526855,1.0,0,ROW_FOLLOW,TRACKING,1.0,107.0,104.0,-0.1602262407541275,0.0038685500621795654,0.0,0.3032720685005188,0.0,-0.29553496837615967,0.0,0.6190475821495056,0.7119047045707703,0.9713263511657715,0.9120334386825562,1.0,0.4761904776096344,0.8091654777526855,0.30000001192092896,0.20000000298023224,0.20000000298023224,0.15000000596046448,0.15000000596046448,1.0,1.0,1.0,1.0
complex_fixed_v018_r1,closed_loop,complex,full,1,0.18,False,20.369736467,1785050997.6014194,1.3197297968177042,0.008926827927891099,0.15690898657721333,0.17579605215649305,-0.0020184021565511387,1.4702436756281783,0.18,-0.22709315330779745,19.0,1.2905100971611685,0.010339146733959005,2.1905071918430683,0.009087562727995392,3.15717057968796,0.007582392541300542,0.5899742841720581,0.1559431105852127,0.10594311356544495,0.8091654777526855,1.0,0,ROW_FOLLOW,TRACKING,1.0,107.0,104.0,-0.1602262407541275,0.0038685500621795654,0.0,0.3032720685005188,0.0,-0.29553496837615967,0.0,0.6190475821495056,0.7119047045707703,0.9713263511657715,0.9120334386825562,1.0,0.4761904776096344,0.8091654777526855,0.30000001192092896,0.20000000298023224,0.20000000298023224,0.15000000596046448,0.15000000596046448,1.0,1.0,1.0,1.0
complex_fixed_v018_r1,closed_loop,complex,full,1,0.18,False,20.419699455,1785050997.6513824,1.3272376888327408,0.010126508034316074,0.1570580778508086,0.17819965273476465,0.010287469184311088,1.4778504908938996,0.18,-0.23760890893364683,21.0,1.304931769290565,0.010037125179676996,2.3049288730905975,0.008030603587393189,3.30656822648534,0.00787297815081742,0.589428722858429,0.15387852489948273,0.10387852787971497,0.7912241220474243,1.0,0,ROW_FOLLOW,TRACKING,1.0,116.0,87.0,-0.15730667114257812,0.001166313886642456,0.0,0.3002837300300598,0.0,-0.2979511022567749,0.0,0.547619104385376,0.7119047045707703,0.9764627814292908,0.928432822227478,1.0,0.4761904776096344,0.7912241220474243,0.30000001192092896,0.20000000298023224,0.20000000298023224,0.15000000596046448,0.15000000596046448,1.0,1.0,1.0,1.0
complex_fixed_v018_r1,closed_loop,complex,full,1,0.18,False,20.469190783,1785050997.7008736,1.3401872278537783,0.012416079091702878,0.15692635382279313,0.17219127518067376,0.006845811660475789,1.491002838059905,0.18,-0.24819495362108168,21.0,1.304931769290565,0.010037125179676996,2.3049288730905975,0.008030603587393189,3.30656822648534,0.00787297815081742,0.589428722858429,0.15387852489948273,0.10387852787971497,0.7912241220474243,1.0,0,ROW_FOLLOW,TRACKING,1.0,116.0,87.0,-0.15730667114257812,0.001166313886642456,0.0,0.3002837300300598,0.0,-0.2979511022567749,0.0,0.547619104385376,0.7119047045707703,0.9764627814292908,0.928432822227478,1.0,0.4761904776096344,0.7912241220474243,0.30000001192092896,0.20000000298023224,0.20000000298023224,0.15000000596046448,0.15000000596046448,1.0,1.0,1.0,1.0
complex_fixed_v018_r1,closed_loop,complex,full,1,0.18,False,20.519792606,1785050997.7514758,1.3489218489520818,0.01379520550039026,0.15664620942508822,0.1753721566549522,-0.010516043281879153,1.4998556578126974,0.18,-0.2529804070148542,21.0,1.320525788355466,0.01020718781968403,2.320522632480587,0.009540573513372725,3.3299584593863543,0.01214779230094338,0.5911518931388855,0.16887183487415314,0.11887183785438538,0.796400785446167,1.0,0,ROW_FOLLOW,TRACKING,1.0,97.0,72.0,-0.15472464263439178,-0.0018216967582702637,0.0,0.29758816957473755,0.0,-0.3012315630912781,0.0,0.5714285969734192,0.7119047045707703,0.9780210852622986,0.9132468700408936,1.0,0.4761904776096344,0.796400785446167,0.30000001192092896,0.20000000298023224,0.20000000298023224,0.15000000596046448,0.15000000596046448,1.0,1.0,1.0,1.0
complex_fixed_v018_r1,closed_loop,complex,full,1,0.18,False,20.569316734,1785050997.8009996,1.3575217922062346,0.01604031905247986,0.156707163860288,0.16527820687157557,-0.01962391529206692,1.510898833422725,0.18,-0.2647864883446042,21.0,1.320525788355466,0.01020718781968403,2.320522632480587,0.009540573513372725,3.3299584593863543,0.01214779230094338,0.5911518931388855,0.16887183487415314,0.11887183785438538,0.796400785446167,1.0,0,ROW_FOLLOW,TRACKING,1.0,97.0,72.0,-0.15472464263439178,-0.0018216967582702637,0.0,0.29758816957473755,0.0,-0.3012315630912781,0.0,0.5714285969734192,0.7119047045707703,0.9780210852622986,0.9132468700408936,1.0,0.4761904776096344,0.796400785446167,0.30000001192092896,0.20000000298023224,0.20000000298023224,0.15000000596046448,0.15000000596046448,1.0,1.0,1.0,1.0
complex_fixed_v018_r1,closed_loop,complex,full,1,0.18,False,20.619338317,1785050997.8510213,1.3665675708537306,0.01744804858778042,0.15596004763251875,0.170719447120472,-0.020106400591943026,1.5200630895909617,0.18,-0.26690061545895216,21.0,1.3391547829551735,0.010390019691925892,2.3391518139416356,0.01221016570052824,3.3391488881488556,0.014030324079308149,0.5861546397209167,0.16704706847667694,0.11704707145690918,0.7965644598007202,1.0,0,ROW_FOLLOW,TRACKING,1.0,99.0,75.0,-0.1525559276342392,-0.005553051829338074,0.0,0.29322293400764465,0.0,-0.3043290376663208,0.0,0.5873016119003296,0.6857142448425293,0.9721112847328186,0.9253922700881958,1.0,0.4285714328289032,0.7965644598007202,0.30000001192092896,0.20000000298023224,0.20000000298023224,0.15000000596046448,0.15000000596046448,1.0,1.0,1.0,1.0
complex_fixed_v018_r1,closed_loop,complex,full,1,0.18,False,20.671156206,1785050997.9028392,1.3760525154480565,0.0189071615192084,0.15534519614257292,0.17575705405303046,-0.025601658763700914,1.5296771196363335,0.18,-0.2736550478300403,21.0,1.3391547829551735,0.010390019691925892,2.3391518139416356,0.01221016570052824,3.3391488881488556,0.014030324079308149,0.5861546397209167,0.16704706847667694,0.11704707145690918,0.7965644598007202,1.0,0,ROW_FOLLOW,TRACKING,1.0,99.0,75.0,-0.1525559276342392,-0.005553051829338074,0.0,0.29322293400764465,0.0,-0.3043290376663208,0.0,0.5873016119003296,0.6857142448425293,0.9721112847328186,0.9253922700881958,1.0,0.4285714328289032,0.7965644598007202,0.30000001192092896,0.20000000298023224,0.20000000298023224,0.15000000596046448,0.15000000596046448,1.0,1.0,1.0,1.0
complex_fixed_v018_r1,closed_loop,complex,full,1,0.18,False,20.719337352,1785050997.9510202,1.3791922037932072,0.01937872783420418,0.15501214932684043,0.17884215111241433,0.006922006821393343,1.5328673148362513,0.18,-0.27553186701917054,21.0,1.35791831196833,0.010905044713050522,2.3579122954635703,0.011421976492254994,3.357906284370825,0.011938912137685798,0.5889421105384827,0.1648855358362198,0.11488553881645203,0.7949246168136597,1.0,0,ROW_FOLLOW,TRACKING,1.0,122.0,82.0,-0.15973180532455444,-0.007271245121955872,0.0,0.2919768989086151,0.0,-0.30651938915252686,0.0,0.5873016119003296,0.6595237255096436,0.9768279790878296,0.943091869354248,1.0,0.380952388048172,0.7949246168136597,0.30000001192092896,0.20000000298023224,0.20000000298023224,0.15000000596046448,0.15000000596046448,1.0,1.0,1.0,1.0
complex_fixed_v018_r1,closed_loop,complex,full,1,0.18,False,20.769217875,1785050998.0009007,1.378298304574844,0.019203097176877224,0.15396404267926347,0.17897168296262864,-0.014752341180042124,1.5337898725269428,0.18,-0.2730770651912282,21.0,1.35791831196833,0.010905044713050522,2.3579122954635703,0.011421976492254994,3.357906284370825,0.011938912137685798,0.5889421105384827,0.1648855358362198,0.11488553881645203,0.7949246168136597,1.0,0,ROW_FOLLOW,TRACKING,1.0,122.0,82.0,-0.15973180532455444,-0.007271245121955872,0.0,0.2919768989086151,0.0,-0.30651938915252686,0.0,0.5873016119003296,0.6595237255096436,0.9768279790878296,0.943091869354248,1.0,0.380952388048172,0.7949246168136597,0.30000001192092896,0.20000000298023224,0.20000000298023224,0.15000000596046448,0.15000000596046448,1.0,1.0,1.0,1.0
complex_fixed_v018_r1,closed_loop,complex,full,1,0.18,False,20.819300035,1785050998.0509832,1.3988604971510563,0.025219480699336893,0.15282148223084274,0.1740837390728712,-0.01829819329295306,1.5552348148151407,0.18,-0.309096245723407,21.0,1.3705935380720993,0.011287946212385797,2.3705675921567955,0.007352663242222144,3.37054165514177,0.003417381689919547,0.5824283957481384,0.15767048299312592,0.10767048597335815,0.8058016300201416,1.0,0,ROW_FOLLOW,TRACKING,1.0,102.0,82.0,-0.1647540181875229,-0.007449358701705933,0.0,0.29096394777297974,0.0,-0.3058626651763916,0.0,0.658730149269104,0.6333332657814026,0.9653899073600769,0.9229195713996887,1.0,0.3333333432674408,0.8058016300201416,0.30000001192092896,0.20000000298023224,0.20000000298023224,0.15000000596046448,0.15000000596046448,1.0,1.0,1.0,1.0
complex_fixed_v018_r1,closed_loop,complex,full,1,0.18,False,20.869394676,1785050998.1010778,1.4082541073205292,0.02663243196754973,0.1515338664354013,0.17665866890407925,-0.01588867337050631,1.5647578903250974,0.18,-0.3160018113132387,21.0,1.3705935380720993,0.011287946212385797,2.3705675921567955,0.007352663242222144,3.37054165514177,0.003417381689919547,0.5824283957481384,0.15767048299312592,0.10767048597335815,0.8058016300201416,1.0,0,ROW_FOLLOW,TRACKING,1.0,102.0,82.0,-0.1647540181875229,-0.007449358701705933,0.0,0.29096394777297974,0.0,-0.3058626651763916,0.0,0.658730149269104,0.6333332657814026,0.9653899073600769,0.9229195713996887,1.0,0.3333333432674408,0.8058016300201416,0.30000001192092896,0.20000000298023224,0.20000000298023224,0.15000000596046448,0.15000000596046448,1.0,1.0,1.0,1.0
complex_fixed_v018_r1,closed_loop,complex,full,1,0.18,False,20.919002167,1785050998.150685,1.4224610697358575,0.027923203961007812,0.14988575715150976,0.18711030965972,-0.01371467599538849,1.5790913012867736,0.18,-0.31404008820377305,20.0,1.3874616053501796,0.014448847907139815,2.3923921088375506,0.0037286312295904075,3.32065972156992,-0.006311665886856811,0.583118736743927,0.15619750320911407,0.10619750618934631,0.7781417369842529,1.0,0,ROW_FOLLOW,TRACKING,1.0,75.0,74.0,-0.1671263873577118,-0.006652370095252991,0.0,0.2910937964916229,0.0,-0.3043985366821289,0.0,0.5476190447807312,0.6595237255096436,0.9656906127929688,0.925420880317688,1.0,0.380952388048172,0.7781417369842529,0.30000001192092896,0.20000000298023224,0.20000000298023224,0.15000000596046448,0.15000000596046448,1.0,1.0,1.0,1.0
complex_fixed_v018_r1,closed_loop,complex,full,1,0.18,False,20.969569398,1785050998.2012525,1.4313807395140845,0.029228436954481178,0.14854360378028678,0.18595408786872916,-0.039873649428608327,1.5881299691091197,0.18,-0.3207513107303019,20.0,1.3874616053501796,0.014448847907139815,2.3923921088375506,0.0037286312295904075,3.32065972156992,-0.006311665886856811,0.583118736743927,0.15619750320911407,0.10619750618934631,0.7781417369842529,1.0,0,ROW_FOLLOW,TRACKING,1.0,75.0,74.0,-0.1671263873577118,-0.006652370095252991,0.0,0.2910937964916229,0.0,-0.3043985366821289,0.0,0.5476190447807312,0.6595237255096436,0.9656906127929688,0.925420880317688,1.0,0.380952388048172,0.7781417369842529,0.30000001192092896,0.20000000298023224,0.20000000298023224,0.15000000596046448,0.15000000596046448,1.0,1.0,1.0,1.0
complex_fixed_v018_r1,closed_loop,complex,full,1,0.18,False,21.019185209,1785050998.2508683,1.4430356468903807,0.028455468529454634,0.14549233389985525,0.19303889476441088,-0.043873403062864066,1.6002276873089454,0.18,-0.2991852728449766,21.0,1.4058714469323472,0.01808670828407483,2.4107397922170266,0.00220659784047006,3.4044758797446057,-0.013794516118312271,0.5877428650856018,0.15776588022708893,0.10776588320732117,0.7493033409118652,1.0,0,ROW_FOLLOW,TRACKING,1.0,76.0,103.0,-0.16773803532123566,-0.006667420268058777,0.0,0.2902645170688629,0.0,-0.30359935760498047,0.0,0.4285714328289032,0.6595237255096436,0.9765360951423645,0.9567997455596924,1.0,0.380952388048172,0.7493033409118652,0.30000001192092896,0.20000000298023224,0.20000000298023224,0.15000000596046448,0.15000000596046448,1.0,1.0,1.0,1.0
complex_fixed_v018_r1,closed_loop,complex,full,1,0.18,False,21.069322635,1785050998.3010056,1.4516719772165305,0.029661221241843207,0.14301646640203816,0.18986888122449677,-0.0464631749148296,1.608991686755386,0.18,-0.3035222803050411,21.0,1.4058714469323472,0.01808670828407483,2.4107397922170266,0.00220659784047006,3.4044758797446057,-0.013794516118312271,0.5877428650856018,0.15776588022708893,0.10776588320732117,0.7493033409118652,1.0,0,ROW_FOLLOW,TRACKING,1.0,76.0,103.0,-0.16773803532123566,-0.006667420268058777,0.0,0.2902645170688629,0.0,-0.30359935760498047,0.0,0.4285714328289032,0.6595237255096436,0.9765360951423645,0.9567997455596924,1.0,0.380952388048172,0.7493033409118652,0.30000001192092896,0.20000000298023224,0.20000000298023224,0.15000000596046448,0.15000000596046448,1.0,1.0,1.0,1.0
complex_fixed_v018_r1,closed_loop,complex,full,1,0.18,False,21.11898856,1785050998.3506715,1.460145308359884,0.030743385114589444,0.1393628217428096,0.18578089016616664,-0.06169595772859281,1.6176183802508957,0.18,-0.2855182904322641,21.0,1.43312706936672,0.02211298999365821,2.437936255650191,0.00265316087939692,3.445181793105643,-0.018494247107334362,0.5854662656784058,0.16251982748508453,0.11251983046531677,0.7538440227508545,1.0,0,ROW_FOLLOW,TRACKING,1.0,82.0,95.0,-0.16362640261650085,-0.006984829902648926,0.0,0.2889496088027954,0.0,-0.30291926860809326,0.0,0.4365079402923584,0.6857142448425293,0.9699699878692627,0.9450317621231079,1.0,0.4285714328289032,0.7538440227508545,0.30000001192092896,0.20000000298023224,0.20000000298023224,0.15000000596046448,0.15000000596046448,1.0,1.0,1.0,1.0
complex_fixed_v018_r1,closed_loop,complex,full,1,0.18,False,21.169346601,1785050998.4010296,1.4601021101989937,0.030629598055044824,0.13679174614088563,0.186022913689138,-0.0763316559788767,1.6177471670208905,0.18,-0.281097911677319,21.0,1.43312706936672,0.02211298999365821,2.437936255650191,0.00265316087939692,3.445181793105643,-0.018494247107334362,0.5854662656784058,0.16251982748508453,0.11251983046531677,0.7538440227508545,1.0,0,ROW_FOLLOW,TRACKING,1.0,82.0,95.0,-0.16362640261650085,-0.006984829902648926,0.0,0.2889496088027954,0.0,-0.30291926860809326,0.0,0.4365079402923584,0.6857142448425293,0.9699699878692627,0.9450317621231079,1.0,0.4285714328289032,0.7538440227508545,0.30000001192092896,0.20000000298023224,0.20000000298023224,0.15000000596046448,0.15000000596046448,1.0,1.0,1.0,1.0
complex_fixed_v018_r1,closed_loop,complex,full,1,0.18,False,21.219080911,1785050998.450764,1.4806008876388073,0.029682176499383213,0.13210700071623943,0.18779739292771933,-0.07827533900972426,1.6403135691090704,0.18,-0.26876963549890065,20.0,1.450382288627532,0.023103066623958335,2.450129676028499,0.0007407765649621469,3.3832248978569552,-0.020232162131470093,0.5848616361618042,0.16184379160404205,0.11184379458427429,0.751205563545227,1.0,0,ROW_FOLLOW,TRACKING,1.0,96.0,100.0,-0.16071367263793945,-0.007657915353775024,0.0,0.2875199317932129,0.0,-0.30283576250076294,0.0,0.4285714328289032,0.6857142448425293,0.9699317216873169,0.9433664679527283,1.0,0.4285714328289032,0.751205563545227,0.30000001192092896,0.20000000298023224,0.20000000298023224,0.15000000596046448,0.15000000596046448,1.0,1.0,1.0,1.0
complex_fixed_v018_r1,closed_loop,complex,full,1,0.18,False,21.273429529,1785050998.5051126,1.489049742389296,0.030706421891452253,0.12815663207672803,0.18406785426007274,-0.10486996670644046,1.6488912260567559,0.18,-0.26946822844184076,20.0,1.450382288627532,0.023103066623958335,2.450129676028499,0.0007407765649621469,3.3832248978569552,-0.020232162131470093,0.5848616361618042,0.16184379160404205,0.11184379458427429,0.751205563545227,1.0,0,ROW_FOLLOW,TRACKING,1.0,96.0,100.0,-0.16071367263793945,-0.007657915353775024,0.0,0.2875199317932129,0.0,-0.30283576250076294,0.0,0.4285714328289032,0.6857142448425293,0.9699317216873169,0.9433664679527283,1.0,0.4285714328289032,0.751205563545227,0.30000001192092896,0.20000000298023224,0.20000000298023224,0.15000000596046448,0.15000000596046448,1.0,1.0,1.0,1.0
complex_fixed_v018_r1,closed_loop,complex,full,1,0.18,False,21.319597403,1785050998.5512805,1.4973571075108936,0.031569006146488686,0.12288890675463016,0.1803982409456485,-0.07985039205671264,1.657360236821213,0.18,-0.2699315260593576,20.0,1.4695728997787383,0.022982886601517854,2.4692615976258914,-0.001872842026026767,3.4356249490230675,-0.02599877737888731,0.5821525454521179,0.1548335701227188,0.10483357310295105,0.7558813095092773,1.0,0,ROW_FOLLOW,TRACKING,1.0,85.0,104.0,-0.1535980999469757,-0.00848744809627533,0.0,0.2856962978839874,0.0,-0.3026711940765381,0.0,0.4682539403438568,0.6595237255096436,0.9652098417282104,0.9363893866539001,1.0,0.380952388048172,0.7558813095092773,0.30000001192092896,0.20000000298023224,0.20000000298023224,0.15000000596046448,0.15000000596046448,1.0,1.0,1.0,1.0
complex_fixed_v018_r1,closed_loop,complex,full,1,0.18,False,21.369317057,1785050998.6010003,1.5078717588257136,0.034137906855415866,0.11937990596037644,0.18047663692584165,-0.09592292520235497,1.6683034040182565,0.18,-0.2806715978234822,20.0,1.4695728997787383,0.022982886601517854,2.4692615976258914,-0.001872842026026767,3.4356249490230675,-0.02599877737888731,0.5821525454521179,0.1548335701227188,0.10483357310295105,0.7558813095092773,1.0,0,ROW_FOLLOW,TRACKING,1.0,85.0,104.0,-0.1535980999469757,-0.00848744809627533,0.0,0.2856962978839874,0.0,-0.3026711940765381,0.0,0.4682539403438568,0.6595237255096436,0.9652098417282104,0.9363893866539001,1.0,0.380952388048172,0.7558813095092773,0.30000001192092896,0.20000000298023224,0.20000000298023224,0.15000000596046448,0.15000000596046448,1.0,1.0,1.0,1.0
complex_fixed_v018_r1,closed_loop,complex,full,1,0.18,False,21.419463763,1785050998.6511467,1.5155477995014928,0.035009550170086,0.11306872239834798,0.18650679735218498,-0.09498632241155316,1.6760595331138093,0.18,-0.27601685455946534,20.0,1.485463251399483,0.023701964824399624,2.518435679316932,-0.0036010023901559426,3.4847649310009476,-0.029132110860855997,0.5757688283920288,0.1454433649778366,0.09544336795806885,0.7686442136764526,1.0,0,ROW_FOLLOW,TRACKING,1.0,92.0,101.0,-0.14596104621887207,-0.008161619305610657,0.0,0.2843628525733948,0.0,-0.3006860911846161,0.0,0.523809552192688,0.6595237255096436,0.9551998972892761,0.9237105250358582,1.0,0.380952388048172,0.7686442136764526,0.30000001192092896,0.20000000298023224,0.20000000298023224,0.15000000596046448,0.15000000596046448,1.0,1.0,1.0,1.0
complex_fixed_v018_r1,closed_loop,complex,full,1,0.18,False,21.469312733,1785050998.700996,1.5288215315145992,0.03731308944216102,0.1093646745182149,0.18341353243270772,-0.12350529838288518,1.6896556394450275,0.18,-0.28371374150476714,20.0,1.485463251399483,0.023701964824399624,2.518435679316932,-0.0036010023901559426,3.4847649310009476,-0.029132110860855997,0.5757688283920288,0.1454433649778366,0.09544336795806885,0.7686442136764526,1.0,0,ROW_FOLLOW,TRACKING,1.0,92.0,101.0,-0.14596104621887207,-0.008161619305610657,0.0,0.2843628525733948,0.0,-0.3006860911846161,0.0,0.523809552192688,0.6595237255096436,0.9551998972892761,0.9237105250358582,1.0,0.380952388048172,0.7686442136764526,0.30000001192092896,0.20000000298023224,0.20000000298023224,0.15000000596046448,0.15000000596046448,1.0,1.0,1.0,1.0
complex_fixed_v018_r1,closed_loop,complex,full,1,0.18,False,21.519624692,1785050998.7513077,1.5371494042974838,0.03814662188844738,0.09975727102112626,0.19160481545359606,-0.1365511904630957,1.6980766678698975,0.18,-0.26374752078117797,20.0,1.5083391204207404,0.02546034395533216,2.541260166046351,-0.0036672370666118157,3.5075380594445362,-0.031022955478541846,0.5800966620445251,0.15353728830814362,0.10353729128837585,0.7618128061294556,1.0,0,ROW_FOLLOW,TRACKING,1.0,94.0,106.0,-0.13680055737495422,-0.009106829762458801,0.0,0.2830233871936798,0.0,-0.3012370467185974,0.0,0.468254029750824,0.6857142448425293,0.9625298380851746,0.9445853233337402,1.0,0.4285714328289032,0.7618128061294556,0.30000001192092896,0.20000000298023224,0.20000000298023224,0.15000000596046448,0.15000000596046448,1.0,1.0,1.0,1.0
complex_fixed_v018_r1,closed_loop,complex,full,1,0.18,False,21.569338075,1785050998.801021,1.5503610505158312,0.041130503735588526,0.09376290926174713,0.19674984731420211,-0.14876923323580588,1.71312303498682,0.18,-0.27524762592885343,20.0,1.5083391204207404,0.02546034395533216,2.541260166046351,-0.0036672370666118157,3.5075380594445362,-0.031022955478541846,0.5800966620445251,0.15353728830814362,0.10353729128837585,0.7618128061294556,1.0,0,ROW_FOLLOW,TRACKING,1.0,94.0,106.0,-0.13680055737495422,-0.009106829762458801,0.0,0.2830233871936798,0.0,-0.3012370467185974,0.0,0.468254029750824,0.6857142448425293,0.9625298380851746,0.9445853233337402,1.0,0.4285714328289032,0.7618128061294556,0.30000001192092896,0.20000000298023224,0.20000000298023224,0.15000000596046448,0.15000000596046448,1.0,1.0,1.0,1.0
complex_fixed_v018_r1,closed_loop,complex,full,1,0.18,False,21.619917465,1785050998.8516004,1.5590063364241151,0.04170678110178745,0.08366200977081162,0.19347385330588132,-0.17994477933191413,1.7219386145275815,0.18,-0.24746164060021927,20.0,1.5287805793046214,0.02781913522987627,2.561771102499008,0.0017553408036660755,3.5281184572924142,-0.022536585546156156,0.5806617140769958,0.16373391449451447,0.1137339174747467,0.7449733018875122,1.0,0,ROW_FOLLOW,TRACKING,1.0,90.0,118.0,-0.11183986067771912,-0.011864811182022095,0.0,0.27988848090171814,0.0,-0.30361810326576233,0.0,0.436507910490036,0.6595237255096436,0.962039053440094,0.9313891530036926,1.0,0.380952388048172,0.7449733018875122,0.30000001192092896,0.20000000298023224,0.20000000298023224,0.15000000596046448,0.15000000596046448,1.0,1.0,1.0,1.0
complex_fixed_v018_r1,closed_loop,complex,full,1,0.18,False,21.669612127,1785050998.9012952,1.5679810574710156,0.042120958564611066,0.07591238751874216,0.1892017419869807,-0.194321042607768,1.7310916971787493,0.18,-0.23524080270548142,20.0,1.5287805793046214,0.02781913522987627,2.561771102499008,0.0017553408036660755,3.5281184572924142,-0.022536585546156156,0.5806617140769958,0.16373391449451447,0.1137339174747467,0.7449733018875122,1.0,0,ROW_FOLLOW,TRACKING,1.0,90.0,118.0,-0.11183986067771912,-0.011864811182022095,0.0,0.27988848090171814,0.0,-0.30361810326576233,0.0,0.436507910490036,0.6595237255096436,0.962039053440094,0.9313891530036926,1.0,0.380952388048172,0.7449733018875122,0.30000001192092896,0.20000000298023224,0.20000000298023224,0.15000000596046448,0.15000000596046448,1.0,1.0,1.0,1.0
complex_fixed_v018_r1,closed_loop,complex,full,1,0.18,False,21.719450985,1785050998.951134,1.572117702502117,0.046830369822037136,0.06376956592607905,0.18209378252413363,-0.20261116641370483,1.737783197287746,0.18,-0.2336115617911642,21.0,1.5488095970071523,0.027368982209020534,2.548563419741784,0.00636979002708449,3.567544900896346,-0.0034552891099597915,0.5805763602256775,0.1638241857290268,0.11382418870925903,0.7464293241500854,1.0,0,ROW_FOLLOW,TRACKING,1.0,98.0,133.0,-0.08697012811899185,-0.017414450645446777,0.0,0.27492502331733704,0.0,-0.3097539246082306,0.0,0.4285714328289032,0.6857141852378845,0.9642784595489502,0.9190624952316284,1.0,0.4285714328289032,0.7464293241500854,0.30000001192092896,0.20000000298023224,0.20000000298023224,0.15000000596046448,0.15000000596046448,1.0,1.0,1.0,1.0
complex_fixed_v018_r1,closed_loop,complex,full,1,0.18,False,21.769335892,1785050999.0010188,1.5811868549240873,0.047182645895454345,0.056130514714221494,0.1818665066087487,-0.18324481718709576,1.7469935514646273,0.18,-0.22740543387467302,21.0,1.5488095970071523,0.027368982209020534,2.548563419741784,0.00636979002708449,3.567544900896346,-0.0034552891099597915,0.5805763602256775,0.1638241857290268,0.11382418870925903,0.7464293241500854,1.0,0,ROW_FOLLOW,TRACKING,1.0,98.0,133.0,-0.08697012811899185,-0.017414450645446777,0.0,0.27492502331733704,0.0,-0.3097539246082306,0.0,0.4285714328289032,0.6857141852378845,0.9642784595489502,0.9190624952316284,1.0,0.4285714328289032,0.7464293241500854,0.30000001192092896,0.20000000298023224,0.20000000298023224,0.15000000596046448,0.15000000596046448,1.0,1.0,1.0,1.0
complex_fixed_v018_r1,closed_loop,complex,full,1,0.18,False,21.825782554,1785050999.0574656,1.5899755345841569,0.047294982310223256,0.04832481533298341,0.18165974179112201,-0.18742685838973602,1.7559532320398545,0.18,-0.20679756554838052,19.0,1.5663142397050114,0.02606301463157959,2.4662307086561364,0.014689631554307395,3.46614069980971,0.0023274940688667394,0.5807968378067017,0.1618611067533493,0.11186110973358154,0.749671220779419,1.0,0,ROW_FOLLOW,TRACKING,1.0,105.0,123.0,-0.06192385032773018,-0.022890329360961914,0.0,0.2694699168205261,0.0,-0.31525057554244995,0.0,0.4444444179534912,0.6857141852378845,0.9653583765029907,0.9074888825416565,1.0,0.4285714328289032,0.749671220779419,0.30000001192092896,0.20000000298023224,0.20000000298023224,0.15000000596046448,0.15000000596046448,1.0,1.0,1.0,1.0
complex_fixed_v018_r1,closed_loop,complex,full,1,0.18,False,21.871356075,1785050999.103039,1.6015453385158116,0.04617473181985656,0.036730514314378564,0.18211929419275472,-0.17572104294107946,1.7678640617991517,0.18,-0.18759908161853361,19.0,1.5663142397050114,0.02606301463157959,2.4662307086561364,0.014689631554307395,3.46614069980971,0.0023274940688667394,0.5807968378067017,0.1618611067533493,0.11186110973358154,0.749671220779419,1.0,0,ROW_FOLLOW,TRACKING,1.0,105.0,123.0,-0.06192385032773018,-0.022890329360961914,0.0,0.2694699168205261,0.0,-0.31525057554244995,0.0,0.4444444179534912,0.6857141852378845,0.9653583765029907,0.9074888825416565,1.0,0.4285714328289032,0.749671220779419,0.30000001192092896,0.20000000298023224,0.20000000298023224,0.15000000596046448,0.15000000596046448,1.0,1.0,1.0,1.0
complex_fixed_v018_r1,closed_loop,complex,full,1,0.18,False,21.919839726,1785050999.1515229,1.6103587544778342,0.04622422508141644,0.026648631896755152,0.182416273232024,-0.1802927973745355,1.7768333731673422,0.18,-0.18166805736518127,20.0,1.5834029302817196,0.022578208440739666,2.5883605400583285,0.014311437650948952,3.5344718769376264,0.003489424497620857,0.5777966380119324,0.14820028841495514,0.09820029139518738,0.7591632604598999,1.0,0,ROW_FOLLOW,TRACKING,1.0,118.0,122.0,-0.03857554867863655,-0.027332931756973267,0.0,0.2656300663948059,0.0,-0.32029592990875244,0.0,0.5,0.6595236659049988,0.9579669237136841,0.9044342041015625,1.0,0.380952388048172,0.7591632604598999,0.30000001192092896,0.20000000298023224,0.20000000298023224,0.15000000596046448,0.15000000596046448,1.0,1.0,1.0,1.0
complex_fixed_v018_r1,closed_loop,complex,full,1,0.18,False,21.97003789,1785050999.2017207,1.6194706016004847,0.04612192177080677,0.019965093822018172,0.18211226584356413,-0.16850202897596114,1.7861262318099267,0.18,-0.1749101472737259,20.0,1.5834029302817196,0.022578208440739666,2.5883605400583285,0.014311437650948952,3.5344718769376264,0.003489424497620857,0.5777966380119324,0.14820028841495514,0.09820029139518738,0.7591632604598999,1.0,0,ROW_FOLLOW,TRACKING,1.0,118.0,122.0,-0.03857554867863655,-0.027332931756973267,0.0,0.2656300663948059,0.0,-0.32029592990875244,0.0,0.5,0.6595236659049988,0.9579669237136841,0.9044342041015625,1.0,0.380952388048172,0.7591632604598999,0.30000001192092896,0.20000000298023224,0.20000000298023224,0.15000000596046448,0.15000000596046448,1.0,1.0,1.0,1.0
complex_fixed_v018_r1,closed_loop,complex,full,1,0.18,False,22.019041237,1785050999.2507243,1.6205218559482448,0.04572396621362152,0.009761649488656762,0.18100462211105042,-0.1773485350789391,1.787469539558998,0.18,-0.1668553072481774,21.0,1.6006575728981947,0.01922513960360998,2.605647860179644,0.016011100044682508,3.619504798119473,0.016801885706785126,0.5751015543937683,0.13960161805152893,0.08960162103176117,0.7743887901306152,1.0,0,ROW_FOLLOW,TRACKING,1.0,117.0,132.0,-0.018848903477191925,-0.03155243396759033,0.0,0.26191192865371704,0.0,-0.3250167965888977,0.0,0.5555555820465088,0.6595237255096436,0.953762948513031,0.9004318714141846,1.0,0.380952388048172,0.7743887901306152,0.30000001192092896,0.20000000298023224,0.20000000298023224,0.15000000596046448,0.15000000596046448,1.0,1.0,1.0,1.0
complex_fixed_v018_r1,closed_loop,complex,full,1,0.18,False,22.069341132,1785050999.3010242,1.6201318256020354,0.04542185703585888,0.003242706887972792,0.18102570845288704,-0.17937480682425425,1.7880587747559564,0.18,-0.1493646195169301,21.0,1.6006575728981947,0.01922513960360998,2.605647860179644,0.016011100044682508,3.619504798119473,0.016801885706785126,0.5751015543937683,0.13960161805152893,0.08960162103176117,0.7743887901306152,1.0,0,ROW_FOLLOW,TRACKING,1.0,117.0,132.0,-0.018848903477191925,-0.03155243396759033,0.0,0.26191192865371704,0.0,-0.3250167965888977,0.0,0.5555555820465088,0.6595237255096436,0.953762948513031,0.9004318714141846,1.0,0.380952388048172,0.7743887901306152,0.30000001192092896,0.20000000298023224,0.20000000298023224,0.15000000596046448,0.15000000596046448,1.0,1.0,1.0,1.0
complex_fixed_v018_r1,closed_loop,complex,full,1,0.18,False,22.119640739,1785050999.3513236,1.6445723863391588,0.041776317160640855,-0.007001662436491253,0.18309714323093984,-0.18616469056930365,1.8130437164296191,0.18,-0.1467034789883979,20.0,1.6136225784681288,0.014931487744510622,2.618613706236555,0.011870266444292106,3.5802716513960378,0.008820756988651233,0.5799593925476074,0.15852253139019012,0.10852253437042236,0.7622157335281372,1.0,0,ROW_FOLLOW,TRACKING,1.0,130.0,138.0,-0.0049055954441428185,-0.03390750288963318,0.0,0.2596204876899719,0.0,-0.3274354934692383,0.0,0.4761904776096344,0.6857142448425293,0.9627148509025574,0.9311516284942627,1.0,0.4285714328289032,0.7622157335281372,0.30000001192092896,0.20000000298023224,0.20000000298023224,0.15000000596046448,0.15000000596046448,1.0,1.0,1.0,1.0
complex_fixed_v018_r1,closed_loop,complex,full,1,0.18,False,22.169603697,1785050999.4012866,1.6533930181748597,0.041522795186552025,-0.013732434999800262,0.18169967479183605,-0.19937819146809374,1.8219854759536256,0.18,-0.13522307544100182,20.0,1.6136225784681288,0.014931487744510622,2.618613706236555,0.011870266444292106,3.5802716513960378,0.008820756988651233,0.5799593925476074,0.15852253139019012,0.10852253437042236,0.7622157335281372,1.0,0,ROW_FOLLOW,TRACKING,1.0,130.0,138.0,-0.0049055954441428185,-0.03390750288963318,0.0,0.2596204876899719,0.0,-0.3274354934692383,0.0,0.4761904776096344,0.6857142448425293,0.9627148509025574,0.9311516284942627,1.0,0.4285714328289032,0.7622157335281372,0.30000001192092896,0.20000000298023224,0.20000000298023224,0.15000000596046448,0.15000000596046448,1.0,1.0,1.0,1.0
complex_fixed_v018_r1,closed_loop,complex,full,1,0.18,False,22.219791397,1785050999.4514744,1.6624563696366463,0.03805062509249944,-0.027887049061767314,0.18504860688412902,-0.18793629037648718,1.8339227793600732,0.18,-0.12116665286203196,19.0,1.6309948036980348,0.009931464588164069,2.5309766691537234,0.005790133738993945,3.5309550899638324,0.0008319241692790526,0.5789250731468201,0.16183917224407196,0.1118391752243042,0.7563207149505615,1.0,0,ROW_FOLLOW,TRACKING,1.0,121.0,133.0,0.009985236451029778,-0.03447885811328888,0.0,0.25867536664009094,0.0,-0.3276330828666687,0.0,0.4603174328804016,0.6857142448425293,0.9618076086044312,0.9248074889183044,1.0,0.4285714328289032,0.7563207149505615,0.30000001192092896,0.20000000298023224,0.20000000298023224,0.15000000596046448,0.15000000596046448,1.0,1.0,1.0,1.0
complex_fixed_v018_r1,closed_loop,complex,full,1,0.18,False,22.269321126,1785050999.501004,1.6711445869990629,0.03759763429185102,-0.03527040775617564,0.18288042541455363,-0.19737433018753445,1.8427494490160576,0.18,-0.11235682878502413,19.0,1.6309948036980348,0.009931464588164069,2.5309766691537234,0.005790133738993945,3.5309550899638324,0.0008319241692790526,0.5789250731468201,0.16183917224407196,0.1118391752243042,0.7563207149505615,1.0,0,ROW_FOLLOW,TRACKING,1.0,121.0,133.0,0.009985236451029778,-0.03447885811328888,0.0,0.25867536664009094,0.0,-0.3276330828666687,0.0,0.4603174328804016,0.6857142448425293,0.9618076086044312,0.9248074889183044,1.0,0.4285714328289032,0.7563207149505615,0.30000001192092896,0.20000000298023224,0.20000000298023224,0.15000000596046448,0.15000000596046448,1.0,1.0,1.0,1.0
complex_fixed_v018_r1,closed_loop,complex,full,1,0.18,False,22.319862213,1785050999.5515454,1.677927834003259,0.03694020386277575,-0.04708771014111647,0.18098292440726754,-0.19475806345676971,1.8498140277878263,0.18,-0.11855411477423393,21.0,1.6480975912394775,0.006008842881909703,2.648062845261513,-0.0021074116568075315,3.6707256297776585,-0.01605463711290541,0.5798525214195251,0.16651149094104767,0.11651149392127991,0.7684326171875,1.0,0,ROW_FOLLOW,TRACKING,1.0,143.0,145.0,0.02995997667312622,-0.03472636640071869,0.0,0.2583695650100708,0.0,-0.3278222978115082,0.0,0.4761904776096344,0.7119047045707703,0.965195894241333,0.9343686103820801,1.0,0.4761904776096344,0.7684326171875,0.30000001192092896,0.20000000298023224,0.20000000298023224,0.15000000596046448,0.15000000596046448,1.0,1.0,1.0,1.0
complex_fixed_v018_r1,closed_loop,complex,full,1,0.18,False,22.369299395,1785050999.6009824,1.6840593812167244,0.03464082409620026,-0.05492856966599912,0.18098986744092097,-0.19494540370228572,1.8564403852208748,0.18,-0.09223548742769871,21.0,1.6480975912394775,0.006008842881909703,2.648062845261513,-0.0021074116568075315,3.6707256297776585,-0.01605463711290541,0.5798525214195251,0.16651149094104767,0.11651149392127991,0.7684326171875,1.0,0,ROW_FOLLOW,TRACKING,1.0,143.0,145.0,0.02995997667312622,-0.03472636640071869,0.0,0.2583695650100708,0.0,-0.3278222978115082,0.0,0.4761904776096344,0.7119047045707703,0.965195894241333,0.9343686103820801,1.0,0.4761904776096344,0.7684326171875,0.30000001192092896,0.20000000298023224,0.20000000298023224,0.15000000596046448,0.15000000596046448,1.0,1.0,1.0,1.0
complex_fixed_v018_r1,closed_loop,complex,full,1,0.18,False,22.419412341,1785050999.6510954,1.6925047228614782,0.03406981770366771,-0.06750944334384724,0.1726726982524892,-0.2260780279234017,1.8649808337892804,0.18,-0.09139541468974882,21.0,1.6693925496804318,0.002170453690202886,2.669355565698057,-0.006328454360848303,3.677259021308335,-0.014561837467091148,0.5762877464294434,0.14644421637058258,0.09644421935081482,0.773223876953125,1.0,0,ROW_FOLLOW,TRACKING,1.0,147.0,143.0,0.04844571650028229,-0.034744977951049805,0.0,0.2582727074623108,0.0,-0.3277626633644104,0.0,0.5079365372657776,0.7119047045707703,0.9581723213195801,0.9121834635734558,1.0,0.4761904776096344,0.773223876953125,0.30000001192092896,0.20000000298023224,0.20000000298023224,0.15000000596046448,0.15000000596046448,1.0,1.0,1.0,1.0
complex_fixed_v018_r1,closed_loop,complex,full,1,0.18,False,22.469325698,1785050999.7010086,1.7060863229175716,0.03626217362616522,-0.0771317851817184,0.17479681194704264,-0.23521540136729302,1.8795095888495552,0.18,-0.09068547630968743,21.0,1.6693925496804318,0.002170453690202886,2.669355565698057,-0.006328454360848303,3.677259021308335,-0.014561837467091148,0.5762877464294434,0.14644421637058258,0.09644421935081482,0.773223876953125,1.0,0,ROW_FOLLOW,TRACKING,1.0,147.0,143.0,0.04844571650028229,-0.034744977951049805,0.0,0.2582727074623108,0.0,-0.3277626633644104,0.0,0.5079365372657776,0.7119047045707703,0.9581723213195801,0.9121834635734558,1.0,0.4761904776096344,0.773223876953125,0.30000001192092896,0.20000000298023224,0.20000000298023224,0.15000000596046448,0.15000000596046448,1.0,1.0,1.0,1.0
complex_fixed_v018_r1,closed_loop,complex,full,1,0.18,False,22.519816926,1785050999.7515001,1.7147508233399718,0.03525320455577915,-0.09150445044523223,0.17467376995120348,-0.2339394562894244,1.8884388098176228,0.18,-0.07003694829083106,20.0,1.6867227282637824,0.00209301391702058,2.691650718830474,-0.009046263791557539,3.6199157285979715,-0.019482695150403472,0.5741447806358337,0.1469600349664688,0.09696003794670105,0.7838901281356812,1.0,0,ROW_FOLLOW,TRACKING,1.0,132.0,148.0,0.06476961076259613,-0.03264331817626953,0.0,0.2599934935569763,0.0,-0.3252801299095154,0.0,0.5634921193122864,0.6857142448425293,0.9544222950935364,0.9121014475822449,1.0,0.4285714328289032,0.7838901281356812,0.30000001192092896,0.20000000298023224,0.20000000298023224,0.15000000596046448,0.15000000596046448,1.0,1.0,1.0,1.0
complex_fixed_v018_r1,closed_loop,complex,full,1,0.18,False,22.56934576,1785050999.801029,1.726984731020272,0.032229557491762206,-0.09929908669991772,0.18197146792105084,-0.20446894272084074,1.9014484054191225,0.18,-0.042736172536489585,20.0,1.6867227282637824,0.00209301391702058,2.691650718830474,-0.009046263791557539,3.6199157285979715,-0.019482695150403472,0.5741447806358337,0.1469600349664688,0.09696003794670105,0.7838901281356812,1.0,0,ROW_FOLLOW,TRACKING,1.0,132.0,148.0,0.06476961076259613,-0.03264331817626953,0.0,0.2599934935569763,0.0,-0.3252801299095154,0.0,0.5634921193122864,0.6857142448425293,0.9544222950935364,0.9121014475822449,1.0,0.4285714328289032,0.7838901281356812,0.30000001192092896,0.20000000298023224,0.20000000298023224,0.15000000596046448,0.15000000596046448,1.0,1.0,1.0,1.0
complex_fixed_v018_r1,closed_loop,complex,full,1,0.18,False,22.619295021,1785050999.8509781,1.7356331234682258,0.031086082032539517,-0.10983952028273068,0.18180472196061942,-0.1794978356497978,1.9103270068899123,0.18,-0.01681804153535047,21.0,1.7053279006605553,0.0018495110363294387,2.710247592111577,-0.010070850455848962,3.70514188681188,-0.01727034783228358,0.5731099843978882,0.15250493586063385,0.10250493884086609,0.7792073488235474,1.0,0,ROW_FOLLOW,TRACKING,1.0,136.0,139.0,0.08752742409706116,-0.030160516500473022,0.0,0.26134318113327026,0.0,-0.3216642141342163,0.0,0.5476189851760864,0.6857142448425293,0.9534538984298706,0.9139201045036316,1.0,0.4285714328289032,0.7792073488235474,0.30000001192092896,0.20000000298023224,0.20000000298023224,0.15000000596046448,0.15000000596046448,1.0,1.0,1.0,1.0
complex_fixed_v018_r1,closed_loop,complex,full,1,0.18,False,22.669360413,1785050999.9010434,1.7444600770484724,0.029753274425057537,-0.11664434480939877,0.18133979682239137,-0.17282291759155943,1.9194338884164737,0.18,-0.005223303948887565,21.0,1.7053279006605553,0.0018495110363294387,2.710247592111577,-0.010070850455848962,3.70514188681188,-0.01727034783228358,0.5731099843978882,0.15250493586063385,0.10250493884086609,0.7792073488235474,1.0,0,ROW_FOLLOW,TRACKING,1.0,136.0,139.0,0.08752742409706116,-0.030160516500473022,0.0,0.26134318113327026,0.0,-0.3216642141342163,0.0,0.5476189851760864,0.6857142448425293,0.9534538984298706,0.9139201045036316,1.0,0.4285714328289032,0.7792073488235474,0.30000001192092896,0.20000000298023224,0.20000000298023224,0.15000000596046448,0.15000000596046448,1.0,1.0,1.0,1.0
complex_fixed_v018_r1,closed_loop,complex,full,1,0.18,False,22.719309419,1785050999.9509923,1.7426680360191624,0.03161259024434672,-0.12543373403096228,0.15339539126205923,-0.1401451982664163,1.9222403768299925,0.18,0.011854024352870246,19.0,1.7254003652895011,0.0026372460896009983,2.6253034483249795,-0.010420431552745272,3.6251947200046626,-0.02502012203731811,0.5717718005180359,0.14892344176769257,0.0989234447479248,0.7727034091949463,1.0,0,ROW_FOLLOW,TRACKING,1.0,142.0,150.0,0.10531556606292725,-0.027411669492721558,0.0,0.2634393572807312,0.0,-0.3182626962661743,0.0,0.523809552192688,0.6857142448425293,0.9520546197891235,0.9200454950332642,1.0,0.4285714328289032,0.7727034091949463,0.30000001192092896,0.20000000298023224,0.20000000298023224,0.15000000596046448,0.15000000596046448,1.0,1.0,1.0,1.0
complex_fixed_v018_r1,closed_loop,complex,full,1,0.18,False,22.769347963,1785051000.001031,1.7516208485131892,0.030339324365247635,-0.12973557899568405,0.15964825957686085,-0.10136503257175739,1.9313608657685382,0.18,0.019353835143985525,19.0,1.7254003652895011,0.0026372460896009983,2.6253034483249795,-0.010420431552745272,3.6251947200046626,-0.02502012203731811,0.5717718005180359,0.14892344176769257,0.0989234447479248,0.7727034091949463,1.0,0,ROW_FOLLOW,TRACKING,1.0,142.0,150.0,0.10531556606292725,-0.027411669492721558,0.0,0.2634393572807312,0.0,-0.3182626962661743,0.0,0.523809552192688,0.6857142448425293,0.9520546197891235,0.9200454950332642,1.0,0.4285714328289032,0.7727034091949463,0.30000001192092896,0.20000000298023224,0.20000000298023224,0.15000000596046448,0.15000000596046448,1.0,1.0,1.0,1.0
complex_fixed_v018_r1,closed_loop,complex,full,1,0.18,False,22.819174245,1785051000.0508573,1.7613451429710987,0.028778622926557508,-0.13522452748549793,0.16554887351395794,-0.08181542417805572,1.9413415349251617,0.18,0.04450305034184158,21.0,1.7406570380764912,0.003196043836933621,2.7405707199864153,-0.009902174678228933,3.7388059619668246,-0.021124446014229185,0.570417046546936,0.15406639873981476,0.104066401720047,0.7578233480453491,1.0,0,ROW_FOLLOW,TRACKING,1.0,129.0,140.0,0.11873895674943924,-0.025047898292541504,0.0,0.26509541273117065,0.0,-0.31519120931625366,0.0,0.4761904776096344,0.6857142448425293,0.9506949186325073,0.9178957343101501,1.0,0.4285714328289032,0.7578233480453491,0.30000001192092896,0.20000000298023224,0.20000000298023224,0.15000000596046448,0.15000000596046448,1.0,1.0,1.0,1.0
complex_fixed_v018_r1,closed_loop,complex,full,1,0.18,False,22.869310328,1785051000.1009934,1.761945963889313,0.028530945610996054,-0.13789640949277038,0.17079751684013586,-0.05763591914008552,1.9420537134839426,0.18,0.049453877705644814,21.0,1.7406570380764912,0.003196043836933621,2.7405707199864153,-0.009902174678228933,3.7388059619668246,-0.021124446014229185,0.570417046546936,0.15406639873981476,0.104066401720047,0.7578233480453491,1.0,0,ROW_FOLLOW,TRACKING,1.0,129.0,140.0,0.11873895674943924,-0.025047898292541504,0.0,0.26509541273117065,0.0,-0.31519120931625366,0.0,0.4761904776096344,0.6857142448425293,0.9506949186325073,0.9178957343101501,1.0,0.4285714328289032,0.7578233480453491,0.30000001192092896,0.20000000298023224,0.20000000298023224,0.15000000596046448,0.15000000596046448,1.0,1.0,1.0,1.0
complex_fixed_v018_r1,closed_loop,complex,full,1,0.18,False,22.919517261,1785051000.1512003,1.7731012734446712,0.023475995523963747,-0.1420321765548333,0.15727330259327862,-0.07896774093178928,1.9555976562216102,0.18,0.08390497753600408,19.0,1.7529938683036654,0.00338535433184229,2.6529150287965098,-0.008498226064553008,3.6861577261177594,-0.022154786216011264,0.5755356550216675,0.16447563469409943,0.11447563767433167,0.7888376712799072,1.0,0,ROW_FOLLOW,TRACKING,1.0,149.0,147.0,0.12714891135692596,-0.022153139114379883,0.0,0.2674013078212738,0.0,-0.31170758605003357,0.0,0.5396825075149536,0.7380951642990112,0.958774209022522,0.9170604944229126,1.0,0.523809552192688,0.7888376712799072,0.30000001192092896,0.20000000298023224,0.20000000298023224,0.15000000596046448,0.15000000596046448,1.0,1.0,1.0,1.0
complex_fixed_v018_r1,closed_loop,complex,full,1,0.18,False,22.969300534,1785051000.2009835,1.7817756210980096,0.02216161085962642,-0.14417933441924502,0.16209113570185493,-0.06765093112528814,1.9644096753691167,0.18,0.08967350877541547,19.0,1.7529938683036654,0.00338535433184229,2.6529150287965098,-0.008498226064553008,3.6861577261177594,-0.022154786216011264,0.5755356550216675,0.16447563469409943,0.11447563767433167,0.7888376712799072,1.0,0,ROW_FOLLOW,TRACKING,1.0,149.0,147.0,0.12714891135692596,-0.022153139114379883,0.0,0.2674013078212738,0.0,-0.31170758605003357,0.0,0.5396825075149536,0.7380951642990112,0.958774209022522,0.9170604944229126,1.0,0.523809552192688,0.7888376712799072,0.30000001192092896,0.20000000298023224,0.20000000298023224,0.15000000596046448,0.15000000596046448,1.0,1.0,1.0,1.0
complex_fixed_v018_r1,closed_loop,complex,full,1,0.18,False,23.019417896,1785051000.251101,1.7905388421081505,0.020745817562166244,-0.14698599141065571,0.16793075885378722,-0.059056024865247095,1.973351856511926,0.18,0.1068227918663838,21.0,1.7654944260130694,0.0037386395508228662,2.7654192587756348,-0.008517170316969167,3.766269002899613,-0.020390336975711583,0.5686419606208801,0.14275796711444855,0.09275797009468079,0.78863525390625,1.0,0,ROW_FOLLOW,TRACKING,1.0,128.0,141.0,0.13361868262290955,-0.01882357895374298,0.0,0.2700800597667694,0.0,-0.30772721767425537,0.0,0.5714285969734192,0.7119047045707703,0.9477364420890808,0.9018561244010925,1.0,0.4761904776096344,0.78863525390625,0.30000001192092896,0.20000000298023224,0.20000000298023224,0.15000000596046448,0.15000000596046448,1.0,1.0,1.0,1.0
complex_fixed_v018_r1,closed_loop,complex,full,1,0.18,False,23.069320629,1785051000.3010037,1.790578700646634,0.02065481179291278,-0.14862351724897227,0.16773093192706662,-0.06941455130951843,1.9734548598928077,0.18,0.10973494436013542,21.0,1.7654944260130694,0.0037386395508228662,2.7654192587756348,-0.008517170316969167,3.766269002899613,-0.020390336975711583,0.5686419606208801,0.14275796711444855,0.09275797009468079,0.78863525390625,1.0,0,ROW_FOLLOW,TRACKING,1.0,128.0,141.0,0.13361868262290955,-0.01882357895374298,0.0,0.2700800597667694,0.0,-0.30772721767425537,0.0,0.5714285969734192,0.7119047045707703,0.9477364420890808,0.9018561244010925,1.0,0.4761904776096344,0.78863525390625,0.30000001192092896,0.20000000298023224,0.20000000298023224,0.15000000596046448,0.15000000596046448,1.0,1.0,1.0,1.0
complex_fixed_v018_r1,closed_loop,complex,full,1,0.18,False,23.119594252,1785051000.3512774,1.7907046452117645,0.020524763566547553,-0.15139296051081172,0.16742391294097977,-0.04638741897274085,1.9736784133734133,0.18,0.12142427941220985,21.0,1.7785311250762603,0.0037325968576048547,2.778462720310703,-0.007970318234314955,3.7858443113561826,-0.018740708449234103,0.5673695206642151,0.14945973455905914,0.09945973753929138,0.8104963302612305,1.0,0,ROW_FOLLOW,TRACKING,1.0,154.0,140.0,0.1382029950618744,-0.015391692519187927,0.0,0.27282923460006714,0.0,-0.303612619638443,0.0,0.6269841194152832,0.7380951642990112,0.9456158876419067,0.904391884803772,1.0,0.523809552192688,0.8104963302612305,0.30000001192092896,0.20000000298023224,0.20000000298023224,0.15000000596046448,0.15000000596046448,1.0,1.0,1.0,1.0
complex_fixed_v018_r1,closed_loop,complex,full,1,0.18,False,23.16933826,1785051000.4010212,1.790768640312723,0.020433561782467292,-0.15298474296108472,0.16721896479996048,-0.038054235689253896,1.9737978182713354,0.18,0.124263839404282,21.0,1.7785311250762603,0.0037325968576048547,2.778462720310703,-0.007970318234314955,3.7858443113561826,-0.018740708449234103,0.5673695206642151,0.14945973455905914,0.09945973753929138,0.8104963302612305,1.0,0,ROW_FOLLOW,TRACKING,1.0,154.0,140.0,0.1382029950618744,-0.015391692519187927,0.0,0.27282923460006714,0.0,-0.303612619638443,0.0,0.6269841194152832,0.7380951642990112,0.9456158876419067,0.904391884803772,1.0,0.523809552192688,0.8104963302612305,0.30000001192092896,0.20000000298023224,0.20000000298023224,0.15000000596046448,0.15000000596046448,1.0,1.0,1.0,1.0
complex_fixed_v018_r1,closed_loop,complex,full,1,0.18,False,23.219964309,1785051000.4516473,1.832806995074025,0.011252145658983352,-0.1548278223439552,0.17832931953756567,-0.05104436334495709,2.0168950238719305,0.18,0.1773411798513372,20.0,1.7875329122290982,0.006053479628583672,2.7874684189548815,-0.0053121264670802255,3.7207416825238266,-0.015910388811177973,0.559653103351593,0.1379573792219162,0.08795738220214844,0.7986127138137817,1.0,0,ROW_FOLLOW,TRACKING,1.0,133.0,144.0,0.14266932010650635,-0.010812059044837952,0.0,0.27552708983421326,0.0,-0.29715120792388916,0.0,0.60317462682724,0.7380951642990112,0.9327550530433655,0.8899350166320801,1.0,0.523809552192688,0.7986127138137817,0.30000001192092896,0.20000000298023224,0.20000000298023224,0.15000000596046448,0.15000000596046448,1.0,1.0,1.0,1.0
complex_fixed_v018_r1,closed_loop,complex,full,1,0.18,False,23.269315985,1785051000.500999,1.8419207358780558,0.009791638659582935,-0.1562952582928303,0.17925931069663117,-0.03429141301036838,2.026151680992419,0.18,0.20646961604346975,20.0,1.7875329122290982,0.006053479628583672,2.7874684189548815,-0.0053121264670802255,3.7207416825238266,-0.015910388811177973,0.559653103351593,0.1379573792219162,0.08795738220214844,0.7986127138137817,1.0,0,ROW_FOLLOW,TRACKING,1.0,133.0,144.0,0.14266932010650635,-0.010812059044837952,0.0,0.27552708983421326,0.0,-0.29715120792388916,0.0,0.60317462682724,0.7380951642990112,0.9327550530433655,0.8899350166320801,1.0,0.523809552192688,0.7986127138137817,0.30000001192092896,0.20000000298023224,0.20000000298023224,0.15000000596046448,0.15000000596046448,1.0,1.0,1.0,1.0
complex_fixed_v018_r1,closed_loop,complex,full,1,0.18,False,23.319602537,1785051000.5512855,1.8508328251292805,0.008316249482043061,-0.15802555639296317,0.18012015445142754,-0.046719442369164185,2.0352294117237726,0.18,0.20007560786090045,20.0,1.8076344053754143,0.0062376947346971775,2.8075741385179396,-0.004748396411634712,3.7741826622974846,-0.0153558629549353,0.562338650226593,0.14610330760478973,0.09610331058502197,0.7878291606903076,1.0,0,ROW_FOLLOW,TRACKING,1.0,127.0,153.0,0.14605864882469177,-0.005914539098739624,0.0,0.27868521213531494,0.0,-0.2905142903327942,0.0,0.5714285969734192,0.7119047045707703,0.9372309446334839,0.9104893803596497,1.0,0.4761904776096344,0.7878291606903076,0.30000001192092896,0.20000000298023224,0.20000000298023224,0.15000000596046448,0.15000000596046448,1.0,1.0,1.0,1.0
complex_fixed_v018_r1,closed_loop,complex,full,1,0.18,False,23.369430579,1785051000.6011136,1.8531593201679224,0.006333527315679423,-0.15957816373566347,0.1738201555799809,-0.044842509404479224,2.0401645380376565,0.18,0.21424344629195605,20.0,1.8076344053754143,0.0062376947346971775,2.8075741385179396,-0.004748396411634712,3.7741826622974846,-0.0153558629549353,0.562338650226593,0.14610330760478973,0.09610331058502197,0.7878291606903076,1.0,0,ROW_FOLLOW,TRACKING,1.0,127.0,153.0,0.14605864882469177,-0.005914539098739624,0.0,0.27868521213531494,0.0,-0.2905142903327942,0.0,0.5714285969734192,0.7119047045707703,0.9372309446334839,0.9104893803596497,1.0,0.4761904776096344,0.7878291606903076,0.30000001192092896,0.20000000298023224,0.20000000298023224,0.15000000596046448,0.15000000596046448,1.0,1.0,1.0,1.0
complex_fixed_v018_r1,closed_loop,complex,full,1,0.18,False,23.418939508,1785051000.6506224,1.8621162477232471,0.004846659611405511,-0.16153034012620365,0.17547305724961226,-0.026147748739896764,2.049269315745969,0.18,0.22586271714810074,21.0,1.8285514668832148,0.006463727476598094,2.8284686222612976,-0.006155670664053159,3.852887010318349,-0.02659974820062883,0.5599566102027893,0.1565655618906021,0.10656556487083435,0.7794268131256104,1.0,0,ROW_FOLLOW,TRACKING,1.0,117.0,147.0,0.1444006711244583,-0.0004068613052368164,0.0,0.2822653651237488,0.0,-0.2830790877342224,0.0,0.5317460298538208,0.7380951642990112,0.9332608580589294,0.9042115211486816,1.0,0.523809552192688,0.7794268131256104,0.30000001192092896,0.20000000298023224,0.20000000298023224,0.15000000596046448,0.15000000596046448,1.0,1.0,1.0,1.0
complex_fixed_v018_r1,closed_loop,complex,full,1,0.18,False,23.469343887,1785051000.701027,1.8708740839837632,0.003389362047061033,-0.16217576931110447,0.17671553282104208,-0.010993013546764265,2.0581649010235292,0.18,0.23406661714246732,21.0,1.8285514668832148,0.006463727476598094,2.8284686222612976,-0.006155670664053159,3.852887010318349,-0.02659974820062883,0.5599566102027893,0.1565655618906021,0.10656556487083435,0.7794268131256104,1.0,0,ROW_FOLLOW,TRACKING,1.0,117.0,147.0,0.1444006711244583,-0.0004068613052368164,0.0,0.2822653651237488,0.0,-0.2830790877342224,0.0,0.5317460298538208,0.7380951642990112,0.9332608580589294,0.9042115211486816,1.0,0.523809552192688,0.7794268131256104,0.30000001192092896,0.20000000298023224,0.20000000298023224,0.15000000596046448,0.15000000596046448,1.0,1.0,1.0,1.0
complex_fixed_v018_r1,closed_loop,complex,full,1,0.18,False,23.519560644,1785051000.7512438,1.8715309709654593,0.0032582448366233812,-0.1628195759889559,0.17673671523982068,-0.025265663184894198,2.058860534905758,0.18,0.23632344665404845,19.0,1.8553549947143226,0.006941775976035454,2.755214374624582,-0.00821059560315589,3.755053261948414,-0.025295494842297706,0.5561162233352661,0.13943889737129211,0.08943890035152435,0.7865029573440552,1.0,0,ROW_FOLLOW,TRACKING,1.0,106.0,140.0,0.13829262554645538,0.007644549012184143,0.0,0.287619411945343,0.0,-0.27233031392097473,0.0,0.6190476417541504,0.6595237255096436,0.9268601536750793,0.8900790214538574,1.0,0.380952388048172,0.7865029573440552,0.30000001192092896,0.20000000298023224,0.20000000298023224,0.15000000596046448,0.15000000596046448,1.0,1.0,1.0,1.0
complex_fixed_v018_r1,closed_loop,complex,full,1,0.18,False,23.569314412,1785051000.8009973,1.871474487941938,0.0032473719757866795,-0.16365504300969255,0.17675084616172293,-0.007693212541423621,2.0589207269480654,0.18,0.23764880257829282,19.0,1.8553549947143226,0.006941775976035454,2.755214374624582,-0.00821059560315589,3.755053261948414,-0.025295494842297706,0.5561162233352661,0.13943889737129211,0.08943890035152435,0.7865029573440552,1.0,0,ROW_FOLLOW,TRACKING,1.0,106.0,140.0,0.13829262554645538,0.007644549012184143,0.0,0.287619411945343,0.0,-0.27233031392097473,0.0,0.6190476417541504,0.6595237255096436,0.9268601536750793,0.8900790214538574,1.0,0.380952388048172,0.7865029573440552,0.30000001192092896,0.20000000298023224,0.20000000298023224,0.15000000596046448,0.15000000596046448,1.0,1.0,1.0,1.0
complex_fixed_v018_r1,closed_loop,complex,full,1,0.18,False,23.619373629,1785051000.8510566,1.8715376308544442,0.003219071159629494,-0.16439767068856087,0.17677204746260722,-0.011859122805811485,2.0590081777117795,0.18,0.25688735912625493,21.0,1.8653508908538894,0.011597284231335459,2.8651054714857325,-0.010200910398819082,3.8620434051496084,-0.029790136768251235,0.5544925928115845,0.14193521440029144,0.09193521738052368,0.7959197759628296,1.0,0,ROW_FOLLOW,TRACKING,1.0,104.0,148.0,0.13824264705181122,0.014596149325370789,0.0,0.2929055094718933,0.0,-0.26371321082115173,0.0,0.6507936120033264,0.6595237255096436,0.9241544008255005,0.8929734230041504,1.0,0.380952388048172,0.7959197759628296,0.30000001192092896,0.20000000298023224,0.20000000298023224,0.15000000596046448,0.15000000596046448,1.0,1.0,1.0,1.0
complex_fixed_v018_r1,closed_loop,complex,full,1,0.18,False,23.669316331,1785051000.9009993,1.8715818864341913,0.003187291148181866,-0.16526016124667953,0.17678617097822566,0.004717768757017036,2.0590664752088355,0.18,0.2584940796434903,21.0,1.8653508908538894,0.011597284231335459,2.8651054714857325,-0.010200910398819082,3.8620434051496084,-0.029790136768251235,0.5544925928115845,0.14193521440029144,0.09193521738052368,0.7959197759628296,1.0,0,ROW_FOLLOW,TRACKING,1.0,104.0,148.0,0.13824264705181122,0.014596149325370789,0.0,0.2929055094718933,0.0,-0.26371321082115173,0.0,0.6507936120033264,0.6595237255096436,0.9241544008255005,0.8929734230041504,1.0,0.380952388048172,0.7959197759628296,0.30000001192092896,0.20000000298023224,0.20000000298023224,0.15000000596046448,0.15000000596046448,1.0,1.0,1.0,1.0
complex_fixed_v018_r1,closed_loop,complex,full,1,0.18,False,23.719784871,1785051000.9514678,1.8715620050976753,0.0032000800642897533,-0.16488968953445143,0.1768073804990885,0.010208051939618448,2.059104626329819,0.18,0.28196205168391,21.0,1.871666609248478,0.01720512156362131,2.871349388185825,-0.007961805459818139,3.8713015918911564,-0.03148457848299268,0.55665522813797,0.14897961914539337,0.09897962212562561,0.8012771606445312,1.0,0,ROW_FOLLOW,TRACKING,1.0,89.0,135.0,0.13870084285736084,0.0195549875497818,0.0,0.29699116945266724,0.0,-0.25788119435310364,0.0,0.6666666865348816,0.6595237255096436,0.9277588129043579,0.8921374082565308,1.0,0.380952388048172,0.8012771606445312,0.30000001192092896,0.20000000298023224,0.20000000298023224,0.15000000596046448,0.15000000596046448,1.0,1.0,1.0,1.0
complex_fixed_v018_r1,closed_loop,complex,full,1,0.18,False,23.77014048,1785051001.0018234,1.8715631679408422,0.0032009969064685203,-0.16489387589139512,0.1768217834109487,-0.010402646331866296,2.059123529585961,0.18,0.2819747738720969,21.0,1.871666609248478,0.01720512156362131,2.871349388185825,-0.007961805459818139,3.8713015918911564,-0.03148457848299268,0.55665522813797,0.14897961914539337,0.09897962212562561,0.8012771606445312,1.0,0,ROW_FOLLOW,TRACKING,1.0,89.0,135.0,0.13870084285736084,0.0195549875497818,0.0,0.29699116945266724,0.0,-0.25788119435310364,0.0,0.6666666865348816,0.6595237255096436,0.9277588129043579,0.8921374082565308,1.0,0.380952388048172,0.8012771606445312,0.30000001192092896,0.20000000298023224,0.20000000298023224,0.15000000596046448,0.15000000596046448,1.0,1.0,1.0,1.0
complex_fixed_v018_r1,closed_loop,complex,full,1,0.18,False,23.819407387,1785051001.0510905,1.8715213975106613,0.003220688271320659,-0.16452781103149716,0.17684274375816805,-0.014811315782602207,2.059193347536136,0.18,0.31041309516942767,20.0,1.8720724791684102,0.023229679112077406,2.876721917933955,-0.00330420303908267,3.8047308962476376,-0.027838120404712726,0.5528830289840698,0.13656190037727356,0.0865619033575058,0.778441309928894,1.0,0,ROW_FOLLOW,TRACKING,1.0,86.0,116.0,0.13747435808181763,0.025918275117874146,0.0,0.30150049924850464,0.0,-0.24966394901275635,0.0,0.5952380895614624,0.6595237255096436,0.9214718341827393,0.8911381959915161,1.0,0.380952388048172,0.778441309928894,0.30000001192092896,0.20000000298023224,0.20000000298023224,0.15000000596046448,0.15000000596046448,1.0,1.0,1.0,1.0
complex_fixed_v018_r1,closed_loop,complex,full,1,0.18,False,23.869429643,1785051001.1011126,1.8715213975106613,0.003220688271320659,-0.16452781103149716,0.0,0.0,2.059193347536136,0.18,0.3098158299887416,20.0,1.8720724791684102,0.023229679112077406,2.876721917933955,-0.00330420303908267,3.8047308962476376,-0.027838120404712726,0.5528830289840698,0.13656190037727356,0.0865619033575058,0.778441309928894,1.0,0,ROW_FOLLOW,TRACKING,1.0,86.0,116.0,0.13747435808181763,0.025918275117874146,0.0,0.30150049924850464,0.0,-0.24966394901275635,0.0,0.5952380895614624,0.6595237255096436,0.9214718341827393,0.8911381959915161,1.0,0.380952388048172,0.778441309928894,0.30000001192092896,0.20000000298023224,0.20000000298023224,0.15000000596046448,0.15000000596046448,1.0,1.0,1.0,1.0
complex_fixed_v018_r1,closed_loop,complex,full,1,0.18,False,23.919118258,1785051001.1508014,1.8715213975106615,0.003220688271320552,-0.16296291524063994,0.0,0.02920187050721719,2.0591933475361364,0.18,0.332192771371312,21.0,1.8721850895301813,0.02791975162200026,2.876853496817091,0.0021682110418658885,3.871527433393676,-0.022102439435507847,0.549593448638916,0.1440000683069229,0.09400007128715515,0.7821643352508545,1.0,0,ROW_FOLLOW,TRACKING,1.0,84.0,97.0,0.14146313071250916,0.0286959707736969,0.0,0.304007351398468,0.0,-0.24661540985107422,0.0,0.60317462682724,0.6595237255096436,0.915989100933075,0.9073953032493591,1.0,0.380952388048172,0.7821643352508545,0.30000001192092896,0.20000000298023224,0.20000000298023224,0.15000000596046448,0.15000000596046448,1.0,1.0,1.0,1.0
complex_fixed_v018_r1,closed_loop,complex,full,1,0.18,False,23.975863106,1785051001.207546,1.8715213975106615,0.003220688271320552,-0.16216670595806443,0.0,0.044508918067746046,2.0591933475361364,0.18,0.3310051806575089,21.0,1.8721850895301813,0.02791975162200026,2.876853496817091,0.0021682110418658885,3.871527433393676,-0.022102439435507847,0.549593448638916,0.1440000683069229,0.09400007128715515,0.7821643352508545,1.0,0,ROW_FOLLOW,TRACKING,1.0,84.0,97.0,0.14146313071250916,0.0286959707736969,0.0,0.304007351398468,0.0,-0.24661540985107422,0.0,0.60317462682724,0.6595237255096436,0.915989100933075,0.9073953032493591,1.0,0.380952388048172,0.7821643352508545,0.30000001192092896,0.20000000298023224,0.20000000298023224,0.15000000596046448,0.15000000596046448,1.0,1.0,1.0,1.0
complex_fixed_v018_r1,closed_loop,complex,full,1,0.18,False,24.020178896,1785051001.251862,1.90415831739226,0.0042162418266674,-0.160777931563374,0.16840941623742048,0.020229573476164338,2.091882060053629,0.18,0.3520149332391771,20.0,1.8802806499188138,0.032520425453509465,2.918328825033617,0.008420720926559473,3.846402291670041,-0.013338543865512045,0.553479015827179,0.15310387313365936,0.1031038761138916,0.771952748298645,1.0,0,ROW_FOLLOW,TRACKING,1.0,83.0,89.0,0.1423681676387787,0.03196466714143753,0.0,0.306738018989563,0.0,-0.24280868470668793,0.0,0.5476190447807312,0.6857142448425293,0.9224648475646973,0.9068747162818909,1.0,0.4285714328289032,0.771952748298645,0.30000001192092896,0.20000000298023224,0.20000000298023224,0.15000000596046448,0.15000000596046448,1.0,1.0,1.0,1.0
complex_fixed_v018_r1,closed_loop,complex,full,1,0.18,False,24.069414057,1785051001.301097,1.9107133689843068,0.003835192054424244,-0.15949896569351288,0.16840941623742048,0.024141145182783808,2.0984482407988625,0.18,0.3551998747288708,20.0,1.8802806499188138,0.032520425453509465,2.918328825033617,0.008420720926559473,3.846402291670041,-0.013338543865512045,0.553479015827179,0.15310387313365936,0.1031038761138916,0.771952748298645,1.0,0,ROW_FOLLOW,TRACKING,1.0,83.0,89.0,0.1423681676387787,0.03196466714143753,0.0,0.306738018989563,0.0,-0.24280868470668793,0.0,0.5476190447807312,0.6857142448425293,0.9224648475646973,0.9068747162818909,1.0,0.4285714328289032,0.771952748298645,0.30000001192092896,0.20000000298023224,0.20000000298023224,0.15000000596046448,0.15000000596046448,1.0,1.0,1.0,1.0
complex_fixed_v018_r1,closed_loop,complex,full,1,0.18,False,24.119437498,1785051001.3511207,1.9208508433822982,0.0032573314833677773,-0.15839054119897114,0.16840941623742048,0.027641119421332322,2.1086023008704835,0.18,0.3772949697065746,20.0,1.8941415438693798,0.03541988336619287,2.932265974916016,0.014726519790157142,3.8604134439907685,-0.003727083415465975,0.5543841123580933,0.15569181740283966,0.1056918203830719,0.7651214599609375,1.0,0,ROW_FOLLOW,TRACKING,1.0,81.0,74.0,0.14215001463890076,0.034130215644836426,0.0,0.3092508018016815,0.0,-0.24099037051200867,0.0,0.5158730149269104,0.6857142448425293,0.9239734411239624,0.9228130578994751,1.0,0.4285714328289032,0.7651214599609375,0.30000001192092896,0.20000000298023224,0.20000000298023224,0.15000000596046448,0.15000000596046448,1.0,1.0,1.0,1.0
complex_fixed_v018_r1,closed_loop,complex,full,1,0.18,False,24.169355655,1785051001.4010386,1.9213384376482767,0.0032921625274379748,-0.15589705725353653,0.16840941623742048,0.057245219943761624,2.1091504044582625,0.18,0.3733439870327274,20.0,1.8941415438693798,0.03541988336619287,2.932265974916016,0.014726519790157142,3.8604134439907685,-0.003727083415465975,0.5543841123580933,0.15569181740283966,0.1056918203830719,0.7651214599609375,1.0,0,ROW_FOLLOW,TRACKING,1.0,81.0,74.0,0.14215001463890076,0.034130215644836426,0.0,0.3092508018016815,0.0,-0.24099037051200867,0.0,0.5158730149269104,0.6857142448425293,0.9239734411239624,0.9228130578994751,1.0,0.4285714328289032,0.7651214599609375,0.30000001192092896,0.20000000298023224,0.20000000298023224,0.15000000596046448,0.15000000596046448,1.0,1.0,1.0,1.0
complex_fixed_v018_r1,closed_loop,complex,full,1,0.18,False,24.220317266,1785051001.4520001,1.9398630552593383,-0.0005687184576225726,-0.15292079854982568,0.1689884064023329,0.05550667449990021,2.128160153193191,0.18,0.381156472490696,21.0,1.9107124980289107,0.037862869712246124,2.94888548468259,0.019686678765125167,3.921655688400823,0.008215714646814259,0.5506552457809448,0.14724551141262054,0.09724551439285278,0.7638823986053467,1.0,0,ROW_FOLLOW,TRACKING,1.0,89.0,80.0,0.14038531482219696,0.03595014661550522,0.0,0.31208378076553345,0.0,-0.240183487534523,0.0,0.523809552192688,0.6595237255096436,0.9177586436271667,0.9418866038322449,1.0,0.380952388048172,0.7638823986053467,0.30000001192092896,0.20000000298023224,0.20000000298023224,0.15000000596046448,0.15000000596046448,1.0,1.0,1.0,1.0
complex_fixed_v018_r1,closed_loop,complex,full,1,0.18,False,24.26934711,1785051001.5010302,1.9464931899722957,-0.0010013329663371374,-0.1493958623763998,0.1689884064023329,0.09214523645705641,2.134804871061584,0.18,0.40749932977691594,21.0,1.9107124980289107,0.037862869712246124,2.94888548468259,0.019686678765125167,3.921655688400823,0.008215714646814259,0.5506552457809448,0.14724551141262054,0.09724551439285278,0.7638823986053467,1.0,0,ROW_FOLLOW,TRACKING,1.0,89.0,80.0,0.14038531482219696,0.03595014661550522,0.0,0.31208378076553345,0.0,-0.240183487534523,0.0,0.523809552192688,0.6595237255096436,0.9177586436271667,0.9418866038322449,1.0,0.380952388048172,0.7638823986053467,0.30000001192092896,0.20000000298023224,0.20000000298023224,0.15000000596046448,0.15000000596046448,1.0,1.0,1.0,1.0
complex_fixed_v018_r1,closed_loop,complex,full,1,0.18,False,24.319167409,1785051001.5508504,1.9566338116215085,-0.0015670151278328018,-0.14378243537805518,0.1689884064023329,0.08345553475919601,2.144963408336445,0.18,0.4034862150215503,20.0,1.9284483684870823,0.03811537473109949,2.933324154967084,0.02236445415127229,3.8948722108050595,0.007304039488667984,0.5493304133415222,0.14435933530330658,0.09435933828353882,0.7613040208816528,1.0,0,ROW_FOLLOW,TRACKING,1.0,82.0,78.0,0.13526204228401184,0.03848110884428024,0.0,0.3150206208229065,0.0,-0.238058403134346,0.0,0.5158730149269104,0.6595237255096436,0.915550947189331,0.9435145258903503,1.0,0.380952388048172,0.7613040208816528,0.30000001192092896,0.20000000298023224,0.20000000298023224,0.15000000596046448,0.15000000596046448,1.0,1.0,1.0,1.0
complex_fixed_v018_r1,closed_loop,complex,full,1,0.18,False,24.369310212,1785051001.6009934,1.9586967711288077,-0.0016033456081917018,-0.14009865113923822,0.1689884064023329,0.09255191032545582,2.1471184151654086,0.18,0.399115103367088,20.0,1.9284483684870823,0.03811537473109949,2.933324154967084,0.02236445415127229,3.8948722108050595,0.007304039488667984,0.5493304133415222,0.14435933530330658,0.09435933828353882,0.7613040208816528,1.0,0,ROW_FOLLOW,TRACKING,1.0,82.0,78.0,0.13526204228401184,0.03848110884428024,0.0,0.3150206208229065,0.0,-0.238058403134346,0.0,0.5158730149269104,0.6595237255096436,0.915550947189331,0.9435145258903503,1.0,0.380952388048172,0.7613040208816528,0.30000001192092896,0.20000000298023224,0.20000000298023224,0.15000000596046448,0.15000000596046448,1.0,1.0,1.0,1.0
complex_fixed_v018_r1,closed_loop,complex,full,1,0.18,False,24.419130191,1785051001.650813,1.9587049370163696,-0.0014589771451196777,-0.13441273043824215,0.1689884064023329,0.06934938952411587,2.147263014557482,0.18,0.3893948305819715,21.0,1.9435698156288101,0.03831038952398333,2.943467907955585,0.02406222644654181,3.940352550155512,0.010204302505824353,0.5513215065002441,0.14774246513843536,0.0977424681186676,0.7470591068267822,1.0,0,ROW_FOLLOW,TRACKING,1.0,85.0,73.0,0.12699824571609497,0.03999972343444824,0.0,0.31714558601379395,0.0,-0.23714613914489746,0.0,0.4841269850730896,0.6333332657814026,0.918869137763977,0.9425368309020996,1.0,0.3333333432674408,0.7470591068267822,0.30000001192092896,0.20000000298023224,0.20000000298023224,0.15000000596046448,0.15000000596046448,1.0,1.0,1.0,1.0
complex_fixed_v018_r1,closed_loop,complex,full,1,0.18,False,24.469578379,1785051001.7012613,1.9587101620488705,-0.0013579452239603947,-0.13043465361557646,0.1689884064023329,0.12696727232646468,2.14736418154744,0.18,0.3807608552233299,21.0,1.9435698156288101,0.03831038952398333,2.943467907955585,0.02406222644654181,3.940352550155512,0.010204302505824353,0.5513215065002441,0.14774246513843536,0.0977424681186676,0.7470591068267822,1.0,0,ROW_FOLLOW,TRACKING,1.0,85.0,73.0,0.12699824571609497,0.03999972343444824,0.0,0.31714558601379395,0.0,-0.23714613914489746,0.0,0.4841269850730896,0.6333332657814026,0.918869137763977,0.9425368309020996,1.0,0.3333333432674408,0.7470591068267822,0.30000001192092896,0.20000000298023224,0.20000000298023224,0.15000000596046448,0.15000000596046448,1.0,1.0,1.0,1.0
complex_fixed_v018_r1,closed_loop,complex,full,1,0.18,False,24.519802177,1785051001.751485,1.9587193238206027,-0.0011577938482043334,-0.12255606417628688,0.1689884064023329,0.13477174124358016,2.1475645429554096,0.18,0.36992262802920745,19.0,1.955901532007296,0.038469563125109914,2.8558431112466436,0.029001581586605898,3.855780833559782,0.018774051667115373,0.5573300123214722,0.16379420459270477,0.11379420757293701,0.753036618232727,1.0,0,ROW_FOLLOW,TRACKING,1.0,77.0,73.0,0.12310931086540222,0.04099766165018082,0.0,0.3185234069824219,0.0,-0.23652808368206024,0.0,0.4761904776096344,0.6595237255096436,0.9288833141326904,0.9499871134757996,1.0,0.380952388048172,0.753036618232727,0.30000001192092896,0.20000000298023224,0.20000000298023224,0.15000000596046448,0.15000000596046448,1.0,1.0,1.0,1.0
complex_fixed_v018_r1,closed_loop,complex,full,1,0.18,False,24.569352836,1785051001.801036,1.9587267524296967,-0.0009621605357612965,-0.1148578318335897,0.1689884064023329,0.17058884675095662,2.1477603176170654,0.18,0.35737054305236343,19.0,1.955901532007296,0.038469563125109914,2.8558431112466436,0.029001581586605898,3.855780833559782,0.018774051667115373,0.5573300123214722,0.16379420459270477,0.11379420757293701,0.753036618232727,1.0,0,ROW_FOLLOW,TRACKING,1.0,77.0,73.0,0.12310931086540222,0.04099766165018082,0.0,0.3185234069824219,0.0,-0.23652808368206024,0.0,0.4761904776096344,0.6595237255096436,0.9288833141326904,0.9499871134757996,1.0,0.380952388048172,0.753036618232727,0.30000001192092896,0.20000000298023224,0.20000000298023224,0.15000000596046448,0.15000000596046448,1.0,1.0,1.0,1.0
complex_fixed_v018_r1,closed_loop,complex,full,1,0.18,False,24.619312242,1785051001.8509953,2.0008284893228354,-0.01326483256822408,-0.10326976609222438,0.13840048409509362,0.19834354054469325,2.1918221528948565,0.18,0.44634437898182633,21.0,1.9590102990795681,0.040232819664742785,2.958975548014518,0.03297301862930151,3.9589747993799724,0.023038647778042952,0.5566285848617554,0.1643042117357254,0.11430421471595764,0.75972580909729,1.0,0,ROW_FOLLOW,TRACKING,1.0,105.0,90.0,0.10686379671096802,0.04346002638339996,0.0,0.3211211860179901,0.0,-0.23420113325119019,0.0,0.4841269850730896,0.6857142448425293,0.9277142286300659,0.945346474647522,1.0,0.4285714328289032,0.75972580909729,0.30000001192092896,0.20000000298023224,0.20000000298023224,0.15000000596046448,0.15000000596046448,1.0,1.0,1.0,1.0
complex_fixed_v018_r1,closed_loop,complex,full,1,0.18,False,24.669391684,1785051001.9010746,2.0063609635066957,-0.013637246958880973,-0.09465198177952641,0.13840048409509362,0.20654375172930292,2.19737149286459,0.18,0.43508398943701365,21.0,1.9590102990795681,0.040232819664742785,2.958975548014518,0.03297301862930151,3.9589747993799724,0.023038647778042952,0.5566285848617554,0.1643042117357254,0.11430421471595764,0.75972580909729,1.0,0,ROW_FOLLOW,TRACKING,1.0,105.0,90.0,0.10686379671096802,0.04346002638339996,0.0,0.3211211860179901,0.0,-0.23420113325119019,0.0,0.4841269850730896,0.6857142448425293,0.9277142286300659,0.945346474647522,1.0,0.4285714328289032,0.75972580909729,0.30000001192092896,0.20000000298023224,0.20000000298023224,0.15000000596046448,0.15000000596046448,1.0,1.0,1.0,1.0
complex_fixed_v018_r1,closed_loop,complex,full,1,0.18,False,24.720075911,1785051001.9517589,2.0114421052396376,-0.013796143451152635,-0.08199580700499623,0.13840048409509362,0.20892987457672116,2.2025563261769925,0.18,0.40144234023705694,21.0,1.9757060279137342,0.0381060414145511,2.975697017915722,0.033833681858380364,3.9840956283494395,0.028810804396982834,0.5571178197860718,0.15774063766002655,0.10774064064025879,0.7527250051498413,1.0,0,ROW_FOLLOW,TRACKING,1.0,114.0,98.0,0.08615642786026001,0.04579892009496689,0.0,0.3237181603908539,0.0,-0.2321203202009201,0.0,0.4761905074119568,0.6595237255096436,0.9285295605659485,0.9483810663223267,1.0,0.380952388048172,0.7527250051498413,0.30000001192092896,0.20000000298023224,0.20000000298023224,0.15000000596046448,0.15000000596046448,1.0,1.0,1.0,1.0
complex_fixed_v018_r1,closed_loop,complex,full,1,0.18,False,24.769414788,1785051002.0010977,2.011454284490463,-0.013611478509469494,-0.07308186306340182,0.13840048409509362,0.23893182837600502,2.2027413927693624,0.18,0.38733748575266114,21.0,1.9757060279137342,0.0381060414145511,2.975697017915722,0.033833681858380364,3.9840956283494395,0.028810804396982834,0.5571178197860718,0.15774063766002655,0.10774064064025879,0.7527250051498413,1.0,0,ROW_FOLLOW,TRACKING,1.0,114.0,98.0,0.08615642786026001,0.04579892009496689,0.0,0.3237181603908539,0.0,-0.2321203202009201,0.0,0.4761905074119568,0.6595237255096436,0.9285295605659485,0.9483810663223267,1.0,0.380952388048172,0.7527250051498413,0.30000001192092896,0.20000000298023224,0.20000000298023224,0.15000000596046448,0.15000000596046448,1.0,1.0,1.0,1.0
complex_fixed_v018_r1,closed_loop,complex,full,1,0.18,False,24.818900453,1785051002.0505836,2.035568352496758,-0.010606033059771224,-0.056413547962994116,0.16503261617751586,0.2851781895042737,2.2272314690403108,0.18,0.34631407239218476,21.0,1.9933676890935113,0.03618234681747296,2.993348666407942,0.030394980298991178,3.9933296428052523,0.02460761960599768,0.5571532249450684,0.14552704989910126,0.0955270528793335,0.7606842517852783,1.0,0,ROW_FOLLOW,TRACKING,1.0,97.0,100.0,0.06421016156673431,0.0475577712059021,0.0,0.32598328590393066,0.0,-0.23086774349212646,0.0,0.523809552192688,0.6333332657814026,0.9285886883735657,0.9410462379455566,1.0,0.3333333432674408,0.7606842517852783,0.30000001192092896,0.20000000298023224,0.20000000298023224,0.15000000596046448,0.15000000596046448,1.0,1.0,1.0,1.0
complex_fixed_v018_r1,closed_loop,complex,full,1,0.18,False,24.869355075,1785051002.101038,2.0362930164261073,-0.010638619658658014,-0.0449372813637128,0.1652989287320685,0.2955802054628615,2.2279570075984685,0.18,0.32195788366555955,21.0,1.9933676890935113,0.03618234681747296,2.993348666407942,0.030394980298991178,3.9933296428052523,0.02460761960599768,0.5571532249450684,0.14552704989910126,0.0955270528793335,0.7606842517852783,1.0,0,ROW_FOLLOW,TRACKING,1.0,97.0,100.0,0.06421016156673431,0.0475577712059021,0.0,0.32598328590393066,0.0,-0.23086774349212646,0.0,0.523809552192688,0.6333332657814026,0.9285886883735657,0.9410462379455566,1.0,0.3333333432674408,0.7606842517852783,0.30000001192092896,0.20000000298023224,0.20000000298023224,0.15000000596046448,0.15000000596046448,1.0,1.0,1.0,1.0
complex_fixed_v018_r1,closed_loop,complex,full,1,0.18,False,24.919962372,1785051002.1516454,2.039121408126954,-0.010677109798704234,-0.0269494589778132,0.16569869967943626,0.3078846795528091,2.2307876579168746,0.18,0.27450914670190457,21.0,2.019244960858352,0.03458874793412745,3.019228495123087,0.030880975380669768,4.019212057160702,0.027173199294137463,0.5547295808792114,0.14880366623401642,0.09880366921424866,0.7659515142440796,1.0,0,ROW_FOLLOW,TRACKING,1.0,113.0,99.0,0.04078347608447075,0.04845711588859558,0.0,0.32728081941604614,0.0,-0.23036658763885498,0.0,0.5317460298538208,0.6595237255096436,0.9245492219924927,0.9307538270950317,1.0,0.380952388048172,0.7659515142440796,0.30000001192092896,0.20000000298023224,0.20000000298023224,0.15000000596046448,0.15000000596046448,1.0,1.0,1.0,1.0
complex_fixed_v018_r1,closed_loop,complex,full,1,0.18,False,24.969403428,1785051002.2010865,2.0422587999059414,-0.010617312062714426,-0.015872840499751916,0.1659651626204006,0.2737578811791013,2.2339394351080246,0.18,0.2597038293584076,21.0,2.019244960858352,0.03458874793412745,3.019228495123087,0.030880975380669768,4.019212057160702,0.027173199294137463,0.5547295808792114,0.14880366623401642,0.09880366921424866,0.7659515142440796,1.0,0,ROW_FOLLOW,TRACKING,1.0,113.0,99.0,0.04078347608447075,0.04845711588859558,0.0,0.32728081941604614,0.0,-0.23036658763885498,0.0,0.5317460298538208,0.6595237255096436,0.9245492219924927,0.9307538270950317,1.0,0.380952388048172,0.7659515142440796,0.30000001192092896,0.20000000298023224,0.20000000298023224,0.15000000596046448,0.15000000596046448,1.0,1.0,1.0,1.0
complex_fixed_v018_r1,closed_loop,complex,full,1,0.18,False,25.020246284,1785051002.2519293,2.0722729197869474,-0.012228130726758374,0.00079883661368374,0.17686820051944807,0.29178091979760795,2.264010324481454,0.18,0.2700250192857319,21.0,2.0304371295538406,0.035973778358939924,3.030419742676857,0.035231203250229624,4.0304023694551825,0.03448862592909966,0.559487521648407,0.1601155549287796,0.11011555790901184,0.7750974893569946,1.0,0,ROW_FOLLOW,TRACKING,1.0,102.0,111.0,0.015257451683282852,0.04674647003412247,0.0,0.3260386884212494,0.0,-0.23254574835300446,0.0,0.5396825075149536,0.6857142448425293,0.9324793219566345,0.930359959602356,1.0,0.4285714328289032,0.7750974893569946,0.30000001192092896,0.20000000298023224,0.20000000298023224,0.15000000596046448,0.15000000596046448,1.0,1.0,1.0,1.0
complex_fixed_v018_r1,closed_loop,complex,full,1,0.18,False,25.069413732,1785051002.3010967,2.077286527414732,-0.012070279734273657,0.012438377375200363,0.17736952446292656,0.3045797034373666,2.2690452652897104,0.18,0.25635181803311113,21.0,2.0304371295538406,0.035973778358939924,3.030419742676857,0.035231203250229624,4.0304023694551825,0.03448862592909966,0.559487521648407,0.1601155549287796,0.11011555790901184,0.7750974893569946,1.0,0,ROW_FOLLOW,TRACKING,1.0,102.0,111.0,0.015257451683282852,0.04674647003412247,0.0,0.3260386884212494,0.0,-0.23254574835300446,0.0,0.5396825075149536,0.6857142448425293,0.9324793219566345,0.930359959602356,1.0,0.4285714328289032,0.7750974893569946,0.30000001192092896,0.20000000298023224,0.20000000298023224,0.15000000596046448,0.15000000596046448,1.0,1.0,1.0,1.0
complex_fixed_v018_r1,closed_loop,complex,full,1,0.18,False,25.11973539,1785051002.3514183,2.084783378992802,-0.011523416798201258,0.03063988923741778,0.17812418435569988,0.3000416969932188,2.276598261627406,0.18,0.21982020814104694,21.0,2.054049475279663,0.03553486456109241,3.0540343940732364,0.04043522269273683,4.054019317742006,0.04533557813145528,0.5573126673698425,0.16348613798618317,0.1134861409664154,0.7747318744659424,1.0,0,ROW_FOLLOW,TRACKING,1.0,106.0,103.0,-0.010399950668215752,0.04440192133188248,0.0,0.32368966937065125,0.0,-0.2348858267068863,0.0,0.523809552192688,0.7119046449661255,0.9288544654846191,0.9295811653137207,1.0,0.4761904776096344,0.7747318744659424,0.30000001192092896,0.20000000298023224,0.20000000298023224,0.15000000596046448,0.15000000596046448,1.0,1.0,1.0,1.0
complex_fixed_v018_r1,closed_loop,complex,full,1,0.18,False,25.169445669,1785051002.4011288,2.0879565846186665,-0.011004004750984996,0.043102159704413,0.17863358160454812,0.33635575139528573,2.2798699530136393,0.18,0.2011568278590421,21.0,2.054049475279663,0.03553486456109241,3.0540343940732364,0.04043522269273683,4.054019317742006,0.04533557813145528,0.5573126673698425,0.16348613798618317,0.1134861409664154,0.7747318744659424,1.0,0,ROW_FOLLOW,TRACKING,1.0,106.0,103.0,-0.010399950668215752,0.04440192133188248,0.0,0.32368966937065125,0.0,-0.2348858267068863,0.0,0.523809552192688,0.7119046449661255,0.9288544654846191,0.9295811653137207,1.0,0.4761904776096344,0.7747318744659424,0.30000001192092896,0.20000000298023224,0.20000000298023224,0.15000000596046448,0.15000000596046448,1.0,1.0,1.0,1.0
complex_fixed_v018_r1,closed_loop,complex,full,1,0.18,False,25.21953004,1785051002.4512131,2.101880170364365,-0.00453411603414644,0.06120053484932163,0.16639135003791666,0.2840861486258381,2.295292837843641,0.18,0.1288970471033743,21.0,2.0714072995027513,0.033224676007238114,3.0713739720178097,0.041040536022003866,4.071340621164459,0.04885639505591111,0.557819128036499,0.1642385572195053,0.11423856019973755,0.7709976434707642,1.0,0,ROW_FOLLOW,TRACKING,1.0,111.0,119.0,-0.03907337039709091,0.041679613292217255,0.0,0.3216068744659424,0.0,-0.23824764788150787,0.0,0.5079365372657776,0.7119046449661255,0.9296985864639282,0.9353065490722656,1.0,0.4761904776096344,0.7709976434707642,0.30000001192092896,0.20000000298023224,0.20000000298023224,0.15000000596046448,0.15000000596046448,1.0,1.0,1.0,1.0
complex_fixed_v018_r1,closed_loop,complex,full,1,0.18,False,25.269338722,1785051002.5010216,2.1097029167571804,-0.003975167140845235,0.07132981592433035,0.1669451116923032,0.24482171621262613,2.303164705974002,0.18,0.11657140760757928,21.0,2.0714072995027513,0.033224676007238114,3.0713739720178097,0.041040536022003866,4.071340621164459,0.04885639505591111,0.557819128036499,0.1642385572195053,0.11423856019973755,0.7709976434707642,1.0,0,ROW_FOLLOW,TRACKING,1.0,111.0,119.0,-0.03907337039709091,0.041679613292217255,0.0,0.3216068744659424,0.0,-0.23824764788150787,0.0,0.5079365372657776,0.7119046449661255,0.9296985864639282,0.9353065490722656,1.0,0.4761904776096344,0.7709976434707642,0.30000001192092896,0.20000000298023224,0.20000000298023224,0.15000000596046448,0.15000000596046448,1.0,1.0,1.0,1.0
complex_fixed_v018_r1,closed_loop,complex,full,1,0.18,False,25.319510647,1785051002.5511937,2.1194875366318957,-0.002919222421811445,0.08459291222040832,0.16933160809318967,0.238988717110358,2.313050840843085,0.18,0.08075189403778668,19.0,2.0936711052321084,0.03242893837240123,2.993629319922047,0.04105416529983604,3.960250943808051,0.05035013104511823,0.5592867732048035,0.15070538222789764,0.10070538520812988,0.767087459564209,1.0,0,ROW_FOLLOW,TRACKING,1.0,108.0,103.0,-0.0658082589507103,0.03769508749246597,0.0,0.3179747462272644,0.0,-0.24258457124233246,0.0,0.5079365968704224,0.6857142448425293,0.9321445226669312,0.9408978819847107,1.0,0.4285714328289032,0.767087459564209,0.30000001192092896,0.20000000298023224,0.20000000298023224,0.15000000596046448,0.15000000596046448,1.0,1.0,1.0,1.0
complex_fixed_v018_r1,closed_loop,complex,full,1,0.18,False,25.369392004,1785051002.601075,2.1357715694457537,0.008248852186243966,0.0941048809408933,0.16798545426158643,0.2366453069668617,2.33402283547023,0.18,0.01571989997433466,19.0,2.0936711052321084,0.03242893837240123,2.993629319922047,0.04105416529983604,3.960250943808051,0.05035013104511823,0.5592867732048035,0.15070538222789764,0.10070538520812988,0.767087459564209,1.0,0,ROW_FOLLOW,TRACKING,1.0,108.0,103.0,-0.0658082589507103,0.03769508749246597,0.0,0.3179747462272644,0.0,-0.24258457124233246,0.0,0.5079365968704224,0.6857142448425293,0.9321445226669312,0.9408978819847107,1.0,0.4285714328289032,0.767087459564209,0.30000001192092896,0.20000000298023224,0.20000000298023224,0.15000000596046448,0.15000000596046448,1.0,1.0,1.0,1.0
complex_fixed_v018_r1,closed_loop,complex,full,1,0.18,False,25.418954024,1785051002.6506371,2.144784892437309,0.01247326890831734,0.10801235173073782,0.16798545426158643,0.2483669242813545,2.343982740670602,0.18,-0.003719207756935494,21.0,2.1120974420125314,0.03588336832879915,3.1120401383941854,0.04658485861331171,4.113186823718193,0.0589782122372105,0.5602190494537354,0.14605455100536346,0.0960545539855957,0.779832124710083,1.0,0,ROW_FOLLOW,TRACKING,1.0,113.0,110.0,-0.08746374398469925,0.033546753227710724,0.0,0.31399232149124146,0.0,-0.24689881503582,0.0,0.5714285969734192,0.6595237255096436,0.9336981773376465,0.9317278265953064,1.0,0.380952388048172,0.779832124710083,0.30000001192092896,0.20000000298023224,0.20000000298023224,0.15000000596046448,0.15000000596046448,1.0,1.0,1.0,1.0
complex_fixed_v018_r1,closed_loop,complex,full,1,0.18,False,25.469584746,1785051002.7012677,2.1511196164891278,0.01563651818996095,0.11820751625337728,0.16798545426158643,0.25327499727022756,2.3510750585349194,0.18,-0.04175648976460862,21.0,2.1120974420125314,0.03588336832879915,3.1120401383941854,0.04658485861331171,4.113186823718193,0.0589782122372105,0.5602190494537354,0.14605455100536346,0.0960545539855957,0.779832124710083,1.0,0,ROW_FOLLOW,TRACKING,1.0,113.0,110.0,-0.08746374398469925,0.033546753227710724,0.0,0.31399232149124146,0.0,-0.24689881503582,0.0,0.5714285969734192,0.6595237255096436,0.9336981773376465,0.9317278265953064,1.0,0.380952388048172,0.779832124710083,0.30000001192092896,0.20000000298023224,0.20000000298023224,0.15000000596046448,0.15000000596046448,1.0,1.0,1.0,1.0
complex_fixed_v018_r1,closed_loop,complex,full,1,0.18,False,25.519414581,1785051002.7510977,2.1649655698951222,0.005212470273340424,0.13122813795325738,0.17363953850441888,0.1932629736100738,2.3718133353217534,0.18,0.019904388575918867,20.0,2.133433854134745,0.040873918578500125,3.1333704676285294,0.05210668691767914,4.095176535369742,0.0674873226080456,0.5571061372756958,0.15098287165164948,0.10098287463188171,0.785205602645874,1.0,0,ROW_FOLLOW,TRACKING,1.0,116.0,125.0,-0.11072669178247452,0.029200300574302673,0.0,0.309581458568573,0.0,-0.25118085741996765,0.0,0.5952380895614624,0.6595237255096436,0.928510308265686,0.9268491864204407,1.0,0.380952388048172,0.785205602645874,0.30000001192092896,0.20000000298023224,0.20000000298023224,0.15000000596046448,0.15000000596046448,1.0,1.0,1.0,1.0
complex_fixed_v018_r1,closed_loop,complex,full,1,0.18,False,25.569411973,1785051002.801095,2.17172140433728,0.007025512761323767,0.13790760670479602,0.17363953850441888,0.16088807185551282,2.3788109582073216,0.18,0.00534423159021827,20.0,2.133433854134745,0.040873918578500125,3.1333704676285294,0.05210668691767914,4.095176535369742,0.0674873226080456,0.5571061372756958,0.15098287165164948,0.10098287463188171,0.785205602645874,1.0,0,ROW_FOLLOW,TRACKING,1.0,116.0,125.0,-0.11072669178247452,0.029200300574302673,0.0,0.309581458568573,0.0,-0.25118085741996765,0.0,0.5952380895614624,0.6595237255096436,0.928510308265686,0.9268491864204407,1.0,0.380952388048172,0.785205602645874,0.30000001192092896,0.20000000298023224,0.20000000298023224,0.15000000596046448,0.15000000596046448,1.0,1.0,1.0,1.0
complex_fixed_v018_r1,closed_loop,complex,full,1,0.18,False,25.619569593,1785051002.8512528,2.1823713733286634,0.004044501346123587,0.14650429662255607,0.17320799308068408,0.12032832294050731,2.3928016836106885,0.18,-0.0005794792875954769,21.0,2.155199455571859,0.040460887551872445,3.155146515382857,0.05041194457308929,4.156398312144686,0.05539304852768352,0.5600499510765076,0.16233761608600616,0.1123376190662384,0.7997335195541382,1.0,0,ROW_FOLLOW,TRACKING,1.0,110.0,115.0,-0.13479702174663544,0.024572104215621948,0.0,0.3054610788822174,0.0,-0.2563168704509735,0.0,0.5873015522956848,0.7380951642990112,0.933416485786438,0.9282715320587158,1.0,0.523809552192688,0.7997335195541382,0.30000001192092896,0.20000000298023224,0.20000000298023224,0.15000000596046448,0.15000000596046448,1.0,1.0,1.0,1.0
complex_fixed_v018_r1,closed_loop,complex,full,1,0.18,False,25.669348963,1785051002.901032,2.18696103467907,0.009247420857361245,0.15241040316233828,0.16437886061133458,0.14224579127613196,2.404634145498482,0.18,-0.03760738169697708,21.0,2.155199455571859,0.040460887551872445,3.155146515382857,0.05041194457308929,4.156398312144686,0.05539304852768352,0.5600499510765076,0.16233761608600616,0.1123376190662384,0.7997335195541382,1.0,0,ROW_FOLLOW,TRACKING,1.0,110.0,115.0,-0.13479702174663544,0.024572104215621948,0.0,0.3054610788822174,0.0,-0.2563168704509735,0.0,0.5873015522956848,0.7380951642990112,0.933416485786438,0.9282715320587158,1.0,0.523809552192688,0.7997335195541382,0.30000001192092896,0.20000000298023224,0.20000000298023224,0.15000000596046448,0.15000000596046448,1.0,1.0,1.0,1.0
complex_fixed_v018_r1,closed_loop,complex,full,1,0.18,False,25.719650364,1785051002.9513333,2.196299734013968,0.011314211076146195,0.16072098136901544,0.16437886061133458,0.15192461634032525,2.414201331994679,0.18,-0.09222684344293526,21.0,2.1724354859378128,0.0360284032464607,3.1723945299324643,0.04472007241881512,4.18228835021193,0.0449661706842371,0.5601061582565308,0.15945495665073395,0.10945495963096619,0.7965078353881836,1.0,0,ROW_FOLLOW,TRACKING,1.0,112.0,124.0,-0.14757749438285828,0.019821584224700928,0.0,0.30084729194641113,0.0,-0.2612041234970093,0.0,0.579365074634552,0.7380951642990112,0.9335101842880249,0.9225144982337952,1.0,0.523809552192688,0.7965078353881836,0.30000001192092896,0.20000000298023224,0.20000000298023224,0.15000000596046448,0.15000000596046448,1.0,1.0,1.0,1.0
complex_fixed_v018_r1,closed_loop,complex,full,1,0.18,False,25.769470119,1785051003.001153,2.2025659433665252,0.012785888516476378,0.16604555449082656,0.16437886061133458,0.14040288339719897,2.4206422434552164,0.18,-0.10435601918883108,21.0,2.1724354859378128,0.0360284032464607,3.1723945299324643,0.04472007241881512,4.18228835021193,0.0449661706842371,0.5601061582565308,0.15945495665073395,0.10945495963096619,0.7965078353881836,1.0,0,ROW_FOLLOW,TRACKING,1.0,112.0,124.0,-0.14757749438285828,0.019821584224700928,0.0,0.30084729194641113,0.0,-0.2612041234970093,0.0,0.579365074634552,0.7380951642990112,0.9335101842880249,0.9225144982337952,1.0,0.523809552192688,0.7965078353881836,0.30000001192092896,0.20000000298023224,0.20000000298023224,0.15000000596046448,0.15000000596046448,1.0,1.0,1.0,1.0
complex_fixed_v018_r1,closed_loop,complex,full,1,0.18,False,25.819236913,1785051003.05092,2.2025223536426024,0.012981153751040654,0.1741498637512109,0.16437886061133458,0.12352464600844967,2.420842315368359,0.18,-0.16200666591967133,21.0,2.189073569873427,0.030416793024147338,3.1890573426255053,0.03540790954891792,4.189041123292681,0.040399028449458925,0.557790994644165,0.16146104037761688,0.11146104335784912,0.7868860960006714,1.0,0,ROW_FOLLOW,TRACKING,1.0,114.0,106.0,-0.16492091119289398,0.01622958481311798,0.0,0.2971864640712738,0.0,-0.26472729444503784,0.0,0.5476190447807312,0.7380951642990112,0.9296517372131348,0.9270068407058716,1.0,0.523809552192688,0.7868860960006714,0.30000001192092896,0.20000000298023224,0.20000000298023224,0.15000000596046448,0.15000000596046448,1.0,1.0,1.0,1.0
complex_fixed_v018_r1,closed_loop,complex,full,1,0.18,False,25.869385541,1785051003.1010685,2.202499523143002,0.013080561550067678,0.17828140719742216,0.16437886061133458,0.1006320112169823,2.4209443112177618,0.18,-0.1687367923509165,21.0,2.189073569873427,0.030416793024147338,3.1890573426255053,0.03540790954891792,4.189041123292681,0.040399028449458925,0.557790994644165,0.16146104037761688,0.11146104335784912,0.7868860960006714,1.0,0,ROW_FOLLOW,TRACKING,1.0,114.0,106.0,-0.16492091119289398,0.01622958481311798,0.0,0.2971864640712738,0.0,-0.26472729444503784,0.0,0.5476190447807312,0.7380951642990112,0.9296517372131348,0.9270068407058716,1.0,0.523809552192688,0.7868860960006714,0.30000001192092896,0.20000000298023224,0.20000000298023224,0.15000000596046448,0.15000000596046448,1.0,1.0,1.0,1.0
complex_fixed_v018_r1,closed_loop,complex,full,1,0.18,False,25.919569531,1785051003.1512525,2.2024747984668727,0.013186151937689275,0.18267424903148563,0.16437886061133458,0.05525727518551137,2.4210527577773955,0.18,-0.19597390751210383,21.0,2.198268414267371,0.028406833274684268,3.1982544497765333,0.029659214071461215,4.198240505757757,0.030911594069560427,0.5582106709480286,0.14582253992557526,0.0958225429058075,0.7786626815795898,1.0,0,ROW_FOLLOW,TRACKING,1.0,109.0,105.0,-0.1849379539489746,0.013391301035881042,0.0,0.29441073536872864,0.0,-0.26762813329696655,0.0,0.5714285969734192,0.6595237255096436,0.9303510785102844,0.9283943176269531,1.0,0.380952388048172,0.7786626815795898,0.30000001192092896,0.20000000298023224,0.20000000298023224,0.15000000596046448,0.15000000596046448,1.0,1.0,1.0,1.0
complex_fixed_v018_r1,closed_loop,complex,full,1,0.18,False,25.969484137,1785051003.201167,2.202463833622617,0.013232321718085393,0.18459646460682985,0.16437886061133458,0.043422243889547546,2.421100211722758,0.18,-0.19911988287401752,21.0,2.198268414267371,0.028406833274684268,3.1982544497765333,0.029659214071461215,4.198240505757757,0.030911594069560427,0.5582106709480286,0.14582253992557526,0.0958225429058075,0.7786626815795898,1.0,0,ROW_FOLLOW,TRACKING,1.0,109.0,105.0,-0.1849379539489746,0.013391301035881042,0.0,0.29441073536872864,0.0,-0.26762813329696655,0.0,0.5714285969734192,0.6595237255096436,0.9303510785102844,0.9283943176269531,1.0,0.380952388048172,0.7786626815795898,0.30000001192092896,0.20000000298023224,0.20000000298023224,0.15000000596046448,0.15000000596046448,1.0,1.0,1.0,1.0
complex_fixed_v018_r1,closed_loop,complex,full,1,0.18,False,26.019776354,1785051003.2514594,2.2024514465018905,0.01328401155499076,0.18674954664891577,0.16437886061133458,0.01943218602302465,2.4211533650947046,0.18,-0.22316085556090587,21.0,2.202542500221582,0.026096494394829473,3.2025308082762725,0.022580365246511424,4.202519125914776,0.019064227041616127,0.5558582544326782,0.14274723827838898,0.09274724125862122,0.7842482328414917,1.0,0,ROW_FOLLOW,TRACKING,1.0,132.0,97.0,-0.19208890199661255,0.009510710835456848,0.0,0.2903457581996918,0.0,-0.2713243365287781,0.0,0.5952381491661072,0.6595237255096436,0.9264302849769592,0.9232403039932251,1.0,0.380952388048172,0.7842482328414917,0.30000001192092896,0.20000000298023224,0.20000000298023224,0.15000000596046448,0.15000000596046448,1.0,1.0,1.0,1.0
complex_fixed_v018_r1,closed_loop,complex,full,1,0.18,False,26.069450537,1785051003.3011336,2.202443399363091,0.013317330761702184,0.18813801196485747,0.16437886061133458,0.04381705385119773,2.4211876422900374,0.18,-0.22543913895032716,21.0,2.202542500221582,0.026096494394829473,3.2025308082762725,0.022580365246511424,4.202519125914776,0.019064227041616127,0.5558582544326782,0.14274723827838898,0.09274724125862122,0.7842482328414917,1.0,0,ROW_FOLLOW,TRACKING,1.0,132.0,97.0,-0.19208890199661255,0.009510710835456848,0.0,0.2903457581996918,0.0,-0.2713243365287781,0.0,0.5952381491661072,0.6595237255096436,0.9264302849769592,0.9232403039932251,1.0,0.380952388048172,0.7842482328414917,0.30000001192092896,0.20000000298023224,0.20000000298023224,0.15000000596046448,0.15000000596046448,1.0,1.0,1.0,1.0
complex_fixed_v018_r1,closed_loop,complex,full,1,0.18,False,26.119515484,1785051003.3511984,2.260581770247608,0.02861447927325859,0.18995069438940201,0.1969859188354224,0.030747318831480096,2.4813274919169026,0.18,-0.3335533941086142,20.0,2.2025351536456492,0.02325456398358734,3.2024987547200037,0.015287749861950348,4.135796928030165,0.00771003773575133,0.5589802861213684,0.15391786396503448,0.10391786694526672,0.7862299680709839,1.0,0,ROW_FOLLOW,TRACKING,1.0,119.0,113.0,-0.2012573778629303,0.007151484489440918,0.0,0.28817397356033325,0.0,-0.2738710045814514,0.0,0.6111111640930176,0.6333332657814026,0.9316338300704956,0.9326877593994141,1.0,0.3333333432674408,0.7862299680709839,0.30000001192092896,0.20000000298023224,0.20000000298023224,0.15000000596046448,0.15000000596046448,1.0,1.0,1.0,1.0
complex_fixed_v018_r1,closed_loop,complex,full,1,0.18,False,26.169382152,1785051003.401065,2.262539996147011,0.028996368542405206,0.1909521655031056,0.19773169518047293,0.03462427324365324,2.4833226200801732,0.18,-0.33733205178172343,20.0,2.2025351536456492,0.02325456398358734,3.2024987547200037,0.015287749861950348,4.135796928030165,0.00771003773575133,0.5589802861213684,0.15391786396503448,0.10391786694526672,0.7862299680709839,1.0,0,ROW_FOLLOW,TRACKING,1.0,119.0,113.0,-0.2012573778629303,0.007151484489440918,0.0,0.28817397356033325,0.0,-0.2738710045814514,0.0,0.6111111640930176,0.6333332657814026,0.9316338300704956,0.9326877593994141,1.0,0.3333333432674408,0.7862299680709839,0.30000001192092896,0.20000000298023224,0.20000000298023224,0.15000000596046448,0.15000000596046448,1.0,1.0,1.0,1.0
complex_fixed_v018_r1,closed_loop,complex,full,1,0.18,False,26.219593567,1785051003.4512765,2.2669945231375648,0.029874200329097392,0.19178488946016123,0.19885121544339465,0.011524363591051605,2.4878628266920586,0.18,-0.3245918167536992,20.0,2.2228001350162363,0.025838649342605463,3.2277201254260945,0.013852931795724915,4.189308941103625,0.002257685271089991,0.561124861240387,0.15704672038555145,0.10704672336578369,0.7969030141830444,1.0,0,ROW_FOLLOW,TRACKING,1.0,119.0,113.0,-0.20829172432422638,0.005125179886817932,0.0,0.28662148118019104,0.0,-0.2763711214065552,0.0,0.6269841194152832,0.6595237255096436,0.935208261013031,0.9324088096618652,1.0,0.380952388048172,0.7969030141830444,0.30000001192092896,0.20000000298023224,0.20000000298023224,0.15000000596046448,0.15000000596046448,1.0,1.0,1.0,1.0
complex_fixed_v018_r1,closed_loop,complex,full,1,0.18,False,26.269668369,1785051003.5013514,2.269724178992676,0.030418243143115233,0.19212034666453137,0.19959641915935003,0.017141477494201068,2.4906462063984356,0.18,-0.328069049661215,20.0,2.2228001350162363,0.025838649342605463,3.2277201254260945,0.013852931795724915,4.189308941103625,0.002257685271089991,0.561124861240387,0.15704672038555145,0.10704672336578369,0.7969030141830444,1.0,0,ROW_FOLLOW,TRACKING,1.0,119.0,113.0,-0.20829172432422638,0.005125179886817932,0.0,0.28662148118019104,0.0,-0.2763711214065552,0.0,0.6269841194152832,0.6595237255096436,0.935208261013031,0.9324088096618652,1.0,0.380952388048172,0.7969030141830444,0.30000001192092896,0.20000000298023224,0.20000000298023224,0.15000000596046448,0.15000000596046448,1.0,1.0,1.0,1.0
complex_fixed_v018_r1,closed_loop,complex,full,1,0.18,False,26.319446716,1785051003.5511298,2.273126611937567,0.031090272558759516,0.1917716933488504,0.20071608896731052,-0.004457929313610932,2.494114406601803,0.18,-0.31762694300354044,20.0,2.2455985733974853,0.029434067910208028,3.2554853353925215,0.014426508924925266,4.24537468604973,-0.00025795376111284923,0.5590478777885437,0.15933330357074738,0.10933330655097961,0.7924717664718628,1.0,0,ROW_FOLLOW,TRACKING,1.0,137.0,107.0,-0.20762504637241364,0.002904534339904785,0.0,0.28429293632507324,0.0,-0.27848386764526367,0.0,0.60317462682724,0.6857142448425293,0.9317466020584106,0.9201807379722595,1.0,0.4285714328289032,0.7924717664718628,0.30000001192092896,0.20000000298023224,0.20000000298023224,0.15000000596046448,0.15000000596046448,1.0,1.0,1.0,1.0
complex_fixed_v018_r1,closed_loop,complex,full,1,0.18,False,26.369405803,1785051003.6010888,2.2753644846212957,0.03154142648527838,0.19196714994822314,0.20146235405313143,0.0020386896675654038,2.4963974054391325,0.18,-0.32016970541729084,20.0,2.2455985733974853,0.029434067910208028,3.2554853353925215,0.014426508924925266,4.24537468604973,-0.00025795376111284923,0.5590478777885437,0.15933330357074738,0.10933330655097961,0.7924717664718628,1.0,0,ROW_FOLLOW,TRACKING,1.0,137.0,107.0,-0.20762504637241364,0.002904534339904785,0.0,0.28429293632507324,0.0,-0.27848386764526367,0.0,0.60317462682724,0.6857142448425293,0.9317466020584106,0.9201807379722595,1.0,0.4285714328289032,0.7924717664718628,0.30000001192092896,0.20000000298023224,0.20000000298023224,0.15000000596046448,0.15000000596046448,1.0,1.0,1.0,1.0
complex_fixed_v018_r1,closed_loop,complex,full,1,0.18,False,26.418977487,1785051003.6506605,2.323565780577022,0.04006254050285401,0.19178334648997988,0.19764719038702172,-0.00025604157085842865,2.5453464233906002,0.18,-0.357633606163462,21.0,2.270260004647303,0.033264988254867144,3.280138592656113,0.01763686315911585,4.276311720427061,0.003804224692133394,0.5598267316818237,0.15949685871601105,0.10949686169624329,0.785427451133728,1.0,0,ROW_FOLLOW,TRACKING,1.0,135.0,102.0,-0.20609569549560547,0.00021436810493469238,0.0,0.28154170513153076,0.0,-0.2811129689216614,0.0,0.579365074634552,0.6857142448425293,0.9330445528030396,0.9191080927848816,1.0,0.4285714328289032,0.785427451133728,0.30000001192092896,0.20000000298023224,0.20000000298023224,0.15000000596046448,0.15000000596046448,1.0,1.0,1.0,1.0
complex_fixed_v018_r1,closed_loop,complex,full,1,0.18,False,26.469556944,1785051003.70124,2.331289461795439,0.0415552565954933,0.19128906140341467,0.19824902333716884,-0.02045509631140499,2.553213128268264,0.18,-0.3631776491836144,21.0,2.270260004647303,0.033264988254867144,3.280138592656113,0.01763686315911585,4.276311720427061,0.003804224692133394,0.5598267316818237,0.15949685871601105,0.10949686169624329,0.785427451133728,1.0,0,ROW_FOLLOW,TRACKING,1.0,135.0,102.0,-0.20609569549560547,0.00021436810493469238,0.0,0.28154170513153076,0.0,-0.2811129689216614,0.0,0.579365074634552,0.6857142448425293,0.9330445528030396,0.9191080927848816,1.0,0.4285714328289032,0.785427451133728,0.30000001192092896,0.20000000298023224,0.20000000298023224,0.15000000596046448,0.15000000596046448,1.0,1.0,1.0,1.0
complex_fixed_v018_r1,closed_loop,complex,full,1,0.18,False,26.51944435,1785051003.7511272,2.33710693660086,0.041815582144809314,0.19037794968398591,0.19605577367921134,-0.003870337212936545,2.5656120047826354,0.18,-0.3461013623825364,20.0,2.2930754770420756,0.03437196277778135,3.297973257642788,0.020064134761329074,4.259542272310083,0.006380995628516007,0.5595694780349731,0.14143942296504974,0.09143942594528198,0.7945253849029541,1.0,0,ROW_FOLLOW,TRACKING,1.0,132.0,86.0,-0.20438551902770996,-0.004079848527908325,0.0,0.2779524624347687,0.0,-0.2861121594905853,0.0,0.6428571343421936,0.6333332657814026,0.9326155781745911,0.9231893420219421,1.0,0.3333333432674408,0.7945253849029541,0.30000001192092896,0.20000000298023224,0.20000000298023224,0.15000000596046448,0.15000000596046448,1.0,1.0,1.0,1.0
complex_fixed_v018_r1,closed_loop,complex,full,1,0.18,False,26.569349387,1785051003.8010325,2.345712146318958,0.0434677471911311,0.18968997477820437,0.19587881934161785,0.0048246228346898925,2.5743747832365345,0.18,-0.36255699255121726,20.0,2.2930754770420756,0.03437196277778135,3.297973257642788,0.020064134761329074,4.259542272310083,0.006380995628516007,0.5595694780349731,0.14143942296504974,0.09143942594528198,0.7945253849029541,1.0,0,ROW_FOLLOW,TRACKING,1.0,132.0,86.0,-0.20438551902770996,-0.004079848527908325,0.0,0.2779524624347687,0.0,-0.2861121594905853,0.0,0.6428571343421936,0.6333332657814026,0.9326155781745911,0.9231893420219421,1.0,0.3333333432674408,0.7945253849029541,0.30000001192092896,0.20000000298023224,0.20000000298023224,0.15000000596046448,0.15000000596046448,1.0,1.0,1.0,1.0
complex_fixed_v018_r1,closed_loop,complex,full,1,0.18,False,26.619029139,1785051003.850712,2.3553330790272002,0.04529111790986941,0.1888066164418282,0.1942220924319263,-0.00803281019456681,2.584179094147308,0.18,-0.3586823649810692,20.0,2.318075751421849,0.03435885784796176,3.318005253930527,0.022856353033581536,4.284604779501573,0.011823472706333793,0.559706449508667,0.15877605974674225,0.10877606272697449,0.771273136138916,1.0,0,ROW_FOLLOW,TRACKING,1.0,133.0,73.0,-0.19701234996318817,-0.010012313723564148,0.0,0.2722715735435486,0.0,-0.2922962009906769,0.0,0.5634921193122864,0.6333332657814026,0.9328441619873047,0.9266003370285034,1.0,0.3333333432674408,0.771273136138916,0.30000001192092896,0.20000000298023224,0.20000000298023224,0.15000000596046448,0.15000000596046448,1.0,1.0,1.0,1.0
complex_fixed_v018_r1,closed_loop,complex,full,1,0.18,False,26.669386125,1785051003.9010692,2.360724306789479,0.046284560718203006,0.18748688304749672,0.19079443051893177,-0.017726507946131127,2.5896927295298515,0.18,-0.36271659110524673,20.0,2.318075751421849,0.03435885784796176,3.318005253930527,0.022856353033581536,4.284604779501573,0.011823472706333793,0.559706449508667,0.15877605974674225,0.10877606272697449,0.771273136138916,1.0,0,ROW_FOLLOW,TRACKING,1.0,133.0,73.0,-0.19701234996318817,-0.010012313723564148,0.0,0.2722715735435486,0.0,-0.2922962009906769,0.0,0.5634921193122864,0.6333332657814026,0.9328441619873047,0.9266003370285034,1.0,0.3333333432674408,0.771273136138916,0.30000001192092896,0.20000000298023224,0.20000000298023224,0.15000000596046448,0.15000000596046448,1.0,1.0,1.0,1.0
complex_fixed_v018_r1,closed_loop,complex,full,1,0.18,False,26.719050996,1785051003.9507341,2.3874924914694944,0.04760937399625464,0.18560939379218272,0.2027653033320968,-0.034609272847946126,2.6165089249002884,0.18,-0.36536638956060374,20.0,2.346130684326265,0.03360415630886559,3.346091794338227,0.025800749158502848,4.346052905711954,0.017997331975644525,0.5531067848205566,0.15810371935367584,0.10810372233390808,0.7864335775375366,1.0,0,ROW_FOLLOW,TRACKING,1.0,128.0,65.0,-0.19047869741916656,-0.016566306352615356,0.0,0.2651488482952118,0.0,-0.2982814610004425,0.0,0.6587302088737488,0.5809522867202759,0.921844482421875,0.9217013120651245,1.0,0.2380952388048172,0.7864335775375366,0.30000001192092896,0.20000000298023224,0.20000000298023224,0.15000000596046448,0.15000000596046448,1.0,1.0,1.0,1.0
complex_fixed_v018_r1,closed_loop,complex,full,1,0.18,False,26.769362094,1785051004.001045,2.396522212134779,0.04926149879720456,0.18413559638198773,0.1982159037842506,-0.026981843130087207,2.6257153660036576,0.18,-0.3718769046989492,20.0,2.346130684326265,0.03360415630886559,3.346091794338227,0.025800749158502848,4.346052905711954,0.017997331975644525,0.5531067848205566,0.15810371935367584,0.10810372233390808,0.7864335775375366,1.0,0,ROW_FOLLOW,TRACKING,1.0,128.0,65.0,-0.19047869741916656,-0.016566306352615356,0.0,0.2651488482952118,0.0,-0.2982814610004425,0.0,0.6587302088737488,0.5809522867202759,0.921844482421875,0.9217013120651245,1.0,0.2380952388048172,0.7864335775375366,0.30000001192092896,0.20000000298023224,0.20000000298023224,0.15000000596046448,0.15000000596046448,1.0,1.0,1.0,1.0
complex_fixed_v018_r1,closed_loop,complex,full,1,0.18,False,26.819841548,1785051004.0515246,2.405360055922789,0.050821378023458166,0.18230627009821992,0.1937342324004405,-0.03302685518063525,2.63473327485819,0.18,-0.3930721466327574,19.0,2.3677026560814585,0.02966118494609472,3.2676933474592396,0.02643954836250237,4.30101637713915,0.022845784466506716,0.5531031489372253,0.15689294040203094,0.10689294338226318,0.7825174331665039,1.0,0,ROW_FOLLOW,TRACKING,1.0,133.0,71.0,-0.18387949466705322,-0.023493513464927673,0.0,0.25794631242752075,0.0,-0.3049333393573761,0.0,0.6269841194152832,0.6071427464485168,0.9218384623527527,0.9241733551025391,1.0,0.2857142984867096,0.7825174331665039,0.30000001192092896,0.20000000298023224,0.20000000298023224,0.15000000596046448,0.15000000596046448,1.0,1.0,1.0,1.0
complex_fixed_v018_r1,closed_loop,complex,full,1,0.18,False,26.870270217,1785051004.1019533,2.405347299607137,0.050738612872943636,0.18050420224923558,0.18932921933182953,-0.040782413016538586,2.6348229308319953,0.18,-0.3899809284679788,19.0,2.3677026560814585,0.02966118494609472,3.2676933474592396,0.02643954836250237,4.30101637713915,0.022845784466506716,0.5531031489372253,0.15689294040203094,0.10689294338226318,0.7825174331665039,1.0,0,ROW_FOLLOW,TRACKING,1.0,133.0,71.0,-0.18387949466705322,-0.023493513464927673,0.0,0.25794631242752075,0.0,-0.3049333393573761,0.0,0.6269841194152832,0.6071427464485168,0.9218384623527527,0.9241733551025391,1.0,0.2857142984867096,0.7825174331665039,0.30000001192092896,0.20000000298023224,0.20000000298023224,0.15000000596046448,0.15000000596046448,1.0,1.0,1.0,1.0
complex_fixed_v018_r1,closed_loop,complex,full,1,0.18,False,26.919705514,1785051004.1513884,2.429517558002171,0.05315517528790928,0.17678018073812846,0.2061908999335816,-0.05688980765605752,2.6591667258935083,0.18,-0.4199903357222747,21.0,2.3875281990333437,0.025083400839545977,3.3875265207671568,0.02439322359484687,4.4053938065398714,0.02246797533471554,0.5542570948600769,0.15582235157489777,0.10582235455513,0.7783526182174683,1.0,0,ROW_FOLLOW,TRACKING,1.0,132.0,50.0,-0.17781215906143188,-0.03092654049396515,0.0,0.24976739287376404,0.0,-0.31162047386169434,0.0,0.6111111044883728,0.6071427464485168,0.9237616658210754,0.9255889654159546,1.0,0.2857142984867096,0.7783526182174683,0.30000001192092896,0.20000000298023224,0.20000000298023224,0.15000000596046448,0.15000000596046448,1.0,1.0,1.0,1.0
complex_fixed_v018_r1,closed_loop,complex,full,1,0.18,False,26.969494805,1785051004.2011778,2.4381883038356755,0.0546249489640728,0.17435998615472492,0.1988113107510789,-0.05638771732351413,2.6680035114242546,0.18,-0.405873117778221,21.0,2.3875281990333437,0.025083400839545977,3.3875265207671568,0.02439322359484687,4.4053938065398714,0.02246797533471554,0.5542570948600769,0.15582235157489777,0.10582235455513,0.7783526182174683,1.0,0,ROW_FOLLOW,TRACKING,1.0,132.0,50.0,-0.17781215906143188,-0.03092654049396515,0.0,0.24976739287376404,0.0,-0.31162047386169434,0.0,0.6111111044883728,0.6071427464485168,0.9237616658210754,0.9255889654159546,1.0,0.2857142984867096,0.7783526182174683,0.30000001192092896,0.20000000298023224,0.20000000298023224,0.15000000596046448,0.15000000596046448,1.0,1.0,1.0,1.0
complex_fixed_v018_r1,closed_loop,complex,full,1,0.18,False,27.019260095,1785051004.2509432,2.446988058858731,0.05599134769096645,0.16990212018863504,0.19174491607217234,-0.06713916028117536,2.6770147195283704,0.18,-0.4441824420476801,20.0,2.4132913109486367,0.02207368833893671,3.4182834750281175,0.02010683207294749,4.371656603361223,0.014790267170709689,0.5540726780891418,0.14347554743289948,0.09347555041313171,0.7964104413986206,1.0,0,ROW_FOLLOW,TRACKING,1.0,125.0,60.0,-0.17984098196029663,-0.03391507267951965,0.0,0.24655872583389282,0.0,-0.31438887119293213,0.0,0.6825396418571472,0.5809522867202759,0.9234544038772583,0.9384479522705078,1.0,0.2380952388048172,0.7964104413986206,0.30000001192092896,0.20000000298023224,0.20000000298023224,0.15000000596046448,0.15000000596046448,1.0,1.0,1.0,1.0
complex_fixed_v018_r1,closed_loop,complex,full,1,0.18,False,27.069477591,1785051004.3011608,2.4554287091261564,0.059406163099085633,0.16695671960828876,0.18954869321355738,-0.09204818858843233,2.686223994660806,0.18,-0.4598115682394035,20.0,2.4132913109486367,0.02207368833893671,3.4182834750281175,0.02010683207294749,4.371656603361223,0.014790267170709689,0.5540726780891418,0.14347554743289948,0.09347555041313171,0.7964104413986206,1.0,0,ROW_FOLLOW,TRACKING,1.0,125.0,60.0,-0.17984098196029663,-0.03391507267951965,0.0,0.24655872583389282,0.0,-0.31438887119293213,0.0,0.6825396418571472,0.5809522867202759,0.9234544038772583,0.9384479522705078,1.0,0.2380952388048172,0.7964104413986206,0.30000001192092896,0.20000000298023224,0.20000000298023224,0.15000000596046448,0.15000000596046448,1.0,1.0,1.0,1.0
complex_fixed_v018_r1,closed_loop,complex,full,1,0.18,False,27.119109981,1785051004.350793,2.4639977327356344,0.0606827465010645,0.15909175843745205,0.18672438134103175,-0.14331806697942845,2.694998665644326,0.18,-0.45669706947182553,20.0,2.4328511495258685,0.021456391549641286,3.4428359491022302,0.017394460099473083,4.3994879016453945,0.013420994695889601,0.5478310585021973,0.13599751889705658,0.08599752187728882,0.7917243242263794,1.0,1,ROW_FOLLOW,TRACKING,1.0,107.0,58.0,-0.1735675036907196,-0.035503044724464417,0.0,0.24454572796821594,0.0,-0.3155518174171448,0.0,0.6666666269302368,0.6071427464485168,0.9130517840385437,0.9179023504257202,1.0,0.2857142984867096,0.7917243242263794,0.30000001192092896,0.20000000298023224,0.20000000298023224,0.15000000596046448,0.15000000596046448,1.0,1.0,1.0,1.0
complex_fixed_v018_r1,closed_loop,complex,full,1,0.18,False,27.169338644,1785051004.4010217,2.472844105416485,0.06185403740062039,0.15313991524340048,0.1834756957881469,-0.13187834847528024,2.7040737966516306,0.18,-0.4590228074734675,20.0,2.4328511495258685,0.021456391549641286,3.4428359491022302,0.017394460099473083,4.3994879016453945,0.013420994695889601,0.5478310585021973,0.13599751889705658,0.08599752187728882,0.7917243242263794,1.0,1,ROW_FOLLOW,TRACKING,1.0,107.0,58.0,-0.1735675036907196,-0.035503044724464417,0.0,0.24454572796821594,0.0,-0.3155518174171448,0.0,0.6666666269302368,0.6071427464485168,0.9130517840385437,0.9179023504257202,1.0,0.2857142984867096,0.7917243242263794,0.30000001192092896,0.20000000298023224,0.20000000298023224,0.15000000596046448,0.15000000596046448,1.0,1.0,1.0,1.0
complex_fixed_v018_r1,closed_loop,complex,full,1,0.18,False,27.218960539,1785051004.4506435,2.4744777212709415,0.06170606813404454,0.14209420306041837,0.18051491337229333,-0.22314823001919176,2.7059696756911986,0.18,-0.4310807822653998,21.0,2.455203615142291,0.022695189074601396,3.465170253412033,0.014676851107716245,4.47234222962305,0.002445945033245453,0.5503811836242676,0.13551272451877594,0.08551272749900818,0.7668040990829468,1.0,1,ROW_FOLLOW,TRACKING,1.0,114.0,68.0,-0.1605980396270752,-0.038285598158836365,0.0,0.24128565192222595,0.0,-0.3178568482398987,0.0,0.5714285969734192,0.6071427464485168,0.9173018932342529,0.9365771412849426,1.0,0.2857142984867096,0.7668040990829468,0.30000001192092896,0.20000000298023224,0.20000000298023224,0.15000000596046448,0.15000000596046448,1.0,1.0,1.0,1.0
complex_fixed_v018_r1,closed_loop,complex,full,1,0.18,False,27.269182738,1785051004.5008657,2.483422379002309,0.07007575085127143,0.13307300638894884,0.17291559190072348,-0.24944636669827133,2.7190080958803846,0.18,-0.4667949113741164,21.0,2.455203615142291,0.022695189074601396,3.465170253412033,0.014676851107716245,4.47234222962305,0.002445945033245453,0.5503811836242676,0.13551272451877594,0.08551272749900818,0.7668040990829468,1.0,1,ROW_FOLLOW,TRACKING,1.0,114.0,68.0,-0.1605980396270752,-0.038285598158836365,0.0,0.24128565192222595,0.0,-0.3178568482398987,0.0,0.5714285969734192,0.6071427464485168,0.9173018932342529,0.9365771412849426,1.0,0.2857142984867096,0.7668040990829468,0.30000001192092896,0.20000000298023224,0.20000000298023224,0.15000000596046448,0.15000000596046448,1.0,1.0,1.0,1.0
complex_fixed_v018_r1,closed_loop,complex,full,1,0.18,False,27.319675537,1785051004.5513585,2.4919916425197886,0.07085405555985994,0.1169081005930339,0.1729618378746385,-0.2930011187950619,2.727842639590357,0.18,-0.4313479925758897,21.0,2.473085930581037,0.024708555232460534,3.4780492758190626,0.016266320272455493,4.481943969619274,0.006494080935270069,0.5501894950866699,0.14743255078792572,0.09743255376815796,0.7566115856170654,1.0,1,ROW_FOLLOW,TRACKING,1.0,100.0,70.0,-0.13586317002773285,-0.04431259632110596,0.0,0.23469579219818115,0.0,-0.32332098484039307,0.0,0.5079365372657776,0.6595237255096436,0.9169824719429016,0.9261952638626099,1.0,0.380952388048172,0.7566115856170654,0.30000001192092896,0.20000000298023224,0.20000000298023224,0.15000000596046448,0.15000000596046448,1.0,1.0,1.0,1.0
complex_fixed_v018_r1,closed_loop,complex,full,1,0.18,False,27.369292119,1785051004.600975,2.499445938631394,0.06487849903947593,0.10506632300155161,0.16828179756050146,-0.2937921092753543,2.7439371264677623,0.18,-0.38668298480860896,21.0,2.473085930581037,0.024708555232460534,3.4780492758190626,0.016266320272455493,4.481943969619274,0.006494080935270069,0.5501894950866699,0.14743255078792572,0.09743255376815796,0.7566115856170654,1.0,1,ROW_FOLLOW,TRACKING,1.0,100.0,70.0,-0.13586317002773285,-0.04431259632110596,0.0,0.23469579219818115,0.0,-0.32332098484039307,0.0,0.5079365372657776,0.6595237255096436,0.9169824719429016,0.9261952638626099,1.0,0.380952388048172,0.7566115856170654,0.30000001192092896,0.20000000298023224,0.20000000298023224,0.15000000596046448,0.15000000596046448,1.0,1.0,1.0,1.0
complex_fixed_v018_r1,closed_loop,complex,full,1,0.18,False,27.419002816,1785051004.650686,2.508438754475206,0.06538012244416094,0.08761992419834508,0.1708672821525827,-0.3217781104478133,2.753203799628373,0.18,-0.37255105204286526,20.0,2.487860617007153,0.02155054877804106,3.4878310076814016,0.015821529298584405,4.421137708600321,0.010713067039879584,0.5543488264083862,0.15422974526882172,0.10422974824905396,0.759087085723877,1.0,0,ROW_FOLLOW,TRACKING,1.0,105.0,89.0,-0.10363657027482986,-0.05044867843389511,0.0,0.22844059765338898,0.0,-0.3293379545211792,0.0,0.5079365372657776,0.6595237255096436,0.9239147901535034,0.933455765247345,1.0,0.380952388048172,0.759087085723877,0.30000001192092896,0.20000000298023224,0.20000000298023224,0.15000000596046448,0.15000000596046448,1.0,1.0,1.0,1.0
complex_fixed_v018_r1,closed_loop,complex,full,1,0.18,False,27.469215607,1785051004.7008986,2.5178096067807423,0.06558309632867158,0.07474744880034877,0.17314071805756215,-0.3118690515826335,2.7629206606524983,0.18,-0.3603643863319147,20.0,2.487860617007153,0.02155054877804106,3.4878310076814016,0.015821529298584405,4.421137708600321,0.010713067039879584,0.5543488264083862,0.15422974526882172,0.10422974824905396,0.759087085723877,1.0,0,ROW_FOLLOW,TRACKING,1.0,105.0,89.0,-0.10363657027482986,-0.05044867843389511,0.0,0.22844059765338898,0.0,-0.3293379545211792,0.0,0.5079365372657776,0.6595237255096436,0.9239147901535034,0.933455765247345,1.0,0.380952388048172,0.759087085723877,0.30000001192092896,0.20000000298023224,0.20000000298023224,0.15000000596046448,0.15000000596046448,1.0,1.0,1.0,1.0
complex_fixed_v018_r1,closed_loop,complex,full,1,0.18,False,27.518996161,1785051004.7506793,2.5189910756126763,0.06495359573107184,0.05727381584787363,0.17557070827189655,-0.27931626615255406,2.7645797379370975,0.18,-0.34188025600954985,20.0,2.5029383960453906,0.016967048545002573,3.502926293711432,0.013950196034565055,4.469581964828365,0.011203122615517008,0.5566747188568115,0.15175975859165192,0.10175976157188416,0.7601442337036133,1.0,0,ROW_FOLLOW,TRACKING,1.0,116.0,92.0,-0.07117516547441483,-0.055678077042102814,0.0,0.22340868413448334,0.0,-0.33476483821868896,0.0,0.5079365372657776,0.6595237255096436,0.9276601076126099,0.935509979724884,1.0,0.380952388048172,0.7601442337036133,0.30000001192092896,0.20000000298023224,0.20000000298023224,0.15000000596046448,0.15000000596046448,1.0,1.0,1.0,1.0
complex_fixed_v018_r1,closed_loop,complex,full,1,0.18,False,27.569460031,1785051004.801143,2.5187327702932603,0.0643786675647299,0.044740071757865416,0.17550402453798436,-0.3137202810097359,2.7652343608372734,0.18,-0.32002140668003776,20.0,2.5029383960453906,0.016967048545002573,3.502926293711432,0.013950196034565055,4.469581964828365,0.011203122615517008,0.5566747188568115,0.15175975859165192,0.10175976157188416,0.7601442337036133,1.0,0,ROW_FOLLOW,TRACKING,1.0,116.0,92.0,-0.07117516547441483,-0.055678077042102814,0.0,0.22340868413448334,0.0,-0.33476483821868896,0.0,0.5079365372657776,0.6595237255096436,0.9276601076126099,0.935509979724884,1.0,0.380952388048172,0.7601442337036133,0.30000001192092896,0.20000000298023224,0.20000000298023224,0.15000000596046448,0.15000000596046448,1.0,1.0,1.0,1.0
complex_fixed_v018_r1,closed_loop,complex,full,1,0.18,False,27.61930126,1785051004.850984,2.5403595565047836,0.058854408237252326,0.026703786293782016,0.17123312853550793,-0.2852687301484753,2.788244976319059,0.18,-0.30963020838297733,21.0,2.5119591048941086,0.009282371959411435,3.5119577528285624,0.008622632981776764,4.518672297649624,0.0016308716792579614,0.554053008556366,0.15422536432743073,0.10422536730766296,0.7588070631027222,1.0,0,ROW_FOLLOW,TRACKING,1.0,99.0,86.0,-0.039560891687870026,-0.06052790582180023,0.0,0.21905913949012756,0.0,-0.340114951133728,0.0,0.5317460298538208,0.6071427464485168,0.9234215021133423,0.9544690251350403,1.0,0.2857142984867096,0.7588070631027222,0.30000001192092896,0.20000000298023224,0.20000000298023224,0.15000000596046448,0.15000000596046448,1.0,1.0,1.0,1.0
complex_fixed_v018_r1,closed_loop,complex,full,1,0.18,False,27.66933603,1785051004.901019,2.5495465495204996,0.058765896253546904,0.01563292108485825,0.17264488143131243,-0.2674926368474763,2.797630744180448,0.18,-0.3000174929944346,21.0,2.5119591048941086,0.009282371959411435,3.5119577528285624,0.008622632981776764,4.518672297649624,0.0016308716792579614,0.554053008556366,0.15422536432743073,0.10422536730766296,0.7588070631027222,1.0,0,ROW_FOLLOW,TRACKING,1.0,99.0,86.0,-0.039560891687870026,-0.06052790582180023,0.0,0.21905913949012756,0.0,-0.340114951133728,0.0,0.5317460298538208,0.6071427464485168,0.9234215021133423,0.9544690251350403,1.0,0.2857142984867096,0.7588070631027222,0.30000001192092896,0.20000000298023224,0.20000000298023224,0.15000000596046448,0.15000000596046448,1.0,1.0,1.0,1.0
complex_fixed_v018_r1,closed_loop,complex,full,1,0.18,False,27.719003877,1785051004.950687,2.5581158301046436,0.05821138189607633,-0.0009095927414564115,0.1736683332972282,-0.2620190210973302,2.8065970723786795,0.18,-0.30516391794263265,20.0,2.528769163225718,0.003088545353619789,3.528761357136394,0.0040803254299203754,4.4954202508709225,0.005106176461331587,0.5526442527770996,0.14909707009792328,0.09909707307815552,0.781600832939148,1.0,0,ROW_FOLLOW,TRACKING,1.0,109.0,93.0,-0.00924856960773468,-0.0629187822341919,0.0,0.21639412641525269,0.0,-0.3422316908836365,0.0,0.5952380895614624,0.6333332657814026,0.9210737347602844,0.9476531147956848,1.0,0.3333333432674408,0.781600832939148,0.30000001192092896,0.20000000298023224,0.20000000298023224,0.15000000596046448,0.15000000596046448,1.0,1.0,1.0,1.0
complex_fixed_v018_r1,closed_loop,complex,full,1,0.18,False,27.769368769,1785051005.001052,2.5593452260736456,0.05771342206307465,-0.011143445855187116,0.17457331217683375,-0.27243135394083556,2.8081383623360563,0.18,-0.27957134262183514,20.0,2.528769163225718,0.003088545353619789,3.528761357136394,0.0040803254299203754,4.4954202508709225,0.005106176461331587,0.5526442527770996,0.14909707009792328,0.09909707307815552,0.781600832939148,1.0,0,ROW_FOLLOW,TRACKING,1.0,109.0,93.0,-0.00924856960773468,-0.0629187822341919,0.0,0.21639412641525269,0.0,-0.3422316908836365,0.0,0.5952380895614624,0.6333332657814026,0.9210737347602844,0.9476531147956848,1.0,0.3333333432674408,0.781600832939148,0.30000001192092896,0.20000000298023224,0.20000000298023224,0.15000000596046448,0.15000000596046448,1.0,1.0,1.0,1.0
complex_fixed_v018_r1,closed_loop,complex,full,1,0.18,False,27.81949663,1785051005.05118,2.5589344920111845,0.05709638188769288,-0.02757675969925666,0.17446293092844523,-0.2797951876427461,2.809016333926649,0.18,-0.2753833566251841,21.0,2.5426940052923346,-0.002480373121428519,3.5426865434207464,-6.95367995167774e-05,4.5390647945099385,-0.0007965569556501288,0.5528801679611206,0.13955692946910858,0.08955693244934082,0.771967887878418,1.0,0,ROW_FOLLOW,TRACKING,1.0,117.0,88.0,0.018431678414344788,-0.06452693790197372,0.0,0.21462295949459076,0.0,-0.3436768352985382,0.0,0.5476190447807312,0.6595237255096436,0.9214668273925781,0.9432270526885986,1.0,0.380952388048172,0.771967887878418,0.30000001192092896,0.20000000298023224,0.20000000298023224,0.15000000596046448,0.15000000596046448,1.0,1.0,1.0,1.0
complex_fixed_v018_r1,closed_loop,complex,full,1,0.18,False,27.869259808,1785051005.1009429,2.590748403313455,0.05910948897312747,-0.03996221560638391,0.18865699488683585,-0.3303624925913107,2.841663688058756,0.18,-0.2901010546737089,21.0,2.5426940052923346,-0.002480373121428519,3.5426865434207464,-6.95367995167774e-05,4.5390647945099385,-0.0007965569556501288,0.5528801679611206,0.13955692946910858,0.08955693244934082,0.771967887878418,1.0,0,ROW_FOLLOW,TRACKING,1.0,117.0,88.0,0.018431678414344788,-0.06452693790197372,0.0,0.21462295949459076,0.0,-0.3436768352985382,0.0,0.5476190447807312,0.6595237255096436,0.9214668273925781,0.9432270526885986,1.0,0.380952388048172,0.771967887878418,0.30000001192092896,0.20000000298023224,0.20000000298023224,0.15000000596046448,0.15000000596046448,1.0,1.0,1.0,1.0
complex_fixed_v018_r1,closed_loop,complex,full,1,0.18,False,27.920156075,1785051005.151839,2.5992741259954117,0.058333007468406695,-0.05766031189509139,0.18614581106969305,-0.3123091546855652,2.850472608097083,0.18,-0.26021875533139094,21.0,2.5667451905751713,-0.005925129079510948,3.5667376554402175,-0.0027630020024252584,4.5751413660546545,-0.0037098182685098846,0.5549516081809998,0.14895518124103546,0.0989551842212677,0.7917029857635498,1.0,0,ROW_FOLLOW,TRACKING,1.0,131.0,95.0,0.04792835935950279,-0.0657079741358757,0.0,0.21384193003177643,0.0,-0.34525787830352783,0.0,0.579365074634552,0.7119047045707703,0.9249193072319031,0.9368577003479004,1.0,0.4761904776096344,0.7917029857635498,0.30000001192092896,0.20000000298023224,0.20000000298023224,0.15000000596046448,0.15000000596046448,1.0,1.0,1.0,1.0
complex_fixed_v018_r1,closed_loop,complex,full,1,0.18,False,27.969426312,1785051005.2011092,2.608097622281529,0.05720391661817822,-0.07121843412629184,0.18348376706011404,-0.32497483913217073,2.8597164682929996,0.18,-0.243788658497364,21.0,2.5667451905751713,-0.005925129079510948,3.5667376554402175,-0.0027630020024252584,4.5751413660546545,-0.0037098182685098846,0.5549516081809998,0.14895518124103546,0.0989551842212677,0.7917029857635498,1.0,0,ROW_FOLLOW,TRACKING,1.0,131.0,95.0,0.04792835935950279,-0.0657079741358757,0.0,0.21384193003177643,0.0,-0.34525787830352783,0.0,0.579365074634552,0.7119047045707703,0.9249193072319031,0.9368577003479004,1.0,0.4761904776096344,0.7917029857635498,0.30000001192092896,0.20000000298023224,0.20000000298023224,0.15000000596046448,0.15000000596046448,1.0,1.0,1.0,1.0
complex_fixed_v018_r1,closed_loop,complex,full,1,0.18,False,28.018920843,1785051005.2506037,2.611340076252064,0.05991409148979667,-0.09359992826951566,0.17754932634151374,-0.3996350306491694,2.867159994688576,0.18,-0.22963658653937521,21.0,2.5861482985088493,-0.00743622985382289,3.5861473486927173,-0.006010603906340441,4.586146387688324,-0.004584975280514808,0.558657169342041,0.15851135551929474,0.10851135849952698,0.792701244354248,1.0,0,ROW_FOLLOW,TRACKING,1.0,111.0,90.0,0.07969300448894501,-0.06569662690162659,0.0,0.21373683214187622,0.0,-0.3451300859451294,0.0,0.5714285969734192,0.7119047045707703,0.93109530210495,0.9511507749557495,1.0,0.4761904776096344,0.792701244354248,0.30000001192092896,0.20000000298023224,0.20000000298023224,0.15000000596046448,0.15000000596046448,1.0,1.0,1.0,1.0
complex_fixed_v018_r1,closed_loop,complex,full,1,0.18,False,28.069331272,1785051005.3010142,2.6186219783689246,0.05978412820808106,-0.11055080898245606,0.1810332182186732,-0.4126801913911105,2.877745052776584,0.18,-0.2000084925288269,21.0,2.5861482985088493,-0.00743622985382289,3.5861473486927173,-0.006010603906340441,4.586146387688324,-0.004584975280514808,0.558657169342041,0.15851135551929474,0.10851135849952698,0.792701244354248,1.0,0,ROW_FOLLOW,TRACKING,1.0,111.0,90.0,0.07969300448894501,-0.06569662690162659,0.0,0.21373683214187622,0.0,-0.3451300859451294,0.0,0.5714285969734192,0.7119047045707703,0.93109530210495,0.9511507749557495,1.0,0.4761904776096344,0.792701244354248,0.30000001192092896,0.20000000298023224,0.20000000298023224,0.15000000596046448,0.15000000596046448,1.0,1.0,1.0,1.0
complex_fixed_v018_r1,closed_loop,complex,full,1,0.18,False,28.119434716,1785051005.3511178,2.6270929683494395,0.05830389563993582,-0.1328304997223437,0.17975260405115137,-0.36218715606835167,2.8866554595431606,0.18,-0.14487155992161194,20.0,2.6058866872947566,-0.007061360386249047,3.6058862001662484,-0.005945255832085748,4.5392191056256515,-0.004909366538310155,0.5564749240875244,0.15047185122966766,0.1004718542098999,0.7953135967254639,1.0,0,ROW_FOLLOW,TRACKING,1.0,128.0,109.0,0.11940670758485794,-0.06555534899234772,0.0,0.21373754739761353,0.0,-0.34484824538230896,0.0,0.60317462682724,0.6857142448425293,0.9274581074714661,0.9448448419570923,1.0,0.4285714328289032,0.7953135967254639,0.30000001192092896,0.20000000298023224,0.20000000298023224,0.15000000596046448,0.15000000596046448,1.0,1.0,1.0,1.0
complex_fixed_v018_r1,closed_loop,complex,full,1,0.18,False,28.169276841,1785051005.4009597,2.634578836568445,0.05667452507363276,-0.14698213383511632,0.17847611396212726,-0.36160798798895927,2.8946583190804267,0.18,-0.12360647022967379,20.0,2.6058866872947566,-0.007061360386249047,3.6058862001662484,-0.005945255832085748,4.5392191056256515,-0.004909366538310155,0.5564749240875244,0.15047185122966766,0.1004718542098999,0.7953135967254639,1.0,0,ROW_FOLLOW,TRACKING,1.0,128.0,109.0,0.11940670758485794,-0.06555534899234772,0.0,0.21373754739761353,0.0,-0.34484824538230896,0.0,0.60317462682724,0.6857142448425293,0.9274581074714661,0.9448448419570923,1.0,0.4285714328289032,0.7953135967254639,0.30000001192092896,0.20000000298023224,0.20000000298023224,0.15000000596046448,0.15000000596046448,1.0,1.0,1.0,1.0
complex_fixed_v018_r1,closed_loop,complex,full,1,0.18,False,28.219667877,1785051005.4513507,2.6458383238028844,0.05236474697765581,-0.16273909466000092,0.18331823971798153,-0.39439275464368007,2.9074770026250283,0.18,-0.07526297490457023,19.0,2.6204922638132904,-0.0073518843903391876,3.5204916758793074,-0.006264892510802984,4.520491100319278,-0.005046065774908422,0.5544017553329468,0.15052376687526703,0.10052376985549927,0.790902853012085,1.0,0,ROW_FOLLOW,TRACKING,1.0,114.0,92.0,0.1561240255832672,-0.06401689350605011,0.0,0.21515241265296936,0.0,-0.3431861996650696,0.0,0.6111111640930176,0.6595237255096436,0.9240029454231262,0.939094066619873,1.0,0.380952388048172,0.790902853012085,0.30000001192092896,0.20000000298023224,0.20000000298023224,0.15000000596046448,0.15000000596046448,1.0,1.0,1.0,1.0
complex_fixed_v018_r1,closed_loop,complex,full,1,0.18,False,28.269396527,1785051005.5010796,2.654292886645676,0.05043336139640829,-0.1855392645642122,0.18270883588763312,-0.37012434665762645,2.9164730101420053,0.18,-0.0403785118043326,19.0,2.6204922638132904,-0.0073518843903391876,3.5204916758793074,-0.006264892510802984,4.520491100319278,-0.005046065774908422,0.5544017553329468,0.15052376687526703,0.10052376985549927,0.790902853012085,1.0,0,ROW_FOLLOW,TRACKING,1.0,114.0,92.0,0.1561240255832672,-0.06401689350605011,0.0,0.21515241265296936,0.0,-0.3431861996650696,0.0,0.6111111640930176,0.6595237255096436,0.9240029454231262,0.939094066619873,1.0,0.380952388048172,0.790902853012085,0.30000001192092896,0.20000000298023224,0.20000000298023224,0.15000000596046448,0.15000000596046448,1.0,1.0,1.0,1.0
complex_fixed_v018_r1,closed_loop,complex,full,1,0.18,False,28.319063255,1785051005.5507464,2.661448373861677,0.05143766025980214,-0.20650932932180094,0.17564396601371884,-0.3238147194519726,2.92825599041165,0.18,-0.004349384138628245,21.0,2.636061472687187,-0.008034348287847886,3.636046493177733,-0.004099433887281668,4.654777874276418,0.00798022891956017,0.5532776117324829,0.15350769460201263,0.10350769758224487,0.8002779483795166,1.0,0,ROW_FOLLOW,TRACKING,1.0,104.0,97.0,0.1948956549167633,-0.06116833537817001,0.0,0.21796207129955292,0.0,-0.34029874205589294,0.0,0.6349206566810608,0.6857142448425293,0.922129213809967,0.9215534925460815,1.0,0.4285714328289032,0.8002779483795166,0.30000001192092896,0.20000000298023224,0.20000000298023224,0.15000000596046448,0.15000000596046448,1.0,1.0,1.0,1.0
complex_fixed_v018_r1,closed_loop,complex,full,1,0.18,False,28.369344976,1785051005.6010282,2.668693253803296,0.046862997561976594,-0.2170183435911679,0.17931059661375043,-0.2538798457601545,2.940311520388604,0.18,0.027483838050686778,21.0,2.636061472687187,-0.008034348287847886,3.636046493177733,-0.004099433887281668,4.654777874276418,0.00798022891956017,0.5532776117324829,0.15350769460201263,0.10350769758224487,0.8002779483795166,1.0,0,ROW_FOLLOW,TRACKING,1.0,104.0,97.0,0.1948956549167633,-0.06116833537817001,0.0,0.21796207129955292,0.0,-0.34029874205589294,0.0,0.6349206566810608,0.6857142448425293,0.922129213809967,0.9215534925460815,1.0,0.4285714328289032,0.8002779483795166,0.30000001192092896,0.20000000298023224,0.20000000298023224,0.15000000596046448,0.15000000596046448,1.0,1.0,1.0,1.0
complex_fixed_v018_r1,closed_loop,complex,full,1,0.18,False,28.419924242,1785051005.6516073,2.6773315419127584,0.0445939263796154,-0.23036190587339694,0.1792648102905433,-0.20935898874767908,2.9494350882517235,0.18,0.06230374353546507,19.0,2.65291762045578,-0.009998023061788252,3.5528905059174036,-0.003866458364470266,4.586193641631373,0.003003928539947917,0.5539143681526184,0.13805750012397766,0.0880575031042099,0.7727503776550293,1.0,0,ROW_FOLLOW,TRACKING,1.0,87.0,105.0,0.23153561353683472,-0.05855335295200348,0.0,0.2201876938343048,0.0,-0.33729439973831177,0.0,0.5873015522956848,0.6071427464485168,0.9231904149055481,0.936622142791748,1.0,0.2857142984867096,0.7727503776550293,0.30000001192092896,0.20000000298023224,0.20000000298023224,0.15000000596046448,0.15000000596046448,1.0,1.0,1.0,1.0
complex_fixed_v018_r1,closed_loop,complex,full,1,0.18,False,28.469321778,1785051005.7010047,2.683827931467509,0.04267177165829085,-0.23826876020602636,0.17997716356123095,-0.1947257279606538,2.9564001660827057,0.18,0.07741467966949503,19.0,2.65291762045578,-0.009998023061788252,3.5528905059174036,-0.003866458364470266,4.586193641631373,0.003003928539947917,0.5539143681526184,0.13805750012397766,0.0880575031042099,0.7727503776550293,1.0,0,ROW_FOLLOW,TRACKING,1.0,87.0,105.0,0.23153561353683472,-0.05855335295200348,0.0,0.2201876938343048,0.0,-0.33729439973831177,0.0,0.5873015522956848,0.6071427464485168,0.9231904149055481,0.936622142791748,1.0,0.2857142984867096,0.7727503776550293,0.30000001192092896,0.20000000298023224,0.20000000298023224,0.15000000596046448,0.15000000596046448,1.0,1.0,1.0,1.0
complex_fixed_v018_r1,closed_loop,complex,full,1,0.18,False,28.519162239,1785051005.7508452,2.687401590274137,0.037205958821963675,-0.24766719493697395,0.16649336855377386,-0.12658345602920815,2.971614745665919,0.18,0.12378035741361929,21.0,2.667958930713749,-0.01330421591463185,3.6728648982673047,-0.0004106358659383221,4.6670805692404995,0.014870734097467208,0.5538521409034729,0.14148615300655365,0.09148615598678589,0.7822428941726685,1.0,0,ROW_FOLLOW,TRACKING,1.0,60.0,104.0,0.26165667176246643,-0.056878410279750824,0.0,0.2210732251405716,0.0,-0.33483004570007324,0.0,0.5873016119003296,0.6595237255096436,0.9230868220329285,0.9302017688751221,1.0,0.380952388048172,0.7822428941726685,0.30000001192092896,0.20000000298023224,0.20000000298023224,0.15000000596046448,0.15000000596046448,1.0,1.0,1.0,1.0
complex_fixed_v018_r1,closed_loop,complex,full,1,0.18,False,28.569353206,1785051005.8010364,2.696059937355798,0.03485656373750446,-0.2520661216778528,0.16952066849129546,-0.1091651140159298,2.9806648291447604,0.18,0.1344021307127752,21.0,2.667958930713749,-0.01330421591463185,3.6728648982673047,-0.0004106358659383221,4.6670805692404995,0.014870734097467208,0.5538521409034729,0.14148615300655365,0.09148615598678589,0.7822428941726685,1.0,0,ROW_FOLLOW,TRACKING,1.0,60.0,104.0,0.26165667176246643,-0.056878410279750824,0.0,0.2210732251405716,0.0,-0.33483004570007324,0.0,0.5873016119003296,0.6595237255096436,0.9230868220329285,0.9302017688751221,1.0,0.380952388048172,0.7822428941726685,0.30000001192092896,0.20000000298023224,0.20000000298023224,0.15000000596046448,0.15000000596046448,1.0,1.0,1.0,1.0
complex_fixed_v018_r1,closed_loop,complex,full,1,0.18,False,28.618948028,1785051005.8506312,2.702930648185595,0.03284441776630578,-0.25682691967836335,0.17209540851562177,-0.06670331447203874,2.987929894141623,0.18,0.15248837979367874,21.0,2.682301361483363,-0.016515830750039224,3.6870367729050657,0.0043674021069926945,4.688082566366614,0.03402225077167115,0.5599606037139893,0.15657289326190948,0.10657289624214172,0.7714138031005859,1.0,0,ROW_FOLLOW,TRACKING,1.0,61.0,115.0,0.28710705041885376,-0.05522462725639343,0.0,0.22328054904937744,0.0,-0.3337298035621643,0.0,0.579365074634552,0.6071427464485168,0.9300956726074219,0.9343775510787964,1.0,0.2857142984867096,0.7714138031005859,0.30000001192092896,0.20000000298023224,0.20000000298023224,0.15000000596046448,0.15000000596046448,1.0,1.0,1.0,1.0
complex_fixed_v018_r1,closed_loop,complex,full,1,0.18,False,28.669479644,1785051005.9011629,2.7033909744316853,0.03257113401556617,-0.25942597592421685,0.17195403925441652,-0.053044382181891066,2.9884842804306384,0.18,0.15968283247813073,21.0,2.682301361483363,-0.016515830750039224,3.6870367729050657,0.0043674021069926945,4.688082566366614,0.03402225077167115,0.5599606037139893,0.15657289326190948,0.10657289624214172,0.7714138031005859,1.0,0,ROW_FOLLOW,TRACKING,1.0,61.0,115.0,0.28710705041885376,-0.05522462725639343,0.0,0.22328054904937744,0.0,-0.3337298035621643,0.0,0.579365074634552,0.6071427464485168,0.9300956726074219,0.9343775510787964,1.0,0.2857142984867096,0.7714138031005859,0.30000001192092896,0.20000000298023224,0.20000000298023224,0.15000000596046448,0.15000000596046448,1.0,1.0,1.0,1.0
complex_fixed_v018_r1,closed_loop,complex,full,1,0.18,False,28.719042209,1785051005.950725,2.703641119505008,0.032321542558761934,-0.263635713745928,0.1717421084011409,-0.042174856687522105,2.9889079864579013,0.18,0.17868075685058815,21.0,2.694472880491674,-0.01976472779612225,3.6939043954051116,0.012467629990930347,4.693335923412248,0.044699966534740176,0.5610461235046387,0.1590358465909958,0.10903584957122803,0.7609361410140991,1.0,0,ROW_FOLLOW,TRACKING,1.0,56.0,108.0,0.3032066226005554,-0.05410085618495941,0.0,0.22477099299430847,0.0,-0.3329727053642273,0.0,0.555555522441864,0.5809522867202759,0.9326469898223877,0.9436641931533813,1.0,0.2380952388048172,0.7609361410140991,0.30000001192092896,0.20000000298023224,0.20000000298023224,0.15000000596046448,0.15000000596046448,1.0,1.0,1.0,1.0
complex_fixed_v018_r1,closed_loop,complex,full,1,0.18,False,28.769478623,1785051006.0011618,2.7038227432654076,0.032154241078183626,-0.2654662946875876,0.1716008031149587,-0.04104399262101583,2.9891684615474237,0.18,0.18213479858582027,21.0,2.694472880491674,-0.01976472779612225,3.6939043954051116,0.012467629990930347,4.693335923412248,0.044699966534740176,0.5610461235046387,0.1590358465909958,0.10903584957122803,0.7609361410140991,1.0,0,ROW_FOLLOW,TRACKING,1.0,56.0,108.0,0.3032066226005554,-0.05410085618495941,0.0,0.22477099299430847,0.0,-0.3329727053642273,0.0,0.555555522441864,0.5809522867202759,0.9326469898223877,0.9436641931533813,1.0,0.2380952388048172,0.7609361410140991,0.30000001192092896,0.20000000298023224,0.20000000298023224,0.15000000596046448,0.15000000596046448,1.0,1.0,1.0,1.0
complex_fixed_v018_r1,closed_loop,complex,full,1,0.18,False,28.818927617,1785051006.0506108,2.7442377132523332,0.016128086192003767,-0.26737628016322734,0.19445356395661517,-0.05548780806214662,3.032680912317265,0.18,0.25460901200776553,19.0,2.7033729896282868,-0.02099343688285078,3.6025486487846075,0.017036523182430603,4.568308754432912,0.05837812406675184,0.5676332712173462,0.15618200600147247,0.10618200898170471,0.7749693393707275,1.0,0,ROW_FOLLOW,TRACKING,1.0,51.0,124.0,0.315801739692688,-0.05333925783634186,0.0,0.22643038630485535,0.0,-0.33310890197753906,0.0,0.6190476417541504,0.5809522867202759,0.9310129880905151,0.9124127626419067,1.0,0.2380952388048172,0.7749693393707275,0.30000001192092896,0.20000000298023224,0.20000000298023224,0.15000000596046448,0.15000000596046448,1.0,1.0,1.0,1.0
complex_fixed_v018_r1,closed_loop,complex,full,1,0.18,False,28.869344607,1785051006.1010275,2.752960006187616,0.013682053478083454,-0.2691685444727212,0.1919136841313294,-0.020163558383757864,3.041772328026798,0.18,0.34157429333436634,19.0,2.7033729896282868,-0.02099343688285078,3.6025486487846075,0.017036523182430603,4.568308754432912,0.05837812406675184,0.5676332712173462,0.15618200600147247,0.10618200898170471,0.7749693393707275,1.0,0,ROW_FOLLOW,TRACKING,1.0,51.0,124.0,0.315801739692688,-0.05333925783634186,0.0,0.22643038630485535,0.0,-0.33310890197753906,0.0,0.6190476417541504,0.5809522867202759,0.9310129880905151,0.9124127626419067,1.0,0.2380952388048172,0.7749693393707275,0.30000001192092896,0.20000000298023224,0.20000000298023224,0.15000000596046448,0.15000000596046448,1.0,1.0,1.0,1.0
complex_fixed_v018_r1,closed_loop,complex,full,1,0.18,False,28.919060745,1785051006.1507437,2.7612921546998463,0.011298538078778994,-0.2706988612394877,0.18951516718373895,-0.03346870826288225,3.050474846230433,0.18,0.26355715829386683,20.0,2.7227058093504457,-0.027509911782376884,3.7214766603803078,0.021858014193697876,4.678419746629253,0.06554353035340166,0.5678374171257019,0.14337076246738434,0.09337076544761658,0.7797443866729736,1.0,0,ROW_FOLLOW,TRACKING,1.0,54.0,111.0,0.32442012429237366,-0.05366898328065872,0.0,0.2281256765127182,0.0,-0.33546364307403564,0.0,0.658730149269104,0.5547617673873901,0.9322623014450073,0.8981367945671082,1.0,0.190476194024086,0.7797443866729736,0.30000001192092896,0.20000000298023224,0.20000000298023224,0.15000000596046448,0.15000000596046448,1.0,1.0,1.0,1.0
complex_fixed_v018_r1,closed_loop,complex,full,1,0.18,False,28.969393476,1785051006.2010765,2.763029209378056,0.010761335597999959,-0.2717039250640401,0.18805809442420632,-0.02366826981013023,3.052321437351326,0.18,0.266831312424554,20.0,2.7227058093504457,-0.027509911782376884,3.7214766603803078,0.021858014193697876,4.678419746629253,0.06554353035340166,0.5678374171257019,0.14337076246738434,0.09337076544761658,0.7797443866729736,1.0,0,ROW_FOLLOW,TRACKING,1.0,54.0,111.0,0.32442012429237366,-0.05366898328065872,0.0,0.2281256765127182,0.0,-0.33546364307403564,0.0,0.658730149269104,0.5547617673873901,0.9322623014450073,0.8981367945671082,1.0,0.190476194024086,0.7797443866729736,0.30000001192092896,0.20000000298023224,0.20000000298023224,0.15000000596046448,0.15000000596046448,1.0,1.0,1.0,1.0
complex_fixed_v018_r1,closed_loop,complex,full,1,0.18,False,29.019331892,1785051006.251015,2.762819359047296,0.010767644846265845,-0.2730312680916463,0.18837470055499442,-0.025040310764942113,3.0525634388845284,0.18,0.2559382882783953,19.0,2.742796567413428,-0.03383934070958101,3.6414629377186425,0.015030111030840143,4.7065494545717295,0.07293735693487753,0.5679731369018555,0.14832355082035065,0.09832355380058289,0.7810379266738892,1.0,1,ROW_FOLLOW,TRACKING,1.0,53.0,116.0,0.33064258098602295,-0.05130603909492493,0.0,0.23040056228637695,0.0,-0.3330126404762268,0.0,0.6666666865348816,0.5547617673873901,0.9289560914039612,0.8952957391738892,1.0,0.190476194024086,0.7810379266738892,0.30000001192092896,0.20000000298023224,0.20000000298023224,0.15000000596046448,0.15000000596046448,1.0,1.0,1.0,1.0
complex_fixed_v018_r1,closed_loop,complex,full,1,0.18,False,29.069410952,1785051006.3010938,2.7626283136035794,0.010786854140290313,-0.2738714417917975,0.18857924683773808,-0.016102500679398273,3.052761493813294,0.18,0.25803428295718434,19.0,2.742796567413428,-0.03383934070958101,3.6414629377186425,0.015030111030840143,4.7065494545717295,0.07293735693487753,0.5679731369018555,0.14832355082035065,0.09832355380058289,0.7810379266738892,1.0,1,ROW_FOLLOW,TRACKING,1.0,53.0,116.0,0.33064258098602295,-0.05130603909492493,0.0,0.23040056228637695,0.0,-0.3330126404762268,0.0,0.6666666865348816,0.5547617673873901,0.9289560914039612,0.8952957391738892,1.0,0.190476194024086,0.7810379266738892,0.30000001192092896,0.20000000298023224,0.20000000298023224,0.15000000596046448,0.15000000596046448,1.0,1.0,1.0,1.0
complex_fixed_v018_r1,closed_loop,complex,full,1,0.18,False,29.119005646,1785051006.3506887,2.797832409608919,0.0034628450181423474,-0.27515639060100056,0.18980219401214113,-0.04633668240195343,3.0889612641014694,0.18,0.26172735737083863,19.0,2.762552026977296,-0.03995508039882317,3.6610178297770335,0.01251142022379817,4.725859216713048,0.07481505778480167,0.5703189969062805,0.14815832674503326,0.0981583297252655,0.7670085430145264,1.0,1,ROW_FOLLOW,TRACKING,1.0,51.0,117.0,0.3355754017829895,-0.05036520957946777,0.0,0.23305553197860718,0.0,-0.3337859511375427,0.0,0.6190476417541504,0.5547617673873901,0.9340405464172363,0.8902251720428467,1.0,0.190476194024086,0.7670085430145264,0.30000001192092896,0.20000000298023224,0.20000000298023224,0.15000000596046448,0.15000000596046448,1.0,1.0,1.0,1.0
complex_fixed_v018_r1,closed_loop,complex,full,1,0.18,False,29.169584913,1785051006.401268,2.8010139465448196,0.0032361475537444565,-0.2759846535170088,0.1834516178891267,-0.0319984723699421,3.1044627195880294,0.18,0.2618871305391306,19.0,2.762552026977296,-0.03995508039882317,3.6610178297770335,0.01251142022379817,4.725859216713048,0.07481505778480167,0.5703189969062805,0.14815832674503326,0.0981583297252655,0.7670085430145264,1.0,1,ROW_FOLLOW,TRACKING,1.0,51.0,117.0,0.3355754017829895,-0.05036520957946777,0.0,0.23305553197860718,0.0,-0.3337859511375427,0.0,0.6190476417541504,0.5547617673873901,0.9340405464172363,0.8902251720428467,1.0,0.190476194024086,0.7670085430145264,0.30000001192092896,0.20000000298023224,0.20000000298023224,0.15000000596046448,0.15000000596046448,1.0,1.0,1.0,1.0
complex_fixed_v018_r1,closed_loop,complex,full,1,0.18,False,29.219316923,1785051006.451,2.809899346867865,0.0006996396354948115,-0.27677598999318215,0.18387548831099945,-0.03654485079041622,3.1137156697885398,0.18,0.27661386910659314,21.0,2.7786196074628897,-0.041705355496303824,3.7817308367529243,0.019848963725615714,4.8000561245375515,0.0818568462929943,0.5756487846374512,0.1581677347421646,0.10816773772239685,0.7656493186950684,1.0,1,ROW_FOLLOW,TRACKING,1.0,51.0,122.0,0.3397625684738159,-0.048499464988708496,0.0,0.23604485392570496,0.0,-0.33304378390312195,0.0,0.5873015522956848,0.5809522867202759,0.9446640014648438,0.8955702781677246,1.0,0.2380952388048172,0.7656493186950684,0.30000001192092896,0.20000000298023224,0.20000000298023224,0.15000000596046448,0.15000000596046448,1.0,1.0,1.0,1.0
complex_fixed_v018_r1,closed_loop,complex,full,1,0.18,False,29.269374766,1785051006.5010579,2.8153251120600085,-0.0008414109806028098,-0.27674136965043183,0.1839793464643597,-0.0007316099398879323,3.1193603484073056,0.18,0.28206592204081204,21.0,2.7786196074628897,-0.041705355496303824,3.7817308367529243,0.019848963725615714,4.8000561245375515,0.0818568462929943,0.5756487846374512,0.1581677347421646,0.10816773772239685,0.7656493186950684,1.0,1,ROW_FOLLOW,TRACKING,1.0,51.0,122.0,0.3397625684738159,-0.048499464988708496,0.0,0.23604485392570496,0.0,-0.33304378390312195,0.0,0.5873015522956848,0.5809522867202759,0.9446640014648438,0.8955702781677246,1.0,0.2380952388048172,0.7656493186950684,0.30000001192092896,0.20000000298023224,0.20000000298023224,0.15000000596046448,0.15000000596046448,1.0,1.0,1.0,1.0
complex_fixed_v018_r1,closed_loop,complex,full,1,0.18,False,29.319850318,1785051006.5515332,2.816145703500956,-0.0010884413223975807,-0.2773361288672201,0.18496644196811315,-0.014429953220478279,3.1202336443533247,0.18,0.2907529464433739,21.0,2.7960124182326282,-0.04319237217732477,3.7989845366993866,0.020603917985064862,4.806999447903524,0.08375176336762784,0.5705334544181824,0.1590833216905594,0.10908332467079163,0.7759337425231934,1.0,1,ROW_FOLLOW,TRACKING,1.0,53.0,112.0,0.34207478165626526,-0.044180065393447876,0.0,0.23924654722213745,0.0,-0.3276066780090332,0.0,0.6111111640930176,0.5809522867202759,0.9416426420211792,0.9205429553985596,1.0,0.2380952388048172,0.7759337425231934,0.30000001192092896,0.20000000298023224,0.20000000298023224,0.15000000596046448,0.15000000596046448,1.0,1.0,1.0,1.0
complex_fixed_v018_r1,closed_loop,complex,full,1,0.18,False,29.369346737,1785051006.6010296,2.816698059715817,-0.0012384793947025838,-0.27712416848311533,0.1850677710115055,0.010615865725295938,3.1208113772601056,0.18,0.2908877228246532,21.0,2.7960124182326282,-0.04319237217732477,3.7989845366993866,0.020603917985064862,4.806999447903524,0.08375176336762784,0.5705334544181824,0.1590833216905594,0.10908332467079163,0.7759337425231934,1.0,1,ROW_FOLLOW,TRACKING,1.0,53.0,112.0,0.34207478165626526,-0.044180065393447876,0.0,0.23924654722213745,0.0,-0.3276066780090332,0.0,0.6111111640930176,0.5809522867202759,0.9416426420211792,0.9205429553985596,1.0,0.2380952388048172,0.7759337425231934,0.30000001192092896,0.20000000298023224,0.20000000298023224,0.15000000596046448,0.15000000596046448,1.0,1.0,1.0,1.0
complex_fixed_v018_r1,closed_loop,complex,full,1,0.18,False,29.419224416,1785051006.6509073,2.8169863059328586,-0.0013196014529923469,-0.2771621162991038,0.1852223269083659,0.0017551331895748403,3.121125186475251,0.18,0.3011485635952676,21.0,2.8138020423885437,-0.043462538606182155,3.811787865459165,0.019957583423295597,4.809773672939404,0.08337769258144562,0.5701422691345215,0.15443949401378632,0.10443949699401855,0.7882286310195923,1.0,1,ROW_FOLLOW,TRACKING,1.0,53.0,129.0,0.3386242091655731,-0.03912849724292755,0.0,0.2438426911830902,0.0,-0.3220996856689453,0.0,0.682539701461792,0.5547617673873901,0.9374985694885254,0.9000971913337708,1.0,0.190476194024086,0.7882286310195923,0.30000001192092896,0.20000000298023224,0.20000000298023224,0.15000000596046448,0.15000000596046448,1.0,1.0,1.0,1.0
complex_fixed_v018_r1,closed_loop,complex,full,1,0.18,False,29.46937503,1785051006.7010581,2.817156218836981,-0.0013517300098889202,-0.27665946864294344,0.18532538532917564,0.0018959603231074294,3.1212989317926825,0.18,0.3000411244449346,21.0,2.8138020423885437,-0.043462538606182155,3.811787865459165,0.019957583423295597,4.809773672939404,0.08337769258144562,0.5701422691345215,0.15443949401378632,0.10443949699401855,0.7882286310195923,1.0,1,ROW_FOLLOW,TRACKING,1.0,53.0,129.0,0.3386242091655731,-0.03912849724292755,0.0,0.2438426911830902,0.0,-0.3220996856689453,0.0,0.682539701461792,0.5547617673873901,0.9374985694885254,0.9000971913337708,1.0,0.190476194024086,0.7882286310195923,0.30000001192092896,0.20000000298023224,0.20000000298023224,0.15000000596046448,0.15000000596046448,1.0,1.0,1.0,1.0
complex_fixed_v018_r1,closed_loop,complex,full,1,0.18,False,29.519178402,1785051006.7508614,2.817303041518777,-0.0013536497228046514,-0.27528692446907327,0.18547991361414715,0.02471919392245496,3.121476661221374,0.18,0.31435309162404074,21.0,2.818915639482254,-0.04077707690822143,3.8168999446582994,0.022666361072321728,4.814884273208946,0.08610978932063025,0.5688685774803162,0.14501424133777618,0.09501424431800842,0.7803030014038086,1.0,1,ROW_FOLLOW,TRACKING,1.0,48.0,125.0,0.34028446674346924,-0.03583177924156189,0.0,0.24793320894241333,0.0,-0.3195967674255371,0.0,0.6666666865348816,0.5547617673873901,0.9323698878288269,0.8858448266983032,1.0,0.190476194024086,0.7803030014038086,0.30000001192092896,0.20000000298023224,0.20000000298023224,0.15000000596046448,0.15000000596046448,1.0,1.0,1.0,1.0
complex_fixed_v018_r1,closed_loop,complex,full,1,0.18,False,29.569374425,1785051006.8010576,2.817395754372199,-0.0013420714864215491,-0.27399882578463414,0.1855842388385393,0.03457702456228564,3.121579406024675,0.18,0.31231162275695784,21.0,2.818915639482254,-0.04077707690822143,3.8168999446582994,0.022666361072321728,4.814884273208946,0.08610978932063025,0.5688685774803162,0.14501424133777618,0.09501424431800842,0.7803030014038086,1.0,1,ROW_FOLLOW,TRACKING,1.0,48.0,125.0,0.34028446674346924,-0.03583177924156189,0.0,0.24793320894241333,0.0,-0.3195967674255371,0.0,0.6666666865348816,0.5547617673873901,0.9323698878288269,0.8858448266983032,1.0,0.190476194024086,0.7803030014038086,0.30000001192092896,0.20000000298023224,0.20000000298023224,0.15000000596046448,0.15000000596046448,1.0,1.0,1.0,1.0
complex_fixed_v018_r1,closed_loop,complex,full,1,0.18,False,29.619163141,1785051006.8508463,2.817497819637689,-0.001321547142076592,-0.27231475317747966,0.1857374960339038,0.03566379226384143,3.1217165914418166,0.18,0.3231392192564115,21.0,2.8194335052335657,-0.038176207134363704,3.8174054947536704,0.02545473463304752,4.815377516833092,0.08908567183894962,0.5717566609382629,0.14673586189746857,0.0967358648777008,0.7672876119613647,1.0,1,ROW_FOLLOW,TRACKING,1.0,45.0,110.0,0.33921754360198975,-0.03587758541107178,0.0,0.2518753409385681,0.0,-0.32363051176071167,0.0,0.6190476417541504,0.5547617673873901,0.9386175274848938,0.8859830498695374,1.0,0.190476194024086,0.7672876119613647,0.30000001192092896,0.20000000298023224,0.20000000298023224,0.15000000596046448,0.15000000596046448,1.0,1.0,1.0,1.0
complex_fixed_v018_r1,closed_loop,complex,full,1,0.18,False,29.669529921,1785051006.901213,2.8954625670295515,-0.01866489956074815,-0.2712815138223612,0.17563507008155696,0.04260319510617137,3.201606206783221,0.18,0.4444447826091647,21.0,2.8194335052335657,-0.038176207134363704,3.8174054947536704,0.02545473463304752,4.815377516833092,0.08908567183894962,0.5717566609382629,0.14673586189746857,0.0967358648777008,0.7672876119613647,1.0,1,ROW_FOLLOW,TRACKING,1.0,45.0,110.0,0.33921754360198975,-0.03587758541107178,0.0,0.2518753409385681,0.0,-0.32363051176071167,0.0,0.6190476417541504,0.5547617673873901,0.9386175274848938,0.8859830498695374,1.0,0.190476194024086,0.7672876119613647,0.30000001192092896,0.20000000298023224,0.20000000298023224,0.15000000596046448,0.15000000596046448,1.0,1.0,1.0,1.0
complex_fixed_v018_r1,closed_loop,complex,full,1,0.18,False,29.71886992,1785051006.950553,2.9029587049563994,-0.020711570476201254,-0.26927493739044783,0.1761082226549231,0.03421175893356004,3.2094106665478503,0.18,0.4400371327977989,21.0,2.845624997022513,-0.04206690014859662,3.843492295957374,0.02319867496658526,4.841359609451659,0.08846425255124028,0.5758703947067261,0.15300996601581573,0.10300996899604797,0.7727668285369873,1.0,1,ROW_FOLLOW,TRACKING,1.0,55.0,112.0,0.33769550919532776,-0.03337375819683075,0.0,0.256034791469574,0.0,-0.3227823078632355,0.0,0.6190476417541504,0.5809522867202759,0.9430969953536987,0.8816174268722534,1.0,0.2380952388048172,0.7727668285369873,0.30000001192092896,0.20000000298023224,0.20000000298023224,0.15000000596046448,0.15000000596046448,1.0,1.0,1.0,1.0
complex_fixed_v018_r1,closed_loop,complex,full,1,0.18,False,29.76943373,1785051007.0011168,2.911784193140871,-0.023081538962396873,-0.2673186743870648,0.17715934763259145,0.05203174797162982,3.21860125597498,0.18,0.4459668242859707,21.0,2.845624997022513,-0.04206690014859662,3.843492295957374,0.02319867496658526,4.841359609451659,0.08846425255124028,0.5758703947067261,0.15300996601581573,0.10300996899604797,0.7727668285369873,1.0,1,ROW_FOLLOW,TRACKING,1.0,55.0,112.0,0.33769550919532776,-0.03337375819683075,0.0,0.256034791469574,0.0,-0.3227823078632355,0.0,0.6190476417541504,0.5809522867202759,0.9430969953536987,0.8816174268722534,1.0,0.2380952388048172,0.7727668285369873,0.30000001192092896,0.20000000298023224,0.20000000298023224,0.15000000596046448,0.15000000596046448,1.0,1.0,1.0,1.0
complex_fixed_v018_r1,closed_loop,complex,full,1,0.18,False,29.818988744,1785051007.0506718,2.913020941482211,-0.023285862633288433,-0.2634472865781123,0.17639743475960032,0.07340440816648539,3.2199559059455036,0.18,0.3643482570697015,21.0,2.877008015950501,-0.047003625263963955,3.874902910563236,0.017824629505397493,4.872797772019321,0.08265290266999882,0.5719741582870483,0.14607878029346466,0.0960787832736969,0.7600140571594238,1.0,1,ROW_FOLLOW,TRACKING,1.0,49.0,117.0,0.329629123210907,-0.028895720839500427,0.0,0.26090356707572937,0.0,-0.3186950087547302,0.0,0.5793651342391968,0.5547617673873901,0.9469016790390015,0.9058116674423218,1.0,0.190476194024086,0.7600140571594238,0.30000001192092896,0.20000000298023224,0.20000000298023224,0.15000000596046448,0.15000000596046448,1.0,1.0,1.0,1.0
complex_fixed_v018_r1,closed_loop,complex,full,1,0.18,False,29.87010153,1785051007.1017845,2.9126108793782546,-0.023055386931652818,-0.26010351268170406,0.17630514555352197,0.09025531947253904,3.220478364922344,0.18,0.3583105029221617,21.0,2.877008015950501,-0.047003625263963955,3.874902910563236,0.017824629505397493,4.872797772019321,0.08265290266999882,0.5719741582870483,0.14607878029346466,0.0960787832736969,0.7600140571594238,1.0,1,ROW_FOLLOW,TRACKING,1.0,49.0,117.0,0.329629123210907,-0.028895720839500427,0.0,0.26090356707572937,0.0,-0.3186950087547302,0.0,0.5793651342391968,0.5547617673873901,0.9469016790390015,0.9058116674423218,1.0,0.190476194024086,0.7600140571594238,0.30000001192092896,0.20000000298023224,0.20000000298023224,0.15000000596046448,0.15000000596046448,1.0,1.0,1.0,1.0
complex_fixed_v018_r1,closed_loop,complex,full,1,0.18,False,29.919659743,1785051007.1513429,2.9123990874967776,-0.022792505369447776,-0.253924684565805,0.1761666711019672,0.12092402443168582,3.220920974424694,0.18,0.3400727997057385,21.0,2.9084107735314144,-0.04996107226154961,3.9064445716504497,0.01265009196519277,4.904478339975378,0.07526126675722923,0.5752537846565247,0.1538185030221939,0.10381850600242615,0.743016242980957,1.0,1,ROW_FOLLOW,TRACKING,1.0,51.0,107.0,0.3193363547325134,-0.02298186719417572,0.0,0.2666487693786621,0.0,-0.31261250376701355,0.0,0.523809552192688,0.5547617673873901,0.949909508228302,0.8995940089225769,1.0,0.190476194024086,0.743016242980957,0.30000001192092896,0.20000000298023224,0.20000000298023224,0.15000000596046448,0.15000000596046448,1.0,1.0,1.0,1.0
complex_fixed_v018_r1,closed_loop,complex,full,1,0.18,False,29.969249094,1785051007.200932,2.9122508995438956,-0.022596982423254246,-0.24972473777242943,0.17607443852283677,0.13350643750983507,3.221195996999781,0.18,0.3328385392129404,21.0,2.9084107735314144,-0.04996107226154961,3.9064445716504497,0.01265009196519277,4.904478339975378,0.07526126675722923,0.5752537846565247,0.1538185030221939,0.10381850600242615,0.743016242980957,1.0,1,ROW_FOLLOW,TRACKING,1.0,51.0,107.0,0.3193363547325134,-0.02298186719417572,0.0,0.2666487693786621,0.0,-0.31261250376701355,0.0,0.523809552192688,0.5547617673873901,0.949909508228302,0.8995940089225769,1.0,0.190476194024086,0.743016242980957,0.30000001192092896,0.20000000298023224,0.20000000298023224,0.15000000596046448,0.15000000596046448,1.0,1.0,1.0,1.0
complex_fixed_v018_r1,closed_loop,complex,full,1,0.18,False,30.01923644,1785051007.2509193,2.9121375757469843,-0.0223216885372592,-0.24254434472587272,0.17593603834267457,0.11926473729841522,3.2215719821168203,0.18,0.33996237129026996,21.0,2.913522350118113,-0.04505422152207698,3.9118417397232013,0.012735639583259697,4.91016113093415,0.0705255079969648,0.5687015652656555,0.15128253400325775,0.10128253698348999,0.7739864587783813,1.0,1,ROW_FOLLOW,TRACKING,1.0,44.0,122.0,0.3016493320465088,-0.014667317271232605,0.0,0.27432507276535034,0.0,-0.30365970730781555,0.0,0.6349206566810608,0.5547617673873901,0.9441363215446472,0.891537606716156,1.0,0.190476194024086,0.7739864587783813,0.30000001192092896,0.20000000298023224,0.20000000298023224,0.15000000596046448,0.15000000596046448,1.0,1.0,1.0,1.0
complex_fixed_v018_r1,closed_loop,complex,full,1,0.18,False,30.070174373,1785051007.3018572,2.9121163608518144,-0.022092451085487866,-0.23664656944366286,0.17583967433341213,0.14915613902206018,3.2218085100092075,0.18,0.329939820509549,21.0,2.913522350118113,-0.04505422152207698,3.9118417397232013,0.012735639583259697,4.91016113093415,0.0705255079969648,0.5687015652656555,0.15128253400325775,0.10128253698348999,0.7739864587783813,1.0,1,ROW_FOLLOW,TRACKING,1.0,44.0,122.0,0.3016493320465088,-0.014667317271232605,0.0,0.27432507276535034,0.0,-0.30365970730781555,0.0,0.6349206566810608,0.5547617673873901,0.9441363215446472,0.891537606716156,1.0,0.190476194024086,0.7739864587783813,0.30000001192092896,0.20000000298023224,0.20000000298023224,0.15000000596046448,0.15000000596046448,1.0,1.0,1.0,1.0
complex_fixed_v018_r1,closed_loop,complex,full,1,0.18,False,30.119116377,1785051007.3507993,2.9677906743215674,-0.042663896050435544,-0.227556889665562,0.16844830872409897,0.13501772695334155,3.281529421124047,0.18,0.4772788970032449,21.0,2.9130875193921377,-0.03616742413711537,3.911724503827964,0.015678493956013492,4.910361522529321,0.06752439512575668,0.5592585206031799,0.1346401870250702,0.08464019000530243,0.7584359645843506,1.0,1,ROW_FOLLOW,TRACKING,1.0,31.0,109.0,0.2780899703502655,-0.0032505840063095093,0.0,0.2842662036418915,0.0,-0.2907673716545105,0.0,0.6349206566810608,0.5023808479309082,0.9313923716545105,0.8747004270553589,1.0,0.095238097012043,0.7584359645843506,0.30000001192092896,0.20000000298023224,0.20000000298023224,0.15000000596046448,0.15000000596046448,1.0,1.0,1.0,1.0
complex_fixed_v018_r1,closed_loop,complex,full,1,0.18,False,30.173430822,1785051007.405114,2.976482909251782,-0.044490721362823914,-0.221269672768905,0.1698519751565783,0.14614588675290094,3.290520748052296,0.18,0.476358477624653,21.0,2.9130875193921377,-0.03616742413711537,3.911724503827964,0.015678493956013492,4.910361522529321,0.06752439512575668,0.5592585206031799,0.1346401870250702,0.08464019000530243,0.7584359645843506,1.0,1,ROW_FOLLOW,TRACKING,1.0,31.0,109.0,0.2780899703502655,-0.0032505840063095093,0.0,0.2842662036418915,0.0,-0.2907673716545105,0.0,0.6349206566810608,0.5023808479309082,0.9313923716545105,0.8747004270553589,1.0,0.095238097012043,0.7584359645843506,0.30000001192092896,0.20000000298023224,0.20000000298023224,0.15000000596046448,0.15000000596046448,1.0,1.0,1.0,1.0
complex_fixed_v018_r1,closed_loop,complex,full,1,0.18,False,30.219014266,1785051007.4506972,2.9848593886671564,-0.045940667282305045,-0.21018858186920353,0.17018676445164874,0.19774726156464673,3.299274146754203,0.18,0.46135465226939026,20.0,2.9338446831238834,-0.03286657347696311,3.93792804332106,0.00891571972173459,4.865426727657796,0.047200914551022266,0.552680253982544,0.13282446563243866,0.0828244686126709,0.7521281242370605,1.0,1,ROW_FOLLOW,TRACKING,1.0,32.0,116.0,0.24985219538211823,0.008399754762649536,0.0,0.29466915130615234,0.0,-0.27786964178085327,0.0,0.6190476417541504,0.5023808479309082,0.9205172657966614,0.8788949251174927,1.0,0.095238097012043,0.7521281242370605,0.30000001192092896,0.20000000298023224,0.20000000298023224,0.15000000596046448,0.15000000596046448,1.0,1.0,1.0,1.0
complex_fixed_v018_r1,closed_loop,complex,full,1,0.18,False,30.269403,1785051007.501086,2.9862701421581312,-0.04588879003821032,-0.20201896368693226,0.1714708290195662,0.1866502040594136,3.3008755154599574,0.18,0.4485805714060409,20.0,2.9338446831238834,-0.03286657347696311,3.93792804332106,0.00891571972173459,4.865426727657796,0.047200914551022266,0.552680253982544,0.13282446563243866,0.0828244686126709,0.7521281242370605,1.0,1,ROW_FOLLOW,TRACKING,1.0,32.0,116.0,0.24985219538211823,0.008399754762649536,0.0,0.29466915130615234,0.0,-0.27786964178085327,0.0,0.6190476417541504,0.5023808479309082,0.9205172657966614,0.8788949251174927,1.0,0.095238097012043,0.7521281242370605,0.30000001192092896,0.20000000298023224,0.20000000298023224,0.15000000596046448,0.15000000596046448,1.0,1.0,1.0,1.0
complex_fixed_v018_r1,closed_loop,complex,full,1,0.18,False,30.318957949,1785051007.5506408,2.986253089890302,-0.04539035619739515,-0.18882805775660252,0.17122489862855164,0.222209470309103,3.301401246059189,0.18,0.4292449352186851,21.0,2.9580821797766688,-0.029465950497988076,3.9624752630541216,0.004660197905860505,4.947595582818357,0.047219373491848814,0.5557321906089783,0.14100010693073273,0.09100010991096497,0.7697805166244507,1.0,1,ROW_FOLLOW,TRACKING,1.0,36.0,104.0,0.2309558242559433,0.01885402202606201,0.0,0.3032028079032898,0.0,-0.26549476385116577,0.0,0.6190476417541504,0.5809522867202759,0.9262201189994812,0.8842118382453918,1.0,0.2380952388048172,0.7697805166244507,0.30000001192092896,0.20000000298023224,0.20000000298023224,0.15000000596046448,0.15000000596046448,1.0,1.0,1.0,1.0
complex_fixed_v018_r1,closed_loop,complex,full,1,0.18,False,30.369427357,1785051007.6011102,2.9860926517677764,-0.04496453270275547,-0.1793467743073589,0.17106095680248695,0.24554122557410732,3.3018787075676275,0.18,0.40596644317761643,21.0,2.9580821797766688,-0.029465950497988076,3.9624752630541216,0.004660197905860505,4.947595582818357,0.047219373491848814,0.5557321906089783,0.14100010693073273,0.09100010991096497,0.7697805166244507,1.0,1,ROW_FOLLOW,TRACKING,1.0,36.0,104.0,0.2309558242559433,0.01885402202606201,0.0,0.3032028079032898,0.0,-0.26549476385116577,0.0,0.6190476417541504,0.5809522867202759,0.9262201189994812,0.8842118382453918,1.0,0.2380952388048172,0.7697805166244507,0.30000001192092896,0.20000000298023224,0.20000000298023224,0.15000000596046448,0.15000000596046448,1.0,1.0,1.0,1.0
complex_fixed_v018_r1,closed_loop,complex,full,1,0.18,False,30.418980803,1785051007.6506639,2.9861091423765256,-0.044372984491032365,-0.16290686665684534,0.170815043596061,0.29483916005290783,3.3024823124571,0.18,0.3768386120274808,21.0,2.9824317035219963,-0.027303808748823027,3.9870119585001356,0.001742397032765287,4.98468135742406,0.035222778937034294,0.5636118054389954,0.1554911583662033,0.10549116134643555,0.7807239294052124,1.0,1,ROW_FOLLOW,TRACKING,1.0,48.0,106.0,0.2085493803024292,0.026201337575912476,0.0,0.31053614616394043,0.0,-0.2581334710121155,0.0,0.6190476417541504,0.6071427464485168,0.9393529295921326,0.9047362208366394,1.0,0.2857142984867096,0.7807239294052124,0.30000001192092896,0.20000000298023224,0.20000000298023224,0.15000000596046448,0.15000000596046448,1.0,1.0,1.0,1.0
complex_fixed_v018_r1,closed_loop,complex,full,1,0.18,False,30.469332735,1785051007.7010157,2.986095858845973,-0.04387228471755242,-0.15042713219503717,0.17065066125508682,0.32991974293863124,3.3029860333710297,0.18,0.35556093660247867,21.0,2.9824317035219963,-0.027303808748823027,3.9870119585001356,0.001742397032765287,4.98468135742406,0.035222778937034294,0.5636118054389954,0.1554911583662033,0.10549116134643555,0.7807239294052124,1.0,1,ROW_FOLLOW,TRACKING,1.0,48.0,106.0,0.2085493803024292,0.026201337575912476,0.0,0.31053614616394043,0.0,-0.2581334710121155,0.0,0.6190476417541504,0.6071427464485168,0.9393529295921326,0.9047362208366394,1.0,0.2857142984867096,0.7807239294052124,0.30000001192092896,0.20000000298023224,0.20000000298023224,0.15000000596046448,0.15000000596046448,1.0,1.0,1.0,1.0
complex_fixed_v018_r1,closed_loop,complex,full,1,0.18,False,30.519214574,1785051007.7508976,3.0487386621469956,-0.03579181996469288,-0.12970325531644109,0.17853177477456497,0.34939205116719324,3.3666499582845786,0.18,0.3280027331820991,21.0,2.9855443178878147,-0.017973846969650976,3.9852282124349987,0.006203726893248232,4.984912098321573,0.030381297963225057,0.557483434677124,0.15049903094768524,0.10049903392791748,0.7708158493041992,1.0,1,ROW_FOLLOW,TRACKING,1.0,74.0,87.0,0.1648290604352951,0.035771481692790985,0.0,0.31858429312705994,0.0,-0.24704132974147797,0.0,0.5714285969734192,0.6595237255096436,0.9291390776634216,0.8776980638504028,1.0,0.380952388048172,0.7708158493041992,0.30000001192092896,0.20000000298023224,0.20000000298023224,0.15000000596046448,0.15000000596046448,1.0,1.0,1.0,1.0
complex_fixed_v018_r1,closed_loop,complex,full,1,0.18,False,30.569386245,1785051007.8010693,3.0574211198188377,-0.036536792933621616,-0.11570312877904954,0.17792676773262522,0.35496119686988375,3.3756054300481844,0.18,0.31136059931718174,21.0,2.9855443178878147,-0.017973846969650976,3.9852282124349987,0.006203726893248232,4.984912098321573,0.030381297963225057,0.557483434677124,0.15049903094768524,0.10049903392791748,0.7708158493041992,1.0,1,ROW_FOLLOW,TRACKING,1.0,74.0,87.0,0.1648290604352951,0.035771481692790985,0.0,0.31858429312705994,0.0,-0.24704132974147797,0.0,0.5714285969734192,0.6595237255096436,0.9291390776634216,0.8776980638504028,1.0,0.380952388048172,0.7708158493041992,0.30000001192092896,0.20000000298023224,0.20000000298023224,0.15000000596046448,0.15000000596046448,1.0,1.0,1.0,1.0
complex_fixed_v018_r1,closed_loop,complex,full,1,0.18,False,30.619378327,1785051007.8510613,3.0590492997024485,-0.03823081438895655,-0.09403645883173928,0.15980734995370002,0.34581237308882967,3.3915832922565543,0.18,0.35305280488415725,21.0,3.009320373939157,-0.00634987275262389,4.009132346398964,0.010950528144267667,5.008944308480944,0.02825093585924163,0.5663813352584839,0.15333054959774017,0.10333055257797241,0.7315645217895508,1.0,1,ROW_FOLLOW,TRACKING,1.0,91.0,69.0,0.1240045428276062,0.044367581605911255,0.0,0.32682377099990845,0.0,-0.23808860778808594,0.0,0.4285714328289032,0.6595237255096436,0.9385819435119629,0.8891459703445435,1.0,0.380952388048172,0.7315645217895508,0.30000001192092896,0.20000000298023224,0.20000000298023224,0.15000000596046448,0.15000000596046448,1.0,1.0,1.0,1.0
complex_fixed_v018_r1,closed_loop,complex,full,1,0.18,False,30.669834294,1785051007.9015174,3.067942381769074,-0.03869410109809775,-0.08085182414322523,0.16310088038959203,0.3469536233536922,3.400716119791944,0.18,0.30480413711637,21.0,3.009320373939157,-0.00634987275262389,4.009132346398964,0.010950528144267667,5.008944308480944,0.02825093585924163,0.5663813352584839,0.15333054959774017,0.10333055257797241,0.7315645217895508,1.0,1,ROW_FOLLOW,TRACKING,1.0,91.0,69.0,0.1240045428276062,0.044367581605911255,0.0,0.32682377099990845,0.0,-0.23808860778808594,0.0,0.4285714328289032,0.6595237255096436,0.9385819435119629,0.8891459703445435,1.0,0.380952388048172,0.7315645217895508,0.30000001192092896,0.20000000298023224,0.20000000298023224,0.15000000596046448,0.15000000596046448,1.0,1.0,1.0,1.0
complex_fixed_v018_r1,closed_loop,complex,full,1,0.18,False,30.719895882,1785051007.9515789,3.076563640285568,-0.0385907594476143,-0.06060859474961643,0.16590502924503486,0.3481350418325908,3.4097877418587554,0.18,0.36269738138940666,21.0,3.0366781036592223,0.00420621998660842,4.036613169290739,0.015335877939236022,5.036548244786215,0.02646554775686107,0.5570160746574402,0.13871048390865326,0.0887104868888855,0.7369489669799805,1.0,1,ROW_FOLLOW,TRACKING,1.0,93.0,76.0,0.08457785099744797,0.05146930366754532,0.0,0.3333769142627716,0.0,-0.23043830692768097,0.0,0.4761904776096344,0.6071427464485168,0.928360104560852,0.9132752418518066,1.0,0.2857142984867096,0.7369489669799805,0.30000001192092896,0.20000000298023224,0.20000000298023224,0.15000000596046448,0.15000000596046448,1.0,1.0,1.0,1.0
complex_fixed_v018_r1,closed_loop,complex,full,1,0.18,False,30.76952661,1785051008.0012095,3.07836296894767,-0.03806527566673511,-0.046924710061920116,0.16957638547808,0.34451796458339795,3.4119632217629974,0.18,0.32693852629718445,21.0,3.0366781036592223,0.00420621998660842,4.036613169290739,0.015335877939236022,5.036548244786215,0.02646554775686107,0.5570160746574402,0.13871048390865326,0.0887104868888855,0.7369489669799805,1.0,1,ROW_FOLLOW,TRACKING,1.0,93.0,76.0,0.08457785099744797,0.05146930366754532,0.0,0.3333769142627716,0.0,-0.23043830692768097,0.0,0.4761904776096344,0.6071427464485168,0.928360104560852,0.9132752418518066,1.0,0.2857142984867096,0.7369489669799805,0.30000001192092896,0.20000000298023224,0.20000000298023224,0.15000000596046448,0.15000000596046448,1.0,1.0,1.0,1.0
complex_fixed_v018_r1,closed_loop,complex,full,1,0.18,False,30.819149626,1785051008.0508327,3.078054290359989,-0.037234799802214294,-0.02507553852226785,0.16934585270068936,0.35973088611310655,3.4129538648747593,0.18,0.3095251566967751,20.0,3.0675998329439977,0.013555189082524614,4.072569450558802,0.019984010540821728,5.000875530944826,0.025776971140481882,0.5606885552406311,0.14434410631656647,0.0943441092967987,0.7578155994415283,1.0,0,ROW_FOLLOW,TRACKING,1.0,88.0,84.0,0.04721919819712639,0.05800767242908478,0.0,0.33862537145614624,0.0,-0.22261002659797668,0.0,0.523809552192688,0.6333332657814026,0.9344808459281921,0.9140661358833313,1.0,0.3333333432674408,0.7578155994415283,0.30000001192092896,0.20000000298023224,0.20000000298023224,0.15000000596046448,0.15000000596046448,1.0,1.0,1.0,1.0
complex_fixed_v018_r1,closed_loop,complex,full,1,0.18,False,30.869508215,1785051008.1011913,3.077962563898634,-0.036620643655723255,-0.011122272882514665,0.16919235709801325,0.35014457419267825,3.413576928838863,0.18,0.2853909722673352,20.0,3.0675998329439977,0.013555189082524614,4.072569450558802,0.019984010540821728,5.000875530944826,0.025776971140481882,0.5606885552406311,0.14434410631656647,0.0943441092967987,0.7578155994415283,1.0,0,ROW_FOLLOW,TRACKING,1.0,88.0,84.0,0.04721919819712639,0.05800767242908478,0.0,0.33862537145614624,0.0,-0.22261002659797668,0.0,0.523809552192688,0.6333332657814026,0.9344808459281921,0.9140661358833313,1.0,0.3333333432674408,0.7578155994415283,0.30000001192092896,0.20000000298023224,0.20000000298023224,0.15000000596046448,0.15000000596046448,1.0,1.0,1.0,1.0
complex_fixed_v018_r1,closed_loop,complex,full,1,0.18,False,30.919049404,1785051008.1507325,3.077828604190123,-0.03585037722257508,0.008997800894968938,0.1689636645518244,0.32669714705550523,3.4143735981750054,0.18,0.2867174131843263,19.0,3.074468879897081,0.01993666122070417,3.9744485598560253,0.024633218070625722,4.974427672553668,0.02965121844812367,0.5601943135261536,0.15507365763187408,0.10507366061210632,0.7632251977920532,1.0,0,ROW_FOLLOW,TRACKING,1.0,88.0,98.0,0.00884310808032751,0.06340385973453522,0.0,0.3436006009578705,0.0,-0.21679288148880005,0.0,0.523809552192688,0.6595237255096436,0.9336569905281067,0.9163079261779785,1.0,0.380952388048172,0.7632251977920532,0.30000001192092896,0.20000000298023224,0.20000000298023224,0.15000000596046448,0.15000000596046448,1.0,1.0,1.0,1.0
complex_fixed_v018_r1,closed_loop,complex,full,1,0.18,False,30.969451386,1785051008.2011344,3.0777318862853202,-0.03528495999458412,0.021590495778477607,0.1688083263794757,0.3077800742854981,3.414948270306826,0.18,0.25427461921822786,19.0,3.074468879897081,0.01993666122070417,3.9744485598560253,0.024633218070625722,4.974427672553668,0.02965121844812367,0.5601943135261536,0.15507365763187408,0.10507366061210632,0.7632251977920532,1.0,0,ROW_FOLLOW,TRACKING,1.0,88.0,98.0,0.00884310808032751,0.06340385973453522,0.0,0.3436006009578705,0.0,-0.21679288148880005,0.0,0.523809552192688,0.6595237255096436,0.9336569905281067,0.9163079261779785,1.0,0.380952388048172,0.7632251977920532,0.30000001192092896,0.20000000298023224,0.20000000298023224,0.15000000596046448,0.15000000596046448,1.0,1.0,1.0,1.0
complex_fixed_v018_r1,closed_loop,complex,full,1,0.18,False,31.019432493,1785051008.2511156,3.125903225313545,-0.04236419307293448,0.03843316410783926,0.16559014612505862,0.2794518738621387,3.464262404146111,0.18,0.33928189454621804,20.0,3.0778673961381284,0.026323647447070705,4.082863308089267,0.028587612145543357,5.077969735058387,0.02811164823389996,0.5582544207572937,0.15752382576465607,0.1075238287448883,0.7525831460952759,1.0,0,ROW_FOLLOW,TRACKING,1.0,98.0,87.0,-0.02579990029335022,0.06717564165592194,0.0,0.34642061591148376,0.0,-0.2120693325996399,0.0,0.4761904776096344,0.6595237255096436,0.9304240345954895,0.9449097514152527,1.0,0.380952388048172,0.7525831460952759,0.30000001192092896,0.20000000298023224,0.20000000298023224,0.15000000596046448,0.15000000596046448,1.0,1.0,1.0,1.0
complex_fixed_v018_r1,closed_loop,complex,full,1,0.18,False,31.069316828,1785051008.3009999,3.1351477697478476,-0.04164819962602519,0.05063664281873105,0.17019571094613203,0.2840906425381876,3.4737554294730204,0.18,0.2316644528056717,20.0,3.0778673961381284,0.026323647447070705,4.082863308089267,0.028587612145543357,5.077969735058387,0.02811164823389996,0.5582544207572937,0.15752382576465607,0.1075238287448883,0.7525831460952759,1.0,0,ROW_FOLLOW,TRACKING,1.0,98.0,87.0,-0.02579990029335022,0.06717564165592194,0.0,0.34642061591148376,0.0,-0.2120693325996399,0.0,0.4761904776096344,0.6595237255096436,0.9304240345954895,0.9449097514152527,1.0,0.380952388048172,0.7525831460952759,0.30000001192092896,0.20000000298023224,0.20000000298023224,0.15000000596046448,0.15000000596046448,1.0,1.0,1.0,1.0
complex_fixed_v018_r1,closed_loop,complex,full,1,0.18,False,31.118966821,1785051008.3506498,3.144000161881365,-0.040440352409804134,0.06875732608833522,0.17298679738288864,0.28847896744577056,3.4831155838231465,0.18,0.2937828456436222,20.0,3.0970530990276495,0.02941457777578156,4.125361820715408,0.02772466487125866,5.106691532003746,0.021796667274705986,0.5610756874084473,0.15724532306194305,0.10724532604217529,0.7461822032928467,1.0,0,ROW_FOLLOW,TRACKING,1.0,89.0,100.0,-0.06129372864961624,0.07086740434169769,0.0,0.34957778453826904,0.0,-0.20784297585487366,0.0,0.452380895614624,0.6595237255096436,0.9351260662078857,0.9435866475105286,1.0,0.380952388048172,0.7461822032928467,0.30000001192092896,0.20000000298023224,0.20000000298023224,0.15000000596046448,0.15000000596046448,1.0,1.0,1.0,1.0
complex_fixed_v018_r1,closed_loop,complex,full,1,0.18,False,31.169305697,1785051008.4009886,3.145198023374568,-0.039795129371199424,0.0805435097910063,0.17450302878733062,0.313536449447464,3.484720481317399,0.18,0.2744855612334363,20.0,3.0970530990276495,0.02941457777578156,4.125361820715408,0.02772466487125866,5.106691532003746,0.021796667274705986,0.5610756874084473,0.15724532306194305,0.10724532604217529,0.7461822032928467,1.0,0,ROW_FOLLOW,TRACKING,1.0,89.0,100.0,-0.06129372864961624,0.07086740434169769,0.0,0.34957778453826904,0.0,-0.20784297585487366,0.0,0.452380895614624,0.6595237255096436,0.9351260662078857,0.9435866475105286,1.0,0.380952388048172,0.7461822032928467,0.30000001192092896,0.20000000298023224,0.20000000298023224,0.15000000596046448,0.15000000596046448,1.0,1.0,1.0,1.0
complex_fixed_v018_r1,closed_loop,complex,full,1,0.18,False,31.219360021,1785051008.4510431,3.1448668255342866,-0.03911453468251087,0.09825149222228853,0.17449447009104252,0.2927496447048907,3.4855505394718143,0.18,0.2191473568869878,21.0,3.119819981977719,0.03138269244850667,4.148114001248977,0.02463707448371415,5.145850736836923,0.011892711210908603,0.5561676621437073,0.158954456448555,0.10895445942878723,0.7349987030029297,1.0,0,ROW_FOLLOW,TRACKING,1.0,90.0,95.0,-0.091036356985569,0.07267715036869049,0.0,0.35066789388656616,0.0,-0.20531359314918518,0.0,0.4285714328289032,0.6333332657814026,0.9269459843635559,0.962476372718811,1.0,0.3333333432674408,0.7349987030029297,0.30000001192092896,0.20000000298023224,0.20000000298023224,0.15000000596046448,0.15000000596046448,1.0,1.0,1.0,1.0
complex_fixed_v018_r1,closed_loop,complex,full,1,0.18,False,31.269415018,1785051008.501098,3.144649932536487,-0.03860759230729948,0.10945999652537713,0.17448880049806847,0.28607392672421617,3.486109548960697,0.18,0.19954467408760587,21.0,3.119819981977719,0.03138269244850667,4.148114001248977,0.02463707448371415,5.145850736836923,0.011892711210908603,0.5561676621437073,0.158954456448555,0.10895445942878723,0.7349987030029297,1.0,0,ROW_FOLLOW,TRACKING,1.0,90.0,95.0,-0.091036356985569,0.07267715036869049,0.0,0.35066789388656616,0.0,-0.20531359314918518,0.0,0.4285714328289032,0.6333332657814026,0.9269459843635559,0.962476372718811,1.0,0.3333333432674408,0.7349987030029297,0.30000001192092896,0.20000000298023224,0.20000000298023224,0.15000000596046448,0.15000000596046448,1.0,1.0,1.0,1.0
complex_fixed_v018_r1,closed_loop,complex,full,1,0.18,False,31.319119636,1785051008.5508027,3.1444040654677208,-0.03796683800415151,0.12616754234062008,0.17448035243564838,0.2783624466141195,3.4868251769256706,0.18,0.14405765389407382,21.0,3.1424220115486095,0.03201705043924951,4.170698665839249,0.021208764677457314,5.145572976202489,0.012555855841153353,0.5571571588516235,0.15545658767223358,0.10545659065246582,0.7631460428237915,1.0,0,ROW_FOLLOW,TRACKING,1.0,88.0,106.0,-0.11982966214418411,0.07256943732500076,0.0,0.351027250289917,0.0,-0.20588837563991547,0.0,0.523809552192688,0.6333332657814026,0.928595244884491,0.9574496746063232,1.0,0.3333333432674408,0.7631460428237915,0.30000001192092896,0.20000000298023224,0.20000000298023224,0.15000000596046448,0.15000000596046448,1.0,1.0,1.0,1.0
complex_fixed_v018_r1,closed_loop,complex,full,1,0.18,False,31.369401423,1785051008.6010845,3.1441990349146627,-0.03744166055095216,0.13734101148167396,0.17447464714720062,0.2852682746697603,3.487401431723642,0.18,0.12432116542785843,21.0,3.1424220115486095,0.03201705043924951,4.170698665839249,0.021208764677457314,5.145572976202489,0.012555855841153353,0.5571571588516235,0.15545658767223358,0.10545659065246582,0.7631460428237915,1.0,0,ROW_FOLLOW,TRACKING,1.0,88.0,106.0,-0.11982966214418411,0.07256943732500076,0.0,0.351027250289917,0.0,-0.20588837563991547,0.0,0.523809552192688,0.6333332657814026,0.928595244884491,0.9574496746063232,1.0,0.3333333432674408,0.7631460428237915,0.30000001192092896,0.20000000298023224,0.20000000298023224,0.15000000596046448,0.15000000596046448,1.0,1.0,1.0,1.0
complex_fixed_v018_r1,closed_loop,complex,full,1,0.18,False,31.419056343,1785051008.6507394,3.1439401370368447,-0.03680088105159756,0.15610004131944458,0.17446622724717134,0.3116780838578727,3.4881239675158966,0.18,0.10099386247789612,20.0,3.145303703850747,0.0338477261116731,4.145262897415243,0.025134596638405542,5.078559137085171,0.017116873521270098,0.5554690957069397,0.15699560940265656,0.1069956123828888,0.7657773494720459,1.0,0,ROW_FOLLOW,TRACKING,1.0,90.0,97.0,-0.1483910083770752,0.07199204713106155,0.0,0.34982776641845703,0.0,-0.20584367215633392,0.0,0.5317460298538208,0.6333332657814026,0.9257817268371582,0.9628705382347107,1.0,0.3333333432674408,0.7657773494720459,0.30000001192092896,0.20000000298023224,0.20000000298023224,0.15000000596046448,0.15000000596046448,1.0,1.0,1.0,1.0
complex_fixed_v018_r1,closed_loop,complex,full,1,0.18,False,31.469355283,1785051008.7010384,3.1436949129218794,-0.036296803268249245,0.16893181952581895,0.17446058368368553,0.32308525972750113,3.4886908646649744,0.18,0.07876061468873163,20.0,3.145303703850747,0.0338477261116731,4.145262897415243,0.025134596638405542,5.078559137085171,0.017116873521270098,0.5554690957069397,0.15699560940265656,0.1069956123828888,0.7657773494720459,1.0,0,ROW_FOLLOW,TRACKING,1.0,90.0,97.0,-0.1483910083770752,0.07199204713106155,0.0,0.34982776641845703,0.0,-0.20584367215633392,0.0,0.5317460298538208,0.6333332657814026,0.9257817268371582,0.9628705382347107,1.0,0.3333333432674408,0.7657773494720459,0.30000001192092896,0.20000000298023224,0.20000000298023224,0.15000000596046448,0.15000000596046448,1.0,1.0,1.0,1.0
complex_fixed_v018_r1,closed_loop,complex,full,1,0.18,False,31.519150847,1785051008.750834,3.226504222433749,-0.007495886401808082,0.1873315130926722,0.1933021648904981,0.2926152689508788,3.577023017481676,0.18,-0.08652430526118161,20.0,3.1445357270396124,0.033989122787871126,4.149513274363186,0.02875685595148009,5.111159349297599,0.023870744279934814,0.5578093528747559,0.15862645208835602,0.10862645506858826,0.7574806213378906,1.0,0,ROW_FOLLOW,TRACKING,1.0,94.0,109.0,-0.17538982629776,0.06942705810070038,0.0,0.3475063443183899,0.0,-0.20865222811698914,0.0,0.4841269850730896,0.6595237255096436,0.9296824336051941,0.9626752734184265,1.0,0.380952388048172,0.7574806213378906,0.30000001192092896,0.20000000298023224,0.20000000298023224,0.15000000596046448,0.15000000596046448,1.0,1.0,1.0,1.0
complex_fixed_v018_r1,closed_loop,complex,full,1,0.18,False,31.569225748,1785051008.8009088,3.226775537512456,-0.020460203290253588,0.19834803245110377,0.19142954411925486,0.2629077841611653,3.6043545370841383,0.18,-0.05341373228264605,20.0,3.1445357270396124,0.033989122787871126,4.149513274363186,0.02875685595148009,5.111159349297599,0.023870744279934814,0.5578093528747559,0.15862645208835602,0.10862645506858826,0.7574806213378906,1.0,0,ROW_FOLLOW,TRACKING,1.0,94.0,109.0,-0.17538982629776,0.06942705810070038,0.0,0.3475063443183899,0.0,-0.20865222811698914,0.0,0.4841269850730896,0.6595237255096436,0.9296824336051941,0.9626752734184265,1.0,0.380952388048172,0.7574806213378906,0.30000001192092896,0.20000000298023224,0.20000000298023224,0.15000000596046448,0.15000000596046448,1.0,1.0,1.0,1.0
complex_fixed_v018_r1,closed_loop,complex,full,1,0.18,False,31.619037698,1785051008.850721,3.2351107612362493,-0.018664747284157665,0.21216127197980322,0.18506848920180397,0.20997778143116586,3.6129588186034325,0.18,-0.06800373600540426,19.0,3.171609874533114,0.03734369130846827,4.0716049695101235,0.036446631735826955,5.1049329005814945,0.035527781560667,0.5589766502380371,0.1610163301229477,0.11101633310317993,0.749613881111145,1.0,0,ROW_FOLLOW,TRACKING,1.0,97.0,101.0,-0.20069155097007751,0.06448202580213547,0.0,0.34316930174827576,0.0,-0.21420525014400482,0.0,0.460317462682724,0.6595237255096436,0.931627631187439,0.9552558660507202,1.0,0.380952388048172,0.749613881111145,0.30000001192092896,0.20000000298023224,0.20000000298023224,0.15000000596046448,0.15000000596046448,1.0,1.0,1.0,1.0
complex_fixed_v018_r1,closed_loop,complex,full,1,0.18,False,31.669437696,1785051008.9011207,3.2498414978586747,-0.01473571204392031,0.2196555312887759,0.1876801351688587,0.16753722090779216,3.62898846245159,0.18,-0.09265641445670945,19.0,3.171609874533114,0.03734369130846827,4.0716049695101235,0.036446631735826955,5.1049329005814945,0.035527781560667,0.5589766502380371,0.1610163301229477,0.11101633310317993,0.749613881111145,1.0,0,ROW_FOLLOW,TRACKING,1.0,97.0,101.0,-0.20069155097007751,0.06448202580213547,0.0,0.34316930174827576,0.0,-0.21420525014400482,0.0,0.460317462682724,0.6595237255096436,0.931627631187439,0.9552558660507202,1.0,0.380952388048172,0.749613881111145,0.30000001192092896,0.20000000298023224,0.20000000298023224,0.15000000596046448,0.15000000596046448,1.0,1.0,1.0,1.0
complex_fixed_v018_r1,closed_loop,complex,full,1,0.18,False,31.719694842,1785051008.9513779,3.258147183801082,-0.012616399877457714,0.2294525901628069,0.18531381213927475,0.1705524984662827,3.637705449782511,0.18,-0.12040845160839411,21.0,3.2067313169330767,0.04080889044499224,4.211730274214301,0.04114303261656063,5.249911005651578,0.04253502009812852,0.560714066028595,0.16090865433216095,0.11090865731239319,0.7495677471160889,1.0,0,ROW_FOLLOW,TRACKING,1.0,101.0,99.0,-0.22391320765018463,0.05981236696243286,0.0,0.33828967809677124,0.0,-0.21866494417190552,0.0,0.444444477558136,0.6857142448425293,0.9345234632492065,0.9479125142097473,1.0,0.4285714328289032,0.7495677471160889,0.30000001192092896,0.20000000298023224,0.20000000298023224,0.15000000596046448,0.15000000596046448,1.0,1.0,1.0,1.0
complex_fixed_v018_r1,closed_loop,complex,full,1,0.18,False,31.769311457,1785051009.0009944,3.2673988060515486,-0.010095647657374699,0.23606647426719798,0.18399272795726437,0.15942713723361096,3.6474359537450147,0.18,-0.13489431346621092,21.0,3.2067313169330767,0.04080889044499224,4.211730274214301,0.04114303261656063,5.249911005651578,0.04253502009812852,0.560714066028595,0.16090865433216095,0.11090865731239319,0.7495677471160889,1.0,0,ROW_FOLLOW,TRACKING,1.0,101.0,99.0,-0.22391320765018463,0.05981236696243286,0.0,0.33828967809677124,0.0,-0.21866494417190552,0.0,0.444444477558136,0.6857142448425293,0.9345234632492065,0.9479125142097473,1.0,0.4285714328289032,0.7495677471160889,0.30000001192092896,0.20000000298023224,0.20000000298023224,0.15000000596046448,0.15000000596046448,1.0,1.0,1.0,1.0
complex_fixed_v018_r1,closed_loop,complex,full,1,0.18,False,31.819587356,1785051009.0512705,3.274711661592582,-0.012039584679482818,0.24305116485954198,0.18259322004090905,0.10350148246849311,3.655295071220484,0.18,-0.059065750904366436,21.0,3.248083465484504,0.0447450817847271,4.248077017553434,0.0431981625276045,5.2587960102159945,0.038129658282701026,0.5575133562088013,0.15548060834407806,0.1054806113243103,0.7457042932510376,1.0,0,ROW_FOLLOW,TRACKING,1.0,96.0,99.0,-0.2417597621679306,0.055207327008247375,0.0,0.33365872502326965,0.0,-0.2232440710067749,0.0,0.4682539403438568,0.6333332657814026,0.9291887879371643,0.951491117477417,1.0,0.3333333432674408,0.7457042932510376,0.30000001192092896,0.20000000298023224,0.20000000298023224,0.15000000596046448,0.15000000596046448,1.0,1.0,1.0,1.0
complex_fixed_v018_r1,closed_loop,complex,full,1,0.18,False,31.869484557,1785051009.1011677,3.2833461530254664,-0.00978080418087095,0.2467140727266015,0.18181726844360885,0.08629438671233124,3.6642842923988796,0.18,-0.06670927831268102,21.0,3.248083465484504,0.0447450817847271,4.248077017553434,0.0431981625276045,5.2587960102159945,0.038129658282701026,0.5575133562088013,0.15548060834407806,0.1054806113243103,0.7457042932510376,1.0,0,ROW_FOLLOW,TRACKING,1.0,96.0,99.0,-0.2417597621679306,0.055207327008247375,0.0,0.33365872502326965,0.0,-0.2232440710067749,0.0,0.4682539403438568,0.6333332657814026,0.9291887879371643,0.951491117477417,1.0,0.3333333432674408,0.7457042932510376,0.30000001192092896,0.20000000298023224,0.20000000298023224,0.15000000596046448,0.15000000596046448,1.0,1.0,1.0,1.0
complex_fixed_v018_r1,closed_loop,complex,full,1,0.18,False,31.919971534,1785051009.1516547,3.292088701463144,-0.0073903784607368015,0.2500652286954459,0.1825481507219799,0.04022114715467271,3.6734244580555337,0.18,-0.10589767837169191,19.0,3.267104889293188,0.043698947815324886,4.167093021308973,0.03957482909379901,5.133746373461341,0.034999377793367314,0.5560967326164246,0.156250461935997,0.10625046491622925,0.7623684406280518,1.0,0,ROW_FOLLOW,TRACKING,1.0,87.0,86.0,-0.2534840703010559,0.05066521465778351,0.0,0.32918882369995117,0.0,-0.22785839438438416,0.0,0.523809552192688,0.6333332657814026,0.9268279075622559,0.9546223878860474,1.0,0.3333333432674408,0.7623684406280518,0.30000001192092896,0.20000000298023224,0.20000000298023224,0.15000000596046448,0.15000000596046448,1.0,1.0,1.0,1.0
complex_fixed_v018_r1,closed_loop,complex,full,1,0.18,False,31.969323662,1785051009.2010067,3.2937468409675037,-0.0068418124652206746,0.25174411160649285,0.18277242645841518,0.03898572004170188,3.6752164160535665,0.18,-0.10958975304013434,19.0,3.267104889293188,0.043698947815324886,4.167093021308973,0.03957482909379901,5.133746373461341,0.034999377793367314,0.5560967326164246,0.156250461935997,0.10625046491622925,0.7623684406280518,1.0,0,ROW_FOLLOW,TRACKING,1.0,87.0,86.0,-0.2534840703010559,0.05066521465778351,0.0,0.32918882369995117,0.0,-0.22785839438438416,0.0,0.523809552192688,0.6333332657814026,0.9268279075622559,0.9546223878860474,1.0,0.3333333432674408,0.7623684406280518,0.30000001192092896,0.20000000298023224,0.20000000298023224,0.15000000596046448,0.15000000596046448,1.0,1.0,1.0,1.0
complex_fixed_v018_r1,closed_loop,complex,full,1,0.18,False,32.01956324,1785051009.2512465,3.293668391285767,-0.00671011735659388,0.2548614198417534,0.18293345362187058,0.04677702130983715,3.675377130884211,0.18,-0.14350314295372146,21.0,3.282086926296785,0.04279388953023264,4.2869889334793685,0.031080435426872072,5.281015035140739,0.015480343557233501,0.555036187171936,0.15540792047977448,0.10540792346000671,0.752659797668457,1.0,0,ROW_FOLLOW,TRACKING,1.0,94.0,65.0,-0.27432164549827576,0.04924199730157852,0.0,0.3271467387676239,0.0,-0.22866274416446686,0.0,0.4841269850730896,0.6333332657814026,0.9250604510307312,0.9716195464134216,1.0,0.3333333432674408,0.752659797668457,0.30000001192092896,0.20000000298023224,0.20000000298023224,0.15000000596046448,0.15000000596046448,1.0,1.0,1.0,1.0
complex_fixed_v018_r1,closed_loop,complex,full,1,0.18,False,32.06965267,1785051009.3013358,3.293556419751039,-0.006610222158783656,0.2572848627462367,0.1830392254869651,0.07130089782109203,3.6755335401559526,0.18,-0.14945362641483656,21.0,3.282086926296785,0.04279388953023264,4.2869889334793685,0.031080435426872072,5.281015035140739,0.015480343557233501,0.555036187171936,0.15540792047977448,0.10540792346000671,0.752659797668457,1.0,0,ROW_FOLLOW,TRACKING,1.0,94.0,65.0,-0.27432164549827576,0.04924199730157852,0.0,0.3271467387676239,0.0,-0.22866274416446686,0.0,0.4841269850730896,0.6333332657814026,0.9250604510307312,0.9716195464134216,1.0,0.3333333432674408,0.752659797668457,0.30000001192092896,0.20000000298023224,0.20000000298023224,0.15000000596046448,0.15000000596046448,1.0,1.0,1.0,1.0
complex_fixed_v018_r1,closed_loop,complex,full,1,0.18,False,32.119418026,1785051009.351101,3.335370142340367,0.0105336090479021,0.2591681101385573,0.2029852234046098,0.03738522119777729,3.720752849140609,0.18,-0.2350982245424914,21.0,3.291363269439475,0.04270981866538998,4.296021261676998,0.020001882087894954,5.29419745546246,-0.017629233705748103,0.5597129464149475,0.16400094330310822,0.11400094628334045,0.7323015928268433,1.0,0,ROW_FOLLOW,TRACKING,1.0,87.0,60.0,-0.296718031167984,0.05148696154356003,0.0,0.3300396800041199,0.0,-0.22706575691699982,0.0,0.4365079402923584,0.6071427464485168,0.932854950428009,0.9556643962860107,1.0,0.2857142984867096,0.7323015928268433,0.30000001192092896,0.20000000298023224,0.20000000298023224,0.15000000596046448,0.15000000596046448,1.0,1.0,1.0,1.0
complex_fixed_v018_r1,closed_loop,complex,full,1,0.18,False,32.170018479,1785051009.4017015,3.3446124909269126,0.01303360240122444,0.2607367625064393,0.19975456784151352,0.02397268860763259,3.730356444826143,0.18,-0.3141439789426595,21.0,3.291363269439475,0.04270981866538998,4.296021261676998,0.020001882087894954,5.29419745546246,-0.017629233705748103,0.5597129464149475,0.16400094330310822,0.11400094628334045,0.7323015928268433,1.0,0,ROW_FOLLOW,TRACKING,1.0,87.0,60.0,-0.296718031167984,0.05148696154356003,0.0,0.3300396800041199,0.0,-0.22706575691699982,0.0,0.4365079402923584,0.6071427464485168,0.932854950428009,0.9556643962860107,1.0,0.2857142984867096,0.7323015928268433,0.30000001192092896,0.20000000298023224,0.20000000298023224,0.15000000596046448,0.15000000596046448,1.0,1.0,1.0,1.0
complex_fixed_v018_r1,closed_loop,complex,full,1,0.18,False,32.219585109,1785051009.4512682,3.353968897417092,0.016081293148921223,0.2628636391337911,0.20317037333730104,0.04369594920077364,3.740363678605326,0.18,-0.2519738120779695,21.0,3.312370982418313,0.05005220729597263,4.311741717419572,0.015613927580919547,5.31111248493163,-0.018824348812548148,0.5600199699401855,0.16145889461040497,0.11145889759063721,0.7319881916046143,1.0,0,ROW_FOLLOW,TRACKING,1.0,77.0,61.0,-0.3028116822242737,0.04992099106311798,0.0,0.32769280672073364,0.0,-0.22785082459449768,0.0,0.4365079402923584,0.6071427464485168,0.9327635169029236,0.9536966681480408,1.0,0.2857142984867096,0.7319881916046143,0.30000001192092896,0.20000000298023224,0.20000000298023224,0.15000000596046448,0.15000000596046448,1.0,1.0,1.0,1.0
complex_fixed_v018_r1,closed_loop,complex,full,1,0.18,False,32.269330145,1785051009.5010133,3.3591803276081738,0.01683065095269685,0.2640672874960064,0.19789695497319792,0.03352572464774985,3.753851549993634,0.18,-0.2543626146639334,21.0,3.312370982418313,0.05005220729597263,4.311741717419572,0.015613927580919547,5.31111248493163,-0.018824348812548148,0.5600199699401855,0.16145889461040497,0.11145889759063721,0.7319881916046143,1.0,0,ROW_FOLLOW,TRACKING,1.0,77.0,61.0,-0.3028116822242737,0.04992099106311798,0.0,0.32769280672073364,0.0,-0.22785082459449768,0.0,0.4365079402923584,0.6071427464485168,0.9327635169029236,0.9536966681480408,1.0,0.2857142984867096,0.7319881916046143,0.30000001192092896,0.20000000298023224,0.20000000298023224,0.15000000596046448,0.15000000596046448,1.0,1.0,1.0,1.0
complex_fixed_v018_r1,closed_loop,complex,full,1,0.18,False,32.319704319,1785051009.5513873,3.36790437679666,0.019224943282755293,0.26531271692526376,0.19606254161224076,0.029178962811367233,3.7629182990581604,0.18,-0.24995611053080746,21.0,3.3344110955258053,0.05687525504572608,4.333612591871703,0.01694674748185281,5.332814079944666,-0.022981751745336357,0.5530827045440674,0.16009248793125153,0.11009249091148376,0.7137343883514404,1.0,0,ROW_FOLLOW,TRACKING,1.0,82.0,66.0,-0.30312350392341614,0.046061255037784576,0.0,0.32213568687438965,0.0,-0.2300131767988205,0.0,0.39682537317276,0.5809522867202759,0.9218045473098755,0.9609024524688721,1.0,0.2380952388048172,0.7137343883514404,0.30000001192092896,0.20000000298023224,0.20000000298023224,0.15000000596046448,0.15000000596046448,1.0,1.0,1.0,1.0
complex_fixed_v018_r1,closed_loop,complex,full,1,0.18,False,32.369293894,1785051009.600977,3.378441673712016,0.022597020338672464,0.26621933620638066,0.18612815911906097,0.041512884365448914,3.774028658399991,0.18,-0.26277285592663674,21.0,3.3344110955258053,0.05687525504572608,4.333612591871703,0.01694674748185281,5.332814079944666,-0.022981751745336357,0.5530827045440674,0.16009248793125153,0.11009249091148376,0.7137343883514404,1.0,0,ROW_FOLLOW,TRACKING,1.0,82.0,66.0,-0.30312350392341614,0.046061255037784576,0.0,0.32213568687438965,0.0,-0.2300131767988205,0.0,0.39682537317276,0.5809522867202759,0.9218045473098755,0.9609024524688721,1.0,0.2380952388048172,0.7137343883514404,0.30000001192092896,0.20000000298023224,0.20000000298023224,0.15000000596046448,0.15000000596046448,1.0,1.0,1.0,1.0
complex_fixed_v018_r1,closed_loop,complex,full,1,0.18,False,32.41938518,1785051009.6510682,3.386971161328493,0.024935358105821134,0.26691543492310377,0.18622565871773922,0.027677173069988948,3.7828839918344754,0.18,-0.2550808639741616,21.0,3.3626328255049143,0.06352939409454027,4.361792681386313,0.022566437396902683,5.360952538007429,-0.018396500140286334,0.5503426194190979,0.14834405481815338,0.09834405779838562,0.7289990186691284,1.0,0,ROW_FOLLOW,TRACKING,1.0,88.0,58.0,-0.308011531829834,0.04226087033748627,0.0,0.317582905292511,0.0,-0.23306116461753845,0.0,0.4523809552192688,0.5809522867202759,0.9172376990318298,0.9576449394226074,1.0,0.2380952388048172,0.7289990186691284,0.30000001192092896,0.20000000298023224,0.20000000298023224,0.15000000596046448,0.15000000596046448,1.0,1.0,1.0,1.0
complex_fixed_v018_r1,closed_loop,complex,full,1,0.18,False,32.469455281,1785051009.7011383,3.3960363653994645,0.027408132890484955,0.26685489015464187,0.18571912093074344,-0.0017416477742788364,3.792287912158388,0.18,-0.2624001534925011,21.0,3.3626328255049143,0.06352939409454027,4.361792681386313,0.022566437396902683,5.360952538007429,-0.018396500140286334,0.5503426194190979,0.14834405481815338,0.09834405779838562,0.7289990186691284,1.0,0,ROW_FOLLOW,TRACKING,1.0,88.0,58.0,-0.308011531829834,0.04226087033748627,0.0,0.317582905292511,0.0,-0.23306116461753845,0.0,0.4523809552192688,0.5809522867202759,0.9172376990318298,0.9576449394226074,1.0,0.2380952388048172,0.7289990186691284,0.30000001192092896,0.20000000298023224,0.20000000298023224,0.15000000596046448,0.15000000596046448,1.0,1.0,1.0,1.0
complex_fixed_v018_r1,closed_loop,complex,full,1,0.18,False,32.519147516,1785051009.7508307,3.400081963537071,0.02665962904601467,0.2678167057637403,0.1853942671035872,0.00010283664280888142,3.8070144869443108,0.18,-0.26527689129430615,21.0,3.3780905288797474,0.06395765997443663,4.377228890680137,0.02249331151799601,5.376367226849702,-0.018971039537984888,0.5546701550483704,0.16189338266849518,0.11189338564872742,0.7270431518554688,1.0,1,ROW_FOLLOW,TRACKING,1.0,74.0,66.0,-0.3106990456581116,0.03997129201889038,0.0,0.31686314940452576,0.0,-0.236920565366745,0.0,0.4365079402923584,0.5809522867202759,0.9244504570960999,0.9667346477508545,1.0,0.2380952388048172,0.7270431518554688,0.30000001192092896,0.20000000298023224,0.20000000298023224,0.15000000596046448,0.15000000596046448,1.0,1.0,1.0,1.0
complex_fixed_v018_r1,closed_loop,complex,full,1,0.18,False,32.572427532,1785051009.8041105,3.4091656405030903,0.029157515430707243,0.2678890758653938,0.18490548562180018,0.006301137402135163,3.8164430106756084,0.18,-0.27353240312787236,21.0,3.3780905288797474,0.06395765997443663,4.377228890680137,0.02249331151799601,5.376367226849702,-0.018971039537984888,0.5546701550483704,0.16189338266849518,0.11189338564872742,0.7270431518554688,1.0,1,ROW_FOLLOW,TRACKING,1.0,74.0,66.0,-0.3106990456581116,0.03997129201889038,0.0,0.31686314940452576,0.0,-0.236920565366745,0.0,0.4365079402923584,0.5809522867202759,0.9244504570960999,0.9667346477508545,1.0,0.2380952388048172,0.7270431518554688,0.30000001192092896,0.20000000298023224,0.20000000298023224,0.15000000596046448,0.15000000596046448,1.0,1.0,1.0,1.0
complex_fixed_v018_r1,closed_loop,complex,full,1,0.18,False,32.621760012,1785051009.8534431,3.419892412234222,0.03125819076752603,0.2680668577671171,0.18918143826666112,-0.0016086177772696795,3.827496699616904,0.18,-0.2856380024518907,21.0,3.3953940249467327,0.06476459176252482,4.39451482593089,0.022858279401685815,5.3936356348810515,-0.019048039256189517,0.5559313893318176,0.15546239912509918,0.10546240210533142,0.7307237386703491,1.0,1,ROW_FOLLOW,TRACKING,1.0,78.0,56.0,-0.30827224254608154,0.03637602925300598,0.0,0.3143889307975769,0.0,-0.24163687229156494,0.0,0.436507910490036,0.6071427464485168,0.9265526533126831,0.9535484313964844,1.0,0.2857142984867096,0.7307237386703491,0.30000001192092896,0.20000000298023224,0.20000000298023224,0.15000000596046448,0.15000000596046448,1.0,1.0,1.0,1.0
complex_fixed_v018_r1,closed_loop,complex,full,1,0.18,False,32.66960797,1785051009.901291,3.435569613733314,0.0347709937379311,0.26801641788120456,0.1913516030028513,0.001538174946196926,3.8443562513203573,0.18,-0.2954366578612203,21.0,3.3953940249467327,0.06476459176252482,4.39451482593089,0.022858279401685815,5.3936356348810515,-0.019048039256189517,0.5559313893318176,0.15546239912509918,0.10546240210533142,0.7307237386703491,1.0,1,ROW_FOLLOW,TRACKING,1.0,78.0,56.0,-0.30827224254608154,0.03637602925300598,0.0,0.3143889307975769,0.0,-0.24163687229156494,0.0,0.436507910490036,0.6071427464485168,0.9265526533126831,0.9535484313964844,1.0,0.2857142984867096,0.7307237386703491,0.30000001192092896,0.20000000298023224,0.20000000298023224,0.15000000596046448,0.15000000596046448,1.0,1.0,1.0,1.0
complex_fixed_v018_r1,closed_loop,complex,full,1,0.18,False,32.718875136,1785051009.9505582,3.4440848653972833,0.03708403937246327,0.26750016589348485,0.18971379403563055,0.0008518670029213945,3.8531870105058577,0.18,-0.30906365520893697,21.0,3.4142430719997185,0.0651949489219916,4.413416969602317,0.024622509170743295,5.412590893913685,-0.0159499305781925,0.5576633214950562,0.1577802449464798,0.10778024792671204,0.7301782369613647,1.0,1,ROW_FOLLOW,TRACKING,1.0,78.0,54.0,-0.3058038353919983,0.031363457441329956,0.0,0.30969101190567017,0.0,-0.24696409702301025,0.0,0.4365079402923584,0.6071427464485168,0.9294388890266418,0.9460631012916565,1.0,0.2857142984867096,0.7301782369613647,0.30000001192092896,0.20000000298023224,0.20000000298023224,0.15000000596046448,0.15000000596046448,1.0,1.0,1.0,1.0
complex_fixed_v018_r1,closed_loop,complex,full,1,0.18,False,32.769413347,1785051010.0010965,3.451942839020351,0.03956974353561586,0.2667429273223752,0.1853824451340397,-0.023228016077621264,3.8635632347659343,0.18,-0.3171754330905295,21.0,3.4142430719997185,0.0651949489219916,4.413416969602317,0.024622509170743295,5.412590893913685,-0.0159499305781925,0.5576633214950562,0.1577802449464798,0.10778024792671204,0.7301782369613647,1.0,1,ROW_FOLLOW,TRACKING,1.0,78.0,54.0,-0.3058038353919983,0.031363457441329956,0.0,0.30969101190567017,0.0,-0.24696409702301025,0.0,0.4365079402923584,0.6071427464485168,0.9294388890266418,0.9460631012916565,1.0,0.2857142984867096,0.7301782369613647,0.30000001192092896,0.20000000298023224,0.20000000298023224,0.15000000596046448,0.15000000596046448,1.0,1.0,1.0,1.0
complex_fixed_v018_r1,closed_loop,complex,full,1,0.18,False,32.822854745,1785051010.0545378,3.460304402148281,0.0418321221551636,0.2657070688889579,0.18408483445561777,-0.016218700552600916,3.872240585736759,0.18,-0.3261319979364514,20.0,3.4341271860388587,0.06545479996160497,4.433454974938787,0.02899403310789497,5.366167147207949,-0.00486168169383291,0.5578011870384216,0.1573610156774521,0.10736101865768433,0.7293417453765869,1.0,1,ROW_FOLLOW,TRACKING,1.0,75.0,57.0,-0.2975834906101227,0.025420963764190674,0.0,0.3040475845336914,0.0,-0.25320565700531006,0.0,0.4365079402923584,0.6071427464485168,0.9296687245368958,0.9401803016662598,1.0,0.2857142984867096,0.7293417453765869,0.30000001192092896,0.20000000298023224,0.20000000298023224,0.15000000596046448,0.15000000596046448,1.0,1.0,1.0,1.0
complex_fixed_v018_r1,closed_loop,complex,full,1,0.18,False,32.869456875,1785051010.10114,3.4690328388997695,0.04449240036162693,0.2648436112581769,0.1751721345612371,-0.032874517229900986,3.881846575434859,0.18,-0.33483457204195877,20.0,3.4341271860388587,0.06545479996160497,4.433454974938787,0.02899403310789497,5.366167147207949,-0.00486168169383291,0.5578011870384216,0.1573610156774521,0.10736101865768433,0.7293417453765869,1.0,1,ROW_FOLLOW,TRACKING,1.0,75.0,57.0,-0.2975834906101227,0.025420963764190674,0.0,0.3040475845336914,0.0,-0.25320565700531006,0.0,0.4365079402923584,0.6071427464485168,0.9296687245368958,0.9401803016662598,1.0,0.2857142984867096,0.7293417453765869,0.30000001192092896,0.20000000298023224,0.20000000298023224,0.15000000596046448,0.15000000596046448,1.0,1.0,1.0,1.0
complex_fixed_v018_r1,closed_loop,complex,full,1,0.18,False,32.919916492,1785051010.1515996,3.477614340580009,0.04678893089302269,0.2636006284148738,0.17595436968733072,-0.023915614541328206,3.8907468459589194,0.18,-0.34799475039276184,20.0,3.4530872589842754,0.06541569790387257,4.452475246172022,0.030538021058468912,5.418553737399343,-0.00308035352160767,0.5571198463439941,0.15910978615283966,0.1091097891330719,0.7253413200378418,1.0,1,ROW_FOLLOW,TRACKING,1.0,84.0,62.0,-0.30047407746315,0.020680993795394897,0.0,0.300192654132843,0.0,-0.2588306665420532,0.0,0.4365079402923584,0.5809522867202759,0.9285330772399902,0.949945330619812,1.0,0.2380952388048172,0.7253413200378418,0.30000001192092896,0.20000000298023224,0.20000000298023224,0.15000000596046448,0.15000000596046448,1.0,1.0,1.0,1.0
complex_fixed_v018_r1,closed_loop,complex,full,1,0.18,False,32.969322286,1785051010.2010052,3.486698861399341,0.049169228264347414,0.26181249392471934,0.17738954220170788,-0.04993758198887898,3.900187142171393,0.18,-0.35438755963094876,20.0,3.4530872589842754,0.06541569790387257,4.452475246172022,0.030538021058468912,5.418553737399343,-0.00308035352160767,0.5571198463439941,0.15910978615283966,0.1091097891330719,0.7253413200378418,1.0,1,ROW_FOLLOW,TRACKING,1.0,84.0,62.0,-0.30047407746315,0.020680993795394897,0.0,0.300192654132843,0.0,-0.2588306665420532,0.0,0.4365079402923584,0.5809522867202759,0.9285330772399902,0.949945330619812,1.0,0.2380952388048172,0.7253413200378418,0.30000001192092896,0.20000000298023224,0.20000000298023224,0.15000000596046448,0.15000000596046448,1.0,1.0,1.0,1.0
complex_fixed_v018_r1,closed_loop,complex,full,1,0.18,False,33.019157405,1785051010.2508404,3.4844460840258886,0.052633780219787145,0.2597415616625157,0.16993638507479583,-0.037030308180704505,3.920187390910225,0.18,-0.3774380498547105,20.0,3.4699161509005925,0.06490934238792304,4.469339926230559,0.031016924303860726,5.468763722270961,-0.0028754699832040215,0.5540891289710999,0.1453612893819809,0.09536129236221313,0.722968578338623,1.0,1,ROW_FOLLOW,TRACKING,1.0,69.0,65.0,-0.29603540897369385,0.015449285507202148,0.0,0.29606619477272034,0.0,-0.26516762375831604,0.0,0.4365079402923584,0.5809522867202759,0.9234820008277893,0.9408624768257141,1.0,0.2380952388048172,0.722968578338623,0.30000001192092896,0.20000000298023224,0.20000000298023224,0.15000000596046448,0.15000000596046448,1.0,1.0,1.0,1.0
complex_fixed_v018_r1,closed_loop,complex,full,1,0.18,False,33.069777763,1785051010.3014607,3.4932969966123935,0.054940352978788305,0.2577343738711746,0.17241490888598815,-0.06947482652834591,3.929370240308093,0.18,-0.38416315089442266,20.0,3.4699161509005925,0.06490934238792304,4.469339926230559,0.031016924303860726,5.468763722270961,-0.0028754699832040215,0.5540891289710999,0.1453612893819809,0.09536129236221313,0.722968578338623,1.0,1,ROW_FOLLOW,TRACKING,1.0,69.0,65.0,-0.29603540897369385,0.015449285507202148,0.0,0.29606619477272034,0.0,-0.26516762375831604,0.0,0.4365079402923584,0.5809522867202759,0.9234820008277893,0.9408624768257141,1.0,0.2380952388048172,0.722968578338623,0.30000001192092896,0.20000000298023224,0.20000000298023224,0.15000000596046448,0.15000000596046448,1.0,1.0,1.0,1.0
complex_fixed_v018_r1,closed_loop,complex,full,1,0.18,False,33.119184741,1785051010.3508677,3.4993081718991923,0.056417629346782364,0.25423118988421506,0.17472489820798637,-0.05443151919464702,3.935638060050019,0.18,-0.3883562755775281,21.0,3.4835319715993904,0.06478265409181959,4.482975654645811,0.03154765392352151,5.492729174779175,0.006075833510612208,0.5568644404411316,0.15747179090976715,0.10747179388999939,0.7281233072280884,1.0,1,ROW_FOLLOW,TRACKING,1.0,97.0,62.0,-0.28590157628059387,0.009677708148956299,0.0,0.29032421112060547,0.0,-0.27096879482269287,0.0,0.4285714328289032,0.6071427464485168,0.9281075596809387,0.9500123858451843,1.0,0.2857142984867096,0.7281233072280884,0.30000001192092896,0.20000000298023224,0.20000000298023224,0.15000000596046448,0.15000000596046448,1.0,1.0,1.0,1.0
complex_fixed_v018_r1,closed_loop,complex,full,1,0.18,False,33.169499586,1785051010.4011827,3.4999314999457876,0.05647922660213406,0.2512574120402179,0.1745502941570127,-0.07881535769148526,3.936301698022573,0.18,-0.3841206353291263,21.0,3.4835319715993904,0.06478265409181959,4.482975654645811,0.03154765392352151,5.492729174779175,0.006075833510612208,0.5568644404411316,0.15747179090976715,0.10747179388999939,0.7281233072280884,1.0,1,ROW_FOLLOW,TRACKING,1.0,97.0,62.0,-0.28590157628059387,0.009677708148956299,0.0,0.29032421112060547,0.0,-0.27096879482269287,0.0,0.4285714328289032,0.6071427464485168,0.9281075596809387,0.9500123858451843,1.0,0.2857142984867096,0.7281233072280884,0.30000001192092896,0.20000000298023224,0.20000000298023224,0.15000000596046448,0.15000000596046448,1.0,1.0,1.0,1.0
complex_fixed_v018_r1,closed_loop,complex,full,1,0.18,False,33.21938597,1785051010.4510689,3.5003631368822967,0.05642815776277314,0.24641715756649557,0.17428540939546977,-0.0899780123514058,3.936831169813552,0.18,-0.38545598783807156,18.0,3.4936131121546867,0.06287895871414882,4.393219086137553,0.036567372469580355,5.326154184296326,0.009656208299940185,0.5569802522659302,0.15630434453487396,0.1063043475151062,0.7313990592956543,1.0,1,ROW_FOLLOW,TRACKING,1.0,94.0,69.0,-0.2731967568397522,0.003011539578437805,0.0,0.2836515009403229,0.0,-0.27762842178344727,0.0,0.4444444179534912,0.6071427464485168,0.9283003211021423,0.9398476481437683,1.0,0.2857142984867096,0.7313990592956543,0.30000001192092896,0.20000000298023224,0.20000000298023224,0.15000000596046448,0.15000000596046448,1.0,1.0,1.0,1.0
complex_fixed_v018_r1,closed_loop,complex,full,1,0.18,False,33.269589835,1785051010.501273,3.5321216095597863,0.06375103585144909,0.24215452440345606,0.16926033273134522,-0.10728240243829136,3.9695002943109943,0.18,-0.41037764967586277,18.0,3.4936131121546867,0.06287895871414882,4.393219086137553,0.036567372469580355,5.326154184296326,0.009656208299940185,0.5569802522659302,0.15630434453487396,0.1063043475151062,0.7313990592956543,1.0,1,ROW_FOLLOW,TRACKING,1.0,94.0,69.0,-0.2731967568397522,0.003011539578437805,0.0,0.2836515009403229,0.0,-0.27762842178344727,0.0,0.4444444179534912,0.6071427464485168,0.9283003211021423,0.9398476481437683,1.0,0.2857142984867096,0.7313990592956543,0.30000001192092896,0.20000000298023224,0.20000000298023224,0.15000000596046448,0.15000000596046448,1.0,1.0,1.0,1.0
complex_fixed_v018_r1,closed_loop,complex,full,1,0.18,False,33.31970765,1785051010.5513906,3.5350356633930757,0.06372397590735436,0.23370480567514607,0.1752101240214762,-0.13260282642177693,3.9846859049628267,0.18,-0.4002272018025867,20.0,3.508548902062269,0.06136203780436359,4.51323005367942,0.03623055481569237,5.462164434290626,0.012342882933998153,0.5606222748756409,0.15869243443012238,0.10869243741035461,0.7420248985290527,1.0,1,ROW_FOLLOW,TRACKING,1.0,90.0,60.0,-0.2623736262321472,-0.0036751627922058105,0.0,0.2768871784210205,0.0,-0.28423750400543213,0.0,0.4444444179534912,0.6595237255096436,0.934370219707489,0.9327514171600342,1.0,0.380952388048172,0.7420248985290527,0.30000001192092896,0.20000000298023224,0.20000000298023224,0.15000000596046448,0.15000000596046448,1.0,1.0,1.0,1.0
complex_fixed_v018_r1,closed_loop,complex,full,1,0.18,False,33.369909468,1785051010.6015925,3.5434522626623215,0.06567843660222614,0.22817060642704404,0.17564163193313384,-0.1318805203636217,3.9933742708872155,0.18,-0.4022763536179335,20.0,3.508548902062269,0.06136203780436359,4.51323005367942,0.03623055481569237,5.462164434290626,0.012342882933998153,0.5606222748756409,0.15869243443012238,0.10869243741035461,0.7420248985290527,1.0,1,ROW_FOLLOW,TRACKING,1.0,90.0,60.0,-0.2623736262321472,-0.0036751627922058105,0.0,0.2768871784210205,0.0,-0.28423750400543213,0.0,0.4444444179534912,0.6595237255096436,0.934370219707489,0.9327514171600342,1.0,0.380952388048172,0.7420248985290527,0.30000001192092896,0.20000000298023224,0.20000000298023224,0.15000000596046448,0.15000000596046448,1.0,1.0,1.0,1.0
complex_fixed_v018_r1,closed_loop,complex,full,1,0.18,False,33.419387488,1785051010.6510704,3.5518803355415764,0.06739880215374586,0.21796759226759174,0.1753171214235643,-0.17648726767438927,4.002123225456129,0.18,-0.4055172422704827,19.0,3.5251692617221635,0.056922079999944364,4.4250117241066675,0.04292782382310197,5.487513647978057,0.03374317248728097,0.5635895133018494,0.15764279663562775,0.10764279961585999,0.7370491027832031,1.0,1,ROW_FOLLOW,TRACKING,1.0,99.0,64.0,-0.22583496570587158,-0.014376834034919739,0.0,0.26728591322898865,0.0,-0.2960395812988281,0.0,0.4444444179534912,0.6595237255096436,0.9393156170845032,0.8929859399795532,1.0,0.380952388048172,0.7370491027832031,0.30000001192092896,0.20000000298023224,0.20000000298023224,0.15000000596046448,0.15000000596046448,1.0,1.0,1.0,1.0
complex_fixed_v018_r1,closed_loop,complex,full,1,0.18,False,33.469388564,1785051010.7010715,3.557409611391364,0.06834092522591868,0.21030059082789254,0.17540841558070117,-0.20083484983765482,4.0079033260171055,0.18,-0.39954088759312034,19.0,3.5251692617221635,0.056922079999944364,4.4250117241066675,0.04292782382310197,5.487513647978057,0.03374317248728097,0.5635895133018494,0.15764279663562775,0.10764279961585999,0.7370491027832031,1.0,1,ROW_FOLLOW,TRACKING,1.0,99.0,64.0,-0.22583496570587158,-0.014376834034919739,0.0,0.26728591322898865,0.0,-0.2960395812988281,0.0,0.4444444179534912,0.6595237255096436,0.9393156170845032,0.8929859399795532,1.0,0.380952388048172,0.7370491027832031,0.30000001192092896,0.20000000298023224,0.20000000298023224,0.15000000596046448,0.15000000596046448,1.0,1.0,1.0,1.0
complex_fixed_v018_r1,closed_loop,complex,full,1,0.18,False,33.519083103,1785051010.750766,3.5582704214119167,0.06809015889799332,0.19669550298380853,0.1752262639030918,-0.22412029299515895,4.00902315838489,0.18,-0.39538310082891065,21.0,3.5444377156274958,0.05100480009009684,4.549318968079166,0.048085483176523454,5.557605512144672,0.07089546863850628,0.5645716190338135,0.1509643942117691,0.10096439719200134,0.7298543453216553,1.0,1,ROW_FOLLOW,TRACKING,1.0,94.0,64.0,-0.19104889035224915,-0.02654227614402771,0.0,0.25567537546157837,0.0,-0.3087599277496338,0.0,0.444444477558136,0.6333332657814026,0.9409526586532593,0.8777589201927185,1.0,0.3333333432674408,0.7298543453216553,0.30000001192092896,0.20000000298023224,0.20000000298023224,0.15000000596046448,0.15000000596046448,1.0,1.0,1.0,1.0
complex_fixed_v018_r1,closed_loop,complex,full,1,0.18,False,33.569456925,1785051010.80114,3.5587688509480877,0.06781903617596201,0.1867475641031792,0.17510789031168794,-0.25288445679926413,4.009718419375585,0.18,-0.3720951241868985,21.0,3.5444377156274958,0.05100480009009684,4.549318968079166,0.048085483176523454,5.557605512144672,0.07089546863850628,0.5645716190338135,0.1509643942117691,0.10096439719200134,0.7298543453216553,1.0,1,ROW_FOLLOW,TRACKING,1.0,94.0,64.0,-0.19104889035224915,-0.02654227614402771,0.0,0.25567537546157837,0.0,-0.3087599277496338,0.0,0.444444477558136,0.6333332657814026,0.9409526586532593,0.8777589201927185,1.0,0.3333333432674408,0.7298543453216553,0.30000001192092896,0.20000000298023224,0.20000000298023224,0.15000000596046448,0.15000000596046448,1.0,1.0,1.0,1.0
complex_fixed_v018_r1,closed_loop,complex,full,1,0.18,False,33.620023041,1785051010.851706,3.59302719520979,0.07394654503379314,0.17229169853999426,0.18768395390733356,-0.23390334525044115,4.04459775260052,0.18,-0.40468706531908416,20.0,3.5625514017720925,0.042077462557919575,4.56234588523496,0.05730652480441375,5.521493020097739,0.08328122111747395,0.5644709467887878,0.1562119871377945,0.10621199011802673,0.7213221788406372,1.0,1,ROW_FOLLOW,TRACKING,1.0,100.0,55.0,-0.15480881929397583,-0.039332740008831024,0.0,0.24384631216526031,0.0,-0.32251179218292236,0.0,0.444444477558136,0.5809522867202759,0.9407843351364136,0.8909432291984558,1.0,0.2380952388048172,0.7213221788406372,0.30000001192092896,0.20000000298023224,0.20000000298023224,0.15000000596046448,0.15000000596046448,1.0,1.0,1.0,1.0
complex_fixed_v018_r1,closed_loop,complex,full,1,0.18,False,33.66931584,1785051010.9009988,3.6067140754016487,0.07832302958043086,0.1628868889659021,0.19496306628709337,-0.21718091908452758,4.060309091136125,0.18,-0.419736481397201,20.0,3.5625514017720925,0.042077462557919575,4.56234588523496,0.05730652480441375,5.521493020097739,0.08328122111747395,0.5644709467887878,0.1562119871377945,0.10621199011802673,0.7213221788406372,1.0,1,ROW_FOLLOW,TRACKING,1.0,100.0,55.0,-0.15480881929397583,-0.039332740008831024,0.0,0.24384631216526031,0.0,-0.32251179218292236,0.0,0.444444477558136,0.5809522867202759,0.9407843351364136,0.8909432291984558,1.0,0.2380952388048172,0.7213221788406372,0.30000001192092896,0.20000000298023224,0.20000000298023224,0.15000000596046448,0.15000000596046448,1.0,1.0,1.0,1.0
complex_fixed_v018_r1,closed_loop,complex,full,1,0.18,False,33.719365077,1785051010.9510481,3.6151670673128353,0.07933807874385085,0.1477377308105617,0.19003936561371723,-0.27940459899488196,4.069049406667922,0.18,-0.4155734189718815,21.0,3.5844304713264346,0.034103870186150416,4.583865472256396,0.06509377133796382,5.5822658186645,0.09556208019314738,0.5657305717468262,0.14590097963809967,0.09590098261833191,0.7308546304702759,1.0,1,ROW_FOLLOW,TRACKING,1.0,105.0,48.0,-0.11643286049365997,-0.05102402716875076,0.0,0.232148215174675,0.0,-0.3341962695121765,0.0,0.4841269850730896,0.5809522867202759,0.9362536668777466,0.8811689019203186,1.0,0.2380952388048172,0.7308546304702759,0.30000001192092896,0.20000000298023224,0.20000000298023224,0.15000000596046448,0.15000000596046448,1.0,1.0,1.0,1.0
complex_fixed_v018_r1,closed_loop,complex,full,1,0.18,False,33.769407242,1785051011.0010903,3.6241789624024956,0.08017110660826787,0.1370127538070794,0.18571750145246,-0.27172433932752044,4.0783329598188764,0.18,-0.40857041988273,21.0,3.5844304713264346,0.034103870186150416,4.583865472256396,0.06509377133796382,5.5822658186645,0.09556208019314738,0.5657305717468262,0.14590097963809967,0.09590098261833191,0.7308546304702759,1.0,1,ROW_FOLLOW,TRACKING,1.0,105.0,48.0,-0.11643286049365997,-0.05102402716875076,0.0,0.232148215174675,0.0,-0.3341962695121765,0.0,0.4841269850730896,0.5809522867202759,0.9362536668777466,0.8811689019203186,1.0,0.2380952388048172,0.7308546304702759,0.30000001192092896,0.20000000298023224,0.20000000298023224,0.15000000596046448,0.15000000596046448,1.0,1.0,1.0,1.0
complex_fixed_v018_r1,closed_loop,complex,full,1,0.18,False,33.819388573,1785051011.0510714,3.6240402965933245,0.07958512197265893,0.12144967303800856,0.1858571925629216,-0.26938566893891563,4.079001443469654,0.18,-0.3947516857366109,21.0,3.607512745182822,0.026516089576245423,4.606616442575162,0.0682735298060496,5.615895267745055,0.11648301414314476,0.565520167350769,0.14227552711963654,0.09227553009986877,0.721899151802063,1.0,1,ROW_FOLLOW,TRACKING,1.0,91.0,67.0,-0.08467226475477219,-0.0611608624458313,0.0,0.22223898768424988,0.0,-0.3445607125759125,0.0,0.4365079402923584,0.5809522867202759,0.9425331950187683,0.9083306193351746,1.0,0.2380952388048172,0.721899151802063,0.30000001192092896,0.20000000298023224,0.20000000298023224,0.15000000596046448,0.15000000596046448,1.0,1.0,1.0,1.0
complex_fixed_v018_r1,closed_loop,complex,full,1,0.18,False,33.870066341,1785051011.1017492,3.6240659110413653,0.07912376912504637,0.110825255303955,0.18595042553904095,-0.2698799904691011,4.07946407354823,0.18,-0.37654605829032267,21.0,3.607512745182822,0.026516089576245423,4.606616442575162,0.0682735298060496,5.615895267745055,0.11648301414314476,0.565520167350769,0.14227552711963654,0.09227553009986877,0.721899151802063,1.0,1,ROW_FOLLOW,TRACKING,1.0,91.0,67.0,-0.08467226475477219,-0.0611608624458313,0.0,0.22223898768424988,0.0,-0.3445607125759125,0.0,0.4365079402923584,0.5809522867202759,0.9425331950187683,0.9083306193351746,1.0,0.2380952388048172,0.721899151802063,0.30000001192092896,0.20000000298023224,0.20000000298023224,0.15000000596046448,0.15000000596046448,1.0,1.0,1.0,1.0
complex_fixed_v018_r1,closed_loop,complex,full,1,0.18,False,33.920467716,1785051011.1521509,3.640411859126873,0.09457381595128957,0.09874440432368561,0.18604622539924345,-0.2947371226624429,4.1027917081848955,0.18,-0.4710223055392829,21.0,3.621115059175532,0.019149254972808425,4.620036997784715,0.06557206822150069,5.6189589172795715,0.11199487859190223,0.5631299614906311,0.14813952147960663,0.09813952445983887,0.7345700263977051,1.0,1,ROW_FOLLOW,TRACKING,1.0,91.0,54.0,-0.05906992405653,-0.06788253039121628,0.0,0.2147037535905838,0.0,-0.35046881437301636,0.0,0.4841269850730896,0.5547617673873901,0.9385500550270081,0.9377973675727844,1.0,0.190476194024086,0.7345700263977051,0.30000001192092896,0.20000000298023224,0.20000000298023224,0.15000000596046448,0.15000000596046448,1.0,1.0,1.0,1.0
complex_fixed_v018_r1,closed_loop,complex,full,1,0.18,False,33.969611808,1785051011.201295,3.6489042379524035,0.09525703457907174,0.08027768830455398,0.1764658312583052,-0.3155315179058181,4.111433936725518,0.18,-0.4542717559399423,21.0,3.621115059175532,0.019149254972808425,4.620036997784715,0.06557206822150069,5.6189589172795715,0.11199487859190223,0.5631299614906311,0.14813952147960663,0.09813952445983887,0.7345700263977051,1.0,1,ROW_FOLLOW,TRACKING,1.0,91.0,54.0,-0.05906992405653,-0.06788253039121628,0.0,0.2147037535905838,0.0,-0.35046881437301636,0.0,0.4841269850730896,0.5547617673873901,0.9385500550270081,0.9377973675727844,1.0,0.190476194024086,0.7345700263977051,0.30000001192092896,0.20000000298023224,0.20000000298023224,0.15000000596046448,0.15000000596046448,1.0,1.0,1.0,1.0
complex_fixed_v018_r1,closed_loop,complex,full,1,0.18,False,34.019366925,1785051011.25105,3.6576364035015874,0.09547332856612419,0.059219367870988034,0.17618230524477543,-0.3841849859023628,4.120469873524368,0.18,-0.42385134888591863,19.0,3.635927490723541,0.016718190699008015,4.534717080291028,0.0629509425274682,5.500048129978862,0.11326890100090614,0.5684247016906738,0.16861410439014435,0.11861410737037659,0.7361730337142944,1.0,1,ROW_FOLLOW,TRACKING,1.0,103.0,59.0,-0.018961220979690552,-0.07533776015043259,0.0,0.20834679901599884,0.0,-0.359022319316864,0.0,0.4761904776096344,0.5809522867202759,0.9473743438720703,0.9176705479621887,1.0,0.2380952388048172,0.7361730337142944,0.30000001192092896,0.20000000298023224,0.20000000298023224,0.15000000596046448,0.15000000596046448,1.0,1.0,1.0,1.0
complex_fixed_v018_r1,closed_loop,complex,full,1,0.18,False,34.069368513,1785051011.3010516,3.666419288845742,0.0967785991904336,0.04330891137326365,0.16881724475796192,-0.38367505804138013,4.129508555128959,0.18,-0.4151436378191828,19.0,3.635927490723541,0.016718190699008015,4.534717080291028,0.0629509425274682,5.500048129978862,0.11326890100090614,0.5684247016906738,0.16861410439014435,0.11861410737037659,0.7361730337142944,1.0,1,ROW_FOLLOW,TRACKING,1.0,103.0,59.0,-0.018961220979690552,-0.07533776015043259,0.0,0.20834679901599884,0.0,-0.359022319316864,0.0,0.4761904776096344,0.5809522867202759,0.9473743438720703,0.9176705479621887,1.0,0.2380952388048172,0.7361730337142944,0.30000001192092896,0.20000000298023224,0.20000000298023224,0.15000000596046448,0.15000000596046448,1.0,1.0,1.0,1.0
complex_fixed_v018_r1,closed_loop,complex,full,1,0.18,False,34.119763712,1785051011.3514469,3.6753854932234704,0.09658910245645867,0.02021808620746012,0.17132732738597628,-0.38141858558880654,4.138818248982453,0.18,-0.37623728488027375,21.0,3.6503264102369264,0.016270352900217094,4.648956571381882,0.06816229400247849,5.646498848551445,0.10877287543691153,0.5710763931274414,0.16407020390033722,0.11407020688056946,0.7258267402648926,1.0,1,ROW_FOLLOW,TRACKING,1.0,79.0,59.0,0.005178410559892654,-0.0792812928557396,0.0,0.20588012039661407,0.0,-0.36444270610809326,0.0,0.4285714328289032,0.5809522867202759,0.9517938494682312,0.9380402565002441,1.0,0.2380952388048172,0.7258267402648926,0.30000001192092896,0.20000000298023224,0.20000000298023224,0.15000000596046448,0.15000000596046448,1.0,1.0,1.0,1.0
complex_fixed_v018_r1,closed_loop,complex,full,1,0.18,False,34.169289702,1785051011.4009728,3.6924143045277305,0.0921031850231448,0.006151257318673943,0.18121057421907366,-0.3615383381980925,4.157147910418493,0.18,-0.3484345169671823,21.0,3.6503264102369264,0.016270352900217094,4.648956571381882,0.06816229400247849,5.646498848551445,0.10877287543691153,0.5710763931274414,0.16407020390033722,0.11407020688056946,0.7258267402648926,1.0,1,ROW_FOLLOW,TRACKING,1.0,79.0,59.0,0.005178410559892654,-0.0792812928557396,0.0,0.20588012039661407,0.0,-0.36444270610809326,0.0,0.4285714328289032,0.5809522867202759,0.9517938494682312,0.9380402565002441,1.0,0.2380952388048172,0.7258267402648926,0.30000001192092896,0.20000000298023224,0.20000000298023224,0.15000000596046448,0.15000000596046448,1.0,1.0,1.0,1.0
complex_fixed_v018_r1,closed_loop,complex,full,1,0.18,False,34.219628036,1785051011.451311,3.700614149823353,0.0916150637841949,-0.015303348741846353,0.17926399849643654,-0.3668794278428979,4.165678003146286,0.18,-0.3050632222748522,21.0,3.672823368868586,0.017009515887235593,4.671666410143573,0.0632121277047608,5.680883000049508,0.09281362622185459,0.5733272433280945,0.16985414922237396,0.1198541522026062,0.6975915431976318,1.0,1,ROW_FOLLOW,TRACKING,1.0,59.0,62.0,0.022714201360940933,-0.07875879108905792,0.0,0.20692917704582214,0.0,-0.364446759223938,0.0,0.3253968060016632,0.5809522867202759,0.9555456042289734,0.9511529207229614,1.0,0.2380952388048172,0.6975915431976318,0.30000001192092896,0.20000000298023224,0.20000000298023224,0.15000000596046448,0.15000000596046448,1.0,1.0,1.0,1.0
complex_fixed_v018_r1,closed_loop,complex,full,1,0.18,False,34.269396113,1785051011.501079,3.709720645022144,0.09074591117682096,-0.030183044711520342,0.1796938098521446,-0.38348010627987,4.175213042315205,0.18,-0.2873910543152895,21.0,3.672823368868586,0.017009515887235593,4.671666410143573,0.0632121277047608,5.680883000049508,0.09281362622185459,0.5733272433280945,0.16985414922237396,0.1198541522026062,0.6975915431976318,1.0,1,ROW_FOLLOW,TRACKING,1.0,59.0,62.0,0.022714201360940933,-0.07875879108905792,0.0,0.20692917704582214,0.0,-0.364446759223938,0.0,0.3253968060016632,0.5809522867202759,0.9555456042289734,0.9511529207229614,1.0,0.2380952388048172,0.6975915431976318,0.30000001192092896,0.20000000298023224,0.20000000298023224,0.15000000596046448,0.15000000596046448,1.0,1.0,1.0,1.0
complex_fixed_v018_r1,closed_loop,complex,full,1,0.18,False,34.319160799,1785051011.550844,3.7286473728505998,0.08121835909830287,-0.05265413061195191,0.20115991524523813,-0.3849107796288944,4.196781115041334,0.18,-0.24286450311412244,19.0,3.69159773996123,0.015517344673186833,4.591119795270118,0.03925074697958323,5.557308495313042,0.06310292425868974,0.5733957886695862,0.17271722853183746,0.1227172315120697,0.7011799812316895,1.0,1,ROW_FOLLOW,TRACKING,1.0,62.0,62.0,0.039332106709480286,-0.07496383786201477,0.0,0.21163827180862427,0.0,-0.3615659475326538,0.0,0.3333333432674408,0.5809522867202759,0.9556595683097839,0.9590510129928589,1.0,0.2380952388048172,0.7011799812316895,0.30000001192092896,0.20000000298023224,0.20000000298023224,0.15000000596046448,0.15000000596046448,1.0,1.0,1.0,1.0
complex_fixed_v018_r1,closed_loop,complex,full,1,0.18,False,34.369360952,1785051011.601044,3.7366389964181694,0.08034484817485668,-0.06850983949283984,0.1971995284564705,-0.3926093402603917,4.20510394359688,0.18,-0.2230446784743368,19.0,3.69159773996123,0.015517344673186833,4.591119795270118,0.03925074697958323,5.557308495313042,0.06310292425868974,0.5733957886695862,0.17271722853183746,0.1227172315120697,0.7011799812316895,1.0,1,ROW_FOLLOW,TRACKING,1.0,62.0,62.0,0.039332106709480286,-0.07496383786201477,0.0,0.21163827180862427,0.0,-0.3615659475326538,0.0,0.3333333432674408,0.5809522867202759,0.9556595683097839,0.9590510129928589,1.0,0.2380952388048172,0.7011799812316895,0.30000001192092896,0.20000000298023224,0.20000000298023224,0.15000000596046448,0.15000000596046448,1.0,1.0,1.0,1.0
complex_fixed_v018_r1,closed_loop,complex,full,1,0.18,False,34.419329003,1785051011.6510122,3.7455566148920307,0.07880011556418176,-0.09079576319404707,0.19345758495841792,-0.36506484820337565,4.214668798767414,0.18,-0.20890771865703187,21.0,3.71359280965512,0.013268452296543781,4.71344822086956,0.021603388919619923,5.71503506340127,0.03533375473226174,0.5759026408195496,0.17267043888568878,0.12267044186592102,0.7007871866226196,1.0,1,ROW_FOLLOW,TRACKING,1.0,59.0,62.0,0.06287160515785217,-0.06950214505195618,0.0,0.217889666557312,0.0,-0.35689395666122437,0.0,0.3333333432674408,0.5809522867202759,0.9598380327224731,0.9508606791496277,1.0,0.2380952388048172,0.7007871866226196,0.30000001192092896,0.20000000298023224,0.20000000298023224,0.15000000596046448,0.15000000596046448,1.0,1.0,1.0,1.0
complex_fixed_v018_r1,closed_loop,complex,full,1,0.18,False,34.469288766,1785051011.7009718,3.7631502567056487,0.07814016522516491,-0.10536903065002609,0.21339054902638546,-0.3501894232102849,4.232631949824117,0.18,-0.10803555171809326,21.0,3.71359280965512,0.013268452296543781,4.71344822086956,0.021603388919619923,5.71503506340127,0.03533375473226174,0.5759026408195496,0.17267043888568878,0.12267044186592102,0.7007871866226196,1.0,1,ROW_FOLLOW,TRACKING,1.0,59.0,62.0,0.06287160515785217,-0.06950214505195618,0.0,0.217889666557312,0.0,-0.35689395666122437,0.0,0.3333333432674408,0.5809522867202759,0.9598380327224731,0.9508606791496277,1.0,0.2380952388048172,0.7007871866226196,0.30000001192092896,0.20000000298023224,0.20000000298023224,0.15000000596046448,0.15000000596046448,1.0,1.0,1.0,1.0
complex_fixed_v018_r1,closed_loop,complex,full,1,0.18,False,34.519304627,1785051011.7509878,3.7716910509475614,0.07671975557940984,-0.1252292378385685,0.20806615202900106,-0.3242096126156155,4.241586621161337,0.18,-0.16819208091420096,20.0,3.736169655882787,0.014044298330971464,4.736140996575375,0.00884927196934368,5.699248891715943,-0.0038104605690443185,0.577190101146698,0.17380164563655853,0.12380164861679077,0.6891145706176758,1.0,1,ROW_FOLLOW,TRACKING,1.0,60.0,60.0,0.09364032000303268,-0.06243971735239029,0.0,0.22544042766094208,0.0,-0.35031986236572266,0.0,0.2936507761478424,0.5809522867202759,0.9619836211204529,0.9495474696159363,1.0,0.2380952388048172,0.6891145706176758,0.30000001192092896,0.20000000298023224,0.20000000298023224,0.15000000596046448,0.15000000596046448,1.0,1.0,1.0,1.0
complex_fixed_v018_r1,closed_loop,complex,full,1,0.18,False,34.569392489,1785051011.8010755,3.7735533579826352,0.07359869920399241,-0.1383830563772359,0.1962430010278386,-0.33476376939387004,4.2584203555465745,0.18,-0.13415732137347275,20.0,3.736169655882787,0.014044298330971464,4.736140996575375,0.00884927196934368,5.699248891715943,-0.0038104605690443185,0.577190101146698,0.17380164563655853,0.12380164861679077,0.6891145706176758,1.0,1,ROW_FOLLOW,TRACKING,1.0,60.0,60.0,0.09364032000303268,-0.06243971735239029,0.0,0.22544042766094208,0.0,-0.35031986236572266,0.0,0.2936507761478424,0.5809522867202759,0.9619836211204529,0.9495474696159363,1.0,0.2380952388048172,0.6891145706176758,0.30000001192092896,0.20000000298023224,0.20000000298023224,0.15000000596046448,0.15000000596046448,1.0,1.0,1.0,1.0
complex_fixed_v018_r1,closed_loop,complex,full,1,0.18,False,34.619707878,1785051011.851391,3.7819385535954457,0.0719703686648413,-0.15699740123175276,0.19236942845685637,-0.2923418274584907,4.267232859809211,0.18,-0.08861670868070323,20.0,3.75719210755433,0.014436441452254596,4.757142724624918,0.004882118208990249,5.72376057127482,-0.004484269057998035,0.5766693949699402,0.17638267576694489,0.12638267874717712,0.6829533576965332,1.0,1,ROW_FOLLOW,TRACKING,1.0,66.0,67.0,0.12708649039268494,-0.05684155225753784,0.0,0.23149728775024414,0.0,-0.3451803922653198,0.0,0.2698412537574768,0.5809522867202759,0.9611159563064575,0.9572490453720093,1.0,0.2380952388048172,0.6829533576965332,0.30000001192092896,0.20000000298023224,0.20000000298023224,0.15000000596046448,0.15000000596046448,1.0,1.0,1.0,1.0
complex_fixed_v018_r1,closed_loop,complex,full,1,0.18,False,34.669419186,1785051011.901102,3.7911286179039663,0.06991882156322354,-0.16933904984285547,0.18979823135477455,-0.293868761831125,4.27697620841384,0.18,-0.06951631296096054,20.0,3.75719210755433,0.014436441452254596,4.757142724624918,0.004882118208990249,5.72376057127482,-0.004484269057998035,0.5766693949699402,0.17638267576694489,0.12638267874717712,0.6829533576965332,1.0,1,ROW_FOLLOW,TRACKING,1.0,66.0,67.0,0.12708649039268494,-0.05684155225753784,0.0,0.23149728775024414,0.0,-0.3451803922653198,0.0,0.2698412537574768,0.5809522867202759,0.9611159563064575,0.9572490453720093,1.0,0.2380952388048172,0.6829533576965332,0.30000001192092896,0.20000000298023224,0.20000000298023224,0.15000000596046448,0.15000000596046448,1.0,1.0,1.0,1.0
complex_fixed_v018_r1,closed_loop,complex,full,1,0.18,False,34.719747215,1785051011.95143,3.7915759216493936,0.0692184515370146,-0.18494954050374132,0.1862287695625005,-0.2339142906952335,4.2780065656671695,0.18,-0.026040987323795766,19.0,3.775069560546086,0.017533300045781634,4.6749379360826655,0.003199912537834538,5.708114934961286,-0.01355119196949354,0.5754236578941345,0.15304093062877655,0.10304093360900879,0.6871556043624878,1.0,1,ROW_FOLLOW,TRACKING,1.0,65.0,68.0,0.14836658537387848,-0.04969862103462219,0.0,0.23890337347984314,0.0,-0.3383006155490875,0.0,0.3095238208770752,0.5547617673873901,0.9587487578392029,0.9439753293991089,1.0,0.190476194024086,0.6871556043624878,0.30000001192092896,0.20000000298023224,0.20000000298023224,0.15000000596046448,0.15000000596046448,1.0,1.0,1.0,1.0
complex_fixed_v018_r1,closed_loop,complex,full,1,0.18,False,34.769447291,1785051012.0011303,3.7912676686060456,0.06882763953032878,-0.19460512194742483,0.18626593055460236,-0.24706989639240864,4.2785211585164875,0.18,-0.0010663787771363407,19.0,3.775069560546086,0.017533300045781634,4.6749379360826655,0.003199912537834538,5.708114934961286,-0.01355119196949354,0.5754236578941345,0.15304093062877655,0.10304093360900879,0.6871556043624878,1.0,1,ROW_FOLLOW,TRACKING,1.0,65.0,68.0,0.14836658537387848,-0.04969862103462219,0.0,0.23890337347984314,0.0,-0.3383006155490875,0.0,0.3095238208770752,0.5547617673873901,0.9587487578392029,0.9439753293991089,1.0,0.190476194024086,0.6871556043624878,0.30000001192092896,0.20000000298023224,0.20000000298023224,0.15000000596046448,0.15000000596046448,1.0,1.0,1.0,1.0
complex_fixed_v018_r1,closed_loop,complex,full,1,0.18,False,34.819258314,1785051012.0509415,3.790905544516809,0.06836213996210211,-0.20809623993005966,0.18632159030147474,-0.19705911920596964,4.279187287584377,0.18,0.0421700722006122,21.0,3.784407529035884,0.020379174390612338,4.7892279499331645,0.002196899714844115,5.790103485904867,-0.01200964117877927,0.5737264752388,0.17044155299663544,0.12044155597686768,0.7003560066223145,1.0,1,ROW_FOLLOW,TRACKING,1.0,72.0,72.0,0.18137575685977936,-0.04446111619472504,0.0,0.2437320053577423,0.0,-0.3326542377471924,0.0,0.3333333432674408,0.5809522867202759,0.9562105536460876,0.9528231024742126,1.0,0.2380952388048172,0.7003560066223145,0.30000001192092896,0.20000000298023224,0.20000000298023224,0.15000000596046448,0.15000000596046448,1.0,1.0,1.0,1.0
complex_fixed_v018_r1,closed_loop,complex,full,1,0.18,False,34.869324256,1785051012.1010075,3.7908197446015635,0.06793851759095391,-0.21758840678184932,0.18635875788947226,-0.24003152043808454,4.279619800661091,0.18,0.05872626212552349,21.0,3.784407529035884,0.020379174390612338,4.7892279499331645,0.002196899714844115,5.790103485904867,-0.01200964117877927,0.5737264752388,0.17044155299663544,0.12044155597686768,0.7003560066223145,1.0,1,ROW_FOLLOW,TRACKING,1.0,72.0,72.0,0.18137575685977936,-0.04446111619472504,0.0,0.2437320053577423,0.0,-0.3326542377471924,0.0,0.3333333432674408,0.5809522867202759,0.9562105536460876,0.9528231024742126,1.0,0.2380952388048172,0.7003560066223145,0.30000001192092896,0.20000000298023224,0.20000000298023224,0.15000000596046448,0.15000000596046448,1.0,1.0,1.0,1.0
complex_fixed_v018_r1,closed_loop,complex,full,1,0.18,False,34.919084878,1785051012.1507678,3.813032963525925,0.06248225413332729,-0.2313125858422822,0.14201309382965507,-0.2171478770160684,4.30301595980441,0.18,0.10831841737575781,21.0,3.790136115877887,0.024195054186398293,4.794927491307945,0.003987186069871412,5.78994943065824,-0.009273718584011187,0.5748383402824402,0.17286710441112518,0.12286710739135742,0.7012237310409546,1.0,1,ROW_FOLLOW,TRACKING,1.0,70.0,72.0,0.20516633987426758,-0.03960539400577545,0.0,0.24850481748580933,0.0,-0.32771560549736023,0.0,0.3333333432674408,0.5809522867202759,0.9580637812614441,0.9561364054679871,1.0,0.2380952388048172,0.7012237310409546,0.30000001192092896,0.20000000298023224,0.20000000298023224,0.15000000596046448,0.15000000596046448,1.0,1.0,1.0,1.0
complex_fixed_v018_r1,closed_loop,complex,full,1,0.18,False,34.969331241,1785051012.2010143,3.8210371605694187,0.060346461797440736,-0.24006389438894163,0.14981945546386755,-0.2107859419604459,4.311454148371622,0.18,0.12529727972233418,21.0,3.790136115877887,0.024195054186398293,4.794927491307945,0.003987186069871412,5.78994943065824,-0.009273718584011187,0.5748383402824402,0.17286710441112518,0.12286710739135742,0.7012237310409546,1.0,1,ROW_FOLLOW,TRACKING,1.0,70.0,72.0,0.20516633987426758,-0.03960539400577545,0.0,0.24850481748580933,0.0,-0.32771560549736023,0.0,0.3333333432674408,0.5809522867202759,0.9580637812614441,0.9561364054679871,1.0,0.2380952388048172,0.7012237310409546,0.30000001192092896,0.20000000298023224,0.20000000298023224,0.15000000596046448,0.15000000596046448,1.0,1.0,1.0,1.0
complex_fixed_v018_r1,closed_loop,complex,full,1,0.18,False,35.019344094,1785051012.251027,3.8296531744062965,0.05772971441222842,-0.25181824000729325,0.15783950189713386,-0.17799186618356777,4.320729500877697,0.18,0.1736712863982109,21.0,3.8003856245588614,0.025677769182310923,4.800260661674191,0.010192134660391837,5.800135669152645,-0.005293503183662433,0.5751023292541504,0.16902171075344086,0.1190217137336731,0.7026578187942505,1.0,1,ROW_FOLLOW,TRACKING,1.0,62.0,60.0,0.233247309923172,-0.0356946736574173,0.0,0.2524895966053009,0.0,-0.3238789439201355,0.0,0.3333333432674408,0.5809522867202759,0.9585042595863342,0.9651095867156982,1.0,0.2380952388048172,0.7026578187942505,0.30000001192092896,0.20000000298023224,0.20000000298023224,0.15000000596046448,0.15000000596046448,1.0,1.0,1.0,1.0
complex_fixed_v018_r1,closed_loop,complex,full,1,0.18,False,35.069429269,1785051012.3011124,3.8310419601490255,0.057027743092008254,-0.2580943721870739,0.16494882595973034,-0.14377228317884003,4.322438225427447,0.18,0.1855850749214741,21.0,3.8003856245588614,0.025677769182310923,4.800260661674191,0.010192134660391837,5.800135669152645,-0.005293503183662433,0.5751023292541504,0.16902171075344086,0.1190217137336731,0.7026578187942505,1.0,1,ROW_FOLLOW,TRACKING,1.0,62.0,60.0,0.233247309923172,-0.0356946736574173,0.0,0.2524895966053009,0.0,-0.3238789439201355,0.0,0.3333333432674408,0.5809522867202759,0.9585042595863342,0.9651095867156982,1.0,0.2380952388048172,0.7026578187942505,0.30000001192092896,0.20000000298023224,0.20000000298023224,0.15000000596046448,0.15000000596046448,1.0,1.0,1.0,1.0
complex_fixed_v018_r1,closed_loop,complex,full,1,0.18,False,35.119766995,1785051012.3514502,3.8306721218596245,0.05681136850494567,-0.2647902313322229,0.16439824138716225,-0.08847877105153339,4.322946434820591,0.18,0.21379119412905034,19.0,3.81376329599629,0.026474316186323493,4.7136658938576055,0.013444829834923755,5.68022764151112,-0.0005913675483355139,0.5752776861190796,0.16518951952457428,0.11518952250480652,0.6943339109420776,1.0,1,ROW_FOLLOW,TRACKING,1.0,64.0,70.0,0.24548190832138062,-0.030331388115882874,0.0,0.25761714577674866,0.0,-0.3182799220085144,0.0,0.3095238208770752,0.5809522867202759,0.9587962627410889,0.956847071647644,1.0,0.2380952388048172,0.6943339109420776,0.30000001192092896,0.20000000298023224,0.20000000298023224,0.15000000596046448,0.15000000596046448,1.0,1.0,1.0,1.0
complex_fixed_v018_r1,closed_loop,complex,full,1,0.18,False,35.169494784,1785051012.401178,3.8304697524682587,0.05665605528917676,-0.26823045759828684,0.1640261100033065,-0.08357250515978411,4.323212420815056,0.18,0.21991269164882388,19.0,3.81376329599629,0.026474316186323493,4.7136658938576055,0.013444829834923755,5.68022764151112,-0.0005913675483355139,0.5752776861190796,0.16518951952457428,0.11518952250480652,0.6943339109420776,1.0,1,ROW_FOLLOW,TRACKING,1.0,64.0,70.0,0.24548190832138062,-0.030331388115882874,0.0,0.25761714577674866,0.0,-0.3182799220085144,0.0,0.3095238208770752,0.5809522867202759,0.9587962627410889,0.956847071647644,1.0,0.2380952388048172,0.6943339109420776,0.30000001192092896,0.20000000298023224,0.20000000298023224,0.15000000596046448,0.15000000596046448,1.0,1.0,1.0,1.0
complex_fixed_v018_r1,closed_loop,complex,full,1,0.18,False,35.219654905,1785051012.451338,3.8303305442786963,0.05648188069003118,-0.27221108563880975,0.1634680850047548,-0.06898409550409614,4.3234500098651045,0.18,0.24541886813931088,21.0,3.827106814359103,0.027738382356903058,4.8270188824283435,0.014578111262915597,5.825227929879846,0.0039114523766447355,0.5750476121902466,0.1739986091852188,0.12399861216545105,0.683438777923584,1.0,1,ROW_FOLLOW,TRACKING,1.0,65.0,62.0,0.256271094083786,-0.02461862564086914,0.0,0.26313433051109314,0.0,-0.3123715817928314,0.0,0.2698412537574768,0.5809522867202759,0.9584125280380249,0.9640894532203674,1.0,0.2380952388048172,0.683438777923584,0.30000001192092896,0.20000000298023224,0.20000000298023224,0.15000000596046448,0.15000000596046448,1.0,1.0,1.0,1.0
complex_fixed_v018_r1,closed_loop,complex,full,1,0.18,False,35.269375877,1785051012.5010588,3.830231706261987,0.05637232089027615,-0.2739683364917705,0.16309574460684054,-0.03804377669864478,4.323599519147148,0.18,0.24870176766781404,21.0,3.827106814359103,0.027738382356903058,4.8270188824283435,0.014578111262915597,5.825227929879846,0.0039114523766447355,0.5750476121902466,0.1739986091852188,0.12399861216545105,0.683438777923584,1.0,1,ROW_FOLLOW,TRACKING,1.0,65.0,62.0,0.256271094083786,-0.02461862564086914,0.0,0.26313433051109314,0.0,-0.3123715817928314,0.0,0.2698412537574768,0.5809522867202759,0.9584125280380249,0.9640894532203674,1.0,0.2380952388048172,0.683438777923584,0.30000001192092896,0.20000000298023224,0.20000000298023224,0.15000000596046448,0.15000000596046448,1.0,1.0,1.0,1.0
complex_fixed_v018_r1,closed_loop,complex,full,1,0.18,False,35.31954835,1785051012.5512314,3.8694865065430193,0.03292896636188474,-0.2753499824627967,0.16184879245514341,-0.03222122358418003,4.36945767122174,0.18,0.37664753765979686,20.0,3.830233291185788,0.03194822318949906,4.835143116778801,0.01856009818109108,5.779916511744501,0.010385790975772495,0.5710154175758362,0.15865905582904816,0.1086590588092804,0.683686375617981,1.0,1,ROW_FOLLOW,TRACKING,1.0,62.0,67.0,0.2630608081817627,-0.019146665930747986,0.0,0.26798099279403687,0.0,-0.30627432465553284,0.0,0.2936508059501648,0.5547617673873901,0.9516924619674683,0.962001621723175,1.0,0.190476194024086,0.683686375617981,0.30000001192092896,0.20000000298023224,0.20000000298023224,0.15000000596046448,0.15000000596046448,1.0,1.0,1.0,1.0
complex_fixed_v018_r1,closed_loop,complex,full,1,0.18,False,35.369609205,1785051012.6012924,3.8784297405036923,0.030383261647811043,-0.27547640213198904,0.1666714269571032,-0.031009713706478575,4.378760519695422,0.18,0.38818092644646196,20.0,3.830233291185788,0.03194822318949906,4.835143116778801,0.01856009818109108,5.779916511744501,0.010385790975772495,0.5710154175758362,0.15865905582904816,0.1086590588092804,0.683686375617981,1.0,1,ROW_FOLLOW,TRACKING,1.0,62.0,67.0,0.2630608081817627,-0.019146665930747986,0.0,0.26798099279403687,0.0,-0.30627432465553284,0.0,0.2936508059501648,0.5547617673873901,0.9516924619674683,0.962001621723175,1.0,0.190476194024086,0.683686375617981,0.30000001192092896,0.20000000298023224,0.20000000298023224,0.15000000596046448,0.15000000596046448,1.0,1.0,1.0,1.0
complex_fixed_v018_r1,closed_loop,complex,full,1,0.18,False,35.41929328,1785051012.6509762,3.887192505170335,0.027852864080616296,-0.2763978101724476,0.1714847616644807,-0.03684355160392797,4.387905942706584,0.18,0.38429506688893433,21.0,3.8490383174009506,0.02803839776981037,4.853940071604314,0.014141342940158848,5.858325706425672,-0.006598258222109906,0.571418046951294,0.16803382337093353,0.11803382635116577,0.6996968984603882,1.0,1,ROW_FOLLOW,TRACKING,1.0,64.0,61.0,0.25937420129776,-0.012962520122528076,0.0,0.2738688588142395,0.0,-0.29979389905929565,0.0,0.3333333432674408,0.5809522867202759,0.9523632526397705,0.953558623790741,1.0,0.2380952388048172,0.6996968984603882,0.30000001192092896,0.20000000298023224,0.20000000298023224,0.15000000596046448,0.15000000596046448,1.0,1.0,1.0,1.0
complex_fixed_v018_r1,closed_loop,complex,full,1,0.18,False,35.469457177,1785051012.7011402,3.896175166748377,0.023938154361506463,-0.27667420647020163,0.17497486008044905,0.0012229303962688208,4.39872359090738,0.18,0.4040244290469465,21.0,3.8490383174009506,0.02803839776981037,4.853940071604314,0.014141342940158848,5.858325706425672,-0.006598258222109906,0.571418046951294,0.16803382337093353,0.11803382635116577,0.6996968984603882,1.0,1,ROW_FOLLOW,TRACKING,1.0,64.0,61.0,0.25937420129776,-0.012962520122528076,0.0,0.2738688588142395,0.0,-0.29979389905929565,0.0,0.3333333432674408,0.5809522867202759,0.9523632526397705,0.953558623790741,1.0,0.2380952388048172,0.6996968984603882,0.30000001192092896,0.20000000298023224,0.20000000298023224,0.15000000596046448,0.15000000596046448,1.0,1.0,1.0,1.0
complex_fixed_v018_r1,closed_loop,complex,full,1,0.18,False,35.51890419,1785051012.7505872,3.9072505253331156,0.02397097092243925,-0.2772619756309878,0.18321336790364173,-0.011998765953545031,4.411301096405463,0.18,0.37766085173541575,21.0,3.8710166612922765,0.02277732776664178,4.875913023341496,0.00849536214124662,5.891277022276932,-0.01564459973430444,0.5712909698486328,0.16832272708415985,0.11832273006439209,0.7009556293487549,1.0,1,ROW_FOLLOW,TRACKING,1.0,62.0,65.0,0.2620975375175476,-0.007721558213233948,0.0,0.2785068452358246,0.0,-0.2939499616622925,0.0,0.3333333432674408,0.5809522867202759,0.9521515965461731,0.9622322916984558,1.0,0.2380952388048172,0.7009556293487549,0.30000001192092896,0.20000000298023224,0.20000000298023224,0.15000000596046448,0.15000000596046448,1.0,1.0,1.0,1.0
complex_fixed_v018_r1,closed_loop,complex,full,1,0.18,False,35.569403168,1785051012.8010862,3.915969647099347,0.021466906896529636,-0.27740658006279,0.18328050779608585,0.005787473356280918,4.420376668160298,0.18,0.3891491485202611,21.0,3.8710166612922765,0.02277732776664178,4.875913023341496,0.00849536214124662,5.891277022276932,-0.01564459973430444,0.5712909698486328,0.16832272708415985,0.11832273006439209,0.7009556293487549,1.0,1,ROW_FOLLOW,TRACKING,1.0,62.0,65.0,0.2620975375175476,-0.007721558213233948,0.0,0.2785068452358246,0.0,-0.2939499616622925,0.0,0.3333333432674408,0.5809522867202759,0.9521515965461731,0.9622322916984558,1.0,0.2380952388048172,0.7009556293487549,0.30000001192092896,0.20000000298023224,0.20000000298023224,0.15000000596046448,0.15000000596046448,1.0,1.0,1.0,1.0
complex_fixed_v018_r1,closed_loop,complex,full,1,0.18,False,35.618936263,1785051012.8506193,3.9171463808892644,0.021148434520226182,-0.2766001953332329,0.18310064037801804,0.013970638162856722,4.421635001426904,0.18,0.3657997721830194,21.0,3.8996600908754897,0.016636111698225094,4.899550436685167,0.0018936474485170534,5.8994408057394345,-0.012848825406959289,0.570079505443573,0.16764242947101593,0.11764243245124817,0.7027040719985962,1.0,1,ROW_FOLLOW,TRACKING,1.0,65.0,80.0,0.26397401094436646,-0.0026896297931671143,0.0,0.2830583155155182,0.0,-0.2884375751018524,0.0,0.3412698209285736,0.5809522867202759,0.9501323699951172,0.9607079029083252,1.0,0.2380952388048172,0.7027040719985962,0.30000001192092896,0.20000000298023224,0.20000000298023224,0.15000000596046448,0.15000000596046448,1.0,1.0,1.0,1.0
complex_fixed_v018_r1,closed_loop,complex,full,1,0.18,False,35.669424266,1785051012.9011073,3.9169424377928053,0.0212003281539154,-0.27677109080046075,0.18405261788313917,6.878459690240981e-05,4.421856395352107,0.18,0.3658813111702721,21.0,3.8996600908754897,0.016636111698225094,4.899550436685167,0.0018936474485170534,5.8994408057394345,-0.012848825406959289,0.570079505443573,0.16764242947101593,0.11764243245124817,0.7027040719985962,1.0,1,ROW_FOLLOW,TRACKING,1.0,65.0,80.0,0.26397401094436646,-0.0026896297931671143,0.0,0.2830583155155182,0.0,-0.2884375751018524,0.0,0.3412698209285736,0.5809522867202759,0.9501323699951172,0.9607079029083252,1.0,0.2380952388048172,0.7027040719985962,0.30000001192092896,0.20000000298023224,0.20000000298023224,0.15000000596046448,0.15000000596046448,1.0,1.0,1.0,1.0
complex_fixed_v018_r1,closed_loop,complex,full,1,0.18,False,35.718883311,1785051012.9505663,3.916767728871869,0.021270196383667755,-0.27613797106614474,0.1842581565658228,0.012206961257736754,4.4220616638542,0.18,0.3849086898751743,20.0,3.90966757170972,0.019853938215126755,4.9095538985579745,0.004875270763213271,5.842779974222616,-0.009183411244020574,0.5717285871505737,0.17149706184864044,0.12149706482887268,0.6937747001647949,1.0,1,ROW_FOLLOW,TRACKING,1.0,62.0,78.0,0.2591966390609741,0.0033496320247650146,0.0,0.28875529766082764,0.0,-0.2820560336112976,0.0,0.3095238208770752,0.5809522867202759,0.9528811573982239,0.961005449295044,1.0,0.2380952388048172,0.6937747001647949,0.30000001192092896,0.20000000298023224,0.20000000298023224,0.15000000596046448,0.15000000596046448,1.0,1.0,1.0,1.0
complex_fixed_v018_r1,closed_loop,complex,full,1,0.18,False,35.769650777,1785051013.0013337,3.916617968094344,0.021322623441861126,-0.27592090472958614,0.18439870746798306,0.025930644380132564,4.422229175083026,0.18,0.38438609760354986,20.0,3.90966757170972,0.019853938215126755,4.9095538985579745,0.004875270763213271,5.842779974222616,-0.009183411244020574,0.5717285871505737,0.17149706184864044,0.12149706482887268,0.6937747001647949,1.0,1,ROW_FOLLOW,TRACKING,1.0,62.0,78.0,0.2591966390609741,0.0033496320247650146,0.0,0.28875529766082764,0.0,-0.2820560336112976,0.0,0.3095238208770752,0.5809522867202759,0.9528811573982239,0.961005449295044,1.0,0.2380952388048172,0.6937747001647949,0.30000001192092896,0.20000000298023224,0.20000000298023224,0.15000000596046448,0.15000000596046448,1.0,1.0,1.0,1.0
complex_fixed_v018_r1,closed_loop,complex,full,1,0.18,False,35.819127167,1785051013.05081,3.9669128543938754,0.012885130201176783,-0.27489730529871625,0.19679975474030975,0.012147950562244708,4.4734394190292734,0.18,0.45245987441993374,19.0,3.9165838808875804,0.024697260985261177,4.816453061968354,0.009570774490069463,5.816303933231946,-0.00747110196783982,0.5679468512535095,0.16514836251735687,0.11514836549758911,0.6767252683639526,1.0,1,ROW_FOLLOW,TRACKING,1.0,58.0,75.0,0.2552400231361389,0.009409815073013306,0.0,0.294131875038147,0.0,-0.27531224489212036,0.0,0.2698412835597992,0.5547617673873901,0.946578323841095,0.970032811164856,1.0,0.190476194024086,0.6767252683639526,0.30000001192092896,0.20000000298023224,0.20000000298023224,0.15000000596046448,0.15000000596046448,1.0,1.0,1.0,1.0
complex_fixed_v018_r1,closed_loop,complex,full,1,0.18,False,35.871052971,1785051013.1027358,3.975545210464914,0.010479724403352092,-0.2741870736498785,0.1929783671965488,0.011551481544174395,4.482413517511822,0.18,0.4598593436631626,19.0,3.9165838808875804,0.024697260985261177,4.816453061968354,0.009570774490069463,5.816303933231946,-0.00747110196783982,0.5679468512535095,0.16514836251735687,0.11514836549758911,0.6767252683639526,1.0,1,ROW_FOLLOW,TRACKING,1.0,58.0,75.0,0.2552400231361389,0.009409815073013306,0.0,0.294131875038147,0.0,-0.27531224489212036,0.0,0.2698412835597992,0.5547617673873901,0.946578323841095,0.970032811164856,1.0,0.190476194024086,0.6767252683639526,0.30000001192092896,0.20000000298023224,0.20000000298023224,0.15000000596046448,0.15000000596046448,1.0,1.0,1.0,1.0
complex_fixed_v018_r1,closed_loop,complex,full,1,0.18,False,35.919566613,1785051013.1512496,3.984329190231563,0.008093098645936402,-0.27240200158296474,0.1894934552475578,0.038940248819930495,4.491560831094246,0.18,0.47398004581653785,21.0,3.9365387215241356,0.026756733582565098,4.936369919128738,0.00841868226418905,5.975492133062241,-0.010263983820226592,0.5648375749588013,0.15689678490161896,0.1068967878818512,0.6939764022827148,1.0,1,ROW_FOLLOW,TRACKING,1.0,72.0,72.0,0.2561764121055603,0.014482453465461731,0.0,0.2985351085662842,0.0,-0.2695702016353607,0.0,0.3333333432674408,0.5547617673873901,0.9413956999778748,0.9649661779403687,1.0,0.190476194024086,0.6939764022827148,0.30000001192092896,0.20000000298023224,0.20000000298023224,0.15000000596046448,0.15000000596046448,1.0,1.0,1.0,1.0
complex_fixed_v018_r1,closed_loop,complex,full,1,0.18,False,35.970045624,1785051013.2017288,3.985298736586421,0.00788960085121813,-0.2709964961471566,0.18655723047235984,0.03867388290482913,4.492589518902386,0.18,0.4731001985517635,21.0,3.9365387215241356,0.026756733582565098,4.936369919128738,0.00841868226418905,5.975492133062241,-0.010263983820226592,0.5648375749588013,0.15689678490161896,0.1068967878818512,0.6939764022827148,1.0,1,ROW_FOLLOW,TRACKING,1.0,72.0,72.0,0.2561764121055603,0.014482453465461731,0.0,0.2985351085662842,0.0,-0.2695702016353607,0.0,0.3333333432674408,0.5547617673873901,0.9413956999778748,0.9649661779403687,1.0,0.190476194024086,0.6939764022827148,0.30000001192092896,0.20000000298023224,0.20000000298023224,0.15000000596046448,0.15000000596046448,1.0,1.0,1.0,1.0
complex_fixed_v018_r1,closed_loop,complex,full,1,0.18,False,36.019218517,1785051013.2509015,3.985091747628736,0.008084705321317765,-0.26724795352528957,0.18678494290784411,0.05566171092728747,4.492947365783302,0.18,0.47258678257032594,21.0,3.95940559811935,0.02753651496585909,4.959244188822855,0.00964137960472816,5.980419588956631,-0.0076916706783781,0.5654608607292175,0.16606320440769196,0.1160632073879242,0.6996816396713257,1.0,1,ROW_FOLLOW,TRACKING,1.0,61.0,80.0,0.2549884617328644,0.01900818943977356,0.0,0.3026445209980011,0.0,-0.264628142118454,0.0,0.3333333432674408,0.5809522867202759,0.9424349665641785,0.9666943550109863,1.0,0.2380952388048172,0.6996816396713257,0.30000001192092896,0.20000000298023224,0.20000000298023224,0.15000000596046448,0.15000000596046448,1.0,1.0,1.0,1.0
complex_fixed_v018_r1,closed_loop,complex,full,1,0.18,False,36.069683287,1785051013.3013663,3.984881333262739,0.008259564773466593,-0.26449606612154186,0.18693685115437922,0.06666912524347947,4.493248879783182,0.18,0.46761964180252624,21.0,3.95940559811935,0.02753651496585909,4.959244188822855,0.00964137960472816,5.980419588956631,-0.0076916706783781,0.5654608607292175,0.16606320440769196,0.1160632073879242,0.6996816396713257,1.0,1,ROW_FOLLOW,TRACKING,1.0,61.0,80.0,0.2549884617328644,0.01900818943977356,0.0,0.3026445209980011,0.0,-0.264628142118454,0.0,0.3333333432674408,0.5809522867202759,0.9424349665641785,0.9666943550109863,1.0,0.2380952388048172,0.6996816396713257,0.30000001192092896,0.20000000298023224,0.20000000298023224,0.15000000596046448,0.15000000596046448,1.0,1.0,1.0,1.0
complex_fixed_v018_r1,closed_loop,complex,full,1,0.18,False,36.119367363,1785051013.3510504,4.030531540523339,-0.0010310369946507723,-0.258791636892478,0.20601053131652197,0.1071749002738286,4.540214144856446,0.18,0.5171500906248312,21.0,3.9822442870709174,0.028190708966072908,4.982097248810005,0.01105553500617175,5.981950260355092,-0.006079664698297676,0.5671626329421997,0.1657281070947647,0.11572811007499695,0.699723482131958,1.0,1,ROW_FOLLOW,TRACKING,1.0,46.0,84.0,0.24498999118804932,0.02440805733203888,0.0,0.3083624839782715,0.0,-0.2595463693141937,0.0,0.3333333432674408,0.5809522867202759,0.945270836353302,0.963192343711853,1.0,0.2380952388048172,0.699723482131958,0.30000001192092896,0.20000000298023224,0.20000000298023224,0.15000000596046448,0.15000000596046448,1.0,1.0,1.0,1.0
complex_fixed_v018_r1,closed_loop,complex,full,1,0.18,False,36.169900743,1785051013.401584,4.03925169481102,-0.0032325121310247075,-0.2553724821179437,0.19991681609848944,0.0879126308379719,4.549268755679568,0.18,0.508270430327795,21.0,3.9822442870709174,0.028190708966072908,4.982097248810005,0.01105553500617175,5.981950260355092,-0.006079664698297676,0.5671626329421997,0.1657281070947647,0.11572811007499695,0.699723482131958,1.0,1,ROW_FOLLOW,TRACKING,1.0,46.0,84.0,0.24498999118804932,0.02440805733203888,0.0,0.3083624839782715,0.0,-0.2595463693141937,0.0,0.3333333432674408,0.5809522867202759,0.945270836353302,0.963192343711853,1.0,0.2380952388048172,0.699723482131958,0.30000001192092896,0.20000000298023224,0.20000000298023224,0.15000000596046448,0.15000000596046448,1.0,1.0,1.0,1.0
complex_fixed_v018_r1,closed_loop,complex,full,1,0.18,False,36.219201576,1785051013.4508846,4.044156238905184,-0.00260989455215456,-0.24540663990993009,0.19785783856421862,0.15982547756041857,4.5627067865703665,0.18,0.512492099442709,21.0,4.002374785939388,0.02958479901499407,5.002218943529337,0.011969431792258858,6.00206315537493,-0.005645965243906607,0.5681548118591309,0.16517306864261627,0.11517307162284851,0.7007671594619751,1.0,1,ROW_FOLLOW,TRACKING,1.0,57.0,87.0,0.2332429140806198,0.029628708958625793,0.0,0.31416839361190796,0.0,-0.25491097569465637,0.0,0.3333333432674408,0.5809522867202759,0.9469245076179504,0.9679454565048218,1.0,0.2380952388048172,0.7007671594619751,0.30000001192092896,0.20000000298023224,0.20000000298023224,0.15000000596046448,0.15000000596046448,1.0,1.0,1.0,1.0
complex_fixed_v018_r1,closed_loop,complex,full,1,0.18,False,36.269820303,1785051013.5015032,4.052543527196636,-0.008977971256683622,-0.23805352512626546,0.1908415901842036,0.19320279070968932,4.575984452914971,0.18,0.5123913550161636,21.0,4.002374785939388,0.02958479901499407,5.002218943529337,0.011969431792258858,6.00206315537493,-0.005645965243906607,0.5681548118591309,0.16517306864261627,0.11517307162284851,0.7007671594619751,1.0,1,ROW_FOLLOW,TRACKING,1.0,57.0,87.0,0.2332429140806198,0.029628708958625793,0.0,0.31416839361190796,0.0,-0.25491097569465637,0.0,0.3333333432674408,0.5809522867202759,0.9469245076179504,0.9679454565048218,1.0,0.2380952388048172,0.7007671594619751,0.30000001192092896,0.20000000298023224,0.20000000298023224,0.15000000596046448,0.15000000596046448,1.0,1.0,1.0,1.0
complex_fixed_v018_r1,closed_loop,complex,full,1,0.18,False,36.319400887,1785051013.551084,4.061091914832306,-0.010722927094571304,-0.22429873745099588,0.18728663041992646,0.23428483563982236,4.5849120402191605,0.18,0.516024580648266,20.0,4.025196395430569,0.03031543951085396,5.024818920385268,0.004763368579757517,5.957786234700602,-0.019560775690345686,0.5672702789306641,0.16220487654209137,0.11220487952232361,0.6680830717086792,1.0,1,ROW_FOLLOW,TRACKING,1.0,41.0,77.0,0.19395631551742554,0.038058310747146606,0.0,0.32272183895111084,0.0,-0.24660521745681763,0.0,0.2936507761478424,0.47619038820266724,0.945450484752655,0.9710646271705627,1.0,0.0476190485060215,0.6680830717086792,0.30000001192092896,0.20000000298023224,0.20000000298023224,0.15000000596046448,0.15000000596046448,1.0,1.0,1.0,1.0
complex_fixed_v018_r1,closed_loop,complex,full,1,0.18,False,36.369366315,1785051013.6010494,4.065534899832354,-0.010949712916290908,-0.21368067804981106,0.17693467107786331,0.27199988224102173,4.5985879954045235,0.18,0.5033387396271942,20.0,4.025196395430569,0.03031543951085396,5.024818920385268,0.004763368579757517,5.957786234700602,-0.019560775690345686,0.5672702789306641,0.16220487654209137,0.11220487952232361,0.6680830717086792,1.0,1,ROW_FOLLOW,TRACKING,1.0,41.0,77.0,0.19395631551742554,0.038058310747146606,0.0,0.32272183895111084,0.0,-0.24660521745681763,0.0,0.2936507761478424,0.47619038820266724,0.945450484752655,0.9710646271705627,1.0,0.0476190485060215,0.6680830717086792,0.30000001192092896,0.20000000298023224,0.20000000298023224,0.15000000596046448,0.15000000596046448,1.0,1.0,1.0,1.0
complex_fixed_v018_r1,closed_loop,complex,full,1,0.18,False,36.422361878,1785051013.6540449,4.073952208732922,-0.012375712087132704,-0.19710198967136852,0.1760542737617518,0.3029072466772966,4.607367263294164,0.18,0.47144333384878023,19.0,4.052983058297811,0.03176560939087198,4.952046008414386,-0.005554209462443287,5.950939377754566,-0.04856968493723964,0.5670416951179504,0.15822507441043854,0.10822507739067078,0.679451584815979,1.0,1,ROW_FOLLOW,TRACKING,1.0,34.0,87.0,0.14810773730278015,0.04811357706785202,0.0,0.3322348892688751,0.0,-0.23600773513317108,0.0,0.3333333432674408,0.47619038820266724,0.9450692534446716,0.9679974317550659,1.0,0.0476190485060215,0.679451584815979,0.30000001192092896,0.20000000298023224,0.20000000298023224,0.15000000596046448,0.15000000596046448,1.0,1.0,1.0,1.0
complex_fixed_v018_r1,closed_loop,complex,full,1,0.18,False,36.469882532,1785051013.7015655,4.0793016329442064,-0.012975728060374074,-0.18448746030175708,0.17590012514237216,0.3077587644647643,4.613026949703406,0.18,0.44870851120501265,19.0,4.052983058297811,0.03176560939087198,4.952046008414386,-0.005554209462443287,5.950939377754566,-0.04856968493723964,0.5670416951179504,0.15822507441043854,0.10822507739067078,0.679451584815979,1.0,1,ROW_FOLLOW,TRACKING,1.0,34.0,87.0,0.14810773730278015,0.04811357706785202,0.0,0.3322348892688751,0.0,-0.23600773513317108,0.0,0.3333333432674408,0.47619038820266724,0.9450692534446716,0.9679974317550659,1.0,0.0476190485060215,0.679451584815979,0.30000001192092896,0.20000000298023224,0.20000000298023224,0.15000000596046448,0.15000000596046448,1.0,1.0,1.0,1.0
complex_fixed_v018_r1,closed_loop,complex,full,1,0.18,False,36.519933754,1785051013.7516167,4.092325687030937,-0.01242611122335685,-0.16453499789595183,0.16002035069618276,0.36263073961428216,4.626269590148749,0.18,0.41577299703442894,20.0,4.06871214867146,0.03694111494634275,5.066905939690499,-0.021619384813916828,6.065454880147458,-0.073274105411951,0.5649297833442688,0.1575668305158615,0.10756683349609375,0.6785057783126831,1.0,1,ROW_FOLLOW,TRACKING,1.0,31.0,91.0,0.10780772566795349,0.057652547955513,0.0,0.34087544679641724,0.0,-0.22557035088539124,0.0,0.3174603283405304,0.5023808479309082,0.9415494799613953,0.9632108807563782,1.0,0.095238097012043,0.6785057783126831,0.30000001192092896,0.20000000298023224,0.20000000298023224,0.15000000596046448,0.15000000596046448,1.0,1.0,1.0,1.0
complex_fixed_v018_r1,closed_loop,complex,full,1,0.18,False,36.569367327,1785051013.8010504,4.101096507113836,-0.013512454542666707,-0.15072354643260777,0.1629990538177238,0.35330158275765483,4.635342619244979,0.18,0.4043710945017239,20.0,4.06871214867146,0.03694111494634275,5.066905939690499,-0.021619384813916828,6.065454880147458,-0.073274105411951,0.5649297833442688,0.1575668305158615,0.10756683349609375,0.6785057783126831,1.0,1,ROW_FOLLOW,TRACKING,1.0,31.0,91.0,0.10780772566795349,0.057652547955513,0.0,0.34087544679641724,0.0,-0.22557035088539124,0.0,0.3174603283405304,0.5023808479309082,0.9415494799613953,0.9632108807563782,1.0,0.095238097012043,0.6785057783126831,0.30000001192092896,0.20000000298023224,0.20000000298023224,0.15000000596046448,0.15000000596046448,1.0,1.0,1.0,1.0
complex_fixed_v018_r1,closed_loop,complex,full,1,0.18,False,36.619572986,1785051013.8512561,4.107944412325525,-0.021169826160975805,-0.1309998760939482,0.1531903938619359,0.3358191711994805,4.6516851697328025,0.18,0.429967927682966,21.0,4.08612378513562,0.044384892700124766,5.083515556696004,-0.027544621758759186,6.099904824194323,-0.10843041173357985,0.5656828880310059,0.1609240621328354,0.11092406511306763,0.6847103834152222,1.0,1,ROW_FOLLOW,TRACKING,1.0,35.0,91.0,0.07071371376514435,0.06513945013284683,0.0,0.3479349613189697,0.0,-0.21765606105327606,0.0,0.3333333432674408,0.5023808479309082,0.9428048729896545,0.9711548089981079,1.0,0.095238097012043,0.6847103834152222,0.30000001192092896,0.20000000298023224,0.20000000298023224,0.15000000596046448,0.15000000596046448,1.0,1.0,1.0,1.0
complex_fixed_v018_r1,closed_loop,complex,full,1,0.18,False,36.669317191,1785051013.9010003,4.116737792021109,-0.02195062402851409,-0.11725181215022619,0.1565889829435352,0.33147552338209496,4.660751250493594,0.18,0.41879050559589365,21.0,4.08612378513562,0.044384892700124766,5.083515556696004,-0.027544621758759186,6.099904824194323,-0.10843041173357985,0.5656828880310059,0.1609240621328354,0.11092406511306763,0.6847103834152222,1.0,1,ROW_FOLLOW,TRACKING,1.0,35.0,91.0,0.07071371376514435,0.06513945013284683,0.0,0.3479349613189697,0.0,-0.21765606105327606,0.0,0.3333333432674408,0.5023808479309082,0.9428048729896545,0.9711548089981079,1.0,0.095238097012043,0.6847103834152222,0.30000001192092896,0.20000000298023224,0.20000000298023224,0.15000000596046448,0.15000000596046448,1.0,1.0,1.0,1.0
complex_fixed_v018_r1,closed_loop,complex,full,1,0.18,False,36.719428799,1785051013.951112,4.125451971758644,-0.022175536269667978,-0.09729988387617894,0.16109845071948461,0.3162250753014131,4.669916259343314,0.18,0.39674315326695236,21.0,4.1039318884672396,0.04778045460676746,5.10103931843999,-0.028117019294632825,6.10800628295463,-0.10802147023900999,0.5676495432853699,0.1654440313577652,0.11544403433799744,0.6858149766921997,1.0,1,ROW_FOLLOW,TRACKING,1.0,35.0,84.0,0.039744406938552856,0.06940613687038422,0.0,0.3520725667476654,0.0,-0.21326029300689697,0.0,0.3333333432674408,0.5023808479309082,0.946082592010498,0.974148690700531,1.0,0.095238097012043,0.6858149766921997,0.30000001192092896,0.20000000298023224,0.20000000298023224,0.15000000596046448,0.15000000596046448,1.0,1.0,1.0,1.0
complex_fixed_v018_r1,closed_loop,complex,full,1,0.18,False,36.769948771,1785051014.0016317,4.126755553097054,-0.0217179141044693,-0.08508672190481549,0.16504163473757139,0.2950955931498028,4.67153923641816,0.18,0.37702061728103753,21.0,4.1039318884672396,0.04778045460676746,5.10103931843999,-0.028117019294632825,6.10800628295463,-0.10802147023900999,0.5676495432853699,0.1654440313577652,0.11544403433799744,0.6858149766921997,1.0,1,ROW_FOLLOW,TRACKING,1.0,35.0,84.0,0.039744406938552856,0.06940613687038422,0.0,0.3520725667476654,0.0,-0.21326029300689697,0.0,0.3333333432674408,0.5023808479309082,0.946082592010498,0.974148690700531,1.0,0.095238097012043,0.6858149766921997,0.30000001192092896,0.20000000298023224,0.20000000298023224,0.15000000596046448,0.15000000596046448,1.0,1.0,1.0,1.0
complex_fixed_v018_r1,closed_loop,complex,full,1,0.18,False,36.819017885,1785051014.050701,4.126526069734956,-0.020952530843363796,-0.0657570222417383,0.16453479722895875,0.3262109858990942,4.672415466119683,0.18,0.36339416594817153,20.0,4.119418369493791,0.0487253302111506,5.1170214406636605,-0.018553984762152396,6.048164567116558,-0.08058815556281831,0.5673434734344482,0.17184467613697052,0.12184467911720276,0.6880699396133423,1.0,1,ROW_FOLLOW,TRACKING,1.0,37.0,63.0,0.03445613011717796,0.06912801414728165,0.0,0.351749449968338,0.0,-0.21349342167377472,0.0,0.3333333432674408,0.5023808479309082,0.9455727934837341,0.9898615479469299,1.0,0.095238097012043,0.6880699396133423,0.30000001192092896,0.20000000298023224,0.20000000298023224,0.15000000596046448,0.15000000596046448,1.0,1.0,1.0,1.0
complex_fixed_v018_r1,closed_loop,complex,full,1,0.18,False,36.869393533,1785051014.1010764,4.126304479927729,-0.020356151886407162,-0.052082769223399605,0.16419938102561793,0.3472163443336667,4.673069609112313,0.18,0.3289245567041239,20.0,4.119418369493791,0.0487253302111506,5.1170214406636605,-0.018553984762152396,6.048164567116558,-0.08058815556281831,0.5673434734344482,0.17184467613697052,0.12184467911720276,0.6880699396133423,1.0,1,ROW_FOLLOW,TRACKING,1.0,37.0,63.0,0.03445613011717796,0.06912801414728165,0.0,0.351749449968338,0.0,-0.21349342167377472,0.0,0.3333333432674408,0.5023808479309082,0.9455727934837341,0.9898615479469299,1.0,0.095238097012043,0.6880699396133423,0.30000001192092896,0.20000000298023224,0.20000000298023224,0.15000000596046448,0.15000000596046448,1.0,1.0,1.0,1.0
complex_fixed_v018_r1,closed_loop,complex,full,1,0.18,False,36.919708476,1785051014.1513915,4.126208912675466,-0.019559450938347656,-0.030451021316063354,0.1637061924975821,0.38637980908572794,4.673885811331681,0.18,0.31270384229487963,21.0,4.12609604786113,0.04578420421567866,5.124765427241845,0.004988732683235968,6.121221736710763,-0.03298162964116628,0.568775475025177,0.1644556075334549,0.11445561051368713,0.6669487953186035,1.0,1,ROW_FOLLOW,TRACKING,1.0,32.0,46.0,0.04480027034878731,0.06276731193065643,0.0,0.34593886137008667,0.0,-0.2204042375087738,0.0,0.2857142984867096,0.47619038820266724,0.9479587078094482,0.9760310649871826,1.0,0.0476190485060215,0.6669487953186035,0.30000001192092896,0.20000000298023224,0.20000000298023224,0.15000000596046448,0.15000000596046448,1.0,1.0,1.0,1.0
complex_fixed_v018_r1,closed_loop,complex,full,1,0.18,False,36.973415259,1785051014.2050982,4.17127141899024,-0.009245862598016815,-0.015295817598814928,0.17906652317747443,0.3878040574624671,4.720630530528784,0.18,0.26757221933071074,21.0,4.12609604786113,0.04578420421567866,5.124765427241845,0.004988732683235968,6.121221736710763,-0.03298162964116628,0.568775475025177,0.1644556075334549,0.11445561051368713,0.6669487953186035,1.0,1,ROW_FOLLOW,TRACKING,1.0,32.0,46.0,0.04480027034878731,0.06276731193065643,0.0,0.34593886137008667,0.0,-0.2204042375087738,0.0,0.2857142984867096,0.47619038820266724,0.9479587078094482,0.9760310649871826,1.0,0.0476190485060215,0.6669487953186035,0.30000001192092896,0.20000000298023224,0.20000000298023224,0.15000000596046448,0.15000000596046448,1.0,1.0,1.0,1.0
complex_fixed_v018_r1,closed_loop,complex,full,1,0.18,False,37.01996027,1785051014.2516434,4.1796996475052985,-0.00844789273351895,0.009090895445486243,0.17804416251353306,0.4016038735429182,4.729638078012611,0.18,0.2764236516461093,21.0,4.141837772373368,0.044303640957379285,5.141277951563573,0.041697014864568345,6.147146715008381,0.07936406158072162,0.5699860453605652,0.17387057840824127,0.12387058138847351,0.6283014416694641,1.0,1,ROW_FOLLOW,TRACKING,1.0,36.0,37.0,0.05244104936718941,0.052087247371673584,0.0,0.3359578251838684,0.0,-0.23178333044052124,0.0,0.1428571492433548,0.5023808479309082,0.9496785402297974,0.9668827056884766,1.0,0.095238097012043,0.6283014416694641,0.30000001192092896,0.20000000298023224,0.20000000298023224,0.15000000596046448,0.15000000596046448,1.0,1.0,1.0,1.0
complex_fixed_v018_r1,closed_loop,complex,full,1,0.18,False,37.069161068,1785051014.300844,4.181015379527272,-0.007789177345776375,0.02257619702058555,0.1771614039255934,0.3731806137069806,4.731371721265146,0.18,0.25410684313477033,21.0,4.141837772373368,0.044303640957379285,5.141277951563573,0.041697014864568345,6.147146715008381,0.07936406158072162,0.5699860453605652,0.17387057840824127,0.12387058138847351,0.6283014416694641,1.0,1,ROW_FOLLOW,TRACKING,1.0,36.0,37.0,0.05244104936718941,0.052087247371673584,0.0,0.3359578251838684,0.0,-0.23178333044052124,0.0,0.1428571492433548,0.5023808479309082,0.9496785402297974,0.9668827056884766,1.0,0.095238097012043,0.6283014416694641,0.30000001192092896,0.20000000298023224,0.20000000298023224,0.15000000596046448,0.15000000596046448,1.0,1.0,1.0,1.0
complex_fixed_v018_r1,closed_loop,complex,full,1,0.18,False,37.119217731,1785051014.3509007,4.201395250136386,0.0047950714976898795,0.0463615632226988,0.17987704224796125,0.38274782563433374,4.756250185357869,0.18,0.20251927519378768,21.0,4.157898156083075,0.03927832634098008,5.156745552652601,0.07628465041894529,6.155592949387537,0.11329096665007743,0.5717931389808655,0.17473168671131134,0.12473168969154358,0.6282402276992798,1.0,1,ROW_FOLLOW,TRACKING,1.0,34.0,39.0,0.04278269410133362,0.04008488357067108,0.0,0.32481658458709717,0.0,-0.244646817445755,0.0,0.1428571492433548,0.5023808479309082,0.951710045337677,0.9637662172317505,1.0,0.095238097012043,0.6282402276992798,0.30000001192092896,0.20000000298023224,0.20000000298023224,0.15000000596046448,0.15000000596046448,1.0,1.0,1.0,1.0
complex_fixed_v018_r1,closed_loop,complex,full,1,0.18,False,37.169449439,1785051014.4011326,4.210048167421423,0.005608360123275331,0.06151843971277062,0.1786396982520767,0.3601152762709565,4.765195971830995,0.18,0.12130832373477202,21.0,4.157898156083075,0.03927832634098008,5.156745552652601,0.07628465041894529,6.155592949387537,0.11329096665007743,0.5717931389808655,0.17473168671131134,0.12473168969154358,0.6282402276992798,1.0,1,ROW_FOLLOW,TRACKING,1.0,34.0,39.0,0.04278269410133362,0.04008488357067108,0.0,0.32481658458709717,0.0,-0.244646817445755,0.0,0.1428571492433548,0.5023808479309082,0.951710045337677,0.9637662172317505,1.0,0.095238097012043,0.6282402276992798,0.30000001192092896,0.20000000298023224,0.20000000298023224,0.15000000596046448,0.15000000596046448,1.0,1.0,1.0,1.0
complex_fixed_v018_r1,closed_loop,complex,full,1,0.18,False,37.220449617,1785051014.4521327,4.218659224034612,0.006945339727255752,0.08087466457107784,0.17767945228674134,0.3158887533874185,4.774332331167779,0.0,0.0,0.0,nan,nan,nan,nan,nan,nan,0.0,0.0,-0.05000000074505806,0.0,0.0,1,ROW_FOLLOW,WAITING_FOR_CENTERLINE,0.0,0.0,0.0,0.0,0.0,0.0,0.0,0.0,0.0,1.0,0.0,0.0,0.0,0.0,0.0,0.0,0.0,0.30000001192092896,0.20000000298023224,0.20000000298023224,0.15000000596046448,0.15000000596046448,1.0,1.0,1.0,1.0
complex_fixed_v018_r1,closed_loop,complex,full,1,0.18,False,37.269480842,1785051014.5011637,4.220189424805316,0.00765665568359763,0.09258273502295022,0.1768764790077786,0.3020875950553425,4.7762677163255205,0.0,0.0,0.0,nan,nan,nan,nan,nan,nan,0.0,0.0,-0.05000000074505806,0.0,0.0,1,ROW_FOLLOW,WAITING_FOR_CENTERLINE,0.0,0.0,0.0,0.0,0.0,0.0,0.0,0.0,0.0,1.0,0.0,0.0,0.0,0.0,0.0,0.0,0.0,0.30000001192092896,0.20000000298023224,0.20000000298023224,0.15000000596046448,0.15000000596046448,1.0,1.0,1.0,1.0
complex_fixed_v018_r1,closed_loop,complex,full,1,0.18,False,37.319869803,1785051014.5515528,4.240870467804281,-0.004211455219643928,0.10900126886044244,0.18995345373127012,0.2581611737631098,4.8018736608091706,0.0,0.0,0.0,nan,nan,nan,nan,nan,nan,0.0,0.0,-0.05000000074505806,0.0,0.0,1,ROW_FOLLOW,WAITING_FOR_CENTERLINE,0.0,0.0,0.0,0.0,0.0,0.0,0.0,0.0,0.0,2.0,0.0,0.0,0.0,0.0,0.0,0.0,0.0,0.30000001192092896,0.20000000298023224,0.20000000298023224,0.15000000596046448,0.15000000596046448,1.0,1.0,1.0,1.0
complex_fixed_v018_r1,closed_loop,complex,full,1,0.18,False,37.369637049,1785051014.6013203,4.248613018347523,-0.003101093257103751,0.1189936043393489,0.1816373354699653,0.25319693496432927,4.809849782820368,0.0,0.0,0.0,nan,nan,nan,nan,nan,nan,0.0,0.0,-0.05000000074505806,0.0,0.0,1,ROW_FOLLOW,WAITING_FOR_CENTERLINE,0.0,0.0,0.0,0.0,0.0,0.0,0.0,0.0,0.0,2.0,0.0,0.0,0.0,0.0,0.0,0.0,0.0,0.30000001192092896,0.20000000298023224,0.20000000298023224,0.15000000596046448,0.15000000596046448,1.0,1.0,1.0,1.0
complex_fixed_v018_r1,closed_loop,complex,full,1,0.18,False,37.41925642,1785051014.6509395,4.25518342137714,-0.001827273546877472,0.13275019522207027,0.17009744348948105,0.22255835435029608,4.816815769051961,0.0,0.0,0.0,nan,nan,nan,nan,nan,nan,0.0,0.0,-0.05000000074505806,0.0,0.0,1,ROW_FOLLOW,WAITING_FOR_CENTERLINE,0.0,0.0,0.0,0.0,0.0,0.0,0.0,0.0,0.0,3.0,0.0,0.0,0.0,0.0,0.0,0.0,0.0,0.30000001192092896,0.20000000298023224,0.20000000298023224,0.15000000596046448,0.15000000596046448,1.0,1.0,1.0,1.0
complex_fixed_v018_r1,closed_loop,complex,full,1,0.18,False,37.469333851,1785051014.701017,4.255275867076779,-0.001478395129591914,0.1419615878199836,0.15609927880375507,0.23667207723300057,4.817213386819096,0.0,0.0,0.0,nan,nan,nan,nan,nan,nan,0.0,0.0,-0.05000000074505806,0.0,0.0,1,ROW_FOLLOW,WAITING_FOR_CENTERLINE,0.0,0.0,0.0,0.0,0.0,0.0,0.0,0.0,0.0,3.0,0.0,0.0,0.0,0.0,0.0,0.0,0.0,0.30000001192092896,0.20000000298023224,0.20000000298023224,0.15000000596046448,0.15000000596046448,1.0,1.0,1.0,1.0
complex_fixed_v018_r1,closed_loop,complex,full,1,0.18,False,37.519919073,1785051014.7516022,4.2539662446057145,-0.001287154298206493,0.1557511441732693,0.15532213228623876,0.2279400665022661,4.818773215583377,0.0,0.0,0.0,nan,nan,nan,nan,nan,nan,0.0,0.0,-0.05000000074505806,0.0,0.0,1,ROW_FOLLOW,WAITING_FOR_CENTERLINE,0.0,0.0,0.0,0.0,0.0,0.0,0.0,0.0,0.0,4.0,0.0,0.0,0.0,0.0,0.0,0.0,0.0,0.30000001192092896,0.20000000298023224,0.20000000298023224,0.15000000596046448,0.15000000596046448,1.0,1.0,1.0,1.0
complex_fixed_v018_r1,closed_loop,complex,full,1,0.18,False,37.56933367,1785051014.8010166,4.252778044178499,-0.0012420926593264955,0.163750297631589,0.15478779802273812,0.19195490448425337,4.820023426256691,0.0,0.0,0.0,nan,nan,nan,nan,nan,nan,0.0,0.0,-0.05000000074505806,0.0,0.0,1,ROW_FOLLOW,WAITING_FOR_CENTERLINE,0.0,0.0,0.0,0.0,0.0,0.0,0.0,0.0,0.0,4.0,0.0,0.0,0.0,0.0,0.0,0.0,0.0,0.30000001192092896,0.20000000298023224,0.20000000298023224,0.15000000596046448,0.15000000596046448,1.0,1.0,1.0,1.0
complex_fixed_v018_r1,closed_loop,complex,full,1,0.18,False,37.620291863,1785051014.851975,4.251749926492966,-0.0011728509541208926,0.17325055380323384,0.15400013520564035,0.15087012650841067,4.821205572276805,0.0,0.0,0.0,nan,nan,nan,nan,nan,nan,0.0,0.0,-0.05000000074505806,0.0,0.0,1,ROW_FOLLOW,WAITING_FOR_CENTERLINE,0.0,0.0,0.0,0.0,0.0,0.0,0.0,0.0,0.0,5.0,0.0,0.0,0.0,0.0,0.0,0.0,0.0,0.30000001192092896,0.20000000298023224,0.20000000298023224,0.15000000596046448,0.15000000596046448,1.0,1.0,1.0,1.0
complex_fixed_v018_r1,closed_loop,complex,full,1,0.18,False,37.669339057,1785051014.901022,4.278660634987232,0.009547822827804224,0.17828417757322512,0.10376064629206792,0.12361758621101883,4.850286562720307,0.0,0.0,0.0,nan,nan,nan,nan,nan,nan,0.0,0.0,-0.05000000074505806,0.0,0.0,1,ROW_FOLLOW,WAITING_FOR_CENTERLINE,0.0,0.0,0.0,0.0,0.0,0.0,0.0,0.0,0.0,5.0,0.0,0.0,0.0,0.0,0.0,0.0,0.0,0.30000001192092896,0.20000000298023224,0.20000000298023224,0.15000000596046448,0.15000000596046448,1.0,1.0,1.0,1.0
complex_fixed_v018_r1,closed_loop,complex,full,1,0.18,False,37.719159553,1785051014.9508426,4.282838159081986,0.013814089882069185,0.18409446025207993,0.08509685390814063,0.10817449993236794,4.857171114521753,0.0,0.0,0.0,nan,nan,nan,nan,nan,nan,0.0,0.0,-0.05000000074505806,0.0,0.0,0,ROW_FOLLOW,WAITING_FOR_CENTERLINE,0.0,0.0,0.0,0.0,0.0,0.0,0.0,0.0,0.0,0.0,0.0,0.0,0.0,0.0,0.0,0.0,0.0,0.30000001192092896,0.20000000298023224,0.20000000298023224,0.15000000596046448,0.15000000596046448,1.0,1.0,1.0,1.0
complex_fixed_v018_r1,closed_loop,complex,full,1,0.18,False,37.769072756,1785051015.0007558,4.286485863486291,0.014829684785716626,0.18810551822231095,0.07689096501475741,0.10067190499671275,4.861015094422082,0.0,0.0,0.0,nan,nan,nan,nan,nan,nan,0.0,0.0,-0.05000000074505806,0.0,0.0,0,ROW_FOLLOW,WAITING_FOR_CENTERLINE,0.0,0.0,0.0,0.0,0.0,0.0,0.0,0.0,0.0,0.0,0.0,0.0,0.0,0.0,0.0,0.0,0.0,0.30000001192092896,0.20000000298023224,0.20000000298023224,0.15000000596046448,0.15000000596046448,1.0,1.0,1.0,1.0
complex_fixed_v018_r1,closed_loop,complex,full,1,0.18,False,37.819586488,1785051015.0512695,4.288666706114209,0.015261655145111344,0.19555165844316794,0.06516655247722601,0.14323142228133126,4.863250204468065,0.0,0.0,0.0,nan,nan,nan,nan,nan,nan,0.0,0.0,-0.05000000074505806,0.0,0.0,0,ROW_FOLLOW,WAITING_FOR_CENTERLINE,0.0,0.0,0.0,0.0,0.0,0.0,0.0,0.0,0.0,1.0,0.0,0.0,0.0,0.0,0.0,0.0,0.0,0.30000001192092896,0.20000000298023224,0.20000000298023224,0.15000000596046448,0.15000000596046448,1.0,1.0,1.0,1.0
complex_fixed_v018_r1,closed_loop,complex,full,1,0.18,False,37.86932423,1785051015.1010075,4.290758142058242,0.01570958494271541,0.20006661694565728,0.05772570463664153,0.09712581914761384,4.865408655138899,0.0,0.0,0.0,nan,nan,nan,nan,nan,nan,0.0,0.0,-0.05000000074505806,0.0,0.0,0,ROW_FOLLOW,WAITING_FOR_CENTERLINE,0.0,0.0,0.0,0.0,0.0,0.0,0.0,0.0,0.0,1.0,0.0,0.0,0.0,0.0,0.0,0.0,0.0,0.30000001192092896,0.20000000298023224,0.20000000298023224,0.15000000596046448,0.15000000596046448,1.0,1.0,1.0,1.0
complex_fixed_v018_r1,closed_loop,complex,full,1,0.18,False,37.919203416,1785051015.1508863,4.291749168214768,0.015955566713800273,0.20486525120736906,0.04812127232656537,0.08097037591021033,4.8664533099311225,0.0,0.0,0.0,nan,nan,nan,nan,nan,nan,0.0,0.0,-0.05000000074505806,0.0,0.0,0,ROW_FOLLOW,WAITING_FOR_CENTERLINE,0.0,0.0,0.0,0.0,0.0,0.0,0.0,0.0,0.0,2.0,0.0,0.0,0.0,0.0,0.0,0.0,0.0,0.30000001192092896,0.20000000298023224,0.20000000298023224,0.15000000596046448,0.15000000596046448,1.0,1.0,1.0,1.0
complex_fixed_v018_r1,closed_loop,complex,full,1,0.18,False,37.96947759,1785051015.2011607,4.298744145340098,0.015797036047794415,0.2075347143497121,0.049633934903226117,0.08210561535811611,4.873475489996024,0.0,0.0,0.0,nan,nan,nan,nan,nan,nan,0.0,0.0,-0.05000000074505806,0.0,0.0,0,ROW_FOLLOW,WAITING_FOR_CENTERLINE,0.0,0.0,0.0,0.0,0.0,0.0,0.0,0.0,0.0,2.0,0.0,0.0,0.0,0.0,0.0,0.0,0.0,0.30000001192092896,0.20000000298023224,0.20000000298023224,0.15000000596046448,0.15000000596046448,1.0,1.0,1.0,1.0
complex_fixed_v018_r1,closed_loop,complex,full,1,0.18,False,38.019214084,1785051015.2508972,4.300175415670077,0.01610535916404106,0.21216087468987205,0.04174647418196571,0.0933126907647309,4.874944417088189,0.0,0.0,0.0,nan,nan,nan,nan,nan,nan,0.0,0.0,-0.05000000074505806,0.0,0.0,0,ROW_FOLLOW,WAITING_FOR_CENTERLINE,0.0,0.0,0.0,0.0,0.0,0.0,0.0,0.0,0.0,3.0,0.0,0.0,0.0,0.0,0.0,0.0,0.0,0.30000001192092896,0.20000000298023224,0.20000000298023224,0.15000000596046448,0.15000000596046448,1.0,1.0,1.0,1.0
complex_fixed_v018_r1,closed_loop,complex,full,1,0.18,False,38.069333629,1785051015.3010166,4.301071568821863,0.016310778618459972,0.21563022938759385,0.032968293121951674,0.0742459454404846,4.8758720373948385,0.0,0.0,0.0,nan,nan,nan,nan,nan,nan,0.0,0.0,-0.05000000074505806,0.0,0.0,0,ROW_FOLLOW,WAITING_FOR_CENTERLINE,0.0,0.0,0.0,0.0,0.0,0.0,0.0,0.0,0.0,3.0,0.0,0.0,0.0,0.0,0.0,0.0,0.0,0.30000001192092896,0.20000000298023224,0.20000000298023224,0.15000000596046448,0.15000000596046448,1.0,1.0,1.0,1.0
complex_fixed_v018_r1,closed_loop,complex,full,1,0.18,False,38.119288402,1785051015.3509715,4.301279974753158,0.0163707544299727,0.21926913985162555,0.023478761138287757,0.04743153676917641,4.876097755398215,0.0,0.0,0.0,nan,nan,nan,nan,nan,nan,0.0,0.0,-0.05000000074505806,0.0,0.0,0,ROW_FOLLOW,WAITING_FOR_CENTERLINE,0.0,0.0,0.0,0.0,0.0,0.0,0.0,0.0,0.0,4.0,0.0,0.0,0.0,0.0,0.0,0.0,0.0,0.30000001192092896,0.20000000298023224,0.20000000298023224,0.15000000596046448,0.15000000596046448,1.0,1.0,1.0,1.0
complex_fixed_v018_r1,closed_loop,complex,full,1,0.18,False,38.169335721,1785051015.4010186,4.306240751624687,0.014731952689262227,0.22058786932257446,0.020793196834264074,0.02848361295447978,4.881384893091183,0.0,0.0,0.0,nan,nan,nan,nan,nan,nan,0.0,0.0,-0.05000000074505806,0.0,0.0,0,ROW_FOLLOW,WAITING_FOR_CENTERLINE,0.0,0.0,0.0,0.0,0.0,0.0,0.0,0.0,0.0,4.0,0.0,0.0,0.0,0.0,0.0,0.0,0.0,0.30000001192092896,0.20000000298023224,0.20000000298023224,0.15000000596046448,0.15000000596046448,1.0,1.0,1.0,1.0
complex_fixed_v018_r1,closed_loop,complex,full,1,0.18,False,38.219276893,1785051015.45096,4.306433088523508,0.014776633604895159,0.22221212380325067,0.012953042005100711,0.029897773713028233,4.881583225840511,0.0,0.0,0.0,nan,nan,nan,nan,nan,nan,0.0,0.0,-0.05000000074505806,0.0,0.0,1,ROW_FOLLOW,WAITING_FOR_CENTERLINE,0.0,0.0,0.0,0.0,0.0,0.0,0.0,0.0,0.0,5.0,0.0,0.0,0.0,0.0,0.0,0.0,0.0,0.30000001192092896,0.20000000298023224,0.20000000298023224,0.15000000596046448,0.15000000596046448,1.0,1.0,1.0,1.0
complex_fixed_v018_r1,closed_loop,complex,full,1,0.18,False,38.269490617,1785051015.5011737,4.306467481798532,0.014784633606032807,0.22230154301097382,0.007101485592877665,0.004006192723033405,4.881618616465314,0.0,0.0,0.0,nan,nan,nan,nan,nan,nan,0.0,0.0,-0.05000000074505806,0.0,0.0,1,ROW_FOLLOW,WAITING_FOR_CENTERLINE,0.0,0.0,0.0,0.0,0.0,0.0,0.0,0.0,0.0,5.0,0.0,0.0,0.0,0.0,0.0,0.0,0.0,0.30000001192092896,0.20000000298023224,0.20000000298023224,0.15000000596046448,0.15000000596046448,1.0,1.0,1.0,1.0
complex_fixed_v018_r1,closed_loop,complex,full,1,0.18,False,38.320260196,1785051015.551943,4.308221583095365,0.015186684410548393,0.222280154216158,0.008323286632152083,-0.0019166716059320623,4.883730356400404,0.0,0.0,0.0,nan,nan,nan,nan,nan,nan,0.0,0.0,-0.05000000074505806,0.0,0.0,0,ROW_FOLLOW,WAITING_FOR_CENTERLINE,0.0,0.0,0.0,0.0,0.0,0.0,0.0,0.0,0.0,0.0,0.0,0.0,0.0,0.0,0.0,0.0,0.0,0.30000001192092896,0.20000000298023224,0.20000000298023224,0.15000000596046448,0.15000000596046448,1.0,1.0,1.0,1.0
complex_fixed_v018_r1,closed_loop,complex,full,1,0.18,False,38.375153798,1785051015.6068368,4.309548182741217,0.01579208221857538,0.2222953592000781,0.003652844151131393,0.00031625139012519043,4.885188565276505,0.0,0.0,0.0,nan,nan,nan,nan,nan,nan,0.0,0.0,-0.05000000074505806,0.0,0.0,0,ROW_FOLLOW,WAITING_FOR_CENTERLINE,0.0,0.0,0.0,0.0,0.0,0.0,0.0,0.0,0.0,0.0,0.0,0.0,0.0,0.0,0.0,0.0,0.0,0.30000001192092896,0.20000000298023224,0.20000000298023224,0.15000000596046448,0.15000000596046448,1.0,1.0,1.0,1.0
complex_fixed_v018_r1,closed_loop,complex,full,1,0.18,False,38.419237971,1785051015.6509209,4.309548182741217,0.01579208221857538,0.22229954051443324,0.0036059213285360224,0.001953357842023075,4.885188565276505,0.0,0.0,0.0,nan,nan,nan,nan,nan,nan,0.0,0.0,-0.05000000074505806,0.0,0.0,0,ROW_FOLLOW,WAITING_FOR_CENTERLINE,0.0,0.0,0.0,0.0,0.0,0.0,0.0,0.0,0.0,1.0,0.0,0.0,0.0,0.0,0.0,0.0,0.0,0.30000001192092896,0.20000000298023224,0.20000000298023224,0.15000000596046448,0.15000000596046448,1.0,1.0,1.0,1.0
complex_fixed_v018_r1,closed_loop,complex,full,1,0.18,False,38.469880123,1785051015.7015631,4.311450662399208,0.015134237315483278,0.22229154360885905,0.006617286420367197,0.001364953099289805,4.887201570185986,0.0,0.0,0.0,nan,nan,nan,nan,nan,nan,0.0,0.0,-0.05000000074505806,0.0,0.0,0,ROW_FOLLOW,WAITING_FOR_CENTERLINE,0.0,0.0,0.0,0.0,0.0,0.0,0.0,0.0,0.0,1.0,0.0,0.0,0.0,0.0,0.0,0.0,0.0,0.30000001192092896,0.20000000298023224,0.20000000298023224,0.15000000596046448,0.15000000596046448,1.0,1.0,1.0,1.0
complex_fixed_v018_r1,closed_loop,complex,full,1,0.18,False,38.519428676,1785051015.7511117,4.311450662399208,0.015134237315483278,0.2222800932068143,0.0016659168384739488,0.0013720511387770383,4.887201570185986,0.0,0.0,0.0,nan,nan,nan,nan,nan,nan,0.0,0.0,-0.05000000074505806,0.0,0.0,0,ROW_FOLLOW,WAITING_FOR_CENTERLINE,0.0,0.0,0.0,0.0,0.0,0.0,0.0,0.0,0.0,2.0,0.0,0.0,0.0,0.0,0.0,0.0,0.0,0.30000001192092896,0.20000000298023224,0.20000000298023224,0.15000000596046448,0.15000000596046448,1.0,1.0,1.0,1.0
complex_fixed_v018_r1,closed_loop,complex,full,1,0.18,False,38.569432825,1785051015.801116,4.311450662399208,0.015134237315483278,0.22225949451012417,-0.0011326267475914983,0.0011282815906601608,4.887201570185986,0.0,0.0,0.0,nan,nan,nan,nan,nan,nan,0.0,0.0,-0.05000000074505806,0.0,0.0,0,ROW_FOLLOW,WAITING_FOR_CENTERLINE,0.0,0.0,0.0,0.0,0.0,0.0,0.0,0.0,0.0,2.0,0.0,0.0,0.0,0.0,0.0,0.0,0.0,0.30000001192092896,0.20000000298023224,0.20000000298023224,0.15000000596046448,0.15000000596046448,1.0,1.0,1.0,1.0
complex_fixed_v018_r1,closed_loop,complex,full,1,0.18,False,38.618954401,1785051015.8506372,4.311450662399208,0.015134237315483278,0.22226202558755226,-0.004345237962322729,0.0015529408917211846,4.887201570185986,0.0,0.0,0.0,nan,nan,nan,nan,nan,nan,0.0,0.0,-0.05000000074505806,0.0,0.0,0,ROW_FOLLOW,WAITING_FOR_CENTERLINE,0.0,0.0,0.0,0.0,0.0,0.0,0.0,0.0,0.0,3.0,0.0,0.0,0.0,0.0,0.0,0.0,0.0,0.30000001192092896,0.20000000298023224,0.20000000298023224,0.15000000596046448,0.15000000596046448,1.0,1.0,1.0,1.0
complex_fixed_v018_r1,closed_loop,complex,full,1,0.18,False,38.669376291,1785051015.9010594,4.311450662399208,0.015134237315483278,0.22225938703433196,-0.00703759284141547,0.0012089508298288871,4.887201570185986,0.0,0.0,0.0,nan,nan,nan,nan,nan,nan,0.0,0.0,-0.05000000074505806,0.0,0.0,0,ROW_FOLLOW,WAITING_FOR_CENTERLINE,0.0,0.0,0.0,0.0,0.0,0.0,0.0,0.0,0.0,3.0,0.0,0.0,0.0,0.0,0.0,0.0,0.0,0.30000001192092896,0.20000000298023224,0.20000000298023224,0.15000000596046448,0.15000000596046448,1.0,1.0,1.0,1.0
complex_fixed_v018_r1,closed_loop,complex,full,1,0.18,False,38.721020168,1785051015.9527032,4.311450662399208,0.015134237315483278,0.22225320529596806,-0.011093929078934299,0.0004537515129174902,4.887201570185986,0.0,0.0,0.0,nan,nan,nan,nan,nan,nan,0.0,0.0,-0.05000000074505806,0.0,0.0,0,ROW_FOLLOW,WAITING_FOR_CENTERLINE,0.0,0.0,0.0,0.0,0.0,0.0,0.0,0.0,0.0,4.0,0.0,0.0,0.0,0.0,0.0,0.0,0.0,0.30000001192092896,0.20000000298023224,0.20000000298023224,0.15000000596046448,0.15000000596046448,1.0,1.0,1.0,1.0
complex_fixed_v018_r1,closed_loop,complex,full,1,0.18,False,38.769408656,1785051016.0010915,4.311450662399208,0.015134237315483278,0.22222277623140127,-0.013735403132430107,0.00027895114283001663,4.887201570185986,0.0,0.0,0.0,nan,nan,nan,nan,nan,nan,0.0,0.0,-0.05000000074505806,0.0,0.0,0,ROW_FOLLOW,WAITING_FOR_CENTERLINE,0.0,0.0,0.0,0.0,0.0,0.0,0.0,0.0,0.0,4.0,0.0,0.0,0.0,0.0,0.0,0.0,0.0,0.30000001192092896,0.20000000298023224,0.20000000298023224,0.15000000596046448,0.15000000596046448,1.0,1.0,1.0,1.0
complex_fixed_v018_r1,closed_loop,complex,full,1,0.18,False,38.821246682,1785051016.0529299,4.311173932200298,0.015419113067604077,0.2221949167564153,0.0,0.0007576516365146108,4.887598727330118,0.0,0.0,0.0,nan,nan,nan,nan,nan,nan,0.0,0.0,-0.05000000074505806,0.0,0.0,1,ROW_FOLLOW,WAITING_FOR_CENTERLINE,0.0,0.0,0.0,0.0,0.0,0.0,0.0,0.0,0.0,5.0,0.0,0.0,0.0,0.0,0.0,0.0,0.0,0.30000001192092896,0.20000000298023224,0.20000000298023224,0.15000000596046448,0.15000000596046448,1.0,1.0,1.0,1.0
complex_fixed_v018_r1,closed_loop,complex,full,1,0.18,False,38.86975415,1785051016.101437,4.311173932200298,0.015419113067604077,0.2221614998122133,0.0,0.0005758469638890838,4.887598727330118,0.0,0.0,0.0,nan,nan,nan,nan,nan,nan,0.0,0.0,-0.05000000074505806,0.0,0.0,1,ROW_FOLLOW,WAITING_FOR_CENTERLINE,0.0,0.0,0.0,0.0,0.0,0.0,0.0,0.0,0.0,5.0,0.0,0.0,0.0,0.0,0.0,0.0,0.0,0.30000001192092896,0.20000000298023224,0.20000000298023224,0.15000000596046448,0.15000000596046448,1.0,1.0,1.0,1.0
complex_fixed_v018_r1,closed_loop,complex,full,1,0.18,False,38.920104422,1785051016.1517875,4.311173932200298,0.015419113067604077,0.22216816927431138,0.0,0.0015220422386520555,4.887598727330118,0.0,0.0,0.0,nan,nan,nan,nan,nan,nan,0.0,0.0,-0.05000000074505806,0.0,0.0,0,ROW_FOLLOW,WAITING_FOR_CENTERLINE,0.0,0.0,0.0,0.0,0.0,0.0,0.0,0.0,0.0,0.0,0.0,0.0,0.0,0.0,0.0,0.0,0.0,0.30000001192092896,0.20000000298023224,0.20000000298023224,0.15000000596046448,0.15000000596046448,1.0,1.0,1.0,1.0
complex_fixed_v018_r1,closed_loop,complex,full,1,0.18,False,38.969666319,1785051016.2013493,4.311173932200298,0.015419113067604077,0.2221580241858288,0.0,0.0004170013344953925,4.887598727330118,0.0,0.0,0.0,nan,nan,nan,nan,nan,nan,0.0,0.0,-0.05000000074505806,0.0,0.0,0,ROW_FOLLOW,WAITING_FOR_CENTERLINE,0.0,0.0,0.0,0.0,0.0,0.0,0.0,0.0,0.0,0.0,0.0,0.0,0.0,0.0,0.0,0.0,0.0,0.30000001192092896,0.20000000298023224,0.20000000298023224,0.15000000596046448,0.15000000596046448,1.0,1.0,1.0,1.0
complex_fixed_v018_r1,closed_loop,complex,full,1,0.18,False,39.019217529,1785051016.2509005,4.311173932200298,0.015419113067604077,0.22215604998044022,0.0,0.001112798162484082,4.887598727330118,0.0,0.0,0.0,nan,nan,nan,nan,nan,nan,0.0,0.0,-0.05000000074505806,0.0,0.0,0,ROW_FOLLOW,WAITING_FOR_CENTERLINE,0.0,0.0,0.0,0.0,0.0,0.0,0.0,0.0,0.0,1.0,0.0,0.0,0.0,0.0,0.0,0.0,0.0,0.30000001192092896,0.20000000298023224,0.20000000298023224,0.15000000596046448,0.15000000596046448,1.0,1.0,1.0,1.0
complex_fixed_v018_r1,closed_loop,complex,full,1,0.18,False,39.069795167,1785051016.3014781,4.311173932200298,0.015419113067604077,0.22215086779671372,0.0,0.0012483490198473368,4.887598727330118,0.0,0.0,0.0,nan,nan,nan,nan,nan,nan,0.0,0.0,-0.05000000074505806,0.0,0.0,0,ROW_FOLLOW,WAITING_FOR_CENTERLINE,0.0,0.0,0.0,0.0,0.0,0.0,0.0,0.0,0.0,1.0,0.0,0.0,0.0,0.0,0.0,0.0,0.0,0.30000001192092896,0.20000000298023224,0.20000000298023224,0.15000000596046448,0.15000000596046448,1.0,1.0,1.0,1.0
complex_fixed_v018_r1,closed_loop,complex,full,1,0.18,False,39.119878168,1785051016.3515613,4.311173932200298,0.015419113067604077,0.222161295127342,0.0,0.0007684871726813736,4.887598727330118,0.0,0.0,0.0,nan,nan,nan,nan,nan,nan,0.0,0.0,-0.05000000074505806,0.0,0.0,0,ROW_FOLLOW,WAITING_FOR_CENTERLINE,0.0,0.0,0.0,0.0,0.0,0.0,0.0,0.0,0.0,2.0,0.0,0.0,0.0,0.0,0.0,0.0,0.0,0.30000001192092896,0.20000000298023224,0.20000000298023224,0.15000000596046448,0.15000000596046448,1.0,1.0,1.0,1.0
complex_fixed_v018_r1,closed_loop,complex,full,1,0.18,False,39.169305854,1785051016.4009888,4.311173932200298,0.015419113067604077,0.2221553687195429,0.0,0.000901330454793844,4.887598727330118,0.0,0.0,0.0,nan,nan,nan,nan,nan,nan,0.0,0.0,-0.05000000074505806,0.0,0.0,0,ROW_FOLLOW,WAITING_FOR_CENTERLINE,0.0,0.0,0.0,0.0,0.0,0.0,0.0,0.0,0.0,2.0,0.0,0.0,0.0,0.0,0.0,0.0,0.0,0.30000001192092896,0.20000000298023224,0.20000000298023224,0.15000000596046448,0.15000000596046448,1.0,1.0,1.0,1.0
complex_fixed_v018_r1,closed_loop,complex,full,1,0.18,False,39.219458392,1785051016.4511414,4.311173932200298,0.015419113067604077,0.22217749449130866,0.0,0.0014692171149002075,4.887598727330118,0.0,0.0,0.0,nan,nan,nan,nan,nan,nan,0.0,0.0,-0.05000000074505806,0.0,0.0,0,ROW_FOLLOW,WAITING_FOR_CENTERLINE,0.0,0.0,0.0,0.0,0.0,0.0,0.0,0.0,0.0,3.0,0.0,0.0,0.0,0.0,0.0,0.0,0.0,0.30000001192092896,0.20000000298023224,0.20000000298023224,0.15000000596046448,0.15000000596046448,1.0,1.0,1.0,1.0
complex_fixed_v018_r1,closed_loop,complex,full,1,0.18,False,39.269158438,1785051016.5008414,4.311173932200298,0.015419113067604077,0.22215995300442554,0.0,0.0003878908548787258,4.887598727330118,0.0,0.0,0.0,nan,nan,nan,nan,nan,nan,0.0,0.0,-0.05000000074505806,0.0,0.0,0,ROW_FOLLOW,WAITING_FOR_CENTERLINE,0.0,0.0,0.0,0.0,0.0,0.0,0.0,0.0,0.0,3.0,0.0,0.0,0.0,0.0,0.0,0.0,0.0,0.30000001192092896,0.20000000298023224,0.20000000298023224,0.15000000596046448,0.15000000596046448,1.0,1.0,1.0,1.0
complex_fixed_v018_r1,closed_loop,complex,full,1,0.18,False,39.318958966,1785051016.550642,4.311173932200298,0.015419113067604077,0.22220027743811027,0.0,0.0016878637204456421,4.887598727330118,0.0,0.0,0.0,nan,nan,nan,nan,nan,nan,0.0,0.0,-0.05000000074505806,0.0,0.0,0,ROW_FOLLOW,WAITING_FOR_CENTERLINE,0.0,0.0,0.0,0.0,0.0,0.0,0.0,0.0,0.0,4.0,0.0,0.0,0.0,0.0,0.0,0.0,0.0,0.30000001192092896,0.20000000298023224,0.20000000298023224,0.15000000596046448,0.15000000596046448,1.0,1.0,1.0,1.0
complex_fixed_v018_r1,closed_loop,complex,full,1,0.18,False,39.369304342,1785051016.6009874,4.311173932200298,0.015419113067604077,0.22220183831530574,0.0,0.002035999949495495,4.887598727330118,0.0,0.0,0.0,nan,nan,nan,nan,nan,nan,0.0,0.0,-0.05000000074505806,0.0,0.0,0,ROW_FOLLOW,WAITING_FOR_CENTERLINE,0.0,0.0,0.0,0.0,0.0,0.0,0.0,0.0,0.0,4.0,0.0,0.0,0.0,0.0,0.0,0.0,0.0,0.30000001192092896,0.20000000298023224,0.20000000298023224,0.15000000596046448,0.15000000596046448,1.0,1.0,1.0,1.0
complex_fixed_v018_r1,closed_loop,complex,full,1,0.18,False,39.419297068,1785051016.65098,4.311173932200298,0.015419113067604077,0.2222086707681746,0.0,0.0015140878473738008,4.887598727330118,0.0,0.0,0.0,nan,nan,nan,nan,nan,nan,0.0,0.0,-0.05000000074505806,0.0,0.0,1,ROW_FOLLOW,WAITING_FOR_CENTERLINE,0.0,0.0,0.0,0.0,0.0,0.0,0.0,0.0,0.0,5.0,0.0,0.0,0.0,0.0,0.0,0.0,0.0,0.30000001192092896,0.20000000298023224,0.20000000298023224,0.15000000596046448,0.15000000596046448,1.0,1.0,1.0,1.0
complex_fixed_v018_r1,closed_loop,complex,full,1,0.18,False,39.469400805,1785051016.701084,4.311173932200298,0.015419113067604077,0.2222096412642656,0.0,0.0015776500075499872,4.887598727330118,0.0,0.0,0.0,nan,nan,nan,nan,nan,nan,0.0,0.0,-0.05000000074505806,0.0,0.0,1,ROW_FOLLOW,WAITING_FOR_CENTERLINE,0.0,0.0,0.0,0.0,0.0,0.0,0.0,0.0,0.0,5.0,0.0,0.0,0.0,0.0,0.0,0.0,0.0,0.30000001192092896,0.20000000298023224,0.20000000298023224,0.15000000596046448,0.15000000596046448,1.0,1.0,1.0,1.0
complex_fixed_v018_r1,closed_loop,complex,full,1,0.18,False,39.519313017,1785051016.7509959,4.311173932200298,0.015419113067604077,0.22219672768866872,0.0,0.0007684552449772305,4.887598727330118,0.0,0.0,0.0,nan,nan,nan,nan,nan,nan,0.0,0.0,-0.05000000074505806,0.0,0.0,0,ROW_FOLLOW,WAITING_FOR_CENTERLINE,0.0,0.0,0.0,0.0,0.0,0.0,0.0,0.0,0.0,0.0,0.0,0.0,0.0,0.0,0.0,0.0,0.0,0.30000001192092896,0.20000000298023224,0.20000000298023224,0.15000000596046448,0.15000000596046448,1.0,1.0,1.0,1.0
complex_fixed_v018_r1,closed_loop,complex,full,1,0.18,False,39.569313807,1785051016.8009968,4.311173932200298,0.015419113067604077,0.22216668078566923,0.0,0.0009721234032099512,4.887598727330118,0.0,0.0,0.0,nan,nan,nan,nan,nan,nan,0.0,0.0,-0.05000000074505806,0.0,0.0,0,ROW_FOLLOW,WAITING_FOR_CENTERLINE,0.0,0.0,0.0,0.0,0.0,0.0,0.0,0.0,0.0,0.0,0.0,0.0,0.0,0.0,0.0,0.0,0.0,0.30000001192092896,0.20000000298023224,0.20000000298023224,0.15000000596046448,0.15000000596046448,1.0,1.0,1.0,1.0
complex_fixed_v018_r1,closed_loop,complex,full,1,0.18,False,39.619096063,1785051016.850779,4.311173932200298,0.015419113067604077,0.22217700919016978,0.0,0.0015231297881579948,4.887598727330118,0.0,0.0,0.0,nan,nan,nan,nan,nan,nan,0.0,0.0,-0.05000000074505806,0.0,0.0,0,ROW_FOLLOW,WAITING_FOR_CENTERLINE,0.0,0.0,0.0,0.0,0.0,0.0,0.0,0.0,0.0,1.0,0.0,0.0,0.0,0.0,0.0,0.0,0.0,0.30000001192092896,0.20000000298023224,0.20000000298023224,0.15000000596046448,0.15000000596046448,1.0,1.0,1.0,1.0
complex_fixed_v018_r1,closed_loop,complex,full,1,0.18,False,39.669335836,1785051016.9010189,4.311173932200298,0.015419113067604077,0.22217037818356872,0.0,0.000420110323836943,4.887598727330118,0.0,0.0,0.0,nan,nan,nan,nan,nan,nan,0.0,0.0,-0.05000000074505806,0.0,0.0,0,ROW_FOLLOW,WAITING_FOR_CENTERLINE,0.0,0.0,0.0,0.0,0.0,0.0,0.0,0.0,0.0,1.0,0.0,0.0,0.0,0.0,0.0,0.0,0.0,0.30000001192092896,0.20000000298023224,0.20000000298023224,0.15000000596046448,0.15000000596046448,1.0,1.0,1.0,1.0
complex_fixed_v018_r1,closed_loop,complex,full,1,0.18,False,39.719087435,1785051016.9507704,4.311173932200298,0.015419113067604077,0.22216579775983014,0.0,0.0006839635382269736,4.887598727330118,0.0,0.0,0.0,nan,nan,nan,nan,nan,nan,0.0,0.0,-0.05000000074505806,0.0,0.0,0,ROW_FOLLOW,WAITING_FOR_CENTERLINE,0.0,0.0,0.0,0.0,0.0,0.0,0.0,0.0,0.0,2.0,0.0,0.0,0.0,0.0,0.0,0.0,0.0,0.30000001192092896,0.20000000298023224,0.20000000298023224,0.15000000596046448,0.15000000596046448,1.0,1.0,1.0,1.0
complex_fixed_v018_r1,closed_loop,complex,full,1,0.18,False,39.769318056,1785051017.001001,4.311173932200298,0.015419113067604077,0.22215944984953,0.0,0.0013389372660273517,4.887598727330118,0.0,0.0,0.0,nan,nan,nan,nan,nan,nan,0.0,0.0,-0.05000000074505806,0.0,0.0,0,ROW_FOLLOW,WAITING_FOR_CENTERLINE,0.0,0.0,0.0,0.0,0.0,0.0,0.0,0.0,0.0,2.0,0.0,0.0,0.0,0.0,0.0,0.0,0.0,0.30000001192092896,0.20000000298023224,0.20000000298023224,0.15000000596046448,0.15000000596046448,1.0,1.0,1.0,1.0
complex_fixed_v018_r1,closed_loop,complex,full,1,0.18,False,39.819130873,1785051017.050814,4.311173932200298,0.015419113067604077,0.22213225049940985,0.0,0.0009081322698791216,4.887598727330118,0.0,0.0,0.0,nan,nan,nan,nan,nan,nan,0.0,0.0,-0.05000000074505806,0.0,0.0,0,ROW_FOLLOW,WAITING_FOR_CENTERLINE,0.0,0.0,0.0,0.0,0.0,0.0,0.0,0.0,0.0,3.0,0.0,0.0,0.0,0.0,0.0,0.0,0.0,0.30000001192092896,0.20000000298023224,0.20000000298023224,0.15000000596046448,0.15000000596046448,1.0,1.0,1.0,1.0
complex_fixed_v018_r1,closed_loop,complex,full,1,0.18,False,39.869326549,1785051017.1010096,4.311173932200298,0.015419113067604077,0.2221311466355137,0.0,0.0011409096526634483,4.887598727330118,0.0,0.0,0.0,nan,nan,nan,nan,nan,nan,0.0,0.0,-0.05000000074505806,0.0,0.0,0,ROW_FOLLOW,WAITING_FOR_CENTERLINE,0.0,0.0,0.0,0.0,0.0,0.0,0.0,0.0,0.0,3.0,0.0,0.0,0.0,0.0,0.0,0.0,0.0,0.30000001192092896,0.20000000298023224,0.20000000298023224,0.15000000596046448,0.15000000596046448,1.0,1.0,1.0,1.0
complex_fixed_v018_r1,closed_loop,complex,full,1,0.18,False,39.91917396,1785051017.150857,4.311173932200298,0.015419113067604077,0.22210370674644783,0.0,0.00021614826051718898,4.887598727330118,0.0,0.0,0.0,nan,nan,nan,nan,nan,nan,0.0,0.0,-0.05000000074505806,0.0,0.0,0,ROW_FOLLOW,WAITING_FOR_CENTERLINE,0.0,0.0,0.0,0.0,0.0,0.0,0.0,0.0,0.0,4.0,0.0,0.0,0.0,0.0,0.0,0.0,0.0,0.30000001192092896,0.20000000298023224,0.20000000298023224,0.15000000596046448,0.15000000596046448,1.0,1.0,1.0,1.0
complex_fixed_v018_r1,closed_loop,complex,full,1,0.18,False,39.969425669,1785051017.2011087,4.311173932200298,0.015419113067604077,0.2220949277722112,0.0,0.0007240222843582099,4.887598727330118,0.0,0.0,0.0,nan,nan,nan,nan,nan,nan,0.0,0.0,-0.05000000074505806,0.0,0.0,0,ROW_FOLLOW,WAITING_FOR_CENTERLINE,0.0,0.0,0.0,0.0,0.0,0.0,0.0,0.0,0.0,4.0,0.0,0.0,0.0,0.0,0.0,0.0,0.0,0.30000001192092896,0.20000000298023224,0.20000000298023224,0.15000000596046448,0.15000000596046448,1.0,1.0,1.0,1.0
complex_fixed_v018_r1,closed_loop,complex,full,1,0.18,False,40.019274104,1785051017.250957,4.311173932200298,0.015419113067604077,0.22207904658048913,0.0,0.001118175970291189,4.887598727330118,0.0,0.0,0.0,nan,nan,nan,nan,nan,nan,0.0,0.0,-0.05000000074505806,0.0,0.0,1,ROW_FOLLOW,WAITING_FOR_CENTERLINE,0.0,0.0,0.0,0.0,0.0,0.0,0.0,0.0,0.0,5.0,0.0,0.0,0.0,0.0,0.0,0.0,0.0,0.30000001192092896,0.20000000298023224,0.20000000298023224,0.15000000596046448,0.15000000596046448,1.0,1.0,1.0,1.0
complex_fixed_v018_r1,closed_loop,complex,full,1,0.18,False,40.0693308,1785051017.3010137,4.311173932200298,0.015419113067604077,0.2220853986433066,0.0,0.0013640928318975553,4.887598727330118,0.0,0.0,0.0,nan,nan,nan,nan,nan,nan,0.0,0.0,-0.05000000074505806,0.0,0.0,1,ROW_FOLLOW,WAITING_FOR_CENTERLINE,0.0,0.0,0.0,0.0,0.0,0.0,0.0,0.0,0.0,5.0,0.0,0.0,0.0,0.0,0.0,0.0,0.0,0.30000001192092896,0.20000000298023224,0.20000000298023224,0.15000000596046448,0.15000000596046448,1.0,1.0,1.0,1.0
complex_fixed_v018_r1,closed_loop,complex,full,1,0.18,False,40.118843608,1785051017.3505268,4.311173932200298,0.015419113067604077,0.22207666605469978,0.0,0.0010304224526130014,4.887598727330118,0.0,0.0,0.0,nan,nan,nan,nan,nan,nan,0.0,0.0,-0.05000000074505806,0.0,0.0,0,ROW_FOLLOW,WAITING_FOR_CENTERLINE,0.0,0.0,0.0,0.0,0.0,0.0,0.0,0.0,0.0,0.0,0.0,0.0,0.0,0.0,0.0,0.0,0.0,0.30000001192092896,0.20000000298023224,0.20000000298023224,0.15000000596046448,0.15000000596046448,1.0,1.0,1.0,1.0
complex_fixed_v018_r1,closed_loop,complex,full,1,0.18,False,40.169296732,1785051017.4009798,4.311173932200298,0.015419113067604077,0.22206394731705345,0.0,0.0007393683117990477,4.887598727330118,0.0,0.0,0.0,nan,nan,nan,nan,nan,nan,0.0,0.0,-0.05000000074505806,0.0,0.0,0,ROW_FOLLOW,WAITING_FOR_CENTERLINE,0.0,0.0,0.0,0.0,0.0,0.0,0.0,0.0,0.0,0.0,0.0,0.0,0.0,0.0,0.0,0.0,0.0,0.30000001192092896,0.20000000298023224,0.20000000298023224,0.15000000596046448,0.15000000596046448,1.0,1.0,1.0,1.0
complex_fixed_v018_r1,closed_loop,complex,full,1,0.18,False,40.219841154,1785051017.451524,4.311173932200298,0.015419113067604077,0.22207818781127736,0.0,0.0014879784752325385,4.887598727330118,0.0,0.0,0.0,nan,nan,nan,nan,nan,nan,0.0,0.0,-0.05000000074505806,0.0,0.0,0,ROW_FOLLOW,WAITING_FOR_CENTERLINE,0.0,0.0,0.0,0.0,0.0,0.0,0.0,0.0,0.0,1.0,0.0,0.0,0.0,0.0,0.0,0.0,0.0,0.30000001192092896,0.20000000298023224,0.20000000298023224,0.15000000596046448,0.15000000596046448,1.0,1.0,1.0,1.0
complex_fixed_v018_r1,closed_loop,complex,full,1,0.18,False,40.269571377,1785051017.5012543,4.311173932200298,0.015419113067604077,0.2220656536576833,0.0,-0.0004525525002619923,4.887598727330118,0.0,0.0,0.0,nan,nan,nan,nan,nan,nan,0.0,0.0,-0.05000000074505806,0.0,0.0,0,ROW_FOLLOW,WAITING_FOR_CENTERLINE,0.0,0.0,0.0,0.0,0.0,0.0,0.0,0.0,0.0,1.0,0.0,0.0,0.0,0.0,0.0,0.0,0.0,0.30000001192092896,0.20000000298023224,0.20000000298023224,0.15000000596046448,0.15000000596046448,1.0,1.0,1.0,1.0
complex_fixed_v018_r1,closed_loop,complex,full,1,0.18,False,40.3193168,1785051017.5509999,4.311173932200298,0.015419113067604077,0.22206140525525345,0.0,0.0017700807550681582,4.887598727330118,0.0,0.0,0.0,nan,nan,nan,nan,nan,nan,0.0,0.0,-0.05000000074505806,0.0,0.0,0,ROW_FOLLOW,WAITING_FOR_CENTERLINE,0.0,0.0,0.0,0.0,0.0,0.0,0.0,0.0,0.0,2.0,0.0,0.0,0.0,0.0,0.0,0.0,0.0,0.30000001192092896,0.20000000298023224,0.20000000298023224,0.15000000596046448,0.15000000596046448,1.0,1.0,1.0,1.0
complex_fixed_v018_r1,closed_loop,complex,full,1,0.18,False,40.369304086,1785051017.6009872,4.311173932200298,0.015419113067604077,0.22206533703728049,0.0,0.001976009541576264,4.887598727330118,0.0,0.0,0.0,nan,nan,nan,nan,nan,nan,0.0,0.0,-0.05000000074505806,0.0,0.0,0,ROW_FOLLOW,WAITING_FOR_CENTERLINE,0.0,0.0,0.0,0.0,0.0,0.0,0.0,0.0,0.0,2.0,0.0,0.0,0.0,0.0,0.0,0.0,0.0,0.30000001192092896,0.20000000298023224,0.20000000298023224,0.15000000596046448,0.15000000596046448,1.0,1.0,1.0,1.0
complex_fixed_v018_r1,closed_loop,complex,full,1,0.18,False,40.419308941,1785051017.650992,4.311173932200298,0.015419113067604077,0.2220712718283711,0.0,0.0011951379876966488,4.887598727330118,0.0,0.0,0.0,nan,nan,nan,nan,nan,nan,0.0,0.0,-0.05000000074505806,0.0,0.0,0,ROW_FOLLOW,WAITING_FOR_CENTERLINE,0.0,0.0,0.0,0.0,0.0,0.0,0.0,0.0,0.0,3.0,0.0,0.0,0.0,0.0,0.0,0.0,0.0,0.30000001192092896,0.20000000298023224,0.20000000298023224,0.15000000596046448,0.15000000596046448,1.0,1.0,1.0,1.0
complex_fixed_v018_r1,closed_loop,complex,full,1,0.18,False,40.469292003,1785051017.7009752,4.311173932200298,0.015419113067604077,0.22207127182837116,0.0,0.0,4.887598727330118,0.0,0.0,0.0,nan,nan,nan,nan,nan,nan,0.0,0.0,-0.05000000074505806,0.0,0.0,0,ROW_FOLLOW,WAITING_FOR_CENTERLINE,0.0,0.0,0.0,0.0,0.0,0.0,0.0,0.0,0.0,3.0,0.0,0.0,0.0,0.0,0.0,0.0,0.0,0.30000001192092896,0.20000000298023224,0.20000000298023224,0.15000000596046448,0.15000000596046448,1.0,1.0,1.0,1.0
complex_fixed_v018_r1,closed_loop,complex,full,1,0.18,False,40.519160982,1785051017.750844,4.311173932200298,0.015419113067604077,0.22207127182837116,0.0,0.0,4.887598727330118,0.0,0.0,0.0,nan,nan,nan,nan,nan,nan,0.0,0.0,-0.05000000074505806,0.0,0.0,0,ROW_FOLLOW,WAITING_FOR_CENTERLINE,0.0,0.0,0.0,0.0,0.0,0.0,0.0,0.0,0.0,4.0,0.0,0.0,0.0,0.0,0.0,0.0,0.0,0.30000001192092896,0.20000000298023224,0.20000000298023224,0.15000000596046448,0.15000000596046448,1.0,1.0,1.0,1.0
complex_fixed_v018_r1,closed_loop,complex,full,1,0.18,False,40.569385907,1785051017.801069,4.311173932200298,0.015419113067604077,0.22207127182837116,0.0,0.0,4.887598727330118,0.0,0.0,0.0,nan,nan,nan,nan,nan,nan,0.0,0.0,-0.05000000074505806,0.0,0.0,0,ROW_FOLLOW,WAITING_FOR_CENTERLINE,0.0,0.0,0.0,0.0,0.0,0.0,0.0,0.0,0.0,4.0,0.0,0.0,0.0,0.0,0.0,0.0,0.0,0.30000001192092896,0.20000000298023224,0.20000000298023224,0.15000000596046448,0.15000000596046448,1.0,1.0,1.0,1.0
complex_fixed_v018_r1,closed_loop,complex,full,1,0.18,False,40.619183236,1785051017.850866,4.311173932200297,0.015419113067603917,0.22206587032995184,0.0,0.0014432871630139796,4.887598727330119,0.0,0.0,0.0,nan,nan,nan,nan,nan,nan,0.0,0.0,-0.05000000074505806,0.0,0.0,1,ROW_FOLLOW,WAITING_FOR_CENTERLINE,0.0,0.0,0.0,0.0,0.0,0.0,0.0,0.0,0.0,5.0,0.0,0.0,0.0,0.0,0.0,0.0,0.0,0.30000001192092896,0.20000000298023224,0.20000000298023224,0.15000000596046448,0.15000000596046448,1.0,1.0,1.0,1.0
complex_fixed_v018_r1,closed_loop,complex,full,1,0.18,False,40.669328319,1785051017.9010115,4.310188980888465,0.01573288260780638,0.22205360597992432,0.00013268988185561532,0.0009665385420089198,4.888641842249408,0.0,0.0,0.0,nan,nan,nan,nan,nan,nan,0.0,0.0,-0.05000000074505806,0.0,0.0,1,ROW_FOLLOW,WAITING_FOR_CENTERLINE,0.0,0.0,0.0,0.0,0.0,0.0,0.0,0.0,0.0,5.0,0.0,0.0,0.0,0.0,0.0,0.0,0.0,0.30000001192092896,0.20000000298023224,0.20000000298023224,0.15000000596046448,0.15000000596046448,1.0,1.0,1.0,1.0
complex_fixed_v018_r1,closed_loop,complex,full,1,0.18,False,40.71961971,1785051017.9513028,4.310184953820033,0.01578383134302858,0.22205941519373434,0.00013268988185561532,0.001416296770218273,4.888692949889784,0.0,0.0,0.0,nan,nan,nan,nan,nan,nan,0.0,0.0,-0.05000000074505806,0.0,0.0,0,ROW_FOLLOW,WAITING_FOR_CENTERLINE,0.0,0.0,0.0,0.0,0.0,0.0,0.0,0.0,0.0,0.0,0.0,0.0,0.0,0.0,0.0,0.0,0.0,0.30000001192092896,0.20000000298023224,0.20000000298023224,0.15000000596046448,0.15000000596046448,1.0,1.0,1.0,1.0
complex_fixed_v018_r1,closed_loop,complex,full,1,0.18,False,40.769295563,1785051018.0009787,4.310137296308136,0.014823129311052344,0.22207144692137204,-0.0007136748608241771,0.001490263337755189,4.889654904322176,0.0,0.0,0.0,nan,nan,nan,nan,nan,nan,0.0,0.0,-0.05000000074505806,0.0,0.0,0,ROW_FOLLOW,WAITING_FOR_CENTERLINE,0.0,0.0,0.0,0.0,0.0,0.0,0.0,0.0,0.0,0.0,0.0,0.0,0.0,0.0,0.0,0.0,0.0,0.30000001192092896,0.20000000298023224,0.20000000298023224,0.15000000596046448,0.15000000596046448,1.0,1.0,1.0,1.0
complex_fixed_v018_r1,closed_loop,complex,full,1,0.18,False,40.819129853,1785051018.050813,4.310139231437403,0.014634280587751031,0.22208098989756897,-0.0007136748608241771,0.0007125655089908474,4.889843762960279,0.0,0.0,0.0,nan,nan,nan,nan,nan,nan,0.0,0.0,-0.05000000074505806,0.0,0.0,0,ROW_FOLLOW,WAITING_FOR_CENTERLINE,0.0,0.0,0.0,0.0,0.0,0.0,0.0,0.0,0.0,1.0,0.0,0.0,0.0,0.0,0.0,0.0,0.0,0.30000001192092896,0.20000000298023224,0.20000000298023224,0.15000000596046448,0.15000000596046448,1.0,1.0,1.0,1.0
complex_fixed_v018_r1,closed_loop,complex,full,1,0.18,False,40.869308793,1785051018.1009917,4.310893858312038,0.015811248668515007,0.22208016308905437,0.0023822025030634623,0.0020132984467031412,4.891295173849443,0.0,0.0,0.0,nan,nan,nan,nan,nan,nan,0.0,0.0,-0.05000000074505806,0.0,0.0,0,ROW_FOLLOW,WAITING_FOR_CENTERLINE,0.0,0.0,0.0,0.0,0.0,0.0,0.0,0.0,0.0,1.0,0.0,0.0,0.0,0.0,0.0,0.0,0.0,0.30000001192092896,0.20000000298023224,0.20000000298023224,0.15000000596046448,0.15000000596046448,1.0,1.0,1.0,1.0
complex_fixed_v018_r1,closed_loop,complex,full,1,0.18,False,40.919093866,1785051018.1507769,4.311039980594715,0.015820675523987686,0.22207535531007366,0.0023822025030634623,0.0013538027980238598,4.8914415998960425,0.0,0.0,0.0,nan,nan,nan,nan,nan,nan,0.0,0.0,-0.05000000074505806,0.0,0.0,0,ROW_FOLLOW,WAITING_FOR_CENTERLINE,0.0,0.0,0.0,0.0,0.0,0.0,0.0,0.0,0.0,2.0,0.0,0.0,0.0,0.0,0.0,0.0,0.0,0.30000001192092896,0.20000000298023224,0.20000000298023224,0.15000000596046448,0.15000000596046448,1.0,1.0,1.0,1.0
complex_fixed_v018_r1,closed_loop,complex,full,1,0.18,False,40.969549966,1785051018.201233,4.311088768522895,0.0158238224084547,0.22207297812026958,0.0023822025030634623,0.0013111013601783412,4.8914904895189855,0.0,0.0,0.0,nan,nan,nan,nan,nan,nan,0.0,0.0,-0.05000000074505806,0.0,0.0,0,ROW_FOLLOW,WAITING_FOR_CENTERLINE,0.0,0.0,0.0,0.0,0.0,0.0,0.0,0.0,0.0,2.0,0.0,0.0,0.0,0.0,0.0,0.0,0.0,0.30000001192092896,0.20000000298023224,0.20000000298023224,0.15000000596046448,0.15000000596046448,1.0,1.0,1.0,1.0
complex_fixed_v018_r1,closed_loop,complex,full,1,0.18,False,41.020387645,1785051018.2520707,4.310836230435503,0.01587521036739193,0.22206411032083112,0.0,0.0005614015836145363,4.891748203037701,0.0,0.0,0.0,nan,nan,nan,nan,nan,nan,0.0,0.0,-0.05000000074505806,0.0,0.0,0,ROW_FOLLOW,WAITING_FOR_CENTERLINE,0.0,0.0,0.0,0.0,0.0,0.0,0.0,0.0,0.0,3.0,0.0,0.0,0.0,0.0,0.0,0.0,0.0,0.30000001192092896,0.20000000298023224,0.20000000298023224,0.15000000596046448,0.15000000596046448,1.0,1.0,1.0,1.0
complex_fixed_v018_r1,closed_loop,complex,full,1,0.18,False,41.069316149,1785051018.3009992,4.310836230435503,0.01587521036739193,0.2220842564362453,0.0,0.0014309802997352127,4.891748203037701,0.0,0.0,0.0,nan,nan,nan,nan,nan,nan,0.0,0.0,-0.05000000074505806,0.0,0.0,0,ROW_FOLLOW,WAITING_FOR_CENTERLINE,0.0,0.0,0.0,0.0,0.0,0.0,0.0,0.0,0.0,3.0,0.0,0.0,0.0,0.0,0.0,0.0,0.0,0.30000001192092896,0.20000000298023224,0.20000000298023224,0.15000000596046448,0.15000000596046448,1.0,1.0,1.0,1.0
complex_fixed_v018_r1,closed_loop,complex,full,1,0.18,False,41.119076166,1785051018.3507593,4.310836230435503,0.01587521036739193,0.22206493637648758,0.0,0.0011274195195280915,4.891748203037701,0.0,0.0,0.0,nan,nan,nan,nan,nan,nan,0.0,0.0,-0.05000000074505806,0.0,0.0,0,ROW_FOLLOW,WAITING_FOR_CENTERLINE,0.0,0.0,0.0,0.0,0.0,0.0,0.0,0.0,0.0,4.0,0.0,0.0,0.0,0.0,0.0,0.0,0.0,0.30000001192092896,0.20000000298023224,0.20000000298023224,0.15000000596046448,0.15000000596046448,1.0,1.0,1.0,1.0
complex_fixed_v018_r1,closed_loop,complex,full,1,0.18,False,41.169361765,1785051018.4010448,4.310836230435503,0.01587521036739193,0.2220676701525409,0.0,0.001410409874469875,4.891748203037701,0.0,0.0,0.0,nan,nan,nan,nan,nan,nan,0.0,0.0,-0.05000000074505806,0.0,0.0,0,ROW_FOLLOW,WAITING_FOR_CENTERLINE,0.0,0.0,0.0,0.0,0.0,0.0,0.0,0.0,0.0,4.0,0.0,0.0,0.0,0.0,0.0,0.0,0.0,0.30000001192092896,0.20000000298023224,0.20000000298023224,0.15000000596046448,0.15000000596046448,1.0,1.0,1.0,1.0
complex_fixed_v018_r1,closed_loop,complex,full,1,0.18,False,41.219275449,1785051018.4509585,4.310836230435503,0.01587521036739193,0.22206010318713734,0.0,0.001388684446545102,4.891748203037701,0.0,0.0,0.0,nan,nan,nan,nan,nan,nan,0.0,0.0,-0.05000000074505806,0.0,0.0,1,ROW_FOLLOW,WAITING_FOR_CENTERLINE,0.0,0.0,0.0,0.0,0.0,0.0,0.0,0.0,0.0,5.0,0.0,0.0,0.0,0.0,0.0,0.0,0.0,0.30000001192092896,0.20000000298023224,0.20000000298023224,0.15000000596046448,0.15000000596046448,1.0,1.0,1.0,1.0
complex_fixed_v018_r1,closed_loop,complex,full,1,0.18,False,41.269355795,1785051018.5010388,4.310836230435503,0.01587521036739193,0.22206244033254746,0.0,0.0013008360209172426,4.891748203037701,0.0,0.0,0.0,nan,nan,nan,nan,nan,nan,0.0,0.0,-0.05000000074505806,0.0,0.0,1,ROW_FOLLOW,WAITING_FOR_CENTERLINE,0.0,0.0,0.0,0.0,0.0,0.0,0.0,0.0,0.0,5.0,0.0,0.0,0.0,0.0,0.0,0.0,0.0,0.30000001192092896,0.20000000298023224,0.20000000298023224,0.15000000596046448,0.15000000596046448,1.0,1.0,1.0,1.0
complex_fixed_v018_r1,closed_loop,complex,full,1,0.18,False,41.319795094,1785051018.551478,4.310836230435503,0.01587521036739193,0.22207675447631245,0.0,0.00209379125563572,4.891748203037701,0.0,0.0,0.0,nan,nan,nan,nan,nan,nan,0.0,0.0,-0.05000000074505806,0.0,0.0,0,ROW_FOLLOW,WAITING_FOR_CENTERLINE,0.0,0.0,0.0,0.0,0.0,0.0,0.0,0.0,0.0,0.0,0.0,0.0,0.0,0.0,0.0,0.0,0.0,0.30000001192092896,0.20000000298023224,0.20000000298023224,0.15000000596046448,0.15000000596046448,1.0,1.0,1.0,1.0
complex_fixed_v018_r1,closed_loop,complex,full,1,0.18,False,41.369287583,1785051018.6009705,4.310836230435503,0.01587521036739193,0.22207045051496757,0.0,0.0007443578366507171,4.891748203037701,0.0,0.0,0.0,nan,nan,nan,nan,nan,nan,0.0,0.0,-0.05000000074505806,0.0,0.0,0,ROW_FOLLOW,WAITING_FOR_CENTERLINE,0.0,0.0,0.0,0.0,0.0,0.0,0.0,0.0,0.0,0.0,0.0,0.0,0.0,0.0,0.0,0.0,0.0,0.30000001192092896,0.20000000298023224,0.20000000298023224,0.15000000596046448,0.15000000596046448,1.0,1.0,1.0,1.0
complex_fixed_v018_r1,closed_loop,complex,full,1,0.18,False,41.419733762,1785051018.6514168,4.310836230435503,0.01587521036739193,0.22207990614137615,0.0,0.0013699949436820102,4.891748203037701,0.0,0.0,0.0,nan,nan,nan,nan,nan,nan,0.0,0.0,-0.05000000074505806,0.0,0.0,0,ROW_FOLLOW,WAITING_FOR_CENTERLINE,0.0,0.0,0.0,0.0,0.0,0.0,0.0,0.0,0.0,1.0,0.0,0.0,0.0,0.0,0.0,0.0,0.0,0.30000001192092896,0.20000000298023224,0.20000000298023224,0.15000000596046448,0.15000000596046448,1.0,1.0,1.0,1.0
complex_fixed_v018_r1,closed_loop,complex,full,1,0.18,False,41.469297485,1785051018.7009804,4.310836230435503,0.01587521036739193,0.22207529525917377,0.0,0.0012027343943659496,4.891748203037701,0.0,0.0,0.0,nan,nan,nan,nan,nan,nan,0.0,0.0,-0.05000000074505806,0.0,0.0,0,ROW_FOLLOW,WAITING_FOR_CENTERLINE,0.0,0.0,0.0,0.0,0.0,0.0,0.0,0.0,0.0,1.0,0.0,0.0,0.0,0.0,0.0,0.0,0.0,0.30000001192092896,0.20000000298023224,0.20000000298023224,0.15000000596046448,0.15000000596046448,1.0,1.0,1.0,1.0
complex_fixed_v018_r1,closed_loop,complex,full,1,0.18,False,41.519742289,1785051018.7514253,4.310836230435503,0.01587521036739193,0.22204785699033464,0.0,0.0010877177742580724,4.891748203037701,0.0,0.0,0.0,nan,nan,nan,nan,nan,nan,0.0,0.0,-0.05000000074505806,0.0,0.0,0,ROW_FOLLOW,WAITING_FOR_CENTERLINE,0.0,0.0,0.0,0.0,0.0,0.0,0.0,0.0,0.0,2.0,0.0,0.0,0.0,0.0,0.0,0.0,0.0,0.30000001192092896,0.20000000298023224,0.20000000298023224,0.15000000596046448,0.15000000596046448,1.0,1.0,1.0,1.0
complex_fixed_v018_r1,closed_loop,complex,full,1,0.18,False,41.569334396,1785051018.8010173,4.310836230435503,0.01587521036739193,0.2220338270462485,0.0,0.0009298484774385534,4.891748203037701,0.0,0.0,0.0,nan,nan,nan,nan,nan,nan,0.0,0.0,-0.05000000074505806,0.0,0.0,0,ROW_FOLLOW,WAITING_FOR_CENTERLINE,0.0,0.0,0.0,0.0,0.0,0.0,0.0,0.0,0.0,2.0,0.0,0.0,0.0,0.0,0.0,0.0,0.0,0.30000001192092896,0.20000000298023224,0.20000000298023224,0.15000000596046448,0.15000000596046448,1.0,1.0,1.0,1.0
complex_fixed_v018_r1,closed_loop,complex,full,1,0.18,False,41.62034904,1785051018.852032,4.310836230435503,0.01587521036739193,0.22202646916723623,0.0,0.001195764863609086,4.891748203037701,0.0,0.0,0.0,nan,nan,nan,nan,nan,nan,0.0,0.0,-0.05000000074505806,0.0,0.0,0,ROW_FOLLOW,WAITING_FOR_CENTERLINE,0.0,0.0,0.0,0.0,0.0,0.0,0.0,0.0,0.0,3.0,0.0,0.0,0.0,0.0,0.0,0.0,0.0,0.30000001192092896,0.20000000298023224,0.20000000298023224,0.15000000596046448,0.15000000596046448,1.0,1.0,1.0,1.0
complex_fixed_v018_r1,closed_loop,complex,full,1,0.18,False,41.669369035,1785051018.9010522,4.310836230435503,0.01587521036739193,0.22202484887012025,0.0,0.0010521770283964088,4.891748203037701,0.0,0.0,0.0,nan,nan,nan,nan,nan,nan,0.0,0.0,-0.05000000074505806,0.0,0.0,0,ROW_FOLLOW,WAITING_FOR_CENTERLINE,0.0,0.0,0.0,0.0,0.0,0.0,0.0,0.0,0.0,3.0,0.0,0.0,0.0,0.0,0.0,0.0,0.0,0.30000001192092896,0.20000000298023224,0.20000000298023224,0.15000000596046448,0.15000000596046448,1.0,1.0,1.0,1.0
complex_fixed_v018_r1,closed_loop,complex,full,1,0.18,False,41.720339294,1785051018.9520223,4.310836230435503,0.01587521036739193,0.22200325911571817,0.0,0.0013402928852878334,4.891748203037701,0.0,0.0,0.0,nan,nan,nan,nan,nan,nan,0.0,0.0,-0.05000000074505806,0.0,0.0,0,ROW_FOLLOW,WAITING_FOR_CENTERLINE,0.0,0.0,0.0,0.0,0.0,0.0,0.0,0.0,0.0,4.0,0.0,0.0,0.0,0.0,0.0,0.0,0.0,0.30000001192092896,0.20000000298023224,0.20000000298023224,0.15000000596046448,0.15000000596046448,1.0,1.0,1.0,1.0
complex_fixed_v018_r1,closed_loop,complex,full,1,0.18,False,41.769353433,1785051019.0010366,4.310836230435503,0.01587521036739193,0.22200518666561214,0.0,0.0009184016401332301,4.891748203037701,0.0,0.0,0.0,nan,nan,nan,nan,nan,nan,0.0,0.0,-0.05000000074505806,0.0,0.0,0,ROW_FOLLOW,WAITING_FOR_CENTERLINE,0.0,0.0,0.0,0.0,0.0,0.0,0.0,0.0,0.0,4.0,0.0,0.0,0.0,0.0,0.0,0.0,0.0,0.30000001192092896,0.20000000298023224,0.20000000298023224,0.15000000596046448,0.15000000596046448,1.0,1.0,1.0,1.0
complex_fixed_v018_r1,closed_loop,complex,full,1,0.18,False,41.819606743,1785051019.0512898,4.310836230435503,0.01587521036739193,0.22198964549907266,0.0,0.0004719541904979795,4.891748203037701,0.0,0.0,0.0,nan,nan,nan,nan,nan,nan,0.0,0.0,-0.05000000074505806,0.0,0.0,1,ROW_FOLLOW,WAITING_FOR_CENTERLINE,0.0,0.0,0.0,0.0,0.0,0.0,0.0,0.0,0.0,5.0,0.0,0.0,0.0,0.0,0.0,0.0,0.0,0.30000001192092896,0.20000000298023224,0.20000000298023224,0.15000000596046448,0.15000000596046448,1.0,1.0,1.0,1.0
complex_fixed_v018_r1,closed_loop,complex,full,1,0.18,False,41.869289766,1785051019.100973,4.310836230435503,0.01587521036739193,0.22199148779854921,0.0,0.0015972564828741552,4.891748203037701,0.0,0.0,0.0,nan,nan,nan,nan,nan,nan,0.0,0.0,-0.05000000074505806,0.0,0.0,1,ROW_FOLLOW,WAITING_FOR_CENTERLINE,0.0,0.0,0.0,0.0,0.0,0.0,0.0,0.0,0.0,5.0,0.0,0.0,0.0,0.0,0.0,0.0,0.0,0.30000001192092896,0.20000000298023224,0.20000000298023224,0.15000000596046448,0.15000000596046448,1.0,1.0,1.0,1.0
complex_fixed_v018_r1,closed_loop,complex,full,1,0.18,False,41.919127288,1785051019.1508105,4.310836230435503,0.01587521036739193,0.2220051342254537,0.0,0.0019115402044930074,4.891748203037701,0.0,0.0,0.0,nan,nan,nan,nan,nan,nan,0.0,0.0,-0.05000000074505806,0.0,0.0,0,ROW_FOLLOW,WAITING_FOR_CENTERLINE,0.0,0.0,0.0,0.0,0.0,0.0,0.0,0.0,0.0,0.0,0.0,0.0,0.0,0.0,0.0,0.0,0.0,0.30000001192092896,0.20000000298023224,0.20000000298023224,0.15000000596046448,0.15000000596046448,1.0,1.0,1.0,1.0
complex_fixed_v018_r1,closed_loop,complex,full,1,0.18,False,41.969377815,1785051019.2010608,4.310836230435503,0.01587521036739193,0.22201613740701898,0.0,0.0012564164693399285,4.891748203037701,0.0,0.0,0.0,nan,nan,nan,nan,nan,nan,0.0,0.0,-0.05000000074505806,0.0,0.0,0,ROW_FOLLOW,WAITING_FOR_CENTERLINE,0.0,0.0,0.0,0.0,0.0,0.0,0.0,0.0,0.0,0.0,0.0,0.0,0.0,0.0,0.0,0.0,0.0,0.30000001192092896,0.20000000298023224,0.20000000298023224,0.15000000596046448,0.15000000596046448,1.0,1.0,1.0,1.0
complex_fixed_v018_r1,closed_loop,complex,full,1,0.18,False,42.025124627,1785051019.2568076,4.310836230435503,0.01587521036739193,0.22203784348270714,0.0,0.0023028596943429356,4.891748203037701,0.0,0.0,0.0,nan,nan,nan,nan,nan,nan,0.0,0.0,-0.05000000074505806,0.0,0.0,0,ROW_FOLLOW,WAITING_FOR_CENTERLINE,0.0,0.0,0.0,0.0,0.0,0.0,0.0,0.0,0.0,1.0,0.0,0.0,0.0,0.0,0.0,0.0,0.0,0.30000001192092896,0.20000000298023224,0.20000000298023224,0.15000000596046448,0.15000000596046448,1.0,1.0,1.0,1.0
complex_fixed_v018_r1,closed_loop,complex,full,1,0.18,False,42.069818867,1785051019.301502,4.310836230435503,0.01587521036739193,0.22203784348270714,0.0,0.0023028596943429356,4.891748203037701,0.0,0.0,0.0,nan,nan,nan,nan,nan,nan,0.0,0.0,-0.05000000074505806,0.0,0.0,0,ROW_FOLLOW,WAITING_FOR_CENTERLINE,0.0,0.0,0.0,0.0,0.0,0.0,0.0,0.0,0.0,1.0,0.0,0.0,0.0,0.0,0.0,0.0,0.0,0.30000001192092896,0.20000000298023224,0.20000000298023224,0.15000000596046448,0.15000000596046448,1.0,1.0,1.0,1.0
complex_fixed_v018_r1,closed_loop,complex,full,1,0.18,False,42.119356797,1785051019.3510396,4.310836230435503,0.01587521036739193,0.22203784348270714,0.0,0.0023028596943429356,4.891748203037701,0.0,0.0,0.0,nan,nan,nan,nan,nan,nan,0.0,0.0,-0.05000000074505806,0.0,0.0,0,ROW_FOLLOW,WAITING_FOR_CENTERLINE,0.0,0.0,0.0,0.0,0.0,0.0,0.0,0.0,0.0,1.0,0.0,0.0,0.0,0.0,0.0,0.0,0.0,0.30000001192092896,0.20000000298023224,0.20000000298023224,0.15000000596046448,0.15000000596046448,1.0,1.0,1.0,1.0
complex_fixed_v018_r1,closed_loop,complex,full,1,0.18,False,42.169371765,1785051019.4010546,4.310836230435503,0.01587521036739193,0.22203784348270714,0.0,0.0023028596943429356,4.891748203037701,0.0,0.0,0.0,nan,nan,nan,nan,nan,nan,0.0,0.0,-0.05000000074505806,0.0,0.0,0,ROW_FOLLOW,WAITING_FOR_CENTERLINE,0.0,0.0,0.0,0.0,0.0,0.0,0.0,0.0,0.0,1.0,0.0,0.0,0.0,0.0,0.0,0.0,0.0,0.30000001192092896,0.20000000298023224,0.20000000298023224,0.15000000596046448,0.15000000596046448,1.0,1.0,1.0,1.0
complex_fixed_v018_r1,closed_loop,complex,full,1,0.18,False,42.219315242,1785051019.4509983,4.310836230435503,0.01587521036739193,0.22203784348270714,0.0,0.0023028596943429356,4.891748203037701,0.0,0.0,0.0,nan,nan,nan,nan,nan,nan,0.0,0.0,-0.05000000074505806,0.0,0.0,0,ROW_FOLLOW,WAITING_FOR_CENTERLINE,0.0,0.0,0.0,0.0,0.0,0.0,0.0,0.0,0.0,1.0,0.0,0.0,0.0,0.0,0.0,0.0,0.0,0.30000001192092896,0.20000000298023224,0.20000000298023224,0.15000000596046448,0.15000000596046448,1.0,1.0,1.0,1.0
complex_fixed_v018_r1,closed_loop,complex,full,1,0.18,False,42.269407653,1785051019.5010905,4.310836230435503,0.01587521036739193,0.22203784348270714,0.0,0.0023028596943429356,4.891748203037701,0.0,0.0,0.0,nan,nan,nan,nan,nan,nan,0.0,0.0,-0.05000000074505806,0.0,0.0,0,ROW_FOLLOW,WAITING_FOR_CENTERLINE,0.0,0.0,0.0,0.0,0.0,0.0,0.0,0.0,0.0,1.0,0.0,0.0,0.0,0.0,0.0,0.0,0.0,0.30000001192092896,0.20000000298023224,0.20000000298023224,0.15000000596046448,0.15000000596046448,1.0,1.0,1.0,1.0
complex_fixed_v018_r1,closed_loop,complex,full,1,0.18,False,42.319368219,1785051019.5510514,4.310836230435503,0.01587521036739193,0.22203784348270714,0.0,0.0023028596943429356,4.891748203037701,0.0,0.0,0.0,nan,nan,nan,nan,nan,nan,0.0,0.0,-0.05000000074505806,0.0,0.0,0,ROW_FOLLOW,WAITING_FOR_CENTERLINE,0.0,0.0,0.0,0.0,0.0,0.0,0.0,0.0,0.0,1.0,0.0,0.0,0.0,0.0,0.0,0.0,0.0,0.30000001192092896,0.20000000298023224,0.20000000298023224,0.15000000596046448,0.15000000596046448,1.0,1.0,1.0,1.0
complex_fixed_v018_r1,closed_loop,complex,full,1,0.18,False,42.369351858,1785051019.6010346,4.310836230435503,0.01587521036739193,0.22203784348270714,0.0,0.0023028596943429356,4.891748203037701,0.0,0.0,0.0,nan,nan,nan,nan,nan,nan,0.0,0.0,-0.05000000074505806,0.0,0.0,0,ROW_FOLLOW,WAITING_FOR_CENTERLINE,0.0,0.0,0.0,0.0,0.0,0.0,0.0,0.0,0.0,1.0,0.0,0.0,0.0,0.0,0.0,0.0,0.0,0.30000001192092896,0.20000000298023224,0.20000000298023224,0.15000000596046448,0.15000000596046448,1.0,1.0,1.0,1.0
complex_fixed_v018_r1,closed_loop,complex,full,1,0.18,False,42.419309288,1785051019.6509924,4.310836230435503,0.01587521036739193,0.22203784348270714,0.0,0.0023028596943429356,4.891748203037701,0.0,0.0,0.0,nan,nan,nan,nan,nan,nan,0.0,0.0,-0.05000000074505806,0.0,0.0,0,ROW_FOLLOW,WAITING_FOR_CENTERLINE,0.0,0.0,0.0,0.0,0.0,0.0,0.0,0.0,0.0,1.0,0.0,0.0,0.0,0.0,0.0,0.0,0.0,0.30000001192092896,0.20000000298023224,0.20000000298023224,0.15000000596046448,0.15000000596046448,1.0,1.0,1.0,1.0
complex_fixed_v018_r1,closed_loop,complex,full,1,0.18,False,42.469417219,1785051019.7011003,4.310836230435503,0.01587521036739193,0.22203784348270714,0.0,0.0023028596943429356,4.891748203037701,0.0,0.0,0.0,nan,nan,nan,nan,nan,nan,0.0,0.0,-0.05000000074505806,0.0,0.0,0,ROW_FOLLOW,WAITING_FOR_CENTERLINE,0.0,0.0,0.0,0.0,0.0,0.0,0.0,0.0,0.0,1.0,0.0,0.0,0.0,0.0,0.0,0.0,0.0,0.30000001192092896,0.20000000298023224,0.20000000298023224,0.15000000596046448,0.15000000596046448,1.0,1.0,1.0,1.0
complex_fixed_v018_r1,closed_loop,complex,full,1,0.18,False,42.519344184,1785051019.751027,4.310836230435503,0.01587521036739193,0.22203784348270714,0.0,0.0023028596943429356,4.891748203037701,0.0,0.0,0.0,nan,nan,nan,nan,nan,nan,0.0,0.0,-0.05000000074505806,0.0,0.0,0,ROW_FOLLOW,WAITING_FOR_CENTERLINE,0.0,0.0,0.0,0.0,0.0,0.0,0.0,0.0,0.0,1.0,0.0,0.0,0.0,0.0,0.0,0.0,0.0,0.30000001192092896,0.20000000298023224,0.20000000298023224,0.15000000596046448,0.15000000596046448,1.0,1.0,1.0,1.0
complex_fixed_v018_r1,closed_loop,complex,full,1,0.18,False,42.569342543,1785051019.8010256,4.310836230435503,0.01587521036739193,0.22203784348270714,0.0,0.0023028596943429356,4.891748203037701,0.0,0.0,0.0,nan,nan,nan,nan,nan,nan,0.0,0.0,-0.05000000074505806,0.0,0.0,0,ROW_FOLLOW,WAITING_FOR_CENTERLINE,0.0,0.0,0.0,0.0,0.0,0.0,0.0,0.0,0.0,1.0,0.0,0.0,0.0,0.0,0.0,0.0,0.0,0.30000001192092896,0.20000000298023224,0.20000000298023224,0.15000000596046448,0.15000000596046448,1.0,1.0,1.0,1.0
complex_fixed_v018_r1,closed_loop,complex,full,1,0.18,False,42.619357607,1785051019.8510406,4.310836230435503,0.01587521036739193,0.22203784348270714,0.0,0.0023028596943429356,4.891748203037701,0.0,0.0,0.0,nan,nan,nan,nan,nan,nan,0.0,0.0,-0.05000000074505806,0.0,0.0,0,ROW_FOLLOW,WAITING_FOR_CENTERLINE,0.0,0.0,0.0,0.0,0.0,0.0,0.0,0.0,0.0,1.0,0.0,0.0,0.0,0.0,0.0,0.0,0.0,0.30000001192092896,0.20000000298023224,0.20000000298023224,0.15000000596046448,0.15000000596046448,1.0,1.0,1.0,1.0
complex_fixed_v018_r1,closed_loop,complex,full,1,0.18,False,42.669422368,1785051019.9011054,4.310836230435503,0.01587521036739193,0.22203784348270714,0.0,0.0023028596943429356,4.891748203037701,0.0,0.0,0.0,nan,nan,nan,nan,nan,nan,0.0,0.0,-0.05000000074505806,0.0,0.0,0,ROW_FOLLOW,WAITING_FOR_CENTERLINE,0.0,0.0,0.0,0.0,0.0,0.0,0.0,0.0,0.0,1.0,0.0,0.0,0.0,0.0,0.0,0.0,0.0,0.30000001192092896,0.20000000298023224,0.20000000298023224,0.15000000596046448,0.15000000596046448,1.0,1.0,1.0,1.0
complex_fixed_v018_r1,closed_loop,complex,full,1,0.18,False,42.719406007,1785051019.9510891,4.310836230435503,0.01587521036739193,0.22203784348270714,0.0,0.0023028596943429356,4.891748203037701,0.0,0.0,0.0,nan,nan,nan,nan,nan,nan,0.0,0.0,-0.05000000074505806,0.0,0.0,0,ROW_FOLLOW,WAITING_FOR_CENTERLINE,0.0,0.0,0.0,0.0,0.0,0.0,0.0,0.0,0.0,1.0,0.0,0.0,0.0,0.0,0.0,0.0,0.0,0.30000001192092896,0.20000000298023224,0.20000000298023224,0.15000000596046448,0.15000000596046448,1.0,1.0,1.0,1.0
complex_fixed_v018_r1,closed_loop,complex,full,1,0.18,False,42.769375246,1785051020.0010583,4.310836230435503,0.01587521036739193,0.22203784348270714,0.0,0.0023028596943429356,4.891748203037701,0.0,0.0,0.0,nan,nan,nan,nan,nan,nan,0.0,0.0,-0.05000000074505806,0.0,0.0,0,ROW_FOLLOW,WAITING_FOR_CENTERLINE,0.0,0.0,0.0,0.0,0.0,0.0,0.0,0.0,0.0,1.0,0.0,0.0,0.0,0.0,0.0,0.0,0.0,0.30000001192092896,0.20000000298023224,0.20000000298023224,0.15000000596046448,0.15000000596046448,1.0,1.0,1.0,1.0
complex_fixed_v018_r1,closed_loop,complex,full,1,0.18,False,42.819378246,1785051020.0510612,4.310836230435503,0.01587521036739193,0.22203784348270714,0.0,0.0023028596943429356,4.891748203037701,0.0,0.0,0.0,nan,nan,nan,nan,nan,nan,0.0,0.0,-0.05000000074505806,0.0,0.0,0,ROW_FOLLOW,WAITING_FOR_CENTERLINE,0.0,0.0,0.0,0.0,0.0,0.0,0.0,0.0,0.0,1.0,0.0,0.0,0.0,0.0,0.0,0.0,0.0,0.30000001192092896,0.20000000298023224,0.20000000298023224,0.15000000596046448,0.15000000596046448,1.0,1.0,1.0,1.0
complex_fixed_v018_r1,closed_loop,complex,full,1,0.18,False,42.869386302,1785051020.1010692,4.310836230435503,0.01587521036739193,0.22203784348270714,0.0,0.0023028596943429356,4.891748203037701,0.0,0.0,0.0,nan,nan,nan,nan,nan,nan,0.0,0.0,-0.05000000074505806,0.0,0.0,0,ROW_FOLLOW,WAITING_FOR_CENTERLINE,0.0,0.0,0.0,0.0,0.0,0.0,0.0,0.0,0.0,1.0,0.0,0.0,0.0,0.0,0.0,0.0,0.0,0.30000001192092896,0.20000000298023224,0.20000000298023224,0.15000000596046448,0.15000000596046448,1.0,1.0,1.0,1.0
complex_fixed_v018_r1,closed_loop,complex,full,1,0.18,False,42.91933826,1785051020.1510212,4.310836230435503,0.01587521036739193,0.22203784348270714,0.0,0.0023028596943429356,4.891748203037701,0.0,0.0,0.0,nan,nan,nan,nan,nan,nan,0.0,0.0,-0.05000000074505806,0.0,0.0,0,ROW_FOLLOW,WAITING_FOR_CENTERLINE,0.0,0.0,0.0,0.0,0.0,0.0,0.0,0.0,0.0,1.0,0.0,0.0,0.0,0.0,0.0,0.0,0.0,0.30000001192092896,0.20000000298023224,0.20000000298023224,0.15000000596046448,0.15000000596046448,1.0,1.0,1.0,1.0
complex_fixed_v018_r1,closed_loop,complex,full,1,0.18,False,42.969338796,1785051020.2010217,4.310836230435503,0.01587521036739193,0.22203784348270714,0.0,0.0023028596943429356,4.891748203037701,0.0,0.0,0.0,nan,nan,nan,nan,nan,nan,0.0,0.0,-0.05000000074505806,0.0,0.0,0,ROW_FOLLOW,WAITING_FOR_CENTERLINE,0.0,0.0,0.0,0.0,0.0,0.0,0.0,0.0,0.0,1.0,0.0,0.0,0.0,0.0,0.0,0.0,0.0,0.30000001192092896,0.20000000298023224,0.20000000298023224,0.15000000596046448,0.15000000596046448,1.0,1.0,1.0,1.0
complex_fixed_v018_r1,closed_loop,complex,full,1,0.18,False,43.019305283,1785051020.2509882,4.310836230435503,0.01587521036739193,0.22203784348270714,0.0,0.0023028596943429356,4.891748203037701,0.0,0.0,0.0,nan,nan,nan,nan,nan,nan,0.0,0.0,-0.05000000074505806,0.0,0.0,0,ROW_FOLLOW,WAITING_FOR_CENTERLINE,0.0,0.0,0.0,0.0,0.0,0.0,0.0,0.0,0.0,1.0,0.0,0.0,0.0,0.0,0.0,0.0,0.0,0.30000001192092896,0.20000000298023224,0.20000000298023224,0.15000000596046448,0.15000000596046448,1.0,1.0,1.0,1.0
complex_fixed_v018_r1,closed_loop,complex,full,1,0.18,False,43.06941203,1785051020.3010952,4.310836230435503,0.01587521036739193,0.22203784348270714,0.0,0.0023028596943429356,4.891748203037701,0.0,0.0,0.0,nan,nan,nan,nan,nan,nan,0.0,0.0,-0.05000000074505806,0.0,0.0,0,ROW_FOLLOW,WAITING_FOR_CENTERLINE,0.0,0.0,0.0,0.0,0.0,0.0,0.0,0.0,0.0,1.0,0.0,0.0,0.0,0.0,0.0,0.0,0.0,0.30000001192092896,0.20000000298023224,0.20000000298023224,0.15000000596046448,0.15000000596046448,1.0,1.0,1.0,1.0
complex_fixed_v018_r1,closed_loop,complex,full,1,0.18,False,43.119351924,1785051020.3510349,4.310836230435503,0.01587521036739193,0.22203784348270714,0.0,0.0023028596943429356,4.891748203037701,0.0,0.0,0.0,nan,nan,nan,nan,nan,nan,0.0,0.0,-0.05000000074505806,0.0,0.0,0,ROW_FOLLOW,WAITING_FOR_CENTERLINE,0.0,0.0,0.0,0.0,0.0,0.0,0.0,0.0,0.0,1.0,0.0,0.0,0.0,0.0,0.0,0.0,0.0,0.30000001192092896,0.20000000298023224,0.20000000298023224,0.15000000596046448,0.15000000596046448,1.0,1.0,1.0,1.0
complex_fixed_v018_r1,closed_loop,complex,full,1,0.18,False,43.169390829,1785051020.401074,4.310836230435503,0.01587521036739193,0.22203784348270714,0.0,0.0023028596943429356,4.891748203037701,0.0,0.0,0.0,nan,nan,nan,nan,nan,nan,0.0,0.0,-0.05000000074505806,0.0,0.0,0,ROW_FOLLOW,WAITING_FOR_CENTERLINE,0.0,0.0,0.0,0.0,0.0,0.0,0.0,0.0,0.0,1.0,0.0,0.0,0.0,0.0,0.0,0.0,0.0,0.30000001192092896,0.20000000298023224,0.20000000298023224,0.15000000596046448,0.15000000596046448,1.0,1.0,1.0,1.0
complex_fixed_v018_r1,closed_loop,complex,full,1,0.18,False,43.219286658,1785051020.4509697,4.310836230435503,0.01587521036739193,0.22203784348270714,0.0,0.0023028596943429356,4.891748203037701,0.0,0.0,0.0,nan,nan,nan,nan,nan,nan,0.0,0.0,-0.05000000074505806,0.0,0.0,0,ROW_FOLLOW,WAITING_FOR_CENTERLINE,0.0,0.0,0.0,0.0,0.0,0.0,0.0,0.0,0.0,1.0,0.0,0.0,0.0,0.0,0.0,0.0,0.0,0.30000001192092896,0.20000000298023224,0.20000000298023224,0.15000000596046448,0.15000000596046448,1.0,1.0,1.0,1.0
complex_fixed_v018_r1,closed_loop,complex,full,1,0.18,False,43.269342844,1785051020.5010257,4.310836230435503,0.01587521036739193,0.22203784348270714,0.0,0.0023028596943429356,4.891748203037701,0.0,0.0,0.0,nan,nan,nan,nan,nan,nan,0.0,0.0,-0.05000000074505806,0.0,0.0,0,ROW_FOLLOW,WAITING_FOR_CENTERLINE,0.0,0.0,0.0,0.0,0.0,0.0,0.0,0.0,0.0,1.0,0.0,0.0,0.0,0.0,0.0,0.0,0.0,0.30000001192092896,0.20000000298023224,0.20000000298023224,0.15000000596046448,0.15000000596046448,1.0,1.0,1.0,1.0
complex_fixed_v018_r1,closed_loop,complex,full,1,0.18,False,43.319296946,1785051020.55098,4.310836230435503,0.01587521036739193,0.22203784348270714,0.0,0.0023028596943429356,4.891748203037701,0.0,0.0,0.0,nan,nan,nan,nan,nan,nan,0.0,0.0,-0.05000000074505806,0.0,0.0,0,ROW_FOLLOW,WAITING_FOR_CENTERLINE,0.0,0.0,0.0,0.0,0.0,0.0,0.0,0.0,0.0,1.0,0.0,0.0,0.0,0.0,0.0,0.0,0.0,0.30000001192092896,0.20000000298023224,0.20000000298023224,0.15000000596046448,0.15000000596046448,1.0,1.0,1.0,1.0
complex_fixed_v018_r1,closed_loop,complex,full,1,0.18,False,43.369319563,1785051020.6010025,4.310836230435503,0.01587521036739193,0.22203784348270714,0.0,0.0023028596943429356,4.891748203037701,0.0,0.0,0.0,nan,nan,nan,nan,nan,nan,0.0,0.0,-0.05000000074505806,0.0,0.0,0,ROW_FOLLOW,WAITING_FOR_CENTERLINE,0.0,0.0,0.0,0.0,0.0,0.0,0.0,0.0,0.0,1.0,0.0,0.0,0.0,0.0,0.0,0.0,0.0,0.30000001192092896,0.20000000298023224,0.20000000298023224,0.15000000596046448,0.15000000596046448,1.0,1.0,1.0,1.0
complex_fixed_v018_r1,closed_loop,complex,full,1,0.18,False,43.419291714,1785051020.6509748,4.310836230435503,0.01587521036739193,0.22203784348270714,0.0,0.0023028596943429356,4.891748203037701,0.0,0.0,0.0,nan,nan,nan,nan,nan,nan,0.0,0.0,-0.05000000074505806,0.0,0.0,0,ROW_FOLLOW,WAITING_FOR_CENTERLINE,0.0,0.0,0.0,0.0,0.0,0.0,0.0,0.0,0.0,1.0,0.0,0.0,0.0,0.0,0.0,0.0,0.0,0.30000001192092896,0.20000000298023224,0.20000000298023224,0.15000000596046448,0.15000000596046448,1.0,1.0,1.0,1.0
complex_fixed_v018_r1,closed_loop,complex,full,1,0.18,False,43.469378268,1785051020.7010615,4.310836230435503,0.01587521036739193,0.22203784348270714,0.0,0.0023028596943429356,4.891748203037701,0.0,0.0,0.0,nan,nan,nan,nan,nan,nan,0.0,0.0,-0.05000000074505806,0.0,0.0,0,ROW_FOLLOW,WAITING_FOR_CENTERLINE,0.0,0.0,0.0,0.0,0.0,0.0,0.0,0.0,0.0,1.0,0.0,0.0,0.0,0.0,0.0,0.0,0.0,0.30000001192092896,0.20000000298023224,0.20000000298023224,0.15000000596046448,0.15000000596046448,1.0,1.0,1.0,1.0
complex_fixed_v018_r1,closed_loop,complex,full,1,0.18,False,43.51939458,1785051020.7510777,4.310836230435503,0.01587521036739193,0.22203784348270714,0.0,0.0023028596943429356,4.891748203037701,0.0,0.0,0.0,nan,nan,nan,nan,nan,nan,0.0,0.0,-0.05000000074505806,0.0,0.0,0,ROW_FOLLOW,WAITING_FOR_CENTERLINE,0.0,0.0,0.0,0.0,0.0,0.0,0.0,0.0,0.0,1.0,0.0,0.0,0.0,0.0,0.0,0.0,0.0,0.30000001192092896,0.20000000298023224,0.20000000298023224,0.15000000596046448,0.15000000596046448,1.0,1.0,1.0,1.0
complex_fixed_v018_r1,closed_loop,complex,full,1,0.18,False,43.569405933,1785051020.801089,4.310836230435503,0.01587521036739193,0.22203784348270714,0.0,0.0023028596943429356,4.891748203037701,0.0,0.0,0.0,nan,nan,nan,nan,nan,nan,0.0,0.0,-0.05000000074505806,0.0,0.0,0,ROW_FOLLOW,WAITING_FOR_CENTERLINE,0.0,0.0,0.0,0.0,0.0,0.0,0.0,0.0,0.0,1.0,0.0,0.0,0.0,0.0,0.0,0.0,0.0,0.30000001192092896,0.20000000298023224,0.20000000298023224,0.15000000596046448,0.15000000596046448,1.0,1.0,1.0,1.0
complex_fixed_v018_r1,closed_loop,complex,full,1,0.18,False,43.619349123,1785051020.851032,4.310836230435503,0.01587521036739193,0.22203784348270714,0.0,0.0023028596943429356,4.891748203037701,0.0,0.0,0.0,nan,nan,nan,nan,nan,nan,0.0,0.0,-0.05000000074505806,0.0,0.0,0,ROW_FOLLOW,WAITING_FOR_CENTERLINE,0.0,0.0,0.0,0.0,0.0,0.0,0.0,0.0,0.0,1.0,0.0,0.0,0.0,0.0,0.0,0.0,0.0,0.30000001192092896,0.20000000298023224,0.20000000298023224,0.15000000596046448,0.15000000596046448,1.0,1.0,1.0,1.0
complex_fixed_v018_r1,closed_loop,complex,full,1,0.18,False,43.669391164,1785051020.9010742,4.310836230435503,0.01587521036739193,0.22203784348270714,0.0,0.0023028596943429356,4.891748203037701,0.0,0.0,0.0,nan,nan,nan,nan,nan,nan,0.0,0.0,-0.05000000074505806,0.0,0.0,0,ROW_FOLLOW,WAITING_FOR_CENTERLINE,0.0,0.0,0.0,0.0,0.0,0.0,0.0,0.0,0.0,1.0,0.0,0.0,0.0,0.0,0.0,0.0,0.0,0.30000001192092896,0.20000000298023224,0.20000000298023224,0.15000000596046448,0.15000000596046448,1.0,1.0,1.0,1.0
complex_fixed_v018_r1,closed_loop,complex,full,1,0.18,False,43.719395252,1785051020.9510784,4.310836230435503,0.01587521036739193,0.22203784348270714,0.0,0.0023028596943429356,4.891748203037701,0.0,0.0,0.0,nan,nan,nan,nan,nan,nan,0.0,0.0,-0.05000000074505806,0.0,0.0,0,ROW_FOLLOW,WAITING_FOR_CENTERLINE,0.0,0.0,0.0,0.0,0.0,0.0,0.0,0.0,0.0,1.0,0.0,0.0,0.0,0.0,0.0,0.0,0.0,0.30000001192092896,0.20000000298023224,0.20000000298023224,0.15000000596046448,0.15000000596046448,1.0,1.0,1.0,1.0
complex_fixed_v018_r1,closed_loop,complex,full,1,0.18,False,43.769401452,1785051021.0010843,4.310836230435503,0.01587521036739193,0.22203784348270714,0.0,0.0023028596943429356,4.891748203037701,0.0,0.0,0.0,nan,nan,nan,nan,nan,nan,0.0,0.0,-0.05000000074505806,0.0,0.0,0,ROW_FOLLOW,WAITING_FOR_CENTERLINE,0.0,0.0,0.0,0.0,0.0,0.0,0.0,0.0,0.0,1.0,0.0,0.0,0.0,0.0,0.0,0.0,0.0,0.30000001192092896,0.20000000298023224,0.20000000298023224,0.15000000596046448,0.15000000596046448,1.0,1.0,1.0,1.0
complex_fixed_v018_r1,closed_loop,complex,full,1,0.18,False,43.819369635,1785051021.0510526,4.310836230435503,0.01587521036739193,0.22203784348270714,0.0,0.0023028596943429356,4.891748203037701,0.0,0.0,0.0,nan,nan,nan,nan,nan,nan,0.0,0.0,-0.05000000074505806,0.0,0.0,0,ROW_FOLLOW,WAITING_FOR_CENTERLINE,0.0,0.0,0.0,0.0,0.0,0.0,0.0,0.0,0.0,1.0,0.0,0.0,0.0,0.0,0.0,0.0,0.0,0.30000001192092896,0.20000000298023224,0.20000000298023224,0.15000000596046448,0.15000000596046448,1.0,1.0,1.0,1.0
complex_fixed_v018_r1,closed_loop,complex,full,1,0.18,False,43.86939846,1785051021.1010816,4.310836230435503,0.01587521036739193,0.22203784348270714,0.0,0.0023028596943429356,4.891748203037701,0.0,0.0,0.0,nan,nan,nan,nan,nan,nan,0.0,0.0,-0.05000000074505806,0.0,0.0,0,ROW_FOLLOW,WAITING_FOR_CENTERLINE,0.0,0.0,0.0,0.0,0.0,0.0,0.0,0.0,0.0,1.0,0.0,0.0,0.0,0.0,0.0,0.0,0.0,0.30000001192092896,0.20000000298023224,0.20000000298023224,0.15000000596046448,0.15000000596046448,1.0,1.0,1.0,1.0
complex_fixed_v018_r1,closed_loop,complex,full,1,0.18,False,43.919340563,1785051021.1510236,4.310836230435503,0.01587521036739193,0.22203784348270714,0.0,0.0023028596943429356,4.891748203037701,0.0,0.0,0.0,nan,nan,nan,nan,nan,nan,0.0,0.0,-0.05000000074505806,0.0,0.0,0,ROW_FOLLOW,WAITING_FOR_CENTERLINE,0.0,0.0,0.0,0.0,0.0,0.0,0.0,0.0,0.0,1.0,0.0,0.0,0.0,0.0,0.0,0.0,0.0,0.30000001192092896,0.20000000298023224,0.20000000298023224,0.15000000596046448,0.15000000596046448,1.0,1.0,1.0,1.0
complex_fixed_v018_r1,closed_loop,complex,full,1,0.18,False,43.969299946,1785051021.200983,4.310836230435503,0.01587521036739193,0.22203784348270714,0.0,0.0023028596943429356,4.891748203037701,0.0,0.0,0.0,nan,nan,nan,nan,nan,nan,0.0,0.0,-0.05000000074505806,0.0,0.0,0,ROW_FOLLOW,WAITING_FOR_CENTERLINE,0.0,0.0,0.0,0.0,0.0,0.0,0.0,0.0,0.0,1.0,0.0,0.0,0.0,0.0,0.0,0.0,0.0,0.30000001192092896,0.20000000298023224,0.20000000298023224,0.15000000596046448,0.15000000596046448,1.0,1.0,1.0,1.0
complex_fixed_v018_r1,closed_loop,complex,full,1,0.18,False,44.01935066,1785051021.2510335,4.310836230435503,0.01587521036739193,0.22203784348270714,0.0,0.0023028596943429356,4.891748203037701,0.0,0.0,0.0,nan,nan,nan,nan,nan,nan,0.0,0.0,-0.05000000074505806,0.0,0.0,0,ROW_FOLLOW,WAITING_FOR_CENTERLINE,0.0,0.0,0.0,0.0,0.0,0.0,0.0,0.0,0.0,1.0,0.0,0.0,0.0,0.0,0.0,0.0,0.0,0.30000001192092896,0.20000000298023224,0.20000000298023224,0.15000000596046448,0.15000000596046448,1.0,1.0,1.0,1.0
complex_fixed_v018_r1,closed_loop,complex,full,1,0.18,False,44.069364189,1785051021.3010473,4.310836230435503,0.01587521036739193,0.22203784348270714,0.0,0.0023028596943429356,4.891748203037701,0.0,0.0,0.0,nan,nan,nan,nan,nan,nan,0.0,0.0,-0.05000000074505806,0.0,0.0,0,ROW_FOLLOW,WAITING_FOR_CENTERLINE,0.0,0.0,0.0,0.0,0.0,0.0,0.0,0.0,0.0,1.0,0.0,0.0,0.0,0.0,0.0,0.0,0.0,0.30000001192092896,0.20000000298023224,0.20000000298023224,0.15000000596046448,0.15000000596046448,1.0,1.0,1.0,1.0
complex_fixed_v018_r1,closed_loop,complex,full,1,0.18,False,44.119371541,1785051021.3510547,4.310836230435503,0.01587521036739193,0.22203784348270714,0.0,0.0023028596943429356,4.891748203037701,0.0,0.0,0.0,nan,nan,nan,nan,nan,nan,0.0,0.0,-0.05000000074505806,0.0,0.0,0,ROW_FOLLOW,WAITING_FOR_CENTERLINE,0.0,0.0,0.0,0.0,0.0,0.0,0.0,0.0,0.0,1.0,0.0,0.0,0.0,0.0,0.0,0.0,0.0,0.30000001192092896,0.20000000298023224,0.20000000298023224,0.15000000596046448,0.15000000596046448,1.0,1.0,1.0,1.0
complex_fixed_v018_r1,closed_loop,complex,full,1,0.18,False,44.169391822,1785051021.401075,4.310836230435503,0.01587521036739193,0.22203784348270714,0.0,0.0023028596943429356,4.891748203037701,0.0,0.0,0.0,nan,nan,nan,nan,nan,nan,0.0,0.0,-0.05000000074505806,0.0,0.0,0,ROW_FOLLOW,WAITING_FOR_CENTERLINE,0.0,0.0,0.0,0.0,0.0,0.0,0.0,0.0,0.0,1.0,0.0,0.0,0.0,0.0,0.0,0.0,0.0,0.30000001192092896,0.20000000298023224,0.20000000298023224,0.15000000596046448,0.15000000596046448,1.0,1.0,1.0,1.0
complex_fixed_v018_r1,closed_loop,complex,full,1,0.18,False,44.219344453,1785051021.4510274,4.310836230435503,0.01587521036739193,0.22203784348270714,0.0,0.0023028596943429356,4.891748203037701,0.0,0.0,0.0,nan,nan,nan,nan,nan,nan,0.0,0.0,-0.05000000074505806,0.0,0.0,0,ROW_FOLLOW,WAITING_FOR_CENTERLINE,0.0,0.0,0.0,0.0,0.0,0.0,0.0,0.0,0.0,1.0,0.0,0.0,0.0,0.0,0.0,0.0,0.0,0.30000001192092896,0.20000000298023224,0.20000000298023224,0.15000000596046448,0.15000000596046448,1.0,1.0,1.0,1.0
complex_fixed_v018_r1,closed_loop,complex,full,1,0.18,False,44.269368926,1785051021.501052,4.310836230435503,0.01587521036739193,0.22203784348270714,0.0,0.0023028596943429356,4.891748203037701,0.0,0.0,0.0,nan,nan,nan,nan,nan,nan,0.0,0.0,-0.05000000074505806,0.0,0.0,0,ROW_FOLLOW,WAITING_FOR_CENTERLINE,0.0,0.0,0.0,0.0,0.0,0.0,0.0,0.0,0.0,1.0,0.0,0.0,0.0,0.0,0.0,0.0,0.0,0.30000001192092896,0.20000000298023224,0.20000000298023224,0.15000000596046448,0.15000000596046448,1.0,1.0,1.0,1.0
complex_fixed_v018_r1,closed_loop,complex,full,1,0.18,False,44.31937471,1785051021.5510576,4.310836230435503,0.01587521036739193,0.22203784348270714,0.0,0.0023028596943429356,4.891748203037701,0.0,0.0,0.0,nan,nan,nan,nan,nan,nan,0.0,0.0,-0.05000000074505806,0.0,0.0,0,ROW_FOLLOW,WAITING_FOR_CENTERLINE,0.0,0.0,0.0,0.0,0.0,0.0,0.0,0.0,0.0,1.0,0.0,0.0,0.0,0.0,0.0,0.0,0.0,0.30000001192092896,0.20000000298023224,0.20000000298023224,0.15000000596046448,0.15000000596046448,1.0,1.0,1.0,1.0
complex_fixed_v018_r1,closed_loop,complex,full,1,0.18,False,44.369620726,1785051021.6013038,4.310836230435503,0.01587521036739193,0.22203784348270714,0.0,0.0023028596943429356,4.891748203037701,0.0,0.0,0.0,nan,nan,nan,nan,nan,nan,0.0,0.0,-0.05000000074505806,0.0,0.0,0,ROW_FOLLOW,WAITING_FOR_CENTERLINE,0.0,0.0,0.0,0.0,0.0,0.0,0.0,0.0,0.0,1.0,0.0,0.0,0.0,0.0,0.0,0.0,0.0,0.30000001192092896,0.20000000298023224,0.20000000298023224,0.15000000596046448,0.15000000596046448,1.0,1.0,1.0,1.0
complex_fixed_v018_r1,closed_loop,complex,full,1,0.18,False,44.419395879,1785051021.651079,4.310836230435503,0.01587521036739193,0.22203784348270714,0.0,0.0023028596943429356,4.891748203037701,0.0,0.0,0.0,nan,nan,nan,nan,nan,nan,0.0,0.0,-0.05000000074505806,0.0,0.0,0,ROW_FOLLOW,WAITING_FOR_CENTERLINE,0.0,0.0,0.0,0.0,0.0,0.0,0.0,0.0,0.0,1.0,0.0,0.0,0.0,0.0,0.0,0.0,0.0,0.30000001192092896,0.20000000298023224,0.20000000298023224,0.15000000596046448,0.15000000596046448,1.0,1.0,1.0,1.0
complex_fixed_v018_r1,closed_loop,complex,full,1,0.18,False,44.469360895,1785051021.701044,4.310836230435503,0.01587521036739193,0.22203784348270714,0.0,0.0023028596943429356,4.891748203037701,0.0,0.0,0.0,nan,nan,nan,nan,nan,nan,0.0,0.0,-0.05000000074505806,0.0,0.0,0,ROW_FOLLOW,WAITING_FOR_CENTERLINE,0.0,0.0,0.0,0.0,0.0,0.0,0.0,0.0,0.0,1.0,0.0,0.0,0.0,0.0,0.0,0.0,0.0,0.30000001192092896,0.20000000298023224,0.20000000298023224,0.15000000596046448,0.15000000596046448,1.0,1.0,1.0,1.0
complex_fixed_v018_r1,closed_loop,complex,full,1,0.18,False,44.519364663,1785051021.7510476,4.310836230435503,0.01587521036739193,0.22203784348270714,0.0,0.0023028596943429356,4.891748203037701,0.0,0.0,0.0,nan,nan,nan,nan,nan,nan,0.0,0.0,-0.05000000074505806,0.0,0.0,0,ROW_FOLLOW,WAITING_FOR_CENTERLINE,0.0,0.0,0.0,0.0,0.0,0.0,0.0,0.0,0.0,1.0,0.0,0.0,0.0,0.0,0.0,0.0,0.0,0.30000001192092896,0.20000000298023224,0.20000000298023224,0.15000000596046448,0.15000000596046448,1.0,1.0,1.0,1.0
complex_fixed_v018_r1,closed_loop,complex,full,1,0.18,False,44.569415569,1785051021.8010986,4.310836230435503,0.01587521036739193,0.22203784348270714,0.0,0.0023028596943429356,4.891748203037701,0.0,0.0,0.0,nan,nan,nan,nan,nan,nan,0.0,0.0,-0.05000000074505806,0.0,0.0,0,ROW_FOLLOW,WAITING_FOR_CENTERLINE,0.0,0.0,0.0,0.0,0.0,0.0,0.0,0.0,0.0,1.0,0.0,0.0,0.0,0.0,0.0,0.0,0.0,0.30000001192092896,0.20000000298023224,0.20000000298023224,0.15000000596046448,0.15000000596046448,1.0,1.0,1.0,1.0
complex_fixed_v018_r1,closed_loop,complex,full,1,0.18,False,44.619361896,1785051021.851045,4.310836230435503,0.01587521036739193,0.22203784348270714,0.0,0.0023028596943429356,4.891748203037701,0.0,0.0,0.0,nan,nan,nan,nan,nan,nan,0.0,0.0,-0.05000000074505806,0.0,0.0,0,ROW_FOLLOW,WAITING_FOR_CENTERLINE,0.0,0.0,0.0,0.0,0.0,0.0,0.0,0.0,0.0,1.0,0.0,0.0,0.0,0.0,0.0,0.0,0.0,0.30000001192092896,0.20000000298023224,0.20000000298023224,0.15000000596046448,0.15000000596046448,1.0,1.0,1.0,1.0
complex_fixed_v018_r1,closed_loop,complex,full,1,0.18,False,44.669386241,1785051021.9010694,4.310836230435503,0.01587521036739193,0.22203784348270714,0.0,0.0023028596943429356,4.891748203037701,0.0,0.0,0.0,nan,nan,nan,nan,nan,nan,0.0,0.0,-0.05000000074505806,0.0,0.0,0,ROW_FOLLOW,WAITING_FOR_CENTERLINE,0.0,0.0,0.0,0.0,0.0,0.0,0.0,0.0,0.0,1.0,0.0,0.0,0.0,0.0,0.0,0.0,0.0,0.30000001192092896,0.20000000298023224,0.20000000298023224,0.15000000596046448,0.15000000596046448,1.0,1.0,1.0,1.0
complex_fixed_v018_r1,closed_loop,complex,full,1,0.18,False,44.719328951,1785051021.9510121,4.310836230435503,0.01587521036739193,0.22203784348270714,0.0,0.0023028596943429356,4.891748203037701,0.0,0.0,0.0,nan,nan,nan,nan,nan,nan,0.0,0.0,-0.05000000074505806,0.0,0.0,0,ROW_FOLLOW,WAITING_FOR_CENTERLINE,0.0,0.0,0.0,0.0,0.0,0.0,0.0,0.0,0.0,1.0,0.0,0.0,0.0,0.0,0.0,0.0,0.0,0.30000001192092896,0.20000000298023224,0.20000000298023224,0.15000000596046448,0.15000000596046448,1.0,1.0,1.0,1.0
complex_fixed_v018_r1,closed_loop,complex,full,1,0.18,False,44.769377681,1785051022.0010607,4.310836230435503,0.01587521036739193,0.22203784348270714,0.0,0.0023028596943429356,4.891748203037701,0.0,0.0,0.0,nan,nan,nan,nan,nan,nan,0.0,0.0,-0.05000000074505806,0.0,0.0,0,ROW_FOLLOW,WAITING_FOR_CENTERLINE,0.0,0.0,0.0,0.0,0.0,0.0,0.0,0.0,0.0,1.0,0.0,0.0,0.0,0.0,0.0,0.0,0.0,0.30000001192092896,0.20000000298023224,0.20000000298023224,0.15000000596046448,0.15000000596046448,1.0,1.0,1.0,1.0
complex_fixed_v018_r1,closed_loop,complex,full,1,0.18,False,44.819362569,1785051022.0510457,4.310836230435503,0.01587521036739193,0.22203784348270714,0.0,0.0023028596943429356,4.891748203037701,0.0,0.0,0.0,nan,nan,nan,nan,nan,nan,0.0,0.0,-0.05000000074505806,0.0,0.0,0,ROW_FOLLOW,WAITING_FOR_CENTERLINE,0.0,0.0,0.0,0.0,0.0,0.0,0.0,0.0,0.0,1.0,0.0,0.0,0.0,0.0,0.0,0.0,0.0,0.30000001192092896,0.20000000298023224,0.20000000298023224,0.15000000596046448,0.15000000596046448,1.0,1.0,1.0,1.0
complex_fixed_v018_r1,closed_loop,complex,full,1,0.18,False,44.869397155,1785051022.1010802,4.310836230435503,0.01587521036739193,0.22203784348270714,0.0,0.0023028596943429356,4.891748203037701,0.0,0.0,0.0,nan,nan,nan,nan,nan,nan,0.0,0.0,-0.05000000074505806,0.0,0.0,0,ROW_FOLLOW,WAITING_FOR_CENTERLINE,0.0,0.0,0.0,0.0,0.0,0.0,0.0,0.0,0.0,1.0,0.0,0.0,0.0,0.0,0.0,0.0,0.0,0.30000001192092896,0.20000000298023224,0.20000000298023224,0.15000000596046448,0.15000000596046448,1.0,1.0,1.0,1.0
complex_fixed_v018_r1,closed_loop,complex,full,1,0.18,False,44.919329178,1785051022.1510122,4.310836230435503,0.01587521036739193,0.22203784348270714,0.0,0.0023028596943429356,4.891748203037701,0.0,0.0,0.0,nan,nan,nan,nan,nan,nan,0.0,0.0,-0.05000000074505806,0.0,0.0,0,ROW_FOLLOW,WAITING_FOR_CENTERLINE,0.0,0.0,0.0,0.0,0.0,0.0,0.0,0.0,0.0,1.0,0.0,0.0,0.0,0.0,0.0,0.0,0.0,0.30000001192092896,0.20000000298023224,0.20000000298023224,0.15000000596046448,0.15000000596046448,1.0,1.0,1.0,1.0
complex_fixed_v018_r1,closed_loop,complex,full,1,0.18,False,44.969325874,1785051022.2010088,4.310836230435503,0.01587521036739193,0.22203784348270714,0.0,0.0023028596943429356,4.891748203037701,0.0,0.0,0.0,nan,nan,nan,nan,nan,nan,0.0,0.0,-0.05000000074505806,0.0,0.0,0,ROW_FOLLOW,WAITING_FOR_CENTERLINE,0.0,0.0,0.0,0.0,0.0,0.0,0.0,0.0,0.0,1.0,0.0,0.0,0.0,0.0,0.0,0.0,0.0,0.30000001192092896,0.20000000298023224,0.20000000298023224,0.15000000596046448,0.15000000596046448,1.0,1.0,1.0,1.0
complex_fixed_v018_r1,closed_loop,complex,full,1,0.18,False,45.019329003,1785051022.251012,4.310836230435503,0.01587521036739193,0.22203784348270714,0.0,0.0023028596943429356,4.891748203037701,0.0,0.0,0.0,nan,nan,nan,nan,nan,nan,0.0,0.0,-0.05000000074505806,0.0,0.0,0,ROW_FOLLOW,WAITING_FOR_CENTERLINE,0.0,0.0,0.0,0.0,0.0,0.0,0.0,0.0,0.0,1.0,0.0,0.0,0.0,0.0,0.0,0.0,0.0,0.30000001192092896,0.20000000298023224,0.20000000298023224,0.15000000596046448,0.15000000596046448,1.0,1.0,1.0,1.0
complex_fixed_v018_r1,closed_loop,complex,full,1,0.18,False,45.069422375,1785051022.3011055,4.310836230435503,0.01587521036739193,0.22203784348270714,0.0,0.0023028596943429356,4.891748203037701,0.0,0.0,0.0,nan,nan,nan,nan,nan,nan,0.0,0.0,-0.05000000074505806,0.0,0.0,0,ROW_FOLLOW,WAITING_FOR_CENTERLINE,0.0,0.0,0.0,0.0,0.0,0.0,0.0,0.0,0.0,1.0,0.0,0.0,0.0,0.0,0.0,0.0,0.0,0.30000001192092896,0.20000000298023224,0.20000000298023224,0.15000000596046448,0.15000000596046448,1.0,1.0,1.0,1.0
complex_fixed_v018_r1,closed_loop,complex,full,1,0.18,False,45.119376926,1785051022.35106,4.310836230435503,0.01587521036739193,0.22203784348270714,0.0,0.0023028596943429356,4.891748203037701,0.0,0.0,0.0,nan,nan,nan,nan,nan,nan,0.0,0.0,-0.05000000074505806,0.0,0.0,0,ROW_FOLLOW,WAITING_FOR_CENTERLINE,0.0,0.0,0.0,0.0,0.0,0.0,0.0,0.0,0.0,1.0,0.0,0.0,0.0,0.0,0.0,0.0,0.0,0.30000001192092896,0.20000000298023224,0.20000000298023224,0.15000000596046448,0.15000000596046448,1.0,1.0,1.0,1.0
complex_fixed_v018_r1,closed_loop,complex,full,1,0.18,False,45.169408344,1785051022.4010913,4.310836230435503,0.01587521036739193,0.22203784348270714,0.0,0.0023028596943429356,4.891748203037701,0.0,0.0,0.0,nan,nan,nan,nan,nan,nan,0.0,0.0,-0.05000000074505806,0.0,0.0,0,ROW_FOLLOW,WAITING_FOR_CENTERLINE,0.0,0.0,0.0,0.0,0.0,0.0,0.0,0.0,0.0,1.0,0.0,0.0,0.0,0.0,0.0,0.0,0.0,0.30000001192092896,0.20000000298023224,0.20000000298023224,0.15000000596046448,0.15000000596046448,1.0,1.0,1.0,1.0
complex_fixed_v018_r1,closed_loop,complex,full,1,0.18,False,45.21933515,1785051022.4510183,4.310836230435503,0.01587521036739193,0.22203784348270714,0.0,0.0023028596943429356,4.891748203037701,0.0,0.0,0.0,nan,nan,nan,nan,nan,nan,0.0,0.0,-0.05000000074505806,0.0,0.0,0,ROW_FOLLOW,WAITING_FOR_CENTERLINE,0.0,0.0,0.0,0.0,0.0,0.0,0.0,0.0,0.0,1.0,0.0,0.0,0.0,0.0,0.0,0.0,0.0,0.30000001192092896,0.20000000298023224,0.20000000298023224,0.15000000596046448,0.15000000596046448,1.0,1.0,1.0,1.0
complex_fixed_v018_r1,closed_loop,complex,full,1,0.18,False,45.269379208,1785051022.5010622,4.310836230435503,0.01587521036739193,0.22203784348270714,0.0,0.0023028596943429356,4.891748203037701,0.0,0.0,0.0,nan,nan,nan,nan,nan,nan,0.0,0.0,-0.05000000074505806,0.0,0.0,0,ROW_FOLLOW,WAITING_FOR_CENTERLINE,0.0,0.0,0.0,0.0,0.0,0.0,0.0,0.0,0.0,1.0,0.0,0.0,0.0,0.0,0.0,0.0,0.0,0.30000001192092896,0.20000000298023224,0.20000000298023224,0.15000000596046448,0.15000000596046448,1.0,1.0,1.0,1.0
complex_fixed_v018_r1,closed_loop,complex,full,1,0.18,False,45.319328127,1785051022.551011,4.310836230435503,0.01587521036739193,0.22203784348270714,0.0,0.0023028596943429356,4.891748203037701,0.0,0.0,0.0,nan,nan,nan,nan,nan,nan,0.0,0.0,-0.05000000074505806,0.0,0.0,0,ROW_FOLLOW,WAITING_FOR_CENTERLINE,0.0,0.0,0.0,0.0,0.0,0.0,0.0,0.0,0.0,1.0,0.0,0.0,0.0,0.0,0.0,0.0,0.0,0.30000001192092896,0.20000000298023224,0.20000000298023224,0.15000000596046448,0.15000000596046448,1.0,1.0,1.0,1.0
complex_fixed_v018_r1,closed_loop,complex,full,1,0.18,False,45.369301623,1785051022.6009846,4.310836230435503,0.01587521036739193,0.22203784348270714,0.0,0.0023028596943429356,4.891748203037701,0.0,0.0,0.0,nan,nan,nan,nan,nan,nan,0.0,0.0,-0.05000000074505806,0.0,0.0,0,ROW_FOLLOW,WAITING_FOR_CENTERLINE,0.0,0.0,0.0,0.0,0.0,0.0,0.0,0.0,0.0,1.0,0.0,0.0,0.0,0.0,0.0,0.0,0.0,0.30000001192092896,0.20000000298023224,0.20000000298023224,0.15000000596046448,0.15000000596046448,1.0,1.0,1.0,1.0
complex_fixed_v018_r1,closed_loop,complex,full,1,0.18,False,45.419395027,1785051022.6510782,4.310836230435503,0.01587521036739193,0.22203784348270714,0.0,0.0023028596943429356,4.891748203037701,0.0,0.0,0.0,nan,nan,nan,nan,nan,nan,0.0,0.0,-0.05000000074505806,0.0,0.0,0,ROW_FOLLOW,WAITING_FOR_CENTERLINE,0.0,0.0,0.0,0.0,0.0,0.0,0.0,0.0,0.0,1.0,0.0,0.0,0.0,0.0,0.0,0.0,0.0,0.30000001192092896,0.20000000298023224,0.20000000298023224,0.15000000596046448,0.15000000596046448,1.0,1.0,1.0,1.0
complex_fixed_v018_r1,closed_loop,complex,full,1,0.18,False,45.469427628,1785051022.7011106,4.310836230435503,0.01587521036739193,0.22203784348270714,0.0,0.0023028596943429356,4.891748203037701,0.0,0.0,0.0,nan,nan,nan,nan,nan,nan,0.0,0.0,-0.05000000074505806,0.0,0.0,0,ROW_FOLLOW,WAITING_FOR_CENTERLINE,0.0,0.0,0.0,0.0,0.0,0.0,0.0,0.0,0.0,1.0,0.0,0.0,0.0,0.0,0.0,0.0,0.0,0.30000001192092896,0.20000000298023224,0.20000000298023224,0.15000000596046448,0.15000000596046448,1.0,1.0,1.0,1.0
complex_fixed_v018_r1,closed_loop,complex,full,1,0.18,False,45.519379364,1785051022.7510622,4.310836230435503,0.01587521036739193,0.22203784348270714,0.0,0.0023028596943429356,4.891748203037701,0.0,0.0,0.0,nan,nan,nan,nan,nan,nan,0.0,0.0,-0.05000000074505806,0.0,0.0,0,ROW_FOLLOW,WAITING_FOR_CENTERLINE,0.0,0.0,0.0,0.0,0.0,0.0,0.0,0.0,0.0,1.0,0.0,0.0,0.0,0.0,0.0,0.0,0.0,0.30000001192092896,0.20000000298023224,0.20000000298023224,0.15000000596046448,0.15000000596046448,1.0,1.0,1.0,1.0
complex_fixed_v018_r1,closed_loop,complex,full,1,0.18,False,45.569345531,1785051022.8010285,4.310836230435503,0.01587521036739193,0.22203784348270714,0.0,0.0023028596943429356,4.891748203037701,0.0,0.0,0.0,nan,nan,nan,nan,nan,nan,0.0,0.0,-0.05000000074505806,0.0,0.0,0,ROW_FOLLOW,WAITING_FOR_CENTERLINE,0.0,0.0,0.0,0.0,0.0,0.0,0.0,0.0,0.0,1.0,0.0,0.0,0.0,0.0,0.0,0.0,0.0,0.30000001192092896,0.20000000298023224,0.20000000298023224,0.15000000596046448,0.15000000596046448,1.0,1.0,1.0,1.0
complex_fixed_v018_r1,closed_loop,complex,full,1,0.18,False,45.619314035,1785051022.850997,4.310836230435503,0.01587521036739193,0.22203784348270714,0.0,0.0023028596943429356,4.891748203037701,0.0,0.0,0.0,nan,nan,nan,nan,nan,nan,0.0,0.0,-0.05000000074505806,0.0,0.0,0,ROW_FOLLOW,WAITING_FOR_CENTERLINE,0.0,0.0,0.0,0.0,0.0,0.0,0.0,0.0,0.0,1.0,0.0,0.0,0.0,0.0,0.0,0.0,0.0,0.30000001192092896,0.20000000298023224,0.20000000298023224,0.15000000596046448,0.15000000596046448,1.0,1.0,1.0,1.0
complex_fixed_v018_r1,closed_loop,complex,full,1,0.18,False,45.669423055,1785051022.901106,4.310836230435503,0.01587521036739193,0.22203784348270714,0.0,0.0023028596943429356,4.891748203037701,0.0,0.0,0.0,nan,nan,nan,nan,nan,nan,0.0,0.0,-0.05000000074505806,0.0,0.0,0,ROW_FOLLOW,WAITING_FOR_CENTERLINE,0.0,0.0,0.0,0.0,0.0,0.0,0.0,0.0,0.0,1.0,0.0,0.0,0.0,0.0,0.0,0.0,0.0,0.30000001192092896,0.20000000298023224,0.20000000298023224,0.15000000596046448,0.15000000596046448,1.0,1.0,1.0,1.0
complex_fixed_v018_r1,closed_loop,complex,full,1,0.18,False,45.719356806,1785051022.9510398,4.310836230435503,0.01587521036739193,0.22203784348270714,0.0,0.0023028596943429356,4.891748203037701,0.0,0.0,0.0,nan,nan,nan,nan,nan,nan,0.0,0.0,-0.05000000074505806,0.0,0.0,0,ROW_FOLLOW,WAITING_FOR_CENTERLINE,0.0,0.0,0.0,0.0,0.0,0.0,0.0,0.0,0.0,1.0,0.0,0.0,0.0,0.0,0.0,0.0,0.0,0.30000001192092896,0.20000000298023224,0.20000000298023224,0.15000000596046448,0.15000000596046448,1.0,1.0,1.0,1.0
complex_fixed_v018_r1,closed_loop,complex,full,1,0.18,False,45.769409504,1785051023.0010927,4.310836230435503,0.01587521036739193,0.22203784348270714,0.0,0.0023028596943429356,4.891748203037701,0.0,0.0,0.0,nan,nan,nan,nan,nan,nan,0.0,0.0,-0.05000000074505806,0.0,0.0,0,ROW_FOLLOW,WAITING_FOR_CENTERLINE,0.0,0.0,0.0,0.0,0.0,0.0,0.0,0.0,0.0,1.0,0.0,0.0,0.0,0.0,0.0,0.0,0.0,0.30000001192092896,0.20000000298023224,0.20000000298023224,0.15000000596046448,0.15000000596046448,1.0,1.0,1.0,1.0
complex_fixed_v018_r1,closed_loop,complex,full,1,0.18,False,45.819354648,1785051023.0510378,4.310836230435503,0.01587521036739193,0.22203784348270714,0.0,0.0023028596943429356,4.891748203037701,0.0,0.0,0.0,nan,nan,nan,nan,nan,nan,0.0,0.0,-0.05000000074505806,0.0,0.0,0,ROW_FOLLOW,WAITING_FOR_CENTERLINE,0.0,0.0,0.0,0.0,0.0,0.0,0.0,0.0,0.0,1.0,0.0,0.0,0.0,0.0,0.0,0.0,0.0,0.30000001192092896,0.20000000298023224,0.20000000298023224,0.15000000596046448,0.15000000596046448,1.0,1.0,1.0,1.0
complex_fixed_v018_r1,closed_loop,complex,full,1,0.18,False,45.869399378,1785051023.1010823,4.310836230435503,0.01587521036739193,0.22203784348270714,0.0,0.0023028596943429356,4.891748203037701,0.0,0.0,0.0,nan,nan,nan,nan,nan,nan,0.0,0.0,-0.05000000074505806,0.0,0.0,0,ROW_FOLLOW,WAITING_FOR_CENTERLINE,0.0,0.0,0.0,0.0,0.0,0.0,0.0,0.0,0.0,1.0,0.0,0.0,0.0,0.0,0.0,0.0,0.0,0.30000001192092896,0.20000000298023224,0.20000000298023224,0.15000000596046448,0.15000000596046448,1.0,1.0,1.0,1.0
complex_fixed_v018_r1,closed_loop,complex,full,1,0.18,False,45.919372618,1785051023.1510556,4.310836230435503,0.01587521036739193,0.22203784348270714,0.0,0.0023028596943429356,4.891748203037701,0.0,0.0,0.0,nan,nan,nan,nan,nan,nan,0.0,0.0,-0.05000000074505806,0.0,0.0,0,ROW_FOLLOW,WAITING_FOR_CENTERLINE,0.0,0.0,0.0,0.0,0.0,0.0,0.0,0.0,0.0,1.0,0.0,0.0,0.0,0.0,0.0,0.0,0.0,0.30000001192092896,0.20000000298023224,0.20000000298023224,0.15000000596046448,0.15000000596046448,1.0,1.0,1.0,1.0
complex_fixed_v018_r1,closed_loop,complex,full,1,0.18,False,45.96938378,1785051023.2010667,4.310836230435503,0.01587521036739193,0.22203784348270714,0.0,0.0023028596943429356,4.891748203037701,0.0,0.0,0.0,nan,nan,nan,nan,nan,nan,0.0,0.0,-0.05000000074505806,0.0,0.0,0,ROW_FOLLOW,WAITING_FOR_CENTERLINE,0.0,0.0,0.0,0.0,0.0,0.0,0.0,0.0,0.0,1.0,0.0,0.0,0.0,0.0,0.0,0.0,0.0,0.30000001192092896,0.20000000298023224,0.20000000298023224,0.15000000596046448,0.15000000596046448,1.0,1.0,1.0,1.0
complex_fixed_v018_r1,closed_loop,complex,full,1,0.18,False,46.019383133,1785051023.2510662,4.310836230435503,0.01587521036739193,0.22203784348270714,0.0,0.0023028596943429356,4.891748203037701,0.0,0.0,0.0,nan,nan,nan,nan,nan,nan,0.0,0.0,-0.05000000074505806,0.0,0.0,0,ROW_FOLLOW,WAITING_FOR_CENTERLINE,0.0,0.0,0.0,0.0,0.0,0.0,0.0,0.0,0.0,1.0,0.0,0.0,0.0,0.0,0.0,0.0,0.0,0.30000001192092896,0.20000000298023224,0.20000000298023224,0.15000000596046448,0.15000000596046448,1.0,1.0,1.0,1.0
complex_fixed_v018_r1,closed_loop,complex,full,1,0.18,False,46.069417559,1785051023.3011005,4.310836230435503,0.01587521036739193,0.22203784348270714,0.0,0.0023028596943429356,4.891748203037701,0.0,0.0,0.0,nan,nan,nan,nan,nan,nan,0.0,0.0,-0.05000000074505806,0.0,0.0,0,ROW_FOLLOW,WAITING_FOR_CENTERLINE,0.0,0.0,0.0,0.0,0.0,0.0,0.0,0.0,0.0,1.0,0.0,0.0,0.0,0.0,0.0,0.0,0.0,0.30000001192092896,0.20000000298023224,0.20000000298023224,0.15000000596046448,0.15000000596046448,1.0,1.0,1.0,1.0
complex_fixed_v018_r1,closed_loop,complex,full,1,0.18,False,46.119393264,1785051023.3510764,4.310836230435503,0.01587521036739193,0.22203784348270714,0.0,0.0023028596943429356,4.891748203037701,0.0,0.0,0.0,nan,nan,nan,nan,nan,nan,0.0,0.0,-0.05000000074505806,0.0,0.0,0,ROW_FOLLOW,WAITING_FOR_CENTERLINE,0.0,0.0,0.0,0.0,0.0,0.0,0.0,0.0,0.0,1.0,0.0,0.0,0.0,0.0,0.0,0.0,0.0,0.30000001192092896,0.20000000298023224,0.20000000298023224,0.15000000596046448,0.15000000596046448,1.0,1.0,1.0,1.0
complex_fixed_v018_r1,closed_loop,complex,full,1,0.18,False,46.169419402,1785051023.4011023,4.310836230435503,0.01587521036739193,0.22203784348270714,0.0,0.0023028596943429356,4.891748203037701,0.0,0.0,0.0,nan,nan,nan,nan,nan,nan,0.0,0.0,-0.05000000074505806,0.0,0.0,0,ROW_FOLLOW,WAITING_FOR_CENTERLINE,0.0,0.0,0.0,0.0,0.0,0.0,0.0,0.0,0.0,1.0,0.0,0.0,0.0,0.0,0.0,0.0,0.0,0.30000001192092896,0.20000000298023224,0.20000000298023224,0.15000000596046448,0.15000000596046448,1.0,1.0,1.0,1.0
complex_fixed_v018_r1,closed_loop,complex,full,1,0.18,False,46.219335584,1785051023.4510186,4.310836230435503,0.01587521036739193,0.22203784348270714,0.0,0.0023028596943429356,4.891748203037701,0.0,0.0,0.0,nan,nan,nan,nan,nan,nan,0.0,0.0,-0.05000000074505806,0.0,0.0,0,ROW_FOLLOW,WAITING_FOR_CENTERLINE,0.0,0.0,0.0,0.0,0.0,0.0,0.0,0.0,0.0,1.0,0.0,0.0,0.0,0.0,0.0,0.0,0.0,0.30000001192092896,0.20000000298023224,0.20000000298023224,0.15000000596046448,0.15000000596046448,1.0,1.0,1.0,1.0
complex_fixed_v018_r1,closed_loop,complex,full,1,0.18,False,46.269351066,1785051023.501034,4.310836230435503,0.01587521036739193,0.22203784348270714,0.0,0.0023028596943429356,4.891748203037701,0.0,0.0,0.0,nan,nan,nan,nan,nan,nan,0.0,0.0,-0.05000000074505806,0.0,0.0,0,ROW_FOLLOW,WAITING_FOR_CENTERLINE,0.0,0.0,0.0,0.0,0.0,0.0,0.0,0.0,0.0,1.0,0.0,0.0,0.0,0.0,0.0,0.0,0.0,0.30000001192092896,0.20000000298023224,0.20000000298023224,0.15000000596046448,0.15000000596046448,1.0,1.0,1.0,1.0
complex_fixed_v018_r1,closed_loop,complex,full,1,0.18,False,46.319214927,1785051023.5508978,4.310836230435503,0.01587521036739193,0.22203784348270714,0.0,0.0023028596943429356,4.891748203037701,0.0,0.0,0.0,nan,nan,nan,nan,nan,nan,0.0,0.0,-0.05000000074505806,0.0,0.0,0,ROW_FOLLOW,WAITING_FOR_CENTERLINE,0.0,0.0,0.0,0.0,0.0,0.0,0.0,0.0,0.0,1.0,0.0,0.0,0.0,0.0,0.0,0.0,0.0,0.30000001192092896,0.20000000298023224,0.20000000298023224,0.15000000596046448,0.15000000596046448,1.0,1.0,1.0,1.0
complex_fixed_v018_r1,closed_loop,complex,full,1,0.18,False,46.369377677,1785051023.6010606,4.310836230435503,0.01587521036739193,0.22203784348270714,0.0,0.0023028596943429356,4.891748203037701,0.0,0.0,0.0,nan,nan,nan,nan,nan,nan,0.0,0.0,-0.05000000074505806,0.0,0.0,0,ROW_FOLLOW,WAITING_FOR_CENTERLINE,0.0,0.0,0.0,0.0,0.0,0.0,0.0,0.0,0.0,1.0,0.0,0.0,0.0,0.0,0.0,0.0,0.0,0.30000001192092896,0.20000000298023224,0.20000000298023224,0.15000000596046448,0.15000000596046448,1.0,1.0,1.0,1.0
complex_fixed_v018_r1,closed_loop,complex,full,1,0.18,False,46.419296804,1785051023.6509798,4.310836230435503,0.01587521036739193,0.22203784348270714,0.0,0.0023028596943429356,4.891748203037701,0.0,0.0,0.0,nan,nan,nan,nan,nan,nan,0.0,0.0,-0.05000000074505806,0.0,0.0,0,ROW_FOLLOW,WAITING_FOR_CENTERLINE,0.0,0.0,0.0,0.0,0.0,0.0,0.0,0.0,0.0,1.0,0.0,0.0,0.0,0.0,0.0,0.0,0.0,0.30000001192092896,0.20000000298023224,0.20000000298023224,0.15000000596046448,0.15000000596046448,1.0,1.0,1.0,1.0
complex_fixed_v018_r1,closed_loop,complex,full,1,0.18,False,46.4693992,1785051023.7010822,4.310836230435503,0.01587521036739193,0.22203784348270714,0.0,0.0023028596943429356,4.891748203037701,0.0,0.0,0.0,nan,nan,nan,nan,nan,nan,0.0,0.0,-0.05000000074505806,0.0,0.0,0,ROW_FOLLOW,WAITING_FOR_CENTERLINE,0.0,0.0,0.0,0.0,0.0,0.0,0.0,0.0,0.0,1.0,0.0,0.0,0.0,0.0,0.0,0.0,0.0,0.30000001192092896,0.20000000298023224,0.20000000298023224,0.15000000596046448,0.15000000596046448,1.0,1.0,1.0,1.0
complex_fixed_v018_r1,closed_loop,complex,full,1,0.18,False,46.519323735,1785051023.7510066,4.310836230435503,0.01587521036739193,0.22203784348270714,0.0,0.0023028596943429356,4.891748203037701,0.0,0.0,0.0,nan,nan,nan,nan,nan,nan,0.0,0.0,-0.05000000074505806,0.0,0.0,0,ROW_FOLLOW,WAITING_FOR_CENTERLINE,0.0,0.0,0.0,0.0,0.0,0.0,0.0,0.0,0.0,1.0,0.0,0.0,0.0,0.0,0.0,0.0,0.0,0.30000001192092896,0.20000000298023224,0.20000000298023224,0.15000000596046448,0.15000000596046448,1.0,1.0,1.0,1.0
complex_fixed_v018_r1,closed_loop,complex,full,1,0.18,False,46.569439027,1785051023.801122,4.310836230435503,0.01587521036739193,0.22203784348270714,0.0,0.0023028596943429356,4.891748203037701,0.0,0.0,0.0,nan,nan,nan,nan,nan,nan,0.0,0.0,-0.05000000074505806,0.0,0.0,0,ROW_FOLLOW,WAITING_FOR_CENTERLINE,0.0,0.0,0.0,0.0,0.0,0.0,0.0,0.0,0.0,1.0,0.0,0.0,0.0,0.0,0.0,0.0,0.0,0.30000001192092896,0.20000000298023224,0.20000000298023224,0.15000000596046448,0.15000000596046448,1.0,1.0,1.0,1.0
complex_fixed_v018_r1,closed_loop,complex,full,1,0.18,False,46.619370186,1785051023.8510532,4.310836230435503,0.01587521036739193,0.22203784348270714,0.0,0.0023028596943429356,4.891748203037701,0.0,0.0,0.0,nan,nan,nan,nan,nan,nan,0.0,0.0,-0.05000000074505806,0.0,0.0,0,ROW_FOLLOW,WAITING_FOR_CENTERLINE,0.0,0.0,0.0,0.0,0.0,0.0,0.0,0.0,0.0,1.0,0.0,0.0,0.0,0.0,0.0,0.0,0.0,0.30000001192092896,0.20000000298023224,0.20000000298023224,0.15000000596046448,0.15000000596046448,1.0,1.0,1.0,1.0
complex_fixed_v018_r1,closed_loop,complex,full,1,0.18,False,46.669436805,1785051023.9011197,4.310836230435503,0.01587521036739193,0.22203784348270714,0.0,0.0023028596943429356,4.891748203037701,0.0,0.0,0.0,nan,nan,nan,nan,nan,nan,0.0,0.0,-0.05000000074505806,0.0,0.0,0,ROW_FOLLOW,WAITING_FOR_CENTERLINE,0.0,0.0,0.0,0.0,0.0,0.0,0.0,0.0,0.0,1.0,0.0,0.0,0.0,0.0,0.0,0.0,0.0,0.30000001192092896,0.20000000298023224,0.20000000298023224,0.15000000596046448,0.15000000596046448,1.0,1.0,1.0,1.0
complex_fixed_v018_r1,closed_loop,complex,full,1,0.18,False,46.71936086,1785051023.9510438,4.310836230435503,0.01587521036739193,0.22203784348270714,0.0,0.0023028596943429356,4.891748203037701,0.0,0.0,0.0,nan,nan,nan,nan,nan,nan,0.0,0.0,-0.05000000074505806,0.0,0.0,0,ROW_FOLLOW,WAITING_FOR_CENTERLINE,0.0,0.0,0.0,0.0,0.0,0.0,0.0,0.0,0.0,1.0,0.0,0.0,0.0,0.0,0.0,0.0,0.0,0.30000001192092896,0.20000000298023224,0.20000000298023224,0.15000000596046448,0.15000000596046448,1.0,1.0,1.0,1.0
complex_fixed_v018_r1,closed_loop,complex,full,1,0.18,False,46.769608733,1785051024.0012918,4.310836230435503,0.01587521036739193,0.22203784348270714,0.0,0.0023028596943429356,4.891748203037701,0.0,0.0,0.0,nan,nan,nan,nan,nan,nan,0.0,0.0,-0.05000000074505806,0.0,0.0,0,ROW_FOLLOW,WAITING_FOR_CENTERLINE,0.0,0.0,0.0,0.0,0.0,0.0,0.0,0.0,0.0,1.0,0.0,0.0,0.0,0.0,0.0,0.0,0.0,0.30000001192092896,0.20000000298023224,0.20000000298023224,0.15000000596046448,0.15000000596046448,1.0,1.0,1.0,1.0
complex_fixed_v018_r1,closed_loop,complex,full,1,0.18,False,46.819374159,1785051024.051057,4.310836230435503,0.01587521036739193,0.22203784348270714,0.0,0.0023028596943429356,4.891748203037701,0.0,0.0,0.0,nan,nan,nan,nan,nan,nan,0.0,0.0,-0.05000000074505806,0.0,0.0,0,ROW_FOLLOW,WAITING_FOR_CENTERLINE,0.0,0.0,0.0,0.0,0.0,0.0,0.0,0.0,0.0,1.0,0.0,0.0,0.0,0.0,0.0,0.0,0.0,0.30000001192092896,0.20000000298023224,0.20000000298023224,0.15000000596046448,0.15000000596046448,1.0,1.0,1.0,1.0
complex_fixed_v018_r1,closed_loop,complex,full,1,0.18,False,46.86961448,1785051024.1012974,4.310836230435503,0.01587521036739193,0.22203784348270714,0.0,0.0023028596943429356,4.891748203037701,0.0,0.0,0.0,nan,nan,nan,nan,nan,nan,0.0,0.0,-0.05000000074505806,0.0,0.0,0,ROW_FOLLOW,WAITING_FOR_CENTERLINE,0.0,0.0,0.0,0.0,0.0,0.0,0.0,0.0,0.0,1.0,0.0,0.0,0.0,0.0,0.0,0.0,0.0,0.30000001192092896,0.20000000298023224,0.20000000298023224,0.15000000596046448,0.15000000596046448,1.0,1.0,1.0,1.0
complex_fixed_v018_r1,closed_loop,complex,full,1,0.18,False,46.919357666,1785051024.1510408,4.310836230435503,0.01587521036739193,0.22203784348270714,0.0,0.0023028596943429356,4.891748203037701,0.0,0.0,0.0,nan,nan,nan,nan,nan,nan,0.0,0.0,-0.05000000074505806,0.0,0.0,0,ROW_FOLLOW,WAITING_FOR_CENTERLINE,0.0,0.0,0.0,0.0,0.0,0.0,0.0,0.0,0.0,1.0,0.0,0.0,0.0,0.0,0.0,0.0,0.0,0.30000001192092896,0.20000000298023224,0.20000000298023224,0.15000000596046448,0.15000000596046448,1.0,1.0,1.0,1.0
complex_fixed_v018_r1,closed_loop,complex,full,1,0.18,False,46.969656708,1785051024.2013397,4.310836230435503,0.01587521036739193,0.22203784348270714,0.0,0.0023028596943429356,4.891748203037701,0.0,0.0,0.0,nan,nan,nan,nan,nan,nan,0.0,0.0,-0.05000000074505806,0.0,0.0,0,ROW_FOLLOW,WAITING_FOR_CENTERLINE,0.0,0.0,0.0,0.0,0.0,0.0,0.0,0.0,0.0,1.0,0.0,0.0,0.0,0.0,0.0,0.0,0.0,0.30000001192092896,0.20000000298023224,0.20000000298023224,0.15000000596046448,0.15000000596046448,1.0,1.0,1.0,1.0
complex_fixed_v018_r1,closed_loop,complex,full,1,0.18,False,47.019379798,1785051024.2510629,4.310836230435503,0.01587521036739193,0.22203784348270714,0.0,0.0023028596943429356,4.891748203037701,0.0,0.0,0.0,nan,nan,nan,nan,nan,nan,0.0,0.0,-0.05000000074505806,0.0,0.0,0,ROW_FOLLOW,WAITING_FOR_CENTERLINE,0.0,0.0,0.0,0.0,0.0,0.0,0.0,0.0,0.0,1.0,0.0,0.0,0.0,0.0,0.0,0.0,0.0,0.30000001192092896,0.20000000298023224,0.20000000298023224,0.15000000596046448,0.15000000596046448,1.0,1.0,1.0,1.0
complex_fixed_v018_r1,closed_loop,complex,full,1,0.18,False,47.069752186,1785051024.3014352,4.310836230435503,0.01587521036739193,0.22203784348270714,0.0,0.0023028596943429356,4.891748203037701,0.0,0.0,0.0,nan,nan,nan,nan,nan,nan,0.0,0.0,-0.05000000074505806,0.0,0.0,0,ROW_FOLLOW,WAITING_FOR_CENTERLINE,0.0,0.0,0.0,0.0,0.0,0.0,0.0,0.0,0.0,1.0,0.0,0.0,0.0,0.0,0.0,0.0,0.0,0.30000001192092896,0.20000000298023224,0.20000000298023224,0.15000000596046448,0.15000000596046448,1.0,1.0,1.0,1.0
complex_fixed_v018_r1,closed_loop,complex,full,1,0.18,False,47.119377385,1785051024.3510604,4.310836230435503,0.01587521036739193,0.22203784348270714,0.0,0.0023028596943429356,4.891748203037701,0.0,0.0,0.0,nan,nan,nan,nan,nan,nan,0.0,0.0,-0.05000000074505806,0.0,0.0,0,ROW_FOLLOW,WAITING_FOR_CENTERLINE,0.0,0.0,0.0,0.0,0.0,0.0,0.0,0.0,0.0,1.0,0.0,0.0,0.0,0.0,0.0,0.0,0.0,0.30000001192092896,0.20000000298023224,0.20000000298023224,0.15000000596046448,0.15000000596046448,1.0,1.0,1.0,1.0
complex_fixed_v018_r1,closed_loop,complex,full,1,0.18,False,47.169396067,1785051024.401079,4.310836230435503,0.01587521036739193,0.22203784348270714,0.0,0.0023028596943429356,4.891748203037701,0.0,0.0,0.0,nan,nan,nan,nan,nan,nan,0.0,0.0,-0.05000000074505806,0.0,0.0,0,ROW_FOLLOW,WAITING_FOR_CENTERLINE,0.0,0.0,0.0,0.0,0.0,0.0,0.0,0.0,0.0,1.0,0.0,0.0,0.0,0.0,0.0,0.0,0.0,0.30000001192092896,0.20000000298023224,0.20000000298023224,0.15000000596046448,0.15000000596046448,1.0,1.0,1.0,1.0
complex_fixed_v018_r1,closed_loop,complex,full,1,0.18,False,47.219320314,1785051024.4510033,4.310836230435503,0.01587521036739193,0.22203784348270714,0.0,0.0023028596943429356,4.891748203037701,0.0,0.0,0.0,nan,nan,nan,nan,nan,nan,0.0,0.0,-0.05000000074505806,0.0,0.0,0,ROW_FOLLOW,WAITING_FOR_CENTERLINE,0.0,0.0,0.0,0.0,0.0,0.0,0.0,0.0,0.0,1.0,0.0,0.0,0.0,0.0,0.0,0.0,0.0,0.30000001192092896,0.20000000298023224,0.20000000298023224,0.15000000596046448,0.15000000596046448,1.0,1.0,1.0,1.0
complex_fixed_v018_r1,closed_loop,complex,full,1,0.18,False,47.269411927,1785051024.5010948,4.310836230435503,0.01587521036739193,0.22203784348270714,0.0,0.0023028596943429356,4.891748203037701,0.0,0.0,0.0,nan,nan,nan,nan,nan,nan,0.0,0.0,-0.05000000074505806,0.0,0.0,0,ROW_FOLLOW,WAITING_FOR_CENTERLINE,0.0,0.0,0.0,0.0,0.0,0.0,0.0,0.0,0.0,1.0,0.0,0.0,0.0,0.0,0.0,0.0,0.0,0.30000001192092896,0.20000000298023224,0.20000000298023224,0.15000000596046448,0.15000000596046448,1.0,1.0,1.0,1.0
complex_fixed_v018_r1,closed_loop,complex,full,1,0.18,False,47.319587765,1785051024.551271,4.310836230435503,0.01587521036739193,0.22203784348270714,0.0,0.0023028596943429356,4.891748203037701,0.0,0.0,0.0,nan,nan,nan,nan,nan,nan,0.0,0.0,-0.05000000074505806,0.0,0.0,0,ROW_FOLLOW,WAITING_FOR_CENTERLINE,0.0,0.0,0.0,0.0,0.0,0.0,0.0,0.0,0.0,1.0,0.0,0.0,0.0,0.0,0.0,0.0,0.0,0.30000001192092896,0.20000000298023224,0.20000000298023224,0.15000000596046448,0.15000000596046448,1.0,1.0,1.0,1.0
complex_fixed_v018_r1,closed_loop,complex,full,1,0.18,False,47.369385961,1785051024.601069,4.310836230435503,0.01587521036739193,0.22203784348270714,0.0,0.0023028596943429356,4.891748203037701,0.0,0.0,0.0,nan,nan,nan,nan,nan,nan,0.0,0.0,-0.05000000074505806,0.0,0.0,0,ROW_FOLLOW,WAITING_FOR_CENTERLINE,0.0,0.0,0.0,0.0,0.0,0.0,0.0,0.0,0.0,1.0,0.0,0.0,0.0,0.0,0.0,0.0,0.0,0.30000001192092896,0.20000000298023224,0.20000000298023224,0.15000000596046448,0.15000000596046448,1.0,1.0,1.0,1.0
complex_fixed_v018_r1,closed_loop,complex,full,1,0.18,False,47.41938237,1785051024.6510653,4.310836230435503,0.01587521036739193,0.22203784348270714,0.0,0.0023028596943429356,4.891748203037701,0.0,0.0,0.0,nan,nan,nan,nan,nan,nan,0.0,0.0,-0.05000000074505806,0.0,0.0,0,ROW_FOLLOW,WAITING_FOR_CENTERLINE,0.0,0.0,0.0,0.0,0.0,0.0,0.0,0.0,0.0,1.0,0.0,0.0,0.0,0.0,0.0,0.0,0.0,0.30000001192092896,0.20000000298023224,0.20000000298023224,0.15000000596046448,0.15000000596046448,1.0,1.0,1.0,1.0
complex_fixed_v018_r1,closed_loop,complex,full,1,0.18,False,47.469387516,1785051024.7010705,4.310836230435503,0.01587521036739193,0.22203784348270714,0.0,0.0023028596943429356,4.891748203037701,0.0,0.0,0.0,nan,nan,nan,nan,nan,nan,0.0,0.0,-0.05000000074505806,0.0,0.0,0,ROW_FOLLOW,WAITING_FOR_CENTERLINE,0.0,0.0,0.0,0.0,0.0,0.0,0.0,0.0,0.0,1.0,0.0,0.0,0.0,0.0,0.0,0.0,0.0,0.30000001192092896,0.20000000298023224,0.20000000298023224,0.15000000596046448,0.15000000596046448,1.0,1.0,1.0,1.0
complex_fixed_v018_r1,closed_loop,complex,full,1,0.18,False,47.519409942,1785051024.751093,4.310836230435503,0.01587521036739193,0.22203784348270714,0.0,0.0023028596943429356,4.891748203037701,0.0,0.0,0.0,nan,nan,nan,nan,nan,nan,0.0,0.0,-0.05000000074505806,0.0,0.0,0,ROW_FOLLOW,WAITING_FOR_CENTERLINE,0.0,0.0,0.0,0.0,0.0,0.0,0.0,0.0,0.0,1.0,0.0,0.0,0.0,0.0,0.0,0.0,0.0,0.30000001192092896,0.20000000298023224,0.20000000298023224,0.15000000596046448,0.15000000596046448,1.0,1.0,1.0,1.0
complex_fixed_v018_r1,closed_loop,complex,full,1,0.18,False,47.569929375,1785051024.8016124,4.310836230435503,0.01587521036739193,0.22203784348270714,0.0,0.0023028596943429356,4.891748203037701,0.0,0.0,0.0,nan,nan,nan,nan,nan,nan,0.0,0.0,-0.05000000074505806,0.0,0.0,0,ROW_FOLLOW,WAITING_FOR_CENTERLINE,0.0,0.0,0.0,0.0,0.0,0.0,0.0,0.0,0.0,1.0,0.0,0.0,0.0,0.0,0.0,0.0,0.0,0.30000001192092896,0.20000000298023224,0.20000000298023224,0.15000000596046448,0.15000000596046448,1.0,1.0,1.0,1.0
complex_fixed_v018_r1,closed_loop,complex,full,1,0.18,False,47.619391817,1785051024.851075,4.310836230435503,0.01587521036739193,0.22203784348270714,0.0,0.0023028596943429356,4.891748203037701,0.0,0.0,0.0,nan,nan,nan,nan,nan,nan,0.0,0.0,-0.05000000074505806,0.0,0.0,0,ROW_FOLLOW,WAITING_FOR_CENTERLINE,0.0,0.0,0.0,0.0,0.0,0.0,0.0,0.0,0.0,1.0,0.0,0.0,0.0,0.0,0.0,0.0,0.0,0.30000001192092896,0.20000000298023224,0.20000000298023224,0.15000000596046448,0.15000000596046448,1.0,1.0,1.0,1.0
complex_fixed_v018_r1,closed_loop,complex,full,1,0.18,False,47.669397155,1785051024.9010801,4.310836230435503,0.01587521036739193,0.22203784348270714,0.0,0.0023028596943429356,4.891748203037701,0.0,0.0,0.0,nan,nan,nan,nan,nan,nan,0.0,0.0,-0.05000000074505806,0.0,0.0,0,ROW_FOLLOW,WAITING_FOR_CENTERLINE,0.0,0.0,0.0,0.0,0.0,0.0,0.0,0.0,0.0,1.0,0.0,0.0,0.0,0.0,0.0,0.0,0.0,0.30000001192092896,0.20000000298023224,0.20000000298023224,0.15000000596046448,0.15000000596046448,1.0,1.0,1.0,1.0
complex_fixed_v018_r1,closed_loop,complex,full,1,0.18,False,47.719321978,1785051024.951005,4.310836230435503,0.01587521036739193,0.22203784348270714,0.0,0.0023028596943429356,4.891748203037701,0.0,0.0,0.0,nan,nan,nan,nan,nan,nan,0.0,0.0,-0.05000000074505806,0.0,0.0,0,ROW_FOLLOW,WAITING_FOR_CENTERLINE,0.0,0.0,0.0,0.0,0.0,0.0,0.0,0.0,0.0,1.0,0.0,0.0,0.0,0.0,0.0,0.0,0.0,0.30000001192092896,0.20000000298023224,0.20000000298023224,0.15000000596046448,0.15000000596046448,1.0,1.0,1.0,1.0
complex_fixed_v018_r1,closed_loop,complex,full,1,0.18,False,47.769403478,1785051025.0010865,4.310836230435503,0.01587521036739193,0.22203784348270714,0.0,0.0023028596943429356,4.891748203037701,0.0,0.0,0.0,nan,nan,nan,nan,nan,nan,0.0,0.0,-0.05000000074505806,0.0,0.0,0,ROW_FOLLOW,WAITING_FOR_CENTERLINE,0.0,0.0,0.0,0.0,0.0,0.0,0.0,0.0,0.0,1.0,0.0,0.0,0.0,0.0,0.0,0.0,0.0,0.30000001192092896,0.20000000298023224,0.20000000298023224,0.15000000596046448,0.15000000596046448,1.0,1.0,1.0,1.0
complex_fixed_v018_r1,closed_loop,complex,full,1,0.18,False,47.81919841,1785051025.0508816,4.310836230435503,0.01587521036739193,0.22203784348270714,0.0,0.0023028596943429356,4.891748203037701,0.0,0.0,0.0,nan,nan,nan,nan,nan,nan,0.0,0.0,-0.05000000074505806,0.0,0.0,0,ROW_FOLLOW,WAITING_FOR_CENTERLINE,0.0,0.0,0.0,0.0,0.0,0.0,0.0,0.0,0.0,1.0,0.0,0.0,0.0,0.0,0.0,0.0,0.0,0.30000001192092896,0.20000000298023224,0.20000000298023224,0.15000000596046448,0.15000000596046448,1.0,1.0,1.0,1.0
complex_fixed_v018_r1,closed_loop,complex,full,1,0.18,False,47.869490124,1785051025.1011732,4.310836230435503,0.01587521036739193,0.22203784348270714,0.0,0.0023028596943429356,4.891748203037701,0.0,0.0,0.0,nan,nan,nan,nan,nan,nan,0.0,0.0,-0.05000000074505806,0.0,0.0,0,ROW_FOLLOW,WAITING_FOR_CENTERLINE,0.0,0.0,0.0,0.0,0.0,0.0,0.0,0.0,0.0,1.0,0.0,0.0,0.0,0.0,0.0,0.0,0.0,0.30000001192092896,0.20000000298023224,0.20000000298023224,0.15000000596046448,0.15000000596046448,1.0,1.0,1.0,1.0
complex_fixed_v018_r1,closed_loop,complex,full,1,0.18,False,47.919306081,1785051025.150989,4.310836230435503,0.01587521036739193,0.22203784348270714,0.0,0.0023028596943429356,4.891748203037701,0.0,0.0,0.0,nan,nan,nan,nan,nan,nan,0.0,0.0,-0.05000000074505806,0.0,0.0,0,ROW_FOLLOW,WAITING_FOR_CENTERLINE,0.0,0.0,0.0,0.0,0.0,0.0,0.0,0.0,0.0,1.0,0.0,0.0,0.0,0.0,0.0,0.0,0.0,0.30000001192092896,0.20000000298023224,0.20000000298023224,0.15000000596046448,0.15000000596046448,1.0,1.0,1.0,1.0
complex_fixed_v018_r1,closed_loop,complex,full,1,0.18,False,47.969363325,1785051025.2010462,4.310836230435503,0.01587521036739193,0.22203784348270714,0.0,0.0023028596943429356,4.891748203037701,0.0,0.0,0.0,nan,nan,nan,nan,nan,nan,0.0,0.0,-0.05000000074505806,0.0,0.0,0,ROW_FOLLOW,WAITING_FOR_CENTERLINE,0.0,0.0,0.0,0.0,0.0,0.0,0.0,0.0,0.0,1.0,0.0,0.0,0.0,0.0,0.0,0.0,0.0,0.30000001192092896,0.20000000298023224,0.20000000298023224,0.15000000596046448,0.15000000596046448,1.0,1.0,1.0,1.0
complex_fixed_v018_r1,closed_loop,complex,full,1,0.18,False,48.019339158,1785051025.251022,4.310836230435503,0.01587521036739193,0.22203784348270714,0.0,0.0023028596943429356,4.891748203037701,0.0,0.0,0.0,nan,nan,nan,nan,nan,nan,0.0,0.0,-0.05000000074505806,0.0,0.0,0,ROW_FOLLOW,WAITING_FOR_CENTERLINE,0.0,0.0,0.0,0.0,0.0,0.0,0.0,0.0,0.0,1.0,0.0,0.0,0.0,0.0,0.0,0.0,0.0,0.30000001192092896,0.20000000298023224,0.20000000298023224,0.15000000596046448,0.15000000596046448,1.0,1.0,1.0,1.0
complex_fixed_v018_r1,closed_loop,complex,full,1,0.18,False,48.069364689,1785051025.3010478,4.310836230435503,0.01587521036739193,0.22203784348270714,0.0,0.0023028596943429356,4.891748203037701,0.0,0.0,0.0,nan,nan,nan,nan,nan,nan,0.0,0.0,-0.05000000074505806,0.0,0.0,0,ROW_FOLLOW,WAITING_FOR_CENTERLINE,0.0,0.0,0.0,0.0,0.0,0.0,0.0,0.0,0.0,1.0,0.0,0.0,0.0,0.0,0.0,0.0,0.0,0.30000001192092896,0.20000000298023224,0.20000000298023224,0.15000000596046448,0.15000000596046448,1.0,1.0,1.0,1.0
complex_fixed_v018_r1,closed_loop,complex,full,1,0.18,False,48.119560592,1785051025.3512435,4.310836230435503,0.01587521036739193,0.22203784348270714,0.0,0.0023028596943429356,4.891748203037701,0.0,0.0,0.0,nan,nan,nan,nan,nan,nan,0.0,0.0,-0.05000000074505806,0.0,0.0,0,ROW_FOLLOW,WAITING_FOR_CENTERLINE,0.0,0.0,0.0,0.0,0.0,0.0,0.0,0.0,0.0,1.0,0.0,0.0,0.0,0.0,0.0,0.0,0.0,0.30000001192092896,0.20000000298023224,0.20000000298023224,0.15000000596046448,0.15000000596046448,1.0,1.0,1.0,1.0
complex_fixed_v018_r1,closed_loop,complex,full,1,0.18,False,48.169416614,1785051025.4010994,4.310836230435503,0.01587521036739193,0.22203784348270714,0.0,0.0023028596943429356,4.891748203037701,0.0,0.0,0.0,nan,nan,nan,nan,nan,nan,0.0,0.0,-0.05000000074505806,0.0,0.0,0,ROW_FOLLOW,WAITING_FOR_CENTERLINE,0.0,0.0,0.0,0.0,0.0,0.0,0.0,0.0,0.0,1.0,0.0,0.0,0.0,0.0,0.0,0.0,0.0,0.30000001192092896,0.20000000298023224,0.20000000298023224,0.15000000596046448,0.15000000596046448,1.0,1.0,1.0,1.0
complex_fixed_v018_r1,closed_loop,complex,full,1,0.18,False,48.219411936,1785051025.451095,4.310836230435503,0.01587521036739193,0.22203784348270714,0.0,0.0023028596943429356,4.891748203037701,0.0,0.0,0.0,nan,nan,nan,nan,nan,nan,0.0,0.0,-0.05000000074505806,0.0,0.0,0,ROW_FOLLOW,WAITING_FOR_CENTERLINE,0.0,0.0,0.0,0.0,0.0,0.0,0.0,0.0,0.0,1.0,0.0,0.0,0.0,0.0,0.0,0.0,0.0,0.30000001192092896,0.20000000298023224,0.20000000298023224,0.15000000596046448,0.15000000596046448,1.0,1.0,1.0,1.0
complex_fixed_v018_r1,closed_loop,complex,full,1,0.18,False,48.269305495,1785051025.5009885,4.310836230435503,0.01587521036739193,0.22203784348270714,0.0,0.0023028596943429356,4.891748203037701,0.0,0.0,0.0,nan,nan,nan,nan,nan,nan,0.0,0.0,-0.05000000074505806,0.0,0.0,0,ROW_FOLLOW,WAITING_FOR_CENTERLINE,0.0,0.0,0.0,0.0,0.0,0.0,0.0,0.0,0.0,1.0,0.0,0.0,0.0,0.0,0.0,0.0,0.0,0.30000001192092896,0.20000000298023224,0.20000000298023224,0.15000000596046448,0.15000000596046448,1.0,1.0,1.0,1.0
complex_fixed_v018_r1,closed_loop,complex,full,1,0.18,False,48.319466741,1785051025.5511498,4.310836230435503,0.01587521036739193,0.22203784348270714,0.0,0.0023028596943429356,4.891748203037701,0.0,0.0,0.0,nan,nan,nan,nan,nan,nan,0.0,0.0,-0.05000000074505806,0.0,0.0,0,ROW_FOLLOW,WAITING_FOR_CENTERLINE,0.0,0.0,0.0,0.0,0.0,0.0,0.0,0.0,0.0,1.0,0.0,0.0,0.0,0.0,0.0,0.0,0.0,0.30000001192092896,0.20000000298023224,0.20000000298023224,0.15000000596046448,0.15000000596046448,1.0,1.0,1.0,1.0
complex_fixed_v018_r1,closed_loop,complex,full,1,0.18,False,48.369545394,1785051025.6012282,4.310836230435503,0.01587521036739193,0.22203784348270714,0.0,0.0023028596943429356,4.891748203037701,0.0,0.0,0.0,nan,nan,nan,nan,nan,nan,0.0,0.0,-0.05000000074505806,0.0,0.0,0,ROW_FOLLOW,WAITING_FOR_CENTERLINE,0.0,0.0,0.0,0.0,0.0,0.0,0.0,0.0,0.0,1.0,0.0,0.0,0.0,0.0,0.0,0.0,0.0,0.30000001192092896,0.20000000298023224,0.20000000298023224,0.15000000596046448,0.15000000596046448,1.0,1.0,1.0,1.0
complex_fixed_v018_r1,closed_loop,complex,full,1,0.18,False,48.419364231,1785051025.6510472,4.310836230435503,0.01587521036739193,0.22203784348270714,0.0,0.0023028596943429356,4.891748203037701,0.0,0.0,0.0,nan,nan,nan,nan,nan,nan,0.0,0.0,-0.05000000074505806,0.0,0.0,0,ROW_FOLLOW,WAITING_FOR_CENTERLINE,0.0,0.0,0.0,0.0,0.0,0.0,0.0,0.0,0.0,1.0,0.0,0.0,0.0,0.0,0.0,0.0,0.0,0.30000001192092896,0.20000000298023224,0.20000000298023224,0.15000000596046448,0.15000000596046448,1.0,1.0,1.0,1.0
complex_fixed_v018_r1,closed_loop,complex,full,1,0.18,False,48.469458883,1785051025.701142,4.310836230435503,0.01587521036739193,0.22203784348270714,0.0,0.0023028596943429356,4.891748203037701,0.0,0.0,0.0,nan,nan,nan,nan,nan,nan,0.0,0.0,-0.05000000074505806,0.0,0.0,0,ROW_FOLLOW,WAITING_FOR_CENTERLINE,0.0,0.0,0.0,0.0,0.0,0.0,0.0,0.0,0.0,1.0,0.0,0.0,0.0,0.0,0.0,0.0,0.0,0.30000001192092896,0.20000000298023224,0.20000000298023224,0.15000000596046448,0.15000000596046448,1.0,1.0,1.0,1.0
complex_fixed_v018_r1,closed_loop,complex,full,1,0.18,False,48.519352826,1785051025.751036,4.310836230435503,0.01587521036739193,0.22203784348270714,0.0,0.0023028596943429356,4.891748203037701,0.0,0.0,0.0,nan,nan,nan,nan,nan,nan,0.0,0.0,-0.05000000074505806,0.0,0.0,0,ROW_FOLLOW,WAITING_FOR_CENTERLINE,0.0,0.0,0.0,0.0,0.0,0.0,0.0,0.0,0.0,1.0,0.0,0.0,0.0,0.0,0.0,0.0,0.0,0.30000001192092896,0.20000000298023224,0.20000000298023224,0.15000000596046448,0.15000000596046448,1.0,1.0,1.0,1.0
complex_fixed_v018_r1,closed_loop,complex,full,1,0.18,False,48.569594363,1785051025.8012774,4.310836230435503,0.01587521036739193,0.22203784348270714,0.0,0.0023028596943429356,4.891748203037701,0.0,0.0,0.0,nan,nan,nan,nan,nan,nan,0.0,0.0,-0.05000000074505806,0.0,0.0,0,ROW_FOLLOW,WAITING_FOR_CENTERLINE,0.0,0.0,0.0,0.0,0.0,0.0,0.0,0.0,0.0,1.0,0.0,0.0,0.0,0.0,0.0,0.0,0.0,0.30000001192092896,0.20000000298023224,0.20000000298023224,0.15000000596046448,0.15000000596046448,1.0,1.0,1.0,1.0
complex_fixed_v018_r1,closed_loop,complex,full,1,0.18,False,48.619500466,1785051025.8511837,4.310836230435503,0.01587521036739193,0.22203784348270714,0.0,0.0023028596943429356,4.891748203037701,0.0,0.0,0.0,nan,nan,nan,nan,nan,nan,0.0,0.0,-0.05000000074505806,0.0,0.0,0,ROW_FOLLOW,WAITING_FOR_CENTERLINE,0.0,0.0,0.0,0.0,0.0,0.0,0.0,0.0,0.0,1.0,0.0,0.0,0.0,0.0,0.0,0.0,0.0,0.30000001192092896,0.20000000298023224,0.20000000298023224,0.15000000596046448,0.15000000596046448,1.0,1.0,1.0,1.0
complex_fixed_v018_r1,closed_loop,complex,full,1,0.18,False,48.669649585,1785051025.9013324,4.310836230435503,0.01587521036739193,0.22203784348270714,0.0,0.0023028596943429356,4.891748203037701,0.0,0.0,0.0,nan,nan,nan,nan,nan,nan,0.0,0.0,-0.05000000074505806,0.0,0.0,0,ROW_FOLLOW,WAITING_FOR_CENTERLINE,0.0,0.0,0.0,0.0,0.0,0.0,0.0,0.0,0.0,1.0,0.0,0.0,0.0,0.0,0.0,0.0,0.0,0.30000001192092896,0.20000000298023224,0.20000000298023224,0.15000000596046448,0.15000000596046448,1.0,1.0,1.0,1.0
complex_fixed_v018_r1,closed_loop,complex,full,1,0.18,False,48.719388483,1785051025.9510715,4.310836230435503,0.01587521036739193,0.22203784348270714,0.0,0.0023028596943429356,4.891748203037701,0.0,0.0,0.0,nan,nan,nan,nan,nan,nan,0.0,0.0,-0.05000000074505806,0.0,0.0,0,ROW_FOLLOW,WAITING_FOR_CENTERLINE,0.0,0.0,0.0,0.0,0.0,0.0,0.0,0.0,0.0,1.0,0.0,0.0,0.0,0.0,0.0,0.0,0.0,0.30000001192092896,0.20000000298023224,0.20000000298023224,0.15000000596046448,0.15000000596046448,1.0,1.0,1.0,1.0
complex_fixed_v018_r1,closed_loop,complex,full,1,0.18,False,48.769344764,1785051026.0010278,4.310836230435503,0.01587521036739193,0.22203784348270714,0.0,0.0023028596943429356,4.891748203037701,0.0,0.0,0.0,nan,nan,nan,nan,nan,nan,0.0,0.0,-0.05000000074505806,0.0,0.0,0,ROW_FOLLOW,WAITING_FOR_CENTERLINE,0.0,0.0,0.0,0.0,0.0,0.0,0.0,0.0,0.0,1.0,0.0,0.0,0.0,0.0,0.0,0.0,0.0,0.30000001192092896,0.20000000298023224,0.20000000298023224,0.15000000596046448,0.15000000596046448,1.0,1.0,1.0,1.0
complex_fixed_v018_r1,closed_loop,complex,full,1,0.18,False,48.819337238,1785051026.0510204,4.310836230435503,0.01587521036739193,0.22203784348270714,0.0,0.0023028596943429356,4.891748203037701,0.0,0.0,0.0,nan,nan,nan,nan,nan,nan,0.0,0.0,-0.05000000074505806,0.0,0.0,0,ROW_FOLLOW,WAITING_FOR_CENTERLINE,0.0,0.0,0.0,0.0,0.0,0.0,0.0,0.0,0.0,1.0,0.0,0.0,0.0,0.0,0.0,0.0,0.0,0.30000001192092896,0.20000000298023224,0.20000000298023224,0.15000000596046448,0.15000000596046448,1.0,1.0,1.0,1.0
complex_fixed_v018_r1,closed_loop,complex,full,1,0.18,False,48.869481173,1785051026.1011643,4.310836230435503,0.01587521036739193,0.22203784348270714,0.0,0.0023028596943429356,4.891748203037701,0.0,0.0,0.0,nan,nan,nan,nan,nan,nan,0.0,0.0,-0.05000000074505806,0.0,0.0,0,ROW_FOLLOW,WAITING_FOR_CENTERLINE,0.0,0.0,0.0,0.0,0.0,0.0,0.0,0.0,0.0,1.0,0.0,0.0,0.0,0.0,0.0,0.0,0.0,0.30000001192092896,0.20000000298023224,0.20000000298023224,0.15000000596046448,0.15000000596046448,1.0,1.0,1.0,1.0
complex_fixed_v018_r1,closed_loop,complex,full,1,0.18,False,48.919425997,1785051026.1511092,4.310836230435503,0.01587521036739193,0.22203784348270714,0.0,0.0023028596943429356,4.891748203037701,0.0,0.0,0.0,nan,nan,nan,nan,nan,nan,0.0,0.0,-0.05000000074505806,0.0,0.0,0,ROW_FOLLOW,WAITING_FOR_CENTERLINE,0.0,0.0,0.0,0.0,0.0,0.0,0.0,0.0,0.0,1.0,0.0,0.0,0.0,0.0,0.0,0.0,0.0,0.30000001192092896,0.20000000298023224,0.20000000298023224,0.15000000596046448,0.15000000596046448,1.0,1.0,1.0,1.0
complex_fixed_v018_r1,closed_loop,complex,full,1,0.18,False,48.969427016,1785051026.2011101,4.310836230435503,0.01587521036739193,0.22203784348270714,0.0,0.0023028596943429356,4.891748203037701,0.0,0.0,0.0,nan,nan,nan,nan,nan,nan,0.0,0.0,-0.05000000074505806,0.0,0.0,0,ROW_FOLLOW,WAITING_FOR_CENTERLINE,0.0,0.0,0.0,0.0,0.0,0.0,0.0,0.0,0.0,1.0,0.0,0.0,0.0,0.0,0.0,0.0,0.0,0.30000001192092896,0.20000000298023224,0.20000000298023224,0.15000000596046448,0.15000000596046448,1.0,1.0,1.0,1.0
complex_fixed_v018_r1,closed_loop,complex,full,1,0.18,False,49.019433186,1785051026.2511163,4.310836230435503,0.01587521036739193,0.22203784348270714,0.0,0.0023028596943429356,4.891748203037701,0.0,0.0,0.0,nan,nan,nan,nan,nan,nan,0.0,0.0,-0.05000000074505806,0.0,0.0,0,ROW_FOLLOW,WAITING_FOR_CENTERLINE,0.0,0.0,0.0,0.0,0.0,0.0,0.0,0.0,0.0,1.0,0.0,0.0,0.0,0.0,0.0,0.0,0.0,0.30000001192092896,0.20000000298023224,0.20000000298023224,0.15000000596046448,0.15000000596046448,1.0,1.0,1.0,1.0
complex_fixed_v018_r1,closed_loop,complex,full,1,0.18,False,49.069413852,1785051026.301097,4.310836230435503,0.01587521036739193,0.22203784348270714,0.0,0.0023028596943429356,4.891748203037701,0.0,0.0,0.0,nan,nan,nan,nan,nan,nan,0.0,0.0,-0.05000000074505806,0.0,0.0,0,ROW_FOLLOW,WAITING_FOR_CENTERLINE,0.0,0.0,0.0,0.0,0.0,0.0,0.0,0.0,0.0,1.0,0.0,0.0,0.0,0.0,0.0,0.0,0.0,0.30000001192092896,0.20000000298023224,0.20000000298023224,0.15000000596046448,0.15000000596046448,1.0,1.0,1.0,1.0
complex_fixed_v018_r1,closed_loop,complex,full,1,0.18,False,49.119362613,1785051026.3510456,4.310836230435503,0.01587521036739193,0.22203784348270714,0.0,0.0023028596943429356,4.891748203037701,0.0,0.0,0.0,nan,nan,nan,nan,nan,nan,0.0,0.0,-0.05000000074505806,0.0,0.0,0,ROW_FOLLOW,WAITING_FOR_CENTERLINE,0.0,0.0,0.0,0.0,0.0,0.0,0.0,0.0,0.0,1.0,0.0,0.0,0.0,0.0,0.0,0.0,0.0,0.30000001192092896,0.20000000298023224,0.20000000298023224,0.15000000596046448,0.15000000596046448,1.0,1.0,1.0,1.0
complex_fixed_v018_r1,closed_loop,complex,full,1,0.18,False,49.16939288,1785051026.401076,4.310836230435503,0.01587521036739193,0.22203784348270714,0.0,0.0023028596943429356,4.891748203037701,0.0,0.0,0.0,nan,nan,nan,nan,nan,nan,0.0,0.0,-0.05000000074505806,0.0,0.0,0,ROW_FOLLOW,WAITING_FOR_CENTERLINE,0.0,0.0,0.0,0.0,0.0,0.0,0.0,0.0,0.0,1.0,0.0,0.0,0.0,0.0,0.0,0.0,0.0,0.30000001192092896,0.20000000298023224,0.20000000298023224,0.15000000596046448,0.15000000596046448,1.0,1.0,1.0,1.0
complex_fixed_v018_r1,closed_loop,complex,full,1,0.18,False,49.21943454,1785051026.4511175,4.310836230435503,0.01587521036739193,0.22203784348270714,0.0,0.0023028596943429356,4.891748203037701,0.0,0.0,0.0,nan,nan,nan,nan,nan,nan,0.0,0.0,-0.05000000074505806,0.0,0.0,0,ROW_FOLLOW,WAITING_FOR_CENTERLINE,0.0,0.0,0.0,0.0,0.0,0.0,0.0,0.0,0.0,1.0,0.0,0.0,0.0,0.0,0.0,0.0,0.0,0.30000001192092896,0.20000000298023224,0.20000000298023224,0.15000000596046448,0.15000000596046448,1.0,1.0,1.0,1.0
complex_fixed_v018_r1,closed_loop,complex,full,1,0.18,False,49.269359844,1785051026.5010428,4.310836230435503,0.01587521036739193,0.22203784348270714,0.0,0.0023028596943429356,4.891748203037701,0.0,0.0,0.0,nan,nan,nan,nan,nan,nan,0.0,0.0,-0.05000000074505806,0.0,0.0,0,ROW_FOLLOW,WAITING_FOR_CENTERLINE,0.0,0.0,0.0,0.0,0.0,0.0,0.0,0.0,0.0,1.0,0.0,0.0,0.0,0.0,0.0,0.0,0.0,0.30000001192092896,0.20000000298023224,0.20000000298023224,0.15000000596046448,0.15000000596046448,1.0,1.0,1.0,1.0
complex_fixed_v018_r1,closed_loop,complex,full,1,0.18,False,49.31934595,1785051026.551029,4.310836230435503,0.01587521036739193,0.22203784348270714,0.0,0.0023028596943429356,4.891748203037701,0.0,0.0,0.0,nan,nan,nan,nan,nan,nan,0.0,0.0,-0.05000000074505806,0.0,0.0,0,ROW_FOLLOW,WAITING_FOR_CENTERLINE,0.0,0.0,0.0,0.0,0.0,0.0,0.0,0.0,0.0,1.0,0.0,0.0,0.0,0.0,0.0,0.0,0.0,0.30000001192092896,0.20000000298023224,0.20000000298023224,0.15000000596046448,0.15000000596046448,1.0,1.0,1.0,1.0
complex_fixed_v018_r1,closed_loop,complex,full,1,0.18,False,49.369366777,1785051026.60105,4.310836230435503,0.01587521036739193,0.22203784348270714,0.0,0.0023028596943429356,4.891748203037701,0.0,0.0,0.0,nan,nan,nan,nan,nan,nan,0.0,0.0,-0.05000000074505806,0.0,0.0,0,ROW_FOLLOW,WAITING_FOR_CENTERLINE,0.0,0.0,0.0,0.0,0.0,0.0,0.0,0.0,0.0,1.0,0.0,0.0,0.0,0.0,0.0,0.0,0.0,0.30000001192092896,0.20000000298023224,0.20000000298023224,0.15000000596046448,0.15000000596046448,1.0,1.0,1.0,1.0
complex_fixed_v018_r1,closed_loop,complex,full,1,0.18,False,49.419375732,1785051026.6510587,4.310836230435503,0.01587521036739193,0.22203784348270714,0.0,0.0023028596943429356,4.891748203037701,0.0,0.0,0.0,nan,nan,nan,nan,nan,nan,0.0,0.0,-0.05000000074505806,0.0,0.0,0,ROW_FOLLOW,WAITING_FOR_CENTERLINE,0.0,0.0,0.0,0.0,0.0,0.0,0.0,0.0,0.0,1.0,0.0,0.0,0.0,0.0,0.0,0.0,0.0,0.30000001192092896,0.20000000298023224,0.20000000298023224,0.15000000596046448,0.15000000596046448,1.0,1.0,1.0,1.0
complex_fixed_v018_r1,closed_loop,complex,full,1,0.18,False,49.46942008,1785051026.7011032,4.310836230435503,0.01587521036739193,0.22203784348270714,0.0,0.0023028596943429356,4.891748203037701,0.0,0.0,0.0,nan,nan,nan,nan,nan,nan,0.0,0.0,-0.05000000074505806,0.0,0.0,0,ROW_FOLLOW,WAITING_FOR_CENTERLINE,0.0,0.0,0.0,0.0,0.0,0.0,0.0,0.0,0.0,1.0,0.0,0.0,0.0,0.0,0.0,0.0,0.0,0.30000001192092896,0.20000000298023224,0.20000000298023224,0.15000000596046448,0.15000000596046448,1.0,1.0,1.0,1.0
complex_fixed_v018_r1,closed_loop,complex,full,1,0.18,False,49.519367977,1785051026.751051,4.310836230435503,0.01587521036739193,0.22203784348270714,0.0,0.0023028596943429356,4.891748203037701,0.0,0.0,0.0,nan,nan,nan,nan,nan,nan,0.0,0.0,-0.05000000074505806,0.0,0.0,0,ROW_FOLLOW,WAITING_FOR_CENTERLINE,0.0,0.0,0.0,0.0,0.0,0.0,0.0,0.0,0.0,1.0,0.0,0.0,0.0,0.0,0.0,0.0,0.0,0.30000001192092896,0.20000000298023224,0.20000000298023224,0.15000000596046448,0.15000000596046448,1.0,1.0,1.0,1.0
complex_fixed_v018_r1,closed_loop,complex,full,1,0.18,False,49.569374211,1785051026.8010573,4.310836230435503,0.01587521036739193,0.22203784348270714,0.0,0.0023028596943429356,4.891748203037701,0.0,0.0,0.0,nan,nan,nan,nan,nan,nan,0.0,0.0,-0.05000000074505806,0.0,0.0,0,ROW_FOLLOW,WAITING_FOR_CENTERLINE,0.0,0.0,0.0,0.0,0.0,0.0,0.0,0.0,0.0,1.0,0.0,0.0,0.0,0.0,0.0,0.0,0.0,0.30000001192092896,0.20000000298023224,0.20000000298023224,0.15000000596046448,0.15000000596046448,1.0,1.0,1.0,1.0
complex_fixed_v018_r1,closed_loop,complex,full,1,0.18,False,49.619602084,1785051026.851285,4.310836230435503,0.01587521036739193,0.22203784348270714,0.0,0.0023028596943429356,4.891748203037701,0.0,0.0,0.0,nan,nan,nan,nan,nan,nan,0.0,0.0,-0.05000000074505806,0.0,0.0,0,ROW_FOLLOW,WAITING_FOR_CENTERLINE,0.0,0.0,0.0,0.0,0.0,0.0,0.0,0.0,0.0,1.0,0.0,0.0,0.0,0.0,0.0,0.0,0.0,0.30000001192092896,0.20000000298023224,0.20000000298023224,0.15000000596046448,0.15000000596046448,1.0,1.0,1.0,1.0
complex_fixed_v018_r1,closed_loop,complex,full,1,0.18,False,49.669512796,1785051026.9011958,4.310836230435503,0.01587521036739193,0.22203784348270714,0.0,0.0023028596943429356,4.891748203037701,0.0,0.0,0.0,nan,nan,nan,nan,nan,nan,0.0,0.0,-0.05000000074505806,0.0,0.0,0,ROW_FOLLOW,WAITING_FOR_CENTERLINE,0.0,0.0,0.0,0.0,0.0,0.0,0.0,0.0,0.0,1.0,0.0,0.0,0.0,0.0,0.0,0.0,0.0,0.30000001192092896,0.20000000298023224,0.20000000298023224,0.15000000596046448,0.15000000596046448,1.0,1.0,1.0,1.0
complex_fixed_v018_r1,closed_loop,complex,full,1,0.18,False,49.71936853,1785051026.9510515,4.310836230435503,0.01587521036739193,0.22203784348270714,0.0,0.0023028596943429356,4.891748203037701,0.0,0.0,0.0,nan,nan,nan,nan,nan,nan,0.0,0.0,-0.05000000074505806,0.0,0.0,0,ROW_FOLLOW,WAITING_FOR_CENTERLINE,0.0,0.0,0.0,0.0,0.0,0.0,0.0,0.0,0.0,1.0,0.0,0.0,0.0,0.0,0.0,0.0,0.0,0.30000001192092896,0.20000000298023224,0.20000000298023224,0.15000000596046448,0.15000000596046448,1.0,1.0,1.0,1.0
complex_fixed_v018_r1,closed_loop,complex,full,1,0.18,False,49.7693331,1785051027.0010161,4.310836230435503,0.01587521036739193,0.22203784348270714,0.0,0.0023028596943429356,4.891748203037701,0.0,0.0,0.0,nan,nan,nan,nan,nan,nan,0.0,0.0,-0.05000000074505806,0.0,0.0,0,ROW_FOLLOW,WAITING_FOR_CENTERLINE,0.0,0.0,0.0,0.0,0.0,0.0,0.0,0.0,0.0,1.0,0.0,0.0,0.0,0.0,0.0,0.0,0.0,0.30000001192092896,0.20000000298023224,0.20000000298023224,0.15000000596046448,0.15000000596046448,1.0,1.0,1.0,1.0
complex_fixed_v018_r1,closed_loop,complex,full,1,0.18,False,49.819314182,1785051027.0509973,4.310836230435503,0.01587521036739193,0.22203784348270714,0.0,0.0023028596943429356,4.891748203037701,0.0,0.0,0.0,nan,nan,nan,nan,nan,nan,0.0,0.0,-0.05000000074505806,0.0,0.0,0,ROW_FOLLOW,WAITING_FOR_CENTERLINE,0.0,0.0,0.0,0.0,0.0,0.0,0.0,0.0,0.0,1.0,0.0,0.0,0.0,0.0,0.0,0.0,0.0,0.30000001192092896,0.20000000298023224,0.20000000298023224,0.15000000596046448,0.15000000596046448,1.0,1.0,1.0,1.0
complex_fixed_v018_r1,closed_loop,complex,full,1,0.18,False,49.869418276,1785051027.1011014,4.310836230435503,0.01587521036739193,0.22203784348270714,0.0,0.0023028596943429356,4.891748203037701,0.0,0.0,0.0,nan,nan,nan,nan,nan,nan,0.0,0.0,-0.05000000074505806,0.0,0.0,0,ROW_FOLLOW,WAITING_FOR_CENTERLINE,0.0,0.0,0.0,0.0,0.0,0.0,0.0,0.0,0.0,1.0,0.0,0.0,0.0,0.0,0.0,0.0,0.0,0.30000001192092896,0.20000000298023224,0.20000000298023224,0.15000000596046448,0.15000000596046448,1.0,1.0,1.0,1.0
complex_fixed_v018_r1,closed_loop,complex,full,1,0.18,False,49.919394526,1785051027.1510777,4.310836230435503,0.01587521036739193,0.22203784348270714,0.0,0.0023028596943429356,4.891748203037701,0.0,0.0,0.0,nan,nan,nan,nan,nan,nan,0.0,0.0,-0.05000000074505806,0.0,0.0,0,ROW_FOLLOW,WAITING_FOR_CENTERLINE,0.0,0.0,0.0,0.0,0.0,0.0,0.0,0.0,0.0,1.0,0.0,0.0,0.0,0.0,0.0,0.0,0.0,0.30000001192092896,0.20000000298023224,0.20000000298023224,0.15000000596046448,0.15000000596046448,1.0,1.0,1.0,1.0
complex_fixed_v018_r1,closed_loop,complex,full,1,0.18,False,49.969366328,1785051027.2010493,4.310836230435503,0.01587521036739193,0.22203784348270714,0.0,0.0023028596943429356,4.891748203037701,0.0,0.0,0.0,nan,nan,nan,nan,nan,nan,0.0,0.0,-0.05000000074505806,0.0,0.0,0,ROW_FOLLOW,WAITING_FOR_CENTERLINE,0.0,0.0,0.0,0.0,0.0,0.0,0.0,0.0,0.0,1.0,0.0,0.0,0.0,0.0,0.0,0.0,0.0,0.30000001192092896,0.20000000298023224,0.20000000298023224,0.15000000596046448,0.15000000596046448,1.0,1.0,1.0,1.0
complex_fixed_v018_r1,closed_loop,complex,full,1,0.18,False,50.019300497,1785051027.2509835,4.310836230435503,0.01587521036739193,0.22203784348270714,0.0,0.0023028596943429356,4.891748203037701,0.0,0.0,0.0,nan,nan,nan,nan,nan,nan,0.0,0.0,-0.05000000074505806,0.0,0.0,0,ROW_FOLLOW,WAITING_FOR_CENTERLINE,0.0,0.0,0.0,0.0,0.0,0.0,0.0,0.0,0.0,1.0,0.0,0.0,0.0,0.0,0.0,0.0,0.0,0.30000001192092896,0.20000000298023224,0.20000000298023224,0.15000000596046448,0.15000000596046448,1.0,1.0,1.0,1.0
complex_fixed_v018_r1,closed_loop,complex,full,1,0.18,False,50.069274763,1785051027.3009577,4.310836230435503,0.01587521036739193,0.22203784348270714,0.0,0.0023028596943429356,4.891748203037701,0.0,0.0,0.0,nan,nan,nan,nan,nan,nan,0.0,0.0,-0.05000000074505806,0.0,0.0,0,ROW_FOLLOW,WAITING_FOR_CENTERLINE,0.0,0.0,0.0,0.0,0.0,0.0,0.0,0.0,0.0,1.0,0.0,0.0,0.0,0.0,0.0,0.0,0.0,0.30000001192092896,0.20000000298023224,0.20000000298023224,0.15000000596046448,0.15000000596046448,1.0,1.0,1.0,1.0
complex_fixed_v018_r1,closed_loop,complex,full,1,0.18,False,50.119363592,1785051027.3510466,4.310836230435503,0.01587521036739193,0.22203784348270714,0.0,0.0023028596943429356,4.891748203037701,0.0,0.0,0.0,nan,nan,nan,nan,nan,nan,0.0,0.0,-0.05000000074505806,0.0,0.0,0,ROW_FOLLOW,WAITING_FOR_CENTERLINE,0.0,0.0,0.0,0.0,0.0,0.0,0.0,0.0,0.0,1.0,0.0,0.0,0.0,0.0,0.0,0.0,0.0,0.30000001192092896,0.20000000298023224,0.20000000298023224,0.15000000596046448,0.15000000596046448,1.0,1.0,1.0,1.0
complex_fixed_v018_r1,closed_loop,complex,full,1,0.18,False,50.169407492,1785051027.4010906,4.310836230435503,0.01587521036739193,0.22203784348270714,0.0,0.0023028596943429356,4.891748203037701,0.0,0.0,0.0,nan,nan,nan,nan,nan,nan,0.0,0.0,-0.05000000074505806,0.0,0.0,0,ROW_FOLLOW,WAITING_FOR_CENTERLINE,0.0,0.0,0.0,0.0,0.0,0.0,0.0,0.0,0.0,1.0,0.0,0.0,0.0,0.0,0.0,0.0,0.0,0.30000001192092896,0.20000000298023224,0.20000000298023224,0.15000000596046448,0.15000000596046448,1.0,1.0,1.0,1.0
complex_fixed_v018_r1,closed_loop,complex,full,1,0.18,False,50.219375326,1785051027.4510584,4.310836230435503,0.01587521036739193,0.22203784348270714,0.0,0.0023028596943429356,4.891748203037701,0.0,0.0,0.0,nan,nan,nan,nan,nan,nan,0.0,0.0,-0.05000000074505806,0.0,0.0,0,ROW_FOLLOW,WAITING_FOR_CENTERLINE,0.0,0.0,0.0,0.0,0.0,0.0,0.0,0.0,0.0,1.0,0.0,0.0,0.0,0.0,0.0,0.0,0.0,0.30000001192092896,0.20000000298023224,0.20000000298023224,0.15000000596046448,0.15000000596046448,1.0,1.0,1.0,1.0
complex_fixed_v018_r1,closed_loop,complex,full,1,0.18,False,50.269786053,1785051027.5014691,4.310836230435503,0.01587521036739193,0.22203784348270714,0.0,0.0023028596943429356,4.891748203037701,0.0,0.0,0.0,nan,nan,nan,nan,nan,nan,0.0,0.0,-0.05000000074505806,0.0,0.0,0,ROW_FOLLOW,WAITING_FOR_CENTERLINE,0.0,0.0,0.0,0.0,0.0,0.0,0.0,0.0,0.0,1.0,0.0,0.0,0.0,0.0,0.0,0.0,0.0,0.30000001192092896,0.20000000298023224,0.20000000298023224,0.15000000596046448,0.15000000596046448,1.0,1.0,1.0,1.0
complex_fixed_v018_r1,closed_loop,complex,full,1,0.18,False,50.319349363,1785051027.5510323,4.310836230435503,0.01587521036739193,0.22203784348270714,0.0,0.0023028596943429356,4.891748203037701,0.0,0.0,0.0,nan,nan,nan,nan,nan,nan,0.0,0.0,-0.05000000074505806,0.0,0.0,0,ROW_FOLLOW,WAITING_FOR_CENTERLINE,0.0,0.0,0.0,0.0,0.0,0.0,0.0,0.0,0.0,1.0,0.0,0.0,0.0,0.0,0.0,0.0,0.0,0.30000001192092896,0.20000000298023224,0.20000000298023224,0.15000000596046448,0.15000000596046448,1.0,1.0,1.0,1.0
complex_fixed_v018_r1,closed_loop,complex,full,1,0.18,False,50.369609013,1785051027.6012921,4.310836230435503,0.01587521036739193,0.22203784348270714,0.0,0.0023028596943429356,4.891748203037701,0.0,0.0,0.0,nan,nan,nan,nan,nan,nan,0.0,0.0,-0.05000000074505806,0.0,0.0,0,ROW_FOLLOW,WAITING_FOR_CENTERLINE,0.0,0.0,0.0,0.0,0.0,0.0,0.0,0.0,0.0,1.0,0.0,0.0,0.0,0.0,0.0,0.0,0.0,0.30000001192092896,0.20000000298023224,0.20000000298023224,0.15000000596046448,0.15000000596046448,1.0,1.0,1.0,1.0
complex_fixed_v018_r1,closed_loop,complex,full,1,0.18,False,50.419357641,1785051027.6510408,4.310836230435503,0.01587521036739193,0.22203784348270714,0.0,0.0023028596943429356,4.891748203037701,0.0,0.0,0.0,nan,nan,nan,nan,nan,nan,0.0,0.0,-0.05000000074505806,0.0,0.0,0,ROW_FOLLOW,WAITING_FOR_CENTERLINE,0.0,0.0,0.0,0.0,0.0,0.0,0.0,0.0,0.0,1.0,0.0,0.0,0.0,0.0,0.0,0.0,0.0,0.30000001192092896,0.20000000298023224,0.20000000298023224,0.15000000596046448,0.15000000596046448,1.0,1.0,1.0,1.0
complex_fixed_v018_r1,closed_loop,complex,full,1,0.18,False,50.469485575,1785051027.7011685,4.310836230435503,0.01587521036739193,0.22203784348270714,0.0,0.0023028596943429356,4.891748203037701,0.0,0.0,0.0,nan,nan,nan,nan,nan,nan,0.0,0.0,-0.05000000074505806,0.0,0.0,0,ROW_FOLLOW,WAITING_FOR_CENTERLINE,0.0,0.0,0.0,0.0,0.0,0.0,0.0,0.0,0.0,1.0,0.0,0.0,0.0,0.0,0.0,0.0,0.0,0.30000001192092896,0.20000000298023224,0.20000000298023224,0.15000000596046448,0.15000000596046448,1.0,1.0,1.0,1.0
complex_fixed_v018_r1,closed_loop,complex,full,1,0.18,False,50.519307837,1785051027.7509909,4.310836230435503,0.01587521036739193,0.22203784348270714,0.0,0.0023028596943429356,4.891748203037701,0.0,0.0,0.0,nan,nan,nan,nan,nan,nan,0.0,0.0,-0.05000000074505806,0.0,0.0,0,ROW_FOLLOW,WAITING_FOR_CENTERLINE,0.0,0.0,0.0,0.0,0.0,0.0,0.0,0.0,0.0,1.0,0.0,0.0,0.0,0.0,0.0,0.0,0.0,0.30000001192092896,0.20000000298023224,0.20000000298023224,0.15000000596046448,0.15000000596046448,1.0,1.0,1.0,1.0
complex_fixed_v018_r1,closed_loop,complex,full,1,0.18,False,50.569400347,1785051027.8010833,4.310836230435503,0.01587521036739193,0.22203784348270714,0.0,0.0023028596943429356,4.891748203037701,0.0,0.0,0.0,nan,nan,nan,nan,nan,nan,0.0,0.0,-0.05000000074505806,0.0,0.0,0,ROW_FOLLOW,WAITING_FOR_CENTERLINE,0.0,0.0,0.0,0.0,0.0,0.0,0.0,0.0,0.0,1.0,0.0,0.0,0.0,0.0,0.0,0.0,0.0,0.30000001192092896,0.20000000298023224,0.20000000298023224,0.15000000596046448,0.15000000596046448,1.0,1.0,1.0,1.0
complex_fixed_v018_r1,closed_loop,complex,full,1,0.18,False,50.619303699,1785051027.8509867,4.310836230435503,0.01587521036739193,0.22203784348270714,0.0,0.0023028596943429356,4.891748203037701,0.0,0.0,0.0,nan,nan,nan,nan,nan,nan,0.0,0.0,-0.05000000074505806,0.0,0.0,0,ROW_FOLLOW,WAITING_FOR_CENTERLINE,0.0,0.0,0.0,0.0,0.0,0.0,0.0,0.0,0.0,1.0,0.0,0.0,0.0,0.0,0.0,0.0,0.0,0.30000001192092896,0.20000000298023224,0.20000000298023224,0.15000000596046448,0.15000000596046448,1.0,1.0,1.0,1.0
complex_fixed_v018_r1,closed_loop,complex,full,1,0.18,False,50.669413201,1785051027.901096,4.310836230435503,0.01587521036739193,0.22203784348270714,0.0,0.0023028596943429356,4.891748203037701,0.0,0.0,0.0,nan,nan,nan,nan,nan,nan,0.0,0.0,-0.05000000074505806,0.0,0.0,0,ROW_FOLLOW,WAITING_FOR_CENTERLINE,0.0,0.0,0.0,0.0,0.0,0.0,0.0,0.0,0.0,1.0,0.0,0.0,0.0,0.0,0.0,0.0,0.0,0.30000001192092896,0.20000000298023224,0.20000000298023224,0.15000000596046448,0.15000000596046448,1.0,1.0,1.0,1.0
complex_fixed_v018_r1,closed_loop,complex,full,1,0.18,False,50.719360618,1785051027.9510436,4.310836230435503,0.01587521036739193,0.22203784348270714,0.0,0.0023028596943429356,4.891748203037701,0.0,0.0,0.0,nan,nan,nan,nan,nan,nan,0.0,0.0,-0.05000000074505806,0.0,0.0,0,ROW_FOLLOW,WAITING_FOR_CENTERLINE,0.0,0.0,0.0,0.0,0.0,0.0,0.0,0.0,0.0,1.0,0.0,0.0,0.0,0.0,0.0,0.0,0.0,0.30000001192092896,0.20000000298023224,0.20000000298023224,0.15000000596046448,0.15000000596046448,1.0,1.0,1.0,1.0
complex_fixed_v018_r1,closed_loop,complex,full,1,0.18,False,50.769291075,1785051028.0009742,4.310836230435503,0.01587521036739193,0.22203784348270714,0.0,0.0023028596943429356,4.891748203037701,0.0,0.0,0.0,nan,nan,nan,nan,nan,nan,0.0,0.0,-0.05000000074505806,0.0,0.0,0,ROW_FOLLOW,WAITING_FOR_CENTERLINE,0.0,0.0,0.0,0.0,0.0,0.0,0.0,0.0,0.0,1.0,0.0,0.0,0.0,0.0,0.0,0.0,0.0,0.30000001192092896,0.20000000298023224,0.20000000298023224,0.15000000596046448,0.15000000596046448,1.0,1.0,1.0,1.0
complex_fixed_v018_r1,closed_loop,complex,full,1,0.18,False,50.819276926,1785051028.0509598,4.310836230435503,0.01587521036739193,0.22203784348270714,0.0,0.0023028596943429356,4.891748203037701,0.0,0.0,0.0,nan,nan,nan,nan,nan,nan,0.0,0.0,-0.05000000074505806,0.0,0.0,0,ROW_FOLLOW,WAITING_FOR_CENTERLINE,0.0,0.0,0.0,0.0,0.0,0.0,0.0,0.0,0.0,1.0,0.0,0.0,0.0,0.0,0.0,0.0,0.0,0.30000001192092896,0.20000000298023224,0.20000000298023224,0.15000000596046448,0.15000000596046448,1.0,1.0,1.0,1.0
complex_fixed_v018_r1,closed_loop,complex,full,1,0.18,False,50.869343995,1785051028.101027,4.310836230435503,0.01587521036739193,0.22203784348270714,0.0,0.0023028596943429356,4.891748203037701,0.0,0.0,0.0,nan,nan,nan,nan,nan,nan,0.0,0.0,-0.05000000074505806,0.0,0.0,0,ROW_FOLLOW,WAITING_FOR_CENTERLINE,0.0,0.0,0.0,0.0,0.0,0.0,0.0,0.0,0.0,1.0,0.0,0.0,0.0,0.0,0.0,0.0,0.0,0.30000001192092896,0.20000000298023224,0.20000000298023224,0.15000000596046448,0.15000000596046448,1.0,1.0,1.0,1.0
complex_fixed_v018_r1,closed_loop,complex,full,1,0.18,False,50.919317621,1785051028.1510005,4.310836230435503,0.01587521036739193,0.22203784348270714,0.0,0.0023028596943429356,4.891748203037701,0.0,0.0,0.0,nan,nan,nan,nan,nan,nan,0.0,0.0,-0.05000000074505806,0.0,0.0,0,ROW_FOLLOW,WAITING_FOR_CENTERLINE,0.0,0.0,0.0,0.0,0.0,0.0,0.0,0.0,0.0,1.0,0.0,0.0,0.0,0.0,0.0,0.0,0.0,0.30000001192092896,0.20000000298023224,0.20000000298023224,0.15000000596046448,0.15000000596046448,1.0,1.0,1.0,1.0
complex_fixed_v018_r1,closed_loop,complex,full,1,0.18,False,50.969370578,1785051028.2010536,4.310836230435503,0.01587521036739193,0.22203784348270714,0.0,0.0023028596943429356,4.891748203037701,0.0,0.0,0.0,nan,nan,nan,nan,nan,nan,0.0,0.0,-0.05000000074505806,0.0,0.0,0,ROW_FOLLOW,WAITING_FOR_CENTERLINE,0.0,0.0,0.0,0.0,0.0,0.0,0.0,0.0,0.0,1.0,0.0,0.0,0.0,0.0,0.0,0.0,0.0,0.30000001192092896,0.20000000298023224,0.20000000298023224,0.15000000596046448,0.15000000596046448,1.0,1.0,1.0,1.0
complex_fixed_v018_r1,closed_loop,complex,full,1,0.18,False,51.019360429,1785051028.2510433,4.310836230435503,0.01587521036739193,0.22203784348270714,0.0,0.0023028596943429356,4.891748203037701,0.0,0.0,0.0,nan,nan,nan,nan,nan,nan,0.0,0.0,-0.05000000074505806,0.0,0.0,0,ROW_FOLLOW,WAITING_FOR_CENTERLINE,0.0,0.0,0.0,0.0,0.0,0.0,0.0,0.0,0.0,1.0,0.0,0.0,0.0,0.0,0.0,0.0,0.0,0.30000001192092896,0.20000000298023224,0.20000000298023224,0.15000000596046448,0.15000000596046448,1.0,1.0,1.0,1.0
complex_fixed_v018_r1,closed_loop,complex,full,1,0.18,False,51.069603055,1785051028.3012862,4.310836230435503,0.01587521036739193,0.22203784348270714,0.0,0.0023028596943429356,4.891748203037701,0.0,0.0,0.0,nan,nan,nan,nan,nan,nan,0.0,0.0,-0.05000000074505806,0.0,0.0,0,ROW_FOLLOW,WAITING_FOR_CENTERLINE,0.0,0.0,0.0,0.0,0.0,0.0,0.0,0.0,0.0,1.0,0.0,0.0,0.0,0.0,0.0,0.0,0.0,0.30000001192092896,0.20000000298023224,0.20000000298023224,0.15000000596046448,0.15000000596046448,1.0,1.0,1.0,1.0
complex_fixed_v018_r1,closed_loop,complex,full,1,0.18,False,51.119295266,1785051028.3509784,4.310836230435503,0.01587521036739193,0.22203784348270714,0.0,0.0023028596943429356,4.891748203037701,0.0,0.0,0.0,nan,nan,nan,nan,nan,nan,0.0,0.0,-0.05000000074505806,0.0,0.0,0,ROW_FOLLOW,WAITING_FOR_CENTERLINE,0.0,0.0,0.0,0.0,0.0,0.0,0.0,0.0,0.0,1.0,0.0,0.0,0.0,0.0,0.0,0.0,0.0,0.30000001192092896,0.20000000298023224,0.20000000298023224,0.15000000596046448,0.15000000596046448,1.0,1.0,1.0,1.0
complex_fixed_v018_r1,closed_loop,complex,full,1,0.18,False,51.169431489,1785051028.4011147,4.310836230435503,0.01587521036739193,0.22203784348270714,0.0,0.0023028596943429356,4.891748203037701,0.0,0.0,0.0,nan,nan,nan,nan,nan,nan,0.0,0.0,-0.05000000074505806,0.0,0.0,0,ROW_FOLLOW,WAITING_FOR_CENTERLINE,0.0,0.0,0.0,0.0,0.0,0.0,0.0,0.0,0.0,1.0,0.0,0.0,0.0,0.0,0.0,0.0,0.0,0.30000001192092896,0.20000000298023224,0.20000000298023224,0.15000000596046448,0.15000000596046448,1.0,1.0,1.0,1.0
complex_fixed_v018_r1,closed_loop,complex,full,1,0.18,False,51.219376602,1785051028.4510598,4.310836230435503,0.01587521036739193,0.22203784348270714,0.0,0.0023028596943429356,4.891748203037701,0.0,0.0,0.0,nan,nan,nan,nan,nan,nan,0.0,0.0,-0.05000000074505806,0.0,0.0,0,ROW_FOLLOW,WAITING_FOR_CENTERLINE,0.0,0.0,0.0,0.0,0.0,0.0,0.0,0.0,0.0,1.0,0.0,0.0,0.0,0.0,0.0,0.0,0.0,0.30000001192092896,0.20000000298023224,0.20000000298023224,0.15000000596046448,0.15000000596046448,1.0,1.0,1.0,1.0
complex_fixed_v018_r1,closed_loop,complex,full,1,0.18,False,51.26939999,1785051028.5010831,4.310836230435503,0.01587521036739193,0.22203784348270714,0.0,0.0023028596943429356,4.891748203037701,0.0,0.0,0.0,nan,nan,nan,nan,nan,nan,0.0,0.0,-0.05000000074505806,0.0,0.0,0,ROW_FOLLOW,WAITING_FOR_CENTERLINE,0.0,0.0,0.0,0.0,0.0,0.0,0.0,0.0,0.0,1.0,0.0,0.0,0.0,0.0,0.0,0.0,0.0,0.30000001192092896,0.20000000298023224,0.20000000298023224,0.15000000596046448,0.15000000596046448,1.0,1.0,1.0,1.0
complex_fixed_v018_r1,closed_loop,complex,full,1,0.18,False,51.319331184,1785051028.5510142,4.310836230435503,0.01587521036739193,0.22203784348270714,0.0,0.0023028596943429356,4.891748203037701,0.0,0.0,0.0,nan,nan,nan,nan,nan,nan,0.0,0.0,-0.05000000074505806,0.0,0.0,0,ROW_FOLLOW,WAITING_FOR_CENTERLINE,0.0,0.0,0.0,0.0,0.0,0.0,0.0,0.0,0.0,1.0,0.0,0.0,0.0,0.0,0.0,0.0,0.0,0.30000001192092896,0.20000000298023224,0.20000000298023224,0.15000000596046448,0.15000000596046448,1.0,1.0,1.0,1.0
complex_fixed_v018_r1,closed_loop,complex,full,1,0.18,False,51.3693563,1785051028.6010394,4.310836230435503,0.01587521036739193,0.22203784348270714,0.0,0.0023028596943429356,4.891748203037701,0.0,0.0,0.0,nan,nan,nan,nan,nan,nan,0.0,0.0,-0.05000000074505806,0.0,0.0,0,ROW_FOLLOW,WAITING_FOR_CENTERLINE,0.0,0.0,0.0,0.0,0.0,0.0,0.0,0.0,0.0,1.0,0.0,0.0,0.0,0.0,0.0,0.0,0.0,0.30000001192092896,0.20000000298023224,0.20000000298023224,0.15000000596046448,0.15000000596046448,1.0,1.0,1.0,1.0
complex_fixed_v018_r1,closed_loop,complex,full,1,0.18,False,51.419328518,1785051028.6510115,4.310836230435503,0.01587521036739193,0.22203784348270714,0.0,0.0023028596943429356,4.891748203037701,0.0,0.0,0.0,nan,nan,nan,nan,nan,nan,0.0,0.0,-0.05000000074505806,0.0,0.0,0,ROW_FOLLOW,WAITING_FOR_CENTERLINE,0.0,0.0,0.0,0.0,0.0,0.0,0.0,0.0,0.0,1.0,0.0,0.0,0.0,0.0,0.0,0.0,0.0,0.30000001192092896,0.20000000298023224,0.20000000298023224,0.15000000596046448,0.15000000596046448,1.0,1.0,1.0,1.0
complex_fixed_v018_r1,closed_loop,complex,full,1,0.18,False,51.469438852,1785051028.7011218,4.310836230435503,0.01587521036739193,0.22203784348270714,0.0,0.0023028596943429356,4.891748203037701,0.0,0.0,0.0,nan,nan,nan,nan,nan,nan,0.0,0.0,-0.05000000074505806,0.0,0.0,0,ROW_FOLLOW,WAITING_FOR_CENTERLINE,0.0,0.0,0.0,0.0,0.0,0.0,0.0,0.0,0.0,1.0,0.0,0.0,0.0,0.0,0.0,0.0,0.0,0.30000001192092896,0.20000000298023224,0.20000000298023224,0.15000000596046448,0.15000000596046448,1.0,1.0,1.0,1.0
complex_fixed_v018_r1,closed_loop,complex,full,1,0.18,False,51.519412927,1785051028.751096,4.310836230435503,0.01587521036739193,0.22203784348270714,0.0,0.0023028596943429356,4.891748203037701,0.0,0.0,0.0,nan,nan,nan,nan,nan,nan,0.0,0.0,-0.05000000074505806,0.0,0.0,0,ROW_FOLLOW,WAITING_FOR_CENTERLINE,0.0,0.0,0.0,0.0,0.0,0.0,0.0,0.0,0.0,1.0,0.0,0.0,0.0,0.0,0.0,0.0,0.0,0.30000001192092896,0.20000000298023224,0.20000000298023224,0.15000000596046448,0.15000000596046448,1.0,1.0,1.0,1.0
complex_fixed_v018_r1,closed_loop,complex,full,1,0.18,False,51.569387737,1785051028.801071,4.310836230435503,0.01587521036739193,0.22203784348270714,0.0,0.0023028596943429356,4.891748203037701,0.0,0.0,0.0,nan,nan,nan,nan,nan,nan,0.0,0.0,-0.05000000074505806,0.0,0.0,0,ROW_FOLLOW,WAITING_FOR_CENTERLINE,0.0,0.0,0.0,0.0,0.0,0.0,0.0,0.0,0.0,1.0,0.0,0.0,0.0,0.0,0.0,0.0,0.0,0.30000001192092896,0.20000000298023224,0.20000000298023224,0.15000000596046448,0.15000000596046448,1.0,1.0,1.0,1.0
complex_fixed_v018_r1,closed_loop,complex,full,1,0.18,False,51.619245009,1785051028.850928,4.310836230435503,0.01587521036739193,0.22203784348270714,0.0,0.0023028596943429356,4.891748203037701,0.0,0.0,0.0,nan,nan,nan,nan,nan,nan,0.0,0.0,-0.05000000074505806,0.0,0.0,0,ROW_FOLLOW,WAITING_FOR_CENTERLINE,0.0,0.0,0.0,0.0,0.0,0.0,0.0,0.0,0.0,1.0,0.0,0.0,0.0,0.0,0.0,0.0,0.0,0.30000001192092896,0.20000000298023224,0.20000000298023224,0.15000000596046448,0.15000000596046448,1.0,1.0,1.0,1.0
