[0.257s] DEBUG:colcon:Command line arguments: ['/usr/bin/colcon', 'build', '--packages-select', 'centerline_extraction', '--symlink-install']
[0.257s] DEBUG:colcon:Parsed command line arguments: Namespace(log_base=None, log_level=None, verb_name='build', build_base='build', install_base='install', merge_install=False, symlink_install=True, test_result_base=None, continue_on_error=False, executor='parallel', parallel_workers=8, event_handlers=None, ignore_user_meta=False, metas=['./colcon.meta'], base_paths=['.'], packages_ignore=None, packages_ignore_regex=None, paths=None, packages_up_to=None, packages_up_to_regex=None, packages_above=None, packages_above_and_dependencies=None, packages_above_depth=None, packages_select_by_dep=None, packages_skip_by_dep=None, packages_skip_up_to=None, packages_select_build_failed=False, packages_skip_build_finished=False, packages_select_test_failures=False, packages_skip_test_passed=False, packages_select=['centerline_extraction'], packages_skip=None, packages_select_regex=None, packages_skip_regex=None, packages_start=None, packages_end=None, allow_overriding=[], cmake_args=None, cmake_target=None, cmake_target_skip_unavailable=False, cmake_clean_cache=False, cmake_clean_first=False, cmake_force_configure=False, ament_cmake_args=None, catkin_cmake_args=None, catkin_skip_building_tests=False, verb_parser=<colcon_defaults.argument_parser.defaults.DefaultArgumentsDecorator object at 0xffffbb08dfc0>, verb_extension=<colcon_core.verb.build.BuildVerb object at 0xffffbb08da50>, main=<bound method BuildVerb.main of <colcon_core.verb.build.BuildVerb object at 0xffffbb08da50>>)
[0.662s] Level 1:colcon.colcon_core.package_discovery:discover_packages(colcon_meta) check parameters
[0.663s] Level 1:colcon.colcon_core.package_discovery:discover_packages(recursive) check parameters
[0.663s] Level 1:colcon.colcon_core.package_discovery:discover_packages(ignore) check parameters
[0.663s] Level 1:colcon.colcon_core.package_discovery:discover_packages(path) check parameters
[0.663s] Level 1:colcon.colcon_core.package_discovery:discover_packages(colcon_meta) discover
[0.663s] Level 1:colcon.colcon_core.package_discovery:discover_packages(recursive) discover
[0.663s] INFO:colcon.colcon_core.package_discovery:Crawling recursively for packages in '/home/wheeltec/agribot/agribot_ws'
[0.664s] Level 1:colcon.colcon_core.package_identification:_identify(.) by extensions ['ignore', 'ignore_ament_install']
[0.664s] Level 1:colcon.colcon_core.package_identification:_identify(.) by extension 'ignore'
[0.664s] Level 1:colcon.colcon_core.package_identification:_identify(.) by extension 'ignore_ament_install'
[0.664s] Level 1:colcon.colcon_core.package_identification:_identify(.) by extensions ['colcon_pkg']
[0.664s] Level 1:colcon.colcon_core.package_identification:_identify(.) by extension 'colcon_pkg'
[0.664s] Level 1:colcon.colcon_core.package_identification:_identify(.) by extensions ['colcon_meta']
[0.664s] Level 1:colcon.colcon_core.package_identification:_identify(.) by extension 'colcon_meta'
[0.665s] Level 1:colcon.colcon_core.package_identification:_identify(.) by extensions ['ros']
[0.665s] Level 1:colcon.colcon_core.package_identification:_identify(.) by extension 'ros'
[0.687s] Level 1:colcon.colcon_core.package_identification:_identify(.) by extensions ['cmake', 'python']
[0.687s] Level 1:colcon.colcon_core.package_identification:_identify(.) by extension 'cmake'
[0.688s] Level 1:colcon.colcon_core.package_identification:_identify(.) by extension 'python'
[0.688s] Level 1:colcon.colcon_core.package_identification:_identify(.) by extensions ['python_setup_py']
[0.688s] Level 1:colcon.colcon_core.package_identification:_identify(.) by extension 'python_setup_py'
[0.688s] Level 1:colcon.colcon_core.package_identification:_identify(build) by extensions ['ignore', 'ignore_ament_install']
[0.688s] Level 1:colcon.colcon_core.package_identification:_identify(build) by extension 'ignore'
[0.688s] Level 1:colcon.colcon_core.package_identification:_identify(build) ignored
[0.689s] Level 1:colcon.colcon_core.package_identification:_identify(docs) by extensions ['ignore', 'ignore_ament_install']
[0.689s] Level 1:colcon.colcon_core.package_identification:_identify(docs) by extension 'ignore'
[0.689s] Level 1:colcon.colcon_core.package_identification:_identify(docs) by extension 'ignore_ament_install'
[0.689s] Level 1:colcon.colcon_core.package_identification:_identify(docs) by extensions ['colcon_pkg']
[0.689s] Level 1:colcon.colcon_core.package_identification:_identify(docs) by extension 'colcon_pkg'
[0.689s] Level 1:colcon.colcon_core.package_identification:_identify(docs) by extensions ['colcon_meta']
[0.689s] Level 1:colcon.colcon_core.package_identification:_identify(docs) by extension 'colcon_meta'
[0.690s] Level 1:colcon.colcon_core.package_identification:_identify(docs) by extensions ['ros']
[0.690s] Level 1:colcon.colcon_core.package_identification:_identify(docs) by extension 'ros'
[0.690s] Level 1:colcon.colcon_core.package_identification:_identify(docs) by extensions ['cmake', 'python']
[0.690s] Level 1:colcon.colcon_core.package_identification:_identify(docs) by extension 'cmake'
[0.690s] Level 1:colcon.colcon_core.package_identification:_identify(docs) by extension 'python'
[0.690s] Level 1:colcon.colcon_core.package_identification:_identify(docs) by extensions ['python_setup_py']
[0.690s] Level 1:colcon.colcon_core.package_identification:_identify(docs) by extension 'python_setup_py'
[0.690s] Level 1:colcon.colcon_core.package_identification:_identify(docs/experiments) by extensions ['ignore', 'ignore_ament_install']
[0.691s] Level 1:colcon.colcon_core.package_identification:_identify(docs/experiments) by extension 'ignore'
[0.691s] Level 1:colcon.colcon_core.package_identification:_identify(docs/experiments) by extension 'ignore_ament_install'
[0.691s] Level 1:colcon.colcon_core.package_identification:_identify(docs/experiments) by extensions ['colcon_pkg']
[0.691s] Level 1:colcon.colcon_core.package_identification:_identify(docs/experiments) by extension 'colcon_pkg'
[0.691s] Level 1:colcon.colcon_core.package_identification:_identify(docs/experiments) by extensions ['colcon_meta']
[0.691s] Level 1:colcon.colcon_core.package_identification:_identify(docs/experiments) by extension 'colcon_meta'
[0.691s] Level 1:colcon.colcon_core.package_identification:_identify(docs/experiments) by extensions ['ros']
[0.691s] Level 1:colcon.colcon_core.package_identification:_identify(docs/experiments) by extension 'ros'
[0.691s] Level 1:colcon.colcon_core.package_identification:_identify(docs/experiments) by extensions ['cmake', 'python']
[0.691s] Level 1:colcon.colcon_core.package_identification:_identify(docs/experiments) by extension 'cmake'
[0.692s] Level 1:colcon.colcon_core.package_identification:_identify(docs/experiments) by extension 'python'
[0.692s] Level 1:colcon.colcon_core.package_identification:_identify(docs/experiments) by extensions ['python_setup_py']
[0.692s] Level 1:colcon.colcon_core.package_identification:_identify(docs/experiments) by extension 'python_setup_py'
[0.692s] Level 1:colcon.colcon_core.package_identification:_identify(docs/experiments/figures) by extensions ['ignore', 'ignore_ament_install']
[0.692s] Level 1:colcon.colcon_core.package_identification:_identify(docs/experiments/figures) by extension 'ignore'
[0.692s] Level 1:colcon.colcon_core.package_identification:_identify(docs/experiments/figures) by extension 'ignore_ament_install'
[0.692s] Level 1:colcon.colcon_core.package_identification:_identify(docs/experiments/figures) by extensions ['colcon_pkg']
[0.692s] Level 1:colcon.colcon_core.package_identification:_identify(docs/experiments/figures) by extension 'colcon_pkg'
[0.693s] Level 1:colcon.colcon_core.package_identification:_identify(docs/experiments/figures) by extensions ['colcon_meta']
[0.693s] Level 1:colcon.colcon_core.package_identification:_identify(docs/experiments/figures) by extension 'colcon_meta'
[0.693s] Level 1:colcon.colcon_core.package_identification:_identify(docs/experiments/figures) by extensions ['ros']
[0.693s] Level 1:colcon.colcon_core.package_identification:_identify(docs/experiments/figures) by extension 'ros'
[0.693s] Level 1:colcon.colcon_core.package_identification:_identify(docs/experiments/figures) by extensions ['cmake', 'python']
[0.693s] Level 1:colcon.colcon_core.package_identification:_identify(docs/experiments/figures) by extension 'cmake'
[0.693s] Level 1:colcon.colcon_core.package_identification:_identify(docs/experiments/figures) by extension 'python'
[0.693s] Level 1:colcon.colcon_core.package_identification:_identify(docs/experiments/figures) by extensions ['python_setup_py']
[0.693s] Level 1:colcon.colcon_core.package_identification:_identify(docs/experiments/figures) by extension 'python_setup_py'
[0.694s] Level 1:colcon.colcon_core.package_identification:_identify(field_trial_results) by extensions ['ignore', 'ignore_ament_install']
[0.694s] Level 1:colcon.colcon_core.package_identification:_identify(field_trial_results) by extension 'ignore'
[0.694s] Level 1:colcon.colcon_core.package_identification:_identify(field_trial_results) by extension 'ignore_ament_install'
[0.694s] Level 1:colcon.colcon_core.package_identification:_identify(field_trial_results) by extensions ['colcon_pkg']
[0.694s] Level 1:colcon.colcon_core.package_identification:_identify(field_trial_results) by extension 'colcon_pkg'
[0.694s] Level 1:colcon.colcon_core.package_identification:_identify(field_trial_results) by extensions ['colcon_meta']
[0.694s] Level 1:colcon.colcon_core.package_identification:_identify(field_trial_results) by extension 'colcon_meta'
[0.694s] Level 1:colcon.colcon_core.package_identification:_identify(field_trial_results) by extensions ['ros']
[0.694s] Level 1:colcon.colcon_core.package_identification:_identify(field_trial_results) by extension 'ros'
[0.695s] Level 1:colcon.colcon_core.package_identification:_identify(field_trial_results) by extensions ['cmake', 'python']
[0.695s] Level 1:colcon.colcon_core.package_identification:_identify(field_trial_results) by extension 'cmake'
[0.695s] Level 1:colcon.colcon_core.package_identification:_identify(field_trial_results) by extension 'python'
[0.695s] Level 1:colcon.colcon_core.package_identification:_identify(field_trial_results) by extensions ['python_setup_py']
[0.695s] Level 1:colcon.colcon_core.package_identification:_identify(field_trial_results) by extension 'python_setup_py'
[0.695s] Level 1:colcon.colcon_core.package_identification:_identify(field_trial_results/20260726_151045_complex_qaware_v010_r1) by extensions ['ignore', 'ignore_ament_install']
[0.695s] Level 1:colcon.colcon_core.package_identification:_identify(field_trial_results/20260726_151045_complex_qaware_v010_r1) by extension 'ignore'
[0.695s] Level 1:colcon.colcon_core.package_identification:_identify(field_trial_results/20260726_151045_complex_qaware_v010_r1) by extension 'ignore_ament_install'
[0.696s] Level 1:colcon.colcon_core.package_identification:_identify(field_trial_results/20260726_151045_complex_qaware_v010_r1) by extensions ['colcon_pkg']
[0.696s] Level 1:colcon.colcon_core.package_identification:_identify(field_trial_results/20260726_151045_complex_qaware_v010_r1) by extension 'colcon_pkg'
[0.696s] Level 1:colcon.colcon_core.package_identification:_identify(field_trial_results/20260726_151045_complex_qaware_v010_r1) by extensions ['colcon_meta']
[0.696s] Level 1:colcon.colcon_core.package_identification:_identify(field_trial_results/20260726_151045_complex_qaware_v010_r1) by extension 'colcon_meta'
[0.696s] Level 1:colcon.colcon_core.package_identification:_identify(field_trial_results/20260726_151045_complex_qaware_v010_r1) by extensions ['ros']
[0.696s] Level 1:colcon.colcon_core.package_identification:_identify(field_trial_results/20260726_151045_complex_qaware_v010_r1) by extension 'ros'
[0.696s] Level 1:colcon.colcon_core.package_identification:_identify(field_trial_results/20260726_151045_complex_qaware_v010_r1) by extensions ['cmake', 'python']
[0.696s] Level 1:colcon.colcon_core.package_identification:_identify(field_trial_results/20260726_151045_complex_qaware_v010_r1) by extension 'cmake'
[0.696s] Level 1:colcon.colcon_core.package_identification:_identify(field_trial_results/20260726_151045_complex_qaware_v010_r1) by extension 'python'
[0.696s] Level 1:colcon.colcon_core.package_identification:_identify(field_trial_results/20260726_151045_complex_qaware_v010_r1) by extensions ['python_setup_py']
[0.696s] Level 1:colcon.colcon_core.package_identification:_identify(field_trial_results/20260726_151045_complex_qaware_v010_r1) by extension 'python_setup_py'
[0.697s] Level 1:colcon.colcon_core.package_identification:_identify(field_trial_results/20260726_151647_complex_qaware_v018_r1) by extensions ['ignore', 'ignore_ament_install']
[0.697s] Level 1:colcon.colcon_core.package_identification:_identify(field_trial_results/20260726_151647_complex_qaware_v018_r1) by extension 'ignore'
[0.697s] Level 1:colcon.colcon_core.package_identification:_identify(field_trial_results/20260726_151647_complex_qaware_v018_r1) by extension 'ignore_ament_install'
[0.697s] Level 1:colcon.colcon_core.package_identification:_identify(field_trial_results/20260726_151647_complex_qaware_v018_r1) by extensions ['colcon_pkg']
[0.697s] Level 1:colcon.colcon_core.package_identification:_identify(field_trial_results/20260726_151647_complex_qaware_v018_r1) by extension 'colcon_pkg'
[0.697s] Level 1:colcon.colcon_core.package_identification:_identify(field_trial_results/20260726_151647_complex_qaware_v018_r1) by extensions ['colcon_meta']
[0.697s] Level 1:colcon.colcon_core.package_identification:_identify(field_trial_results/20260726_151647_complex_qaware_v018_r1) by extension 'colcon_meta'
[0.697s] Level 1:colcon.colcon_core.package_identification:_identify(field_trial_results/20260726_151647_complex_qaware_v018_r1) by extensions ['ros']
[0.697s] Level 1:colcon.colcon_core.package_identification:_identify(field_trial_results/20260726_151647_complex_qaware_v018_r1) by extension 'ros'
[0.698s] Level 1:colcon.colcon_core.package_identification:_identify(field_trial_results/20260726_151647_complex_qaware_v018_r1) by extensions ['cmake', 'python']
[0.698s] Level 1:colcon.colcon_core.package_identification:_identify(field_trial_results/20260726_151647_complex_qaware_v018_r1) by extension 'cmake'
[0.698s] Level 1:colcon.colcon_core.package_identification:_identify(field_trial_results/20260726_151647_complex_qaware_v018_r1) by extension 'python'
[0.698s] Level 1:colcon.colcon_core.package_identification:_identify(field_trial_results/20260726_151647_complex_qaware_v018_r1) by extensions ['python_setup_py']
[0.698s] Level 1:colcon.colcon_core.package_identification:_identify(field_trial_results/20260726_151647_complex_qaware_v018_r1) by extension 'python_setup_py'
[0.698s] Level 1:colcon.colcon_core.package_identification:_identify(field_trial_results/20260726_152216_complex_qaware_v018_r2) by extensions ['ignore', 'ignore_ament_install']
[0.698s] Level 1:colcon.colcon_core.package_identification:_identify(field_trial_results/20260726_152216_complex_qaware_v018_r2) by extension 'ignore'
[0.698s] Level 1:colcon.colcon_core.package_identification:_identify(field_trial_results/20260726_152216_complex_qaware_v018_r2) by extension 'ignore_ament_install'
[0.699s] Level 1:colcon.colcon_core.package_identification:_identify(field_trial_results/20260726_152216_complex_qaware_v018_r2) by extensions ['colcon_pkg']
[0.699s] Level 1:colcon.colcon_core.package_identification:_identify(field_trial_results/20260726_152216_complex_qaware_v018_r2) by extension 'colcon_pkg'
[0.699s] Level 1:colcon.colcon_core.package_identification:_identify(field_trial_results/20260726_152216_complex_qaware_v018_r2) by extensions ['colcon_meta']
[0.699s] Level 1:colcon.colcon_core.package_identification:_identify(field_trial_results/20260726_152216_complex_qaware_v018_r2) by extension 'colcon_meta'
[0.699s] Level 1:colcon.colcon_core.package_identification:_identify(field_trial_results/20260726_152216_complex_qaware_v018_r2) by extensions ['ros']
[0.699s] Level 1:colcon.colcon_core.package_identification:_identify(field_trial_results/20260726_152216_complex_qaware_v018_r2) by extension 'ros'
[0.699s] Level 1:colcon.colcon_core.package_identification:_identify(field_trial_results/20260726_152216_complex_qaware_v018_r2) by extensions ['cmake', 'python']
[0.699s] Level 1:colcon.colcon_core.package_identification:_identify(field_trial_results/20260726_152216_complex_qaware_v018_r2) by extension 'cmake'
[0.699s] Level 1:colcon.colcon_core.package_identification:_identify(field_trial_results/20260726_152216_complex_qaware_v018_r2) by extension 'python'
[0.699s] Level 1:colcon.colcon_core.package_identification:_identify(field_trial_results/20260726_152216_complex_qaware_v018_r2) by extensions ['python_setup_py']
[0.699s] Level 1:colcon.colcon_core.package_identification:_identify(field_trial_results/20260726_152216_complex_qaware_v018_r2) by extension 'python_setup_py'
[0.700s] Level 1:colcon.colcon_core.package_identification:_identify(field_trial_results/20260726_152358_complex_qaware_v018_r3) by extensions ['ignore', 'ignore_ament_install']
[0.700s] Level 1:colcon.colcon_core.package_identification:_identify(field_trial_results/20260726_152358_complex_qaware_v018_r3) by extension 'ignore'
[0.700s] Level 1:colcon.colcon_core.package_identification:_identify(field_trial_results/20260726_152358_complex_qaware_v018_r3) by extension 'ignore_ament_install'
[0.700s] Level 1:colcon.colcon_core.package_identification:_identify(field_trial_results/20260726_152358_complex_qaware_v018_r3) by extensions ['colcon_pkg']
[0.700s] Level 1:colcon.colcon_core.package_identification:_identify(field_trial_results/20260726_152358_complex_qaware_v018_r3) by extension 'colcon_pkg'
[0.700s] Level 1:colcon.colcon_core.package_identification:_identify(field_trial_results/20260726_152358_complex_qaware_v018_r3) by extensions ['colcon_meta']
[0.700s] Level 1:colcon.colcon_core.package_identification:_identify(field_trial_results/20260726_152358_complex_qaware_v018_r3) by extension 'colcon_meta'
[0.700s] Level 1:colcon.colcon_core.package_identification:_identify(field_trial_results/20260726_152358_complex_qaware_v018_r3) by extensions ['ros']
[0.701s] Level 1:colcon.colcon_core.package_identification:_identify(field_trial_results/20260726_152358_complex_qaware_v018_r3) by extension 'ros'
[0.701s] Level 1:colcon.colcon_core.package_identification:_identify(field_trial_results/20260726_152358_complex_qaware_v018_r3) by extensions ['cmake', 'python']
[0.701s] Level 1:colcon.colcon_core.package_identification:_identify(field_trial_results/20260726_152358_complex_qaware_v018_r3) by extension 'cmake'
[0.701s] Level 1:colcon.colcon_core.package_identification:_identify(field_trial_results/20260726_152358_complex_qaware_v018_r3) by extension 'python'
[0.701s] Level 1:colcon.colcon_core.package_identification:_identify(field_trial_results/20260726_152358_complex_qaware_v018_r3) by extensions ['python_setup_py']
[0.701s] Level 1:colcon.colcon_core.package_identification:_identify(field_trial_results/20260726_152358_complex_qaware_v018_r3) by extension 'python_setup_py'
[0.701s] Level 1:colcon.colcon_core.package_identification:_identify(field_trial_results/20260726_152523_complex_qaware_v018_r4) by extensions ['ignore', 'ignore_ament_install']
[0.701s] Level 1:colcon.colcon_core.package_identification:_identify(field_trial_results/20260726_152523_complex_qaware_v018_r4) by extension 'ignore'
[0.702s] Level 1:colcon.colcon_core.package_identification:_identify(field_trial_results/20260726_152523_complex_qaware_v018_r4) by extension 'ignore_ament_install'
[0.702s] Level 1:colcon.colcon_core.package_identification:_identify(field_trial_results/20260726_152523_complex_qaware_v018_r4) by extensions ['colcon_pkg']
[0.702s] Level 1:colcon.colcon_core.package_identification:_identify(field_trial_results/20260726_152523_complex_qaware_v018_r4) by extension 'colcon_pkg'
[0.702s] Level 1:colcon.colcon_core.package_identification:_identify(field_trial_results/20260726_152523_complex_qaware_v018_r4) by extensions ['colcon_meta']
[0.702s] Level 1:colcon.colcon_core.package_identification:_identify(field_trial_results/20260726_152523_complex_qaware_v018_r4) by extension 'colcon_meta'
[0.702s] Level 1:colcon.colcon_core.package_identification:_identify(field_trial_results/20260726_152523_complex_qaware_v018_r4) by extensions ['ros']
[0.702s] Level 1:colcon.colcon_core.package_identification:_identify(field_trial_results/20260726_152523_complex_qaware_v018_r4) by extension 'ros'
[0.702s] Level 1:colcon.colcon_core.package_identification:_identify(field_trial_results/20260726_152523_complex_qaware_v018_r4) by extensions ['cmake', 'python']
[0.702s] Level 1:colcon.colcon_core.package_identification:_identify(field_trial_results/20260726_152523_complex_qaware_v018_r4) by extension 'cmake'
[0.702s] Level 1:colcon.colcon_core.package_identification:_identify(field_trial_results/20260726_152523_complex_qaware_v018_r4) by extension 'python'
[0.702s] Level 1:colcon.colcon_core.package_identification:_identify(field_trial_results/20260726_152523_complex_qaware_v018_r4) by extensions ['python_setup_py']
[0.703s] Level 1:colcon.colcon_core.package_identification:_identify(field_trial_results/20260726_152523_complex_qaware_v018_r4) by extension 'python_setup_py'
[0.703s] Level 1:colcon.colcon_core.package_identification:_identify(field_trial_results/20260726_152703_complex_qaware_v018_r5) by extensions ['ignore', 'ignore_ament_install']
[0.703s] Level 1:colcon.colcon_core.package_identification:_identify(field_trial_results/20260726_152703_complex_qaware_v018_r5) by extension 'ignore'
[0.703s] Level 1:colcon.colcon_core.package_identification:_identify(field_trial_results/20260726_152703_complex_qaware_v018_r5) by extension 'ignore_ament_install'
[0.703s] Level 1:colcon.colcon_core.package_identification:_identify(field_trial_results/20260726_152703_complex_qaware_v018_r5) by extensions ['colcon_pkg']
[0.703s] Level 1:colcon.colcon_core.package_identification:_identify(field_trial_results/20260726_152703_complex_qaware_v018_r5) by extension 'colcon_pkg'
[0.703s] Level 1:colcon.colcon_core.package_identification:_identify(field_trial_results/20260726_152703_complex_qaware_v018_r5) by extensions ['colcon_meta']
[0.703s] Level 1:colcon.colcon_core.package_identification:_identify(field_trial_results/20260726_152703_complex_qaware_v018_r5) by extension 'colcon_meta'
[0.703s] Level 1:colcon.colcon_core.package_identification:_identify(field_trial_results/20260726_152703_complex_qaware_v018_r5) by extensions ['ros']
[0.704s] Level 1:colcon.colcon_core.package_identification:_identify(field_trial_results/20260726_152703_complex_qaware_v018_r5) by extension 'ros'
[0.704s] Level 1:colcon.colcon_core.package_identification:_identify(field_trial_results/20260726_152703_complex_qaware_v018_r5) by extensions ['cmake', 'python']
[0.704s] Level 1:colcon.colcon_core.package_identification:_identify(field_trial_results/20260726_152703_complex_qaware_v018_r5) by extension 'cmake'
[0.704s] Level 1:colcon.colcon_core.package_identification:_identify(field_trial_results/20260726_152703_complex_qaware_v018_r5) by extension 'python'
[0.704s] Level 1:colcon.colcon_core.package_identification:_identify(field_trial_results/20260726_152703_complex_qaware_v018_r5) by extensions ['python_setup_py']
[0.704s] Level 1:colcon.colcon_core.package_identification:_identify(field_trial_results/20260726_152703_complex_qaware_v018_r5) by extension 'python_setup_py'
[0.704s] Level 1:colcon.colcon_core.package_identification:_identify(field_trial_results/20260726_152937_complex_fixed_v018_r1) by extensions ['ignore', 'ignore_ament_install']
[0.704s] Level 1:colcon.colcon_core.package_identification:_identify(field_trial_results/20260726_152937_complex_fixed_v018_r1) by extension 'ignore'
[0.705s] Level 1:colcon.colcon_core.package_identification:_identify(field_trial_results/20260726_152937_complex_fixed_v018_r1) by extension 'ignore_ament_install'
[0.705s] Level 1:colcon.colcon_core.package_identification:_identify(field_trial_results/20260726_152937_complex_fixed_v018_r1) by extensions ['colcon_pkg']
[0.705s] Level 1:colcon.colcon_core.package_identification:_identify(field_trial_results/20260726_152937_complex_fixed_v018_r1) by extension 'colcon_pkg'
[0.705s] Level 1:colcon.colcon_core.package_identification:_identify(field_trial_results/20260726_152937_complex_fixed_v018_r1) by extensions ['colcon_meta']
[0.705s] Level 1:colcon.colcon_core.package_identification:_identify(field_trial_results/20260726_152937_complex_fixed_v018_r1) by extension 'colcon_meta'
[0.705s] Level 1:colcon.colcon_core.package_identification:_identify(field_trial_results/20260726_152937_complex_fixed_v018_r1) by extensions ['ros']
[0.705s] Level 1:colcon.colcon_core.package_identification:_identify(field_trial_results/20260726_152937_complex_fixed_v018_r1) by extension 'ros'
[0.705s] Level 1:colcon.colcon_core.package_identification:_identify(field_trial_results/20260726_152937_complex_fixed_v018_r1) by extensions ['cmake', 'python']
[0.705s] Level 1:colcon.colcon_core.package_identification:_identify(field_trial_results/20260726_152937_complex_fixed_v018_r1) by extension 'cmake'
[0.705s] Level 1:colcon.colcon_core.package_identification:_identify(field_trial_results/20260726_152937_complex_fixed_v018_r1) by extension 'python'
[0.705s] Level 1:colcon.colcon_core.package_identification:_identify(field_trial_results/20260726_152937_complex_fixed_v018_r1) by extensions ['python_setup_py']
[0.706s] Level 1:colcon.colcon_core.package_identification:_identify(field_trial_results/20260726_152937_complex_fixed_v018_r1) by extension 'python_setup_py'
[0.706s] Level 1:colcon.colcon_core.package_identification:_identify(field_trial_results/20260726_153100_complex_fixed_v018_r2) by extensions ['ignore', 'ignore_ament_install']
[0.706s] Level 1:colcon.colcon_core.package_identification:_identify(field_trial_results/20260726_153100_complex_fixed_v018_r2) by extension 'ignore'
[0.706s] Level 1:colcon.colcon_core.package_identification:_identify(field_trial_results/20260726_153100_complex_fixed_v018_r2) by extension 'ignore_ament_install'
[0.706s] Level 1:colcon.colcon_core.package_identification:_identify(field_trial_results/20260726_153100_complex_fixed_v018_r2) by extensions ['colcon_pkg']
[0.706s] Level 1:colcon.colcon_core.package_identification:_identify(field_trial_results/20260726_153100_complex_fixed_v018_r2) by extension 'colcon_pkg'
[0.706s] Level 1:colcon.colcon_core.package_identification:_identify(field_trial_results/20260726_153100_complex_fixed_v018_r2) by extensions ['colcon_meta']
[0.706s] Level 1:colcon.colcon_core.package_identification:_identify(field_trial_results/20260726_153100_complex_fixed_v018_r2) by extension 'colcon_meta'
[0.706s] Level 1:colcon.colcon_core.package_identification:_identify(field_trial_results/20260726_153100_complex_fixed_v018_r2) by extensions ['ros']
[0.707s] Level 1:colcon.colcon_core.package_identification:_identify(field_trial_results/20260726_153100_complex_fixed_v018_r2) by extension 'ros'
[0.707s] Level 1:colcon.colcon_core.package_identification:_identify(field_trial_results/20260726_153100_complex_fixed_v018_r2) by extensions ['cmake', 'python']
[0.707s] Level 1:colcon.colcon_core.package_identification:_identify(field_trial_results/20260726_153100_complex_fixed_v018_r2) by extension 'cmake'
[0.707s] Level 1:colcon.colcon_core.package_identification:_identify(field_trial_results/20260726_153100_complex_fixed_v018_r2) by extension 'python'
[0.707s] Level 1:colcon.colcon_core.package_identification:_identify(field_trial_results/20260726_153100_complex_fixed_v018_r2) by extensions ['python_setup_py']
[0.707s] Level 1:colcon.colcon_core.package_identification:_identify(field_trial_results/20260726_153100_complex_fixed_v018_r2) by extension 'python_setup_py'
[0.707s] Level 1:colcon.colcon_core.package_identification:_identify(field_trial_results/20260726_153209_complex_fixed_v018_r3) by extensions ['ignore', 'ignore_ament_install']
[0.707s] Level 1:colcon.colcon_core.package_identification:_identify(field_trial_results/20260726_153209_complex_fixed_v018_r3) by extension 'ignore'
[0.707s] Level 1:colcon.colcon_core.package_identification:_identify(field_trial_results/20260726_153209_complex_fixed_v018_r3) by extension 'ignore_ament_install'
[0.708s] Level 1:colcon.colcon_core.package_identification:_identify(field_trial_results/20260726_153209_complex_fixed_v018_r3) by extensions ['colcon_pkg']
[0.708s] Level 1:colcon.colcon_core.package_identification:_identify(field_trial_results/20260726_153209_complex_fixed_v018_r3) by extension 'colcon_pkg'
[0.708s] Level 1:colcon.colcon_core.package_identification:_identify(field_trial_results/20260726_153209_complex_fixed_v018_r3) by extensions ['colcon_meta']
[0.708s] Level 1:colcon.colcon_core.package_identification:_identify(field_trial_results/20260726_153209_complex_fixed_v018_r3) by extension 'colcon_meta'
[0.708s] Level 1:colcon.colcon_core.package_identification:_identify(field_trial_results/20260726_153209_complex_fixed_v018_r3) by extensions ['ros']
[0.708s] Level 1:colcon.colcon_core.package_identification:_identify(field_trial_results/20260726_153209_complex_fixed_v018_r3) by extension 'ros'
[0.708s] Level 1:colcon.colcon_core.package_identification:_identify(field_trial_results/20260726_153209_complex_fixed_v018_r3) by extensions ['cmake', 'python']
[0.708s] Level 1:colcon.colcon_core.package_identification:_identify(field_trial_results/20260726_153209_complex_fixed_v018_r3) by extension 'cmake'
[0.708s] Level 1:colcon.colcon_core.package_identification:_identify(field_trial_results/20260726_153209_complex_fixed_v018_r3) by extension 'python'
[0.708s] Level 1:colcon.colcon_core.package_identification:_identify(field_trial_results/20260726_153209_complex_fixed_v018_r3) by extensions ['python_setup_py']
[0.708s] Level 1:colcon.colcon_core.package_identification:_identify(field_trial_results/20260726_153209_complex_fixed_v018_r3) by extension 'python_setup_py'
[0.709s] Level 1:colcon.colcon_core.package_identification:_identify(field_trial_results/20260726_153321_complex_fixed_v018_r4) by extensions ['ignore', 'ignore_ament_install']
[0.709s] Level 1:colcon.colcon_core.package_identification:_identify(field_trial_results/20260726_153321_complex_fixed_v018_r4) by extension 'ignore'
[0.709s] Level 1:colcon.colcon_core.package_identification:_identify(field_trial_results/20260726_153321_complex_fixed_v018_r4) by extension 'ignore_ament_install'
[0.709s] Level 1:colcon.colcon_core.package_identification:_identify(field_trial_results/20260726_153321_complex_fixed_v018_r4) by extensions ['colcon_pkg']
[0.709s] Level 1:colcon.colcon_core.package_identification:_identify(field_trial_results/20260726_153321_complex_fixed_v018_r4) by extension 'colcon_pkg'
[0.709s] Level 1:colcon.colcon_core.package_identification:_identify(field_trial_results/20260726_153321_complex_fixed_v018_r4) by extensions ['colcon_meta']
[0.709s] Level 1:colcon.colcon_core.package_identification:_identify(field_trial_results/20260726_153321_complex_fixed_v018_r4) by extension 'colcon_meta'
[0.709s] Level 1:colcon.colcon_core.package_identification:_identify(field_trial_results/20260726_153321_complex_fixed_v018_r4) by extensions ['ros']
[0.709s] Level 1:colcon.colcon_core.package_identification:_identify(field_trial_results/20260726_153321_complex_fixed_v018_r4) by extension 'ros'
[0.710s] Level 1:colcon.colcon_core.package_identification:_identify(field_trial_results/20260726_153321_complex_fixed_v018_r4) by extensions ['cmake', 'python']
[0.710s] Level 1:colcon.colcon_core.package_identification:_identify(field_trial_results/20260726_153321_complex_fixed_v018_r4) by extension 'cmake'
[0.710s] Level 1:colcon.colcon_core.package_identification:_identify(field_trial_results/20260726_153321_complex_fixed_v018_r4) by extension 'python'
[0.710s] Level 1:colcon.colcon_core.package_identification:_identify(field_trial_results/20260726_153321_complex_fixed_v018_r4) by extensions ['python_setup_py']
[0.710s] Level 1:colcon.colcon_core.package_identification:_identify(field_trial_results/20260726_153321_complex_fixed_v018_r4) by extension 'python_setup_py'
[0.710s] Level 1:colcon.colcon_core.package_identification:_identify(field_trial_results/20260726_153435_complex_fixed_v018_r5) by extensions ['ignore', 'ignore_ament_install']
[0.710s] Level 1:colcon.colcon_core.package_identification:_identify(field_trial_results/20260726_153435_complex_fixed_v018_r5) by extension 'ignore'
[0.710s] Level 1:colcon.colcon_core.package_identification:_identify(field_trial_results/20260726_153435_complex_fixed_v018_r5) by extension 'ignore_ament_install'
[0.711s] Level 1:colcon.colcon_core.package_identification:_identify(field_trial_results/20260726_153435_complex_fixed_v018_r5) by extensions ['colcon_pkg']
[0.711s] Level 1:colcon.colcon_core.package_identification:_identify(field_trial_results/20260726_153435_complex_fixed_v018_r5) by extension 'colcon_pkg'
[0.711s] Level 1:colcon.colcon_core.package_identification:_identify(field_trial_results/20260726_153435_complex_fixed_v018_r5) by extensions ['colcon_meta']
[0.711s] Level 1:colcon.colcon_core.package_identification:_identify(field_trial_results/20260726_153435_complex_fixed_v018_r5) by extension 'colcon_meta'
[0.711s] Level 1:colcon.colcon_core.package_identification:_identify(field_trial_results/20260726_153435_complex_fixed_v018_r5) by extensions ['ros']
[0.711s] Level 1:colcon.colcon_core.package_identification:_identify(field_trial_results/20260726_153435_complex_fixed_v018_r5) by extension 'ros'
[0.711s] Level 1:colcon.colcon_core.package_identification:_identify(field_trial_results/20260726_153435_complex_fixed_v018_r5) by extensions ['cmake', 'python']
[0.711s] Level 1:colcon.colcon_core.package_identification:_identify(field_trial_results/20260726_153435_complex_fixed_v018_r5) by extension 'cmake'
[0.711s] Level 1:colcon.colcon_core.package_identification:_identify(field_trial_results/20260726_153435_complex_fixed_v018_r5) by extension 'python'
[0.711s] Level 1:colcon.colcon_core.package_identification:_identify(field_trial_results/20260726_153435_complex_fixed_v018_r5) by extensions ['python_setup_py']
[0.711s] Level 1:colcon.colcon_core.package_identification:_identify(field_trial_results/20260726_153435_complex_fixed_v018_r5) by extension 'python_setup_py'
[0.712s] Level 1:colcon.colcon_core.package_identification:_identify(field_trial_results/20260726_201501_headland_turn_test_r1) by extensions ['ignore', 'ignore_ament_install']
[0.712s] Level 1:colcon.colcon_core.package_identification:_identify(field_trial_results/20260726_201501_headland_turn_test_r1) by extension 'ignore'
[0.712s] Level 1:colcon.colcon_core.package_identification:_identify(field_trial_results/20260726_201501_headland_turn_test_r1) by extension 'ignore_ament_install'
[0.712s] Level 1:colcon.colcon_core.package_identification:_identify(field_trial_results/20260726_201501_headland_turn_test_r1) by extensions ['colcon_pkg']
[0.712s] Level 1:colcon.colcon_core.package_identification:_identify(field_trial_results/20260726_201501_headland_turn_test_r1) by extension 'colcon_pkg'
[0.712s] Level 1:colcon.colcon_core.package_identification:_identify(field_trial_results/20260726_201501_headland_turn_test_r1) by extensions ['colcon_meta']
[0.712s] Level 1:colcon.colcon_core.package_identification:_identify(field_trial_results/20260726_201501_headland_turn_test_r1) by extension 'colcon_meta'
[0.712s] Level 1:colcon.colcon_core.package_identification:_identify(field_trial_results/20260726_201501_headland_turn_test_r1) by extensions ['ros']
[0.712s] Level 1:colcon.colcon_core.package_identification:_identify(field_trial_results/20260726_201501_headland_turn_test_r1) by extension 'ros'
[0.713s] Level 1:colcon.colcon_core.package_identification:_identify(field_trial_results/20260726_201501_headland_turn_test_r1) by extensions ['cmake', 'python']
[0.713s] Level 1:colcon.colcon_core.package_identification:_identify(field_trial_results/20260726_201501_headland_turn_test_r1) by extension 'cmake'
[0.713s] Level 1:colcon.colcon_core.package_identification:_identify(field_trial_results/20260726_201501_headland_turn_test_r1) by extension 'python'
[0.713s] Level 1:colcon.colcon_core.package_identification:_identify(field_trial_results/20260726_201501_headland_turn_test_r1) by extensions ['python_setup_py']
[0.713s] Level 1:colcon.colcon_core.package_identification:_identify(field_trial_results/20260726_201501_headland_turn_test_r1) by extension 'python_setup_py'
[0.713s] Level 1:colcon.colcon_core.package_identification:_identify(field_trial_results/20260726_201629_headland_turn_test_r2) by extensions ['ignore', 'ignore_ament_install']
[0.713s] Level 1:colcon.colcon_core.package_identification:_identify(field_trial_results/20260726_201629_headland_turn_test_r2) by extension 'ignore'
[0.713s] Level 1:colcon.colcon_core.package_identification:_identify(field_trial_results/20260726_201629_headland_turn_test_r2) by extension 'ignore_ament_install'
[0.713s] Level 1:colcon.colcon_core.package_identification:_identify(field_trial_results/20260726_201629_headland_turn_test_r2) by extensions ['colcon_pkg']
[0.714s] Level 1:colcon.colcon_core.package_identification:_identify(field_trial_results/20260726_201629_headland_turn_test_r2) by extension 'colcon_pkg'
[0.714s] Level 1:colcon.colcon_core.package_identification:_identify(field_trial_results/20260726_201629_headland_turn_test_r2) by extensions ['colcon_meta']
[0.714s] Level 1:colcon.colcon_core.package_identification:_identify(field_trial_results/20260726_201629_headland_turn_test_r2) by extension 'colcon_meta'
[0.714s] Level 1:colcon.colcon_core.package_identification:_identify(field_trial_results/20260726_201629_headland_turn_test_r2) by extensions ['ros']
[0.714s] Level 1:colcon.colcon_core.package_identification:_identify(field_trial_results/20260726_201629_headland_turn_test_r2) by extension 'ros'
[0.714s] Level 1:colcon.colcon_core.package_identification:_identify(field_trial_results/20260726_201629_headland_turn_test_r2) by extensions ['cmake', 'python']
[0.714s] Level 1:colcon.colcon_core.package_identification:_identify(field_trial_results/20260726_201629_headland_turn_test_r2) by extension 'cmake'
[0.714s] Level 1:colcon.colcon_core.package_identification:_identify(field_trial_results/20260726_201629_headland_turn_test_r2) by extension 'python'
[0.714s] Level 1:colcon.colcon_core.package_identification:_identify(field_trial_results/20260726_201629_headland_turn_test_r2) by extensions ['python_setup_py']
[0.714s] Level 1:colcon.colcon_core.package_identification:_identify(field_trial_results/20260726_201629_headland_turn_test_r2) by extension 'python_setup_py'
[0.715s] Level 1:colcon.colcon_core.package_identification:_identify(field_trial_results/20260726_204225_headland_turn_test_r2) by extensions ['ignore', 'ignore_ament_install']
[0.715s] Level 1:colcon.colcon_core.package_identification:_identify(field_trial_results/20260726_204225_headland_turn_test_r2) by extension 'ignore'
[0.715s] Level 1:colcon.colcon_core.package_identification:_identify(field_trial_results/20260726_204225_headland_turn_test_r2) by extension 'ignore_ament_install'
[0.715s] Level 1:colcon.colcon_core.package_identification:_identify(field_trial_results/20260726_204225_headland_turn_test_r2) by extensions ['colcon_pkg']
[0.715s] Level 1:colcon.colcon_core.package_identification:_identify(field_trial_results/20260726_204225_headland_turn_test_r2) by extension 'colcon_pkg'
[0.715s] Level 1:colcon.colcon_core.package_identification:_identify(field_trial_results/20260726_204225_headland_turn_test_r2) by extensions ['colcon_meta']
[0.715s] Level 1:colcon.colcon_core.package_identification:_identify(field_trial_results/20260726_204225_headland_turn_test_r2) by extension 'colcon_meta'
[0.715s] Level 1:colcon.colcon_core.package_identification:_identify(field_trial_results/20260726_204225_headland_turn_test_r2) by extensions ['ros']
[0.715s] Level 1:colcon.colcon_core.package_identification:_identify(field_trial_results/20260726_204225_headland_turn_test_r2) by extension 'ros'
[0.716s] Level 1:colcon.colcon_core.package_identification:_identify(field_trial_results/20260726_204225_headland_turn_test_r2) by extensions ['cmake', 'python']
[0.716s] Level 1:colcon.colcon_core.package_identification:_identify(field_trial_results/20260726_204225_headland_turn_test_r2) by extension 'cmake'
[0.716s] Level 1:colcon.colcon_core.package_identification:_identify(field_trial_results/20260726_204225_headland_turn_test_r2) by extension 'python'
[0.716s] Level 1:colcon.colcon_core.package_identification:_identify(field_trial_results/20260726_204225_headland_turn_test_r2) by extensions ['python_setup_py']
[0.716s] Level 1:colcon.colcon_core.package_identification:_identify(field_trial_results/20260726_204225_headland_turn_test_r2) by extension 'python_setup_py'
[0.716s] Level 1:colcon.colcon_core.package_identification:_identify(field_trial_results/20260726_204639_headland_turn_test_r3) by extensions ['ignore', 'ignore_ament_install']
[0.716s] Level 1:colcon.colcon_core.package_identification:_identify(field_trial_results/20260726_204639_headland_turn_test_r3) by extension 'ignore'
[0.716s] Level 1:colcon.colcon_core.package_identification:_identify(field_trial_results/20260726_204639_headland_turn_test_r3) by extension 'ignore_ament_install'
[0.716s] Level 1:colcon.colcon_core.package_identification:_identify(field_trial_results/20260726_204639_headland_turn_test_r3) by extensions ['colcon_pkg']
[0.717s] Level 1:colcon.colcon_core.package_identification:_identify(field_trial_results/20260726_204639_headland_turn_test_r3) by extension 'colcon_pkg'
[0.717s] Level 1:colcon.colcon_core.package_identification:_identify(field_trial_results/20260726_204639_headland_turn_test_r3) by extensions ['colcon_meta']
[0.717s] Level 1:colcon.colcon_core.package_identification:_identify(field_trial_results/20260726_204639_headland_turn_test_r3) by extension 'colcon_meta'
[0.717s] Level 1:colcon.colcon_core.package_identification:_identify(field_trial_results/20260726_204639_headland_turn_test_r3) by extensions ['ros']
[0.717s] Level 1:colcon.colcon_core.package_identification:_identify(field_trial_results/20260726_204639_headland_turn_test_r3) by extension 'ros'
[0.717s] Level 1:colcon.colcon_core.package_identification:_identify(field_trial_results/20260726_204639_headland_turn_test_r3) by extensions ['cmake', 'python']
[0.717s] Level 1:colcon.colcon_core.package_identification:_identify(field_trial_results/20260726_204639_headland_turn_test_r3) by extension 'cmake'
[0.717s] Level 1:colcon.colcon_core.package_identification:_identify(field_trial_results/20260726_204639_headland_turn_test_r3) by extension 'python'
[0.717s] Level 1:colcon.colcon_core.package_identification:_identify(field_trial_results/20260726_204639_headland_turn_test_r3) by extensions ['python_setup_py']
[0.717s] Level 1:colcon.colcon_core.package_identification:_identify(field_trial_results/20260726_204639_headland_turn_test_r3) by extension 'python_setup_py'
[0.718s] Level 1:colcon.colcon_core.package_identification:_identify(h30_test_01_static) by extensions ['ignore', 'ignore_ament_install']
[0.718s] Level 1:colcon.colcon_core.package_identification:_identify(h30_test_01_static) by extension 'ignore'
[0.718s] Level 1:colcon.colcon_core.package_identification:_identify(h30_test_01_static) by extension 'ignore_ament_install'
[0.718s] Level 1:colcon.colcon_core.package_identification:_identify(h30_test_01_static) by extensions ['colcon_pkg']
[0.718s] Level 1:colcon.colcon_core.package_identification:_identify(h30_test_01_static) by extension 'colcon_pkg'
[0.718s] Level 1:colcon.colcon_core.package_identification:_identify(h30_test_01_static) by extensions ['colcon_meta']
[0.718s] Level 1:colcon.colcon_core.package_identification:_identify(h30_test_01_static) by extension 'colcon_meta'
[0.718s] Level 1:colcon.colcon_core.package_identification:_identify(h30_test_01_static) by extensions ['ros']
[0.718s] Level 1:colcon.colcon_core.package_identification:_identify(h30_test_01_static) by extension 'ros'
[0.719s] Level 1:colcon.colcon_core.package_identification:_identify(h30_test_01_static) by extensions ['cmake', 'python']
[0.719s] Level 1:colcon.colcon_core.package_identification:_identify(h30_test_01_static) by extension 'cmake'
[0.719s] Level 1:colcon.colcon_core.package_identification:_identify(h30_test_01_static) by extension 'python'
[0.719s] Level 1:colcon.colcon_core.package_identification:_identify(h30_test_01_static) by extensions ['python_setup_py']
[0.719s] Level 1:colcon.colcon_core.package_identification:_identify(h30_test_01_static) by extension 'python_setup_py'
[0.719s] Level 1:colcon.colcon_core.package_identification:_identify(h30_test_01_static_fastlio) by extensions ['ignore', 'ignore_ament_install']
[0.719s] Level 1:colcon.colcon_core.package_identification:_identify(h30_test_01_static_fastlio) by extension 'ignore'
[0.719s] Level 1:colcon.colcon_core.package_identification:_identify(h30_test_01_static_fastlio) by extension 'ignore_ament_install'
[0.719s] Level 1:colcon.colcon_core.package_identification:_identify(h30_test_01_static_fastlio) by extensions ['colcon_pkg']
[0.720s] Level 1:colcon.colcon_core.package_identification:_identify(h30_test_01_static_fastlio) by extension 'colcon_pkg'
[0.720s] Level 1:colcon.colcon_core.package_identification:_identify(h30_test_01_static_fastlio) by extensions ['colcon_meta']
[0.720s] Level 1:colcon.colcon_core.package_identification:_identify(h30_test_01_static_fastlio) by extension 'colcon_meta'
[0.720s] Level 1:colcon.colcon_core.package_identification:_identify(h30_test_01_static_fastlio) by extensions ['ros']
[0.720s] Level 1:colcon.colcon_core.package_identification:_identify(h30_test_01_static_fastlio) by extension 'ros'
[0.720s] Level 1:colcon.colcon_core.package_identification:_identify(h30_test_01_static_fastlio) by extensions ['cmake', 'python']
[0.720s] Level 1:colcon.colcon_core.package_identification:_identify(h30_test_01_static_fastlio) by extension 'cmake'
[0.720s] Level 1:colcon.colcon_core.package_identification:_identify(h30_test_01_static_fastlio) by extension 'python'
[0.720s] Level 1:colcon.colcon_core.package_identification:_identify(h30_test_01_static_fastlio) by extensions ['python_setup_py']
[0.720s] Level 1:colcon.colcon_core.package_identification:_identify(h30_test_01_static_fastlio) by extension 'python_setup_py'
[0.721s] Level 1:colcon.colcon_core.package_identification:_identify(h30_test_02_turn_90_fastlio) by extensions ['ignore', 'ignore_ament_install']
[0.721s] Level 1:colcon.colcon_core.package_identification:_identify(h30_test_02_turn_90_fastlio) by extension 'ignore'
[0.721s] Level 1:colcon.colcon_core.package_identification:_identify(h30_test_02_turn_90_fastlio) by extension 'ignore_ament_install'
[0.721s] Level 1:colcon.colcon_core.package_identification:_identify(h30_test_02_turn_90_fastlio) by extensions ['colcon_pkg']
[0.721s] Level 1:colcon.colcon_core.package_identification:_identify(h30_test_02_turn_90_fastlio) by extension 'colcon_pkg'
[0.721s] Level 1:colcon.colcon_core.package_identification:_identify(h30_test_02_turn_90_fastlio) by extensions ['colcon_meta']
[0.721s] Level 1:colcon.colcon_core.package_identification:_identify(h30_test_02_turn_90_fastlio) by extension 'colcon_meta'
[0.721s] Level 1:colcon.colcon_core.package_identification:_identify(h30_test_02_turn_90_fastlio) by extensions ['ros']
[0.721s] Level 1:colcon.colcon_core.package_identification:_identify(h30_test_02_turn_90_fastlio) by extension 'ros'
[0.721s] Level 1:colcon.colcon_core.package_identification:_identify(h30_test_02_turn_90_fastlio) by extensions ['cmake', 'python']
[0.722s] Level 1:colcon.colcon_core.package_identification:_identify(h30_test_02_turn_90_fastlio) by extension 'cmake'
[0.722s] Level 1:colcon.colcon_core.package_identification:_identify(h30_test_02_turn_90_fastlio) by extension 'python'
[0.722s] Level 1:colcon.colcon_core.package_identification:_identify(h30_test_02_turn_90_fastlio) by extensions ['python_setup_py']
[0.722s] Level 1:colcon.colcon_core.package_identification:_identify(h30_test_02_turn_90_fastlio) by extension 'python_setup_py'
[0.722s] Level 1:colcon.colcon_core.package_identification:_identify(h30_test_03_blocked_wheel_spin_fastlio) by extensions ['ignore', 'ignore_ament_install']
[0.722s] Level 1:colcon.colcon_core.package_identification:_identify(h30_test_03_blocked_wheel_spin_fastlio) by extension 'ignore'
[0.722s] Level 1:colcon.colcon_core.package_identification:_identify(h30_test_03_blocked_wheel_spin_fastlio) by extension 'ignore_ament_install'
[0.722s] Level 1:colcon.colcon_core.package_identification:_identify(h30_test_03_blocked_wheel_spin_fastlio) by extensions ['colcon_pkg']
[0.722s] Level 1:colcon.colcon_core.package_identification:_identify(h30_test_03_blocked_wheel_spin_fastlio) by extension 'colcon_pkg'
[0.723s] Level 1:colcon.colcon_core.package_identification:_identify(h30_test_03_blocked_wheel_spin_fastlio) by extensions ['colcon_meta']
[0.723s] Level 1:colcon.colcon_core.package_identification:_identify(h30_test_03_blocked_wheel_spin_fastlio) by extension 'colcon_meta'
[0.723s] Level 1:colcon.colcon_core.package_identification:_identify(h30_test_03_blocked_wheel_spin_fastlio) by extensions ['ros']
[0.723s] Level 1:colcon.colcon_core.package_identification:_identify(h30_test_03_blocked_wheel_spin_fastlio) by extension 'ros'
[0.723s] Level 1:colcon.colcon_core.package_identification:_identify(h30_test_03_blocked_wheel_spin_fastlio) by extensions ['cmake', 'python']
[0.723s] Level 1:colcon.colcon_core.package_identification:_identify(h30_test_03_blocked_wheel_spin_fastlio) by extension 'cmake'
[0.723s] Level 1:colcon.colcon_core.package_identification:_identify(h30_test_03_blocked_wheel_spin_fastlio) by extension 'python'
[0.723s] Level 1:colcon.colcon_core.package_identification:_identify(h30_test_03_blocked_wheel_spin_fastlio) by extensions ['python_setup_py']
[0.723s] Level 1:colcon.colcon_core.package_identification:_identify(h30_test_03_blocked_wheel_spin_fastlio) by extension 'python_setup_py'
[0.723s] Level 1:colcon.colcon_core.package_identification:_identify(h30_test_04_normal_forward_fastlio) by extensions ['ignore', 'ignore_ament_install']
[0.724s] Level 1:colcon.colcon_core.package_identification:_identify(h30_test_04_normal_forward_fastlio) by extension 'ignore'
[0.724s] Level 1:colcon.colcon_core.package_identification:_identify(h30_test_04_normal_forward_fastlio) by extension 'ignore_ament_install'
[0.724s] Level 1:colcon.colcon_core.package_identification:_identify(h30_test_04_normal_forward_fastlio) by extensions ['colcon_pkg']
[0.724s] Level 1:colcon.colcon_core.package_identification:_identify(h30_test_04_normal_forward_fastlio) by extension 'colcon_pkg'
[0.724s] Level 1:colcon.colcon_core.package_identification:_identify(h30_test_04_normal_forward_fastlio) by extensions ['colcon_meta']
[0.724s] Level 1:colcon.colcon_core.package_identification:_identify(h30_test_04_normal_forward_fastlio) by extension 'colcon_meta'
[0.724s] Level 1:colcon.colcon_core.package_identification:_identify(h30_test_04_normal_forward_fastlio) by extensions ['ros']
[0.724s] Level 1:colcon.colcon_core.package_identification:_identify(h30_test_04_normal_forward_fastlio) by extension 'ros'
[0.724s] Level 1:colcon.colcon_core.package_identification:_identify(h30_test_04_normal_forward_fastlio) by extensions ['cmake', 'python']
[0.724s] Level 1:colcon.colcon_core.package_identification:_identify(h30_test_04_normal_forward_fastlio) by extension 'cmake'
[0.724s] Level 1:colcon.colcon_core.package_identification:_identify(h30_test_04_normal_forward_fastlio) by extension 'python'
[0.725s] Level 1:colcon.colcon_core.package_identification:_identify(h30_test_04_normal_forward_fastlio) by extensions ['python_setup_py']
[0.725s] Level 1:colcon.colcon_core.package_identification:_identify(h30_test_04_normal_forward_fastlio) by extension 'python_setup_py'
[0.725s] Level 1:colcon.colcon_core.package_identification:_identify(install) by extensions ['ignore', 'ignore_ament_install']
[0.725s] Level 1:colcon.colcon_core.package_identification:_identify(install) by extension 'ignore'
[0.725s] Level 1:colcon.colcon_core.package_identification:_identify(install) ignored
[0.726s] Level 1:colcon.colcon_core.package_identification:_identify(log) by extensions ['ignore', 'ignore_ament_install']
[0.726s] Level 1:colcon.colcon_core.package_identification:_identify(log) by extension 'ignore'
[0.726s] Level 1:colcon.colcon_core.package_identification:_identify(log) ignored
[0.726s] Level 1:colcon.colcon_core.package_identification:_identify(pid_tracking_results) by extensions ['ignore', 'ignore_ament_install']
[0.726s] Level 1:colcon.colcon_core.package_identification:_identify(pid_tracking_results) by extension 'ignore'
[0.726s] Level 1:colcon.colcon_core.package_identification:_identify(pid_tracking_results) by extension 'ignore_ament_install'
[0.727s] Level 1:colcon.colcon_core.package_identification:_identify(pid_tracking_results) by extensions ['colcon_pkg']
[0.727s] Level 1:colcon.colcon_core.package_identification:_identify(pid_tracking_results) by extension 'colcon_pkg'
[0.727s] Level 1:colcon.colcon_core.package_identification:_identify(pid_tracking_results) by extensions ['colcon_meta']
[0.727s] Level 1:colcon.colcon_core.package_identification:_identify(pid_tracking_results) by extension 'colcon_meta'
[0.727s] Level 1:colcon.colcon_core.package_identification:_identify(pid_tracking_results) by extensions ['ros']
[0.727s] Level 1:colcon.colcon_core.package_identification:_identify(pid_tracking_results) by extension 'ros'
[0.727s] Level 1:colcon.colcon_core.package_identification:_identify(pid_tracking_results) by extensions ['cmake', 'python']
[0.727s] Level 1:colcon.colcon_core.package_identification:_identify(pid_tracking_results) by extension 'cmake'
[0.727s] Level 1:colcon.colcon_core.package_identification:_identify(pid_tracking_results) by extension 'python'
[0.727s] Level 1:colcon.colcon_core.package_identification:_identify(pid_tracking_results) by extensions ['python_setup_py']
[0.727s] Level 1:colcon.colcon_core.package_identification:_identify(pid_tracking_results) by extension 'python_setup_py'
[0.728s] Level 1:colcon.colcon_core.package_identification:_identify(pid_tracking_results/run_20260724_231208) by extensions ['ignore', 'ignore_ament_install']
[0.728s] Level 1:colcon.colcon_core.package_identification:_identify(pid_tracking_results/run_20260724_231208) by extension 'ignore'
[0.728s] Level 1:colcon.colcon_core.package_identification:_identify(pid_tracking_results/run_20260724_231208) by extension 'ignore_ament_install'
[0.728s] Level 1:colcon.colcon_core.package_identification:_identify(pid_tracking_results/run_20260724_231208) by extensions ['colcon_pkg']
[0.728s] Level 1:colcon.colcon_core.package_identification:_identify(pid_tracking_results/run_20260724_231208) by extension 'colcon_pkg'
[0.728s] Level 1:colcon.colcon_core.package_identification:_identify(pid_tracking_results/run_20260724_231208) by extensions ['colcon_meta']
[0.728s] Level 1:colcon.colcon_core.package_identification:_identify(pid_tracking_results/run_20260724_231208) by extension 'colcon_meta'
[0.728s] Level 1:colcon.colcon_core.package_identification:_identify(pid_tracking_results/run_20260724_231208) by extensions ['ros']
[0.728s] Level 1:colcon.colcon_core.package_identification:_identify(pid_tracking_results/run_20260724_231208) by extension 'ros'
[0.729s] Level 1:colcon.colcon_core.package_identification:_identify(pid_tracking_results/run_20260724_231208) by extensions ['cmake', 'python']
[0.729s] Level 1:colcon.colcon_core.package_identification:_identify(pid_tracking_results/run_20260724_231208) by extension 'cmake'
[0.729s] Level 1:colcon.colcon_core.package_identification:_identify(pid_tracking_results/run_20260724_231208) by extension 'python'
[0.729s] Level 1:colcon.colcon_core.package_identification:_identify(pid_tracking_results/run_20260724_231208) by extensions ['python_setup_py']
[0.729s] Level 1:colcon.colcon_core.package_identification:_identify(pid_tracking_results/run_20260724_231208) by extension 'python_setup_py'
[0.729s] Level 1:colcon.colcon_core.package_identification:_identify(pid_tracking_results/run_20260724_231928) by extensions ['ignore', 'ignore_ament_install']
[0.729s] Level 1:colcon.colcon_core.package_identification:_identify(pid_tracking_results/run_20260724_231928) by extension 'ignore'
[0.729s] Level 1:colcon.colcon_core.package_identification:_identify(pid_tracking_results/run_20260724_231928) by extension 'ignore_ament_install'
[0.730s] Level 1:colcon.colcon_core.package_identification:_identify(pid_tracking_results/run_20260724_231928) by extensions ['colcon_pkg']
[0.730s] Level 1:colcon.colcon_core.package_identification:_identify(pid_tracking_results/run_20260724_231928) by extension 'colcon_pkg'
[0.730s] Level 1:colcon.colcon_core.package_identification:_identify(pid_tracking_results/run_20260724_231928) by extensions ['colcon_meta']
[0.730s] Level 1:colcon.colcon_core.package_identification:_identify(pid_tracking_results/run_20260724_231928) by extension 'colcon_meta'
[0.730s] Level 1:colcon.colcon_core.package_identification:_identify(pid_tracking_results/run_20260724_231928) by extensions ['ros']
[0.730s] Level 1:colcon.colcon_core.package_identification:_identify(pid_tracking_results/run_20260724_231928) by extension 'ros'
[0.730s] Level 1:colcon.colcon_core.package_identification:_identify(pid_tracking_results/run_20260724_231928) by extensions ['cmake', 'python']
[0.730s] Level 1:colcon.colcon_core.package_identification:_identify(pid_tracking_results/run_20260724_231928) by extension 'cmake'
[0.730s] Level 1:colcon.colcon_core.package_identification:_identify(pid_tracking_results/run_20260724_231928) by extension 'python'
[0.730s] Level 1:colcon.colcon_core.package_identification:_identify(pid_tracking_results/run_20260724_231928) by extensions ['python_setup_py']
[0.730s] Level 1:colcon.colcon_core.package_identification:_identify(pid_tracking_results/run_20260724_231928) by extension 'python_setup_py'
[0.731s] Level 1:colcon.colcon_core.package_identification:_identify(pid_tracking_results/run_20260724_232126) by extensions ['ignore', 'ignore_ament_install']
[0.731s] Level 1:colcon.colcon_core.package_identification:_identify(pid_tracking_results/run_20260724_232126) by extension 'ignore'
[0.731s] Level 1:colcon.colcon_core.package_identification:_identify(pid_tracking_results/run_20260724_232126) by extension 'ignore_ament_install'
[0.731s] Level 1:colcon.colcon_core.package_identification:_identify(pid_tracking_results/run_20260724_232126) by extensions ['colcon_pkg']
[0.731s] Level 1:colcon.colcon_core.package_identification:_identify(pid_tracking_results/run_20260724_232126) by extension 'colcon_pkg'
[0.731s] Level 1:colcon.colcon_core.package_identification:_identify(pid_tracking_results/run_20260724_232126) by extensions ['colcon_meta']
[0.731s] Level 1:colcon.colcon_core.package_identification:_identify(pid_tracking_results/run_20260724_232126) by extension 'colcon_meta'
[0.731s] Level 1:colcon.colcon_core.package_identification:_identify(pid_tracking_results/run_20260724_232126) by extensions ['ros']
[0.731s] Level 1:colcon.colcon_core.package_identification:_identify(pid_tracking_results/run_20260724_232126) by extension 'ros'
[0.732s] Level 1:colcon.colcon_core.package_identification:_identify(pid_tracking_results/run_20260724_232126) by extensions ['cmake', 'python']
[0.732s] Level 1:colcon.colcon_core.package_identification:_identify(pid_tracking_results/run_20260724_232126) by extension 'cmake'
[0.732s] Level 1:colcon.colcon_core.package_identification:_identify(pid_tracking_results/run_20260724_232126) by extension 'python'
[0.732s] Level 1:colcon.colcon_core.package_identification:_identify(pid_tracking_results/run_20260724_232126) by extensions ['python_setup_py']
[0.732s] Level 1:colcon.colcon_core.package_identification:_identify(pid_tracking_results/run_20260724_232126) by extension 'python_setup_py'
[0.732s] Level 1:colcon.colcon_core.package_identification:_identify(pid_tracking_results/run_20260725_102724) by extensions ['ignore', 'ignore_ament_install']
[0.732s] Level 1:colcon.colcon_core.package_identification:_identify(pid_tracking_results/run_20260725_102724) by extension 'ignore'
[0.732s] Level 1:colcon.colcon_core.package_identification:_identify(pid_tracking_results/run_20260725_102724) by extension 'ignore_ament_install'
[0.732s] Level 1:colcon.colcon_core.package_identification:_identify(pid_tracking_results/run_20260725_102724) by extensions ['colcon_pkg']
[0.733s] Level 1:colcon.colcon_core.package_identification:_identify(pid_tracking_results/run_20260725_102724) by extension 'colcon_pkg'
[0.733s] Level 1:colcon.colcon_core.package_identification:_identify(pid_tracking_results/run_20260725_102724) by extensions ['colcon_meta']
[0.733s] Level 1:colcon.colcon_core.package_identification:_identify(pid_tracking_results/run_20260725_102724) by extension 'colcon_meta'
[0.733s] Level 1:colcon.colcon_core.package_identification:_identify(pid_tracking_results/run_20260725_102724) by extensions ['ros']
[0.733s] Level 1:colcon.colcon_core.package_identification:_identify(pid_tracking_results/run_20260725_102724) by extension 'ros'
[0.733s] Level 1:colcon.colcon_core.package_identification:_identify(pid_tracking_results/run_20260725_102724) by extensions ['cmake', 'python']
[0.733s] Level 1:colcon.colcon_core.package_identification:_identify(pid_tracking_results/run_20260725_102724) by extension 'cmake'
[0.733s] Level 1:colcon.colcon_core.package_identification:_identify(pid_tracking_results/run_20260725_102724) by extension 'python'
[0.733s] Level 1:colcon.colcon_core.package_identification:_identify(pid_tracking_results/run_20260725_102724) by extensions ['python_setup_py']
[0.733s] Level 1:colcon.colcon_core.package_identification:_identify(pid_tracking_results/run_20260725_102724) by extension 'python_setup_py'
[0.734s] Level 1:colcon.colcon_core.package_identification:_identify(pid_tracking_results/run_20260725_102918) by extensions ['ignore', 'ignore_ament_install']
[0.734s] Level 1:colcon.colcon_core.package_identification:_identify(pid_tracking_results/run_20260725_102918) by extension 'ignore'
[0.734s] Level 1:colcon.colcon_core.package_identification:_identify(pid_tracking_results/run_20260725_102918) by extension 'ignore_ament_install'
[0.734s] Level 1:colcon.colcon_core.package_identification:_identify(pid_tracking_results/run_20260725_102918) by extensions ['colcon_pkg']
[0.734s] Level 1:colcon.colcon_core.package_identification:_identify(pid_tracking_results/run_20260725_102918) by extension 'colcon_pkg'
[0.734s] Level 1:colcon.colcon_core.package_identification:_identify(pid_tracking_results/run_20260725_102918) by extensions ['colcon_meta']
[0.734s] Level 1:colcon.colcon_core.package_identification:_identify(pid_tracking_results/run_20260725_102918) by extension 'colcon_meta'
[0.734s] Level 1:colcon.colcon_core.package_identification:_identify(pid_tracking_results/run_20260725_102918) by extensions ['ros']
[0.734s] Level 1:colcon.colcon_core.package_identification:_identify(pid_tracking_results/run_20260725_102918) by extension 'ros'
[0.735s] Level 1:colcon.colcon_core.package_identification:_identify(pid_tracking_results/run_20260725_102918) by extensions ['cmake', 'python']
[0.735s] Level 1:colcon.colcon_core.package_identification:_identify(pid_tracking_results/run_20260725_102918) by extension 'cmake'
[0.735s] Level 1:colcon.colcon_core.package_identification:_identify(pid_tracking_results/run_20260725_102918) by extension 'python'
[0.735s] Level 1:colcon.colcon_core.package_identification:_identify(pid_tracking_results/run_20260725_102918) by extensions ['python_setup_py']
[0.735s] Level 1:colcon.colcon_core.package_identification:_identify(pid_tracking_results/run_20260725_102918) by extension 'python_setup_py'
[0.735s] Level 1:colcon.colcon_core.package_identification:_identify(pid_tracking_results/run_20260725_103259) by extensions ['ignore', 'ignore_ament_install']
[0.735s] Level 1:colcon.colcon_core.package_identification:_identify(pid_tracking_results/run_20260725_103259) by extension 'ignore'
[0.735s] Level 1:colcon.colcon_core.package_identification:_identify(pid_tracking_results/run_20260725_103259) by extension 'ignore_ament_install'
[0.735s] Level 1:colcon.colcon_core.package_identification:_identify(pid_tracking_results/run_20260725_103259) by extensions ['colcon_pkg']
[0.736s] Level 1:colcon.colcon_core.package_identification:_identify(pid_tracking_results/run_20260725_103259) by extension 'colcon_pkg'
[0.736s] Level 1:colcon.colcon_core.package_identification:_identify(pid_tracking_results/run_20260725_103259) by extensions ['colcon_meta']
[0.736s] Level 1:colcon.colcon_core.package_identification:_identify(pid_tracking_results/run_20260725_103259) by extension 'colcon_meta'
[0.736s] Level 1:colcon.colcon_core.package_identification:_identify(pid_tracking_results/run_20260725_103259) by extensions ['ros']
[0.736s] Level 1:colcon.colcon_core.package_identification:_identify(pid_tracking_results/run_20260725_103259) by extension 'ros'
[0.736s] Level 1:colcon.colcon_core.package_identification:_identify(pid_tracking_results/run_20260725_103259) by extensions ['cmake', 'python']
[0.736s] Level 1:colcon.colcon_core.package_identification:_identify(pid_tracking_results/run_20260725_103259) by extension 'cmake'
[0.736s] Level 1:colcon.colcon_core.package_identification:_identify(pid_tracking_results/run_20260725_103259) by extension 'python'
[0.736s] Level 1:colcon.colcon_core.package_identification:_identify(pid_tracking_results/run_20260725_103259) by extensions ['python_setup_py']
[0.736s] Level 1:colcon.colcon_core.package_identification:_identify(pid_tracking_results/run_20260725_103259) by extension 'python_setup_py'
[0.737s] Level 1:colcon.colcon_core.package_identification:_identify(pid_tracking_results/run_20260725_103504) by extensions ['ignore', 'ignore_ament_install']
[0.737s] Level 1:colcon.colcon_core.package_identification:_identify(pid_tracking_results/run_20260725_103504) by extension 'ignore'
[0.737s] Level 1:colcon.colcon_core.package_identification:_identify(pid_tracking_results/run_20260725_103504) by extension 'ignore_ament_install'
[0.737s] Level 1:colcon.colcon_core.package_identification:_identify(pid_tracking_results/run_20260725_103504) by extensions ['colcon_pkg']
[0.737s] Level 1:colcon.colcon_core.package_identification:_identify(pid_tracking_results/run_20260725_103504) by extension 'colcon_pkg'
[0.737s] Level 1:colcon.colcon_core.package_identification:_identify(pid_tracking_results/run_20260725_103504) by extensions ['colcon_meta']
[0.737s] Level 1:colcon.colcon_core.package_identification:_identify(pid_tracking_results/run_20260725_103504) by extension 'colcon_meta'
[0.737s] Level 1:colcon.colcon_core.package_identification:_identify(pid_tracking_results/run_20260725_103504) by extensions ['ros']
[0.737s] Level 1:colcon.colcon_core.package_identification:_identify(pid_tracking_results/run_20260725_103504) by extension 'ros'
[0.737s] Level 1:colcon.colcon_core.package_identification:_identify(pid_tracking_results/run_20260725_103504) by extensions ['cmake', 'python']
[0.738s] Level 1:colcon.colcon_core.package_identification:_identify(pid_tracking_results/run_20260725_103504) by extension 'cmake'
[0.738s] Level 1:colcon.colcon_core.package_identification:_identify(pid_tracking_results/run_20260725_103504) by extension 'python'
[0.738s] Level 1:colcon.colcon_core.package_identification:_identify(pid_tracking_results/run_20260725_103504) by extensions ['python_setup_py']
[0.738s] Level 1:colcon.colcon_core.package_identification:_identify(pid_tracking_results/run_20260725_103504) by extension 'python_setup_py'
[0.738s] Level 1:colcon.colcon_core.package_identification:_identify(pid_tracking_results/run_20260725_103625) by extensions ['ignore', 'ignore_ament_install']
[0.738s] Level 1:colcon.colcon_core.package_identification:_identify(pid_tracking_results/run_20260725_103625) by extension 'ignore'
[0.738s] Level 1:colcon.colcon_core.package_identification:_identify(pid_tracking_results/run_20260725_103625) by extension 'ignore_ament_install'
[0.738s] Level 1:colcon.colcon_core.package_identification:_identify(pid_tracking_results/run_20260725_103625) by extensions ['colcon_pkg']
[0.738s] Level 1:colcon.colcon_core.package_identification:_identify(pid_tracking_results/run_20260725_103625) by extension 'colcon_pkg'
[0.739s] Level 1:colcon.colcon_core.package_identification:_identify(pid_tracking_results/run_20260725_103625) by extensions ['colcon_meta']
[0.739s] Level 1:colcon.colcon_core.package_identification:_identify(pid_tracking_results/run_20260725_103625) by extension 'colcon_meta'
[0.739s] Level 1:colcon.colcon_core.package_identification:_identify(pid_tracking_results/run_20260725_103625) by extensions ['ros']
[0.739s] Level 1:colcon.colcon_core.package_identification:_identify(pid_tracking_results/run_20260725_103625) by extension 'ros'
[0.739s] Level 1:colcon.colcon_core.package_identification:_identify(pid_tracking_results/run_20260725_103625) by extensions ['cmake', 'python']
[0.739s] Level 1:colcon.colcon_core.package_identification:_identify(pid_tracking_results/run_20260725_103625) by extension 'cmake'
[0.739s] Level 1:colcon.colcon_core.package_identification:_identify(pid_tracking_results/run_20260725_103625) by extension 'python'
[0.739s] Level 1:colcon.colcon_core.package_identification:_identify(pid_tracking_results/run_20260725_103625) by extensions ['python_setup_py']
[0.739s] Level 1:colcon.colcon_core.package_identification:_identify(pid_tracking_results/run_20260725_103625) by extension 'python_setup_py'
[0.739s] Level 1:colcon.colcon_core.package_identification:_identify(pid_tracking_results/run_20260725_103940) by extensions ['ignore', 'ignore_ament_install']
[0.740s] Level 1:colcon.colcon_core.package_identification:_identify(pid_tracking_results/run_20260725_103940) by extension 'ignore'
[0.740s] Level 1:colcon.colcon_core.package_identification:_identify(pid_tracking_results/run_20260725_103940) by extension 'ignore_ament_install'
[0.740s] Level 1:colcon.colcon_core.package_identification:_identify(pid_tracking_results/run_20260725_103940) by extensions ['colcon_pkg']
[0.740s] Level 1:colcon.colcon_core.package_identification:_identify(pid_tracking_results/run_20260725_103940) by extension 'colcon_pkg'
[0.740s] Level 1:colcon.colcon_core.package_identification:_identify(pid_tracking_results/run_20260725_103940) by extensions ['colcon_meta']
[0.740s] Level 1:colcon.colcon_core.package_identification:_identify(pid_tracking_results/run_20260725_103940) by extension 'colcon_meta'
[0.740s] Level 1:colcon.colcon_core.package_identification:_identify(pid_tracking_results/run_20260725_103940) by extensions ['ros']
[0.740s] Level 1:colcon.colcon_core.package_identification:_identify(pid_tracking_results/run_20260725_103940) by extension 'ros'
[0.740s] Level 1:colcon.colcon_core.package_identification:_identify(pid_tracking_results/run_20260725_103940) by extensions ['cmake', 'python']
[0.740s] Level 1:colcon.colcon_core.package_identification:_identify(pid_tracking_results/run_20260725_103940) by extension 'cmake'
[0.741s] Level 1:colcon.colcon_core.package_identification:_identify(pid_tracking_results/run_20260725_103940) by extension 'python'
[0.741s] Level 1:colcon.colcon_core.package_identification:_identify(pid_tracking_results/run_20260725_103940) by extensions ['python_setup_py']
[0.741s] Level 1:colcon.colcon_core.package_identification:_identify(pid_tracking_results/run_20260725_103940) by extension 'python_setup_py'
[0.741s] Level 1:colcon.colcon_core.package_identification:_identify(pid_tracking_results/run_20260725_104029) by extensions ['ignore', 'ignore_ament_install']
[0.741s] Level 1:colcon.colcon_core.package_identification:_identify(pid_tracking_results/run_20260725_104029) by extension 'ignore'
[0.741s] Level 1:colcon.colcon_core.package_identification:_identify(pid_tracking_results/run_20260725_104029) by extension 'ignore_ament_install'
[0.741s] Level 1:colcon.colcon_core.package_identification:_identify(pid_tracking_results/run_20260725_104029) by extensions ['colcon_pkg']
[0.741s] Level 1:colcon.colcon_core.package_identification:_identify(pid_tracking_results/run_20260725_104029) by extension 'colcon_pkg'
[0.741s] Level 1:colcon.colcon_core.package_identification:_identify(pid_tracking_results/run_20260725_104029) by extensions ['colcon_meta']
[0.742s] Level 1:colcon.colcon_core.package_identification:_identify(pid_tracking_results/run_20260725_104029) by extension 'colcon_meta'
[0.742s] Level 1:colcon.colcon_core.package_identification:_identify(pid_tracking_results/run_20260725_104029) by extensions ['ros']
[0.742s] Level 1:colcon.colcon_core.package_identification:_identify(pid_tracking_results/run_20260725_104029) by extension 'ros'
[0.742s] Level 1:colcon.colcon_core.package_identification:_identify(pid_tracking_results/run_20260725_104029) by extensions ['cmake', 'python']
[0.742s] Level 1:colcon.colcon_core.package_identification:_identify(pid_tracking_results/run_20260725_104029) by extension 'cmake'
[0.742s] Level 1:colcon.colcon_core.package_identification:_identify(pid_tracking_results/run_20260725_104029) by extension 'python'
[0.742s] Level 1:colcon.colcon_core.package_identification:_identify(pid_tracking_results/run_20260725_104029) by extensions ['python_setup_py']
[0.742s] Level 1:colcon.colcon_core.package_identification:_identify(pid_tracking_results/run_20260725_104029) by extension 'python_setup_py'
[0.742s] Level 1:colcon.colcon_core.package_identification:_identify(pid_tracking_results/run_20260725_104852) by extensions ['ignore', 'ignore_ament_install']
[0.743s] Level 1:colcon.colcon_core.package_identification:_identify(pid_tracking_results/run_20260725_104852) by extension 'ignore'
[0.743s] Level 1:colcon.colcon_core.package_identification:_identify(pid_tracking_results/run_20260725_104852) by extension 'ignore_ament_install'
[0.743s] Level 1:colcon.colcon_core.package_identification:_identify(pid_tracking_results/run_20260725_104852) by extensions ['colcon_pkg']
[0.743s] Level 1:colcon.colcon_core.package_identification:_identify(pid_tracking_results/run_20260725_104852) by extension 'colcon_pkg'
[0.743s] Level 1:colcon.colcon_core.package_identification:_identify(pid_tracking_results/run_20260725_104852) by extensions ['colcon_meta']
[0.743s] Level 1:colcon.colcon_core.package_identification:_identify(pid_tracking_results/run_20260725_104852) by extension 'colcon_meta'
[0.743s] Level 1:colcon.colcon_core.package_identification:_identify(pid_tracking_results/run_20260725_104852) by extensions ['ros']
[0.743s] Level 1:colcon.colcon_core.package_identification:_identify(pid_tracking_results/run_20260725_104852) by extension 'ros'
[0.743s] Level 1:colcon.colcon_core.package_identification:_identify(pid_tracking_results/run_20260725_104852) by extensions ['cmake', 'python']
[0.743s] Level 1:colcon.colcon_core.package_identification:_identify(pid_tracking_results/run_20260725_104852) by extension 'cmake'
[0.743s] Level 1:colcon.colcon_core.package_identification:_identify(pid_tracking_results/run_20260725_104852) by extension 'python'
[0.744s] Level 1:colcon.colcon_core.package_identification:_identify(pid_tracking_results/run_20260725_104852) by extensions ['python_setup_py']
[0.744s] Level 1:colcon.colcon_core.package_identification:_identify(pid_tracking_results/run_20260725_104852) by extension 'python_setup_py'
[0.744s] Level 1:colcon.colcon_core.package_identification:_identify(pid_tracking_results/run_20260725_105331) by extensions ['ignore', 'ignore_ament_install']
[0.744s] Level 1:colcon.colcon_core.package_identification:_identify(pid_tracking_results/run_20260725_105331) by extension 'ignore'
[0.744s] Level 1:colcon.colcon_core.package_identification:_identify(pid_tracking_results/run_20260725_105331) by extension 'ignore_ament_install'
[0.744s] Level 1:colcon.colcon_core.package_identification:_identify(pid_tracking_results/run_20260725_105331) by extensions ['colcon_pkg']
[0.744s] Level 1:colcon.colcon_core.package_identification:_identify(pid_tracking_results/run_20260725_105331) by extension 'colcon_pkg'
[0.744s] Level 1:colcon.colcon_core.package_identification:_identify(pid_tracking_results/run_20260725_105331) by extensions ['colcon_meta']
[0.744s] Level 1:colcon.colcon_core.package_identification:_identify(pid_tracking_results/run_20260725_105331) by extension 'colcon_meta'
[0.745s] Level 1:colcon.colcon_core.package_identification:_identify(pid_tracking_results/run_20260725_105331) by extensions ['ros']
[0.745s] Level 1:colcon.colcon_core.package_identification:_identify(pid_tracking_results/run_20260725_105331) by extension 'ros'
[0.745s] Level 1:colcon.colcon_core.package_identification:_identify(pid_tracking_results/run_20260725_105331) by extensions ['cmake', 'python']
[0.745s] Level 1:colcon.colcon_core.package_identification:_identify(pid_tracking_results/run_20260725_105331) by extension 'cmake'
[0.745s] Level 1:colcon.colcon_core.package_identification:_identify(pid_tracking_results/run_20260725_105331) by extension 'python'
[0.745s] Level 1:colcon.colcon_core.package_identification:_identify(pid_tracking_results/run_20260725_105331) by extensions ['python_setup_py']
[0.745s] Level 1:colcon.colcon_core.package_identification:_identify(pid_tracking_results/run_20260725_105331) by extension 'python_setup_py'
[0.745s] Level 1:colcon.colcon_core.package_identification:_identify(pid_tracking_results/run_20260725_105425) by extensions ['ignore', 'ignore_ament_install']
[0.745s] Level 1:colcon.colcon_core.package_identification:_identify(pid_tracking_results/run_20260725_105425) by extension 'ignore'
[0.746s] Level 1:colcon.colcon_core.package_identification:_identify(pid_tracking_results/run_20260725_105425) by extension 'ignore_ament_install'
[0.746s] Level 1:colcon.colcon_core.package_identification:_identify(pid_tracking_results/run_20260725_105425) by extensions ['colcon_pkg']
[0.746s] Level 1:colcon.colcon_core.package_identification:_identify(pid_tracking_results/run_20260725_105425) by extension 'colcon_pkg'
[0.746s] Level 1:colcon.colcon_core.package_identification:_identify(pid_tracking_results/run_20260725_105425) by extensions ['colcon_meta']
[0.746s] Level 1:colcon.colcon_core.package_identification:_identify(pid_tracking_results/run_20260725_105425) by extension 'colcon_meta'
[0.746s] Level 1:colcon.colcon_core.package_identification:_identify(pid_tracking_results/run_20260725_105425) by extensions ['ros']
[0.746s] Level 1:colcon.colcon_core.package_identification:_identify(pid_tracking_results/run_20260725_105425) by extension 'ros'
[0.746s] Level 1:colcon.colcon_core.package_identification:_identify(pid_tracking_results/run_20260725_105425) by extensions ['cmake', 'python']
[0.746s] Level 1:colcon.colcon_core.package_identification:_identify(pid_tracking_results/run_20260725_105425) by extension 'cmake'
[0.746s] Level 1:colcon.colcon_core.package_identification:_identify(pid_tracking_results/run_20260725_105425) by extension 'python'
[0.747s] Level 1:colcon.colcon_core.package_identification:_identify(pid_tracking_results/run_20260725_105425) by extensions ['python_setup_py']
[0.747s] Level 1:colcon.colcon_core.package_identification:_identify(pid_tracking_results/run_20260725_105425) by extension 'python_setup_py'
[0.747s] Level 1:colcon.colcon_core.package_identification:_identify(pid_tracking_results/run_20260725_105644) by extensions ['ignore', 'ignore_ament_install']
[0.747s] Level 1:colcon.colcon_core.package_identification:_identify(pid_tracking_results/run_20260725_105644) by extension 'ignore'
[0.747s] Level 1:colcon.colcon_core.package_identification:_identify(pid_tracking_results/run_20260725_105644) by extension 'ignore_ament_install'
[0.747s] Level 1:colcon.colcon_core.package_identification:_identify(pid_tracking_results/run_20260725_105644) by extensions ['colcon_pkg']
[0.747s] Level 1:colcon.colcon_core.package_identification:_identify(pid_tracking_results/run_20260725_105644) by extension 'colcon_pkg'
[0.747s] Level 1:colcon.colcon_core.package_identification:_identify(pid_tracking_results/run_20260725_105644) by extensions ['colcon_meta']
[0.747s] Level 1:colcon.colcon_core.package_identification:_identify(pid_tracking_results/run_20260725_105644) by extension 'colcon_meta'
[0.747s] Level 1:colcon.colcon_core.package_identification:_identify(pid_tracking_results/run_20260725_105644) by extensions ['ros']
[0.748s] Level 1:colcon.colcon_core.package_identification:_identify(pid_tracking_results/run_20260725_105644) by extension 'ros'
[0.748s] Level 1:colcon.colcon_core.package_identification:_identify(pid_tracking_results/run_20260725_105644) by extensions ['cmake', 'python']
[0.748s] Level 1:colcon.colcon_core.package_identification:_identify(pid_tracking_results/run_20260725_105644) by extension 'cmake'
[0.748s] Level 1:colcon.colcon_core.package_identification:_identify(pid_tracking_results/run_20260725_105644) by extension 'python'
[0.748s] Level 1:colcon.colcon_core.package_identification:_identify(pid_tracking_results/run_20260725_105644) by extensions ['python_setup_py']
[0.748s] Level 1:colcon.colcon_core.package_identification:_identify(pid_tracking_results/run_20260725_105644) by extension 'python_setup_py'
[0.748s] Level 1:colcon.colcon_core.package_identification:_identify(pid_tracking_results/run_20260725_105721) by extensions ['ignore', 'ignore_ament_install']
[0.748s] Level 1:colcon.colcon_core.package_identification:_identify(pid_tracking_results/run_20260725_105721) by extension 'ignore'
[0.748s] Level 1:colcon.colcon_core.package_identification:_identify(pid_tracking_results/run_20260725_105721) by extension 'ignore_ament_install'
[0.749s] Level 1:colcon.colcon_core.package_identification:_identify(pid_tracking_results/run_20260725_105721) by extensions ['colcon_pkg']
[0.749s] Level 1:colcon.colcon_core.package_identification:_identify(pid_tracking_results/run_20260725_105721) by extension 'colcon_pkg'
[0.749s] Level 1:colcon.colcon_core.package_identification:_identify(pid_tracking_results/run_20260725_105721) by extensions ['colcon_meta']
[0.749s] Level 1:colcon.colcon_core.package_identification:_identify(pid_tracking_results/run_20260725_105721) by extension 'colcon_meta'
[0.749s] Level 1:colcon.colcon_core.package_identification:_identify(pid_tracking_results/run_20260725_105721) by extensions ['ros']
[0.749s] Level 1:colcon.colcon_core.package_identification:_identify(pid_tracking_results/run_20260725_105721) by extension 'ros'
[0.749s] Level 1:colcon.colcon_core.package_identification:_identify(pid_tracking_results/run_20260725_105721) by extensions ['cmake', 'python']
[0.749s] Level 1:colcon.colcon_core.package_identification:_identify(pid_tracking_results/run_20260725_105721) by extension 'cmake'
[0.749s] Level 1:colcon.colcon_core.package_identification:_identify(pid_tracking_results/run_20260725_105721) by extension 'python'
[0.749s] Level 1:colcon.colcon_core.package_identification:_identify(pid_tracking_results/run_20260725_105721) by extensions ['python_setup_py']
[0.750s] Level 1:colcon.colcon_core.package_identification:_identify(pid_tracking_results/run_20260725_105721) by extension 'python_setup_py'
[0.750s] Level 1:colcon.colcon_core.package_identification:_identify(pid_tracking_results/run_20260725_110917) by extensions ['ignore', 'ignore_ament_install']
[0.750s] Level 1:colcon.colcon_core.package_identification:_identify(pid_tracking_results/run_20260725_110917) by extension 'ignore'
[0.750s] Level 1:colcon.colcon_core.package_identification:_identify(pid_tracking_results/run_20260725_110917) by extension 'ignore_ament_install'
[0.750s] Level 1:colcon.colcon_core.package_identification:_identify(pid_tracking_results/run_20260725_110917) by extensions ['colcon_pkg']
[0.750s] Level 1:colcon.colcon_core.package_identification:_identify(pid_tracking_results/run_20260725_110917) by extension 'colcon_pkg'
[0.750s] Level 1:colcon.colcon_core.package_identification:_identify(pid_tracking_results/run_20260725_110917) by extensions ['colcon_meta']
[0.750s] Level 1:colcon.colcon_core.package_identification:_identify(pid_tracking_results/run_20260725_110917) by extension 'colcon_meta'
[0.750s] Level 1:colcon.colcon_core.package_identification:_identify(pid_tracking_results/run_20260725_110917) by extensions ['ros']
[0.751s] Level 1:colcon.colcon_core.package_identification:_identify(pid_tracking_results/run_20260725_110917) by extension 'ros'
[0.751s] Level 1:colcon.colcon_core.package_identification:_identify(pid_tracking_results/run_20260725_110917) by extensions ['cmake', 'python']
[0.751s] Level 1:colcon.colcon_core.package_identification:_identify(pid_tracking_results/run_20260725_110917) by extension 'cmake'
[0.751s] Level 1:colcon.colcon_core.package_identification:_identify(pid_tracking_results/run_20260725_110917) by extension 'python'
[0.751s] Level 1:colcon.colcon_core.package_identification:_identify(pid_tracking_results/run_20260725_110917) by extensions ['python_setup_py']
[0.751s] Level 1:colcon.colcon_core.package_identification:_identify(pid_tracking_results/run_20260725_110917) by extension 'python_setup_py'
[0.751s] Level 1:colcon.colcon_core.package_identification:_identify(pid_tracking_results/run_20260725_111108) by extensions ['ignore', 'ignore_ament_install']
[0.751s] Level 1:colcon.colcon_core.package_identification:_identify(pid_tracking_results/run_20260725_111108) by extension 'ignore'
[0.751s] Level 1:colcon.colcon_core.package_identification:_identify(pid_tracking_results/run_20260725_111108) by extension 'ignore_ament_install'
[0.752s] Level 1:colcon.colcon_core.package_identification:_identify(pid_tracking_results/run_20260725_111108) by extensions ['colcon_pkg']
[0.752s] Level 1:colcon.colcon_core.package_identification:_identify(pid_tracking_results/run_20260725_111108) by extension 'colcon_pkg'
[0.752s] Level 1:colcon.colcon_core.package_identification:_identify(pid_tracking_results/run_20260725_111108) by extensions ['colcon_meta']
[0.752s] Level 1:colcon.colcon_core.package_identification:_identify(pid_tracking_results/run_20260725_111108) by extension 'colcon_meta'
[0.752s] Level 1:colcon.colcon_core.package_identification:_identify(pid_tracking_results/run_20260725_111108) by extensions ['ros']
[0.752s] Level 1:colcon.colcon_core.package_identification:_identify(pid_tracking_results/run_20260725_111108) by extension 'ros'
[0.752s] Level 1:colcon.colcon_core.package_identification:_identify(pid_tracking_results/run_20260725_111108) by extensions ['cmake', 'python']
[0.752s] Level 1:colcon.colcon_core.package_identification:_identify(pid_tracking_results/run_20260725_111108) by extension 'cmake'
[0.752s] Level 1:colcon.colcon_core.package_identification:_identify(pid_tracking_results/run_20260725_111108) by extension 'python'
[0.752s] Level 1:colcon.colcon_core.package_identification:_identify(pid_tracking_results/run_20260725_111108) by extensions ['python_setup_py']
[0.752s] Level 1:colcon.colcon_core.package_identification:_identify(pid_tracking_results/run_20260725_111108) by extension 'python_setup_py'
[0.753s] Level 1:colcon.colcon_core.package_identification:_identify(pid_tracking_results/run_20260725_111357) by extensions ['ignore', 'ignore_ament_install']
[0.753s] Level 1:colcon.colcon_core.package_identification:_identify(pid_tracking_results/run_20260725_111357) by extension 'ignore'
[0.753s] Level 1:colcon.colcon_core.package_identification:_identify(pid_tracking_results/run_20260725_111357) by extension 'ignore_ament_install'
[0.753s] Level 1:colcon.colcon_core.package_identification:_identify(pid_tracking_results/run_20260725_111357) by extensions ['colcon_pkg']
[0.753s] Level 1:colcon.colcon_core.package_identification:_identify(pid_tracking_results/run_20260725_111357) by extension 'colcon_pkg'
[0.753s] Level 1:colcon.colcon_core.package_identification:_identify(pid_tracking_results/run_20260725_111357) by extensions ['colcon_meta']
[0.753s] Level 1:colcon.colcon_core.package_identification:_identify(pid_tracking_results/run_20260725_111357) by extension 'colcon_meta'
[0.753s] Level 1:colcon.colcon_core.package_identification:_identify(pid_tracking_results/run_20260725_111357) by extensions ['ros']
[0.753s] Level 1:colcon.colcon_core.package_identification:_identify(pid_tracking_results/run_20260725_111357) by extension 'ros'
[0.754s] Level 1:colcon.colcon_core.package_identification:_identify(pid_tracking_results/run_20260725_111357) by extensions ['cmake', 'python']
[0.754s] Level 1:colcon.colcon_core.package_identification:_identify(pid_tracking_results/run_20260725_111357) by extension 'cmake'
[0.754s] Level 1:colcon.colcon_core.package_identification:_identify(pid_tracking_results/run_20260725_111357) by extension 'python'
[0.754s] Level 1:colcon.colcon_core.package_identification:_identify(pid_tracking_results/run_20260725_111357) by extensions ['python_setup_py']
[0.754s] Level 1:colcon.colcon_core.package_identification:_identify(pid_tracking_results/run_20260725_111357) by extension 'python_setup_py'
[0.754s] Level 1:colcon.colcon_core.package_identification:_identify(pid_tracking_results/run_20260725_111656) by extensions ['ignore', 'ignore_ament_install']
[0.754s] Level 1:colcon.colcon_core.package_identification:_identify(pid_tracking_results/run_20260725_111656) by extension 'ignore'
[0.754s] Level 1:colcon.colcon_core.package_identification:_identify(pid_tracking_results/run_20260725_111656) by extension 'ignore_ament_install'
[0.754s] Level 1:colcon.colcon_core.package_identification:_identify(pid_tracking_results/run_20260725_111656) by extensions ['colcon_pkg']
[0.755s] Level 1:colcon.colcon_core.package_identification:_identify(pid_tracking_results/run_20260725_111656) by extension 'colcon_pkg'
[0.755s] Level 1:colcon.colcon_core.package_identification:_identify(pid_tracking_results/run_20260725_111656) by extensions ['colcon_meta']
[0.755s] Level 1:colcon.colcon_core.package_identification:_identify(pid_tracking_results/run_20260725_111656) by extension 'colcon_meta'
[0.755s] Level 1:colcon.colcon_core.package_identification:_identify(pid_tracking_results/run_20260725_111656) by extensions ['ros']
[0.755s] Level 1:colcon.colcon_core.package_identification:_identify(pid_tracking_results/run_20260725_111656) by extension 'ros'
[0.755s] Level 1:colcon.colcon_core.package_identification:_identify(pid_tracking_results/run_20260725_111656) by extensions ['cmake', 'python']
[0.755s] Level 1:colcon.colcon_core.package_identification:_identify(pid_tracking_results/run_20260725_111656) by extension 'cmake'
[0.755s] Level 1:colcon.colcon_core.package_identification:_identify(pid_tracking_results/run_20260725_111656) by extension 'python'
[0.755s] Level 1:colcon.colcon_core.package_identification:_identify(pid_tracking_results/run_20260725_111656) by extensions ['python_setup_py']
[0.755s] Level 1:colcon.colcon_core.package_identification:_identify(pid_tracking_results/run_20260725_111656) by extension 'python_setup_py'
[0.756s] Level 1:colcon.colcon_core.package_identification:_identify(pid_tracking_results/run_20260725_111708) by extensions ['ignore', 'ignore_ament_install']
[0.756s] Level 1:colcon.colcon_core.package_identification:_identify(pid_tracking_results/run_20260725_111708) by extension 'ignore'
[0.756s] Level 1:colcon.colcon_core.package_identification:_identify(pid_tracking_results/run_20260725_111708) by extension 'ignore_ament_install'
[0.756s] Level 1:colcon.colcon_core.package_identification:_identify(pid_tracking_results/run_20260725_111708) by extensions ['colcon_pkg']
[0.756s] Level 1:colcon.colcon_core.package_identification:_identify(pid_tracking_results/run_20260725_111708) by extension 'colcon_pkg'
[0.756s] Level 1:colcon.colcon_core.package_identification:_identify(pid_tracking_results/run_20260725_111708) by extensions ['colcon_meta']
[0.756s] Level 1:colcon.colcon_core.package_identification:_identify(pid_tracking_results/run_20260725_111708) by extension 'colcon_meta'
[0.756s] Level 1:colcon.colcon_core.package_identification:_identify(pid_tracking_results/run_20260725_111708) by extensions ['ros']
[0.756s] Level 1:colcon.colcon_core.package_identification:_identify(pid_tracking_results/run_20260725_111708) by extension 'ros'
[0.756s] Level 1:colcon.colcon_core.package_identification:_identify(pid_tracking_results/run_20260725_111708) by extensions ['cmake', 'python']
[0.757s] Level 1:colcon.colcon_core.package_identification:_identify(pid_tracking_results/run_20260725_111708) by extension 'cmake'
[0.757s] Level 1:colcon.colcon_core.package_identification:_identify(pid_tracking_results/run_20260725_111708) by extension 'python'
[0.757s] Level 1:colcon.colcon_core.package_identification:_identify(pid_tracking_results/run_20260725_111708) by extensions ['python_setup_py']
[0.757s] Level 1:colcon.colcon_core.package_identification:_identify(pid_tracking_results/run_20260725_111708) by extension 'python_setup_py'
[0.757s] Level 1:colcon.colcon_core.package_identification:_identify(pid_tracking_results/run_20260725_112255) by extensions ['ignore', 'ignore_ament_install']
[0.757s] Level 1:colcon.colcon_core.package_identification:_identify(pid_tracking_results/run_20260725_112255) by extension 'ignore'
[0.757s] Level 1:colcon.colcon_core.package_identification:_identify(pid_tracking_results/run_20260725_112255) by extension 'ignore_ament_install'
[0.757s] Level 1:colcon.colcon_core.package_identification:_identify(pid_tracking_results/run_20260725_112255) by extensions ['colcon_pkg']
[0.757s] Level 1:colcon.colcon_core.package_identification:_identify(pid_tracking_results/run_20260725_112255) by extension 'colcon_pkg'
[0.758s] Level 1:colcon.colcon_core.package_identification:_identify(pid_tracking_results/run_20260725_112255) by extensions ['colcon_meta']
[0.758s] Level 1:colcon.colcon_core.package_identification:_identify(pid_tracking_results/run_20260725_112255) by extension 'colcon_meta'
[0.758s] Level 1:colcon.colcon_core.package_identification:_identify(pid_tracking_results/run_20260725_112255) by extensions ['ros']
[0.758s] Level 1:colcon.colcon_core.package_identification:_identify(pid_tracking_results/run_20260725_112255) by extension 'ros'
[0.758s] Level 1:colcon.colcon_core.package_identification:_identify(pid_tracking_results/run_20260725_112255) by extensions ['cmake', 'python']
[0.758s] Level 1:colcon.colcon_core.package_identification:_identify(pid_tracking_results/run_20260725_112255) by extension 'cmake'
[0.758s] Level 1:colcon.colcon_core.package_identification:_identify(pid_tracking_results/run_20260725_112255) by extension 'python'
[0.758s] Level 1:colcon.colcon_core.package_identification:_identify(pid_tracking_results/run_20260725_112255) by extensions ['python_setup_py']
[0.758s] Level 1:colcon.colcon_core.package_identification:_identify(pid_tracking_results/run_20260725_112255) by extension 'python_setup_py'
[0.758s] Level 1:colcon.colcon_core.package_identification:_identify(pid_tracking_results/run_20260725_201102) by extensions ['ignore', 'ignore_ament_install']
[0.759s] Level 1:colcon.colcon_core.package_identification:_identify(pid_tracking_results/run_20260725_201102) by extension 'ignore'
[0.759s] Level 1:colcon.colcon_core.package_identification:_identify(pid_tracking_results/run_20260725_201102) by extension 'ignore_ament_install'
[0.759s] Level 1:colcon.colcon_core.package_identification:_identify(pid_tracking_results/run_20260725_201102) by extensions ['colcon_pkg']
[0.759s] Level 1:colcon.colcon_core.package_identification:_identify(pid_tracking_results/run_20260725_201102) by extension 'colcon_pkg'
[0.759s] Level 1:colcon.colcon_core.package_identification:_identify(pid_tracking_results/run_20260725_201102) by extensions ['colcon_meta']
[0.759s] Level 1:colcon.colcon_core.package_identification:_identify(pid_tracking_results/run_20260725_201102) by extension 'colcon_meta'
[0.759s] Level 1:colcon.colcon_core.package_identification:_identify(pid_tracking_results/run_20260725_201102) by extensions ['ros']
[0.759s] Level 1:colcon.colcon_core.package_identification:_identify(pid_tracking_results/run_20260725_201102) by extension 'ros'
[0.759s] Level 1:colcon.colcon_core.package_identification:_identify(pid_tracking_results/run_20260725_201102) by extensions ['cmake', 'python']
[0.759s] Level 1:colcon.colcon_core.package_identification:_identify(pid_tracking_results/run_20260725_201102) by extension 'cmake'
[0.760s] Level 1:colcon.colcon_core.package_identification:_identify(pid_tracking_results/run_20260725_201102) by extension 'python'
[0.760s] Level 1:colcon.colcon_core.package_identification:_identify(pid_tracking_results/run_20260725_201102) by extensions ['python_setup_py']
[0.760s] Level 1:colcon.colcon_core.package_identification:_identify(pid_tracking_results/run_20260725_201102) by extension 'python_setup_py'
[0.760s] Level 1:colcon.colcon_core.package_identification:_identify(pid_tracking_results/run_20260725_201401) by extensions ['ignore', 'ignore_ament_install']
[0.760s] Level 1:colcon.colcon_core.package_identification:_identify(pid_tracking_results/run_20260725_201401) by extension 'ignore'
[0.760s] Level 1:colcon.colcon_core.package_identification:_identify(pid_tracking_results/run_20260725_201401) by extension 'ignore_ament_install'
[0.760s] Level 1:colcon.colcon_core.package_identification:_identify(pid_tracking_results/run_20260725_201401) by extensions ['colcon_pkg']
[0.760s] Level 1:colcon.colcon_core.package_identification:_identify(pid_tracking_results/run_20260725_201401) by extension 'colcon_pkg'
[0.760s] Level 1:colcon.colcon_core.package_identification:_identify(pid_tracking_results/run_20260725_201401) by extensions ['colcon_meta']
[0.761s] Level 1:colcon.colcon_core.package_identification:_identify(pid_tracking_results/run_20260725_201401) by extension 'colcon_meta'
[0.761s] Level 1:colcon.colcon_core.package_identification:_identify(pid_tracking_results/run_20260725_201401) by extensions ['ros']
[0.761s] Level 1:colcon.colcon_core.package_identification:_identify(pid_tracking_results/run_20260725_201401) by extension 'ros'
[0.761s] Level 1:colcon.colcon_core.package_identification:_identify(pid_tracking_results/run_20260725_201401) by extensions ['cmake', 'python']
[0.761s] Level 1:colcon.colcon_core.package_identification:_identify(pid_tracking_results/run_20260725_201401) by extension 'cmake'
[0.761s] Level 1:colcon.colcon_core.package_identification:_identify(pid_tracking_results/run_20260725_201401) by extension 'python'
[0.761s] Level 1:colcon.colcon_core.package_identification:_identify(pid_tracking_results/run_20260725_201401) by extensions ['python_setup_py']
[0.761s] Level 1:colcon.colcon_core.package_identification:_identify(pid_tracking_results/run_20260725_201401) by extension 'python_setup_py'
[0.761s] Level 1:colcon.colcon_core.package_identification:_identify(pid_tracking_results/run_20260725_201800) by extensions ['ignore', 'ignore_ament_install']
[0.762s] Level 1:colcon.colcon_core.package_identification:_identify(pid_tracking_results/run_20260725_201800) by extension 'ignore'
[0.762s] Level 1:colcon.colcon_core.package_identification:_identify(pid_tracking_results/run_20260725_201800) by extension 'ignore_ament_install'
[0.762s] Level 1:colcon.colcon_core.package_identification:_identify(pid_tracking_results/run_20260725_201800) by extensions ['colcon_pkg']
[0.762s] Level 1:colcon.colcon_core.package_identification:_identify(pid_tracking_results/run_20260725_201800) by extension 'colcon_pkg'
[0.762s] Level 1:colcon.colcon_core.package_identification:_identify(pid_tracking_results/run_20260725_201800) by extensions ['colcon_meta']
[0.762s] Level 1:colcon.colcon_core.package_identification:_identify(pid_tracking_results/run_20260725_201800) by extension 'colcon_meta'
[0.762s] Level 1:colcon.colcon_core.package_identification:_identify(pid_tracking_results/run_20260725_201800) by extensions ['ros']
[0.762s] Level 1:colcon.colcon_core.package_identification:_identify(pid_tracking_results/run_20260725_201800) by extension 'ros'
[0.762s] Level 1:colcon.colcon_core.package_identification:_identify(pid_tracking_results/run_20260725_201800) by extensions ['cmake', 'python']
[0.762s] Level 1:colcon.colcon_core.package_identification:_identify(pid_tracking_results/run_20260725_201800) by extension 'cmake'
[0.762s] Level 1:colcon.colcon_core.package_identification:_identify(pid_tracking_results/run_20260725_201800) by extension 'python'
[0.763s] Level 1:colcon.colcon_core.package_identification:_identify(pid_tracking_results/run_20260725_201800) by extensions ['python_setup_py']
[0.763s] Level 1:colcon.colcon_core.package_identification:_identify(pid_tracking_results/run_20260725_201800) by extension 'python_setup_py'
[0.763s] Level 1:colcon.colcon_core.package_identification:_identify(pid_tracking_results/run_20260726_183417) by extensions ['ignore', 'ignore_ament_install']
[0.763s] Level 1:colcon.colcon_core.package_identification:_identify(pid_tracking_results/run_20260726_183417) by extension 'ignore'
[0.763s] Level 1:colcon.colcon_core.package_identification:_identify(pid_tracking_results/run_20260726_183417) by extension 'ignore_ament_install'
[0.763s] Level 1:colcon.colcon_core.package_identification:_identify(pid_tracking_results/run_20260726_183417) by extensions ['colcon_pkg']
[0.763s] Level 1:colcon.colcon_core.package_identification:_identify(pid_tracking_results/run_20260726_183417) by extension 'colcon_pkg'
[0.763s] Level 1:colcon.colcon_core.package_identification:_identify(pid_tracking_results/run_20260726_183417) by extensions ['colcon_meta']
[0.763s] Level 1:colcon.colcon_core.package_identification:_identify(pid_tracking_results/run_20260726_183417) by extension 'colcon_meta'
[0.764s] Level 1:colcon.colcon_core.package_identification:_identify(pid_tracking_results/run_20260726_183417) by extensions ['ros']
[0.764s] Level 1:colcon.colcon_core.package_identification:_identify(pid_tracking_results/run_20260726_183417) by extension 'ros'
[0.764s] Level 1:colcon.colcon_core.package_identification:_identify(pid_tracking_results/run_20260726_183417) by extensions ['cmake', 'python']
[0.764s] Level 1:colcon.colcon_core.package_identification:_identify(pid_tracking_results/run_20260726_183417) by extension 'cmake'
[0.764s] Level 1:colcon.colcon_core.package_identification:_identify(pid_tracking_results/run_20260726_183417) by extension 'python'
[0.764s] Level 1:colcon.colcon_core.package_identification:_identify(pid_tracking_results/run_20260726_183417) by extensions ['python_setup_py']
[0.764s] Level 1:colcon.colcon_core.package_identification:_identify(pid_tracking_results/run_20260726_183417) by extension 'python_setup_py'
[0.764s] Level 1:colcon.colcon_core.package_identification:_identify(pid_tracking_results/run_20260726_183651) by extensions ['ignore', 'ignore_ament_install']
[0.764s] Level 1:colcon.colcon_core.package_identification:_identify(pid_tracking_results/run_20260726_183651) by extension 'ignore'
[0.765s] Level 1:colcon.colcon_core.package_identification:_identify(pid_tracking_results/run_20260726_183651) by extension 'ignore_ament_install'
[0.765s] Level 1:colcon.colcon_core.package_identification:_identify(pid_tracking_results/run_20260726_183651) by extensions ['colcon_pkg']
[0.765s] Level 1:colcon.colcon_core.package_identification:_identify(pid_tracking_results/run_20260726_183651) by extension 'colcon_pkg'
[0.765s] Level 1:colcon.colcon_core.package_identification:_identify(pid_tracking_results/run_20260726_183651) by extensions ['colcon_meta']
[0.765s] Level 1:colcon.colcon_core.package_identification:_identify(pid_tracking_results/run_20260726_183651) by extension 'colcon_meta'
[0.765s] Level 1:colcon.colcon_core.package_identification:_identify(pid_tracking_results/run_20260726_183651) by extensions ['ros']
[0.765s] Level 1:colcon.colcon_core.package_identification:_identify(pid_tracking_results/run_20260726_183651) by extension 'ros'
[0.765s] Level 1:colcon.colcon_core.package_identification:_identify(pid_tracking_results/run_20260726_183651) by extensions ['cmake', 'python']
[0.765s] Level 1:colcon.colcon_core.package_identification:_identify(pid_tracking_results/run_20260726_183651) by extension 'cmake'
[0.765s] Level 1:colcon.colcon_core.package_identification:_identify(pid_tracking_results/run_20260726_183651) by extension 'python'
[0.765s] Level 1:colcon.colcon_core.package_identification:_identify(pid_tracking_results/run_20260726_183651) by extensions ['python_setup_py']
[0.766s] Level 1:colcon.colcon_core.package_identification:_identify(pid_tracking_results/run_20260726_183651) by extension 'python_setup_py'
[0.766s] Level 1:colcon.colcon_core.package_identification:_identify(pid_tracking_results/run_20260726_183824) by extensions ['ignore', 'ignore_ament_install']
[0.766s] Level 1:colcon.colcon_core.package_identification:_identify(pid_tracking_results/run_20260726_183824) by extension 'ignore'
[0.766s] Level 1:colcon.colcon_core.package_identification:_identify(pid_tracking_results/run_20260726_183824) by extension 'ignore_ament_install'
[0.766s] Level 1:colcon.colcon_core.package_identification:_identify(pid_tracking_results/run_20260726_183824) by extensions ['colcon_pkg']
[0.766s] Level 1:colcon.colcon_core.package_identification:_identify(pid_tracking_results/run_20260726_183824) by extension 'colcon_pkg'
[0.766s] Level 1:colcon.colcon_core.package_identification:_identify(pid_tracking_results/run_20260726_183824) by extensions ['colcon_meta']
[0.766s] Level 1:colcon.colcon_core.package_identification:_identify(pid_tracking_results/run_20260726_183824) by extension 'colcon_meta'
[0.766s] Level 1:colcon.colcon_core.package_identification:_identify(pid_tracking_results/run_20260726_183824) by extensions ['ros']
[0.767s] Level 1:colcon.colcon_core.package_identification:_identify(pid_tracking_results/run_20260726_183824) by extension 'ros'
[0.767s] Level 1:colcon.colcon_core.package_identification:_identify(pid_tracking_results/run_20260726_183824) by extensions ['cmake', 'python']
[0.767s] Level 1:colcon.colcon_core.package_identification:_identify(pid_tracking_results/run_20260726_183824) by extension 'cmake'
[0.767s] Level 1:colcon.colcon_core.package_identification:_identify(pid_tracking_results/run_20260726_183824) by extension 'python'
[0.767s] Level 1:colcon.colcon_core.package_identification:_identify(pid_tracking_results/run_20260726_183824) by extensions ['python_setup_py']
[0.767s] Level 1:colcon.colcon_core.package_identification:_identify(pid_tracking_results/run_20260726_183824) by extension 'python_setup_py'
[0.767s] Level 1:colcon.colcon_core.package_identification:_identify(pid_tracking_results/run_20260726_184759) by extensions ['ignore', 'ignore_ament_install']
[0.767s] Level 1:colcon.colcon_core.package_identification:_identify(pid_tracking_results/run_20260726_184759) by extension 'ignore'
[0.767s] Level 1:colcon.colcon_core.package_identification:_identify(pid_tracking_results/run_20260726_184759) by extension 'ignore_ament_install'
[0.768s] Level 1:colcon.colcon_core.package_identification:_identify(pid_tracking_results/run_20260726_184759) by extensions ['colcon_pkg']
[0.768s] Level 1:colcon.colcon_core.package_identification:_identify(pid_tracking_results/run_20260726_184759) by extension 'colcon_pkg'
[0.768s] Level 1:colcon.colcon_core.package_identification:_identify(pid_tracking_results/run_20260726_184759) by extensions ['colcon_meta']
[0.768s] Level 1:colcon.colcon_core.package_identification:_identify(pid_tracking_results/run_20260726_184759) by extension 'colcon_meta'
[0.768s] Level 1:colcon.colcon_core.package_identification:_identify(pid_tracking_results/run_20260726_184759) by extensions ['ros']
[0.768s] Level 1:colcon.colcon_core.package_identification:_identify(pid_tracking_results/run_20260726_184759) by extension 'ros'
[0.768s] Level 1:colcon.colcon_core.package_identification:_identify(pid_tracking_results/run_20260726_184759) by extensions ['cmake', 'python']
[0.768s] Level 1:colcon.colcon_core.package_identification:_identify(pid_tracking_results/run_20260726_184759) by extension 'cmake'
[0.768s] Level 1:colcon.colcon_core.package_identification:_identify(pid_tracking_results/run_20260726_184759) by extension 'python'
[0.768s] Level 1:colcon.colcon_core.package_identification:_identify(pid_tracking_results/run_20260726_184759) by extensions ['python_setup_py']
[0.768s] Level 1:colcon.colcon_core.package_identification:_identify(pid_tracking_results/run_20260726_184759) by extension 'python_setup_py'
[0.769s] Level 1:colcon.colcon_core.package_identification:_identify(pid_tracking_results/run_20260726_185937) by extensions ['ignore', 'ignore_ament_install']
[0.769s] Level 1:colcon.colcon_core.package_identification:_identify(pid_tracking_results/run_20260726_185937) by extension 'ignore'
[0.769s] Level 1:colcon.colcon_core.package_identification:_identify(pid_tracking_results/run_20260726_185937) by extension 'ignore_ament_install'
[0.769s] Level 1:colcon.colcon_core.package_identification:_identify(pid_tracking_results/run_20260726_185937) by extensions ['colcon_pkg']
[0.769s] Level 1:colcon.colcon_core.package_identification:_identify(pid_tracking_results/run_20260726_185937) by extension 'colcon_pkg'
[0.769s] Level 1:colcon.colcon_core.package_identification:_identify(pid_tracking_results/run_20260726_185937) by extensions ['colcon_meta']
[0.769s] Level 1:colcon.colcon_core.package_identification:_identify(pid_tracking_results/run_20260726_185937) by extension 'colcon_meta'
[0.769s] Level 1:colcon.colcon_core.package_identification:_identify(pid_tracking_results/run_20260726_185937) by extensions ['ros']
[0.769s] Level 1:colcon.colcon_core.package_identification:_identify(pid_tracking_results/run_20260726_185937) by extension 'ros'
[0.770s] Level 1:colcon.colcon_core.package_identification:_identify(pid_tracking_results/run_20260726_185937) by extensions ['cmake', 'python']
[0.770s] Level 1:colcon.colcon_core.package_identification:_identify(pid_tracking_results/run_20260726_185937) by extension 'cmake'
[0.770s] Level 1:colcon.colcon_core.package_identification:_identify(pid_tracking_results/run_20260726_185937) by extension 'python'
[0.770s] Level 1:colcon.colcon_core.package_identification:_identify(pid_tracking_results/run_20260726_185937) by extensions ['python_setup_py']
[0.770s] Level 1:colcon.colcon_core.package_identification:_identify(pid_tracking_results/run_20260726_185937) by extension 'python_setup_py'
[0.770s] Level 1:colcon.colcon_core.package_identification:_identify(pid_tracking_results/run_20260726_190145) by extensions ['ignore', 'ignore_ament_install']
[0.770s] Level 1:colcon.colcon_core.package_identification:_identify(pid_tracking_results/run_20260726_190145) by extension 'ignore'
[0.770s] Level 1:colcon.colcon_core.package_identification:_identify(pid_tracking_results/run_20260726_190145) by extension 'ignore_ament_install'
[0.770s] Level 1:colcon.colcon_core.package_identification:_identify(pid_tracking_results/run_20260726_190145) by extensions ['colcon_pkg']
[0.771s] Level 1:colcon.colcon_core.package_identification:_identify(pid_tracking_results/run_20260726_190145) by extension 'colcon_pkg'
[0.771s] Level 1:colcon.colcon_core.package_identification:_identify(pid_tracking_results/run_20260726_190145) by extensions ['colcon_meta']
[0.771s] Level 1:colcon.colcon_core.package_identification:_identify(pid_tracking_results/run_20260726_190145) by extension 'colcon_meta'
[0.771s] Level 1:colcon.colcon_core.package_identification:_identify(pid_tracking_results/run_20260726_190145) by extensions ['ros']
[0.771s] Level 1:colcon.colcon_core.package_identification:_identify(pid_tracking_results/run_20260726_190145) by extension 'ros'
[0.771s] Level 1:colcon.colcon_core.package_identification:_identify(pid_tracking_results/run_20260726_190145) by extensions ['cmake', 'python']
[0.771s] Level 1:colcon.colcon_core.package_identification:_identify(pid_tracking_results/run_20260726_190145) by extension 'cmake'
[0.771s] Level 1:colcon.colcon_core.package_identification:_identify(pid_tracking_results/run_20260726_190145) by extension 'python'
[0.771s] Level 1:colcon.colcon_core.package_identification:_identify(pid_tracking_results/run_20260726_190145) by extensions ['python_setup_py']
[0.771s] Level 1:colcon.colcon_core.package_identification:_identify(pid_tracking_results/run_20260726_190145) by extension 'python_setup_py'
[0.772s] Level 1:colcon.colcon_core.package_identification:_identify(pid_tracking_results/run_20260726_190250) by extensions ['ignore', 'ignore_ament_install']
[0.772s] Level 1:colcon.colcon_core.package_identification:_identify(pid_tracking_results/run_20260726_190250) by extension 'ignore'
[0.772s] Level 1:colcon.colcon_core.package_identification:_identify(pid_tracking_results/run_20260726_190250) by extension 'ignore_ament_install'
[0.772s] Level 1:colcon.colcon_core.package_identification:_identify(pid_tracking_results/run_20260726_190250) by extensions ['colcon_pkg']
[0.772s] Level 1:colcon.colcon_core.package_identification:_identify(pid_tracking_results/run_20260726_190250) by extension 'colcon_pkg'
[0.772s] Level 1:colcon.colcon_core.package_identification:_identify(pid_tracking_results/run_20260726_190250) by extensions ['colcon_meta']
[0.772s] Level 1:colcon.colcon_core.package_identification:_identify(pid_tracking_results/run_20260726_190250) by extension 'colcon_meta'
[0.772s] Level 1:colcon.colcon_core.package_identification:_identify(pid_tracking_results/run_20260726_190250) by extensions ['ros']
[0.772s] Level 1:colcon.colcon_core.package_identification:_identify(pid_tracking_results/run_20260726_190250) by extension 'ros'
[0.772s] Level 1:colcon.colcon_core.package_identification:_identify(pid_tracking_results/run_20260726_190250) by extensions ['cmake', 'python']
[0.773s] Level 1:colcon.colcon_core.package_identification:_identify(pid_tracking_results/run_20260726_190250) by extension 'cmake'
[0.773s] Level 1:colcon.colcon_core.package_identification:_identify(pid_tracking_results/run_20260726_190250) by extension 'python'
[0.773s] Level 1:colcon.colcon_core.package_identification:_identify(pid_tracking_results/run_20260726_190250) by extensions ['python_setup_py']
[0.773s] Level 1:colcon.colcon_core.package_identification:_identify(pid_tracking_results/run_20260726_190250) by extension 'python_setup_py'
[0.773s] Level 1:colcon.colcon_core.package_identification:_identify(pid_tracking_results/run_20260726_190346) by extensions ['ignore', 'ignore_ament_install']
[0.773s] Level 1:colcon.colcon_core.package_identification:_identify(pid_tracking_results/run_20260726_190346) by extension 'ignore'
[0.773s] Level 1:colcon.colcon_core.package_identification:_identify(pid_tracking_results/run_20260726_190346) by extension 'ignore_ament_install'
[0.773s] Level 1:colcon.colcon_core.package_identification:_identify(pid_tracking_results/run_20260726_190346) by extensions ['colcon_pkg']
[0.773s] Level 1:colcon.colcon_core.package_identification:_identify(pid_tracking_results/run_20260726_190346) by extension 'colcon_pkg'
[0.774s] Level 1:colcon.colcon_core.package_identification:_identify(pid_tracking_results/run_20260726_190346) by extensions ['colcon_meta']
[0.774s] Level 1:colcon.colcon_core.package_identification:_identify(pid_tracking_results/run_20260726_190346) by extension 'colcon_meta'
[0.774s] Level 1:colcon.colcon_core.package_identification:_identify(pid_tracking_results/run_20260726_190346) by extensions ['ros']
[0.774s] Level 1:colcon.colcon_core.package_identification:_identify(pid_tracking_results/run_20260726_190346) by extension 'ros'
[0.774s] Level 1:colcon.colcon_core.package_identification:_identify(pid_tracking_results/run_20260726_190346) by extensions ['cmake', 'python']
[0.774s] Level 1:colcon.colcon_core.package_identification:_identify(pid_tracking_results/run_20260726_190346) by extension 'cmake'
[0.774s] Level 1:colcon.colcon_core.package_identification:_identify(pid_tracking_results/run_20260726_190346) by extension 'python'
[0.774s] Level 1:colcon.colcon_core.package_identification:_identify(pid_tracking_results/run_20260726_190346) by extensions ['python_setup_py']
[0.774s] Level 1:colcon.colcon_core.package_identification:_identify(pid_tracking_results/run_20260726_190346) by extension 'python_setup_py'
[0.774s] Level 1:colcon.colcon_core.package_identification:_identify(pid_tracking_results/run_20260726_190531) by extensions ['ignore', 'ignore_ament_install']
[0.775s] Level 1:colcon.colcon_core.package_identification:_identify(pid_tracking_results/run_20260726_190531) by extension 'ignore'
[0.775s] Level 1:colcon.colcon_core.package_identification:_identify(pid_tracking_results/run_20260726_190531) by extension 'ignore_ament_install'
[0.775s] Level 1:colcon.colcon_core.package_identification:_identify(pid_tracking_results/run_20260726_190531) by extensions ['colcon_pkg']
[0.775s] Level 1:colcon.colcon_core.package_identification:_identify(pid_tracking_results/run_20260726_190531) by extension 'colcon_pkg'
[0.775s] Level 1:colcon.colcon_core.package_identification:_identify(pid_tracking_results/run_20260726_190531) by extensions ['colcon_meta']
[0.775s] Level 1:colcon.colcon_core.package_identification:_identify(pid_tracking_results/run_20260726_190531) by extension 'colcon_meta'
[0.775s] Level 1:colcon.colcon_core.package_identification:_identify(pid_tracking_results/run_20260726_190531) by extensions ['ros']
[0.775s] Level 1:colcon.colcon_core.package_identification:_identify(pid_tracking_results/run_20260726_190531) by extension 'ros'
[0.775s] Level 1:colcon.colcon_core.package_identification:_identify(pid_tracking_results/run_20260726_190531) by extensions ['cmake', 'python']
[0.775s] Level 1:colcon.colcon_core.package_identification:_identify(pid_tracking_results/run_20260726_190531) by extension 'cmake'
[0.776s] Level 1:colcon.colcon_core.package_identification:_identify(pid_tracking_results/run_20260726_190531) by extension 'python'
[0.776s] Level 1:colcon.colcon_core.package_identification:_identify(pid_tracking_results/run_20260726_190531) by extensions ['python_setup_py']
[0.776s] Level 1:colcon.colcon_core.package_identification:_identify(pid_tracking_results/run_20260726_190531) by extension 'python_setup_py'
[0.776s] Level 1:colcon.colcon_core.package_identification:_identify(pid_tracking_results/run_20260726_191340) by extensions ['ignore', 'ignore_ament_install']
[0.776s] Level 1:colcon.colcon_core.package_identification:_identify(pid_tracking_results/run_20260726_191340) by extension 'ignore'
[0.776s] Level 1:colcon.colcon_core.package_identification:_identify(pid_tracking_results/run_20260726_191340) by extension 'ignore_ament_install'
[0.776s] Level 1:colcon.colcon_core.package_identification:_identify(pid_tracking_results/run_20260726_191340) by extensions ['colcon_pkg']
[0.776s] Level 1:colcon.colcon_core.package_identification:_identify(pid_tracking_results/run_20260726_191340) by extension 'colcon_pkg'
[0.776s] Level 1:colcon.colcon_core.package_identification:_identify(pid_tracking_results/run_20260726_191340) by extensions ['colcon_meta']
[0.776s] Level 1:colcon.colcon_core.package_identification:_identify(pid_tracking_results/run_20260726_191340) by extension 'colcon_meta'
[0.777s] Level 1:colcon.colcon_core.package_identification:_identify(pid_tracking_results/run_20260726_191340) by extensions ['ros']
[0.777s] Level 1:colcon.colcon_core.package_identification:_identify(pid_tracking_results/run_20260726_191340) by extension 'ros'
[0.777s] Level 1:colcon.colcon_core.package_identification:_identify(pid_tracking_results/run_20260726_191340) by extensions ['cmake', 'python']
[0.777s] Level 1:colcon.colcon_core.package_identification:_identify(pid_tracking_results/run_20260726_191340) by extension 'cmake'
[0.777s] Level 1:colcon.colcon_core.package_identification:_identify(pid_tracking_results/run_20260726_191340) by extension 'python'
[0.777s] Level 1:colcon.colcon_core.package_identification:_identify(pid_tracking_results/run_20260726_191340) by extensions ['python_setup_py']
[0.777s] Level 1:colcon.colcon_core.package_identification:_identify(pid_tracking_results/run_20260726_191340) by extension 'python_setup_py'
[0.777s] Level 1:colcon.colcon_core.package_identification:_identify(pid_tracking_results/run_20260726_191436) by extensions ['ignore', 'ignore_ament_install']
[0.778s] Level 1:colcon.colcon_core.package_identification:_identify(pid_tracking_results/run_20260726_191436) by extension 'ignore'
[0.778s] Level 1:colcon.colcon_core.package_identification:_identify(pid_tracking_results/run_20260726_191436) by extension 'ignore_ament_install'
[0.778s] Level 1:colcon.colcon_core.package_identification:_identify(pid_tracking_results/run_20260726_191436) by extensions ['colcon_pkg']
[0.778s] Level 1:colcon.colcon_core.package_identification:_identify(pid_tracking_results/run_20260726_191436) by extension 'colcon_pkg'
[0.778s] Level 1:colcon.colcon_core.package_identification:_identify(pid_tracking_results/run_20260726_191436) by extensions ['colcon_meta']
[0.778s] Level 1:colcon.colcon_core.package_identification:_identify(pid_tracking_results/run_20260726_191436) by extension 'colcon_meta'
[0.778s] Level 1:colcon.colcon_core.package_identification:_identify(pid_tracking_results/run_20260726_191436) by extensions ['ros']
[0.778s] Level 1:colcon.colcon_core.package_identification:_identify(pid_tracking_results/run_20260726_191436) by extension 'ros'
[0.779s] Level 1:colcon.colcon_core.package_identification:_identify(pid_tracking_results/run_20260726_191436) by extensions ['cmake', 'python']
[0.779s] Level 1:colcon.colcon_core.package_identification:_identify(pid_tracking_results/run_20260726_191436) by extension 'cmake'
[0.779s] Level 1:colcon.colcon_core.package_identification:_identify(pid_tracking_results/run_20260726_191436) by extension 'python'
[0.779s] Level 1:colcon.colcon_core.package_identification:_identify(pid_tracking_results/run_20260726_191436) by extensions ['python_setup_py']
[0.779s] Level 1:colcon.colcon_core.package_identification:_identify(pid_tracking_results/run_20260726_191436) by extension 'python_setup_py'
[0.779s] Level 1:colcon.colcon_core.package_identification:_identify(pid_tracking_results/run_20260726_191539) by extensions ['ignore', 'ignore_ament_install']
[0.779s] Level 1:colcon.colcon_core.package_identification:_identify(pid_tracking_results/run_20260726_191539) by extension 'ignore'
[0.779s] Level 1:colcon.colcon_core.package_identification:_identify(pid_tracking_results/run_20260726_191539) by extension 'ignore_ament_install'
[0.780s] Level 1:colcon.colcon_core.package_identification:_identify(pid_tracking_results/run_20260726_191539) by extensions ['colcon_pkg']
[0.780s] Level 1:colcon.colcon_core.package_identification:_identify(pid_tracking_results/run_20260726_191539) by extension 'colcon_pkg'
[0.780s] Level 1:colcon.colcon_core.package_identification:_identify(pid_tracking_results/run_20260726_191539) by extensions ['colcon_meta']
[0.780s] Level 1:colcon.colcon_core.package_identification:_identify(pid_tracking_results/run_20260726_191539) by extension 'colcon_meta'
[0.780s] Level 1:colcon.colcon_core.package_identification:_identify(pid_tracking_results/run_20260726_191539) by extensions ['ros']
[0.780s] Level 1:colcon.colcon_core.package_identification:_identify(pid_tracking_results/run_20260726_191539) by extension 'ros'
[0.780s] Level 1:colcon.colcon_core.package_identification:_identify(pid_tracking_results/run_20260726_191539) by extensions ['cmake', 'python']
[0.780s] Level 1:colcon.colcon_core.package_identification:_identify(pid_tracking_results/run_20260726_191539) by extension 'cmake'
[0.780s] Level 1:colcon.colcon_core.package_identification:_identify(pid_tracking_results/run_20260726_191539) by extension 'python'
[0.780s] Level 1:colcon.colcon_core.package_identification:_identify(pid_tracking_results/run_20260726_191539) by extensions ['python_setup_py']
[0.780s] Level 1:colcon.colcon_core.package_identification:_identify(pid_tracking_results/run_20260726_191539) by extension 'python_setup_py'
[0.781s] Level 1:colcon.colcon_core.package_identification:_identify(pid_tracking_results/run_20260726_191702) by extensions ['ignore', 'ignore_ament_install']
[0.781s] Level 1:colcon.colcon_core.package_identification:_identify(pid_tracking_results/run_20260726_191702) by extension 'ignore'
[0.781s] Level 1:colcon.colcon_core.package_identification:_identify(pid_tracking_results/run_20260726_191702) by extension 'ignore_ament_install'
[0.781s] Level 1:colcon.colcon_core.package_identification:_identify(pid_tracking_results/run_20260726_191702) by extensions ['colcon_pkg']
[0.781s] Level 1:colcon.colcon_core.package_identification:_identify(pid_tracking_results/run_20260726_191702) by extension 'colcon_pkg'
[0.781s] Level 1:colcon.colcon_core.package_identification:_identify(pid_tracking_results/run_20260726_191702) by extensions ['colcon_meta']
[0.781s] Level 1:colcon.colcon_core.package_identification:_identify(pid_tracking_results/run_20260726_191702) by extension 'colcon_meta'
[0.781s] Level 1:colcon.colcon_core.package_identification:_identify(pid_tracking_results/run_20260726_191702) by extensions ['ros']
[0.781s] Level 1:colcon.colcon_core.package_identification:_identify(pid_tracking_results/run_20260726_191702) by extension 'ros'
[0.782s] Level 1:colcon.colcon_core.package_identification:_identify(pid_tracking_results/run_20260726_191702) by extensions ['cmake', 'python']
[0.782s] Level 1:colcon.colcon_core.package_identification:_identify(pid_tracking_results/run_20260726_191702) by extension 'cmake'
[0.782s] Level 1:colcon.colcon_core.package_identification:_identify(pid_tracking_results/run_20260726_191702) by extension 'python'
[0.782s] Level 1:colcon.colcon_core.package_identification:_identify(pid_tracking_results/run_20260726_191702) by extensions ['python_setup_py']
[0.782s] Level 1:colcon.colcon_core.package_identification:_identify(pid_tracking_results/run_20260726_191702) by extension 'python_setup_py'
[0.782s] Level 1:colcon.colcon_core.package_identification:_identify(pid_tracking_results/run_20260726_191947) by extensions ['ignore', 'ignore_ament_install']
[0.782s] Level 1:colcon.colcon_core.package_identification:_identify(pid_tracking_results/run_20260726_191947) by extension 'ignore'
[0.783s] Level 1:colcon.colcon_core.package_identification:_identify(pid_tracking_results/run_20260726_191947) by extension 'ignore_ament_install'
[0.783s] Level 1:colcon.colcon_core.package_identification:_identify(pid_tracking_results/run_20260726_191947) by extensions ['colcon_pkg']
[0.783s] Level 1:colcon.colcon_core.package_identification:_identify(pid_tracking_results/run_20260726_191947) by extension 'colcon_pkg'
[0.783s] Level 1:colcon.colcon_core.package_identification:_identify(pid_tracking_results/run_20260726_191947) by extensions ['colcon_meta']
[0.783s] Level 1:colcon.colcon_core.package_identification:_identify(pid_tracking_results/run_20260726_191947) by extension 'colcon_meta'
[0.783s] Level 1:colcon.colcon_core.package_identification:_identify(pid_tracking_results/run_20260726_191947) by extensions ['ros']
[0.783s] Level 1:colcon.colcon_core.package_identification:_identify(pid_tracking_results/run_20260726_191947) by extension 'ros'
[0.783s] Level 1:colcon.colcon_core.package_identification:_identify(pid_tracking_results/run_20260726_191947) by extensions ['cmake', 'python']
[0.783s] Level 1:colcon.colcon_core.package_identification:_identify(pid_tracking_results/run_20260726_191947) by extension 'cmake'
[0.783s] Level 1:colcon.colcon_core.package_identification:_identify(pid_tracking_results/run_20260726_191947) by extension 'python'
[0.783s] Level 1:colcon.colcon_core.package_identification:_identify(pid_tracking_results/run_20260726_191947) by extensions ['python_setup_py']
[0.783s] Level 1:colcon.colcon_core.package_identification:_identify(pid_tracking_results/run_20260726_191947) by extension 'python_setup_py'
[0.784s] Level 1:colcon.colcon_core.package_identification:_identify(pid_tracking_results/run_20260726_192045) by extensions ['ignore', 'ignore_ament_install']
[0.784s] Level 1:colcon.colcon_core.package_identification:_identify(pid_tracking_results/run_20260726_192045) by extension 'ignore'
[0.784s] Level 1:colcon.colcon_core.package_identification:_identify(pid_tracking_results/run_20260726_192045) by extension 'ignore_ament_install'
[0.784s] Level 1:colcon.colcon_core.package_identification:_identify(pid_tracking_results/run_20260726_192045) by extensions ['colcon_pkg']
[0.784s] Level 1:colcon.colcon_core.package_identification:_identify(pid_tracking_results/run_20260726_192045) by extension 'colcon_pkg'
[0.784s] Level 1:colcon.colcon_core.package_identification:_identify(pid_tracking_results/run_20260726_192045) by extensions ['colcon_meta']
[0.784s] Level 1:colcon.colcon_core.package_identification:_identify(pid_tracking_results/run_20260726_192045) by extension 'colcon_meta'
[0.784s] Level 1:colcon.colcon_core.package_identification:_identify(pid_tracking_results/run_20260726_192045) by extensions ['ros']
[0.784s] Level 1:colcon.colcon_core.package_identification:_identify(pid_tracking_results/run_20260726_192045) by extension 'ros'
[0.785s] Level 1:colcon.colcon_core.package_identification:_identify(pid_tracking_results/run_20260726_192045) by extensions ['cmake', 'python']
[0.785s] Level 1:colcon.colcon_core.package_identification:_identify(pid_tracking_results/run_20260726_192045) by extension 'cmake'
[0.785s] Level 1:colcon.colcon_core.package_identification:_identify(pid_tracking_results/run_20260726_192045) by extension 'python'
[0.785s] Level 1:colcon.colcon_core.package_identification:_identify(pid_tracking_results/run_20260726_192045) by extensions ['python_setup_py']
[0.785s] Level 1:colcon.colcon_core.package_identification:_identify(pid_tracking_results/run_20260726_192045) by extension 'python_setup_py'
[0.785s] Level 1:colcon.colcon_core.package_identification:_identify(pid_tracking_results/run_20260726_192842) by extensions ['ignore', 'ignore_ament_install']
[0.785s] Level 1:colcon.colcon_core.package_identification:_identify(pid_tracking_results/run_20260726_192842) by extension 'ignore'
[0.785s] Level 1:colcon.colcon_core.package_identification:_identify(pid_tracking_results/run_20260726_192842) by extension 'ignore_ament_install'
[0.786s] Level 1:colcon.colcon_core.package_identification:_identify(pid_tracking_results/run_20260726_192842) by extensions ['colcon_pkg']
[0.786s] Level 1:colcon.colcon_core.package_identification:_identify(pid_tracking_results/run_20260726_192842) by extension 'colcon_pkg'
[0.786s] Level 1:colcon.colcon_core.package_identification:_identify(pid_tracking_results/run_20260726_192842) by extensions ['colcon_meta']
[0.786s] Level 1:colcon.colcon_core.package_identification:_identify(pid_tracking_results/run_20260726_192842) by extension 'colcon_meta'
[0.786s] Level 1:colcon.colcon_core.package_identification:_identify(pid_tracking_results/run_20260726_192842) by extensions ['ros']
[0.786s] Level 1:colcon.colcon_core.package_identification:_identify(pid_tracking_results/run_20260726_192842) by extension 'ros'
[0.786s] Level 1:colcon.colcon_core.package_identification:_identify(pid_tracking_results/run_20260726_192842) by extensions ['cmake', 'python']
[0.786s] Level 1:colcon.colcon_core.package_identification:_identify(pid_tracking_results/run_20260726_192842) by extension 'cmake'
[0.786s] Level 1:colcon.colcon_core.package_identification:_identify(pid_tracking_results/run_20260726_192842) by extension 'python'
[0.786s] Level 1:colcon.colcon_core.package_identification:_identify(pid_tracking_results/run_20260726_192842) by extensions ['python_setup_py']
[0.786s] Level 1:colcon.colcon_core.package_identification:_identify(pid_tracking_results/run_20260726_192842) by extension 'python_setup_py'
[0.787s] Level 1:colcon.colcon_core.package_identification:_identify(pid_tracking_results/run_20260726_192923) by extensions ['ignore', 'ignore_ament_install']
[0.787s] Level 1:colcon.colcon_core.package_identification:_identify(pid_tracking_results/run_20260726_192923) by extension 'ignore'
[0.787s] Level 1:colcon.colcon_core.package_identification:_identify(pid_tracking_results/run_20260726_192923) by extension 'ignore_ament_install'
[0.787s] Level 1:colcon.colcon_core.package_identification:_identify(pid_tracking_results/run_20260726_192923) by extensions ['colcon_pkg']
[0.787s] Level 1:colcon.colcon_core.package_identification:_identify(pid_tracking_results/run_20260726_192923) by extension 'colcon_pkg'
[0.787s] Level 1:colcon.colcon_core.package_identification:_identify(pid_tracking_results/run_20260726_192923) by extensions ['colcon_meta']
[0.787s] Level 1:colcon.colcon_core.package_identification:_identify(pid_tracking_results/run_20260726_192923) by extension 'colcon_meta'
[0.787s] Level 1:colcon.colcon_core.package_identification:_identify(pid_tracking_results/run_20260726_192923) by extensions ['ros']
[0.787s] Level 1:colcon.colcon_core.package_identification:_identify(pid_tracking_results/run_20260726_192923) by extension 'ros'
[0.788s] Level 1:colcon.colcon_core.package_identification:_identify(pid_tracking_results/run_20260726_192923) by extensions ['cmake', 'python']
[0.788s] Level 1:colcon.colcon_core.package_identification:_identify(pid_tracking_results/run_20260726_192923) by extension 'cmake'
[0.788s] Level 1:colcon.colcon_core.package_identification:_identify(pid_tracking_results/run_20260726_192923) by extension 'python'
[0.788s] Level 1:colcon.colcon_core.package_identification:_identify(pid_tracking_results/run_20260726_192923) by extensions ['python_setup_py']
[0.788s] Level 1:colcon.colcon_core.package_identification:_identify(pid_tracking_results/run_20260726_192923) by extension 'python_setup_py'
[0.788s] Level 1:colcon.colcon_core.package_identification:_identify(pid_tracking_results/run_20260726_193008) by extensions ['ignore', 'ignore_ament_install']
[0.788s] Level 1:colcon.colcon_core.package_identification:_identify(pid_tracking_results/run_20260726_193008) by extension 'ignore'
[0.788s] Level 1:colcon.colcon_core.package_identification:_identify(pid_tracking_results/run_20260726_193008) by extension 'ignore_ament_install'
[0.788s] Level 1:colcon.colcon_core.package_identification:_identify(pid_tracking_results/run_20260726_193008) by extensions ['colcon_pkg']
[0.789s] Level 1:colcon.colcon_core.package_identification:_identify(pid_tracking_results/run_20260726_193008) by extension 'colcon_pkg'
[0.789s] Level 1:colcon.colcon_core.package_identification:_identify(pid_tracking_results/run_20260726_193008) by extensions ['colcon_meta']
[0.789s] Level 1:colcon.colcon_core.package_identification:_identify(pid_tracking_results/run_20260726_193008) by extension 'colcon_meta'
[0.789s] Level 1:colcon.colcon_core.package_identification:_identify(pid_tracking_results/run_20260726_193008) by extensions ['ros']
[0.789s] Level 1:colcon.colcon_core.package_identification:_identify(pid_tracking_results/run_20260726_193008) by extension 'ros'
[0.789s] Level 1:colcon.colcon_core.package_identification:_identify(pid_tracking_results/run_20260726_193008) by extensions ['cmake', 'python']
[0.789s] Level 1:colcon.colcon_core.package_identification:_identify(pid_tracking_results/run_20260726_193008) by extension 'cmake'
[0.789s] Level 1:colcon.colcon_core.package_identification:_identify(pid_tracking_results/run_20260726_193008) by extension 'python'
[0.789s] Level 1:colcon.colcon_core.package_identification:_identify(pid_tracking_results/run_20260726_193008) by extensions ['python_setup_py']
[0.789s] Level 1:colcon.colcon_core.package_identification:_identify(pid_tracking_results/run_20260726_193008) by extension 'python_setup_py'
[0.790s] Level 1:colcon.colcon_core.package_identification:_identify(pid_tracking_results/run_20260726_193101) by extensions ['ignore', 'ignore_ament_install']
[0.790s] Level 1:colcon.colcon_core.package_identification:_identify(pid_tracking_results/run_20260726_193101) by extension 'ignore'
[0.790s] Level 1:colcon.colcon_core.package_identification:_identify(pid_tracking_results/run_20260726_193101) by extension 'ignore_ament_install'
[0.790s] Level 1:colcon.colcon_core.package_identification:_identify(pid_tracking_results/run_20260726_193101) by extensions ['colcon_pkg']
[0.790s] Level 1:colcon.colcon_core.package_identification:_identify(pid_tracking_results/run_20260726_193101) by extension 'colcon_pkg'
[0.790s] Level 1:colcon.colcon_core.package_identification:_identify(pid_tracking_results/run_20260726_193101) by extensions ['colcon_meta']
[0.790s] Level 1:colcon.colcon_core.package_identification:_identify(pid_tracking_results/run_20260726_193101) by extension 'colcon_meta'
[0.790s] Level 1:colcon.colcon_core.package_identification:_identify(pid_tracking_results/run_20260726_193101) by extensions ['ros']
[0.790s] Level 1:colcon.colcon_core.package_identification:_identify(pid_tracking_results/run_20260726_193101) by extension 'ros'
[0.790s] Level 1:colcon.colcon_core.package_identification:_identify(pid_tracking_results/run_20260726_193101) by extensions ['cmake', 'python']
[0.791s] Level 1:colcon.colcon_core.package_identification:_identify(pid_tracking_results/run_20260726_193101) by extension 'cmake'
[0.791s] Level 1:colcon.colcon_core.package_identification:_identify(pid_tracking_results/run_20260726_193101) by extension 'python'
[0.791s] Level 1:colcon.colcon_core.package_identification:_identify(pid_tracking_results/run_20260726_193101) by extensions ['python_setup_py']
[0.791s] Level 1:colcon.colcon_core.package_identification:_identify(pid_tracking_results/run_20260726_193101) by extension 'python_setup_py'
[0.791s] Level 1:colcon.colcon_core.package_identification:_identify(pid_tracking_results/run_20260726_193208) by extensions ['ignore', 'ignore_ament_install']
[0.791s] Level 1:colcon.colcon_core.package_identification:_identify(pid_tracking_results/run_20260726_193208) by extension 'ignore'
[0.791s] Level 1:colcon.colcon_core.package_identification:_identify(pid_tracking_results/run_20260726_193208) by extension 'ignore_ament_install'
[0.791s] Level 1:colcon.colcon_core.package_identification:_identify(pid_tracking_results/run_20260726_193208) by extensions ['colcon_pkg']
[0.791s] Level 1:colcon.colcon_core.package_identification:_identify(pid_tracking_results/run_20260726_193208) by extension 'colcon_pkg'
[0.792s] Level 1:colcon.colcon_core.package_identification:_identify(pid_tracking_results/run_20260726_193208) by extensions ['colcon_meta']
[0.792s] Level 1:colcon.colcon_core.package_identification:_identify(pid_tracking_results/run_20260726_193208) by extension 'colcon_meta'
[0.792s] Level 1:colcon.colcon_core.package_identification:_identify(pid_tracking_results/run_20260726_193208) by extensions ['ros']
[0.792s] Level 1:colcon.colcon_core.package_identification:_identify(pid_tracking_results/run_20260726_193208) by extension 'ros'
[0.792s] Level 1:colcon.colcon_core.package_identification:_identify(pid_tracking_results/run_20260726_193208) by extensions ['cmake', 'python']
[0.792s] Level 1:colcon.colcon_core.package_identification:_identify(pid_tracking_results/run_20260726_193208) by extension 'cmake'
[0.792s] Level 1:colcon.colcon_core.package_identification:_identify(pid_tracking_results/run_20260726_193208) by extension 'python'
[0.792s] Level 1:colcon.colcon_core.package_identification:_identify(pid_tracking_results/run_20260726_193208) by extensions ['python_setup_py']
[0.792s] Level 1:colcon.colcon_core.package_identification:_identify(pid_tracking_results/run_20260726_193208) by extension 'python_setup_py'
[0.792s] Level 1:colcon.colcon_core.package_identification:_identify(src) by extensions ['ignore', 'ignore_ament_install']
[0.793s] Level 1:colcon.colcon_core.package_identification:_identify(src) by extension 'ignore'
[0.793s] Level 1:colcon.colcon_core.package_identification:_identify(src) by extension 'ignore_ament_install'
[0.793s] Level 1:colcon.colcon_core.package_identification:_identify(src) by extensions ['colcon_pkg']
[0.793s] Level 1:colcon.colcon_core.package_identification:_identify(src) by extension 'colcon_pkg'
[0.793s] Level 1:colcon.colcon_core.package_identification:_identify(src) by extensions ['colcon_meta']
[0.793s] Level 1:colcon.colcon_core.package_identification:_identify(src) by extension 'colcon_meta'
[0.793s] Level 1:colcon.colcon_core.package_identification:_identify(src) by extensions ['ros']
[0.793s] Level 1:colcon.colcon_core.package_identification:_identify(src) by extension 'ros'
[0.793s] Level 1:colcon.colcon_core.package_identification:_identify(src) by extensions ['cmake', 'python']
[0.793s] Level 1:colcon.colcon_core.package_identification:_identify(src) by extension 'cmake'
[0.794s] Level 1:colcon.colcon_core.package_identification:_identify(src) by extension 'python'
[0.794s] Level 1:colcon.colcon_core.package_identification:_identify(src) by extensions ['python_setup_py']
[0.794s] Level 1:colcon.colcon_core.package_identification:_identify(src) by extension 'python_setup_py'
[0.794s] Level 1:colcon.colcon_core.package_identification:_identify(src/FAST_LIO) by extensions ['ignore', 'ignore_ament_install']
[0.794s] Level 1:colcon.colcon_core.package_identification:_identify(src/FAST_LIO) by extension 'ignore'
[0.794s] Level 1:colcon.colcon_core.package_identification:_identify(src/FAST_LIO) by extension 'ignore_ament_install'
[0.794s] Level 1:colcon.colcon_core.package_identification:_identify(src/FAST_LIO) by extensions ['colcon_pkg']
[0.794s] Level 1:colcon.colcon_core.package_identification:_identify(src/FAST_LIO) by extension 'colcon_pkg'
[0.794s] Level 1:colcon.colcon_core.package_identification:_identify(src/FAST_LIO) by extensions ['colcon_meta']
[0.794s] Level 1:colcon.colcon_core.package_identification:_identify(src/FAST_LIO) by extension 'colcon_meta'
[0.795s] Level 1:colcon.colcon_core.package_identification:_identify(src/FAST_LIO) by extensions ['ros']
[0.795s] Level 1:colcon.colcon_core.package_identification:_identify(src/FAST_LIO) by extension 'ros'
[0.801s] DEBUG:colcon.colcon_core.package_identification:Package 'src/FAST_LIO' with type 'ros.ament_cmake' and name 'fast_lio'
[0.801s] Level 1:colcon.colcon_core.package_identification:_identify(src/centerline_extraction) by extensions ['ignore', 'ignore_ament_install']
[0.801s] Level 1:colcon.colcon_core.package_identification:_identify(src/centerline_extraction) by extension 'ignore'
[0.801s] Level 1:colcon.colcon_core.package_identification:_identify(src/centerline_extraction) by extension 'ignore_ament_install'
[0.801s] Level 1:colcon.colcon_core.package_identification:_identify(src/centerline_extraction) by extensions ['colcon_pkg']
[0.802s] Level 1:colcon.colcon_core.package_identification:_identify(src/centerline_extraction) by extension 'colcon_pkg'
[0.802s] Level 1:colcon.colcon_core.package_identification:_identify(src/centerline_extraction) by extensions ['colcon_meta']
[0.802s] Level 1:colcon.colcon_core.package_identification:_identify(src/centerline_extraction) by extension 'colcon_meta'
[0.802s] Level 1:colcon.colcon_core.package_identification:_identify(src/centerline_extraction) by extensions ['ros']
[0.802s] Level 1:colcon.colcon_core.package_identification:_identify(src/centerline_extraction) by extension 'ros'
[0.807s] DEBUG:colcon.colcon_core.package_identification:Package 'src/centerline_extraction' with type 'ros.ament_cmake' and name 'centerline_extraction'
[0.808s] Level 1:colcon.colcon_core.package_identification:_identify(src/serial_ros2) by extensions ['ignore', 'ignore_ament_install']
[0.808s] Level 1:colcon.colcon_core.package_identification:_identify(src/serial_ros2) by extension 'ignore'
[0.808s] Level 1:colcon.colcon_core.package_identification:_identify(src/serial_ros2) by extension 'ignore_ament_install'
[0.808s] Level 1:colcon.colcon_core.package_identification:_identify(src/serial_ros2) by extensions ['colcon_pkg']
[0.808s] Level 1:colcon.colcon_core.package_identification:_identify(src/serial_ros2) by extension 'colcon_pkg'
[0.808s] Level 1:colcon.colcon_core.package_identification:_identify(src/serial_ros2) by extensions ['colcon_meta']
[0.809s] Level 1:colcon.colcon_core.package_identification:_identify(src/serial_ros2) by extension 'colcon_meta'
[0.809s] Level 1:colcon.colcon_core.package_identification:_identify(src/serial_ros2) by extensions ['ros']
[0.809s] Level 1:colcon.colcon_core.package_identification:_identify(src/serial_ros2) by extension 'ros'
[0.810s] DEBUG:colcon.colcon_core.package_identification:Package 'src/serial_ros2' with type 'ros.ament_cmake' and name 'serial'
[0.810s] Level 1:colcon.colcon_core.package_identification:_identify(src/turn_on_32chassis) by extensions ['ignore', 'ignore_ament_install']
[0.810s] Level 1:colcon.colcon_core.package_identification:_identify(src/turn_on_32chassis) by extension 'ignore'
[0.811s] Level 1:colcon.colcon_core.package_identification:_identify(src/turn_on_32chassis) by extension 'ignore_ament_install'
[0.811s] Level 1:colcon.colcon_core.package_identification:_identify(src/turn_on_32chassis) by extensions ['colcon_pkg']
[0.811s] Level 1:colcon.colcon_core.package_identification:_identify(src/turn_on_32chassis) by extension 'colcon_pkg'
[0.811s] Level 1:colcon.colcon_core.package_identification:_identify(src/turn_on_32chassis) by extensions ['colcon_meta']
[0.811s] Level 1:colcon.colcon_core.package_identification:_identify(src/turn_on_32chassis) by extension 'colcon_meta'
[0.811s] Level 1:colcon.colcon_core.package_identification:_identify(src/turn_on_32chassis) by extensions ['ros']
[0.811s] Level 1:colcon.colcon_core.package_identification:_identify(src/turn_on_32chassis) by extension 'ros'
[0.814s] DEBUG:colcon.colcon_core.package_identification:Package 'src/turn_on_32chassis' with type 'ros.ament_cmake' and name 'turn_on_32chassis'
[0.814s] Level 1:colcon.colcon_core.package_identification:_identify(src/turn_on_agribot) by extensions ['ignore', 'ignore_ament_install']
[0.814s] Level 1:colcon.colcon_core.package_identification:_identify(src/turn_on_agribot) by extension 'ignore'
[0.814s] Level 1:colcon.colcon_core.package_identification:_identify(src/turn_on_agribot) by extension 'ignore_ament_install'
[0.814s] Level 1:colcon.colcon_core.package_identification:_identify(src/turn_on_agribot) by extensions ['colcon_pkg']
[0.814s] Level 1:colcon.colcon_core.package_identification:_identify(src/turn_on_agribot) by extension 'colcon_pkg'
[0.815s] Level 1:colcon.colcon_core.package_identification:_identify(src/turn_on_agribot) by extensions ['colcon_meta']
[0.815s] Level 1:colcon.colcon_core.package_identification:_identify(src/turn_on_agribot) by extension 'colcon_meta'
[0.815s] Level 1:colcon.colcon_core.package_identification:_identify(src/turn_on_agribot) by extensions ['ros']
[0.815s] Level 1:colcon.colcon_core.package_identification:_identify(src/turn_on_agribot) by extension 'ros'
[0.816s] DEBUG:colcon.colcon_core.package_identification:Package 'src/turn_on_agribot' with type 'ros.ament_cmake' and name 'turn_on_agribot'
[0.816s] Level 1:colcon.colcon_core.package_identification:_identify(src/yesense_ros2) by extensions ['ignore', 'ignore_ament_install']
[0.816s] Level 1:colcon.colcon_core.package_identification:_identify(src/yesense_ros2) by extension 'ignore'
[0.816s] Level 1:colcon.colcon_core.package_identification:_identify(src/yesense_ros2) by extension 'ignore_ament_install'
[0.817s] Level 1:colcon.colcon_core.package_identification:_identify(src/yesense_ros2) by extensions ['colcon_pkg']
[0.817s] Level 1:colcon.colcon_core.package_identification:_identify(src/yesense_ros2) by extension 'colcon_pkg'
[0.817s] Level 1:colcon.colcon_core.package_identification:_identify(src/yesense_ros2) by extensions ['colcon_meta']
[0.817s] Level 1:colcon.colcon_core.package_identification:_identify(src/yesense_ros2) by extension 'colcon_meta'
[0.817s] Level 1:colcon.colcon_core.package_identification:_identify(src/yesense_ros2) by extensions ['ros']
[0.817s] Level 1:colcon.colcon_core.package_identification:_identify(src/yesense_ros2) by extension 'ros'
[0.817s] Level 1:colcon.colcon_core.package_identification:_identify(src/yesense_ros2) by extensions ['cmake', 'python']
[0.817s] Level 1:colcon.colcon_core.package_identification:_identify(src/yesense_ros2) by extension 'cmake'
[0.817s] Level 1:colcon.colcon_core.package_identification:_identify(src/yesense_ros2) by extension 'python'
[0.817s] Level 1:colcon.colcon_core.package_identification:_identify(src/yesense_ros2) by extensions ['python_setup_py']
[0.817s] Level 1:colcon.colcon_core.package_identification:_identify(src/yesense_ros2) by extension 'python_setup_py'
[0.818s] Level 1:colcon.colcon_core.package_identification:_identify(src/yesense_ros2/yesense_interface) by extensions ['ignore', 'ignore_ament_install']
[0.818s] Level 1:colcon.colcon_core.package_identification:_identify(src/yesense_ros2/yesense_interface) by extension 'ignore'
[0.818s] Level 1:colcon.colcon_core.package_identification:_identify(src/yesense_ros2/yesense_interface) by extension 'ignore_ament_install'
[0.818s] Level 1:colcon.colcon_core.package_identification:_identify(src/yesense_ros2/yesense_interface) by extensions ['colcon_pkg']
[0.818s] Level 1:colcon.colcon_core.package_identification:_identify(src/yesense_ros2/yesense_interface) by extension 'colcon_pkg'
[0.818s] Level 1:colcon.colcon_core.package_identification:_identify(src/yesense_ros2/yesense_interface) by extensions ['colcon_meta']
[0.818s] Level 1:colcon.colcon_core.package_identification:_identify(src/yesense_ros2/yesense_interface) by extension 'colcon_meta'
[0.818s] Level 1:colcon.colcon_core.package_identification:_identify(src/yesense_ros2/yesense_interface) by extensions ['ros']
[0.819s] Level 1:colcon.colcon_core.package_identification:_identify(src/yesense_ros2/yesense_interface) by extension 'ros'
[0.846s] DEBUG:colcon.colcon_core.package_identification:Package 'src/yesense_ros2/yesense_interface' with type 'ros.ament_cmake' and name 'yesense_interface'
[0.846s] Level 1:colcon.colcon_core.package_identification:_identify(src/yesense_ros2/yesense_std_ros2) by extensions ['ignore', 'ignore_ament_install']
[0.847s] Level 1:colcon.colcon_core.package_identification:_identify(src/yesense_ros2/yesense_std_ros2) by extension 'ignore'
[0.847s] Level 1:colcon.colcon_core.package_identification:_identify(src/yesense_ros2/yesense_std_ros2) by extension 'ignore_ament_install'
[0.847s] Level 1:colcon.colcon_core.package_identification:_identify(src/yesense_ros2/yesense_std_ros2) by extensions ['colcon_pkg']
[0.847s] Level 1:colcon.colcon_core.package_identification:_identify(src/yesense_ros2/yesense_std_ros2) by extension 'colcon_pkg'
[0.847s] Level 1:colcon.colcon_core.package_identification:_identify(src/yesense_ros2/yesense_std_ros2) by extensions ['colcon_meta']
[0.847s] Level 1:colcon.colcon_core.package_identification:_identify(src/yesense_ros2/yesense_std_ros2) by extension 'colcon_meta'
[0.847s] Level 1:colcon.colcon_core.package_identification:_identify(src/yesense_ros2/yesense_std_ros2) by extensions ['ros']
[0.847s] Level 1:colcon.colcon_core.package_identification:_identify(src/yesense_ros2/yesense_std_ros2) by extension 'ros'
[0.850s] DEBUG:colcon.colcon_core.package_identification:Package 'src/yesense_ros2/yesense_std_ros2' with type 'ros.ament_cmake' and name 'yesense_std_ros2'
[0.850s] Level 1:colcon.colcon_core.package_identification:_identify(tools) by extensions ['ignore', 'ignore_ament_install']
[0.850s] Level 1:colcon.colcon_core.package_identification:_identify(tools) by extension 'ignore'
[0.850s] Level 1:colcon.colcon_core.package_identification:_identify(tools) by extension 'ignore_ament_install'
[0.850s] Level 1:colcon.colcon_core.package_identification:_identify(tools) by extensions ['colcon_pkg']
[0.851s] Level 1:colcon.colcon_core.package_identification:_identify(tools) by extension 'colcon_pkg'
[0.851s] Level 1:colcon.colcon_core.package_identification:_identify(tools) by extensions ['colcon_meta']
[0.851s] Level 1:colcon.colcon_core.package_identification:_identify(tools) by extension 'colcon_meta'
[0.851s] Level 1:colcon.colcon_core.package_identification:_identify(tools) by extensions ['ros']
[0.851s] Level 1:colcon.colcon_core.package_identification:_identify(tools) by extension 'ros'
[0.851s] Level 1:colcon.colcon_core.package_identification:_identify(tools) by extensions ['cmake', 'python']
[0.851s] Level 1:colcon.colcon_core.package_identification:_identify(tools) by extension 'cmake'
[0.851s] Level 1:colcon.colcon_core.package_identification:_identify(tools) by extension 'python'
[0.851s] Level 1:colcon.colcon_core.package_identification:_identify(tools) by extensions ['python_setup_py']
[0.851s] Level 1:colcon.colcon_core.package_identification:_identify(tools) by extension 'python_setup_py'
[0.852s] Level 1:colcon.colcon_core.package_discovery:discover_packages(recursive) using defaults
[0.852s] Level 1:colcon.colcon_core.package_discovery:discover_packages(ignore) discover
[0.852s] Level 1:colcon.colcon_core.package_discovery:discover_packages(ignore) using defaults
[0.852s] Level 1:colcon.colcon_core.package_discovery:discover_packages(path) discover
[0.852s] Level 1:colcon.colcon_core.package_discovery:discover_packages(path) using defaults
[0.905s] INFO:colcon.colcon_core.package_selection:Skipping not selected package 'fast_lio' in 'src/FAST_LIO'
[0.905s] INFO:colcon.colcon_core.package_selection:Skipping not selected package 'serial' in 'src/serial_ros2'
[0.905s] INFO:colcon.colcon_core.package_selection:Skipping not selected package 'yesense_interface' in 'src/yesense_ros2/yesense_interface'
[0.905s] INFO:colcon.colcon_core.package_selection:Skipping not selected package 'yesense_std_ros2' in 'src/yesense_ros2/yesense_std_ros2'
[0.905s] INFO:colcon.colcon_core.package_selection:Skipping not selected package 'turn_on_32chassis' in 'src/turn_on_32chassis'
[0.905s] INFO:colcon.colcon_core.package_selection:Skipping not selected package 'turn_on_agribot' in 'src/turn_on_agribot'
[0.906s] Level 1:colcon.colcon_core.package_discovery:discover_packages(prefix_path) check parameters
[0.906s] Level 1:colcon.colcon_core.package_discovery:discover_packages(prefix_path) discover
[0.919s] DEBUG:colcon.colcon_installed_package_information.package_discovery:Found 7 installed packages in /home/wheeltec/agribot/agribot_ws/install
[0.920s] DEBUG:colcon.colcon_installed_package_information.package_discovery:Found 2 installed packages in /home/wheeltec/ws_livox/install
[0.926s] DEBUG:colcon.colcon_installed_package_information.package_discovery:Found 92 installed packages in /home/wheeltec/wheeltec_ros2/install
[0.930s] DEBUG:colcon.colcon_installed_package_information.package_discovery:Found 365 installed packages in /opt/ros/humble
[0.937s] Level 1:colcon.colcon_core.package_discovery:discover_packages(prefix_path) using defaults
[1.056s] Level 5:colcon.colcon_core.verb:set package 'centerline_extraction' build argument 'cmake_args' from command line to 'None'
[1.056s] Level 5:colcon.colcon_core.verb:set package 'centerline_extraction' build argument 'cmake_target' from command line to 'None'
[1.056s] Level 5:colcon.colcon_core.verb:set package 'centerline_extraction' build argument 'cmake_target_skip_unavailable' from command line to 'False'
[1.056s] Level 5:colcon.colcon_core.verb:set package 'centerline_extraction' build argument 'cmake_clean_cache' from command line to 'False'
[1.056s] Level 5:colcon.colcon_core.verb:set package 'centerline_extraction' build argument 'cmake_clean_first' from command line to 'False'
[1.056s] Level 5:colcon.colcon_core.verb:set package 'centerline_extraction' build argument 'cmake_force_configure' from command line to 'False'
[1.056s] Level 5:colcon.colcon_core.verb:set package 'centerline_extraction' build argument 'ament_cmake_args' from command line to 'None'
[1.056s] Level 5:colcon.colcon_core.verb:set package 'centerline_extraction' build argument 'catkin_cmake_args' from command line to 'None'
[1.056s] Level 5:colcon.colcon_core.verb:set package 'centerline_extraction' build argument 'catkin_skip_building_tests' from command line to 'False'
[1.056s] DEBUG:colcon.colcon_core.verb:Building package 'centerline_extraction' with the following arguments: {'ament_cmake_args': None, 'build_base': '/home/wheeltec/agribot/agribot_ws/build/centerline_extraction', 'catkin_cmake_args': None, 'catkin_skip_building_tests': False, 'cmake_args': None, 'cmake_clean_cache': False, 'cmake_clean_first': False, 'cmake_force_configure': False, 'cmake_target': None, 'cmake_target_skip_unavailable': False, 'install_base': '/home/wheeltec/agribot/agribot_ws/install/centerline_extraction', 'merge_install': False, 'path': '/home/wheeltec/agribot/agribot_ws/src/centerline_extraction', 'symlink_install': True, 'test_result_base': None}
[1.057s] INFO:colcon.colcon_core.executor:Executing jobs using 'parallel' executor
[1.059s] DEBUG:colcon.colcon_parallel_executor.executor.parallel:run_until_complete
[1.060s] INFO:colcon.colcon_ros.task.ament_cmake.build:Building ROS package in '/home/wheeltec/agribot/agribot_ws/src/centerline_extraction' with build type 'ament_cmake'
[1.060s] INFO:colcon.colcon_cmake.task.cmake.build:Building CMake package in '/home/wheeltec/agribot/agribot_ws/src/centerline_extraction'
[1.066s] INFO:colcon.colcon_core.plugin_system:Skipping extension 'colcon_core.shell.bat': Not used on non-Windows systems
[1.066s] INFO:colcon.colcon_core.shell:Skip shell extension 'powershell' for command environment: Not usable outside of PowerShell
[1.066s] DEBUG:colcon.colcon_core.shell:Skip shell extension 'dsv' for command environment
[1.128s] DEBUG:colcon.colcon_core.event_handler.log_command:Invoking command in '/home/wheeltec/agribot/agribot_ws/build/centerline_extraction': CMAKE_PREFIX_PATH=/home/wheeltec/agribot/agribot_ws/install/turn_on_agribot:/home/wheeltec/agribot/agribot_ws/install/turn_on_32chassis:/home/wheeltec/agribot/agribot_ws/install/yesense_std_ros2:/home/wheeltec/agribot/agribot_ws/install/yesense_interface:/home/wheeltec/agribot/agribot_ws/install/serial:/home/wheeltec/agribot/agribot_ws/install/fast_lio:/home/wheeltec/agribot/agribot_ws/install/centerline_extraction:/home/wheeltec/ws_livox/install/livox_ros_driver2:/home/wheeltec/wheeltec_ros2/install/yesense_std_ros2:/home/wheeltec/wheeltec_ros2/install/yesense_interface:/home/wheeltec/wheeltec_ros2/install/wheeltec_slam_toolbox:/home/wheeltec/wheeltec_ros2/install/wheeltec_rviz2:/home/wheeltec/wheeltec_ros2/install/wheeltec_rrt_msg:/home/wheeltec/wheeltec_ros2/install/wheeltec_robot_urdf:/home/wheeltec/wheeltec_ros2/install/wheeltec_robot_rtab:/home/wheeltec/wheeltec_ros2/install/wheeltec_robot_rrt:/home/wheeltec/wheeltec_ros2/install/turn_on_wheeltec_robot:/home/wheeltec/wheeltec_ros2/install/wheeltec_robot_msg:/home/wheeltec/wheeltec_ros2/install/wheeltec_robot_kcf:/home/wheeltec/wheeltec_ros2/install/wheeltec_path_follow:/home/wheeltec/wheeltec_ros2/install/wheeltec_nav2:/home/wheeltec/wheeltec_ros2/install/wheeltec_multi:/home/wheeltec/wheeltec_ros2/install/wheeltec_mic_ros2:/home/wheeltec/wheeltec_ros2/install/wheeltec_mic_msg:/home/wheeltec/wheeltec_ros2/install/wheeltec_joy:/home/wheeltec/wheeltec_ros2/install/wheeltec_gps_driver:/home/wheeltec/wheeltec_ros2/install/wheeltec_cartographer:/home/wheeltec/wheeltec_ros2/install/wheeltec_aiui:/home/wheeltec/wheeltec_ros2/install/web_video_server:/home/wheeltec/wheeltec_ros2/install/usb_cam:/home/wheeltec/wheeltec_ros2/install/ublox:/home/wheeltec/wheeltec_ros2/install/ublox_gps:/home/wheeltec/wheeltec_ros2/install/ublox_msgs:/home/wheeltec/wheeltec_ros2/install/ublox_serialization:/home/wheeltec/wheeltec_ros2/install/tts:/home/wheeltec/wheeltec_ros2/install/slam_gmapping:/home/wheeltec/wheeltec_ros2/install/bodyreader:/home/wheeltec/wheeltec_ros2/install/serial:/home/wheeltec/wheeltec_ros2/install/rplidar_ros:/home/wheeltec/wheeltec_ros2/install/orb_slam2_ros:/home/wheeltec/wheeltec_ros2/install/openslam_gmapping:/home/wheeltec/wheeltec_ros2/install/ollama_ros_msgs:/home/wheeltec/wheeltec_ros2/install/nmea_msgs:/home/wheeltec/wheeltec_ros2/install/nav2_bringup:/home/wheeltec/wheeltec_ros2/install/navigation2:/home/wheeltec/wheeltec_ros2/install/nav2_smoother:/home/wheeltec/wheeltec_ros2/install/nav2_dwb_controller:/home/wheeltec/wheeltec_ros2/install/nav2_controller:/home/wheeltec/wheeltec_ros2/install/dwb_plugins:/home/wheeltec/wheeltec_ros2/install/dwb_critics:/home/wheeltec/wheeltec_ros2/install/dwb_core:/home/wheeltec/wheeltec_ros2/install/nav_2d_utils:/home/wheeltec/wheeltec_ros2/install/dwb_msgs:/home/wheeltec/wheeltec_ros2/install/nav_2d_msgs:/home/wheeltec/wheeltec_ros2/install/nav2_waypoint_follower:/home/wheeltec/wheeltec_ros2/install/nav2_theta_star_planner:/home/wheeltec/wheeltec_ros2/install/nav2_smac_planner:/home/wheeltec/wheeltec_ros2/install/nav2_rotation_shim_controller:/home/wheeltec/wheeltec_ros2/install/nav2_regulated_pure_pursuit_controller:/home/wheeltec/wheeltec_ros2/install/nav2_planner:/home/wheeltec/wheeltec_ros2/install/nav2_navfn_planner:/home/wheeltec/wheeltec_ros2/install/nav2_constrained_smoother:/home/wheeltec/wheeltec_ros2/install/nav2_bt_navigator:/home/wheeltec/wheeltec_ros2/install/nav2_behaviors:/home/wheeltec/wheeltec_ros2/install/nav2_core:/home/wheeltec/wheeltec_ros2/install/nav2_collision_monitor:/home/wheeltec/wheeltec_ros2/install/costmap_queue:/home/wheeltec/wheeltec_ros2/install/nav2_costmap_2d:/home/wheeltec/wheeltec_ros2/install/nav2_voxel_grid:/home/wheeltec/wheeltec_ros2/install/nav2_velocity_smoother:/home/wheeltec/wheeltec_ros2/install/nav2_rviz_plugins:/home/wheeltec/wheeltec_ros2/install/nav2_map_server:/home/wheeltec/wheeltec_ros2/install/nav2_lifecycle_manager:/home/wheeltec/wheeltec_ros2/install/nav2_behavior_tree:/home/wheeltec/wheeltec_ros2/install/nav2_amcl:/home/wheeltec/wheeltec_ros2/install/nav2_util:/home/wheeltec/wheeltec_ros2/install/nav2_msgs:/home/wheeltec/wheeltec_ros2/install/nav2_common:/home/wheeltec/wheeltec_ros2/install/lslidar_driver:/home/wheeltec/wheeltec_ros2/install/lslidar_msgs:/home/wheeltec/wheeltec_ros2/install/ldlidar_stl_ros2:/home/wheeltec/wheeltec_ros2/install/ldlidar_sl_ros2:/home/wheeltec/wheeltec_ros2/install/ldlidar:/home/wheeltec/wheeltec_ros2/install/bodyreader_msg:/home/wheeltec/wheeltec_ros2/install/astra_camera:/home/wheeltec/wheeltec_ros2/install/astra_camera_msgs:/home/wheeltec/wheeltec_ros2/install/aruco_ros:/home/wheeltec/wheeltec_ros2/install/aruco_msgs:/home/wheeltec/wheeltec_ros2/install/aruco:/home/wheeltec/wheeltec_ros2/install/ackermann_msgs:/home/wheeltec/wheeltec_ros2/install/simple_follower_ros2:/home/wheeltec/wheeltec_ros2/install/wheeltec_robot_keyboard:/home/wheeltec/wheeltec_ros2/install/wheeltec_dual_rtk_driver:/home/wheeltec/wheeltec_ros2/install/ultralytics_ros2:/home/wheeltec/wheeltec_ros2/install/tf2_tools:/home/wheeltec/wheeltec_ros2/install/ollama_ros_chat:/home/wheeltec/wheeltec_ros2/install/nmea_navsat_driver:/home/wheeltec/wheeltec_ros2/install/nav2_waypoint_cycle:/home/wheeltec/wheeltec_ros2/install/nav2_simple_commander:/home/wheeltec/wheeltec_ros2/install/auto_recharge_ros2:/opt/ros/humble LD_LIBRARY_PATH=/home/wheeltec/agribot/agribot_ws/install/yesense_interface/lib:/home/wheeltec/agribot/agribot_ws/install/fast_lio/lib:/usr/lib/aarch64-linux-gnu:/home/wheeltec/agribot/agribot_ws/install/serial/lib:/home/wheeltec/ws_livox/install/livox_sdk2/lib:/home/wheeltec/ws_livox/install/livox_ros_driver2/lib:/home/wheeltec/wheeltec_ros2/install/yesense_interface/lib:/home/wheeltec/wheeltec_ros2/install/wheeltec_rrt_msg/lib:/home/wheeltec/wheeltec_ros2/install/wheeltec_robot_rrt/lib:/home/wheeltec/wheeltec_ros2/install/turn_on_wheeltec_robot/lib:/home/wheeltec/wheeltec_ros2/install/wheeltec_robot_msg/lib:/home/wheeltec/wheeltec_ros2/install/wheeltec_mic_msg/lib:/home/wheeltec/wheeltec_ros2/install/usb_cam/lib:/home/wheeltec/wheeltec_ros2/install/ublox_gps/lib:/home/wheeltec/wheeltec_ros2/install/ublox_msgs/lib:/home/wheeltec/wheeltec_ros2/install/serial/lib:/home/wheeltec/wheeltec_ros2/install/orb_slam2_ros/lib:/home/wheeltec/wheeltec_ros2/install/openslam_gmapping/lib:/home/wheeltec/wheeltec_ros2/install/ollama_ros_msgs/lib:/home/wheeltec/wheeltec_ros2/install/nmea_msgs/lib:/home/wheeltec/wheeltec_ros2/install/nav2_smoother/lib:/home/wheeltec/wheeltec_ros2/install/nav2_controller/lib:/home/wheeltec/wheeltec_ros2/install/dwb_plugins/lib:/home/wheeltec/wheeltec_ros2/install/dwb_critics/lib:/home/wheeltec/wheeltec_ros2/install/dwb_core/lib:/home/wheeltec/wheeltec_ros2/install/nav_2d_utils/lib:/home/wheeltec/wheeltec_ros2/install/dwb_msgs/lib:/home/wheeltec/wheeltec_ros2/install/nav_2d_msgs/lib:/home/wheeltec/wheeltec_ros2/install/nav2_waypoint_follower/lib:/home/wheeltec/wheeltec_ros2/install/nav2_theta_star_planner/lib:/home/wheeltec/wheeltec_ros2/install/nav2_smac_planner/lib:/home/wheeltec/wheeltec_ros2/install/nav2_rotation_shim_controller/lib:/home/wheeltec/wheeltec_ros2/install/nav2_regulated_pure_pursuit_controller/lib:/home/wheeltec/wheeltec_ros2/install/nav2_planner/lib:/home/wheeltec/wheeltec_ros2/install/nav2_navfn_planner/lib:/home/wheeltec/wheeltec_ros2/install/nav2_constrained_smoother/lib:/home/wheeltec/wheeltec_ros2/install/nav2_bt_navigator/lib:/home/wheeltec/wheeltec_ros2/install/nav2_behaviors/lib:/home/wheeltec/wheeltec_ros2/install/nav2_collision_monitor/lib:/home/wheeltec/wheeltec_ros2/install/costmap_queue/lib:/home/wheeltec/wheeltec_ros2/install/nav2_costmap_2d/lib:/home/wheeltec/wheeltec_ros2/install/nav2_voxel_grid/lib:/home/wheeltec/wheeltec_ros2/install/nav2_velocity_smoother/lib:/home/wheeltec/wheeltec_ros2/install/nav2_rviz_plugins/lib:/home/wheeltec/wheeltec_ros2/install/nav2_map_server/lib:/home/wheeltec/wheeltec_ros2/install/nav2_lifecycle_manager/lib:/home/wheeltec/wheeltec_ros2/install/nav2_behavior_tree/lib:/home/wheeltec/wheeltec_ros2/install/nav2_amcl/lib:/home/wheeltec/wheeltec_ros2/install/nav2_util/lib:/home/wheeltec/wheeltec_ros2/install/nav2_msgs/lib:/home/wheeltec/wheeltec_ros2/install/lslidar_msgs/lib:/home/wheeltec/wheeltec_ros2/install/bodyreader_msg/lib:/home/wheeltec/wheeltec_ros2/install/astra_camera/lib:/home/wheeltec/wheeltec_ros2/install/astra_camera_msgs/lib:/home/wheeltec/wheeltec_ros2/install/aruco_ros/lib:/home/wheeltec/wheeltec_ros2/install/aruco_msgs/lib:/home/wheeltec/wheeltec_ros2/install/aruco/lib:/home/wheeltec/wheeltec_ros2/install/ackermann_msgs/lib:/opt/ros/humble/opt/rviz_ogre_vendor/lib:/opt/ros/humble/lib/aarch64-linux-gnu:/opt/ros/humble/lib /usr/bin/cmake --build /home/wheeltec/agribot/agribot_ws/build/centerline_extraction -- -j8 -l8
[45.662s] DEBUG:colcon.colcon_core.event_handler.log_command:Invoked command in '/home/wheeltec/agribot/agribot_ws/build/centerline_extraction' returned '0': CMAKE_PREFIX_PATH=/home/wheeltec/agribot/agribot_ws/install/turn_on_agribot:/home/wheeltec/agribot/agribot_ws/install/turn_on_32chassis:/home/wheeltec/agribot/agribot_ws/install/yesense_std_ros2:/home/wheeltec/agribot/agribot_ws/install/yesense_interface:/home/wheeltec/agribot/agribot_ws/install/serial:/home/wheeltec/agribot/agribot_ws/install/fast_lio:/home/wheeltec/agribot/agribot_ws/install/centerline_extraction:/home/wheeltec/ws_livox/install/livox_ros_driver2:/home/wheeltec/wheeltec_ros2/install/yesense_std_ros2:/home/wheeltec/wheeltec_ros2/install/yesense_interface:/home/wheeltec/wheeltec_ros2/install/wheeltec_slam_toolbox:/home/wheeltec/wheeltec_ros2/install/wheeltec_rviz2:/home/wheeltec/wheeltec_ros2/install/wheeltec_rrt_msg:/home/wheeltec/wheeltec_ros2/install/wheeltec_robot_urdf:/home/wheeltec/wheeltec_ros2/install/wheeltec_robot_rtab:/home/wheeltec/wheeltec_ros2/install/wheeltec_robot_rrt:/home/wheeltec/wheeltec_ros2/install/turn_on_wheeltec_robot:/home/wheeltec/wheeltec_ros2/install/wheeltec_robot_msg:/home/wheeltec/wheeltec_ros2/install/wheeltec_robot_kcf:/home/wheeltec/wheeltec_ros2/install/wheeltec_path_follow:/home/wheeltec/wheeltec_ros2/install/wheeltec_nav2:/home/wheeltec/wheeltec_ros2/install/wheeltec_multi:/home/wheeltec/wheeltec_ros2/install/wheeltec_mic_ros2:/home/wheeltec/wheeltec_ros2/install/wheeltec_mic_msg:/home/wheeltec/wheeltec_ros2/install/wheeltec_joy:/home/wheeltec/wheeltec_ros2/install/wheeltec_gps_driver:/home/wheeltec/wheeltec_ros2/install/wheeltec_cartographer:/home/wheeltec/wheeltec_ros2/install/wheeltec_aiui:/home/wheeltec/wheeltec_ros2/install/web_video_server:/home/wheeltec/wheeltec_ros2/install/usb_cam:/home/wheeltec/wheeltec_ros2/install/ublox:/home/wheeltec/wheeltec_ros2/install/ublox_gps:/home/wheeltec/wheeltec_ros2/install/ublox_msgs:/home/wheeltec/wheeltec_ros2/install/ublox_serialization:/home/wheeltec/wheeltec_ros2/install/tts:/home/wheeltec/wheeltec_ros2/install/slam_gmapping:/home/wheeltec/wheeltec_ros2/install/bodyreader:/home/wheeltec/wheeltec_ros2/install/serial:/home/wheeltec/wheeltec_ros2/install/rplidar_ros:/home/wheeltec/wheeltec_ros2/install/orb_slam2_ros:/home/wheeltec/wheeltec_ros2/install/openslam_gmapping:/home/wheeltec/wheeltec_ros2/install/ollama_ros_msgs:/home/wheeltec/wheeltec_ros2/install/nmea_msgs:/home/wheeltec/wheeltec_ros2/install/nav2_bringup:/home/wheeltec/wheeltec_ros2/install/navigation2:/home/wheeltec/wheeltec_ros2/install/nav2_smoother:/home/wheeltec/wheeltec_ros2/install/nav2_dwb_controller:/home/wheeltec/wheeltec_ros2/install/nav2_controller:/home/wheeltec/wheeltec_ros2/install/dwb_plugins:/home/wheeltec/wheeltec_ros2/install/dwb_critics:/home/wheeltec/wheeltec_ros2/install/dwb_core:/home/wheeltec/wheeltec_ros2/install/nav_2d_utils:/home/wheeltec/wheeltec_ros2/install/dwb_msgs:/home/wheeltec/wheeltec_ros2/install/nav_2d_msgs:/home/wheeltec/wheeltec_ros2/install/nav2_waypoint_follower:/home/wheeltec/wheeltec_ros2/install/nav2_theta_star_planner:/home/wheeltec/wheeltec_ros2/install/nav2_smac_planner:/home/wheeltec/wheeltec_ros2/install/nav2_rotation_shim_controller:/home/wheeltec/wheeltec_ros2/install/nav2_regulated_pure_pursuit_controller:/home/wheeltec/wheeltec_ros2/install/nav2_planner:/home/wheeltec/wheeltec_ros2/install/nav2_navfn_planner:/home/wheeltec/wheeltec_ros2/install/nav2_constrained_smoother:/home/wheeltec/wheeltec_ros2/install/nav2_bt_navigator:/home/wheeltec/wheeltec_ros2/install/nav2_behaviors:/home/wheeltec/wheeltec_ros2/install/nav2_core:/home/wheeltec/wheeltec_ros2/install/nav2_collision_monitor:/home/wheeltec/wheeltec_ros2/install/costmap_queue:/home/wheeltec/wheeltec_ros2/install/nav2_costmap_2d:/home/wheeltec/wheeltec_ros2/install/nav2_voxel_grid:/home/wheeltec/wheeltec_ros2/install/nav2_velocity_smoother:/home/wheeltec/wheeltec_ros2/install/nav2_rviz_plugins:/home/wheeltec/wheeltec_ros2/install/nav2_map_server:/home/wheeltec/wheeltec_ros2/install/nav2_lifecycle_manager:/home/wheeltec/wheeltec_ros2/install/nav2_behavior_tree:/home/wheeltec/wheeltec_ros2/install/nav2_amcl:/home/wheeltec/wheeltec_ros2/install/nav2_util:/home/wheeltec/wheeltec_ros2/install/nav2_msgs:/home/wheeltec/wheeltec_ros2/install/nav2_common:/home/wheeltec/wheeltec_ros2/install/lslidar_driver:/home/wheeltec/wheeltec_ros2/install/lslidar_msgs:/home/wheeltec/wheeltec_ros2/install/ldlidar_stl_ros2:/home/wheeltec/wheeltec_ros2/install/ldlidar_sl_ros2:/home/wheeltec/wheeltec_ros2/install/ldlidar:/home/wheeltec/wheeltec_ros2/install/bodyreader_msg:/home/wheeltec/wheeltec_ros2/install/astra_camera:/home/wheeltec/wheeltec_ros2/install/astra_camera_msgs:/home/wheeltec/wheeltec_ros2/install/aruco_ros:/home/wheeltec/wheeltec_ros2/install/aruco_msgs:/home/wheeltec/wheeltec_ros2/install/aruco:/home/wheeltec/wheeltec_ros2/install/ackermann_msgs:/home/wheeltec/wheeltec_ros2/install/simple_follower_ros2:/home/wheeltec/wheeltec_ros2/install/wheeltec_robot_keyboard:/home/wheeltec/wheeltec_ros2/install/wheeltec_dual_rtk_driver:/home/wheeltec/wheeltec_ros2/install/ultralytics_ros2:/home/wheeltec/wheeltec_ros2/install/tf2_tools:/home/wheeltec/wheeltec_ros2/install/ollama_ros_chat:/home/wheeltec/wheeltec_ros2/install/nmea_navsat_driver:/home/wheeltec/wheeltec_ros2/install/nav2_waypoint_cycle:/home/wheeltec/wheeltec_ros2/install/nav2_simple_commander:/home/wheeltec/wheeltec_ros2/install/auto_recharge_ros2:/opt/ros/humble LD_LIBRARY_PATH=/home/wheeltec/agribot/agribot_ws/install/yesense_interface/lib:/home/wheeltec/agribot/agribot_ws/install/fast_lio/lib:/usr/lib/aarch64-linux-gnu:/home/wheeltec/agribot/agribot_ws/install/serial/lib:/home/wheeltec/ws_livox/install/livox_sdk2/lib:/home/wheeltec/ws_livox/install/livox_ros_driver2/lib:/home/wheeltec/wheeltec_ros2/install/yesense_interface/lib:/home/wheeltec/wheeltec_ros2/install/wheeltec_rrt_msg/lib:/home/wheeltec/wheeltec_ros2/install/wheeltec_robot_rrt/lib:/home/wheeltec/wheeltec_ros2/install/turn_on_wheeltec_robot/lib:/home/wheeltec/wheeltec_ros2/install/wheeltec_robot_msg/lib:/home/wheeltec/wheeltec_ros2/install/wheeltec_mic_msg/lib:/home/wheeltec/wheeltec_ros2/install/usb_cam/lib:/home/wheeltec/wheeltec_ros2/install/ublox_gps/lib:/home/wheeltec/wheeltec_ros2/install/ublox_msgs/lib:/home/wheeltec/wheeltec_ros2/install/serial/lib:/home/wheeltec/wheeltec_ros2/install/orb_slam2_ros/lib:/home/wheeltec/wheeltec_ros2/install/openslam_gmapping/lib:/home/wheeltec/wheeltec_ros2/install/ollama_ros_msgs/lib:/home/wheeltec/wheeltec_ros2/install/nmea_msgs/lib:/home/wheeltec/wheeltec_ros2/install/nav2_smoother/lib:/home/wheeltec/wheeltec_ros2/install/nav2_controller/lib:/home/wheeltec/wheeltec_ros2/install/dwb_plugins/lib:/home/wheeltec/wheeltec_ros2/install/dwb_critics/lib:/home/wheeltec/wheeltec_ros2/install/dwb_core/lib:/home/wheeltec/wheeltec_ros2/install/nav_2d_utils/lib:/home/wheeltec/wheeltec_ros2/install/dwb_msgs/lib:/home/wheeltec/wheeltec_ros2/install/nav_2d_msgs/lib:/home/wheeltec/wheeltec_ros2/install/nav2_waypoint_follower/lib:/home/wheeltec/wheeltec_ros2/install/nav2_theta_star_planner/lib:/home/wheeltec/wheeltec_ros2/install/nav2_smac_planner/lib:/home/wheeltec/wheeltec_ros2/install/nav2_rotation_shim_controller/lib:/home/wheeltec/wheeltec_ros2/install/nav2_regulated_pure_pursuit_controller/lib:/home/wheeltec/wheeltec_ros2/install/nav2_planner/lib:/home/wheeltec/wheeltec_ros2/install/nav2_navfn_planner/lib:/home/wheeltec/wheeltec_ros2/install/nav2_constrained_smoother/lib:/home/wheeltec/wheeltec_ros2/install/nav2_bt_navigator/lib:/home/wheeltec/wheeltec_ros2/install/nav2_behaviors/lib:/home/wheeltec/wheeltec_ros2/install/nav2_collision_monitor/lib:/home/wheeltec/wheeltec_ros2/install/costmap_queue/lib:/home/wheeltec/wheeltec_ros2/install/nav2_costmap_2d/lib:/home/wheeltec/wheeltec_ros2/install/nav2_voxel_grid/lib:/home/wheeltec/wheeltec_ros2/install/nav2_velocity_smoother/lib:/home/wheeltec/wheeltec_ros2/install/nav2_rviz_plugins/lib:/home/wheeltec/wheeltec_ros2/install/nav2_map_server/lib:/home/wheeltec/wheeltec_ros2/install/nav2_lifecycle_manager/lib:/home/wheeltec/wheeltec_ros2/install/nav2_behavior_tree/lib:/home/wheeltec/wheeltec_ros2/install/nav2_amcl/lib:/home/wheeltec/wheeltec_ros2/install/nav2_util/lib:/home/wheeltec/wheeltec_ros2/install/nav2_msgs/lib:/home/wheeltec/wheeltec_ros2/install/lslidar_msgs/lib:/home/wheeltec/wheeltec_ros2/install/bodyreader_msg/lib:/home/wheeltec/wheeltec_ros2/install/astra_camera/lib:/home/wheeltec/wheeltec_ros2/install/astra_camera_msgs/lib:/home/wheeltec/wheeltec_ros2/install/aruco_ros/lib:/home/wheeltec/wheeltec_ros2/install/aruco_msgs/lib:/home/wheeltec/wheeltec_ros2/install/aruco/lib:/home/wheeltec/wheeltec_ros2/install/ackermann_msgs/lib:/opt/ros/humble/opt/rviz_ogre_vendor/lib:/opt/ros/humble/lib/aarch64-linux-gnu:/opt/ros/humble/lib /usr/bin/cmake --build /home/wheeltec/agribot/agribot_ws/build/centerline_extraction -- -j8 -l8
[45.684s] DEBUG:colcon.colcon_core.event_handler.log_command:Invoking command in '/home/wheeltec/agribot/agribot_ws/build/centerline_extraction': CMAKE_PREFIX_PATH=/home/wheeltec/agribot/agribot_ws/install/turn_on_agribot:/home/wheeltec/agribot/agribot_ws/install/turn_on_32chassis:/home/wheeltec/agribot/agribot_ws/install/yesense_std_ros2:/home/wheeltec/agribot/agribot_ws/install/yesense_interface:/home/wheeltec/agribot/agribot_ws/install/serial:/home/wheeltec/agribot/agribot_ws/install/fast_lio:/home/wheeltec/agribot/agribot_ws/install/centerline_extraction:/home/wheeltec/ws_livox/install/livox_ros_driver2:/home/wheeltec/wheeltec_ros2/install/yesense_std_ros2:/home/wheeltec/wheeltec_ros2/install/yesense_interface:/home/wheeltec/wheeltec_ros2/install/wheeltec_slam_toolbox:/home/wheeltec/wheeltec_ros2/install/wheeltec_rviz2:/home/wheeltec/wheeltec_ros2/install/wheeltec_rrt_msg:/home/wheeltec/wheeltec_ros2/install/wheeltec_robot_urdf:/home/wheeltec/wheeltec_ros2/install/wheeltec_robot_rtab:/home/wheeltec/wheeltec_ros2/install/wheeltec_robot_rrt:/home/wheeltec/wheeltec_ros2/install/turn_on_wheeltec_robot:/home/wheeltec/wheeltec_ros2/install/wheeltec_robot_msg:/home/wheeltec/wheeltec_ros2/install/wheeltec_robot_kcf:/home/wheeltec/wheeltec_ros2/install/wheeltec_path_follow:/home/wheeltec/wheeltec_ros2/install/wheeltec_nav2:/home/wheeltec/wheeltec_ros2/install/wheeltec_multi:/home/wheeltec/wheeltec_ros2/install/wheeltec_mic_ros2:/home/wheeltec/wheeltec_ros2/install/wheeltec_mic_msg:/home/wheeltec/wheeltec_ros2/install/wheeltec_joy:/home/wheeltec/wheeltec_ros2/install/wheeltec_gps_driver:/home/wheeltec/wheeltec_ros2/install/wheeltec_cartographer:/home/wheeltec/wheeltec_ros2/install/wheeltec_aiui:/home/wheeltec/wheeltec_ros2/install/web_video_server:/home/wheeltec/wheeltec_ros2/install/usb_cam:/home/wheeltec/wheeltec_ros2/install/ublox:/home/wheeltec/wheeltec_ros2/install/ublox_gps:/home/wheeltec/wheeltec_ros2/install/ublox_msgs:/home/wheeltec/wheeltec_ros2/install/ublox_serialization:/home/wheeltec/wheeltec_ros2/install/tts:/home/wheeltec/wheeltec_ros2/install/slam_gmapping:/home/wheeltec/wheeltec_ros2/install/bodyreader:/home/wheeltec/wheeltec_ros2/install/serial:/home/wheeltec/wheeltec_ros2/install/rplidar_ros:/home/wheeltec/wheeltec_ros2/install/orb_slam2_ros:/home/wheeltec/wheeltec_ros2/install/openslam_gmapping:/home/wheeltec/wheeltec_ros2/install/ollama_ros_msgs:/home/wheeltec/wheeltec_ros2/install/nmea_msgs:/home/wheeltec/wheeltec_ros2/install/nav2_bringup:/home/wheeltec/wheeltec_ros2/install/navigation2:/home/wheeltec/wheeltec_ros2/install/nav2_smoother:/home/wheeltec/wheeltec_ros2/install/nav2_dwb_controller:/home/wheeltec/wheeltec_ros2/install/nav2_controller:/home/wheeltec/wheeltec_ros2/install/dwb_plugins:/home/wheeltec/wheeltec_ros2/install/dwb_critics:/home/wheeltec/wheeltec_ros2/install/dwb_core:/home/wheeltec/wheeltec_ros2/install/nav_2d_utils:/home/wheeltec/wheeltec_ros2/install/dwb_msgs:/home/wheeltec/wheeltec_ros2/install/nav_2d_msgs:/home/wheeltec/wheeltec_ros2/install/nav2_waypoint_follower:/home/wheeltec/wheeltec_ros2/install/nav2_theta_star_planner:/home/wheeltec/wheeltec_ros2/install/nav2_smac_planner:/home/wheeltec/wheeltec_ros2/install/nav2_rotation_shim_controller:/home/wheeltec/wheeltec_ros2/install/nav2_regulated_pure_pursuit_controller:/home/wheeltec/wheeltec_ros2/install/nav2_planner:/home/wheeltec/wheeltec_ros2/install/nav2_navfn_planner:/home/wheeltec/wheeltec_ros2/install/nav2_constrained_smoother:/home/wheeltec/wheeltec_ros2/install/nav2_bt_navigator:/home/wheeltec/wheeltec_ros2/install/nav2_behaviors:/home/wheeltec/wheeltec_ros2/install/nav2_core:/home/wheeltec/wheeltec_ros2/install/nav2_collision_monitor:/home/wheeltec/wheeltec_ros2/install/costmap_queue:/home/wheeltec/wheeltec_ros2/install/nav2_costmap_2d:/home/wheeltec/wheeltec_ros2/install/nav2_voxel_grid:/home/wheeltec/wheeltec_ros2/install/nav2_velocity_smoother:/home/wheeltec/wheeltec_ros2/install/nav2_rviz_plugins:/home/wheeltec/wheeltec_ros2/install/nav2_map_server:/home/wheeltec/wheeltec_ros2/install/nav2_lifecycle_manager:/home/wheeltec/wheeltec_ros2/install/nav2_behavior_tree:/home/wheeltec/wheeltec_ros2/install/nav2_amcl:/home/wheeltec/wheeltec_ros2/install/nav2_util:/home/wheeltec/wheeltec_ros2/install/nav2_msgs:/home/wheeltec/wheeltec_ros2/install/nav2_common:/home/wheeltec/wheeltec_ros2/install/lslidar_driver:/home/wheeltec/wheeltec_ros2/install/lslidar_msgs:/home/wheeltec/wheeltec_ros2/install/ldlidar_stl_ros2:/home/wheeltec/wheeltec_ros2/install/ldlidar_sl_ros2:/home/wheeltec/wheeltec_ros2/install/ldlidar:/home/wheeltec/wheeltec_ros2/install/bodyreader_msg:/home/wheeltec/wheeltec_ros2/install/astra_camera:/home/wheeltec/wheeltec_ros2/install/astra_camera_msgs:/home/wheeltec/wheeltec_ros2/install/aruco_ros:/home/wheeltec/wheeltec_ros2/install/aruco_msgs:/home/wheeltec/wheeltec_ros2/install/aruco:/home/wheeltec/wheeltec_ros2/install/ackermann_msgs:/home/wheeltec/wheeltec_ros2/install/simple_follower_ros2:/home/wheeltec/wheeltec_ros2/install/wheeltec_robot_keyboard:/home/wheeltec/wheeltec_ros2/install/wheeltec_dual_rtk_driver:/home/wheeltec/wheeltec_ros2/install/ultralytics_ros2:/home/wheeltec/wheeltec_ros2/install/tf2_tools:/home/wheeltec/wheeltec_ros2/install/ollama_ros_chat:/home/wheeltec/wheeltec_ros2/install/nmea_navsat_driver:/home/wheeltec/wheeltec_ros2/install/nav2_waypoint_cycle:/home/wheeltec/wheeltec_ros2/install/nav2_simple_commander:/home/wheeltec/wheeltec_ros2/install/auto_recharge_ros2:/opt/ros/humble LD_LIBRARY_PATH=/home/wheeltec/agribot/agribot_ws/install/yesense_interface/lib:/home/wheeltec/agribot/agribot_ws/install/fast_lio/lib:/usr/lib/aarch64-linux-gnu:/home/wheeltec/agribot/agribot_ws/install/serial/lib:/home/wheeltec/ws_livox/install/livox_sdk2/lib:/home/wheeltec/ws_livox/install/livox_ros_driver2/lib:/home/wheeltec/wheeltec_ros2/install/yesense_interface/lib:/home/wheeltec/wheeltec_ros2/install/wheeltec_rrt_msg/lib:/home/wheeltec/wheeltec_ros2/install/wheeltec_robot_rrt/lib:/home/wheeltec/wheeltec_ros2/install/turn_on_wheeltec_robot/lib:/home/wheeltec/wheeltec_ros2/install/wheeltec_robot_msg/lib:/home/wheeltec/wheeltec_ros2/install/wheeltec_mic_msg/lib:/home/wheeltec/wheeltec_ros2/install/usb_cam/lib:/home/wheeltec/wheeltec_ros2/install/ublox_gps/lib:/home/wheeltec/wheeltec_ros2/install/ublox_msgs/lib:/home/wheeltec/wheeltec_ros2/install/serial/lib:/home/wheeltec/wheeltec_ros2/install/orb_slam2_ros/lib:/home/wheeltec/wheeltec_ros2/install/openslam_gmapping/lib:/home/wheeltec/wheeltec_ros2/install/ollama_ros_msgs/lib:/home/wheeltec/wheeltec_ros2/install/nmea_msgs/lib:/home/wheeltec/wheeltec_ros2/install/nav2_smoother/lib:/home/wheeltec/wheeltec_ros2/install/nav2_controller/lib:/home/wheeltec/wheeltec_ros2/install/dwb_plugins/lib:/home/wheeltec/wheeltec_ros2/install/dwb_critics/lib:/home/wheeltec/wheeltec_ros2/install/dwb_core/lib:/home/wheeltec/wheeltec_ros2/install/nav_2d_utils/lib:/home/wheeltec/wheeltec_ros2/install/dwb_msgs/lib:/home/wheeltec/wheeltec_ros2/install/nav_2d_msgs/lib:/home/wheeltec/wheeltec_ros2/install/nav2_waypoint_follower/lib:/home/wheeltec/wheeltec_ros2/install/nav2_theta_star_planner/lib:/home/wheeltec/wheeltec_ros2/install/nav2_smac_planner/lib:/home/wheeltec/wheeltec_ros2/install/nav2_rotation_shim_controller/lib:/home/wheeltec/wheeltec_ros2/install/nav2_regulated_pure_pursuit_controller/lib:/home/wheeltec/wheeltec_ros2/install/nav2_planner/lib:/home/wheeltec/wheeltec_ros2/install/nav2_navfn_planner/lib:/home/wheeltec/wheeltec_ros2/install/nav2_constrained_smoother/lib:/home/wheeltec/wheeltec_ros2/install/nav2_bt_navigator/lib:/home/wheeltec/wheeltec_ros2/install/nav2_behaviors/lib:/home/wheeltec/wheeltec_ros2/install/nav2_collision_monitor/lib:/home/wheeltec/wheeltec_ros2/install/costmap_queue/lib:/home/wheeltec/wheeltec_ros2/install/nav2_costmap_2d/lib:/home/wheeltec/wheeltec_ros2/install/nav2_voxel_grid/lib:/home/wheeltec/wheeltec_ros2/install/nav2_velocity_smoother/lib:/home/wheeltec/wheeltec_ros2/install/nav2_rviz_plugins/lib:/home/wheeltec/wheeltec_ros2/install/nav2_map_server/lib:/home/wheeltec/wheeltec_ros2/install/nav2_lifecycle_manager/lib:/home/wheeltec/wheeltec_ros2/install/nav2_behavior_tree/lib:/home/wheeltec/wheeltec_ros2/install/nav2_amcl/lib:/home/wheeltec/wheeltec_ros2/install/nav2_util/lib:/home/wheeltec/wheeltec_ros2/install/nav2_msgs/lib:/home/wheeltec/wheeltec_ros2/install/lslidar_msgs/lib:/home/wheeltec/wheeltec_ros2/install/bodyreader_msg/lib:/home/wheeltec/wheeltec_ros2/install/astra_camera/lib:/home/wheeltec/wheeltec_ros2/install/astra_camera_msgs/lib:/home/wheeltec/wheeltec_ros2/install/aruco_ros/lib:/home/wheeltec/wheeltec_ros2/install/aruco_msgs/lib:/home/wheeltec/wheeltec_ros2/install/aruco/lib:/home/wheeltec/wheeltec_ros2/install/ackermann_msgs/lib:/opt/ros/humble/opt/rviz_ogre_vendor/lib:/opt/ros/humble/lib/aarch64-linux-gnu:/opt/ros/humble/lib /usr/bin/cmake --install /home/wheeltec/agribot/agribot_ws/build/centerline_extraction
[45.727s] Level 1:colcon.colcon_core.environment:create_environment_scripts_only(centerline_extraction)
[45.729s] DEBUG:colcon.colcon_core.event_handler.log_command:Invoked command in '/home/wheeltec/agribot/agribot_ws/build/centerline_extraction' returned '0': CMAKE_PREFIX_PATH=/home/wheeltec/agribot/agribot_ws/install/turn_on_agribot:/home/wheeltec/agribot/agribot_ws/install/turn_on_32chassis:/home/wheeltec/agribot/agribot_ws/install/yesense_std_ros2:/home/wheeltec/agribot/agribot_ws/install/yesense_interface:/home/wheeltec/agribot/agribot_ws/install/serial:/home/wheeltec/agribot/agribot_ws/install/fast_lio:/home/wheeltec/agribot/agribot_ws/install/centerline_extraction:/home/wheeltec/ws_livox/install/livox_ros_driver2:/home/wheeltec/wheeltec_ros2/install/yesense_std_ros2:/home/wheeltec/wheeltec_ros2/install/yesense_interface:/home/wheeltec/wheeltec_ros2/install/wheeltec_slam_toolbox:/home/wheeltec/wheeltec_ros2/install/wheeltec_rviz2:/home/wheeltec/wheeltec_ros2/install/wheeltec_rrt_msg:/home/wheeltec/wheeltec_ros2/install/wheeltec_robot_urdf:/home/wheeltec/wheeltec_ros2/install/wheeltec_robot_rtab:/home/wheeltec/wheeltec_ros2/install/wheeltec_robot_rrt:/home/wheeltec/wheeltec_ros2/install/turn_on_wheeltec_robot:/home/wheeltec/wheeltec_ros2/install/wheeltec_robot_msg:/home/wheeltec/wheeltec_ros2/install/wheeltec_robot_kcf:/home/wheeltec/wheeltec_ros2/install/wheeltec_path_follow:/home/wheeltec/wheeltec_ros2/install/wheeltec_nav2:/home/wheeltec/wheeltec_ros2/install/wheeltec_multi:/home/wheeltec/wheeltec_ros2/install/wheeltec_mic_ros2:/home/wheeltec/wheeltec_ros2/install/wheeltec_mic_msg:/home/wheeltec/wheeltec_ros2/install/wheeltec_joy:/home/wheeltec/wheeltec_ros2/install/wheeltec_gps_driver:/home/wheeltec/wheeltec_ros2/install/wheeltec_cartographer:/home/wheeltec/wheeltec_ros2/install/wheeltec_aiui:/home/wheeltec/wheeltec_ros2/install/web_video_server:/home/wheeltec/wheeltec_ros2/install/usb_cam:/home/wheeltec/wheeltec_ros2/install/ublox:/home/wheeltec/wheeltec_ros2/install/ublox_gps:/home/wheeltec/wheeltec_ros2/install/ublox_msgs:/home/wheeltec/wheeltec_ros2/install/ublox_serialization:/home/wheeltec/wheeltec_ros2/install/tts:/home/wheeltec/wheeltec_ros2/install/slam_gmapping:/home/wheeltec/wheeltec_ros2/install/bodyreader:/home/wheeltec/wheeltec_ros2/install/serial:/home/wheeltec/wheeltec_ros2/install/rplidar_ros:/home/wheeltec/wheeltec_ros2/install/orb_slam2_ros:/home/wheeltec/wheeltec_ros2/install/openslam_gmapping:/home/wheeltec/wheeltec_ros2/install/ollama_ros_msgs:/home/wheeltec/wheeltec_ros2/install/nmea_msgs:/home/wheeltec/wheeltec_ros2/install/nav2_bringup:/home/wheeltec/wheeltec_ros2/install/navigation2:/home/wheeltec/wheeltec_ros2/install/nav2_smoother:/home/wheeltec/wheeltec_ros2/install/nav2_dwb_controller:/home/wheeltec/wheeltec_ros2/install/nav2_controller:/home/wheeltec/wheeltec_ros2/install/dwb_plugins:/home/wheeltec/wheeltec_ros2/install/dwb_critics:/home/wheeltec/wheeltec_ros2/install/dwb_core:/home/wheeltec/wheeltec_ros2/install/nav_2d_utils:/home/wheeltec/wheeltec_ros2/install/dwb_msgs:/home/wheeltec/wheeltec_ros2/install/nav_2d_msgs:/home/wheeltec/wheeltec_ros2/install/nav2_waypoint_follower:/home/wheeltec/wheeltec_ros2/install/nav2_theta_star_planner:/home/wheeltec/wheeltec_ros2/install/nav2_smac_planner:/home/wheeltec/wheeltec_ros2/install/nav2_rotation_shim_controller:/home/wheeltec/wheeltec_ros2/install/nav2_regulated_pure_pursuit_controller:/home/wheeltec/wheeltec_ros2/install/nav2_planner:/home/wheeltec/wheeltec_ros2/install/nav2_navfn_planner:/home/wheeltec/wheeltec_ros2/install/nav2_constrained_smoother:/home/wheeltec/wheeltec_ros2/install/nav2_bt_navigator:/home/wheeltec/wheeltec_ros2/install/nav2_behaviors:/home/wheeltec/wheeltec_ros2/install/nav2_core:/home/wheeltec/wheeltec_ros2/install/nav2_collision_monitor:/home/wheeltec/wheeltec_ros2/install/costmap_queue:/home/wheeltec/wheeltec_ros2/install/nav2_costmap_2d:/home/wheeltec/wheeltec_ros2/install/nav2_voxel_grid:/home/wheeltec/wheeltec_ros2/install/nav2_velocity_smoother:/home/wheeltec/wheeltec_ros2/install/nav2_rviz_plugins:/home/wheeltec/wheeltec_ros2/install/nav2_map_server:/home/wheeltec/wheeltec_ros2/install/nav2_lifecycle_manager:/home/wheeltec/wheeltec_ros2/install/nav2_behavior_tree:/home/wheeltec/wheeltec_ros2/install/nav2_amcl:/home/wheeltec/wheeltec_ros2/install/nav2_util:/home/wheeltec/wheeltec_ros2/install/nav2_msgs:/home/wheeltec/wheeltec_ros2/install/nav2_common:/home/wheeltec/wheeltec_ros2/install/lslidar_driver:/home/wheeltec/wheeltec_ros2/install/lslidar_msgs:/home/wheeltec/wheeltec_ros2/install/ldlidar_stl_ros2:/home/wheeltec/wheeltec_ros2/install/ldlidar_sl_ros2:/home/wheeltec/wheeltec_ros2/install/ldlidar:/home/wheeltec/wheeltec_ros2/install/bodyreader_msg:/home/wheeltec/wheeltec_ros2/install/astra_camera:/home/wheeltec/wheeltec_ros2/install/astra_camera_msgs:/home/wheeltec/wheeltec_ros2/install/aruco_ros:/home/wheeltec/wheeltec_ros2/install/aruco_msgs:/home/wheeltec/wheeltec_ros2/install/aruco:/home/wheeltec/wheeltec_ros2/install/ackermann_msgs:/home/wheeltec/wheeltec_ros2/install/simple_follower_ros2:/home/wheeltec/wheeltec_ros2/install/wheeltec_robot_keyboard:/home/wheeltec/wheeltec_ros2/install/wheeltec_dual_rtk_driver:/home/wheeltec/wheeltec_ros2/install/ultralytics_ros2:/home/wheeltec/wheeltec_ros2/install/tf2_tools:/home/wheeltec/wheeltec_ros2/install/ollama_ros_chat:/home/wheeltec/wheeltec_ros2/install/nmea_navsat_driver:/home/wheeltec/wheeltec_ros2/install/nav2_waypoint_cycle:/home/wheeltec/wheeltec_ros2/install/nav2_simple_commander:/home/wheeltec/wheeltec_ros2/install/auto_recharge_ros2:/opt/ros/humble LD_LIBRARY_PATH=/home/wheeltec/agribot/agribot_ws/install/yesense_interface/lib:/home/wheeltec/agribot/agribot_ws/install/fast_lio/lib:/usr/lib/aarch64-linux-gnu:/home/wheeltec/agribot/agribot_ws/install/serial/lib:/home/wheeltec/ws_livox/install/livox_sdk2/lib:/home/wheeltec/ws_livox/install/livox_ros_driver2/lib:/home/wheeltec/wheeltec_ros2/install/yesense_interface/lib:/home/wheeltec/wheeltec_ros2/install/wheeltec_rrt_msg/lib:/home/wheeltec/wheeltec_ros2/install/wheeltec_robot_rrt/lib:/home/wheeltec/wheeltec_ros2/install/turn_on_wheeltec_robot/lib:/home/wheeltec/wheeltec_ros2/install/wheeltec_robot_msg/lib:/home/wheeltec/wheeltec_ros2/install/wheeltec_mic_msg/lib:/home/wheeltec/wheeltec_ros2/install/usb_cam/lib:/home/wheeltec/wheeltec_ros2/install/ublox_gps/lib:/home/wheeltec/wheeltec_ros2/install/ublox_msgs/lib:/home/wheeltec/wheeltec_ros2/install/serial/lib:/home/wheeltec/wheeltec_ros2/install/orb_slam2_ros/lib:/home/wheeltec/wheeltec_ros2/install/openslam_gmapping/lib:/home/wheeltec/wheeltec_ros2/install/ollama_ros_msgs/lib:/home/wheeltec/wheeltec_ros2/install/nmea_msgs/lib:/home/wheeltec/wheeltec_ros2/install/nav2_smoother/lib:/home/wheeltec/wheeltec_ros2/install/nav2_controller/lib:/home/wheeltec/wheeltec_ros2/install/dwb_plugins/lib:/home/wheeltec/wheeltec_ros2/install/dwb_critics/lib:/home/wheeltec/wheeltec_ros2/install/dwb_core/lib:/home/wheeltec/wheeltec_ros2/install/nav_2d_utils/lib:/home/wheeltec/wheeltec_ros2/install/dwb_msgs/lib:/home/wheeltec/wheeltec_ros2/install/nav_2d_msgs/lib:/home/wheeltec/wheeltec_ros2/install/nav2_waypoint_follower/lib:/home/wheeltec/wheeltec_ros2/install/nav2_theta_star_planner/lib:/home/wheeltec/wheeltec_ros2/install/nav2_smac_planner/lib:/home/wheeltec/wheeltec_ros2/install/nav2_rotation_shim_controller/lib:/home/wheeltec/wheeltec_ros2/install/nav2_regulated_pure_pursuit_controller/lib:/home/wheeltec/wheeltec_ros2/install/nav2_planner/lib:/home/wheeltec/wheeltec_ros2/install/nav2_navfn_planner/lib:/home/wheeltec/wheeltec_ros2/install/nav2_constrained_smoother/lib:/home/wheeltec/wheeltec_ros2/install/nav2_bt_navigator/lib:/home/wheeltec/wheeltec_ros2/install/nav2_behaviors/lib:/home/wheeltec/wheeltec_ros2/install/nav2_collision_monitor/lib:/home/wheeltec/wheeltec_ros2/install/costmap_queue/lib:/home/wheeltec/wheeltec_ros2/install/nav2_costmap_2d/lib:/home/wheeltec/wheeltec_ros2/install/nav2_voxel_grid/lib:/home/wheeltec/wheeltec_ros2/install/nav2_velocity_smoother/lib:/home/wheeltec/wheeltec_ros2/install/nav2_rviz_plugins/lib:/home/wheeltec/wheeltec_ros2/install/nav2_map_server/lib:/home/wheeltec/wheeltec_ros2/install/nav2_lifecycle_manager/lib:/home/wheeltec/wheeltec_ros2/install/nav2_behavior_tree/lib:/home/wheeltec/wheeltec_ros2/install/nav2_amcl/lib:/home/wheeltec/wheeltec_ros2/install/nav2_util/lib:/home/wheeltec/wheeltec_ros2/install/nav2_msgs/lib:/home/wheeltec/wheeltec_ros2/install/lslidar_msgs/lib:/home/wheeltec/wheeltec_ros2/install/bodyreader_msg/lib:/home/wheeltec/wheeltec_ros2/install/astra_camera/lib:/home/wheeltec/wheeltec_ros2/install/astra_camera_msgs/lib:/home/wheeltec/wheeltec_ros2/install/aruco_ros/lib:/home/wheeltec/wheeltec_ros2/install/aruco_msgs/lib:/home/wheeltec/wheeltec_ros2/install/aruco/lib:/home/wheeltec/wheeltec_ros2/install/ackermann_msgs/lib:/opt/ros/humble/opt/rviz_ogre_vendor/lib:/opt/ros/humble/lib/aarch64-linux-gnu:/opt/ros/humble/lib /usr/bin/cmake --install /home/wheeltec/agribot/agribot_ws/build/centerline_extraction
[45.737s] Level 1:colcon.colcon_core.environment:checking '/home/wheeltec/agribot/agribot_ws/install/centerline_extraction' for CMake module files
[45.739s] Level 1:colcon.colcon_core.environment:checking '/home/wheeltec/agribot/agribot_ws/install/centerline_extraction' for CMake config files
[45.741s] Level 1:colcon.colcon_core.shell:create_environment_hook('centerline_extraction', 'cmake_prefix_path')
[45.741s] INFO:colcon.colcon_core.shell:Creating environment hook '/home/wheeltec/agribot/agribot_ws/install/centerline_extraction/share/centerline_extraction/hook/cmake_prefix_path.ps1'
[45.744s] INFO:colcon.colcon_core.shell:Creating environment descriptor '/home/wheeltec/agribot/agribot_ws/install/centerline_extraction/share/centerline_extraction/hook/cmake_prefix_path.dsv'
[45.746s] INFO:colcon.colcon_core.shell:Creating environment hook '/home/wheeltec/agribot/agribot_ws/install/centerline_extraction/share/centerline_extraction/hook/cmake_prefix_path.sh'
[45.748s] Level 1:colcon.colcon_core.environment:checking '/home/wheeltec/agribot/agribot_ws/install/centerline_extraction/lib'
[45.748s] Level 1:colcon.colcon_core.environment:checking '/home/wheeltec/agribot/agribot_ws/install/centerline_extraction/bin'
[45.748s] Level 1:colcon.colcon_core.environment:checking '/home/wheeltec/agribot/agribot_ws/install/centerline_extraction/lib/pkgconfig/centerline_extraction.pc'
[45.749s] Level 1:colcon.colcon_core.environment:checking '/home/wheeltec/agribot/agribot_ws/install/centerline_extraction/lib/python3.10/site-packages'
[45.749s] Level 1:colcon.colcon_core.environment:checking '/home/wheeltec/agribot/agribot_ws/install/centerline_extraction/bin'
[45.750s] INFO:colcon.colcon_core.shell:Creating package script '/home/wheeltec/agribot/agribot_ws/install/centerline_extraction/share/centerline_extraction/package.ps1'
[45.755s] INFO:colcon.colcon_core.shell:Creating package descriptor '/home/wheeltec/agribot/agribot_ws/install/centerline_extraction/share/centerline_extraction/package.dsv'
[45.757s] INFO:colcon.colcon_core.shell:Creating package script '/home/wheeltec/agribot/agribot_ws/install/centerline_extraction/share/centerline_extraction/package.sh'
[45.760s] INFO:colcon.colcon_core.shell:Creating package script '/home/wheeltec/agribot/agribot_ws/install/centerline_extraction/share/centerline_extraction/package.bash'
[45.762s] INFO:colcon.colcon_core.shell:Creating package script '/home/wheeltec/agribot/agribot_ws/install/centerline_extraction/share/centerline_extraction/package.zsh'
[45.765s] Level 1:colcon.colcon_core.environment:create_file_with_runtime_dependencies(/home/wheeltec/agribot/agribot_ws/install/centerline_extraction/share/colcon-core/packages/centerline_extraction)
[45.767s] Level 1:colcon.colcon_core.environment:create_environment_scripts_only(centerline_extraction)
[45.768s] Level 1:colcon.colcon_core.environment:checking '/home/wheeltec/agribot/agribot_ws/install/centerline_extraction' for CMake module files
[45.770s] Level 1:colcon.colcon_core.environment:checking '/home/wheeltec/agribot/agribot_ws/install/centerline_extraction' for CMake config files
[45.772s] Level 1:colcon.colcon_core.shell:create_environment_hook('centerline_extraction', 'cmake_prefix_path')
[45.772s] INFO:colcon.colcon_core.shell:Creating environment hook '/home/wheeltec/agribot/agribot_ws/install/centerline_extraction/share/centerline_extraction/hook/cmake_prefix_path.ps1'
[45.774s] INFO:colcon.colcon_core.shell:Creating environment descriptor '/home/wheeltec/agribot/agribot_ws/install/centerline_extraction/share/centerline_extraction/hook/cmake_prefix_path.dsv'
[45.775s] INFO:colcon.colcon_core.shell:Creating environment hook '/home/wheeltec/agribot/agribot_ws/install/centerline_extraction/share/centerline_extraction/hook/cmake_prefix_path.sh'
[45.777s] Level 1:colcon.colcon_core.environment:checking '/home/wheeltec/agribot/agribot_ws/install/centerline_extraction/lib'
[45.777s] Level 1:colcon.colcon_core.environment:checking '/home/wheeltec/agribot/agribot_ws/install/centerline_extraction/bin'
[45.778s] Level 1:colcon.colcon_core.environment:checking '/home/wheeltec/agribot/agribot_ws/install/centerline_extraction/lib/pkgconfig/centerline_extraction.pc'
[45.778s] Level 1:colcon.colcon_core.environment:checking '/home/wheeltec/agribot/agribot_ws/install/centerline_extraction/lib/python3.10/site-packages'
[45.780s] Level 1:colcon.colcon_core.environment:checking '/home/wheeltec/agribot/agribot_ws/install/centerline_extraction/bin'
[45.780s] INFO:colcon.colcon_core.shell:Creating package script '/home/wheeltec/agribot/agribot_ws/install/centerline_extraction/share/centerline_extraction/package.ps1'
[45.783s] INFO:colcon.colcon_core.shell:Creating package descriptor '/home/wheeltec/agribot/agribot_ws/install/centerline_extraction/share/centerline_extraction/package.dsv'
[45.784s] INFO:colcon.colcon_core.shell:Creating package script '/home/wheeltec/agribot/agribot_ws/install/centerline_extraction/share/centerline_extraction/package.sh'
[45.786s] INFO:colcon.colcon_core.shell:Creating package script '/home/wheeltec/agribot/agribot_ws/install/centerline_extraction/share/centerline_extraction/package.bash'
[45.787s] INFO:colcon.colcon_core.shell:Creating package script '/home/wheeltec/agribot/agribot_ws/install/centerline_extraction/share/centerline_extraction/package.zsh'
[45.788s] Level 1:colcon.colcon_core.environment:create_file_with_runtime_dependencies(/home/wheeltec/agribot/agribot_ws/install/centerline_extraction/share/colcon-core/packages/centerline_extraction)
[45.789s] DEBUG:colcon.colcon_parallel_executor.executor.parallel:closing loop
[45.790s] DEBUG:colcon.colcon_parallel_executor.executor.parallel:loop closed
[45.790s] DEBUG:colcon.colcon_parallel_executor.executor.parallel:run_until_complete finished with '0'
[45.790s] DEBUG:colcon.colcon_core.event_reactor:joining thread
[45.792s] DEBUG:colcon.colcon_core.event_reactor:joined thread
[45.793s] INFO:colcon.colcon_core.shell:Creating prefix script '/home/wheeltec/agribot/agribot_ws/install/local_setup.ps1'
[45.796s] INFO:colcon.colcon_core.shell:Creating prefix util module '/home/wheeltec/agribot/agribot_ws/install/_local_setup_util_ps1.py'
[45.800s] INFO:colcon.colcon_core.shell:Creating prefix chain script '/home/wheeltec/agribot/agribot_ws/install/setup.ps1'
[45.815s] INFO:colcon.colcon_core.shell:Creating prefix script '/home/wheeltec/agribot/agribot_ws/install/local_setup.sh'
[45.817s] INFO:colcon.colcon_core.shell:Creating prefix util module '/home/wheeltec/agribot/agribot_ws/install/_local_setup_util_sh.py'
[45.819s] INFO:colcon.colcon_core.shell:Creating prefix chain script '/home/wheeltec/agribot/agribot_ws/install/setup.sh'
[45.832s] INFO:colcon.colcon_core.shell:Creating prefix script '/home/wheeltec/agribot/agribot_ws/install/local_setup.bash'
[45.833s] INFO:colcon.colcon_core.shell:Creating prefix chain script '/home/wheeltec/agribot/agribot_ws/install/setup.bash'
[45.843s] INFO:colcon.colcon_core.shell:Creating prefix script '/home/wheeltec/agribot/agribot_ws/install/local_setup.zsh'
[45.844s] INFO:colcon.colcon_core.shell:Creating prefix chain script '/home/wheeltec/agribot/agribot_ws/install/setup.zsh'
