[0.411s] DEBUG:colcon:Command line arguments: ['/usr/bin/colcon', 'build']
[0.412s] DEBUG:colcon:Parsed command line arguments: Namespace(log_base=None, log_level=None, verb_name='build', build_base='build', install_base='install', merge_install=False, symlink_install=False, test_result_base=None, continue_on_error=False, executor='parallel', parallel_workers=8, event_handlers=None, ignore_user_meta=False, metas=['./colcon.meta'], base_paths=['.'], packages_ignore=None, packages_ignore_regex=None, paths=None, packages_up_to=None, packages_up_to_regex=None, packages_above=None, packages_above_and_dependencies=None, packages_above_depth=None, packages_select_by_dep=None, packages_skip_by_dep=None, packages_skip_up_to=None, packages_select_build_failed=False, packages_skip_build_finished=False, packages_select_test_failures=False, packages_skip_test_passed=False, packages_select=None, packages_skip=None, packages_select_regex=None, packages_skip_regex=None, packages_start=None, packages_end=None, allow_overriding=[], cmake_args=None, cmake_target=None, cmake_target_skip_unavailable=False, cmake_clean_cache=False, cmake_clean_first=False, cmake_force_configure=False, ament_cmake_args=None, catkin_cmake_args=None, catkin_skip_building_tests=False, verb_parser=<colcon_defaults.argument_parser.defaults.DefaultArgumentsDecorator object at 0xffffae351a20>, verb_extension=<colcon_core.verb.build.BuildVerb object at 0xffffae3514b0>, main=<bound method BuildVerb.main of <colcon_core.verb.build.BuildVerb object at 0xffffae3514b0>>)
[1.000s] Level 1:colcon.colcon_core.package_discovery:discover_packages(colcon_meta) check parameters
[1.001s] Level 1:colcon.colcon_core.package_discovery:discover_packages(recursive) check parameters
[1.002s] Level 1:colcon.colcon_core.package_discovery:discover_packages(ignore) check parameters
[1.002s] Level 1:colcon.colcon_core.package_discovery:discover_packages(path) check parameters
[1.002s] Level 1:colcon.colcon_core.package_discovery:discover_packages(colcon_meta) discover
[1.002s] Level 1:colcon.colcon_core.package_discovery:discover_packages(recursive) discover
[1.002s] INFO:colcon.colcon_core.package_discovery:Crawling recursively for packages in '/home/wheeltec/agribot/agribot_ws'
[1.003s] Level 1:colcon.colcon_core.package_identification:_identify(.) by extensions ['ignore', 'ignore_ament_install']
[1.003s] Level 1:colcon.colcon_core.package_identification:_identify(.) by extension 'ignore'
[1.004s] Level 1:colcon.colcon_core.package_identification:_identify(.) by extension 'ignore_ament_install'
[1.004s] Level 1:colcon.colcon_core.package_identification:_identify(.) by extensions ['colcon_pkg']
[1.004s] Level 1:colcon.colcon_core.package_identification:_identify(.) by extension 'colcon_pkg'
[1.004s] Level 1:colcon.colcon_core.package_identification:_identify(.) by extensions ['colcon_meta']
[1.004s] Level 1:colcon.colcon_core.package_identification:_identify(.) by extension 'colcon_meta'
[1.004s] Level 1:colcon.colcon_core.package_identification:_identify(.) by extensions ['ros']
[1.005s] Level 1:colcon.colcon_core.package_identification:_identify(.) by extension 'ros'
[1.040s] Level 1:colcon.colcon_core.package_identification:_identify(.) by extensions ['cmake', 'python']
[1.040s] Level 1:colcon.colcon_core.package_identification:_identify(.) by extension 'cmake'
[1.040s] Level 1:colcon.colcon_core.package_identification:_identify(.) by extension 'python'
[1.040s] Level 1:colcon.colcon_core.package_identification:_identify(.) by extensions ['python_setup_py']
[1.040s] Level 1:colcon.colcon_core.package_identification:_identify(.) by extension 'python_setup_py'
[1.041s] Level 1:colcon.colcon_core.package_identification:_identify(build) by extensions ['ignore', 'ignore_ament_install']
[1.041s] Level 1:colcon.colcon_core.package_identification:_identify(build) by extension 'ignore'
[1.041s] Level 1:colcon.colcon_core.package_identification:_identify(build) ignored
[1.042s] Level 1:colcon.colcon_core.package_identification:_identify(install) by extensions ['ignore', 'ignore_ament_install']
[1.042s] Level 1:colcon.colcon_core.package_identification:_identify(install) by extension 'ignore'
[1.042s] Level 1:colcon.colcon_core.package_identification:_identify(install) ignored
[1.043s] Level 1:colcon.colcon_core.package_identification:_identify(log) by extensions ['ignore', 'ignore_ament_install']
[1.043s] Level 1:colcon.colcon_core.package_identification:_identify(log) by extension 'ignore'
[1.044s] Level 1:colcon.colcon_core.package_identification:_identify(log) ignored
[1.044s] Level 1:colcon.colcon_core.package_identification:_identify(src) by extensions ['ignore', 'ignore_ament_install']
[1.044s] Level 1:colcon.colcon_core.package_identification:_identify(src) by extension 'ignore'
[1.044s] Level 1:colcon.colcon_core.package_identification:_identify(src) by extension 'ignore_ament_install'
[1.045s] Level 1:colcon.colcon_core.package_identification:_identify(src) by extensions ['colcon_pkg']
[1.045s] Level 1:colcon.colcon_core.package_identification:_identify(src) by extension 'colcon_pkg'
[1.045s] Level 1:colcon.colcon_core.package_identification:_identify(src) by extensions ['colcon_meta']
[1.045s] Level 1:colcon.colcon_core.package_identification:_identify(src) by extension 'colcon_meta'
[1.045s] Level 1:colcon.colcon_core.package_identification:_identify(src) by extensions ['ros']
[1.046s] Level 1:colcon.colcon_core.package_identification:_identify(src) by extension 'ros'
[1.046s] Level 1:colcon.colcon_core.package_identification:_identify(src) by extensions ['cmake', 'python']
[1.046s] Level 1:colcon.colcon_core.package_identification:_identify(src) by extension 'cmake'
[1.047s] Level 1:colcon.colcon_core.package_identification:_identify(src) by extension 'python'
[1.047s] Level 1:colcon.colcon_core.package_identification:_identify(src) by extensions ['python_setup_py']
[1.047s] Level 1:colcon.colcon_core.package_identification:_identify(src) by extension 'python_setup_py'
[1.048s] Level 1:colcon.colcon_core.package_identification:_identify(src/FAST_LIO) by extensions ['ignore', 'ignore_ament_install']
[1.048s] Level 1:colcon.colcon_core.package_identification:_identify(src/FAST_LIO) by extension 'ignore'
[1.048s] Level 1:colcon.colcon_core.package_identification:_identify(src/FAST_LIO) by extension 'ignore_ament_install'
[1.048s] Level 1:colcon.colcon_core.package_identification:_identify(src/FAST_LIO) by extensions ['colcon_pkg']
[1.048s] Level 1:colcon.colcon_core.package_identification:_identify(src/FAST_LIO) by extension 'colcon_pkg'
[1.048s] Level 1:colcon.colcon_core.package_identification:_identify(src/FAST_LIO) by extensions ['colcon_meta']
[1.048s] Level 1:colcon.colcon_core.package_identification:_identify(src/FAST_LIO) by extension 'colcon_meta'
[1.049s] Level 1:colcon.colcon_core.package_identification:_identify(src/FAST_LIO) by extensions ['ros']
[1.049s] Level 1:colcon.colcon_core.package_identification:_identify(src/FAST_LIO) by extension 'ros'
[1.059s] DEBUG:colcon.colcon_core.package_identification:Package 'src/FAST_LIO' with type 'ros.ament_cmake' and name 'fast_lio'
[1.060s] Level 1:colcon.colcon_core.package_identification:_identify(src/centerline_extraction) by extensions ['ignore', 'ignore_ament_install']
[1.060s] Level 1:colcon.colcon_core.package_identification:_identify(src/centerline_extraction) by extension 'ignore'
[1.060s] Level 1:colcon.colcon_core.package_identification:_identify(src/centerline_extraction) by extension 'ignore_ament_install'
[1.060s] Level 1:colcon.colcon_core.package_identification:_identify(src/centerline_extraction) by extensions ['colcon_pkg']
[1.060s] Level 1:colcon.colcon_core.package_identification:_identify(src/centerline_extraction) by extension 'colcon_pkg'
[1.060s] Level 1:colcon.colcon_core.package_identification:_identify(src/centerline_extraction) by extensions ['colcon_meta']
[1.061s] Level 1:colcon.colcon_core.package_identification:_identify(src/centerline_extraction) by extension 'colcon_meta'
[1.061s] Level 1:colcon.colcon_core.package_identification:_identify(src/centerline_extraction) by extensions ['ros']
[1.061s] Level 1:colcon.colcon_core.package_identification:_identify(src/centerline_extraction) by extension 'ros'
[1.067s] DEBUG:colcon.colcon_core.package_identification:Package 'src/centerline_extraction' with type 'ros.ament_cmake' and name 'centerline_extraction'
[1.067s] Level 1:colcon.colcon_core.package_identification:_identify(src/serial_ros2) by extensions ['ignore', 'ignore_ament_install']
[1.068s] Level 1:colcon.colcon_core.package_identification:_identify(src/serial_ros2) by extension 'ignore'
[1.068s] Level 1:colcon.colcon_core.package_identification:_identify(src/serial_ros2) by extension 'ignore_ament_install'
[1.068s] Level 1:colcon.colcon_core.package_identification:_identify(src/serial_ros2) by extensions ['colcon_pkg']
[1.069s] Level 1:colcon.colcon_core.package_identification:_identify(src/serial_ros2) by extension 'colcon_pkg'
[1.069s] Level 1:colcon.colcon_core.package_identification:_identify(src/serial_ros2) by extensions ['colcon_meta']
[1.070s] Level 1:colcon.colcon_core.package_identification:_identify(src/serial_ros2) by extension 'colcon_meta'
[1.070s] Level 1:colcon.colcon_core.package_identification:_identify(src/serial_ros2) by extensions ['ros']
[1.070s] Level 1:colcon.colcon_core.package_identification:_identify(src/serial_ros2) by extension 'ros'
[1.076s] DEBUG:colcon.colcon_core.package_identification:Package 'src/serial_ros2' with type 'ros.ament_cmake' and name 'serial'
[1.077s] Level 1:colcon.colcon_core.package_identification:_identify(src/turn_on_32chassis) by extensions ['ignore', 'ignore_ament_install']
[1.078s] Level 1:colcon.colcon_core.package_identification:_identify(src/turn_on_32chassis) by extension 'ignore'
[1.078s] Level 1:colcon.colcon_core.package_identification:_identify(src/turn_on_32chassis) by extension 'ignore_ament_install'
[1.078s] Level 1:colcon.colcon_core.package_identification:_identify(src/turn_on_32chassis) by extensions ['colcon_pkg']
[1.079s] Level 1:colcon.colcon_core.package_identification:_identify(src/turn_on_32chassis) by extension 'colcon_pkg'
[1.079s] Level 1:colcon.colcon_core.package_identification:_identify(src/turn_on_32chassis) by extensions ['colcon_meta']
[1.079s] Level 1:colcon.colcon_core.package_identification:_identify(src/turn_on_32chassis) by extension 'colcon_meta'
[1.079s] Level 1:colcon.colcon_core.package_identification:_identify(src/turn_on_32chassis) by extensions ['ros']
[1.079s] Level 1:colcon.colcon_core.package_identification:_identify(src/turn_on_32chassis) by extension 'ros'
[1.083s] DEBUG:colcon.colcon_core.package_identification:Package 'src/turn_on_32chassis' with type 'ros.ament_cmake' and name 'turn_on_32chassis'
[1.084s] Level 1:colcon.colcon_core.package_identification:_identify(src/turn_on_agribot) by extensions ['ignore', 'ignore_ament_install']
[1.084s] Level 1:colcon.colcon_core.package_identification:_identify(src/turn_on_agribot) by extension 'ignore'
[1.084s] Level 1:colcon.colcon_core.package_identification:_identify(src/turn_on_agribot) by extension 'ignore_ament_install'
[1.085s] Level 1:colcon.colcon_core.package_identification:_identify(src/turn_on_agribot) by extensions ['colcon_pkg']
[1.085s] Level 1:colcon.colcon_core.package_identification:_identify(src/turn_on_agribot) by extension 'colcon_pkg'
[1.085s] Level 1:colcon.colcon_core.package_identification:_identify(src/turn_on_agribot) by extensions ['colcon_meta']
[1.085s] Level 1:colcon.colcon_core.package_identification:_identify(src/turn_on_agribot) by extension 'colcon_meta'
[1.085s] Level 1:colcon.colcon_core.package_identification:_identify(src/turn_on_agribot) by extensions ['ros']
[1.085s] Level 1:colcon.colcon_core.package_identification:_identify(src/turn_on_agribot) by extension 'ros'
[1.087s] DEBUG:colcon.colcon_core.package_identification:Package 'src/turn_on_agribot' with type 'ros.ament_cmake' and name 'turn_on_agribot'
[1.088s] Level 1:colcon.colcon_core.package_identification:_identify(src/yesense_ros2) by extensions ['ignore', 'ignore_ament_install']
[1.088s] Level 1:colcon.colcon_core.package_identification:_identify(src/yesense_ros2) by extension 'ignore'
[1.088s] Level 1:colcon.colcon_core.package_identification:_identify(src/yesense_ros2) by extension 'ignore_ament_install'
[1.088s] Level 1:colcon.colcon_core.package_identification:_identify(src/yesense_ros2) by extensions ['colcon_pkg']
[1.088s] Level 1:colcon.colcon_core.package_identification:_identify(src/yesense_ros2) by extension 'colcon_pkg'
[1.088s] Level 1:colcon.colcon_core.package_identification:_identify(src/yesense_ros2) by extensions ['colcon_meta']
[1.088s] Level 1:colcon.colcon_core.package_identification:_identify(src/yesense_ros2) by extension 'colcon_meta'
[1.089s] Level 1:colcon.colcon_core.package_identification:_identify(src/yesense_ros2) by extensions ['ros']
[1.089s] Level 1:colcon.colcon_core.package_identification:_identify(src/yesense_ros2) by extension 'ros'
[1.089s] Level 1:colcon.colcon_core.package_identification:_identify(src/yesense_ros2) by extensions ['cmake', 'python']
[1.089s] Level 1:colcon.colcon_core.package_identification:_identify(src/yesense_ros2) by extension 'cmake'
[1.089s] Level 1:colcon.colcon_core.package_identification:_identify(src/yesense_ros2) by extension 'python'
[1.089s] Level 1:colcon.colcon_core.package_identification:_identify(src/yesense_ros2) by extensions ['python_setup_py']
[1.089s] Level 1:colcon.colcon_core.package_identification:_identify(src/yesense_ros2) by extension 'python_setup_py'
[1.090s] Level 1:colcon.colcon_core.package_identification:_identify(src/yesense_ros2/yesense_interface) by extensions ['ignore', 'ignore_ament_install']
[1.090s] Level 1:colcon.colcon_core.package_identification:_identify(src/yesense_ros2/yesense_interface) by extension 'ignore'
[1.090s] Level 1:colcon.colcon_core.package_identification:_identify(src/yesense_ros2/yesense_interface) by extension 'ignore_ament_install'
[1.090s] Level 1:colcon.colcon_core.package_identification:_identify(src/yesense_ros2/yesense_interface) by extensions ['colcon_pkg']
[1.090s] Level 1:colcon.colcon_core.package_identification:_identify(src/yesense_ros2/yesense_interface) by extension 'colcon_pkg'
[1.090s] Level 1:colcon.colcon_core.package_identification:_identify(src/yesense_ros2/yesense_interface) by extensions ['colcon_meta']
[1.090s] Level 1:colcon.colcon_core.package_identification:_identify(src/yesense_ros2/yesense_interface) by extension 'colcon_meta'
[1.091s] Level 1:colcon.colcon_core.package_identification:_identify(src/yesense_ros2/yesense_interface) by extensions ['ros']
[1.091s] Level 1:colcon.colcon_core.package_identification:_identify(src/yesense_ros2/yesense_interface) by extension 'ros'
[1.093s] DEBUG:colcon.colcon_core.package_identification:Package 'src/yesense_ros2/yesense_interface' with type 'ros.ament_cmake' and name 'yesense_interface'
[1.093s] Level 1:colcon.colcon_core.package_identification:_identify(src/yesense_ros2/yesense_std_ros2) by extensions ['ignore', 'ignore_ament_install']
[1.093s] Level 1:colcon.colcon_core.package_identification:_identify(src/yesense_ros2/yesense_std_ros2) by extension 'ignore'
[1.093s] Level 1:colcon.colcon_core.package_identification:_identify(src/yesense_ros2/yesense_std_ros2) by extension 'ignore_ament_install'
[1.094s] Level 1:colcon.colcon_core.package_identification:_identify(src/yesense_ros2/yesense_std_ros2) by extensions ['colcon_pkg']
[1.094s] Level 1:colcon.colcon_core.package_identification:_identify(src/yesense_ros2/yesense_std_ros2) by extension 'colcon_pkg'
[1.094s] Level 1:colcon.colcon_core.package_identification:_identify(src/yesense_ros2/yesense_std_ros2) by extensions ['colcon_meta']
[1.094s] Level 1:colcon.colcon_core.package_identification:_identify(src/yesense_ros2/yesense_std_ros2) by extension 'colcon_meta'
[1.094s] Level 1:colcon.colcon_core.package_identification:_identify(src/yesense_ros2/yesense_std_ros2) by extensions ['ros']
[1.094s] Level 1:colcon.colcon_core.package_identification:_identify(src/yesense_ros2/yesense_std_ros2) by extension 'ros'
[1.097s] DEBUG:colcon.colcon_core.package_identification:Package 'src/yesense_ros2/yesense_std_ros2' with type 'ros.ament_cmake' and name 'yesense_std_ros2'
[1.097s] Level 1:colcon.colcon_core.package_discovery:discover_packages(recursive) using defaults
[1.097s] Level 1:colcon.colcon_core.package_discovery:discover_packages(ignore) discover
[1.098s] Level 1:colcon.colcon_core.package_discovery:discover_packages(ignore) using defaults
[1.098s] Level 1:colcon.colcon_core.package_discovery:discover_packages(path) discover
[1.098s] Level 1:colcon.colcon_core.package_discovery:discover_packages(path) using defaults
[1.218s] Level 1:colcon.colcon_core.package_discovery:discover_packages(prefix_path) check parameters
[1.219s] Level 1:colcon.colcon_core.package_discovery:discover_packages(prefix_path) discover
[1.235s] DEBUG:colcon.colcon_installed_package_information.package_discovery:Found 7 installed packages in /home/wheeltec/agribot/agribot_ws/install
[1.237s] DEBUG:colcon.colcon_installed_package_information.package_discovery:Found 2 installed packages in /home/wheeltec/ws_livox/install
[1.244s] DEBUG:colcon.colcon_installed_package_information.package_discovery:Found 92 installed packages in /home/wheeltec/wheeltec_ros2/install
[1.251s] DEBUG:colcon.colcon_installed_package_information.package_discovery:Found 365 installed packages in /opt/ros/humble
[1.262s] Level 1:colcon.colcon_core.package_discovery:discover_packages(prefix_path) using defaults
[1.423s] WARNING:colcon.colcon_core.package_selection:Some selected packages are already built in one or more underlay workspaces:
	'serial' is in: /home/wheeltec/agribot/agribot_ws/install/serial, /home/wheeltec/wheeltec_ros2/install/serial
If a package in a merged underlay workspace is overridden and it installs headers, then all packages in the overlay must sort their include directories by workspace order. Failure to do so may result in build failures or undefined behavior at run time.
If the overridden package is used by another package in any underlay, then the overriding package in the overlay must be API and ABI compatible or undefined behavior at run time may occur.

If you understand the risks and want to override a package anyways, add the following to the command line:
	--allow-overriding serial

This may be promoted to an error in a future release of colcon-override-check.
[1.428s] Level 5:colcon.colcon_core.verb:set package 'centerline_extraction' build argument 'cmake_args' from command line to 'None'
[1.428s] Level 5:colcon.colcon_core.verb:set package 'centerline_extraction' build argument 'cmake_target' from command line to 'None'
[1.428s] Level 5:colcon.colcon_core.verb:set package 'centerline_extraction' build argument 'cmake_target_skip_unavailable' from command line to 'False'
[1.428s] Level 5:colcon.colcon_core.verb:set package 'centerline_extraction' build argument 'cmake_clean_cache' from command line to 'False'
[1.428s] Level 5:colcon.colcon_core.verb:set package 'centerline_extraction' build argument 'cmake_clean_first' from command line to 'False'
[1.428s] Level 5:colcon.colcon_core.verb:set package 'centerline_extraction' build argument 'cmake_force_configure' from command line to 'False'
[1.428s] Level 5:colcon.colcon_core.verb:set package 'centerline_extraction' build argument 'ament_cmake_args' from command line to 'None'
[1.428s] Level 5:colcon.colcon_core.verb:set package 'centerline_extraction' build argument 'catkin_cmake_args' from command line to 'None'
[1.428s] Level 5:colcon.colcon_core.verb:set package 'centerline_extraction' build argument 'catkin_skip_building_tests' from command line to 'False'
[1.428s] DEBUG:colcon.colcon_core.verb:Building package 'centerline_extraction' with the following arguments: {'ament_cmake_args': None, 'build_base': '/home/wheeltec/agribot/agribot_ws/build/centerline_extraction', 'catkin_cmake_args': None, 'catkin_skip_building_tests': False, 'cmake_args': None, 'cmake_clean_cache': False, 'cmake_clean_first': False, 'cmake_force_configure': False, 'cmake_target': None, 'cmake_target_skip_unavailable': False, 'install_base': '/home/wheeltec/agribot/agribot_ws/install/centerline_extraction', 'merge_install': False, 'path': '/home/wheeltec/agribot/agribot_ws/src/centerline_extraction', 'symlink_install': False, 'test_result_base': None}
[1.430s] Level 5:colcon.colcon_core.verb:set package 'fast_lio' build argument 'cmake_args' from command line to 'None'
[1.430s] Level 5:colcon.colcon_core.verb:set package 'fast_lio' build argument 'cmake_target' from command line to 'None'
[1.430s] Level 5:colcon.colcon_core.verb:set package 'fast_lio' build argument 'cmake_target_skip_unavailable' from command line to 'False'
[1.430s] Level 5:colcon.colcon_core.verb:set package 'fast_lio' build argument 'cmake_clean_cache' from command line to 'False'
[1.430s] Level 5:colcon.colcon_core.verb:set package 'fast_lio' build argument 'cmake_clean_first' from command line to 'False'
[1.430s] Level 5:colcon.colcon_core.verb:set package 'fast_lio' build argument 'cmake_force_configure' from command line to 'False'
[1.430s] Level 5:colcon.colcon_core.verb:set package 'fast_lio' build argument 'ament_cmake_args' from command line to 'None'
[1.430s] Level 5:colcon.colcon_core.verb:set package 'fast_lio' build argument 'catkin_cmake_args' from command line to 'None'
[1.430s] Level 5:colcon.colcon_core.verb:set package 'fast_lio' build argument 'catkin_skip_building_tests' from command line to 'False'
[1.430s] DEBUG:colcon.colcon_core.verb:Building package 'fast_lio' with the following arguments: {'ament_cmake_args': None, 'build_base': '/home/wheeltec/agribot/agribot_ws/build/fast_lio', 'catkin_cmake_args': None, 'catkin_skip_building_tests': False, 'cmake_args': None, 'cmake_clean_cache': False, 'cmake_clean_first': False, 'cmake_force_configure': False, 'cmake_target': None, 'cmake_target_skip_unavailable': False, 'install_base': '/home/wheeltec/agribot/agribot_ws/install/fast_lio', 'merge_install': False, 'path': '/home/wheeltec/agribot/agribot_ws/src/FAST_LIO', 'symlink_install': False, 'test_result_base': None}
[1.431s] Level 5:colcon.colcon_core.verb:set package 'serial' build argument 'cmake_args' from command line to 'None'
[1.431s] Level 5:colcon.colcon_core.verb:set package 'serial' build argument 'cmake_target' from command line to 'None'
[1.432s] Level 5:colcon.colcon_core.verb:set package 'serial' build argument 'cmake_target_skip_unavailable' from command line to 'False'
[1.432s] Level 5:colcon.colcon_core.verb:set package 'serial' build argument 'cmake_clean_cache' from command line to 'False'
[1.432s] Level 5:colcon.colcon_core.verb:set package 'serial' build argument 'cmake_clean_first' from command line to 'False'
[1.432s] Level 5:colcon.colcon_core.verb:set package 'serial' build argument 'cmake_force_configure' from command line to 'False'
[1.432s] Level 5:colcon.colcon_core.verb:set package 'serial' build argument 'ament_cmake_args' from command line to 'None'
[1.432s] Level 5:colcon.colcon_core.verb:set package 'serial' build argument 'catkin_cmake_args' from command line to 'None'
[1.432s] Level 5:colcon.colcon_core.verb:set package 'serial' build argument 'catkin_skip_building_tests' from command line to 'False'
[1.432s] DEBUG:colcon.colcon_core.verb:Building package 'serial' with the following arguments: {'ament_cmake_args': None, 'build_base': '/home/wheeltec/agribot/agribot_ws/build/serial', 'catkin_cmake_args': None, 'catkin_skip_building_tests': False, 'cmake_args': None, 'cmake_clean_cache': False, 'cmake_clean_first': False, 'cmake_force_configure': False, 'cmake_target': None, 'cmake_target_skip_unavailable': False, 'install_base': '/home/wheeltec/agribot/agribot_ws/install/serial', 'merge_install': False, 'path': '/home/wheeltec/agribot/agribot_ws/src/serial_ros2', 'symlink_install': False, 'test_result_base': None}
[1.433s] Level 5:colcon.colcon_core.verb:set package 'yesense_interface' build argument 'cmake_args' from command line to 'None'
[1.433s] Level 5:colcon.colcon_core.verb:set package 'yesense_interface' build argument 'cmake_target' from command line to 'None'
[1.433s] Level 5:colcon.colcon_core.verb:set package 'yesense_interface' build argument 'cmake_target_skip_unavailable' from command line to 'False'
[1.433s] Level 5:colcon.colcon_core.verb:set package 'yesense_interface' build argument 'cmake_clean_cache' from command line to 'False'
[1.433s] Level 5:colcon.colcon_core.verb:set package 'yesense_interface' build argument 'cmake_clean_first' from command line to 'False'
[1.434s] Level 5:colcon.colcon_core.verb:set package 'yesense_interface' build argument 'cmake_force_configure' from command line to 'False'
[1.434s] Level 5:colcon.colcon_core.verb:set package 'yesense_interface' build argument 'ament_cmake_args' from command line to 'None'
[1.434s] Level 5:colcon.colcon_core.verb:set package 'yesense_interface' build argument 'catkin_cmake_args' from command line to 'None'
[1.434s] Level 5:colcon.colcon_core.verb:set package 'yesense_interface' build argument 'catkin_skip_building_tests' from command line to 'False'
[1.434s] DEBUG:colcon.colcon_core.verb:Building package 'yesense_interface' with the following arguments: {'ament_cmake_args': None, 'build_base': '/home/wheeltec/agribot/agribot_ws/build/yesense_interface', 'catkin_cmake_args': None, 'catkin_skip_building_tests': False, 'cmake_args': None, 'cmake_clean_cache': False, 'cmake_clean_first': False, 'cmake_force_configure': False, 'cmake_target': None, 'cmake_target_skip_unavailable': False, 'install_base': '/home/wheeltec/agribot/agribot_ws/install/yesense_interface', 'merge_install': False, 'path': '/home/wheeltec/agribot/agribot_ws/src/yesense_ros2/yesense_interface', 'symlink_install': False, 'test_result_base': None}
[1.435s] Level 5:colcon.colcon_core.verb:set package 'yesense_std_ros2' build argument 'cmake_args' from command line to 'None'
[1.435s] Level 5:colcon.colcon_core.verb:set package 'yesense_std_ros2' build argument 'cmake_target' from command line to 'None'
[1.435s] Level 5:colcon.colcon_core.verb:set package 'yesense_std_ros2' build argument 'cmake_target_skip_unavailable' from command line to 'False'
[1.436s] Level 5:colcon.colcon_core.verb:set package 'yesense_std_ros2' build argument 'cmake_clean_cache' from command line to 'False'
[1.436s] Level 5:colcon.colcon_core.verb:set package 'yesense_std_ros2' build argument 'cmake_clean_first' from command line to 'False'
[1.436s] Level 5:colcon.colcon_core.verb:set package 'yesense_std_ros2' build argument 'cmake_force_configure' from command line to 'False'
[1.436s] Level 5:colcon.colcon_core.verb:set package 'yesense_std_ros2' build argument 'ament_cmake_args' from command line to 'None'
[1.436s] Level 5:colcon.colcon_core.verb:set package 'yesense_std_ros2' build argument 'catkin_cmake_args' from command line to 'None'
[1.436s] Level 5:colcon.colcon_core.verb:set package 'yesense_std_ros2' build argument 'catkin_skip_building_tests' from command line to 'False'
[1.436s] DEBUG:colcon.colcon_core.verb:Building package 'yesense_std_ros2' with the following arguments: {'ament_cmake_args': None, 'build_base': '/home/wheeltec/agribot/agribot_ws/build/yesense_std_ros2', 'catkin_cmake_args': None, 'catkin_skip_building_tests': False, 'cmake_args': None, 'cmake_clean_cache': False, 'cmake_clean_first': False, 'cmake_force_configure': False, 'cmake_target': None, 'cmake_target_skip_unavailable': False, 'install_base': '/home/wheeltec/agribot/agribot_ws/install/yesense_std_ros2', 'merge_install': False, 'path': '/home/wheeltec/agribot/agribot_ws/src/yesense_ros2/yesense_std_ros2', 'symlink_install': False, 'test_result_base': None}
[1.437s] Level 5:colcon.colcon_core.verb:set package 'turn_on_32chassis' build argument 'cmake_args' from command line to 'None'
[1.437s] Level 5:colcon.colcon_core.verb:set package 'turn_on_32chassis' build argument 'cmake_target' from command line to 'None'
[1.437s] Level 5:colcon.colcon_core.verb:set package 'turn_on_32chassis' build argument 'cmake_target_skip_unavailable' from command line to 'False'
[1.438s] Level 5:colcon.colcon_core.verb:set package 'turn_on_32chassis' build argument 'cmake_clean_cache' from command line to 'False'
[1.438s] Level 5:colcon.colcon_core.verb:set package 'turn_on_32chassis' build argument 'cmake_clean_first' from command line to 'False'
[1.438s] Level 5:colcon.colcon_core.verb:set package 'turn_on_32chassis' build argument 'cmake_force_configure' from command line to 'False'
[1.438s] Level 5:colcon.colcon_core.verb:set package 'turn_on_32chassis' build argument 'ament_cmake_args' from command line to 'None'
[1.438s] Level 5:colcon.colcon_core.verb:set package 'turn_on_32chassis' build argument 'catkin_cmake_args' from command line to 'None'
[1.438s] Level 5:colcon.colcon_core.verb:set package 'turn_on_32chassis' build argument 'catkin_skip_building_tests' from command line to 'False'
[1.438s] DEBUG:colcon.colcon_core.verb:Building package 'turn_on_32chassis' with the following arguments: {'ament_cmake_args': None, 'build_base': '/home/wheeltec/agribot/agribot_ws/build/turn_on_32chassis', 'catkin_cmake_args': None, 'catkin_skip_building_tests': False, 'cmake_args': None, 'cmake_clean_cache': False, 'cmake_clean_first': False, 'cmake_force_configure': False, 'cmake_target': None, 'cmake_target_skip_unavailable': False, 'install_base': '/home/wheeltec/agribot/agribot_ws/install/turn_on_32chassis', 'merge_install': False, 'path': '/home/wheeltec/agribot/agribot_ws/src/turn_on_32chassis', 'symlink_install': False, 'test_result_base': None}
[1.440s] Level 5:colcon.colcon_core.verb:set package 'turn_on_agribot' build argument 'cmake_args' from command line to 'None'
[1.440s] Level 5:colcon.colcon_core.verb:set package 'turn_on_agribot' build argument 'cmake_target' from command line to 'None'
[1.440s] Level 5:colcon.colcon_core.verb:set package 'turn_on_agribot' build argument 'cmake_target_skip_unavailable' from command line to 'False'
[1.440s] Level 5:colcon.colcon_core.verb:set package 'turn_on_agribot' build argument 'cmake_clean_cache' from command line to 'False'
[1.440s] Level 5:colcon.colcon_core.verb:set package 'turn_on_agribot' build argument 'cmake_clean_first' from command line to 'False'
[1.440s] Level 5:colcon.colcon_core.verb:set package 'turn_on_agribot' build argument 'cmake_force_configure' from command line to 'False'
[1.440s] Level 5:colcon.colcon_core.verb:set package 'turn_on_agribot' build argument 'ament_cmake_args' from command line to 'None'
[1.440s] Level 5:colcon.colcon_core.verb:set package 'turn_on_agribot' build argument 'catkin_cmake_args' from command line to 'None'
[1.440s] Level 5:colcon.colcon_core.verb:set package 'turn_on_agribot' build argument 'catkin_skip_building_tests' from command line to 'False'
[1.441s] DEBUG:colcon.colcon_core.verb:Building package 'turn_on_agribot' with the following arguments: {'ament_cmake_args': None, 'build_base': '/home/wheeltec/agribot/agribot_ws/build/turn_on_agribot', 'catkin_cmake_args': None, 'catkin_skip_building_tests': False, 'cmake_args': None, 'cmake_clean_cache': False, 'cmake_clean_first': False, 'cmake_force_configure': False, 'cmake_target': None, 'cmake_target_skip_unavailable': False, 'install_base': '/home/wheeltec/agribot/agribot_ws/install/turn_on_agribot', 'merge_install': False, 'path': '/home/wheeltec/agribot/agribot_ws/src/turn_on_agribot', 'symlink_install': False, 'test_result_base': None}
[1.441s] INFO:colcon.colcon_core.executor:Executing jobs using 'parallel' executor
[1.444s] DEBUG:colcon.colcon_parallel_executor.executor.parallel:run_until_complete
[1.445s] INFO:colcon.colcon_ros.task.ament_cmake.build:Building ROS package in '/home/wheeltec/agribot/agribot_ws/src/serial_ros2' with build type 'ament_cmake'
[1.445s] INFO:colcon.colcon_cmake.task.cmake.build:Building CMake package in '/home/wheeltec/agribot/agribot_ws/src/serial_ros2'
[1.455s] INFO:colcon.colcon_core.plugin_system:Skipping extension 'colcon_core.shell.bat': Not used on non-Windows systems
[1.456s] INFO:colcon.colcon_core.shell:Skip shell extension 'powershell' for command environment: Not usable outside of PowerShell
[1.456s] DEBUG:colcon.colcon_core.shell:Skip shell extension 'dsv' for command environment
[1.490s] INFO:colcon.colcon_ros.task.ament_cmake.build:Building ROS package in '/home/wheeltec/agribot/agribot_ws/src/yesense_ros2/yesense_interface' with build type 'ament_cmake'
[1.491s] INFO:colcon.colcon_cmake.task.cmake.build:Building CMake package in '/home/wheeltec/agribot/agribot_ws/src/yesense_ros2/yesense_interface'
[1.492s] INFO:colcon.colcon_core.shell:Skip shell extension 'powershell' for command environment: Not usable outside of PowerShell
[1.492s] DEBUG:colcon.colcon_core.shell:Skip shell extension 'dsv' for command environment
[1.516s] INFO:colcon.colcon_ros.task.ament_cmake.build:Building ROS package in '/home/wheeltec/agribot/agribot_ws/src/FAST_LIO' with build type 'ament_cmake'
[1.517s] INFO:colcon.colcon_cmake.task.cmake.build:Building CMake package in '/home/wheeltec/agribot/agribot_ws/src/FAST_LIO'
[1.518s] INFO:colcon.colcon_core.shell:Skip shell extension 'powershell' for command environment: Not usable outside of PowerShell
[1.518s] DEBUG:colcon.colcon_core.shell:Skip shell extension 'dsv' for command environment
[1.543s] INFO:colcon.colcon_ros.task.ament_cmake.build:Building ROS package in '/home/wheeltec/agribot/agribot_ws/src/centerline_extraction' with build type 'ament_cmake'
[1.544s] INFO:colcon.colcon_cmake.task.cmake.build:Building CMake package in '/home/wheeltec/agribot/agribot_ws/src/centerline_extraction'
[1.545s] INFO:colcon.colcon_core.shell:Skip shell extension 'powershell' for command environment: Not usable outside of PowerShell
[1.545s] DEBUG:colcon.colcon_core.shell:Skip shell extension 'dsv' for command environment
[1.583s] DEBUG:colcon.colcon_core.event_handler.log_command:Invoking command in '/home/wheeltec/agribot/agribot_ws/build/serial': CMAKE_PREFIX_PATH=${CMAKE_PREFIX_PATH}:/home/wheeltec/wheeltec_ros2/install/simple_follower_ros2:/home/wheeltec/wheeltec_ros2/install/wheeltec_robot_keyboard:/home/wheeltec/wheeltec_ros2/install/wheeltec_dual_rtk_driver:/home/wheeltec/wheeltec_ros2/install/ultralytics_ros2:/home/wheeltec/wheeltec_ros2/install/tf2_tools:/home/wheeltec/wheeltec_ros2/install/ollama_ros_chat:/home/wheeltec/wheeltec_ros2/install/nmea_navsat_driver:/home/wheeltec/wheeltec_ros2/install/nav2_waypoint_cycle:/home/wheeltec/wheeltec_ros2/install/nav2_simple_commander:/home/wheeltec/wheeltec_ros2/install/auto_recharge_ros2:/opt/ros/humble /usr/bin/cmake --build /home/wheeltec/agribot/agribot_ws/build/serial -- -j8 -l8
[1.605s] DEBUG:colcon.colcon_core.event_handler.log_command:Invoking command in '/home/wheeltec/agribot/agribot_ws/build/yesense_interface': CMAKE_PREFIX_PATH=${CMAKE_PREFIX_PATH}:/home/wheeltec/wheeltec_ros2/install/simple_follower_ros2:/home/wheeltec/wheeltec_ros2/install/wheeltec_robot_keyboard:/home/wheeltec/wheeltec_ros2/install/wheeltec_dual_rtk_driver:/home/wheeltec/wheeltec_ros2/install/ultralytics_ros2:/home/wheeltec/wheeltec_ros2/install/tf2_tools:/home/wheeltec/wheeltec_ros2/install/ollama_ros_chat:/home/wheeltec/wheeltec_ros2/install/nmea_navsat_driver:/home/wheeltec/wheeltec_ros2/install/nav2_waypoint_cycle:/home/wheeltec/wheeltec_ros2/install/nav2_simple_commander:/home/wheeltec/wheeltec_ros2/install/auto_recharge_ros2:/opt/ros/humble /usr/bin/cmake --build /home/wheeltec/agribot/agribot_ws/build/yesense_interface -- -j8 -l8
[1.613s] DEBUG:colcon.colcon_core.event_handler.log_command:Invoking command in '/home/wheeltec/agribot/agribot_ws/build/fast_lio': CMAKE_PREFIX_PATH=${CMAKE_PREFIX_PATH}:/home/wheeltec/wheeltec_ros2/install/simple_follower_ros2:/home/wheeltec/wheeltec_ros2/install/wheeltec_robot_keyboard:/home/wheeltec/wheeltec_ros2/install/wheeltec_dual_rtk_driver:/home/wheeltec/wheeltec_ros2/install/ultralytics_ros2:/home/wheeltec/wheeltec_ros2/install/tf2_tools:/home/wheeltec/wheeltec_ros2/install/ollama_ros_chat:/home/wheeltec/wheeltec_ros2/install/nmea_navsat_driver:/home/wheeltec/wheeltec_ros2/install/nav2_waypoint_cycle:/home/wheeltec/wheeltec_ros2/install/nav2_simple_commander:/home/wheeltec/wheeltec_ros2/install/auto_recharge_ros2:/opt/ros/humble /usr/bin/cmake /home/wheeltec/agribot/agribot_ws/src/FAST_LIO -DCMAKE_INSTALL_PREFIX=/home/wheeltec/agribot/agribot_ws/install/fast_lio
[1.632s] DEBUG:colcon.colcon_core.event_handler.log_command:Invoking command in '/home/wheeltec/agribot/agribot_ws/build/centerline_extraction': CMAKE_PREFIX_PATH=${CMAKE_PREFIX_PATH}:/home/wheeltec/wheeltec_ros2/install/simple_follower_ros2:/home/wheeltec/wheeltec_ros2/install/wheeltec_robot_keyboard:/home/wheeltec/wheeltec_ros2/install/wheeltec_dual_rtk_driver:/home/wheeltec/wheeltec_ros2/install/ultralytics_ros2:/home/wheeltec/wheeltec_ros2/install/tf2_tools:/home/wheeltec/wheeltec_ros2/install/ollama_ros_chat:/home/wheeltec/wheeltec_ros2/install/nmea_navsat_driver:/home/wheeltec/wheeltec_ros2/install/nav2_waypoint_cycle:/home/wheeltec/wheeltec_ros2/install/nav2_simple_commander:/home/wheeltec/wheeltec_ros2/install/auto_recharge_ros2:/opt/ros/humble /usr/bin/cmake /home/wheeltec/agribot/agribot_ws/src/centerline_extraction -DCMAKE_INSTALL_PREFIX=/home/wheeltec/agribot/agribot_ws/install/centerline_extraction
[1.929s] DEBUG:colcon.colcon_core.event_handler.log_command:Invoked command in '/home/wheeltec/agribot/agribot_ws/build/serial' returned '0': CMAKE_PREFIX_PATH=${CMAKE_PREFIX_PATH}:/home/wheeltec/wheeltec_ros2/install/simple_follower_ros2:/home/wheeltec/wheeltec_ros2/install/wheeltec_robot_keyboard:/home/wheeltec/wheeltec_ros2/install/wheeltec_dual_rtk_driver:/home/wheeltec/wheeltec_ros2/install/ultralytics_ros2:/home/wheeltec/wheeltec_ros2/install/tf2_tools:/home/wheeltec/wheeltec_ros2/install/ollama_ros_chat:/home/wheeltec/wheeltec_ros2/install/nmea_navsat_driver:/home/wheeltec/wheeltec_ros2/install/nav2_waypoint_cycle:/home/wheeltec/wheeltec_ros2/install/nav2_simple_commander:/home/wheeltec/wheeltec_ros2/install/auto_recharge_ros2:/opt/ros/humble /usr/bin/cmake --build /home/wheeltec/agribot/agribot_ws/build/serial -- -j8 -l8
[1.994s] DEBUG:colcon.colcon_core.event_handler.log_command:Invoking command in '/home/wheeltec/agribot/agribot_ws/build/serial': CMAKE_PREFIX_PATH=${CMAKE_PREFIX_PATH}:/home/wheeltec/wheeltec_ros2/install/simple_follower_ros2:/home/wheeltec/wheeltec_ros2/install/wheeltec_robot_keyboard:/home/wheeltec/wheeltec_ros2/install/wheeltec_dual_rtk_driver:/home/wheeltec/wheeltec_ros2/install/ultralytics_ros2:/home/wheeltec/wheeltec_ros2/install/tf2_tools:/home/wheeltec/wheeltec_ros2/install/ollama_ros_chat:/home/wheeltec/wheeltec_ros2/install/nmea_navsat_driver:/home/wheeltec/wheeltec_ros2/install/nav2_waypoint_cycle:/home/wheeltec/wheeltec_ros2/install/nav2_simple_commander:/home/wheeltec/wheeltec_ros2/install/auto_recharge_ros2:/opt/ros/humble /usr/bin/cmake --install /home/wheeltec/agribot/agribot_ws/build/serial
[2.046s] Level 1:colcon.colcon_core.environment:create_environment_scripts_only(serial)
[2.055s] Level 1:colcon.colcon_core.environment:checking '/home/wheeltec/agribot/agribot_ws/install/serial' for CMake module files
[2.058s] Level 1:colcon.colcon_core.environment:checking '/home/wheeltec/agribot/agribot_ws/install/serial' for CMake config files
[2.059s] Level 1:colcon.colcon_core.shell:create_environment_hook('serial', 'cmake_prefix_path')
[2.060s] INFO:colcon.colcon_core.shell:Creating environment hook '/home/wheeltec/agribot/agribot_ws/install/serial/share/serial/hook/cmake_prefix_path.ps1'
[2.057s] DEBUG:colcon.colcon_core.event_handler.log_command:Invoked command in '/home/wheeltec/agribot/agribot_ws/build/serial' returned '0': CMAKE_PREFIX_PATH=${CMAKE_PREFIX_PATH}:/home/wheeltec/wheeltec_ros2/install/simple_follower_ros2:/home/wheeltec/wheeltec_ros2/install/wheeltec_robot_keyboard:/home/wheeltec/wheeltec_ros2/install/wheeltec_dual_rtk_driver:/home/wheeltec/wheeltec_ros2/install/ultralytics_ros2:/home/wheeltec/wheeltec_ros2/install/tf2_tools:/home/wheeltec/wheeltec_ros2/install/ollama_ros_chat:/home/wheeltec/wheeltec_ros2/install/nmea_navsat_driver:/home/wheeltec/wheeltec_ros2/install/nav2_waypoint_cycle:/home/wheeltec/wheeltec_ros2/install/nav2_simple_commander:/home/wheeltec/wheeltec_ros2/install/auto_recharge_ros2:/opt/ros/humble /usr/bin/cmake --install /home/wheeltec/agribot/agribot_ws/build/serial
[2.064s] INFO:colcon.colcon_core.shell:Creating environment descriptor '/home/wheeltec/agribot/agribot_ws/install/serial/share/serial/hook/cmake_prefix_path.dsv'
[2.066s] INFO:colcon.colcon_core.shell:Creating environment hook '/home/wheeltec/agribot/agribot_ws/install/serial/share/serial/hook/cmake_prefix_path.sh'
[2.072s] Level 1:colcon.colcon_core.environment:checking '/home/wheeltec/agribot/agribot_ws/install/serial/lib'
[2.077s] Level 1:colcon.colcon_core.environment:checking '/home/wheeltec/agribot/agribot_ws/install/serial/bin'
[2.078s] Level 1:colcon.colcon_core.environment:checking '/home/wheeltec/agribot/agribot_ws/install/serial/lib/pkgconfig/serial.pc'
[2.082s] Level 1:colcon.colcon_core.environment:checking '/home/wheeltec/agribot/agribot_ws/install/serial/lib/python3.10/site-packages'
[2.083s] Level 1:colcon.colcon_core.environment:checking '/home/wheeltec/agribot/agribot_ws/install/serial/bin'
[2.084s] INFO:colcon.colcon_core.shell:Creating package script '/home/wheeltec/agribot/agribot_ws/install/serial/share/serial/package.ps1'
[2.087s] INFO:colcon.colcon_core.shell:Creating package descriptor '/home/wheeltec/agribot/agribot_ws/install/serial/share/serial/package.dsv'
[2.089s] INFO:colcon.colcon_core.shell:Creating package script '/home/wheeltec/agribot/agribot_ws/install/serial/share/serial/package.sh'
[2.092s] INFO:colcon.colcon_core.shell:Creating package script '/home/wheeltec/agribot/agribot_ws/install/serial/share/serial/package.bash'
[2.095s] INFO:colcon.colcon_core.shell:Creating package script '/home/wheeltec/agribot/agribot_ws/install/serial/share/serial/package.zsh'
[2.097s] Level 1:colcon.colcon_core.environment:create_file_with_runtime_dependencies(/home/wheeltec/agribot/agribot_ws/install/serial/share/colcon-core/packages/serial)
[2.099s] Level 1:colcon.colcon_core.environment:create_environment_scripts_only(serial)
[2.100s] Level 1:colcon.colcon_core.environment:checking '/home/wheeltec/agribot/agribot_ws/install/serial' for CMake module files
[2.102s] Level 1:colcon.colcon_core.environment:checking '/home/wheeltec/agribot/agribot_ws/install/serial' for CMake config files
[2.102s] Level 1:colcon.colcon_core.shell:create_environment_hook('serial', 'cmake_prefix_path')
[2.105s] INFO:colcon.colcon_core.shell:Creating environment hook '/home/wheeltec/agribot/agribot_ws/install/serial/share/serial/hook/cmake_prefix_path.ps1'
[2.108s] INFO:colcon.colcon_core.shell:Creating environment descriptor '/home/wheeltec/agribot/agribot_ws/install/serial/share/serial/hook/cmake_prefix_path.dsv'
[2.109s] INFO:colcon.colcon_core.shell:Creating environment hook '/home/wheeltec/agribot/agribot_ws/install/serial/share/serial/hook/cmake_prefix_path.sh'
[2.110s] Level 1:colcon.colcon_core.environment:checking '/home/wheeltec/agribot/agribot_ws/install/serial/lib'
[2.111s] Level 1:colcon.colcon_core.environment:checking '/home/wheeltec/agribot/agribot_ws/install/serial/bin'
[2.111s] Level 1:colcon.colcon_core.environment:checking '/home/wheeltec/agribot/agribot_ws/install/serial/lib/pkgconfig/serial.pc'
[2.112s] Level 1:colcon.colcon_core.environment:checking '/home/wheeltec/agribot/agribot_ws/install/serial/lib/python3.10/site-packages'
[2.113s] Level 1:colcon.colcon_core.environment:checking '/home/wheeltec/agribot/agribot_ws/install/serial/bin'
[2.114s] INFO:colcon.colcon_core.shell:Creating package script '/home/wheeltec/agribot/agribot_ws/install/serial/share/serial/package.ps1'
[2.116s] INFO:colcon.colcon_core.shell:Creating package descriptor '/home/wheeltec/agribot/agribot_ws/install/serial/share/serial/package.dsv'
[2.117s] INFO:colcon.colcon_core.shell:Creating package script '/home/wheeltec/agribot/agribot_ws/install/serial/share/serial/package.sh'
[2.118s] INFO:colcon.colcon_core.shell:Creating package script '/home/wheeltec/agribot/agribot_ws/install/serial/share/serial/package.bash'
[2.120s] INFO:colcon.colcon_core.shell:Creating package script '/home/wheeltec/agribot/agribot_ws/install/serial/share/serial/package.zsh'
[2.121s] Level 1:colcon.colcon_core.environment:create_file_with_runtime_dependencies(/home/wheeltec/agribot/agribot_ws/install/serial/share/colcon-core/packages/serial)
[4.932s] DEBUG:colcon.colcon_core.event_handler.log_command:Invoked command in '/home/wheeltec/agribot/agribot_ws/build/yesense_interface' returned '0': CMAKE_PREFIX_PATH=${CMAKE_PREFIX_PATH}:/home/wheeltec/wheeltec_ros2/install/simple_follower_ros2:/home/wheeltec/wheeltec_ros2/install/wheeltec_robot_keyboard:/home/wheeltec/wheeltec_ros2/install/wheeltec_dual_rtk_driver:/home/wheeltec/wheeltec_ros2/install/ultralytics_ros2:/home/wheeltec/wheeltec_ros2/install/tf2_tools:/home/wheeltec/wheeltec_ros2/install/ollama_ros_chat:/home/wheeltec/wheeltec_ros2/install/nmea_navsat_driver:/home/wheeltec/wheeltec_ros2/install/nav2_waypoint_cycle:/home/wheeltec/wheeltec_ros2/install/nav2_simple_commander:/home/wheeltec/wheeltec_ros2/install/auto_recharge_ros2:/opt/ros/humble /usr/bin/cmake --build /home/wheeltec/agribot/agribot_ws/build/yesense_interface -- -j8 -l8
[4.963s] DEBUG:colcon.colcon_core.event_handler.log_command:Invoking command in '/home/wheeltec/agribot/agribot_ws/build/yesense_interface': CMAKE_PREFIX_PATH=${CMAKE_PREFIX_PATH}:/home/wheeltec/wheeltec_ros2/install/simple_follower_ros2:/home/wheeltec/wheeltec_ros2/install/wheeltec_robot_keyboard:/home/wheeltec/wheeltec_ros2/install/wheeltec_dual_rtk_driver:/home/wheeltec/wheeltec_ros2/install/ultralytics_ros2:/home/wheeltec/wheeltec_ros2/install/tf2_tools:/home/wheeltec/wheeltec_ros2/install/ollama_ros_chat:/home/wheeltec/wheeltec_ros2/install/nmea_navsat_driver:/home/wheeltec/wheeltec_ros2/install/nav2_waypoint_cycle:/home/wheeltec/wheeltec_ros2/install/nav2_simple_commander:/home/wheeltec/wheeltec_ros2/install/auto_recharge_ros2:/opt/ros/humble /usr/bin/cmake --install /home/wheeltec/agribot/agribot_ws/build/yesense_interface
[5.535s] Level 1:colcon.colcon_core.environment:create_environment_scripts_only(yesense_interface)
[5.536s] Level 1:colcon.colcon_core.environment:checking '/home/wheeltec/agribot/agribot_ws/install/yesense_interface' for CMake module files
[5.537s] Level 1:colcon.colcon_core.environment:checking '/home/wheeltec/agribot/agribot_ws/install/yesense_interface' for CMake config files
[5.539s] Level 1:colcon.colcon_core.shell:create_environment_hook('yesense_interface', 'cmake_prefix_path')
[5.539s] INFO:colcon.colcon_core.shell:Creating environment hook '/home/wheeltec/agribot/agribot_ws/install/yesense_interface/share/yesense_interface/hook/cmake_prefix_path.ps1'
[5.544s] INFO:colcon.colcon_core.shell:Creating environment descriptor '/home/wheeltec/agribot/agribot_ws/install/yesense_interface/share/yesense_interface/hook/cmake_prefix_path.dsv'
[5.569s] INFO:colcon.colcon_core.shell:Creating environment hook '/home/wheeltec/agribot/agribot_ws/install/yesense_interface/share/yesense_interface/hook/cmake_prefix_path.sh'
[5.577s] Level 1:colcon.colcon_core.environment:checking '/home/wheeltec/agribot/agribot_ws/install/yesense_interface/lib'
[5.580s] Level 1:colcon.colcon_core.shell:create_environment_hook('yesense_interface', 'ld_library_path_lib')
[5.583s] INFO:colcon.colcon_core.shell:Creating environment hook '/home/wheeltec/agribot/agribot_ws/install/yesense_interface/share/yesense_interface/hook/ld_library_path_lib.ps1'
[5.589s] INFO:colcon.colcon_core.shell:Creating environment descriptor '/home/wheeltec/agribot/agribot_ws/install/yesense_interface/share/yesense_interface/hook/ld_library_path_lib.dsv'
[5.591s] INFO:colcon.colcon_core.shell:Creating environment hook '/home/wheeltec/agribot/agribot_ws/install/yesense_interface/share/yesense_interface/hook/ld_library_path_lib.sh'
[5.604s] Level 1:colcon.colcon_core.environment:checking '/home/wheeltec/agribot/agribot_ws/install/yesense_interface/bin'
[5.606s] Level 1:colcon.colcon_core.environment:checking '/home/wheeltec/agribot/agribot_ws/install/yesense_interface/lib/pkgconfig/yesense_interface.pc'
[5.607s] Level 1:colcon.colcon_core.environment:checking '/home/wheeltec/agribot/agribot_ws/install/yesense_interface/lib/python3.10/site-packages'
[5.610s] Level 1:colcon.colcon_core.environment:checking '/home/wheeltec/agribot/agribot_ws/install/yesense_interface/bin'
[5.613s] INFO:colcon.colcon_core.shell:Creating package script '/home/wheeltec/agribot/agribot_ws/install/yesense_interface/share/yesense_interface/package.ps1'
[5.626s] INFO:colcon.colcon_core.shell:Creating package descriptor '/home/wheeltec/agribot/agribot_ws/install/yesense_interface/share/yesense_interface/package.dsv'
[5.638s] INFO:colcon.colcon_core.shell:Creating package script '/home/wheeltec/agribot/agribot_ws/install/yesense_interface/share/yesense_interface/package.sh'
[5.645s] INFO:colcon.colcon_core.shell:Creating package script '/home/wheeltec/agribot/agribot_ws/install/yesense_interface/share/yesense_interface/package.bash'
[5.658s] INFO:colcon.colcon_core.shell:Creating package script '/home/wheeltec/agribot/agribot_ws/install/yesense_interface/share/yesense_interface/package.zsh'
[5.663s] DEBUG:colcon.colcon_core.event_handler.log_command:Invoked command in '/home/wheeltec/agribot/agribot_ws/build/yesense_interface' returned '0': CMAKE_PREFIX_PATH=${CMAKE_PREFIX_PATH}:/home/wheeltec/wheeltec_ros2/install/simple_follower_ros2:/home/wheeltec/wheeltec_ros2/install/wheeltec_robot_keyboard:/home/wheeltec/wheeltec_ros2/install/wheeltec_dual_rtk_driver:/home/wheeltec/wheeltec_ros2/install/ultralytics_ros2:/home/wheeltec/wheeltec_ros2/install/tf2_tools:/home/wheeltec/wheeltec_ros2/install/ollama_ros_chat:/home/wheeltec/wheeltec_ros2/install/nmea_navsat_driver:/home/wheeltec/wheeltec_ros2/install/nav2_waypoint_cycle:/home/wheeltec/wheeltec_ros2/install/nav2_simple_commander:/home/wheeltec/wheeltec_ros2/install/auto_recharge_ros2:/opt/ros/humble /usr/bin/cmake --install /home/wheeltec/agribot/agribot_ws/build/yesense_interface
[5.666s] Level 1:colcon.colcon_core.environment:create_file_with_runtime_dependencies(/home/wheeltec/agribot/agribot_ws/install/yesense_interface/share/colcon-core/packages/yesense_interface)
[5.670s] Level 1:colcon.colcon_core.environment:create_environment_scripts_only(yesense_interface)
[5.676s] Level 1:colcon.colcon_core.environment:checking '/home/wheeltec/agribot/agribot_ws/install/yesense_interface' for CMake module files
[5.681s] Level 1:colcon.colcon_core.environment:checking '/home/wheeltec/agribot/agribot_ws/install/yesense_interface' for CMake config files
[5.685s] Level 1:colcon.colcon_core.shell:create_environment_hook('yesense_interface', 'cmake_prefix_path')
[5.690s] INFO:colcon.colcon_core.shell:Creating environment hook '/home/wheeltec/agribot/agribot_ws/install/yesense_interface/share/yesense_interface/hook/cmake_prefix_path.ps1'
[5.706s] INFO:colcon.colcon_core.shell:Creating environment descriptor '/home/wheeltec/agribot/agribot_ws/install/yesense_interface/share/yesense_interface/hook/cmake_prefix_path.dsv'
[5.708s] INFO:colcon.colcon_core.shell:Creating environment hook '/home/wheeltec/agribot/agribot_ws/install/yesense_interface/share/yesense_interface/hook/cmake_prefix_path.sh'
[5.709s] Level 1:colcon.colcon_core.environment:checking '/home/wheeltec/agribot/agribot_ws/install/yesense_interface/lib'
[5.710s] Level 1:colcon.colcon_core.shell:create_environment_hook('yesense_interface', 'ld_library_path_lib')
[5.710s] INFO:colcon.colcon_core.shell:Creating environment hook '/home/wheeltec/agribot/agribot_ws/install/yesense_interface/share/yesense_interface/hook/ld_library_path_lib.ps1'
[5.712s] INFO:colcon.colcon_core.shell:Creating environment descriptor '/home/wheeltec/agribot/agribot_ws/install/yesense_interface/share/yesense_interface/hook/ld_library_path_lib.dsv'
[5.714s] INFO:colcon.colcon_core.shell:Creating environment hook '/home/wheeltec/agribot/agribot_ws/install/yesense_interface/share/yesense_interface/hook/ld_library_path_lib.sh'
[5.717s] Level 1:colcon.colcon_core.environment:checking '/home/wheeltec/agribot/agribot_ws/install/yesense_interface/bin'
[5.718s] Level 1:colcon.colcon_core.environment:checking '/home/wheeltec/agribot/agribot_ws/install/yesense_interface/lib/pkgconfig/yesense_interface.pc'
[5.719s] Level 1:colcon.colcon_core.environment:checking '/home/wheeltec/agribot/agribot_ws/install/yesense_interface/lib/python3.10/site-packages'
[5.720s] Level 1:colcon.colcon_core.environment:checking '/home/wheeltec/agribot/agribot_ws/install/yesense_interface/bin'
[5.721s] INFO:colcon.colcon_core.shell:Creating package script '/home/wheeltec/agribot/agribot_ws/install/yesense_interface/share/yesense_interface/package.ps1'
[5.725s] INFO:colcon.colcon_core.shell:Creating package descriptor '/home/wheeltec/agribot/agribot_ws/install/yesense_interface/share/yesense_interface/package.dsv'
[5.730s] INFO:colcon.colcon_core.shell:Creating package script '/home/wheeltec/agribot/agribot_ws/install/yesense_interface/share/yesense_interface/package.sh'
[5.733s] INFO:colcon.colcon_core.shell:Creating package script '/home/wheeltec/agribot/agribot_ws/install/yesense_interface/share/yesense_interface/package.bash'
[5.736s] INFO:colcon.colcon_core.shell:Creating package script '/home/wheeltec/agribot/agribot_ws/install/yesense_interface/share/yesense_interface/package.zsh'
[5.741s] Level 1:colcon.colcon_core.environment:create_file_with_runtime_dependencies(/home/wheeltec/agribot/agribot_ws/install/yesense_interface/share/colcon-core/packages/yesense_interface)
[5.752s] INFO:colcon.colcon_ros.task.ament_cmake.build:Building ROS package in '/home/wheeltec/agribot/agribot_ws/src/yesense_ros2/yesense_std_ros2' with build type 'ament_cmake'
[5.754s] INFO:colcon.colcon_cmake.task.cmake.build:Building CMake package in '/home/wheeltec/agribot/agribot_ws/src/yesense_ros2/yesense_std_ros2'
[5.757s] INFO:colcon.colcon_core.shell:Skip shell extension 'powershell' for command environment: Not usable outside of PowerShell
[5.758s] DEBUG:colcon.colcon_core.shell:Skip shell extension 'dsv' for command environment
[5.979s] DEBUG:colcon.colcon_core.event_handler.log_command:Invoking command in '/home/wheeltec/agribot/agribot_ws/build/yesense_std_ros2': CMAKE_PREFIX_PATH=/home/wheeltec/agribot/agribot_ws/install/yesense_interface:/home/wheeltec/agribot/agribot_ws/install/serial:/home/wheeltec/agribot/agribot_ws/install/yesense_std_ros2:/home/wheeltec/agribot/agribot_ws/install/turn_on_agribot:/home/wheeltec/agribot/agribot_ws/install/turn_on_32chassis:/home/wheeltec/agribot/agribot_ws/install/centerline_extraction:/home/wheeltec/ws_livox/install/livox_ros_driver2:/home/wheeltec/wheeltec_ros2/install/yesense_std_ros2:/home/wheeltec/wheeltec_ros2/install/yesense_interface:/home/wheeltec/wheeltec_ros2/install/wheeltec_slam_toolbox:/home/wheeltec/wheeltec_ros2/install/wheeltec_rviz2:/home/wheeltec/wheeltec_ros2/install/wheeltec_rrt_msg:/home/wheeltec/wheeltec_ros2/install/wheeltec_robot_urdf:/home/wheeltec/wheeltec_ros2/install/wheeltec_robot_rtab:/home/wheeltec/wheeltec_ros2/install/wheeltec_robot_rrt:/home/wheeltec/wheeltec_ros2/install/turn_on_wheeltec_robot:/home/wheeltec/wheeltec_ros2/install/wheeltec_robot_msg:/home/wheeltec/wheeltec_ros2/install/wheeltec_robot_kcf:/home/wheeltec/wheeltec_ros2/install/wheeltec_path_follow:/home/wheeltec/wheeltec_ros2/install/wheeltec_nav2:/home/wheeltec/wheeltec_ros2/install/wheeltec_multi:/home/wheeltec/wheeltec_ros2/install/wheeltec_mic_ros2:/home/wheeltec/wheeltec_ros2/install/wheeltec_mic_msg:/home/wheeltec/wheeltec_ros2/install/wheeltec_joy:/home/wheeltec/wheeltec_ros2/install/wheeltec_gps_driver:/home/wheeltec/wheeltec_ros2/install/wheeltec_cartographer:/home/wheeltec/wheeltec_ros2/install/wheeltec_aiui:/home/wheeltec/wheeltec_ros2/install/web_video_server:/home/wheeltec/wheeltec_ros2/install/usb_cam:/home/wheeltec/wheeltec_ros2/install/ublox:/home/wheeltec/wheeltec_ros2/install/ublox_gps:/home/wheeltec/wheeltec_ros2/install/ublox_msgs:/home/wheeltec/wheeltec_ros2/install/ublox_serialization:/home/wheeltec/wheeltec_ros2/install/tts:/home/wheeltec/wheeltec_ros2/install/slam_gmapping:/home/wheeltec/wheeltec_ros2/install/bodyreader:/home/wheeltec/wheeltec_ros2/install/serial:/home/wheeltec/wheeltec_ros2/install/rplidar_ros:/home/wheeltec/wheeltec_ros2/install/orb_slam2_ros:/home/wheeltec/wheeltec_ros2/install/openslam_gmapping:/home/wheeltec/wheeltec_ros2/install/ollama_ros_msgs:/home/wheeltec/wheeltec_ros2/install/nmea_msgs:/home/wheeltec/wheeltec_ros2/install/nav2_bringup:/home/wheeltec/wheeltec_ros2/install/navigation2:/home/wheeltec/wheeltec_ros2/install/nav2_smoother:/home/wheeltec/wheeltec_ros2/install/nav2_dwb_controller:/home/wheeltec/wheeltec_ros2/install/nav2_controller:/home/wheeltec/wheeltec_ros2/install/dwb_plugins:/home/wheeltec/wheeltec_ros2/install/dwb_critics:/home/wheeltec/wheeltec_ros2/install/dwb_core:/home/wheeltec/wheeltec_ros2/install/nav_2d_utils:/home/wheeltec/wheeltec_ros2/install/dwb_msgs:/home/wheeltec/wheeltec_ros2/install/nav_2d_msgs:/home/wheeltec/wheeltec_ros2/install/nav2_waypoint_follower:/home/wheeltec/wheeltec_ros2/install/nav2_theta_star_planner:/home/wheeltec/wheeltec_ros2/install/nav2_smac_planner:/home/wheeltec/wheeltec_ros2/install/nav2_rotation_shim_controller:/home/wheeltec/wheeltec_ros2/install/nav2_regulated_pure_pursuit_controller:/home/wheeltec/wheeltec_ros2/install/nav2_planner:/home/wheeltec/wheeltec_ros2/install/nav2_navfn_planner:/home/wheeltec/wheeltec_ros2/install/nav2_constrained_smoother:/home/wheeltec/wheeltec_ros2/install/nav2_bt_navigator:/home/wheeltec/wheeltec_ros2/install/nav2_behaviors:/home/wheeltec/wheeltec_ros2/install/nav2_core:/home/wheeltec/wheeltec_ros2/install/nav2_collision_monitor:/home/wheeltec/wheeltec_ros2/install/costmap_queue:/home/wheeltec/wheeltec_ros2/install/nav2_costmap_2d:/home/wheeltec/wheeltec_ros2/install/nav2_voxel_grid:/home/wheeltec/wheeltec_ros2/install/nav2_velocity_smoother:/home/wheeltec/wheeltec_ros2/install/nav2_rviz_plugins:/home/wheeltec/wheeltec_ros2/install/nav2_map_server:/home/wheeltec/wheeltec_ros2/install/nav2_lifecycle_manager:/home/wheeltec/wheeltec_ros2/install/nav2_behavior_tree:/home/wheeltec/wheeltec_ros2/install/nav2_amcl:/home/wheeltec/wheeltec_ros2/install/nav2_util:/home/wheeltec/wheeltec_ros2/install/nav2_msgs:/home/wheeltec/wheeltec_ros2/install/nav2_common:/home/wheeltec/wheeltec_ros2/install/lslidar_driver:/home/wheeltec/wheeltec_ros2/install/lslidar_msgs:/home/wheeltec/wheeltec_ros2/install/ldlidar_stl_ros2:/home/wheeltec/wheeltec_ros2/install/ldlidar_sl_ros2:/home/wheeltec/wheeltec_ros2/install/ldlidar:/home/wheeltec/wheeltec_ros2/install/bodyreader_msg:/home/wheeltec/wheeltec_ros2/install/astra_camera:/home/wheeltec/wheeltec_ros2/install/astra_camera_msgs:/home/wheeltec/wheeltec_ros2/install/aruco_ros:/home/wheeltec/wheeltec_ros2/install/aruco_msgs:/home/wheeltec/wheeltec_ros2/install/aruco:/home/wheeltec/wheeltec_ros2/install/ackermann_msgs:/home/wheeltec/wheeltec_ros2/install/simple_follower_ros2:/home/wheeltec/wheeltec_ros2/install/wheeltec_robot_keyboard:/home/wheeltec/wheeltec_ros2/install/wheeltec_dual_rtk_driver:/home/wheeltec/wheeltec_ros2/install/ultralytics_ros2:/home/wheeltec/wheeltec_ros2/install/tf2_tools:/home/wheeltec/wheeltec_ros2/install/ollama_ros_chat:/home/wheeltec/wheeltec_ros2/install/nmea_navsat_driver:/home/wheeltec/wheeltec_ros2/install/nav2_waypoint_cycle:/home/wheeltec/wheeltec_ros2/install/nav2_simple_commander:/home/wheeltec/wheeltec_ros2/install/auto_recharge_ros2:/opt/ros/humble LD_LIBRARY_PATH=/home/wheeltec/agribot/agribot_ws/install/yesense_interface/lib:/usr/lib/aarch64-linux-gnu:/usr/lib/aarch64-linux-gnu:/home/wheeltec/agribot/agribot_ws/install/serial/lib:/home/wheeltec/ws_livox/install/livox_sdk2/lib:/home/wheeltec/ws_livox/install/livox_ros_driver2/lib:/home/wheeltec/wheeltec_ros2/install/yesense_interface/lib:/home/wheeltec/wheeltec_ros2/install/wheeltec_rrt_msg/lib:/home/wheeltec/wheeltec_ros2/install/wheeltec_robot_rrt/lib:/home/wheeltec/wheeltec_ros2/install/turn_on_wheeltec_robot/lib:/home/wheeltec/wheeltec_ros2/install/wheeltec_robot_msg/lib:/home/wheeltec/wheeltec_ros2/install/wheeltec_mic_msg/lib:/home/wheeltec/wheeltec_ros2/install/usb_cam/lib:/home/wheeltec/wheeltec_ros2/install/ublox_gps/lib:/home/wheeltec/wheeltec_ros2/install/ublox_msgs/lib:/home/wheeltec/wheeltec_ros2/install/serial/lib:/home/wheeltec/wheeltec_ros2/install/orb_slam2_ros/lib:/home/wheeltec/wheeltec_ros2/install/openslam_gmapping/lib:/home/wheeltec/wheeltec_ros2/install/ollama_ros_msgs/lib:/home/wheeltec/wheeltec_ros2/install/nmea_msgs/lib:/home/wheeltec/wheeltec_ros2/install/nav2_smoother/lib:/home/wheeltec/wheeltec_ros2/install/nav2_controller/lib:/home/wheeltec/wheeltec_ros2/install/dwb_plugins/lib:/home/wheeltec/wheeltec_ros2/install/dwb_critics/lib:/home/wheeltec/wheeltec_ros2/install/dwb_core/lib:/home/wheeltec/wheeltec_ros2/install/nav_2d_utils/lib:/home/wheeltec/wheeltec_ros2/install/dwb_msgs/lib:/home/wheeltec/wheeltec_ros2/install/nav_2d_msgs/lib:/home/wheeltec/wheeltec_ros2/install/nav2_waypoint_follower/lib:/home/wheeltec/wheeltec_ros2/install/nav2_theta_star_planner/lib:/home/wheeltec/wheeltec_ros2/install/nav2_smac_planner/lib:/home/wheeltec/wheeltec_ros2/install/nav2_rotation_shim_controller/lib:/home/wheeltec/wheeltec_ros2/install/nav2_regulated_pure_pursuit_controller/lib:/home/wheeltec/wheeltec_ros2/install/nav2_planner/lib:/home/wheeltec/wheeltec_ros2/install/nav2_navfn_planner/lib:/home/wheeltec/wheeltec_ros2/install/nav2_constrained_smoother/lib:/home/wheeltec/wheeltec_ros2/install/nav2_bt_navigator/lib:/home/wheeltec/wheeltec_ros2/install/nav2_behaviors/lib:/home/wheeltec/wheeltec_ros2/install/nav2_collision_monitor/lib:/home/wheeltec/wheeltec_ros2/install/costmap_queue/lib:/home/wheeltec/wheeltec_ros2/install/nav2_costmap_2d/lib:/home/wheeltec/wheeltec_ros2/install/nav2_voxel_grid/lib:/home/wheeltec/wheeltec_ros2/install/nav2_velocity_smoother/lib:/home/wheeltec/wheeltec_ros2/install/nav2_rviz_plugins/lib:/home/wheeltec/wheeltec_ros2/install/nav2_map_server/lib:/home/wheeltec/wheeltec_ros2/install/nav2_lifecycle_manager/lib:/home/wheeltec/wheeltec_ros2/install/nav2_behavior_tree/lib:/home/wheeltec/wheeltec_ros2/install/nav2_amcl/lib:/home/wheeltec/wheeltec_ros2/install/nav2_util/lib:/home/wheeltec/wheeltec_ros2/install/nav2_msgs/lib:/home/wheeltec/wheeltec_ros2/install/lslidar_msgs/lib:/home/wheeltec/wheeltec_ros2/install/bodyreader_msg/lib:/home/wheeltec/wheeltec_ros2/install/astra_camera/lib:/home/wheeltec/wheeltec_ros2/install/astra_camera_msgs/lib:/home/wheeltec/wheeltec_ros2/install/aruco_ros/lib:/home/wheeltec/wheeltec_ros2/install/aruco_msgs/lib:/home/wheeltec/wheeltec_ros2/install/aruco/lib:/home/wheeltec/wheeltec_ros2/install/ackermann_msgs/lib:/opt/ros/humble/opt/rviz_ogre_vendor/lib:/opt/ros/humble/lib/aarch64-linux-gnu:/opt/ros/humble/lib /usr/bin/cmake --build /home/wheeltec/agribot/agribot_ws/build/yesense_std_ros2 -- -j8 -l8
[6.523s] DEBUG:colcon.colcon_core.event_handler.log_command:Invoked command in '/home/wheeltec/agribot/agribot_ws/build/yesense_std_ros2' returned '0': CMAKE_PREFIX_PATH=/home/wheeltec/agribot/agribot_ws/install/yesense_interface:/home/wheeltec/agribot/agribot_ws/install/serial:/home/wheeltec/agribot/agribot_ws/install/yesense_std_ros2:/home/wheeltec/agribot/agribot_ws/install/turn_on_agribot:/home/wheeltec/agribot/agribot_ws/install/turn_on_32chassis:/home/wheeltec/agribot/agribot_ws/install/centerline_extraction:/home/wheeltec/ws_livox/install/livox_ros_driver2:/home/wheeltec/wheeltec_ros2/install/yesense_std_ros2:/home/wheeltec/wheeltec_ros2/install/yesense_interface:/home/wheeltec/wheeltec_ros2/install/wheeltec_slam_toolbox:/home/wheeltec/wheeltec_ros2/install/wheeltec_rviz2:/home/wheeltec/wheeltec_ros2/install/wheeltec_rrt_msg:/home/wheeltec/wheeltec_ros2/install/wheeltec_robot_urdf:/home/wheeltec/wheeltec_ros2/install/wheeltec_robot_rtab:/home/wheeltec/wheeltec_ros2/install/wheeltec_robot_rrt:/home/wheeltec/wheeltec_ros2/install/turn_on_wheeltec_robot:/home/wheeltec/wheeltec_ros2/install/wheeltec_robot_msg:/home/wheeltec/wheeltec_ros2/install/wheeltec_robot_kcf:/home/wheeltec/wheeltec_ros2/install/wheeltec_path_follow:/home/wheeltec/wheeltec_ros2/install/wheeltec_nav2:/home/wheeltec/wheeltec_ros2/install/wheeltec_multi:/home/wheeltec/wheeltec_ros2/install/wheeltec_mic_ros2:/home/wheeltec/wheeltec_ros2/install/wheeltec_mic_msg:/home/wheeltec/wheeltec_ros2/install/wheeltec_joy:/home/wheeltec/wheeltec_ros2/install/wheeltec_gps_driver:/home/wheeltec/wheeltec_ros2/install/wheeltec_cartographer:/home/wheeltec/wheeltec_ros2/install/wheeltec_aiui:/home/wheeltec/wheeltec_ros2/install/web_video_server:/home/wheeltec/wheeltec_ros2/install/usb_cam:/home/wheeltec/wheeltec_ros2/install/ublox:/home/wheeltec/wheeltec_ros2/install/ublox_gps:/home/wheeltec/wheeltec_ros2/install/ublox_msgs:/home/wheeltec/wheeltec_ros2/install/ublox_serialization:/home/wheeltec/wheeltec_ros2/install/tts:/home/wheeltec/wheeltec_ros2/install/slam_gmapping:/home/wheeltec/wheeltec_ros2/install/bodyreader:/home/wheeltec/wheeltec_ros2/install/serial:/home/wheeltec/wheeltec_ros2/install/rplidar_ros:/home/wheeltec/wheeltec_ros2/install/orb_slam2_ros:/home/wheeltec/wheeltec_ros2/install/openslam_gmapping:/home/wheeltec/wheeltec_ros2/install/ollama_ros_msgs:/home/wheeltec/wheeltec_ros2/install/nmea_msgs:/home/wheeltec/wheeltec_ros2/install/nav2_bringup:/home/wheeltec/wheeltec_ros2/install/navigation2:/home/wheeltec/wheeltec_ros2/install/nav2_smoother:/home/wheeltec/wheeltec_ros2/install/nav2_dwb_controller:/home/wheeltec/wheeltec_ros2/install/nav2_controller:/home/wheeltec/wheeltec_ros2/install/dwb_plugins:/home/wheeltec/wheeltec_ros2/install/dwb_critics:/home/wheeltec/wheeltec_ros2/install/dwb_core:/home/wheeltec/wheeltec_ros2/install/nav_2d_utils:/home/wheeltec/wheeltec_ros2/install/dwb_msgs:/home/wheeltec/wheeltec_ros2/install/nav_2d_msgs:/home/wheeltec/wheeltec_ros2/install/nav2_waypoint_follower:/home/wheeltec/wheeltec_ros2/install/nav2_theta_star_planner:/home/wheeltec/wheeltec_ros2/install/nav2_smac_planner:/home/wheeltec/wheeltec_ros2/install/nav2_rotation_shim_controller:/home/wheeltec/wheeltec_ros2/install/nav2_regulated_pure_pursuit_controller:/home/wheeltec/wheeltec_ros2/install/nav2_planner:/home/wheeltec/wheeltec_ros2/install/nav2_navfn_planner:/home/wheeltec/wheeltec_ros2/install/nav2_constrained_smoother:/home/wheeltec/wheeltec_ros2/install/nav2_bt_navigator:/home/wheeltec/wheeltec_ros2/install/nav2_behaviors:/home/wheeltec/wheeltec_ros2/install/nav2_core:/home/wheeltec/wheeltec_ros2/install/nav2_collision_monitor:/home/wheeltec/wheeltec_ros2/install/costmap_queue:/home/wheeltec/wheeltec_ros2/install/nav2_costmap_2d:/home/wheeltec/wheeltec_ros2/install/nav2_voxel_grid:/home/wheeltec/wheeltec_ros2/install/nav2_velocity_smoother:/home/wheeltec/wheeltec_ros2/install/nav2_rviz_plugins:/home/wheeltec/wheeltec_ros2/install/nav2_map_server:/home/wheeltec/wheeltec_ros2/install/nav2_lifecycle_manager:/home/wheeltec/wheeltec_ros2/install/nav2_behavior_tree:/home/wheeltec/wheeltec_ros2/install/nav2_amcl:/home/wheeltec/wheeltec_ros2/install/nav2_util:/home/wheeltec/wheeltec_ros2/install/nav2_msgs:/home/wheeltec/wheeltec_ros2/install/nav2_common:/home/wheeltec/wheeltec_ros2/install/lslidar_driver:/home/wheeltec/wheeltec_ros2/install/lslidar_msgs:/home/wheeltec/wheeltec_ros2/install/ldlidar_stl_ros2:/home/wheeltec/wheeltec_ros2/install/ldlidar_sl_ros2:/home/wheeltec/wheeltec_ros2/install/ldlidar:/home/wheeltec/wheeltec_ros2/install/bodyreader_msg:/home/wheeltec/wheeltec_ros2/install/astra_camera:/home/wheeltec/wheeltec_ros2/install/astra_camera_msgs:/home/wheeltec/wheeltec_ros2/install/aruco_ros:/home/wheeltec/wheeltec_ros2/install/aruco_msgs:/home/wheeltec/wheeltec_ros2/install/aruco:/home/wheeltec/wheeltec_ros2/install/ackermann_msgs:/home/wheeltec/wheeltec_ros2/install/simple_follower_ros2:/home/wheeltec/wheeltec_ros2/install/wheeltec_robot_keyboard:/home/wheeltec/wheeltec_ros2/install/wheeltec_dual_rtk_driver:/home/wheeltec/wheeltec_ros2/install/ultralytics_ros2:/home/wheeltec/wheeltec_ros2/install/tf2_tools:/home/wheeltec/wheeltec_ros2/install/ollama_ros_chat:/home/wheeltec/wheeltec_ros2/install/nmea_navsat_driver:/home/wheeltec/wheeltec_ros2/install/nav2_waypoint_cycle:/home/wheeltec/wheeltec_ros2/install/nav2_simple_commander:/home/wheeltec/wheeltec_ros2/install/auto_recharge_ros2:/opt/ros/humble LD_LIBRARY_PATH=/home/wheeltec/agribot/agribot_ws/install/yesense_interface/lib:/usr/lib/aarch64-linux-gnu:/usr/lib/aarch64-linux-gnu:/home/wheeltec/agribot/agribot_ws/install/serial/lib:/home/wheeltec/ws_livox/install/livox_sdk2/lib:/home/wheeltec/ws_livox/install/livox_ros_driver2/lib:/home/wheeltec/wheeltec_ros2/install/yesense_interface/lib:/home/wheeltec/wheeltec_ros2/install/wheeltec_rrt_msg/lib:/home/wheeltec/wheeltec_ros2/install/wheeltec_robot_rrt/lib:/home/wheeltec/wheeltec_ros2/install/turn_on_wheeltec_robot/lib:/home/wheeltec/wheeltec_ros2/install/wheeltec_robot_msg/lib:/home/wheeltec/wheeltec_ros2/install/wheeltec_mic_msg/lib:/home/wheeltec/wheeltec_ros2/install/usb_cam/lib:/home/wheeltec/wheeltec_ros2/install/ublox_gps/lib:/home/wheeltec/wheeltec_ros2/install/ublox_msgs/lib:/home/wheeltec/wheeltec_ros2/install/serial/lib:/home/wheeltec/wheeltec_ros2/install/orb_slam2_ros/lib:/home/wheeltec/wheeltec_ros2/install/openslam_gmapping/lib:/home/wheeltec/wheeltec_ros2/install/ollama_ros_msgs/lib:/home/wheeltec/wheeltec_ros2/install/nmea_msgs/lib:/home/wheeltec/wheeltec_ros2/install/nav2_smoother/lib:/home/wheeltec/wheeltec_ros2/install/nav2_controller/lib:/home/wheeltec/wheeltec_ros2/install/dwb_plugins/lib:/home/wheeltec/wheeltec_ros2/install/dwb_critics/lib:/home/wheeltec/wheeltec_ros2/install/dwb_core/lib:/home/wheeltec/wheeltec_ros2/install/nav_2d_utils/lib:/home/wheeltec/wheeltec_ros2/install/dwb_msgs/lib:/home/wheeltec/wheeltec_ros2/install/nav_2d_msgs/lib:/home/wheeltec/wheeltec_ros2/install/nav2_waypoint_follower/lib:/home/wheeltec/wheeltec_ros2/install/nav2_theta_star_planner/lib:/home/wheeltec/wheeltec_ros2/install/nav2_smac_planner/lib:/home/wheeltec/wheeltec_ros2/install/nav2_rotation_shim_controller/lib:/home/wheeltec/wheeltec_ros2/install/nav2_regulated_pure_pursuit_controller/lib:/home/wheeltec/wheeltec_ros2/install/nav2_planner/lib:/home/wheeltec/wheeltec_ros2/install/nav2_navfn_planner/lib:/home/wheeltec/wheeltec_ros2/install/nav2_constrained_smoother/lib:/home/wheeltec/wheeltec_ros2/install/nav2_bt_navigator/lib:/home/wheeltec/wheeltec_ros2/install/nav2_behaviors/lib:/home/wheeltec/wheeltec_ros2/install/nav2_collision_monitor/lib:/home/wheeltec/wheeltec_ros2/install/costmap_queue/lib:/home/wheeltec/wheeltec_ros2/install/nav2_costmap_2d/lib:/home/wheeltec/wheeltec_ros2/install/nav2_voxel_grid/lib:/home/wheeltec/wheeltec_ros2/install/nav2_velocity_smoother/lib:/home/wheeltec/wheeltec_ros2/install/nav2_rviz_plugins/lib:/home/wheeltec/wheeltec_ros2/install/nav2_map_server/lib:/home/wheeltec/wheeltec_ros2/install/nav2_lifecycle_manager/lib:/home/wheeltec/wheeltec_ros2/install/nav2_behavior_tree/lib:/home/wheeltec/wheeltec_ros2/install/nav2_amcl/lib:/home/wheeltec/wheeltec_ros2/install/nav2_util/lib:/home/wheeltec/wheeltec_ros2/install/nav2_msgs/lib:/home/wheeltec/wheeltec_ros2/install/lslidar_msgs/lib:/home/wheeltec/wheeltec_ros2/install/bodyreader_msg/lib:/home/wheeltec/wheeltec_ros2/install/astra_camera/lib:/home/wheeltec/wheeltec_ros2/install/astra_camera_msgs/lib:/home/wheeltec/wheeltec_ros2/install/aruco_ros/lib:/home/wheeltec/wheeltec_ros2/install/aruco_msgs/lib:/home/wheeltec/wheeltec_ros2/install/aruco/lib:/home/wheeltec/wheeltec_ros2/install/ackermann_msgs/lib:/opt/ros/humble/opt/rviz_ogre_vendor/lib:/opt/ros/humble/lib/aarch64-linux-gnu:/opt/ros/humble/lib /usr/bin/cmake --build /home/wheeltec/agribot/agribot_ws/build/yesense_std_ros2 -- -j8 -l8
[6.556s] DEBUG:colcon.colcon_core.event_handler.log_command:Invoking command in '/home/wheeltec/agribot/agribot_ws/build/yesense_std_ros2': CMAKE_PREFIX_PATH=/home/wheeltec/agribot/agribot_ws/install/yesense_interface:/home/wheeltec/agribot/agribot_ws/install/serial:/home/wheeltec/agribot/agribot_ws/install/yesense_std_ros2:/home/wheeltec/agribot/agribot_ws/install/turn_on_agribot:/home/wheeltec/agribot/agribot_ws/install/turn_on_32chassis:/home/wheeltec/agribot/agribot_ws/install/centerline_extraction:/home/wheeltec/ws_livox/install/livox_ros_driver2:/home/wheeltec/wheeltec_ros2/install/yesense_std_ros2:/home/wheeltec/wheeltec_ros2/install/yesense_interface:/home/wheeltec/wheeltec_ros2/install/wheeltec_slam_toolbox:/home/wheeltec/wheeltec_ros2/install/wheeltec_rviz2:/home/wheeltec/wheeltec_ros2/install/wheeltec_rrt_msg:/home/wheeltec/wheeltec_ros2/install/wheeltec_robot_urdf:/home/wheeltec/wheeltec_ros2/install/wheeltec_robot_rtab:/home/wheeltec/wheeltec_ros2/install/wheeltec_robot_rrt:/home/wheeltec/wheeltec_ros2/install/turn_on_wheeltec_robot:/home/wheeltec/wheeltec_ros2/install/wheeltec_robot_msg:/home/wheeltec/wheeltec_ros2/install/wheeltec_robot_kcf:/home/wheeltec/wheeltec_ros2/install/wheeltec_path_follow:/home/wheeltec/wheeltec_ros2/install/wheeltec_nav2:/home/wheeltec/wheeltec_ros2/install/wheeltec_multi:/home/wheeltec/wheeltec_ros2/install/wheeltec_mic_ros2:/home/wheeltec/wheeltec_ros2/install/wheeltec_mic_msg:/home/wheeltec/wheeltec_ros2/install/wheeltec_joy:/home/wheeltec/wheeltec_ros2/install/wheeltec_gps_driver:/home/wheeltec/wheeltec_ros2/install/wheeltec_cartographer:/home/wheeltec/wheeltec_ros2/install/wheeltec_aiui:/home/wheeltec/wheeltec_ros2/install/web_video_server:/home/wheeltec/wheeltec_ros2/install/usb_cam:/home/wheeltec/wheeltec_ros2/install/ublox:/home/wheeltec/wheeltec_ros2/install/ublox_gps:/home/wheeltec/wheeltec_ros2/install/ublox_msgs:/home/wheeltec/wheeltec_ros2/install/ublox_serialization:/home/wheeltec/wheeltec_ros2/install/tts:/home/wheeltec/wheeltec_ros2/install/slam_gmapping:/home/wheeltec/wheeltec_ros2/install/bodyreader:/home/wheeltec/wheeltec_ros2/install/serial:/home/wheeltec/wheeltec_ros2/install/rplidar_ros:/home/wheeltec/wheeltec_ros2/install/orb_slam2_ros:/home/wheeltec/wheeltec_ros2/install/openslam_gmapping:/home/wheeltec/wheeltec_ros2/install/ollama_ros_msgs:/home/wheeltec/wheeltec_ros2/install/nmea_msgs:/home/wheeltec/wheeltec_ros2/install/nav2_bringup:/home/wheeltec/wheeltec_ros2/install/navigation2:/home/wheeltec/wheeltec_ros2/install/nav2_smoother:/home/wheeltec/wheeltec_ros2/install/nav2_dwb_controller:/home/wheeltec/wheeltec_ros2/install/nav2_controller:/home/wheeltec/wheeltec_ros2/install/dwb_plugins:/home/wheeltec/wheeltec_ros2/install/dwb_critics:/home/wheeltec/wheeltec_ros2/install/dwb_core:/home/wheeltec/wheeltec_ros2/install/nav_2d_utils:/home/wheeltec/wheeltec_ros2/install/dwb_msgs:/home/wheeltec/wheeltec_ros2/install/nav_2d_msgs:/home/wheeltec/wheeltec_ros2/install/nav2_waypoint_follower:/home/wheeltec/wheeltec_ros2/install/nav2_theta_star_planner:/home/wheeltec/wheeltec_ros2/install/nav2_smac_planner:/home/wheeltec/wheeltec_ros2/install/nav2_rotation_shim_controller:/home/wheeltec/wheeltec_ros2/install/nav2_regulated_pure_pursuit_controller:/home/wheeltec/wheeltec_ros2/install/nav2_planner:/home/wheeltec/wheeltec_ros2/install/nav2_navfn_planner:/home/wheeltec/wheeltec_ros2/install/nav2_constrained_smoother:/home/wheeltec/wheeltec_ros2/install/nav2_bt_navigator:/home/wheeltec/wheeltec_ros2/install/nav2_behaviors:/home/wheeltec/wheeltec_ros2/install/nav2_core:/home/wheeltec/wheeltec_ros2/install/nav2_collision_monitor:/home/wheeltec/wheeltec_ros2/install/costmap_queue:/home/wheeltec/wheeltec_ros2/install/nav2_costmap_2d:/home/wheeltec/wheeltec_ros2/install/nav2_voxel_grid:/home/wheeltec/wheeltec_ros2/install/nav2_velocity_smoother:/home/wheeltec/wheeltec_ros2/install/nav2_rviz_plugins:/home/wheeltec/wheeltec_ros2/install/nav2_map_server:/home/wheeltec/wheeltec_ros2/install/nav2_lifecycle_manager:/home/wheeltec/wheeltec_ros2/install/nav2_behavior_tree:/home/wheeltec/wheeltec_ros2/install/nav2_amcl:/home/wheeltec/wheeltec_ros2/install/nav2_util:/home/wheeltec/wheeltec_ros2/install/nav2_msgs:/home/wheeltec/wheeltec_ros2/install/nav2_common:/home/wheeltec/wheeltec_ros2/install/lslidar_driver:/home/wheeltec/wheeltec_ros2/install/lslidar_msgs:/home/wheeltec/wheeltec_ros2/install/ldlidar_stl_ros2:/home/wheeltec/wheeltec_ros2/install/ldlidar_sl_ros2:/home/wheeltec/wheeltec_ros2/install/ldlidar:/home/wheeltec/wheeltec_ros2/install/bodyreader_msg:/home/wheeltec/wheeltec_ros2/install/astra_camera:/home/wheeltec/wheeltec_ros2/install/astra_camera_msgs:/home/wheeltec/wheeltec_ros2/install/aruco_ros:/home/wheeltec/wheeltec_ros2/install/aruco_msgs:/home/wheeltec/wheeltec_ros2/install/aruco:/home/wheeltec/wheeltec_ros2/install/ackermann_msgs:/home/wheeltec/wheeltec_ros2/install/simple_follower_ros2:/home/wheeltec/wheeltec_ros2/install/wheeltec_robot_keyboard:/home/wheeltec/wheeltec_ros2/install/wheeltec_dual_rtk_driver:/home/wheeltec/wheeltec_ros2/install/ultralytics_ros2:/home/wheeltec/wheeltec_ros2/install/tf2_tools:/home/wheeltec/wheeltec_ros2/install/ollama_ros_chat:/home/wheeltec/wheeltec_ros2/install/nmea_navsat_driver:/home/wheeltec/wheeltec_ros2/install/nav2_waypoint_cycle:/home/wheeltec/wheeltec_ros2/install/nav2_simple_commander:/home/wheeltec/wheeltec_ros2/install/auto_recharge_ros2:/opt/ros/humble LD_LIBRARY_PATH=/home/wheeltec/agribot/agribot_ws/install/yesense_interface/lib:/usr/lib/aarch64-linux-gnu:/usr/lib/aarch64-linux-gnu:/home/wheeltec/agribot/agribot_ws/install/serial/lib:/home/wheeltec/ws_livox/install/livox_sdk2/lib:/home/wheeltec/ws_livox/install/livox_ros_driver2/lib:/home/wheeltec/wheeltec_ros2/install/yesense_interface/lib:/home/wheeltec/wheeltec_ros2/install/wheeltec_rrt_msg/lib:/home/wheeltec/wheeltec_ros2/install/wheeltec_robot_rrt/lib:/home/wheeltec/wheeltec_ros2/install/turn_on_wheeltec_robot/lib:/home/wheeltec/wheeltec_ros2/install/wheeltec_robot_msg/lib:/home/wheeltec/wheeltec_ros2/install/wheeltec_mic_msg/lib:/home/wheeltec/wheeltec_ros2/install/usb_cam/lib:/home/wheeltec/wheeltec_ros2/install/ublox_gps/lib:/home/wheeltec/wheeltec_ros2/install/ublox_msgs/lib:/home/wheeltec/wheeltec_ros2/install/serial/lib:/home/wheeltec/wheeltec_ros2/install/orb_slam2_ros/lib:/home/wheeltec/wheeltec_ros2/install/openslam_gmapping/lib:/home/wheeltec/wheeltec_ros2/install/ollama_ros_msgs/lib:/home/wheeltec/wheeltec_ros2/install/nmea_msgs/lib:/home/wheeltec/wheeltec_ros2/install/nav2_smoother/lib:/home/wheeltec/wheeltec_ros2/install/nav2_controller/lib:/home/wheeltec/wheeltec_ros2/install/dwb_plugins/lib:/home/wheeltec/wheeltec_ros2/install/dwb_critics/lib:/home/wheeltec/wheeltec_ros2/install/dwb_core/lib:/home/wheeltec/wheeltec_ros2/install/nav_2d_utils/lib:/home/wheeltec/wheeltec_ros2/install/dwb_msgs/lib:/home/wheeltec/wheeltec_ros2/install/nav_2d_msgs/lib:/home/wheeltec/wheeltec_ros2/install/nav2_waypoint_follower/lib:/home/wheeltec/wheeltec_ros2/install/nav2_theta_star_planner/lib:/home/wheeltec/wheeltec_ros2/install/nav2_smac_planner/lib:/home/wheeltec/wheeltec_ros2/install/nav2_rotation_shim_controller/lib:/home/wheeltec/wheeltec_ros2/install/nav2_regulated_pure_pursuit_controller/lib:/home/wheeltec/wheeltec_ros2/install/nav2_planner/lib:/home/wheeltec/wheeltec_ros2/install/nav2_navfn_planner/lib:/home/wheeltec/wheeltec_ros2/install/nav2_constrained_smoother/lib:/home/wheeltec/wheeltec_ros2/install/nav2_bt_navigator/lib:/home/wheeltec/wheeltec_ros2/install/nav2_behaviors/lib:/home/wheeltec/wheeltec_ros2/install/nav2_collision_monitor/lib:/home/wheeltec/wheeltec_ros2/install/costmap_queue/lib:/home/wheeltec/wheeltec_ros2/install/nav2_costmap_2d/lib:/home/wheeltec/wheeltec_ros2/install/nav2_voxel_grid/lib:/home/wheeltec/wheeltec_ros2/install/nav2_velocity_smoother/lib:/home/wheeltec/wheeltec_ros2/install/nav2_rviz_plugins/lib:/home/wheeltec/wheeltec_ros2/install/nav2_map_server/lib:/home/wheeltec/wheeltec_ros2/install/nav2_lifecycle_manager/lib:/home/wheeltec/wheeltec_ros2/install/nav2_behavior_tree/lib:/home/wheeltec/wheeltec_ros2/install/nav2_amcl/lib:/home/wheeltec/wheeltec_ros2/install/nav2_util/lib:/home/wheeltec/wheeltec_ros2/install/nav2_msgs/lib:/home/wheeltec/wheeltec_ros2/install/lslidar_msgs/lib:/home/wheeltec/wheeltec_ros2/install/bodyreader_msg/lib:/home/wheeltec/wheeltec_ros2/install/astra_camera/lib:/home/wheeltec/wheeltec_ros2/install/astra_camera_msgs/lib:/home/wheeltec/wheeltec_ros2/install/aruco_ros/lib:/home/wheeltec/wheeltec_ros2/install/aruco_msgs/lib:/home/wheeltec/wheeltec_ros2/install/aruco/lib:/home/wheeltec/wheeltec_ros2/install/ackermann_msgs/lib:/opt/ros/humble/opt/rviz_ogre_vendor/lib:/opt/ros/humble/lib/aarch64-linux-gnu:/opt/ros/humble/lib /usr/bin/cmake --install /home/wheeltec/agribot/agribot_ws/build/yesense_std_ros2
[6.594s] Level 1:colcon.colcon_core.environment:create_environment_scripts_only(yesense_std_ros2)
[6.595s] Level 1:colcon.colcon_core.environment:checking '/home/wheeltec/agribot/agribot_ws/install/yesense_std_ros2' for CMake module files
[6.597s] Level 1:colcon.colcon_core.environment:checking '/home/wheeltec/agribot/agribot_ws/install/yesense_std_ros2' for CMake config files
[6.599s] DEBUG:colcon.colcon_core.event_handler.log_command:Invoked command in '/home/wheeltec/agribot/agribot_ws/build/yesense_std_ros2' returned '0': CMAKE_PREFIX_PATH=/home/wheeltec/agribot/agribot_ws/install/yesense_interface:/home/wheeltec/agribot/agribot_ws/install/serial:/home/wheeltec/agribot/agribot_ws/install/yesense_std_ros2:/home/wheeltec/agribot/agribot_ws/install/turn_on_agribot:/home/wheeltec/agribot/agribot_ws/install/turn_on_32chassis:/home/wheeltec/agribot/agribot_ws/install/centerline_extraction:/home/wheeltec/ws_livox/install/livox_ros_driver2:/home/wheeltec/wheeltec_ros2/install/yesense_std_ros2:/home/wheeltec/wheeltec_ros2/install/yesense_interface:/home/wheeltec/wheeltec_ros2/install/wheeltec_slam_toolbox:/home/wheeltec/wheeltec_ros2/install/wheeltec_rviz2:/home/wheeltec/wheeltec_ros2/install/wheeltec_rrt_msg:/home/wheeltec/wheeltec_ros2/install/wheeltec_robot_urdf:/home/wheeltec/wheeltec_ros2/install/wheeltec_robot_rtab:/home/wheeltec/wheeltec_ros2/install/wheeltec_robot_rrt:/home/wheeltec/wheeltec_ros2/install/turn_on_wheeltec_robot:/home/wheeltec/wheeltec_ros2/install/wheeltec_robot_msg:/home/wheeltec/wheeltec_ros2/install/wheeltec_robot_kcf:/home/wheeltec/wheeltec_ros2/install/wheeltec_path_follow:/home/wheeltec/wheeltec_ros2/install/wheeltec_nav2:/home/wheeltec/wheeltec_ros2/install/wheeltec_multi:/home/wheeltec/wheeltec_ros2/install/wheeltec_mic_ros2:/home/wheeltec/wheeltec_ros2/install/wheeltec_mic_msg:/home/wheeltec/wheeltec_ros2/install/wheeltec_joy:/home/wheeltec/wheeltec_ros2/install/wheeltec_gps_driver:/home/wheeltec/wheeltec_ros2/install/wheeltec_cartographer:/home/wheeltec/wheeltec_ros2/install/wheeltec_aiui:/home/wheeltec/wheeltec_ros2/install/web_video_server:/home/wheeltec/wheeltec_ros2/install/usb_cam:/home/wheeltec/wheeltec_ros2/install/ublox:/home/wheeltec/wheeltec_ros2/install/ublox_gps:/home/wheeltec/wheeltec_ros2/install/ublox_msgs:/home/wheeltec/wheeltec_ros2/install/ublox_serialization:/home/wheeltec/wheeltec_ros2/install/tts:/home/wheeltec/wheeltec_ros2/install/slam_gmapping:/home/wheeltec/wheeltec_ros2/install/bodyreader:/home/wheeltec/wheeltec_ros2/install/serial:/home/wheeltec/wheeltec_ros2/install/rplidar_ros:/home/wheeltec/wheeltec_ros2/install/orb_slam2_ros:/home/wheeltec/wheeltec_ros2/install/openslam_gmapping:/home/wheeltec/wheeltec_ros2/install/ollama_ros_msgs:/home/wheeltec/wheeltec_ros2/install/nmea_msgs:/home/wheeltec/wheeltec_ros2/install/nav2_bringup:/home/wheeltec/wheeltec_ros2/install/navigation2:/home/wheeltec/wheeltec_ros2/install/nav2_smoother:/home/wheeltec/wheeltec_ros2/install/nav2_dwb_controller:/home/wheeltec/wheeltec_ros2/install/nav2_controller:/home/wheeltec/wheeltec_ros2/install/dwb_plugins:/home/wheeltec/wheeltec_ros2/install/dwb_critics:/home/wheeltec/wheeltec_ros2/install/dwb_core:/home/wheeltec/wheeltec_ros2/install/nav_2d_utils:/home/wheeltec/wheeltec_ros2/install/dwb_msgs:/home/wheeltec/wheeltec_ros2/install/nav_2d_msgs:/home/wheeltec/wheeltec_ros2/install/nav2_waypoint_follower:/home/wheeltec/wheeltec_ros2/install/nav2_theta_star_planner:/home/wheeltec/wheeltec_ros2/install/nav2_smac_planner:/home/wheeltec/wheeltec_ros2/install/nav2_rotation_shim_controller:/home/wheeltec/wheeltec_ros2/install/nav2_regulated_pure_pursuit_controller:/home/wheeltec/wheeltec_ros2/install/nav2_planner:/home/wheeltec/wheeltec_ros2/install/nav2_navfn_planner:/home/wheeltec/wheeltec_ros2/install/nav2_constrained_smoother:/home/wheeltec/wheeltec_ros2/install/nav2_bt_navigator:/home/wheeltec/wheeltec_ros2/install/nav2_behaviors:/home/wheeltec/wheeltec_ros2/install/nav2_core:/home/wheeltec/wheeltec_ros2/install/nav2_collision_monitor:/home/wheeltec/wheeltec_ros2/install/costmap_queue:/home/wheeltec/wheeltec_ros2/install/nav2_costmap_2d:/home/wheeltec/wheeltec_ros2/install/nav2_voxel_grid:/home/wheeltec/wheeltec_ros2/install/nav2_velocity_smoother:/home/wheeltec/wheeltec_ros2/install/nav2_rviz_plugins:/home/wheeltec/wheeltec_ros2/install/nav2_map_server:/home/wheeltec/wheeltec_ros2/install/nav2_lifecycle_manager:/home/wheeltec/wheeltec_ros2/install/nav2_behavior_tree:/home/wheeltec/wheeltec_ros2/install/nav2_amcl:/home/wheeltec/wheeltec_ros2/install/nav2_util:/home/wheeltec/wheeltec_ros2/install/nav2_msgs:/home/wheeltec/wheeltec_ros2/install/nav2_common:/home/wheeltec/wheeltec_ros2/install/lslidar_driver:/home/wheeltec/wheeltec_ros2/install/lslidar_msgs:/home/wheeltec/wheeltec_ros2/install/ldlidar_stl_ros2:/home/wheeltec/wheeltec_ros2/install/ldlidar_sl_ros2:/home/wheeltec/wheeltec_ros2/install/ldlidar:/home/wheeltec/wheeltec_ros2/install/bodyreader_msg:/home/wheeltec/wheeltec_ros2/install/astra_camera:/home/wheeltec/wheeltec_ros2/install/astra_camera_msgs:/home/wheeltec/wheeltec_ros2/install/aruco_ros:/home/wheeltec/wheeltec_ros2/install/aruco_msgs:/home/wheeltec/wheeltec_ros2/install/aruco:/home/wheeltec/wheeltec_ros2/install/ackermann_msgs:/home/wheeltec/wheeltec_ros2/install/simple_follower_ros2:/home/wheeltec/wheeltec_ros2/install/wheeltec_robot_keyboard:/home/wheeltec/wheeltec_ros2/install/wheeltec_dual_rtk_driver:/home/wheeltec/wheeltec_ros2/install/ultralytics_ros2:/home/wheeltec/wheeltec_ros2/install/tf2_tools:/home/wheeltec/wheeltec_ros2/install/ollama_ros_chat:/home/wheeltec/wheeltec_ros2/install/nmea_navsat_driver:/home/wheeltec/wheeltec_ros2/install/nav2_waypoint_cycle:/home/wheeltec/wheeltec_ros2/install/nav2_simple_commander:/home/wheeltec/wheeltec_ros2/install/auto_recharge_ros2:/opt/ros/humble LD_LIBRARY_PATH=/home/wheeltec/agribot/agribot_ws/install/yesense_interface/lib:/usr/lib/aarch64-linux-gnu:/usr/lib/aarch64-linux-gnu:/home/wheeltec/agribot/agribot_ws/install/serial/lib:/home/wheeltec/ws_livox/install/livox_sdk2/lib:/home/wheeltec/ws_livox/install/livox_ros_driver2/lib:/home/wheeltec/wheeltec_ros2/install/yesense_interface/lib:/home/wheeltec/wheeltec_ros2/install/wheeltec_rrt_msg/lib:/home/wheeltec/wheeltec_ros2/install/wheeltec_robot_rrt/lib:/home/wheeltec/wheeltec_ros2/install/turn_on_wheeltec_robot/lib:/home/wheeltec/wheeltec_ros2/install/wheeltec_robot_msg/lib:/home/wheeltec/wheeltec_ros2/install/wheeltec_mic_msg/lib:/home/wheeltec/wheeltec_ros2/install/usb_cam/lib:/home/wheeltec/wheeltec_ros2/install/ublox_gps/lib:/home/wheeltec/wheeltec_ros2/install/ublox_msgs/lib:/home/wheeltec/wheeltec_ros2/install/serial/lib:/home/wheeltec/wheeltec_ros2/install/orb_slam2_ros/lib:/home/wheeltec/wheeltec_ros2/install/openslam_gmapping/lib:/home/wheeltec/wheeltec_ros2/install/ollama_ros_msgs/lib:/home/wheeltec/wheeltec_ros2/install/nmea_msgs/lib:/home/wheeltec/wheeltec_ros2/install/nav2_smoother/lib:/home/wheeltec/wheeltec_ros2/install/nav2_controller/lib:/home/wheeltec/wheeltec_ros2/install/dwb_plugins/lib:/home/wheeltec/wheeltec_ros2/install/dwb_critics/lib:/home/wheeltec/wheeltec_ros2/install/dwb_core/lib:/home/wheeltec/wheeltec_ros2/install/nav_2d_utils/lib:/home/wheeltec/wheeltec_ros2/install/dwb_msgs/lib:/home/wheeltec/wheeltec_ros2/install/nav_2d_msgs/lib:/home/wheeltec/wheeltec_ros2/install/nav2_waypoint_follower/lib:/home/wheeltec/wheeltec_ros2/install/nav2_theta_star_planner/lib:/home/wheeltec/wheeltec_ros2/install/nav2_smac_planner/lib:/home/wheeltec/wheeltec_ros2/install/nav2_rotation_shim_controller/lib:/home/wheeltec/wheeltec_ros2/install/nav2_regulated_pure_pursuit_controller/lib:/home/wheeltec/wheeltec_ros2/install/nav2_planner/lib:/home/wheeltec/wheeltec_ros2/install/nav2_navfn_planner/lib:/home/wheeltec/wheeltec_ros2/install/nav2_constrained_smoother/lib:/home/wheeltec/wheeltec_ros2/install/nav2_bt_navigator/lib:/home/wheeltec/wheeltec_ros2/install/nav2_behaviors/lib:/home/wheeltec/wheeltec_ros2/install/nav2_collision_monitor/lib:/home/wheeltec/wheeltec_ros2/install/costmap_queue/lib:/home/wheeltec/wheeltec_ros2/install/nav2_costmap_2d/lib:/home/wheeltec/wheeltec_ros2/install/nav2_voxel_grid/lib:/home/wheeltec/wheeltec_ros2/install/nav2_velocity_smoother/lib:/home/wheeltec/wheeltec_ros2/install/nav2_rviz_plugins/lib:/home/wheeltec/wheeltec_ros2/install/nav2_map_server/lib:/home/wheeltec/wheeltec_ros2/install/nav2_lifecycle_manager/lib:/home/wheeltec/wheeltec_ros2/install/nav2_behavior_tree/lib:/home/wheeltec/wheeltec_ros2/install/nav2_amcl/lib:/home/wheeltec/wheeltec_ros2/install/nav2_util/lib:/home/wheeltec/wheeltec_ros2/install/nav2_msgs/lib:/home/wheeltec/wheeltec_ros2/install/lslidar_msgs/lib:/home/wheeltec/wheeltec_ros2/install/bodyreader_msg/lib:/home/wheeltec/wheeltec_ros2/install/astra_camera/lib:/home/wheeltec/wheeltec_ros2/install/astra_camera_msgs/lib:/home/wheeltec/wheeltec_ros2/install/aruco_ros/lib:/home/wheeltec/wheeltec_ros2/install/aruco_msgs/lib:/home/wheeltec/wheeltec_ros2/install/aruco/lib:/home/wheeltec/wheeltec_ros2/install/ackermann_msgs/lib:/opt/ros/humble/opt/rviz_ogre_vendor/lib:/opt/ros/humble/lib/aarch64-linux-gnu:/opt/ros/humble/lib /usr/bin/cmake --install /home/wheeltec/agribot/agribot_ws/build/yesense_std_ros2
[6.601s] Level 1:colcon.colcon_core.shell:create_environment_hook('yesense_std_ros2', 'cmake_prefix_path')
[6.603s] INFO:colcon.colcon_core.shell:Creating environment hook '/home/wheeltec/agribot/agribot_ws/install/yesense_std_ros2/share/yesense_std_ros2/hook/cmake_prefix_path.ps1'
[6.608s] INFO:colcon.colcon_core.shell:Creating environment descriptor '/home/wheeltec/agribot/agribot_ws/install/yesense_std_ros2/share/yesense_std_ros2/hook/cmake_prefix_path.dsv'
[6.610s] INFO:colcon.colcon_core.shell:Creating environment hook '/home/wheeltec/agribot/agribot_ws/install/yesense_std_ros2/share/yesense_std_ros2/hook/cmake_prefix_path.sh'
[6.616s] Level 1:colcon.colcon_core.environment:checking '/home/wheeltec/agribot/agribot_ws/install/yesense_std_ros2/lib'
[6.616s] Level 1:colcon.colcon_core.environment:checking '/home/wheeltec/agribot/agribot_ws/install/yesense_std_ros2/bin'
[6.616s] Level 1:colcon.colcon_core.environment:checking '/home/wheeltec/agribot/agribot_ws/install/yesense_std_ros2/lib/pkgconfig/yesense_std_ros2.pc'
[6.617s] Level 1:colcon.colcon_core.environment:checking '/home/wheeltec/agribot/agribot_ws/install/yesense_std_ros2/lib/python3.10/site-packages'
[6.620s] Level 1:colcon.colcon_core.environment:checking '/home/wheeltec/agribot/agribot_ws/install/yesense_std_ros2/bin'
[6.623s] INFO:colcon.colcon_core.shell:Creating package script '/home/wheeltec/agribot/agribot_ws/install/yesense_std_ros2/share/yesense_std_ros2/package.ps1'
[6.627s] INFO:colcon.colcon_core.shell:Creating package descriptor '/home/wheeltec/agribot/agribot_ws/install/yesense_std_ros2/share/yesense_std_ros2/package.dsv'
[6.634s] INFO:colcon.colcon_core.shell:Creating package script '/home/wheeltec/agribot/agribot_ws/install/yesense_std_ros2/share/yesense_std_ros2/package.sh'
[6.638s] INFO:colcon.colcon_core.shell:Creating package script '/home/wheeltec/agribot/agribot_ws/install/yesense_std_ros2/share/yesense_std_ros2/package.bash'
[6.641s] INFO:colcon.colcon_core.shell:Creating package script '/home/wheeltec/agribot/agribot_ws/install/yesense_std_ros2/share/yesense_std_ros2/package.zsh'
[6.648s] Level 1:colcon.colcon_core.environment:create_file_with_runtime_dependencies(/home/wheeltec/agribot/agribot_ws/install/yesense_std_ros2/share/colcon-core/packages/yesense_std_ros2)
[6.656s] Level 1:colcon.colcon_core.environment:create_environment_scripts_only(yesense_std_ros2)
[6.658s] Level 1:colcon.colcon_core.environment:checking '/home/wheeltec/agribot/agribot_ws/install/yesense_std_ros2' for CMake module files
[6.660s] Level 1:colcon.colcon_core.environment:checking '/home/wheeltec/agribot/agribot_ws/install/yesense_std_ros2' for CMake config files
[6.664s] Level 1:colcon.colcon_core.shell:create_environment_hook('yesense_std_ros2', 'cmake_prefix_path')
[6.666s] INFO:colcon.colcon_core.shell:Creating environment hook '/home/wheeltec/agribot/agribot_ws/install/yesense_std_ros2/share/yesense_std_ros2/hook/cmake_prefix_path.ps1'
[6.672s] INFO:colcon.colcon_core.shell:Creating environment descriptor '/home/wheeltec/agribot/agribot_ws/install/yesense_std_ros2/share/yesense_std_ros2/hook/cmake_prefix_path.dsv'
[6.676s] INFO:colcon.colcon_core.shell:Creating environment hook '/home/wheeltec/agribot/agribot_ws/install/yesense_std_ros2/share/yesense_std_ros2/hook/cmake_prefix_path.sh'
[6.682s] Level 1:colcon.colcon_core.environment:checking '/home/wheeltec/agribot/agribot_ws/install/yesense_std_ros2/lib'
[6.684s] Level 1:colcon.colcon_core.environment:checking '/home/wheeltec/agribot/agribot_ws/install/yesense_std_ros2/bin'
[6.686s] Level 1:colcon.colcon_core.environment:checking '/home/wheeltec/agribot/agribot_ws/install/yesense_std_ros2/lib/pkgconfig/yesense_std_ros2.pc'
[6.687s] Level 1:colcon.colcon_core.environment:checking '/home/wheeltec/agribot/agribot_ws/install/yesense_std_ros2/lib/python3.10/site-packages'
[6.688s] Level 1:colcon.colcon_core.environment:checking '/home/wheeltec/agribot/agribot_ws/install/yesense_std_ros2/bin'
[6.693s] INFO:colcon.colcon_core.shell:Creating package script '/home/wheeltec/agribot/agribot_ws/install/yesense_std_ros2/share/yesense_std_ros2/package.ps1'
[6.700s] INFO:colcon.colcon_core.shell:Creating package descriptor '/home/wheeltec/agribot/agribot_ws/install/yesense_std_ros2/share/yesense_std_ros2/package.dsv'
[6.706s] INFO:colcon.colcon_core.shell:Creating package script '/home/wheeltec/agribot/agribot_ws/install/yesense_std_ros2/share/yesense_std_ros2/package.sh'
[6.710s] INFO:colcon.colcon_core.shell:Creating package script '/home/wheeltec/agribot/agribot_ws/install/yesense_std_ros2/share/yesense_std_ros2/package.bash'
[6.717s] INFO:colcon.colcon_core.shell:Creating package script '/home/wheeltec/agribot/agribot_ws/install/yesense_std_ros2/share/yesense_std_ros2/package.zsh'
[6.724s] Level 1:colcon.colcon_core.environment:create_file_with_runtime_dependencies(/home/wheeltec/agribot/agribot_ws/install/yesense_std_ros2/share/colcon-core/packages/yesense_std_ros2)
[8.576s] DEBUG:colcon.colcon_core.event_handler.log_command:Invoked command in '/home/wheeltec/agribot/agribot_ws/build/centerline_extraction' returned '0': CMAKE_PREFIX_PATH=${CMAKE_PREFIX_PATH}:/home/wheeltec/wheeltec_ros2/install/simple_follower_ros2:/home/wheeltec/wheeltec_ros2/install/wheeltec_robot_keyboard:/home/wheeltec/wheeltec_ros2/install/wheeltec_dual_rtk_driver:/home/wheeltec/wheeltec_ros2/install/ultralytics_ros2:/home/wheeltec/wheeltec_ros2/install/tf2_tools:/home/wheeltec/wheeltec_ros2/install/ollama_ros_chat:/home/wheeltec/wheeltec_ros2/install/nmea_navsat_driver:/home/wheeltec/wheeltec_ros2/install/nav2_waypoint_cycle:/home/wheeltec/wheeltec_ros2/install/nav2_simple_commander:/home/wheeltec/wheeltec_ros2/install/auto_recharge_ros2:/opt/ros/humble /usr/bin/cmake /home/wheeltec/agribot/agribot_ws/src/centerline_extraction -DCMAKE_INSTALL_PREFIX=/home/wheeltec/agribot/agribot_ws/install/centerline_extraction
[8.577s] DEBUG:colcon.colcon_core.event_handler.log_command:Invoking command in '/home/wheeltec/agribot/agribot_ws/build/centerline_extraction': CMAKE_PREFIX_PATH=${CMAKE_PREFIX_PATH}:/home/wheeltec/wheeltec_ros2/install/simple_follower_ros2:/home/wheeltec/wheeltec_ros2/install/wheeltec_robot_keyboard:/home/wheeltec/wheeltec_ros2/install/wheeltec_dual_rtk_driver:/home/wheeltec/wheeltec_ros2/install/ultralytics_ros2:/home/wheeltec/wheeltec_ros2/install/tf2_tools:/home/wheeltec/wheeltec_ros2/install/ollama_ros_chat:/home/wheeltec/wheeltec_ros2/install/nmea_navsat_driver:/home/wheeltec/wheeltec_ros2/install/nav2_waypoint_cycle:/home/wheeltec/wheeltec_ros2/install/nav2_simple_commander:/home/wheeltec/wheeltec_ros2/install/auto_recharge_ros2:/opt/ros/humble /usr/bin/cmake --build /home/wheeltec/agribot/agribot_ws/build/centerline_extraction -- -j8 -l8
[9.234s] DEBUG:colcon.colcon_core.event_handler.log_command:Invoked command in '/home/wheeltec/agribot/agribot_ws/build/centerline_extraction' returned '0': CMAKE_PREFIX_PATH=${CMAKE_PREFIX_PATH}:/home/wheeltec/wheeltec_ros2/install/simple_follower_ros2:/home/wheeltec/wheeltec_ros2/install/wheeltec_robot_keyboard:/home/wheeltec/wheeltec_ros2/install/wheeltec_dual_rtk_driver:/home/wheeltec/wheeltec_ros2/install/ultralytics_ros2:/home/wheeltec/wheeltec_ros2/install/tf2_tools:/home/wheeltec/wheeltec_ros2/install/ollama_ros_chat:/home/wheeltec/wheeltec_ros2/install/nmea_navsat_driver:/home/wheeltec/wheeltec_ros2/install/nav2_waypoint_cycle:/home/wheeltec/wheeltec_ros2/install/nav2_simple_commander:/home/wheeltec/wheeltec_ros2/install/auto_recharge_ros2:/opt/ros/humble /usr/bin/cmake --build /home/wheeltec/agribot/agribot_ws/build/centerline_extraction -- -j8 -l8
[9.235s] DEBUG:colcon.colcon_core.event_handler.log_command:Invoking command in '/home/wheeltec/agribot/agribot_ws/build/centerline_extraction': CMAKE_PREFIX_PATH=${CMAKE_PREFIX_PATH}:/home/wheeltec/wheeltec_ros2/install/simple_follower_ros2:/home/wheeltec/wheeltec_ros2/install/wheeltec_robot_keyboard:/home/wheeltec/wheeltec_ros2/install/wheeltec_dual_rtk_driver:/home/wheeltec/wheeltec_ros2/install/ultralytics_ros2:/home/wheeltec/wheeltec_ros2/install/tf2_tools:/home/wheeltec/wheeltec_ros2/install/ollama_ros_chat:/home/wheeltec/wheeltec_ros2/install/nmea_navsat_driver:/home/wheeltec/wheeltec_ros2/install/nav2_waypoint_cycle:/home/wheeltec/wheeltec_ros2/install/nav2_simple_commander:/home/wheeltec/wheeltec_ros2/install/auto_recharge_ros2:/opt/ros/humble /usr/bin/cmake --install /home/wheeltec/agribot/agribot_ws/build/centerline_extraction
[9.405s] Level 1:colcon.colcon_core.environment:create_environment_scripts_only(centerline_extraction)
[9.406s] Level 1:colcon.colcon_core.environment:checking '/home/wheeltec/agribot/agribot_ws/install/centerline_extraction' for CMake module files
[9.407s] Level 1:colcon.colcon_core.environment:checking '/home/wheeltec/agribot/agribot_ws/install/centerline_extraction' for CMake config files
[9.408s] Level 1:colcon.colcon_core.shell:create_environment_hook('centerline_extraction', 'cmake_prefix_path')
[9.409s] INFO:colcon.colcon_core.shell:Creating environment hook '/home/wheeltec/agribot/agribot_ws/install/centerline_extraction/share/centerline_extraction/hook/cmake_prefix_path.ps1'
[9.411s] INFO:colcon.colcon_core.shell:Creating environment descriptor '/home/wheeltec/agribot/agribot_ws/install/centerline_extraction/share/centerline_extraction/hook/cmake_prefix_path.dsv'
[9.413s] DEBUG:colcon.colcon_core.event_handler.log_command:Invoked command in '/home/wheeltec/agribot/agribot_ws/build/centerline_extraction' returned '0': CMAKE_PREFIX_PATH=${CMAKE_PREFIX_PATH}:/home/wheeltec/wheeltec_ros2/install/simple_follower_ros2:/home/wheeltec/wheeltec_ros2/install/wheeltec_robot_keyboard:/home/wheeltec/wheeltec_ros2/install/wheeltec_dual_rtk_driver:/home/wheeltec/wheeltec_ros2/install/ultralytics_ros2:/home/wheeltec/wheeltec_ros2/install/tf2_tools:/home/wheeltec/wheeltec_ros2/install/ollama_ros_chat:/home/wheeltec/wheeltec_ros2/install/nmea_navsat_driver:/home/wheeltec/wheeltec_ros2/install/nav2_waypoint_cycle:/home/wheeltec/wheeltec_ros2/install/nav2_simple_commander:/home/wheeltec/wheeltec_ros2/install/auto_recharge_ros2:/opt/ros/humble /usr/bin/cmake --install /home/wheeltec/agribot/agribot_ws/build/centerline_extraction
[9.416s] INFO:colcon.colcon_core.shell:Creating environment hook '/home/wheeltec/agribot/agribot_ws/install/centerline_extraction/share/centerline_extraction/hook/cmake_prefix_path.sh'
[9.419s] Level 1:colcon.colcon_core.environment:checking '/home/wheeltec/agribot/agribot_ws/install/centerline_extraction/lib'
[9.420s] Level 1:colcon.colcon_core.environment:checking '/home/wheeltec/agribot/agribot_ws/install/centerline_extraction/bin'
[9.420s] Level 1:colcon.colcon_core.environment:checking '/home/wheeltec/agribot/agribot_ws/install/centerline_extraction/lib/pkgconfig/centerline_extraction.pc'
[9.421s] Level 1:colcon.colcon_core.environment:checking '/home/wheeltec/agribot/agribot_ws/install/centerline_extraction/lib/python3.10/site-packages'
[9.424s] Level 1:colcon.colcon_core.environment:checking '/home/wheeltec/agribot/agribot_ws/install/centerline_extraction/bin'
[9.429s] INFO:colcon.colcon_core.shell:Creating package script '/home/wheeltec/agribot/agribot_ws/install/centerline_extraction/share/centerline_extraction/package.ps1'
[9.443s] INFO:colcon.colcon_core.shell:Creating package descriptor '/home/wheeltec/agribot/agribot_ws/install/centerline_extraction/share/centerline_extraction/package.dsv'
[9.455s] INFO:colcon.colcon_core.shell:Creating package script '/home/wheeltec/agribot/agribot_ws/install/centerline_extraction/share/centerline_extraction/package.sh'
[9.460s] INFO:colcon.colcon_core.shell:Creating package script '/home/wheeltec/agribot/agribot_ws/install/centerline_extraction/share/centerline_extraction/package.bash'
[9.463s] INFO:colcon.colcon_core.shell:Creating package script '/home/wheeltec/agribot/agribot_ws/install/centerline_extraction/share/centerline_extraction/package.zsh'
[9.466s] Level 1:colcon.colcon_core.environment:create_file_with_runtime_dependencies(/home/wheeltec/agribot/agribot_ws/install/centerline_extraction/share/colcon-core/packages/centerline_extraction)
[9.470s] Level 1:colcon.colcon_core.environment:create_environment_scripts_only(centerline_extraction)
[9.473s] Level 1:colcon.colcon_core.environment:checking '/home/wheeltec/agribot/agribot_ws/install/centerline_extraction' for CMake module files
[9.475s] Level 1:colcon.colcon_core.environment:checking '/home/wheeltec/agribot/agribot_ws/install/centerline_extraction' for CMake config files
[9.476s] Level 1:colcon.colcon_core.shell:create_environment_hook('centerline_extraction', 'cmake_prefix_path')
[9.479s] INFO:colcon.colcon_core.shell:Creating environment hook '/home/wheeltec/agribot/agribot_ws/install/centerline_extraction/share/centerline_extraction/hook/cmake_prefix_path.ps1'
[9.482s] INFO:colcon.colcon_core.shell:Creating environment descriptor '/home/wheeltec/agribot/agribot_ws/install/centerline_extraction/share/centerline_extraction/hook/cmake_prefix_path.dsv'
[9.485s] INFO:colcon.colcon_core.shell:Creating environment hook '/home/wheeltec/agribot/agribot_ws/install/centerline_extraction/share/centerline_extraction/hook/cmake_prefix_path.sh'
[9.488s] Level 1:colcon.colcon_core.environment:checking '/home/wheeltec/agribot/agribot_ws/install/centerline_extraction/lib'
[9.489s] Level 1:colcon.colcon_core.environment:checking '/home/wheeltec/agribot/agribot_ws/install/centerline_extraction/bin'
[9.489s] Level 1:colcon.colcon_core.environment:checking '/home/wheeltec/agribot/agribot_ws/install/centerline_extraction/lib/pkgconfig/centerline_extraction.pc'
[9.491s] Level 1:colcon.colcon_core.environment:checking '/home/wheeltec/agribot/agribot_ws/install/centerline_extraction/lib/python3.10/site-packages'
[9.493s] Level 1:colcon.colcon_core.environment:checking '/home/wheeltec/agribot/agribot_ws/install/centerline_extraction/bin'
[9.495s] INFO:colcon.colcon_core.shell:Creating package script '/home/wheeltec/agribot/agribot_ws/install/centerline_extraction/share/centerline_extraction/package.ps1'
[9.499s] INFO:colcon.colcon_core.shell:Creating package descriptor '/home/wheeltec/agribot/agribot_ws/install/centerline_extraction/share/centerline_extraction/package.dsv'
[9.503s] INFO:colcon.colcon_core.shell:Creating package script '/home/wheeltec/agribot/agribot_ws/install/centerline_extraction/share/centerline_extraction/package.sh'
[9.506s] INFO:colcon.colcon_core.shell:Creating package script '/home/wheeltec/agribot/agribot_ws/install/centerline_extraction/share/centerline_extraction/package.bash'
[9.510s] INFO:colcon.colcon_core.shell:Creating package script '/home/wheeltec/agribot/agribot_ws/install/centerline_extraction/share/centerline_extraction/package.zsh'
[9.513s] Level 1:colcon.colcon_core.environment:create_file_with_runtime_dependencies(/home/wheeltec/agribot/agribot_ws/install/centerline_extraction/share/colcon-core/packages/centerline_extraction)
[12.304s] DEBUG:colcon.colcon_core.event_handler.log_command:Invoked command in '/home/wheeltec/agribot/agribot_ws/build/fast_lio' returned '0': CMAKE_PREFIX_PATH=${CMAKE_PREFIX_PATH}:/home/wheeltec/wheeltec_ros2/install/simple_follower_ros2:/home/wheeltec/wheeltec_ros2/install/wheeltec_robot_keyboard:/home/wheeltec/wheeltec_ros2/install/wheeltec_dual_rtk_driver:/home/wheeltec/wheeltec_ros2/install/ultralytics_ros2:/home/wheeltec/wheeltec_ros2/install/tf2_tools:/home/wheeltec/wheeltec_ros2/install/ollama_ros_chat:/home/wheeltec/wheeltec_ros2/install/nmea_navsat_driver:/home/wheeltec/wheeltec_ros2/install/nav2_waypoint_cycle:/home/wheeltec/wheeltec_ros2/install/nav2_simple_commander:/home/wheeltec/wheeltec_ros2/install/auto_recharge_ros2:/opt/ros/humble /usr/bin/cmake /home/wheeltec/agribot/agribot_ws/src/FAST_LIO -DCMAKE_INSTALL_PREFIX=/home/wheeltec/agribot/agribot_ws/install/fast_lio
[12.305s] DEBUG:colcon.colcon_core.event_handler.log_command:Invoking command in '/home/wheeltec/agribot/agribot_ws/build/fast_lio': CMAKE_PREFIX_PATH=${CMAKE_PREFIX_PATH}:/home/wheeltec/wheeltec_ros2/install/simple_follower_ros2:/home/wheeltec/wheeltec_ros2/install/wheeltec_robot_keyboard:/home/wheeltec/wheeltec_ros2/install/wheeltec_dual_rtk_driver:/home/wheeltec/wheeltec_ros2/install/ultralytics_ros2:/home/wheeltec/wheeltec_ros2/install/tf2_tools:/home/wheeltec/wheeltec_ros2/install/ollama_ros_chat:/home/wheeltec/wheeltec_ros2/install/nmea_navsat_driver:/home/wheeltec/wheeltec_ros2/install/nav2_waypoint_cycle:/home/wheeltec/wheeltec_ros2/install/nav2_simple_commander:/home/wheeltec/wheeltec_ros2/install/auto_recharge_ros2:/opt/ros/humble /usr/bin/cmake --build /home/wheeltec/agribot/agribot_ws/build/fast_lio -- -j8 -l8
[14.967s] DEBUG:colcon.colcon_core.event_handler.log_command:Invoked command in '/home/wheeltec/agribot/agribot_ws/build/fast_lio' returned '0': CMAKE_PREFIX_PATH=${CMAKE_PREFIX_PATH}:/home/wheeltec/wheeltec_ros2/install/simple_follower_ros2:/home/wheeltec/wheeltec_ros2/install/wheeltec_robot_keyboard:/home/wheeltec/wheeltec_ros2/install/wheeltec_dual_rtk_driver:/home/wheeltec/wheeltec_ros2/install/ultralytics_ros2:/home/wheeltec/wheeltec_ros2/install/tf2_tools:/home/wheeltec/wheeltec_ros2/install/ollama_ros_chat:/home/wheeltec/wheeltec_ros2/install/nmea_navsat_driver:/home/wheeltec/wheeltec_ros2/install/nav2_waypoint_cycle:/home/wheeltec/wheeltec_ros2/install/nav2_simple_commander:/home/wheeltec/wheeltec_ros2/install/auto_recharge_ros2:/opt/ros/humble /usr/bin/cmake --build /home/wheeltec/agribot/agribot_ws/build/fast_lio -- -j8 -l8
[14.972s] DEBUG:colcon.colcon_core.event_handler.log_command:Invoking command in '/home/wheeltec/agribot/agribot_ws/build/fast_lio': CMAKE_PREFIX_PATH=${CMAKE_PREFIX_PATH}:/home/wheeltec/wheeltec_ros2/install/simple_follower_ros2:/home/wheeltec/wheeltec_ros2/install/wheeltec_robot_keyboard:/home/wheeltec/wheeltec_ros2/install/wheeltec_dual_rtk_driver:/home/wheeltec/wheeltec_ros2/install/ultralytics_ros2:/home/wheeltec/wheeltec_ros2/install/tf2_tools:/home/wheeltec/wheeltec_ros2/install/ollama_ros_chat:/home/wheeltec/wheeltec_ros2/install/nmea_navsat_driver:/home/wheeltec/wheeltec_ros2/install/nav2_waypoint_cycle:/home/wheeltec/wheeltec_ros2/install/nav2_simple_commander:/home/wheeltec/wheeltec_ros2/install/auto_recharge_ros2:/opt/ros/humble /usr/bin/cmake --install /home/wheeltec/agribot/agribot_ws/build/fast_lio
[15.294s] Level 1:colcon.colcon_core.environment:create_environment_scripts_only(fast_lio)
[15.295s] DEBUG:colcon.colcon_core.event_handler.log_command:Invoked command in '/home/wheeltec/agribot/agribot_ws/build/fast_lio' returned '0': CMAKE_PREFIX_PATH=${CMAKE_PREFIX_PATH}:/home/wheeltec/wheeltec_ros2/install/simple_follower_ros2:/home/wheeltec/wheeltec_ros2/install/wheeltec_robot_keyboard:/home/wheeltec/wheeltec_ros2/install/wheeltec_dual_rtk_driver:/home/wheeltec/wheeltec_ros2/install/ultralytics_ros2:/home/wheeltec/wheeltec_ros2/install/tf2_tools:/home/wheeltec/wheeltec_ros2/install/ollama_ros_chat:/home/wheeltec/wheeltec_ros2/install/nmea_navsat_driver:/home/wheeltec/wheeltec_ros2/install/nav2_waypoint_cycle:/home/wheeltec/wheeltec_ros2/install/nav2_simple_commander:/home/wheeltec/wheeltec_ros2/install/auto_recharge_ros2:/opt/ros/humble /usr/bin/cmake --install /home/wheeltec/agribot/agribot_ws/build/fast_lio
[15.296s] Level 1:colcon.colcon_core.environment:checking '/home/wheeltec/agribot/agribot_ws/install/fast_lio' for CMake module files
[15.298s] Level 1:colcon.colcon_core.environment:checking '/home/wheeltec/agribot/agribot_ws/install/fast_lio' for CMake config files
[15.300s] Level 1:colcon.colcon_core.shell:create_environment_hook('fast_lio', 'cmake_prefix_path')
[15.300s] INFO:colcon.colcon_core.shell:Creating environment hook '/home/wheeltec/agribot/agribot_ws/install/fast_lio/share/fast_lio/hook/cmake_prefix_path.ps1'
[15.303s] INFO:colcon.colcon_core.shell:Creating environment descriptor '/home/wheeltec/agribot/agribot_ws/install/fast_lio/share/fast_lio/hook/cmake_prefix_path.dsv'
[15.304s] INFO:colcon.colcon_core.shell:Creating environment hook '/home/wheeltec/agribot/agribot_ws/install/fast_lio/share/fast_lio/hook/cmake_prefix_path.sh'
[15.306s] Level 1:colcon.colcon_core.environment:checking '/home/wheeltec/agribot/agribot_ws/install/fast_lio/lib'
[15.306s] Level 1:colcon.colcon_core.shell:create_environment_hook('fast_lio', 'ld_library_path_lib')
[15.307s] INFO:colcon.colcon_core.shell:Creating environment hook '/home/wheeltec/agribot/agribot_ws/install/fast_lio/share/fast_lio/hook/ld_library_path_lib.ps1'
[15.309s] INFO:colcon.colcon_core.shell:Creating environment descriptor '/home/wheeltec/agribot/agribot_ws/install/fast_lio/share/fast_lio/hook/ld_library_path_lib.dsv'
[15.309s] INFO:colcon.colcon_core.shell:Creating environment hook '/home/wheeltec/agribot/agribot_ws/install/fast_lio/share/fast_lio/hook/ld_library_path_lib.sh'
[15.311s] Level 1:colcon.colcon_core.environment:checking '/home/wheeltec/agribot/agribot_ws/install/fast_lio/bin'
[15.311s] Level 1:colcon.colcon_core.environment:checking '/home/wheeltec/agribot/agribot_ws/install/fast_lio/lib/pkgconfig/fast_lio.pc'
[15.312s] Level 1:colcon.colcon_core.environment:checking '/home/wheeltec/agribot/agribot_ws/install/fast_lio/lib/python3.10/site-packages'
[15.313s] Level 1:colcon.colcon_core.environment:checking '/home/wheeltec/agribot/agribot_ws/install/fast_lio/bin'
[15.314s] INFO:colcon.colcon_core.shell:Creating package script '/home/wheeltec/agribot/agribot_ws/install/fast_lio/share/fast_lio/package.ps1'
[15.315s] INFO:colcon.colcon_core.shell:Creating package descriptor '/home/wheeltec/agribot/agribot_ws/install/fast_lio/share/fast_lio/package.dsv'
[15.317s] INFO:colcon.colcon_core.shell:Creating package script '/home/wheeltec/agribot/agribot_ws/install/fast_lio/share/fast_lio/package.sh'
[15.318s] INFO:colcon.colcon_core.shell:Creating package script '/home/wheeltec/agribot/agribot_ws/install/fast_lio/share/fast_lio/package.bash'
[15.319s] INFO:colcon.colcon_core.shell:Creating package script '/home/wheeltec/agribot/agribot_ws/install/fast_lio/share/fast_lio/package.zsh'
[15.320s] Level 1:colcon.colcon_core.environment:create_file_with_runtime_dependencies(/home/wheeltec/agribot/agribot_ws/install/fast_lio/share/colcon-core/packages/fast_lio)
[15.322s] Level 1:colcon.colcon_core.environment:create_environment_scripts_only(fast_lio)
[15.322s] Level 1:colcon.colcon_core.environment:checking '/home/wheeltec/agribot/agribot_ws/install/fast_lio' for CMake module files
[15.324s] Level 1:colcon.colcon_core.environment:checking '/home/wheeltec/agribot/agribot_ws/install/fast_lio' for CMake config files
[15.325s] Level 1:colcon.colcon_core.shell:create_environment_hook('fast_lio', 'cmake_prefix_path')
[15.326s] INFO:colcon.colcon_core.shell:Creating environment hook '/home/wheeltec/agribot/agribot_ws/install/fast_lio/share/fast_lio/hook/cmake_prefix_path.ps1'
[15.328s] INFO:colcon.colcon_core.shell:Creating environment descriptor '/home/wheeltec/agribot/agribot_ws/install/fast_lio/share/fast_lio/hook/cmake_prefix_path.dsv'
[15.329s] INFO:colcon.colcon_core.shell:Creating environment hook '/home/wheeltec/agribot/agribot_ws/install/fast_lio/share/fast_lio/hook/cmake_prefix_path.sh'
[15.331s] Level 1:colcon.colcon_core.environment:checking '/home/wheeltec/agribot/agribot_ws/install/fast_lio/lib'
[15.331s] Level 1:colcon.colcon_core.shell:create_environment_hook('fast_lio', 'ld_library_path_lib')
[15.332s] INFO:colcon.colcon_core.shell:Creating environment hook '/home/wheeltec/agribot/agribot_ws/install/fast_lio/share/fast_lio/hook/ld_library_path_lib.ps1'
[15.334s] INFO:colcon.colcon_core.shell:Creating environment descriptor '/home/wheeltec/agribot/agribot_ws/install/fast_lio/share/fast_lio/hook/ld_library_path_lib.dsv'
[15.335s] INFO:colcon.colcon_core.shell:Creating environment hook '/home/wheeltec/agribot/agribot_ws/install/fast_lio/share/fast_lio/hook/ld_library_path_lib.sh'
[15.337s] Level 1:colcon.colcon_core.environment:checking '/home/wheeltec/agribot/agribot_ws/install/fast_lio/bin'
[15.337s] Level 1:colcon.colcon_core.environment:checking '/home/wheeltec/agribot/agribot_ws/install/fast_lio/lib/pkgconfig/fast_lio.pc'
[15.338s] Level 1:colcon.colcon_core.environment:checking '/home/wheeltec/agribot/agribot_ws/install/fast_lio/lib/python3.10/site-packages'
[15.339s] Level 1:colcon.colcon_core.environment:checking '/home/wheeltec/agribot/agribot_ws/install/fast_lio/bin'
[15.340s] INFO:colcon.colcon_core.shell:Creating package script '/home/wheeltec/agribot/agribot_ws/install/fast_lio/share/fast_lio/package.ps1'
[15.342s] INFO:colcon.colcon_core.shell:Creating package descriptor '/home/wheeltec/agribot/agribot_ws/install/fast_lio/share/fast_lio/package.dsv'
[15.344s] INFO:colcon.colcon_core.shell:Creating package script '/home/wheeltec/agribot/agribot_ws/install/fast_lio/share/fast_lio/package.sh'
[15.345s] INFO:colcon.colcon_core.shell:Creating package script '/home/wheeltec/agribot/agribot_ws/install/fast_lio/share/fast_lio/package.bash'
[15.346s] INFO:colcon.colcon_core.shell:Creating package script '/home/wheeltec/agribot/agribot_ws/install/fast_lio/share/fast_lio/package.zsh'
[15.346s] Level 1:colcon.colcon_core.environment:create_file_with_runtime_dependencies(/home/wheeltec/agribot/agribot_ws/install/fast_lio/share/colcon-core/packages/fast_lio)
[15.347s] INFO:colcon.colcon_ros.task.ament_cmake.build:Building ROS package in '/home/wheeltec/agribot/agribot_ws/src/turn_on_32chassis' with build type 'ament_cmake'
[15.348s] INFO:colcon.colcon_cmake.task.cmake.build:Building CMake package in '/home/wheeltec/agribot/agribot_ws/src/turn_on_32chassis'
[15.348s] INFO:colcon.colcon_core.shell:Skip shell extension 'powershell' for command environment: Not usable outside of PowerShell
[15.349s] DEBUG:colcon.colcon_core.shell:Skip shell extension 'dsv' for command environment
[15.425s] DEBUG:colcon.colcon_core.event_handler.log_command:Invoking command in '/home/wheeltec/agribot/agribot_ws/build/turn_on_32chassis': AMENT_PREFIX_PATH=/home/wheeltec/agribot/agribot_ws/install/fast_lio:${AMENT_PREFIX_PATH} CMAKE_PREFIX_PATH=/home/wheeltec/agribot/agribot_ws/install/yesense_std_ros2:/home/wheeltec/agribot/agribot_ws/install/yesense_interface:/home/wheeltec/agribot/agribot_ws/install/serial:/home/wheeltec/agribot/agribot_ws/install/fast_lio:/home/wheeltec/agribot/agribot_ws/install/turn_on_agribot:/home/wheeltec/agribot/agribot_ws/install/turn_on_32chassis:/home/wheeltec/agribot/agribot_ws/install/centerline_extraction:/home/wheeltec/ws_livox/install/livox_ros_driver2:/home/wheeltec/wheeltec_ros2/install/yesense_std_ros2:/home/wheeltec/wheeltec_ros2/install/yesense_interface:/home/wheeltec/wheeltec_ros2/install/wheeltec_slam_toolbox:/home/wheeltec/wheeltec_ros2/install/wheeltec_rviz2:/home/wheeltec/wheeltec_ros2/install/wheeltec_rrt_msg:/home/wheeltec/wheeltec_ros2/install/wheeltec_robot_urdf:/home/wheeltec/wheeltec_ros2/install/wheeltec_robot_rtab:/home/wheeltec/wheeltec_ros2/install/wheeltec_robot_rrt:/home/wheeltec/wheeltec_ros2/install/turn_on_wheeltec_robot:/home/wheeltec/wheeltec_ros2/install/wheeltec_robot_msg:/home/wheeltec/wheeltec_ros2/install/wheeltec_robot_kcf:/home/wheeltec/wheeltec_ros2/install/wheeltec_path_follow:/home/wheeltec/wheeltec_ros2/install/wheeltec_nav2:/home/wheeltec/wheeltec_ros2/install/wheeltec_multi:/home/wheeltec/wheeltec_ros2/install/wheeltec_mic_ros2:/home/wheeltec/wheeltec_ros2/install/wheeltec_mic_msg:/home/wheeltec/wheeltec_ros2/install/wheeltec_joy:/home/wheeltec/wheeltec_ros2/install/wheeltec_gps_driver:/home/wheeltec/wheeltec_ros2/install/wheeltec_cartographer:/home/wheeltec/wheeltec_ros2/install/wheeltec_aiui:/home/wheeltec/wheeltec_ros2/install/web_video_server:/home/wheeltec/wheeltec_ros2/install/usb_cam:/home/wheeltec/wheeltec_ros2/install/ublox:/home/wheeltec/wheeltec_ros2/install/ublox_gps:/home/wheeltec/wheeltec_ros2/install/ublox_msgs:/home/wheeltec/wheeltec_ros2/install/ublox_serialization:/home/wheeltec/wheeltec_ros2/install/tts:/home/wheeltec/wheeltec_ros2/install/slam_gmapping:/home/wheeltec/wheeltec_ros2/install/bodyreader:/home/wheeltec/wheeltec_ros2/install/serial:/home/wheeltec/wheeltec_ros2/install/rplidar_ros:/home/wheeltec/wheeltec_ros2/install/orb_slam2_ros:/home/wheeltec/wheeltec_ros2/install/openslam_gmapping:/home/wheeltec/wheeltec_ros2/install/ollama_ros_msgs:/home/wheeltec/wheeltec_ros2/install/nmea_msgs:/home/wheeltec/wheeltec_ros2/install/nav2_bringup:/home/wheeltec/wheeltec_ros2/install/navigation2:/home/wheeltec/wheeltec_ros2/install/nav2_smoother:/home/wheeltec/wheeltec_ros2/install/nav2_dwb_controller:/home/wheeltec/wheeltec_ros2/install/nav2_controller:/home/wheeltec/wheeltec_ros2/install/dwb_plugins:/home/wheeltec/wheeltec_ros2/install/dwb_critics:/home/wheeltec/wheeltec_ros2/install/dwb_core:/home/wheeltec/wheeltec_ros2/install/nav_2d_utils:/home/wheeltec/wheeltec_ros2/install/dwb_msgs:/home/wheeltec/wheeltec_ros2/install/nav_2d_msgs:/home/wheeltec/wheeltec_ros2/install/nav2_waypoint_follower:/home/wheeltec/wheeltec_ros2/install/nav2_theta_star_planner:/home/wheeltec/wheeltec_ros2/install/nav2_smac_planner:/home/wheeltec/wheeltec_ros2/install/nav2_rotation_shim_controller:/home/wheeltec/wheeltec_ros2/install/nav2_regulated_pure_pursuit_controller:/home/wheeltec/wheeltec_ros2/install/nav2_planner:/home/wheeltec/wheeltec_ros2/install/nav2_navfn_planner:/home/wheeltec/wheeltec_ros2/install/nav2_constrained_smoother:/home/wheeltec/wheeltec_ros2/install/nav2_bt_navigator:/home/wheeltec/wheeltec_ros2/install/nav2_behaviors:/home/wheeltec/wheeltec_ros2/install/nav2_core:/home/wheeltec/wheeltec_ros2/install/nav2_collision_monitor:/home/wheeltec/wheeltec_ros2/install/costmap_queue:/home/wheeltec/wheeltec_ros2/install/nav2_costmap_2d:/home/wheeltec/wheeltec_ros2/install/nav2_voxel_grid:/home/wheeltec/wheeltec_ros2/install/nav2_velocity_smoother:/home/wheeltec/wheeltec_ros2/install/nav2_rviz_plugins:/home/wheeltec/wheeltec_ros2/install/nav2_map_server:/home/wheeltec/wheeltec_ros2/install/nav2_lifecycle_manager:/home/wheeltec/wheeltec_ros2/install/nav2_behavior_tree:/home/wheeltec/wheeltec_ros2/install/nav2_amcl:/home/wheeltec/wheeltec_ros2/install/nav2_util:/home/wheeltec/wheeltec_ros2/install/nav2_msgs:/home/wheeltec/wheeltec_ros2/install/nav2_common:/home/wheeltec/wheeltec_ros2/install/lslidar_driver:/home/wheeltec/wheeltec_ros2/install/lslidar_msgs:/home/wheeltec/wheeltec_ros2/install/ldlidar_stl_ros2:/home/wheeltec/wheeltec_ros2/install/ldlidar_sl_ros2:/home/wheeltec/wheeltec_ros2/install/ldlidar:/home/wheeltec/wheeltec_ros2/install/bodyreader_msg:/home/wheeltec/wheeltec_ros2/install/astra_camera:/home/wheeltec/wheeltec_ros2/install/astra_camera_msgs:/home/wheeltec/wheeltec_ros2/install/aruco_ros:/home/wheeltec/wheeltec_ros2/install/aruco_msgs:/home/wheeltec/wheeltec_ros2/install/aruco:/home/wheeltec/wheeltec_ros2/install/ackermann_msgs:/home/wheeltec/wheeltec_ros2/install/simple_follower_ros2:/home/wheeltec/wheeltec_ros2/install/wheeltec_robot_keyboard:/home/wheeltec/wheeltec_ros2/install/wheeltec_dual_rtk_driver:/home/wheeltec/wheeltec_ros2/install/ultralytics_ros2:/home/wheeltec/wheeltec_ros2/install/tf2_tools:/home/wheeltec/wheeltec_ros2/install/ollama_ros_chat:/home/wheeltec/wheeltec_ros2/install/nmea_navsat_driver:/home/wheeltec/wheeltec_ros2/install/nav2_waypoint_cycle:/home/wheeltec/wheeltec_ros2/install/nav2_simple_commander:/home/wheeltec/wheeltec_ros2/install/auto_recharge_ros2:/opt/ros/humble LD_LIBRARY_PATH=/home/wheeltec/agribot/agribot_ws/install/yesense_interface/lib:/home/wheeltec/agribot/agribot_ws/install/fast_lio/lib:/usr/lib/aarch64-linux-gnu:/usr/lib/aarch64-linux-gnu:/home/wheeltec/agribot/agribot_ws/install/serial/lib:/home/wheeltec/ws_livox/install/livox_sdk2/lib:/home/wheeltec/ws_livox/install/livox_ros_driver2/lib:/home/wheeltec/wheeltec_ros2/install/yesense_interface/lib:/home/wheeltec/wheeltec_ros2/install/wheeltec_rrt_msg/lib:/home/wheeltec/wheeltec_ros2/install/wheeltec_robot_rrt/lib:/home/wheeltec/wheeltec_ros2/install/turn_on_wheeltec_robot/lib:/home/wheeltec/wheeltec_ros2/install/wheeltec_robot_msg/lib:/home/wheeltec/wheeltec_ros2/install/wheeltec_mic_msg/lib:/home/wheeltec/wheeltec_ros2/install/usb_cam/lib:/home/wheeltec/wheeltec_ros2/install/ublox_gps/lib:/home/wheeltec/wheeltec_ros2/install/ublox_msgs/lib:/home/wheeltec/wheeltec_ros2/install/serial/lib:/home/wheeltec/wheeltec_ros2/install/orb_slam2_ros/lib:/home/wheeltec/wheeltec_ros2/install/openslam_gmapping/lib:/home/wheeltec/wheeltec_ros2/install/ollama_ros_msgs/lib:/home/wheeltec/wheeltec_ros2/install/nmea_msgs/lib:/home/wheeltec/wheeltec_ros2/install/nav2_smoother/lib:/home/wheeltec/wheeltec_ros2/install/nav2_controller/lib:/home/wheeltec/wheeltec_ros2/install/dwb_plugins/lib:/home/wheeltec/wheeltec_ros2/install/dwb_critics/lib:/home/wheeltec/wheeltec_ros2/install/dwb_core/lib:/home/wheeltec/wheeltec_ros2/install/nav_2d_utils/lib:/home/wheeltec/wheeltec_ros2/install/dwb_msgs/lib:/home/wheeltec/wheeltec_ros2/install/nav_2d_msgs/lib:/home/wheeltec/wheeltec_ros2/install/nav2_waypoint_follower/lib:/home/wheeltec/wheeltec_ros2/install/nav2_theta_star_planner/lib:/home/wheeltec/wheeltec_ros2/install/nav2_smac_planner/lib:/home/wheeltec/wheeltec_ros2/install/nav2_rotation_shim_controller/lib:/home/wheeltec/wheeltec_ros2/install/nav2_regulated_pure_pursuit_controller/lib:/home/wheeltec/wheeltec_ros2/install/nav2_planner/lib:/home/wheeltec/wheeltec_ros2/install/nav2_navfn_planner/lib:/home/wheeltec/wheeltec_ros2/install/nav2_constrained_smoother/lib:/home/wheeltec/wheeltec_ros2/install/nav2_bt_navigator/lib:/home/wheeltec/wheeltec_ros2/install/nav2_behaviors/lib:/home/wheeltec/wheeltec_ros2/install/nav2_collision_monitor/lib:/home/wheeltec/wheeltec_ros2/install/costmap_queue/lib:/home/wheeltec/wheeltec_ros2/install/nav2_costmap_2d/lib:/home/wheeltec/wheeltec_ros2/install/nav2_voxel_grid/lib:/home/wheeltec/wheeltec_ros2/install/nav2_velocity_smoother/lib:/home/wheeltec/wheeltec_ros2/install/nav2_rviz_plugins/lib:/home/wheeltec/wheeltec_ros2/install/nav2_map_server/lib:/home/wheeltec/wheeltec_ros2/install/nav2_lifecycle_manager/lib:/home/wheeltec/wheeltec_ros2/install/nav2_behavior_tree/lib:/home/wheeltec/wheeltec_ros2/install/nav2_amcl/lib:/home/wheeltec/wheeltec_ros2/install/nav2_util/lib:/home/wheeltec/wheeltec_ros2/install/nav2_msgs/lib:/home/wheeltec/wheeltec_ros2/install/lslidar_msgs/lib:/home/wheeltec/wheeltec_ros2/install/bodyreader_msg/lib:/home/wheeltec/wheeltec_ros2/install/astra_camera/lib:/home/wheeltec/wheeltec_ros2/install/astra_camera_msgs/lib:/home/wheeltec/wheeltec_ros2/install/aruco_ros/lib:/home/wheeltec/wheeltec_ros2/install/aruco_msgs/lib:/home/wheeltec/wheeltec_ros2/install/aruco/lib:/home/wheeltec/wheeltec_ros2/install/ackermann_msgs/lib:/opt/ros/humble/opt/rviz_ogre_vendor/lib:/opt/ros/humble/lib/aarch64-linux-gnu:/opt/ros/humble/lib PYTHONPATH=/home/wheeltec/agribot/agribot_ws/install/fast_lio/local/lib/python3.10/dist-packages:${PYTHONPATH} /usr/bin/cmake /home/wheeltec/agribot/agribot_ws/src/turn_on_32chassis -DCMAKE_INSTALL_PREFIX=/home/wheeltec/agribot/agribot_ws/install/turn_on_32chassis
[17.529s] DEBUG:colcon.colcon_core.event_handler.log_command:Invoked command in '/home/wheeltec/agribot/agribot_ws/build/turn_on_32chassis' returned '0': AMENT_PREFIX_PATH=/home/wheeltec/agribot/agribot_ws/install/fast_lio:${AMENT_PREFIX_PATH} CMAKE_PREFIX_PATH=/home/wheeltec/agribot/agribot_ws/install/yesense_std_ros2:/home/wheeltec/agribot/agribot_ws/install/yesense_interface:/home/wheeltec/agribot/agribot_ws/install/serial:/home/wheeltec/agribot/agribot_ws/install/fast_lio:/home/wheeltec/agribot/agribot_ws/install/turn_on_agribot:/home/wheeltec/agribot/agribot_ws/install/turn_on_32chassis:/home/wheeltec/agribot/agribot_ws/install/centerline_extraction:/home/wheeltec/ws_livox/install/livox_ros_driver2:/home/wheeltec/wheeltec_ros2/install/yesense_std_ros2:/home/wheeltec/wheeltec_ros2/install/yesense_interface:/home/wheeltec/wheeltec_ros2/install/wheeltec_slam_toolbox:/home/wheeltec/wheeltec_ros2/install/wheeltec_rviz2:/home/wheeltec/wheeltec_ros2/install/wheeltec_rrt_msg:/home/wheeltec/wheeltec_ros2/install/wheeltec_robot_urdf:/home/wheeltec/wheeltec_ros2/install/wheeltec_robot_rtab:/home/wheeltec/wheeltec_ros2/install/wheeltec_robot_rrt:/home/wheeltec/wheeltec_ros2/install/turn_on_wheeltec_robot:/home/wheeltec/wheeltec_ros2/install/wheeltec_robot_msg:/home/wheeltec/wheeltec_ros2/install/wheeltec_robot_kcf:/home/wheeltec/wheeltec_ros2/install/wheeltec_path_follow:/home/wheeltec/wheeltec_ros2/install/wheeltec_nav2:/home/wheeltec/wheeltec_ros2/install/wheeltec_multi:/home/wheeltec/wheeltec_ros2/install/wheeltec_mic_ros2:/home/wheeltec/wheeltec_ros2/install/wheeltec_mic_msg:/home/wheeltec/wheeltec_ros2/install/wheeltec_joy:/home/wheeltec/wheeltec_ros2/install/wheeltec_gps_driver:/home/wheeltec/wheeltec_ros2/install/wheeltec_cartographer:/home/wheeltec/wheeltec_ros2/install/wheeltec_aiui:/home/wheeltec/wheeltec_ros2/install/web_video_server:/home/wheeltec/wheeltec_ros2/install/usb_cam:/home/wheeltec/wheeltec_ros2/install/ublox:/home/wheeltec/wheeltec_ros2/install/ublox_gps:/home/wheeltec/wheeltec_ros2/install/ublox_msgs:/home/wheeltec/wheeltec_ros2/install/ublox_serialization:/home/wheeltec/wheeltec_ros2/install/tts:/home/wheeltec/wheeltec_ros2/install/slam_gmapping:/home/wheeltec/wheeltec_ros2/install/bodyreader:/home/wheeltec/wheeltec_ros2/install/serial:/home/wheeltec/wheeltec_ros2/install/rplidar_ros:/home/wheeltec/wheeltec_ros2/install/orb_slam2_ros:/home/wheeltec/wheeltec_ros2/install/openslam_gmapping:/home/wheeltec/wheeltec_ros2/install/ollama_ros_msgs:/home/wheeltec/wheeltec_ros2/install/nmea_msgs:/home/wheeltec/wheeltec_ros2/install/nav2_bringup:/home/wheeltec/wheeltec_ros2/install/navigation2:/home/wheeltec/wheeltec_ros2/install/nav2_smoother:/home/wheeltec/wheeltec_ros2/install/nav2_dwb_controller:/home/wheeltec/wheeltec_ros2/install/nav2_controller:/home/wheeltec/wheeltec_ros2/install/dwb_plugins:/home/wheeltec/wheeltec_ros2/install/dwb_critics:/home/wheeltec/wheeltec_ros2/install/dwb_core:/home/wheeltec/wheeltec_ros2/install/nav_2d_utils:/home/wheeltec/wheeltec_ros2/install/dwb_msgs:/home/wheeltec/wheeltec_ros2/install/nav_2d_msgs:/home/wheeltec/wheeltec_ros2/install/nav2_waypoint_follower:/home/wheeltec/wheeltec_ros2/install/nav2_theta_star_planner:/home/wheeltec/wheeltec_ros2/install/nav2_smac_planner:/home/wheeltec/wheeltec_ros2/install/nav2_rotation_shim_controller:/home/wheeltec/wheeltec_ros2/install/nav2_regulated_pure_pursuit_controller:/home/wheeltec/wheeltec_ros2/install/nav2_planner:/home/wheeltec/wheeltec_ros2/install/nav2_navfn_planner:/home/wheeltec/wheeltec_ros2/install/nav2_constrained_smoother:/home/wheeltec/wheeltec_ros2/install/nav2_bt_navigator:/home/wheeltec/wheeltec_ros2/install/nav2_behaviors:/home/wheeltec/wheeltec_ros2/install/nav2_core:/home/wheeltec/wheeltec_ros2/install/nav2_collision_monitor:/home/wheeltec/wheeltec_ros2/install/costmap_queue:/home/wheeltec/wheeltec_ros2/install/nav2_costmap_2d:/home/wheeltec/wheeltec_ros2/install/nav2_voxel_grid:/home/wheeltec/wheeltec_ros2/install/nav2_velocity_smoother:/home/wheeltec/wheeltec_ros2/install/nav2_rviz_plugins:/home/wheeltec/wheeltec_ros2/install/nav2_map_server:/home/wheeltec/wheeltec_ros2/install/nav2_lifecycle_manager:/home/wheeltec/wheeltec_ros2/install/nav2_behavior_tree:/home/wheeltec/wheeltec_ros2/install/nav2_amcl:/home/wheeltec/wheeltec_ros2/install/nav2_util:/home/wheeltec/wheeltec_ros2/install/nav2_msgs:/home/wheeltec/wheeltec_ros2/install/nav2_common:/home/wheeltec/wheeltec_ros2/install/lslidar_driver:/home/wheeltec/wheeltec_ros2/install/lslidar_msgs:/home/wheeltec/wheeltec_ros2/install/ldlidar_stl_ros2:/home/wheeltec/wheeltec_ros2/install/ldlidar_sl_ros2:/home/wheeltec/wheeltec_ros2/install/ldlidar:/home/wheeltec/wheeltec_ros2/install/bodyreader_msg:/home/wheeltec/wheeltec_ros2/install/astra_camera:/home/wheeltec/wheeltec_ros2/install/astra_camera_msgs:/home/wheeltec/wheeltec_ros2/install/aruco_ros:/home/wheeltec/wheeltec_ros2/install/aruco_msgs:/home/wheeltec/wheeltec_ros2/install/aruco:/home/wheeltec/wheeltec_ros2/install/ackermann_msgs:/home/wheeltec/wheeltec_ros2/install/simple_follower_ros2:/home/wheeltec/wheeltec_ros2/install/wheeltec_robot_keyboard:/home/wheeltec/wheeltec_ros2/install/wheeltec_dual_rtk_driver:/home/wheeltec/wheeltec_ros2/install/ultralytics_ros2:/home/wheeltec/wheeltec_ros2/install/tf2_tools:/home/wheeltec/wheeltec_ros2/install/ollama_ros_chat:/home/wheeltec/wheeltec_ros2/install/nmea_navsat_driver:/home/wheeltec/wheeltec_ros2/install/nav2_waypoint_cycle:/home/wheeltec/wheeltec_ros2/install/nav2_simple_commander:/home/wheeltec/wheeltec_ros2/install/auto_recharge_ros2:/opt/ros/humble LD_LIBRARY_PATH=/home/wheeltec/agribot/agribot_ws/install/yesense_interface/lib:/home/wheeltec/agribot/agribot_ws/install/fast_lio/lib:/usr/lib/aarch64-linux-gnu:/usr/lib/aarch64-linux-gnu:/home/wheeltec/agribot/agribot_ws/install/serial/lib:/home/wheeltec/ws_livox/install/livox_sdk2/lib:/home/wheeltec/ws_livox/install/livox_ros_driver2/lib:/home/wheeltec/wheeltec_ros2/install/yesense_interface/lib:/home/wheeltec/wheeltec_ros2/install/wheeltec_rrt_msg/lib:/home/wheeltec/wheeltec_ros2/install/wheeltec_robot_rrt/lib:/home/wheeltec/wheeltec_ros2/install/turn_on_wheeltec_robot/lib:/home/wheeltec/wheeltec_ros2/install/wheeltec_robot_msg/lib:/home/wheeltec/wheeltec_ros2/install/wheeltec_mic_msg/lib:/home/wheeltec/wheeltec_ros2/install/usb_cam/lib:/home/wheeltec/wheeltec_ros2/install/ublox_gps/lib:/home/wheeltec/wheeltec_ros2/install/ublox_msgs/lib:/home/wheeltec/wheeltec_ros2/install/serial/lib:/home/wheeltec/wheeltec_ros2/install/orb_slam2_ros/lib:/home/wheeltec/wheeltec_ros2/install/openslam_gmapping/lib:/home/wheeltec/wheeltec_ros2/install/ollama_ros_msgs/lib:/home/wheeltec/wheeltec_ros2/install/nmea_msgs/lib:/home/wheeltec/wheeltec_ros2/install/nav2_smoother/lib:/home/wheeltec/wheeltec_ros2/install/nav2_controller/lib:/home/wheeltec/wheeltec_ros2/install/dwb_plugins/lib:/home/wheeltec/wheeltec_ros2/install/dwb_critics/lib:/home/wheeltec/wheeltec_ros2/install/dwb_core/lib:/home/wheeltec/wheeltec_ros2/install/nav_2d_utils/lib:/home/wheeltec/wheeltec_ros2/install/dwb_msgs/lib:/home/wheeltec/wheeltec_ros2/install/nav_2d_msgs/lib:/home/wheeltec/wheeltec_ros2/install/nav2_waypoint_follower/lib:/home/wheeltec/wheeltec_ros2/install/nav2_theta_star_planner/lib:/home/wheeltec/wheeltec_ros2/install/nav2_smac_planner/lib:/home/wheeltec/wheeltec_ros2/install/nav2_rotation_shim_controller/lib:/home/wheeltec/wheeltec_ros2/install/nav2_regulated_pure_pursuit_controller/lib:/home/wheeltec/wheeltec_ros2/install/nav2_planner/lib:/home/wheeltec/wheeltec_ros2/install/nav2_navfn_planner/lib:/home/wheeltec/wheeltec_ros2/install/nav2_constrained_smoother/lib:/home/wheeltec/wheeltec_ros2/install/nav2_bt_navigator/lib:/home/wheeltec/wheeltec_ros2/install/nav2_behaviors/lib:/home/wheeltec/wheeltec_ros2/install/nav2_collision_monitor/lib:/home/wheeltec/wheeltec_ros2/install/costmap_queue/lib:/home/wheeltec/wheeltec_ros2/install/nav2_costmap_2d/lib:/home/wheeltec/wheeltec_ros2/install/nav2_voxel_grid/lib:/home/wheeltec/wheeltec_ros2/install/nav2_velocity_smoother/lib:/home/wheeltec/wheeltec_ros2/install/nav2_rviz_plugins/lib:/home/wheeltec/wheeltec_ros2/install/nav2_map_server/lib:/home/wheeltec/wheeltec_ros2/install/nav2_lifecycle_manager/lib:/home/wheeltec/wheeltec_ros2/install/nav2_behavior_tree/lib:/home/wheeltec/wheeltec_ros2/install/nav2_amcl/lib:/home/wheeltec/wheeltec_ros2/install/nav2_util/lib:/home/wheeltec/wheeltec_ros2/install/nav2_msgs/lib:/home/wheeltec/wheeltec_ros2/install/lslidar_msgs/lib:/home/wheeltec/wheeltec_ros2/install/bodyreader_msg/lib:/home/wheeltec/wheeltec_ros2/install/astra_camera/lib:/home/wheeltec/wheeltec_ros2/install/astra_camera_msgs/lib:/home/wheeltec/wheeltec_ros2/install/aruco_ros/lib:/home/wheeltec/wheeltec_ros2/install/aruco_msgs/lib:/home/wheeltec/wheeltec_ros2/install/aruco/lib:/home/wheeltec/wheeltec_ros2/install/ackermann_msgs/lib:/opt/ros/humble/opt/rviz_ogre_vendor/lib:/opt/ros/humble/lib/aarch64-linux-gnu:/opt/ros/humble/lib PYTHONPATH=/home/wheeltec/agribot/agribot_ws/install/fast_lio/local/lib/python3.10/dist-packages:${PYTHONPATH} /usr/bin/cmake /home/wheeltec/agribot/agribot_ws/src/turn_on_32chassis -DCMAKE_INSTALL_PREFIX=/home/wheeltec/agribot/agribot_ws/install/turn_on_32chassis
[17.531s] DEBUG:colcon.colcon_core.event_handler.log_command:Invoking command in '/home/wheeltec/agribot/agribot_ws/build/turn_on_32chassis': AMENT_PREFIX_PATH=/home/wheeltec/agribot/agribot_ws/install/fast_lio:${AMENT_PREFIX_PATH} CMAKE_PREFIX_PATH=/home/wheeltec/agribot/agribot_ws/install/yesense_std_ros2:/home/wheeltec/agribot/agribot_ws/install/yesense_interface:/home/wheeltec/agribot/agribot_ws/install/serial:/home/wheeltec/agribot/agribot_ws/install/fast_lio:/home/wheeltec/agribot/agribot_ws/install/turn_on_agribot:/home/wheeltec/agribot/agribot_ws/install/turn_on_32chassis:/home/wheeltec/agribot/agribot_ws/install/centerline_extraction:/home/wheeltec/ws_livox/install/livox_ros_driver2:/home/wheeltec/wheeltec_ros2/install/yesense_std_ros2:/home/wheeltec/wheeltec_ros2/install/yesense_interface:/home/wheeltec/wheeltec_ros2/install/wheeltec_slam_toolbox:/home/wheeltec/wheeltec_ros2/install/wheeltec_rviz2:/home/wheeltec/wheeltec_ros2/install/wheeltec_rrt_msg:/home/wheeltec/wheeltec_ros2/install/wheeltec_robot_urdf:/home/wheeltec/wheeltec_ros2/install/wheeltec_robot_rtab:/home/wheeltec/wheeltec_ros2/install/wheeltec_robot_rrt:/home/wheeltec/wheeltec_ros2/install/turn_on_wheeltec_robot:/home/wheeltec/wheeltec_ros2/install/wheeltec_robot_msg:/home/wheeltec/wheeltec_ros2/install/wheeltec_robot_kcf:/home/wheeltec/wheeltec_ros2/install/wheeltec_path_follow:/home/wheeltec/wheeltec_ros2/install/wheeltec_nav2:/home/wheeltec/wheeltec_ros2/install/wheeltec_multi:/home/wheeltec/wheeltec_ros2/install/wheeltec_mic_ros2:/home/wheeltec/wheeltec_ros2/install/wheeltec_mic_msg:/home/wheeltec/wheeltec_ros2/install/wheeltec_joy:/home/wheeltec/wheeltec_ros2/install/wheeltec_gps_driver:/home/wheeltec/wheeltec_ros2/install/wheeltec_cartographer:/home/wheeltec/wheeltec_ros2/install/wheeltec_aiui:/home/wheeltec/wheeltec_ros2/install/web_video_server:/home/wheeltec/wheeltec_ros2/install/usb_cam:/home/wheeltec/wheeltec_ros2/install/ublox:/home/wheeltec/wheeltec_ros2/install/ublox_gps:/home/wheeltec/wheeltec_ros2/install/ublox_msgs:/home/wheeltec/wheeltec_ros2/install/ublox_serialization:/home/wheeltec/wheeltec_ros2/install/tts:/home/wheeltec/wheeltec_ros2/install/slam_gmapping:/home/wheeltec/wheeltec_ros2/install/bodyreader:/home/wheeltec/wheeltec_ros2/install/serial:/home/wheeltec/wheeltec_ros2/install/rplidar_ros:/home/wheeltec/wheeltec_ros2/install/orb_slam2_ros:/home/wheeltec/wheeltec_ros2/install/openslam_gmapping:/home/wheeltec/wheeltec_ros2/install/ollama_ros_msgs:/home/wheeltec/wheeltec_ros2/install/nmea_msgs:/home/wheeltec/wheeltec_ros2/install/nav2_bringup:/home/wheeltec/wheeltec_ros2/install/navigation2:/home/wheeltec/wheeltec_ros2/install/nav2_smoother:/home/wheeltec/wheeltec_ros2/install/nav2_dwb_controller:/home/wheeltec/wheeltec_ros2/install/nav2_controller:/home/wheeltec/wheeltec_ros2/install/dwb_plugins:/home/wheeltec/wheeltec_ros2/install/dwb_critics:/home/wheeltec/wheeltec_ros2/install/dwb_core:/home/wheeltec/wheeltec_ros2/install/nav_2d_utils:/home/wheeltec/wheeltec_ros2/install/dwb_msgs:/home/wheeltec/wheeltec_ros2/install/nav_2d_msgs:/home/wheeltec/wheeltec_ros2/install/nav2_waypoint_follower:/home/wheeltec/wheeltec_ros2/install/nav2_theta_star_planner:/home/wheeltec/wheeltec_ros2/install/nav2_smac_planner:/home/wheeltec/wheeltec_ros2/install/nav2_rotation_shim_controller:/home/wheeltec/wheeltec_ros2/install/nav2_regulated_pure_pursuit_controller:/home/wheeltec/wheeltec_ros2/install/nav2_planner:/home/wheeltec/wheeltec_ros2/install/nav2_navfn_planner:/home/wheeltec/wheeltec_ros2/install/nav2_constrained_smoother:/home/wheeltec/wheeltec_ros2/install/nav2_bt_navigator:/home/wheeltec/wheeltec_ros2/install/nav2_behaviors:/home/wheeltec/wheeltec_ros2/install/nav2_core:/home/wheeltec/wheeltec_ros2/install/nav2_collision_monitor:/home/wheeltec/wheeltec_ros2/install/costmap_queue:/home/wheeltec/wheeltec_ros2/install/nav2_costmap_2d:/home/wheeltec/wheeltec_ros2/install/nav2_voxel_grid:/home/wheeltec/wheeltec_ros2/install/nav2_velocity_smoother:/home/wheeltec/wheeltec_ros2/install/nav2_rviz_plugins:/home/wheeltec/wheeltec_ros2/install/nav2_map_server:/home/wheeltec/wheeltec_ros2/install/nav2_lifecycle_manager:/home/wheeltec/wheeltec_ros2/install/nav2_behavior_tree:/home/wheeltec/wheeltec_ros2/install/nav2_amcl:/home/wheeltec/wheeltec_ros2/install/nav2_util:/home/wheeltec/wheeltec_ros2/install/nav2_msgs:/home/wheeltec/wheeltec_ros2/install/nav2_common:/home/wheeltec/wheeltec_ros2/install/lslidar_driver:/home/wheeltec/wheeltec_ros2/install/lslidar_msgs:/home/wheeltec/wheeltec_ros2/install/ldlidar_stl_ros2:/home/wheeltec/wheeltec_ros2/install/ldlidar_sl_ros2:/home/wheeltec/wheeltec_ros2/install/ldlidar:/home/wheeltec/wheeltec_ros2/install/bodyreader_msg:/home/wheeltec/wheeltec_ros2/install/astra_camera:/home/wheeltec/wheeltec_ros2/install/astra_camera_msgs:/home/wheeltec/wheeltec_ros2/install/aruco_ros:/home/wheeltec/wheeltec_ros2/install/aruco_msgs:/home/wheeltec/wheeltec_ros2/install/aruco:/home/wheeltec/wheeltec_ros2/install/ackermann_msgs:/home/wheeltec/wheeltec_ros2/install/simple_follower_ros2:/home/wheeltec/wheeltec_ros2/install/wheeltec_robot_keyboard:/home/wheeltec/wheeltec_ros2/install/wheeltec_dual_rtk_driver:/home/wheeltec/wheeltec_ros2/install/ultralytics_ros2:/home/wheeltec/wheeltec_ros2/install/tf2_tools:/home/wheeltec/wheeltec_ros2/install/ollama_ros_chat:/home/wheeltec/wheeltec_ros2/install/nmea_navsat_driver:/home/wheeltec/wheeltec_ros2/install/nav2_waypoint_cycle:/home/wheeltec/wheeltec_ros2/install/nav2_simple_commander:/home/wheeltec/wheeltec_ros2/install/auto_recharge_ros2:/opt/ros/humble LD_LIBRARY_PATH=/home/wheeltec/agribot/agribot_ws/install/yesense_interface/lib:/home/wheeltec/agribot/agribot_ws/install/fast_lio/lib:/usr/lib/aarch64-linux-gnu:/usr/lib/aarch64-linux-gnu:/home/wheeltec/agribot/agribot_ws/install/serial/lib:/home/wheeltec/ws_livox/install/livox_sdk2/lib:/home/wheeltec/ws_livox/install/livox_ros_driver2/lib:/home/wheeltec/wheeltec_ros2/install/yesense_interface/lib:/home/wheeltec/wheeltec_ros2/install/wheeltec_rrt_msg/lib:/home/wheeltec/wheeltec_ros2/install/wheeltec_robot_rrt/lib:/home/wheeltec/wheeltec_ros2/install/turn_on_wheeltec_robot/lib:/home/wheeltec/wheeltec_ros2/install/wheeltec_robot_msg/lib:/home/wheeltec/wheeltec_ros2/install/wheeltec_mic_msg/lib:/home/wheeltec/wheeltec_ros2/install/usb_cam/lib:/home/wheeltec/wheeltec_ros2/install/ublox_gps/lib:/home/wheeltec/wheeltec_ros2/install/ublox_msgs/lib:/home/wheeltec/wheeltec_ros2/install/serial/lib:/home/wheeltec/wheeltec_ros2/install/orb_slam2_ros/lib:/home/wheeltec/wheeltec_ros2/install/openslam_gmapping/lib:/home/wheeltec/wheeltec_ros2/install/ollama_ros_msgs/lib:/home/wheeltec/wheeltec_ros2/install/nmea_msgs/lib:/home/wheeltec/wheeltec_ros2/install/nav2_smoother/lib:/home/wheeltec/wheeltec_ros2/install/nav2_controller/lib:/home/wheeltec/wheeltec_ros2/install/dwb_plugins/lib:/home/wheeltec/wheeltec_ros2/install/dwb_critics/lib:/home/wheeltec/wheeltec_ros2/install/dwb_core/lib:/home/wheeltec/wheeltec_ros2/install/nav_2d_utils/lib:/home/wheeltec/wheeltec_ros2/install/dwb_msgs/lib:/home/wheeltec/wheeltec_ros2/install/nav_2d_msgs/lib:/home/wheeltec/wheeltec_ros2/install/nav2_waypoint_follower/lib:/home/wheeltec/wheeltec_ros2/install/nav2_theta_star_planner/lib:/home/wheeltec/wheeltec_ros2/install/nav2_smac_planner/lib:/home/wheeltec/wheeltec_ros2/install/nav2_rotation_shim_controller/lib:/home/wheeltec/wheeltec_ros2/install/nav2_regulated_pure_pursuit_controller/lib:/home/wheeltec/wheeltec_ros2/install/nav2_planner/lib:/home/wheeltec/wheeltec_ros2/install/nav2_navfn_planner/lib:/home/wheeltec/wheeltec_ros2/install/nav2_constrained_smoother/lib:/home/wheeltec/wheeltec_ros2/install/nav2_bt_navigator/lib:/home/wheeltec/wheeltec_ros2/install/nav2_behaviors/lib:/home/wheeltec/wheeltec_ros2/install/nav2_collision_monitor/lib:/home/wheeltec/wheeltec_ros2/install/costmap_queue/lib:/home/wheeltec/wheeltec_ros2/install/nav2_costmap_2d/lib:/home/wheeltec/wheeltec_ros2/install/nav2_voxel_grid/lib:/home/wheeltec/wheeltec_ros2/install/nav2_velocity_smoother/lib:/home/wheeltec/wheeltec_ros2/install/nav2_rviz_plugins/lib:/home/wheeltec/wheeltec_ros2/install/nav2_map_server/lib:/home/wheeltec/wheeltec_ros2/install/nav2_lifecycle_manager/lib:/home/wheeltec/wheeltec_ros2/install/nav2_behavior_tree/lib:/home/wheeltec/wheeltec_ros2/install/nav2_amcl/lib:/home/wheeltec/wheeltec_ros2/install/nav2_util/lib:/home/wheeltec/wheeltec_ros2/install/nav2_msgs/lib:/home/wheeltec/wheeltec_ros2/install/lslidar_msgs/lib:/home/wheeltec/wheeltec_ros2/install/bodyreader_msg/lib:/home/wheeltec/wheeltec_ros2/install/astra_camera/lib:/home/wheeltec/wheeltec_ros2/install/astra_camera_msgs/lib:/home/wheeltec/wheeltec_ros2/install/aruco_ros/lib:/home/wheeltec/wheeltec_ros2/install/aruco_msgs/lib:/home/wheeltec/wheeltec_ros2/install/aruco/lib:/home/wheeltec/wheeltec_ros2/install/ackermann_msgs/lib:/opt/ros/humble/opt/rviz_ogre_vendor/lib:/opt/ros/humble/lib/aarch64-linux-gnu:/opt/ros/humble/lib PYTHONPATH=/home/wheeltec/agribot/agribot_ws/install/fast_lio/local/lib/python3.10/dist-packages:${PYTHONPATH} /usr/bin/cmake --build /home/wheeltec/agribot/agribot_ws/build/turn_on_32chassis -- -j8 -l8
[18.165s] DEBUG:colcon.colcon_core.event_handler.log_command:Invoked command in '/home/wheeltec/agribot/agribot_ws/build/turn_on_32chassis' returned '0': AMENT_PREFIX_PATH=/home/wheeltec/agribot/agribot_ws/install/fast_lio:${AMENT_PREFIX_PATH} CMAKE_PREFIX_PATH=/home/wheeltec/agribot/agribot_ws/install/yesense_std_ros2:/home/wheeltec/agribot/agribot_ws/install/yesense_interface:/home/wheeltec/agribot/agribot_ws/install/serial:/home/wheeltec/agribot/agribot_ws/install/fast_lio:/home/wheeltec/agribot/agribot_ws/install/turn_on_agribot:/home/wheeltec/agribot/agribot_ws/install/turn_on_32chassis:/home/wheeltec/agribot/agribot_ws/install/centerline_extraction:/home/wheeltec/ws_livox/install/livox_ros_driver2:/home/wheeltec/wheeltec_ros2/install/yesense_std_ros2:/home/wheeltec/wheeltec_ros2/install/yesense_interface:/home/wheeltec/wheeltec_ros2/install/wheeltec_slam_toolbox:/home/wheeltec/wheeltec_ros2/install/wheeltec_rviz2:/home/wheeltec/wheeltec_ros2/install/wheeltec_rrt_msg:/home/wheeltec/wheeltec_ros2/install/wheeltec_robot_urdf:/home/wheeltec/wheeltec_ros2/install/wheeltec_robot_rtab:/home/wheeltec/wheeltec_ros2/install/wheeltec_robot_rrt:/home/wheeltec/wheeltec_ros2/install/turn_on_wheeltec_robot:/home/wheeltec/wheeltec_ros2/install/wheeltec_robot_msg:/home/wheeltec/wheeltec_ros2/install/wheeltec_robot_kcf:/home/wheeltec/wheeltec_ros2/install/wheeltec_path_follow:/home/wheeltec/wheeltec_ros2/install/wheeltec_nav2:/home/wheeltec/wheeltec_ros2/install/wheeltec_multi:/home/wheeltec/wheeltec_ros2/install/wheeltec_mic_ros2:/home/wheeltec/wheeltec_ros2/install/wheeltec_mic_msg:/home/wheeltec/wheeltec_ros2/install/wheeltec_joy:/home/wheeltec/wheeltec_ros2/install/wheeltec_gps_driver:/home/wheeltec/wheeltec_ros2/install/wheeltec_cartographer:/home/wheeltec/wheeltec_ros2/install/wheeltec_aiui:/home/wheeltec/wheeltec_ros2/install/web_video_server:/home/wheeltec/wheeltec_ros2/install/usb_cam:/home/wheeltec/wheeltec_ros2/install/ublox:/home/wheeltec/wheeltec_ros2/install/ublox_gps:/home/wheeltec/wheeltec_ros2/install/ublox_msgs:/home/wheeltec/wheeltec_ros2/install/ublox_serialization:/home/wheeltec/wheeltec_ros2/install/tts:/home/wheeltec/wheeltec_ros2/install/slam_gmapping:/home/wheeltec/wheeltec_ros2/install/bodyreader:/home/wheeltec/wheeltec_ros2/install/serial:/home/wheeltec/wheeltec_ros2/install/rplidar_ros:/home/wheeltec/wheeltec_ros2/install/orb_slam2_ros:/home/wheeltec/wheeltec_ros2/install/openslam_gmapping:/home/wheeltec/wheeltec_ros2/install/ollama_ros_msgs:/home/wheeltec/wheeltec_ros2/install/nmea_msgs:/home/wheeltec/wheeltec_ros2/install/nav2_bringup:/home/wheeltec/wheeltec_ros2/install/navigation2:/home/wheeltec/wheeltec_ros2/install/nav2_smoother:/home/wheeltec/wheeltec_ros2/install/nav2_dwb_controller:/home/wheeltec/wheeltec_ros2/install/nav2_controller:/home/wheeltec/wheeltec_ros2/install/dwb_plugins:/home/wheeltec/wheeltec_ros2/install/dwb_critics:/home/wheeltec/wheeltec_ros2/install/dwb_core:/home/wheeltec/wheeltec_ros2/install/nav_2d_utils:/home/wheeltec/wheeltec_ros2/install/dwb_msgs:/home/wheeltec/wheeltec_ros2/install/nav_2d_msgs:/home/wheeltec/wheeltec_ros2/install/nav2_waypoint_follower:/home/wheeltec/wheeltec_ros2/install/nav2_theta_star_planner:/home/wheeltec/wheeltec_ros2/install/nav2_smac_planner:/home/wheeltec/wheeltec_ros2/install/nav2_rotation_shim_controller:/home/wheeltec/wheeltec_ros2/install/nav2_regulated_pure_pursuit_controller:/home/wheeltec/wheeltec_ros2/install/nav2_planner:/home/wheeltec/wheeltec_ros2/install/nav2_navfn_planner:/home/wheeltec/wheeltec_ros2/install/nav2_constrained_smoother:/home/wheeltec/wheeltec_ros2/install/nav2_bt_navigator:/home/wheeltec/wheeltec_ros2/install/nav2_behaviors:/home/wheeltec/wheeltec_ros2/install/nav2_core:/home/wheeltec/wheeltec_ros2/install/nav2_collision_monitor:/home/wheeltec/wheeltec_ros2/install/costmap_queue:/home/wheeltec/wheeltec_ros2/install/nav2_costmap_2d:/home/wheeltec/wheeltec_ros2/install/nav2_voxel_grid:/home/wheeltec/wheeltec_ros2/install/nav2_velocity_smoother:/home/wheeltec/wheeltec_ros2/install/nav2_rviz_plugins:/home/wheeltec/wheeltec_ros2/install/nav2_map_server:/home/wheeltec/wheeltec_ros2/install/nav2_lifecycle_manager:/home/wheeltec/wheeltec_ros2/install/nav2_behavior_tree:/home/wheeltec/wheeltec_ros2/install/nav2_amcl:/home/wheeltec/wheeltec_ros2/install/nav2_util:/home/wheeltec/wheeltec_ros2/install/nav2_msgs:/home/wheeltec/wheeltec_ros2/install/nav2_common:/home/wheeltec/wheeltec_ros2/install/lslidar_driver:/home/wheeltec/wheeltec_ros2/install/lslidar_msgs:/home/wheeltec/wheeltec_ros2/install/ldlidar_stl_ros2:/home/wheeltec/wheeltec_ros2/install/ldlidar_sl_ros2:/home/wheeltec/wheeltec_ros2/install/ldlidar:/home/wheeltec/wheeltec_ros2/install/bodyreader_msg:/home/wheeltec/wheeltec_ros2/install/astra_camera:/home/wheeltec/wheeltec_ros2/install/astra_camera_msgs:/home/wheeltec/wheeltec_ros2/install/aruco_ros:/home/wheeltec/wheeltec_ros2/install/aruco_msgs:/home/wheeltec/wheeltec_ros2/install/aruco:/home/wheeltec/wheeltec_ros2/install/ackermann_msgs:/home/wheeltec/wheeltec_ros2/install/simple_follower_ros2:/home/wheeltec/wheeltec_ros2/install/wheeltec_robot_keyboard:/home/wheeltec/wheeltec_ros2/install/wheeltec_dual_rtk_driver:/home/wheeltec/wheeltec_ros2/install/ultralytics_ros2:/home/wheeltec/wheeltec_ros2/install/tf2_tools:/home/wheeltec/wheeltec_ros2/install/ollama_ros_chat:/home/wheeltec/wheeltec_ros2/install/nmea_navsat_driver:/home/wheeltec/wheeltec_ros2/install/nav2_waypoint_cycle:/home/wheeltec/wheeltec_ros2/install/nav2_simple_commander:/home/wheeltec/wheeltec_ros2/install/auto_recharge_ros2:/opt/ros/humble LD_LIBRARY_PATH=/home/wheeltec/agribot/agribot_ws/install/yesense_interface/lib:/home/wheeltec/agribot/agribot_ws/install/fast_lio/lib:/usr/lib/aarch64-linux-gnu:/usr/lib/aarch64-linux-gnu:/home/wheeltec/agribot/agribot_ws/install/serial/lib:/home/wheeltec/ws_livox/install/livox_sdk2/lib:/home/wheeltec/ws_livox/install/livox_ros_driver2/lib:/home/wheeltec/wheeltec_ros2/install/yesense_interface/lib:/home/wheeltec/wheeltec_ros2/install/wheeltec_rrt_msg/lib:/home/wheeltec/wheeltec_ros2/install/wheeltec_robot_rrt/lib:/home/wheeltec/wheeltec_ros2/install/turn_on_wheeltec_robot/lib:/home/wheeltec/wheeltec_ros2/install/wheeltec_robot_msg/lib:/home/wheeltec/wheeltec_ros2/install/wheeltec_mic_msg/lib:/home/wheeltec/wheeltec_ros2/install/usb_cam/lib:/home/wheeltec/wheeltec_ros2/install/ublox_gps/lib:/home/wheeltec/wheeltec_ros2/install/ublox_msgs/lib:/home/wheeltec/wheeltec_ros2/install/serial/lib:/home/wheeltec/wheeltec_ros2/install/orb_slam2_ros/lib:/home/wheeltec/wheeltec_ros2/install/openslam_gmapping/lib:/home/wheeltec/wheeltec_ros2/install/ollama_ros_msgs/lib:/home/wheeltec/wheeltec_ros2/install/nmea_msgs/lib:/home/wheeltec/wheeltec_ros2/install/nav2_smoother/lib:/home/wheeltec/wheeltec_ros2/install/nav2_controller/lib:/home/wheeltec/wheeltec_ros2/install/dwb_plugins/lib:/home/wheeltec/wheeltec_ros2/install/dwb_critics/lib:/home/wheeltec/wheeltec_ros2/install/dwb_core/lib:/home/wheeltec/wheeltec_ros2/install/nav_2d_utils/lib:/home/wheeltec/wheeltec_ros2/install/dwb_msgs/lib:/home/wheeltec/wheeltec_ros2/install/nav_2d_msgs/lib:/home/wheeltec/wheeltec_ros2/install/nav2_waypoint_follower/lib:/home/wheeltec/wheeltec_ros2/install/nav2_theta_star_planner/lib:/home/wheeltec/wheeltec_ros2/install/nav2_smac_planner/lib:/home/wheeltec/wheeltec_ros2/install/nav2_rotation_shim_controller/lib:/home/wheeltec/wheeltec_ros2/install/nav2_regulated_pure_pursuit_controller/lib:/home/wheeltec/wheeltec_ros2/install/nav2_planner/lib:/home/wheeltec/wheeltec_ros2/install/nav2_navfn_planner/lib:/home/wheeltec/wheeltec_ros2/install/nav2_constrained_smoother/lib:/home/wheeltec/wheeltec_ros2/install/nav2_bt_navigator/lib:/home/wheeltec/wheeltec_ros2/install/nav2_behaviors/lib:/home/wheeltec/wheeltec_ros2/install/nav2_collision_monitor/lib:/home/wheeltec/wheeltec_ros2/install/costmap_queue/lib:/home/wheeltec/wheeltec_ros2/install/nav2_costmap_2d/lib:/home/wheeltec/wheeltec_ros2/install/nav2_voxel_grid/lib:/home/wheeltec/wheeltec_ros2/install/nav2_velocity_smoother/lib:/home/wheeltec/wheeltec_ros2/install/nav2_rviz_plugins/lib:/home/wheeltec/wheeltec_ros2/install/nav2_map_server/lib:/home/wheeltec/wheeltec_ros2/install/nav2_lifecycle_manager/lib:/home/wheeltec/wheeltec_ros2/install/nav2_behavior_tree/lib:/home/wheeltec/wheeltec_ros2/install/nav2_amcl/lib:/home/wheeltec/wheeltec_ros2/install/nav2_util/lib:/home/wheeltec/wheeltec_ros2/install/nav2_msgs/lib:/home/wheeltec/wheeltec_ros2/install/lslidar_msgs/lib:/home/wheeltec/wheeltec_ros2/install/bodyreader_msg/lib:/home/wheeltec/wheeltec_ros2/install/astra_camera/lib:/home/wheeltec/wheeltec_ros2/install/astra_camera_msgs/lib:/home/wheeltec/wheeltec_ros2/install/aruco_ros/lib:/home/wheeltec/wheeltec_ros2/install/aruco_msgs/lib:/home/wheeltec/wheeltec_ros2/install/aruco/lib:/home/wheeltec/wheeltec_ros2/install/ackermann_msgs/lib:/opt/ros/humble/opt/rviz_ogre_vendor/lib:/opt/ros/humble/lib/aarch64-linux-gnu:/opt/ros/humble/lib PYTHONPATH=/home/wheeltec/agribot/agribot_ws/install/fast_lio/local/lib/python3.10/dist-packages:${PYTHONPATH} /usr/bin/cmake --build /home/wheeltec/agribot/agribot_ws/build/turn_on_32chassis -- -j8 -l8
[18.166s] DEBUG:colcon.colcon_core.event_handler.log_command:Invoking command in '/home/wheeltec/agribot/agribot_ws/build/turn_on_32chassis': AMENT_PREFIX_PATH=/home/wheeltec/agribot/agribot_ws/install/fast_lio:${AMENT_PREFIX_PATH} CMAKE_PREFIX_PATH=/home/wheeltec/agribot/agribot_ws/install/yesense_std_ros2:/home/wheeltec/agribot/agribot_ws/install/yesense_interface:/home/wheeltec/agribot/agribot_ws/install/serial:/home/wheeltec/agribot/agribot_ws/install/fast_lio:/home/wheeltec/agribot/agribot_ws/install/turn_on_agribot:/home/wheeltec/agribot/agribot_ws/install/turn_on_32chassis:/home/wheeltec/agribot/agribot_ws/install/centerline_extraction:/home/wheeltec/ws_livox/install/livox_ros_driver2:/home/wheeltec/wheeltec_ros2/install/yesense_std_ros2:/home/wheeltec/wheeltec_ros2/install/yesense_interface:/home/wheeltec/wheeltec_ros2/install/wheeltec_slam_toolbox:/home/wheeltec/wheeltec_ros2/install/wheeltec_rviz2:/home/wheeltec/wheeltec_ros2/install/wheeltec_rrt_msg:/home/wheeltec/wheeltec_ros2/install/wheeltec_robot_urdf:/home/wheeltec/wheeltec_ros2/install/wheeltec_robot_rtab:/home/wheeltec/wheeltec_ros2/install/wheeltec_robot_rrt:/home/wheeltec/wheeltec_ros2/install/turn_on_wheeltec_robot:/home/wheeltec/wheeltec_ros2/install/wheeltec_robot_msg:/home/wheeltec/wheeltec_ros2/install/wheeltec_robot_kcf:/home/wheeltec/wheeltec_ros2/install/wheeltec_path_follow:/home/wheeltec/wheeltec_ros2/install/wheeltec_nav2:/home/wheeltec/wheeltec_ros2/install/wheeltec_multi:/home/wheeltec/wheeltec_ros2/install/wheeltec_mic_ros2:/home/wheeltec/wheeltec_ros2/install/wheeltec_mic_msg:/home/wheeltec/wheeltec_ros2/install/wheeltec_joy:/home/wheeltec/wheeltec_ros2/install/wheeltec_gps_driver:/home/wheeltec/wheeltec_ros2/install/wheeltec_cartographer:/home/wheeltec/wheeltec_ros2/install/wheeltec_aiui:/home/wheeltec/wheeltec_ros2/install/web_video_server:/home/wheeltec/wheeltec_ros2/install/usb_cam:/home/wheeltec/wheeltec_ros2/install/ublox:/home/wheeltec/wheeltec_ros2/install/ublox_gps:/home/wheeltec/wheeltec_ros2/install/ublox_msgs:/home/wheeltec/wheeltec_ros2/install/ublox_serialization:/home/wheeltec/wheeltec_ros2/install/tts:/home/wheeltec/wheeltec_ros2/install/slam_gmapping:/home/wheeltec/wheeltec_ros2/install/bodyreader:/home/wheeltec/wheeltec_ros2/install/serial:/home/wheeltec/wheeltec_ros2/install/rplidar_ros:/home/wheeltec/wheeltec_ros2/install/orb_slam2_ros:/home/wheeltec/wheeltec_ros2/install/openslam_gmapping:/home/wheeltec/wheeltec_ros2/install/ollama_ros_msgs:/home/wheeltec/wheeltec_ros2/install/nmea_msgs:/home/wheeltec/wheeltec_ros2/install/nav2_bringup:/home/wheeltec/wheeltec_ros2/install/navigation2:/home/wheeltec/wheeltec_ros2/install/nav2_smoother:/home/wheeltec/wheeltec_ros2/install/nav2_dwb_controller:/home/wheeltec/wheeltec_ros2/install/nav2_controller:/home/wheeltec/wheeltec_ros2/install/dwb_plugins:/home/wheeltec/wheeltec_ros2/install/dwb_critics:/home/wheeltec/wheeltec_ros2/install/dwb_core:/home/wheeltec/wheeltec_ros2/install/nav_2d_utils:/home/wheeltec/wheeltec_ros2/install/dwb_msgs:/home/wheeltec/wheeltec_ros2/install/nav_2d_msgs:/home/wheeltec/wheeltec_ros2/install/nav2_waypoint_follower:/home/wheeltec/wheeltec_ros2/install/nav2_theta_star_planner:/home/wheeltec/wheeltec_ros2/install/nav2_smac_planner:/home/wheeltec/wheeltec_ros2/install/nav2_rotation_shim_controller:/home/wheeltec/wheeltec_ros2/install/nav2_regulated_pure_pursuit_controller:/home/wheeltec/wheeltec_ros2/install/nav2_planner:/home/wheeltec/wheeltec_ros2/install/nav2_navfn_planner:/home/wheeltec/wheeltec_ros2/install/nav2_constrained_smoother:/home/wheeltec/wheeltec_ros2/install/nav2_bt_navigator:/home/wheeltec/wheeltec_ros2/install/nav2_behaviors:/home/wheeltec/wheeltec_ros2/install/nav2_core:/home/wheeltec/wheeltec_ros2/install/nav2_collision_monitor:/home/wheeltec/wheeltec_ros2/install/costmap_queue:/home/wheeltec/wheeltec_ros2/install/nav2_costmap_2d:/home/wheeltec/wheeltec_ros2/install/nav2_voxel_grid:/home/wheeltec/wheeltec_ros2/install/nav2_velocity_smoother:/home/wheeltec/wheeltec_ros2/install/nav2_rviz_plugins:/home/wheeltec/wheeltec_ros2/install/nav2_map_server:/home/wheeltec/wheeltec_ros2/install/nav2_lifecycle_manager:/home/wheeltec/wheeltec_ros2/install/nav2_behavior_tree:/home/wheeltec/wheeltec_ros2/install/nav2_amcl:/home/wheeltec/wheeltec_ros2/install/nav2_util:/home/wheeltec/wheeltec_ros2/install/nav2_msgs:/home/wheeltec/wheeltec_ros2/install/nav2_common:/home/wheeltec/wheeltec_ros2/install/lslidar_driver:/home/wheeltec/wheeltec_ros2/install/lslidar_msgs:/home/wheeltec/wheeltec_ros2/install/ldlidar_stl_ros2:/home/wheeltec/wheeltec_ros2/install/ldlidar_sl_ros2:/home/wheeltec/wheeltec_ros2/install/ldlidar:/home/wheeltec/wheeltec_ros2/install/bodyreader_msg:/home/wheeltec/wheeltec_ros2/install/astra_camera:/home/wheeltec/wheeltec_ros2/install/astra_camera_msgs:/home/wheeltec/wheeltec_ros2/install/aruco_ros:/home/wheeltec/wheeltec_ros2/install/aruco_msgs:/home/wheeltec/wheeltec_ros2/install/aruco:/home/wheeltec/wheeltec_ros2/install/ackermann_msgs:/home/wheeltec/wheeltec_ros2/install/simple_follower_ros2:/home/wheeltec/wheeltec_ros2/install/wheeltec_robot_keyboard:/home/wheeltec/wheeltec_ros2/install/wheeltec_dual_rtk_driver:/home/wheeltec/wheeltec_ros2/install/ultralytics_ros2:/home/wheeltec/wheeltec_ros2/install/tf2_tools:/home/wheeltec/wheeltec_ros2/install/ollama_ros_chat:/home/wheeltec/wheeltec_ros2/install/nmea_navsat_driver:/home/wheeltec/wheeltec_ros2/install/nav2_waypoint_cycle:/home/wheeltec/wheeltec_ros2/install/nav2_simple_commander:/home/wheeltec/wheeltec_ros2/install/auto_recharge_ros2:/opt/ros/humble LD_LIBRARY_PATH=/home/wheeltec/agribot/agribot_ws/install/yesense_interface/lib:/home/wheeltec/agribot/agribot_ws/install/fast_lio/lib:/usr/lib/aarch64-linux-gnu:/usr/lib/aarch64-linux-gnu:/home/wheeltec/agribot/agribot_ws/install/serial/lib:/home/wheeltec/ws_livox/install/livox_sdk2/lib:/home/wheeltec/ws_livox/install/livox_ros_driver2/lib:/home/wheeltec/wheeltec_ros2/install/yesense_interface/lib:/home/wheeltec/wheeltec_ros2/install/wheeltec_rrt_msg/lib:/home/wheeltec/wheeltec_ros2/install/wheeltec_robot_rrt/lib:/home/wheeltec/wheeltec_ros2/install/turn_on_wheeltec_robot/lib:/home/wheeltec/wheeltec_ros2/install/wheeltec_robot_msg/lib:/home/wheeltec/wheeltec_ros2/install/wheeltec_mic_msg/lib:/home/wheeltec/wheeltec_ros2/install/usb_cam/lib:/home/wheeltec/wheeltec_ros2/install/ublox_gps/lib:/home/wheeltec/wheeltec_ros2/install/ublox_msgs/lib:/home/wheeltec/wheeltec_ros2/install/serial/lib:/home/wheeltec/wheeltec_ros2/install/orb_slam2_ros/lib:/home/wheeltec/wheeltec_ros2/install/openslam_gmapping/lib:/home/wheeltec/wheeltec_ros2/install/ollama_ros_msgs/lib:/home/wheeltec/wheeltec_ros2/install/nmea_msgs/lib:/home/wheeltec/wheeltec_ros2/install/nav2_smoother/lib:/home/wheeltec/wheeltec_ros2/install/nav2_controller/lib:/home/wheeltec/wheeltec_ros2/install/dwb_plugins/lib:/home/wheeltec/wheeltec_ros2/install/dwb_critics/lib:/home/wheeltec/wheeltec_ros2/install/dwb_core/lib:/home/wheeltec/wheeltec_ros2/install/nav_2d_utils/lib:/home/wheeltec/wheeltec_ros2/install/dwb_msgs/lib:/home/wheeltec/wheeltec_ros2/install/nav_2d_msgs/lib:/home/wheeltec/wheeltec_ros2/install/nav2_waypoint_follower/lib:/home/wheeltec/wheeltec_ros2/install/nav2_theta_star_planner/lib:/home/wheeltec/wheeltec_ros2/install/nav2_smac_planner/lib:/home/wheeltec/wheeltec_ros2/install/nav2_rotation_shim_controller/lib:/home/wheeltec/wheeltec_ros2/install/nav2_regulated_pure_pursuit_controller/lib:/home/wheeltec/wheeltec_ros2/install/nav2_planner/lib:/home/wheeltec/wheeltec_ros2/install/nav2_navfn_planner/lib:/home/wheeltec/wheeltec_ros2/install/nav2_constrained_smoother/lib:/home/wheeltec/wheeltec_ros2/install/nav2_bt_navigator/lib:/home/wheeltec/wheeltec_ros2/install/nav2_behaviors/lib:/home/wheeltec/wheeltec_ros2/install/nav2_collision_monitor/lib:/home/wheeltec/wheeltec_ros2/install/costmap_queue/lib:/home/wheeltec/wheeltec_ros2/install/nav2_costmap_2d/lib:/home/wheeltec/wheeltec_ros2/install/nav2_voxel_grid/lib:/home/wheeltec/wheeltec_ros2/install/nav2_velocity_smoother/lib:/home/wheeltec/wheeltec_ros2/install/nav2_rviz_plugins/lib:/home/wheeltec/wheeltec_ros2/install/nav2_map_server/lib:/home/wheeltec/wheeltec_ros2/install/nav2_lifecycle_manager/lib:/home/wheeltec/wheeltec_ros2/install/nav2_behavior_tree/lib:/home/wheeltec/wheeltec_ros2/install/nav2_amcl/lib:/home/wheeltec/wheeltec_ros2/install/nav2_util/lib:/home/wheeltec/wheeltec_ros2/install/nav2_msgs/lib:/home/wheeltec/wheeltec_ros2/install/lslidar_msgs/lib:/home/wheeltec/wheeltec_ros2/install/bodyreader_msg/lib:/home/wheeltec/wheeltec_ros2/install/astra_camera/lib:/home/wheeltec/wheeltec_ros2/install/astra_camera_msgs/lib:/home/wheeltec/wheeltec_ros2/install/aruco_ros/lib:/home/wheeltec/wheeltec_ros2/install/aruco_msgs/lib:/home/wheeltec/wheeltec_ros2/install/aruco/lib:/home/wheeltec/wheeltec_ros2/install/ackermann_msgs/lib:/opt/ros/humble/opt/rviz_ogre_vendor/lib:/opt/ros/humble/lib/aarch64-linux-gnu:/opt/ros/humble/lib PYTHONPATH=/home/wheeltec/agribot/agribot_ws/install/fast_lio/local/lib/python3.10/dist-packages:${PYTHONPATH} /usr/bin/cmake --install /home/wheeltec/agribot/agribot_ws/build/turn_on_32chassis
[18.234s] Level 1:colcon.colcon_core.environment:create_environment_scripts_only(turn_on_32chassis)
[18.235s] Level 1:colcon.colcon_core.environment:checking '/home/wheeltec/agribot/agribot_ws/install/turn_on_32chassis' for CMake module files
[18.236s] Level 1:colcon.colcon_core.environment:checking '/home/wheeltec/agribot/agribot_ws/install/turn_on_32chassis' for CMake config files
[18.238s] Level 1:colcon.colcon_core.shell:create_environment_hook('turn_on_32chassis', 'cmake_prefix_path')
[18.238s] INFO:colcon.colcon_core.shell:Creating environment hook '/home/wheeltec/agribot/agribot_ws/install/turn_on_32chassis/share/turn_on_32chassis/hook/cmake_prefix_path.ps1'
[18.240s] INFO:colcon.colcon_core.shell:Creating environment descriptor '/home/wheeltec/agribot/agribot_ws/install/turn_on_32chassis/share/turn_on_32chassis/hook/cmake_prefix_path.dsv'
[18.242s] DEBUG:colcon.colcon_core.event_handler.log_command:Invoked command in '/home/wheeltec/agribot/agribot_ws/build/turn_on_32chassis' returned '0': AMENT_PREFIX_PATH=/home/wheeltec/agribot/agribot_ws/install/fast_lio:${AMENT_PREFIX_PATH} CMAKE_PREFIX_PATH=/home/wheeltec/agribot/agribot_ws/install/yesense_std_ros2:/home/wheeltec/agribot/agribot_ws/install/yesense_interface:/home/wheeltec/agribot/agribot_ws/install/serial:/home/wheeltec/agribot/agribot_ws/install/fast_lio:/home/wheeltec/agribot/agribot_ws/install/turn_on_agribot:/home/wheeltec/agribot/agribot_ws/install/turn_on_32chassis:/home/wheeltec/agribot/agribot_ws/install/centerline_extraction:/home/wheeltec/ws_livox/install/livox_ros_driver2:/home/wheeltec/wheeltec_ros2/install/yesense_std_ros2:/home/wheeltec/wheeltec_ros2/install/yesense_interface:/home/wheeltec/wheeltec_ros2/install/wheeltec_slam_toolbox:/home/wheeltec/wheeltec_ros2/install/wheeltec_rviz2:/home/wheeltec/wheeltec_ros2/install/wheeltec_rrt_msg:/home/wheeltec/wheeltec_ros2/install/wheeltec_robot_urdf:/home/wheeltec/wheeltec_ros2/install/wheeltec_robot_rtab:/home/wheeltec/wheeltec_ros2/install/wheeltec_robot_rrt:/home/wheeltec/wheeltec_ros2/install/turn_on_wheeltec_robot:/home/wheeltec/wheeltec_ros2/install/wheeltec_robot_msg:/home/wheeltec/wheeltec_ros2/install/wheeltec_robot_kcf:/home/wheeltec/wheeltec_ros2/install/wheeltec_path_follow:/home/wheeltec/wheeltec_ros2/install/wheeltec_nav2:/home/wheeltec/wheeltec_ros2/install/wheeltec_multi:/home/wheeltec/wheeltec_ros2/install/wheeltec_mic_ros2:/home/wheeltec/wheeltec_ros2/install/wheeltec_mic_msg:/home/wheeltec/wheeltec_ros2/install/wheeltec_joy:/home/wheeltec/wheeltec_ros2/install/wheeltec_gps_driver:/home/wheeltec/wheeltec_ros2/install/wheeltec_cartographer:/home/wheeltec/wheeltec_ros2/install/wheeltec_aiui:/home/wheeltec/wheeltec_ros2/install/web_video_server:/home/wheeltec/wheeltec_ros2/install/usb_cam:/home/wheeltec/wheeltec_ros2/install/ublox:/home/wheeltec/wheeltec_ros2/install/ublox_gps:/home/wheeltec/wheeltec_ros2/install/ublox_msgs:/home/wheeltec/wheeltec_ros2/install/ublox_serialization:/home/wheeltec/wheeltec_ros2/install/tts:/home/wheeltec/wheeltec_ros2/install/slam_gmapping:/home/wheeltec/wheeltec_ros2/install/bodyreader:/home/wheeltec/wheeltec_ros2/install/serial:/home/wheeltec/wheeltec_ros2/install/rplidar_ros:/home/wheeltec/wheeltec_ros2/install/orb_slam2_ros:/home/wheeltec/wheeltec_ros2/install/openslam_gmapping:/home/wheeltec/wheeltec_ros2/install/ollama_ros_msgs:/home/wheeltec/wheeltec_ros2/install/nmea_msgs:/home/wheeltec/wheeltec_ros2/install/nav2_bringup:/home/wheeltec/wheeltec_ros2/install/navigation2:/home/wheeltec/wheeltec_ros2/install/nav2_smoother:/home/wheeltec/wheeltec_ros2/install/nav2_dwb_controller:/home/wheeltec/wheeltec_ros2/install/nav2_controller:/home/wheeltec/wheeltec_ros2/install/dwb_plugins:/home/wheeltec/wheeltec_ros2/install/dwb_critics:/home/wheeltec/wheeltec_ros2/install/dwb_core:/home/wheeltec/wheeltec_ros2/install/nav_2d_utils:/home/wheeltec/wheeltec_ros2/install/dwb_msgs:/home/wheeltec/wheeltec_ros2/install/nav_2d_msgs:/home/wheeltec/wheeltec_ros2/install/nav2_waypoint_follower:/home/wheeltec/wheeltec_ros2/install/nav2_theta_star_planner:/home/wheeltec/wheeltec_ros2/install/nav2_smac_planner:/home/wheeltec/wheeltec_ros2/install/nav2_rotation_shim_controller:/home/wheeltec/wheeltec_ros2/install/nav2_regulated_pure_pursuit_controller:/home/wheeltec/wheeltec_ros2/install/nav2_planner:/home/wheeltec/wheeltec_ros2/install/nav2_navfn_planner:/home/wheeltec/wheeltec_ros2/install/nav2_constrained_smoother:/home/wheeltec/wheeltec_ros2/install/nav2_bt_navigator:/home/wheeltec/wheeltec_ros2/install/nav2_behaviors:/home/wheeltec/wheeltec_ros2/install/nav2_core:/home/wheeltec/wheeltec_ros2/install/nav2_collision_monitor:/home/wheeltec/wheeltec_ros2/install/costmap_queue:/home/wheeltec/wheeltec_ros2/install/nav2_costmap_2d:/home/wheeltec/wheeltec_ros2/install/nav2_voxel_grid:/home/wheeltec/wheeltec_ros2/install/nav2_velocity_smoother:/home/wheeltec/wheeltec_ros2/install/nav2_rviz_plugins:/home/wheeltec/wheeltec_ros2/install/nav2_map_server:/home/wheeltec/wheeltec_ros2/install/nav2_lifecycle_manager:/home/wheeltec/wheeltec_ros2/install/nav2_behavior_tree:/home/wheeltec/wheeltec_ros2/install/nav2_amcl:/home/wheeltec/wheeltec_ros2/install/nav2_util:/home/wheeltec/wheeltec_ros2/install/nav2_msgs:/home/wheeltec/wheeltec_ros2/install/nav2_common:/home/wheeltec/wheeltec_ros2/install/lslidar_driver:/home/wheeltec/wheeltec_ros2/install/lslidar_msgs:/home/wheeltec/wheeltec_ros2/install/ldlidar_stl_ros2:/home/wheeltec/wheeltec_ros2/install/ldlidar_sl_ros2:/home/wheeltec/wheeltec_ros2/install/ldlidar:/home/wheeltec/wheeltec_ros2/install/bodyreader_msg:/home/wheeltec/wheeltec_ros2/install/astra_camera:/home/wheeltec/wheeltec_ros2/install/astra_camera_msgs:/home/wheeltec/wheeltec_ros2/install/aruco_ros:/home/wheeltec/wheeltec_ros2/install/aruco_msgs:/home/wheeltec/wheeltec_ros2/install/aruco:/home/wheeltec/wheeltec_ros2/install/ackermann_msgs:/home/wheeltec/wheeltec_ros2/install/simple_follower_ros2:/home/wheeltec/wheeltec_ros2/install/wheeltec_robot_keyboard:/home/wheeltec/wheeltec_ros2/install/wheeltec_dual_rtk_driver:/home/wheeltec/wheeltec_ros2/install/ultralytics_ros2:/home/wheeltec/wheeltec_ros2/install/tf2_tools:/home/wheeltec/wheeltec_ros2/install/ollama_ros_chat:/home/wheeltec/wheeltec_ros2/install/nmea_navsat_driver:/home/wheeltec/wheeltec_ros2/install/nav2_waypoint_cycle:/home/wheeltec/wheeltec_ros2/install/nav2_simple_commander:/home/wheeltec/wheeltec_ros2/install/auto_recharge_ros2:/opt/ros/humble LD_LIBRARY_PATH=/home/wheeltec/agribot/agribot_ws/install/yesense_interface/lib:/home/wheeltec/agribot/agribot_ws/install/fast_lio/lib:/usr/lib/aarch64-linux-gnu:/usr/lib/aarch64-linux-gnu:/home/wheeltec/agribot/agribot_ws/install/serial/lib:/home/wheeltec/ws_livox/install/livox_sdk2/lib:/home/wheeltec/ws_livox/install/livox_ros_driver2/lib:/home/wheeltec/wheeltec_ros2/install/yesense_interface/lib:/home/wheeltec/wheeltec_ros2/install/wheeltec_rrt_msg/lib:/home/wheeltec/wheeltec_ros2/install/wheeltec_robot_rrt/lib:/home/wheeltec/wheeltec_ros2/install/turn_on_wheeltec_robot/lib:/home/wheeltec/wheeltec_ros2/install/wheeltec_robot_msg/lib:/home/wheeltec/wheeltec_ros2/install/wheeltec_mic_msg/lib:/home/wheeltec/wheeltec_ros2/install/usb_cam/lib:/home/wheeltec/wheeltec_ros2/install/ublox_gps/lib:/home/wheeltec/wheeltec_ros2/install/ublox_msgs/lib:/home/wheeltec/wheeltec_ros2/install/serial/lib:/home/wheeltec/wheeltec_ros2/install/orb_slam2_ros/lib:/home/wheeltec/wheeltec_ros2/install/openslam_gmapping/lib:/home/wheeltec/wheeltec_ros2/install/ollama_ros_msgs/lib:/home/wheeltec/wheeltec_ros2/install/nmea_msgs/lib:/home/wheeltec/wheeltec_ros2/install/nav2_smoother/lib:/home/wheeltec/wheeltec_ros2/install/nav2_controller/lib:/home/wheeltec/wheeltec_ros2/install/dwb_plugins/lib:/home/wheeltec/wheeltec_ros2/install/dwb_critics/lib:/home/wheeltec/wheeltec_ros2/install/dwb_core/lib:/home/wheeltec/wheeltec_ros2/install/nav_2d_utils/lib:/home/wheeltec/wheeltec_ros2/install/dwb_msgs/lib:/home/wheeltec/wheeltec_ros2/install/nav_2d_msgs/lib:/home/wheeltec/wheeltec_ros2/install/nav2_waypoint_follower/lib:/home/wheeltec/wheeltec_ros2/install/nav2_theta_star_planner/lib:/home/wheeltec/wheeltec_ros2/install/nav2_smac_planner/lib:/home/wheeltec/wheeltec_ros2/install/nav2_rotation_shim_controller/lib:/home/wheeltec/wheeltec_ros2/install/nav2_regulated_pure_pursuit_controller/lib:/home/wheeltec/wheeltec_ros2/install/nav2_planner/lib:/home/wheeltec/wheeltec_ros2/install/nav2_navfn_planner/lib:/home/wheeltec/wheeltec_ros2/install/nav2_constrained_smoother/lib:/home/wheeltec/wheeltec_ros2/install/nav2_bt_navigator/lib:/home/wheeltec/wheeltec_ros2/install/nav2_behaviors/lib:/home/wheeltec/wheeltec_ros2/install/nav2_collision_monitor/lib:/home/wheeltec/wheeltec_ros2/install/costmap_queue/lib:/home/wheeltec/wheeltec_ros2/install/nav2_costmap_2d/lib:/home/wheeltec/wheeltec_ros2/install/nav2_voxel_grid/lib:/home/wheeltec/wheeltec_ros2/install/nav2_velocity_smoother/lib:/home/wheeltec/wheeltec_ros2/install/nav2_rviz_plugins/lib:/home/wheeltec/wheeltec_ros2/install/nav2_map_server/lib:/home/wheeltec/wheeltec_ros2/install/nav2_lifecycle_manager/lib:/home/wheeltec/wheeltec_ros2/install/nav2_behavior_tree/lib:/home/wheeltec/wheeltec_ros2/install/nav2_amcl/lib:/home/wheeltec/wheeltec_ros2/install/nav2_util/lib:/home/wheeltec/wheeltec_ros2/install/nav2_msgs/lib:/home/wheeltec/wheeltec_ros2/install/lslidar_msgs/lib:/home/wheeltec/wheeltec_ros2/install/bodyreader_msg/lib:/home/wheeltec/wheeltec_ros2/install/astra_camera/lib:/home/wheeltec/wheeltec_ros2/install/astra_camera_msgs/lib:/home/wheeltec/wheeltec_ros2/install/aruco_ros/lib:/home/wheeltec/wheeltec_ros2/install/aruco_msgs/lib:/home/wheeltec/wheeltec_ros2/install/aruco/lib:/home/wheeltec/wheeltec_ros2/install/ackermann_msgs/lib:/opt/ros/humble/opt/rviz_ogre_vendor/lib:/opt/ros/humble/lib/aarch64-linux-gnu:/opt/ros/humble/lib PYTHONPATH=/home/wheeltec/agribot/agribot_ws/install/fast_lio/local/lib/python3.10/dist-packages:${PYTHONPATH} /usr/bin/cmake --install /home/wheeltec/agribot/agribot_ws/build/turn_on_32chassis
[18.243s] INFO:colcon.colcon_core.shell:Creating environment hook '/home/wheeltec/agribot/agribot_ws/install/turn_on_32chassis/share/turn_on_32chassis/hook/cmake_prefix_path.sh'
[18.247s] Level 1:colcon.colcon_core.environment:checking '/home/wheeltec/agribot/agribot_ws/install/turn_on_32chassis/lib'
[18.248s] Level 1:colcon.colcon_core.environment:checking '/home/wheeltec/agribot/agribot_ws/install/turn_on_32chassis/bin'
[18.248s] Level 1:colcon.colcon_core.environment:checking '/home/wheeltec/agribot/agribot_ws/install/turn_on_32chassis/lib/pkgconfig/turn_on_32chassis.pc'
[18.248s] Level 1:colcon.colcon_core.environment:checking '/home/wheeltec/agribot/agribot_ws/install/turn_on_32chassis/lib/python3.10/site-packages'
[18.250s] Level 1:colcon.colcon_core.environment:checking '/home/wheeltec/agribot/agribot_ws/install/turn_on_32chassis/bin'
[18.251s] INFO:colcon.colcon_core.shell:Creating package script '/home/wheeltec/agribot/agribot_ws/install/turn_on_32chassis/share/turn_on_32chassis/package.ps1'
[18.254s] INFO:colcon.colcon_core.shell:Creating package descriptor '/home/wheeltec/agribot/agribot_ws/install/turn_on_32chassis/share/turn_on_32chassis/package.dsv'
[18.256s] INFO:colcon.colcon_core.shell:Creating package script '/home/wheeltec/agribot/agribot_ws/install/turn_on_32chassis/share/turn_on_32chassis/package.sh'
[18.258s] INFO:colcon.colcon_core.shell:Creating package script '/home/wheeltec/agribot/agribot_ws/install/turn_on_32chassis/share/turn_on_32chassis/package.bash'
[18.260s] INFO:colcon.colcon_core.shell:Creating package script '/home/wheeltec/agribot/agribot_ws/install/turn_on_32chassis/share/turn_on_32chassis/package.zsh'
[18.261s] Level 1:colcon.colcon_core.environment:create_file_with_runtime_dependencies(/home/wheeltec/agribot/agribot_ws/install/turn_on_32chassis/share/colcon-core/packages/turn_on_32chassis)
[18.264s] Level 1:colcon.colcon_core.environment:create_environment_scripts_only(turn_on_32chassis)
[18.265s] Level 1:colcon.colcon_core.environment:checking '/home/wheeltec/agribot/agribot_ws/install/turn_on_32chassis' for CMake module files
[18.266s] Level 1:colcon.colcon_core.environment:checking '/home/wheeltec/agribot/agribot_ws/install/turn_on_32chassis' for CMake config files
[18.268s] Level 1:colcon.colcon_core.shell:create_environment_hook('turn_on_32chassis', 'cmake_prefix_path')
[18.269s] INFO:colcon.colcon_core.shell:Creating environment hook '/home/wheeltec/agribot/agribot_ws/install/turn_on_32chassis/share/turn_on_32chassis/hook/cmake_prefix_path.ps1'
[18.271s] INFO:colcon.colcon_core.shell:Creating environment descriptor '/home/wheeltec/agribot/agribot_ws/install/turn_on_32chassis/share/turn_on_32chassis/hook/cmake_prefix_path.dsv'
[18.273s] INFO:colcon.colcon_core.shell:Creating environment hook '/home/wheeltec/agribot/agribot_ws/install/turn_on_32chassis/share/turn_on_32chassis/hook/cmake_prefix_path.sh'
[18.275s] Level 1:colcon.colcon_core.environment:checking '/home/wheeltec/agribot/agribot_ws/install/turn_on_32chassis/lib'
[18.276s] Level 1:colcon.colcon_core.environment:checking '/home/wheeltec/agribot/agribot_ws/install/turn_on_32chassis/bin'
[18.276s] Level 1:colcon.colcon_core.environment:checking '/home/wheeltec/agribot/agribot_ws/install/turn_on_32chassis/lib/pkgconfig/turn_on_32chassis.pc'
[18.277s] Level 1:colcon.colcon_core.environment:checking '/home/wheeltec/agribot/agribot_ws/install/turn_on_32chassis/lib/python3.10/site-packages'
[18.278s] Level 1:colcon.colcon_core.environment:checking '/home/wheeltec/agribot/agribot_ws/install/turn_on_32chassis/bin'
[18.280s] INFO:colcon.colcon_core.shell:Creating package script '/home/wheeltec/agribot/agribot_ws/install/turn_on_32chassis/share/turn_on_32chassis/package.ps1'
[18.282s] INFO:colcon.colcon_core.shell:Creating package descriptor '/home/wheeltec/agribot/agribot_ws/install/turn_on_32chassis/share/turn_on_32chassis/package.dsv'
[18.285s] INFO:colcon.colcon_core.shell:Creating package script '/home/wheeltec/agribot/agribot_ws/install/turn_on_32chassis/share/turn_on_32chassis/package.sh'
[18.287s] INFO:colcon.colcon_core.shell:Creating package script '/home/wheeltec/agribot/agribot_ws/install/turn_on_32chassis/share/turn_on_32chassis/package.bash'
[18.289s] INFO:colcon.colcon_core.shell:Creating package script '/home/wheeltec/agribot/agribot_ws/install/turn_on_32chassis/share/turn_on_32chassis/package.zsh'
[18.291s] Level 1:colcon.colcon_core.environment:create_file_with_runtime_dependencies(/home/wheeltec/agribot/agribot_ws/install/turn_on_32chassis/share/colcon-core/packages/turn_on_32chassis)
[18.294s] INFO:colcon.colcon_ros.task.ament_cmake.build:Building ROS package in '/home/wheeltec/agribot/agribot_ws/src/turn_on_agribot' with build type 'ament_cmake'
[18.295s] INFO:colcon.colcon_cmake.task.cmake.build:Building CMake package in '/home/wheeltec/agribot/agribot_ws/src/turn_on_agribot'
[18.296s] INFO:colcon.colcon_core.shell:Skip shell extension 'powershell' for command environment: Not usable outside of PowerShell
[18.297s] DEBUG:colcon.colcon_core.shell:Skip shell extension 'dsv' for command environment
[18.381s] DEBUG:colcon.colcon_core.event_handler.log_command:Invoking command in '/home/wheeltec/agribot/agribot_ws/build/turn_on_agribot': AMENT_PREFIX_PATH=/home/wheeltec/agribot/agribot_ws/install/fast_lio:${AMENT_PREFIX_PATH} CMAKE_PREFIX_PATH=/home/wheeltec/agribot/agribot_ws/install/turn_on_32chassis:/home/wheeltec/agribot/agribot_ws/install/yesense_std_ros2:/home/wheeltec/agribot/agribot_ws/install/yesense_interface:/home/wheeltec/agribot/agribot_ws/install/serial:/home/wheeltec/agribot/agribot_ws/install/fast_lio:/home/wheeltec/agribot/agribot_ws/install/turn_on_agribot:/home/wheeltec/agribot/agribot_ws/install/centerline_extraction:/home/wheeltec/ws_livox/install/livox_ros_driver2:/home/wheeltec/wheeltec_ros2/install/yesense_std_ros2:/home/wheeltec/wheeltec_ros2/install/yesense_interface:/home/wheeltec/wheeltec_ros2/install/wheeltec_slam_toolbox:/home/wheeltec/wheeltec_ros2/install/wheeltec_rviz2:/home/wheeltec/wheeltec_ros2/install/wheeltec_rrt_msg:/home/wheeltec/wheeltec_ros2/install/wheeltec_robot_urdf:/home/wheeltec/wheeltec_ros2/install/wheeltec_robot_rtab:/home/wheeltec/wheeltec_ros2/install/wheeltec_robot_rrt:/home/wheeltec/wheeltec_ros2/install/turn_on_wheeltec_robot:/home/wheeltec/wheeltec_ros2/install/wheeltec_robot_msg:/home/wheeltec/wheeltec_ros2/install/wheeltec_robot_kcf:/home/wheeltec/wheeltec_ros2/install/wheeltec_path_follow:/home/wheeltec/wheeltec_ros2/install/wheeltec_nav2:/home/wheeltec/wheeltec_ros2/install/wheeltec_multi:/home/wheeltec/wheeltec_ros2/install/wheeltec_mic_ros2:/home/wheeltec/wheeltec_ros2/install/wheeltec_mic_msg:/home/wheeltec/wheeltec_ros2/install/wheeltec_joy:/home/wheeltec/wheeltec_ros2/install/wheeltec_gps_driver:/home/wheeltec/wheeltec_ros2/install/wheeltec_cartographer:/home/wheeltec/wheeltec_ros2/install/wheeltec_aiui:/home/wheeltec/wheeltec_ros2/install/web_video_server:/home/wheeltec/wheeltec_ros2/install/usb_cam:/home/wheeltec/wheeltec_ros2/install/ublox:/home/wheeltec/wheeltec_ros2/install/ublox_gps:/home/wheeltec/wheeltec_ros2/install/ublox_msgs:/home/wheeltec/wheeltec_ros2/install/ublox_serialization:/home/wheeltec/wheeltec_ros2/install/tts:/home/wheeltec/wheeltec_ros2/install/slam_gmapping:/home/wheeltec/wheeltec_ros2/install/bodyreader:/home/wheeltec/wheeltec_ros2/install/serial:/home/wheeltec/wheeltec_ros2/install/rplidar_ros:/home/wheeltec/wheeltec_ros2/install/orb_slam2_ros:/home/wheeltec/wheeltec_ros2/install/openslam_gmapping:/home/wheeltec/wheeltec_ros2/install/ollama_ros_msgs:/home/wheeltec/wheeltec_ros2/install/nmea_msgs:/home/wheeltec/wheeltec_ros2/install/nav2_bringup:/home/wheeltec/wheeltec_ros2/install/navigation2:/home/wheeltec/wheeltec_ros2/install/nav2_smoother:/home/wheeltec/wheeltec_ros2/install/nav2_dwb_controller:/home/wheeltec/wheeltec_ros2/install/nav2_controller:/home/wheeltec/wheeltec_ros2/install/dwb_plugins:/home/wheeltec/wheeltec_ros2/install/dwb_critics:/home/wheeltec/wheeltec_ros2/install/dwb_core:/home/wheeltec/wheeltec_ros2/install/nav_2d_utils:/home/wheeltec/wheeltec_ros2/install/dwb_msgs:/home/wheeltec/wheeltec_ros2/install/nav_2d_msgs:/home/wheeltec/wheeltec_ros2/install/nav2_waypoint_follower:/home/wheeltec/wheeltec_ros2/install/nav2_theta_star_planner:/home/wheeltec/wheeltec_ros2/install/nav2_smac_planner:/home/wheeltec/wheeltec_ros2/install/nav2_rotation_shim_controller:/home/wheeltec/wheeltec_ros2/install/nav2_regulated_pure_pursuit_controller:/home/wheeltec/wheeltec_ros2/install/nav2_planner:/home/wheeltec/wheeltec_ros2/install/nav2_navfn_planner:/home/wheeltec/wheeltec_ros2/install/nav2_constrained_smoother:/home/wheeltec/wheeltec_ros2/install/nav2_bt_navigator:/home/wheeltec/wheeltec_ros2/install/nav2_behaviors:/home/wheeltec/wheeltec_ros2/install/nav2_core:/home/wheeltec/wheeltec_ros2/install/nav2_collision_monitor:/home/wheeltec/wheeltec_ros2/install/costmap_queue:/home/wheeltec/wheeltec_ros2/install/nav2_costmap_2d:/home/wheeltec/wheeltec_ros2/install/nav2_voxel_grid:/home/wheeltec/wheeltec_ros2/install/nav2_velocity_smoother:/home/wheeltec/wheeltec_ros2/install/nav2_rviz_plugins:/home/wheeltec/wheeltec_ros2/install/nav2_map_server:/home/wheeltec/wheeltec_ros2/install/nav2_lifecycle_manager:/home/wheeltec/wheeltec_ros2/install/nav2_behavior_tree:/home/wheeltec/wheeltec_ros2/install/nav2_amcl:/home/wheeltec/wheeltec_ros2/install/nav2_util:/home/wheeltec/wheeltec_ros2/install/nav2_msgs:/home/wheeltec/wheeltec_ros2/install/nav2_common:/home/wheeltec/wheeltec_ros2/install/lslidar_driver:/home/wheeltec/wheeltec_ros2/install/lslidar_msgs:/home/wheeltec/wheeltec_ros2/install/ldlidar_stl_ros2:/home/wheeltec/wheeltec_ros2/install/ldlidar_sl_ros2:/home/wheeltec/wheeltec_ros2/install/ldlidar:/home/wheeltec/wheeltec_ros2/install/bodyreader_msg:/home/wheeltec/wheeltec_ros2/install/astra_camera:/home/wheeltec/wheeltec_ros2/install/astra_camera_msgs:/home/wheeltec/wheeltec_ros2/install/aruco_ros:/home/wheeltec/wheeltec_ros2/install/aruco_msgs:/home/wheeltec/wheeltec_ros2/install/aruco:/home/wheeltec/wheeltec_ros2/install/ackermann_msgs:/home/wheeltec/wheeltec_ros2/install/simple_follower_ros2:/home/wheeltec/wheeltec_ros2/install/wheeltec_robot_keyboard:/home/wheeltec/wheeltec_ros2/install/wheeltec_dual_rtk_driver:/home/wheeltec/wheeltec_ros2/install/ultralytics_ros2:/home/wheeltec/wheeltec_ros2/install/tf2_tools:/home/wheeltec/wheeltec_ros2/install/ollama_ros_chat:/home/wheeltec/wheeltec_ros2/install/nmea_navsat_driver:/home/wheeltec/wheeltec_ros2/install/nav2_waypoint_cycle:/home/wheeltec/wheeltec_ros2/install/nav2_simple_commander:/home/wheeltec/wheeltec_ros2/install/auto_recharge_ros2:/opt/ros/humble LD_LIBRARY_PATH=/home/wheeltec/agribot/agribot_ws/install/yesense_interface/lib:/home/wheeltec/agribot/agribot_ws/install/fast_lio/lib:/usr/lib/aarch64-linux-gnu:/usr/lib/aarch64-linux-gnu:/home/wheeltec/agribot/agribot_ws/install/serial/lib:/home/wheeltec/ws_livox/install/livox_sdk2/lib:/home/wheeltec/ws_livox/install/livox_ros_driver2/lib:/home/wheeltec/wheeltec_ros2/install/yesense_interface/lib:/home/wheeltec/wheeltec_ros2/install/wheeltec_rrt_msg/lib:/home/wheeltec/wheeltec_ros2/install/wheeltec_robot_rrt/lib:/home/wheeltec/wheeltec_ros2/install/turn_on_wheeltec_robot/lib:/home/wheeltec/wheeltec_ros2/install/wheeltec_robot_msg/lib:/home/wheeltec/wheeltec_ros2/install/wheeltec_mic_msg/lib:/home/wheeltec/wheeltec_ros2/install/usb_cam/lib:/home/wheeltec/wheeltec_ros2/install/ublox_gps/lib:/home/wheeltec/wheeltec_ros2/install/ublox_msgs/lib:/home/wheeltec/wheeltec_ros2/install/serial/lib:/home/wheeltec/wheeltec_ros2/install/orb_slam2_ros/lib:/home/wheeltec/wheeltec_ros2/install/openslam_gmapping/lib:/home/wheeltec/wheeltec_ros2/install/ollama_ros_msgs/lib:/home/wheeltec/wheeltec_ros2/install/nmea_msgs/lib:/home/wheeltec/wheeltec_ros2/install/nav2_smoother/lib:/home/wheeltec/wheeltec_ros2/install/nav2_controller/lib:/home/wheeltec/wheeltec_ros2/install/dwb_plugins/lib:/home/wheeltec/wheeltec_ros2/install/dwb_critics/lib:/home/wheeltec/wheeltec_ros2/install/dwb_core/lib:/home/wheeltec/wheeltec_ros2/install/nav_2d_utils/lib:/home/wheeltec/wheeltec_ros2/install/dwb_msgs/lib:/home/wheeltec/wheeltec_ros2/install/nav_2d_msgs/lib:/home/wheeltec/wheeltec_ros2/install/nav2_waypoint_follower/lib:/home/wheeltec/wheeltec_ros2/install/nav2_theta_star_planner/lib:/home/wheeltec/wheeltec_ros2/install/nav2_smac_planner/lib:/home/wheeltec/wheeltec_ros2/install/nav2_rotation_shim_controller/lib:/home/wheeltec/wheeltec_ros2/install/nav2_regulated_pure_pursuit_controller/lib:/home/wheeltec/wheeltec_ros2/install/nav2_planner/lib:/home/wheeltec/wheeltec_ros2/install/nav2_navfn_planner/lib:/home/wheeltec/wheeltec_ros2/install/nav2_constrained_smoother/lib:/home/wheeltec/wheeltec_ros2/install/nav2_bt_navigator/lib:/home/wheeltec/wheeltec_ros2/install/nav2_behaviors/lib:/home/wheeltec/wheeltec_ros2/install/nav2_collision_monitor/lib:/home/wheeltec/wheeltec_ros2/install/costmap_queue/lib:/home/wheeltec/wheeltec_ros2/install/nav2_costmap_2d/lib:/home/wheeltec/wheeltec_ros2/install/nav2_voxel_grid/lib:/home/wheeltec/wheeltec_ros2/install/nav2_velocity_smoother/lib:/home/wheeltec/wheeltec_ros2/install/nav2_rviz_plugins/lib:/home/wheeltec/wheeltec_ros2/install/nav2_map_server/lib:/home/wheeltec/wheeltec_ros2/install/nav2_lifecycle_manager/lib:/home/wheeltec/wheeltec_ros2/install/nav2_behavior_tree/lib:/home/wheeltec/wheeltec_ros2/install/nav2_amcl/lib:/home/wheeltec/wheeltec_ros2/install/nav2_util/lib:/home/wheeltec/wheeltec_ros2/install/nav2_msgs/lib:/home/wheeltec/wheeltec_ros2/install/lslidar_msgs/lib:/home/wheeltec/wheeltec_ros2/install/bodyreader_msg/lib:/home/wheeltec/wheeltec_ros2/install/astra_camera/lib:/home/wheeltec/wheeltec_ros2/install/astra_camera_msgs/lib:/home/wheeltec/wheeltec_ros2/install/aruco_ros/lib:/home/wheeltec/wheeltec_ros2/install/aruco_msgs/lib:/home/wheeltec/wheeltec_ros2/install/aruco/lib:/home/wheeltec/wheeltec_ros2/install/ackermann_msgs/lib:/opt/ros/humble/opt/rviz_ogre_vendor/lib:/opt/ros/humble/lib/aarch64-linux-gnu:/opt/ros/humble/lib PYTHONPATH=/home/wheeltec/agribot/agribot_ws/install/fast_lio/local/lib/python3.10/dist-packages:${PYTHONPATH} /usr/bin/cmake /home/wheeltec/agribot/agribot_ws/src/turn_on_agribot -DCMAKE_INSTALL_PREFIX=/home/wheeltec/agribot/agribot_ws/install/turn_on_agribot
[19.198s] DEBUG:colcon.colcon_core.event_handler.log_command:Invoked command in '/home/wheeltec/agribot/agribot_ws/build/turn_on_agribot' returned '0': AMENT_PREFIX_PATH=/home/wheeltec/agribot/agribot_ws/install/fast_lio:${AMENT_PREFIX_PATH} CMAKE_PREFIX_PATH=/home/wheeltec/agribot/agribot_ws/install/turn_on_32chassis:/home/wheeltec/agribot/agribot_ws/install/yesense_std_ros2:/home/wheeltec/agribot/agribot_ws/install/yesense_interface:/home/wheeltec/agribot/agribot_ws/install/serial:/home/wheeltec/agribot/agribot_ws/install/fast_lio:/home/wheeltec/agribot/agribot_ws/install/turn_on_agribot:/home/wheeltec/agribot/agribot_ws/install/centerline_extraction:/home/wheeltec/ws_livox/install/livox_ros_driver2:/home/wheeltec/wheeltec_ros2/install/yesense_std_ros2:/home/wheeltec/wheeltec_ros2/install/yesense_interface:/home/wheeltec/wheeltec_ros2/install/wheeltec_slam_toolbox:/home/wheeltec/wheeltec_ros2/install/wheeltec_rviz2:/home/wheeltec/wheeltec_ros2/install/wheeltec_rrt_msg:/home/wheeltec/wheeltec_ros2/install/wheeltec_robot_urdf:/home/wheeltec/wheeltec_ros2/install/wheeltec_robot_rtab:/home/wheeltec/wheeltec_ros2/install/wheeltec_robot_rrt:/home/wheeltec/wheeltec_ros2/install/turn_on_wheeltec_robot:/home/wheeltec/wheeltec_ros2/install/wheeltec_robot_msg:/home/wheeltec/wheeltec_ros2/install/wheeltec_robot_kcf:/home/wheeltec/wheeltec_ros2/install/wheeltec_path_follow:/home/wheeltec/wheeltec_ros2/install/wheeltec_nav2:/home/wheeltec/wheeltec_ros2/install/wheeltec_multi:/home/wheeltec/wheeltec_ros2/install/wheeltec_mic_ros2:/home/wheeltec/wheeltec_ros2/install/wheeltec_mic_msg:/home/wheeltec/wheeltec_ros2/install/wheeltec_joy:/home/wheeltec/wheeltec_ros2/install/wheeltec_gps_driver:/home/wheeltec/wheeltec_ros2/install/wheeltec_cartographer:/home/wheeltec/wheeltec_ros2/install/wheeltec_aiui:/home/wheeltec/wheeltec_ros2/install/web_video_server:/home/wheeltec/wheeltec_ros2/install/usb_cam:/home/wheeltec/wheeltec_ros2/install/ublox:/home/wheeltec/wheeltec_ros2/install/ublox_gps:/home/wheeltec/wheeltec_ros2/install/ublox_msgs:/home/wheeltec/wheeltec_ros2/install/ublox_serialization:/home/wheeltec/wheeltec_ros2/install/tts:/home/wheeltec/wheeltec_ros2/install/slam_gmapping:/home/wheeltec/wheeltec_ros2/install/bodyreader:/home/wheeltec/wheeltec_ros2/install/serial:/home/wheeltec/wheeltec_ros2/install/rplidar_ros:/home/wheeltec/wheeltec_ros2/install/orb_slam2_ros:/home/wheeltec/wheeltec_ros2/install/openslam_gmapping:/home/wheeltec/wheeltec_ros2/install/ollama_ros_msgs:/home/wheeltec/wheeltec_ros2/install/nmea_msgs:/home/wheeltec/wheeltec_ros2/install/nav2_bringup:/home/wheeltec/wheeltec_ros2/install/navigation2:/home/wheeltec/wheeltec_ros2/install/nav2_smoother:/home/wheeltec/wheeltec_ros2/install/nav2_dwb_controller:/home/wheeltec/wheeltec_ros2/install/nav2_controller:/home/wheeltec/wheeltec_ros2/install/dwb_plugins:/home/wheeltec/wheeltec_ros2/install/dwb_critics:/home/wheeltec/wheeltec_ros2/install/dwb_core:/home/wheeltec/wheeltec_ros2/install/nav_2d_utils:/home/wheeltec/wheeltec_ros2/install/dwb_msgs:/home/wheeltec/wheeltec_ros2/install/nav_2d_msgs:/home/wheeltec/wheeltec_ros2/install/nav2_waypoint_follower:/home/wheeltec/wheeltec_ros2/install/nav2_theta_star_planner:/home/wheeltec/wheeltec_ros2/install/nav2_smac_planner:/home/wheeltec/wheeltec_ros2/install/nav2_rotation_shim_controller:/home/wheeltec/wheeltec_ros2/install/nav2_regulated_pure_pursuit_controller:/home/wheeltec/wheeltec_ros2/install/nav2_planner:/home/wheeltec/wheeltec_ros2/install/nav2_navfn_planner:/home/wheeltec/wheeltec_ros2/install/nav2_constrained_smoother:/home/wheeltec/wheeltec_ros2/install/nav2_bt_navigator:/home/wheeltec/wheeltec_ros2/install/nav2_behaviors:/home/wheeltec/wheeltec_ros2/install/nav2_core:/home/wheeltec/wheeltec_ros2/install/nav2_collision_monitor:/home/wheeltec/wheeltec_ros2/install/costmap_queue:/home/wheeltec/wheeltec_ros2/install/nav2_costmap_2d:/home/wheeltec/wheeltec_ros2/install/nav2_voxel_grid:/home/wheeltec/wheeltec_ros2/install/nav2_velocity_smoother:/home/wheeltec/wheeltec_ros2/install/nav2_rviz_plugins:/home/wheeltec/wheeltec_ros2/install/nav2_map_server:/home/wheeltec/wheeltec_ros2/install/nav2_lifecycle_manager:/home/wheeltec/wheeltec_ros2/install/nav2_behavior_tree:/home/wheeltec/wheeltec_ros2/install/nav2_amcl:/home/wheeltec/wheeltec_ros2/install/nav2_util:/home/wheeltec/wheeltec_ros2/install/nav2_msgs:/home/wheeltec/wheeltec_ros2/install/nav2_common:/home/wheeltec/wheeltec_ros2/install/lslidar_driver:/home/wheeltec/wheeltec_ros2/install/lslidar_msgs:/home/wheeltec/wheeltec_ros2/install/ldlidar_stl_ros2:/home/wheeltec/wheeltec_ros2/install/ldlidar_sl_ros2:/home/wheeltec/wheeltec_ros2/install/ldlidar:/home/wheeltec/wheeltec_ros2/install/bodyreader_msg:/home/wheeltec/wheeltec_ros2/install/astra_camera:/home/wheeltec/wheeltec_ros2/install/astra_camera_msgs:/home/wheeltec/wheeltec_ros2/install/aruco_ros:/home/wheeltec/wheeltec_ros2/install/aruco_msgs:/home/wheeltec/wheeltec_ros2/install/aruco:/home/wheeltec/wheeltec_ros2/install/ackermann_msgs:/home/wheeltec/wheeltec_ros2/install/simple_follower_ros2:/home/wheeltec/wheeltec_ros2/install/wheeltec_robot_keyboard:/home/wheeltec/wheeltec_ros2/install/wheeltec_dual_rtk_driver:/home/wheeltec/wheeltec_ros2/install/ultralytics_ros2:/home/wheeltec/wheeltec_ros2/install/tf2_tools:/home/wheeltec/wheeltec_ros2/install/ollama_ros_chat:/home/wheeltec/wheeltec_ros2/install/nmea_navsat_driver:/home/wheeltec/wheeltec_ros2/install/nav2_waypoint_cycle:/home/wheeltec/wheeltec_ros2/install/nav2_simple_commander:/home/wheeltec/wheeltec_ros2/install/auto_recharge_ros2:/opt/ros/humble LD_LIBRARY_PATH=/home/wheeltec/agribot/agribot_ws/install/yesense_interface/lib:/home/wheeltec/agribot/agribot_ws/install/fast_lio/lib:/usr/lib/aarch64-linux-gnu:/usr/lib/aarch64-linux-gnu:/home/wheeltec/agribot/agribot_ws/install/serial/lib:/home/wheeltec/ws_livox/install/livox_sdk2/lib:/home/wheeltec/ws_livox/install/livox_ros_driver2/lib:/home/wheeltec/wheeltec_ros2/install/yesense_interface/lib:/home/wheeltec/wheeltec_ros2/install/wheeltec_rrt_msg/lib:/home/wheeltec/wheeltec_ros2/install/wheeltec_robot_rrt/lib:/home/wheeltec/wheeltec_ros2/install/turn_on_wheeltec_robot/lib:/home/wheeltec/wheeltec_ros2/install/wheeltec_robot_msg/lib:/home/wheeltec/wheeltec_ros2/install/wheeltec_mic_msg/lib:/home/wheeltec/wheeltec_ros2/install/usb_cam/lib:/home/wheeltec/wheeltec_ros2/install/ublox_gps/lib:/home/wheeltec/wheeltec_ros2/install/ublox_msgs/lib:/home/wheeltec/wheeltec_ros2/install/serial/lib:/home/wheeltec/wheeltec_ros2/install/orb_slam2_ros/lib:/home/wheeltec/wheeltec_ros2/install/openslam_gmapping/lib:/home/wheeltec/wheeltec_ros2/install/ollama_ros_msgs/lib:/home/wheeltec/wheeltec_ros2/install/nmea_msgs/lib:/home/wheeltec/wheeltec_ros2/install/nav2_smoother/lib:/home/wheeltec/wheeltec_ros2/install/nav2_controller/lib:/home/wheeltec/wheeltec_ros2/install/dwb_plugins/lib:/home/wheeltec/wheeltec_ros2/install/dwb_critics/lib:/home/wheeltec/wheeltec_ros2/install/dwb_core/lib:/home/wheeltec/wheeltec_ros2/install/nav_2d_utils/lib:/home/wheeltec/wheeltec_ros2/install/dwb_msgs/lib:/home/wheeltec/wheeltec_ros2/install/nav_2d_msgs/lib:/home/wheeltec/wheeltec_ros2/install/nav2_waypoint_follower/lib:/home/wheeltec/wheeltec_ros2/install/nav2_theta_star_planner/lib:/home/wheeltec/wheeltec_ros2/install/nav2_smac_planner/lib:/home/wheeltec/wheeltec_ros2/install/nav2_rotation_shim_controller/lib:/home/wheeltec/wheeltec_ros2/install/nav2_regulated_pure_pursuit_controller/lib:/home/wheeltec/wheeltec_ros2/install/nav2_planner/lib:/home/wheeltec/wheeltec_ros2/install/nav2_navfn_planner/lib:/home/wheeltec/wheeltec_ros2/install/nav2_constrained_smoother/lib:/home/wheeltec/wheeltec_ros2/install/nav2_bt_navigator/lib:/home/wheeltec/wheeltec_ros2/install/nav2_behaviors/lib:/home/wheeltec/wheeltec_ros2/install/nav2_collision_monitor/lib:/home/wheeltec/wheeltec_ros2/install/costmap_queue/lib:/home/wheeltec/wheeltec_ros2/install/nav2_costmap_2d/lib:/home/wheeltec/wheeltec_ros2/install/nav2_voxel_grid/lib:/home/wheeltec/wheeltec_ros2/install/nav2_velocity_smoother/lib:/home/wheeltec/wheeltec_ros2/install/nav2_rviz_plugins/lib:/home/wheeltec/wheeltec_ros2/install/nav2_map_server/lib:/home/wheeltec/wheeltec_ros2/install/nav2_lifecycle_manager/lib:/home/wheeltec/wheeltec_ros2/install/nav2_behavior_tree/lib:/home/wheeltec/wheeltec_ros2/install/nav2_amcl/lib:/home/wheeltec/wheeltec_ros2/install/nav2_util/lib:/home/wheeltec/wheeltec_ros2/install/nav2_msgs/lib:/home/wheeltec/wheeltec_ros2/install/lslidar_msgs/lib:/home/wheeltec/wheeltec_ros2/install/bodyreader_msg/lib:/home/wheeltec/wheeltec_ros2/install/astra_camera/lib:/home/wheeltec/wheeltec_ros2/install/astra_camera_msgs/lib:/home/wheeltec/wheeltec_ros2/install/aruco_ros/lib:/home/wheeltec/wheeltec_ros2/install/aruco_msgs/lib:/home/wheeltec/wheeltec_ros2/install/aruco/lib:/home/wheeltec/wheeltec_ros2/install/ackermann_msgs/lib:/opt/ros/humble/opt/rviz_ogre_vendor/lib:/opt/ros/humble/lib/aarch64-linux-gnu:/opt/ros/humble/lib PYTHONPATH=/home/wheeltec/agribot/agribot_ws/install/fast_lio/local/lib/python3.10/dist-packages:${PYTHONPATH} /usr/bin/cmake /home/wheeltec/agribot/agribot_ws/src/turn_on_agribot -DCMAKE_INSTALL_PREFIX=/home/wheeltec/agribot/agribot_ws/install/turn_on_agribot
[19.200s] DEBUG:colcon.colcon_core.event_handler.log_command:Invoking command in '/home/wheeltec/agribot/agribot_ws/build/turn_on_agribot': AMENT_PREFIX_PATH=/home/wheeltec/agribot/agribot_ws/install/fast_lio:${AMENT_PREFIX_PATH} CMAKE_PREFIX_PATH=/home/wheeltec/agribot/agribot_ws/install/turn_on_32chassis:/home/wheeltec/agribot/agribot_ws/install/yesense_std_ros2:/home/wheeltec/agribot/agribot_ws/install/yesense_interface:/home/wheeltec/agribot/agribot_ws/install/serial:/home/wheeltec/agribot/agribot_ws/install/fast_lio:/home/wheeltec/agribot/agribot_ws/install/turn_on_agribot:/home/wheeltec/agribot/agribot_ws/install/centerline_extraction:/home/wheeltec/ws_livox/install/livox_ros_driver2:/home/wheeltec/wheeltec_ros2/install/yesense_std_ros2:/home/wheeltec/wheeltec_ros2/install/yesense_interface:/home/wheeltec/wheeltec_ros2/install/wheeltec_slam_toolbox:/home/wheeltec/wheeltec_ros2/install/wheeltec_rviz2:/home/wheeltec/wheeltec_ros2/install/wheeltec_rrt_msg:/home/wheeltec/wheeltec_ros2/install/wheeltec_robot_urdf:/home/wheeltec/wheeltec_ros2/install/wheeltec_robot_rtab:/home/wheeltec/wheeltec_ros2/install/wheeltec_robot_rrt:/home/wheeltec/wheeltec_ros2/install/turn_on_wheeltec_robot:/home/wheeltec/wheeltec_ros2/install/wheeltec_robot_msg:/home/wheeltec/wheeltec_ros2/install/wheeltec_robot_kcf:/home/wheeltec/wheeltec_ros2/install/wheeltec_path_follow:/home/wheeltec/wheeltec_ros2/install/wheeltec_nav2:/home/wheeltec/wheeltec_ros2/install/wheeltec_multi:/home/wheeltec/wheeltec_ros2/install/wheeltec_mic_ros2:/home/wheeltec/wheeltec_ros2/install/wheeltec_mic_msg:/home/wheeltec/wheeltec_ros2/install/wheeltec_joy:/home/wheeltec/wheeltec_ros2/install/wheeltec_gps_driver:/home/wheeltec/wheeltec_ros2/install/wheeltec_cartographer:/home/wheeltec/wheeltec_ros2/install/wheeltec_aiui:/home/wheeltec/wheeltec_ros2/install/web_video_server:/home/wheeltec/wheeltec_ros2/install/usb_cam:/home/wheeltec/wheeltec_ros2/install/ublox:/home/wheeltec/wheeltec_ros2/install/ublox_gps:/home/wheeltec/wheeltec_ros2/install/ublox_msgs:/home/wheeltec/wheeltec_ros2/install/ublox_serialization:/home/wheeltec/wheeltec_ros2/install/tts:/home/wheeltec/wheeltec_ros2/install/slam_gmapping:/home/wheeltec/wheeltec_ros2/install/bodyreader:/home/wheeltec/wheeltec_ros2/install/serial:/home/wheeltec/wheeltec_ros2/install/rplidar_ros:/home/wheeltec/wheeltec_ros2/install/orb_slam2_ros:/home/wheeltec/wheeltec_ros2/install/openslam_gmapping:/home/wheeltec/wheeltec_ros2/install/ollama_ros_msgs:/home/wheeltec/wheeltec_ros2/install/nmea_msgs:/home/wheeltec/wheeltec_ros2/install/nav2_bringup:/home/wheeltec/wheeltec_ros2/install/navigation2:/home/wheeltec/wheeltec_ros2/install/nav2_smoother:/home/wheeltec/wheeltec_ros2/install/nav2_dwb_controller:/home/wheeltec/wheeltec_ros2/install/nav2_controller:/home/wheeltec/wheeltec_ros2/install/dwb_plugins:/home/wheeltec/wheeltec_ros2/install/dwb_critics:/home/wheeltec/wheeltec_ros2/install/dwb_core:/home/wheeltec/wheeltec_ros2/install/nav_2d_utils:/home/wheeltec/wheeltec_ros2/install/dwb_msgs:/home/wheeltec/wheeltec_ros2/install/nav_2d_msgs:/home/wheeltec/wheeltec_ros2/install/nav2_waypoint_follower:/home/wheeltec/wheeltec_ros2/install/nav2_theta_star_planner:/home/wheeltec/wheeltec_ros2/install/nav2_smac_planner:/home/wheeltec/wheeltec_ros2/install/nav2_rotation_shim_controller:/home/wheeltec/wheeltec_ros2/install/nav2_regulated_pure_pursuit_controller:/home/wheeltec/wheeltec_ros2/install/nav2_planner:/home/wheeltec/wheeltec_ros2/install/nav2_navfn_planner:/home/wheeltec/wheeltec_ros2/install/nav2_constrained_smoother:/home/wheeltec/wheeltec_ros2/install/nav2_bt_navigator:/home/wheeltec/wheeltec_ros2/install/nav2_behaviors:/home/wheeltec/wheeltec_ros2/install/nav2_core:/home/wheeltec/wheeltec_ros2/install/nav2_collision_monitor:/home/wheeltec/wheeltec_ros2/install/costmap_queue:/home/wheeltec/wheeltec_ros2/install/nav2_costmap_2d:/home/wheeltec/wheeltec_ros2/install/nav2_voxel_grid:/home/wheeltec/wheeltec_ros2/install/nav2_velocity_smoother:/home/wheeltec/wheeltec_ros2/install/nav2_rviz_plugins:/home/wheeltec/wheeltec_ros2/install/nav2_map_server:/home/wheeltec/wheeltec_ros2/install/nav2_lifecycle_manager:/home/wheeltec/wheeltec_ros2/install/nav2_behavior_tree:/home/wheeltec/wheeltec_ros2/install/nav2_amcl:/home/wheeltec/wheeltec_ros2/install/nav2_util:/home/wheeltec/wheeltec_ros2/install/nav2_msgs:/home/wheeltec/wheeltec_ros2/install/nav2_common:/home/wheeltec/wheeltec_ros2/install/lslidar_driver:/home/wheeltec/wheeltec_ros2/install/lslidar_msgs:/home/wheeltec/wheeltec_ros2/install/ldlidar_stl_ros2:/home/wheeltec/wheeltec_ros2/install/ldlidar_sl_ros2:/home/wheeltec/wheeltec_ros2/install/ldlidar:/home/wheeltec/wheeltec_ros2/install/bodyreader_msg:/home/wheeltec/wheeltec_ros2/install/astra_camera:/home/wheeltec/wheeltec_ros2/install/astra_camera_msgs:/home/wheeltec/wheeltec_ros2/install/aruco_ros:/home/wheeltec/wheeltec_ros2/install/aruco_msgs:/home/wheeltec/wheeltec_ros2/install/aruco:/home/wheeltec/wheeltec_ros2/install/ackermann_msgs:/home/wheeltec/wheeltec_ros2/install/simple_follower_ros2:/home/wheeltec/wheeltec_ros2/install/wheeltec_robot_keyboard:/home/wheeltec/wheeltec_ros2/install/wheeltec_dual_rtk_driver:/home/wheeltec/wheeltec_ros2/install/ultralytics_ros2:/home/wheeltec/wheeltec_ros2/install/tf2_tools:/home/wheeltec/wheeltec_ros2/install/ollama_ros_chat:/home/wheeltec/wheeltec_ros2/install/nmea_navsat_driver:/home/wheeltec/wheeltec_ros2/install/nav2_waypoint_cycle:/home/wheeltec/wheeltec_ros2/install/nav2_simple_commander:/home/wheeltec/wheeltec_ros2/install/auto_recharge_ros2:/opt/ros/humble LD_LIBRARY_PATH=/home/wheeltec/agribot/agribot_ws/install/yesense_interface/lib:/home/wheeltec/agribot/agribot_ws/install/fast_lio/lib:/usr/lib/aarch64-linux-gnu:/usr/lib/aarch64-linux-gnu:/home/wheeltec/agribot/agribot_ws/install/serial/lib:/home/wheeltec/ws_livox/install/livox_sdk2/lib:/home/wheeltec/ws_livox/install/livox_ros_driver2/lib:/home/wheeltec/wheeltec_ros2/install/yesense_interface/lib:/home/wheeltec/wheeltec_ros2/install/wheeltec_rrt_msg/lib:/home/wheeltec/wheeltec_ros2/install/wheeltec_robot_rrt/lib:/home/wheeltec/wheeltec_ros2/install/turn_on_wheeltec_robot/lib:/home/wheeltec/wheeltec_ros2/install/wheeltec_robot_msg/lib:/home/wheeltec/wheeltec_ros2/install/wheeltec_mic_msg/lib:/home/wheeltec/wheeltec_ros2/install/usb_cam/lib:/home/wheeltec/wheeltec_ros2/install/ublox_gps/lib:/home/wheeltec/wheeltec_ros2/install/ublox_msgs/lib:/home/wheeltec/wheeltec_ros2/install/serial/lib:/home/wheeltec/wheeltec_ros2/install/orb_slam2_ros/lib:/home/wheeltec/wheeltec_ros2/install/openslam_gmapping/lib:/home/wheeltec/wheeltec_ros2/install/ollama_ros_msgs/lib:/home/wheeltec/wheeltec_ros2/install/nmea_msgs/lib:/home/wheeltec/wheeltec_ros2/install/nav2_smoother/lib:/home/wheeltec/wheeltec_ros2/install/nav2_controller/lib:/home/wheeltec/wheeltec_ros2/install/dwb_plugins/lib:/home/wheeltec/wheeltec_ros2/install/dwb_critics/lib:/home/wheeltec/wheeltec_ros2/install/dwb_core/lib:/home/wheeltec/wheeltec_ros2/install/nav_2d_utils/lib:/home/wheeltec/wheeltec_ros2/install/dwb_msgs/lib:/home/wheeltec/wheeltec_ros2/install/nav_2d_msgs/lib:/home/wheeltec/wheeltec_ros2/install/nav2_waypoint_follower/lib:/home/wheeltec/wheeltec_ros2/install/nav2_theta_star_planner/lib:/home/wheeltec/wheeltec_ros2/install/nav2_smac_planner/lib:/home/wheeltec/wheeltec_ros2/install/nav2_rotation_shim_controller/lib:/home/wheeltec/wheeltec_ros2/install/nav2_regulated_pure_pursuit_controller/lib:/home/wheeltec/wheeltec_ros2/install/nav2_planner/lib:/home/wheeltec/wheeltec_ros2/install/nav2_navfn_planner/lib:/home/wheeltec/wheeltec_ros2/install/nav2_constrained_smoother/lib:/home/wheeltec/wheeltec_ros2/install/nav2_bt_navigator/lib:/home/wheeltec/wheeltec_ros2/install/nav2_behaviors/lib:/home/wheeltec/wheeltec_ros2/install/nav2_collision_monitor/lib:/home/wheeltec/wheeltec_ros2/install/costmap_queue/lib:/home/wheeltec/wheeltec_ros2/install/nav2_costmap_2d/lib:/home/wheeltec/wheeltec_ros2/install/nav2_voxel_grid/lib:/home/wheeltec/wheeltec_ros2/install/nav2_velocity_smoother/lib:/home/wheeltec/wheeltec_ros2/install/nav2_rviz_plugins/lib:/home/wheeltec/wheeltec_ros2/install/nav2_map_server/lib:/home/wheeltec/wheeltec_ros2/install/nav2_lifecycle_manager/lib:/home/wheeltec/wheeltec_ros2/install/nav2_behavior_tree/lib:/home/wheeltec/wheeltec_ros2/install/nav2_amcl/lib:/home/wheeltec/wheeltec_ros2/install/nav2_util/lib:/home/wheeltec/wheeltec_ros2/install/nav2_msgs/lib:/home/wheeltec/wheeltec_ros2/install/lslidar_msgs/lib:/home/wheeltec/wheeltec_ros2/install/bodyreader_msg/lib:/home/wheeltec/wheeltec_ros2/install/astra_camera/lib:/home/wheeltec/wheeltec_ros2/install/astra_camera_msgs/lib:/home/wheeltec/wheeltec_ros2/install/aruco_ros/lib:/home/wheeltec/wheeltec_ros2/install/aruco_msgs/lib:/home/wheeltec/wheeltec_ros2/install/aruco/lib:/home/wheeltec/wheeltec_ros2/install/ackermann_msgs/lib:/opt/ros/humble/opt/rviz_ogre_vendor/lib:/opt/ros/humble/lib/aarch64-linux-gnu:/opt/ros/humble/lib PYTHONPATH=/home/wheeltec/agribot/agribot_ws/install/fast_lio/local/lib/python3.10/dist-packages:${PYTHONPATH} /usr/bin/cmake --build /home/wheeltec/agribot/agribot_ws/build/turn_on_agribot -- -j8 -l8
[19.299s] DEBUG:colcon.colcon_core.event_handler.log_command:Invoked command in '/home/wheeltec/agribot/agribot_ws/build/turn_on_agribot' returned '0': AMENT_PREFIX_PATH=/home/wheeltec/agribot/agribot_ws/install/fast_lio:${AMENT_PREFIX_PATH} CMAKE_PREFIX_PATH=/home/wheeltec/agribot/agribot_ws/install/turn_on_32chassis:/home/wheeltec/agribot/agribot_ws/install/yesense_std_ros2:/home/wheeltec/agribot/agribot_ws/install/yesense_interface:/home/wheeltec/agribot/agribot_ws/install/serial:/home/wheeltec/agribot/agribot_ws/install/fast_lio:/home/wheeltec/agribot/agribot_ws/install/turn_on_agribot:/home/wheeltec/agribot/agribot_ws/install/centerline_extraction:/home/wheeltec/ws_livox/install/livox_ros_driver2:/home/wheeltec/wheeltec_ros2/install/yesense_std_ros2:/home/wheeltec/wheeltec_ros2/install/yesense_interface:/home/wheeltec/wheeltec_ros2/install/wheeltec_slam_toolbox:/home/wheeltec/wheeltec_ros2/install/wheeltec_rviz2:/home/wheeltec/wheeltec_ros2/install/wheeltec_rrt_msg:/home/wheeltec/wheeltec_ros2/install/wheeltec_robot_urdf:/home/wheeltec/wheeltec_ros2/install/wheeltec_robot_rtab:/home/wheeltec/wheeltec_ros2/install/wheeltec_robot_rrt:/home/wheeltec/wheeltec_ros2/install/turn_on_wheeltec_robot:/home/wheeltec/wheeltec_ros2/install/wheeltec_robot_msg:/home/wheeltec/wheeltec_ros2/install/wheeltec_robot_kcf:/home/wheeltec/wheeltec_ros2/install/wheeltec_path_follow:/home/wheeltec/wheeltec_ros2/install/wheeltec_nav2:/home/wheeltec/wheeltec_ros2/install/wheeltec_multi:/home/wheeltec/wheeltec_ros2/install/wheeltec_mic_ros2:/home/wheeltec/wheeltec_ros2/install/wheeltec_mic_msg:/home/wheeltec/wheeltec_ros2/install/wheeltec_joy:/home/wheeltec/wheeltec_ros2/install/wheeltec_gps_driver:/home/wheeltec/wheeltec_ros2/install/wheeltec_cartographer:/home/wheeltec/wheeltec_ros2/install/wheeltec_aiui:/home/wheeltec/wheeltec_ros2/install/web_video_server:/home/wheeltec/wheeltec_ros2/install/usb_cam:/home/wheeltec/wheeltec_ros2/install/ublox:/home/wheeltec/wheeltec_ros2/install/ublox_gps:/home/wheeltec/wheeltec_ros2/install/ublox_msgs:/home/wheeltec/wheeltec_ros2/install/ublox_serialization:/home/wheeltec/wheeltec_ros2/install/tts:/home/wheeltec/wheeltec_ros2/install/slam_gmapping:/home/wheeltec/wheeltec_ros2/install/bodyreader:/home/wheeltec/wheeltec_ros2/install/serial:/home/wheeltec/wheeltec_ros2/install/rplidar_ros:/home/wheeltec/wheeltec_ros2/install/orb_slam2_ros:/home/wheeltec/wheeltec_ros2/install/openslam_gmapping:/home/wheeltec/wheeltec_ros2/install/ollama_ros_msgs:/home/wheeltec/wheeltec_ros2/install/nmea_msgs:/home/wheeltec/wheeltec_ros2/install/nav2_bringup:/home/wheeltec/wheeltec_ros2/install/navigation2:/home/wheeltec/wheeltec_ros2/install/nav2_smoother:/home/wheeltec/wheeltec_ros2/install/nav2_dwb_controller:/home/wheeltec/wheeltec_ros2/install/nav2_controller:/home/wheeltec/wheeltec_ros2/install/dwb_plugins:/home/wheeltec/wheeltec_ros2/install/dwb_critics:/home/wheeltec/wheeltec_ros2/install/dwb_core:/home/wheeltec/wheeltec_ros2/install/nav_2d_utils:/home/wheeltec/wheeltec_ros2/install/dwb_msgs:/home/wheeltec/wheeltec_ros2/install/nav_2d_msgs:/home/wheeltec/wheeltec_ros2/install/nav2_waypoint_follower:/home/wheeltec/wheeltec_ros2/install/nav2_theta_star_planner:/home/wheeltec/wheeltec_ros2/install/nav2_smac_planner:/home/wheeltec/wheeltec_ros2/install/nav2_rotation_shim_controller:/home/wheeltec/wheeltec_ros2/install/nav2_regulated_pure_pursuit_controller:/home/wheeltec/wheeltec_ros2/install/nav2_planner:/home/wheeltec/wheeltec_ros2/install/nav2_navfn_planner:/home/wheeltec/wheeltec_ros2/install/nav2_constrained_smoother:/home/wheeltec/wheeltec_ros2/install/nav2_bt_navigator:/home/wheeltec/wheeltec_ros2/install/nav2_behaviors:/home/wheeltec/wheeltec_ros2/install/nav2_core:/home/wheeltec/wheeltec_ros2/install/nav2_collision_monitor:/home/wheeltec/wheeltec_ros2/install/costmap_queue:/home/wheeltec/wheeltec_ros2/install/nav2_costmap_2d:/home/wheeltec/wheeltec_ros2/install/nav2_voxel_grid:/home/wheeltec/wheeltec_ros2/install/nav2_velocity_smoother:/home/wheeltec/wheeltec_ros2/install/nav2_rviz_plugins:/home/wheeltec/wheeltec_ros2/install/nav2_map_server:/home/wheeltec/wheeltec_ros2/install/nav2_lifecycle_manager:/home/wheeltec/wheeltec_ros2/install/nav2_behavior_tree:/home/wheeltec/wheeltec_ros2/install/nav2_amcl:/home/wheeltec/wheeltec_ros2/install/nav2_util:/home/wheeltec/wheeltec_ros2/install/nav2_msgs:/home/wheeltec/wheeltec_ros2/install/nav2_common:/home/wheeltec/wheeltec_ros2/install/lslidar_driver:/home/wheeltec/wheeltec_ros2/install/lslidar_msgs:/home/wheeltec/wheeltec_ros2/install/ldlidar_stl_ros2:/home/wheeltec/wheeltec_ros2/install/ldlidar_sl_ros2:/home/wheeltec/wheeltec_ros2/install/ldlidar:/home/wheeltec/wheeltec_ros2/install/bodyreader_msg:/home/wheeltec/wheeltec_ros2/install/astra_camera:/home/wheeltec/wheeltec_ros2/install/astra_camera_msgs:/home/wheeltec/wheeltec_ros2/install/aruco_ros:/home/wheeltec/wheeltec_ros2/install/aruco_msgs:/home/wheeltec/wheeltec_ros2/install/aruco:/home/wheeltec/wheeltec_ros2/install/ackermann_msgs:/home/wheeltec/wheeltec_ros2/install/simple_follower_ros2:/home/wheeltec/wheeltec_ros2/install/wheeltec_robot_keyboard:/home/wheeltec/wheeltec_ros2/install/wheeltec_dual_rtk_driver:/home/wheeltec/wheeltec_ros2/install/ultralytics_ros2:/home/wheeltec/wheeltec_ros2/install/tf2_tools:/home/wheeltec/wheeltec_ros2/install/ollama_ros_chat:/home/wheeltec/wheeltec_ros2/install/nmea_navsat_driver:/home/wheeltec/wheeltec_ros2/install/nav2_waypoint_cycle:/home/wheeltec/wheeltec_ros2/install/nav2_simple_commander:/home/wheeltec/wheeltec_ros2/install/auto_recharge_ros2:/opt/ros/humble LD_LIBRARY_PATH=/home/wheeltec/agribot/agribot_ws/install/yesense_interface/lib:/home/wheeltec/agribot/agribot_ws/install/fast_lio/lib:/usr/lib/aarch64-linux-gnu:/usr/lib/aarch64-linux-gnu:/home/wheeltec/agribot/agribot_ws/install/serial/lib:/home/wheeltec/ws_livox/install/livox_sdk2/lib:/home/wheeltec/ws_livox/install/livox_ros_driver2/lib:/home/wheeltec/wheeltec_ros2/install/yesense_interface/lib:/home/wheeltec/wheeltec_ros2/install/wheeltec_rrt_msg/lib:/home/wheeltec/wheeltec_ros2/install/wheeltec_robot_rrt/lib:/home/wheeltec/wheeltec_ros2/install/turn_on_wheeltec_robot/lib:/home/wheeltec/wheeltec_ros2/install/wheeltec_robot_msg/lib:/home/wheeltec/wheeltec_ros2/install/wheeltec_mic_msg/lib:/home/wheeltec/wheeltec_ros2/install/usb_cam/lib:/home/wheeltec/wheeltec_ros2/install/ublox_gps/lib:/home/wheeltec/wheeltec_ros2/install/ublox_msgs/lib:/home/wheeltec/wheeltec_ros2/install/serial/lib:/home/wheeltec/wheeltec_ros2/install/orb_slam2_ros/lib:/home/wheeltec/wheeltec_ros2/install/openslam_gmapping/lib:/home/wheeltec/wheeltec_ros2/install/ollama_ros_msgs/lib:/home/wheeltec/wheeltec_ros2/install/nmea_msgs/lib:/home/wheeltec/wheeltec_ros2/install/nav2_smoother/lib:/home/wheeltec/wheeltec_ros2/install/nav2_controller/lib:/home/wheeltec/wheeltec_ros2/install/dwb_plugins/lib:/home/wheeltec/wheeltec_ros2/install/dwb_critics/lib:/home/wheeltec/wheeltec_ros2/install/dwb_core/lib:/home/wheeltec/wheeltec_ros2/install/nav_2d_utils/lib:/home/wheeltec/wheeltec_ros2/install/dwb_msgs/lib:/home/wheeltec/wheeltec_ros2/install/nav_2d_msgs/lib:/home/wheeltec/wheeltec_ros2/install/nav2_waypoint_follower/lib:/home/wheeltec/wheeltec_ros2/install/nav2_theta_star_planner/lib:/home/wheeltec/wheeltec_ros2/install/nav2_smac_planner/lib:/home/wheeltec/wheeltec_ros2/install/nav2_rotation_shim_controller/lib:/home/wheeltec/wheeltec_ros2/install/nav2_regulated_pure_pursuit_controller/lib:/home/wheeltec/wheeltec_ros2/install/nav2_planner/lib:/home/wheeltec/wheeltec_ros2/install/nav2_navfn_planner/lib:/home/wheeltec/wheeltec_ros2/install/nav2_constrained_smoother/lib:/home/wheeltec/wheeltec_ros2/install/nav2_bt_navigator/lib:/home/wheeltec/wheeltec_ros2/install/nav2_behaviors/lib:/home/wheeltec/wheeltec_ros2/install/nav2_collision_monitor/lib:/home/wheeltec/wheeltec_ros2/install/costmap_queue/lib:/home/wheeltec/wheeltec_ros2/install/nav2_costmap_2d/lib:/home/wheeltec/wheeltec_ros2/install/nav2_voxel_grid/lib:/home/wheeltec/wheeltec_ros2/install/nav2_velocity_smoother/lib:/home/wheeltec/wheeltec_ros2/install/nav2_rviz_plugins/lib:/home/wheeltec/wheeltec_ros2/install/nav2_map_server/lib:/home/wheeltec/wheeltec_ros2/install/nav2_lifecycle_manager/lib:/home/wheeltec/wheeltec_ros2/install/nav2_behavior_tree/lib:/home/wheeltec/wheeltec_ros2/install/nav2_amcl/lib:/home/wheeltec/wheeltec_ros2/install/nav2_util/lib:/home/wheeltec/wheeltec_ros2/install/nav2_msgs/lib:/home/wheeltec/wheeltec_ros2/install/lslidar_msgs/lib:/home/wheeltec/wheeltec_ros2/install/bodyreader_msg/lib:/home/wheeltec/wheeltec_ros2/install/astra_camera/lib:/home/wheeltec/wheeltec_ros2/install/astra_camera_msgs/lib:/home/wheeltec/wheeltec_ros2/install/aruco_ros/lib:/home/wheeltec/wheeltec_ros2/install/aruco_msgs/lib:/home/wheeltec/wheeltec_ros2/install/aruco/lib:/home/wheeltec/wheeltec_ros2/install/ackermann_msgs/lib:/opt/ros/humble/opt/rviz_ogre_vendor/lib:/opt/ros/humble/lib/aarch64-linux-gnu:/opt/ros/humble/lib PYTHONPATH=/home/wheeltec/agribot/agribot_ws/install/fast_lio/local/lib/python3.10/dist-packages:${PYTHONPATH} /usr/bin/cmake --build /home/wheeltec/agribot/agribot_ws/build/turn_on_agribot -- -j8 -l8
[19.301s] DEBUG:colcon.colcon_core.event_handler.log_command:Invoking command in '/home/wheeltec/agribot/agribot_ws/build/turn_on_agribot': AMENT_PREFIX_PATH=/home/wheeltec/agribot/agribot_ws/install/fast_lio:${AMENT_PREFIX_PATH} CMAKE_PREFIX_PATH=/home/wheeltec/agribot/agribot_ws/install/turn_on_32chassis:/home/wheeltec/agribot/agribot_ws/install/yesense_std_ros2:/home/wheeltec/agribot/agribot_ws/install/yesense_interface:/home/wheeltec/agribot/agribot_ws/install/serial:/home/wheeltec/agribot/agribot_ws/install/fast_lio:/home/wheeltec/agribot/agribot_ws/install/turn_on_agribot:/home/wheeltec/agribot/agribot_ws/install/centerline_extraction:/home/wheeltec/ws_livox/install/livox_ros_driver2:/home/wheeltec/wheeltec_ros2/install/yesense_std_ros2:/home/wheeltec/wheeltec_ros2/install/yesense_interface:/home/wheeltec/wheeltec_ros2/install/wheeltec_slam_toolbox:/home/wheeltec/wheeltec_ros2/install/wheeltec_rviz2:/home/wheeltec/wheeltec_ros2/install/wheeltec_rrt_msg:/home/wheeltec/wheeltec_ros2/install/wheeltec_robot_urdf:/home/wheeltec/wheeltec_ros2/install/wheeltec_robot_rtab:/home/wheeltec/wheeltec_ros2/install/wheeltec_robot_rrt:/home/wheeltec/wheeltec_ros2/install/turn_on_wheeltec_robot:/home/wheeltec/wheeltec_ros2/install/wheeltec_robot_msg:/home/wheeltec/wheeltec_ros2/install/wheeltec_robot_kcf:/home/wheeltec/wheeltec_ros2/install/wheeltec_path_follow:/home/wheeltec/wheeltec_ros2/install/wheeltec_nav2:/home/wheeltec/wheeltec_ros2/install/wheeltec_multi:/home/wheeltec/wheeltec_ros2/install/wheeltec_mic_ros2:/home/wheeltec/wheeltec_ros2/install/wheeltec_mic_msg:/home/wheeltec/wheeltec_ros2/install/wheeltec_joy:/home/wheeltec/wheeltec_ros2/install/wheeltec_gps_driver:/home/wheeltec/wheeltec_ros2/install/wheeltec_cartographer:/home/wheeltec/wheeltec_ros2/install/wheeltec_aiui:/home/wheeltec/wheeltec_ros2/install/web_video_server:/home/wheeltec/wheeltec_ros2/install/usb_cam:/home/wheeltec/wheeltec_ros2/install/ublox:/home/wheeltec/wheeltec_ros2/install/ublox_gps:/home/wheeltec/wheeltec_ros2/install/ublox_msgs:/home/wheeltec/wheeltec_ros2/install/ublox_serialization:/home/wheeltec/wheeltec_ros2/install/tts:/home/wheeltec/wheeltec_ros2/install/slam_gmapping:/home/wheeltec/wheeltec_ros2/install/bodyreader:/home/wheeltec/wheeltec_ros2/install/serial:/home/wheeltec/wheeltec_ros2/install/rplidar_ros:/home/wheeltec/wheeltec_ros2/install/orb_slam2_ros:/home/wheeltec/wheeltec_ros2/install/openslam_gmapping:/home/wheeltec/wheeltec_ros2/install/ollama_ros_msgs:/home/wheeltec/wheeltec_ros2/install/nmea_msgs:/home/wheeltec/wheeltec_ros2/install/nav2_bringup:/home/wheeltec/wheeltec_ros2/install/navigation2:/home/wheeltec/wheeltec_ros2/install/nav2_smoother:/home/wheeltec/wheeltec_ros2/install/nav2_dwb_controller:/home/wheeltec/wheeltec_ros2/install/nav2_controller:/home/wheeltec/wheeltec_ros2/install/dwb_plugins:/home/wheeltec/wheeltec_ros2/install/dwb_critics:/home/wheeltec/wheeltec_ros2/install/dwb_core:/home/wheeltec/wheeltec_ros2/install/nav_2d_utils:/home/wheeltec/wheeltec_ros2/install/dwb_msgs:/home/wheeltec/wheeltec_ros2/install/nav_2d_msgs:/home/wheeltec/wheeltec_ros2/install/nav2_waypoint_follower:/home/wheeltec/wheeltec_ros2/install/nav2_theta_star_planner:/home/wheeltec/wheeltec_ros2/install/nav2_smac_planner:/home/wheeltec/wheeltec_ros2/install/nav2_rotation_shim_controller:/home/wheeltec/wheeltec_ros2/install/nav2_regulated_pure_pursuit_controller:/home/wheeltec/wheeltec_ros2/install/nav2_planner:/home/wheeltec/wheeltec_ros2/install/nav2_navfn_planner:/home/wheeltec/wheeltec_ros2/install/nav2_constrained_smoother:/home/wheeltec/wheeltec_ros2/install/nav2_bt_navigator:/home/wheeltec/wheeltec_ros2/install/nav2_behaviors:/home/wheeltec/wheeltec_ros2/install/nav2_core:/home/wheeltec/wheeltec_ros2/install/nav2_collision_monitor:/home/wheeltec/wheeltec_ros2/install/costmap_queue:/home/wheeltec/wheeltec_ros2/install/nav2_costmap_2d:/home/wheeltec/wheeltec_ros2/install/nav2_voxel_grid:/home/wheeltec/wheeltec_ros2/install/nav2_velocity_smoother:/home/wheeltec/wheeltec_ros2/install/nav2_rviz_plugins:/home/wheeltec/wheeltec_ros2/install/nav2_map_server:/home/wheeltec/wheeltec_ros2/install/nav2_lifecycle_manager:/home/wheeltec/wheeltec_ros2/install/nav2_behavior_tree:/home/wheeltec/wheeltec_ros2/install/nav2_amcl:/home/wheeltec/wheeltec_ros2/install/nav2_util:/home/wheeltec/wheeltec_ros2/install/nav2_msgs:/home/wheeltec/wheeltec_ros2/install/nav2_common:/home/wheeltec/wheeltec_ros2/install/lslidar_driver:/home/wheeltec/wheeltec_ros2/install/lslidar_msgs:/home/wheeltec/wheeltec_ros2/install/ldlidar_stl_ros2:/home/wheeltec/wheeltec_ros2/install/ldlidar_sl_ros2:/home/wheeltec/wheeltec_ros2/install/ldlidar:/home/wheeltec/wheeltec_ros2/install/bodyreader_msg:/home/wheeltec/wheeltec_ros2/install/astra_camera:/home/wheeltec/wheeltec_ros2/install/astra_camera_msgs:/home/wheeltec/wheeltec_ros2/install/aruco_ros:/home/wheeltec/wheeltec_ros2/install/aruco_msgs:/home/wheeltec/wheeltec_ros2/install/aruco:/home/wheeltec/wheeltec_ros2/install/ackermann_msgs:/home/wheeltec/wheeltec_ros2/install/simple_follower_ros2:/home/wheeltec/wheeltec_ros2/install/wheeltec_robot_keyboard:/home/wheeltec/wheeltec_ros2/install/wheeltec_dual_rtk_driver:/home/wheeltec/wheeltec_ros2/install/ultralytics_ros2:/home/wheeltec/wheeltec_ros2/install/tf2_tools:/home/wheeltec/wheeltec_ros2/install/ollama_ros_chat:/home/wheeltec/wheeltec_ros2/install/nmea_navsat_driver:/home/wheeltec/wheeltec_ros2/install/nav2_waypoint_cycle:/home/wheeltec/wheeltec_ros2/install/nav2_simple_commander:/home/wheeltec/wheeltec_ros2/install/auto_recharge_ros2:/opt/ros/humble LD_LIBRARY_PATH=/home/wheeltec/agribot/agribot_ws/install/yesense_interface/lib:/home/wheeltec/agribot/agribot_ws/install/fast_lio/lib:/usr/lib/aarch64-linux-gnu:/usr/lib/aarch64-linux-gnu:/home/wheeltec/agribot/agribot_ws/install/serial/lib:/home/wheeltec/ws_livox/install/livox_sdk2/lib:/home/wheeltec/ws_livox/install/livox_ros_driver2/lib:/home/wheeltec/wheeltec_ros2/install/yesense_interface/lib:/home/wheeltec/wheeltec_ros2/install/wheeltec_rrt_msg/lib:/home/wheeltec/wheeltec_ros2/install/wheeltec_robot_rrt/lib:/home/wheeltec/wheeltec_ros2/install/turn_on_wheeltec_robot/lib:/home/wheeltec/wheeltec_ros2/install/wheeltec_robot_msg/lib:/home/wheeltec/wheeltec_ros2/install/wheeltec_mic_msg/lib:/home/wheeltec/wheeltec_ros2/install/usb_cam/lib:/home/wheeltec/wheeltec_ros2/install/ublox_gps/lib:/home/wheeltec/wheeltec_ros2/install/ublox_msgs/lib:/home/wheeltec/wheeltec_ros2/install/serial/lib:/home/wheeltec/wheeltec_ros2/install/orb_slam2_ros/lib:/home/wheeltec/wheeltec_ros2/install/openslam_gmapping/lib:/home/wheeltec/wheeltec_ros2/install/ollama_ros_msgs/lib:/home/wheeltec/wheeltec_ros2/install/nmea_msgs/lib:/home/wheeltec/wheeltec_ros2/install/nav2_smoother/lib:/home/wheeltec/wheeltec_ros2/install/nav2_controller/lib:/home/wheeltec/wheeltec_ros2/install/dwb_plugins/lib:/home/wheeltec/wheeltec_ros2/install/dwb_critics/lib:/home/wheeltec/wheeltec_ros2/install/dwb_core/lib:/home/wheeltec/wheeltec_ros2/install/nav_2d_utils/lib:/home/wheeltec/wheeltec_ros2/install/dwb_msgs/lib:/home/wheeltec/wheeltec_ros2/install/nav_2d_msgs/lib:/home/wheeltec/wheeltec_ros2/install/nav2_waypoint_follower/lib:/home/wheeltec/wheeltec_ros2/install/nav2_theta_star_planner/lib:/home/wheeltec/wheeltec_ros2/install/nav2_smac_planner/lib:/home/wheeltec/wheeltec_ros2/install/nav2_rotation_shim_controller/lib:/home/wheeltec/wheeltec_ros2/install/nav2_regulated_pure_pursuit_controller/lib:/home/wheeltec/wheeltec_ros2/install/nav2_planner/lib:/home/wheeltec/wheeltec_ros2/install/nav2_navfn_planner/lib:/home/wheeltec/wheeltec_ros2/install/nav2_constrained_smoother/lib:/home/wheeltec/wheeltec_ros2/install/nav2_bt_navigator/lib:/home/wheeltec/wheeltec_ros2/install/nav2_behaviors/lib:/home/wheeltec/wheeltec_ros2/install/nav2_collision_monitor/lib:/home/wheeltec/wheeltec_ros2/install/costmap_queue/lib:/home/wheeltec/wheeltec_ros2/install/nav2_costmap_2d/lib:/home/wheeltec/wheeltec_ros2/install/nav2_voxel_grid/lib:/home/wheeltec/wheeltec_ros2/install/nav2_velocity_smoother/lib:/home/wheeltec/wheeltec_ros2/install/nav2_rviz_plugins/lib:/home/wheeltec/wheeltec_ros2/install/nav2_map_server/lib:/home/wheeltec/wheeltec_ros2/install/nav2_lifecycle_manager/lib:/home/wheeltec/wheeltec_ros2/install/nav2_behavior_tree/lib:/home/wheeltec/wheeltec_ros2/install/nav2_amcl/lib:/home/wheeltec/wheeltec_ros2/install/nav2_util/lib:/home/wheeltec/wheeltec_ros2/install/nav2_msgs/lib:/home/wheeltec/wheeltec_ros2/install/lslidar_msgs/lib:/home/wheeltec/wheeltec_ros2/install/bodyreader_msg/lib:/home/wheeltec/wheeltec_ros2/install/astra_camera/lib:/home/wheeltec/wheeltec_ros2/install/astra_camera_msgs/lib:/home/wheeltec/wheeltec_ros2/install/aruco_ros/lib:/home/wheeltec/wheeltec_ros2/install/aruco_msgs/lib:/home/wheeltec/wheeltec_ros2/install/aruco/lib:/home/wheeltec/wheeltec_ros2/install/ackermann_msgs/lib:/opt/ros/humble/opt/rviz_ogre_vendor/lib:/opt/ros/humble/lib/aarch64-linux-gnu:/opt/ros/humble/lib PYTHONPATH=/home/wheeltec/agribot/agribot_ws/install/fast_lio/local/lib/python3.10/dist-packages:${PYTHONPATH} /usr/bin/cmake --install /home/wheeltec/agribot/agribot_ws/build/turn_on_agribot
[19.344s] Level 1:colcon.colcon_core.environment:create_environment_scripts_only(turn_on_agribot)
[19.345s] Level 1:colcon.colcon_core.environment:checking '/home/wheeltec/agribot/agribot_ws/install/turn_on_agribot' for CMake module files
[19.346s] Level 1:colcon.colcon_core.environment:checking '/home/wheeltec/agribot/agribot_ws/install/turn_on_agribot' for CMake config files
[19.347s] Level 1:colcon.colcon_core.shell:create_environment_hook('turn_on_agribot', 'cmake_prefix_path')
[19.348s] INFO:colcon.colcon_core.shell:Creating environment hook '/home/wheeltec/agribot/agribot_ws/install/turn_on_agribot/share/turn_on_agribot/hook/cmake_prefix_path.ps1'
[19.350s] INFO:colcon.colcon_core.shell:Creating environment descriptor '/home/wheeltec/agribot/agribot_ws/install/turn_on_agribot/share/turn_on_agribot/hook/cmake_prefix_path.dsv'
[19.352s] INFO:colcon.colcon_core.shell:Creating environment hook '/home/wheeltec/agribot/agribot_ws/install/turn_on_agribot/share/turn_on_agribot/hook/cmake_prefix_path.sh'
[19.360s] DEBUG:colcon.colcon_core.event_handler.log_command:Invoked command in '/home/wheeltec/agribot/agribot_ws/build/turn_on_agribot' returned '0': AMENT_PREFIX_PATH=/home/wheeltec/agribot/agribot_ws/install/fast_lio:${AMENT_PREFIX_PATH} CMAKE_PREFIX_PATH=/home/wheeltec/agribot/agribot_ws/install/turn_on_32chassis:/home/wheeltec/agribot/agribot_ws/install/yesense_std_ros2:/home/wheeltec/agribot/agribot_ws/install/yesense_interface:/home/wheeltec/agribot/agribot_ws/install/serial:/home/wheeltec/agribot/agribot_ws/install/fast_lio:/home/wheeltec/agribot/agribot_ws/install/turn_on_agribot:/home/wheeltec/agribot/agribot_ws/install/centerline_extraction:/home/wheeltec/ws_livox/install/livox_ros_driver2:/home/wheeltec/wheeltec_ros2/install/yesense_std_ros2:/home/wheeltec/wheeltec_ros2/install/yesense_interface:/home/wheeltec/wheeltec_ros2/install/wheeltec_slam_toolbox:/home/wheeltec/wheeltec_ros2/install/wheeltec_rviz2:/home/wheeltec/wheeltec_ros2/install/wheeltec_rrt_msg:/home/wheeltec/wheeltec_ros2/install/wheeltec_robot_urdf:/home/wheeltec/wheeltec_ros2/install/wheeltec_robot_rtab:/home/wheeltec/wheeltec_ros2/install/wheeltec_robot_rrt:/home/wheeltec/wheeltec_ros2/install/turn_on_wheeltec_robot:/home/wheeltec/wheeltec_ros2/install/wheeltec_robot_msg:/home/wheeltec/wheeltec_ros2/install/wheeltec_robot_kcf:/home/wheeltec/wheeltec_ros2/install/wheeltec_path_follow:/home/wheeltec/wheeltec_ros2/install/wheeltec_nav2:/home/wheeltec/wheeltec_ros2/install/wheeltec_multi:/home/wheeltec/wheeltec_ros2/install/wheeltec_mic_ros2:/home/wheeltec/wheeltec_ros2/install/wheeltec_mic_msg:/home/wheeltec/wheeltec_ros2/install/wheeltec_joy:/home/wheeltec/wheeltec_ros2/install/wheeltec_gps_driver:/home/wheeltec/wheeltec_ros2/install/wheeltec_cartographer:/home/wheeltec/wheeltec_ros2/install/wheeltec_aiui:/home/wheeltec/wheeltec_ros2/install/web_video_server:/home/wheeltec/wheeltec_ros2/install/usb_cam:/home/wheeltec/wheeltec_ros2/install/ublox:/home/wheeltec/wheeltec_ros2/install/ublox_gps:/home/wheeltec/wheeltec_ros2/install/ublox_msgs:/home/wheeltec/wheeltec_ros2/install/ublox_serialization:/home/wheeltec/wheeltec_ros2/install/tts:/home/wheeltec/wheeltec_ros2/install/slam_gmapping:/home/wheeltec/wheeltec_ros2/install/bodyreader:/home/wheeltec/wheeltec_ros2/install/serial:/home/wheeltec/wheeltec_ros2/install/rplidar_ros:/home/wheeltec/wheeltec_ros2/install/orb_slam2_ros:/home/wheeltec/wheeltec_ros2/install/openslam_gmapping:/home/wheeltec/wheeltec_ros2/install/ollama_ros_msgs:/home/wheeltec/wheeltec_ros2/install/nmea_msgs:/home/wheeltec/wheeltec_ros2/install/nav2_bringup:/home/wheeltec/wheeltec_ros2/install/navigation2:/home/wheeltec/wheeltec_ros2/install/nav2_smoother:/home/wheeltec/wheeltec_ros2/install/nav2_dwb_controller:/home/wheeltec/wheeltec_ros2/install/nav2_controller:/home/wheeltec/wheeltec_ros2/install/dwb_plugins:/home/wheeltec/wheeltec_ros2/install/dwb_critics:/home/wheeltec/wheeltec_ros2/install/dwb_core:/home/wheeltec/wheeltec_ros2/install/nav_2d_utils:/home/wheeltec/wheeltec_ros2/install/dwb_msgs:/home/wheeltec/wheeltec_ros2/install/nav_2d_msgs:/home/wheeltec/wheeltec_ros2/install/nav2_waypoint_follower:/home/wheeltec/wheeltec_ros2/install/nav2_theta_star_planner:/home/wheeltec/wheeltec_ros2/install/nav2_smac_planner:/home/wheeltec/wheeltec_ros2/install/nav2_rotation_shim_controller:/home/wheeltec/wheeltec_ros2/install/nav2_regulated_pure_pursuit_controller:/home/wheeltec/wheeltec_ros2/install/nav2_planner:/home/wheeltec/wheeltec_ros2/install/nav2_navfn_planner:/home/wheeltec/wheeltec_ros2/install/nav2_constrained_smoother:/home/wheeltec/wheeltec_ros2/install/nav2_bt_navigator:/home/wheeltec/wheeltec_ros2/install/nav2_behaviors:/home/wheeltec/wheeltec_ros2/install/nav2_core:/home/wheeltec/wheeltec_ros2/install/nav2_collision_monitor:/home/wheeltec/wheeltec_ros2/install/costmap_queue:/home/wheeltec/wheeltec_ros2/install/nav2_costmap_2d:/home/wheeltec/wheeltec_ros2/install/nav2_voxel_grid:/home/wheeltec/wheeltec_ros2/install/nav2_velocity_smoother:/home/wheeltec/wheeltec_ros2/install/nav2_rviz_plugins:/home/wheeltec/wheeltec_ros2/install/nav2_map_server:/home/wheeltec/wheeltec_ros2/install/nav2_lifecycle_manager:/home/wheeltec/wheeltec_ros2/install/nav2_behavior_tree:/home/wheeltec/wheeltec_ros2/install/nav2_amcl:/home/wheeltec/wheeltec_ros2/install/nav2_util:/home/wheeltec/wheeltec_ros2/install/nav2_msgs:/home/wheeltec/wheeltec_ros2/install/nav2_common:/home/wheeltec/wheeltec_ros2/install/lslidar_driver:/home/wheeltec/wheeltec_ros2/install/lslidar_msgs:/home/wheeltec/wheeltec_ros2/install/ldlidar_stl_ros2:/home/wheeltec/wheeltec_ros2/install/ldlidar_sl_ros2:/home/wheeltec/wheeltec_ros2/install/ldlidar:/home/wheeltec/wheeltec_ros2/install/bodyreader_msg:/home/wheeltec/wheeltec_ros2/install/astra_camera:/home/wheeltec/wheeltec_ros2/install/astra_camera_msgs:/home/wheeltec/wheeltec_ros2/install/aruco_ros:/home/wheeltec/wheeltec_ros2/install/aruco_msgs:/home/wheeltec/wheeltec_ros2/install/aruco:/home/wheeltec/wheeltec_ros2/install/ackermann_msgs:/home/wheeltec/wheeltec_ros2/install/simple_follower_ros2:/home/wheeltec/wheeltec_ros2/install/wheeltec_robot_keyboard:/home/wheeltec/wheeltec_ros2/install/wheeltec_dual_rtk_driver:/home/wheeltec/wheeltec_ros2/install/ultralytics_ros2:/home/wheeltec/wheeltec_ros2/install/tf2_tools:/home/wheeltec/wheeltec_ros2/install/ollama_ros_chat:/home/wheeltec/wheeltec_ros2/install/nmea_navsat_driver:/home/wheeltec/wheeltec_ros2/install/nav2_waypoint_cycle:/home/wheeltec/wheeltec_ros2/install/nav2_simple_commander:/home/wheeltec/wheeltec_ros2/install/auto_recharge_ros2:/opt/ros/humble LD_LIBRARY_PATH=/home/wheeltec/agribot/agribot_ws/install/yesense_interface/lib:/home/wheeltec/agribot/agribot_ws/install/fast_lio/lib:/usr/lib/aarch64-linux-gnu:/usr/lib/aarch64-linux-gnu:/home/wheeltec/agribot/agribot_ws/install/serial/lib:/home/wheeltec/ws_livox/install/livox_sdk2/lib:/home/wheeltec/ws_livox/install/livox_ros_driver2/lib:/home/wheeltec/wheeltec_ros2/install/yesense_interface/lib:/home/wheeltec/wheeltec_ros2/install/wheeltec_rrt_msg/lib:/home/wheeltec/wheeltec_ros2/install/wheeltec_robot_rrt/lib:/home/wheeltec/wheeltec_ros2/install/turn_on_wheeltec_robot/lib:/home/wheeltec/wheeltec_ros2/install/wheeltec_robot_msg/lib:/home/wheeltec/wheeltec_ros2/install/wheeltec_mic_msg/lib:/home/wheeltec/wheeltec_ros2/install/usb_cam/lib:/home/wheeltec/wheeltec_ros2/install/ublox_gps/lib:/home/wheeltec/wheeltec_ros2/install/ublox_msgs/lib:/home/wheeltec/wheeltec_ros2/install/serial/lib:/home/wheeltec/wheeltec_ros2/install/orb_slam2_ros/lib:/home/wheeltec/wheeltec_ros2/install/openslam_gmapping/lib:/home/wheeltec/wheeltec_ros2/install/ollama_ros_msgs/lib:/home/wheeltec/wheeltec_ros2/install/nmea_msgs/lib:/home/wheeltec/wheeltec_ros2/install/nav2_smoother/lib:/home/wheeltec/wheeltec_ros2/install/nav2_controller/lib:/home/wheeltec/wheeltec_ros2/install/dwb_plugins/lib:/home/wheeltec/wheeltec_ros2/install/dwb_critics/lib:/home/wheeltec/wheeltec_ros2/install/dwb_core/lib:/home/wheeltec/wheeltec_ros2/install/nav_2d_utils/lib:/home/wheeltec/wheeltec_ros2/install/dwb_msgs/lib:/home/wheeltec/wheeltec_ros2/install/nav_2d_msgs/lib:/home/wheeltec/wheeltec_ros2/install/nav2_waypoint_follower/lib:/home/wheeltec/wheeltec_ros2/install/nav2_theta_star_planner/lib:/home/wheeltec/wheeltec_ros2/install/nav2_smac_planner/lib:/home/wheeltec/wheeltec_ros2/install/nav2_rotation_shim_controller/lib:/home/wheeltec/wheeltec_ros2/install/nav2_regulated_pure_pursuit_controller/lib:/home/wheeltec/wheeltec_ros2/install/nav2_planner/lib:/home/wheeltec/wheeltec_ros2/install/nav2_navfn_planner/lib:/home/wheeltec/wheeltec_ros2/install/nav2_constrained_smoother/lib:/home/wheeltec/wheeltec_ros2/install/nav2_bt_navigator/lib:/home/wheeltec/wheeltec_ros2/install/nav2_behaviors/lib:/home/wheeltec/wheeltec_ros2/install/nav2_collision_monitor/lib:/home/wheeltec/wheeltec_ros2/install/costmap_queue/lib:/home/wheeltec/wheeltec_ros2/install/nav2_costmap_2d/lib:/home/wheeltec/wheeltec_ros2/install/nav2_voxel_grid/lib:/home/wheeltec/wheeltec_ros2/install/nav2_velocity_smoother/lib:/home/wheeltec/wheeltec_ros2/install/nav2_rviz_plugins/lib:/home/wheeltec/wheeltec_ros2/install/nav2_map_server/lib:/home/wheeltec/wheeltec_ros2/install/nav2_lifecycle_manager/lib:/home/wheeltec/wheeltec_ros2/install/nav2_behavior_tree/lib:/home/wheeltec/wheeltec_ros2/install/nav2_amcl/lib:/home/wheeltec/wheeltec_ros2/install/nav2_util/lib:/home/wheeltec/wheeltec_ros2/install/nav2_msgs/lib:/home/wheeltec/wheeltec_ros2/install/lslidar_msgs/lib:/home/wheeltec/wheeltec_ros2/install/bodyreader_msg/lib:/home/wheeltec/wheeltec_ros2/install/astra_camera/lib:/home/wheeltec/wheeltec_ros2/install/astra_camera_msgs/lib:/home/wheeltec/wheeltec_ros2/install/aruco_ros/lib:/home/wheeltec/wheeltec_ros2/install/aruco_msgs/lib:/home/wheeltec/wheeltec_ros2/install/aruco/lib:/home/wheeltec/wheeltec_ros2/install/ackermann_msgs/lib:/opt/ros/humble/opt/rviz_ogre_vendor/lib:/opt/ros/humble/lib/aarch64-linux-gnu:/opt/ros/humble/lib PYTHONPATH=/home/wheeltec/agribot/agribot_ws/install/fast_lio/local/lib/python3.10/dist-packages:${PYTHONPATH} /usr/bin/cmake --install /home/wheeltec/agribot/agribot_ws/build/turn_on_agribot
[19.363s] Level 1:colcon.colcon_core.environment:checking '/home/wheeltec/agribot/agribot_ws/install/turn_on_agribot/bin'
[19.372s] Level 1:colcon.colcon_core.environment:checking '/home/wheeltec/agribot/agribot_ws/install/turn_on_agribot/lib/pkgconfig/turn_on_agribot.pc'
[19.373s] Level 1:colcon.colcon_core.environment:checking '/home/wheeltec/agribot/agribot_ws/install/turn_on_agribot/lib/python3.10/site-packages'
[19.374s] Level 1:colcon.colcon_core.environment:checking '/home/wheeltec/agribot/agribot_ws/install/turn_on_agribot/bin'
[19.375s] INFO:colcon.colcon_core.shell:Creating package script '/home/wheeltec/agribot/agribot_ws/install/turn_on_agribot/share/turn_on_agribot/package.ps1'
[19.377s] INFO:colcon.colcon_core.shell:Creating package descriptor '/home/wheeltec/agribot/agribot_ws/install/turn_on_agribot/share/turn_on_agribot/package.dsv'
[19.378s] INFO:colcon.colcon_core.shell:Creating package script '/home/wheeltec/agribot/agribot_ws/install/turn_on_agribot/share/turn_on_agribot/package.sh'
[19.382s] INFO:colcon.colcon_core.shell:Creating package script '/home/wheeltec/agribot/agribot_ws/install/turn_on_agribot/share/turn_on_agribot/package.bash'
[19.384s] INFO:colcon.colcon_core.shell:Creating package script '/home/wheeltec/agribot/agribot_ws/install/turn_on_agribot/share/turn_on_agribot/package.zsh'
[19.391s] Level 1:colcon.colcon_core.environment:create_file_with_runtime_dependencies(/home/wheeltec/agribot/agribot_ws/install/turn_on_agribot/share/colcon-core/packages/turn_on_agribot)
[19.395s] Level 1:colcon.colcon_core.environment:create_environment_scripts_only(turn_on_agribot)
[19.396s] Level 1:colcon.colcon_core.environment:checking '/home/wheeltec/agribot/agribot_ws/install/turn_on_agribot' for CMake module files
[19.398s] Level 1:colcon.colcon_core.environment:checking '/home/wheeltec/agribot/agribot_ws/install/turn_on_agribot' for CMake config files
[19.400s] Level 1:colcon.colcon_core.shell:create_environment_hook('turn_on_agribot', 'cmake_prefix_path')
[19.401s] INFO:colcon.colcon_core.shell:Creating environment hook '/home/wheeltec/agribot/agribot_ws/install/turn_on_agribot/share/turn_on_agribot/hook/cmake_prefix_path.ps1'
[19.404s] INFO:colcon.colcon_core.shell:Creating environment descriptor '/home/wheeltec/agribot/agribot_ws/install/turn_on_agribot/share/turn_on_agribot/hook/cmake_prefix_path.dsv'
[19.407s] INFO:colcon.colcon_core.shell:Creating environment hook '/home/wheeltec/agribot/agribot_ws/install/turn_on_agribot/share/turn_on_agribot/hook/cmake_prefix_path.sh'
[19.411s] Level 1:colcon.colcon_core.environment:checking '/home/wheeltec/agribot/agribot_ws/install/turn_on_agribot/bin'
[19.411s] Level 1:colcon.colcon_core.environment:checking '/home/wheeltec/agribot/agribot_ws/install/turn_on_agribot/lib/pkgconfig/turn_on_agribot.pc'
[19.412s] Level 1:colcon.colcon_core.environment:checking '/home/wheeltec/agribot/agribot_ws/install/turn_on_agribot/lib/python3.10/site-packages'
[19.413s] Level 1:colcon.colcon_core.environment:checking '/home/wheeltec/agribot/agribot_ws/install/turn_on_agribot/bin'
[19.415s] INFO:colcon.colcon_core.shell:Creating package script '/home/wheeltec/agribot/agribot_ws/install/turn_on_agribot/share/turn_on_agribot/package.ps1'
[19.417s] INFO:colcon.colcon_core.shell:Creating package descriptor '/home/wheeltec/agribot/agribot_ws/install/turn_on_agribot/share/turn_on_agribot/package.dsv'
[19.419s] INFO:colcon.colcon_core.shell:Creating package script '/home/wheeltec/agribot/agribot_ws/install/turn_on_agribot/share/turn_on_agribot/package.sh'
[19.421s] INFO:colcon.colcon_core.shell:Creating package script '/home/wheeltec/agribot/agribot_ws/install/turn_on_agribot/share/turn_on_agribot/package.bash'
[19.422s] INFO:colcon.colcon_core.shell:Creating package script '/home/wheeltec/agribot/agribot_ws/install/turn_on_agribot/share/turn_on_agribot/package.zsh'
[19.424s] Level 1:colcon.colcon_core.environment:create_file_with_runtime_dependencies(/home/wheeltec/agribot/agribot_ws/install/turn_on_agribot/share/colcon-core/packages/turn_on_agribot)
[19.427s] DEBUG:colcon.colcon_parallel_executor.executor.parallel:closing loop
[19.428s] DEBUG:colcon.colcon_parallel_executor.executor.parallel:loop closed
[19.428s] DEBUG:colcon.colcon_parallel_executor.executor.parallel:run_until_complete finished with '0'
[19.428s] DEBUG:colcon.colcon_core.event_reactor:joining thread
[19.430s] DEBUG:colcon.colcon_core.event_reactor:joined thread
[19.435s] INFO:colcon.colcon_core.shell:Creating prefix script '/home/wheeltec/agribot/agribot_ws/install/local_setup.ps1'
[19.438s] INFO:colcon.colcon_core.shell:Creating prefix util module '/home/wheeltec/agribot/agribot_ws/install/_local_setup_util_ps1.py'
[19.443s] INFO:colcon.colcon_core.shell:Creating prefix chain script '/home/wheeltec/agribot/agribot_ws/install/setup.ps1'
[19.468s] INFO:colcon.colcon_core.shell:Creating prefix script '/home/wheeltec/agribot/agribot_ws/install/local_setup.sh'
[19.470s] INFO:colcon.colcon_core.shell:Creating prefix util module '/home/wheeltec/agribot/agribot_ws/install/_local_setup_util_sh.py'
[19.471s] INFO:colcon.colcon_core.shell:Creating prefix chain script '/home/wheeltec/agribot/agribot_ws/install/setup.sh'
[19.484s] INFO:colcon.colcon_core.shell:Creating prefix script '/home/wheeltec/agribot/agribot_ws/install/local_setup.bash'
[19.485s] INFO:colcon.colcon_core.shell:Creating prefix chain script '/home/wheeltec/agribot/agribot_ws/install/setup.bash'
[19.497s] INFO:colcon.colcon_core.shell:Creating prefix script '/home/wheeltec/agribot/agribot_ws/install/local_setup.zsh'
[19.499s] INFO:colcon.colcon_core.shell:Creating prefix chain script '/home/wheeltec/agribot/agribot_ws/install/setup.zsh'
