[0.457s] DEBUG:colcon:Command line arguments: ['/usr/bin/colcon', 'build', '--packages-select', 'centerline_extraction', '--symlink-install']
[0.457s] DEBUG:colcon:Parsed command line arguments: Namespace(log_base=None, log_level=None, verb_name='build', build_base='build', install_base='install', merge_install=False, symlink_install=True, test_result_base=None, continue_on_error=False, executor='parallel', parallel_workers=8, event_handlers=None, ignore_user_meta=False, metas=['./colcon.meta'], base_paths=['.'], packages_ignore=None, packages_ignore_regex=None, paths=None, packages_up_to=None, packages_up_to_regex=None, packages_above=None, packages_above_and_dependencies=None, packages_above_depth=None, packages_select_by_dep=None, packages_skip_by_dep=None, packages_skip_up_to=None, packages_select_build_failed=False, packages_skip_build_finished=False, packages_select_test_failures=False, packages_skip_test_passed=False, packages_select=['centerline_extraction'], packages_skip=None, packages_select_regex=None, packages_skip_regex=None, packages_start=None, packages_end=None, allow_overriding=[], cmake_args=None, cmake_target=None, cmake_target_skip_unavailable=False, cmake_clean_cache=False, cmake_clean_first=False, cmake_force_configure=False, ament_cmake_args=None, catkin_cmake_args=None, catkin_skip_building_tests=False, verb_parser=<colcon_defaults.argument_parser.defaults.DefaultArgumentsDecorator object at 0xffffb886dfc0>, verb_extension=<colcon_core.verb.build.BuildVerb object at 0xffffb886da50>, main=<bound method BuildVerb.main of <colcon_core.verb.build.BuildVerb object at 0xffffb886da50>>)
[1.142s] Level 1:colcon.colcon_core.package_discovery:discover_packages(colcon_meta) check parameters
[1.142s] Level 1:colcon.colcon_core.package_discovery:discover_packages(recursive) check parameters
[1.143s] Level 1:colcon.colcon_core.package_discovery:discover_packages(ignore) check parameters
[1.143s] Level 1:colcon.colcon_core.package_discovery:discover_packages(path) check parameters
[1.143s] Level 1:colcon.colcon_core.package_discovery:discover_packages(colcon_meta) discover
[1.143s] Level 1:colcon.colcon_core.package_discovery:discover_packages(recursive) discover
[1.143s] INFO:colcon.colcon_core.package_discovery:Crawling recursively for packages in '/home/wheeltec/agribot/agribot_ws'
[1.144s] Level 1:colcon.colcon_core.package_identification:_identify(.) by extensions ['ignore', 'ignore_ament_install']
[1.144s] Level 1:colcon.colcon_core.package_identification:_identify(.) by extension 'ignore'
[1.144s] Level 1:colcon.colcon_core.package_identification:_identify(.) by extension 'ignore_ament_install'
[1.144s] Level 1:colcon.colcon_core.package_identification:_identify(.) by extensions ['colcon_pkg']
[1.144s] Level 1:colcon.colcon_core.package_identification:_identify(.) by extension 'colcon_pkg'
[1.144s] Level 1:colcon.colcon_core.package_identification:_identify(.) by extensions ['colcon_meta']
[1.145s] Level 1:colcon.colcon_core.package_identification:_identify(.) by extension 'colcon_meta'
[1.145s] Level 1:colcon.colcon_core.package_identification:_identify(.) by extensions ['ros']
[1.145s] Level 1:colcon.colcon_core.package_identification:_identify(.) by extension 'ros'
[1.181s] Level 1:colcon.colcon_core.package_identification:_identify(.) by extensions ['cmake', 'python']
[1.181s] Level 1:colcon.colcon_core.package_identification:_identify(.) by extension 'cmake'
[1.181s] Level 1:colcon.colcon_core.package_identification:_identify(.) by extension 'python'
[1.181s] Level 1:colcon.colcon_core.package_identification:_identify(.) by extensions ['python_setup_py']
[1.182s] Level 1:colcon.colcon_core.package_identification:_identify(.) by extension 'python_setup_py'
[1.182s] Level 1:colcon.colcon_core.package_identification:_identify(build) by extensions ['ignore', 'ignore_ament_install']
[1.182s] Level 1:colcon.colcon_core.package_identification:_identify(build) by extension 'ignore'
[1.182s] Level 1:colcon.colcon_core.package_identification:_identify(build) ignored
[1.183s] Level 1:colcon.colcon_core.package_identification:_identify(docs) by extensions ['ignore', 'ignore_ament_install']
[1.183s] Level 1:colcon.colcon_core.package_identification:_identify(docs) by extension 'ignore'
[1.183s] Level 1:colcon.colcon_core.package_identification:_identify(docs) by extension 'ignore_ament_install'
[1.183s] Level 1:colcon.colcon_core.package_identification:_identify(docs) by extensions ['colcon_pkg']
[1.183s] Level 1:colcon.colcon_core.package_identification:_identify(docs) by extension 'colcon_pkg'
[1.183s] Level 1:colcon.colcon_core.package_identification:_identify(docs) by extensions ['colcon_meta']
[1.183s] Level 1:colcon.colcon_core.package_identification:_identify(docs) by extension 'colcon_meta'
[1.183s] Level 1:colcon.colcon_core.package_identification:_identify(docs) by extensions ['ros']
[1.184s] Level 1:colcon.colcon_core.package_identification:_identify(docs) by extension 'ros'
[1.184s] Level 1:colcon.colcon_core.package_identification:_identify(docs) by extensions ['cmake', 'python']
[1.184s] Level 1:colcon.colcon_core.package_identification:_identify(docs) by extension 'cmake'
[1.184s] Level 1:colcon.colcon_core.package_identification:_identify(docs) by extension 'python'
[1.184s] Level 1:colcon.colcon_core.package_identification:_identify(docs) by extensions ['python_setup_py']
[1.184s] Level 1:colcon.colcon_core.package_identification:_identify(docs) by extension 'python_setup_py'
[1.184s] Level 1:colcon.colcon_core.package_identification:_identify(docs/experiments) by extensions ['ignore', 'ignore_ament_install']
[1.185s] Level 1:colcon.colcon_core.package_identification:_identify(docs/experiments) by extension 'ignore'
[1.185s] Level 1:colcon.colcon_core.package_identification:_identify(docs/experiments) by extension 'ignore_ament_install'
[1.185s] Level 1:colcon.colcon_core.package_identification:_identify(docs/experiments) by extensions ['colcon_pkg']
[1.185s] Level 1:colcon.colcon_core.package_identification:_identify(docs/experiments) by extension 'colcon_pkg'
[1.185s] Level 1:colcon.colcon_core.package_identification:_identify(docs/experiments) by extensions ['colcon_meta']
[1.185s] Level 1:colcon.colcon_core.package_identification:_identify(docs/experiments) by extension 'colcon_meta'
[1.185s] Level 1:colcon.colcon_core.package_identification:_identify(docs/experiments) by extensions ['ros']
[1.185s] Level 1:colcon.colcon_core.package_identification:_identify(docs/experiments) by extension 'ros'
[1.185s] Level 1:colcon.colcon_core.package_identification:_identify(docs/experiments) by extensions ['cmake', 'python']
[1.186s] Level 1:colcon.colcon_core.package_identification:_identify(docs/experiments) by extension 'cmake'
[1.186s] Level 1:colcon.colcon_core.package_identification:_identify(docs/experiments) by extension 'python'
[1.186s] Level 1:colcon.colcon_core.package_identification:_identify(docs/experiments) by extensions ['python_setup_py']
[1.186s] Level 1:colcon.colcon_core.package_identification:_identify(docs/experiments) by extension 'python_setup_py'
[1.186s] Level 1:colcon.colcon_core.package_identification:_identify(docs/experiments/figures) by extensions ['ignore', 'ignore_ament_install']
[1.186s] Level 1:colcon.colcon_core.package_identification:_identify(docs/experiments/figures) by extension 'ignore'
[1.186s] Level 1:colcon.colcon_core.package_identification:_identify(docs/experiments/figures) by extension 'ignore_ament_install'
[1.186s] Level 1:colcon.colcon_core.package_identification:_identify(docs/experiments/figures) by extensions ['colcon_pkg']
[1.187s] Level 1:colcon.colcon_core.package_identification:_identify(docs/experiments/figures) by extension 'colcon_pkg'
[1.187s] Level 1:colcon.colcon_core.package_identification:_identify(docs/experiments/figures) by extensions ['colcon_meta']
[1.187s] Level 1:colcon.colcon_core.package_identification:_identify(docs/experiments/figures) by extension 'colcon_meta'
[1.187s] Level 1:colcon.colcon_core.package_identification:_identify(docs/experiments/figures) by extensions ['ros']
[1.187s] Level 1:colcon.colcon_core.package_identification:_identify(docs/experiments/figures) by extension 'ros'
[1.187s] Level 1:colcon.colcon_core.package_identification:_identify(docs/experiments/figures) by extensions ['cmake', 'python']
[1.187s] Level 1:colcon.colcon_core.package_identification:_identify(docs/experiments/figures) by extension 'cmake'
[1.187s] Level 1:colcon.colcon_core.package_identification:_identify(docs/experiments/figures) by extension 'python'
[1.187s] Level 1:colcon.colcon_core.package_identification:_identify(docs/experiments/figures) by extensions ['python_setup_py']
[1.187s] Level 1:colcon.colcon_core.package_identification:_identify(docs/experiments/figures) by extension 'python_setup_py'
[1.188s] Level 1:colcon.colcon_core.package_identification:_identify(field_trial_results) by extensions ['ignore', 'ignore_ament_install']
[1.188s] Level 1:colcon.colcon_core.package_identification:_identify(field_trial_results) by extension 'ignore'
[1.188s] Level 1:colcon.colcon_core.package_identification:_identify(field_trial_results) by extension 'ignore_ament_install'
[1.188s] Level 1:colcon.colcon_core.package_identification:_identify(field_trial_results) by extensions ['colcon_pkg']
[1.188s] Level 1:colcon.colcon_core.package_identification:_identify(field_trial_results) by extension 'colcon_pkg'
[1.188s] Level 1:colcon.colcon_core.package_identification:_identify(field_trial_results) by extensions ['colcon_meta']
[1.188s] Level 1:colcon.colcon_core.package_identification:_identify(field_trial_results) by extension 'colcon_meta'
[1.188s] Level 1:colcon.colcon_core.package_identification:_identify(field_trial_results) by extensions ['ros']
[1.189s] Level 1:colcon.colcon_core.package_identification:_identify(field_trial_results) by extension 'ros'
[1.189s] Level 1:colcon.colcon_core.package_identification:_identify(field_trial_results) by extensions ['cmake', 'python']
[1.189s] Level 1:colcon.colcon_core.package_identification:_identify(field_trial_results) by extension 'cmake'
[1.189s] Level 1:colcon.colcon_core.package_identification:_identify(field_trial_results) by extension 'python'
[1.189s] Level 1:colcon.colcon_core.package_identification:_identify(field_trial_results) by extensions ['python_setup_py']
[1.189s] Level 1:colcon.colcon_core.package_identification:_identify(field_trial_results) by extension 'python_setup_py'
[1.189s] Level 1:colcon.colcon_core.package_identification:_identify(field_trial_results/20260726_151045_complex_qaware_v010_r1) by extensions ['ignore', 'ignore_ament_install']
[1.189s] Level 1:colcon.colcon_core.package_identification:_identify(field_trial_results/20260726_151045_complex_qaware_v010_r1) by extension 'ignore'
[1.190s] Level 1:colcon.colcon_core.package_identification:_identify(field_trial_results/20260726_151045_complex_qaware_v010_r1) by extension 'ignore_ament_install'
[1.190s] Level 1:colcon.colcon_core.package_identification:_identify(field_trial_results/20260726_151045_complex_qaware_v010_r1) by extensions ['colcon_pkg']
[1.190s] Level 1:colcon.colcon_core.package_identification:_identify(field_trial_results/20260726_151045_complex_qaware_v010_r1) by extension 'colcon_pkg'
[1.190s] Level 1:colcon.colcon_core.package_identification:_identify(field_trial_results/20260726_151045_complex_qaware_v010_r1) by extensions ['colcon_meta']
[1.190s] Level 1:colcon.colcon_core.package_identification:_identify(field_trial_results/20260726_151045_complex_qaware_v010_r1) by extension 'colcon_meta'
[1.190s] Level 1:colcon.colcon_core.package_identification:_identify(field_trial_results/20260726_151045_complex_qaware_v010_r1) by extensions ['ros']
[1.190s] Level 1:colcon.colcon_core.package_identification:_identify(field_trial_results/20260726_151045_complex_qaware_v010_r1) by extension 'ros'
[1.190s] Level 1:colcon.colcon_core.package_identification:_identify(field_trial_results/20260726_151045_complex_qaware_v010_r1) by extensions ['cmake', 'python']
[1.190s] Level 1:colcon.colcon_core.package_identification:_identify(field_trial_results/20260726_151045_complex_qaware_v010_r1) by extension 'cmake'
[1.190s] Level 1:colcon.colcon_core.package_identification:_identify(field_trial_results/20260726_151045_complex_qaware_v010_r1) by extension 'python'
[1.191s] Level 1:colcon.colcon_core.package_identification:_identify(field_trial_results/20260726_151045_complex_qaware_v010_r1) by extensions ['python_setup_py']
[1.191s] Level 1:colcon.colcon_core.package_identification:_identify(field_trial_results/20260726_151045_complex_qaware_v010_r1) by extension 'python_setup_py'
[1.191s] Level 1:colcon.colcon_core.package_identification:_identify(field_trial_results/20260726_151647_complex_qaware_v018_r1) by extensions ['ignore', 'ignore_ament_install']
[1.191s] Level 1:colcon.colcon_core.package_identification:_identify(field_trial_results/20260726_151647_complex_qaware_v018_r1) by extension 'ignore'
[1.191s] Level 1:colcon.colcon_core.package_identification:_identify(field_trial_results/20260726_151647_complex_qaware_v018_r1) by extension 'ignore_ament_install'
[1.191s] Level 1:colcon.colcon_core.package_identification:_identify(field_trial_results/20260726_151647_complex_qaware_v018_r1) by extensions ['colcon_pkg']
[1.191s] Level 1:colcon.colcon_core.package_identification:_identify(field_trial_results/20260726_151647_complex_qaware_v018_r1) by extension 'colcon_pkg'
[1.191s] Level 1:colcon.colcon_core.package_identification:_identify(field_trial_results/20260726_151647_complex_qaware_v018_r1) by extensions ['colcon_meta']
[1.192s] Level 1:colcon.colcon_core.package_identification:_identify(field_trial_results/20260726_151647_complex_qaware_v018_r1) by extension 'colcon_meta'
[1.192s] Level 1:colcon.colcon_core.package_identification:_identify(field_trial_results/20260726_151647_complex_qaware_v018_r1) by extensions ['ros']
[1.192s] Level 1:colcon.colcon_core.package_identification:_identify(field_trial_results/20260726_151647_complex_qaware_v018_r1) by extension 'ros'
[1.192s] Level 1:colcon.colcon_core.package_identification:_identify(field_trial_results/20260726_151647_complex_qaware_v018_r1) by extensions ['cmake', 'python']
[1.192s] Level 1:colcon.colcon_core.package_identification:_identify(field_trial_results/20260726_151647_complex_qaware_v018_r1) by extension 'cmake'
[1.192s] Level 1:colcon.colcon_core.package_identification:_identify(field_trial_results/20260726_151647_complex_qaware_v018_r1) by extension 'python'
[1.192s] Level 1:colcon.colcon_core.package_identification:_identify(field_trial_results/20260726_151647_complex_qaware_v018_r1) by extensions ['python_setup_py']
[1.192s] Level 1:colcon.colcon_core.package_identification:_identify(field_trial_results/20260726_151647_complex_qaware_v018_r1) by extension 'python_setup_py'
[1.193s] Level 1:colcon.colcon_core.package_identification:_identify(field_trial_results/20260726_152216_complex_qaware_v018_r2) by extensions ['ignore', 'ignore_ament_install']
[1.193s] Level 1:colcon.colcon_core.package_identification:_identify(field_trial_results/20260726_152216_complex_qaware_v018_r2) by extension 'ignore'
[1.193s] Level 1:colcon.colcon_core.package_identification:_identify(field_trial_results/20260726_152216_complex_qaware_v018_r2) by extension 'ignore_ament_install'
[1.193s] Level 1:colcon.colcon_core.package_identification:_identify(field_trial_results/20260726_152216_complex_qaware_v018_r2) by extensions ['colcon_pkg']
[1.193s] Level 1:colcon.colcon_core.package_identification:_identify(field_trial_results/20260726_152216_complex_qaware_v018_r2) by extension 'colcon_pkg'
[1.193s] Level 1:colcon.colcon_core.package_identification:_identify(field_trial_results/20260726_152216_complex_qaware_v018_r2) by extensions ['colcon_meta']
[1.193s] Level 1:colcon.colcon_core.package_identification:_identify(field_trial_results/20260726_152216_complex_qaware_v018_r2) by extension 'colcon_meta'
[1.193s] Level 1:colcon.colcon_core.package_identification:_identify(field_trial_results/20260726_152216_complex_qaware_v018_r2) by extensions ['ros']
[1.193s] Level 1:colcon.colcon_core.package_identification:_identify(field_trial_results/20260726_152216_complex_qaware_v018_r2) by extension 'ros'
[1.194s] Level 1:colcon.colcon_core.package_identification:_identify(field_trial_results/20260726_152216_complex_qaware_v018_r2) by extensions ['cmake', 'python']
[1.194s] Level 1:colcon.colcon_core.package_identification:_identify(field_trial_results/20260726_152216_complex_qaware_v018_r2) by extension 'cmake'
[1.194s] Level 1:colcon.colcon_core.package_identification:_identify(field_trial_results/20260726_152216_complex_qaware_v018_r2) by extension 'python'
[1.194s] Level 1:colcon.colcon_core.package_identification:_identify(field_trial_results/20260726_152216_complex_qaware_v018_r2) by extensions ['python_setup_py']
[1.194s] Level 1:colcon.colcon_core.package_identification:_identify(field_trial_results/20260726_152216_complex_qaware_v018_r2) by extension 'python_setup_py'
[1.194s] Level 1:colcon.colcon_core.package_identification:_identify(field_trial_results/20260726_152358_complex_qaware_v018_r3) by extensions ['ignore', 'ignore_ament_install']
[1.194s] Level 1:colcon.colcon_core.package_identification:_identify(field_trial_results/20260726_152358_complex_qaware_v018_r3) by extension 'ignore'
[1.194s] Level 1:colcon.colcon_core.package_identification:_identify(field_trial_results/20260726_152358_complex_qaware_v018_r3) by extension 'ignore_ament_install'
[1.195s] Level 1:colcon.colcon_core.package_identification:_identify(field_trial_results/20260726_152358_complex_qaware_v018_r3) by extensions ['colcon_pkg']
[1.195s] Level 1:colcon.colcon_core.package_identification:_identify(field_trial_results/20260726_152358_complex_qaware_v018_r3) by extension 'colcon_pkg'
[1.195s] Level 1:colcon.colcon_core.package_identification:_identify(field_trial_results/20260726_152358_complex_qaware_v018_r3) by extensions ['colcon_meta']
[1.195s] Level 1:colcon.colcon_core.package_identification:_identify(field_trial_results/20260726_152358_complex_qaware_v018_r3) by extension 'colcon_meta'
[1.195s] Level 1:colcon.colcon_core.package_identification:_identify(field_trial_results/20260726_152358_complex_qaware_v018_r3) by extensions ['ros']
[1.195s] Level 1:colcon.colcon_core.package_identification:_identify(field_trial_results/20260726_152358_complex_qaware_v018_r3) by extension 'ros'
[1.195s] Level 1:colcon.colcon_core.package_identification:_identify(field_trial_results/20260726_152358_complex_qaware_v018_r3) by extensions ['cmake', 'python']
[1.195s] Level 1:colcon.colcon_core.package_identification:_identify(field_trial_results/20260726_152358_complex_qaware_v018_r3) by extension 'cmake'
[1.195s] Level 1:colcon.colcon_core.package_identification:_identify(field_trial_results/20260726_152358_complex_qaware_v018_r3) by extension 'python'
[1.195s] Level 1:colcon.colcon_core.package_identification:_identify(field_trial_results/20260726_152358_complex_qaware_v018_r3) by extensions ['python_setup_py']
[1.196s] Level 1:colcon.colcon_core.package_identification:_identify(field_trial_results/20260726_152358_complex_qaware_v018_r3) by extension 'python_setup_py'
[1.196s] Level 1:colcon.colcon_core.package_identification:_identify(field_trial_results/20260726_152523_complex_qaware_v018_r4) by extensions ['ignore', 'ignore_ament_install']
[1.196s] Level 1:colcon.colcon_core.package_identification:_identify(field_trial_results/20260726_152523_complex_qaware_v018_r4) by extension 'ignore'
[1.196s] Level 1:colcon.colcon_core.package_identification:_identify(field_trial_results/20260726_152523_complex_qaware_v018_r4) by extension 'ignore_ament_install'
[1.196s] Level 1:colcon.colcon_core.package_identification:_identify(field_trial_results/20260726_152523_complex_qaware_v018_r4) by extensions ['colcon_pkg']
[1.196s] Level 1:colcon.colcon_core.package_identification:_identify(field_trial_results/20260726_152523_complex_qaware_v018_r4) by extension 'colcon_pkg'
[1.196s] Level 1:colcon.colcon_core.package_identification:_identify(field_trial_results/20260726_152523_complex_qaware_v018_r4) by extensions ['colcon_meta']
[1.196s] Level 1:colcon.colcon_core.package_identification:_identify(field_trial_results/20260726_152523_complex_qaware_v018_r4) by extension 'colcon_meta'
[1.197s] Level 1:colcon.colcon_core.package_identification:_identify(field_trial_results/20260726_152523_complex_qaware_v018_r4) by extensions ['ros']
[1.197s] Level 1:colcon.colcon_core.package_identification:_identify(field_trial_results/20260726_152523_complex_qaware_v018_r4) by extension 'ros'
[1.197s] Level 1:colcon.colcon_core.package_identification:_identify(field_trial_results/20260726_152523_complex_qaware_v018_r4) by extensions ['cmake', 'python']
[1.197s] Level 1:colcon.colcon_core.package_identification:_identify(field_trial_results/20260726_152523_complex_qaware_v018_r4) by extension 'cmake'
[1.197s] Level 1:colcon.colcon_core.package_identification:_identify(field_trial_results/20260726_152523_complex_qaware_v018_r4) by extension 'python'
[1.197s] Level 1:colcon.colcon_core.package_identification:_identify(field_trial_results/20260726_152523_complex_qaware_v018_r4) by extensions ['python_setup_py']
[1.197s] Level 1:colcon.colcon_core.package_identification:_identify(field_trial_results/20260726_152523_complex_qaware_v018_r4) by extension 'python_setup_py'
[1.197s] Level 1:colcon.colcon_core.package_identification:_identify(field_trial_results/20260726_152703_complex_qaware_v018_r5) by extensions ['ignore', 'ignore_ament_install']
[1.198s] Level 1:colcon.colcon_core.package_identification:_identify(field_trial_results/20260726_152703_complex_qaware_v018_r5) by extension 'ignore'
[1.198s] Level 1:colcon.colcon_core.package_identification:_identify(field_trial_results/20260726_152703_complex_qaware_v018_r5) by extension 'ignore_ament_install'
[1.198s] Level 1:colcon.colcon_core.package_identification:_identify(field_trial_results/20260726_152703_complex_qaware_v018_r5) by extensions ['colcon_pkg']
[1.198s] Level 1:colcon.colcon_core.package_identification:_identify(field_trial_results/20260726_152703_complex_qaware_v018_r5) by extension 'colcon_pkg'
[1.198s] Level 1:colcon.colcon_core.package_identification:_identify(field_trial_results/20260726_152703_complex_qaware_v018_r5) by extensions ['colcon_meta']
[1.198s] Level 1:colcon.colcon_core.package_identification:_identify(field_trial_results/20260726_152703_complex_qaware_v018_r5) by extension 'colcon_meta'
[1.198s] Level 1:colcon.colcon_core.package_identification:_identify(field_trial_results/20260726_152703_complex_qaware_v018_r5) by extensions ['ros']
[1.198s] Level 1:colcon.colcon_core.package_identification:_identify(field_trial_results/20260726_152703_complex_qaware_v018_r5) by extension 'ros'
[1.198s] Level 1:colcon.colcon_core.package_identification:_identify(field_trial_results/20260726_152703_complex_qaware_v018_r5) by extensions ['cmake', 'python']
[1.199s] Level 1:colcon.colcon_core.package_identification:_identify(field_trial_results/20260726_152703_complex_qaware_v018_r5) by extension 'cmake'
[1.199s] Level 1:colcon.colcon_core.package_identification:_identify(field_trial_results/20260726_152703_complex_qaware_v018_r5) by extension 'python'
[1.199s] Level 1:colcon.colcon_core.package_identification:_identify(field_trial_results/20260726_152703_complex_qaware_v018_r5) by extensions ['python_setup_py']
[1.199s] Level 1:colcon.colcon_core.package_identification:_identify(field_trial_results/20260726_152703_complex_qaware_v018_r5) by extension 'python_setup_py'
[1.199s] Level 1:colcon.colcon_core.package_identification:_identify(field_trial_results/20260726_152937_complex_fixed_v018_r1) by extensions ['ignore', 'ignore_ament_install']
[1.199s] Level 1:colcon.colcon_core.package_identification:_identify(field_trial_results/20260726_152937_complex_fixed_v018_r1) by extension 'ignore'
[1.199s] Level 1:colcon.colcon_core.package_identification:_identify(field_trial_results/20260726_152937_complex_fixed_v018_r1) by extension 'ignore_ament_install'
[1.199s] Level 1:colcon.colcon_core.package_identification:_identify(field_trial_results/20260726_152937_complex_fixed_v018_r1) by extensions ['colcon_pkg']
[1.199s] Level 1:colcon.colcon_core.package_identification:_identify(field_trial_results/20260726_152937_complex_fixed_v018_r1) by extension 'colcon_pkg'
[1.200s] Level 1:colcon.colcon_core.package_identification:_identify(field_trial_results/20260726_152937_complex_fixed_v018_r1) by extensions ['colcon_meta']
[1.200s] Level 1:colcon.colcon_core.package_identification:_identify(field_trial_results/20260726_152937_complex_fixed_v018_r1) by extension 'colcon_meta'
[1.200s] Level 1:colcon.colcon_core.package_identification:_identify(field_trial_results/20260726_152937_complex_fixed_v018_r1) by extensions ['ros']
[1.200s] Level 1:colcon.colcon_core.package_identification:_identify(field_trial_results/20260726_152937_complex_fixed_v018_r1) by extension 'ros'
[1.200s] Level 1:colcon.colcon_core.package_identification:_identify(field_trial_results/20260726_152937_complex_fixed_v018_r1) by extensions ['cmake', 'python']
[1.200s] Level 1:colcon.colcon_core.package_identification:_identify(field_trial_results/20260726_152937_complex_fixed_v018_r1) by extension 'cmake'
[1.200s] Level 1:colcon.colcon_core.package_identification:_identify(field_trial_results/20260726_152937_complex_fixed_v018_r1) by extension 'python'
[1.200s] Level 1:colcon.colcon_core.package_identification:_identify(field_trial_results/20260726_152937_complex_fixed_v018_r1) by extensions ['python_setup_py']
[1.200s] Level 1:colcon.colcon_core.package_identification:_identify(field_trial_results/20260726_152937_complex_fixed_v018_r1) by extension 'python_setup_py'
[1.201s] Level 1:colcon.colcon_core.package_identification:_identify(field_trial_results/20260726_153100_complex_fixed_v018_r2) by extensions ['ignore', 'ignore_ament_install']
[1.201s] Level 1:colcon.colcon_core.package_identification:_identify(field_trial_results/20260726_153100_complex_fixed_v018_r2) by extension 'ignore'
[1.201s] Level 1:colcon.colcon_core.package_identification:_identify(field_trial_results/20260726_153100_complex_fixed_v018_r2) by extension 'ignore_ament_install'
[1.201s] Level 1:colcon.colcon_core.package_identification:_identify(field_trial_results/20260726_153100_complex_fixed_v018_r2) by extensions ['colcon_pkg']
[1.201s] Level 1:colcon.colcon_core.package_identification:_identify(field_trial_results/20260726_153100_complex_fixed_v018_r2) by extension 'colcon_pkg'
[1.201s] Level 1:colcon.colcon_core.package_identification:_identify(field_trial_results/20260726_153100_complex_fixed_v018_r2) by extensions ['colcon_meta']
[1.201s] Level 1:colcon.colcon_core.package_identification:_identify(field_trial_results/20260726_153100_complex_fixed_v018_r2) by extension 'colcon_meta'
[1.201s] Level 1:colcon.colcon_core.package_identification:_identify(field_trial_results/20260726_153100_complex_fixed_v018_r2) by extensions ['ros']
[1.201s] Level 1:colcon.colcon_core.package_identification:_identify(field_trial_results/20260726_153100_complex_fixed_v018_r2) by extension 'ros'
[1.202s] Level 1:colcon.colcon_core.package_identification:_identify(field_trial_results/20260726_153100_complex_fixed_v018_r2) by extensions ['cmake', 'python']
[1.202s] Level 1:colcon.colcon_core.package_identification:_identify(field_trial_results/20260726_153100_complex_fixed_v018_r2) by extension 'cmake'
[1.202s] Level 1:colcon.colcon_core.package_identification:_identify(field_trial_results/20260726_153100_complex_fixed_v018_r2) by extension 'python'
[1.202s] Level 1:colcon.colcon_core.package_identification:_identify(field_trial_results/20260726_153100_complex_fixed_v018_r2) by extensions ['python_setup_py']
[1.202s] Level 1:colcon.colcon_core.package_identification:_identify(field_trial_results/20260726_153100_complex_fixed_v018_r2) by extension 'python_setup_py'
[1.202s] Level 1:colcon.colcon_core.package_identification:_identify(field_trial_results/20260726_153209_complex_fixed_v018_r3) by extensions ['ignore', 'ignore_ament_install']
[1.202s] Level 1:colcon.colcon_core.package_identification:_identify(field_trial_results/20260726_153209_complex_fixed_v018_r3) by extension 'ignore'
[1.202s] Level 1:colcon.colcon_core.package_identification:_identify(field_trial_results/20260726_153209_complex_fixed_v018_r3) by extension 'ignore_ament_install'
[1.203s] Level 1:colcon.colcon_core.package_identification:_identify(field_trial_results/20260726_153209_complex_fixed_v018_r3) by extensions ['colcon_pkg']
[1.203s] Level 1:colcon.colcon_core.package_identification:_identify(field_trial_results/20260726_153209_complex_fixed_v018_r3) by extension 'colcon_pkg'
[1.203s] Level 1:colcon.colcon_core.package_identification:_identify(field_trial_results/20260726_153209_complex_fixed_v018_r3) by extensions ['colcon_meta']
[1.203s] Level 1:colcon.colcon_core.package_identification:_identify(field_trial_results/20260726_153209_complex_fixed_v018_r3) by extension 'colcon_meta'
[1.203s] Level 1:colcon.colcon_core.package_identification:_identify(field_trial_results/20260726_153209_complex_fixed_v018_r3) by extensions ['ros']
[1.203s] Level 1:colcon.colcon_core.package_identification:_identify(field_trial_results/20260726_153209_complex_fixed_v018_r3) by extension 'ros'
[1.203s] Level 1:colcon.colcon_core.package_identification:_identify(field_trial_results/20260726_153209_complex_fixed_v018_r3) by extensions ['cmake', 'python']
[1.203s] Level 1:colcon.colcon_core.package_identification:_identify(field_trial_results/20260726_153209_complex_fixed_v018_r3) by extension 'cmake'
[1.203s] Level 1:colcon.colcon_core.package_identification:_identify(field_trial_results/20260726_153209_complex_fixed_v018_r3) by extension 'python'
[1.203s] Level 1:colcon.colcon_core.package_identification:_identify(field_trial_results/20260726_153209_complex_fixed_v018_r3) by extensions ['python_setup_py']
[1.203s] Level 1:colcon.colcon_core.package_identification:_identify(field_trial_results/20260726_153209_complex_fixed_v018_r3) by extension 'python_setup_py'
[1.204s] Level 1:colcon.colcon_core.package_identification:_identify(field_trial_results/20260726_153321_complex_fixed_v018_r4) by extensions ['ignore', 'ignore_ament_install']
[1.204s] Level 1:colcon.colcon_core.package_identification:_identify(field_trial_results/20260726_153321_complex_fixed_v018_r4) by extension 'ignore'
[1.204s] Level 1:colcon.colcon_core.package_identification:_identify(field_trial_results/20260726_153321_complex_fixed_v018_r4) by extension 'ignore_ament_install'
[1.204s] Level 1:colcon.colcon_core.package_identification:_identify(field_trial_results/20260726_153321_complex_fixed_v018_r4) by extensions ['colcon_pkg']
[1.204s] Level 1:colcon.colcon_core.package_identification:_identify(field_trial_results/20260726_153321_complex_fixed_v018_r4) by extension 'colcon_pkg'
[1.204s] Level 1:colcon.colcon_core.package_identification:_identify(field_trial_results/20260726_153321_complex_fixed_v018_r4) by extensions ['colcon_meta']
[1.204s] Level 1:colcon.colcon_core.package_identification:_identify(field_trial_results/20260726_153321_complex_fixed_v018_r4) by extension 'colcon_meta'
[1.204s] Level 1:colcon.colcon_core.package_identification:_identify(field_trial_results/20260726_153321_complex_fixed_v018_r4) by extensions ['ros']
[1.205s] Level 1:colcon.colcon_core.package_identification:_identify(field_trial_results/20260726_153321_complex_fixed_v018_r4) by extension 'ros'
[1.205s] Level 1:colcon.colcon_core.package_identification:_identify(field_trial_results/20260726_153321_complex_fixed_v018_r4) by extensions ['cmake', 'python']
[1.205s] Level 1:colcon.colcon_core.package_identification:_identify(field_trial_results/20260726_153321_complex_fixed_v018_r4) by extension 'cmake'
[1.205s] Level 1:colcon.colcon_core.package_identification:_identify(field_trial_results/20260726_153321_complex_fixed_v018_r4) by extension 'python'
[1.205s] Level 1:colcon.colcon_core.package_identification:_identify(field_trial_results/20260726_153321_complex_fixed_v018_r4) by extensions ['python_setup_py']
[1.205s] Level 1:colcon.colcon_core.package_identification:_identify(field_trial_results/20260726_153321_complex_fixed_v018_r4) by extension 'python_setup_py'
[1.205s] Level 1:colcon.colcon_core.package_identification:_identify(field_trial_results/20260726_153435_complex_fixed_v018_r5) by extensions ['ignore', 'ignore_ament_install']
[1.205s] Level 1:colcon.colcon_core.package_identification:_identify(field_trial_results/20260726_153435_complex_fixed_v018_r5) by extension 'ignore'
[1.206s] Level 1:colcon.colcon_core.package_identification:_identify(field_trial_results/20260726_153435_complex_fixed_v018_r5) by extension 'ignore_ament_install'
[1.206s] Level 1:colcon.colcon_core.package_identification:_identify(field_trial_results/20260726_153435_complex_fixed_v018_r5) by extensions ['colcon_pkg']
[1.206s] Level 1:colcon.colcon_core.package_identification:_identify(field_trial_results/20260726_153435_complex_fixed_v018_r5) by extension 'colcon_pkg'
[1.206s] Level 1:colcon.colcon_core.package_identification:_identify(field_trial_results/20260726_153435_complex_fixed_v018_r5) by extensions ['colcon_meta']
[1.206s] Level 1:colcon.colcon_core.package_identification:_identify(field_trial_results/20260726_153435_complex_fixed_v018_r5) by extension 'colcon_meta'
[1.206s] Level 1:colcon.colcon_core.package_identification:_identify(field_trial_results/20260726_153435_complex_fixed_v018_r5) by extensions ['ros']
[1.206s] Level 1:colcon.colcon_core.package_identification:_identify(field_trial_results/20260726_153435_complex_fixed_v018_r5) by extension 'ros'
[1.206s] Level 1:colcon.colcon_core.package_identification:_identify(field_trial_results/20260726_153435_complex_fixed_v018_r5) by extensions ['cmake', 'python']
[1.206s] Level 1:colcon.colcon_core.package_identification:_identify(field_trial_results/20260726_153435_complex_fixed_v018_r5) by extension 'cmake'
[1.206s] Level 1:colcon.colcon_core.package_identification:_identify(field_trial_results/20260726_153435_complex_fixed_v018_r5) by extension 'python'
[1.207s] Level 1:colcon.colcon_core.package_identification:_identify(field_trial_results/20260726_153435_complex_fixed_v018_r5) by extensions ['python_setup_py']
[1.207s] Level 1:colcon.colcon_core.package_identification:_identify(field_trial_results/20260726_153435_complex_fixed_v018_r5) by extension 'python_setup_py'
[1.207s] Level 1:colcon.colcon_core.package_identification:_identify(field_trial_results/20260726_201501_headland_turn_test_r1) by extensions ['ignore', 'ignore_ament_install']
[1.207s] Level 1:colcon.colcon_core.package_identification:_identify(field_trial_results/20260726_201501_headland_turn_test_r1) by extension 'ignore'
[1.207s] Level 1:colcon.colcon_core.package_identification:_identify(field_trial_results/20260726_201501_headland_turn_test_r1) by extension 'ignore_ament_install'
[1.207s] Level 1:colcon.colcon_core.package_identification:_identify(field_trial_results/20260726_201501_headland_turn_test_r1) by extensions ['colcon_pkg']
[1.207s] Level 1:colcon.colcon_core.package_identification:_identify(field_trial_results/20260726_201501_headland_turn_test_r1) by extension 'colcon_pkg'
[1.207s] Level 1:colcon.colcon_core.package_identification:_identify(field_trial_results/20260726_201501_headland_turn_test_r1) by extensions ['colcon_meta']
[1.207s] Level 1:colcon.colcon_core.package_identification:_identify(field_trial_results/20260726_201501_headland_turn_test_r1) by extension 'colcon_meta'
[1.208s] Level 1:colcon.colcon_core.package_identification:_identify(field_trial_results/20260726_201501_headland_turn_test_r1) by extensions ['ros']
[1.208s] Level 1:colcon.colcon_core.package_identification:_identify(field_trial_results/20260726_201501_headland_turn_test_r1) by extension 'ros'
[1.208s] Level 1:colcon.colcon_core.package_identification:_identify(field_trial_results/20260726_201501_headland_turn_test_r1) by extensions ['cmake', 'python']
[1.208s] Level 1:colcon.colcon_core.package_identification:_identify(field_trial_results/20260726_201501_headland_turn_test_r1) by extension 'cmake'
[1.208s] Level 1:colcon.colcon_core.package_identification:_identify(field_trial_results/20260726_201501_headland_turn_test_r1) by extension 'python'
[1.208s] Level 1:colcon.colcon_core.package_identification:_identify(field_trial_results/20260726_201501_headland_turn_test_r1) by extensions ['python_setup_py']
[1.208s] Level 1:colcon.colcon_core.package_identification:_identify(field_trial_results/20260726_201501_headland_turn_test_r1) by extension 'python_setup_py'
[1.208s] Level 1:colcon.colcon_core.package_identification:_identify(field_trial_results/20260726_201629_headland_turn_test_r2) by extensions ['ignore', 'ignore_ament_install']
[1.209s] Level 1:colcon.colcon_core.package_identification:_identify(field_trial_results/20260726_201629_headland_turn_test_r2) by extension 'ignore'
[1.209s] Level 1:colcon.colcon_core.package_identification:_identify(field_trial_results/20260726_201629_headland_turn_test_r2) by extension 'ignore_ament_install'
[1.209s] Level 1:colcon.colcon_core.package_identification:_identify(field_trial_results/20260726_201629_headland_turn_test_r2) by extensions ['colcon_pkg']
[1.209s] Level 1:colcon.colcon_core.package_identification:_identify(field_trial_results/20260726_201629_headland_turn_test_r2) by extension 'colcon_pkg'
[1.209s] Level 1:colcon.colcon_core.package_identification:_identify(field_trial_results/20260726_201629_headland_turn_test_r2) by extensions ['colcon_meta']
[1.209s] Level 1:colcon.colcon_core.package_identification:_identify(field_trial_results/20260726_201629_headland_turn_test_r2) by extension 'colcon_meta'
[1.209s] Level 1:colcon.colcon_core.package_identification:_identify(field_trial_results/20260726_201629_headland_turn_test_r2) by extensions ['ros']
[1.209s] Level 1:colcon.colcon_core.package_identification:_identify(field_trial_results/20260726_201629_headland_turn_test_r2) by extension 'ros'
[1.209s] Level 1:colcon.colcon_core.package_identification:_identify(field_trial_results/20260726_201629_headland_turn_test_r2) by extensions ['cmake', 'python']
[1.209s] Level 1:colcon.colcon_core.package_identification:_identify(field_trial_results/20260726_201629_headland_turn_test_r2) by extension 'cmake'
[1.210s] Level 1:colcon.colcon_core.package_identification:_identify(field_trial_results/20260726_201629_headland_turn_test_r2) by extension 'python'
[1.210s] Level 1:colcon.colcon_core.package_identification:_identify(field_trial_results/20260726_201629_headland_turn_test_r2) by extensions ['python_setup_py']
[1.210s] Level 1:colcon.colcon_core.package_identification:_identify(field_trial_results/20260726_201629_headland_turn_test_r2) by extension 'python_setup_py'
[1.210s] Level 1:colcon.colcon_core.package_identification:_identify(h30_test_01_static) by extensions ['ignore', 'ignore_ament_install']
[1.210s] Level 1:colcon.colcon_core.package_identification:_identify(h30_test_01_static) by extension 'ignore'
[1.210s] Level 1:colcon.colcon_core.package_identification:_identify(h30_test_01_static) by extension 'ignore_ament_install'
[1.211s] Level 1:colcon.colcon_core.package_identification:_identify(h30_test_01_static) by extensions ['colcon_pkg']
[1.211s] Level 1:colcon.colcon_core.package_identification:_identify(h30_test_01_static) by extension 'colcon_pkg'
[1.211s] Level 1:colcon.colcon_core.package_identification:_identify(h30_test_01_static) by extensions ['colcon_meta']
[1.211s] Level 1:colcon.colcon_core.package_identification:_identify(h30_test_01_static) by extension 'colcon_meta'
[1.211s] Level 1:colcon.colcon_core.package_identification:_identify(h30_test_01_static) by extensions ['ros']
[1.211s] Level 1:colcon.colcon_core.package_identification:_identify(h30_test_01_static) by extension 'ros'
[1.211s] Level 1:colcon.colcon_core.package_identification:_identify(h30_test_01_static) by extensions ['cmake', 'python']
[1.211s] Level 1:colcon.colcon_core.package_identification:_identify(h30_test_01_static) by extension 'cmake'
[1.212s] Level 1:colcon.colcon_core.package_identification:_identify(h30_test_01_static) by extension 'python'
[1.212s] Level 1:colcon.colcon_core.package_identification:_identify(h30_test_01_static) by extensions ['python_setup_py']
[1.212s] Level 1:colcon.colcon_core.package_identification:_identify(h30_test_01_static) by extension 'python_setup_py'
[1.212s] Level 1:colcon.colcon_core.package_identification:_identify(h30_test_01_static_fastlio) by extensions ['ignore', 'ignore_ament_install']
[1.212s] Level 1:colcon.colcon_core.package_identification:_identify(h30_test_01_static_fastlio) by extension 'ignore'
[1.212s] Level 1:colcon.colcon_core.package_identification:_identify(h30_test_01_static_fastlio) by extension 'ignore_ament_install'
[1.213s] Level 1:colcon.colcon_core.package_identification:_identify(h30_test_01_static_fastlio) by extensions ['colcon_pkg']
[1.213s] Level 1:colcon.colcon_core.package_identification:_identify(h30_test_01_static_fastlio) by extension 'colcon_pkg'
[1.213s] Level 1:colcon.colcon_core.package_identification:_identify(h30_test_01_static_fastlio) by extensions ['colcon_meta']
[1.213s] Level 1:colcon.colcon_core.package_identification:_identify(h30_test_01_static_fastlio) by extension 'colcon_meta'
[1.213s] Level 1:colcon.colcon_core.package_identification:_identify(h30_test_01_static_fastlio) by extensions ['ros']
[1.213s] Level 1:colcon.colcon_core.package_identification:_identify(h30_test_01_static_fastlio) by extension 'ros'
[1.213s] Level 1:colcon.colcon_core.package_identification:_identify(h30_test_01_static_fastlio) by extensions ['cmake', 'python']
[1.213s] Level 1:colcon.colcon_core.package_identification:_identify(h30_test_01_static_fastlio) by extension 'cmake'
[1.213s] Level 1:colcon.colcon_core.package_identification:_identify(h30_test_01_static_fastlio) by extension 'python'
[1.213s] Level 1:colcon.colcon_core.package_identification:_identify(h30_test_01_static_fastlio) by extensions ['python_setup_py']
[1.214s] Level 1:colcon.colcon_core.package_identification:_identify(h30_test_01_static_fastlio) by extension 'python_setup_py'
[1.214s] Level 1:colcon.colcon_core.package_identification:_identify(h30_test_02_turn_90_fastlio) by extensions ['ignore', 'ignore_ament_install']
[1.214s] Level 1:colcon.colcon_core.package_identification:_identify(h30_test_02_turn_90_fastlio) by extension 'ignore'
[1.214s] Level 1:colcon.colcon_core.package_identification:_identify(h30_test_02_turn_90_fastlio) by extension 'ignore_ament_install'
[1.214s] Level 1:colcon.colcon_core.package_identification:_identify(h30_test_02_turn_90_fastlio) by extensions ['colcon_pkg']
[1.214s] Level 1:colcon.colcon_core.package_identification:_identify(h30_test_02_turn_90_fastlio) by extension 'colcon_pkg'
[1.214s] Level 1:colcon.colcon_core.package_identification:_identify(h30_test_02_turn_90_fastlio) by extensions ['colcon_meta']
[1.214s] Level 1:colcon.colcon_core.package_identification:_identify(h30_test_02_turn_90_fastlio) by extension 'colcon_meta'
[1.214s] Level 1:colcon.colcon_core.package_identification:_identify(h30_test_02_turn_90_fastlio) by extensions ['ros']
[1.215s] Level 1:colcon.colcon_core.package_identification:_identify(h30_test_02_turn_90_fastlio) by extension 'ros'
[1.215s] Level 1:colcon.colcon_core.package_identification:_identify(h30_test_02_turn_90_fastlio) by extensions ['cmake', 'python']
[1.215s] Level 1:colcon.colcon_core.package_identification:_identify(h30_test_02_turn_90_fastlio) by extension 'cmake'
[1.215s] Level 1:colcon.colcon_core.package_identification:_identify(h30_test_02_turn_90_fastlio) by extension 'python'
[1.215s] Level 1:colcon.colcon_core.package_identification:_identify(h30_test_02_turn_90_fastlio) by extensions ['python_setup_py']
[1.215s] Level 1:colcon.colcon_core.package_identification:_identify(h30_test_02_turn_90_fastlio) by extension 'python_setup_py'
[1.216s] Level 1:colcon.colcon_core.package_identification:_identify(h30_test_03_blocked_wheel_spin_fastlio) by extensions ['ignore', 'ignore_ament_install']
[1.216s] Level 1:colcon.colcon_core.package_identification:_identify(h30_test_03_blocked_wheel_spin_fastlio) by extension 'ignore'
[1.216s] Level 1:colcon.colcon_core.package_identification:_identify(h30_test_03_blocked_wheel_spin_fastlio) by extension 'ignore_ament_install'
[1.216s] Level 1:colcon.colcon_core.package_identification:_identify(h30_test_03_blocked_wheel_spin_fastlio) by extensions ['colcon_pkg']
[1.216s] Level 1:colcon.colcon_core.package_identification:_identify(h30_test_03_blocked_wheel_spin_fastlio) by extension 'colcon_pkg'
[1.216s] Level 1:colcon.colcon_core.package_identification:_identify(h30_test_03_blocked_wheel_spin_fastlio) by extensions ['colcon_meta']
[1.216s] Level 1:colcon.colcon_core.package_identification:_identify(h30_test_03_blocked_wheel_spin_fastlio) by extension 'colcon_meta'
[1.216s] Level 1:colcon.colcon_core.package_identification:_identify(h30_test_03_blocked_wheel_spin_fastlio) by extensions ['ros']
[1.216s] Level 1:colcon.colcon_core.package_identification:_identify(h30_test_03_blocked_wheel_spin_fastlio) by extension 'ros'
[1.217s] Level 1:colcon.colcon_core.package_identification:_identify(h30_test_03_blocked_wheel_spin_fastlio) by extensions ['cmake', 'python']
[1.217s] Level 1:colcon.colcon_core.package_identification:_identify(h30_test_03_blocked_wheel_spin_fastlio) by extension 'cmake'
[1.217s] Level 1:colcon.colcon_core.package_identification:_identify(h30_test_03_blocked_wheel_spin_fastlio) by extension 'python'
[1.217s] Level 1:colcon.colcon_core.package_identification:_identify(h30_test_03_blocked_wheel_spin_fastlio) by extensions ['python_setup_py']
[1.217s] Level 1:colcon.colcon_core.package_identification:_identify(h30_test_03_blocked_wheel_spin_fastlio) by extension 'python_setup_py'
[1.217s] Level 1:colcon.colcon_core.package_identification:_identify(h30_test_04_normal_forward_fastlio) by extensions ['ignore', 'ignore_ament_install']
[1.217s] Level 1:colcon.colcon_core.package_identification:_identify(h30_test_04_normal_forward_fastlio) by extension 'ignore'
[1.217s] Level 1:colcon.colcon_core.package_identification:_identify(h30_test_04_normal_forward_fastlio) by extension 'ignore_ament_install'
[1.218s] Level 1:colcon.colcon_core.package_identification:_identify(h30_test_04_normal_forward_fastlio) by extensions ['colcon_pkg']
[1.218s] Level 1:colcon.colcon_core.package_identification:_identify(h30_test_04_normal_forward_fastlio) by extension 'colcon_pkg'
[1.218s] Level 1:colcon.colcon_core.package_identification:_identify(h30_test_04_normal_forward_fastlio) by extensions ['colcon_meta']
[1.218s] Level 1:colcon.colcon_core.package_identification:_identify(h30_test_04_normal_forward_fastlio) by extension 'colcon_meta'
[1.218s] Level 1:colcon.colcon_core.package_identification:_identify(h30_test_04_normal_forward_fastlio) by extensions ['ros']
[1.218s] Level 1:colcon.colcon_core.package_identification:_identify(h30_test_04_normal_forward_fastlio) by extension 'ros'
[1.218s] Level 1:colcon.colcon_core.package_identification:_identify(h30_test_04_normal_forward_fastlio) by extensions ['cmake', 'python']
[1.218s] Level 1:colcon.colcon_core.package_identification:_identify(h30_test_04_normal_forward_fastlio) by extension 'cmake'
[1.218s] Level 1:colcon.colcon_core.package_identification:_identify(h30_test_04_normal_forward_fastlio) by extension 'python'
[1.218s] Level 1:colcon.colcon_core.package_identification:_identify(h30_test_04_normal_forward_fastlio) by extensions ['python_setup_py']
[1.218s] Level 1:colcon.colcon_core.package_identification:_identify(h30_test_04_normal_forward_fastlio) by extension 'python_setup_py'
[1.219s] Level 1:colcon.colcon_core.package_identification:_identify(install) by extensions ['ignore', 'ignore_ament_install']
[1.219s] Level 1:colcon.colcon_core.package_identification:_identify(install) by extension 'ignore'
[1.219s] Level 1:colcon.colcon_core.package_identification:_identify(install) ignored
[1.220s] Level 1:colcon.colcon_core.package_identification:_identify(log) by extensions ['ignore', 'ignore_ament_install']
[1.220s] Level 1:colcon.colcon_core.package_identification:_identify(log) by extension 'ignore'
[1.220s] Level 1:colcon.colcon_core.package_identification:_identify(log) ignored
[1.220s] Level 1:colcon.colcon_core.package_identification:_identify(pid_tracking_results) by extensions ['ignore', 'ignore_ament_install']
[1.220s] Level 1:colcon.colcon_core.package_identification:_identify(pid_tracking_results) by extension 'ignore'
[1.220s] Level 1:colcon.colcon_core.package_identification:_identify(pid_tracking_results) by extension 'ignore_ament_install'
[1.220s] Level 1:colcon.colcon_core.package_identification:_identify(pid_tracking_results) by extensions ['colcon_pkg']
[1.221s] Level 1:colcon.colcon_core.package_identification:_identify(pid_tracking_results) by extension 'colcon_pkg'
[1.221s] Level 1:colcon.colcon_core.package_identification:_identify(pid_tracking_results) by extensions ['colcon_meta']
[1.221s] Level 1:colcon.colcon_core.package_identification:_identify(pid_tracking_results) by extension 'colcon_meta'
[1.221s] Level 1:colcon.colcon_core.package_identification:_identify(pid_tracking_results) by extensions ['ros']
[1.221s] Level 1:colcon.colcon_core.package_identification:_identify(pid_tracking_results) by extension 'ros'
[1.221s] Level 1:colcon.colcon_core.package_identification:_identify(pid_tracking_results) by extensions ['cmake', 'python']
[1.221s] Level 1:colcon.colcon_core.package_identification:_identify(pid_tracking_results) by extension 'cmake'
[1.221s] Level 1:colcon.colcon_core.package_identification:_identify(pid_tracking_results) by extension 'python'
[1.221s] Level 1:colcon.colcon_core.package_identification:_identify(pid_tracking_results) by extensions ['python_setup_py']
[1.222s] Level 1:colcon.colcon_core.package_identification:_identify(pid_tracking_results) by extension 'python_setup_py'
[1.222s] Level 1:colcon.colcon_core.package_identification:_identify(pid_tracking_results/run_20260724_231208) by extensions ['ignore', 'ignore_ament_install']
[1.222s] Level 1:colcon.colcon_core.package_identification:_identify(pid_tracking_results/run_20260724_231208) by extension 'ignore'
[1.222s] Level 1:colcon.colcon_core.package_identification:_identify(pid_tracking_results/run_20260724_231208) by extension 'ignore_ament_install'
[1.222s] Level 1:colcon.colcon_core.package_identification:_identify(pid_tracking_results/run_20260724_231208) by extensions ['colcon_pkg']
[1.222s] Level 1:colcon.colcon_core.package_identification:_identify(pid_tracking_results/run_20260724_231208) by extension 'colcon_pkg'
[1.222s] Level 1:colcon.colcon_core.package_identification:_identify(pid_tracking_results/run_20260724_231208) by extensions ['colcon_meta']
[1.222s] Level 1:colcon.colcon_core.package_identification:_identify(pid_tracking_results/run_20260724_231208) by extension 'colcon_meta'
[1.223s] Level 1:colcon.colcon_core.package_identification:_identify(pid_tracking_results/run_20260724_231208) by extensions ['ros']
[1.223s] Level 1:colcon.colcon_core.package_identification:_identify(pid_tracking_results/run_20260724_231208) by extension 'ros'
[1.223s] Level 1:colcon.colcon_core.package_identification:_identify(pid_tracking_results/run_20260724_231208) by extensions ['cmake', 'python']
[1.223s] Level 1:colcon.colcon_core.package_identification:_identify(pid_tracking_results/run_20260724_231208) by extension 'cmake'
[1.223s] Level 1:colcon.colcon_core.package_identification:_identify(pid_tracking_results/run_20260724_231208) by extension 'python'
[1.223s] Level 1:colcon.colcon_core.package_identification:_identify(pid_tracking_results/run_20260724_231208) by extensions ['python_setup_py']
[1.223s] Level 1:colcon.colcon_core.package_identification:_identify(pid_tracking_results/run_20260724_231208) by extension 'python_setup_py'
[1.223s] Level 1:colcon.colcon_core.package_identification:_identify(pid_tracking_results/run_20260724_231928) by extensions ['ignore', 'ignore_ament_install']
[1.224s] Level 1:colcon.colcon_core.package_identification:_identify(pid_tracking_results/run_20260724_231928) by extension 'ignore'
[1.224s] Level 1:colcon.colcon_core.package_identification:_identify(pid_tracking_results/run_20260724_231928) by extension 'ignore_ament_install'
[1.224s] Level 1:colcon.colcon_core.package_identification:_identify(pid_tracking_results/run_20260724_231928) by extensions ['colcon_pkg']
[1.224s] Level 1:colcon.colcon_core.package_identification:_identify(pid_tracking_results/run_20260724_231928) by extension 'colcon_pkg'
[1.224s] Level 1:colcon.colcon_core.package_identification:_identify(pid_tracking_results/run_20260724_231928) by extensions ['colcon_meta']
[1.224s] Level 1:colcon.colcon_core.package_identification:_identify(pid_tracking_results/run_20260724_231928) by extension 'colcon_meta'
[1.224s] Level 1:colcon.colcon_core.package_identification:_identify(pid_tracking_results/run_20260724_231928) by extensions ['ros']
[1.224s] Level 1:colcon.colcon_core.package_identification:_identify(pid_tracking_results/run_20260724_231928) by extension 'ros'
[1.225s] Level 1:colcon.colcon_core.package_identification:_identify(pid_tracking_results/run_20260724_231928) by extensions ['cmake', 'python']
[1.225s] Level 1:colcon.colcon_core.package_identification:_identify(pid_tracking_results/run_20260724_231928) by extension 'cmake'
[1.225s] Level 1:colcon.colcon_core.package_identification:_identify(pid_tracking_results/run_20260724_231928) by extension 'python'
[1.225s] Level 1:colcon.colcon_core.package_identification:_identify(pid_tracking_results/run_20260724_231928) by extensions ['python_setup_py']
[1.225s] Level 1:colcon.colcon_core.package_identification:_identify(pid_tracking_results/run_20260724_231928) by extension 'python_setup_py'
[1.225s] Level 1:colcon.colcon_core.package_identification:_identify(pid_tracking_results/run_20260724_232126) by extensions ['ignore', 'ignore_ament_install']
[1.225s] Level 1:colcon.colcon_core.package_identification:_identify(pid_tracking_results/run_20260724_232126) by extension 'ignore'
[1.225s] Level 1:colcon.colcon_core.package_identification:_identify(pid_tracking_results/run_20260724_232126) by extension 'ignore_ament_install'
[1.226s] Level 1:colcon.colcon_core.package_identification:_identify(pid_tracking_results/run_20260724_232126) by extensions ['colcon_pkg']
[1.226s] Level 1:colcon.colcon_core.package_identification:_identify(pid_tracking_results/run_20260724_232126) by extension 'colcon_pkg'
[1.226s] Level 1:colcon.colcon_core.package_identification:_identify(pid_tracking_results/run_20260724_232126) by extensions ['colcon_meta']
[1.226s] Level 1:colcon.colcon_core.package_identification:_identify(pid_tracking_results/run_20260724_232126) by extension 'colcon_meta'
[1.226s] Level 1:colcon.colcon_core.package_identification:_identify(pid_tracking_results/run_20260724_232126) by extensions ['ros']
[1.226s] Level 1:colcon.colcon_core.package_identification:_identify(pid_tracking_results/run_20260724_232126) by extension 'ros'
[1.226s] Level 1:colcon.colcon_core.package_identification:_identify(pid_tracking_results/run_20260724_232126) by extensions ['cmake', 'python']
[1.226s] Level 1:colcon.colcon_core.package_identification:_identify(pid_tracking_results/run_20260724_232126) by extension 'cmake'
[1.226s] Level 1:colcon.colcon_core.package_identification:_identify(pid_tracking_results/run_20260724_232126) by extension 'python'
[1.226s] Level 1:colcon.colcon_core.package_identification:_identify(pid_tracking_results/run_20260724_232126) by extensions ['python_setup_py']
[1.226s] Level 1:colcon.colcon_core.package_identification:_identify(pid_tracking_results/run_20260724_232126) by extension 'python_setup_py'
[1.227s] Level 1:colcon.colcon_core.package_identification:_identify(pid_tracking_results/run_20260725_102724) by extensions ['ignore', 'ignore_ament_install']
[1.227s] Level 1:colcon.colcon_core.package_identification:_identify(pid_tracking_results/run_20260725_102724) by extension 'ignore'
[1.227s] Level 1:colcon.colcon_core.package_identification:_identify(pid_tracking_results/run_20260725_102724) by extension 'ignore_ament_install'
[1.227s] Level 1:colcon.colcon_core.package_identification:_identify(pid_tracking_results/run_20260725_102724) by extensions ['colcon_pkg']
[1.227s] Level 1:colcon.colcon_core.package_identification:_identify(pid_tracking_results/run_20260725_102724) by extension 'colcon_pkg'
[1.227s] Level 1:colcon.colcon_core.package_identification:_identify(pid_tracking_results/run_20260725_102724) by extensions ['colcon_meta']
[1.227s] Level 1:colcon.colcon_core.package_identification:_identify(pid_tracking_results/run_20260725_102724) by extension 'colcon_meta'
[1.227s] Level 1:colcon.colcon_core.package_identification:_identify(pid_tracking_results/run_20260725_102724) by extensions ['ros']
[1.228s] Level 1:colcon.colcon_core.package_identification:_identify(pid_tracking_results/run_20260725_102724) by extension 'ros'
[1.228s] Level 1:colcon.colcon_core.package_identification:_identify(pid_tracking_results/run_20260725_102724) by extensions ['cmake', 'python']
[1.228s] Level 1:colcon.colcon_core.package_identification:_identify(pid_tracking_results/run_20260725_102724) by extension 'cmake'
[1.228s] Level 1:colcon.colcon_core.package_identification:_identify(pid_tracking_results/run_20260725_102724) by extension 'python'
[1.228s] Level 1:colcon.colcon_core.package_identification:_identify(pid_tracking_results/run_20260725_102724) by extensions ['python_setup_py']
[1.228s] Level 1:colcon.colcon_core.package_identification:_identify(pid_tracking_results/run_20260725_102724) by extension 'python_setup_py'
[1.228s] Level 1:colcon.colcon_core.package_identification:_identify(pid_tracking_results/run_20260725_102918) by extensions ['ignore', 'ignore_ament_install']
[1.229s] Level 1:colcon.colcon_core.package_identification:_identify(pid_tracking_results/run_20260725_102918) by extension 'ignore'
[1.229s] Level 1:colcon.colcon_core.package_identification:_identify(pid_tracking_results/run_20260725_102918) by extension 'ignore_ament_install'
[1.229s] Level 1:colcon.colcon_core.package_identification:_identify(pid_tracking_results/run_20260725_102918) by extensions ['colcon_pkg']
[1.229s] Level 1:colcon.colcon_core.package_identification:_identify(pid_tracking_results/run_20260725_102918) by extension 'colcon_pkg'
[1.229s] Level 1:colcon.colcon_core.package_identification:_identify(pid_tracking_results/run_20260725_102918) by extensions ['colcon_meta']
[1.229s] Level 1:colcon.colcon_core.package_identification:_identify(pid_tracking_results/run_20260725_102918) by extension 'colcon_meta'
[1.229s] Level 1:colcon.colcon_core.package_identification:_identify(pid_tracking_results/run_20260725_102918) by extensions ['ros']
[1.229s] Level 1:colcon.colcon_core.package_identification:_identify(pid_tracking_results/run_20260725_102918) by extension 'ros'
[1.229s] Level 1:colcon.colcon_core.package_identification:_identify(pid_tracking_results/run_20260725_102918) by extensions ['cmake', 'python']
[1.229s] Level 1:colcon.colcon_core.package_identification:_identify(pid_tracking_results/run_20260725_102918) by extension 'cmake'
[1.230s] Level 1:colcon.colcon_core.package_identification:_identify(pid_tracking_results/run_20260725_102918) by extension 'python'
[1.230s] Level 1:colcon.colcon_core.package_identification:_identify(pid_tracking_results/run_20260725_102918) by extensions ['python_setup_py']
[1.230s] Level 1:colcon.colcon_core.package_identification:_identify(pid_tracking_results/run_20260725_102918) by extension 'python_setup_py'
[1.230s] Level 1:colcon.colcon_core.package_identification:_identify(pid_tracking_results/run_20260725_103259) by extensions ['ignore', 'ignore_ament_install']
[1.230s] Level 1:colcon.colcon_core.package_identification:_identify(pid_tracking_results/run_20260725_103259) by extension 'ignore'
[1.230s] Level 1:colcon.colcon_core.package_identification:_identify(pid_tracking_results/run_20260725_103259) by extension 'ignore_ament_install'
[1.230s] Level 1:colcon.colcon_core.package_identification:_identify(pid_tracking_results/run_20260725_103259) by extensions ['colcon_pkg']
[1.230s] Level 1:colcon.colcon_core.package_identification:_identify(pid_tracking_results/run_20260725_103259) by extension 'colcon_pkg'
[1.231s] Level 1:colcon.colcon_core.package_identification:_identify(pid_tracking_results/run_20260725_103259) by extensions ['colcon_meta']
[1.231s] Level 1:colcon.colcon_core.package_identification:_identify(pid_tracking_results/run_20260725_103259) by extension 'colcon_meta'
[1.231s] Level 1:colcon.colcon_core.package_identification:_identify(pid_tracking_results/run_20260725_103259) by extensions ['ros']
[1.231s] Level 1:colcon.colcon_core.package_identification:_identify(pid_tracking_results/run_20260725_103259) by extension 'ros'
[1.231s] Level 1:colcon.colcon_core.package_identification:_identify(pid_tracking_results/run_20260725_103259) by extensions ['cmake', 'python']
[1.231s] Level 1:colcon.colcon_core.package_identification:_identify(pid_tracking_results/run_20260725_103259) by extension 'cmake'
[1.231s] Level 1:colcon.colcon_core.package_identification:_identify(pid_tracking_results/run_20260725_103259) by extension 'python'
[1.231s] Level 1:colcon.colcon_core.package_identification:_identify(pid_tracking_results/run_20260725_103259) by extensions ['python_setup_py']
[1.231s] Level 1:colcon.colcon_core.package_identification:_identify(pid_tracking_results/run_20260725_103259) by extension 'python_setup_py'
[1.231s] Level 1:colcon.colcon_core.package_identification:_identify(pid_tracking_results/run_20260725_103504) by extensions ['ignore', 'ignore_ament_install']
[1.232s] Level 1:colcon.colcon_core.package_identification:_identify(pid_tracking_results/run_20260725_103504) by extension 'ignore'
[1.232s] Level 1:colcon.colcon_core.package_identification:_identify(pid_tracking_results/run_20260725_103504) by extension 'ignore_ament_install'
[1.232s] Level 1:colcon.colcon_core.package_identification:_identify(pid_tracking_results/run_20260725_103504) by extensions ['colcon_pkg']
[1.232s] Level 1:colcon.colcon_core.package_identification:_identify(pid_tracking_results/run_20260725_103504) by extension 'colcon_pkg'
[1.232s] Level 1:colcon.colcon_core.package_identification:_identify(pid_tracking_results/run_20260725_103504) by extensions ['colcon_meta']
[1.232s] Level 1:colcon.colcon_core.package_identification:_identify(pid_tracking_results/run_20260725_103504) by extension 'colcon_meta'
[1.232s] Level 1:colcon.colcon_core.package_identification:_identify(pid_tracking_results/run_20260725_103504) by extensions ['ros']
[1.232s] Level 1:colcon.colcon_core.package_identification:_identify(pid_tracking_results/run_20260725_103504) by extension 'ros'
[1.232s] Level 1:colcon.colcon_core.package_identification:_identify(pid_tracking_results/run_20260725_103504) by extensions ['cmake', 'python']
[1.233s] Level 1:colcon.colcon_core.package_identification:_identify(pid_tracking_results/run_20260725_103504) by extension 'cmake'
[1.233s] Level 1:colcon.colcon_core.package_identification:_identify(pid_tracking_results/run_20260725_103504) by extension 'python'
[1.233s] Level 1:colcon.colcon_core.package_identification:_identify(pid_tracking_results/run_20260725_103504) by extensions ['python_setup_py']
[1.233s] Level 1:colcon.colcon_core.package_identification:_identify(pid_tracking_results/run_20260725_103504) by extension 'python_setup_py'
[1.233s] Level 1:colcon.colcon_core.package_identification:_identify(pid_tracking_results/run_20260725_103625) by extensions ['ignore', 'ignore_ament_install']
[1.233s] Level 1:colcon.colcon_core.package_identification:_identify(pid_tracking_results/run_20260725_103625) by extension 'ignore'
[1.233s] Level 1:colcon.colcon_core.package_identification:_identify(pid_tracking_results/run_20260725_103625) by extension 'ignore_ament_install'
[1.233s] Level 1:colcon.colcon_core.package_identification:_identify(pid_tracking_results/run_20260725_103625) by extensions ['colcon_pkg']
[1.234s] Level 1:colcon.colcon_core.package_identification:_identify(pid_tracking_results/run_20260725_103625) by extension 'colcon_pkg'
[1.234s] Level 1:colcon.colcon_core.package_identification:_identify(pid_tracking_results/run_20260725_103625) by extensions ['colcon_meta']
[1.234s] Level 1:colcon.colcon_core.package_identification:_identify(pid_tracking_results/run_20260725_103625) by extension 'colcon_meta'
[1.234s] Level 1:colcon.colcon_core.package_identification:_identify(pid_tracking_results/run_20260725_103625) by extensions ['ros']
[1.234s] Level 1:colcon.colcon_core.package_identification:_identify(pid_tracking_results/run_20260725_103625) by extension 'ros'
[1.234s] Level 1:colcon.colcon_core.package_identification:_identify(pid_tracking_results/run_20260725_103625) by extensions ['cmake', 'python']
[1.234s] Level 1:colcon.colcon_core.package_identification:_identify(pid_tracking_results/run_20260725_103625) by extension 'cmake'
[1.234s] Level 1:colcon.colcon_core.package_identification:_identify(pid_tracking_results/run_20260725_103625) by extension 'python'
[1.234s] Level 1:colcon.colcon_core.package_identification:_identify(pid_tracking_results/run_20260725_103625) by extensions ['python_setup_py']
[1.234s] Level 1:colcon.colcon_core.package_identification:_identify(pid_tracking_results/run_20260725_103625) by extension 'python_setup_py'
[1.235s] Level 1:colcon.colcon_core.package_identification:_identify(pid_tracking_results/run_20260725_103940) by extensions ['ignore', 'ignore_ament_install']
[1.235s] Level 1:colcon.colcon_core.package_identification:_identify(pid_tracking_results/run_20260725_103940) by extension 'ignore'
[1.235s] Level 1:colcon.colcon_core.package_identification:_identify(pid_tracking_results/run_20260725_103940) by extension 'ignore_ament_install'
[1.235s] Level 1:colcon.colcon_core.package_identification:_identify(pid_tracking_results/run_20260725_103940) by extensions ['colcon_pkg']
[1.235s] Level 1:colcon.colcon_core.package_identification:_identify(pid_tracking_results/run_20260725_103940) by extension 'colcon_pkg'
[1.235s] Level 1:colcon.colcon_core.package_identification:_identify(pid_tracking_results/run_20260725_103940) by extensions ['colcon_meta']
[1.235s] Level 1:colcon.colcon_core.package_identification:_identify(pid_tracking_results/run_20260725_103940) by extension 'colcon_meta'
[1.235s] Level 1:colcon.colcon_core.package_identification:_identify(pid_tracking_results/run_20260725_103940) by extensions ['ros']
[1.235s] Level 1:colcon.colcon_core.package_identification:_identify(pid_tracking_results/run_20260725_103940) by extension 'ros'
[1.236s] Level 1:colcon.colcon_core.package_identification:_identify(pid_tracking_results/run_20260725_103940) by extensions ['cmake', 'python']
[1.236s] Level 1:colcon.colcon_core.package_identification:_identify(pid_tracking_results/run_20260725_103940) by extension 'cmake'
[1.236s] Level 1:colcon.colcon_core.package_identification:_identify(pid_tracking_results/run_20260725_103940) by extension 'python'
[1.236s] Level 1:colcon.colcon_core.package_identification:_identify(pid_tracking_results/run_20260725_103940) by extensions ['python_setup_py']
[1.236s] Level 1:colcon.colcon_core.package_identification:_identify(pid_tracking_results/run_20260725_103940) by extension 'python_setup_py'
[1.236s] Level 1:colcon.colcon_core.package_identification:_identify(pid_tracking_results/run_20260725_104029) by extensions ['ignore', 'ignore_ament_install']
[1.236s] Level 1:colcon.colcon_core.package_identification:_identify(pid_tracking_results/run_20260725_104029) by extension 'ignore'
[1.236s] Level 1:colcon.colcon_core.package_identification:_identify(pid_tracking_results/run_20260725_104029) by extension 'ignore_ament_install'
[1.237s] Level 1:colcon.colcon_core.package_identification:_identify(pid_tracking_results/run_20260725_104029) by extensions ['colcon_pkg']
[1.237s] Level 1:colcon.colcon_core.package_identification:_identify(pid_tracking_results/run_20260725_104029) by extension 'colcon_pkg'
[1.237s] Level 1:colcon.colcon_core.package_identification:_identify(pid_tracking_results/run_20260725_104029) by extensions ['colcon_meta']
[1.237s] Level 1:colcon.colcon_core.package_identification:_identify(pid_tracking_results/run_20260725_104029) by extension 'colcon_meta'
[1.237s] Level 1:colcon.colcon_core.package_identification:_identify(pid_tracking_results/run_20260725_104029) by extensions ['ros']
[1.237s] Level 1:colcon.colcon_core.package_identification:_identify(pid_tracking_results/run_20260725_104029) by extension 'ros'
[1.237s] Level 1:colcon.colcon_core.package_identification:_identify(pid_tracking_results/run_20260725_104029) by extensions ['cmake', 'python']
[1.237s] Level 1:colcon.colcon_core.package_identification:_identify(pid_tracking_results/run_20260725_104029) by extension 'cmake'
[1.237s] Level 1:colcon.colcon_core.package_identification:_identify(pid_tracking_results/run_20260725_104029) by extension 'python'
[1.237s] Level 1:colcon.colcon_core.package_identification:_identify(pid_tracking_results/run_20260725_104029) by extensions ['python_setup_py']
[1.238s] Level 1:colcon.colcon_core.package_identification:_identify(pid_tracking_results/run_20260725_104029) by extension 'python_setup_py'
[1.238s] Level 1:colcon.colcon_core.package_identification:_identify(pid_tracking_results/run_20260725_104852) by extensions ['ignore', 'ignore_ament_install']
[1.238s] Level 1:colcon.colcon_core.package_identification:_identify(pid_tracking_results/run_20260725_104852) by extension 'ignore'
[1.238s] Level 1:colcon.colcon_core.package_identification:_identify(pid_tracking_results/run_20260725_104852) by extension 'ignore_ament_install'
[1.238s] Level 1:colcon.colcon_core.package_identification:_identify(pid_tracking_results/run_20260725_104852) by extensions ['colcon_pkg']
[1.238s] Level 1:colcon.colcon_core.package_identification:_identify(pid_tracking_results/run_20260725_104852) by extension 'colcon_pkg'
[1.238s] Level 1:colcon.colcon_core.package_identification:_identify(pid_tracking_results/run_20260725_104852) by extensions ['colcon_meta']
[1.238s] Level 1:colcon.colcon_core.package_identification:_identify(pid_tracking_results/run_20260725_104852) by extension 'colcon_meta'
[1.239s] Level 1:colcon.colcon_core.package_identification:_identify(pid_tracking_results/run_20260725_104852) by extensions ['ros']
[1.239s] Level 1:colcon.colcon_core.package_identification:_identify(pid_tracking_results/run_20260725_104852) by extension 'ros'
[1.239s] Level 1:colcon.colcon_core.package_identification:_identify(pid_tracking_results/run_20260725_104852) by extensions ['cmake', 'python']
[1.239s] Level 1:colcon.colcon_core.package_identification:_identify(pid_tracking_results/run_20260725_104852) by extension 'cmake'
[1.239s] Level 1:colcon.colcon_core.package_identification:_identify(pid_tracking_results/run_20260725_104852) by extension 'python'
[1.239s] Level 1:colcon.colcon_core.package_identification:_identify(pid_tracking_results/run_20260725_104852) by extensions ['python_setup_py']
[1.239s] Level 1:colcon.colcon_core.package_identification:_identify(pid_tracking_results/run_20260725_104852) by extension 'python_setup_py'
[1.239s] Level 1:colcon.colcon_core.package_identification:_identify(pid_tracking_results/run_20260725_105331) by extensions ['ignore', 'ignore_ament_install']
[1.239s] Level 1:colcon.colcon_core.package_identification:_identify(pid_tracking_results/run_20260725_105331) by extension 'ignore'
[1.240s] Level 1:colcon.colcon_core.package_identification:_identify(pid_tracking_results/run_20260725_105331) by extension 'ignore_ament_install'
[1.240s] Level 1:colcon.colcon_core.package_identification:_identify(pid_tracking_results/run_20260725_105331) by extensions ['colcon_pkg']
[1.240s] Level 1:colcon.colcon_core.package_identification:_identify(pid_tracking_results/run_20260725_105331) by extension 'colcon_pkg'
[1.240s] Level 1:colcon.colcon_core.package_identification:_identify(pid_tracking_results/run_20260725_105331) by extensions ['colcon_meta']
[1.240s] Level 1:colcon.colcon_core.package_identification:_identify(pid_tracking_results/run_20260725_105331) by extension 'colcon_meta'
[1.240s] Level 1:colcon.colcon_core.package_identification:_identify(pid_tracking_results/run_20260725_105331) by extensions ['ros']
[1.240s] Level 1:colcon.colcon_core.package_identification:_identify(pid_tracking_results/run_20260725_105331) by extension 'ros'
[1.240s] Level 1:colcon.colcon_core.package_identification:_identify(pid_tracking_results/run_20260725_105331) by extensions ['cmake', 'python']
[1.240s] Level 1:colcon.colcon_core.package_identification:_identify(pid_tracking_results/run_20260725_105331) by extension 'cmake'
[1.240s] Level 1:colcon.colcon_core.package_identification:_identify(pid_tracking_results/run_20260725_105331) by extension 'python'
[1.241s] Level 1:colcon.colcon_core.package_identification:_identify(pid_tracking_results/run_20260725_105331) by extensions ['python_setup_py']
[1.241s] Level 1:colcon.colcon_core.package_identification:_identify(pid_tracking_results/run_20260725_105331) by extension 'python_setup_py'
[1.241s] Level 1:colcon.colcon_core.package_identification:_identify(pid_tracking_results/run_20260725_105425) by extensions ['ignore', 'ignore_ament_install']
[1.241s] Level 1:colcon.colcon_core.package_identification:_identify(pid_tracking_results/run_20260725_105425) by extension 'ignore'
[1.241s] Level 1:colcon.colcon_core.package_identification:_identify(pid_tracking_results/run_20260725_105425) by extension 'ignore_ament_install'
[1.241s] Level 1:colcon.colcon_core.package_identification:_identify(pid_tracking_results/run_20260725_105425) by extensions ['colcon_pkg']
[1.241s] Level 1:colcon.colcon_core.package_identification:_identify(pid_tracking_results/run_20260725_105425) by extension 'colcon_pkg'
[1.241s] Level 1:colcon.colcon_core.package_identification:_identify(pid_tracking_results/run_20260725_105425) by extensions ['colcon_meta']
[1.242s] Level 1:colcon.colcon_core.package_identification:_identify(pid_tracking_results/run_20260725_105425) by extension 'colcon_meta'
[1.242s] Level 1:colcon.colcon_core.package_identification:_identify(pid_tracking_results/run_20260725_105425) by extensions ['ros']
[1.242s] Level 1:colcon.colcon_core.package_identification:_identify(pid_tracking_results/run_20260725_105425) by extension 'ros'
[1.242s] Level 1:colcon.colcon_core.package_identification:_identify(pid_tracking_results/run_20260725_105425) by extensions ['cmake', 'python']
[1.242s] Level 1:colcon.colcon_core.package_identification:_identify(pid_tracking_results/run_20260725_105425) by extension 'cmake'
[1.242s] Level 1:colcon.colcon_core.package_identification:_identify(pid_tracking_results/run_20260725_105425) by extension 'python'
[1.242s] Level 1:colcon.colcon_core.package_identification:_identify(pid_tracking_results/run_20260725_105425) by extensions ['python_setup_py']
[1.242s] Level 1:colcon.colcon_core.package_identification:_identify(pid_tracking_results/run_20260725_105425) by extension 'python_setup_py'
[1.242s] Level 1:colcon.colcon_core.package_identification:_identify(pid_tracking_results/run_20260725_105644) by extensions ['ignore', 'ignore_ament_install']
[1.243s] Level 1:colcon.colcon_core.package_identification:_identify(pid_tracking_results/run_20260725_105644) by extension 'ignore'
[1.243s] Level 1:colcon.colcon_core.package_identification:_identify(pid_tracking_results/run_20260725_105644) by extension 'ignore_ament_install'
[1.243s] Level 1:colcon.colcon_core.package_identification:_identify(pid_tracking_results/run_20260725_105644) by extensions ['colcon_pkg']
[1.243s] Level 1:colcon.colcon_core.package_identification:_identify(pid_tracking_results/run_20260725_105644) by extension 'colcon_pkg'
[1.243s] Level 1:colcon.colcon_core.package_identification:_identify(pid_tracking_results/run_20260725_105644) by extensions ['colcon_meta']
[1.243s] Level 1:colcon.colcon_core.package_identification:_identify(pid_tracking_results/run_20260725_105644) by extension 'colcon_meta'
[1.243s] Level 1:colcon.colcon_core.package_identification:_identify(pid_tracking_results/run_20260725_105644) by extensions ['ros']
[1.243s] Level 1:colcon.colcon_core.package_identification:_identify(pid_tracking_results/run_20260725_105644) by extension 'ros'
[1.243s] Level 1:colcon.colcon_core.package_identification:_identify(pid_tracking_results/run_20260725_105644) by extensions ['cmake', 'python']
[1.243s] Level 1:colcon.colcon_core.package_identification:_identify(pid_tracking_results/run_20260725_105644) by extension 'cmake'
[1.244s] Level 1:colcon.colcon_core.package_identification:_identify(pid_tracking_results/run_20260725_105644) by extension 'python'
[1.244s] Level 1:colcon.colcon_core.package_identification:_identify(pid_tracking_results/run_20260725_105644) by extensions ['python_setup_py']
[1.244s] Level 1:colcon.colcon_core.package_identification:_identify(pid_tracking_results/run_20260725_105644) by extension 'python_setup_py'
[1.244s] Level 1:colcon.colcon_core.package_identification:_identify(pid_tracking_results/run_20260725_105721) by extensions ['ignore', 'ignore_ament_install']
[1.244s] Level 1:colcon.colcon_core.package_identification:_identify(pid_tracking_results/run_20260725_105721) by extension 'ignore'
[1.244s] Level 1:colcon.colcon_core.package_identification:_identify(pid_tracking_results/run_20260725_105721) by extension 'ignore_ament_install'
[1.244s] Level 1:colcon.colcon_core.package_identification:_identify(pid_tracking_results/run_20260725_105721) by extensions ['colcon_pkg']
[1.244s] Level 1:colcon.colcon_core.package_identification:_identify(pid_tracking_results/run_20260725_105721) by extension 'colcon_pkg'
[1.245s] Level 1:colcon.colcon_core.package_identification:_identify(pid_tracking_results/run_20260725_105721) by extensions ['colcon_meta']
[1.245s] Level 1:colcon.colcon_core.package_identification:_identify(pid_tracking_results/run_20260725_105721) by extension 'colcon_meta'
[1.245s] Level 1:colcon.colcon_core.package_identification:_identify(pid_tracking_results/run_20260725_105721) by extensions ['ros']
[1.245s] Level 1:colcon.colcon_core.package_identification:_identify(pid_tracking_results/run_20260725_105721) by extension 'ros'
[1.245s] Level 1:colcon.colcon_core.package_identification:_identify(pid_tracking_results/run_20260725_105721) by extensions ['cmake', 'python']
[1.245s] Level 1:colcon.colcon_core.package_identification:_identify(pid_tracking_results/run_20260725_105721) by extension 'cmake'
[1.245s] Level 1:colcon.colcon_core.package_identification:_identify(pid_tracking_results/run_20260725_105721) by extension 'python'
[1.245s] Level 1:colcon.colcon_core.package_identification:_identify(pid_tracking_results/run_20260725_105721) by extensions ['python_setup_py']
[1.245s] Level 1:colcon.colcon_core.package_identification:_identify(pid_tracking_results/run_20260725_105721) by extension 'python_setup_py'
[1.245s] Level 1:colcon.colcon_core.package_identification:_identify(pid_tracking_results/run_20260725_110917) by extensions ['ignore', 'ignore_ament_install']
[1.246s] Level 1:colcon.colcon_core.package_identification:_identify(pid_tracking_results/run_20260725_110917) by extension 'ignore'
[1.246s] Level 1:colcon.colcon_core.package_identification:_identify(pid_tracking_results/run_20260725_110917) by extension 'ignore_ament_install'
[1.246s] Level 1:colcon.colcon_core.package_identification:_identify(pid_tracking_results/run_20260725_110917) by extensions ['colcon_pkg']
[1.246s] Level 1:colcon.colcon_core.package_identification:_identify(pid_tracking_results/run_20260725_110917) by extension 'colcon_pkg'
[1.246s] Level 1:colcon.colcon_core.package_identification:_identify(pid_tracking_results/run_20260725_110917) by extensions ['colcon_meta']
[1.246s] Level 1:colcon.colcon_core.package_identification:_identify(pid_tracking_results/run_20260725_110917) by extension 'colcon_meta'
[1.246s] Level 1:colcon.colcon_core.package_identification:_identify(pid_tracking_results/run_20260725_110917) by extensions ['ros']
[1.246s] Level 1:colcon.colcon_core.package_identification:_identify(pid_tracking_results/run_20260725_110917) by extension 'ros'
[1.246s] Level 1:colcon.colcon_core.package_identification:_identify(pid_tracking_results/run_20260725_110917) by extensions ['cmake', 'python']
[1.247s] Level 1:colcon.colcon_core.package_identification:_identify(pid_tracking_results/run_20260725_110917) by extension 'cmake'
[1.247s] Level 1:colcon.colcon_core.package_identification:_identify(pid_tracking_results/run_20260725_110917) by extension 'python'
[1.247s] Level 1:colcon.colcon_core.package_identification:_identify(pid_tracking_results/run_20260725_110917) by extensions ['python_setup_py']
[1.247s] Level 1:colcon.colcon_core.package_identification:_identify(pid_tracking_results/run_20260725_110917) by extension 'python_setup_py'
[1.247s] Level 1:colcon.colcon_core.package_identification:_identify(pid_tracking_results/run_20260725_111108) by extensions ['ignore', 'ignore_ament_install']
[1.247s] Level 1:colcon.colcon_core.package_identification:_identify(pid_tracking_results/run_20260725_111108) by extension 'ignore'
[1.247s] Level 1:colcon.colcon_core.package_identification:_identify(pid_tracking_results/run_20260725_111108) by extension 'ignore_ament_install'
[1.247s] Level 1:colcon.colcon_core.package_identification:_identify(pid_tracking_results/run_20260725_111108) by extensions ['colcon_pkg']
[1.248s] Level 1:colcon.colcon_core.package_identification:_identify(pid_tracking_results/run_20260725_111108) by extension 'colcon_pkg'
[1.248s] Level 1:colcon.colcon_core.package_identification:_identify(pid_tracking_results/run_20260725_111108) by extensions ['colcon_meta']
[1.248s] Level 1:colcon.colcon_core.package_identification:_identify(pid_tracking_results/run_20260725_111108) by extension 'colcon_meta'
[1.248s] Level 1:colcon.colcon_core.package_identification:_identify(pid_tracking_results/run_20260725_111108) by extensions ['ros']
[1.248s] Level 1:colcon.colcon_core.package_identification:_identify(pid_tracking_results/run_20260725_111108) by extension 'ros'
[1.248s] Level 1:colcon.colcon_core.package_identification:_identify(pid_tracking_results/run_20260725_111108) by extensions ['cmake', 'python']
[1.248s] Level 1:colcon.colcon_core.package_identification:_identify(pid_tracking_results/run_20260725_111108) by extension 'cmake'
[1.248s] Level 1:colcon.colcon_core.package_identification:_identify(pid_tracking_results/run_20260725_111108) by extension 'python'
[1.248s] Level 1:colcon.colcon_core.package_identification:_identify(pid_tracking_results/run_20260725_111108) by extensions ['python_setup_py']
[1.248s] Level 1:colcon.colcon_core.package_identification:_identify(pid_tracking_results/run_20260725_111108) by extension 'python_setup_py'
[1.249s] Level 1:colcon.colcon_core.package_identification:_identify(pid_tracking_results/run_20260725_111357) by extensions ['ignore', 'ignore_ament_install']
[1.249s] Level 1:colcon.colcon_core.package_identification:_identify(pid_tracking_results/run_20260725_111357) by extension 'ignore'
[1.249s] Level 1:colcon.colcon_core.package_identification:_identify(pid_tracking_results/run_20260725_111357) by extension 'ignore_ament_install'
[1.249s] Level 1:colcon.colcon_core.package_identification:_identify(pid_tracking_results/run_20260725_111357) by extensions ['colcon_pkg']
[1.249s] Level 1:colcon.colcon_core.package_identification:_identify(pid_tracking_results/run_20260725_111357) by extension 'colcon_pkg'
[1.249s] Level 1:colcon.colcon_core.package_identification:_identify(pid_tracking_results/run_20260725_111357) by extensions ['colcon_meta']
[1.249s] Level 1:colcon.colcon_core.package_identification:_identify(pid_tracking_results/run_20260725_111357) by extension 'colcon_meta'
[1.249s] Level 1:colcon.colcon_core.package_identification:_identify(pid_tracking_results/run_20260725_111357) by extensions ['ros']
[1.249s] Level 1:colcon.colcon_core.package_identification:_identify(pid_tracking_results/run_20260725_111357) by extension 'ros'
[1.250s] Level 1:colcon.colcon_core.package_identification:_identify(pid_tracking_results/run_20260725_111357) by extensions ['cmake', 'python']
[1.250s] Level 1:colcon.colcon_core.package_identification:_identify(pid_tracking_results/run_20260725_111357) by extension 'cmake'
[1.250s] Level 1:colcon.colcon_core.package_identification:_identify(pid_tracking_results/run_20260725_111357) by extension 'python'
[1.250s] Level 1:colcon.colcon_core.package_identification:_identify(pid_tracking_results/run_20260725_111357) by extensions ['python_setup_py']
[1.250s] Level 1:colcon.colcon_core.package_identification:_identify(pid_tracking_results/run_20260725_111357) by extension 'python_setup_py'
[1.250s] Level 1:colcon.colcon_core.package_identification:_identify(pid_tracking_results/run_20260725_111656) by extensions ['ignore', 'ignore_ament_install']
[1.250s] Level 1:colcon.colcon_core.package_identification:_identify(pid_tracking_results/run_20260725_111656) by extension 'ignore'
[1.250s] Level 1:colcon.colcon_core.package_identification:_identify(pid_tracking_results/run_20260725_111656) by extension 'ignore_ament_install'
[1.251s] Level 1:colcon.colcon_core.package_identification:_identify(pid_tracking_results/run_20260725_111656) by extensions ['colcon_pkg']
[1.251s] Level 1:colcon.colcon_core.package_identification:_identify(pid_tracking_results/run_20260725_111656) by extension 'colcon_pkg'
[1.251s] Level 1:colcon.colcon_core.package_identification:_identify(pid_tracking_results/run_20260725_111656) by extensions ['colcon_meta']
[1.251s] Level 1:colcon.colcon_core.package_identification:_identify(pid_tracking_results/run_20260725_111656) by extension 'colcon_meta'
[1.251s] Level 1:colcon.colcon_core.package_identification:_identify(pid_tracking_results/run_20260725_111656) by extensions ['ros']
[1.251s] Level 1:colcon.colcon_core.package_identification:_identify(pid_tracking_results/run_20260725_111656) by extension 'ros'
[1.251s] Level 1:colcon.colcon_core.package_identification:_identify(pid_tracking_results/run_20260725_111656) by extensions ['cmake', 'python']
[1.251s] Level 1:colcon.colcon_core.package_identification:_identify(pid_tracking_results/run_20260725_111656) by extension 'cmake'
[1.251s] Level 1:colcon.colcon_core.package_identification:_identify(pid_tracking_results/run_20260725_111656) by extension 'python'
[1.251s] Level 1:colcon.colcon_core.package_identification:_identify(pid_tracking_results/run_20260725_111656) by extensions ['python_setup_py']
[1.251s] Level 1:colcon.colcon_core.package_identification:_identify(pid_tracking_results/run_20260725_111656) by extension 'python_setup_py'
[1.252s] Level 1:colcon.colcon_core.package_identification:_identify(pid_tracking_results/run_20260725_111708) by extensions ['ignore', 'ignore_ament_install']
[1.252s] Level 1:colcon.colcon_core.package_identification:_identify(pid_tracking_results/run_20260725_111708) by extension 'ignore'
[1.252s] Level 1:colcon.colcon_core.package_identification:_identify(pid_tracking_results/run_20260725_111708) by extension 'ignore_ament_install'
[1.252s] Level 1:colcon.colcon_core.package_identification:_identify(pid_tracking_results/run_20260725_111708) by extensions ['colcon_pkg']
[1.252s] Level 1:colcon.colcon_core.package_identification:_identify(pid_tracking_results/run_20260725_111708) by extension 'colcon_pkg'
[1.252s] Level 1:colcon.colcon_core.package_identification:_identify(pid_tracking_results/run_20260725_111708) by extensions ['colcon_meta']
[1.252s] Level 1:colcon.colcon_core.package_identification:_identify(pid_tracking_results/run_20260725_111708) by extension 'colcon_meta'
[1.252s] Level 1:colcon.colcon_core.package_identification:_identify(pid_tracking_results/run_20260725_111708) by extensions ['ros']
[1.252s] Level 1:colcon.colcon_core.package_identification:_identify(pid_tracking_results/run_20260725_111708) by extension 'ros'
[1.253s] Level 1:colcon.colcon_core.package_identification:_identify(pid_tracking_results/run_20260725_111708) by extensions ['cmake', 'python']
[1.253s] Level 1:colcon.colcon_core.package_identification:_identify(pid_tracking_results/run_20260725_111708) by extension 'cmake'
[1.253s] Level 1:colcon.colcon_core.package_identification:_identify(pid_tracking_results/run_20260725_111708) by extension 'python'
[1.253s] Level 1:colcon.colcon_core.package_identification:_identify(pid_tracking_results/run_20260725_111708) by extensions ['python_setup_py']
[1.253s] Level 1:colcon.colcon_core.package_identification:_identify(pid_tracking_results/run_20260725_111708) by extension 'python_setup_py'
[1.253s] Level 1:colcon.colcon_core.package_identification:_identify(pid_tracking_results/run_20260725_112255) by extensions ['ignore', 'ignore_ament_install']
[1.253s] Level 1:colcon.colcon_core.package_identification:_identify(pid_tracking_results/run_20260725_112255) by extension 'ignore'
[1.253s] Level 1:colcon.colcon_core.package_identification:_identify(pid_tracking_results/run_20260725_112255) by extension 'ignore_ament_install'
[1.254s] Level 1:colcon.colcon_core.package_identification:_identify(pid_tracking_results/run_20260725_112255) by extensions ['colcon_pkg']
[1.254s] Level 1:colcon.colcon_core.package_identification:_identify(pid_tracking_results/run_20260725_112255) by extension 'colcon_pkg'
[1.254s] Level 1:colcon.colcon_core.package_identification:_identify(pid_tracking_results/run_20260725_112255) by extensions ['colcon_meta']
[1.254s] Level 1:colcon.colcon_core.package_identification:_identify(pid_tracking_results/run_20260725_112255) by extension 'colcon_meta'
[1.254s] Level 1:colcon.colcon_core.package_identification:_identify(pid_tracking_results/run_20260725_112255) by extensions ['ros']
[1.254s] Level 1:colcon.colcon_core.package_identification:_identify(pid_tracking_results/run_20260725_112255) by extension 'ros'
[1.254s] Level 1:colcon.colcon_core.package_identification:_identify(pid_tracking_results/run_20260725_112255) by extensions ['cmake', 'python']
[1.254s] Level 1:colcon.colcon_core.package_identification:_identify(pid_tracking_results/run_20260725_112255) by extension 'cmake'
[1.254s] Level 1:colcon.colcon_core.package_identification:_identify(pid_tracking_results/run_20260725_112255) by extension 'python'
[1.254s] Level 1:colcon.colcon_core.package_identification:_identify(pid_tracking_results/run_20260725_112255) by extensions ['python_setup_py']
[1.255s] Level 1:colcon.colcon_core.package_identification:_identify(pid_tracking_results/run_20260725_112255) by extension 'python_setup_py'
[1.255s] Level 1:colcon.colcon_core.package_identification:_identify(pid_tracking_results/run_20260725_201102) by extensions ['ignore', 'ignore_ament_install']
[1.255s] Level 1:colcon.colcon_core.package_identification:_identify(pid_tracking_results/run_20260725_201102) by extension 'ignore'
[1.255s] Level 1:colcon.colcon_core.package_identification:_identify(pid_tracking_results/run_20260725_201102) by extension 'ignore_ament_install'
[1.255s] Level 1:colcon.colcon_core.package_identification:_identify(pid_tracking_results/run_20260725_201102) by extensions ['colcon_pkg']
[1.255s] Level 1:colcon.colcon_core.package_identification:_identify(pid_tracking_results/run_20260725_201102) by extension 'colcon_pkg'
[1.255s] Level 1:colcon.colcon_core.package_identification:_identify(pid_tracking_results/run_20260725_201102) by extensions ['colcon_meta']
[1.255s] Level 1:colcon.colcon_core.package_identification:_identify(pid_tracking_results/run_20260725_201102) by extension 'colcon_meta'
[1.255s] Level 1:colcon.colcon_core.package_identification:_identify(pid_tracking_results/run_20260725_201102) by extensions ['ros']
[1.256s] Level 1:colcon.colcon_core.package_identification:_identify(pid_tracking_results/run_20260725_201102) by extension 'ros'
[1.256s] Level 1:colcon.colcon_core.package_identification:_identify(pid_tracking_results/run_20260725_201102) by extensions ['cmake', 'python']
[1.256s] Level 1:colcon.colcon_core.package_identification:_identify(pid_tracking_results/run_20260725_201102) by extension 'cmake'
[1.256s] Level 1:colcon.colcon_core.package_identification:_identify(pid_tracking_results/run_20260725_201102) by extension 'python'
[1.256s] Level 1:colcon.colcon_core.package_identification:_identify(pid_tracking_results/run_20260725_201102) by extensions ['python_setup_py']
[1.256s] Level 1:colcon.colcon_core.package_identification:_identify(pid_tracking_results/run_20260725_201102) by extension 'python_setup_py'
[1.256s] Level 1:colcon.colcon_core.package_identification:_identify(pid_tracking_results/run_20260725_201401) by extensions ['ignore', 'ignore_ament_install']
[1.256s] Level 1:colcon.colcon_core.package_identification:_identify(pid_tracking_results/run_20260725_201401) by extension 'ignore'
[1.257s] Level 1:colcon.colcon_core.package_identification:_identify(pid_tracking_results/run_20260725_201401) by extension 'ignore_ament_install'
[1.257s] Level 1:colcon.colcon_core.package_identification:_identify(pid_tracking_results/run_20260725_201401) by extensions ['colcon_pkg']
[1.257s] Level 1:colcon.colcon_core.package_identification:_identify(pid_tracking_results/run_20260725_201401) by extension 'colcon_pkg'
[1.257s] Level 1:colcon.colcon_core.package_identification:_identify(pid_tracking_results/run_20260725_201401) by extensions ['colcon_meta']
[1.257s] Level 1:colcon.colcon_core.package_identification:_identify(pid_tracking_results/run_20260725_201401) by extension 'colcon_meta'
[1.257s] Level 1:colcon.colcon_core.package_identification:_identify(pid_tracking_results/run_20260725_201401) by extensions ['ros']
[1.257s] Level 1:colcon.colcon_core.package_identification:_identify(pid_tracking_results/run_20260725_201401) by extension 'ros'
[1.257s] Level 1:colcon.colcon_core.package_identification:_identify(pid_tracking_results/run_20260725_201401) by extensions ['cmake', 'python']
[1.257s] Level 1:colcon.colcon_core.package_identification:_identify(pid_tracking_results/run_20260725_201401) by extension 'cmake'
[1.257s] Level 1:colcon.colcon_core.package_identification:_identify(pid_tracking_results/run_20260725_201401) by extension 'python'
[1.258s] Level 1:colcon.colcon_core.package_identification:_identify(pid_tracking_results/run_20260725_201401) by extensions ['python_setup_py']
[1.258s] Level 1:colcon.colcon_core.package_identification:_identify(pid_tracking_results/run_20260725_201401) by extension 'python_setup_py'
[1.258s] Level 1:colcon.colcon_core.package_identification:_identify(pid_tracking_results/run_20260725_201800) by extensions ['ignore', 'ignore_ament_install']
[1.258s] Level 1:colcon.colcon_core.package_identification:_identify(pid_tracking_results/run_20260725_201800) by extension 'ignore'
[1.258s] Level 1:colcon.colcon_core.package_identification:_identify(pid_tracking_results/run_20260725_201800) by extension 'ignore_ament_install'
[1.258s] Level 1:colcon.colcon_core.package_identification:_identify(pid_tracking_results/run_20260725_201800) by extensions ['colcon_pkg']
[1.258s] Level 1:colcon.colcon_core.package_identification:_identify(pid_tracking_results/run_20260725_201800) by extension 'colcon_pkg'
[1.258s] Level 1:colcon.colcon_core.package_identification:_identify(pid_tracking_results/run_20260725_201800) by extensions ['colcon_meta']
[1.258s] Level 1:colcon.colcon_core.package_identification:_identify(pid_tracking_results/run_20260725_201800) by extension 'colcon_meta'
[1.259s] Level 1:colcon.colcon_core.package_identification:_identify(pid_tracking_results/run_20260725_201800) by extensions ['ros']
[1.259s] Level 1:colcon.colcon_core.package_identification:_identify(pid_tracking_results/run_20260725_201800) by extension 'ros'
[1.259s] Level 1:colcon.colcon_core.package_identification:_identify(pid_tracking_results/run_20260725_201800) by extensions ['cmake', 'python']
[1.259s] Level 1:colcon.colcon_core.package_identification:_identify(pid_tracking_results/run_20260725_201800) by extension 'cmake'
[1.259s] Level 1:colcon.colcon_core.package_identification:_identify(pid_tracking_results/run_20260725_201800) by extension 'python'
[1.259s] Level 1:colcon.colcon_core.package_identification:_identify(pid_tracking_results/run_20260725_201800) by extensions ['python_setup_py']
[1.259s] Level 1:colcon.colcon_core.package_identification:_identify(pid_tracking_results/run_20260725_201800) by extension 'python_setup_py'
[1.259s] Level 1:colcon.colcon_core.package_identification:_identify(pid_tracking_results/run_20260726_183417) by extensions ['ignore', 'ignore_ament_install']
[1.259s] Level 1:colcon.colcon_core.package_identification:_identify(pid_tracking_results/run_20260726_183417) by extension 'ignore'
[1.260s] Level 1:colcon.colcon_core.package_identification:_identify(pid_tracking_results/run_20260726_183417) by extension 'ignore_ament_install'
[1.260s] Level 1:colcon.colcon_core.package_identification:_identify(pid_tracking_results/run_20260726_183417) by extensions ['colcon_pkg']
[1.260s] Level 1:colcon.colcon_core.package_identification:_identify(pid_tracking_results/run_20260726_183417) by extension 'colcon_pkg'
[1.260s] Level 1:colcon.colcon_core.package_identification:_identify(pid_tracking_results/run_20260726_183417) by extensions ['colcon_meta']
[1.260s] Level 1:colcon.colcon_core.package_identification:_identify(pid_tracking_results/run_20260726_183417) by extension 'colcon_meta'
[1.260s] Level 1:colcon.colcon_core.package_identification:_identify(pid_tracking_results/run_20260726_183417) by extensions ['ros']
[1.260s] Level 1:colcon.colcon_core.package_identification:_identify(pid_tracking_results/run_20260726_183417) by extension 'ros'
[1.260s] Level 1:colcon.colcon_core.package_identification:_identify(pid_tracking_results/run_20260726_183417) by extensions ['cmake', 'python']
[1.260s] Level 1:colcon.colcon_core.package_identification:_identify(pid_tracking_results/run_20260726_183417) by extension 'cmake'
[1.261s] Level 1:colcon.colcon_core.package_identification:_identify(pid_tracking_results/run_20260726_183417) by extension 'python'
[1.261s] Level 1:colcon.colcon_core.package_identification:_identify(pid_tracking_results/run_20260726_183417) by extensions ['python_setup_py']
[1.261s] Level 1:colcon.colcon_core.package_identification:_identify(pid_tracking_results/run_20260726_183417) by extension 'python_setup_py'
[1.261s] Level 1:colcon.colcon_core.package_identification:_identify(pid_tracking_results/run_20260726_183651) by extensions ['ignore', 'ignore_ament_install']
[1.261s] Level 1:colcon.colcon_core.package_identification:_identify(pid_tracking_results/run_20260726_183651) by extension 'ignore'
[1.261s] Level 1:colcon.colcon_core.package_identification:_identify(pid_tracking_results/run_20260726_183651) by extension 'ignore_ament_install'
[1.261s] Level 1:colcon.colcon_core.package_identification:_identify(pid_tracking_results/run_20260726_183651) by extensions ['colcon_pkg']
[1.261s] Level 1:colcon.colcon_core.package_identification:_identify(pid_tracking_results/run_20260726_183651) by extension 'colcon_pkg'
[1.261s] Level 1:colcon.colcon_core.package_identification:_identify(pid_tracking_results/run_20260726_183651) by extensions ['colcon_meta']
[1.262s] Level 1:colcon.colcon_core.package_identification:_identify(pid_tracking_results/run_20260726_183651) by extension 'colcon_meta'
[1.262s] Level 1:colcon.colcon_core.package_identification:_identify(pid_tracking_results/run_20260726_183651) by extensions ['ros']
[1.262s] Level 1:colcon.colcon_core.package_identification:_identify(pid_tracking_results/run_20260726_183651) by extension 'ros'
[1.262s] Level 1:colcon.colcon_core.package_identification:_identify(pid_tracking_results/run_20260726_183651) by extensions ['cmake', 'python']
[1.262s] Level 1:colcon.colcon_core.package_identification:_identify(pid_tracking_results/run_20260726_183651) by extension 'cmake'
[1.262s] Level 1:colcon.colcon_core.package_identification:_identify(pid_tracking_results/run_20260726_183651) by extension 'python'
[1.262s] Level 1:colcon.colcon_core.package_identification:_identify(pid_tracking_results/run_20260726_183651) by extensions ['python_setup_py']
[1.262s] Level 1:colcon.colcon_core.package_identification:_identify(pid_tracking_results/run_20260726_183651) by extension 'python_setup_py'
[1.262s] Level 1:colcon.colcon_core.package_identification:_identify(pid_tracking_results/run_20260726_183824) by extensions ['ignore', 'ignore_ament_install']
[1.263s] Level 1:colcon.colcon_core.package_identification:_identify(pid_tracking_results/run_20260726_183824) by extension 'ignore'
[1.263s] Level 1:colcon.colcon_core.package_identification:_identify(pid_tracking_results/run_20260726_183824) by extension 'ignore_ament_install'
[1.263s] Level 1:colcon.colcon_core.package_identification:_identify(pid_tracking_results/run_20260726_183824) by extensions ['colcon_pkg']
[1.263s] Level 1:colcon.colcon_core.package_identification:_identify(pid_tracking_results/run_20260726_183824) by extension 'colcon_pkg'
[1.263s] Level 1:colcon.colcon_core.package_identification:_identify(pid_tracking_results/run_20260726_183824) by extensions ['colcon_meta']
[1.263s] Level 1:colcon.colcon_core.package_identification:_identify(pid_tracking_results/run_20260726_183824) by extension 'colcon_meta'
[1.263s] Level 1:colcon.colcon_core.package_identification:_identify(pid_tracking_results/run_20260726_183824) by extensions ['ros']
[1.263s] Level 1:colcon.colcon_core.package_identification:_identify(pid_tracking_results/run_20260726_183824) by extension 'ros'
[1.263s] Level 1:colcon.colcon_core.package_identification:_identify(pid_tracking_results/run_20260726_183824) by extensions ['cmake', 'python']
[1.263s] Level 1:colcon.colcon_core.package_identification:_identify(pid_tracking_results/run_20260726_183824) by extension 'cmake'
[1.264s] Level 1:colcon.colcon_core.package_identification:_identify(pid_tracking_results/run_20260726_183824) by extension 'python'
[1.264s] Level 1:colcon.colcon_core.package_identification:_identify(pid_tracking_results/run_20260726_183824) by extensions ['python_setup_py']
[1.264s] Level 1:colcon.colcon_core.package_identification:_identify(pid_tracking_results/run_20260726_183824) by extension 'python_setup_py'
[1.264s] Level 1:colcon.colcon_core.package_identification:_identify(pid_tracking_results/run_20260726_184759) by extensions ['ignore', 'ignore_ament_install']
[1.264s] Level 1:colcon.colcon_core.package_identification:_identify(pid_tracking_results/run_20260726_184759) by extension 'ignore'
[1.264s] Level 1:colcon.colcon_core.package_identification:_identify(pid_tracking_results/run_20260726_184759) by extension 'ignore_ament_install'
[1.264s] Level 1:colcon.colcon_core.package_identification:_identify(pid_tracking_results/run_20260726_184759) by extensions ['colcon_pkg']
[1.264s] Level 1:colcon.colcon_core.package_identification:_identify(pid_tracking_results/run_20260726_184759) by extension 'colcon_pkg'
[1.265s] Level 1:colcon.colcon_core.package_identification:_identify(pid_tracking_results/run_20260726_184759) by extensions ['colcon_meta']
[1.265s] Level 1:colcon.colcon_core.package_identification:_identify(pid_tracking_results/run_20260726_184759) by extension 'colcon_meta'
[1.265s] Level 1:colcon.colcon_core.package_identification:_identify(pid_tracking_results/run_20260726_184759) by extensions ['ros']
[1.265s] Level 1:colcon.colcon_core.package_identification:_identify(pid_tracking_results/run_20260726_184759) by extension 'ros'
[1.265s] Level 1:colcon.colcon_core.package_identification:_identify(pid_tracking_results/run_20260726_184759) by extensions ['cmake', 'python']
[1.265s] Level 1:colcon.colcon_core.package_identification:_identify(pid_tracking_results/run_20260726_184759) by extension 'cmake'
[1.265s] Level 1:colcon.colcon_core.package_identification:_identify(pid_tracking_results/run_20260726_184759) by extension 'python'
[1.265s] Level 1:colcon.colcon_core.package_identification:_identify(pid_tracking_results/run_20260726_184759) by extensions ['python_setup_py']
[1.265s] Level 1:colcon.colcon_core.package_identification:_identify(pid_tracking_results/run_20260726_184759) by extension 'python_setup_py'
[1.265s] Level 1:colcon.colcon_core.package_identification:_identify(pid_tracking_results/run_20260726_185937) by extensions ['ignore', 'ignore_ament_install']
[1.266s] Level 1:colcon.colcon_core.package_identification:_identify(pid_tracking_results/run_20260726_185937) by extension 'ignore'
[1.266s] Level 1:colcon.colcon_core.package_identification:_identify(pid_tracking_results/run_20260726_185937) by extension 'ignore_ament_install'
[1.266s] Level 1:colcon.colcon_core.package_identification:_identify(pid_tracking_results/run_20260726_185937) by extensions ['colcon_pkg']
[1.266s] Level 1:colcon.colcon_core.package_identification:_identify(pid_tracking_results/run_20260726_185937) by extension 'colcon_pkg'
[1.266s] Level 1:colcon.colcon_core.package_identification:_identify(pid_tracking_results/run_20260726_185937) by extensions ['colcon_meta']
[1.266s] Level 1:colcon.colcon_core.package_identification:_identify(pid_tracking_results/run_20260726_185937) by extension 'colcon_meta'
[1.266s] Level 1:colcon.colcon_core.package_identification:_identify(pid_tracking_results/run_20260726_185937) by extensions ['ros']
[1.266s] Level 1:colcon.colcon_core.package_identification:_identify(pid_tracking_results/run_20260726_185937) by extension 'ros'
[1.266s] Level 1:colcon.colcon_core.package_identification:_identify(pid_tracking_results/run_20260726_185937) by extensions ['cmake', 'python']
[1.267s] Level 1:colcon.colcon_core.package_identification:_identify(pid_tracking_results/run_20260726_185937) by extension 'cmake'
[1.267s] Level 1:colcon.colcon_core.package_identification:_identify(pid_tracking_results/run_20260726_185937) by extension 'python'
[1.267s] Level 1:colcon.colcon_core.package_identification:_identify(pid_tracking_results/run_20260726_185937) by extensions ['python_setup_py']
[1.267s] Level 1:colcon.colcon_core.package_identification:_identify(pid_tracking_results/run_20260726_185937) by extension 'python_setup_py'
[1.267s] Level 1:colcon.colcon_core.package_identification:_identify(pid_tracking_results/run_20260726_190145) by extensions ['ignore', 'ignore_ament_install']
[1.267s] Level 1:colcon.colcon_core.package_identification:_identify(pid_tracking_results/run_20260726_190145) by extension 'ignore'
[1.267s] Level 1:colcon.colcon_core.package_identification:_identify(pid_tracking_results/run_20260726_190145) by extension 'ignore_ament_install'
[1.267s] Level 1:colcon.colcon_core.package_identification:_identify(pid_tracking_results/run_20260726_190145) by extensions ['colcon_pkg']
[1.267s] Level 1:colcon.colcon_core.package_identification:_identify(pid_tracking_results/run_20260726_190145) by extension 'colcon_pkg'
[1.268s] Level 1:colcon.colcon_core.package_identification:_identify(pid_tracking_results/run_20260726_190145) by extensions ['colcon_meta']
[1.268s] Level 1:colcon.colcon_core.package_identification:_identify(pid_tracking_results/run_20260726_190145) by extension 'colcon_meta'
[1.268s] Level 1:colcon.colcon_core.package_identification:_identify(pid_tracking_results/run_20260726_190145) by extensions ['ros']
[1.268s] Level 1:colcon.colcon_core.package_identification:_identify(pid_tracking_results/run_20260726_190145) by extension 'ros'
[1.268s] Level 1:colcon.colcon_core.package_identification:_identify(pid_tracking_results/run_20260726_190145) by extensions ['cmake', 'python']
[1.268s] Level 1:colcon.colcon_core.package_identification:_identify(pid_tracking_results/run_20260726_190145) by extension 'cmake'
[1.268s] Level 1:colcon.colcon_core.package_identification:_identify(pid_tracking_results/run_20260726_190145) by extension 'python'
[1.268s] Level 1:colcon.colcon_core.package_identification:_identify(pid_tracking_results/run_20260726_190145) by extensions ['python_setup_py']
[1.268s] Level 1:colcon.colcon_core.package_identification:_identify(pid_tracking_results/run_20260726_190145) by extension 'python_setup_py'
[1.269s] Level 1:colcon.colcon_core.package_identification:_identify(pid_tracking_results/run_20260726_190250) by extensions ['ignore', 'ignore_ament_install']
[1.269s] Level 1:colcon.colcon_core.package_identification:_identify(pid_tracking_results/run_20260726_190250) by extension 'ignore'
[1.269s] Level 1:colcon.colcon_core.package_identification:_identify(pid_tracking_results/run_20260726_190250) by extension 'ignore_ament_install'
[1.269s] Level 1:colcon.colcon_core.package_identification:_identify(pid_tracking_results/run_20260726_190250) by extensions ['colcon_pkg']
[1.269s] Level 1:colcon.colcon_core.package_identification:_identify(pid_tracking_results/run_20260726_190250) by extension 'colcon_pkg'
[1.269s] Level 1:colcon.colcon_core.package_identification:_identify(pid_tracking_results/run_20260726_190250) by extensions ['colcon_meta']
[1.269s] Level 1:colcon.colcon_core.package_identification:_identify(pid_tracking_results/run_20260726_190250) by extension 'colcon_meta'
[1.269s] Level 1:colcon.colcon_core.package_identification:_identify(pid_tracking_results/run_20260726_190250) by extensions ['ros']
[1.269s] Level 1:colcon.colcon_core.package_identification:_identify(pid_tracking_results/run_20260726_190250) by extension 'ros'
[1.270s] Level 1:colcon.colcon_core.package_identification:_identify(pid_tracking_results/run_20260726_190250) by extensions ['cmake', 'python']
[1.270s] Level 1:colcon.colcon_core.package_identification:_identify(pid_tracking_results/run_20260726_190250) by extension 'cmake'
[1.270s] Level 1:colcon.colcon_core.package_identification:_identify(pid_tracking_results/run_20260726_190250) by extension 'python'
[1.270s] Level 1:colcon.colcon_core.package_identification:_identify(pid_tracking_results/run_20260726_190250) by extensions ['python_setup_py']
[1.270s] Level 1:colcon.colcon_core.package_identification:_identify(pid_tracking_results/run_20260726_190250) by extension 'python_setup_py'
[1.270s] Level 1:colcon.colcon_core.package_identification:_identify(pid_tracking_results/run_20260726_190346) by extensions ['ignore', 'ignore_ament_install']
[1.270s] Level 1:colcon.colcon_core.package_identification:_identify(pid_tracking_results/run_20260726_190346) by extension 'ignore'
[1.270s] Level 1:colcon.colcon_core.package_identification:_identify(pid_tracking_results/run_20260726_190346) by extension 'ignore_ament_install'
[1.270s] Level 1:colcon.colcon_core.package_identification:_identify(pid_tracking_results/run_20260726_190346) by extensions ['colcon_pkg']
[1.271s] Level 1:colcon.colcon_core.package_identification:_identify(pid_tracking_results/run_20260726_190346) by extension 'colcon_pkg'
[1.271s] Level 1:colcon.colcon_core.package_identification:_identify(pid_tracking_results/run_20260726_190346) by extensions ['colcon_meta']
[1.271s] Level 1:colcon.colcon_core.package_identification:_identify(pid_tracking_results/run_20260726_190346) by extension 'colcon_meta'
[1.271s] Level 1:colcon.colcon_core.package_identification:_identify(pid_tracking_results/run_20260726_190346) by extensions ['ros']
[1.271s] Level 1:colcon.colcon_core.package_identification:_identify(pid_tracking_results/run_20260726_190346) by extension 'ros'
[1.271s] Level 1:colcon.colcon_core.package_identification:_identify(pid_tracking_results/run_20260726_190346) by extensions ['cmake', 'python']
[1.271s] Level 1:colcon.colcon_core.package_identification:_identify(pid_tracking_results/run_20260726_190346) by extension 'cmake'
[1.271s] Level 1:colcon.colcon_core.package_identification:_identify(pid_tracking_results/run_20260726_190346) by extension 'python'
[1.271s] Level 1:colcon.colcon_core.package_identification:_identify(pid_tracking_results/run_20260726_190346) by extensions ['python_setup_py']
[1.271s] Level 1:colcon.colcon_core.package_identification:_identify(pid_tracking_results/run_20260726_190346) by extension 'python_setup_py'
[1.272s] Level 1:colcon.colcon_core.package_identification:_identify(pid_tracking_results/run_20260726_190531) by extensions ['ignore', 'ignore_ament_install']
[1.272s] Level 1:colcon.colcon_core.package_identification:_identify(pid_tracking_results/run_20260726_190531) by extension 'ignore'
[1.272s] Level 1:colcon.colcon_core.package_identification:_identify(pid_tracking_results/run_20260726_190531) by extension 'ignore_ament_install'
[1.272s] Level 1:colcon.colcon_core.package_identification:_identify(pid_tracking_results/run_20260726_190531) by extensions ['colcon_pkg']
[1.272s] Level 1:colcon.colcon_core.package_identification:_identify(pid_tracking_results/run_20260726_190531) by extension 'colcon_pkg'
[1.272s] Level 1:colcon.colcon_core.package_identification:_identify(pid_tracking_results/run_20260726_190531) by extensions ['colcon_meta']
[1.272s] Level 1:colcon.colcon_core.package_identification:_identify(pid_tracking_results/run_20260726_190531) by extension 'colcon_meta'
[1.272s] Level 1:colcon.colcon_core.package_identification:_identify(pid_tracking_results/run_20260726_190531) by extensions ['ros']
[1.272s] Level 1:colcon.colcon_core.package_identification:_identify(pid_tracking_results/run_20260726_190531) by extension 'ros'
[1.273s] Level 1:colcon.colcon_core.package_identification:_identify(pid_tracking_results/run_20260726_190531) by extensions ['cmake', 'python']
[1.273s] Level 1:colcon.colcon_core.package_identification:_identify(pid_tracking_results/run_20260726_190531) by extension 'cmake'
[1.273s] Level 1:colcon.colcon_core.package_identification:_identify(pid_tracking_results/run_20260726_190531) by extension 'python'
[1.273s] Level 1:colcon.colcon_core.package_identification:_identify(pid_tracking_results/run_20260726_190531) by extensions ['python_setup_py']
[1.273s] Level 1:colcon.colcon_core.package_identification:_identify(pid_tracking_results/run_20260726_190531) by extension 'python_setup_py'
[1.273s] Level 1:colcon.colcon_core.package_identification:_identify(pid_tracking_results/run_20260726_191340) by extensions ['ignore', 'ignore_ament_install']
[1.273s] Level 1:colcon.colcon_core.package_identification:_identify(pid_tracking_results/run_20260726_191340) by extension 'ignore'
[1.273s] Level 1:colcon.colcon_core.package_identification:_identify(pid_tracking_results/run_20260726_191340) by extension 'ignore_ament_install'
[1.274s] Level 1:colcon.colcon_core.package_identification:_identify(pid_tracking_results/run_20260726_191340) by extensions ['colcon_pkg']
[1.274s] Level 1:colcon.colcon_core.package_identification:_identify(pid_tracking_results/run_20260726_191340) by extension 'colcon_pkg'
[1.274s] Level 1:colcon.colcon_core.package_identification:_identify(pid_tracking_results/run_20260726_191340) by extensions ['colcon_meta']
[1.274s] Level 1:colcon.colcon_core.package_identification:_identify(pid_tracking_results/run_20260726_191340) by extension 'colcon_meta'
[1.274s] Level 1:colcon.colcon_core.package_identification:_identify(pid_tracking_results/run_20260726_191340) by extensions ['ros']
[1.274s] Level 1:colcon.colcon_core.package_identification:_identify(pid_tracking_results/run_20260726_191340) by extension 'ros'
[1.274s] Level 1:colcon.colcon_core.package_identification:_identify(pid_tracking_results/run_20260726_191340) by extensions ['cmake', 'python']
[1.274s] Level 1:colcon.colcon_core.package_identification:_identify(pid_tracking_results/run_20260726_191340) by extension 'cmake'
[1.274s] Level 1:colcon.colcon_core.package_identification:_identify(pid_tracking_results/run_20260726_191340) by extension 'python'
[1.274s] Level 1:colcon.colcon_core.package_identification:_identify(pid_tracking_results/run_20260726_191340) by extensions ['python_setup_py']
[1.275s] Level 1:colcon.colcon_core.package_identification:_identify(pid_tracking_results/run_20260726_191340) by extension 'python_setup_py'
[1.275s] Level 1:colcon.colcon_core.package_identification:_identify(pid_tracking_results/run_20260726_191436) by extensions ['ignore', 'ignore_ament_install']
[1.275s] Level 1:colcon.colcon_core.package_identification:_identify(pid_tracking_results/run_20260726_191436) by extension 'ignore'
[1.275s] Level 1:colcon.colcon_core.package_identification:_identify(pid_tracking_results/run_20260726_191436) by extension 'ignore_ament_install'
[1.275s] Level 1:colcon.colcon_core.package_identification:_identify(pid_tracking_results/run_20260726_191436) by extensions ['colcon_pkg']
[1.275s] Level 1:colcon.colcon_core.package_identification:_identify(pid_tracking_results/run_20260726_191436) by extension 'colcon_pkg'
[1.275s] Level 1:colcon.colcon_core.package_identification:_identify(pid_tracking_results/run_20260726_191436) by extensions ['colcon_meta']
[1.275s] Level 1:colcon.colcon_core.package_identification:_identify(pid_tracking_results/run_20260726_191436) by extension 'colcon_meta'
[1.275s] Level 1:colcon.colcon_core.package_identification:_identify(pid_tracking_results/run_20260726_191436) by extensions ['ros']
[1.276s] Level 1:colcon.colcon_core.package_identification:_identify(pid_tracking_results/run_20260726_191436) by extension 'ros'
[1.276s] Level 1:colcon.colcon_core.package_identification:_identify(pid_tracking_results/run_20260726_191436) by extensions ['cmake', 'python']
[1.276s] Level 1:colcon.colcon_core.package_identification:_identify(pid_tracking_results/run_20260726_191436) by extension 'cmake'
[1.276s] Level 1:colcon.colcon_core.package_identification:_identify(pid_tracking_results/run_20260726_191436) by extension 'python'
[1.276s] Level 1:colcon.colcon_core.package_identification:_identify(pid_tracking_results/run_20260726_191436) by extensions ['python_setup_py']
[1.276s] Level 1:colcon.colcon_core.package_identification:_identify(pid_tracking_results/run_20260726_191436) by extension 'python_setup_py'
[1.276s] Level 1:colcon.colcon_core.package_identification:_identify(pid_tracking_results/run_20260726_191539) by extensions ['ignore', 'ignore_ament_install']
[1.276s] Level 1:colcon.colcon_core.package_identification:_identify(pid_tracking_results/run_20260726_191539) by extension 'ignore'
[1.277s] Level 1:colcon.colcon_core.package_identification:_identify(pid_tracking_results/run_20260726_191539) by extension 'ignore_ament_install'
[1.277s] Level 1:colcon.colcon_core.package_identification:_identify(pid_tracking_results/run_20260726_191539) by extensions ['colcon_pkg']
[1.277s] Level 1:colcon.colcon_core.package_identification:_identify(pid_tracking_results/run_20260726_191539) by extension 'colcon_pkg'
[1.277s] Level 1:colcon.colcon_core.package_identification:_identify(pid_tracking_results/run_20260726_191539) by extensions ['colcon_meta']
[1.277s] Level 1:colcon.colcon_core.package_identification:_identify(pid_tracking_results/run_20260726_191539) by extension 'colcon_meta'
[1.277s] Level 1:colcon.colcon_core.package_identification:_identify(pid_tracking_results/run_20260726_191539) by extensions ['ros']
[1.277s] Level 1:colcon.colcon_core.package_identification:_identify(pid_tracking_results/run_20260726_191539) by extension 'ros'
[1.277s] Level 1:colcon.colcon_core.package_identification:_identify(pid_tracking_results/run_20260726_191539) by extensions ['cmake', 'python']
[1.277s] Level 1:colcon.colcon_core.package_identification:_identify(pid_tracking_results/run_20260726_191539) by extension 'cmake'
[1.277s] Level 1:colcon.colcon_core.package_identification:_identify(pid_tracking_results/run_20260726_191539) by extension 'python'
[1.277s] Level 1:colcon.colcon_core.package_identification:_identify(pid_tracking_results/run_20260726_191539) by extensions ['python_setup_py']
[1.278s] Level 1:colcon.colcon_core.package_identification:_identify(pid_tracking_results/run_20260726_191539) by extension 'python_setup_py'
[1.278s] Level 1:colcon.colcon_core.package_identification:_identify(pid_tracking_results/run_20260726_191702) by extensions ['ignore', 'ignore_ament_install']
[1.278s] Level 1:colcon.colcon_core.package_identification:_identify(pid_tracking_results/run_20260726_191702) by extension 'ignore'
[1.278s] Level 1:colcon.colcon_core.package_identification:_identify(pid_tracking_results/run_20260726_191702) by extension 'ignore_ament_install'
[1.279s] Level 1:colcon.colcon_core.package_identification:_identify(pid_tracking_results/run_20260726_191702) by extensions ['colcon_pkg']
[1.279s] Level 1:colcon.colcon_core.package_identification:_identify(pid_tracking_results/run_20260726_191702) by extension 'colcon_pkg'
[1.279s] Level 1:colcon.colcon_core.package_identification:_identify(pid_tracking_results/run_20260726_191702) by extensions ['colcon_meta']
[1.279s] Level 1:colcon.colcon_core.package_identification:_identify(pid_tracking_results/run_20260726_191702) by extension 'colcon_meta'
[1.279s] Level 1:colcon.colcon_core.package_identification:_identify(pid_tracking_results/run_20260726_191702) by extensions ['ros']
[1.279s] Level 1:colcon.colcon_core.package_identification:_identify(pid_tracking_results/run_20260726_191702) by extension 'ros'
[1.279s] Level 1:colcon.colcon_core.package_identification:_identify(pid_tracking_results/run_20260726_191702) by extensions ['cmake', 'python']
[1.279s] Level 1:colcon.colcon_core.package_identification:_identify(pid_tracking_results/run_20260726_191702) by extension 'cmake'
[1.279s] Level 1:colcon.colcon_core.package_identification:_identify(pid_tracking_results/run_20260726_191702) by extension 'python'
[1.279s] Level 1:colcon.colcon_core.package_identification:_identify(pid_tracking_results/run_20260726_191702) by extensions ['python_setup_py']
[1.279s] Level 1:colcon.colcon_core.package_identification:_identify(pid_tracking_results/run_20260726_191702) by extension 'python_setup_py'
[1.280s] Level 1:colcon.colcon_core.package_identification:_identify(pid_tracking_results/run_20260726_191947) by extensions ['ignore', 'ignore_ament_install']
[1.280s] Level 1:colcon.colcon_core.package_identification:_identify(pid_tracking_results/run_20260726_191947) by extension 'ignore'
[1.280s] Level 1:colcon.colcon_core.package_identification:_identify(pid_tracking_results/run_20260726_191947) by extension 'ignore_ament_install'
[1.280s] Level 1:colcon.colcon_core.package_identification:_identify(pid_tracking_results/run_20260726_191947) by extensions ['colcon_pkg']
[1.280s] Level 1:colcon.colcon_core.package_identification:_identify(pid_tracking_results/run_20260726_191947) by extension 'colcon_pkg'
[1.280s] Level 1:colcon.colcon_core.package_identification:_identify(pid_tracking_results/run_20260726_191947) by extensions ['colcon_meta']
[1.280s] Level 1:colcon.colcon_core.package_identification:_identify(pid_tracking_results/run_20260726_191947) by extension 'colcon_meta'
[1.280s] Level 1:colcon.colcon_core.package_identification:_identify(pid_tracking_results/run_20260726_191947) by extensions ['ros']
[1.281s] Level 1:colcon.colcon_core.package_identification:_identify(pid_tracking_results/run_20260726_191947) by extension 'ros'
[1.281s] Level 1:colcon.colcon_core.package_identification:_identify(pid_tracking_results/run_20260726_191947) by extensions ['cmake', 'python']
[1.281s] Level 1:colcon.colcon_core.package_identification:_identify(pid_tracking_results/run_20260726_191947) by extension 'cmake'
[1.281s] Level 1:colcon.colcon_core.package_identification:_identify(pid_tracking_results/run_20260726_191947) by extension 'python'
[1.281s] Level 1:colcon.colcon_core.package_identification:_identify(pid_tracking_results/run_20260726_191947) by extensions ['python_setup_py']
[1.281s] Level 1:colcon.colcon_core.package_identification:_identify(pid_tracking_results/run_20260726_191947) by extension 'python_setup_py'
[1.281s] Level 1:colcon.colcon_core.package_identification:_identify(pid_tracking_results/run_20260726_192045) by extensions ['ignore', 'ignore_ament_install']
[1.281s] Level 1:colcon.colcon_core.package_identification:_identify(pid_tracking_results/run_20260726_192045) by extension 'ignore'
[1.281s] Level 1:colcon.colcon_core.package_identification:_identify(pid_tracking_results/run_20260726_192045) by extension 'ignore_ament_install'
[1.282s] Level 1:colcon.colcon_core.package_identification:_identify(pid_tracking_results/run_20260726_192045) by extensions ['colcon_pkg']
[1.282s] Level 1:colcon.colcon_core.package_identification:_identify(pid_tracking_results/run_20260726_192045) by extension 'colcon_pkg'
[1.282s] Level 1:colcon.colcon_core.package_identification:_identify(pid_tracking_results/run_20260726_192045) by extensions ['colcon_meta']
[1.282s] Level 1:colcon.colcon_core.package_identification:_identify(pid_tracking_results/run_20260726_192045) by extension 'colcon_meta'
[1.282s] Level 1:colcon.colcon_core.package_identification:_identify(pid_tracking_results/run_20260726_192045) by extensions ['ros']
[1.282s] Level 1:colcon.colcon_core.package_identification:_identify(pid_tracking_results/run_20260726_192045) by extension 'ros'
[1.282s] Level 1:colcon.colcon_core.package_identification:_identify(pid_tracking_results/run_20260726_192045) by extensions ['cmake', 'python']
[1.282s] Level 1:colcon.colcon_core.package_identification:_identify(pid_tracking_results/run_20260726_192045) by extension 'cmake'
[1.282s] Level 1:colcon.colcon_core.package_identification:_identify(pid_tracking_results/run_20260726_192045) by extension 'python'
[1.282s] Level 1:colcon.colcon_core.package_identification:_identify(pid_tracking_results/run_20260726_192045) by extensions ['python_setup_py']
[1.283s] Level 1:colcon.colcon_core.package_identification:_identify(pid_tracking_results/run_20260726_192045) by extension 'python_setup_py'
[1.283s] Level 1:colcon.colcon_core.package_identification:_identify(pid_tracking_results/run_20260726_192842) by extensions ['ignore', 'ignore_ament_install']
[1.283s] Level 1:colcon.colcon_core.package_identification:_identify(pid_tracking_results/run_20260726_192842) by extension 'ignore'
[1.283s] Level 1:colcon.colcon_core.package_identification:_identify(pid_tracking_results/run_20260726_192842) by extension 'ignore_ament_install'
[1.283s] Level 1:colcon.colcon_core.package_identification:_identify(pid_tracking_results/run_20260726_192842) by extensions ['colcon_pkg']
[1.283s] Level 1:colcon.colcon_core.package_identification:_identify(pid_tracking_results/run_20260726_192842) by extension 'colcon_pkg'
[1.283s] Level 1:colcon.colcon_core.package_identification:_identify(pid_tracking_results/run_20260726_192842) by extensions ['colcon_meta']
[1.284s] Level 1:colcon.colcon_core.package_identification:_identify(pid_tracking_results/run_20260726_192842) by extension 'colcon_meta'
[1.284s] Level 1:colcon.colcon_core.package_identification:_identify(pid_tracking_results/run_20260726_192842) by extensions ['ros']
[1.284s] Level 1:colcon.colcon_core.package_identification:_identify(pid_tracking_results/run_20260726_192842) by extension 'ros'
[1.284s] Level 1:colcon.colcon_core.package_identification:_identify(pid_tracking_results/run_20260726_192842) by extensions ['cmake', 'python']
[1.284s] Level 1:colcon.colcon_core.package_identification:_identify(pid_tracking_results/run_20260726_192842) by extension 'cmake'
[1.284s] Level 1:colcon.colcon_core.package_identification:_identify(pid_tracking_results/run_20260726_192842) by extension 'python'
[1.284s] Level 1:colcon.colcon_core.package_identification:_identify(pid_tracking_results/run_20260726_192842) by extensions ['python_setup_py']
[1.284s] Level 1:colcon.colcon_core.package_identification:_identify(pid_tracking_results/run_20260726_192842) by extension 'python_setup_py'
[1.284s] Level 1:colcon.colcon_core.package_identification:_identify(pid_tracking_results/run_20260726_192923) by extensions ['ignore', 'ignore_ament_install']
[1.285s] Level 1:colcon.colcon_core.package_identification:_identify(pid_tracking_results/run_20260726_192923) by extension 'ignore'
[1.285s] Level 1:colcon.colcon_core.package_identification:_identify(pid_tracking_results/run_20260726_192923) by extension 'ignore_ament_install'
[1.285s] Level 1:colcon.colcon_core.package_identification:_identify(pid_tracking_results/run_20260726_192923) by extensions ['colcon_pkg']
[1.285s] Level 1:colcon.colcon_core.package_identification:_identify(pid_tracking_results/run_20260726_192923) by extension 'colcon_pkg'
[1.285s] Level 1:colcon.colcon_core.package_identification:_identify(pid_tracking_results/run_20260726_192923) by extensions ['colcon_meta']
[1.285s] Level 1:colcon.colcon_core.package_identification:_identify(pid_tracking_results/run_20260726_192923) by extension 'colcon_meta'
[1.285s] Level 1:colcon.colcon_core.package_identification:_identify(pid_tracking_results/run_20260726_192923) by extensions ['ros']
[1.285s] Level 1:colcon.colcon_core.package_identification:_identify(pid_tracking_results/run_20260726_192923) by extension 'ros'
[1.285s] Level 1:colcon.colcon_core.package_identification:_identify(pid_tracking_results/run_20260726_192923) by extensions ['cmake', 'python']
[1.286s] Level 1:colcon.colcon_core.package_identification:_identify(pid_tracking_results/run_20260726_192923) by extension 'cmake'
[1.286s] Level 1:colcon.colcon_core.package_identification:_identify(pid_tracking_results/run_20260726_192923) by extension 'python'
[1.286s] Level 1:colcon.colcon_core.package_identification:_identify(pid_tracking_results/run_20260726_192923) by extensions ['python_setup_py']
[1.286s] Level 1:colcon.colcon_core.package_identification:_identify(pid_tracking_results/run_20260726_192923) by extension 'python_setup_py'
[1.286s] Level 1:colcon.colcon_core.package_identification:_identify(pid_tracking_results/run_20260726_193008) by extensions ['ignore', 'ignore_ament_install']
[1.286s] Level 1:colcon.colcon_core.package_identification:_identify(pid_tracking_results/run_20260726_193008) by extension 'ignore'
[1.286s] Level 1:colcon.colcon_core.package_identification:_identify(pid_tracking_results/run_20260726_193008) by extension 'ignore_ament_install'
[1.286s] Level 1:colcon.colcon_core.package_identification:_identify(pid_tracking_results/run_20260726_193008) by extensions ['colcon_pkg']
[1.286s] Level 1:colcon.colcon_core.package_identification:_identify(pid_tracking_results/run_20260726_193008) by extension 'colcon_pkg'
[1.287s] Level 1:colcon.colcon_core.package_identification:_identify(pid_tracking_results/run_20260726_193008) by extensions ['colcon_meta']
[1.287s] Level 1:colcon.colcon_core.package_identification:_identify(pid_tracking_results/run_20260726_193008) by extension 'colcon_meta'
[1.287s] Level 1:colcon.colcon_core.package_identification:_identify(pid_tracking_results/run_20260726_193008) by extensions ['ros']
[1.287s] Level 1:colcon.colcon_core.package_identification:_identify(pid_tracking_results/run_20260726_193008) by extension 'ros'
[1.287s] Level 1:colcon.colcon_core.package_identification:_identify(pid_tracking_results/run_20260726_193008) by extensions ['cmake', 'python']
[1.287s] Level 1:colcon.colcon_core.package_identification:_identify(pid_tracking_results/run_20260726_193008) by extension 'cmake'
[1.287s] Level 1:colcon.colcon_core.package_identification:_identify(pid_tracking_results/run_20260726_193008) by extension 'python'
[1.287s] Level 1:colcon.colcon_core.package_identification:_identify(pid_tracking_results/run_20260726_193008) by extensions ['python_setup_py']
[1.287s] Level 1:colcon.colcon_core.package_identification:_identify(pid_tracking_results/run_20260726_193008) by extension 'python_setup_py'
[1.288s] Level 1:colcon.colcon_core.package_identification:_identify(pid_tracking_results/run_20260726_193101) by extensions ['ignore', 'ignore_ament_install']
[1.288s] Level 1:colcon.colcon_core.package_identification:_identify(pid_tracking_results/run_20260726_193101) by extension 'ignore'
[1.288s] Level 1:colcon.colcon_core.package_identification:_identify(pid_tracking_results/run_20260726_193101) by extension 'ignore_ament_install'
[1.288s] Level 1:colcon.colcon_core.package_identification:_identify(pid_tracking_results/run_20260726_193101) by extensions ['colcon_pkg']
[1.288s] Level 1:colcon.colcon_core.package_identification:_identify(pid_tracking_results/run_20260726_193101) by extension 'colcon_pkg'
[1.288s] Level 1:colcon.colcon_core.package_identification:_identify(pid_tracking_results/run_20260726_193101) by extensions ['colcon_meta']
[1.288s] Level 1:colcon.colcon_core.package_identification:_identify(pid_tracking_results/run_20260726_193101) by extension 'colcon_meta'
[1.288s] Level 1:colcon.colcon_core.package_identification:_identify(pid_tracking_results/run_20260726_193101) by extensions ['ros']
[1.288s] Level 1:colcon.colcon_core.package_identification:_identify(pid_tracking_results/run_20260726_193101) by extension 'ros'
[1.289s] Level 1:colcon.colcon_core.package_identification:_identify(pid_tracking_results/run_20260726_193101) by extensions ['cmake', 'python']
[1.289s] Level 1:colcon.colcon_core.package_identification:_identify(pid_tracking_results/run_20260726_193101) by extension 'cmake'
[1.289s] Level 1:colcon.colcon_core.package_identification:_identify(pid_tracking_results/run_20260726_193101) by extension 'python'
[1.289s] Level 1:colcon.colcon_core.package_identification:_identify(pid_tracking_results/run_20260726_193101) by extensions ['python_setup_py']
[1.289s] Level 1:colcon.colcon_core.package_identification:_identify(pid_tracking_results/run_20260726_193101) by extension 'python_setup_py'
[1.289s] Level 1:colcon.colcon_core.package_identification:_identify(pid_tracking_results/run_20260726_193208) by extensions ['ignore', 'ignore_ament_install']
[1.289s] Level 1:colcon.colcon_core.package_identification:_identify(pid_tracking_results/run_20260726_193208) by extension 'ignore'
[1.289s] Level 1:colcon.colcon_core.package_identification:_identify(pid_tracking_results/run_20260726_193208) by extension 'ignore_ament_install'
[1.289s] Level 1:colcon.colcon_core.package_identification:_identify(pid_tracking_results/run_20260726_193208) by extensions ['colcon_pkg']
[1.290s] Level 1:colcon.colcon_core.package_identification:_identify(pid_tracking_results/run_20260726_193208) by extension 'colcon_pkg'
[1.290s] Level 1:colcon.colcon_core.package_identification:_identify(pid_tracking_results/run_20260726_193208) by extensions ['colcon_meta']
[1.290s] Level 1:colcon.colcon_core.package_identification:_identify(pid_tracking_results/run_20260726_193208) by extension 'colcon_meta'
[1.290s] Level 1:colcon.colcon_core.package_identification:_identify(pid_tracking_results/run_20260726_193208) by extensions ['ros']
[1.290s] Level 1:colcon.colcon_core.package_identification:_identify(pid_tracking_results/run_20260726_193208) by extension 'ros'
[1.290s] Level 1:colcon.colcon_core.package_identification:_identify(pid_tracking_results/run_20260726_193208) by extensions ['cmake', 'python']
[1.290s] Level 1:colcon.colcon_core.package_identification:_identify(pid_tracking_results/run_20260726_193208) by extension 'cmake'
[1.290s] Level 1:colcon.colcon_core.package_identification:_identify(pid_tracking_results/run_20260726_193208) by extension 'python'
[1.290s] Level 1:colcon.colcon_core.package_identification:_identify(pid_tracking_results/run_20260726_193208) by extensions ['python_setup_py']
[1.290s] Level 1:colcon.colcon_core.package_identification:_identify(pid_tracking_results/run_20260726_193208) by extension 'python_setup_py'
[1.291s] Level 1:colcon.colcon_core.package_identification:_identify(src) by extensions ['ignore', 'ignore_ament_install']
[1.291s] Level 1:colcon.colcon_core.package_identification:_identify(src) by extension 'ignore'
[1.291s] Level 1:colcon.colcon_core.package_identification:_identify(src) by extension 'ignore_ament_install'
[1.291s] Level 1:colcon.colcon_core.package_identification:_identify(src) by extensions ['colcon_pkg']
[1.291s] Level 1:colcon.colcon_core.package_identification:_identify(src) by extension 'colcon_pkg'
[1.291s] Level 1:colcon.colcon_core.package_identification:_identify(src) by extensions ['colcon_meta']
[1.291s] Level 1:colcon.colcon_core.package_identification:_identify(src) by extension 'colcon_meta'
[1.291s] Level 1:colcon.colcon_core.package_identification:_identify(src) by extensions ['ros']
[1.291s] Level 1:colcon.colcon_core.package_identification:_identify(src) by extension 'ros'
[1.292s] Level 1:colcon.colcon_core.package_identification:_identify(src) by extensions ['cmake', 'python']
[1.292s] Level 1:colcon.colcon_core.package_identification:_identify(src) by extension 'cmake'
[1.292s] Level 1:colcon.colcon_core.package_identification:_identify(src) by extension 'python'
[1.292s] Level 1:colcon.colcon_core.package_identification:_identify(src) by extensions ['python_setup_py']
[1.292s] Level 1:colcon.colcon_core.package_identification:_identify(src) by extension 'python_setup_py'
[1.292s] Level 1:colcon.colcon_core.package_identification:_identify(src/FAST_LIO) by extensions ['ignore', 'ignore_ament_install']
[1.292s] Level 1:colcon.colcon_core.package_identification:_identify(src/FAST_LIO) by extension 'ignore'
[1.292s] Level 1:colcon.colcon_core.package_identification:_identify(src/FAST_LIO) by extension 'ignore_ament_install'
[1.293s] Level 1:colcon.colcon_core.package_identification:_identify(src/FAST_LIO) by extensions ['colcon_pkg']
[1.293s] Level 1:colcon.colcon_core.package_identification:_identify(src/FAST_LIO) by extension 'colcon_pkg'
[1.293s] Level 1:colcon.colcon_core.package_identification:_identify(src/FAST_LIO) by extensions ['colcon_meta']
[1.293s] Level 1:colcon.colcon_core.package_identification:_identify(src/FAST_LIO) by extension 'colcon_meta'
[1.293s] Level 1:colcon.colcon_core.package_identification:_identify(src/FAST_LIO) by extensions ['ros']
[1.293s] Level 1:colcon.colcon_core.package_identification:_identify(src/FAST_LIO) by extension 'ros'
[1.310s] DEBUG:colcon.colcon_core.package_identification:Package 'src/FAST_LIO' with type 'ros.ament_cmake' and name 'fast_lio'
[1.311s] Level 1:colcon.colcon_core.package_identification:_identify(src/centerline_extraction) by extensions ['ignore', 'ignore_ament_install']
[1.311s] Level 1:colcon.colcon_core.package_identification:_identify(src/centerline_extraction) by extension 'ignore'
[1.311s] Level 1:colcon.colcon_core.package_identification:_identify(src/centerline_extraction) by extension 'ignore_ament_install'
[1.311s] Level 1:colcon.colcon_core.package_identification:_identify(src/centerline_extraction) by extensions ['colcon_pkg']
[1.311s] Level 1:colcon.colcon_core.package_identification:_identify(src/centerline_extraction) by extension 'colcon_pkg'
[1.312s] Level 1:colcon.colcon_core.package_identification:_identify(src/centerline_extraction) by extensions ['colcon_meta']
[1.312s] Level 1:colcon.colcon_core.package_identification:_identify(src/centerline_extraction) by extension 'colcon_meta'
[1.312s] Level 1:colcon.colcon_core.package_identification:_identify(src/centerline_extraction) by extensions ['ros']
[1.312s] Level 1:colcon.colcon_core.package_identification:_identify(src/centerline_extraction) by extension 'ros'
[1.318s] DEBUG:colcon.colcon_core.package_identification:Package 'src/centerline_extraction' with type 'ros.ament_cmake' and name 'centerline_extraction'
[1.318s] Level 1:colcon.colcon_core.package_identification:_identify(src/serial_ros2) by extensions ['ignore', 'ignore_ament_install']
[1.318s] Level 1:colcon.colcon_core.package_identification:_identify(src/serial_ros2) by extension 'ignore'
[1.318s] Level 1:colcon.colcon_core.package_identification:_identify(src/serial_ros2) by extension 'ignore_ament_install'
[1.319s] Level 1:colcon.colcon_core.package_identification:_identify(src/serial_ros2) by extensions ['colcon_pkg']
[1.319s] Level 1:colcon.colcon_core.package_identification:_identify(src/serial_ros2) by extension 'colcon_pkg'
[1.319s] Level 1:colcon.colcon_core.package_identification:_identify(src/serial_ros2) by extensions ['colcon_meta']
[1.319s] Level 1:colcon.colcon_core.package_identification:_identify(src/serial_ros2) by extension 'colcon_meta'
[1.319s] Level 1:colcon.colcon_core.package_identification:_identify(src/serial_ros2) by extensions ['ros']
[1.319s] Level 1:colcon.colcon_core.package_identification:_identify(src/serial_ros2) by extension 'ros'
[1.320s] DEBUG:colcon.colcon_core.package_identification:Package 'src/serial_ros2' with type 'ros.ament_cmake' and name 'serial'
[1.321s] Level 1:colcon.colcon_core.package_identification:_identify(src/turn_on_32chassis) by extensions ['ignore', 'ignore_ament_install']
[1.321s] Level 1:colcon.colcon_core.package_identification:_identify(src/turn_on_32chassis) by extension 'ignore'
[1.321s] Level 1:colcon.colcon_core.package_identification:_identify(src/turn_on_32chassis) by extension 'ignore_ament_install'
[1.321s] Level 1:colcon.colcon_core.package_identification:_identify(src/turn_on_32chassis) by extensions ['colcon_pkg']
[1.321s] Level 1:colcon.colcon_core.package_identification:_identify(src/turn_on_32chassis) by extension 'colcon_pkg'
[1.321s] Level 1:colcon.colcon_core.package_identification:_identify(src/turn_on_32chassis) by extensions ['colcon_meta']
[1.321s] Level 1:colcon.colcon_core.package_identification:_identify(src/turn_on_32chassis) by extension 'colcon_meta'
[1.321s] Level 1:colcon.colcon_core.package_identification:_identify(src/turn_on_32chassis) by extensions ['ros']
[1.321s] Level 1:colcon.colcon_core.package_identification:_identify(src/turn_on_32chassis) by extension 'ros'
[1.324s] DEBUG:colcon.colcon_core.package_identification:Package 'src/turn_on_32chassis' with type 'ros.ament_cmake' and name 'turn_on_32chassis'
[1.324s] Level 1:colcon.colcon_core.package_identification:_identify(src/turn_on_agribot) by extensions ['ignore', 'ignore_ament_install']
[1.324s] Level 1:colcon.colcon_core.package_identification:_identify(src/turn_on_agribot) by extension 'ignore'
[1.325s] Level 1:colcon.colcon_core.package_identification:_identify(src/turn_on_agribot) by extension 'ignore_ament_install'
[1.325s] Level 1:colcon.colcon_core.package_identification:_identify(src/turn_on_agribot) by extensions ['colcon_pkg']
[1.325s] Level 1:colcon.colcon_core.package_identification:_identify(src/turn_on_agribot) by extension 'colcon_pkg'
[1.325s] Level 1:colcon.colcon_core.package_identification:_identify(src/turn_on_agribot) by extensions ['colcon_meta']
[1.325s] Level 1:colcon.colcon_core.package_identification:_identify(src/turn_on_agribot) by extension 'colcon_meta'
[1.325s] Level 1:colcon.colcon_core.package_identification:_identify(src/turn_on_agribot) by extensions ['ros']
[1.325s] Level 1:colcon.colcon_core.package_identification:_identify(src/turn_on_agribot) by extension 'ros'
[1.326s] DEBUG:colcon.colcon_core.package_identification:Package 'src/turn_on_agribot' with type 'ros.ament_cmake' and name 'turn_on_agribot'
[1.327s] Level 1:colcon.colcon_core.package_identification:_identify(src/yesense_ros2) by extensions ['ignore', 'ignore_ament_install']
[1.327s] Level 1:colcon.colcon_core.package_identification:_identify(src/yesense_ros2) by extension 'ignore'
[1.327s] Level 1:colcon.colcon_core.package_identification:_identify(src/yesense_ros2) by extension 'ignore_ament_install'
[1.327s] Level 1:colcon.colcon_core.package_identification:_identify(src/yesense_ros2) by extensions ['colcon_pkg']
[1.327s] Level 1:colcon.colcon_core.package_identification:_identify(src/yesense_ros2) by extension 'colcon_pkg'
[1.327s] Level 1:colcon.colcon_core.package_identification:_identify(src/yesense_ros2) by extensions ['colcon_meta']
[1.327s] Level 1:colcon.colcon_core.package_identification:_identify(src/yesense_ros2) by extension 'colcon_meta'
[1.327s] Level 1:colcon.colcon_core.package_identification:_identify(src/yesense_ros2) by extensions ['ros']
[1.327s] Level 1:colcon.colcon_core.package_identification:_identify(src/yesense_ros2) by extension 'ros'
[1.328s] Level 1:colcon.colcon_core.package_identification:_identify(src/yesense_ros2) by extensions ['cmake', 'python']
[1.328s] Level 1:colcon.colcon_core.package_identification:_identify(src/yesense_ros2) by extension 'cmake'
[1.328s] Level 1:colcon.colcon_core.package_identification:_identify(src/yesense_ros2) by extension 'python'
[1.328s] Level 1:colcon.colcon_core.package_identification:_identify(src/yesense_ros2) by extensions ['python_setup_py']
[1.328s] Level 1:colcon.colcon_core.package_identification:_identify(src/yesense_ros2) by extension 'python_setup_py'
[1.328s] Level 1:colcon.colcon_core.package_identification:_identify(src/yesense_ros2/yesense_interface) by extensions ['ignore', 'ignore_ament_install']
[1.328s] Level 1:colcon.colcon_core.package_identification:_identify(src/yesense_ros2/yesense_interface) by extension 'ignore'
[1.329s] Level 1:colcon.colcon_core.package_identification:_identify(src/yesense_ros2/yesense_interface) by extension 'ignore_ament_install'
[1.329s] Level 1:colcon.colcon_core.package_identification:_identify(src/yesense_ros2/yesense_interface) by extensions ['colcon_pkg']
[1.329s] Level 1:colcon.colcon_core.package_identification:_identify(src/yesense_ros2/yesense_interface) by extension 'colcon_pkg'
[1.329s] Level 1:colcon.colcon_core.package_identification:_identify(src/yesense_ros2/yesense_interface) by extensions ['colcon_meta']
[1.329s] Level 1:colcon.colcon_core.package_identification:_identify(src/yesense_ros2/yesense_interface) by extension 'colcon_meta'
[1.329s] Level 1:colcon.colcon_core.package_identification:_identify(src/yesense_ros2/yesense_interface) by extensions ['ros']
[1.329s] Level 1:colcon.colcon_core.package_identification:_identify(src/yesense_ros2/yesense_interface) by extension 'ros'
[1.358s] DEBUG:colcon.colcon_core.package_identification:Package 'src/yesense_ros2/yesense_interface' with type 'ros.ament_cmake' and name 'yesense_interface'
[1.358s] Level 1:colcon.colcon_core.package_identification:_identify(src/yesense_ros2/yesense_std_ros2) by extensions ['ignore', 'ignore_ament_install']
[1.358s] Level 1:colcon.colcon_core.package_identification:_identify(src/yesense_ros2/yesense_std_ros2) by extension 'ignore'
[1.358s] Level 1:colcon.colcon_core.package_identification:_identify(src/yesense_ros2/yesense_std_ros2) by extension 'ignore_ament_install'
[1.359s] Level 1:colcon.colcon_core.package_identification:_identify(src/yesense_ros2/yesense_std_ros2) by extensions ['colcon_pkg']
[1.359s] Level 1:colcon.colcon_core.package_identification:_identify(src/yesense_ros2/yesense_std_ros2) by extension 'colcon_pkg'
[1.359s] Level 1:colcon.colcon_core.package_identification:_identify(src/yesense_ros2/yesense_std_ros2) by extensions ['colcon_meta']
[1.359s] Level 1:colcon.colcon_core.package_identification:_identify(src/yesense_ros2/yesense_std_ros2) by extension 'colcon_meta'
[1.359s] Level 1:colcon.colcon_core.package_identification:_identify(src/yesense_ros2/yesense_std_ros2) by extensions ['ros']
[1.359s] Level 1:colcon.colcon_core.package_identification:_identify(src/yesense_ros2/yesense_std_ros2) by extension 'ros'
[1.361s] DEBUG:colcon.colcon_core.package_identification:Package 'src/yesense_ros2/yesense_std_ros2' with type 'ros.ament_cmake' and name 'yesense_std_ros2'
[1.362s] Level 1:colcon.colcon_core.package_identification:_identify(tools) by extensions ['ignore', 'ignore_ament_install']
[1.362s] Level 1:colcon.colcon_core.package_identification:_identify(tools) by extension 'ignore'
[1.362s] Level 1:colcon.colcon_core.package_identification:_identify(tools) by extension 'ignore_ament_install'
[1.362s] Level 1:colcon.colcon_core.package_identification:_identify(tools) by extensions ['colcon_pkg']
[1.362s] Level 1:colcon.colcon_core.package_identification:_identify(tools) by extension 'colcon_pkg'
[1.362s] Level 1:colcon.colcon_core.package_identification:_identify(tools) by extensions ['colcon_meta']
[1.362s] Level 1:colcon.colcon_core.package_identification:_identify(tools) by extension 'colcon_meta'
[1.363s] Level 1:colcon.colcon_core.package_identification:_identify(tools) by extensions ['ros']
[1.363s] Level 1:colcon.colcon_core.package_identification:_identify(tools) by extension 'ros'
[1.363s] Level 1:colcon.colcon_core.package_identification:_identify(tools) by extensions ['cmake', 'python']
[1.363s] Level 1:colcon.colcon_core.package_identification:_identify(tools) by extension 'cmake'
[1.363s] Level 1:colcon.colcon_core.package_identification:_identify(tools) by extension 'python'
[1.363s] Level 1:colcon.colcon_core.package_identification:_identify(tools) by extensions ['python_setup_py']
[1.363s] Level 1:colcon.colcon_core.package_identification:_identify(tools) by extension 'python_setup_py'
[1.363s] Level 1:colcon.colcon_core.package_discovery:discover_packages(recursive) using defaults
[1.363s] Level 1:colcon.colcon_core.package_discovery:discover_packages(ignore) discover
[1.364s] Level 1:colcon.colcon_core.package_discovery:discover_packages(ignore) using defaults
[1.364s] Level 1:colcon.colcon_core.package_discovery:discover_packages(path) discover
[1.364s] Level 1:colcon.colcon_core.package_discovery:discover_packages(path) using defaults
[1.452s] INFO:colcon.colcon_core.package_selection:Skipping not selected package 'fast_lio' in 'src/FAST_LIO'
[1.452s] INFO:colcon.colcon_core.package_selection:Skipping not selected package 'serial' in 'src/serial_ros2'
[1.452s] INFO:colcon.colcon_core.package_selection:Skipping not selected package 'yesense_interface' in 'src/yesense_ros2/yesense_interface'
[1.452s] INFO:colcon.colcon_core.package_selection:Skipping not selected package 'yesense_std_ros2' in 'src/yesense_ros2/yesense_std_ros2'
[1.452s] INFO:colcon.colcon_core.package_selection:Skipping not selected package 'turn_on_32chassis' in 'src/turn_on_32chassis'
[1.452s] INFO:colcon.colcon_core.package_selection:Skipping not selected package 'turn_on_agribot' in 'src/turn_on_agribot'
[1.463s] Level 1:colcon.colcon_core.package_discovery:discover_packages(prefix_path) check parameters
[1.463s] Level 1:colcon.colcon_core.package_discovery:discover_packages(prefix_path) discover
[1.490s] DEBUG:colcon.colcon_installed_package_information.package_discovery:Found 7 installed packages in /home/wheeltec/agribot/agribot_ws/install
[1.491s] DEBUG:colcon.colcon_installed_package_information.package_discovery:Found 2 installed packages in /home/wheeltec/ws_livox/install
[1.498s] DEBUG:colcon.colcon_installed_package_information.package_discovery:Found 92 installed packages in /home/wheeltec/wheeltec_ros2/install
[1.503s] DEBUG:colcon.colcon_installed_package_information.package_discovery:Found 365 installed packages in /opt/ros/humble
[1.512s] Level 1:colcon.colcon_core.package_discovery:discover_packages(prefix_path) using defaults
[1.732s] Level 5:colcon.colcon_core.verb:set package 'centerline_extraction' build argument 'cmake_args' from command line to 'None'
[1.733s] Level 5:colcon.colcon_core.verb:set package 'centerline_extraction' build argument 'cmake_target' from command line to 'None'
[1.733s] Level 5:colcon.colcon_core.verb:set package 'centerline_extraction' build argument 'cmake_target_skip_unavailable' from command line to 'False'
[1.733s] Level 5:colcon.colcon_core.verb:set package 'centerline_extraction' build argument 'cmake_clean_cache' from command line to 'False'
[1.733s] Level 5:colcon.colcon_core.verb:set package 'centerline_extraction' build argument 'cmake_clean_first' from command line to 'False'
[1.733s] Level 5:colcon.colcon_core.verb:set package 'centerline_extraction' build argument 'cmake_force_configure' from command line to 'False'
[1.733s] Level 5:colcon.colcon_core.verb:set package 'centerline_extraction' build argument 'ament_cmake_args' from command line to 'None'
[1.733s] Level 5:colcon.colcon_core.verb:set package 'centerline_extraction' build argument 'catkin_cmake_args' from command line to 'None'
[1.733s] Level 5:colcon.colcon_core.verb:set package 'centerline_extraction' build argument 'catkin_skip_building_tests' from command line to 'False'
[1.733s] DEBUG:colcon.colcon_core.verb:Building package 'centerline_extraction' with the following arguments: {'ament_cmake_args': None, 'build_base': '/home/wheeltec/agribot/agribot_ws/build/centerline_extraction', 'catkin_cmake_args': None, 'catkin_skip_building_tests': False, 'cmake_args': None, 'cmake_clean_cache': False, 'cmake_clean_first': False, 'cmake_force_configure': False, 'cmake_target': None, 'cmake_target_skip_unavailable': False, 'install_base': '/home/wheeltec/agribot/agribot_ws/install/centerline_extraction', 'merge_install': False, 'path': '/home/wheeltec/agribot/agribot_ws/src/centerline_extraction', 'symlink_install': True, 'test_result_base': None}
[1.734s] INFO:colcon.colcon_core.executor:Executing jobs using 'parallel' executor
[1.736s] DEBUG:colcon.colcon_parallel_executor.executor.parallel:run_until_complete
[1.736s] INFO:colcon.colcon_ros.task.ament_cmake.build:Building ROS package in '/home/wheeltec/agribot/agribot_ws/src/centerline_extraction' with build type 'ament_cmake'
[1.737s] INFO:colcon.colcon_cmake.task.cmake.build:Building CMake package in '/home/wheeltec/agribot/agribot_ws/src/centerline_extraction'
[1.757s] INFO:colcon.colcon_core.plugin_system:Skipping extension 'colcon_core.shell.bat': Not used on non-Windows systems
[1.757s] INFO:colcon.colcon_core.shell:Skip shell extension 'powershell' for command environment: Not usable outside of PowerShell
[1.757s] DEBUG:colcon.colcon_core.shell:Skip shell extension 'dsv' for command environment
[1.843s] DEBUG:colcon.colcon_core.event_handler.log_command:Invoking command in '/home/wheeltec/agribot/agribot_ws/build/centerline_extraction': CMAKE_PREFIX_PATH=/home/wheeltec/agribot/agribot_ws/install/turn_on_agribot:/home/wheeltec/agribot/agribot_ws/install/turn_on_32chassis:/home/wheeltec/agribot/agribot_ws/install/yesense_std_ros2:/home/wheeltec/agribot/agribot_ws/install/yesense_interface:/home/wheeltec/agribot/agribot_ws/install/serial:/home/wheeltec/agribot/agribot_ws/install/fast_lio:/home/wheeltec/agribot/agribot_ws/install/centerline_extraction:/home/wheeltec/ws_livox/install/livox_ros_driver2:/home/wheeltec/wheeltec_ros2/install/yesense_std_ros2:/home/wheeltec/wheeltec_ros2/install/yesense_interface:/home/wheeltec/wheeltec_ros2/install/wheeltec_slam_toolbox:/home/wheeltec/wheeltec_ros2/install/wheeltec_rviz2:/home/wheeltec/wheeltec_ros2/install/wheeltec_rrt_msg:/home/wheeltec/wheeltec_ros2/install/wheeltec_robot_urdf:/home/wheeltec/wheeltec_ros2/install/wheeltec_robot_rtab:/home/wheeltec/wheeltec_ros2/install/wheeltec_robot_rrt:/home/wheeltec/wheeltec_ros2/install/turn_on_wheeltec_robot:/home/wheeltec/wheeltec_ros2/install/wheeltec_robot_msg:/home/wheeltec/wheeltec_ros2/install/wheeltec_robot_kcf:/home/wheeltec/wheeltec_ros2/install/wheeltec_path_follow:/home/wheeltec/wheeltec_ros2/install/wheeltec_nav2:/home/wheeltec/wheeltec_ros2/install/wheeltec_multi:/home/wheeltec/wheeltec_ros2/install/wheeltec_mic_ros2:/home/wheeltec/wheeltec_ros2/install/wheeltec_mic_msg:/home/wheeltec/wheeltec_ros2/install/wheeltec_joy:/home/wheeltec/wheeltec_ros2/install/wheeltec_gps_driver:/home/wheeltec/wheeltec_ros2/install/wheeltec_cartographer:/home/wheeltec/wheeltec_ros2/install/wheeltec_aiui:/home/wheeltec/wheeltec_ros2/install/web_video_server:/home/wheeltec/wheeltec_ros2/install/usb_cam:/home/wheeltec/wheeltec_ros2/install/ublox:/home/wheeltec/wheeltec_ros2/install/ublox_gps:/home/wheeltec/wheeltec_ros2/install/ublox_msgs:/home/wheeltec/wheeltec_ros2/install/ublox_serialization:/home/wheeltec/wheeltec_ros2/install/tts:/home/wheeltec/wheeltec_ros2/install/slam_gmapping:/home/wheeltec/wheeltec_ros2/install/bodyreader:/home/wheeltec/wheeltec_ros2/install/serial:/home/wheeltec/wheeltec_ros2/install/rplidar_ros:/home/wheeltec/wheeltec_ros2/install/orb_slam2_ros:/home/wheeltec/wheeltec_ros2/install/openslam_gmapping:/home/wheeltec/wheeltec_ros2/install/ollama_ros_msgs:/home/wheeltec/wheeltec_ros2/install/nmea_msgs:/home/wheeltec/wheeltec_ros2/install/nav2_bringup:/home/wheeltec/wheeltec_ros2/install/navigation2:/home/wheeltec/wheeltec_ros2/install/nav2_smoother:/home/wheeltec/wheeltec_ros2/install/nav2_dwb_controller:/home/wheeltec/wheeltec_ros2/install/nav2_controller:/home/wheeltec/wheeltec_ros2/install/dwb_plugins:/home/wheeltec/wheeltec_ros2/install/dwb_critics:/home/wheeltec/wheeltec_ros2/install/dwb_core:/home/wheeltec/wheeltec_ros2/install/nav_2d_utils:/home/wheeltec/wheeltec_ros2/install/dwb_msgs:/home/wheeltec/wheeltec_ros2/install/nav_2d_msgs:/home/wheeltec/wheeltec_ros2/install/nav2_waypoint_follower:/home/wheeltec/wheeltec_ros2/install/nav2_theta_star_planner:/home/wheeltec/wheeltec_ros2/install/nav2_smac_planner:/home/wheeltec/wheeltec_ros2/install/nav2_rotation_shim_controller:/home/wheeltec/wheeltec_ros2/install/nav2_regulated_pure_pursuit_controller:/home/wheeltec/wheeltec_ros2/install/nav2_planner:/home/wheeltec/wheeltec_ros2/install/nav2_navfn_planner:/home/wheeltec/wheeltec_ros2/install/nav2_constrained_smoother:/home/wheeltec/wheeltec_ros2/install/nav2_bt_navigator:/home/wheeltec/wheeltec_ros2/install/nav2_behaviors:/home/wheeltec/wheeltec_ros2/install/nav2_core:/home/wheeltec/wheeltec_ros2/install/nav2_collision_monitor:/home/wheeltec/wheeltec_ros2/install/costmap_queue:/home/wheeltec/wheeltec_ros2/install/nav2_costmap_2d:/home/wheeltec/wheeltec_ros2/install/nav2_voxel_grid:/home/wheeltec/wheeltec_ros2/install/nav2_velocity_smoother:/home/wheeltec/wheeltec_ros2/install/nav2_rviz_plugins:/home/wheeltec/wheeltec_ros2/install/nav2_map_server:/home/wheeltec/wheeltec_ros2/install/nav2_lifecycle_manager:/home/wheeltec/wheeltec_ros2/install/nav2_behavior_tree:/home/wheeltec/wheeltec_ros2/install/nav2_amcl:/home/wheeltec/wheeltec_ros2/install/nav2_util:/home/wheeltec/wheeltec_ros2/install/nav2_msgs:/home/wheeltec/wheeltec_ros2/install/nav2_common:/home/wheeltec/wheeltec_ros2/install/lslidar_driver:/home/wheeltec/wheeltec_ros2/install/lslidar_msgs:/home/wheeltec/wheeltec_ros2/install/ldlidar_stl_ros2:/home/wheeltec/wheeltec_ros2/install/ldlidar_sl_ros2:/home/wheeltec/wheeltec_ros2/install/ldlidar:/home/wheeltec/wheeltec_ros2/install/bodyreader_msg:/home/wheeltec/wheeltec_ros2/install/astra_camera:/home/wheeltec/wheeltec_ros2/install/astra_camera_msgs:/home/wheeltec/wheeltec_ros2/install/aruco_ros:/home/wheeltec/wheeltec_ros2/install/aruco_msgs:/home/wheeltec/wheeltec_ros2/install/aruco:/home/wheeltec/wheeltec_ros2/install/ackermann_msgs:/home/wheeltec/wheeltec_ros2/install/simple_follower_ros2:/home/wheeltec/wheeltec_ros2/install/wheeltec_robot_keyboard:/home/wheeltec/wheeltec_ros2/install/wheeltec_dual_rtk_driver:/home/wheeltec/wheeltec_ros2/install/ultralytics_ros2:/home/wheeltec/wheeltec_ros2/install/tf2_tools:/home/wheeltec/wheeltec_ros2/install/ollama_ros_chat:/home/wheeltec/wheeltec_ros2/install/nmea_navsat_driver:/home/wheeltec/wheeltec_ros2/install/nav2_waypoint_cycle:/home/wheeltec/wheeltec_ros2/install/nav2_simple_commander:/home/wheeltec/wheeltec_ros2/install/auto_recharge_ros2:/opt/ros/humble LD_LIBRARY_PATH=/home/wheeltec/agribot/agribot_ws/install/yesense_interface/lib:/home/wheeltec/agribot/agribot_ws/install/fast_lio/lib:/usr/lib/aarch64-linux-gnu:/home/wheeltec/agribot/agribot_ws/install/serial/lib:/home/wheeltec/ws_livox/install/livox_sdk2/lib:/home/wheeltec/ws_livox/install/livox_ros_driver2/lib:/home/wheeltec/wheeltec_ros2/install/yesense_interface/lib:/home/wheeltec/wheeltec_ros2/install/wheeltec_rrt_msg/lib:/home/wheeltec/wheeltec_ros2/install/wheeltec_robot_rrt/lib:/home/wheeltec/wheeltec_ros2/install/turn_on_wheeltec_robot/lib:/home/wheeltec/wheeltec_ros2/install/wheeltec_robot_msg/lib:/home/wheeltec/wheeltec_ros2/install/wheeltec_mic_msg/lib:/home/wheeltec/wheeltec_ros2/install/usb_cam/lib:/home/wheeltec/wheeltec_ros2/install/ublox_gps/lib:/home/wheeltec/wheeltec_ros2/install/ublox_msgs/lib:/home/wheeltec/wheeltec_ros2/install/serial/lib:/home/wheeltec/wheeltec_ros2/install/orb_slam2_ros/lib:/home/wheeltec/wheeltec_ros2/install/openslam_gmapping/lib:/home/wheeltec/wheeltec_ros2/install/ollama_ros_msgs/lib:/home/wheeltec/wheeltec_ros2/install/nmea_msgs/lib:/home/wheeltec/wheeltec_ros2/install/nav2_smoother/lib:/home/wheeltec/wheeltec_ros2/install/nav2_controller/lib:/home/wheeltec/wheeltec_ros2/install/dwb_plugins/lib:/home/wheeltec/wheeltec_ros2/install/dwb_critics/lib:/home/wheeltec/wheeltec_ros2/install/dwb_core/lib:/home/wheeltec/wheeltec_ros2/install/nav_2d_utils/lib:/home/wheeltec/wheeltec_ros2/install/dwb_msgs/lib:/home/wheeltec/wheeltec_ros2/install/nav_2d_msgs/lib:/home/wheeltec/wheeltec_ros2/install/nav2_waypoint_follower/lib:/home/wheeltec/wheeltec_ros2/install/nav2_theta_star_planner/lib:/home/wheeltec/wheeltec_ros2/install/nav2_smac_planner/lib:/home/wheeltec/wheeltec_ros2/install/nav2_rotation_shim_controller/lib:/home/wheeltec/wheeltec_ros2/install/nav2_regulated_pure_pursuit_controller/lib:/home/wheeltec/wheeltec_ros2/install/nav2_planner/lib:/home/wheeltec/wheeltec_ros2/install/nav2_navfn_planner/lib:/home/wheeltec/wheeltec_ros2/install/nav2_constrained_smoother/lib:/home/wheeltec/wheeltec_ros2/install/nav2_bt_navigator/lib:/home/wheeltec/wheeltec_ros2/install/nav2_behaviors/lib:/home/wheeltec/wheeltec_ros2/install/nav2_collision_monitor/lib:/home/wheeltec/wheeltec_ros2/install/costmap_queue/lib:/home/wheeltec/wheeltec_ros2/install/nav2_costmap_2d/lib:/home/wheeltec/wheeltec_ros2/install/nav2_voxel_grid/lib:/home/wheeltec/wheeltec_ros2/install/nav2_velocity_smoother/lib:/home/wheeltec/wheeltec_ros2/install/nav2_rviz_plugins/lib:/home/wheeltec/wheeltec_ros2/install/nav2_map_server/lib:/home/wheeltec/wheeltec_ros2/install/nav2_lifecycle_manager/lib:/home/wheeltec/wheeltec_ros2/install/nav2_behavior_tree/lib:/home/wheeltec/wheeltec_ros2/install/nav2_amcl/lib:/home/wheeltec/wheeltec_ros2/install/nav2_util/lib:/home/wheeltec/wheeltec_ros2/install/nav2_msgs/lib:/home/wheeltec/wheeltec_ros2/install/lslidar_msgs/lib:/home/wheeltec/wheeltec_ros2/install/bodyreader_msg/lib:/home/wheeltec/wheeltec_ros2/install/astra_camera/lib:/home/wheeltec/wheeltec_ros2/install/astra_camera_msgs/lib:/home/wheeltec/wheeltec_ros2/install/aruco_ros/lib:/home/wheeltec/wheeltec_ros2/install/aruco_msgs/lib:/home/wheeltec/wheeltec_ros2/install/aruco/lib:/home/wheeltec/wheeltec_ros2/install/ackermann_msgs/lib:/opt/ros/humble/opt/rviz_ogre_vendor/lib:/opt/ros/humble/lib/aarch64-linux-gnu:/opt/ros/humble/lib /usr/bin/cmake /home/wheeltec/agribot/agribot_ws/src/centerline_extraction -DAMENT_CMAKE_SYMLINK_INSTALL=1 -DCMAKE_INSTALL_PREFIX=/home/wheeltec/agribot/agribot_ws/install/centerline_extraction
[8.208s] DEBUG:colcon.colcon_core.event_handler.log_command:Invoked command in '/home/wheeltec/agribot/agribot_ws/build/centerline_extraction' returned '0': CMAKE_PREFIX_PATH=/home/wheeltec/agribot/agribot_ws/install/turn_on_agribot:/home/wheeltec/agribot/agribot_ws/install/turn_on_32chassis:/home/wheeltec/agribot/agribot_ws/install/yesense_std_ros2:/home/wheeltec/agribot/agribot_ws/install/yesense_interface:/home/wheeltec/agribot/agribot_ws/install/serial:/home/wheeltec/agribot/agribot_ws/install/fast_lio:/home/wheeltec/agribot/agribot_ws/install/centerline_extraction:/home/wheeltec/ws_livox/install/livox_ros_driver2:/home/wheeltec/wheeltec_ros2/install/yesense_std_ros2:/home/wheeltec/wheeltec_ros2/install/yesense_interface:/home/wheeltec/wheeltec_ros2/install/wheeltec_slam_toolbox:/home/wheeltec/wheeltec_ros2/install/wheeltec_rviz2:/home/wheeltec/wheeltec_ros2/install/wheeltec_rrt_msg:/home/wheeltec/wheeltec_ros2/install/wheeltec_robot_urdf:/home/wheeltec/wheeltec_ros2/install/wheeltec_robot_rtab:/home/wheeltec/wheeltec_ros2/install/wheeltec_robot_rrt:/home/wheeltec/wheeltec_ros2/install/turn_on_wheeltec_robot:/home/wheeltec/wheeltec_ros2/install/wheeltec_robot_msg:/home/wheeltec/wheeltec_ros2/install/wheeltec_robot_kcf:/home/wheeltec/wheeltec_ros2/install/wheeltec_path_follow:/home/wheeltec/wheeltec_ros2/install/wheeltec_nav2:/home/wheeltec/wheeltec_ros2/install/wheeltec_multi:/home/wheeltec/wheeltec_ros2/install/wheeltec_mic_ros2:/home/wheeltec/wheeltec_ros2/install/wheeltec_mic_msg:/home/wheeltec/wheeltec_ros2/install/wheeltec_joy:/home/wheeltec/wheeltec_ros2/install/wheeltec_gps_driver:/home/wheeltec/wheeltec_ros2/install/wheeltec_cartographer:/home/wheeltec/wheeltec_ros2/install/wheeltec_aiui:/home/wheeltec/wheeltec_ros2/install/web_video_server:/home/wheeltec/wheeltec_ros2/install/usb_cam:/home/wheeltec/wheeltec_ros2/install/ublox:/home/wheeltec/wheeltec_ros2/install/ublox_gps:/home/wheeltec/wheeltec_ros2/install/ublox_msgs:/home/wheeltec/wheeltec_ros2/install/ublox_serialization:/home/wheeltec/wheeltec_ros2/install/tts:/home/wheeltec/wheeltec_ros2/install/slam_gmapping:/home/wheeltec/wheeltec_ros2/install/bodyreader:/home/wheeltec/wheeltec_ros2/install/serial:/home/wheeltec/wheeltec_ros2/install/rplidar_ros:/home/wheeltec/wheeltec_ros2/install/orb_slam2_ros:/home/wheeltec/wheeltec_ros2/install/openslam_gmapping:/home/wheeltec/wheeltec_ros2/install/ollama_ros_msgs:/home/wheeltec/wheeltec_ros2/install/nmea_msgs:/home/wheeltec/wheeltec_ros2/install/nav2_bringup:/home/wheeltec/wheeltec_ros2/install/navigation2:/home/wheeltec/wheeltec_ros2/install/nav2_smoother:/home/wheeltec/wheeltec_ros2/install/nav2_dwb_controller:/home/wheeltec/wheeltec_ros2/install/nav2_controller:/home/wheeltec/wheeltec_ros2/install/dwb_plugins:/home/wheeltec/wheeltec_ros2/install/dwb_critics:/home/wheeltec/wheeltec_ros2/install/dwb_core:/home/wheeltec/wheeltec_ros2/install/nav_2d_utils:/home/wheeltec/wheeltec_ros2/install/dwb_msgs:/home/wheeltec/wheeltec_ros2/install/nav_2d_msgs:/home/wheeltec/wheeltec_ros2/install/nav2_waypoint_follower:/home/wheeltec/wheeltec_ros2/install/nav2_theta_star_planner:/home/wheeltec/wheeltec_ros2/install/nav2_smac_planner:/home/wheeltec/wheeltec_ros2/install/nav2_rotation_shim_controller:/home/wheeltec/wheeltec_ros2/install/nav2_regulated_pure_pursuit_controller:/home/wheeltec/wheeltec_ros2/install/nav2_planner:/home/wheeltec/wheeltec_ros2/install/nav2_navfn_planner:/home/wheeltec/wheeltec_ros2/install/nav2_constrained_smoother:/home/wheeltec/wheeltec_ros2/install/nav2_bt_navigator:/home/wheeltec/wheeltec_ros2/install/nav2_behaviors:/home/wheeltec/wheeltec_ros2/install/nav2_core:/home/wheeltec/wheeltec_ros2/install/nav2_collision_monitor:/home/wheeltec/wheeltec_ros2/install/costmap_queue:/home/wheeltec/wheeltec_ros2/install/nav2_costmap_2d:/home/wheeltec/wheeltec_ros2/install/nav2_voxel_grid:/home/wheeltec/wheeltec_ros2/install/nav2_velocity_smoother:/home/wheeltec/wheeltec_ros2/install/nav2_rviz_plugins:/home/wheeltec/wheeltec_ros2/install/nav2_map_server:/home/wheeltec/wheeltec_ros2/install/nav2_lifecycle_manager:/home/wheeltec/wheeltec_ros2/install/nav2_behavior_tree:/home/wheeltec/wheeltec_ros2/install/nav2_amcl:/home/wheeltec/wheeltec_ros2/install/nav2_util:/home/wheeltec/wheeltec_ros2/install/nav2_msgs:/home/wheeltec/wheeltec_ros2/install/nav2_common:/home/wheeltec/wheeltec_ros2/install/lslidar_driver:/home/wheeltec/wheeltec_ros2/install/lslidar_msgs:/home/wheeltec/wheeltec_ros2/install/ldlidar_stl_ros2:/home/wheeltec/wheeltec_ros2/install/ldlidar_sl_ros2:/home/wheeltec/wheeltec_ros2/install/ldlidar:/home/wheeltec/wheeltec_ros2/install/bodyreader_msg:/home/wheeltec/wheeltec_ros2/install/astra_camera:/home/wheeltec/wheeltec_ros2/install/astra_camera_msgs:/home/wheeltec/wheeltec_ros2/install/aruco_ros:/home/wheeltec/wheeltec_ros2/install/aruco_msgs:/home/wheeltec/wheeltec_ros2/install/aruco:/home/wheeltec/wheeltec_ros2/install/ackermann_msgs:/home/wheeltec/wheeltec_ros2/install/simple_follower_ros2:/home/wheeltec/wheeltec_ros2/install/wheeltec_robot_keyboard:/home/wheeltec/wheeltec_ros2/install/wheeltec_dual_rtk_driver:/home/wheeltec/wheeltec_ros2/install/ultralytics_ros2:/home/wheeltec/wheeltec_ros2/install/tf2_tools:/home/wheeltec/wheeltec_ros2/install/ollama_ros_chat:/home/wheeltec/wheeltec_ros2/install/nmea_navsat_driver:/home/wheeltec/wheeltec_ros2/install/nav2_waypoint_cycle:/home/wheeltec/wheeltec_ros2/install/nav2_simple_commander:/home/wheeltec/wheeltec_ros2/install/auto_recharge_ros2:/opt/ros/humble LD_LIBRARY_PATH=/home/wheeltec/agribot/agribot_ws/install/yesense_interface/lib:/home/wheeltec/agribot/agribot_ws/install/fast_lio/lib:/usr/lib/aarch64-linux-gnu:/home/wheeltec/agribot/agribot_ws/install/serial/lib:/home/wheeltec/ws_livox/install/livox_sdk2/lib:/home/wheeltec/ws_livox/install/livox_ros_driver2/lib:/home/wheeltec/wheeltec_ros2/install/yesense_interface/lib:/home/wheeltec/wheeltec_ros2/install/wheeltec_rrt_msg/lib:/home/wheeltec/wheeltec_ros2/install/wheeltec_robot_rrt/lib:/home/wheeltec/wheeltec_ros2/install/turn_on_wheeltec_robot/lib:/home/wheeltec/wheeltec_ros2/install/wheeltec_robot_msg/lib:/home/wheeltec/wheeltec_ros2/install/wheeltec_mic_msg/lib:/home/wheeltec/wheeltec_ros2/install/usb_cam/lib:/home/wheeltec/wheeltec_ros2/install/ublox_gps/lib:/home/wheeltec/wheeltec_ros2/install/ublox_msgs/lib:/home/wheeltec/wheeltec_ros2/install/serial/lib:/home/wheeltec/wheeltec_ros2/install/orb_slam2_ros/lib:/home/wheeltec/wheeltec_ros2/install/openslam_gmapping/lib:/home/wheeltec/wheeltec_ros2/install/ollama_ros_msgs/lib:/home/wheeltec/wheeltec_ros2/install/nmea_msgs/lib:/home/wheeltec/wheeltec_ros2/install/nav2_smoother/lib:/home/wheeltec/wheeltec_ros2/install/nav2_controller/lib:/home/wheeltec/wheeltec_ros2/install/dwb_plugins/lib:/home/wheeltec/wheeltec_ros2/install/dwb_critics/lib:/home/wheeltec/wheeltec_ros2/install/dwb_core/lib:/home/wheeltec/wheeltec_ros2/install/nav_2d_utils/lib:/home/wheeltec/wheeltec_ros2/install/dwb_msgs/lib:/home/wheeltec/wheeltec_ros2/install/nav_2d_msgs/lib:/home/wheeltec/wheeltec_ros2/install/nav2_waypoint_follower/lib:/home/wheeltec/wheeltec_ros2/install/nav2_theta_star_planner/lib:/home/wheeltec/wheeltec_ros2/install/nav2_smac_planner/lib:/home/wheeltec/wheeltec_ros2/install/nav2_rotation_shim_controller/lib:/home/wheeltec/wheeltec_ros2/install/nav2_regulated_pure_pursuit_controller/lib:/home/wheeltec/wheeltec_ros2/install/nav2_planner/lib:/home/wheeltec/wheeltec_ros2/install/nav2_navfn_planner/lib:/home/wheeltec/wheeltec_ros2/install/nav2_constrained_smoother/lib:/home/wheeltec/wheeltec_ros2/install/nav2_bt_navigator/lib:/home/wheeltec/wheeltec_ros2/install/nav2_behaviors/lib:/home/wheeltec/wheeltec_ros2/install/nav2_collision_monitor/lib:/home/wheeltec/wheeltec_ros2/install/costmap_queue/lib:/home/wheeltec/wheeltec_ros2/install/nav2_costmap_2d/lib:/home/wheeltec/wheeltec_ros2/install/nav2_voxel_grid/lib:/home/wheeltec/wheeltec_ros2/install/nav2_velocity_smoother/lib:/home/wheeltec/wheeltec_ros2/install/nav2_rviz_plugins/lib:/home/wheeltec/wheeltec_ros2/install/nav2_map_server/lib:/home/wheeltec/wheeltec_ros2/install/nav2_lifecycle_manager/lib:/home/wheeltec/wheeltec_ros2/install/nav2_behavior_tree/lib:/home/wheeltec/wheeltec_ros2/install/nav2_amcl/lib:/home/wheeltec/wheeltec_ros2/install/nav2_util/lib:/home/wheeltec/wheeltec_ros2/install/nav2_msgs/lib:/home/wheeltec/wheeltec_ros2/install/lslidar_msgs/lib:/home/wheeltec/wheeltec_ros2/install/bodyreader_msg/lib:/home/wheeltec/wheeltec_ros2/install/astra_camera/lib:/home/wheeltec/wheeltec_ros2/install/astra_camera_msgs/lib:/home/wheeltec/wheeltec_ros2/install/aruco_ros/lib:/home/wheeltec/wheeltec_ros2/install/aruco_msgs/lib:/home/wheeltec/wheeltec_ros2/install/aruco/lib:/home/wheeltec/wheeltec_ros2/install/ackermann_msgs/lib:/opt/ros/humble/opt/rviz_ogre_vendor/lib:/opt/ros/humble/lib/aarch64-linux-gnu:/opt/ros/humble/lib /usr/bin/cmake /home/wheeltec/agribot/agribot_ws/src/centerline_extraction -DAMENT_CMAKE_SYMLINK_INSTALL=1 -DCMAKE_INSTALL_PREFIX=/home/wheeltec/agribot/agribot_ws/install/centerline_extraction
[8.214s] DEBUG:colcon.colcon_core.event_handler.log_command:Invoking command in '/home/wheeltec/agribot/agribot_ws/build/centerline_extraction': CMAKE_PREFIX_PATH=/home/wheeltec/agribot/agribot_ws/install/turn_on_agribot:/home/wheeltec/agribot/agribot_ws/install/turn_on_32chassis:/home/wheeltec/agribot/agribot_ws/install/yesense_std_ros2:/home/wheeltec/agribot/agribot_ws/install/yesense_interface:/home/wheeltec/agribot/agribot_ws/install/serial:/home/wheeltec/agribot/agribot_ws/install/fast_lio:/home/wheeltec/agribot/agribot_ws/install/centerline_extraction:/home/wheeltec/ws_livox/install/livox_ros_driver2:/home/wheeltec/wheeltec_ros2/install/yesense_std_ros2:/home/wheeltec/wheeltec_ros2/install/yesense_interface:/home/wheeltec/wheeltec_ros2/install/wheeltec_slam_toolbox:/home/wheeltec/wheeltec_ros2/install/wheeltec_rviz2:/home/wheeltec/wheeltec_ros2/install/wheeltec_rrt_msg:/home/wheeltec/wheeltec_ros2/install/wheeltec_robot_urdf:/home/wheeltec/wheeltec_ros2/install/wheeltec_robot_rtab:/home/wheeltec/wheeltec_ros2/install/wheeltec_robot_rrt:/home/wheeltec/wheeltec_ros2/install/turn_on_wheeltec_robot:/home/wheeltec/wheeltec_ros2/install/wheeltec_robot_msg:/home/wheeltec/wheeltec_ros2/install/wheeltec_robot_kcf:/home/wheeltec/wheeltec_ros2/install/wheeltec_path_follow:/home/wheeltec/wheeltec_ros2/install/wheeltec_nav2:/home/wheeltec/wheeltec_ros2/install/wheeltec_multi:/home/wheeltec/wheeltec_ros2/install/wheeltec_mic_ros2:/home/wheeltec/wheeltec_ros2/install/wheeltec_mic_msg:/home/wheeltec/wheeltec_ros2/install/wheeltec_joy:/home/wheeltec/wheeltec_ros2/install/wheeltec_gps_driver:/home/wheeltec/wheeltec_ros2/install/wheeltec_cartographer:/home/wheeltec/wheeltec_ros2/install/wheeltec_aiui:/home/wheeltec/wheeltec_ros2/install/web_video_server:/home/wheeltec/wheeltec_ros2/install/usb_cam:/home/wheeltec/wheeltec_ros2/install/ublox:/home/wheeltec/wheeltec_ros2/install/ublox_gps:/home/wheeltec/wheeltec_ros2/install/ublox_msgs:/home/wheeltec/wheeltec_ros2/install/ublox_serialization:/home/wheeltec/wheeltec_ros2/install/tts:/home/wheeltec/wheeltec_ros2/install/slam_gmapping:/home/wheeltec/wheeltec_ros2/install/bodyreader:/home/wheeltec/wheeltec_ros2/install/serial:/home/wheeltec/wheeltec_ros2/install/rplidar_ros:/home/wheeltec/wheeltec_ros2/install/orb_slam2_ros:/home/wheeltec/wheeltec_ros2/install/openslam_gmapping:/home/wheeltec/wheeltec_ros2/install/ollama_ros_msgs:/home/wheeltec/wheeltec_ros2/install/nmea_msgs:/home/wheeltec/wheeltec_ros2/install/nav2_bringup:/home/wheeltec/wheeltec_ros2/install/navigation2:/home/wheeltec/wheeltec_ros2/install/nav2_smoother:/home/wheeltec/wheeltec_ros2/install/nav2_dwb_controller:/home/wheeltec/wheeltec_ros2/install/nav2_controller:/home/wheeltec/wheeltec_ros2/install/dwb_plugins:/home/wheeltec/wheeltec_ros2/install/dwb_critics:/home/wheeltec/wheeltec_ros2/install/dwb_core:/home/wheeltec/wheeltec_ros2/install/nav_2d_utils:/home/wheeltec/wheeltec_ros2/install/dwb_msgs:/home/wheeltec/wheeltec_ros2/install/nav_2d_msgs:/home/wheeltec/wheeltec_ros2/install/nav2_waypoint_follower:/home/wheeltec/wheeltec_ros2/install/nav2_theta_star_planner:/home/wheeltec/wheeltec_ros2/install/nav2_smac_planner:/home/wheeltec/wheeltec_ros2/install/nav2_rotation_shim_controller:/home/wheeltec/wheeltec_ros2/install/nav2_regulated_pure_pursuit_controller:/home/wheeltec/wheeltec_ros2/install/nav2_planner:/home/wheeltec/wheeltec_ros2/install/nav2_navfn_planner:/home/wheeltec/wheeltec_ros2/install/nav2_constrained_smoother:/home/wheeltec/wheeltec_ros2/install/nav2_bt_navigator:/home/wheeltec/wheeltec_ros2/install/nav2_behaviors:/home/wheeltec/wheeltec_ros2/install/nav2_core:/home/wheeltec/wheeltec_ros2/install/nav2_collision_monitor:/home/wheeltec/wheeltec_ros2/install/costmap_queue:/home/wheeltec/wheeltec_ros2/install/nav2_costmap_2d:/home/wheeltec/wheeltec_ros2/install/nav2_voxel_grid:/home/wheeltec/wheeltec_ros2/install/nav2_velocity_smoother:/home/wheeltec/wheeltec_ros2/install/nav2_rviz_plugins:/home/wheeltec/wheeltec_ros2/install/nav2_map_server:/home/wheeltec/wheeltec_ros2/install/nav2_lifecycle_manager:/home/wheeltec/wheeltec_ros2/install/nav2_behavior_tree:/home/wheeltec/wheeltec_ros2/install/nav2_amcl:/home/wheeltec/wheeltec_ros2/install/nav2_util:/home/wheeltec/wheeltec_ros2/install/nav2_msgs:/home/wheeltec/wheeltec_ros2/install/nav2_common:/home/wheeltec/wheeltec_ros2/install/lslidar_driver:/home/wheeltec/wheeltec_ros2/install/lslidar_msgs:/home/wheeltec/wheeltec_ros2/install/ldlidar_stl_ros2:/home/wheeltec/wheeltec_ros2/install/ldlidar_sl_ros2:/home/wheeltec/wheeltec_ros2/install/ldlidar:/home/wheeltec/wheeltec_ros2/install/bodyreader_msg:/home/wheeltec/wheeltec_ros2/install/astra_camera:/home/wheeltec/wheeltec_ros2/install/astra_camera_msgs:/home/wheeltec/wheeltec_ros2/install/aruco_ros:/home/wheeltec/wheeltec_ros2/install/aruco_msgs:/home/wheeltec/wheeltec_ros2/install/aruco:/home/wheeltec/wheeltec_ros2/install/ackermann_msgs:/home/wheeltec/wheeltec_ros2/install/simple_follower_ros2:/home/wheeltec/wheeltec_ros2/install/wheeltec_robot_keyboard:/home/wheeltec/wheeltec_ros2/install/wheeltec_dual_rtk_driver:/home/wheeltec/wheeltec_ros2/install/ultralytics_ros2:/home/wheeltec/wheeltec_ros2/install/tf2_tools:/home/wheeltec/wheeltec_ros2/install/ollama_ros_chat:/home/wheeltec/wheeltec_ros2/install/nmea_navsat_driver:/home/wheeltec/wheeltec_ros2/install/nav2_waypoint_cycle:/home/wheeltec/wheeltec_ros2/install/nav2_simple_commander:/home/wheeltec/wheeltec_ros2/install/auto_recharge_ros2:/opt/ros/humble LD_LIBRARY_PATH=/home/wheeltec/agribot/agribot_ws/install/yesense_interface/lib:/home/wheeltec/agribot/agribot_ws/install/fast_lio/lib:/usr/lib/aarch64-linux-gnu:/home/wheeltec/agribot/agribot_ws/install/serial/lib:/home/wheeltec/ws_livox/install/livox_sdk2/lib:/home/wheeltec/ws_livox/install/livox_ros_driver2/lib:/home/wheeltec/wheeltec_ros2/install/yesense_interface/lib:/home/wheeltec/wheeltec_ros2/install/wheeltec_rrt_msg/lib:/home/wheeltec/wheeltec_ros2/install/wheeltec_robot_rrt/lib:/home/wheeltec/wheeltec_ros2/install/turn_on_wheeltec_robot/lib:/home/wheeltec/wheeltec_ros2/install/wheeltec_robot_msg/lib:/home/wheeltec/wheeltec_ros2/install/wheeltec_mic_msg/lib:/home/wheeltec/wheeltec_ros2/install/usb_cam/lib:/home/wheeltec/wheeltec_ros2/install/ublox_gps/lib:/home/wheeltec/wheeltec_ros2/install/ublox_msgs/lib:/home/wheeltec/wheeltec_ros2/install/serial/lib:/home/wheeltec/wheeltec_ros2/install/orb_slam2_ros/lib:/home/wheeltec/wheeltec_ros2/install/openslam_gmapping/lib:/home/wheeltec/wheeltec_ros2/install/ollama_ros_msgs/lib:/home/wheeltec/wheeltec_ros2/install/nmea_msgs/lib:/home/wheeltec/wheeltec_ros2/install/nav2_smoother/lib:/home/wheeltec/wheeltec_ros2/install/nav2_controller/lib:/home/wheeltec/wheeltec_ros2/install/dwb_plugins/lib:/home/wheeltec/wheeltec_ros2/install/dwb_critics/lib:/home/wheeltec/wheeltec_ros2/install/dwb_core/lib:/home/wheeltec/wheeltec_ros2/install/nav_2d_utils/lib:/home/wheeltec/wheeltec_ros2/install/dwb_msgs/lib:/home/wheeltec/wheeltec_ros2/install/nav_2d_msgs/lib:/home/wheeltec/wheeltec_ros2/install/nav2_waypoint_follower/lib:/home/wheeltec/wheeltec_ros2/install/nav2_theta_star_planner/lib:/home/wheeltec/wheeltec_ros2/install/nav2_smac_planner/lib:/home/wheeltec/wheeltec_ros2/install/nav2_rotation_shim_controller/lib:/home/wheeltec/wheeltec_ros2/install/nav2_regulated_pure_pursuit_controller/lib:/home/wheeltec/wheeltec_ros2/install/nav2_planner/lib:/home/wheeltec/wheeltec_ros2/install/nav2_navfn_planner/lib:/home/wheeltec/wheeltec_ros2/install/nav2_constrained_smoother/lib:/home/wheeltec/wheeltec_ros2/install/nav2_bt_navigator/lib:/home/wheeltec/wheeltec_ros2/install/nav2_behaviors/lib:/home/wheeltec/wheeltec_ros2/install/nav2_collision_monitor/lib:/home/wheeltec/wheeltec_ros2/install/costmap_queue/lib:/home/wheeltec/wheeltec_ros2/install/nav2_costmap_2d/lib:/home/wheeltec/wheeltec_ros2/install/nav2_voxel_grid/lib:/home/wheeltec/wheeltec_ros2/install/nav2_velocity_smoother/lib:/home/wheeltec/wheeltec_ros2/install/nav2_rviz_plugins/lib:/home/wheeltec/wheeltec_ros2/install/nav2_map_server/lib:/home/wheeltec/wheeltec_ros2/install/nav2_lifecycle_manager/lib:/home/wheeltec/wheeltec_ros2/install/nav2_behavior_tree/lib:/home/wheeltec/wheeltec_ros2/install/nav2_amcl/lib:/home/wheeltec/wheeltec_ros2/install/nav2_util/lib:/home/wheeltec/wheeltec_ros2/install/nav2_msgs/lib:/home/wheeltec/wheeltec_ros2/install/lslidar_msgs/lib:/home/wheeltec/wheeltec_ros2/install/bodyreader_msg/lib:/home/wheeltec/wheeltec_ros2/install/astra_camera/lib:/home/wheeltec/wheeltec_ros2/install/astra_camera_msgs/lib:/home/wheeltec/wheeltec_ros2/install/aruco_ros/lib:/home/wheeltec/wheeltec_ros2/install/aruco_msgs/lib:/home/wheeltec/wheeltec_ros2/install/aruco/lib:/home/wheeltec/wheeltec_ros2/install/ackermann_msgs/lib:/opt/ros/humble/opt/rviz_ogre_vendor/lib:/opt/ros/humble/lib/aarch64-linux-gnu:/opt/ros/humble/lib /usr/bin/cmake --build /home/wheeltec/agribot/agribot_ws/build/centerline_extraction -- -j8 -l8
[55.538s] DEBUG:colcon.colcon_core.event_handler.log_command:Invoked command in '/home/wheeltec/agribot/agribot_ws/build/centerline_extraction' returned '0': CMAKE_PREFIX_PATH=/home/wheeltec/agribot/agribot_ws/install/turn_on_agribot:/home/wheeltec/agribot/agribot_ws/install/turn_on_32chassis:/home/wheeltec/agribot/agribot_ws/install/yesense_std_ros2:/home/wheeltec/agribot/agribot_ws/install/yesense_interface:/home/wheeltec/agribot/agribot_ws/install/serial:/home/wheeltec/agribot/agribot_ws/install/fast_lio:/home/wheeltec/agribot/agribot_ws/install/centerline_extraction:/home/wheeltec/ws_livox/install/livox_ros_driver2:/home/wheeltec/wheeltec_ros2/install/yesense_std_ros2:/home/wheeltec/wheeltec_ros2/install/yesense_interface:/home/wheeltec/wheeltec_ros2/install/wheeltec_slam_toolbox:/home/wheeltec/wheeltec_ros2/install/wheeltec_rviz2:/home/wheeltec/wheeltec_ros2/install/wheeltec_rrt_msg:/home/wheeltec/wheeltec_ros2/install/wheeltec_robot_urdf:/home/wheeltec/wheeltec_ros2/install/wheeltec_robot_rtab:/home/wheeltec/wheeltec_ros2/install/wheeltec_robot_rrt:/home/wheeltec/wheeltec_ros2/install/turn_on_wheeltec_robot:/home/wheeltec/wheeltec_ros2/install/wheeltec_robot_msg:/home/wheeltec/wheeltec_ros2/install/wheeltec_robot_kcf:/home/wheeltec/wheeltec_ros2/install/wheeltec_path_follow:/home/wheeltec/wheeltec_ros2/install/wheeltec_nav2:/home/wheeltec/wheeltec_ros2/install/wheeltec_multi:/home/wheeltec/wheeltec_ros2/install/wheeltec_mic_ros2:/home/wheeltec/wheeltec_ros2/install/wheeltec_mic_msg:/home/wheeltec/wheeltec_ros2/install/wheeltec_joy:/home/wheeltec/wheeltec_ros2/install/wheeltec_gps_driver:/home/wheeltec/wheeltec_ros2/install/wheeltec_cartographer:/home/wheeltec/wheeltec_ros2/install/wheeltec_aiui:/home/wheeltec/wheeltec_ros2/install/web_video_server:/home/wheeltec/wheeltec_ros2/install/usb_cam:/home/wheeltec/wheeltec_ros2/install/ublox:/home/wheeltec/wheeltec_ros2/install/ublox_gps:/home/wheeltec/wheeltec_ros2/install/ublox_msgs:/home/wheeltec/wheeltec_ros2/install/ublox_serialization:/home/wheeltec/wheeltec_ros2/install/tts:/home/wheeltec/wheeltec_ros2/install/slam_gmapping:/home/wheeltec/wheeltec_ros2/install/bodyreader:/home/wheeltec/wheeltec_ros2/install/serial:/home/wheeltec/wheeltec_ros2/install/rplidar_ros:/home/wheeltec/wheeltec_ros2/install/orb_slam2_ros:/home/wheeltec/wheeltec_ros2/install/openslam_gmapping:/home/wheeltec/wheeltec_ros2/install/ollama_ros_msgs:/home/wheeltec/wheeltec_ros2/install/nmea_msgs:/home/wheeltec/wheeltec_ros2/install/nav2_bringup:/home/wheeltec/wheeltec_ros2/install/navigation2:/home/wheeltec/wheeltec_ros2/install/nav2_smoother:/home/wheeltec/wheeltec_ros2/install/nav2_dwb_controller:/home/wheeltec/wheeltec_ros2/install/nav2_controller:/home/wheeltec/wheeltec_ros2/install/dwb_plugins:/home/wheeltec/wheeltec_ros2/install/dwb_critics:/home/wheeltec/wheeltec_ros2/install/dwb_core:/home/wheeltec/wheeltec_ros2/install/nav_2d_utils:/home/wheeltec/wheeltec_ros2/install/dwb_msgs:/home/wheeltec/wheeltec_ros2/install/nav_2d_msgs:/home/wheeltec/wheeltec_ros2/install/nav2_waypoint_follower:/home/wheeltec/wheeltec_ros2/install/nav2_theta_star_planner:/home/wheeltec/wheeltec_ros2/install/nav2_smac_planner:/home/wheeltec/wheeltec_ros2/install/nav2_rotation_shim_controller:/home/wheeltec/wheeltec_ros2/install/nav2_regulated_pure_pursuit_controller:/home/wheeltec/wheeltec_ros2/install/nav2_planner:/home/wheeltec/wheeltec_ros2/install/nav2_navfn_planner:/home/wheeltec/wheeltec_ros2/install/nav2_constrained_smoother:/home/wheeltec/wheeltec_ros2/install/nav2_bt_navigator:/home/wheeltec/wheeltec_ros2/install/nav2_behaviors:/home/wheeltec/wheeltec_ros2/install/nav2_core:/home/wheeltec/wheeltec_ros2/install/nav2_collision_monitor:/home/wheeltec/wheeltec_ros2/install/costmap_queue:/home/wheeltec/wheeltec_ros2/install/nav2_costmap_2d:/home/wheeltec/wheeltec_ros2/install/nav2_voxel_grid:/home/wheeltec/wheeltec_ros2/install/nav2_velocity_smoother:/home/wheeltec/wheeltec_ros2/install/nav2_rviz_plugins:/home/wheeltec/wheeltec_ros2/install/nav2_map_server:/home/wheeltec/wheeltec_ros2/install/nav2_lifecycle_manager:/home/wheeltec/wheeltec_ros2/install/nav2_behavior_tree:/home/wheeltec/wheeltec_ros2/install/nav2_amcl:/home/wheeltec/wheeltec_ros2/install/nav2_util:/home/wheeltec/wheeltec_ros2/install/nav2_msgs:/home/wheeltec/wheeltec_ros2/install/nav2_common:/home/wheeltec/wheeltec_ros2/install/lslidar_driver:/home/wheeltec/wheeltec_ros2/install/lslidar_msgs:/home/wheeltec/wheeltec_ros2/install/ldlidar_stl_ros2:/home/wheeltec/wheeltec_ros2/install/ldlidar_sl_ros2:/home/wheeltec/wheeltec_ros2/install/ldlidar:/home/wheeltec/wheeltec_ros2/install/bodyreader_msg:/home/wheeltec/wheeltec_ros2/install/astra_camera:/home/wheeltec/wheeltec_ros2/install/astra_camera_msgs:/home/wheeltec/wheeltec_ros2/install/aruco_ros:/home/wheeltec/wheeltec_ros2/install/aruco_msgs:/home/wheeltec/wheeltec_ros2/install/aruco:/home/wheeltec/wheeltec_ros2/install/ackermann_msgs:/home/wheeltec/wheeltec_ros2/install/simple_follower_ros2:/home/wheeltec/wheeltec_ros2/install/wheeltec_robot_keyboard:/home/wheeltec/wheeltec_ros2/install/wheeltec_dual_rtk_driver:/home/wheeltec/wheeltec_ros2/install/ultralytics_ros2:/home/wheeltec/wheeltec_ros2/install/tf2_tools:/home/wheeltec/wheeltec_ros2/install/ollama_ros_chat:/home/wheeltec/wheeltec_ros2/install/nmea_navsat_driver:/home/wheeltec/wheeltec_ros2/install/nav2_waypoint_cycle:/home/wheeltec/wheeltec_ros2/install/nav2_simple_commander:/home/wheeltec/wheeltec_ros2/install/auto_recharge_ros2:/opt/ros/humble LD_LIBRARY_PATH=/home/wheeltec/agribot/agribot_ws/install/yesense_interface/lib:/home/wheeltec/agribot/agribot_ws/install/fast_lio/lib:/usr/lib/aarch64-linux-gnu:/home/wheeltec/agribot/agribot_ws/install/serial/lib:/home/wheeltec/ws_livox/install/livox_sdk2/lib:/home/wheeltec/ws_livox/install/livox_ros_driver2/lib:/home/wheeltec/wheeltec_ros2/install/yesense_interface/lib:/home/wheeltec/wheeltec_ros2/install/wheeltec_rrt_msg/lib:/home/wheeltec/wheeltec_ros2/install/wheeltec_robot_rrt/lib:/home/wheeltec/wheeltec_ros2/install/turn_on_wheeltec_robot/lib:/home/wheeltec/wheeltec_ros2/install/wheeltec_robot_msg/lib:/home/wheeltec/wheeltec_ros2/install/wheeltec_mic_msg/lib:/home/wheeltec/wheeltec_ros2/install/usb_cam/lib:/home/wheeltec/wheeltec_ros2/install/ublox_gps/lib:/home/wheeltec/wheeltec_ros2/install/ublox_msgs/lib:/home/wheeltec/wheeltec_ros2/install/serial/lib:/home/wheeltec/wheeltec_ros2/install/orb_slam2_ros/lib:/home/wheeltec/wheeltec_ros2/install/openslam_gmapping/lib:/home/wheeltec/wheeltec_ros2/install/ollama_ros_msgs/lib:/home/wheeltec/wheeltec_ros2/install/nmea_msgs/lib:/home/wheeltec/wheeltec_ros2/install/nav2_smoother/lib:/home/wheeltec/wheeltec_ros2/install/nav2_controller/lib:/home/wheeltec/wheeltec_ros2/install/dwb_plugins/lib:/home/wheeltec/wheeltec_ros2/install/dwb_critics/lib:/home/wheeltec/wheeltec_ros2/install/dwb_core/lib:/home/wheeltec/wheeltec_ros2/install/nav_2d_utils/lib:/home/wheeltec/wheeltec_ros2/install/dwb_msgs/lib:/home/wheeltec/wheeltec_ros2/install/nav_2d_msgs/lib:/home/wheeltec/wheeltec_ros2/install/nav2_waypoint_follower/lib:/home/wheeltec/wheeltec_ros2/install/nav2_theta_star_planner/lib:/home/wheeltec/wheeltec_ros2/install/nav2_smac_planner/lib:/home/wheeltec/wheeltec_ros2/install/nav2_rotation_shim_controller/lib:/home/wheeltec/wheeltec_ros2/install/nav2_regulated_pure_pursuit_controller/lib:/home/wheeltec/wheeltec_ros2/install/nav2_planner/lib:/home/wheeltec/wheeltec_ros2/install/nav2_navfn_planner/lib:/home/wheeltec/wheeltec_ros2/install/nav2_constrained_smoother/lib:/home/wheeltec/wheeltec_ros2/install/nav2_bt_navigator/lib:/home/wheeltec/wheeltec_ros2/install/nav2_behaviors/lib:/home/wheeltec/wheeltec_ros2/install/nav2_collision_monitor/lib:/home/wheeltec/wheeltec_ros2/install/costmap_queue/lib:/home/wheeltec/wheeltec_ros2/install/nav2_costmap_2d/lib:/home/wheeltec/wheeltec_ros2/install/nav2_voxel_grid/lib:/home/wheeltec/wheeltec_ros2/install/nav2_velocity_smoother/lib:/home/wheeltec/wheeltec_ros2/install/nav2_rviz_plugins/lib:/home/wheeltec/wheeltec_ros2/install/nav2_map_server/lib:/home/wheeltec/wheeltec_ros2/install/nav2_lifecycle_manager/lib:/home/wheeltec/wheeltec_ros2/install/nav2_behavior_tree/lib:/home/wheeltec/wheeltec_ros2/install/nav2_amcl/lib:/home/wheeltec/wheeltec_ros2/install/nav2_util/lib:/home/wheeltec/wheeltec_ros2/install/nav2_msgs/lib:/home/wheeltec/wheeltec_ros2/install/lslidar_msgs/lib:/home/wheeltec/wheeltec_ros2/install/bodyreader_msg/lib:/home/wheeltec/wheeltec_ros2/install/astra_camera/lib:/home/wheeltec/wheeltec_ros2/install/astra_camera_msgs/lib:/home/wheeltec/wheeltec_ros2/install/aruco_ros/lib:/home/wheeltec/wheeltec_ros2/install/aruco_msgs/lib:/home/wheeltec/wheeltec_ros2/install/aruco/lib:/home/wheeltec/wheeltec_ros2/install/ackermann_msgs/lib:/opt/ros/humble/opt/rviz_ogre_vendor/lib:/opt/ros/humble/lib/aarch64-linux-gnu:/opt/ros/humble/lib /usr/bin/cmake --build /home/wheeltec/agribot/agribot_ws/build/centerline_extraction -- -j8 -l8
[55.561s] DEBUG:colcon.colcon_core.event_handler.log_command:Invoking command in '/home/wheeltec/agribot/agribot_ws/build/centerline_extraction': CMAKE_PREFIX_PATH=/home/wheeltec/agribot/agribot_ws/install/turn_on_agribot:/home/wheeltec/agribot/agribot_ws/install/turn_on_32chassis:/home/wheeltec/agribot/agribot_ws/install/yesense_std_ros2:/home/wheeltec/agribot/agribot_ws/install/yesense_interface:/home/wheeltec/agribot/agribot_ws/install/serial:/home/wheeltec/agribot/agribot_ws/install/fast_lio:/home/wheeltec/agribot/agribot_ws/install/centerline_extraction:/home/wheeltec/ws_livox/install/livox_ros_driver2:/home/wheeltec/wheeltec_ros2/install/yesense_std_ros2:/home/wheeltec/wheeltec_ros2/install/yesense_interface:/home/wheeltec/wheeltec_ros2/install/wheeltec_slam_toolbox:/home/wheeltec/wheeltec_ros2/install/wheeltec_rviz2:/home/wheeltec/wheeltec_ros2/install/wheeltec_rrt_msg:/home/wheeltec/wheeltec_ros2/install/wheeltec_robot_urdf:/home/wheeltec/wheeltec_ros2/install/wheeltec_robot_rtab:/home/wheeltec/wheeltec_ros2/install/wheeltec_robot_rrt:/home/wheeltec/wheeltec_ros2/install/turn_on_wheeltec_robot:/home/wheeltec/wheeltec_ros2/install/wheeltec_robot_msg:/home/wheeltec/wheeltec_ros2/install/wheeltec_robot_kcf:/home/wheeltec/wheeltec_ros2/install/wheeltec_path_follow:/home/wheeltec/wheeltec_ros2/install/wheeltec_nav2:/home/wheeltec/wheeltec_ros2/install/wheeltec_multi:/home/wheeltec/wheeltec_ros2/install/wheeltec_mic_ros2:/home/wheeltec/wheeltec_ros2/install/wheeltec_mic_msg:/home/wheeltec/wheeltec_ros2/install/wheeltec_joy:/home/wheeltec/wheeltec_ros2/install/wheeltec_gps_driver:/home/wheeltec/wheeltec_ros2/install/wheeltec_cartographer:/home/wheeltec/wheeltec_ros2/install/wheeltec_aiui:/home/wheeltec/wheeltec_ros2/install/web_video_server:/home/wheeltec/wheeltec_ros2/install/usb_cam:/home/wheeltec/wheeltec_ros2/install/ublox:/home/wheeltec/wheeltec_ros2/install/ublox_gps:/home/wheeltec/wheeltec_ros2/install/ublox_msgs:/home/wheeltec/wheeltec_ros2/install/ublox_serialization:/home/wheeltec/wheeltec_ros2/install/tts:/home/wheeltec/wheeltec_ros2/install/slam_gmapping:/home/wheeltec/wheeltec_ros2/install/bodyreader:/home/wheeltec/wheeltec_ros2/install/serial:/home/wheeltec/wheeltec_ros2/install/rplidar_ros:/home/wheeltec/wheeltec_ros2/install/orb_slam2_ros:/home/wheeltec/wheeltec_ros2/install/openslam_gmapping:/home/wheeltec/wheeltec_ros2/install/ollama_ros_msgs:/home/wheeltec/wheeltec_ros2/install/nmea_msgs:/home/wheeltec/wheeltec_ros2/install/nav2_bringup:/home/wheeltec/wheeltec_ros2/install/navigation2:/home/wheeltec/wheeltec_ros2/install/nav2_smoother:/home/wheeltec/wheeltec_ros2/install/nav2_dwb_controller:/home/wheeltec/wheeltec_ros2/install/nav2_controller:/home/wheeltec/wheeltec_ros2/install/dwb_plugins:/home/wheeltec/wheeltec_ros2/install/dwb_critics:/home/wheeltec/wheeltec_ros2/install/dwb_core:/home/wheeltec/wheeltec_ros2/install/nav_2d_utils:/home/wheeltec/wheeltec_ros2/install/dwb_msgs:/home/wheeltec/wheeltec_ros2/install/nav_2d_msgs:/home/wheeltec/wheeltec_ros2/install/nav2_waypoint_follower:/home/wheeltec/wheeltec_ros2/install/nav2_theta_star_planner:/home/wheeltec/wheeltec_ros2/install/nav2_smac_planner:/home/wheeltec/wheeltec_ros2/install/nav2_rotation_shim_controller:/home/wheeltec/wheeltec_ros2/install/nav2_regulated_pure_pursuit_controller:/home/wheeltec/wheeltec_ros2/install/nav2_planner:/home/wheeltec/wheeltec_ros2/install/nav2_navfn_planner:/home/wheeltec/wheeltec_ros2/install/nav2_constrained_smoother:/home/wheeltec/wheeltec_ros2/install/nav2_bt_navigator:/home/wheeltec/wheeltec_ros2/install/nav2_behaviors:/home/wheeltec/wheeltec_ros2/install/nav2_core:/home/wheeltec/wheeltec_ros2/install/nav2_collision_monitor:/home/wheeltec/wheeltec_ros2/install/costmap_queue:/home/wheeltec/wheeltec_ros2/install/nav2_costmap_2d:/home/wheeltec/wheeltec_ros2/install/nav2_voxel_grid:/home/wheeltec/wheeltec_ros2/install/nav2_velocity_smoother:/home/wheeltec/wheeltec_ros2/install/nav2_rviz_plugins:/home/wheeltec/wheeltec_ros2/install/nav2_map_server:/home/wheeltec/wheeltec_ros2/install/nav2_lifecycle_manager:/home/wheeltec/wheeltec_ros2/install/nav2_behavior_tree:/home/wheeltec/wheeltec_ros2/install/nav2_amcl:/home/wheeltec/wheeltec_ros2/install/nav2_util:/home/wheeltec/wheeltec_ros2/install/nav2_msgs:/home/wheeltec/wheeltec_ros2/install/nav2_common:/home/wheeltec/wheeltec_ros2/install/lslidar_driver:/home/wheeltec/wheeltec_ros2/install/lslidar_msgs:/home/wheeltec/wheeltec_ros2/install/ldlidar_stl_ros2:/home/wheeltec/wheeltec_ros2/install/ldlidar_sl_ros2:/home/wheeltec/wheeltec_ros2/install/ldlidar:/home/wheeltec/wheeltec_ros2/install/bodyreader_msg:/home/wheeltec/wheeltec_ros2/install/astra_camera:/home/wheeltec/wheeltec_ros2/install/astra_camera_msgs:/home/wheeltec/wheeltec_ros2/install/aruco_ros:/home/wheeltec/wheeltec_ros2/install/aruco_msgs:/home/wheeltec/wheeltec_ros2/install/aruco:/home/wheeltec/wheeltec_ros2/install/ackermann_msgs:/home/wheeltec/wheeltec_ros2/install/simple_follower_ros2:/home/wheeltec/wheeltec_ros2/install/wheeltec_robot_keyboard:/home/wheeltec/wheeltec_ros2/install/wheeltec_dual_rtk_driver:/home/wheeltec/wheeltec_ros2/install/ultralytics_ros2:/home/wheeltec/wheeltec_ros2/install/tf2_tools:/home/wheeltec/wheeltec_ros2/install/ollama_ros_chat:/home/wheeltec/wheeltec_ros2/install/nmea_navsat_driver:/home/wheeltec/wheeltec_ros2/install/nav2_waypoint_cycle:/home/wheeltec/wheeltec_ros2/install/nav2_simple_commander:/home/wheeltec/wheeltec_ros2/install/auto_recharge_ros2:/opt/ros/humble LD_LIBRARY_PATH=/home/wheeltec/agribot/agribot_ws/install/yesense_interface/lib:/home/wheeltec/agribot/agribot_ws/install/fast_lio/lib:/usr/lib/aarch64-linux-gnu:/home/wheeltec/agribot/agribot_ws/install/serial/lib:/home/wheeltec/ws_livox/install/livox_sdk2/lib:/home/wheeltec/ws_livox/install/livox_ros_driver2/lib:/home/wheeltec/wheeltec_ros2/install/yesense_interface/lib:/home/wheeltec/wheeltec_ros2/install/wheeltec_rrt_msg/lib:/home/wheeltec/wheeltec_ros2/install/wheeltec_robot_rrt/lib:/home/wheeltec/wheeltec_ros2/install/turn_on_wheeltec_robot/lib:/home/wheeltec/wheeltec_ros2/install/wheeltec_robot_msg/lib:/home/wheeltec/wheeltec_ros2/install/wheeltec_mic_msg/lib:/home/wheeltec/wheeltec_ros2/install/usb_cam/lib:/home/wheeltec/wheeltec_ros2/install/ublox_gps/lib:/home/wheeltec/wheeltec_ros2/install/ublox_msgs/lib:/home/wheeltec/wheeltec_ros2/install/serial/lib:/home/wheeltec/wheeltec_ros2/install/orb_slam2_ros/lib:/home/wheeltec/wheeltec_ros2/install/openslam_gmapping/lib:/home/wheeltec/wheeltec_ros2/install/ollama_ros_msgs/lib:/home/wheeltec/wheeltec_ros2/install/nmea_msgs/lib:/home/wheeltec/wheeltec_ros2/install/nav2_smoother/lib:/home/wheeltec/wheeltec_ros2/install/nav2_controller/lib:/home/wheeltec/wheeltec_ros2/install/dwb_plugins/lib:/home/wheeltec/wheeltec_ros2/install/dwb_critics/lib:/home/wheeltec/wheeltec_ros2/install/dwb_core/lib:/home/wheeltec/wheeltec_ros2/install/nav_2d_utils/lib:/home/wheeltec/wheeltec_ros2/install/dwb_msgs/lib:/home/wheeltec/wheeltec_ros2/install/nav_2d_msgs/lib:/home/wheeltec/wheeltec_ros2/install/nav2_waypoint_follower/lib:/home/wheeltec/wheeltec_ros2/install/nav2_theta_star_planner/lib:/home/wheeltec/wheeltec_ros2/install/nav2_smac_planner/lib:/home/wheeltec/wheeltec_ros2/install/nav2_rotation_shim_controller/lib:/home/wheeltec/wheeltec_ros2/install/nav2_regulated_pure_pursuit_controller/lib:/home/wheeltec/wheeltec_ros2/install/nav2_planner/lib:/home/wheeltec/wheeltec_ros2/install/nav2_navfn_planner/lib:/home/wheeltec/wheeltec_ros2/install/nav2_constrained_smoother/lib:/home/wheeltec/wheeltec_ros2/install/nav2_bt_navigator/lib:/home/wheeltec/wheeltec_ros2/install/nav2_behaviors/lib:/home/wheeltec/wheeltec_ros2/install/nav2_collision_monitor/lib:/home/wheeltec/wheeltec_ros2/install/costmap_queue/lib:/home/wheeltec/wheeltec_ros2/install/nav2_costmap_2d/lib:/home/wheeltec/wheeltec_ros2/install/nav2_voxel_grid/lib:/home/wheeltec/wheeltec_ros2/install/nav2_velocity_smoother/lib:/home/wheeltec/wheeltec_ros2/install/nav2_rviz_plugins/lib:/home/wheeltec/wheeltec_ros2/install/nav2_map_server/lib:/home/wheeltec/wheeltec_ros2/install/nav2_lifecycle_manager/lib:/home/wheeltec/wheeltec_ros2/install/nav2_behavior_tree/lib:/home/wheeltec/wheeltec_ros2/install/nav2_amcl/lib:/home/wheeltec/wheeltec_ros2/install/nav2_util/lib:/home/wheeltec/wheeltec_ros2/install/nav2_msgs/lib:/home/wheeltec/wheeltec_ros2/install/lslidar_msgs/lib:/home/wheeltec/wheeltec_ros2/install/bodyreader_msg/lib:/home/wheeltec/wheeltec_ros2/install/astra_camera/lib:/home/wheeltec/wheeltec_ros2/install/astra_camera_msgs/lib:/home/wheeltec/wheeltec_ros2/install/aruco_ros/lib:/home/wheeltec/wheeltec_ros2/install/aruco_msgs/lib:/home/wheeltec/wheeltec_ros2/install/aruco/lib:/home/wheeltec/wheeltec_ros2/install/ackermann_msgs/lib:/opt/ros/humble/opt/rviz_ogre_vendor/lib:/opt/ros/humble/lib/aarch64-linux-gnu:/opt/ros/humble/lib /usr/bin/cmake --install /home/wheeltec/agribot/agribot_ws/build/centerline_extraction
[55.602s] Level 1:colcon.colcon_core.environment:create_environment_scripts_only(centerline_extraction)
[55.604s] DEBUG:colcon.colcon_core.event_handler.log_command:Invoked command in '/home/wheeltec/agribot/agribot_ws/build/centerline_extraction' returned '0': CMAKE_PREFIX_PATH=/home/wheeltec/agribot/agribot_ws/install/turn_on_agribot:/home/wheeltec/agribot/agribot_ws/install/turn_on_32chassis:/home/wheeltec/agribot/agribot_ws/install/yesense_std_ros2:/home/wheeltec/agribot/agribot_ws/install/yesense_interface:/home/wheeltec/agribot/agribot_ws/install/serial:/home/wheeltec/agribot/agribot_ws/install/fast_lio:/home/wheeltec/agribot/agribot_ws/install/centerline_extraction:/home/wheeltec/ws_livox/install/livox_ros_driver2:/home/wheeltec/wheeltec_ros2/install/yesense_std_ros2:/home/wheeltec/wheeltec_ros2/install/yesense_interface:/home/wheeltec/wheeltec_ros2/install/wheeltec_slam_toolbox:/home/wheeltec/wheeltec_ros2/install/wheeltec_rviz2:/home/wheeltec/wheeltec_ros2/install/wheeltec_rrt_msg:/home/wheeltec/wheeltec_ros2/install/wheeltec_robot_urdf:/home/wheeltec/wheeltec_ros2/install/wheeltec_robot_rtab:/home/wheeltec/wheeltec_ros2/install/wheeltec_robot_rrt:/home/wheeltec/wheeltec_ros2/install/turn_on_wheeltec_robot:/home/wheeltec/wheeltec_ros2/install/wheeltec_robot_msg:/home/wheeltec/wheeltec_ros2/install/wheeltec_robot_kcf:/home/wheeltec/wheeltec_ros2/install/wheeltec_path_follow:/home/wheeltec/wheeltec_ros2/install/wheeltec_nav2:/home/wheeltec/wheeltec_ros2/install/wheeltec_multi:/home/wheeltec/wheeltec_ros2/install/wheeltec_mic_ros2:/home/wheeltec/wheeltec_ros2/install/wheeltec_mic_msg:/home/wheeltec/wheeltec_ros2/install/wheeltec_joy:/home/wheeltec/wheeltec_ros2/install/wheeltec_gps_driver:/home/wheeltec/wheeltec_ros2/install/wheeltec_cartographer:/home/wheeltec/wheeltec_ros2/install/wheeltec_aiui:/home/wheeltec/wheeltec_ros2/install/web_video_server:/home/wheeltec/wheeltec_ros2/install/usb_cam:/home/wheeltec/wheeltec_ros2/install/ublox:/home/wheeltec/wheeltec_ros2/install/ublox_gps:/home/wheeltec/wheeltec_ros2/install/ublox_msgs:/home/wheeltec/wheeltec_ros2/install/ublox_serialization:/home/wheeltec/wheeltec_ros2/install/tts:/home/wheeltec/wheeltec_ros2/install/slam_gmapping:/home/wheeltec/wheeltec_ros2/install/bodyreader:/home/wheeltec/wheeltec_ros2/install/serial:/home/wheeltec/wheeltec_ros2/install/rplidar_ros:/home/wheeltec/wheeltec_ros2/install/orb_slam2_ros:/home/wheeltec/wheeltec_ros2/install/openslam_gmapping:/home/wheeltec/wheeltec_ros2/install/ollama_ros_msgs:/home/wheeltec/wheeltec_ros2/install/nmea_msgs:/home/wheeltec/wheeltec_ros2/install/nav2_bringup:/home/wheeltec/wheeltec_ros2/install/navigation2:/home/wheeltec/wheeltec_ros2/install/nav2_smoother:/home/wheeltec/wheeltec_ros2/install/nav2_dwb_controller:/home/wheeltec/wheeltec_ros2/install/nav2_controller:/home/wheeltec/wheeltec_ros2/install/dwb_plugins:/home/wheeltec/wheeltec_ros2/install/dwb_critics:/home/wheeltec/wheeltec_ros2/install/dwb_core:/home/wheeltec/wheeltec_ros2/install/nav_2d_utils:/home/wheeltec/wheeltec_ros2/install/dwb_msgs:/home/wheeltec/wheeltec_ros2/install/nav_2d_msgs:/home/wheeltec/wheeltec_ros2/install/nav2_waypoint_follower:/home/wheeltec/wheeltec_ros2/install/nav2_theta_star_planner:/home/wheeltec/wheeltec_ros2/install/nav2_smac_planner:/home/wheeltec/wheeltec_ros2/install/nav2_rotation_shim_controller:/home/wheeltec/wheeltec_ros2/install/nav2_regulated_pure_pursuit_controller:/home/wheeltec/wheeltec_ros2/install/nav2_planner:/home/wheeltec/wheeltec_ros2/install/nav2_navfn_planner:/home/wheeltec/wheeltec_ros2/install/nav2_constrained_smoother:/home/wheeltec/wheeltec_ros2/install/nav2_bt_navigator:/home/wheeltec/wheeltec_ros2/install/nav2_behaviors:/home/wheeltec/wheeltec_ros2/install/nav2_core:/home/wheeltec/wheeltec_ros2/install/nav2_collision_monitor:/home/wheeltec/wheeltec_ros2/install/costmap_queue:/home/wheeltec/wheeltec_ros2/install/nav2_costmap_2d:/home/wheeltec/wheeltec_ros2/install/nav2_voxel_grid:/home/wheeltec/wheeltec_ros2/install/nav2_velocity_smoother:/home/wheeltec/wheeltec_ros2/install/nav2_rviz_plugins:/home/wheeltec/wheeltec_ros2/install/nav2_map_server:/home/wheeltec/wheeltec_ros2/install/nav2_lifecycle_manager:/home/wheeltec/wheeltec_ros2/install/nav2_behavior_tree:/home/wheeltec/wheeltec_ros2/install/nav2_amcl:/home/wheeltec/wheeltec_ros2/install/nav2_util:/home/wheeltec/wheeltec_ros2/install/nav2_msgs:/home/wheeltec/wheeltec_ros2/install/nav2_common:/home/wheeltec/wheeltec_ros2/install/lslidar_driver:/home/wheeltec/wheeltec_ros2/install/lslidar_msgs:/home/wheeltec/wheeltec_ros2/install/ldlidar_stl_ros2:/home/wheeltec/wheeltec_ros2/install/ldlidar_sl_ros2:/home/wheeltec/wheeltec_ros2/install/ldlidar:/home/wheeltec/wheeltec_ros2/install/bodyreader_msg:/home/wheeltec/wheeltec_ros2/install/astra_camera:/home/wheeltec/wheeltec_ros2/install/astra_camera_msgs:/home/wheeltec/wheeltec_ros2/install/aruco_ros:/home/wheeltec/wheeltec_ros2/install/aruco_msgs:/home/wheeltec/wheeltec_ros2/install/aruco:/home/wheeltec/wheeltec_ros2/install/ackermann_msgs:/home/wheeltec/wheeltec_ros2/install/simple_follower_ros2:/home/wheeltec/wheeltec_ros2/install/wheeltec_robot_keyboard:/home/wheeltec/wheeltec_ros2/install/wheeltec_dual_rtk_driver:/home/wheeltec/wheeltec_ros2/install/ultralytics_ros2:/home/wheeltec/wheeltec_ros2/install/tf2_tools:/home/wheeltec/wheeltec_ros2/install/ollama_ros_chat:/home/wheeltec/wheeltec_ros2/install/nmea_navsat_driver:/home/wheeltec/wheeltec_ros2/install/nav2_waypoint_cycle:/home/wheeltec/wheeltec_ros2/install/nav2_simple_commander:/home/wheeltec/wheeltec_ros2/install/auto_recharge_ros2:/opt/ros/humble LD_LIBRARY_PATH=/home/wheeltec/agribot/agribot_ws/install/yesense_interface/lib:/home/wheeltec/agribot/agribot_ws/install/fast_lio/lib:/usr/lib/aarch64-linux-gnu:/home/wheeltec/agribot/agribot_ws/install/serial/lib:/home/wheeltec/ws_livox/install/livox_sdk2/lib:/home/wheeltec/ws_livox/install/livox_ros_driver2/lib:/home/wheeltec/wheeltec_ros2/install/yesense_interface/lib:/home/wheeltec/wheeltec_ros2/install/wheeltec_rrt_msg/lib:/home/wheeltec/wheeltec_ros2/install/wheeltec_robot_rrt/lib:/home/wheeltec/wheeltec_ros2/install/turn_on_wheeltec_robot/lib:/home/wheeltec/wheeltec_ros2/install/wheeltec_robot_msg/lib:/home/wheeltec/wheeltec_ros2/install/wheeltec_mic_msg/lib:/home/wheeltec/wheeltec_ros2/install/usb_cam/lib:/home/wheeltec/wheeltec_ros2/install/ublox_gps/lib:/home/wheeltec/wheeltec_ros2/install/ublox_msgs/lib:/home/wheeltec/wheeltec_ros2/install/serial/lib:/home/wheeltec/wheeltec_ros2/install/orb_slam2_ros/lib:/home/wheeltec/wheeltec_ros2/install/openslam_gmapping/lib:/home/wheeltec/wheeltec_ros2/install/ollama_ros_msgs/lib:/home/wheeltec/wheeltec_ros2/install/nmea_msgs/lib:/home/wheeltec/wheeltec_ros2/install/nav2_smoother/lib:/home/wheeltec/wheeltec_ros2/install/nav2_controller/lib:/home/wheeltec/wheeltec_ros2/install/dwb_plugins/lib:/home/wheeltec/wheeltec_ros2/install/dwb_critics/lib:/home/wheeltec/wheeltec_ros2/install/dwb_core/lib:/home/wheeltec/wheeltec_ros2/install/nav_2d_utils/lib:/home/wheeltec/wheeltec_ros2/install/dwb_msgs/lib:/home/wheeltec/wheeltec_ros2/install/nav_2d_msgs/lib:/home/wheeltec/wheeltec_ros2/install/nav2_waypoint_follower/lib:/home/wheeltec/wheeltec_ros2/install/nav2_theta_star_planner/lib:/home/wheeltec/wheeltec_ros2/install/nav2_smac_planner/lib:/home/wheeltec/wheeltec_ros2/install/nav2_rotation_shim_controller/lib:/home/wheeltec/wheeltec_ros2/install/nav2_regulated_pure_pursuit_controller/lib:/home/wheeltec/wheeltec_ros2/install/nav2_planner/lib:/home/wheeltec/wheeltec_ros2/install/nav2_navfn_planner/lib:/home/wheeltec/wheeltec_ros2/install/nav2_constrained_smoother/lib:/home/wheeltec/wheeltec_ros2/install/nav2_bt_navigator/lib:/home/wheeltec/wheeltec_ros2/install/nav2_behaviors/lib:/home/wheeltec/wheeltec_ros2/install/nav2_collision_monitor/lib:/home/wheeltec/wheeltec_ros2/install/costmap_queue/lib:/home/wheeltec/wheeltec_ros2/install/nav2_costmap_2d/lib:/home/wheeltec/wheeltec_ros2/install/nav2_voxel_grid/lib:/home/wheeltec/wheeltec_ros2/install/nav2_velocity_smoother/lib:/home/wheeltec/wheeltec_ros2/install/nav2_rviz_plugins/lib:/home/wheeltec/wheeltec_ros2/install/nav2_map_server/lib:/home/wheeltec/wheeltec_ros2/install/nav2_lifecycle_manager/lib:/home/wheeltec/wheeltec_ros2/install/nav2_behavior_tree/lib:/home/wheeltec/wheeltec_ros2/install/nav2_amcl/lib:/home/wheeltec/wheeltec_ros2/install/nav2_util/lib:/home/wheeltec/wheeltec_ros2/install/nav2_msgs/lib:/home/wheeltec/wheeltec_ros2/install/lslidar_msgs/lib:/home/wheeltec/wheeltec_ros2/install/bodyreader_msg/lib:/home/wheeltec/wheeltec_ros2/install/astra_camera/lib:/home/wheeltec/wheeltec_ros2/install/astra_camera_msgs/lib:/home/wheeltec/wheeltec_ros2/install/aruco_ros/lib:/home/wheeltec/wheeltec_ros2/install/aruco_msgs/lib:/home/wheeltec/wheeltec_ros2/install/aruco/lib:/home/wheeltec/wheeltec_ros2/install/ackermann_msgs/lib:/opt/ros/humble/opt/rviz_ogre_vendor/lib:/opt/ros/humble/lib/aarch64-linux-gnu:/opt/ros/humble/lib /usr/bin/cmake --install /home/wheeltec/agribot/agribot_ws/build/centerline_extraction
[55.627s] Level 1:colcon.colcon_core.environment:checking '/home/wheeltec/agribot/agribot_ws/install/centerline_extraction' for CMake module files
[55.628s] Level 1:colcon.colcon_core.environment:checking '/home/wheeltec/agribot/agribot_ws/install/centerline_extraction' for CMake config files
[55.629s] Level 1:colcon.colcon_core.shell:create_environment_hook('centerline_extraction', 'cmake_prefix_path')
[55.630s] INFO:colcon.colcon_core.shell:Creating environment hook '/home/wheeltec/agribot/agribot_ws/install/centerline_extraction/share/centerline_extraction/hook/cmake_prefix_path.ps1'
[55.633s] INFO:colcon.colcon_core.shell:Creating environment descriptor '/home/wheeltec/agribot/agribot_ws/install/centerline_extraction/share/centerline_extraction/hook/cmake_prefix_path.dsv'
[55.634s] INFO:colcon.colcon_core.shell:Creating environment hook '/home/wheeltec/agribot/agribot_ws/install/centerline_extraction/share/centerline_extraction/hook/cmake_prefix_path.sh'
[55.636s] Level 1:colcon.colcon_core.environment:checking '/home/wheeltec/agribot/agribot_ws/install/centerline_extraction/lib'
[55.636s] Level 1:colcon.colcon_core.environment:checking '/home/wheeltec/agribot/agribot_ws/install/centerline_extraction/bin'
[55.637s] Level 1:colcon.colcon_core.environment:checking '/home/wheeltec/agribot/agribot_ws/install/centerline_extraction/lib/pkgconfig/centerline_extraction.pc'
[55.637s] Level 1:colcon.colcon_core.environment:checking '/home/wheeltec/agribot/agribot_ws/install/centerline_extraction/lib/python3.10/site-packages'
[55.638s] Level 1:colcon.colcon_core.environment:checking '/home/wheeltec/agribot/agribot_ws/install/centerline_extraction/bin'
[55.639s] INFO:colcon.colcon_core.shell:Creating package script '/home/wheeltec/agribot/agribot_ws/install/centerline_extraction/share/centerline_extraction/package.ps1'
[55.643s] INFO:colcon.colcon_core.shell:Creating package descriptor '/home/wheeltec/agribot/agribot_ws/install/centerline_extraction/share/centerline_extraction/package.dsv'
[55.644s] INFO:colcon.colcon_core.shell:Creating package script '/home/wheeltec/agribot/agribot_ws/install/centerline_extraction/share/centerline_extraction/package.sh'
[55.646s] INFO:colcon.colcon_core.shell:Creating package script '/home/wheeltec/agribot/agribot_ws/install/centerline_extraction/share/centerline_extraction/package.bash'
[55.648s] INFO:colcon.colcon_core.shell:Creating package script '/home/wheeltec/agribot/agribot_ws/install/centerline_extraction/share/centerline_extraction/package.zsh'
[55.650s] Level 1:colcon.colcon_core.environment:create_file_with_runtime_dependencies(/home/wheeltec/agribot/agribot_ws/install/centerline_extraction/share/colcon-core/packages/centerline_extraction)
[55.652s] Level 1:colcon.colcon_core.environment:create_environment_scripts_only(centerline_extraction)
[55.652s] Level 1:colcon.colcon_core.environment:checking '/home/wheeltec/agribot/agribot_ws/install/centerline_extraction' for CMake module files
[55.654s] Level 1:colcon.colcon_core.environment:checking '/home/wheeltec/agribot/agribot_ws/install/centerline_extraction' for CMake config files
[55.656s] Level 1:colcon.colcon_core.shell:create_environment_hook('centerline_extraction', 'cmake_prefix_path')
[55.657s] INFO:colcon.colcon_core.shell:Creating environment hook '/home/wheeltec/agribot/agribot_ws/install/centerline_extraction/share/centerline_extraction/hook/cmake_prefix_path.ps1'
[55.658s] INFO:colcon.colcon_core.shell:Creating environment descriptor '/home/wheeltec/agribot/agribot_ws/install/centerline_extraction/share/centerline_extraction/hook/cmake_prefix_path.dsv'
[55.659s] INFO:colcon.colcon_core.shell:Creating environment hook '/home/wheeltec/agribot/agribot_ws/install/centerline_extraction/share/centerline_extraction/hook/cmake_prefix_path.sh'
[55.660s] Level 1:colcon.colcon_core.environment:checking '/home/wheeltec/agribot/agribot_ws/install/centerline_extraction/lib'
[55.661s] Level 1:colcon.colcon_core.environment:checking '/home/wheeltec/agribot/agribot_ws/install/centerline_extraction/bin'
[55.661s] Level 1:colcon.colcon_core.environment:checking '/home/wheeltec/agribot/agribot_ws/install/centerline_extraction/lib/pkgconfig/centerline_extraction.pc'
[55.662s] Level 1:colcon.colcon_core.environment:checking '/home/wheeltec/agribot/agribot_ws/install/centerline_extraction/lib/python3.10/site-packages'
[55.663s] Level 1:colcon.colcon_core.environment:checking '/home/wheeltec/agribot/agribot_ws/install/centerline_extraction/bin'
[55.664s] INFO:colcon.colcon_core.shell:Creating package script '/home/wheeltec/agribot/agribot_ws/install/centerline_extraction/share/centerline_extraction/package.ps1'
[55.666s] INFO:colcon.colcon_core.shell:Creating package descriptor '/home/wheeltec/agribot/agribot_ws/install/centerline_extraction/share/centerline_extraction/package.dsv'
[55.667s] INFO:colcon.colcon_core.shell:Creating package script '/home/wheeltec/agribot/agribot_ws/install/centerline_extraction/share/centerline_extraction/package.sh'
[55.668s] INFO:colcon.colcon_core.shell:Creating package script '/home/wheeltec/agribot/agribot_ws/install/centerline_extraction/share/centerline_extraction/package.bash'
[55.669s] INFO:colcon.colcon_core.shell:Creating package script '/home/wheeltec/agribot/agribot_ws/install/centerline_extraction/share/centerline_extraction/package.zsh'
[55.670s] Level 1:colcon.colcon_core.environment:create_file_with_runtime_dependencies(/home/wheeltec/agribot/agribot_ws/install/centerline_extraction/share/colcon-core/packages/centerline_extraction)
[55.671s] DEBUG:colcon.colcon_parallel_executor.executor.parallel:closing loop
[55.672s] DEBUG:colcon.colcon_parallel_executor.executor.parallel:loop closed
[55.672s] DEBUG:colcon.colcon_parallel_executor.executor.parallel:run_until_complete finished with '0'
[55.672s] DEBUG:colcon.colcon_core.event_reactor:joining thread
[55.674s] DEBUG:colcon.colcon_core.event_reactor:joined thread
[55.675s] INFO:colcon.colcon_core.shell:Creating prefix script '/home/wheeltec/agribot/agribot_ws/install/local_setup.ps1'
[55.680s] INFO:colcon.colcon_core.shell:Creating prefix util module '/home/wheeltec/agribot/agribot_ws/install/_local_setup_util_ps1.py'
[55.693s] INFO:colcon.colcon_core.shell:Creating prefix chain script '/home/wheeltec/agribot/agribot_ws/install/setup.ps1'
[55.709s] INFO:colcon.colcon_core.shell:Creating prefix script '/home/wheeltec/agribot/agribot_ws/install/local_setup.sh'
[55.711s] INFO:colcon.colcon_core.shell:Creating prefix util module '/home/wheeltec/agribot/agribot_ws/install/_local_setup_util_sh.py'
[55.713s] INFO:colcon.colcon_core.shell:Creating prefix chain script '/home/wheeltec/agribot/agribot_ws/install/setup.sh'
[55.726s] INFO:colcon.colcon_core.shell:Creating prefix script '/home/wheeltec/agribot/agribot_ws/install/local_setup.bash'
[55.728s] INFO:colcon.colcon_core.shell:Creating prefix chain script '/home/wheeltec/agribot/agribot_ws/install/setup.bash'
[55.741s] INFO:colcon.colcon_core.shell:Creating prefix script '/home/wheeltec/agribot/agribot_ws/install/local_setup.zsh'
[55.742s] INFO:colcon.colcon_core.shell:Creating prefix chain script '/home/wheeltec/agribot/agribot_ws/install/setup.zsh'
