trial_id,experiment_type,scenario,perception_method,repeat_index,nominal_speed_mps,quality_aware,time_s,ros_time_s,x_m,y_m,yaw_rad,odom_linear_mps,odom_angular_rps,travel_distance_m,cmd_linear_mps,cmd_angular_rps,path_points,path_first_x_m,path_first_y_m,path_mid_x_m,path_mid_y_m,path_last_x_m,path_last_y_m,corridor_width_m,safety_margin_m,error_budget_m,published_confidence,control_quality_factor,headland_detected,navigation_mode,navigation_safety_state,valid,left_points,right_points,row_yaw_rad,center_offset_m,left_slope,left_intercept,right_slope,right_intercept,line_lost_count,support_score,observation_score,width_score,residual_score,safety_score,observed_valid_ratio,raw_confidence,support_weight,observation_weight,width_weight,residual_weight,safety_weight,innermost_enabled,robust_enabled,temporal_enabled,parallel_enabled
complex_qaware_v018_r4,closed_loop,complex,full,1,0.18,True,0.095171327,1785050723.5127234,-0.0014524889519044516,-0.00013402480023555624,0.00030845304612192587,0.0,0.001477807423606241,0.0,0.0,0.0,0,nan,nan,nan,nan,nan,nan,nan,nan,nan,nan,nan,0,,,nan,nan,nan,nan,nan,nan,nan,nan,nan,nan,nan,nan,nan,nan,nan,nan,nan,nan,nan,nan,nan,nan,nan,nan,nan,nan
complex_qaware_v018_r4,closed_loop,complex,full,1,0.18,True,0.145394929,1785050723.562947,-0.0014524889519044516,-0.00013402480023555624,0.0003254542865187559,0.0,0.001332044469085413,0.0,0.0,0.0,19.0,-0.0009860844880601423,0.02322530613255847,0.9038337657111692,0.005283126168180122,1.9652917646776407,-0.01563617976014153,0.5980738997459412,0.1697074919939041,0.11970749497413635,0.7794679403305054,nan,0,,,1.0,113.0,144.0,-0.017479505389928818,0.02134290337562561,0.0,0.3254131078720093,0.0,-0.28272730112075806,0.0,0.5317460298538208,0.6857142448425293,0.9677742719650269,0.9283090233802795,1.0,0.4285714328289032,0.7794679403305054,0.30000001192092896,0.20000000298023224,0.20000000298023224,0.15000000596046448,0.15000000596046448,1.0,1.0,1.0,1.0
complex_qaware_v018_r4,closed_loop,complex,full,1,0.18,True,0.195960684,1785050723.613513,-0.0014524889519044516,-0.00013402480023555624,0.00032381326466301996,0.0,0.001674779341333215,0.0,0.0,0.0,21.0,-0.00103268661824236,0.021910993379849853,1.003784798366955,0.002801530171506099,1.9985660788329305,-0.01960074249164564,0.5963078737258911,0.16832010447978973,0.11832010746002197,0.7727516889572144,nan,0,,,1.0,120.0,133.0,-0.020693320780992508,0.021273896098136902,0.0,0.3251027762889862,0.0,-0.2825549840927124,0.0,0.523809552192688,0.6595237255096436,0.9702710509300232,0.9309991002082825,1.0,0.380952388048172,0.7727516889572144,0.30000001192092896,0.20000000298023224,0.20000000298023224,0.15000000596046448,0.15000000596046448,1.0,1.0,1.0,1.0
complex_qaware_v018_r4,closed_loop,complex,full,1,0.18,True,0.245373641,1785050723.6629257,-0.0014524889519044516,-0.00013402480023555624,0.0003333262828273399,0.0,0.0017001130423157092,0.0,0.0,0.0,21.0,-0.00103268661824236,0.021910993379849853,1.003784798366955,0.002801530171506099,1.9985660788329305,-0.01960074249164564,0.5963078737258911,0.16832010447978973,0.11832010746002197,0.7727516889572144,nan,0,,,1.0,120.0,133.0,-0.020693320780992508,0.021273896098136902,0.0,0.3251027762889862,0.0,-0.2825549840927124,0.0,0.523809552192688,0.6595237255096436,0.9702710509300232,0.9309991002082825,1.0,0.380952388048172,0.7727516889572144,0.30000001192092896,0.20000000298023224,0.20000000298023224,0.15000000596046448,0.15000000596046448,1.0,1.0,1.0,1.0
complex_qaware_v018_r4,closed_loop,complex,full,1,0.18,True,0.29529394,1785050723.712846,-0.0014524889519044516,-0.00013402480023555624,0.000347014806692858,0.0,0.0015158302932316325,0.0,0.0,0.0,20.0,-0.001020958208566412,0.021312956608156453,1.0320997318750325,0.0004812809742177622,1.9485555503373284,-0.02075832545702129,0.5985877513885498,0.16972507536411285,0.11972507834434509,0.7754151821136475,nan,0,,,1.0,126.0,143.0,-0.023124177008867264,0.021737337112426758,0.0,0.3258441686630249,0.0,-0.2823694944381714,0.0,0.5317460298538208,0.6595237255096436,0.9701094031333923,0.9330980181694031,1.0,0.380952388048172,0.7754151821136475,0.30000001192092896,0.20000000298023224,0.20000000298023224,0.15000000596046448,0.15000000596046448,1.0,1.0,1.0,1.0
complex_qaware_v018_r4,closed_loop,complex,full,1,0.18,True,0.345310593,1785050723.762863,-0.0014524889519044516,-0.00013402480023555624,0.00034450859426948805,0.0,0.0013193571718054247,0.0,0.0,0.0,20.0,-0.001020958208566412,0.021312956608156453,1.0320997318750325,0.0004812809742177622,1.9485555503373284,-0.02075832545702129,0.5985877513885498,0.16972507536411285,0.11972507834434509,0.7754151821136475,nan,0,,,1.0,126.0,143.0,-0.023124177008867264,0.021737337112426758,0.0,0.3258441686630249,0.0,-0.2823694944381714,0.0,0.5317460298538208,0.6595237255096436,0.9701094031333923,0.9330980181694031,1.0,0.380952388048172,0.7754151821136475,0.30000001192092896,0.20000000298023224,0.20000000298023224,0.15000000596046448,0.15000000596046448,1.0,1.0,1.0,1.0
complex_qaware_v018_r4,closed_loop,complex,full,1,0.18,True,0.395320717,1785050723.812873,-0.0014524889519044516,-0.00013402480023555624,0.000374616361578539,0.0,0.002292931053385544,0.0,0.0,0.0,20.0,-0.000957541752039571,0.02174354442779794,1.055437004571782,-0.0021727747368799227,1.9652036643616129,-0.022726671513578888,0.598345935344696,0.16859795153141022,0.11859795451164246,0.7715150117874146,nan,0,,,1.0,118.0,131.0,-0.02495752088725567,0.022638365626335144,0.0,0.3271792232990265,0.0,-0.2819024920463562,0.0,0.5396825075149536,0.6333332657814026,0.9686807990074158,0.9280495643615723,1.0,0.3333333432674408,0.7715150117874146,0.30000001192092896,0.20000000298023224,0.20000000298023224,0.15000000596046448,0.15000000596046448,1.0,1.0,1.0,1.0
complex_qaware_v018_r4,closed_loop,complex,full,1,0.18,True,0.445320665,1785050723.8628728,-0.0014524889519044516,-0.00013402480023555624,0.0004148815307178923,0.0,0.0018502994514669568,0.0,0.0,0.0,20.0,-0.000957541752039571,0.02174354442779794,1.055437004571782,-0.0021727747368799227,1.9652036643616129,-0.022726671513578888,0.598345935344696,0.16859795153141022,0.11859795451164246,0.7715150117874146,nan,0,,,1.0,118.0,131.0,-0.02495752088725567,0.022638365626335144,0.0,0.3271792232990265,0.0,-0.2819024920463562,0.0,0.5396825075149536,0.6333332657814026,0.9686807990074158,0.9280495643615723,1.0,0.3333333432674408,0.7715150117874146,0.30000001192092896,0.20000000298023224,0.20000000298023224,0.15000000596046448,0.15000000596046448,1.0,1.0,1.0,1.0
complex_qaware_v018_r4,closed_loop,complex,full,1,0.18,True,0.495752113,1785050723.9133043,-0.0014524889519044516,-0.00013402480023555624,0.00033038500854010183,0.0,-0.007659590831857884,0.0,0.0,0.0,21.0,-0.00094938758040652,0.021940654448465224,1.0554412524967292,-0.0021648584406892828,1.9985671059921095,-0.020144574217844227,0.59792160987854,0.16961447894573212,0.11961448192596436,0.7773449420928955,nan,0,,,1.0,124.0,139.0,-0.021267594769597054,0.0218656063079834,0.0,0.3267032504081726,0.0,-0.2829720377922058,0.0,0.5396825075149536,0.6595237255096436,0.9696572422981262,0.9306930303573608,1.0,0.380952388048172,0.7773449420928955,0.30000001192092896,0.20000000298023224,0.20000000298023224,0.15000000596046448,0.15000000596046448,1.0,1.0,1.0,1.0
complex_qaware_v018_r4,closed_loop,complex,full,1,0.18,True,0.545489878,1785050723.963042,-0.008983020435405066,-0.004040875715236717,0.00039010958119289896,0.0073651196284139206,-0.011866170142796739,0.008484534330908438,0.0,0.0,21.0,-0.00094938758040652,0.021940654448465224,1.0554412524967292,-0.0021648584406892828,1.9985671059921095,-0.020144574217844227,0.59792160987854,0.16961447894573212,0.11961448192596436,0.7773449420928955,nan,0,,,1.0,124.0,139.0,-0.021267594769597054,0.0218656063079834,0.0,0.3267032504081726,0.0,-0.2829720377922058,0.0,0.5396825075149536,0.6595237255096436,0.9696572422981262,0.9306930303573608,1.0,0.380952388048172,0.7773449420928955,0.30000001192092896,0.20000000298023224,0.20000000298023224,0.15000000596046448,0.15000000596046448,1.0,1.0,1.0,1.0
complex_qaware_v018_r4,closed_loop,complex,full,1,0.18,True,0.600630692,1785050724.018183,-0.006430588787927988,-0.004037179859692243,0.0006862991331733075,0.017247286000603428,0.00587051096141743,0.011038138553847061,0.0,0.0,21.0,-0.002647688561632165,0.020321822502206283,1.025448204151616,-0.0016139732366765587,1.9960918566019363,-0.01990363460612084,0.5981009006500244,0.1681857854127884,0.11818578839302063,0.7721459865570068,nan,0,,,1.0,124.0,144.0,-0.01888923905789852,0.020781800150871277,0.0,0.3251875638961792,0.0,-0.28362396359443665,0.0,0.523809552192688,0.6595237255096436,0.968847930431366,0.9288581609725952,1.0,0.380952388048172,0.7721459865570068,0.30000001192092896,0.20000000298023224,0.20000000298023224,0.15000000596046448,0.15000000596046448,1.0,1.0,1.0,1.0
complex_qaware_v018_r4,closed_loop,complex,full,1,0.18,True,0.645504624,1785050724.063057,-0.0048891566202031635,-0.0037594227612142207,0.0007821785108754751,0.03657858162717983,0.01433966448490777,0.014009984279037055,0.0,0.0,21.0,-0.002647688561632165,0.020321822502206283,1.025448204151616,-0.0016139732366765587,1.9960918566019363,-0.01990363460612084,0.5981009006500244,0.1681857854127884,0.11818578839302063,0.7721459865570068,nan,0,,,1.0,124.0,144.0,-0.01888923905789852,0.020781800150871277,0.0,0.3251875638961792,0.0,-0.28362396359443665,0.0,0.523809552192688,0.6595237255096436,0.968847930431366,0.9288581609725952,1.0,0.380952388048172,0.7721459865570068,0.30000001192092896,0.20000000298023224,0.20000000298023224,0.15000000596046448,0.15000000596046448,1.0,1.0,1.0,1.0
complex_qaware_v018_r4,closed_loop,complex,full,1,0.18,True,0.695368762,1785050724.112921,-0.00275310839848758,-0.0033439875702472267,0.0010860414073299305,0.04837223082116749,0.01279749072081825,0.020337589541045302,0.0,0.0,21.0,-0.0024889124603795394,0.018060072350747008,0.9973394565710701,-0.0003696459675778244,1.9971677748821566,-0.018799364037581656,0.598926842212677,0.1682523638010025,0.11825236678123474,0.7831845283508301,nan,0,,,1.0,114.0,132.0,-0.017238277941942215,0.01946777105331421,0.0,0.3241739571094513,0.0,-0.2852384150028229,0.0,0.5476190447807312,0.6857142448425293,0.9651612043380737,0.9248242974281311,1.0,0.4285714328289032,0.7831845283508301,0.30000001192092896,0.20000000298023224,0.20000000298023224,0.15000000596046448,0.15000000596046448,1.0,1.0,1.0,1.0
complex_qaware_v018_r4,closed_loop,complex,full,1,0.18,True,0.745707344,1785050724.1632597,-0.0003504526092476092,-0.003581577626093055,0.0019117960002970052,0.06622425248257649,0.006819469088286442,0.02275721862928417,0.0,0.0,21.0,-0.0024889124603795394,0.018060072350747008,0.9973394565710701,-0.0003696459675778244,1.9971677748821566,-0.018799364037581656,0.598926842212677,0.1682523638010025,0.11825236678123474,0.7831845283508301,nan,0,,,1.0,114.0,132.0,-0.017238277941942215,0.01946777105331421,0.0,0.3241739571094513,0.0,-0.2852384150028229,0.0,0.5476190447807312,0.6857142448425293,0.9651612043380737,0.9248242974281311,1.0,0.4285714328289032,0.7831845283508301,0.30000001192092896,0.20000000298023224,0.20000000298023224,0.15000000596046448,0.15000000596046448,1.0,1.0,1.0,1.0
complex_qaware_v018_r4,closed_loop,complex,full,1,0.18,True,0.797467401,1785050724.2150197,0.004968294513197117,-0.003562921487172611,0.0023725295430532256,0.07742983349632446,0.005804372276277162,0.028080739705868805,0.0,0.0,21.0,-0.0004173722890575748,0.01541430100529808,0.9994490071470343,-0.0008696564948598236,1.9993153711636247,-0.017153613841229945,0.5996314287185669,0.16785742342472076,0.117857426404953,0.7773046493530273,nan,0,,,1.0,107.0,135.0,-0.016871435567736626,0.017354220151901245,0.0,0.32213911414146423,0.0,-0.28743067383766174,0.0,0.523809552192688,0.6857142448425293,0.9685508012771606,0.92872554063797,1.0,0.4285714328289032,0.7773046493530273,0.30000001192092896,0.20000000298023224,0.20000000298023224,0.15000000596046448,0.15000000596046448,1.0,1.0,1.0,1.0
complex_qaware_v018_r4,closed_loop,complex,full,1,0.18,True,0.845231518,1785050724.2627838,0.007907175879880456,-0.0033605355082330047,0.002772640926343329,0.08611659385555395,0.012919030187115661,0.036794738915630794,0.1297761615997601,0.06759116855856552,21.0,-0.0004173722890575748,0.01541430100529808,0.9994490071470343,-0.0008696564948598236,1.9993153711636247,-0.017153613841229945,0.5996314287185669,0.16785742342472076,0.117857426404953,0.7773046493530273,0.7773046493530273,0,ROW_FOLLOW,,1.0,107.0,135.0,-0.016871435567736626,0.017354220151901245,0.0,0.32213911414146423,0.0,-0.28743067383766174,0.0,0.523809552192688,0.6857142448425293,0.9685508012771606,0.92872554063797,1.0,0.4285714328289032,0.7773046493530273,0.30000001192092896,0.20000000298023224,0.20000000298023224,0.15000000596046448,0.15000000596046448,1.0,1.0,1.0,1.0
complex_qaware_v018_r4,closed_loop,complex,full,1,0.18,True,0.896123841,1785050724.313676,0.013755866217625309,-0.003340118346134406,0.003106750459035188,0.09539491087321432,0.0019483172131251113,0.04264736357070466,0.12968938638985764,0.06816966995791529,21.0,-0.0004173722890575748,0.01541430100529808,0.9994490071470343,-0.0008696564948598236,1.9993153711636247,-0.017153613841229945,0.5996314287185669,0.16785742342472076,0.117857426404953,0.7773046493530273,0.7773046493530273,0,ROW_FOLLOW,,1.0,107.0,135.0,-0.016871435567736626,0.017354220151901245,0.0,0.32213911414146423,0.0,-0.28743067383766174,0.0,0.523809552192688,0.6857142448425293,0.9685508012771606,0.92872554063797,1.0,0.4285714328289032,0.7773046493530273,0.30000001192092896,0.20000000298023224,0.20000000298023224,0.15000000596046448,0.15000000596046448,1.0,1.0,1.0,1.0
complex_qaware_v018_r4,closed_loop,complex,full,1,0.18,True,0.945335227,1785050724.3628874,0.018442761991213214,-0.003400723482068296,0.0038663120014867935,0.10175092298900845,0.016739110267667088,0.047343517087409685,0.1327260016099572,0.060832930474837635,20.0,0.0062518728447564,0.013745960851709855,1.0061442822366535,-0.0008832402261372431,1.9393778931003542,-0.014490777545523503,0.6012309193611145,0.17084263265132904,0.12084263563156128,0.7880607843399048,0.7880607843399048,0,ROW_FOLLOW,,1.0,106.0,132.0,-0.01656743884086609,0.015074998140335083,0.0,0.32002419233322144,0.0,-0.28987419605255127,0.0,0.523809552192688,0.7380951642990112,0.9680449366569519,0.9312657117843628,1.0,0.523809552192688,0.7880607843399048,0.30000001192092896,0.20000000298023224,0.20000000298023224,0.15000000596046448,0.15000000596046448,1.0,1.0,1.0,1.0
complex_qaware_v018_r4,closed_loop,complex,full,1,0.18,True,0.995225989,1785050724.4127781,0.026788680967783265,-0.003471651368426809,0.0043037550312634565,0.1092630450353584,0.01085113131890334,0.055698766665397005,0.1299176241723889,0.0621140786222656,19.0,0.01463240138875505,0.012384905881993397,0.9145282417711714,-0.0012143064161619296,1.914410917639789,-0.016427751188347772,0.603393018245697,0.17434059083461761,0.12434059381484985,0.7735263109207153,0.7735263109207153,0,ROW_FOLLOW,,1.0,92.0,138.0,-0.021899303421378136,0.015000134706497192,0.0,0.3199602961540222,0.0,-0.28996002674102783,0.0,0.523809552192688,0.6595237851142883,0.9711903929710388,0.9349374175071716,1.0,0.380952388048172,0.7735263109207153,0.30000001192092896,0.20000000298023224,0.20000000298023224,0.15000000596046448,0.15000000596046448,1.0,1.0,1.0,1.0
complex_qaware_v018_r4,closed_loop,complex,full,1,0.18,True,1.045362197,1785050724.4629145,0.028774960248757205,-0.003508120385249319,0.005545583787645916,0.11534037025526786,0.016662867913386895,0.05769171920483015,0.13153022609928225,0.05136339910964323,19.0,0.01463240138875505,0.012384905881993397,0.9145282417711714,-0.0012143064161619296,1.914410917639789,-0.016427751188347772,0.603393018245697,0.17434059083461761,0.12434059381484985,0.7735263109207153,0.7735263109207153,0,ROW_FOLLOW,,1.0,92.0,138.0,-0.021899303421378136,0.015000134706497192,0.0,0.3199602961540222,0.0,-0.28996002674102783,0.0,0.523809552192688,0.6595237851142883,0.9711903929710388,0.9349374175071716,1.0,0.380952388048172,0.7735263109207153,0.30000001192092896,0.20000000298023224,0.20000000298023224,0.15000000596046448,0.15000000596046448,1.0,1.0,1.0,1.0
complex_qaware_v018_r4,closed_loop,complex,full,1,0.18,True,1.095556455,1785050724.5131087,0.03519459187447609,-0.003456268093530045,0.006202906444570555,0.1204280565562479,0.01551322082749772,0.06411993137899955,0.13154898838175763,0.051238317226474074,21.0,0.0247356771540715,0.012033168739899534,1.029582828857713,-0.005230646288687305,2.0351016064199547,-0.02865617044391565,0.6012735366821289,0.17070110142230988,0.12070110440254211,0.7677485942840576,0.7735263109207153,0,ROW_FOLLOW,,1.0,92.0,125.0,-0.02689959853887558,0.016194000840187073,0.0,0.3210878074169159,0.0,-0.28869980573654175,0.0,0.523809552192688,0.6333333253860474,0.9721276164054871,0.9300901293754578,1.0,0.3333333432674408,0.7677485942840576,0.30000001192092896,0.20000000298023224,0.20000000298023224,0.15000000596046448,0.15000000596046448,1.0,1.0,1.0,1.0
complex_qaware_v018_r4,closed_loop,complex,full,1,0.18,True,1.145653687,1785050724.563206,0.041008204226878356,-0.00260167879492771,0.006924311825209804,0.11867923190851634,0.01857662287908174,0.07004400839275528,0.13222930593994198,0.03976960687458938,21.0,0.0247356771540715,0.012033168739899534,1.029582828857713,-0.005230646288687305,2.0351016064199547,-0.02865617044391565,0.6012735366821289,0.17070110142230988,0.12070110440254211,0.7677485942840576,0.7677485942840576,0,ROW_FOLLOW,,1.0,92.0,125.0,-0.02689959853887558,0.016194000840187073,0.0,0.3210878074169159,0.0,-0.28869980573654175,0.0,0.523809552192688,0.6333333253860474,0.9721276164054871,0.9300901293754578,1.0,0.3333333432674408,0.7677485942840576,0.30000001192092896,0.20000000298023224,0.20000000298023224,0.15000000596046448,0.15000000596046448,1.0,1.0,1.0,1.0
complex_qaware_v018_r4,closed_loop,complex,full,1,0.18,True,1.198392553,1785050724.6159446,0.04752128968061289,-0.002538457923103146,0.007962942672620876,0.12346067971095546,0.04098496402380159,0.07657091109076784,0.13236401537266437,0.038871543989773494,21.0,0.036057984214869755,0.013080521718594917,1.0408460061484173,-0.007444243957531067,2.0412471287773677,-0.02990949479645398,0.6012735366821289,0.17070110142230988,0.12070110440254211,0.7677485942840576,0.7677485942840576,0,ROW_FOLLOW,,1.0,92.0,125.0,-0.02689959853887558,0.016194000840187073,0.0,0.3210878074169159,0.0,-0.28869980573654175,0.0,0.523809552192688,0.6333333253860474,0.9721276164054871,0.9300901293754578,1.0,0.3333333432674408,0.7677485942840576,0.30000001192092896,0.20000000298023224,0.20000000298023224,0.15000000596046448,0.15000000596046448,1.0,1.0,1.0,1.0
complex_qaware_v018_r4,closed_loop,complex,full,1,0.18,True,1.245337225,1785050724.6628895,0.05677852014831282,-0.0038145378423148192,0.00920211594177145,0.12953313746992112,0.013153519172597912,0.0859347445370117,0.13226061065665945,0.04389364191743632,21.0,0.036057984214869755,0.013080521718594917,1.0408460061484173,-0.007444243957531067,2.0412471287773677,-0.02990949479645398,0.6026852130889893,0.17534340918064117,0.1253434121608734,0.7713592052459717,0.7713592052459717,0,ROW_FOLLOW,,1.0,94.0,127.0,-0.03098549321293831,0.017421290278434753,0.0,0.3222038745880127,0.0,-0.2873612940311432,0.0,0.5476190447807312,0.6071428060531616,0.975061297416687,0.9375513792037964,1.0,0.2857142984867096,0.7713592052459717,0.30000001192092896,0.20000000298023224,0.20000000298023224,0.15000000596046448,0.15000000596046448,1.0,1.0,1.0,1.0
complex_qaware_v018_r4,closed_loop,complex,full,1,0.18,True,1.299255033,1785050724.7168071,0.06277129279208846,-0.0037513502066740035,0.00934183315282189,0.13147871238963732,0.01466057532342653,0.09193025659433722,0.132182375922409,0.04441520681243937,21.0,0.036057984214869755,0.013080521718594917,1.0408460061484173,-0.007444243957531067,2.0412471287773677,-0.02990949479645398,0.6026852130889893,0.17534340918064117,0.1253434121608734,0.7713592052459717,0.7713592052459717,0,ROW_FOLLOW,,1.0,94.0,127.0,-0.03098549321293831,0.017421290278434753,0.0,0.3222038745880127,0.0,-0.2873612940311432,0.0,0.5476190447807312,0.6071428060531616,0.975061297416687,0.9375513792037964,1.0,0.2857142984867096,0.7713592052459717,0.30000001192092896,0.20000000298023224,0.20000000298023224,0.15000000596046448,0.15000000596046448,1.0,1.0,1.0,1.0
complex_qaware_v018_r4,closed_loop,complex,full,1,0.18,True,1.347458905,1785050724.7650113,0.07259530428057648,-0.0027276381334637996,0.010638370281264905,0.13727974723765748,0.020670974459156045,0.10190624349010415,0.1320385618942722,0.037730744191180096,19.0,0.0488114461714079,0.012965144434499148,0.9486381704146815,-0.004363643713113832,1.9151251240199165,-0.022628893055888114,0.6040339469909668,0.1751369684934616,0.12513697147369385,0.7649898529052734,0.7649898529052734,0,ROW_FOLLOW,,1.0,97.0,107.0,-0.024108778685331345,0.015026405453681946,0.0,0.3195875287055969,0.0,-0.28953471779823303,0.0,0.523809552192688,0.6071428060531616,0.9712506532669067,0.9477885365486145,1.0,0.2857142984867096,0.7649898529052734,0.30000001192092896,0.20000000298023224,0.20000000298023224,0.15000000596046448,0.15000000596046448,1.0,1.0,1.0,1.0
complex_qaware_v018_r4,closed_loop,complex,full,1,0.18,True,1.396359178,1785050724.8139114,0.07910916176131035,-0.0015715593372697956,0.011271949038527577,0.13793149373151095,0.016770673491822707,0.10948103281741069,0.129581312469947,0.028113719275874097,21.0,0.06336113176828864,0.011512139897050785,1.0632277791727576,-0.003702042804844255,2.063249070400695,-0.01996892079528343,0.6071104407310486,0.1751324087381363,0.12513241171836853,0.7433242797851562,0.7433242797851562,0,ROW_FOLLOW,,1.0,95.0,102.0,-0.019847190007567406,0.011023998260498047,0.0,0.31505781412124634,0.0,-0.29300981760025024,0.0,0.4206349551677704,0.6333333253860474,0.97870934009552,0.9648348689079285,1.0,0.3333333432674408,0.7433242797851562,0.30000001192092896,0.20000000298023224,0.20000000298023224,0.15000000596046448,0.15000000596046448,1.0,1.0,1.0,1.0
complex_qaware_v018_r4,closed_loop,complex,full,1,0.18,True,1.44544816,1785050724.8630004,0.08600896727060676,-0.0014909393432323446,0.01168385444173703,0.14138179026488082,0.011892447514873422,0.1163849449335539,0.12959187779824166,0.028043283753909888,21.0,0.06336113176828864,0.011512139897050785,1.0632277791727576,-0.003702042804844255,2.063249070400695,-0.01996892079528343,0.6071104407310486,0.1751324087381363,0.12513241171836853,0.7433242797851562,0.7433242797851562,0,ROW_FOLLOW,,1.0,95.0,102.0,-0.019847190007567406,0.011023998260498047,0.0,0.31505781412124634,0.0,-0.29300981760025024,0.0,0.4206349551677704,0.6333333253860474,0.97870934009552,0.9648348689079285,1.0,0.3333333432674408,0.7433242797851562,0.30000001192092896,0.20000000298023224,0.20000000298023224,0.15000000596046448,0.15000000596046448,1.0,1.0,1.0,1.0
complex_qaware_v018_r4,closed_loop,complex,full,1,0.18,True,1.497796009,1785050724.9153483,0.09218174271298192,-0.0014095296316681875,0.012246997527469728,0.1411893391919685,0.009839330283847196,0.1225656159612277,0.12964801942300272,0.027669006255502792,21.0,0.07811247650168625,0.00775862519182478,1.0780672695735347,0.000574128264442556,2.085640467476776,-0.0015101376736800032,0.6061622500419617,0.1738552302122116,0.12385523319244385,0.7450145483016968,0.7433242797851562,0,ROW_FOLLOW,,1.0,96.0,91.0,-0.011178459972143173,0.005027204751968384,0.0,0.30845150351524353,0.0,-0.29839709401130676,0.0,0.4285714328289032,0.6595237851142883,0.9747195243835449,0.9306293725967407,1.0,0.380952388048172,0.7450145483016968,0.30000001192092896,0.20000000298023224,0.20000000298023224,0.15000000596046448,0.15000000596046448,1.0,1.0,1.0,1.0
complex_qaware_v018_r4,closed_loop,complex,full,1,0.18,True,1.545370392,1785050724.9629228,0.09870480915071445,-0.0013199569245034028,0.012543909616694385,0.14098930993399553,0.018254768769899652,0.12909623227459674,0.13134741970685115,0.018367993249695146,21.0,0.07811247650168625,0.00775862519182478,1.0780672695735347,0.000574128264442556,2.085640467476776,-0.0015101376736800032,0.6061622500419617,0.1738552302122116,0.12385523319244385,0.7450145483016968,0.7450145483016968,0,ROW_FOLLOW,,1.0,96.0,91.0,-0.011178459972143173,0.005027204751968384,0.0,0.30845150351524353,0.0,-0.29839709401130676,0.0,0.4285714328289032,0.6595237851142883,0.9747195243835449,0.9306293725967407,1.0,0.380952388048172,0.7450145483016968,0.30000001192092896,0.20000000298023224,0.20000000298023224,0.15000000596046448,0.15000000596046448,1.0,1.0,1.0,1.0
complex_qaware_v018_r4,closed_loop,complex,full,1,0.18,True,1.597795715,1785050725.015348,0.09871916296222437,-0.0013093859417643923,0.012936728714361138,0.14293722497190375,0.02330103568372905,0.12912187991761587,0.13144352719236185,0.01772727667962393,20.0,0.09002501960951753,0.00370598796759335,1.0900122193030706,0.0006375792531329375,2.0233339841425364,-0.002180611605628218,0.6048533320426941,0.17211614549160004,0.12211614847183228,0.7530980110168457,0.7450145483016968,0,ROW_FOLLOW,,1.0,94.0,97.0,-0.0146353580057621,0.00043442845344543457,0.0,0.3036297559738159,0.0,-0.30276089906692505,0.0,0.4285714328289032,0.6857142448425293,0.9750246405601501,0.9491918683052063,1.0,0.4285714328289032,0.7530980110168457,0.30000001192092896,0.20000000298023224,0.20000000298023224,0.15000000596046448,0.15000000596046448,1.0,1.0,1.0,1.0
complex_qaware_v018_r4,closed_loop,complex,full,1,0.18,True,1.645347571,1785050725.0628998,0.11046472166566161,-0.0011433324045170396,0.013308159952428069,0.13501606806967967,0.00641428508328304,0.14087725477199448,0.13537524203580345,0.0012159996481918081,20.0,0.09002501960951753,0.00370598796759335,1.0900122193030706,0.0006375792531329375,2.0233339841425364,-0.002180611605628218,0.6048533320426941,0.17211614549160004,0.12211614847183228,0.7530980110168457,0.7530980110168457,0,ROW_FOLLOW,,1.0,94.0,97.0,-0.0146353580057621,0.00043442845344543457,0.0,0.3036297559738159,0.0,-0.30276089906692505,0.0,0.4285714328289032,0.6857142448425293,0.9750246405601501,0.9491918683052063,1.0,0.4285714328289032,0.7530980110168457,0.30000001192092896,0.20000000298023224,0.20000000298023224,0.15000000596046448,0.15000000596046448,1.0,1.0,1.0,1.0
complex_qaware_v018_r4,closed_loop,complex,full,1,0.18,True,1.698777591,1785050725.1163297,0.11679769267550309,-0.001052376295410069,0.013742392566084671,0.1361922192188655,-0.004461830034340696,0.14721811445094787,0.13547442653316724,0.000554769665766575,21.0,0.1025662126677357,-0.0007072148087441353,1.1025654291561315,-0.0005085799007145458,2.1044882956622324,0.0016711893038384256,0.6040551066398621,0.1746809333562851,0.12468093633651733,0.7539196014404297,0.7530980110168457,0,ROW_FOLLOW,,1.0,111.0,100.0,-0.012516397051513195,-0.0038119852542877197,0.0,0.29926037788391113,0.0,-0.3068843483924866,0.0,0.4285714328289032,0.6857142448425293,0.9786520600318909,0.9498326182365417,1.0,0.4285714328289032,0.7539196014404297,0.30000001192092896,0.20000000298023224,0.20000000298023224,0.15000000596046448,0.15000000596046448,1.0,1.0,1.0,1.0
complex_qaware_v018_r4,closed_loop,complex,full,1,0.18,True,1.74532779,1785050725.16288,0.12253170902327427,-0.0007113117348003456,0.014209155500257697,0.13470260476297588,0.025711386340584768,0.15300904397243967,0.13258763549127092,-0.02078595178670948,21.0,0.1025662126677357,-0.0007072148087441353,1.1025654291561315,-0.0005085799007145458,2.1044882956622324,0.0016711893038384256,0.6040551066398621,0.1746809333562851,0.12468093633651733,0.7539196014404297,0.7539196014404297,0,ROW_FOLLOW,,1.0,111.0,100.0,-0.012516397051513195,-0.0038119852542877197,0.0,0.29926037788391113,0.0,-0.3068843483924866,0.0,0.4285714328289032,0.6857142448425293,0.9786520600318909,0.9498326182365417,1.0,0.4285714328289032,0.7539196014404297,0.30000001192092896,0.20000000298023224,0.20000000298023224,0.15000000596046448,0.15000000596046448,1.0,1.0,1.0,1.0
complex_qaware_v018_r4,closed_loop,complex,full,1,0.18,True,1.797812795,1785050725.2153652,0.12909097164237313,-0.0006106914614329609,0.014845021486093572,0.13568947302025575,0.01505970655235456,0.15957748039649958,0.12955562412853394,-0.04162764151127117,19.0,0.11487961641273163,-0.0046132053134795995,1.014877298886468,-0.0037291577059362646,2.0148746258331056,-0.0026737674819443426,0.6026325225830078,0.17301581799983978,0.12301582098007202,0.7544431686401367,0.7544431686401367,0,ROW_FOLLOW,,1.0,99.0,96.0,-0.011425556614995003,-0.007489651441574097,0.0,0.29520532488822937,0.0,-0.31018462777137756,0.0,0.4285714328289032,0.6857142448425293,0.9795784950256348,0.9520875215530396,1.0,0.4285714328289032,0.7544431686401367,0.30000001192092896,0.20000000298023224,0.20000000298023224,0.15000000596046448,0.15000000596046448,1.0,1.0,1.0,1.0
complex_qaware_v018_r4,closed_loop,complex,full,1,0.18,True,1.845458605,1785050725.2630107,0.13670788957478336,0.0004301982057950271,0.015329964087024804,0.1295137184985072,0.026906053478597976,0.16754158918219123,0.12856339986478219,-0.048242469936282915,19.0,0.11487961641273163,-0.0046132053134795995,1.014877298886468,-0.0037291577059362646,2.0148746258331056,-0.0026737674819443426,0.6026325225830078,0.17301581799983978,0.12301582098007202,0.7544431686401367,0.7544431686401367,0,ROW_FOLLOW,,1.0,99.0,96.0,-0.011425556614995003,-0.007489651441574097,0.0,0.29520532488822937,0.0,-0.31018462777137756,0.0,0.4285714328289032,0.6857142448425293,0.9795784950256348,0.9520875215530396,1.0,0.4285714328289032,0.7544431686401367,0.30000001192092896,0.20000000298023224,0.20000000298023224,0.15000000596046448,0.15000000596046448,1.0,1.0,1.0,1.0
complex_qaware_v018_r4,closed_loop,complex,full,1,0.18,True,1.902117475,1785050725.3196697,0.1432075675568839,0.0005323722596476422,0.01565025853419088,0.13083299074315263,0.0200531390454673,0.17404623342260964,0.1283502040115607,-0.04966377562442624,19.0,0.11487961641273163,-0.0046132053134795995,1.014877298886468,-0.0037291577059362646,2.0148746258331056,-0.0026737674819443426,0.6026325225830078,0.17301581799983978,0.12301582098007202,0.7544431686401367,0.7544431686401367,0,ROW_FOLLOW,,1.0,99.0,96.0,-0.011425556614995003,-0.007489651441574097,0.0,0.29520532488822937,0.0,-0.31018462777137756,0.0,0.4285714328289032,0.6857142448425293,0.9795784950256348,0.9520875215530396,1.0,0.4285714328289032,0.7544431686401367,0.30000001192092896,0.20000000298023224,0.20000000298023224,0.15000000596046448,0.15000000596046448,1.0,1.0,1.0,1.0
complex_qaware_v018_r4,closed_loop,complex,full,1,0.18,True,1.946859852,1785050725.364412,0.15140190242314888,-0.000303039853049014,0.01681732968202132,0.13379076262487324,0.0054457125068949,0.18243761240938505,0.12578914980488845,-0.06060572595080883,20.0,0.1297281054311099,-0.007948297818594949,1.134721690895633,-0.004686309333541835,2.0800206610210585,-0.0016430557098378678,0.6037877798080444,0.17189230024814606,0.1218923032283783,0.749333381652832,0.749333381652832,0,ROW_FOLLOW,,1.0,106.0,110.0,-0.010585692711174488,-0.011412754654884338,0.0,0.2911251187324524,0.0,-0.31395062804222107,0.0,0.4285714328289032,0.6595237851142883,0.9781851768493652,0.9548008441925049,1.0,0.380952388048172,0.749333381652832,0.30000001192092896,0.20000000298023224,0.20000000298023224,0.15000000596046448,0.15000000596046448,1.0,1.0,1.0,1.0
complex_qaware_v018_r4,closed_loop,complex,full,1,0.18,True,2.000459605,1785050725.418012,0.15750637177140198,-0.00019110604548061883,0.01684032906746946,0.13460972730563014,0.014036606931489781,0.1885432762774714,0.12558569009838047,-0.06196212399419533,20.0,0.1297281054311099,-0.007948297818594949,1.134721690895633,-0.004686309333541835,2.0800206610210585,-0.0016430557098378678,0.6037877798080444,0.17189230024814606,0.1218923032283783,0.749333381652832,0.749333381652832,0,ROW_FOLLOW,,1.0,106.0,110.0,-0.010585692711174488,-0.011412754654884338,0.0,0.2911251187324524,0.0,-0.31395062804222107,0.0,0.4285714328289032,0.6595237851142883,0.9781851768493652,0.9548008441925049,1.0,0.380952388048172,0.749333381652832,0.30000001192092896,0.20000000298023224,0.20000000298023224,0.15000000596046448,0.15000000596046448,1.0,1.0,1.0,1.0
complex_qaware_v018_r4,closed_loop,complex,full,1,0.18,True,2.045360162,1785050725.4629126,0.16211455178533643,-0.000854526159067472,0.01819632888174061,0.1299729481723505,0.025867894239055805,0.19661467442277566,0.1226832514109828,-0.07538768112486066,21.0,0.14332772704716543,-0.011413151210873043,1.1483149489449984,-0.006460376392911821,2.157561838804415,-0.002662211749280306,0.6046357750892639,0.17365945875644684,0.12365946173667908,0.7443966865539551,0.7443966865539551,0,ROW_FOLLOW,,1.0,92.0,103.0,-0.010837124660611153,-0.015072077512741089,0.0,0.28723591566085815,0.0,-0.31738007068634033,0.0,0.4206348955631256,0.6333332657814026,0.9818987846374512,0.967731773853302,1.0,0.3333333432674408,0.7443966865539551,0.30000001192092896,0.20000000298023224,0.20000000298023224,0.15000000596046448,0.15000000596046448,1.0,1.0,1.0,1.0
complex_qaware_v018_r4,closed_loop,complex,full,1,0.18,True,2.106415303,1785050725.5239675,0.1678757154792721,-0.0007467110195868519,0.018184103581356133,0.12989640228303492,0.014596912877102027,0.202376993716952,0.12249327273559592,-0.07665420562743995,20.0,0.1562911610529613,-0.015014499663060293,1.166271506009126,-0.008757525081412606,2.1229196116883617,-0.0028333785908862146,0.6027262806892395,0.17116399109363556,0.1211639940738678,0.7458655834197998,0.7443966865539551,0,ROW_FOLLOW,,1.0,109.0,99.0,-0.01096034049987793,-0.01815810799598694,0.0,0.2838060259819031,0.0,-0.32012224197387695,0.0,0.4126983880996704,0.6595237851142883,0.9820483922958374,0.9582772850990295,1.0,0.380952388048172,0.7458655834197998,0.30000001192092896,0.20000000298023224,0.20000000298023224,0.15000000596046448,0.15000000596046448,1.0,1.0,1.0,1.0
complex_qaware_v018_r4,closed_loop,complex,full,1,0.18,True,2.14551997,1785050725.5630722,0.1745883271558476,-0.00019644449435963468,0.019551038184642433,0.128142149550988,0.02861277498219599,0.2091215256826057,0.1195655493755445,-0.09793503760012974,20.0,0.1562911610529613,-0.015014499663060293,1.166271506009126,-0.008757525081412606,2.1229196116883617,-0.0028333785908862146,0.6027262806892395,0.17116399109363556,0.1211639940738678,0.7458655834197998,0.7458655834197998,0,ROW_FOLLOW,,1.0,109.0,99.0,-0.01096034049987793,-0.01815810799598694,0.0,0.2838060259819031,0.0,-0.32012224197387695,0.0,0.4126983880996704,0.6595237851142883,0.9820483922958374,0.9582772850990295,1.0,0.380952388048172,0.7458655834197998,0.30000001192092896,0.20000000298023224,0.20000000298023224,0.15000000596046448,0.15000000596046448,1.0,1.0,1.0,1.0
complex_qaware_v018_r4,closed_loop,complex,full,1,0.18,True,2.201060668,1785050725.618613,0.1804868375795096,-8.083330382830224e-05,0.019572946934956367,0.12859151839237629,-0.0004882844652627261,0.2150244871904457,0.11930804767315838,-0.09965171561603725,20.0,0.1562911610529613,-0.015014499663060293,1.166271506009126,-0.008757525081412606,2.1229196116883617,-0.0028333785908862146,0.6027262806892395,0.17116399109363556,0.1211639940738678,0.7458655834197998,0.7458655834197998,0,ROW_FOLLOW,,1.0,109.0,99.0,-0.01096034049987793,-0.01815810799598694,0.0,0.2838060259819031,0.0,-0.32012224197387695,0.0,0.4126983880996704,0.6595237851142883,0.9820483922958374,0.9582772850990295,1.0,0.380952388048172,0.7458655834197998,0.30000001192092896,0.20000000298023224,0.20000000298023224,0.15000000596046448,0.15000000596046448,1.0,1.0,1.0,1.0
complex_qaware_v018_r4,closed_loop,complex,full,1,0.18,True,2.246853343,1785050725.6644056,0.18776172073981467,0.0006641253987646203,0.01991186826309077,0.12476547480137835,0.006481040067169589,0.22260236819493898,0.1173523717284053,-0.11958519275993142,21.0,0.16875244814200493,-0.018376268400097682,1.1737270546534146,-0.011241337036934801,2.1690753886213248,-0.004039494898075726,0.6056365966796875,0.17259736359119415,0.12259736657142639,0.7516119480133057,0.7516119480133057,0,ROW_FOLLOW,,1.0,86.0,103.0,-0.011655157431960106,-0.02088354527950287,0.0,0.2816798985004425,0.0,-0.32344698905944824,0.0,0.4523809850215912,0.6333333253860474,0.9775823950767517,0.958096981048584,1.0,0.3333333432674408,0.7516119480133057,0.30000001192092896,0.20000000298023224,0.20000000298023224,0.15000000596046448,0.15000000596046448,1.0,1.0,1.0,1.0
complex_qaware_v018_r4,closed_loop,complex,full,1,0.18,True,2.297842886,1785050725.715395,0.1931573464109238,0.0007770550721136571,0.02034825986834666,0.12556287814132575,0.003420467581494306,0.2280046512312134,0.11696852854747673,-0.12214414729945525,21.0,0.18062905233711343,-0.02017562098037438,1.190608256207122,-0.013976848440676037,2.147255484743084,-0.008143842611580335,0.6056365966796875,0.17259736359119415,0.12259736657142639,0.7516119480133057,0.7516119480133057,0,ROW_FOLLOW,,1.0,86.0,103.0,-0.011655157431960106,-0.02088354527950287,0.0,0.2816798985004425,0.0,-0.32344698905944824,0.0,0.4523809850215912,0.6333333253860474,0.9775823950767517,0.958096981048584,1.0,0.3333333432674408,0.7516119480133057,0.30000001192092896,0.20000000298023224,0.20000000298023224,0.15000000596046448,0.15000000596046448,1.0,1.0,1.0,1.0
complex_qaware_v018_r4,closed_loop,complex,full,1,0.18,True,2.346906268,1785050725.7644584,0.19884289994951138,0.0008751618646339084,0.020972804754111788,0.12439647650088509,0.005832617621398805,0.2351435781331893,0.11453671798351596,-0.13314686713992285,20.0,0.18062905233711343,-0.02017562098037438,1.190608256207122,-0.013976848440676037,2.147255484743084,-0.008143842611580335,0.6027787923812866,0.17129434645175934,0.12129434943199158,0.7472708225250244,0.7472708225250244,0,ROW_FOLLOW,,1.0,96.0,90.0,-0.016909949481487274,-0.021434158086776733,0.0,0.2805476784706116,0.0,-0.32341599464416504,0.0,0.4206349551677704,0.6595237255096436,0.9781672358512878,0.9569474458694458,1.0,0.380952388048172,0.7472708225250244,0.30000001192092896,0.20000000298023224,0.20000000298023224,0.15000000596046448,0.15000000596046448,1.0,1.0,1.0,1.0
complex_qaware_v018_r4,closed_loop,complex,full,1,0.18,True,2.401771525,1785050725.819324,0.20466073034134358,0.0010028875748013155,0.021241419308366993,0.12445502066031706,0.018121635031247894,0.240966093692477,0.11423225270224502,-0.137207532822232,21.0,0.1928841730550311,-0.020859009917687032,1.1978679142187876,-0.015411363369833841,2.192667832355392,-0.008106966235963204,0.6036028861999512,0.17199550569057465,0.12199550867080688,0.7489632368087769,0.7489632368087769,0,ROW_FOLLOW,,1.0,89.0,101.0,-0.016162719577550888,-0.021957680583000183,0.0,0.2798170745372772,0.0,-0.3237324357032776,0.0,0.4285714328289032,0.6595237255096436,0.9772217273712158,0.9536184668540955,1.0,0.380952388048172,0.7489632368087769,0.30000001192092896,0.20000000298023224,0.20000000298023224,0.15000000596046448,0.15000000596046448,1.0,1.0,1.0,1.0
complex_qaware_v018_r4,closed_loop,complex,full,1,0.18,True,2.445354417,1785050725.8629067,0.21025484110608508,-0.0011549506895286823,0.021502072437728614,0.12054101279083439,-0.009246510817573642,0.249416718098146,0.11565059653173486,-0.12775190729229977,21.0,0.1928841730550311,-0.020859009917687032,1.1978679142187876,-0.015411363369833841,2.192667832355392,-0.008106966235963204,0.6036028861999512,0.17199550569057465,0.12199550867080688,0.7489632368087769,0.7489632368087769,0,ROW_FOLLOW,,1.0,89.0,101.0,-0.016162719577550888,-0.021957680583000183,0.0,0.2798170745372772,0.0,-0.3237324357032776,0.0,0.4285714328289032,0.6595237255096436,0.9772217273712158,0.9536184668540955,1.0,0.380952388048172,0.7489632368087769,0.30000001192092896,0.20000000298023224,0.20000000298023224,0.15000000596046448,0.15000000596046448,1.0,1.0,1.0,1.0
complex_qaware_v018_r4,closed_loop,complex,full,1,0.18,True,2.499609994,1785050725.9171622,0.21592970933317132,-0.0010296506628012189,0.021597590780694016,0.12184629908003075,0.005512106833802764,0.25509590378590996,0.11531204299228628,-0.13000893088862353,21.0,0.20469246485397483,-0.021842682381905742,1.2096796475847453,-0.016883512343367293,2.2103906280289074,-0.011047903818971926,0.6045788526535034,0.17427410185337067,0.1242741048336029,0.7544974088668823,0.7489632368087769,0,ROW_FOLLOW,,1.0,98.0,97.0,-0.015288596972823143,-0.02288736402988434,0.0,0.27910953760147095,0.0,-0.3248842656612396,0.0,0.4285714328289032,0.6857142448425293,0.9773914813995361,0.9553654193878174,1.0,0.4285714328289032,0.7544974088668823,0.30000001192092896,0.20000000298023224,0.20000000298023224,0.15000000596046448,0.15000000596046448,1.0,1.0,1.0,1.0
complex_qaware_v018_r4,closed_loop,complex,full,1,0.18,True,2.545357709,1785050725.96291,0.2203235747957142,-0.0029795662639718625,0.021490114755258645,0.118280283322577,-0.009859682191659109,0.2605899967037692,0.11725911074704416,-0.12366948565996437,21.0,0.20469246485397483,-0.021842682381905742,1.2096796475847453,-0.016883512343367293,2.2103906280289074,-0.011047903818971926,0.6045788526535034,0.17427410185337067,0.1242741048336029,0.7544974088668823,0.7544974088668823,0,ROW_FOLLOW,,1.0,98.0,97.0,-0.015288596972823143,-0.02288736402988434,0.0,0.27910953760147095,0.0,-0.3248842656612396,0.0,0.4285714328289032,0.6857142448425293,0.9773914813995361,0.9553654193878174,1.0,0.4285714328289032,0.7544974088668823,0.30000001192092896,0.20000000298023224,0.20000000298023224,0.15000000596046448,0.15000000596046448,1.0,1.0,1.0,1.0
complex_qaware_v018_r4,closed_loop,complex,full,1,0.18,True,2.596677596,1785050726.0142298,0.22584450292004427,-0.002858845184904626,0.021657426026262975,0.11981246017804048,0.006792196365354092,0.26611620610548087,0.11692599495616966,-0.12589025759912767,21.0,0.21558025223843122,-0.023363548909820137,1.2155686174308207,-0.018823767182039847,2.215556972314868,-0.014283985678235842,0.6034983396530151,0.17427165806293488,0.12427166104316711,0.7543497085571289,0.7544974088668823,0,ROW_FOLLOW,,1.0,91.0,100.0,-0.019425712525844574,-0.02236078679561615,0.0,0.2791329026222229,0.0,-0.3238544762134552,0.0,0.4285714328289032,0.6857142448425293,0.9792439341545105,0.951911211013794,1.0,0.4285714328289032,0.7543497085571289,0.30000001192092896,0.20000000298023224,0.20000000298023224,0.15000000596046448,0.15000000596046448,1.0,1.0,1.0,1.0
complex_qaware_v018_r4,closed_loop,complex,full,1,0.18,True,2.645456172,1785050726.0630085,0.2340371436805554,-0.0026172661999630813,0.021641519380871888,0.11993239148304942,-0.003180803502785271,0.27431547746139023,0.11550508213385825,-0.13518576937616628,21.0,0.21558025223843122,-0.023363548909820137,1.2155686174308207,-0.018823767182039847,2.215556972314868,-0.014283985678235842,0.6034983396530151,0.17427165806293488,0.12427166104316711,0.7543497085571289,0.7543497085571289,0,ROW_FOLLOW,,1.0,91.0,100.0,-0.019425712525844574,-0.02236078679561615,0.0,0.2791329026222229,0.0,-0.3238544762134552,0.0,0.4285714328289032,0.6857142448425293,0.9792439341545105,0.951911211013794,1.0,0.4285714328289032,0.7543497085571289,0.30000001192092896,0.20000000298023224,0.20000000298023224,0.15000000596046448,0.15000000596046448,1.0,1.0,1.0,1.0
complex_qaware_v018_r4,closed_loop,complex,full,1,0.18,True,2.696926335,1785050726.1144786,0.2354258114619652,-0.0013950453229284285,0.021377250637050864,0.11952771954169801,0.01137397084080205,0.2863486621797859,0.11453331510142445,-0.14166421625905834,20.0,0.22582972023304837,-0.024417911399824365,1.2258194672726683,-0.020179776012703026,2.1591433258550694,-0.016226329305931732,0.6006159782409668,0.1710057109594345,0.12100571393966675,0.7569420337677002,0.7543497085571289,0,ROW_FOLLOW,,1.0,96.0,110.0,-0.017203498631715775,-0.022722750902175903,0.0,0.2782302498817444,0.0,-0.3236757516860962,0.0,0.4285714328289032,0.6857142448425293,0.9840770959854126,0.9627484083175659,1.0,0.4285714328289032,0.7569420337677002,0.30000001192092896,0.20000000298023224,0.20000000298023224,0.15000000596046448,0.15000000596046448,1.0,1.0,1.0,1.0
complex_qaware_v018_r4,closed_loop,complex,full,1,0.18,True,2.745307077,1785050726.1628592,0.24066097751874627,-0.0012832419180201459,0.021487659884091848,0.12110267289220741,-0.006694665133425973,0.29159152598248816,0.11420182444418182,-0.14698494422669472,20.0,0.22582972023304837,-0.024417911399824365,1.2258194672726683,-0.020179776012703026,2.1591433258550694,-0.016226329305931732,0.6006159782409668,0.1710057109594345,0.12100571393966675,0.7569420337677002,0.7569420337677002,0,ROW_FOLLOW,,1.0,96.0,110.0,-0.017203498631715775,-0.022722750902175903,0.0,0.2782302498817444,0.0,-0.3236757516860962,0.0,0.4285714328289032,0.6857142448425293,0.9840770959854126,0.9627484083175659,1.0,0.4285714328289032,0.7569420337677002,0.30000001192092896,0.20000000298023224,0.20000000298023224,0.15000000596046448,0.15000000596046448,1.0,1.0,1.0,1.0
complex_qaware_v018_r4,closed_loop,complex,full,1,0.18,True,2.805739995,1785050726.223292,0.2446787901310158,-0.0011975746184495972,0.021394841025977662,0.12172546438510559,0.0007992277157047947,0.29561221244229813,0.1139713464265252,-0.14852146434440547,20.0,0.22582972023304837,-0.024417911399824365,1.2258194672726683,-0.020179776012703026,2.1591433258550694,-0.016226329305931732,0.6006159782409668,0.1710057109594345,0.12100571393966675,0.7569420337677002,0.7569420337677002,0,ROW_FOLLOW,,1.0,96.0,110.0,-0.017203498631715775,-0.022722750902175903,0.0,0.2782302498817444,0.0,-0.3236757516860962,0.0,0.4285714328289032,0.6857142448425293,0.9840770959854126,0.9627484083175659,1.0,0.4285714328289032,0.7569420337677002,0.30000001192092896,0.20000000298023224,0.20000000298023224,0.15000000596046448,0.15000000596046448,1.0,1.0,1.0,1.0
complex_qaware_v018_r4,closed_loop,complex,full,1,0.18,True,2.845935506,1785050726.2634878,0.2542958533335728,0.00072861753682149,0.021633821652005118,0.12029977600403927,-0.017883179781372164,0.3054230653592771,0.10932495403643082,-0.16099303243189195,21.0,0.23540899330317078,-0.024711247848619763,1.235400068210118,-0.02069558707017901,2.235334964869299,-0.017134831241970655,0.6026515364646912,0.17033733427524567,0.1203373372554779,0.7415217161178589,0.7415217161178589,0,ROW_FOLLOW,,1.0,82.0,96.0,-0.01576455868780613,-0.023599550127983093,0.0,0.27715641260147095,0.0,-0.32435551285743713,0.0,0.4126983880996704,0.6333332657814026,0.9830965995788574,0.9628415107727051,1.0,0.3333333432674408,0.7415217161178589,0.30000001192092896,0.20000000298023224,0.20000000298023224,0.15000000596046448,0.15000000596046448,1.0,1.0,1.0,1.0
complex_qaware_v018_r4,closed_loop,complex,full,1,0.18,True,2.899137394,1785050726.3166897,0.2597498540019124,0.0008395831380289963,0.021054413093772872,0.12084553206825142,-0.0046077096412974,0.31088494969990094,0.10907789995557812,-0.16264005963757658,20.0,0.24674821771636424,-0.024068406192061752,1.2467325833136014,-0.018555772939077453,2.213384154386649,-0.013231191459427541,0.6015877723693848,0.17085017263889313,0.12085017561912537,0.7372466325759888,0.7415217161178589,0,ROW_FOLLOW,,1.0,96.0,101.0,-0.01433173380792141,-0.024131178855895996,0.0,0.27625638246536255,0.0,-0.32451874017715454,0.0,0.39682537317276,0.6333332657814026,0.9846718311309814,0.9639866352081299,1.0,0.3333333432674408,0.7372466325759888,0.30000001192092896,0.20000000298023224,0.20000000298023224,0.15000000596046448,0.15000000596046448,1.0,1.0,1.0,1.0
complex_qaware_v018_r4,closed_loop,complex,full,1,0.18,True,2.945424579,1785050726.3629768,0.2661228645453959,0.0022004301989064245,0.021175945318515844,0.11899988537701775,-0.001424890944976504,0.3182445680377251,0.1083289126378229,-0.16250320817236708,20.0,0.24674821771636424,-0.024068406192061752,1.2467325833136014,-0.018555772939077453,2.213384154386649,-0.013231191459427541,0.6015877723693848,0.17085017263889313,0.12085017561912537,0.7372466325759888,0.7372466325759888,0,ROW_FOLLOW,,1.0,96.0,101.0,-0.01433173380792141,-0.024131178855895996,0.0,0.27625638246536255,0.0,-0.32451874017715454,0.0,0.39682537317276,0.6333332657814026,0.9846718311309814,0.9639866352081299,1.0,0.3333333432674408,0.7372466325759888,0.30000001192092896,0.20000000298023224,0.20000000298023224,0.15000000596046448,0.15000000596046448,1.0,1.0,1.0,1.0
complex_qaware_v018_r4,closed_loop,complex,full,1,0.18,True,2.995728377,1785050726.4132805,0.2718414720565528,0.0023182848113776867,0.02112498677909302,0.11956336602291116,0.007143611250855592,0.32396810159854944,0.10793735662594979,-0.16511358158485445,21.0,0.25891826273040736,-0.02362338301920557,1.2588960582894273,-0.01698802782725708,2.258377188069499,-0.010606115124352885,0.6024867296218872,0.17081238329410553,0.12081238627433777,0.7508597373962402,0.7372466325759888,0,ROW_FOLLOW,,1.0,81.0,82.0,-0.01358301006257534,-0.02510152757167816,0.0,0.275069922208786,0.0,-0.32527297735214233,0.0,0.4523809552192688,0.6333332657814026,0.9797323942184448,0.9502155780792236,1.0,0.3333333432674408,0.7508597373962402,0.30000001192092896,0.20000000298023224,0.20000000298023224,0.15000000596046448,0.15000000596046448,1.0,1.0,1.0,1.0
complex_qaware_v018_r4,closed_loop,complex,full,1,0.18,True,3.04518121,1785050726.4627335,0.2807633077953845,0.0028648581604925707,0.020430552162824522,0.12538632800548227,-0.04165765148325107,0.3329333998202532,0.11090661175923949,-0.161654273147225,21.0,0.25891826273040736,-0.02362338301920557,1.2588960582894273,-0.01698802782725708,2.258377188069499,-0.010606115124352885,0.6024867296218872,0.17081238329410553,0.12081238627433777,0.7508597373962402,0.7508597373962402,0,ROW_FOLLOW,,1.0,81.0,82.0,-0.01358301006257534,-0.02510152757167816,0.0,0.275069922208786,0.0,-0.32527297735214233,0.0,0.4523809552192688,0.6333332657814026,0.9797323942184448,0.9502155780792236,1.0,0.3333333432674408,0.7508597373962402,0.30000001192092896,0.20000000298023224,0.20000000298023224,0.15000000596046448,0.15000000596046448,1.0,1.0,1.0,1.0
complex_qaware_v018_r4,closed_loop,complex,full,1,0.18,True,3.095829721,1785050726.513382,0.28660061878395005,0.002982386017490194,0.01982148117269577,0.12484369166099957,0.0007080913602145267,0.3387793077260579,0.11062745208014677,-0.1635153376745098,21.0,0.2729202086685935,-0.023237609524324892,1.2728922309055954,-0.015763976869688518,2.2793628194319853,-0.007512620319388262,0.6028891801834106,0.17212624847888947,0.1221262514591217,0.7433570623397827,0.7508597373962402,0,ROW_FOLLOW,,1.0,82.0,82.0,-0.01166503131389618,-0.02662251889705658,0.0,0.2734324336051941,0.0,-0.32667747139930725,0.0,0.4126983880996704,0.6595237255096436,0.9784237742424011,0.9463870525360107,1.0,0.380952388048172,0.7433570623397827,0.30000001192092896,0.20000000298023224,0.20000000298023224,0.15000000596046448,0.15000000596046448,1.0,1.0,1.0,1.0
complex_qaware_v018_r4,closed_loop,complex,full,1,0.18,True,3.145326874,1785050726.5628793,0.29856586022038745,0.00404303766632482,0.01947971794704407,0.13175622129401737,0.010536505508412666,0.3508221791638208,0.10912304272646549,-0.1645415232979694,21.0,0.2729202086685935,-0.023237609524324892,1.2728922309055954,-0.015763976869688518,2.2793628194319853,-0.007512620319388262,0.6028891801834106,0.17212624847888947,0.1221262514591217,0.7433570623397827,0.7433570623397827,0,ROW_FOLLOW,,1.0,82.0,82.0,-0.01166503131389618,-0.02662251889705658,0.0,0.2734324336051941,0.0,-0.32667747139930725,0.0,0.4126983880996704,0.6595237255096436,0.9784237742424011,0.9463870525360107,1.0,0.380952388048172,0.7433570623397827,0.30000001192092896,0.20000000298023224,0.20000000298023224,0.15000000596046448,0.15000000596046448,1.0,1.0,1.0,1.0
complex_qaware_v018_r4,closed_loop,complex,full,1,0.18,True,3.196118013,1785050726.61367,0.3043399094178977,0.004141017107422482,0.018533738649618485,0.1289873268487965,-0.009141936325188933,0.35660807671994216,0.10891931684308179,-0.1658996958538607,21.0,0.2878105074091168,-0.0234955869421164,1.2877776805111394,-0.015390430674154602,2.287744875251172,-0.007285272901918494,0.6024144291877747,0.17200596630573273,0.12200596928596497,0.7487115859985352,0.7433570623397827,0,ROW_FOLLOW,,1.0,84.0,85.0,-0.009916432201862335,-0.028207048773765564,0.0,0.2720465362071991,0.0,-0.3284606337547302,0.0,0.4285714328289032,0.6595237255096436,0.9791460633277893,0.9493743181228638,1.0,0.380952388048172,0.7487115859985352,0.30000001192092896,0.20000000298023224,0.20000000298023224,0.15000000596046448,0.15000000596046448,1.0,1.0,1.0,1.0
complex_qaware_v018_r4,closed_loop,complex,full,1,0.18,True,3.245456571,1785050726.6630087,0.31253884106109076,0.004783385618564394,0.018133684196379285,0.12926224843344522,-0.007170787630232584,0.36494922490154236,0.10978466172822683,-0.16655615834339654,21.0,0.2878105074091168,-0.0234955869421164,1.2877776805111394,-0.015390430674154602,2.287744875251172,-0.007285272901918494,0.6024144291877747,0.17200596630573273,0.12200596928596497,0.7487115859985352,0.7487115859985352,0,ROW_FOLLOW,,1.0,84.0,85.0,-0.009916432201862335,-0.028207048773765564,0.0,0.2720465362071991,0.0,-0.3284606337547302,0.0,0.4285714328289032,0.6595237255096436,0.9791460633277893,0.9493743181228638,1.0,0.380952388048172,0.7487115859985352,0.30000001192092896,0.20000000298023224,0.20000000298023224,0.15000000596046448,0.15000000596046448,1.0,1.0,1.0,1.0
complex_qaware_v018_r4,closed_loop,complex,full,1,0.18,True,3.295853556,1785050726.7134056,0.31284630947295794,0.004914419823851213,0.017467348495254324,0.124592493647129,-0.010997389555704205,0.3749003352280409,0.10980888714137665,-0.1663946555890644,21.0,0.30149922279411934,-0.023583691687840497,1.301462475842218,-0.015004894612211264,2.301425765598582,-0.006426095616619439,0.5995376706123352,0.1725110560655594,0.12251105904579163,0.7554128170013428,0.7487115859985352,0,ROW_FOLLOW,,1.0,76.0,96.0,-0.00850440002977848,-0.02796238660812378,0.0,0.2713322043418884,0.0,-0.327256977558136,0.0,0.4285714328289032,0.6857142448425293,0.9814270734786987,0.9560872316360474,1.0,0.4285714328289032,0.7554128170013428,0.30000001192092896,0.20000000298023224,0.20000000298023224,0.15000000596046448,0.15000000596046448,1.0,1.0,1.0,1.0
complex_qaware_v018_r4,closed_loop,complex,full,1,0.18,True,3.345495417,1785050726.7630477,0.31842332608862867,0.005006672077988745,0.016539996000301208,0.12262276392230617,-0.02968729318089222,0.38048054005854626,0.11165260554535923,-0.1621446767658831,21.0,0.30149922279411934,-0.023583691687840497,1.301462475842218,-0.015004894612211264,2.301425765598582,-0.006426095616619439,0.5995376706123352,0.1725110560655594,0.12251105904579163,0.7554128170013428,0.7554128170013428,0,ROW_FOLLOW,,1.0,76.0,96.0,-0.00850440002977848,-0.02796238660812378,0.0,0.2713322043418884,0.0,-0.327256977558136,0.0,0.4285714328289032,0.6857142448425293,0.9814270734786987,0.9560872316360474,1.0,0.4285714328289032,0.7554128170013428,0.30000001192092896,0.20000000298023224,0.20000000298023224,0.15000000596046448,0.15000000596046448,1.0,1.0,1.0,1.0
complex_qaware_v018_r4,closed_loop,complex,full,1,0.18,True,3.396209274,1785050726.8137615,0.3240703084916719,0.005511756841240459,0.015810044781418675,0.11983905262874187,-0.02642349740486027,0.3864200864257031,0.11109131696418466,-0.16588660064038024,21.0,0.30149922279411934,-0.023583691687840497,1.301462475842218,-0.015004894612211264,2.301425765598582,-0.006426095616619439,0.5995376706123352,0.1725110560655594,0.12251105904579163,0.7554128170013428,0.7554128170013428,0,ROW_FOLLOW,,1.0,76.0,96.0,-0.00850440002977848,-0.02796238660812378,0.0,0.2713322043418884,0.0,-0.327256977558136,0.0,0.4285714328289032,0.6857142448425293,0.9814270734786987,0.9560872316360474,1.0,0.4285714328289032,0.7554128170013428,0.30000001192092896,0.20000000298023224,0.20000000298023224,0.15000000596046448,0.15000000596046448,1.0,1.0,1.0,1.0
complex_qaware_v018_r4,closed_loop,complex,full,1,0.18,True,3.445164782,1785050726.862717,0.3294990863608675,0.0055848179381388615,0.013457278847198939,0.11597534937973135,-0.022943254015513618,0.39185793949581404,0.11214316865144724,-0.15742371742337574,21.0,0.31399486659588577,-0.023111974224062987,1.3139572921142444,-0.014435198651104092,2.3139197576584487,-0.005758421252587742,0.6008198857307434,0.1716156154870987,0.12161561846733093,0.7542040348052979,0.7542040348052979,0,ROW_FOLLOW,,1.0,77.0,87.0,-0.006587865762412548,-0.0277368426322937,0.0,0.27185583114624023,0.0,-0.32732951641082764,0.0,0.4285714328289032,0.6857142448425293,0.9796024560928345,0.9504612684249878,1.0,0.4285714328289032,0.7542040348052979,0.30000001192092896,0.20000000298023224,0.20000000298023224,0.15000000596046448,0.15000000596046448,1.0,1.0,1.0,1.0
complex_qaware_v018_r4,closed_loop,complex,full,1,0.18,True,3.495473188,1785050726.9130256,0.33486229665913037,0.005641041631114725,0.012903468701658925,0.11407344245364856,-0.024099515493562745,0.39722767096057665,0.11191835388646654,-0.15892248252324717,20.0,0.3241763230164636,-0.022591976500044963,1.3241363486660915,-0.013648780209190914,2.2574323094455964,-0.005286020566354515,0.6004162430763245,0.17151226103305817,0.1215122640132904,0.7527649402618408,0.7542040348052979,0,ROW_FOLLOW,,1.0,85.0,92.0,-0.0034868670627474785,-0.02814728021621704,0.0,0.27017199993133545,0.0,-0.32646656036376953,0.0,0.4285714328289032,0.6857142448425293,0.9759133458137512,0.9457863569259644,1.0,0.4285714328289032,0.7527649402618408,0.30000001192092896,0.20000000298023224,0.20000000298023224,0.15000000596046448,0.15000000596046448,1.0,1.0,1.0,1.0
complex_qaware_v018_r4,closed_loop,complex,full,1,0.18,True,3.545220333,1785050726.9627724,0.33806343289824203,0.005651301097666307,0.011400539990619412,0.11189067838454343,-0.025039113248908184,0.400448969275048,0.11285079049434944,-0.15097932501854605,20.0,0.3241763230164636,-0.022591976500044963,1.3241363486660915,-0.013648780209190914,2.2574323094455964,-0.005286020566354515,0.6004162430763245,0.17151226103305817,0.1215122640132904,0.7527649402618408,0.7527649402618408,0,ROW_FOLLOW,,1.0,85.0,92.0,-0.0034868670627474785,-0.02814728021621704,0.0,0.27017199993133545,0.0,-0.32646656036376953,0.0,0.4285714328289032,0.6857142448425293,0.9759133458137512,0.9457863569259644,1.0,0.4285714328289032,0.7527649402618408,0.30000001192092896,0.20000000298023224,0.20000000298023224,0.15000000596046448,0.15000000596046448,1.0,1.0,1.0,1.0
complex_qaware_v018_r4,closed_loop,complex,full,1,0.18,True,3.597057354,1785050727.0146096,0.3384929377726279,0.005630217055078638,0.010160168526122778,0.11214494403564212,-0.025418604163610917,0.4008962180265788,0.11389331640356186,-0.14601441611492616,20.0,0.33273335387801145,-0.022621812377796036,1.332691531981714,-0.013478801185525831,2.2993176435944123,-0.004617465222636869,0.6016513109207153,0.1732521802186966,0.12325218319892883,0.7544193267822266,0.7544193267822266,0,ROW_FOLLOW,,1.0,84.0,102.0,-0.000597749836742878,-0.028767883777618408,0.0,0.27073997259140015,0.0,-0.32827574014663696,0.0,0.4285714328289032,0.6857142448425293,0.9798979759216309,0.9515026807785034,1.0,0.4285714328289032,0.7544193267822266,0.30000001192092896,0.20000000298023224,0.20000000298023224,0.15000000596046448,0.15000000596046448,1.0,1.0,1.0,1.0
complex_qaware_v018_r4,closed_loop,complex,full,1,0.18,True,3.645231147,1785050727.0627835,0.3518387052427677,0.0070253731200162015,0.008351087355436881,0.10733521410248299,-0.038547893270059114,0.4143285566452256,0.112477581313965,-0.15545265004557196,20.0,0.33273335387801145,-0.022621812377796036,1.332691531981714,-0.013478801185525831,2.2993176435944123,-0.004617465222636869,0.6016513109207153,0.1732521802186966,0.12325218319892883,0.7544193267822266,0.7544193267822266,0,ROW_FOLLOW,,1.0,84.0,102.0,-0.000597749836742878,-0.028767883777618408,0.0,0.27073997259140015,0.0,-0.32827574014663696,0.0,0.4285714328289032,0.6857142448425293,0.9798979759216309,0.9515026807785034,1.0,0.4285714328289032,0.7544193267822266,0.30000001192092896,0.20000000298023224,0.20000000298023224,0.15000000596046448,0.15000000596046448,1.0,1.0,1.0,1.0
complex_qaware_v018_r4,closed_loop,complex,full,1,0.18,True,3.698582799,1785050727.1161351,0.3571014191749021,0.007040341612885277,0.006458774904966715,0.10710505409911891,-0.03761953790333845,0.4196113123656477,0.11256772989992142,-0.15485165947252905,20.0,0.33273335387801145,-0.022621812377796036,1.332691531981714,-0.013478801185525831,2.2993176435944123,-0.004617465222636869,0.6016513109207153,0.1732521802186966,0.12325218319892883,0.7544193267822266,0.7544193267822266,0,ROW_FOLLOW,,1.0,84.0,102.0,-0.000597749836742878,-0.028767883777618408,0.0,0.27073997259140015,0.0,-0.32827574014663696,0.0,0.4285714328289032,0.6857142448425293,0.9798979759216309,0.9515026807785034,1.0,0.4285714328289032,0.7544193267822266,0.30000001192092896,0.20000000298023224,0.20000000298023224,0.15000000596046448,0.15000000596046448,1.0,1.0,1.0,1.0
complex_qaware_v018_r4,closed_loop,complex,full,1,0.18,True,3.745545458,1785050727.1630976,0.3606090430892001,0.006095237977613827,0.0032463861506242236,0.10318231033312684,-0.05582781367441717,0.4232896529783209,0.1110536028918012,-0.14111509192229377,21.0,0.3437593998444039,-0.022565418841756908,1.3437138920199594,-0.013015296008050271,2.357289570706543,-0.002711649300742489,0.5994160175323486,0.17296640574932098,0.12296640872955322,0.7345603704452515,0.7345603704452515,0,ROW_FOLLOW,,1.0,78.0,83.0,0.0032130074687302113,-0.02909661829471588,0.0,0.2694440484046936,0.0,-0.32763728499412537,0.0,0.3888888955116272,0.6333332657814026,0.9841356873512268,0.9626659154891968,1.0,0.3333333432674408,0.7345603704452515,0.30000001192092896,0.20000000298023224,0.20000000298023224,0.15000000596046448,0.15000000596046448,1.0,1.0,1.0,1.0
complex_qaware_v018_r4,closed_loop,complex,full,1,0.18,True,3.795695973,1785050727.2132483,0.36564807308527814,0.006075959489926215,0.0011875878639546755,0.1036219105856477,-0.056661747791163945,0.42835022349304075,0.11123691846117935,-0.13989298812643944,19.0,0.35402822057841155,-0.02280298512389931,1.2539862689462782,-0.01410671812687061,2.2539397834783954,-0.004441464260032758,0.5981667041778564,0.17274533212184906,0.1227453351020813,0.7206997871398926,0.7345603704452515,0,ROW_FOLLOW,,1.0,81.0,97.0,0.008566216565668583,-0.029295042157173157,0.0,0.2687029242515564,0.0,-0.3272930085659027,0.0,0.341269850730896,0.6333332657814026,0.9832020998001099,0.9667446613311768,1.0,0.3333333432674408,0.7206997871398926,0.30000001192092896,0.20000000298023224,0.20000000298023224,0.15000000596046448,0.15000000596046448,1.0,1.0,1.0,1.0
complex_qaware_v018_r4,closed_loop,complex,full,1,0.18,True,3.845201192,1785050727.2627535,0.3743899325166984,0.006588435804408482,-0.0026703552288340772,0.10551223372000301,-0.06453381139363125,0.4371661423249207,0.10912530319258244,-0.1373377232839881,19.0,0.35402822057841155,-0.02280298512389931,1.2539862689462782,-0.01410671812687061,2.2539397834783954,-0.004441464260032758,0.5981667041778564,0.17274533212184906,0.1227453351020813,0.7206997871398926,0.7206997871398926,0,ROW_FOLLOW,,1.0,81.0,97.0,0.008566216565668583,-0.029295042157173157,0.0,0.2687029242515564,0.0,-0.3272930085659027,0.0,0.341269850730896,0.6333332657814026,0.9832020998001099,0.9667446613311768,1.0,0.3333333432674408,0.7206997871398926,0.30000001192092896,0.20000000298023224,0.20000000298023224,0.15000000596046448,0.15000000596046448,1.0,1.0,1.0,1.0
complex_qaware_v018_r4,closed_loop,complex,full,1,0.18,True,3.895723556,1785050727.3132758,0.3794278829535603,0.006533408420282362,-0.005332829884248991,0.10479289369348821,-0.05907112483472645,0.44223193308813014,0.10945119498844692,-0.13516511131155834,21.0,0.3676779542172592,-0.022738953976970473,1.3676305428858155,-0.012992137751467956,2.368455290414131,-0.003012787686367998,0.5996752977371216,0.17301298677921295,0.12301298975944519,0.7383942604064941,0.7206997871398926,0,ROW_FOLLOW,,1.0,84.0,99.0,0.01514815166592598,-0.02947908639907837,0.0,0.2682196795940399,0.0,-0.32717785239219666,0.0,0.4285714328289032,0.6071427464485168,0.9776721000671387,0.9523993134498596,1.0,0.2857142984867096,0.7383942604064941,0.30000001192092896,0.20000000298023224,0.20000000298023224,0.15000000596046448,0.15000000596046448,1.0,1.0,1.0,1.0
complex_qaware_v018_r4,closed_loop,complex,full,1,0.18,True,3.945231783,1785050727.362784,0.38698911994064566,0.005737949809151587,-0.009038522729266415,0.10850192012999235,-0.06409069827226195,0.4499134004445936,0.11454566309644629,-0.12243535851148439,21.0,0.3676779542172592,-0.022738953976970473,1.3676305428858155,-0.012992137751467956,2.368455290414131,-0.003012787686367998,0.5996752977371216,0.17301298677921295,0.12301298975944519,0.7383942604064941,0.7383942604064941,0,ROW_FOLLOW,,1.0,84.0,99.0,0.01514815166592598,-0.02947908639907837,0.0,0.2682196795940399,0.0,-0.32717785239219666,0.0,0.4285714328289032,0.6071427464485168,0.9776721000671387,0.9523993134498596,1.0,0.2857142984867096,0.7383942604064941,0.30000001192092896,0.20000000298023224,0.20000000298023224,0.15000000596046448,0.15000000596046448,1.0,1.0,1.0,1.0
complex_qaware_v018_r4,closed_loop,complex,full,1,0.18,True,3.997816728,1785050727.415369,0.3955675802156035,0.003240274090492207,-0.01151278070100048,0.10782762449873859,-0.0784022358119517,0.4593190068817693,0.11767852190524412,-0.10753904161254078,21.0,0.3793384591249039,-0.022848346133254316,1.3793027001910418,-0.014704927228313422,2.3859810041569918,-0.007987069092651547,0.5984371900558472,0.17171348631381989,0.12171348929405212,0.7433854341506958,0.7433854341506958,0,ROW_FOLLOW,,1.0,94.0,98.0,0.016374239698052406,-0.0280352383852005,0.0,0.26951661705970764,0.0,-0.32558709383010864,0.0,0.4126984179019928,0.6595237255096436,0.9757706522941589,0.9501131176948547,1.0,0.380952388048172,0.7433854341506958,0.30000001192092896,0.20000000298023224,0.20000000298023224,0.15000000596046448,0.15000000596046448,1.0,1.0,1.0,1.0
complex_qaware_v018_r4,closed_loop,complex,full,1,0.18,True,4.045197125,1785050727.4627495,0.3986498933393756,0.0031961204479973295,-0.017597783204626353,0.11020576901431962,-0.09346563359984768,0.4625470608507089,0.11891144014539738,-0.09931958667818566,21.0,0.3793384591249039,-0.022848346133254316,1.3793027001910418,-0.014704927228313422,2.3859810041569918,-0.007987069092651547,0.5984371900558472,0.17171348631381989,0.12171348929405212,0.7433854341506958,0.7433854341506958,0,ROW_FOLLOW,,1.0,94.0,98.0,0.016374239698052406,-0.0280352383852005,0.0,0.26951661705970764,0.0,-0.32558709383010864,0.0,0.4126984179019928,0.6595237255096436,0.9757706522941589,0.9501131176948547,1.0,0.380952388048172,0.7433854341506958,0.30000001192092896,0.20000000298023224,0.20000000298023224,0.15000000596046448,0.15000000596046448,1.0,1.0,1.0,1.0
complex_qaware_v018_r4,closed_loop,complex,full,1,0.18,True,4.096280208,1785050727.5138323,0.40352206425532655,0.0030455860509335138,-0.021792185563318522,0.10921141032496241,-0.10338728312680955,0.4674646923962259,0.11969063204140111,-0.09412497403816078,18.0,0.3918777213286552,-0.022682467871738513,1.2918596039694437,-0.01793566781273288,2.19184358307581,-0.013601683746788093,0.6013720035552979,0.17225028574466705,0.12225028872489929,0.7473748922348022,0.7433854341506958,0,ROW_FOLLOW,,1.0,96.0,97.0,0.02293824777007103,-0.025765657424926758,0.0,0.2728956341743469,0.0,-0.32442694902420044,0.0,0.4285714328289032,0.6595237255096436,0.9759677648544312,0.9447008967399597,1.0,0.380952388048172,0.7473748922348022,0.30000001192092896,0.20000000298023224,0.20000000298023224,0.15000000596046448,0.15000000596046448,1.0,1.0,1.0,1.0
complex_qaware_v018_r4,closed_loop,complex,full,1,0.18,True,4.14522314,1785050727.5627754,0.4088386862533379,0.0027770672757696574,-0.028659017578481556,0.10835411677763868,-0.11043592862023398,0.4728839979224363,0.12202718996297479,-0.08333527092859741,18.0,0.3918777213286552,-0.022682467871738513,1.2918596039694437,-0.01793566781273288,2.19184358307581,-0.013601683746788093,0.6013720035552979,0.17225028574466705,0.12225028872489929,0.7473748922348022,0.7473748922348022,0,ROW_FOLLOW,,1.0,96.0,97.0,0.02293824777007103,-0.025765657424926758,0.0,0.2728956341743469,0.0,-0.32442694902420044,0.0,0.4285714328289032,0.6595237255096436,0.9759677648544312,0.9447008967399597,1.0,0.380952388048172,0.7473748922348022,0.30000001192092896,0.20000000298023224,0.20000000298023224,0.15000000596046448,0.15000000596046448,1.0,1.0,1.0,1.0
complex_qaware_v018_r4,closed_loop,complex,full,1,0.18,True,4.198737485,1785050727.6162899,0.41060049199260745,0.002614326546151165,-0.032409249973972994,0.1077788420276611,-0.10297438231604919,0.4747162457820898,0.1228948968019012,-0.077550558669088,18.0,0.3918777213286552,-0.022682467871738513,1.2918596039694437,-0.01793566781273288,2.19184358307581,-0.013601683746788093,0.6013720035552979,0.17225028574466705,0.12225028872489929,0.7473748922348022,0.7473748922348022,0,ROW_FOLLOW,,1.0,96.0,97.0,0.02293824777007103,-0.025765657424926758,0.0,0.2728956341743469,0.0,-0.32442694902420044,0.0,0.4285714328289032,0.6595237255096436,0.9759677648544312,0.9447008967399597,1.0,0.380952388048172,0.7473748922348022,0.30000001192092896,0.20000000298023224,0.20000000298023224,0.15000000596046448,0.15000000596046448,1.0,1.0,1.0,1.0
complex_qaware_v018_r4,closed_loop,complex,full,1,0.18,True,4.245301125,1785050727.6628535,0.41904063747221476,0.0011528295049340173,-0.037540892349891684,0.11380550012253836,-0.07695308047731553,0.4838656038122432,0.12606453763615225,-0.0639200775377529,21.0,0.4021435163828035,-0.021797620745915413,1.4021371754349918,-0.021026128094137005,2.401421129648574,-0.020167991310213393,0.6002845764160156,0.1708286851644516,0.12082868814468384,0.7536252737045288,0.7536252737045288,0,ROW_FOLLOW,,1.0,116.0,108.0,0.03076876513659954,-0.02286846935749054,0.0,0.27550798654556274,0.0,-0.3212449252605438,0.0,0.436507910490036,0.6857142448425293,0.9750825762748718,0.9367566108703613,1.0,0.4285714328289032,0.7536252737045288,0.30000001192092896,0.20000000298023224,0.20000000298023224,0.15000000596046448,0.15000000596046448,1.0,1.0,1.0,1.0
complex_qaware_v018_r4,closed_loop,complex,full,1,0.18,True,4.296892765,1785050727.714445,0.4247233527716744,0.000882706763717002,-0.04089390519050706,0.11362412369084487,-0.0933126739914784,0.48959158521576956,0.12670364655478777,-0.05965935141351601,21.0,0.4021435163828035,-0.021797620745915413,1.4021371754349918,-0.021026128094137005,2.401421129648574,-0.020167991310213393,0.6002845764160156,0.1708286851644516,0.12082868814468384,0.7536252737045288,0.7536252737045288,0,ROW_FOLLOW,,1.0,116.0,108.0,0.03076876513659954,-0.02286846935749054,0.0,0.27550798654556274,0.0,-0.3212449252605438,0.0,0.436507910490036,0.6857142448425293,0.9750825762748718,0.9367566108703613,1.0,0.4285714328289032,0.7536252737045288,0.30000001192092896,0.20000000298023224,0.20000000298023224,0.15000000596046448,0.15000000596046448,1.0,1.0,1.0,1.0
complex_qaware_v018_r4,closed_loop,complex,full,1,0.18,True,4.3452881,1785050727.7628403,0.4296867280647611,0.0014084125633310113,-0.0465105197301945,0.11257040034644512,-0.10135635654821061,0.4968662235705354,0.1283327852297336,-0.04968934946026379,21.0,0.41289610495209245,-0.0203827868464246,1.4128890451635119,-0.022994441162264328,2.417547831795115,-0.028195182221420485,0.6016135215759277,0.17112736403942108,0.12112736701965332,0.7543677091598511,0.7543677091598511,0,ROW_FOLLOW,,1.0,108.0,96.0,0.03716350719332695,-0.019004404544830322,0.0,0.2798430323600769,0.0,-0.31785184144973755,0.0,0.4365079402923584,0.6857142448425293,0.975051999092102,0.9417467713356018,1.0,0.4285714328289032,0.7543677091598511,0.30000001192092896,0.20000000298023224,0.20000000298023224,0.15000000596046448,0.15000000596046448,1.0,1.0,1.0,1.0
complex_qaware_v018_r4,closed_loop,complex,full,1,0.18,True,4.396423344,1785050727.8139756,0.4337073294020749,0.0029663121495974052,-0.05041988769812189,0.11582106348166042,-0.09843491154464397,0.5048418068431272,0.12773130126845886,-0.05369924253542885,19.0,0.42292012219025804,-0.01708594128267261,1.3229097831178087,-0.021369590964353813,2.28956525984194,-0.026006428262316236,0.5955918431282043,0.14159254729747772,0.09159255027770996,0.7580909729003906,0.7543677091598511,0,ROW_FOLLOW,,1.0,118.0,105.0,0.04512206092476845,-0.015796050429344177,0.0,0.2831088900566101,0.0,-0.31470099091529846,0.0,0.4603174328804016,0.6857142448425293,0.9699074029922485,0.9258096814155579,1.0,0.4285714328289032,0.7580909729003906,0.30000001192092896,0.20000000298023224,0.20000000298023224,0.15000000596046448,0.15000000596046448,1.0,1.0,1.0,1.0
complex_qaware_v018_r4,closed_loop,complex,full,1,0.18,True,4.445293634,1785050727.862846,0.4397522787265615,0.0025733899761702724,-0.05546519172243249,0.11725455054581076,-0.06322593667309802,0.510946177829785,0.07863652782501328,-0.028468854565420518,19.0,0.42292012219025804,-0.01708594128267261,1.3229097831178087,-0.021369590964353813,2.28956525984194,-0.026006428262316236,0.5955918431282043,0.14159254729747772,0.09159255027770996,0.7580909729003906,0.6000000238418579,0,ROW_FOLLOW,,1.0,118.0,105.0,0.04512206092476845,-0.015796050429344177,0.0,0.2831088900566101,0.0,-0.31470099091529846,0.0,0.4603174328804016,0.6857142448425293,0.9699074029922485,0.9258096814155579,1.0,0.4285714328289032,0.7580909729003906,0.30000001192092896,0.20000000298023224,0.20000000298023224,0.15000000596046448,0.15000000596046448,1.0,1.0,1.0,1.0
complex_qaware_v018_r4,closed_loop,complex,full,1,0.18,True,4.497938901,1785050727.915491,0.4449902899330874,0.0021828311845524737,-0.058250798410210525,0.11692789322350931,-0.07607767069123511,0.5162452688947785,0.07912131712366914,-0.0242056081039297,19.0,0.42292012219025804,-0.01708594128267261,1.3229097831178087,-0.021369590964353813,2.28956525984194,-0.026006428262316236,0.5955918431282043,0.14159254729747772,0.09159255027770996,0.7580909729003906,0.6000000238418579,0,ROW_FOLLOW,,1.0,118.0,105.0,0.04512206092476845,-0.015796050429344177,0.0,0.2831088900566101,0.0,-0.31470099091529846,0.0,0.4603174328804016,0.6857142448425293,0.9699074029922485,0.9258096814155579,1.0,0.4285714328289032,0.7580909729003906,0.30000001192092896,0.20000000298023224,0.20000000298023224,0.15000000596046448,0.15000000596046448,1.0,1.0,1.0,1.0
complex_qaware_v018_r4,closed_loop,complex,full,1,0.18,True,4.545396036,1785050727.9629483,0.44963923311353454,0.0051271637968436255,-0.06224608282289791,0.11089360480433105,-0.05172145718422015,0.5219097977689622,0.1344107962414409,-0.016798336794121276,19.0,0.43439661399892165,-0.014419148413267704,1.3343869010927658,-0.01851858539365973,2.3677092944415707,-0.02317647544018669,0.5965283513069153,0.1544032245874405,0.10440322756767273,0.7607252597808838,0.7607252597808838,0,ROW_FOLLOW,,1.0,110.0,111.0,0.05677739530801773,-0.014445245265960693,0.0,0.2840312719345093,0.0,-0.31292176246643066,0.0,0.460317462682724,0.6857142448425293,0.9733408689498901,0.9387934803962708,1.0,0.4285714328289032,0.7607252597808838,0.30000001192092896,0.20000000298023224,0.20000000298023224,0.15000000596046448,0.15000000596046448,1.0,1.0,1.0,1.0
complex_qaware_v018_r4,closed_loop,complex,full,1,0.18,True,4.599417433,1785050728.0169697,0.4549367769721756,0.00474978516791357,-0.06440542054780218,0.11123690186896766,-0.05991347469492621,0.5272458229342549,0.1348946145410138,-0.013572881463634985,21.0,0.44450799695425774,-0.011445503793416764,1.4445015375480075,-0.013772797005796237,2.454954531431498,-0.006427838976370887,0.5975933074951172,0.1655525118112564,0.11555251479148865,0.7507795095443726,0.7607252597808838,0,ROW_FOLLOW,,1.0,124.0,110.0,0.06580033153295517,-0.013967454433441162,0.0,0.2841992676258087,0.0,-0.31213417649269104,0.0,0.4523809552192688,0.6333332657814026,0.978115439414978,0.951836347579956,1.0,0.3333333432674408,0.7507795095443726,0.30000001192092896,0.20000000298023224,0.20000000298023224,0.15000000596046448,0.15000000596046448,1.0,1.0,1.0,1.0
complex_qaware_v018_r4,closed_loop,complex,full,1,0.18,True,4.645184286,1785050728.0627367,0.4586302718704133,0.004924099483030995,-0.06869903172807089,0.10567772513929323,-0.08647760130863402,0.53140987380516,0.13313013329609438,0.013401189479284382,21.0,0.44450799695425774,-0.011445503793416764,1.4445015375480075,-0.013772797005796237,2.454954531431498,-0.006427838976370887,0.5975933074951172,0.1655525118112564,0.11555251479148865,0.7507795095443726,0.7507795095443726,0,ROW_FOLLOW,,1.0,124.0,110.0,0.06580033153295517,-0.013967454433441162,0.0,0.2841992676258087,0.0,-0.31213417649269104,0.0,0.4523809552192688,0.6333332657814026,0.978115439414978,0.951836347579956,1.0,0.3333333432674408,0.7507795095443726,0.30000001192092896,0.20000000298023224,0.20000000298023224,0.15000000596046448,0.15000000596046448,1.0,1.0,1.0,1.0
complex_qaware_v018_r4,closed_loop,complex,full,1,0.18,True,4.697575627,1785050728.1151278,0.4641964612797287,0.004494769982688816,-0.07099333275649751,0.10730514211644109,-0.07770239557442558,0.5370184989209986,0.13254625209119578,0.017293730845275117,21.0,0.4547159862095435,-0.01047887340642739,1.4547120929726398,-0.009858181607097534,2.459594882193242,-0.004632583617290454,0.5975933074951172,0.1655525118112564,0.11555251479148865,0.7507795095443726,0.7507795095443726,0,ROW_FOLLOW,,1.0,124.0,110.0,0.06580033153295517,-0.013967454433441162,0.0,0.2841992676258087,0.0,-0.31213417649269104,0.0,0.4523809552192688,0.6333332657814026,0.978115439414978,0.951836347579956,1.0,0.3333333432674408,0.7507795095443726,0.30000001192092896,0.20000000298023224,0.20000000298023224,0.15000000596046448,0.15000000596046448,1.0,1.0,1.0,1.0
complex_qaware_v018_r4,closed_loop,complex,full,1,0.18,True,4.745263808,1785050728.162816,0.4703684701098273,0.0005880045405233282,-0.07388754782605342,0.10671555681273555,-0.04709040538524732,0.5462936567390978,0.12735660351824873,0.05321360975423678,21.0,0.4547159862095435,-0.01047887340642739,1.4547120929726398,-0.009858181607097534,2.459594882193242,-0.004632583617290454,0.5997822880744934,0.17226116359233856,0.1222611665725708,0.7518813610076904,0.7518813610076904,0,ROW_FOLLOW,,1.0,115.0,111.0,0.07453949004411697,-0.014424487948417664,0.0,0.28433772921562195,0.0,-0.3131867051124573,0.0,0.4365079402923584,0.6595237255096436,0.9806076288223267,0.952684760093689,1.0,0.380952388048172,0.7518813610076904,0.30000001192092896,0.20000000298023224,0.20000000298023224,0.15000000596046448,0.15000000596046448,1.0,1.0,1.0,1.0
complex_qaware_v018_r4,closed_loop,complex,full,1,0.18,True,4.797524362,1785050728.2150767,0.4763519545928872,0.000109439785484686,-0.07567658872824756,0.10972653906606378,-0.033577298876323165,0.5523173348616004,0.1267890488027278,0.05699730785770983,21.0,0.46521141449426157,-0.011411937486239393,1.4652046635211355,-0.008045062662587562,2.4651979457639945,-0.004678188128379839,0.5970542430877686,0.16603364050388336,0.1160336434841156,0.757599949836731,0.7518813610076904,0,ROW_FOLLOW,,1.0,118.0,103.0,0.08083617687225342,-0.015198171138763428,0.0,0.2834075689315796,0.0,-0.31380391120910645,0.0,0.4761904776096344,0.6333332657814026,0.9779637455940247,0.9498891234397888,1.0,0.3333333432674408,0.757599949836731,0.30000001192092896,0.20000000298023224,0.20000000298023224,0.15000000596046448,0.15000000596046448,1.0,1.0,1.0,1.0
complex_qaware_v018_r4,closed_loop,complex,full,1,0.18,True,4.845442725,1785050728.262995,0.4842329334038213,-0.0008163726406348222,-0.07792417697189835,0.11443510764608439,-0.038707049618839064,0.5603342120432371,0.12656958494508774,0.06532270683682545,21.0,0.46521141449426157,-0.011411937486239393,1.4652046635211355,-0.008045062662587562,2.4651979457639945,-0.004678188128379839,0.5970542430877686,0.16603364050388336,0.1160336434841156,0.757599949836731,0.757599949836731,0,ROW_FOLLOW,,1.0,118.0,103.0,0.08083617687225342,-0.015198171138763428,0.0,0.2834075689315796,0.0,-0.31380391120910645,0.0,0.4761904776096344,0.6333332657814026,0.9779637455940247,0.9498891234397888,1.0,0.3333333432674408,0.757599949836731,0.30000001192092896,0.20000000298023224,0.20000000298023224,0.15000000596046448,0.15000000596046448,1.0,1.0,1.0,1.0
complex_qaware_v018_r4,closed_loop,complex,full,1,0.18,True,4.895710844,1785050728.3132632,0.48932064397274366,-0.0012486608577463407,-0.07962504381868117,0.1160535418718809,-0.03920566474466239,0.5654607233810436,0.12601507238313062,0.06901945724987295,19.0,0.47669968991924555,-0.014011833970075271,1.376687823624458,-0.009489235390350894,2.3433413621421963,-0.004541998584152905,0.596869170665741,0.1689610332250595,0.11896103620529175,0.76288902759552,0.757599949836731,0,ROW_FOLLOW,,1.0,122.0,100.0,0.08599469810724258,-0.015769004821777344,0.0,0.2829629182815552,0.0,-0.31450092792510986,0.0,0.460317462682724,0.6857141852378845,0.9770792722702026,0.9482335448265076,1.0,0.4285714328289032,0.76288902759552,0.30000001192092896,0.20000000298023224,0.20000000298023224,0.15000000596046448,0.15000000596046448,1.0,1.0,1.0,1.0
complex_qaware_v018_r4,closed_loop,complex,full,1,0.18,True,4.945326082,1785050728.3628783,0.4987711094700143,-0.002649109664891306,-0.08215484329560538,0.12433208799001343,-0.02208170429400968,0.5750656828135609,0.12689562477044586,0.06949600131165161,19.0,0.47669968991924555,-0.014011833970075271,1.376687823624458,-0.009489235390350894,2.3433413621421963,-0.004541998584152905,0.596869170665741,0.1689610332250595,0.11896103620529175,0.76288902759552,0.76288902759552,0,ROW_FOLLOW,,1.0,122.0,100.0,0.08599469810724258,-0.015769004821777344,0.0,0.2829629182815552,0.0,-0.31450092792510986,0.0,0.460317462682724,0.6857141852378845,0.9770792722702026,0.9482335448265076,1.0,0.4285714328289032,0.76288902759552,0.30000001192092896,0.20000000298023224,0.20000000298023224,0.15000000596046448,0.15000000596046448,1.0,1.0,1.0,1.0
complex_qaware_v018_r4,closed_loop,complex,full,1,0.18,True,4.995431189,1785050728.4129837,0.5048570065056109,-0.0031720341082503156,-0.08294296066227957,0.12440598784546611,-0.014563339808969967,0.5811836714887306,0.12651309947291411,0.07204616996186314,21.0,0.49027550739298986,-0.01716690083704102,1.4902556117014756,-0.01089812786319457,2.4906631998881936,-0.004804971469464379,0.5977072715759277,0.16920368373394012,0.11920368671417236,0.7689473628997803,0.76288902759552,0,ROW_FOLLOW,,1.0,120.0,111.0,0.09022016823291779,-0.016223222017288208,0.0,0.28325289487838745,0.0,-0.31569933891296387,0.0,0.4841269552707672,0.6857141852378845,0.9761489629745483,0.9422438740730286,1.0,0.4285714328289032,0.7689473628997803,0.30000001192092896,0.20000000298023224,0.20000000298023224,0.15000000596046448,0.15000000596046448,1.0,1.0,1.0,1.0
complex_qaware_v018_r4,closed_loop,complex,full,1,0.18,True,5.04538698,1785050728.462939,0.5120497552915257,-0.004232106364932417,-0.08401151094705295,0.13232778155917416,-0.011848365016589082,0.5886320049131183,0.1285218759825537,0.06592432892937812,21.0,0.49027550739298986,-0.01716690083704102,1.4902556117014756,-0.01089812786319457,2.4906631998881936,-0.004804971469464379,0.5977072715759277,0.16920368373394012,0.11920368671417236,0.7689473628997803,0.7689473628997803,0,ROW_FOLLOW,,1.0,120.0,111.0,0.09022016823291779,-0.016223222017288208,0.0,0.28325289487838745,0.0,-0.31569933891296387,0.0,0.4841269552707672,0.6857141852378845,0.9761489629745483,0.9422438740730286,1.0,0.4285714328289032,0.7689473628997803,0.30000001192092896,0.20000000298023224,0.20000000298023224,0.15000000596046448,0.15000000596046448,1.0,1.0,1.0,1.0
complex_qaware_v018_r4,closed_loop,complex,full,1,0.18,True,5.096573234,1785050728.5141256,0.5183121017670677,-0.004778297727109805,-0.08501156993318792,0.13142046120726272,-0.019800734834157008,0.594930600177622,0.12809918332908682,0.06874227995249074,21.0,0.49027550739298986,-0.01716690083704102,1.4902556117014756,-0.01089812786319457,2.4906631998881936,-0.004804971469464379,0.5977072715759277,0.16920368373394012,0.11920368671417236,0.7689473628997803,0.7689473628997803,0,ROW_FOLLOW,,1.0,120.0,111.0,0.09022016823291779,-0.016223222017288208,0.0,0.28325289487838745,0.0,-0.31569933891296387,0.0,0.4841269552707672,0.6857141852378845,0.9761489629745483,0.9422438740730286,1.0,0.4285714328289032,0.7689473628997803,0.30000001192092896,0.20000000298023224,0.20000000298023224,0.15000000596046448,0.15000000596046448,1.0,1.0,1.0,1.0
complex_qaware_v018_r4,closed_loop,complex,full,1,0.18,True,5.145387524,1785050728.56294,0.5247837103308947,-0.004749418380091887,-0.08636934254661098,0.13026096648003047,-0.00921051754115193,0.6018810320978357,0.1298510350524547,0.06411239985680427,21.0,0.5042782348363638,-0.019026731335562437,1.5042522205586064,-0.011825217723290196,2.5116489253032,-0.004796498769835164,0.5983853936195374,0.17137588560581207,0.12137588858604431,0.7748216390609741,0.7748216390609741,0,ROW_FOLLOW,,1.0,128.0,113.0,0.09296944737434387,-0.015890225768089294,0.0,0.2834620773792267,0.0,-0.3152425289154053,0.0,0.4841269850730896,0.7119046449661255,0.9771401286125183,0.9451640844345093,1.0,0.4761904776096344,0.7748216390609741,0.30000001192092896,0.20000000298023224,0.20000000298023224,0.15000000596046448,0.15000000596046448,1.0,1.0,1.0,1.0
complex_qaware_v018_r4,closed_loop,complex,full,1,0.18,True,5.196345645,1785050728.613898,0.5253741382564533,-0.0039911958221214225,-0.08695972814504538,0.12985517364430496,-0.009592224702776615,0.6139059967873302,0.13035028286630937,0.06078408109777314,21.0,0.5163063670033724,-0.019854573283135293,1.5162751471376914,-0.011953504043375312,2.5162439477594005,-0.004052437836382925,0.5956377983093262,0.15214504301548004,0.10214504599571228,0.7757540941238403,0.7748216390609741,0,ROW_FOLLOW,,1.0,109.0,111.0,0.09542810171842575,-0.015510231256484985,0.0,0.28439462184906006,0.0,-0.31541508436203003,0.0,0.5,0.7119046449661255,0.9709950685501099,0.9278276562690735,1.0,0.4761904776096344,0.7757540941238403,0.30000001192092896,0.20000000298023224,0.20000000298023224,0.15000000596046448,0.15000000596046448,1.0,1.0,1.0,1.0
complex_qaware_v018_r4,closed_loop,complex,full,1,0.18,True,5.245765486,1785050728.6633177,0.531702486840698,-0.004549992192137208,-0.08807220883500033,0.12969805752681463,-0.024672848469529315,0.6202644621798408,0.13007016844158362,0.06377045667138417,21.0,0.5163063670033724,-0.019854573283135293,1.5162751471376914,-0.011953504043375312,2.5162439477594005,-0.004052437836382925,0.5956377983093262,0.15214504301548004,0.10214504599571228,0.7757540941238403,0.7757540941238403,0,ROW_FOLLOW,,1.0,109.0,111.0,0.09542810171842575,-0.015510231256484985,0.0,0.28439462184906006,0.0,-0.31541508436203003,0.0,0.5,0.7119046449661255,0.9709950685501099,0.9278276562690735,1.0,0.4761904776096344,0.7757540941238403,0.30000001192092896,0.20000000298023224,0.20000000298023224,0.15000000596046448,0.15000000596046448,1.0,1.0,1.0,1.0
complex_qaware_v018_r4,closed_loop,complex,full,1,0.18,True,5.296443471,1785050728.7139957,0.5395788991655617,-0.003992731764671215,-0.08880268270162259,0.12677117038235863,-0.014581009747064498,0.6285571313467798,0.13069707414297452,0.05959108532877834,21.0,0.5278854234782558,-0.019741757923673137,1.527849957540789,-0.011316024773399736,2.527814545342256,-0.0028902979287132196,0.5969065427780151,0.16101397573947906,0.1110139787197113,0.78386390209198,0.7757540941238403,0,ROW_FOLLOW,,1.0,133.0,114.0,0.09765392541885376,-0.015064239501953125,0.0,0.28517967462539673,0.0,-0.315308153629303,0.0,0.523809552192688,0.7119046449661255,0.9724875688552856,0.9322835206985474,1.0,0.4761904776096344,0.78386390209198,0.30000001192092896,0.20000000298023224,0.20000000298023224,0.15000000596046448,0.15000000596046448,1.0,1.0,1.0,1.0
complex_qaware_v018_r4,closed_loop,complex,full,1,0.18,True,5.345444934,1785050728.7629972,0.545740226356059,-0.004577829806272284,-0.09140805442533309,0.12732871435878984,-0.02463326632796761,0.6347739140350392,0.13064909450116033,0.06964271916930698,21.0,0.5278854234782558,-0.019741757923673137,1.527849957540789,-0.011316024773399736,2.527814545342256,-0.0028902979287132196,0.5969065427780151,0.16101397573947906,0.1110139787197113,0.78386390209198,0.78386390209198,0,ROW_FOLLOW,,1.0,133.0,114.0,0.09765392541885376,-0.015064239501953125,0.0,0.28517967462539673,0.0,-0.315308153629303,0.0,0.523809552192688,0.7119046449661255,0.9724875688552856,0.9322835206985474,1.0,0.4761904776096344,0.78386390209198,0.30000001192092896,0.20000000298023224,0.20000000298023224,0.15000000596046448,0.15000000596046448,1.0,1.0,1.0,1.0
complex_qaware_v018_r4,closed_loop,complex,full,1,0.18,True,5.397256484,1785050728.8148088,0.5490140950101388,-0.00522984716369834,-0.09223644939523674,0.12049879632134472,-0.019866748687706028,0.6441084229394285,0.13008239833678664,0.07342069359846502,19.0,0.5381245782666783,-0.01977232091913538,1.438089601038927,-0.01183501082354046,2.404718631869929,-0.0032884835953222945,0.5963744521141052,0.16440312564373016,0.1144031286239624,0.7758814096450806,0.78386390209198,0,ROW_FOLLOW,,1.0,129.0,131.0,0.10137485712766647,-0.015530511736869812,0.0,0.28448233008384705,0.0,-0.31554335355758667,0.0,0.523809552192688,0.6595237255096436,0.9770874977111816,0.9427748322486877,1.0,0.380952388048172,0.7758814096450806,0.30000001192092896,0.20000000298023224,0.20000000298023224,0.15000000596046448,0.15000000596046448,1.0,1.0,1.0,1.0
complex_qaware_v018_r4,closed_loop,complex,full,1,0.18,True,5.445371333,1785050728.8629236,0.5552186192742989,-0.005820504035808459,-0.09321696820729346,0.1218410704046017,-0.02662533250820828,0.6503511410771983,0.1277190114419008,0.07959761529475815,19.0,0.5381245782666783,-0.01977232091913538,1.438089601038927,-0.01183501082354046,2.404718631869929,-0.0032884835953222945,0.5963744521141052,0.16440312564373016,0.1144031286239624,0.7758814096450806,0.7758814096450806,0,ROW_FOLLOW,,1.0,129.0,131.0,0.10137485712766647,-0.015530511736869812,0.0,0.28448233008384705,0.0,-0.31554335355758667,0.0,0.523809552192688,0.6595237255096436,0.9770874977111816,0.9427748322486877,1.0,0.380952388048172,0.7758814096450806,0.30000001192092896,0.20000000298023224,0.20000000298023224,0.15000000596046448,0.15000000596046448,1.0,1.0,1.0,1.0
complex_qaware_v018_r4,closed_loop,complex,full,1,0.18,True,5.496656853,1785050728.9142091,0.5607034417089518,-0.006355862480673575,-0.09402239132586934,0.12291576207507661,-0.014675949198096557,0.6558765489503714,0.12733005340646641,0.08219066886432062,21.0,0.5499045420809122,-0.02044845047881483,1.549863098906986,-0.011334096250236625,2.5501961154071955,-0.002088050299717523,0.5963212251663208,0.15921856462955475,0.10921856760978699,0.7700221538543701,0.7758814096450806,0,ROW_FOLLOW,,1.0,128.0,133.0,0.10337616503238678,-0.015174061059951782,0.0,0.2846727669239044,0.0,-0.315020889043808,0.0,0.4841269552707672,0.6857142448425293,0.978363573551178,0.9464564323425293,1.0,0.4285714328289032,0.7700221538543701,0.30000001192092896,0.20000000298023224,0.20000000298023224,0.15000000596046448,0.15000000596046448,1.0,1.0,1.0,1.0
complex_qaware_v018_r4,closed_loop,complex,full,1,0.18,True,5.54548948,1785050728.9630418,0.5635610769915425,-0.0051384362232594445,-0.09487937752095865,0.11282326909566699,-0.019578407901146365,0.6599486020075552,0.12714833575326775,0.07637101293679252,21.0,0.5499045420809122,-0.02044845047881483,1.549863098906986,-0.011334096250236625,2.5501961154071955,-0.002088050299717523,0.5963212251663208,0.15921856462955475,0.10921856760978699,0.7700221538543701,0.7700221538543701,0,ROW_FOLLOW,,1.0,128.0,133.0,0.10337616503238678,-0.015174061059951782,0.0,0.2846727669239044,0.0,-0.315020889043808,0.0,0.4841269552707672,0.6857142448425293,0.978363573551178,0.9464564323425293,1.0,0.4285714328289032,0.7700221538543701,0.30000001192092896,0.20000000298023224,0.20000000298023224,0.15000000596046448,0.15000000596046448,1.0,1.0,1.0,1.0
complex_qaware_v018_r4,closed_loop,complex,full,1,0.18,True,5.596912572,1785050729.0144649,0.5698279519719703,-0.005745243492532991,-0.09565102976158535,0.11585307134502079,-0.009983417049707854,0.666254522042214,0.12676062736196222,0.07895573554549606,21.0,0.559985109148814,-0.020424650789197595,1.5599416428611914,-0.011088955512197738,2.5653108773402082,-0.0013883217919412297,0.5967989563941956,0.16961120069026947,0.11961120367050171,0.7847723960876465,0.7700221538543701,0,ROW_FOLLOW,,1.0,120.0,111.0,0.10516632348299026,-0.013240337371826172,0.0,0.28643518686294556,0.0,-0.3129158616065979,0.0,0.5396825671195984,0.6857142448425293,0.9748915433883667,0.9383094310760498,1.0,0.4285714328289032,0.7847723960876465,0.30000001192092896,0.20000000298023224,0.20000000298023224,0.15000000596046448,0.15000000596046448,1.0,1.0,1.0,1.0
complex_qaware_v018_r4,closed_loop,complex,full,1,0.18,True,5.645343013,1785050729.0628953,0.5766025813411918,-0.006167103883268684,-0.09632891921317553,0.1134553207057981,-0.036552994752472465,0.6730992263691729,0.1287184353073295,0.08360397325631247,21.0,0.559985109148814,-0.020424650789197595,1.5599416428611914,-0.011088955512197738,2.5653108773402082,-0.0013883217919412297,0.5967989563941956,0.16961120069026947,0.11961120367050171,0.7847723960876465,0.7847723960876465,0,ROW_FOLLOW,,1.0,120.0,111.0,0.10516632348299026,-0.013240337371826172,0.0,0.28643518686294556,0.0,-0.3129158616065979,0.0,0.5396825671195984,0.6857142448425293,0.9748915433883667,0.9383094310760498,1.0,0.4285714328289032,0.7847723960876465,0.30000001192092896,0.20000000298023224,0.20000000298023224,0.15000000596046448,0.15000000596046448,1.0,1.0,1.0,1.0
complex_qaware_v018_r4,closed_loop,complex,full,1,0.18,True,5.696338351,1785050729.1138906,0.5828637200171645,-0.006780575582732309,-0.09697425326333911,0.11599242405318125,-0.024491449639973552,0.6793984644033109,0.12833863857748146,0.08613595145529929,21.0,0.5712624801331991,-0.02006826946841147,1.5712174727772155,-0.010566572548323683,2.5711724227397172,-0.0010648728615439277,0.5959616303443909,0.1688433438539505,0.11884334683418274,0.7895394563674927,0.7847723960876465,0,ROW_FOLLOW,,1.0,133.0,133.0,0.10661069303750992,-0.012910589575767517,0.0,0.2865833342075348,0.0,-0.3124045133590698,0.0,0.5396825671195984,0.7119047045707703,0.973882794380188,0.9365143775939941,1.0,0.4761904776096344,0.7895394563674927,0.30000001192092896,0.20000000298023224,0.20000000298023224,0.15000000596046448,0.15000000596046448,1.0,1.0,1.0,1.0
complex_qaware_v018_r4,closed_loop,complex,full,1,0.18,True,5.745350823,1785050729.162903,0.5892190761833975,-0.006612607153231069,-0.09784029515997265,0.11820806883242925,-0.007845552528203778,0.6865522797444349,0.12861468838315726,0.090016091753276,21.0,0.5712624801331991,-0.02006826946841147,1.5712174727772155,-0.010566572548323683,2.5711724227397172,-0.0010648728615439277,0.5959616303443909,0.1688433438539505,0.11884334683418274,0.7895394563674927,0.7895394563674927,0,ROW_FOLLOW,,1.0,133.0,133.0,0.10661069303750992,-0.012910589575767517,0.0,0.2865833342075348,0.0,-0.3124045133590698,0.0,0.5396825671195984,0.7119047045707703,0.973882794380188,0.9365143775939941,1.0,0.4761904776096344,0.7895394563674927,0.30000001192092896,0.20000000298023224,0.20000000298023224,0.15000000596046448,0.15000000596046448,1.0,1.0,1.0,1.0
complex_qaware_v018_r4,closed_loop,complex,full,1,0.18,True,5.796265167,1785050729.2138174,0.5994707136023837,-0.008799045774074882,-0.09853376467111813,0.12455178649281054,-0.0188265415969672,0.6971380342311566,0.1270833417781098,0.10022506912025922,21.0,0.5841531396936209,-0.019113504210138906,1.5841189791098262,-0.011153926573913403,2.584084803202741,-0.0031943469936195445,0.5944342613220215,0.16936255991458893,0.11936256289482117,0.7930439710617065,0.7895394563674927,0,ROW_FOLLOW,,1.0,125.0,133.0,0.1032610610127449,-0.009866029024124146,0.0,0.2893693745136261,0.0,-0.3091014325618744,0.0,0.5317460298538208,0.7380951642990112,0.9757700562477112,0.9383143186569214,1.0,0.523809552192688,0.7930439710617065,0.30000001192092896,0.20000000298023224,0.20000000298023224,0.15000000596046448,0.15000000596046448,1.0,1.0,1.0,1.0
complex_qaware_v018_r4,closed_loop,complex,full,1,0.18,True,5.845265223,1785050729.2628176,0.6058491710246316,-0.009442672764924156,-0.09950628568511188,0.12563785428486743,-0.02457247816533772,0.7035589310080393,0.12635223155666409,0.1093045548962873,21.0,0.5841531396936209,-0.019113504210138906,1.5841189791098262,-0.011153926573913403,2.584084803202741,-0.0031943469936195445,0.5944342613220215,0.16936255991458893,0.11936256289482117,0.7930439710617065,0.7930439710617065,0,ROW_FOLLOW,,1.0,125.0,133.0,0.1032610610127449,-0.009866029024124146,0.0,0.2893693745136261,0.0,-0.3091014325618744,0.0,0.5317460298538208,0.7380951642990112,0.9757700562477112,0.9383143186569214,1.0,0.523809552192688,0.7930439710617065,0.30000001192092896,0.20000000298023224,0.20000000298023224,0.15000000596046448,0.15000000596046448,1.0,1.0,1.0,1.0
complex_qaware_v018_r4,closed_loop,complex,full,1,0.18,True,5.897553298,1785050729.3151054,0.6122638779515193,-0.010091190995422326,-0.09977506279716546,0.12702042271258981,0.0022424997306113633,0.7100217329869075,0.12597247045625928,0.11183629556565275,19.0,0.5982584521295048,-0.01806043708374343,1.498241135117939,-0.01343773236801668,2.4648904947684764,-0.008745330463406913,0.5955449342727661,0.1687435656785965,0.11874356865882874,0.7946197986602783,0.7930439710617065,0,ROW_FOLLOW,,1.0,135.0,141.0,0.10082050412893295,-0.00573459267616272,0.0,0.2938065528869629,0.0,-0.30527573823928833,0.0,0.5396825075149536,0.7380951642990112,0.9746291041374207,0.9344682097434998,1.0,0.523809552192688,0.7946197986602783,0.30000001192092896,0.20000000298023224,0.20000000298023224,0.15000000596046448,0.15000000596046448,1.0,1.0,1.0,1.0
complex_qaware_v018_r4,closed_loop,complex,full,1,0.18,True,5.945331658,1785050729.3628838,0.6163181053485647,-0.01099372095304547,-0.1000009571549452,0.13036081080815867,0.003065313614381508,0.7141992826142389,0.12500888864169335,0.12015116744771168,19.0,0.5982584521295048,-0.01806043708374343,1.498241135117939,-0.01343773236801668,2.4648904947684764,-0.008745330463406913,0.5955449342727661,0.1687435656785965,0.11874356865882874,0.7946197986602783,0.7946197986602783,0,ROW_FOLLOW,,1.0,135.0,141.0,0.10082050412893295,-0.00573459267616272,0.0,0.2938065528869629,0.0,-0.30527573823928833,0.0,0.5396825075149536,0.7380951642990112,0.9746291041374207,0.9344682097434998,1.0,0.523809552192688,0.7946197986602783,0.30000001192092896,0.20000000298023224,0.20000000298023224,0.15000000596046448,0.15000000596046448,1.0,1.0,1.0,1.0
complex_qaware_v018_r4,closed_loop,complex,full,1,0.18,True,5.997603669,1785050729.415156,0.6227398274386103,-0.011646203181823725,-0.10052672091084472,0.13016422778128375,-0.01703593658485729,0.7206608790624914,0.12454558376304276,0.12323986663871558,19.0,0.611507784794281,-0.01609759509881616,1.5115039497235545,-0.01488056219540998,2.5448333567406958,-0.013708228592894936,0.5908196568489075,0.15313319861888885,0.1031332015991211,0.7949755191802979,0.7946197986602783,0,ROW_FOLLOW,,1.0,128.0,136.0,0.09881076961755753,-0.0021558403968811035,0.0,0.297488808631897,0.0,-0.3018004894256592,0.0,0.5555555820465088,0.7380951642990112,0.9683321714401245,0.913489043712616,1.0,0.523809552192688,0.7949755191802979,0.30000001192092896,0.20000000298023224,0.20000000298023224,0.15000000596046448,0.15000000596046448,1.0,1.0,1.0,1.0
complex_qaware_v018_r4,closed_loop,complex,full,1,0.18,True,6.045414638,1785050729.4629667,0.6290965540959285,-0.012367563131168675,-0.10058327421511848,0.1360283488972556,-0.017093973677270183,0.727077138704188,0.12317931945914691,0.13277515995537797,19.0,0.611507784794281,-0.01609759509881616,1.5115039497235545,-0.01488056219540998,2.5448333567406958,-0.013708228592894936,0.5908196568489075,0.15313319861888885,0.1031332015991211,0.7949755191802979,0.7949755191802979,0,ROW_FOLLOW,,1.0,128.0,136.0,0.09881076961755753,-0.0021558403968811035,0.0,0.297488808631897,0.0,-0.3018004894256592,0.0,0.5555555820465088,0.7380951642990112,0.9683321714401245,0.913489043712616,1.0,0.523809552192688,0.7949755191802979,0.30000001192092896,0.20000000298023224,0.20000000298023224,0.15000000596046448,0.15000000596046448,1.0,1.0,1.0,1.0
complex_qaware_v018_r4,closed_loop,complex,full,1,0.18,True,6.098753427,1785050729.5163057,0.635693059487105,-0.013038406154819179,-0.10097245399534806,0.13510340636185833,-0.015275120884862228,0.7337127399545442,0.12270377923978157,0.13594542808448012,20.0,0.6235666065633841,-0.014430637209568026,1.6235658150834817,-0.014249803879518484,2.635692485696425,-0.011238066530659554,0.5924708843231201,0.15689153969287872,0.10689154267311096,0.8050681352615356,0.7949755191802979,0,ROW_FOLLOW,,1.0,149.0,137.0,0.10218545794487,-0.0006256848573684692,0.0,0.2989281713962555,0.0,-0.30017954111099243,0.0,0.579365074634552,0.7380951642990112,0.9711313843727112,0.9294217228889465,1.0,0.523809552192688,0.8050681352615356,0.30000001192092896,0.20000000298023224,0.20000000298023224,0.15000000596046448,0.15000000596046448,1.0,1.0,1.0,1.0
complex_qaware_v018_r4,closed_loop,complex,full,1,0.18,True,6.145418128,1785050729.5629704,0.6417249468313627,-0.013636204223329756,-0.10027761936883106,0.1343094170198174,0.023088326880605376,0.7397871334353474,0.12302055111958007,0.14594475484997563,20.0,0.6235666065633841,-0.014430637209568026,1.6235658150834817,-0.014249803879518484,2.635692485696425,-0.011238066530659554,0.5924708843231201,0.15689153969287872,0.10689154267311096,0.8050681352615356,0.8050681352615356,0,ROW_FOLLOW,,1.0,149.0,137.0,0.10218545794487,-0.0006256848573684692,0.0,0.2989281713962555,0.0,-0.30017954111099243,0.0,0.579365074634552,0.7380951642990112,0.9711313843727112,0.9294217228889465,1.0,0.523809552192688,0.8050681352615356,0.30000001192092896,0.20000000298023224,0.20000000298023224,0.15000000596046448,0.15000000596046448,1.0,1.0,1.0,1.0
complex_qaware_v018_r4,closed_loop,complex,full,1,0.18,True,6.19665344,1785050729.6142056,0.6464475593452491,-0.012697501716812401,-0.10082091980217724,0.1362305995933715,-0.007666772065187713,0.7446076324804315,0.12373765899836846,0.14116403565805302,21.0,0.6349604839739382,-0.01256076983686559,1.6349594363299726,-0.013258508964098753,2.6464491688689145,-0.013396731753351723,0.5941402316093445,0.15963216125965118,0.10963216423988342,0.7875583171844482,0.8050681352615356,0,ROW_FOLLOW,,1.0,132.0,144.0,0.09923063963651657,0.002481326460838318,0.0,0.3026302754878998,0.0,-0.29766762256622314,0.0,0.5317460298538208,0.7119047045707703,0.9772758483886719,0.9346556067466736,1.0,0.4761904776096344,0.7875583171844482,0.30000001192092896,0.20000000298023224,0.20000000298023224,0.15000000596046448,0.15000000596046448,1.0,1.0,1.0,1.0
complex_qaware_v018_r4,closed_loop,complex,full,1,0.18,True,6.24567052,1785050729.6632228,0.6557459296205718,-0.015267793069061605,-0.10041991536698933,0.13483546889608086,0.010541614576173357,0.7545206235618137,0.11728586720456545,0.16316419925756814,21.0,0.6349604839739382,-0.01256076983686559,1.6349594363299726,-0.013258508964098753,2.6464491688689145,-0.013396731753351723,0.5941402316093445,0.15963216125965118,0.10963216423988342,0.7875583171844482,0.7875583171844482,0,ROW_FOLLOW,,1.0,132.0,144.0,0.09923063963651657,0.002481326460838318,0.0,0.3026302754878998,0.0,-0.29766762256622314,0.0,0.5317460298538208,0.7119047045707703,0.9772758483886719,0.9346556067466736,1.0,0.4761904776096344,0.7875583171844482,0.30000001192092896,0.20000000298023224,0.20000000298023224,0.15000000596046448,0.15000000596046448,1.0,1.0,1.0,1.0
complex_qaware_v018_r4,closed_loop,complex,full,1,0.18,True,6.300119001,1785050729.7176712,0.6620733262790206,-0.015904203001385894,-0.10024289688055088,0.13437320965756688,0.025221643844130146,0.7608822223499199,0.11686761300884807,0.16595256056235078,21.0,0.6480711758011339,-0.011955275901840775,1.6480703258386555,-0.011645279366930448,2.6542579559953454,-0.011383886733322848,0.5973936915397644,0.16072843968868256,0.1107284426689148,0.801815390586853,0.7875583171844482,0,ROW_FOLLOW,,1.0,139.0,138.0,0.1015501543879509,0.003918647766113281,0.0,0.3039740324020386,0.0,-0.296136736869812,0.0,0.579365074634552,0.7119047045707703,0.9753953814506531,0.9369723796844482,1.0,0.4761904776096344,0.801815390586853,0.30000001192092896,0.20000000298023224,0.20000000298023224,0.15000000596046448,0.15000000596046448,1.0,1.0,1.0,1.0
complex_qaware_v018_r4,closed_loop,complex,full,1,0.18,True,6.345198158,1785050729.7627504,0.665482948692777,-0.015927585153638957,-0.10031918365554568,0.13247318692282098,-0.012094381711380931,0.7701084074696638,0.11859440023674672,0.17154913379257877,21.0,0.6480711758011339,-0.011955275901840775,1.6480703258386555,-0.011645279366930448,2.6542579559953454,-0.011383886733322848,0.5973936915397644,0.16072843968868256,0.1107284426689148,0.801815390586853,0.801815390586853,0,ROW_FOLLOW,,1.0,139.0,138.0,0.1015501543879509,0.003918647766113281,0.0,0.3039740324020386,0.0,-0.296136736869812,0.0,0.579365074634552,0.7119047045707703,0.9753953814506531,0.9369723796844482,1.0,0.4761904776096344,0.801815390586853,0.30000001192092896,0.20000000298023224,0.20000000298023224,0.15000000596046448,0.15000000596046448,1.0,1.0,1.0,1.0
complex_qaware_v018_r4,closed_loop,complex,full,1,0.18,True,6.39580747,1785050729.8133595,0.6719074490681991,-0.016573599076578353,-0.10021787174811565,0.1305866555506175,-0.005094253387874899,0.7765667457653874,0.1181349727410448,0.1746119837639249,21.0,0.6601375137240572,-0.011525201127000494,1.6601348768006823,-0.010459402554800911,2.6601322689542592,-0.00939360599998372,0.5943207144737244,0.16477499902248383,0.11477500200271606,0.8037331104278564,0.801815390586853,0,ROW_FOLLOW,,1.0,130.0,139.0,0.10369828343391418,0.004199758172035217,0.0,0.30434560775756836,0.0,-0.2959460914134979,0.0,0.5873015522956848,0.7119047045707703,0.9745821952819824,0.9349686503410339,1.0,0.4761904776096344,0.8037331104278564,0.30000001192092896,0.20000000298023224,0.20000000298023224,0.15000000596046448,0.15000000596046448,1.0,1.0,1.0,1.0
complex_qaware_v018_r4,closed_loop,complex,full,1,0.18,True,6.445390612,1785050729.862943,0.6815240571386264,-0.017457301425909545,-0.10009774019316352,0.12713827029944844,-0.00807026132816701,0.7862298239347778,0.11725758755291636,0.18276248216065183,21.0,0.6601375137240572,-0.011525201127000494,1.6601348768006823,-0.010459402554800911,2.6601322689542592,-0.00939360599998372,0.5943207144737244,0.16477499902248383,0.11477500200271606,0.8037331104278564,0.8037331104278564,0,ROW_FOLLOW,,1.0,130.0,139.0,0.10369828343391418,0.004199758172035217,0.0,0.30434560775756836,0.0,-0.2959460914134979,0.0,0.5873015522956848,0.7119047045707703,0.9745821952819824,0.9349686503410339,1.0,0.4761904776096344,0.8037331104278564,0.30000001192092896,0.20000000298023224,0.20000000298023224,0.15000000596046448,0.15000000596046448,1.0,1.0,1.0,1.0
complex_qaware_v018_r4,closed_loop,complex,full,1,0.18,True,6.497337047,1785050729.914889,0.6877154991673656,-0.01806497475574588,-0.0989659823495059,0.1266208935928365,0.04649014252892101,0.7924650914551388,0.11701765570079488,0.18436202784146175,19.0,0.6738919385273078,-0.011966845705088519,1.5738899399502537,-0.010497461756852062,2.540554718131968,-0.009020734110990728,0.5956975221633911,0.16810370981693268,0.11810371279716492,0.8049086332321167,0.8037331104278564,0,ROW_FOLLOW,,1.0,141.0,142.0,0.09907625615596771,0.0065238624811172485,0.0,0.3070581555366516,0.0,-0.2940104305744171,0.0,0.579365074634552,0.7380951642990112,0.9707717895507812,0.9288381934165955,1.0,0.523809552192688,0.8049086332321167,0.30000001192092896,0.20000000298023224,0.20000000298023224,0.15000000596046448,0.15000000596046448,1.0,1.0,1.0,1.0
complex_qaware_v018_r4,closed_loop,complex,full,1,0.18,True,6.545278899,1785050729.962831,0.6938533077571446,-0.01866728699632347,-0.0985525144317791,0.12614579163345943,-0.00696249561218743,0.7986392435483332,0.11706061169736075,0.18548628189613503,19.0,0.6738919385273078,-0.011966845705088519,1.5738899399502537,-0.010497461756852062,2.540554718131968,-0.009020734110990728,0.5956975221633911,0.16810370981693268,0.11810371279716492,0.8049086332321167,0.8049086332321167,0,ROW_FOLLOW,,1.0,141.0,142.0,0.09907625615596771,0.0065238624811172485,0.0,0.3070581555366516,0.0,-0.2940104305744171,0.0,0.579365074634552,0.7380951642990112,0.9707717895507812,0.9288381934165955,1.0,0.523809552192688,0.8049086332321167,0.30000001192092896,0.20000000298023224,0.20000000298023224,0.15000000596046448,0.15000000596046448,1.0,1.0,1.0,1.0
complex_qaware_v018_r4,closed_loop,complex,full,1,0.18,True,6.596393025,1785050730.0139453,0.6958591374264428,-0.018854340515485946,-0.09820031397387032,0.12564639513327316,0.007579602040162998,0.8006610158794197,0.11698569214029063,0.1859857456099357,19.0,0.6738919385273078,-0.011966845705088519,1.5738899399502537,-0.010497461756852062,2.540554718131968,-0.009020734110990728,0.5956975221633911,0.16810370981693268,0.11810371279716492,0.8049086332321167,0.8049086332321167,0,ROW_FOLLOW,,1.0,141.0,142.0,0.09907625615596771,0.0065238624811172485,0.0,0.3070581555366516,0.0,-0.2940104305744171,0.0,0.579365074634552,0.7380951642990112,0.9707717895507812,0.9288381934165955,1.0,0.523809552192688,0.8049086332321167,0.30000001192092896,0.20000000298023224,0.20000000298023224,0.15000000596046448,0.15000000596046448,1.0,1.0,1.0,1.0
complex_qaware_v018_r4,closed_loop,complex,full,1,0.18,True,6.6453526,1785050730.0629048,0.7053509409361107,-0.018593464225658947,-0.09745964055337364,0.1254125355836753,0.02604885713044576,0.8101658144414157,0.11810277815730243,0.18578418916656778,21.0,0.6851619693488541,-0.011203862403007863,1.6851593996333847,-0.01067453867153619,2.6838777409653183,-0.009557535395317866,0.5952898859977722,0.16848395764827728,0.11848396062850952,0.8109467029571533,0.8109467029571533,0,ROW_FOLLOW,,1.0,147.0,151.0,0.09578298777341843,0.009149238467216492,0.0,0.3100984990596771,0.0,-0.29180002212524414,0.0,0.579365074634552,0.764285683631897,0.975002646446228,0.9285299181938171,1.0,0.5714285969734192,0.8109467029571533,0.30000001192092896,0.20000000298023224,0.20000000298023224,0.15000000596046448,0.15000000596046448,1.0,1.0,1.0,1.0
complex_qaware_v018_r4,closed_loop,complex,full,1,0.18,True,6.699128425,1785050730.1166806,0.7111107468864092,-0.019148411945193174,-0.09702944074877352,0.12492850818019932,0.023132950131461934,0.8159576762304989,0.11766667703817124,0.18825465175643002,21.0,0.6851619693488541,-0.011203862403007863,1.6851593996333847,-0.01067453867153619,2.6838777409653183,-0.009557535395317866,0.5952898859977722,0.16848395764827728,0.11848396062850952,0.8109467029571533,0.8105826377868652,0,ROW_FOLLOW,,1.0,147.0,151.0,0.09578298777341843,0.009149238467216492,0.0,0.3100984990596771,0.0,-0.29180002212524414,0.0,0.579365074634552,0.764285683631897,0.975002646446228,0.9285299181938171,1.0,0.5714285969734192,0.8109467029571533,0.30000001192092896,0.20000000298023224,0.20000000298023224,0.15000000596046448,0.15000000596046448,1.0,1.0,1.0,1.0
complex_qaware_v018_r4,closed_loop,complex,full,1,0.18,True,6.745814087,1785050730.1633663,0.7180194224063984,-0.01944437697715085,-0.09682975352265807,0.1261769601707507,-0.004337580399254395,0.8229456149692206,0.116882394347122,0.1934832030300917,21.0,0.6982323357832559,-0.010155070034356136,1.6982317172394612,-0.01055689164098387,2.70348915408303,-0.010777783095662291,0.5917853713035583,0.15395255386829376,0.103952556848526,0.8105826377868652,0.8105826377868652,0,ROW_FOLLOW,,1.0,140.0,152.0,0.09771641343832016,0.00992092490196228,0.0,0.311851441860199,0.0,-0.2920095920562744,0.0,0.5952380895614624,0.764285683631897,0.962347149848938,0.911230742931366,1.0,0.5714285969734192,0.8105826377868652,0.30000001192092896,0.20000000298023224,0.20000000298023224,0.15000000596046448,0.15000000596046448,1.0,1.0,1.0,1.0
complex_qaware_v018_r4,closed_loop,complex,full,1,0.18,True,6.796308101,1785050730.2138603,0.7242071071570149,-0.02003739699098167,-0.09653651691619691,0.12579128373177856,-0.013261942532527977,0.8291662691978603,0.11642596842495023,0.1965260425112367,20.0,0.7104044400444088,-0.008958981878951852,1.7437364278697611,-0.010125321138344271,2.6437353309112654,-0.011115474195208993,0.5941824913024902,0.15279696881771088,0.10279697179794312,0.8127516508102417,0.8105826377868652,0,ROW_FOLLOW,,1.0,134.0,141.0,0.09455171227455139,0.01208457350730896,0.0,0.31545141339302063,0.0,-0.2912822663784027,0.0,0.5952380895614624,0.764285683631897,0.9671563506126404,0.9192789793014526,1.0,0.5714285969734192,0.8127516508102417,0.30000001192092896,0.20000000298023224,0.20000000298023224,0.15000000596046448,0.15000000596046448,1.0,1.0,1.0,1.0
complex_qaware_v018_r4,closed_loop,complex,full,1,0.18,True,6.845274332,1785050730.2628264,0.7350119200433286,-0.019772894339811317,-0.09521457322344996,0.12915992863520656,0.022399940226587,0.8400738952797118,0.11653607591533098,0.19839480820341682,20.0,0.7104044400444088,-0.008958981878951852,1.7437364278697611,-0.010125321138344271,2.6437353309112654,-0.011115474195208993,0.5941824913024902,0.15279696881771088,0.10279697179794312,0.8127516508102417,0.8127516508102417,0,ROW_FOLLOW,,1.0,134.0,141.0,0.09455171227455139,0.01208457350730896,0.0,0.31545141339302063,0.0,-0.2912822663784027,0.0,0.5952380895614624,0.764285683631897,0.9671563506126404,0.9192789793014526,1.0,0.5714285969734192,0.8127516508102417,0.30000001192092896,0.20000000298023224,0.20000000298023224,0.15000000596046448,0.15000000596046448,1.0,1.0,1.0,1.0
complex_qaware_v018_r4,closed_loop,complex,full,1,0.18,True,6.89687343,1785050730.3144257,0.7407840461337057,-0.02031182404172168,-0.09475727930786085,0.12637936267770986,0.022660913114507013,0.8458764783828648,0.116132765805899,0.20108354226629666,20.0,0.7253686625553076,-0.008185569230787818,1.7587011502321284,-0.008347215344885939,2.692033791508809,-0.008399432290984521,0.5949254631996155,0.1627279669046402,0.11272796988487244,0.8189570903778076,0.8189570903778076,0,ROW_FOLLOW,,1.0,137.0,142.0,0.09576864540576935,0.012935459613800049,0.0,0.3175080418586731,0.0,-0.291637122631073,0.0,0.6190476417541504,0.764285683631897,0.9635233879089355,0.9178728461265564,1.0,0.5714285969734192,0.8189570903778076,0.30000001192092896,0.20000000298023224,0.20000000298023224,0.15000000596046448,0.15000000596046448,1.0,1.0,1.0,1.0
complex_qaware_v018_r4,closed_loop,complex,full,1,0.18,True,6.945368802,1785050730.362921,0.7493345774467952,-0.020414666329278405,-0.09357299650925335,0.12673158565525997,0.01982284080829224,0.8544864106720682,0.11663613372727372,0.2051742836048777,20.0,0.7253686625553076,-0.008185569230787818,1.7587011502321284,-0.008347215344885939,2.692033791508809,-0.008399432290984521,0.5949254631996155,0.1627279669046402,0.11272796988487244,0.8189570903778076,0.8189570903778076,0,ROW_FOLLOW,,1.0,137.0,142.0,0.09576864540576935,0.012935459613800049,0.0,0.3175080418586731,0.0,-0.291637122631073,0.0,0.6190476417541504,0.764285683631897,0.9635233879089355,0.9178728461265564,1.0,0.5714285969734192,0.8189570903778076,0.30000001192092896,0.20000000298023224,0.20000000298023224,0.15000000596046448,0.15000000596046448,1.0,1.0,1.0,1.0
complex_qaware_v018_r4,closed_loop,complex,full,1,0.18,True,6.999297879,1785050730.41685,0.7547969558650766,-0.020915736649253506,-0.09283214723733484,0.12308854398991628,0.03275773093289001,0.859979915066537,0.11630848683637245,0.2073585962108862,19.0,0.7399415066375257,-0.0071992936278751285,1.6732737112305205,-0.008079936187443747,2.673272548473188,-0.008976799489596527,0.5976579189300537,0.15355058014392853,0.10355058312416077,0.8018509149551392,0.8189570903778076,0,ROW_FOLLOW,,1.0,122.0,132.0,0.09109064191579819,0.014647096395492554,0.0,0.3203778862953186,0.0,-0.2910836935043335,0.0,0.579365074634552,0.7380951642990112,0.960921585559845,0.9215866327285767,1.0,0.523809552192688,0.8018509149551392,0.30000001192092896,0.20000000298023224,0.20000000298023224,0.15000000596046448,0.15000000596046448,1.0,1.0,1.0,1.0
complex_qaware_v018_r4,closed_loop,complex,full,1,0.18,True,7.045461704,1785050730.463014,0.7609604712152842,-0.020984733107196136,-0.0912479679163796,0.12017341430982952,0.017779717681109714,0.8663535255630027,0.11306274399980397,0.20846947128080712,19.0,0.7399415066375257,-0.0071992936278751285,1.6732737112305205,-0.008079936187443747,2.673272548473188,-0.008976799489596527,0.5976579189300537,0.15355058014392853,0.10355058312416077,0.8018509149551392,0.8018509149551392,0,ROW_FOLLOW,,1.0,122.0,132.0,0.09109064191579819,0.014647096395492554,0.0,0.3203778862953186,0.0,-0.2910836935043335,0.0,0.579365074634552,0.7380951642990112,0.960921585559845,0.9215866327285767,1.0,0.523809552192688,0.8018509149551392,0.30000001192092896,0.20000000298023224,0.20000000298023224,0.15000000596046448,0.15000000596046448,1.0,1.0,1.0,1.0
complex_qaware_v018_r4,closed_loop,complex,full,1,0.18,True,7.097368809,1785050730.514921,0.7660506973268565,-0.02142851080319183,-0.090135106795739,0.1169719502112993,0.031173831982108168,0.8714750980456004,0.11286032510949916,0.20981893054950587,19.0,0.7539025503892091,-0.006127724231148821,1.7588995647852288,-0.00765885279768761,2.753435092750376,-0.008852039135551878,0.5976579189300537,0.15355058014392853,0.10355058312416077,0.8018509149551392,0.8018509149551392,0,ROW_FOLLOW,,1.0,122.0,132.0,0.09109064191579819,0.014647096395492554,0.0,0.3203778862953186,0.0,-0.2910836935043335,0.0,0.579365074634552,0.7380951642990112,0.960921585559845,0.9215866327285767,1.0,0.523809552192688,0.8018509149551392,0.30000001192092896,0.20000000298023224,0.20000000298023224,0.15000000596046448,0.15000000596046448,1.0,1.0,1.0,1.0
complex_qaware_v018_r4,closed_loop,complex,full,1,0.18,True,7.145320679,1785050730.562873,0.7705496635427529,-0.022452001479340213,-0.08807082849923246,0.11081964208987806,0.029069253276300774,0.8780152787939312,0.11240651464044872,0.21568175318639646,20.0,0.7539025503892091,-0.006127724231148821,1.7588995647852288,-0.00765885279768761,2.753435092750376,-0.008852039135551878,0.6004192233085632,0.16218455135822296,0.1121845543384552,0.8042154312133789,0.8042154312133789,0,ROW_FOLLOW,,1.0,127.0,139.0,0.08632894605398178,0.016690492630004883,0.0,0.32282623648643494,0.0,-0.28944525122642517,0.0,0.60317462682724,0.7119047045707703,0.9622281193733215,0.9229094982147217,1.0,0.4761904776096344,0.8042154312133789,0.30000001192092896,0.20000000298023224,0.20000000298023224,0.15000000596046448,0.15000000596046448,1.0,1.0,1.0,1.0
complex_qaware_v018_r4,closed_loop,complex,full,1,0.18,True,7.195633537,1785050730.613186,0.7758239855840496,-0.022892923025243206,-0.08664742737195487,0.10997558419643438,0.04714293370850672,0.8833232525900818,0.11225205584811597,0.21671147846861477,20.0,0.7656211127759186,-0.00490894176058778,1.7756134317072718,-0.008588842816877424,2.77099909143791,-0.013389862993658158,0.6019187569618225,0.16370774805545807,0.11370775103569031,0.7927097082138062,0.8042154312133789,0,ROW_FOLLOW,,1.0,130.0,128.0,0.0812927782535553,0.01917317509651184,0.0,0.3258880376815796,0.0,-0.2875416874885559,0.0,0.579365074634552,0.6857142448425293,0.9649037718772888,0.9251767992973328,1.0,0.4285714328289032,0.7927097082138062,0.30000001192092896,0.20000000298023224,0.20000000298023224,0.15000000596046448,0.15000000596046448,1.0,1.0,1.0,1.0
complex_qaware_v018_r4,closed_loop,complex,full,1,0.18,True,7.24547147,1785050730.6630237,0.7812470740383993,-0.023291046085264607,-0.08322939144003305,0.1091092870288073,0.06474370674665256,0.8888101397801398,0.11032114319067635,0.21577736191872496,20.0,0.7656211127759186,-0.00490894176058778,1.7756134317072718,-0.008588842816877424,2.77099909143791,-0.013389862993658158,0.6019187569618225,0.16370774805545807,0.11370775103569031,0.7927097082138062,0.7927097082138062,0,ROW_FOLLOW,,1.0,130.0,128.0,0.0812927782535553,0.01917317509651184,0.0,0.3258880376815796,0.0,-0.2875416874885559,0.0,0.579365074634552,0.6857142448425293,0.9649037718772888,0.9251767992973328,1.0,0.4285714328289032,0.7927097082138062,0.30000001192092896,0.20000000298023224,0.20000000298023224,0.15000000596046448,0.15000000596046448,1.0,1.0,1.0,1.0
complex_qaware_v018_r4,closed_loop,complex,full,1,0.18,True,7.295469664,1785050730.713022,0.7774848331736547,-0.02396430904479316,-0.08104618753310835,0.1076748894075643,0.05697210344996901,0.8941231326768777,0.11037943791791875,0.21538873040377565,19.0,0.7732220629771666,-0.0036211458124822335,1.6732093065019196,-0.008324174515786884,2.706527846142373,-0.013766956605600365,0.6029959917068481,0.16294004023075104,0.11294004321098328,0.8039951324462891,0.7927097082138062,0,ROW_FOLLOW,,1.0,121.0,133.0,0.07453016191720963,0.021559491753578186,0.0,0.32903623580932617,0.0,-0.2859172523021698,0.0,0.6190475821495056,0.6857142448425293,0.9638634920120239,0.922435462474823,1.0,0.4285714328289032,0.8039951324462891,0.30000001192092896,0.20000000298023224,0.20000000298023224,0.15000000596046448,0.15000000596046448,1.0,1.0,1.0,1.0
complex_qaware_v018_r4,closed_loop,complex,full,1,0.18,True,7.345740312,1785050730.7632928,0.7840306462398862,-0.024580489003394934,-0.07756368216212021,0.09366961868160505,0.07340470676232674,0.9007075500903661,0.1121122919915234,0.2173788789920576,19.0,0.7732220629771666,-0.0036211458124822335,1.6732093065019196,-0.008324174515786884,2.706527846142373,-0.013766956605600365,0.6029959917068481,0.16294004023075104,0.11294004321098328,0.8039951324462891,0.8039951324462891,0,ROW_FOLLOW,,1.0,121.0,133.0,0.07453016191720963,0.021559491753578186,0.0,0.32903623580932617,0.0,-0.2859172523021698,0.0,0.6190475821495056,0.6857142448425293,0.9638634920120239,0.922435462474823,1.0,0.4285714328289032,0.8039951324462891,0.30000001192092896,0.20000000298023224,0.20000000298023224,0.15000000596046448,0.15000000596046448,1.0,1.0,1.0,1.0
complex_qaware_v018_r4,closed_loop,complex,full,1,0.18,True,7.399046398,1785050730.8165984,0.7891762418958397,-0.024962691836086414,-0.07414139596154713,0.09526290740841077,0.09432392074825294,0.9058849789986152,0.11242294584979376,0.21530785327025512,21.0,0.780967978944178,-0.002433172205271502,1.7859470734256984,-0.00887914241239509,2.7892976899743243,-0.0159481931831477,0.5982714891433716,0.16299913823604584,0.11299914121627808,0.8021633625030518,0.8039951324462891,0,ROW_FOLLOW,,1.0,112.0,138.0,0.06675434857606888,0.023789122700691223,0.0,0.3314509987831116,0.0,-0.2838727533817291,0.0,0.5873015522956848,0.7380951642990112,0.9585838317871094,0.9109140038490295,1.0,0.523809552192688,0.8021633625030518,0.30000001192092896,0.20000000298023224,0.20000000298023224,0.15000000596046448,0.15000000596046448,1.0,1.0,1.0,1.0
complex_qaware_v018_r4,closed_loop,complex,full,1,0.18,True,7.445672218,1785050730.8632245,0.7982926467724909,-0.027387274727124836,-0.06757251704756718,0.09725872055450724,0.12247699787524036,0.9156096268200135,0.11094751100747925,0.22294596162046706,21.0,0.780967978944178,-0.002433172205271502,1.7859470734256984,-0.00887914241239509,2.7892976899743243,-0.0159481931831477,0.5982714891433716,0.16299913823604584,0.11299914121627808,0.8021633625030518,0.8021633625030518,0,ROW_FOLLOW,,1.0,112.0,138.0,0.06675434857606888,0.023789122700691223,0.0,0.3314509987831116,0.0,-0.2838727533817291,0.0,0.5873015522956848,0.7380951642990112,0.9585838317871094,0.9109140038490295,1.0,0.523809552192688,0.8021633625030518,0.30000001192092896,0.20000000298023224,0.20000000298023224,0.15000000596046448,0.15000000596046448,1.0,1.0,1.0,1.0
complex_qaware_v018_r4,closed_loop,complex,full,1,0.18,True,7.49679396,1785050730.9143462,0.803628714706268,-0.027668696673424246,-0.06230995405012641,0.09896505855007312,0.1283268204690861,0.9210094086033805,0.11167254052137504,0.21811243152782844,21.0,0.7902721252669483,-0.0016945813128573216,1.7902452939846896,-0.009008978342117432,2.7965361756768488,-0.01676645421073162,0.603022575378418,0.16841717064380646,0.1184171736240387,0.8070544004440308,0.8021633625030518,0,ROW_FOLLOW,,1.0,102.0,118.0,0.05426963418722153,0.026165291666984558,0.0,0.3342220187187195,0.0,-0.28189143538475037,0.0,0.5873015522956848,0.764285683631897,0.9623348712921143,0.9035986661911011,1.0,0.5714285969734192,0.8070544004440308,0.30000001192092896,0.20000000298023224,0.20000000298023224,0.15000000596046448,0.15000000596046448,1.0,1.0,1.0,1.0
complex_qaware_v018_r4,closed_loop,complex,full,1,0.18,True,7.545265587,1785050730.962818,0.8090018365017577,-0.027836999677473526,-0.055486233387565885,0.10046968339071745,0.1113246715620012,0.926480565371838,0.11374494883291787,0.21016562164671762,21.0,0.7902721252669483,-0.0016945813128573216,1.7902452939846896,-0.009008978342117432,2.7965361756768488,-0.01676645421073162,0.603022575378418,0.16841717064380646,0.1184171736240387,0.8070544004440308,0.8070544004440308,0,ROW_FOLLOW,,1.0,102.0,118.0,0.05426963418722153,0.026165291666984558,0.0,0.3342220187187195,0.0,-0.28189143538475037,0.0,0.5873015522956848,0.764285683631897,0.9623348712921143,0.9035986661911011,1.0,0.5714285969734192,0.8070544004440308,0.30000001192092896,0.20000000298023224,0.20000000298023224,0.15000000596046448,0.15000000596046448,1.0,1.0,1.0,1.0
complex_qaware_v018_r4,closed_loop,complex,full,1,0.18,True,7.596227101,1785050731.0137794,0.8162629631011505,-0.0281226914114762,-0.05133035195278833,0.10231294842705609,0.10001010185614466,0.9338226170326624,0.11263758156039766,0.20744179266436544,19.0,0.8013697546426665,-0.0010476127812250786,1.7013450813955362,-0.007706292068177225,2.6679856879719037,-0.014816203786485417,0.6101773381233215,0.1759023219347,0.12590232491493225,0.7986325025558472,0.7986325025558472,0,ROW_FOLLOW,,1.0,101.0,115.0,0.04456191882491112,0.027332797646522522,0.0,0.33604541420936584,0.0,-0.2813798189163208,0.0,0.5873015522956848,0.6857142448425293,0.9719237089157104,0.9394297003746033,1.0,0.4285714328289032,0.7986325025558472,0.30000001192092896,0.20000000298023224,0.20000000298023224,0.15000000596046448,0.15000000596046448,1.0,1.0,1.0,1.0
complex_qaware_v018_r4,closed_loop,complex,full,1,0.18,True,7.645258167,1785050731.0628104,0.8174651995483689,-0.028267630138562587,-0.04554153567672389,0.10104327980220626,0.10941426296454511,0.9350577931898905,0.11374863620803666,0.2000347616801055,19.0,0.8013697546426665,-0.0010476127812250786,1.7013450813955362,-0.007706292068177225,2.6679856879719037,-0.014816203786485417,0.6101773381233215,0.1759023219347,0.12590232491493225,0.7986325025558472,0.7986325025558472,0,ROW_FOLLOW,,1.0,101.0,115.0,0.04456191882491112,0.027332797646522522,0.0,0.33604541420936584,0.0,-0.2813798189163208,0.0,0.5873015522956848,0.6857142448425293,0.9719237089157104,0.9394297003746033,1.0,0.4285714328289032,0.7986325025558472,0.30000001192092896,0.20000000298023224,0.20000000298023224,0.15000000596046448,0.15000000596046448,1.0,1.0,1.0,1.0
complex_qaware_v018_r4,closed_loop,complex,full,1,0.18,True,7.698034128,1785050731.1155863,0.8227529812871837,-0.02842329394477581,-0.03986437838787893,0.10197339298140995,0.15587682662764923,0.940407662003557,0.11463249927934539,0.1941423412047139,21.0,0.8125396920319609,-0.0008259167122230358,1.812518874568788,-0.007061364248519542,2.8133107791679817,-0.012944650031483526,0.6065762042999268,0.16146259009838104,0.11146259307861328,0.8029370307922363,0.7986325025558472,0,ROW_FOLLOW,,1.0,91.0,103.0,0.03596664220094681,0.027914375066757202,0.0,0.33638134598731995,0.0,-0.28055259585380554,0.0,0.6111111044883728,0.6857142448425293,0.9653056263923645,0.9293313026428223,1.0,0.4285714328289032,0.8029370307922363,0.30000001192092896,0.20000000298023224,0.20000000298023224,0.15000000596046448,0.15000000596046448,1.0,1.0,1.0,1.0
complex_qaware_v018_r4,closed_loop,complex,full,1,0.18,True,7.745320989,1785050731.1628733,0.8284591721523271,-0.0264377936555401,-0.031290194360149556,0.1004476005150467,0.14865597727607108,0.9470344660998056,0.11871987412255193,0.17205860946700416,21.0,0.8125396920319609,-0.0008259167122230358,1.812518874568788,-0.007061364248519542,2.8133107791679817,-0.012944650031483526,0.6065762042999268,0.16146259009838104,0.11146259307861328,0.8029370307922363,0.8029370307922363,0,ROW_FOLLOW,,1.0,91.0,103.0,0.03596664220094681,0.027914375066757202,0.0,0.33638134598731995,0.0,-0.28055259585380554,0.0,0.6111111044883728,0.6857142448425293,0.9653056263923645,0.9293313026428223,1.0,0.4285714328289032,0.8029370307922363,0.30000001192092896,0.20000000298023224,0.20000000298023224,0.15000000596046448,0.15000000596046448,1.0,1.0,1.0,1.0
complex_qaware_v018_r4,closed_loop,complex,full,1,0.18,True,7.79749063,1785050731.2150428,0.8336158961011553,-0.026491788008787077,-0.025028453722879106,0.10163597123143879,0.15750342360349517,0.9522589948079548,0.11982649889022205,0.16468111101586996,21.0,0.822424988930465,-0.00034848289442075453,1.822411452002781,-0.0023783026348696487,2.8281605930119325,0.0003883836314266566,0.6083184480667114,0.1704280525445938,0.12042805552482605,0.7733112573623657,0.8029370307922363,0,ROW_FOLLOW,,1.0,87.0,85.0,0.029605120420455933,0.026420116424560547,0.0,0.33456188440322876,0.0,-0.28172165155410767,0.0,0.5,0.6857142448425293,0.9675207734107971,0.9510952234268188,1.0,0.4285714328289032,0.7733112573623657,0.30000001192092896,0.20000000298023224,0.20000000298023224,0.15000000596046448,0.15000000596046448,1.0,1.0,1.0,1.0
complex_qaware_v018_r4,closed_loop,complex,full,1,0.18,True,7.845324738,1785050731.262877,0.8362584749808136,-0.026478012428248817,-0.015342511377325787,0.09613379229818902,0.1724458185947677,0.9614037985250171,0.11568030603111784,0.15677146862738653,21.0,0.822424988930465,-0.00034848289442075453,1.822411452002781,-0.0023783026348696487,2.8281605930119325,0.0003883836314266566,0.6083184480667114,0.1704280525445938,0.12042805552482605,0.7733112573623657,0.7733112573623657,0,ROW_FOLLOW,,1.0,87.0,85.0,0.029605120420455933,0.026420116424560547,0.0,0.33456188440322876,0.0,-0.28172165155410767,0.0,0.5,0.6857142448425293,0.9675207734107971,0.9510952234268188,1.0,0.4285714328289032,0.7733112573623657,0.30000001192092896,0.20000000298023224,0.20000000298023224,0.15000000596046448,0.15000000596046448,1.0,1.0,1.0,1.0
complex_qaware_v018_r4,closed_loop,complex,full,1,0.18,True,7.896318862,1785050731.3138711,0.8414416846324794,-0.02643847117351303,-0.008391889116099891,0.09892717062957754,0.17397175245502924,0.9666632553987999,0.11698785455449238,0.1480544784715562,21.0,0.8325142550069864,-0.0012109682834197967,1.8324884435212994,0.0026594231005345435,2.832462657164271,0.006529813957045973,0.6102524995803833,0.17322607338428497,0.12322607636451721,0.7602640390396118,0.7733112573623657,0,ROW_FOLLOW,,1.0,83.0,84.0,0.01932435669004917,0.02338804304599762,0.0,0.3316175043582916,0.0,-0.2848414182662964,0.0,0.4761904776096344,0.6595237255096436,0.9654589891433716,0.9494021534919739,1.0,0.380952388048172,0.7602640390396118,0.30000001192092896,0.20000000298023224,0.20000000298023224,0.15000000596046448,0.15000000596046448,1.0,1.0,1.0,1.0
complex_qaware_v018_r4,closed_loop,complex,full,1,0.18,True,7.945415497,1785050731.3629677,0.8485995596625342,-0.022554777485631994,0.001432243822881319,0.10264189005424028,0.14212667588571526,0.9769419172192164,0.11935118280493133,0.11664229481465868,21.0,0.8325142550069864,-0.0012109682834197967,1.8324884435212994,0.0026594231005345435,2.832462657164271,0.006529813957045973,0.6102524995803833,0.17322607338428497,0.12322607636451721,0.7602640390396118,0.7602640390396118,0,ROW_FOLLOW,,1.0,83.0,84.0,0.01932435669004917,0.02338804304599762,0.0,0.3316175043582916,0.0,-0.2848414182662964,0.0,0.4761904776096344,0.6595237255096436,0.9654589891433716,0.9494021534919739,1.0,0.380952388048172,0.7602640390396118,0.30000001192092896,0.20000000298023224,0.20000000298023224,0.15000000596046448,0.15000000596046448,1.0,1.0,1.0,1.0
complex_qaware_v018_r4,closed_loop,complex,full,1,0.18,True,7.995734243,1785050731.4132864,0.8538082379383426,-0.02243525116589831,0.007391424145312355,0.10515650247754493,0.14028034155735264,0.982218568075797,0.12051424088887526,0.10888857425503246,21.0,0.8427560705851228,-0.001634535913621761,1.8427136997373583,0.0071014697370768085,2.8426713556422976,0.015837475152249245,0.606480062007904,0.14668987691402435,0.09668987989425659,0.7636855840682983,0.7602640390396118,0,ROW_FOLLOW,,1.0,94.0,96.0,0.003307894803583622,0.02065660059452057,0.0,0.3287220895290375,0.0,-0.28740888833999634,0.0,0.4920635223388672,0.6595237255096436,0.9635263085365295,0.943043053150177,1.0,0.380952388048172,0.7636855840682983,0.30000001192092896,0.20000000298023224,0.20000000298023224,0.15000000596046448,0.15000000596046448,1.0,1.0,1.0,1.0
complex_qaware_v018_r4,closed_loop,complex,full,1,0.18,True,8.045382605,1785050731.4629347,0.8655876859701435,-0.019078026881346986,0.016625579839115282,0.11879280502201862,0.16508137267103884,0.9948473027914542,0.07294242581485902,0.08324208691330053,21.0,0.8427560705851228,-0.001634535913621761,1.8427136997373583,0.0071014697370768085,2.8426713556422976,0.015837475152249245,0.606480062007904,0.14668987691402435,0.09668987989425659,0.7636855840682983,0.6000000238418579,0,ROW_FOLLOW,,1.0,94.0,96.0,0.003307894803583622,0.02065660059452057,0.0,0.3287220895290375,0.0,-0.28740888833999634,0.0,0.4920635223388672,0.6595237255096436,0.9635263085365295,0.943043053150177,1.0,0.380952388048172,0.7636855840682983,0.30000001192092896,0.20000000298023224,0.20000000298023224,0.15000000596046448,0.15000000596046448,1.0,1.0,1.0,1.0
complex_qaware_v018_r4,closed_loop,complex,full,1,0.18,True,8.096246645,1785050731.513799,0.8711034098778774,-0.018870576918229392,0.023123965030483976,0.11693881891952126,0.17564848932411117,1.0004401776223217,0.07396530512728045,0.07431276369651842,21.0,0.8551977185373513,-0.00181437411974406,1.8551186850773504,0.0105706928129675,2.855039658508481,0.022955760047845275,0.6081501245498657,0.15753598511219025,0.10753598809242249,0.7513737678527832,0.6000000238418579,0,ROW_FOLLOW,,1.0,89.0,94.0,-0.007599508389830589,0.018261313438415527,0.0,0.3260756731033325,0.0,-0.28955304622650146,0.0,0.444444477558136,0.6595237255096436,0.9663740992546082,0.9524052739143372,1.0,0.380952388048172,0.7513737678527832,0.30000001192092896,0.20000000298023224,0.20000000298023224,0.15000000596046448,0.15000000596046448,1.0,1.0,1.0,1.0
complex_qaware_v018_r4,closed_loop,complex,full,1,0.18,True,8.145299824,1785050731.5628521,0.8803851143209646,-0.01562375709036617,0.0330674216814324,0.12879252466174662,0.16938690637273487,1.0108193034912665,0.12836970979792856,0.04585045610381597,21.0,0.8551977185373513,-0.00181437411974406,1.8551186850773504,0.0105706928129675,2.855039658508481,0.022955760047845275,0.6081501245498657,0.15753598511219025,0.10753598809242249,0.7513737678527832,0.7513737678527832,0,ROW_FOLLOW,,1.0,89.0,94.0,-0.007599508389830589,0.018261313438415527,0.0,0.3260756731033325,0.0,-0.28955304622650146,0.0,0.444444477558136,0.6595237255096436,0.9663740992546082,0.9524052739143372,1.0,0.380952388048172,0.7513737678527832,0.30000001192092896,0.20000000298023224,0.20000000298023224,0.15000000596046448,0.15000000596046448,1.0,1.0,1.0,1.0
complex_qaware_v018_r4,closed_loop,complex,full,1,0.18,True,8.197685374,1785050731.6152377,0.8807595287515769,-0.019031590278864627,0.03853058717989821,0.13187320547083362,0.13836801511911198,1.0227488966694214,0.12681102290921345,0.05624170202858334,21.0,0.8682905854951427,-0.0020061637136155747,1.8681703855408138,0.013115533778882896,2.868050205322209,0.028237232715323062,0.6086104512214661,0.16629604995250702,0.11629605293273926,0.750717043876648,0.7513737678527832,0,ROW_FOLLOW,,1.0,88.0,84.0,-0.019387278705835342,0.015407219529151917,0.0,0.32303154468536377,0.0,-0.29221710562705994,0.0,0.4365079402923584,0.6595237255096436,0.9701775908470154,0.9588295221328735,1.0,0.380952388048172,0.750717043876648,0.30000001192092896,0.20000000298023224,0.20000000298023224,0.15000000596046448,0.15000000596046448,1.0,1.0,1.0,1.0
complex_qaware_v018_r4,closed_loop,complex,full,1,0.18,True,8.245310325,1785050731.6628625,0.8867131168631895,-0.018661276724133098,0.047143207117926994,0.12926118585111213,0.11468378868327422,1.0287940935352087,0.12880900694018324,0.04213373971742256,21.0,0.8682905854951427,-0.0020061637136155747,1.8681703855408138,0.013115533778882896,2.868050205322209,0.028237232715323062,0.6086104512214661,0.16629604995250702,0.11629605293273926,0.750717043876648,0.750717043876648,0,ROW_FOLLOW,,1.0,88.0,84.0,-0.019387278705835342,0.015407219529151917,0.0,0.32303154468536377,0.0,-0.29221710562705994,0.0,0.4365079402923584,0.6595237255096436,0.9701775908470154,0.9588295221328735,1.0,0.380952388048172,0.750717043876648,0.30000001192092896,0.20000000298023224,0.20000000298023224,0.15000000596046448,0.15000000596046448,1.0,1.0,1.0,1.0
complex_qaware_v018_r4,closed_loop,complex,full,1,0.18,True,8.296936624,1785050731.7144887,0.8902025611608206,-0.018347657729644803,0.05238178523188355,0.12594840050353182,0.14222546470704645,1.0323746225182506,0.13003795400759746,0.03394075926799447,19.0,0.8804069980654162,-0.0034714146743031137,1.7802443055198658,0.013485091954537795,2.746732493334941,0.031898650250773895,0.6111248731613159,0.17266787588596344,0.12266787886619568,0.7515164613723755,0.750717043876648,0,ROW_FOLLOW,,1.0,91.0,96.0,-0.03052433393895626,0.012174978852272034,0.0,0.31948626041412354,0.0,-0.29513630270957947,0.0,0.4444444179534912,0.6595237255096436,0.9672088623046875,0.9522443413734436,1.0,0.380952388048172,0.7515164613723755,0.30000001192092896,0.20000000298023224,0.20000000298023224,0.15000000596046448,0.15000000596046448,1.0,1.0,1.0,1.0
complex_qaware_v018_r4,closed_loop,complex,full,1,0.18,True,8.345364219,1785050731.7629163,0.8997021497650358,-0.017334852190073954,0.058980666122272936,0.12193977643048204,0.07028573063923182,1.0420032526781966,0.13289124843428451,0.015878097418287183,19.0,0.8804069980654162,-0.0034714146743031137,1.7802443055198658,0.013485091954537795,2.746732493334941,0.031898650250773895,0.6111248731613159,0.17266787588596344,0.12266787886619568,0.7515164613723755,0.7515164613723755,0,ROW_FOLLOW,,1.0,91.0,96.0,-0.03052433393895626,0.012174978852272034,0.0,0.31948626041412354,0.0,-0.29513630270957947,0.0,0.4444444179534912,0.6595237255096436,0.9672088623046875,0.9522443413734436,1.0,0.380952388048172,0.7515164613723755,0.30000001192092896,0.20000000298023224,0.20000000298023224,0.15000000596046448,0.15000000596046448,1.0,1.0,1.0,1.0
complex_qaware_v018_r4,closed_loop,complex,full,1,0.18,True,8.397108025,1785050731.8146603,0.9054517370364814,-0.01692589537581215,0.06167773206412131,0.12072119903059379,0.079735323328861,1.047798109763838,0.1335105712303656,0.011749278777746414,19.0,0.891886042945767,-0.006194110390406932,1.7916738579071614,0.013272479726896885,2.82476018334161,0.03578884089188813,0.6113853454589844,0.17173530161380768,0.12173530459403992,0.7435731887817383,0.7515164613723755,0,ROW_FOLLOW,,1.0,90.0,80.0,-0.037784676998853683,0.008148670196533203,0.0,0.3156564235687256,0.0,-0.2993590831756592,0.0,0.4206348955631256,0.6595237255096436,0.9658868908882141,0.9486704468727112,1.0,0.380952388048172,0.7435731887817383,0.30000001192092896,0.20000000298023224,0.20000000298023224,0.15000000596046448,0.15000000596046448,1.0,1.0,1.0,1.0
complex_qaware_v018_r4,closed_loop,complex,full,1,0.18,True,8.445246364,1785050731.8627987,0.910509487640467,-0.016855664868709114,0.06653029626084361,0.11602876331017258,0.07846795878651963,1.0548762067796444,0.1326169316586968,-0.008174948813440398,19.0,0.891886042945767,-0.006194110390406932,1.7916738579071614,0.013272479726896885,2.82476018334161,0.03578884089188813,0.6113853454589844,0.17173530161380768,0.12173530459403992,0.7435731887817383,0.7435731887817383,0,ROW_FOLLOW,,1.0,90.0,80.0,-0.037784676998853683,0.008148670196533203,0.0,0.3156564235687256,0.0,-0.2993590831756592,0.0,0.4206348955631256,0.6595237255096436,0.9658868908882141,0.9486704468727112,1.0,0.380952388048172,0.7435731887817383,0.30000001192092896,0.20000000298023224,0.20000000298023224,0.15000000596046448,0.15000000596046448,1.0,1.0,1.0,1.0
complex_qaware_v018_r4,closed_loop,complex,full,1,0.18,True,8.4982871,1785050731.9158392,0.9162096959964023,-0.016417918738842064,0.06949673722210203,0.11623879803370268,0.0686677342734223,1.0606278734932002,0.1318861024638101,-0.013047143446018521,21.0,0.9037622215005497,-0.008555238512531366,1.9035180804383562,0.013499708562193687,2.9156764405443196,0.030126103038262905,0.6122061610221863,0.1731988936662674,0.12319889664649963,0.7498723268508911,0.7435731887817383,0,ROW_FOLLOW,,1.0,89.0,89.0,-0.049076978117227554,0.00570853054523468,0.0,0.3135063946247101,0.0,-0.3020893335342407,0.0,0.436507910490036,0.6595237255096436,0.9664303660392761,0.958194375038147,1.0,0.380952388048172,0.7498723268508911,0.30000001192092896,0.20000000298023224,0.20000000298023224,0.15000000596046448,0.15000000596046448,1.0,1.0,1.0,1.0
complex_qaware_v018_r4,closed_loop,complex,full,1,0.18,True,8.545297123,1785050731.9628494,0.9227357837929493,-0.015915692884457544,0.07272842723641526,0.1165589818391349,0.04290405175407001,1.0671991484478562,0.1298520167421197,-0.03416668060693797,21.0,0.9037622215005497,-0.008555238512531366,1.9035180804383562,0.013499708562193687,2.9156764405443196,0.030126103038262905,0.6122061610221863,0.1731988936662674,0.12319889664649963,0.7498723268508911,0.7498723268508911,0,ROW_FOLLOW,,1.0,89.0,89.0,-0.049076978117227554,0.00570853054523468,0.0,0.3135063946247101,0.0,-0.3020893335342407,0.0,0.436507910490036,0.6595237255096436,0.9664303660392761,0.958194375038147,1.0,0.380952388048172,0.7498723268508911,0.30000001192092896,0.20000000298023224,0.20000000298023224,0.15000000596046448,0.15000000596046448,1.0,1.0,1.0,1.0
complex_qaware_v018_r4,closed_loop,complex,full,1,0.18,True,8.596234573,1785050732.0137868,0.9285990903536808,-0.015448760850719799,0.07477997787786489,0.11690440412204825,0.059617153065310506,1.0731052697892982,0.1292729385423146,-0.038027201938971966,21.0,0.9166281440096457,-0.010432928747919517,1.9164107289319576,0.010274727855568823,2.9219467882844214,0.026972565155930335,0.608870804309845,0.17335601150989532,0.12335601449012756,0.7679129838943481,0.7498723268508911,0,ROW_FOLLOW,,1.0,83.0,106.0,-0.05696519464254379,0.003640681505203247,0.0,0.31121158599853516,0.0,-0.30393022298812866,0.0,0.4761904776096344,0.6857142448425293,0.9704824090003967,0.9587763547897339,1.0,0.4285714328289032,0.7679129838943481,0.30000001192092896,0.20000000298023224,0.20000000298023224,0.15000000596046448,0.15000000596046448,1.0,1.0,1.0,1.0
complex_qaware_v018_r4,closed_loop,complex,full,1,0.18,True,8.645343497,1785050732.0628958,0.9296917268842343,-0.013351393266397397,0.0785650623898917,0.11224132639650017,0.053943646820031936,1.0846083544067375,0.1277353602607368,-0.06992651226830565,21.0,0.9166281440096457,-0.010432928747919517,1.9164107289319576,0.010274727855568823,2.9219467882844214,0.026972565155930335,0.608870804309845,0.17335601150989532,0.12335601449012756,0.7679129838943481,0.7679129838943481,0,ROW_FOLLOW,,1.0,83.0,106.0,-0.05696519464254379,0.003640681505203247,0.0,0.31121158599853516,0.0,-0.30393022298812866,0.0,0.4761904776096344,0.6857142448425293,0.9704824090003967,0.9587763547897339,1.0,0.4285714328289032,0.7679129838943481,0.30000001192092896,0.20000000298023224,0.20000000298023224,0.15000000596046448,0.15000000596046448,1.0,1.0,1.0,1.0
complex_qaware_v018_r4,closed_loop,complex,full,1,0.18,True,8.696604764,1785050732.114157,0.9357517115160109,-0.012829362699743939,0.08052685540132606,0.11437496205038075,0.031972456541603876,1.0907147628919265,0.12707727392169219,-0.07431375452860317,21.0,0.9267819312547703,-0.011083289804486801,1.9266177538573717,0.006947570700907907,2.9264535683670885,0.024978430266483883,0.6078574061393738,0.17123104631900787,0.12123104929924011,0.767074465751648,0.7679129838943481,0,ROW_FOLLOW,,1.0,99.0,101.0,-0.06466580182313919,0.0020989924669265747,0.0,0.30930888652801514,0.0,-0.305110901594162,0.0,0.4761904776096344,0.6857142448425293,0.9680711030960083,0.9564018249511719,1.0,0.4285714328289032,0.767074465751648,0.30000001192092896,0.20000000298023224,0.20000000298023224,0.15000000596046448,0.15000000596046448,1.0,1.0,1.0,1.0
complex_qaware_v018_r4,closed_loop,complex,full,1,0.18,True,8.745357904,1785050732.1629102,0.9447504667228729,-0.011412219553111854,0.08282532885913653,0.11754323518191284,0.03634466209477451,1.0998862598824173,0.12409042823417553,-0.0932198373408073,21.0,0.9267819312547703,-0.011083289804486801,1.9266177538573717,0.006947570700907907,2.9264535683670885,0.024978430266483883,0.6078574061393738,0.17123104631900787,0.12123104929924011,0.767074465751648,0.767074465751648,0,ROW_FOLLOW,,1.0,99.0,101.0,-0.06466580182313919,0.0020989924669265747,0.0,0.30930888652801514,0.0,-0.305110901594162,0.0,0.4761904776096344,0.6857142448425293,0.9680711030960083,0.9564018249511719,1.0,0.4285714328289032,0.767074465751648,0.30000001192092896,0.20000000298023224,0.20000000298023224,0.15000000596046448,0.15000000596046448,1.0,1.0,1.0,1.0
complex_qaware_v018_r4,closed_loop,complex,full,1,0.18,True,8.795330626,1785050732.212883,0.950919316261086,-0.010869338828368222,0.084162428420115,0.11926926527442083,0.03869495528677368,1.1060955525418685,0.12351412612720444,-0.09706185138728116,21.0,0.9383865699605005,-0.010852282919409845,1.9382573388335782,0.0051708831840908374,2.9381281039121006,0.02119405006993372,0.6082587838172913,0.17526786029338837,0.1252678632736206,0.7582359313964844,0.767074465751648,0,ROW_FOLLOW,,1.0,85.0,116.0,-0.06976667046546936,0.0008518695831298828,0.0,0.30780237913131714,0.0,-0.3060986399650574,0.0,0.4761904776096344,0.6333332657814026,0.9711229205131531,0.963249921798706,1.0,0.3333333432674408,0.7582359313964844,0.30000001192092896,0.20000000298023224,0.20000000298023224,0.15000000596046448,0.15000000596046448,1.0,1.0,1.0,1.0
complex_qaware_v018_r4,closed_loop,complex,full,1,0.18,True,8.845500378,1785050732.2630525,0.955835516866006,-0.009493994436220666,0.0857733524881672,0.12483486260144198,0.04510141589214956,1.111876248362973,0.12000506558352916,-0.10984934711892011,21.0,0.9383865699605005,-0.010852282919409845,1.9382573388335782,0.0051708831840908374,2.9381281039121006,0.02119405006993372,0.6082587838172913,0.17526786029338837,0.1252678632736206,0.7582359313964844,0.7582359313964844,0,ROW_FOLLOW,,1.0,85.0,116.0,-0.06976667046546936,0.0008518695831298828,0.0,0.30780237913131714,0.0,-0.3060986399650574,0.0,0.4761904776096344,0.6333332657814026,0.9711229205131531,0.963249921798706,1.0,0.3333333432674408,0.7582359313964844,0.30000001192092896,0.20000000298023224,0.20000000298023224,0.15000000596046448,0.15000000596046448,1.0,1.0,1.0,1.0
complex_qaware_v018_r4,closed_loop,complex,full,1,0.18,True,8.896033658,1785050732.313586,0.9619457095408135,-0.008939220234948187,0.08724417013492669,0.12460862667099028,0.03236087354576845,1.1180300993010148,0.11935851119273069,-0.11415970972424322,21.0,0.9495245199269774,-0.009955368575391482,1.949418693910804,0.004561983762480793,2.949312882060053,0.019079338862121997,0.60829758644104,0.15762795507907867,0.10762795805931091,0.7547874450683594,0.7582359313964844,0,ROW_FOLLOW,,1.0,87.0,103.0,-0.07394737750291824,-0.00017870962619781494,0.0,0.3070049583911896,0.0,-0.3073623776435852,0.0,0.4523809552192688,0.6595237255096436,0.9670895338058472,0.9583367705345154,1.0,0.380952388048172,0.7547874450683594,0.30000001192092896,0.20000000298023224,0.20000000298023224,0.15000000596046448,0.15000000596046448,1.0,1.0,1.0,1.0
complex_qaware_v018_r4,closed_loop,complex,full,1,0.18,True,8.945389245,1785050732.3629415,0.9738531616928477,-0.00645348172712569,0.08914954917171113,0.13234768327041896,0.04160490516731348,1.1302845514398299,0.11667445976670299,-0.1279152023040112,21.0,0.9495245199269774,-0.009955368575391482,1.949418693910804,0.004561983762480793,2.949312882060053,0.019079338862121997,0.60829758644104,0.15762795507907867,0.10762795805931091,0.7547874450683594,0.7547874450683594,0,ROW_FOLLOW,,1.0,87.0,103.0,-0.07394737750291824,-0.00017870962619781494,0.0,0.3070049583911896,0.0,-0.3073623776435852,0.0,0.4523809552192688,0.6595237255096436,0.9670895338058472,0.9583367705345154,1.0,0.380952388048172,0.7547874450683594,0.30000001192092896,0.20000000298023224,0.20000000298023224,0.15000000596046448,0.15000000596046448,1.0,1.0,1.0,1.0
complex_qaware_v018_r4,closed_loop,complex,full,1,0.18,True,8.99638321,1785050732.4139354,0.9798740120846353,-0.005890627303827396,0.09065837691888137,0.13057701993640408,0.03270796240364248,1.1363498958159008,0.11597112398922615,-0.13260410748719012,21.0,0.9642476238162553,-0.00870869220690648,1.9641577660768206,0.004679273920558874,2.9640679508743872,0.018067245691235436,0.6071212291717529,0.15983687341213226,0.1098368763923645,0.7552992105484009,0.7547874450683594,0,ROW_FOLLOW,,1.0,75.0,113.0,-0.07818581163883209,-0.0011000633239746094,0.0,0.3059961795806885,0.0,-0.3081963062286377,0.0,0.4523809552192688,0.6595237255096436,0.9681582450866699,0.9603230357170105,1.0,0.380952388048172,0.7552992105484009,0.30000001192092896,0.20000000298023224,0.20000000298023224,0.15000000596046448,0.15000000596046448,1.0,1.0,1.0,1.0
complex_qaware_v018_r4,closed_loop,complex,full,1,0.18,True,9.045383299,1785050732.4629354,0.989366652869606,-0.0046868903926884494,0.09242687769250062,0.13961484279050107,0.044879243125398274,1.1459409998184547,0.11534906819212075,-0.13736526471060928,21.0,0.9642476238162553,-0.00870869220690648,1.9641577660768206,0.004679273920558874,2.9640679508743872,0.018067245691235436,0.6071212291717529,0.15983687341213226,0.1098368763923645,0.7552992105484009,0.7552992105484009,0,ROW_FOLLOW,,1.0,75.0,113.0,-0.07818581163883209,-0.0011000633239746094,0.0,0.3059961795806885,0.0,-0.3081963062286377,0.0,0.4523809552192688,0.6595237255096436,0.9681582450866699,0.9603230357170105,1.0,0.380952388048172,0.7552992105484009,0.30000001192092896,0.20000000298023224,0.20000000298023224,0.15000000596046448,0.15000000596046448,1.0,1.0,1.0,1.0
complex_qaware_v018_r4,closed_loop,complex,full,1,0.18,True,9.095914404,1785050732.5134666,0.9953321958703787,-0.00411900545473599,0.09338130620516205,0.13540783275026505,0.02928957991223494,1.151945062608733,0.11475368796317097,-0.1413344662369412,21.0,0.979064071032515,-0.007422931836507135,1.978985339489821,0.005117985732058498,2.9789066278047494,0.017658908204049136,0.6092864871025085,0.16721124947071075,0.117211252450943,0.739166259765625,0.7552992105484009,0,ROW_FOLLOW,,1.0,80.0,110.0,-0.08152692019939423,-0.0020414143800735474,0.0,0.3051886558532715,0.0,-0.3092714846134186,0.0,0.4126984179019928,0.6333332657814026,0.9691036939620972,0.9657951593399048,1.0,0.3333333432674408,0.739166259765625,0.30000001192092896,0.20000000298023224,0.20000000298023224,0.15000000596046448,0.15000000596046448,1.0,1.0,1.0,1.0
complex_qaware_v018_r4,closed_loop,complex,full,1,0.18,True,9.145272455,1785050732.5628247,1.0030241433368456,-0.0036951269811058237,0.09480481000335142,0.13717642720621837,0.027572576174665988,1.159681888344001,0.1119276210678996,-0.140815371266086,21.0,0.979064071032515,-0.007422931836507135,1.978985339489821,0.005117985732058498,2.9789066278047494,0.017658908204049136,0.6092864871025085,0.16721124947071075,0.117211252450943,0.739166259765625,0.739166259765625,0,ROW_FOLLOW,,1.0,80.0,110.0,-0.08152692019939423,-0.0020414143800735474,0.0,0.3051886558532715,0.0,-0.3092714846134186,0.0,0.4126984179019928,0.6333332657814026,0.9691036939620972,0.9657951593399048,1.0,0.3333333432674408,0.739166259765625,0.30000001192092896,0.20000000298023224,0.20000000298023224,0.15000000596046448,0.15000000596046448,1.0,1.0,1.0,1.0
complex_qaware_v018_r4,closed_loop,complex,full,1,0.18,True,9.195882473,1785050732.6134346,1.008919984097604,-0.003117768736971163,0.09564167197395251,0.13346417867116947,0.02220268784060956,1.16561578880735,0.11135390235145351,-0.14464016270905986,21.0,0.979064071032515,-0.007422931836507135,1.978985339489821,0.005117985732058498,2.9789066278047494,0.017658908204049136,0.6092864871025085,0.16721124947071075,0.117211252450943,0.739166259765625,0.739166259765625,0,ROW_FOLLOW,,1.0,80.0,110.0,-0.08152692019939423,-0.0020414143800735474,0.0,0.3051886558532715,0.0,-0.3092714846134186,0.0,0.4126984179019928,0.6333332657814026,0.9691036939620972,0.9657951593399048,1.0,0.3333333432674408,0.739166259765625,0.30000001192092896,0.20000000298023224,0.20000000298023224,0.15000000596046448,0.15000000596046448,1.0,1.0,1.0,1.0
complex_qaware_v018_r4,closed_loop,complex,full,1,0.18,True,9.245378608,1785050732.662931,1.0141672501820154,-0.0020531553007389373,0.0959738752222199,0.13188355645687957,0.006656077173696734,1.1723169490421677,0.11521724708535801,-0.14751178372843188,21.0,0.9947331758795418,-0.00644930909208716,1.994661686302204,0.00551065427352659,2.994590193330776,0.017470619739262307,0.609494686126709,0.17037330567836761,0.12037330865859985,0.7630223035812378,0.7630223035812378,0,ROW_FOLLOW,,1.0,92.0,112.0,-0.08425091207027435,-0.003081396222114563,0.0,0.30388346314430237,0.0,-0.3100462555885315,0.0,0.4761904776096344,0.6595237255096436,0.9692344665527344,0.9627569913864136,1.0,0.380952388048172,0.7630223035812378,0.30000001192092896,0.20000000298023224,0.20000000298023224,0.15000000596046448,0.15000000596046448,1.0,1.0,1.0,1.0
complex_qaware_v018_r4,closed_loop,complex,full,1,0.18,True,9.295349698,1785050732.7129018,1.0202566632598042,-0.0014561704343765112,0.0967625059019541,0.12967255798813038,0.006648546736189829,1.1784450322481637,0.11463576883867001,-0.1513883053730186,20.0,1.0082035269661496,-0.005875906378193858,2.0131373653616924,0.0056627966426253465,2.9414097365335645,0.016310811480162345,0.610230565071106,0.17405448853969574,0.12405449151992798,0.7543582916259766,0.7630223035812378,0,ROW_FOLLOW,,1.0,85.0,114.0,-0.08571947365999222,-0.0038144588470458984,0.0,0.3030303716659546,0.0,-0.3106592893600464,0.0,0.444444477558136,0.6595237255096436,0.9704499840736389,0.9668678045272827,1.0,0.380952388048172,0.7543582916259766,0.30000001192092896,0.20000000298023224,0.20000000298023224,0.15000000596046448,0.15000000596046448,1.0,1.0,1.0,1.0
complex_qaware_v018_r4,closed_loop,complex,full,1,0.18,True,9.345331605,1785050732.762884,1.0224274981180668,-0.0006977413652567811,0.09738219962501526,0.12494158570564189,0.014184000548786874,1.1811760707372743,0.11254218546156902,-0.1549487135407116,20.0,1.0082035269661496,-0.005875906378193858,2.0131373653616924,0.0056627966426253465,2.9414097365335645,0.016310811480162345,0.610230565071106,0.17405448853969574,0.12405449151992798,0.7543582916259766,0.7543582916259766,0,ROW_FOLLOW,,1.0,85.0,114.0,-0.08571947365999222,-0.0038144588470458984,0.0,0.3030303716659546,0.0,-0.3106592893600464,0.0,0.444444477558136,0.6595237255096436,0.9704499840736389,0.9668678045272827,1.0,0.380952388048172,0.7543582916259766,0.30000001192092896,0.20000000298023224,0.20000000298023224,0.15000000596046448,0.15000000596046448,1.0,1.0,1.0,1.0
complex_qaware_v018_r4,closed_loop,complex,full,1,0.18,True,9.395683345,1785050732.8132358,1.0283161329755215,-0.0001206140017187083,0.09753703660164392,0.12369510941482759,0.009470323580382339,1.1870947649492032,0.11211220428351218,-0.15781525472775726,19.0,1.0192084313583596,-0.005562178519033578,1.919152798230203,0.00445134321364038,2.9190913541349826,0.015551762126419705,0.6067235469818115,0.17264892160892487,0.1226489245891571,0.7633349895477295,0.7543582916259766,0,ROW_FOLLOW,,1.0,90.0,112.0,-0.08675478398799896,-0.005098775029182434,0.0,0.30142053961753845,0.0,-0.3116180896759033,0.0,0.4603174328804016,0.6857142448425293,0.9705927968025208,0.9598557353019714,1.0,0.4285714328289032,0.7633349895477295,0.30000001192092896,0.20000000298023224,0.20000000298023224,0.15000000596046448,0.15000000596046448,1.0,1.0,1.0,1.0
complex_qaware_v018_r4,closed_loop,complex,full,1,0.18,True,9.445242937,1785050732.8627954,1.0329718039876539,0.0006007322679947523,0.0982202907323275,0.11764518086301387,0.018669066365008233,1.1942145215858297,0.11310416300268374,-0.16197423410605052,19.0,1.0192084313583596,-0.005562178519033578,1.919152798230203,0.00445134321364038,2.9190913541349826,0.015551762126419705,0.6067235469818115,0.17264892160892487,0.1226489245891571,0.7633349895477295,0.7633349895477295,0,ROW_FOLLOW,,1.0,90.0,112.0,-0.08675478398799896,-0.005098775029182434,0.0,0.30142053961753845,0.0,-0.3116180896759033,0.0,0.4603174328804016,0.6857142448425293,0.9705927968025208,0.9598557353019714,1.0,0.4285714328289032,0.7633349895477295,0.30000001192092896,0.20000000298023224,0.20000000298023224,0.15000000596046448,0.15000000596046448,1.0,1.0,1.0,1.0
complex_qaware_v018_r4,closed_loop,complex,full,1,0.18,True,9.495877724,1785050732.91343,1.0388555818248135,0.001181672911683121,0.0983435265562265,0.11789703627082188,-0.0025192427565547968,1.200131230711135,0.11266509016364826,-0.16490138636628696,21.0,1.029196858681975,-0.005152294463070289,2.0341383225748237,0.005706692334904455,3.0388089186546745,0.01620551285167044,0.6056832671165466,0.17048834264278412,0.12048834562301636,0.7702912092208862,0.7633349895477295,0,ROW_FOLLOW,,1.0,92.0,110.0,-0.08775687962770462,-0.006149411201477051,0.0,0.29941970109939575,0.0,-0.31171852350234985,0.0,0.4841269850730896,0.6857142448425293,0.9717279076576233,0.9570977091789246,1.0,0.4285714328289032,0.7702912092208862,0.30000001192092896,0.20000000298023224,0.20000000298023224,0.15000000596046448,0.15000000596046448,1.0,1.0,1.0,1.0
complex_qaware_v018_r4,closed_loop,complex,full,1,0.18,True,9.545358178,1785050732.9629104,1.0436114951787623,0.0017939446936689118,0.09874006991529247,0.11756545042201186,0.0075661680476753045,1.207591116636875,0.113550549242947,-0.16734578944541686,21.0,1.029196858681975,-0.005152294463070289,2.0341383225748237,0.005706692334904455,3.0388089186546745,0.01620551285167044,0.6056832671165466,0.17048834264278412,0.12048834562301636,0.7702912092208862,0.7702912092208862,0,ROW_FOLLOW,,1.0,92.0,110.0,-0.08775687962770462,-0.006149411201477051,0.0,0.29941970109939575,0.0,-0.31171852350234985,0.0,0.4841269850730896,0.6857142448425293,0.9717279076576233,0.9570977091789246,1.0,0.4285714328289032,0.7702912092208862,0.30000001192092896,0.20000000298023224,0.20000000298023224,0.15000000596046448,0.15000000596046448,1.0,1.0,1.0,1.0
complex_qaware_v018_r4,closed_loop,complex,full,1,0.18,True,9.596420528,1785050733.0139728,1.0495722410277109,0.0023887117545322517,0.0988682250735482,0.11850856174610655,0.01066418635922378,1.2135833791088422,0.11308759955404209,-0.17043212070478286,20.0,1.0389655501124058,-0.004597961104902214,2.0439226201250693,0.004365384029720831,2.994194999179751,0.011209663357801875,0.6030032634735107,0.16849471628665924,0.11849471926689148,0.7677258253097534,0.7702912092208862,0,ROW_FOLLOW,,1.0,108.0,112.0,-0.09342826902866364,-0.005996197462081909,0.0,0.2989952564239502,0.0,-0.310987651348114,0.0,0.5,0.6595237255096436,0.9706218242645264,0.9446444511413574,1.0,0.380952388048172,0.7677258253097534,0.30000001192092896,0.20000000298023224,0.20000000298023224,0.15000000596046448,0.15000000596046448,1.0,1.0,1.0,1.0
complex_qaware_v018_r4,closed_loop,complex,full,1,0.18,True,9.645405834,1785050733.062958,1.0577100785374598,0.0036181935612749107,0.09895806750753389,0.11932600513318592,-0.003705670872152949,1.221901279147728,0.11161085554199349,-0.1771986200917475,20.0,1.0389655501124058,-0.004597961104902214,2.0439226201250693,0.004365384029720831,2.994194999179751,0.011209663357801875,0.6030032634735107,0.16849471628665924,0.11849471926689148,0.7677258253097534,0.7677258253097534,0,ROW_FOLLOW,,1.0,108.0,112.0,-0.09342826902866364,-0.005996197462081909,0.0,0.2989952564239502,0.0,-0.310987651348114,0.0,0.5,0.6595237255096436,0.9706218242645264,0.9446444511413574,1.0,0.380952388048172,0.7677258253097534,0.30000001192092896,0.20000000298023224,0.20000000298023224,0.15000000596046448,0.15000000596046448,1.0,1.0,1.0,1.0
complex_qaware_v018_r4,closed_loop,complex,full,1,0.18,True,9.701356373,1785050733.1189086,1.0720579959724286,0.00555216410036113,0.09896915909751104,0.11946513685746746,0.015070856865653258,1.2363923796746301,0.11116252890525273,-0.18018746433668578,20.0,1.0506621725044154,-0.0031235897628784787,2.055638208914393,0.0027723813834578995,3.0511338455029704,0.009284699317552356,0.6030032634735107,0.16849471628665924,0.11849471926689148,0.7677258253097534,0.7677258253097534,0,ROW_FOLLOW,,1.0,108.0,112.0,-0.09342826902866364,-0.005996197462081909,0.0,0.2989952564239502,0.0,-0.310987651348114,0.0,0.5,0.6595237255096436,0.9706218242645264,0.9446444511413574,1.0,0.380952388048172,0.7677258253097534,0.30000001192092896,0.20000000298023224,0.20000000298023224,0.15000000596046448,0.15000000596046448,1.0,1.0,1.0,1.0
complex_qaware_v018_r4,closed_loop,complex,full,1,0.18,True,9.745229358,1785050733.1627817,1.0725423913686891,0.005361064132802579,0.09860428770645502,0.12892142606540896,0.0063687170153572245,1.2370196678727363,0.11198898340482259,-0.18299790851150974,21.0,1.0506621725044154,-0.0031235897628784787,2.055638208914393,0.0027723813834578995,3.0511338455029704,0.009284699317552356,0.6017130613327026,0.15859754383563995,0.10859754681587219,0.774659276008606,0.774659276008606,0,ROW_FOLLOW,,1.0,108.0,114.0,-0.09738922864198685,-0.004982665181159973,0.0,0.2990275025367737,0.0,-0.30899283289909363,0.0,0.523809552192688,0.6595237255096436,0.972110390663147,0.9412639141082764,1.0,0.380952388048172,0.774659276008606,0.30000001192092896,0.20000000298023224,0.20000000298023224,0.15000000596046448,0.15000000596046448,1.0,1.0,1.0,1.0
complex_qaware_v018_r4,closed_loop,complex,full,1,0.18,True,9.796154425,1785050733.2137067,1.078668244012807,0.005965244441384308,0.09878229831367369,0.12765386703153564,-0.013419374188512098,1.2431835061910275,0.1114510748383389,-0.18658396562140106,20.0,1.0639094486300014,-0.000932616553843054,2.102237189190982,0.0009523416224428682,3.0305651351428486,0.0028179043393530786,0.6030534505844116,0.16498009860515594,0.11498010158538818,0.7633734941482544,0.774659276008606,0,ROW_FOLLOW,,1.0,103.0,109.0,-0.10009738057851791,-0.004359722137451172,0.0,0.298776775598526,0.0,-0.30749621987342834,0.0,0.4761904776096344,0.6595237255096436,0.977641761302948,0.9538881182670593,1.0,0.380952388048172,0.7633734941482544,0.30000001192092896,0.20000000298023224,0.20000000298023224,0.15000000596046448,0.15000000596046448,1.0,1.0,1.0,1.0
complex_qaware_v018_r4,closed_loop,complex,full,1,0.18,True,9.845289495,1785050733.262842,1.0878683716666682,0.006612267217913829,0.09804878935697389,0.13756485429019819,-0.006821663031419217,1.2524230087373427,0.10987600139025235,-0.18354151704288954,20.0,1.0639094486300014,-0.000932616553843054,2.102237189190982,0.0009523416224428682,3.0305651351428486,0.0028179043393530786,0.6030534505844116,0.16498009860515594,0.11498010158538818,0.7633734941482544,0.7633734941482544,0,ROW_FOLLOW,,1.0,103.0,109.0,-0.10009738057851791,-0.004359722137451172,0.0,0.298776775598526,0.0,-0.30749621987342834,0.0,0.4761904776096344,0.6595237255096436,0.977641761302948,0.9538881182670593,1.0,0.380952388048172,0.7633734941482544,0.30000001192092896,0.20000000298023224,0.20000000298023224,0.15000000596046448,0.15000000596046448,1.0,1.0,1.0,1.0
complex_qaware_v018_r4,closed_loop,complex,full,1,0.18,True,9.897212987,1785050733.3147652,1.0936313895906755,0.007180347434085812,0.09838890393821485,0.1339717198451436,-0.0027668259625968808,1.2582180648081878,0.10932421499673331,-0.18722009299968312,21.0,1.0785872622360033,0.0011413598773465903,2.1119196345110467,0.0016903599995349873,3.078547485294659,0.004002867006332254,0.6011648774147034,0.16301797330379486,0.1130179762840271,0.7684606313705444,0.7633734941482544,0,ROW_FOLLOW,,1.0,103.0,98.0,-0.09687524288892746,-0.004565820097923279,0.0,0.2979690134525299,0.0,-0.30710065364837646,0.0,0.4761904776096344,0.6857142448425293,0.9766905903816223,0.9541502594947815,1.0,0.4285714328289032,0.7684606313705444,0.30000001192092896,0.20000000298023224,0.20000000298023224,0.15000000596046448,0.15000000596046448,1.0,1.0,1.0,1.0
complex_qaware_v018_r4,closed_loop,complex,full,1,0.18,True,9.945555429,1785050733.3631077,1.0990136591650668,0.0071668975700958345,0.0971444857664494,0.1321917100659813,-0.04372944715775742,1.2651734096624907,0.11189609088830062,-0.17617881838931582,21.0,1.0785872622360033,0.0011413598773465903,2.1119196345110467,0.0016903599995349873,3.078547485294659,0.004002867006332254,0.6011648774147034,0.16301797330379486,0.1130179762840271,0.7684606313705444,0.7684606313705444,0,ROW_FOLLOW,,1.0,103.0,98.0,-0.09687524288892746,-0.004565820097923279,0.0,0.2979690134525299,0.0,-0.30710065364837646,0.0,0.4761904776096344,0.6857142448425293,0.9766905903816223,0.9541502594947815,1.0,0.4285714328289032,0.7684606313705444,0.30000001192092896,0.20000000298023224,0.20000000298023224,0.15000000596046448,0.15000000596046448,1.0,1.0,1.0,1.0
complex_qaware_v018_r4,closed_loop,complex,full,1,0.18,True,9.998658216,1785050733.4162104,1.1047312575989519,0.007719966871124468,0.09697281298233223,0.1290337827909313,-0.026023035371310104,1.27092469088219,0.11149189149563599,-0.17887348100708,21.0,1.0785872622360033,0.0011413598773465903,2.1119196345110467,0.0016903599995349873,3.078547485294659,0.004002867006332254,0.6011648774147034,0.16301797330379486,0.1130179762840271,0.7684606313705444,0.7684606313705444,0,ROW_FOLLOW,,1.0,103.0,98.0,-0.09687524288892746,-0.004565820097923279,0.0,0.2979690134525299,0.0,-0.30710065364837646,0.0,0.4761904776096344,0.6857142448425293,0.9766905903816223,0.9541502594947815,1.0,0.4285714328289032,0.7684606313705444,0.30000001192092896,0.20000000298023224,0.20000000298023224,0.15000000596046448,0.15000000596046448,1.0,1.0,1.0,1.0
complex_qaware_v018_r4,closed_loop,complex,full,1,0.18,True,10.045425482,1785050733.462978,1.1076197488456283,0.00843567837972803,0.09675528618579148,0.11886179841291375,0.0027038160211478625,1.2796998684274,0.10981985629477661,-0.17779365772150874,19.0,1.0923417021632993,0.0023060772762916416,2.0256742241218038,0.0019039360246101145,2.992340065591419,0.0014527672573097505,0.6003069281578064,0.1737392097711563,0.12373921275138855,0.7582716941833496,0.7582716941833496,0,ROW_FOLLOW,,1.0,115.0,118.0,-0.09833760559558868,-0.0050214678049087524,0.0,0.2971292734146118,0.0,-0.3071722090244293,0.0,0.4523809552192688,0.6595237255096436,0.9809786677360535,0.963046133518219,1.0,0.380952388048172,0.7582716941833496,0.30000001192092896,0.20000000298023224,0.20000000298023224,0.15000000596046448,0.15000000596046448,1.0,1.0,1.0,1.0
complex_qaware_v018_r4,closed_loop,complex,full,1,0.18,True,10.097133257,1785050733.5146854,1.1133077556343989,0.008983413344776954,0.09655461849861074,0.11793257685907657,-0.03219659175753327,1.2854214134846158,0.10943075244687807,-0.18038768337416566,19.0,1.1038930468164232,0.002781022398594641,2.003892159497411,0.003260152603063931,3.0372245244514793,0.003744840661273343,0.5984945893287659,0.16866882145404816,0.1186688244342804,0.7719793319702148,0.7582716941833496,0,ROW_FOLLOW,,1.0,118.0,109.0,-0.095078244805336,-0.00595305860042572,0.0,0.29510629177093506,0.0,-0.3070124089717865,0.0,0.4841269850730896,0.6857142448425293,0.9812074303627014,0.9557127952575684,1.0,0.4285714328289032,0.7719793319702148,0.30000001192092896,0.20000000298023224,0.20000000298023224,0.15000000596046448,0.15000000596046448,1.0,1.0,1.0,1.0
complex_qaware_v018_r4,closed_loop,complex,full,1,0.18,True,10.145366576,1785050733.562919,1.1187735393011697,0.009382851035986878,0.09589411262912417,0.11489316356309459,0.002181995329787842,1.2914484765374479,0.11232543908792503,-0.17753893777809088,19.0,1.1038930468164232,0.002781022398594641,2.003892159497411,0.003260152603063931,3.0372245244514793,0.003744840661273343,0.5984945893287659,0.16866882145404816,0.1186688244342804,0.7719793319702148,0.7719793319702148,0,ROW_FOLLOW,,1.0,118.0,109.0,-0.095078244805336,-0.00595305860042572,0.0,0.29510629177093506,0.0,-0.3070124089717865,0.0,0.4841269850730896,0.6857142448425293,0.9812074303627014,0.9557127952575684,1.0,0.4285714328289032,0.7719793319702148,0.30000001192092896,0.20000000298023224,0.20000000298023224,0.15000000596046448,0.15000000596046448,1.0,1.0,1.0,1.0
complex_qaware_v018_r4,closed_loop,complex,full,1,0.18,True,10.196390846,1785050733.613943,1.12447304466655,0.009921838381154605,0.09541533792512079,0.11455030213011999,-0.0159156950181646,1.2971788943988032,0.11200308341017884,-0.17968797562973216,21.0,1.114168238244097,0.0030221600140904006,2.114167335515185,0.0025857235206344664,3.1244622186228543,0.0005524453517269743,0.5944486856460571,0.15872161090373993,0.10872161388397217,0.7793958187103271,0.7719793319702148,0,ROW_FOLLOW,,1.0,112.0,113.0,-0.09680809080600739,-0.006583899259567261,0.0,0.2936588525772095,0.0,-0.306826651096344,0.0,0.5,0.7119047045707703,0.9777086973190308,0.9431540966033936,1.0,0.4761904776096344,0.7793958187103271,0.30000001192092896,0.20000000298023224,0.20000000298023224,0.15000000596046448,0.15000000596046448,1.0,1.0,1.0,1.0
complex_qaware_v018_r4,closed_loop,complex,full,1,0.18,True,10.245389656,1785050733.662942,1.1282500415379806,0.010007924442516664,0.09387399196531643,0.11403612757189417,-0.03975639319036715,1.301357678260996,0.11358096497328132,-0.17806854929718374,21.0,1.114168238244097,0.0030221600140904006,2.114167335515185,0.0025857235206344664,3.1244622186228543,0.0005524453517269743,0.5944486856460571,0.15872161090373993,0.10872161388397217,0.7793958187103271,0.7793958187103271,0,ROW_FOLLOW,,1.0,112.0,113.0,-0.09680809080600739,-0.006583899259567261,0.0,0.2936588525772095,0.0,-0.306826651096344,0.0,0.5,0.7119047045707703,0.9777086973190308,0.9431540966033936,1.0,0.4761904776096344,0.7793958187103271,0.30000001192092896,0.20000000298023224,0.20000000298023224,0.15000000596046448,0.15000000596046448,1.0,1.0,1.0,1.0
complex_qaware_v018_r4,closed_loop,complex,full,1,0.18,True,10.29662798,1785050733.7141805,1.1338416205520472,0.010514231840668825,0.09253005647872305,0.11319798308734953,-0.03889186793627774,1.3069873400168404,0.11346975288334106,-0.17880996323011886,21.0,1.1238781488898544,0.0027860332218846927,2.123877214651507,0.0032990433492425426,3.12915715858625,0.0027265273296218267,0.5959895849227905,0.15912280976772308,0.10912281274795532,0.7856926918029785,0.7793958187103271,0,ROW_FOLLOW,,1.0,104.0,125.0,-0.09107465296983719,-0.008524447679519653,0.0,0.2916390299797058,0.0,-0.3086879253387451,0.0,0.523809552192688,0.7119047045707703,0.9770379066467285,0.9384084343910217,1.0,0.4761904776096344,0.7856926918029785,0.30000001192092896,0.20000000298023224,0.20000000298023224,0.15000000596046448,0.15000000596046448,1.0,1.0,1.0,1.0
complex_qaware_v018_r4,closed_loop,complex,full,1,0.18,True,10.345513091,1785050733.7630653,1.1374403684066012,0.010500514970972855,0.092051576201877,0.1116799142912557,-0.015206250885334265,1.3142407933198355,0.11477362610009716,-0.17767372282959312,21.0,1.1238781488898544,0.0027860332218846927,2.123877214651507,0.0032990433492425426,3.12915715858625,0.0027265273296218267,0.5959895849227905,0.15912280976772308,0.10912281274795532,0.7856926918029785,0.7856926918029785,0,ROW_FOLLOW,,1.0,104.0,125.0,-0.09107465296983719,-0.008524447679519653,0.0,0.2916390299797058,0.0,-0.3086879253387451,0.0,0.523809552192688,0.7119047045707703,0.9770379066467285,0.9384084343910217,1.0,0.4761904776096344,0.7856926918029785,0.30000001192092896,0.20000000298023224,0.20000000298023224,0.15000000596046448,0.15000000596046448,1.0,1.0,1.0,1.0
complex_qaware_v018_r4,closed_loop,complex,full,1,0.18,True,10.395926209,1785050733.8134785,1.1428071022449957,0.010982214423828657,0.0909813011612921,0.11066140252109478,-0.020916043533371974,1.3196406398680685,0.11461545926562872,-0.17872816839271607,21.0,1.1238781488898544,0.0027860332218846927,2.123877214651507,0.0032990433492425426,3.12915715858625,0.0027265273296218267,0.5959895849227905,0.15912280976772308,0.10912281274795532,0.7856926918029785,0.7856926918029785,0,ROW_FOLLOW,,1.0,104.0,125.0,-0.09107465296983719,-0.008524447679519653,0.0,0.2916390299797058,0.0,-0.3086879253387451,0.0,0.523809552192688,0.7119047045707703,0.9770379066467285,0.9384084343910217,1.0,0.4761904776096344,0.7856926918029785,0.30000001192092896,0.20000000298023224,0.20000000298023224,0.15000000596046448,0.15000000596046448,1.0,1.0,1.0,1.0
complex_qaware_v018_r4,closed_loop,complex,full,1,0.18,True,10.445427081,1785050733.8629794,1.1491494526364001,0.010275694652355772,0.09029191563580953,0.11099381485899842,0.0068101845486823204,1.3266963196776373,0.11377818628602358,-0.17881010079031961,21.0,1.1337036933801947,0.002141331983520373,2.1337028016289064,0.0016927255107601121,3.1337019207774577,0.0012441216324727492,0.5959736704826355,0.16346733272075653,0.11346733570098877,0.7811094522476196,0.7811094522476196,0,ROW_FOLLOW,,1.0,121.0,127.0,-0.0923897847533226,-0.009885966777801514,0.0,0.2903035879135132,0.0,-0.3100755214691162,0.0,0.523809552192688,0.6857142448425293,0.9771619439125061,0.9426085352897644,1.0,0.4285714328289032,0.7811094522476196,0.30000001192092896,0.20000000298023224,0.20000000298023224,0.15000000596046448,0.15000000596046448,1.0,1.0,1.0,1.0
complex_qaware_v018_r4,closed_loop,complex,full,1,0.18,True,10.501179918,1785050733.9187324,1.1598473509411125,0.011325409865316596,0.08927722517219874,0.10990292136070474,-0.04545370634271049,1.337457848068992,0.113104930886232,-0.18329847012226352,20.0,1.1454158947154698,0.001315338842072659,2.1454132191179904,0.000145522385074172,3.078744003459095,-0.0010258605981605714,0.5964122414588928,0.1595878154039383,0.10958781838417053,0.7805849313735962,0.7811094522476196,0,ROW_FOLLOW,,1.0,125.0,123.0,-0.09283361583948135,-0.010457530617713928,0.0,0.28980204463005066,0.0,-0.3107171058654785,0.0,0.5396825075149536,0.6595237255096436,0.976705014705658,0.9428961873054504,1.0,0.380952388048172,0.7805849313735962,0.30000001192092896,0.20000000298023224,0.20000000298023224,0.15000000596046448,0.15000000596046448,1.0,1.0,1.0,1.0
complex_qaware_v018_r4,closed_loop,complex,full,1,0.18,True,10.545354511,1785050733.9629068,1.1603875013643181,0.011606554962216464,0.08675103668382043,0.11225038852377363,-0.027277997269727874,1.3380999411000136,0.11260896861026654,-0.18597546024653844,20.0,1.1454158947154698,0.001315338842072659,2.1454132191179904,0.000145522385074172,3.078744003459095,-0.0010258605981605714,0.5964122414588928,0.1595878154039383,0.10958781838417053,0.7805849313735962,0.7805849313735962,0,ROW_FOLLOW,,1.0,125.0,123.0,-0.09283361583948135,-0.010457530617713928,0.0,0.28980204463005066,0.0,-0.3107171058654785,0.0,0.5396825075149536,0.6595237255096436,0.976705014705658,0.9428961873054504,1.0,0.380952388048172,0.7805849313735962,0.30000001192092896,0.20000000298023224,0.20000000298023224,0.15000000596046448,0.15000000596046448,1.0,1.0,1.0,1.0
complex_qaware_v018_r4,closed_loop,complex,full,1,0.18,True,10.595553928,1785050734.013106,1.1656901069645902,0.012044323040512783,0.08551315596955876,0.11081610498265344,-0.031486280107855834,1.34343377151028,0.11248004339231472,-0.1868349616995506,20.0,1.1454158947154698,0.001315338842072659,2.1454132191179904,0.000145522385074172,3.078744003459095,-0.0010258605981605714,0.5964122414588928,0.1595878154039383,0.10958781838417053,0.7805849313735962,0.7805849313735962,0,ROW_FOLLOW,,1.0,125.0,123.0,-0.09283361583948135,-0.010457530617713928,0.0,0.28980204463005066,0.0,-0.3107171058654785,0.0,0.5396825075149536,0.6595237255096436,0.976705014705658,0.9428961873054504,1.0,0.380952388048172,0.7805849313735962,0.30000001192092896,0.20000000298023224,0.20000000298023224,0.15000000596046448,0.15000000596046448,1.0,1.0,1.0,1.0
complex_qaware_v018_r4,closed_loop,complex,full,1,0.18,True,10.64532495,1785050734.0628772,1.1772515455250563,0.012463697145202948,0.08338522644901136,0.12058493835531182,-0.027668725962014428,1.3550345474270826,0.11277426074531752,-0.1914027962030915,21.0,1.1560066327325755,0.0010427121029020475,2.1559984220120545,-0.0025930638342583933,3.15419129825158,-0.006216850931986492,0.5931290984153748,0.15658266842365265,0.10658267140388489,0.7860260009765625,0.7860260009765625,0,ROW_FOLLOW,,1.0,139.0,120.0,-0.09068048745393753,-0.010864362120628357,0.0,0.2886417806148529,0.0,-0.3103705048561096,0.0,0.547619104385376,0.6857142448425293,0.9731312990188599,0.9331409931182861,1.0,0.4285714328289032,0.7860260009765625,0.30000001192092896,0.20000000298023224,0.20000000298023224,0.15000000596046448,0.15000000596046448,1.0,1.0,1.0,1.0
complex_qaware_v018_r4,closed_loop,complex,full,1,0.18,True,10.696873042,1785050734.1144254,1.1825319138517192,0.01287808084193031,0.081620342140174,0.11742999392966902,-0.05276971641137452,1.360349929537946,0.11274261351715202,-0.19161377772419486,21.0,1.1560066327325755,0.0010427121029020475,2.1559984220120545,-0.0025930638342583933,3.15419129825158,-0.006216850931986492,0.5931290984153748,0.15658266842365265,0.10658267140388489,0.7860260009765625,0.7860260009765625,0,ROW_FOLLOW,,1.0,139.0,120.0,-0.09068048745393753,-0.010864362120628357,0.0,0.2886417806148529,0.0,-0.3103705048561096,0.0,0.547619104385376,0.6857142448425293,0.9731312990188599,0.9331409931182861,1.0,0.4285714328289032,0.7860260009765625,0.30000001192092896,0.20000000298023224,0.20000000298023224,0.15000000596046448,0.15000000596046448,1.0,1.0,1.0,1.0
complex_qaware_v018_r4,closed_loop,complex,full,1,0.18,True,10.745228797,1785050734.162781,1.1898925751211902,0.0132174634978127,0.07863441730083752,0.1226137353098965,-0.050287587755001584,1.3677454567730867,0.1126847591416641,-0.1910179996380515,21.0,1.169224734843654,0.0011334560995268246,2.169207686587828,-0.00450621711393026,3.173991932748139,-0.012092425889375147,0.5944369435310364,0.16434942185878754,0.11434942483901978,0.7852081060409546,0.7852081060409546,0,ROW_FOLLOW,,1.0,130.0,122.0,-0.08799587190151215,-0.011498808860778809,0.0,0.2875826358795166,0.0,-0.3105802536010742,0.0,0.5317460298538208,0.6857142448425293,0.9795963764190674,0.9508141279220581,1.0,0.4285714328289032,0.7852081060409546,0.30000001192092896,0.20000000298023224,0.20000000298023224,0.15000000596046448,0.15000000596046448,1.0,1.0,1.0,1.0
complex_qaware_v018_r4,closed_loop,complex,full,1,0.18,True,10.797851124,1785050734.2154033,1.1950946417693808,0.013586917836914573,0.0760586715040233,0.11828310322163166,-0.062134081053238054,1.3729872256709477,0.11285411854537304,-0.18988893694665865,21.0,1.169224734843654,0.0011334560995268246,2.169207686587828,-0.00450621711393026,3.173991932748139,-0.012092425889375147,0.5944369435310364,0.16434942185878754,0.11434942483901978,0.7852081060409546,0.7852081060409546,0,ROW_FOLLOW,,1.0,130.0,122.0,-0.08799587190151215,-0.011498808860778809,0.0,0.2875826358795166,0.0,-0.3105802536010742,0.0,0.5317460298538208,0.6857142448425293,0.9795963764190674,0.9508141279220581,1.0,0.4285714328289032,0.7852081060409546,0.30000001192092896,0.20000000298023224,0.20000000298023224,0.15000000596046448,0.15000000596046448,1.0,1.0,1.0,1.0
complex_qaware_v018_r4,closed_loop,complex,full,1,0.18,True,10.845370826,1785050734.262923,1.2005108314009592,0.014807366927658555,0.07206258590013447,0.1192606967528247,-0.0711646717656056,1.3791716872287634,0.1133873110647186,-0.190641161047628,21.0,1.181026411260394,0.0012955758676857782,2.181002632700935,-0.005585841667966684,3.180978869418451,-0.012467249345431058,0.5931532979011536,0.1634504348039627,0.11345043778419495,0.78879714012146,0.78879714012146,0,ROW_FOLLOW,,1.0,135.0,128.0,-0.0833403468132019,-0.01224091649055481,0.0,0.28647470474243164,0.0,-0.31095653772354126,0.0,0.5317460298538208,0.7119047045707703,0.9760558009147644,0.9445414543151855,1.0,0.4761904776096344,0.78879714012146,0.30000001192092896,0.20000000298023224,0.20000000298023224,0.15000000596046448,0.15000000596046448,1.0,1.0,1.0,1.0
complex_qaware_v018_r4,closed_loop,complex,full,1,0.18,True,10.896869477,1785050734.3144217,1.2055952398237129,0.01512737141120803,0.06922351471553423,0.1155899602018533,-0.06972753016165281,1.3842954517488884,0.11363459147700827,-0.1889926249656968,21.0,1.181026411260394,0.0012955758676857782,2.181002632700935,-0.005585841667966684,3.180978869418451,-0.012467249345431058,0.5931532979011536,0.1634504348039627,0.11345043778419495,0.78879714012146,0.78879714012146,0,ROW_FOLLOW,,1.0,135.0,128.0,-0.0833403468132019,-0.01224091649055481,0.0,0.28647470474243164,0.0,-0.31095653772354126,0.0,0.5317460298538208,0.7119047045707703,0.9760558009147644,0.9445414543151855,1.0,0.4761904776096344,0.78879714012146,0.30000001192092896,0.20000000298023224,0.20000000298023224,0.15000000596046448,0.15000000596046448,1.0,1.0,1.0,1.0
complex_qaware_v018_r4,closed_loop,complex,full,1,0.18,True,10.94533749,1785050734.3628898,1.212726000559145,0.017870236019752017,0.06460429125020092,0.11572099526460597,-0.09403157600420614,1.3922113279800032,0.11307245709095924,-0.1952179764645278,21.0,1.1943102159266308,0.0016964619419193333,2.1942779013050253,-0.00630505443433367,3.1942456252065905,-0.014306566432217387,0.5930451154708862,0.16674645245075226,0.1167464554309845,0.790861964225769,0.790861964225769,0,ROW_FOLLOW,,1.0,129.0,128.0,-0.07718480378389359,-0.012739494442939758,0.0,0.2854149043560028,0.0,-0.3108938932418823,0.0,0.5396825671195984,0.7119047045707703,0.9747741222381592,0.944142758846283,1.0,0.4761904776096344,0.790861964225769,0.30000001192092896,0.20000000298023224,0.20000000298023224,0.15000000596046448,0.15000000596046448,1.0,1.0,1.0,1.0
complex_qaware_v018_r4,closed_loop,complex,full,1,0.18,True,10.995589998,1785050734.4131422,1.217698786030723,0.018137696029997798,0.06096240061747873,0.11232823859151522,-0.0852142878330134,1.397228223702485,0.11350723971069254,-0.19231942566630578,21.0,1.1943102159266308,0.0016964619419193333,2.1942779013050253,-0.00630505443433367,3.1942456252065905,-0.014306566432217387,0.5930451154708862,0.16674645245075226,0.1167464554309845,0.790861964225769,0.790861964225769,0,ROW_FOLLOW,,1.0,129.0,128.0,-0.07718480378389359,-0.012739494442939758,0.0,0.2854149043560028,0.0,-0.3108938932418823,0.0,0.5396825671195984,0.7119047045707703,0.9747741222381592,0.944142758846283,1.0,0.4761904776096344,0.790861964225769,0.30000001192092896,0.20000000298023224,0.20000000298023224,0.15000000596046448,0.15000000596046448,1.0,1.0,1.0,1.0
complex_qaware_v018_r4,closed_loop,complex,full,1,0.18,True,11.045341244,1785050734.4628935,1.2225730517010922,0.02090533493492708,0.05523037100455365,0.11185520367061173,-0.1111491743150402,1.4052505847476902,0.11373036056239268,-0.19215903881663343,21.0,1.206015668604281,0.002861129098985657,2.2059749727824594,-0.006086513705416958,3.205934332888308,-0.01503415498036618,0.592538058757782,0.1676265448331833,0.11762654781341553,0.7919678688049316,0.7919678688049316,0,ROW_FOLLOW,,1.0,127.0,123.0,-0.06943339854478836,-0.013257741928100586,0.0,0.2848969101905823,0.0,-0.31141239404678345,0.0,0.523809552192688,0.7380951642990112,0.9761546850204468,0.9464999437332153,1.0,0.523809552192688,0.7919678688049316,0.30000001192092896,0.20000000298023224,0.20000000298023224,0.15000000596046448,0.15000000596046448,1.0,1.0,1.0,1.0
complex_qaware_v018_r4,closed_loop,complex,full,1,0.18,True,11.098628292,1785050734.5161805,1.2276814709790214,0.02112072437517716,0.051164343360820215,0.11011400888407581,-0.09526212021574694,1.4104059700783236,0.11427002821360958,-0.18856125447518735,21.0,1.2168682263078174,0.004999011872351338,2.2168232992049184,-0.004472482666181233,3.216778414087681,-0.013943974833053685,0.5923628807067871,0.1620919555425644,0.11209195852279663,0.7953833341598511,0.7919678688049316,0,ROW_FOLLOW,,1.0,129.0,129.0,-0.060017623007297516,-0.01336127519607544,0.0,0.2846736013889313,0.0,-0.31139615178108215,0.0,0.5396825671195984,0.7380951642990112,0.9738404154777527,0.9406094551086426,1.0,0.523809552192688,0.7953833341598511,0.30000001192092896,0.20000000298023224,0.20000000298023224,0.15000000596046448,0.15000000596046448,1.0,1.0,1.0,1.0
complex_qaware_v018_r4,closed_loop,complex,full,1,0.18,True,11.145401095,1785050734.5629535,1.2300385906235825,0.021691038043416273,0.045493534397510235,0.10835534512729296,-0.09941787036969399,1.4129117928258936,0.11759233732845491,-0.1705110854687885,21.0,1.2168682263078174,0.004999011872351338,2.2168232992049184,-0.004472482666181233,3.216778414087681,-0.013943974833053685,0.5923628807067871,0.1620919555425644,0.11209195852279663,0.7953833341598511,0.7953833341598511,0,ROW_FOLLOW,,1.0,129.0,129.0,-0.060017623007297516,-0.01336127519607544,0.0,0.2846736013889313,0.0,-0.31139615178108215,0.0,0.5396825671195984,0.7380951642990112,0.9738404154777527,0.9406094551086426,1.0,0.523809552192688,0.7953833341598511,0.30000001192092896,0.20000000298023224,0.20000000298023224,0.15000000596046448,0.15000000596046448,1.0,1.0,1.0,1.0
complex_qaware_v018_r4,closed_loop,complex,full,1,0.18,True,11.196197455,1785050734.6137497,1.2353339187996744,0.021865645991730895,0.04160002746935952,0.10806393795095058,-0.08442967268368046,1.4182517633607332,0.11813398371010136,-0.16690010959114543,21.0,1.2267792074547124,0.006998701480826648,2.2267347883882684,-0.002418491977854222,3.226690403386916,-0.011835681587776379,0.5913392305374146,0.15814079344272614,0.10814079642295837,0.8043231964111328,0.7953833341598511,0,ROW_FOLLOW,,1.0,137.0,138.0,-0.050740018486976624,-0.013492569327354431,0.0,0.2842983603477478,0.0,-0.31128349900245667,0.0,0.5714285969734192,0.7380951642990112,0.9727101922035217,0.9382233619689941,1.0,0.523809552192688,0.8043231964111328,0.30000001192092896,0.20000000298023224,0.20000000298023224,0.15000000596046448,0.15000000596046448,1.0,1.0,1.0,1.0
complex_qaware_v018_r4,closed_loop,complex,full,1,0.18,True,11.245459953,1785050734.663012,1.2382404988785167,0.019741470777631713,0.035017244001523284,0.09819450486062738,-0.1287769753002504,1.427010918434627,0.12470843208977946,-0.1337982884281629,21.0,1.2267792074547124,0.006998701480826648,2.2267347883882684,-0.002418491977854222,3.226690403386916,-0.011835681587776379,0.5913392305374146,0.15814079344272614,0.10814079642295837,0.8043231964111328,0.8043231964111328,0,ROW_FOLLOW,,1.0,137.0,138.0,-0.050740018486976624,-0.013492569327354431,0.0,0.2842983603477478,0.0,-0.31128349900245667,0.0,0.5714285969734192,0.7380951642990112,0.9727101922035217,0.9382233619689941,1.0,0.523809552192688,0.8043231964111328,0.30000001192092896,0.20000000298023224,0.20000000298023224,0.15000000596046448,0.15000000596046448,1.0,1.0,1.0,1.0
complex_qaware_v018_r4,closed_loop,complex,full,1,0.18,True,11.296183288,1785050734.7137353,1.243769407191537,0.019861389082177345,0.030960035406140115,0.10067604886612753,-0.08728292365620702,1.432585181998783,0.1253647420509382,-0.1294228886871046,21.0,1.2354936787334536,0.007241337716929205,2.2354636342735046,-0.00020800978272816003,3.235433620128918,-0.007657355412198578,0.5904152393341064,0.15989799797534943,0.10989800095558167,0.8080993890762329,0.8043231964111328,0,ROW_FOLLOW,,1.0,139.0,142.0,-0.03531505912542343,-0.014271125197410583,0.0,0.28353819251060486,0.0,-0.312080442905426,0.0,0.5873015522956848,0.7380951642990112,0.9728286266326904,0.9314941167831421,1.0,0.523809552192688,0.8080993890762329,0.30000001192092896,0.20000000298023224,0.20000000298023224,0.15000000596046448,0.15000000596046448,1.0,1.0,1.0,1.0
complex_qaware_v018_r4,closed_loop,complex,full,1,0.18,True,11.345291542,1785050734.7628438,1.2514745872941846,0.017145994886641855,0.02512301837302111,0.1081901766296847,-0.09953766443090671,1.4417821414595244,0.1301874990891343,-0.10180260629725085,21.0,1.2354936787334536,0.007241337716929205,2.2354636342735046,-0.00020800978272816003,3.235433620128918,-0.007657355412198578,0.5904152393341064,0.15989799797534943,0.10989800095558167,0.8080993890762329,0.8080993890762329,0,ROW_FOLLOW,,1.0,139.0,142.0,-0.03531505912542343,-0.014271125197410583,0.0,0.28353819251060486,0.0,-0.312080442905426,0.0,0.5873015522956848,0.7380951642990112,0.9728286266326904,0.9314941167831421,1.0,0.523809552192688,0.8080993890762329,0.30000001192092896,0.20000000298023224,0.20000000298023224,0.15000000596046448,0.15000000596046448,1.0,1.0,1.0,1.0
complex_qaware_v018_r4,closed_loop,complex,full,1,0.18,True,11.395814584,1785050734.813367,1.2567815409327767,0.0171970091076455,0.0197681540518495,0.10819238405462368,-0.14653323352457417,1.4471483305768305,0.1312194257976767,-0.09492309490696813,21.0,1.245204151098876,0.005361176361170761,2.245181633737529,-0.0010592052232094272,3.2451591707636727,-0.00747958782874264,0.5912172198295593,0.16081611812114716,0.1108161211013794,0.8033239841461182,0.8080993890762329,0,ROW_FOLLOW,,1.0,136.0,133.0,-0.025534456595778465,-0.015077769756317139,0.0,0.2829614281654358,0.0,-0.31311696767807007,0.0,0.5873015522956848,0.7119047045707703,0.9721612334251404,0.9354691505432129,1.0,0.4761904776096344,0.8033239841461182,0.30000001192092896,0.20000000298023224,0.20000000298023224,0.15000000596046448,0.15000000596046448,1.0,1.0,1.0,1.0
complex_qaware_v018_r4,closed_loop,complex,full,1,0.18,True,11.445367009,1785050734.862919,1.2576500446707815,0.015378940716443771,0.009866110692710262,0.1058100094815935,-0.15080565182988906,1.4520231821464733,0.13299667442720436,-0.07734428479397933,21.0,1.245204151098876,0.005361176361170761,2.245181633737529,-0.0010592052232094272,3.2451591707636727,-0.00747958782874264,0.5912172198295593,0.16081611812114716,0.1108161211013794,0.8033239841461182,0.8033239841461182,0,ROW_FOLLOW,,1.0,136.0,133.0,-0.025534456595778465,-0.015077769756317139,0.0,0.2829614281654358,0.0,-0.31311696767807007,0.0,0.5873015522956848,0.7119047045707703,0.9721612334251404,0.9354691505432129,1.0,0.4761904776096344,0.8033239841461182,0.30000001192092896,0.20000000298023224,0.20000000298023224,0.15000000596046448,0.15000000596046448,1.0,1.0,1.0,1.0
complex_qaware_v018_r4,closed_loop,complex,full,1,0.18,True,11.497070433,1785050734.9146228,1.2637915859243116,0.015322724205949607,0.004332119258393165,0.10947090599111672,-0.13499625306957322,1.4582310534863028,0.13412893655538832,-0.06979587060608623,21.0,1.2546965766344378,0.0026121995899762,2.25468022664669,-0.003036463279889282,3.2546639023889745,-0.008685126563669682,0.589824914932251,0.1549510508775711,0.10495105385780334,0.7997097969055176,0.8033239841461182,0,ROW_FOLLOW,,1.0,132.0,143.0,-0.011156877502799034,-0.015196368098258972,0.0,0.2826954126358032,0.0,-0.31308814883232117,0.0,0.579365074634552,0.7119047045707703,0.9693734049797058,0.9309636354446411,1.0,0.4761904776096344,0.7997097969055176,0.30000001192092896,0.20000000298023224,0.20000000298023224,0.15000000596046448,0.15000000596046448,1.0,1.0,1.0,1.0
complex_qaware_v018_r4,closed_loop,complex,full,1,0.18,True,11.545328842,1785050734.962881,1.2711708647938926,0.011898693477973317,-0.002802982775135909,0.11521450978149518,-0.11898074654014673,1.4679568007990593,0.1358532862287703,-0.053963181428152214,21.0,1.2546965766344378,0.0026121995899762,2.25468022664669,-0.003036463279889282,3.2546639023889745,-0.008685126563669682,0.589824914932251,0.1549510508775711,0.10495105385780334,0.7997097969055176,0.7997097969055176,0,ROW_FOLLOW,,1.0,132.0,143.0,-0.011156877502799034,-0.015196368098258972,0.0,0.2826954126358032,0.0,-0.31308814883232117,0.0,0.579365074634552,0.7119047045707703,0.9693734049797058,0.9309636354446411,1.0,0.4761904776096344,0.7997097969055176,0.30000001192092896,0.20000000298023224,0.20000000298023224,0.15000000596046448,0.15000000596046448,1.0,1.0,1.0,1.0
complex_qaware_v018_r4,closed_loop,complex,full,1,0.18,True,11.595659079,1785050735.0132115,1.2770619829114713,0.011790466519050895,-0.007232665633936541,0.11616958960960556,-0.11000715618094586,1.4739023504552486,0.1367808472304079,-0.047779441417235016,21.0,1.2657779253395456,-0.00016357521114316402,2.265755064603882,-0.006900076772079588,3.265732210738985,-0.013636577779514193,0.5886518955230713,0.1595044881105423,0.10950449109077454,0.8029736280441284,0.7997097969055176,0,ROW_FOLLOW,,1.0,136.0,145.0,-0.0003859354183077812,-0.014527812600135803,0.0,0.28330183029174805,0.0,-0.31235745549201965,0.0,0.5873015522956848,0.7119047045707703,0.9708513617515564,0.9348799586296082,1.0,0.4761904776096344,0.8029736280441284,0.30000001192092896,0.20000000298023224,0.20000000298023224,0.15000000596046448,0.15000000596046448,1.0,1.0,1.0,1.0
complex_qaware_v018_r4,closed_loop,complex,full,1,0.18,True,11.645291059,1785050735.0628433,1.2855857707134453,0.011568411528878865,-0.01414122244255278,0.12293200408510979,-0.10531338707540082,1.48248457574812,0.1366832561524297,-0.0523466459700893,21.0,1.2657779253395456,-0.00016357521114316402,2.265755064603882,-0.006900076772079588,3.265732210738985,-0.013636577779514193,0.5886518955230713,0.1595044881105423,0.10950449109077454,0.8029736280441284,0.8029736280441284,0,ROW_FOLLOW,,1.0,136.0,145.0,-0.0003859354183077812,-0.014527812600135803,0.0,0.28330183029174805,0.0,-0.31235745549201965,0.0,0.5873015522956848,0.7119047045707703,0.9708513617515564,0.9348799586296082,1.0,0.4761904776096344,0.8029736280441284,0.30000001192092896,0.20000000298023224,0.20000000298023224,0.15000000596046448,0.15000000596046448,1.0,1.0,1.0,1.0
complex_qaware_v018_r4,closed_loop,complex,full,1,0.18,True,11.695280904,1785050735.1128333,1.291892062833345,0.011377811320408215,-0.019508923370401113,0.12376320247723367,-0.1282359521538533,1.488860185823128,0.13781884216214946,-0.044776072571957586,21.0,1.2657779253395456,-0.00016357521114316402,2.265755064603882,-0.006900076772079588,3.265732210738985,-0.013636577779514193,0.5886518955230713,0.1595044881105423,0.10950449109077454,0.8029736280441284,0.8029736280441284,0,ROW_FOLLOW,,1.0,136.0,145.0,-0.0003859354183077812,-0.014527812600135803,0.0,0.28330183029174805,0.0,-0.31235745549201965,0.0,0.5873015522956848,0.7119047045707703,0.9708513617515564,0.9348799586296082,1.0,0.4761904776096344,0.8029736280441284,0.30000001192092896,0.20000000298023224,0.20000000298023224,0.15000000596046448,0.15000000596046448,1.0,1.0,1.0,1.0
complex_qaware_v018_r4,closed_loop,complex,full,1,0.18,True,11.745175259,1785050735.1627274,1.2982338513593845,0.012715045928131453,-0.026453502837031184,0.12616945419391842,-0.11314626493461623,1.4969602970808715,0.13684730217153665,-0.05122053323223611,21.0,1.2774702516999248,-0.001966796370862865,2.2774416991216664,-0.009519172200146975,3.277413128644026,-0.017071547036126716,0.5888939499855042,0.16519008576869965,0.11519008874893188,0.8029465675354004,0.8029465675354004,0,ROW_FOLLOW,,1.0,140.0,137.0,0.011294939555227757,-0.014668479561805725,0.0,0.28335222601890564,0.0,-0.3126891851425171,0.0,0.579365074634552,0.7119047045707703,0.9752126336097717,0.9447567462921143,1.0,0.4761904776096344,0.8029465675354004,0.30000001192092896,0.20000000298023224,0.20000000298023224,0.15000000596046448,0.15000000596046448,1.0,1.0,1.0,1.0
complex_qaware_v018_r4,closed_loop,complex,full,1,0.18,True,11.798557254,1785050735.2161095,1.3048323003240514,0.01244165975517289,-0.031032626782661946,0.12791118140699764,-0.10449733511775854,1.503623754019232,0.13780009972120494,-0.04486854956778093,20.0,1.2911439442138444,-0.002609199507759529,2.2911106587711014,-0.010773477944209376,3.2244128522879367,-0.018410009101100053,0.5888028144836426,0.16586942970752716,0.1158694326877594,0.8012995719909668,0.8029465675354004,0,ROW_FOLLOW,,1.0,140.0,127.0,0.022372107952833176,-0.014242693781852722,0.0,0.28362131118774414,0.0,-0.3121066987514496,0.0,0.5634920597076416,0.7380951642990112,0.9711599946022034,0.9360060095787048,1.0,0.523809552192688,0.8012995719909668,0.30000001192092896,0.20000000298023224,0.20000000298023224,0.15000000596046448,0.15000000596046448,1.0,1.0,1.0,1.0
complex_qaware_v018_r4,closed_loop,complex,full,1,0.18,True,11.845797173,1785050735.2633495,1.3104859468380357,0.014222162568480376,-0.03682435124598448,0.13155259667735564,-0.09958458712855997,1.509643533099468,0.13707957476238408,-0.04769565463993285,20.0,1.2911439442138444,-0.002609199507759529,2.2911106587711014,-0.010773477944209376,3.2244128522879367,-0.018410009101100053,0.5888028144836426,0.16586942970752716,0.1158694326877594,0.8012995719909668,0.8012995719909668,0,ROW_FOLLOW,,1.0,140.0,127.0,0.022372107952833176,-0.014242693781852722,0.0,0.28362131118774414,0.0,-0.3121066987514496,0.0,0.5634920597076416,0.7380951642990112,0.9711599946022034,0.9360060095787048,1.0,0.523809552192688,0.8012995719909668,0.30000001192092896,0.20000000298023224,0.20000000298023224,0.15000000596046448,0.15000000596046448,1.0,1.0,1.0,1.0
complex_qaware_v018_r4,closed_loop,complex,full,1,0.18,True,11.897288144,1785050735.3148403,1.316684296625939,0.013912501784579544,-0.040666279488361684,0.1321828324606081,-0.09841938090711527,1.5159004233779665,0.13787421828663088,-0.042398031144954176,21.0,1.3043479249921839,-0.00154495550222532,2.3043108435745623,-0.010168158609572974,3.304093525979711,-0.018626379133489322,0.5847565531730652,0.15432114899158478,0.10432115197181702,0.8158425092697144,0.8012995719909668,0,ROW_FOLLOW,,1.0,133.0,129.0,0.03167085722088814,-0.013457238674163818,0.0,0.283994197845459,0.0,-0.3109086751937866,0.0,0.6111111640930176,0.764285683631897,0.9635178446769714,0.9129895567893982,1.0,0.5714285969734192,0.8158425092697144,0.30000001192092896,0.20000000298023224,0.20000000298023224,0.15000000596046448,0.15000000596046448,1.0,1.0,1.0,1.0
complex_qaware_v018_r4,closed_loop,complex,full,1,0.18,True,11.945429462,1785050735.3629816,1.322846958107524,0.015672151331930093,-0.04617773432951642,0.13549879055732883,-0.09903275827407383,1.5228274314273154,0.14142206739990892,-0.03619722845759772,21.0,1.3043479249921839,-0.00154495550222532,2.3043108435745623,-0.010168158609572974,3.304093525979711,-0.018626379133489322,0.5847565531730652,0.15432114899158478,0.10432115197181702,0.8158425092697144,0.8158425092697144,0,ROW_FOLLOW,,1.0,133.0,129.0,0.03167085722088814,-0.013457238674163818,0.0,0.283994197845459,0.0,-0.3109086751937866,0.0,0.6111111640930176,0.764285683631897,0.9635178446769714,0.9129895567893982,1.0,0.5714285969734192,0.8158425092697144,0.30000001192092896,0.20000000298023224,0.20000000298023224,0.15000000596046448,0.15000000596046448,1.0,1.0,1.0,1.0
complex_qaware_v018_r4,closed_loop,complex,full,1,0.18,True,11.996143518,1785050735.4136958,1.3293128209330394,0.015304512750486655,-0.04931951286262804,0.13529808360723283,-0.07471656699998835,1.529345750728057,0.14207777221532505,-0.03182586302149018,21.0,1.3168233899859358,0.0005131876514463234,2.316783285753006,-0.00845420669793149,3.322797670543184,-0.016571741542047498,0.5868922472000122,0.1539069563150406,0.10390695929527283,0.8211053609848022,0.8158425092697144,0,ROW_FOLLOW,,1.0,133.0,148.0,0.04007291421294212,-0.012420788407325745,0.0,0.2847796082496643,0.0,-0.3096211850643158,0.0,0.6190476417541504,0.764285683631897,0.9680740833282471,0.9261271357536316,1.0,0.5714285969734192,0.8211053609848022,0.30000001192092896,0.20000000298023224,0.20000000298023224,0.15000000596046448,0.15000000596046448,1.0,1.0,1.0,1.0
complex_qaware_v018_r4,closed_loop,complex,full,1,0.18,True,12.045512227,1785050735.4630647,1.3333977992867627,0.014894485355173175,-0.05279265272438229,0.13194340229249893,-0.054656651267670615,1.5334836242863628,0.14611312844536312,-0.011238910212675058,21.0,1.3168233899859358,0.0005131876514463234,2.316783285753006,-0.00845420669793149,3.322797670543184,-0.016571741542047498,0.5868922472000122,0.1539069563150406,0.10390695929527283,0.8211053609848022,0.8211053609848022,0,ROW_FOLLOW,,1.0,133.0,148.0,0.04007291421294212,-0.012420788407325745,0.0,0.2847796082496643,0.0,-0.3096211850643158,0.0,0.6190476417541504,0.764285683631897,0.9680740833282471,0.9261271357536316,1.0,0.5714285969734192,0.8211053609848022,0.30000001192092896,0.20000000298023224,0.20000000298023224,0.15000000596046448,0.15000000596046448,1.0,1.0,1.0,1.0
complex_qaware_v018_r4,closed_loop,complex,full,1,0.18,True,12.097531116,1785050735.5150833,1.3396726703030832,0.014515827262837877,-0.054836902076123906,0.13267273354980044,-0.05950948656275183,1.5397975260230858,0.1465782760407302,-0.008137926243561237,21.0,1.3284333507977064,0.0028616503365040125,2.3283710042962666,-0.008030433455414805,3.328308700993626,-0.018922521843318652,0.5859030485153198,0.15000717341899872,0.10000717639923096,0.8122822046279907,0.8211053609848022,0,ROW_FOLLOW,,1.0,115.0,126.0,0.040401920676231384,-0.009271904826164246,0.0,0.28751808404922485,0.0,-0.30606189370155334,0.0,0.6190476417541504,0.7380951642990112,0.9664474725723267,0.9043961763381958,1.0,0.523809552192688,0.8122822046279907,0.30000001192092896,0.20000000298023224,0.20000000298023224,0.15000000596046448,0.15000000596046448,1.0,1.0,1.0,1.0
complex_qaware_v018_r4,closed_loop,complex,full,1,0.18,True,12.145318345,1785050735.5628705,1.3441920780305265,0.012203525527600376,-0.057450460995467356,0.1246310115852643,-0.03126180732153305,1.5451511823434998,0.14329209785569996,0.019457993182255842,21.0,1.3284333507977064,0.0028616503365040125,2.3283710042962666,-0.008030433455414805,3.328308700993626,-0.018922521843318652,0.5859030485153198,0.15000717341899872,0.10000717639923096,0.8122822046279907,0.8122822046279907,0,ROW_FOLLOW,,1.0,115.0,126.0,0.040401920676231384,-0.009271904826164246,0.0,0.28751808404922485,0.0,-0.30606189370155334,0.0,0.6190476417541504,0.7380951642990112,0.9664474725723267,0.9043961763381958,1.0,0.523809552192688,0.8122822046279907,0.30000001192092896,0.20000000298023224,0.20000000298023224,0.15000000596046448,0.15000000596046448,1.0,1.0,1.0,1.0
complex_qaware_v018_r4,closed_loop,complex,full,1,0.18,True,12.206253556,1785050735.6238058,1.3509226513178614,0.0117644287977646,-0.060116145040180154,0.1270658854309013,-0.07630437481339178,1.5519318651097045,0.14259641049849317,0.0240959088969678,20.0,1.3398600779878924,0.004649631528395452,2.3397816064160986,-0.0076859755320803054,3.2730414612229306,-0.019232222879407655,0.5811901092529297,0.14548178017139435,0.09548178315162659,0.8121600151062012,0.8122822046279907,0,ROW_FOLLOW,,1.0,127.0,132.0,0.046789877116680145,-0.0059452056884765625,0.0,0.29141923785209656,0.0,-0.3033096492290497,0.0,0.6428571343421936,0.7119047045707703,0.9606434106826782,0.8986214399337769,1.0,0.4761904776096344,0.8121600151062012,0.30000001192092896,0.20000000298023224,0.20000000298023224,0.15000000596046448,0.15000000596046448,1.0,1.0,1.0,1.0
complex_qaware_v018_r4,closed_loop,complex,full,1,0.18,True,12.245352853,1785050735.662905,1.3588897748044408,0.011216937484451666,-0.0640462588630095,0.12647356302213625,-0.05555859909057123,1.5599704733691528,0.08272527328210005,0.04094438088219535,20.0,1.3398600779878924,0.004649631528395452,2.3397816064160986,-0.0076859755320803054,3.2730414612229306,-0.019232222879407655,0.5811901092529297,0.14548178017139435,0.09548178315162659,0.8121600151062012,0.6000000238418579,0,ROW_FOLLOW,,1.0,127.0,132.0,0.046789877116680145,-0.0059452056884765625,0.0,0.29141923785209656,0.0,-0.3033096492290497,0.0,0.6428571343421936,0.7119047045707703,0.9606434106826782,0.8986214399337769,1.0,0.4761904776096344,0.8121600151062012,0.30000001192092896,0.20000000298023224,0.20000000298023224,0.15000000596046448,0.15000000596046448,1.0,1.0,1.0,1.0
complex_qaware_v018_r4,closed_loop,complex,full,1,0.18,True,12.296669163,1785050735.7142212,1.371618889574777,0.01017275043554787,-0.06669208044510277,0.12833327797401095,-0.04881794193786872,1.5727786622070266,0.08211376757476292,0.045963964018220275,21.0,1.351941929698345,0.005991891126789269,2.351851702918268,-0.007426361094398418,3.352309251637447,-0.020850928808234477,0.5879459381103516,0.1486639529466629,0.09866395592689514,0.79903244972229,0.6000000238418579,0,ROW_FOLLOW,,1.0,130.0,111.0,0.05419735237956047,-0.0038301944732666016,0.0,0.29387491941452026,0.0,-0.30153530836105347,0.0,0.579365074634552,0.7119047045707703,0.9692413806915283,0.9266250133514404,1.0,0.4761904776096344,0.79903244972229,0.30000001192092896,0.20000000298023224,0.20000000298023224,0.15000000596046448,0.15000000596046448,1.0,1.0,1.0,1.0
complex_qaware_v018_r4,closed_loop,complex,full,1,0.18,True,12.345341439,1785050735.7628937,1.3726468807287249,0.010183025688937938,-0.06898650106075929,0.1308376898697066,-0.014076510814442113,1.5738176435410913,0.0792355754192308,0.058903983630287184,21.0,1.351941929698345,0.005991891126789269,2.351851702918268,-0.007426361094398418,3.352309251637447,-0.020850928808234477,0.5879459381103516,0.1486639529466629,0.09866395592689514,0.79903244972229,0.6000000238418579,0,ROW_FOLLOW,,1.0,130.0,111.0,0.05419735237956047,-0.0038301944732666016,0.0,0.29387491941452026,0.0,-0.30153530836105347,0.0,0.579365074634552,0.7119047045707703,0.9692413806915283,0.9266250133514404,1.0,0.4761904776096344,0.79903244972229,0.30000001192092896,0.20000000298023224,0.20000000298023224,0.15000000596046448,0.15000000596046448,1.0,1.0,1.0,1.0
complex_qaware_v018_r4,closed_loop,complex,full,1,0.18,True,12.395603451,1785050735.8131557,1.3788014696552455,0.009726491279879228,-0.07058061587235986,0.12939679609694105,-0.0508376662402214,1.5800092137445527,0.07880240129430749,0.06251813910106001,21.0,1.351941929698345,0.005991891126789269,2.351851702918268,-0.007426361094398418,3.352309251637447,-0.020850928808234477,0.5879459381103516,0.1486639529466629,0.09866395592689514,0.79903244972229,0.6000000238418579,0,ROW_FOLLOW,,1.0,130.0,111.0,0.05419735237956047,-0.0038301944732666016,0.0,0.29387491941452026,0.0,-0.30153530836105347,0.0,0.579365074634552,0.7119047045707703,0.9692413806915283,0.9266250133514404,1.0,0.4761904776096344,0.79903244972229,0.30000001192092896,0.20000000298023224,0.20000000298023224,0.15000000596046448,0.15000000596046448,1.0,1.0,1.0,1.0
complex_qaware_v018_r4,closed_loop,complex,full,1,0.18,True,12.445756468,1785050735.863309,1.3870976512025426,0.008978253809203337,-0.07331143672785691,0.12720532556279673,-0.03293947531316625,1.5883639225060056,0.13121016657917492,0.07698741511710541,21.0,1.36502102582787,0.00684650363026196,2.3649380451952022,-0.006039968513072018,3.3719496035788548,-0.017973664076984516,0.5878456830978394,0.15000717341899872,0.10000717639923096,0.7931015491485596,0.7931015491485596,0,ROW_FOLLOW,,1.0,110.0,107.0,0.058709535747766495,-0.0019057393074035645,0.0,0.29635411500930786,0.0,-0.300165593624115,0.0,0.5714285969734192,0.6857142448425293,0.9739980101585388,0.9315366148948669,1.0,0.4285714328289032,0.7931015491485596,0.30000001192092896,0.20000000298023224,0.20000000298023224,0.15000000596046448,0.15000000596046448,1.0,1.0,1.0,1.0
complex_qaware_v018_r4,closed_loop,complex,full,1,0.18,True,12.496450427,1785050735.9140027,1.3924229527286514,0.008558832197017358,-0.07468560112406268,0.12435759344091006,-0.03424190290053481,1.5937217576993177,0.1306980103617969,0.08040178989962556,21.0,1.36502102582787,0.00684650363026196,2.3649380451952022,-0.006039968513072018,3.3719496035788548,-0.017973664076984516,0.5878456830978394,0.15000717341899872,0.10000717639923096,0.7931015491485596,0.7931015491485596,0,ROW_FOLLOW,,1.0,110.0,107.0,0.058709535747766495,-0.0019057393074035645,0.0,0.29635411500930786,0.0,-0.300165593624115,0.0,0.5714285969734192,0.6857142448425293,0.9739980101585388,0.9315366148948669,1.0,0.4285714328289032,0.7931015491485596,0.30000001192092896,0.20000000298023224,0.20000000298023224,0.15000000596046448,0.15000000596046448,1.0,1.0,1.0,1.0
complex_qaware_v018_r4,closed_loop,complex,full,1,0.18,True,12.54539855,1785050735.962951,1.4014305137825596,0.009364907161624015,-0.07744161339024513,0.12543972538478673,-0.04305931227362133,1.6030142369565024,0.13092373891040168,0.08476989776793553,21.0,1.380800958218255,0.007896942771626362,2.380697054246821,-0.00635054549977252,3.38059316948615,-0.020598035401666912,0.5862213969230652,0.15812541544437408,0.10812541842460632,0.7979956865310669,0.7979956865310669,0,ROW_FOLLOW,,1.0,107.0,115.0,0.05828225985169411,0.0008797943592071533,0.0,0.29909178614616394,0.0,-0.29733219742774963,0.0,0.579365074634552,0.7119047045707703,0.9720509052276611,0.9159663915634155,1.0,0.4761904776096344,0.7979956865310669,0.30000001192092896,0.20000000298023224,0.20000000298023224,0.15000000596046448,0.15000000596046448,1.0,1.0,1.0,1.0
complex_qaware_v018_r4,closed_loop,complex,full,1,0.18,True,12.596285314,1785050736.0138376,1.4078084516073877,0.008670514154352995,-0.0789699196675513,0.12645206458851693,-0.040085882482555416,1.6094610193967123,0.13017992270451548,0.08972867247384361,20.0,1.3949475405097331,0.00974275450939044,2.3948042967741734,-0.006940349260586338,3.3280022421359576,-0.022615185224386946,0.5861760377883911,0.15877105295658112,0.10877105593681335,0.8048083782196045,0.7979956865310669,0,ROW_FOLLOW,,1.0,81.0,115.0,0.05916737765073776,0.003778696060180664,0.0,0.30176472663879395,0.0,-0.2942073345184326,0.0,0.5873016119003296,0.7380951642990112,0.97357177734375,0.908563494682312,1.0,0.523809552192688,0.8048083782196045,0.30000001192092896,0.20000000298023224,0.20000000298023224,0.15000000596046448,0.15000000596046448,1.0,1.0,1.0,1.0
complex_qaware_v018_r4,closed_loop,complex,full,1,0.18,True,12.645318368,1785050736.0628705,1.4135577583271488,0.008189074020795946,-0.08062744694383993,0.12425046200385065,-0.016489175414412978,1.615245839657785,0.12955843596099356,0.10204714745690155,20.0,1.3949475405097331,0.00974275450939044,2.3948042967741734,-0.006940349260586338,3.3280022421359576,-0.022615185224386946,0.5861760377883911,0.15877105295658112,0.10877105593681335,0.8048083782196045,0.8048083782196045,0,ROW_FOLLOW,,1.0,81.0,115.0,0.05916737765073776,0.003778696060180664,0.0,0.30176472663879395,0.0,-0.2942073345184326,0.0,0.5873016119003296,0.7380951642990112,0.97357177734375,0.908563494682312,1.0,0.523809552192688,0.8048083782196045,0.30000001192092896,0.20000000298023224,0.20000000298023224,0.15000000596046448,0.15000000596046448,1.0,1.0,1.0,1.0
complex_qaware_v018_r4,closed_loop,complex,full,1,0.18,True,12.696756122,1785050736.1143084,1.419295544114091,0.007691361227826001,-0.0818525632694751,0.12190951739789159,-0.016239098934552817,1.621026208461657,0.1289998473621117,0.10577107144944739,21.0,1.4085456153988867,0.013051788630169146,2.408305166758159,-0.008467777233597163,3.408351360765214,-0.03140400224058433,0.5896422863006592,0.16512729227542877,0.11512729525566101,0.788127064704895,0.8048083782196045,0,ROW_FOLLOW,,1.0,81.0,119.0,0.05450062453746796,0.01004822552204132,0.0,0.3065010607242584,0.0,-0.2864046096801758,0.0,0.5714285969734192,0.6857142448425293,0.9673953056335449,0.9071770906448364,1.0,0.4285714328289032,0.788127064704895,0.30000001192092896,0.20000000298023224,0.20000000298023224,0.15000000596046448,0.15000000596046448,1.0,1.0,1.0,1.0
complex_qaware_v018_r4,closed_loop,complex,full,1,0.18,True,12.745336108,1785050736.1628885,1.4201746359640544,0.007581230016372965,-0.0833133455572179,0.12048796288148853,-0.029089416718648554,1.6219376225865976,0.12388114665659739,0.11987816660189146,21.0,1.4085456153988867,0.013051788630169146,2.408305166758159,-0.008467777233597163,3.408351360765214,-0.03140400224058433,0.5896422863006592,0.16512729227542877,0.11512729525566101,0.788127064704895,0.788127064704895,0,ROW_FOLLOW,,1.0,81.0,119.0,0.05450062453746796,0.01004822552204132,0.0,0.3065010607242584,0.0,-0.2864046096801758,0.0,0.5714285969734192,0.6857142448425293,0.9673953056335449,0.9071770906448364,1.0,0.4285714328289032,0.788127064704895,0.30000001192092896,0.20000000298023224,0.20000000298023224,0.15000000596046448,0.15000000596046448,1.0,1.0,1.0,1.0
complex_qaware_v018_r4,closed_loop,complex,full,1,0.18,True,12.796183064,1785050736.2137353,1.420153344157761,0.0075665804813080835,-0.08375097295775283,0.12046047495150791,-0.012674514024747013,1.621967229957267,0.12377007605520265,0.1206186372778563,21.0,1.4160582792878191,0.018315183020922814,2.41568671732456,-0.008404074061925886,3.419227012606156,-0.03910797860424849,0.5894585251808167,0.1668844372034073,0.11688444018363953,0.7860418558120728,0.788127064704895,0,ROW_FOLLOW,,1.0,73.0,139.0,0.050736986100673676,0.01720404624938965,0.0,0.3117567300796509,0.0,-0.2773486375808716,0.0,0.5714285969734192,0.6857142448425293,0.9646361470222473,0.8969540596008301,1.0,0.4285714328289032,0.7860418558120728,0.30000001192092896,0.20000000298023224,0.20000000298023224,0.15000000596046448,0.15000000596046448,1.0,1.0,1.0,1.0
complex_qaware_v018_r4,closed_loop,complex,full,1,0.18,True,12.845347033,1785050736.2628992,1.4351184436961004,0.007249440010421724,-0.08462010927998875,0.11585950858653746,0.0013670724000932261,1.6369463553033488,0.12010574006038965,0.1425452932385562,21.0,1.4160582792878191,0.018315183020922814,2.41568671732456,-0.008404074061925886,3.419227012606156,-0.03910797860424849,0.5894585251808167,0.1668844372034073,0.11688444018363953,0.7860418558120728,0.7860418558120728,0,ROW_FOLLOW,,1.0,73.0,139.0,0.050736986100673676,0.01720404624938965,0.0,0.3117567300796509,0.0,-0.2773486375808716,0.0,0.5714285969734192,0.6857142448425293,0.9646361470222473,0.8969540596008301,1.0,0.4285714328289032,0.7860418558120728,0.30000001192092896,0.20000000298023224,0.20000000298023224,0.15000000596046448,0.15000000596046448,1.0,1.0,1.0,1.0
complex_qaware_v018_r4,closed_loop,complex,full,1,0.18,True,12.897522182,1785050736.3150744,1.4435623522452576,0.005397605218283995,-0.08554245324493424,0.11760454876940266,-0.006108152560468209,1.6457632686033388,0.11846530131419049,0.1534815515465507,21.0,1.4160582792878191,0.018315183020922814,2.41568671732456,-0.008404074061925886,3.419227012606156,-0.03910797860424849,0.5894585251808167,0.1668844372034073,0.11688444018363953,0.7860418558120728,0.7860418558120728,0,ROW_FOLLOW,,1.0,73.0,139.0,0.050736986100673676,0.01720404624938965,0.0,0.3117567300796509,0.0,-0.2773486375808716,0.0,0.5714285969734192,0.6857142448425293,0.9646361470222473,0.8969540596008301,1.0,0.4285714328289032,0.7860418558120728,0.30000001192092896,0.20000000298023224,0.20000000298023224,0.15000000596046448,0.15000000596046448,1.0,1.0,1.0,1.0
complex_qaware_v018_r4,closed_loop,complex,full,1,0.18,True,12.945873874,1785050736.363426,1.4453110700906762,0.0052291088013756235,-0.08631296053853488,0.11670942108321661,-0.02154697875342666,1.6475239049528758,0.06429175625665273,0.17443383541456037,21.0,1.4283033520948278,0.02358998037518074,2.427763738454265,-0.009000706582928163,3.4272241164049846,-0.04159139176642846,0.5829073786735535,0.13651423156261444,0.08651423454284668,0.7856273651123047,0.6000000238418579,0,ROW_FOLLOW,,1.0,84.0,129.0,0.04828193411231041,0.02290855348110199,0.0,0.3158874809741974,0.0,-0.2700703740119934,0.0,0.60317462682724,0.6595237255096436,0.9560219049453735,0.8771058917045593,1.0,0.380952388048172,0.7856273651123047,0.30000001192092896,0.20000000298023224,0.20000000298023224,0.15000000596046448,0.15000000596046448,1.0,1.0,1.0,1.0
complex_qaware_v018_r4,closed_loop,complex,full,1,0.18,True,12.997803417,1785050736.4153557,1.4515020639004172,0.004682511799980783,-0.0868044084872772,0.11891362925195673,-0.002614133749414558,1.6537451483431578,0.06382830696758307,0.17836656747601207,21.0,1.4393237673755148,0.028542886228493186,2.438636240170169,-0.008409760543458886,3.437948710093881,-0.04536240568096827,0.581996500492096,0.13985757529735565,0.08985757827758789,0.7913070917129517,0.6000000238418579,0,ROW_FOLLOW,,1.0,72.0,117.0,0.04635898023843765,0.027934879064559937,0.0,0.31982332468032837,0.0,-0.2639535665512085,0.0,0.6190476417541504,0.6595237255096436,0.9521152973175049,0.8884329795837402,1.0,0.380952388048172,0.7913070917129517,0.30000001192092896,0.20000000298023224,0.20000000298023224,0.15000000596046448,0.15000000596046448,1.0,1.0,1.0,1.0
complex_qaware_v018_r4,closed_loop,complex,full,1,0.18,True,13.045434643,1785050736.462987,1.4555887279688764,0.003301305756468729,-0.08721379619218483,0.115883609602636,0.00805154525729869,1.6620727846108798,0.061111139454986745,0.2051460316314639,21.0,1.4393237673755148,0.028542886228493186,2.438636240170169,-0.008409760543458886,3.437948710093881,-0.04536240568096827,0.581996500492096,0.13985757529735565,0.08985757827758789,0.7913070917129517,0.6000000238418579,0,ROW_FOLLOW,,1.0,72.0,117.0,0.04635898023843765,0.027934879064559937,0.0,0.31982332468032837,0.0,-0.2639535665512085,0.0,0.6190476417541504,0.6595237255096436,0.9521152973175049,0.8884329795837402,1.0,0.380952388048172,0.7913070917129517,0.30000001192092896,0.20000000298023224,0.20000000298023224,0.15000000596046448,0.15000000596046448,1.0,1.0,1.0,1.0
complex_qaware_v018_r4,closed_loop,complex,full,1,0.18,True,13.096459235,1785050736.5140114,1.461419006264328,0.0027911564196729374,-0.08712239187209606,0.11603460791245823,-0.00987760477490641,1.667929137110814,0.06071643457067527,0.20847137260586826,19.0,1.4532867975470223,0.03171032858992923,2.3526167894160954,-0.002992180309518965,3.3185658122039445,-0.040216360188351626,0.583094596862793,0.15579678118228912,0.10579678416252136,0.7867778539657593,0.6000000238418579,0,ROW_FOLLOW,,1.0,72.0,105.0,0.04928828775882721,0.03149496018886566,0.0,0.3229173421859741,0.0,-0.2599274218082428,0.0,0.60317462682724,0.6595237255096436,0.9525322914123535,0.889427900314331,1.0,0.380952388048172,0.7867778539657593,0.30000001192092896,0.20000000298023224,0.20000000298023224,0.15000000596046448,0.15000000596046448,1.0,1.0,1.0,1.0
complex_qaware_v018_r4,closed_loop,complex,full,1,0.18,True,13.145392415,1785050736.5629447,1.4642673845305354,0.0024018555841135453,-0.08731212275395923,0.10516691597127649,-0.020384406419811145,1.6763634945976043,0.10812384013172935,0.2233078238807154,19.0,1.4532867975470223,0.03171032858992923,2.3526167894160954,-0.002992180309518965,3.3185658122039445,-0.040216360188351626,0.583094596862793,0.15579678118228912,0.10579678416252136,0.7867778539657593,0.7867778539657593,0,ROW_FOLLOW,,1.0,72.0,105.0,0.04928828775882721,0.03149496018886566,0.0,0.3229173421859741,0.0,-0.2599274218082428,0.0,0.60317462682724,0.6595237255096436,0.9525322914123535,0.889427900314331,1.0,0.380952388048172,0.7867778539657593,0.30000001192092896,0.20000000298023224,0.20000000298023224,0.15000000596046448,0.15000000596046448,1.0,1.0,1.0,1.0
complex_qaware_v018_r4,closed_loop,complex,full,1,0.18,True,13.196724662,1785050736.614277,1.4697496407782775,0.0019176503603932982,-0.08752333660592404,0.10602411316169144,0.0017908150371224942,1.6818694468256659,0.1075548496893385,0.22710109349665447,21.0,1.4621418182619994,0.03461206077832305,2.46135236508089,-0.00509584584770163,3.4602547268585337,-0.046512338056154685,0.582825243473053,0.15227948129177094,0.10227948427200317,0.7807919979095459,0.7867778539657593,0,ROW_FOLLOW,,1.0,75.0,96.0,0.046647727489471436,0.03508971631526947,0.0,0.32602494955062866,0.0,-0.2558455169200897,0.0,0.5952380895614624,0.6333332657814026,0.9539244771003723,0.8984599113464355,1.0,0.3333333432674408,0.7807919979095459,0.30000001192092896,0.20000000298023224,0.20000000298023224,0.15000000596046448,0.15000000596046448,1.0,1.0,1.0,1.0
complex_qaware_v018_r4,closed_loop,complex,full,1,0.18,True,13.245438732,1785050736.662991,1.475236601628214,0.0009416440304486238,-0.08697655490562184,0.10246641475961084,0.009592954445264748,1.6875590526907351,0.10392521458174228,0.24411563361317315,21.0,1.4621418182619994,0.03461206077832305,2.46135236508089,-0.00509584584770163,3.4602547268585337,-0.046512338056154685,0.582825243473053,0.15227948129177094,0.10227948427200317,0.7807919979095459,0.7807919979095459,0,ROW_FOLLOW,,1.0,75.0,96.0,0.046647727489471436,0.03508971631526947,0.0,0.32602494955062866,0.0,-0.2558455169200897,0.0,0.5952380895614624,0.6333332657814026,0.9539244771003723,0.8984599113464355,1.0,0.3333333432674408,0.7807919979095459,0.30000001192092896,0.20000000298023224,0.20000000298023224,0.15000000596046448,0.15000000596046448,1.0,1.0,1.0,1.0
complex_qaware_v018_r4,closed_loop,complex,full,1,0.18,True,13.296886279,1785050736.7144387,1.4807851751446375,0.00045357646574018635,-0.08759176950077575,0.10380189175361071,-0.0003707314955446634,1.6931360847482861,0.10320674212414337,0.2489054499971659,19.0,1.4720033761589175,0.03639421335773309,2.3713198440163863,0.0013431728591497079,3.403873429192547,-0.03877270094547214,0.5775991082191467,0.1624961644411087,0.11249616742134094,0.7507580518722534,0.7807919979095459,0,ROW_FOLLOW,,1.0,84.0,85.0,0.04943503066897392,0.03751473128795624,0.0,0.3278963267803192,0.0,-0.25286686420440674,0.0,0.4603174328804016,0.6595237255096436,0.9583877325057983,0.9272031188011169,1.0,0.380952388048172,0.7507580518722534,0.30000001192092896,0.20000000298023224,0.20000000298023224,0.15000000596046448,0.15000000596046448,1.0,1.0,1.0,1.0
complex_qaware_v018_r4,closed_loop,complex,full,1,0.18,True,13.345679326,1785050736.7632315,1.4864474063479924,-0.0010297145365958241,-0.08719806326082358,0.10259484693673512,0.008630822587450149,1.699007681918158,0.09530056338758143,0.2655725729961612,19.0,1.4720033761589175,0.03639421335773309,2.3713198440163863,0.0013431728591497079,3.403873429192547,-0.03877270094547214,0.5775991082191467,0.1624961644411087,0.11249616742134094,0.7507580518722534,0.7507580518722534,0,ROW_FOLLOW,,1.0,84.0,85.0,0.04943503066897392,0.03751473128795624,0.0,0.3278963267803192,0.0,-0.25286686420440674,0.0,0.4603174328804016,0.6595237255096436,0.9583877325057983,0.9272031188011169,1.0,0.380952388048172,0.7507580518722534,0.30000001192092896,0.20000000298023224,0.20000000298023224,0.15000000596046448,0.15000000596046448,1.0,1.0,1.0,1.0
complex_qaware_v018_r4,closed_loop,complex,full,1,0.18,True,13.396670573,1785050736.8142228,1.4898185527647463,-0.00025706678386411275,-0.0871779346771349,0.10303207025904762,0.00843648721649912,1.7064054161274984,0.09576773352890144,0.2624581053873611,21.0,1.4816203437977569,0.0381965587355888,2.480817668861781,-0.0018426810853724243,3.479642122361516,-0.043645901784665916,0.5791983008384705,0.16273696720600128,0.11273697018623352,0.7491738796234131,0.7507580518722534,0,ROW_FOLLOW,,1.0,74.0,93.0,0.04606034606695175,0.03996145725250244,0.0,0.33007538318634033,0.0,-0.25015246868133545,0.0,0.4523809552192688,0.6595237255096436,0.9595305919647217,0.9309917688369751,1.0,0.380952388048172,0.7491738796234131,0.30000001192092896,0.20000000298023224,0.20000000298023224,0.15000000596046448,0.15000000596046448,1.0,1.0,1.0,1.0
complex_qaware_v018_r4,closed_loop,complex,full,1,0.18,True,13.445428644,1785050736.8629808,1.4949675336774164,-0.0007014285610315339,-0.08608838528989347,0.10338936305258827,0.006769412944852514,1.7115775426917772,0.09441290312202884,0.26958930140123666,21.0,1.4816203437977569,0.0381965587355888,2.480817668861781,-0.0018426810853724243,3.479642122361516,-0.043645901784665916,0.5791983008384705,0.16273696720600128,0.11273697018623352,0.7491738796234131,0.7491738796234131,0,ROW_FOLLOW,,1.0,74.0,93.0,0.04606034606695175,0.03996145725250244,0.0,0.33007538318634033,0.0,-0.25015246868133545,0.0,0.4523809552192688,0.6595237255096436,0.9595305919647217,0.9309917688369751,1.0,0.380952388048172,0.7491738796234131,0.30000001192092896,0.20000000298023224,0.20000000298023224,0.15000000596046448,0.15000000596046448,1.0,1.0,1.0,1.0
complex_qaware_v018_r4,closed_loop,complex,full,1,0.18,True,13.496391507,1785050736.9139438,1.5030912391482232,-0.000599801537333292,-0.08600351318685413,0.10255195832030278,0.016908740976205268,1.719771544265927,0.09413248439284513,0.2714587595957948,19.0,1.492784301246287,0.03943765119030628,2.39209202039476,0.0041629551575352195,3.424635612759271,-0.03621016385283879,0.5788688659667969,0.16026555001735687,0.11026555299758911,0.7462278604507446,0.7491738796234131,0,ROW_FOLLOW,,1.0,70.0,85.0,0.04766529053449631,0.04133150726556778,0.0,0.33135899901390076,0.0,-0.2486959844827652,0.0,0.436507910490036,0.6595237255096436,0.9604516625404358,0.9418696165084839,1.0,0.380952388048172,0.7462278604507446,0.30000001192092896,0.20000000298023224,0.20000000298023224,0.15000000596046448,0.15000000596046448,1.0,1.0,1.0,1.0
complex_qaware_v018_r4,closed_loop,complex,full,1,0.18,True,13.545244172,1785050736.9627964,1.5086071787915238,-0.0010698265237483683,-0.08538318616391648,0.10219077157991274,0.018791188778702072,1.725313317717068,0.09246263329962515,0.2790558772100592,19.0,1.492784301246287,0.03943765119030628,2.39209202039476,0.0041629551575352195,3.424635612759271,-0.03621016385283879,0.5788688659667969,0.16026555001735687,0.11026555299758911,0.7462278604507446,0.7462278604507446,0,ROW_FOLLOW,,1.0,70.0,85.0,0.04766529053449631,0.04133150726556778,0.0,0.33135899901390076,0.0,-0.2486959844827652,0.0,0.436507910490036,0.6595237255096436,0.9604516625404358,0.9418696165084839,1.0,0.380952388048172,0.7462278604507446,0.30000001192092896,0.20000000298023224,0.20000000298023224,0.15000000596046448,0.15000000596046448,1.0,1.0,1.0,1.0
complex_qaware_v018_r4,closed_loop,complex,full,1,0.18,True,13.597096561,1785050737.014649,1.5132334349574061,-0.0014578541348794069,-0.08505028039674703,0.10158675112935478,0.019235922912760148,1.7299609188641583,0.09199056296592387,0.2822030127680676,21.0,1.5036393617095165,0.04053162105604507,2.5028937604482038,0.0019714203383110647,3.5016192765759113,-0.036905004374870966,0.5769491195678711,0.16241951286792755,0.11241951584815979,0.7476043701171875,0.7462278604507446,0,ROW_FOLLOW,,1.0,82.0,90.0,0.048796579241752625,0.042708829045295715,0.0,0.3321370482444763,0.0,-0.2467193901538849,0.0,0.4285714328289032,0.6857142448425293,0.9569315314292908,0.93669193983078,1.0,0.4285714328289032,0.7476043701171875,0.30000001192092896,0.20000000298023224,0.20000000298023224,0.15000000596046448,0.15000000596046448,1.0,1.0,1.0,1.0
complex_qaware_v018_r4,closed_loop,complex,full,1,0.18,True,13.645462462,1785050737.0630147,1.5199989996994756,-0.0010293334624683261,-0.08446068966677746,0.1014132245628848,0.019905731188845165,1.7368530319631403,0.09190992597824121,0.2843924042856836,21.0,1.5036393617095165,0.04053162105604507,2.5028937604482038,0.0019714203383110647,3.5016192765759113,-0.036905004374870966,0.5769491195678711,0.16241951286792755,0.11241951584815979,0.7476043701171875,0.7476043701171875,0,ROW_FOLLOW,,1.0,82.0,90.0,0.048796579241752625,0.042708829045295715,0.0,0.3321370482444763,0.0,-0.2467193901538849,0.0,0.4285714328289032,0.6857142448425293,0.9569315314292908,0.93669193983078,1.0,0.4285714328289032,0.7476043701171875,0.30000001192092896,0.20000000298023224,0.20000000298023224,0.15000000596046448,0.15000000596046448,1.0,1.0,1.0,1.0
complex_qaware_v018_r4,closed_loop,complex,full,1,0.18,True,13.700294,1785050737.1178463,1.5247949033703945,-0.0014299096307125152,-0.08403714152513599,0.10033447083890412,-0.007074518497532015,1.7416734887426504,0.09142373303054584,0.28763369060365274,20.0,1.5152533025409516,0.04131697825951317,2.514588896850867,0.004897661545092286,3.469316667161088,-0.027492031658384864,0.5775076746940613,0.16705121099948883,0.11705121397972107,0.7489770650863647,0.7476043701171875,0,ROW_FOLLOW,,1.0,93.0,93.0,0.04934683442115784,0.04348275810480118,0.0,0.3325478136539459,0.0,-0.24558229744434357,0.0,0.4285714328289032,0.6857142448425293,0.9584461450576782,0.9438231587409973,1.0,0.4285714328289032,0.7489770650863647,0.30000001192092896,0.20000000298023224,0.20000000298023224,0.15000000596046448,0.15000000596046448,1.0,1.0,1.0,1.0
complex_qaware_v018_r4,closed_loop,complex,full,1,0.18,True,13.745363177,1785050737.1629152,1.5293758194245106,0.0028830829424057614,-0.08384423099944849,0.09718987099983471,0.019257040519476812,1.7491659673445592,0.09435033429960274,0.26977024943961947,20.0,1.5152533025409516,0.04131697825951317,2.514588896850867,0.004897661545092286,3.469316667161088,-0.027492031658384864,0.5775076746940613,0.16705121099948883,0.11705121397972107,0.7489770650863647,0.7489770650863647,0,ROW_FOLLOW,,1.0,93.0,93.0,0.04934683442115784,0.04348275810480118,0.0,0.3325478136539459,0.0,-0.24558229744434357,0.0,0.4285714328289032,0.6857142448425293,0.9584461450576782,0.9438231587409973,1.0,0.4285714328289032,0.7489770650863647,0.30000001192092896,0.20000000298023224,0.20000000298023224,0.15000000596046448,0.15000000596046448,1.0,1.0,1.0,1.0
complex_qaware_v018_r4,closed_loop,complex,full,1,0.18,True,13.796126324,1785050737.2136786,1.5341183440534198,0.0024986905501554694,-0.08246903689460752,0.09609848963289172,0.03153090318621019,1.753937206203369,0.09412490430822014,0.2712731160488368,20.0,1.5255472579593785,0.04288772424275796,2.5249405766862565,0.008074189237139562,3.4910225157123365,-0.02553115653579188,0.5797589421272278,0.16728486120700836,0.1172848641872406,0.7501218318939209,0.7489770650863647,0,ROW_FOLLOW,,1.0,77.0,93.0,0.048951275646686554,0.04293899983167648,0.0,0.33220988512039185,0.0,-0.24633188545703888,0.0,0.4285714328289032,0.6857142448425293,0.961821973323822,0.9469543695449829,1.0,0.4285714328289032,0.7501218318939209,0.30000001192092896,0.20000000298023224,0.20000000298023224,0.15000000596046448,0.15000000596046448,1.0,1.0,1.0,1.0
complex_qaware_v018_r4,closed_loop,complex,full,1,0.18,True,13.845298165,1785050737.2628503,1.542391186760875,0.0011998944569551605,-0.08148477361031371,0.09935852494598442,0.02129336310570622,1.7625312990972508,0.09201530837972177,0.2867108090745599,20.0,1.5255472579593785,0.04288772424275796,2.5249405766862565,0.008074189237139562,3.4910225157123365,-0.02553115653579188,0.5797589421272278,0.16728486120700836,0.1172848641872406,0.7501218318939209,0.7501218318939209,0,ROW_FOLLOW,,1.0,77.0,93.0,0.048951275646686554,0.04293899983167648,0.0,0.33220988512039185,0.0,-0.24633188545703888,0.0,0.4285714328289032,0.6857142448425293,0.961821973323822,0.9469543695449829,1.0,0.4285714328289032,0.7501218318939209,0.30000001192092896,0.20000000298023224,0.20000000298023224,0.15000000596046448,0.15000000596046448,1.0,1.0,1.0,1.0
complex_qaware_v018_r4,closed_loop,complex,full,1,0.18,True,13.897472324,1785050737.3150246,1.5535661142916282,0.0008669681407913032,-0.08062106046953188,0.09694569093849649,0.010675820948192239,1.7737279407224187,0.09167028658701931,0.28901095435924296,20.0,1.5255472579593785,0.04288772424275796,2.5249405766862565,0.008074189237139562,3.4910225157123365,-0.02553115653579188,0.5797589421272278,0.16728486120700836,0.1172848641872406,0.7501218318939209,0.7501218318939209,0,ROW_FOLLOW,,1.0,77.0,93.0,0.048951275646686554,0.04293899983167648,0.0,0.33220988512039185,0.0,-0.24633188545703888,0.0,0.4285714328289032,0.6857142448425293,0.961821973323822,0.9469543695449829,1.0,0.4285714328289032,0.7501218318939209,0.30000001192092896,0.20000000298023224,0.20000000298023224,0.15000000596046448,0.15000000596046448,1.0,1.0,1.0,1.0
complex_qaware_v018_r4,closed_loop,complex,full,1,0.18,True,13.945246786,1785050737.3627992,1.553544965502053,0.0005152842216438545,-0.07729088372223236,0.10044348772309415,0.08580913271991292,1.7744542327497623,0.09093946375585826,0.2886726115718662,21.0,1.5390121013621496,0.04352845371868031,2.538453268455276,0.010115412035781571,3.554149100309093,-0.020943465315162064,0.5779194831848145,0.16193599998950958,0.11193600296974182,0.7457797527313232,0.7457797527313232,0,ROW_FOLLOW,,1.0,89.0,91.0,0.04798270761966705,0.04229642450809479,0.0,0.3324102461338043,0.0,-0.24781739711761475,0.0,0.4365079402923584,0.6595237255096436,0.9595090746879578,0.9401383996009827,1.0,0.380952388048172,0.7457797527313232,0.30000001192092896,0.20000000298023224,0.20000000298023224,0.15000000596046448,0.15000000596046448,1.0,1.0,1.0,1.0
complex_qaware_v018_r4,closed_loop,complex,full,1,0.18,True,13.996418678,1785050737.413971,1.557705656362919,0.00021779532710121212,-0.07522587227433819,0.09641821414415158,0.043093072792183613,1.778643212017337,0.09091165832285049,0.2888579811252512,21.0,1.5499223569329574,0.043707786120285884,2.5494002548917716,0.011406539835417588,3.556100077307624,-0.020537361199203907,0.5768406987190247,0.14856158196926117,0.09856158494949341,0.7515078783035278,0.7457797527313232,0,ROW_FOLLOW,,1.0,87.0,92.0,0.04387277364730835,0.042367711663246155,0.0,0.33249711990356445,0.0,-0.24776169657707214,0.0,0.4761904776096344,0.6333332657814026,0.9561735987663269,0.9383289813995361,1.0,0.3333333432674408,0.7515078783035278,0.30000001192092896,0.20000000298023224,0.20000000298023224,0.15000000596046448,0.15000000596046448,1.0,1.0,1.0,1.0
complex_qaware_v018_r4,closed_loop,complex,full,1,0.18,True,14.045426612,1785050737.4629788,1.5644442277493746,-0.0004134857916909572,-0.07256259006814639,0.09973786709973172,0.07044299016758504,1.7854296584027025,0.0485729655162394,0.2891066195616454,21.0,1.5499223569329574,0.043707786120285884,2.5494002548917716,0.011406539835417588,3.556100077307624,-0.020537361199203907,0.5768406987190247,0.14856158196926117,0.09856158494949341,0.7515078783035278,0.6000000238418579,0,ROW_FOLLOW,,1.0,87.0,92.0,0.04387277364730835,0.042367711663246155,0.0,0.33249711990356445,0.0,-0.24776169657707214,0.0,0.4761904776096344,0.6333332657814026,0.9561735987663269,0.9383289813995361,1.0,0.3333333432674408,0.7515078783035278,0.30000001192092896,0.20000000298023224,0.20000000298023224,0.15000000596046448,0.15000000596046448,1.0,1.0,1.0,1.0
complex_qaware_v018_r4,closed_loop,complex,full,1,0.18,True,14.096649898,1785050737.514202,1.56870232289047,-0.0006832606364096681,-0.06916545453649989,0.09591936250176021,0.0806405034310174,1.789725043985552,0.0487760722384038,0.28730484894350367,21.0,1.5614163992843402,0.04249380898320393,2.560916333311616,0.010870078958290423,3.560416239839812,-0.020753655773974863,0.5743924379348755,0.15212978422641754,0.10212978720664978,0.7644420862197876,0.6000000238418579,0,ROW_FOLLOW,,1.0,80.0,83.0,0.03768131881952286,0.042475953698158264,0.0,0.33225467801094055,0.0,-0.24730277061462402,0.0,0.5079364776611328,0.6595237255096436,0.9530818462371826,0.9302668571472168,1.0,0.380952388048172,0.7644420862197876,0.30000001192092896,0.20000000298023224,0.20000000298023224,0.15000000596046448,0.15000000596046448,1.0,1.0,1.0,1.0
complex_qaware_v018_r4,closed_loop,complex,full,1,0.18,True,14.145400321,1785050737.5629525,1.5765083935529534,0.0002159290897330269,-0.0627245619968888,0.10136832771747212,0.12796019223709426,1.7977334362236013,0.09768142763929602,0.2661209858684383,21.0,1.5614163992843402,0.04249380898320393,2.560916333311616,0.010870078958290423,3.560416239839812,-0.020753655773974863,0.5743924379348755,0.15212978422641754,0.10212978720664978,0.7644420862197876,0.7644420862197876,0,ROW_FOLLOW,,1.0,80.0,83.0,0.03768131881952286,0.042475953698158264,0.0,0.33225467801094055,0.0,-0.24730277061462402,0.0,0.5079364776611328,0.6595237255096436,0.9530818462371826,0.9302668571472168,1.0,0.380952388048172,0.7644420862197876,0.30000001192092896,0.20000000298023224,0.20000000298023224,0.15000000596046448,0.15000000596046448,1.0,1.0,1.0,1.0
complex_qaware_v018_r4,closed_loop,complex,full,1,0.18,True,14.19588922,1785050737.6134415,1.5801327028312506,5.5699744385629454e-05,-0.056643100945470426,0.09525442531422172,0.1626002740950767,1.8014079227713808,0.09868717024956301,0.259416035133325,21.0,1.570183005111798,0.04251539016872341,2.5696928045891636,0.011203715307832228,3.5692025933686313,-0.02010796394425424,0.5754110813140869,0.15336944162845612,0.10336944460868835,0.7472071647644043,0.7644420862197876,0,ROW_FOLLOW,,1.0,83.0,84.0,0.025529969483613968,0.04317504167556763,0.0,0.3326856791973114,0.0,-0.24633559584617615,0.0,0.4682539999485016,0.6333332657814026,0.9542205333709717,0.9281343817710876,1.0,0.3333333432674408,0.7472071647644043,0.30000001192092896,0.20000000298023224,0.20000000298023224,0.15000000596046448,0.15000000596046448,1.0,1.0,1.0,1.0
complex_qaware_v018_r4,closed_loop,complex,full,1,0.18,True,14.245333005,1785050737.6628854,1.5858342131562393,0.0021179154129026003,-0.04629638141466241,0.09370109186701289,0.18606606195025507,1.8103385283386364,0.09962639975272929,0.23247259936575668,21.0,1.570183005111798,0.04251539016872341,2.5696928045891636,0.011203715307832228,3.5692025933686313,-0.02010796394425424,0.5754110813140869,0.15336944162845612,0.10336944460868835,0.7472071647644043,0.7472071647644043,0,ROW_FOLLOW,,1.0,83.0,84.0,0.025529969483613968,0.04317504167556763,0.0,0.3326856791973114,0.0,-0.24633559584617615,0.0,0.4682539999485016,0.6333332657814026,0.9542205333709717,0.9281343817710876,1.0,0.3333333432674408,0.7472071647644043,0.30000001192092896,0.20000000298023224,0.20000000298023224,0.15000000596046448,0.15000000596046448,1.0,1.0,1.0,1.0
complex_qaware_v018_r4,closed_loop,complex,full,1,0.18,True,14.29698859,1785050737.7145407,1.5897184404999423,0.002022984120676736,-0.039507442147579834,0.09050417863828074,0.16479903820466277,1.8142770023500376,0.1008293651929316,0.22445282976440786,21.0,1.5808581115066864,0.04348996764996951,2.580373278522084,0.012350947240206604,3.579888437019219,-0.018788072519852424,0.5768092274665833,0.1545594185590744,0.10455942153930664,0.745242714881897,0.7472071647644043,0,ROW_FOLLOW,,1.0,84.0,108.0,0.008672559633851051,0.0434861034154892,0.0,0.3330318033695221,0.0,-0.2460595965385437,0.0,0.436507910490036,0.6595237255096436,0.957048237323761,0.9398391246795654,1.0,0.380952388048172,0.745242714881897,0.30000001192092896,0.20000000298023224,0.20000000298023224,0.15000000596046448,0.15000000596046448,1.0,1.0,1.0,1.0
complex_qaware_v018_r4,closed_loop,complex,full,1,0.18,True,14.345446046,1785050737.7629983,1.593901971780657,0.0020351874980444338,-0.03068424714952124,0.08673504557751134,0.1353603119803246,1.8185523619541064,0.10207672185732226,0.21377977880946133,21.0,1.5808581115066864,0.04348996764996951,2.580373278522084,0.012350947240206604,3.579888437019219,-0.018788072519852424,0.5768092274665833,0.1545594185590744,0.10455942153930664,0.745242714881897,0.745242714881897,0,ROW_FOLLOW,,1.0,84.0,108.0,0.008672559633851051,0.0434861034154892,0.0,0.3330318033695221,0.0,-0.2460595965385437,0.0,0.436507910490036,0.6595237255096436,0.957048237323761,0.9398391246795654,1.0,0.380952388048172,0.745242714881897,0.30000001192092896,0.20000000298023224,0.20000000298023224,0.15000000596046448,0.15000000596046448,1.0,1.0,1.0,1.0
complex_qaware_v018_r4,closed_loop,complex,full,1,0.18,True,14.396585745,1785050737.8141382,1.5897292698144014,0.005012088500668199,-0.02535202461972076,0.0861884036198926,0.13927502953461177,1.823692592906543,0.10583401363388745,0.18873116696569345,21.0,1.5877807468227074,0.04525656457762373,2.587351632869508,0.016069394255292715,3.58692246371562,-0.013117771988854157,0.5779001712799072,0.15825305879116058,0.10825306177139282,0.7456789016723633,0.745242714881897,0,ROW_FOLLOW,,1.0,97.0,92.0,-0.00027416832745075226,0.04207316040992737,0.0,0.33182716369628906,0.0,-0.24768084287643433,0.0,0.436507910490036,0.6595237255096436,0.9568450450897217,0.9430182576179504,1.0,0.380952388048172,0.7456789016723633,0.30000001192092896,0.20000000298023224,0.20000000298023224,0.15000000596046448,0.15000000596046448,1.0,1.0,1.0,1.0
complex_qaware_v018_r4,closed_loop,complex,full,1,0.18,True,14.445440427,1785050737.8629925,1.5936384174962968,0.004948713997396894,-0.01621053625474334,0.07541542639553454,0.1560180315412379,1.8276268092210899,0.1063070657488324,0.1861009103479532,21.0,1.5877807468227074,0.04525656457762373,2.587351632869508,0.016069394255292715,3.58692246371562,-0.013117771988854157,0.5779001712799072,0.15825305879116058,0.10825306177139282,0.7456789016723633,0.7456789016723633,0,ROW_FOLLOW,,1.0,97.0,92.0,-0.00027416832745075226,0.04207316040992737,0.0,0.33182716369628906,0.0,-0.24768084287643433,0.0,0.436507910490036,0.6595237255096436,0.9568450450897217,0.9430182576179504,1.0,0.380952388048172,0.7456789016723633,0.30000001192092896,0.20000000298023224,0.20000000298023224,0.15000000596046448,0.15000000596046448,1.0,1.0,1.0,1.0
complex_qaware_v018_r4,closed_loop,complex,full,1,0.18,True,14.496468988,1785050737.914021,1.5933827006727779,0.00400813677449621,-0.009526933750976687,0.06311698623526873,0.18306282259149362,1.831545322006632,0.10711753679692751,0.18069777002731915,21.0,1.5920359316680985,0.04536502548537561,2.5916895146719026,0.019307903558060873,3.591343006341248,-0.006749214782223452,0.5775233507156372,0.15796484053134918,0.10796484351158142,0.7424685955047607,0.7456789016723633,0,ROW_FOLLOW,,1.0,84.0,106.0,-0.012192743830382824,0.03953641653060913,0.0,0.329536497592926,0.0,-0.25046366453170776,0.0,0.4285714328289032,0.6595237255096436,0.9566829204559326,0.9377052783966064,1.0,0.380952388048172,0.7424685955047607,0.30000001192092896,0.20000000298023224,0.20000000298023224,0.15000000596046448,0.15000000596046448,1.0,1.0,1.0,1.0
complex_qaware_v018_r4,closed_loop,complex,full,1,0.18,True,14.545412792,1785050737.962965,1.5975471706633317,0.004092275660178518,0.0018552531041629017,0.06684811406901574,0.1973329877935352,1.8357880061322915,0.10838859042873265,0.1683717117474952,21.0,1.5920359316680985,0.04536502548537561,2.5916895146719026,0.019307903558060873,3.591343006341248,-0.006749214782223452,0.5775233507156372,0.15796484053134918,0.10796484351158142,0.7424685955047607,0.7424685955047607,0,ROW_FOLLOW,,1.0,84.0,106.0,-0.012192743830382824,0.03953641653060913,0.0,0.329536497592926,0.0,-0.25046366453170776,0.0,0.4285714328289032,0.6595237255096436,0.9566829204559326,0.9377052783966064,1.0,0.380952388048172,0.7424685955047607,0.30000001192092896,0.20000000298023224,0.20000000298023224,0.15000000596046448,0.15000000596046448,1.0,1.0,1.0,1.0
complex_qaware_v018_r4,closed_loop,complex,full,1,0.18,True,14.597198621,1785050738.014751,1.6018662272501838,0.004260878671041292,0.009479273090713395,0.07132724350248905,0.1813783690079829,1.8402046663276233,0.1099363426885516,0.1580533633487022,21.0,1.5957994977489367,0.043311287371822355,2.5955798446305716,0.02293438130637204,3.595360070760036,0.0025574769822714638,0.578414797782898,0.16247312724590302,0.11247313022613525,0.739856481552124,0.7424685955047607,0,ROW_FOLLOW,,1.0,92.0,103.0,-0.023269062861800194,0.03506965935230255,0.0,0.3257727324962616,0.0,-0.2556334137916565,0.0,0.4206348955631256,0.6595237255096436,0.9579993486404419,0.9344090819358826,1.0,0.380952388048172,0.739856481552124,0.30000001192092896,0.20000000298023224,0.20000000298023224,0.15000000596046448,0.15000000596046448,1.0,1.0,1.0,1.0
complex_qaware_v018_r4,closed_loop,complex,full,1,0.18,True,14.645572363,1785050738.0631247,1.6007497770130075,0.0008130603396264993,0.01788381249220583,0.05234207977551547,0.1322682178304922,1.8439517161137944,0.10936375152748233,0.15873610101266655,21.0,1.5957994977489367,0.043311287371822355,2.5955798446305716,0.02293438130637204,3.595360070760036,0.0025574769822714638,0.578414797782898,0.16247312724590302,0.11247313022613525,0.739856481552124,0.739856481552124,0,ROW_FOLLOW,,1.0,92.0,103.0,-0.023269062861800194,0.03506965935230255,0.0,0.3257727324962616,0.0,-0.2556334137916565,0.0,0.4206348955631256,0.6595237255096436,0.9579993486404419,0.9344090819358826,1.0,0.380952388048172,0.739856481552124,0.30000001192092896,0.20000000298023224,0.20000000298023224,0.15000000596046448,0.15000000596046448,1.0,1.0,1.0,1.0
complex_qaware_v018_r4,closed_loop,complex,full,1,0.18,True,14.696180882,1785050738.113733,1.6052313055221699,0.000979084847394107,0.023688477371038633,0.06057636259158989,0.15041662323057914,1.848487798031919,0.11045137711201564,0.1514852637824446,20.0,1.6006854761028588,0.03789107604350645,2.633897353865329,0.023179792412774004,3.5337889858077616,0.010174905332700613,0.5804263949394226,0.16346652805805206,0.1134665310382843,0.7332677841186523,0.739856481552124,0,ROW_FOLLOW,,1.0,94.0,116.0,-0.031530849635601044,0.0298326313495636,0.0,0.32135552167892456,0.0,-0.26169025897979736,0.0,0.3968254327774048,0.6595237255096436,0.9637093544006348,0.9304898381233215,1.0,0.380952388048172,0.7332677841186523,0.30000001192092896,0.20000000298023224,0.20000000298023224,0.15000000596046448,0.15000000596046448,1.0,1.0,1.0,1.0
complex_qaware_v018_r4,closed_loop,complex,full,1,0.18,True,14.74550508,1785050738.1630573,1.6091783867921197,-0.0003018091200640972,0.03466939443213147,0.06373103707688886,0.1893592403989458,1.8532462854670162,0.11363277663343527,0.12236949671948104,20.0,1.6006854761028588,0.03789107604350645,2.633897353865329,0.023179792412774004,3.5337889858077616,0.010174905332700613,0.5804263949394226,0.16346652805805206,0.1134665310382843,0.7332677841186523,0.7332677841186523,0,ROW_FOLLOW,,1.0,94.0,116.0,-0.031530849635601044,0.0298326313495636,0.0,0.32135552167892456,0.0,-0.26169025897979736,0.0,0.3968254327774048,0.6595237255096436,0.9637093544006348,0.9304898381233215,1.0,0.380952388048172,0.7332677841186523,0.30000001192092896,0.20000000298023224,0.20000000298023224,0.15000000596046448,0.15000000596046448,1.0,1.0,1.0,1.0
complex_qaware_v018_r4,closed_loop,complex,full,1,0.18,True,14.796622636,1785050738.214175,1.614030709377874,-2.7458426413215237e-05,0.041890466601320245,0.0705230032620703,0.16946504139004026,1.8581739966038078,0.12149094608052097,0.08668907307098167,21.0,1.6073099071213626,0.0316433176078281,2.6405985191939183,0.02304408912971893,3.608131650794096,0.014888416418603214,0.581775963306427,0.16913028061389923,0.11913028359413147,0.7471905946731567,0.7471905946731567,0,ROW_FOLLOW,,1.0,94.0,117.0,-0.045272283256053925,0.024819552898406982,0.0,0.3171348571777344,0.0,-0.2674957513809204,0.0,0.4285714328289032,0.6857141852378845,0.9648013114929199,0.9234400987625122,1.0,0.4285714328289032,0.7471905946731567,0.30000001192092896,0.20000000298023224,0.20000000298023224,0.15000000596046448,0.15000000596046448,1.0,1.0,1.0,1.0
complex_qaware_v018_r4,closed_loop,complex,full,1,0.18,True,14.845433894,1785050738.2629862,1.618496774373972,0.0014665352141435281,0.051718597411059455,0.07180449643839318,0.1556726182090702,1.864220419014294,0.12456187640594545,0.06621620423481853,21.0,1.6073099071213626,0.0316433176078281,2.6405985191939183,0.02304408912971893,3.608131650794096,0.014888416418603214,0.581775963306427,0.16913028061389923,0.11913028359413147,0.7471905946731567,0.7471905946731567,0,ROW_FOLLOW,,1.0,94.0,117.0,-0.045272283256053925,0.024819552898406982,0.0,0.3171348571777344,0.0,-0.2674957513809204,0.0,0.4285714328289032,0.6857141852378845,0.9648013114929199,0.9234400987625122,1.0,0.4285714328289032,0.7471905946731567,0.30000001192092896,0.20000000298023224,0.20000000298023224,0.15000000596046448,0.15000000596046448,1.0,1.0,1.0,1.0
complex_qaware_v018_r4,closed_loop,complex,full,1,0.18,True,14.895190487,1785050738.3127427,1.6233349053016823,0.0018157096315586613,0.05803675015851661,0.0771278469495051,0.15476367584171016,1.8691316956508588,0.12592606013277316,0.05712164605596696,20.0,1.6143051695303143,0.0255255931666195,2.647625466800609,0.021510686103931947,3.5809479715331993,0.018131324809657953,0.5817678570747375,0.16630084812641144,0.11630085110664368,0.7487883567810059,0.7471905946731567,0,ROW_FOLLOW,,1.0,91.0,117.0,-0.05807314068078995,0.019158318638801575,0.0,0.3119291365146637,0.0,-0.27361249923706055,0.0,0.4365079402923584,0.6857141852378845,0.964870810508728,0.9181265234947205,1.0,0.4285714328289032,0.7487883567810059,0.30000001192092896,0.20000000298023224,0.20000000298023224,0.15000000596046448,0.15000000596046448,1.0,1.0,1.0,1.0
complex_qaware_v018_r4,closed_loop,complex,full,1,0.18,True,14.945159182,1785050738.3627117,1.6255798448269274,0.0010684775927113244,0.06575484357041848,0.07624462362991556,0.13028441317579328,1.8773257250081676,0.13138096834207344,0.0226729058567175,20.0,1.6143051695303143,0.0255255931666195,2.647625466800609,0.021510686103931947,3.5809479715331993,0.018131324809657953,0.5817678570747375,0.16630084812641144,0.11630085110664368,0.7487883567810059,0.7487883567810059,0,ROW_FOLLOW,,1.0,91.0,117.0,-0.05807314068078995,0.019158318638801575,0.0,0.3119291365146637,0.0,-0.27361249923706055,0.0,0.4365079402923584,0.6857141852378845,0.964870810508728,0.9181265234947205,1.0,0.4285714328289032,0.7487883567810059,0.30000001192092896,0.20000000298023224,0.20000000298023224,0.15000000596046448,0.15000000596046448,1.0,1.0,1.0,1.0
complex_qaware_v018_r4,closed_loop,complex,full,1,0.18,True,14.996021435,1785050738.4135737,1.6307570777832034,0.0014874204470498673,0.07012548547967334,0.08200694565789658,0.0976245242243679,1.8825645609239519,0.13237599327146912,0.016039406327412964,20.0,1.622723705082228,0.02063239156155915,2.6277208957936202,0.020329581717440637,3.5893849772705386,0.020114770961865723,0.5753532648086548,0.1499990075826645,0.09999901056289673,0.7516168355941772,0.7487883567810059,0,ROW_FOLLOW,,1.0,101.0,117.0,-0.06765280663967133,0.014643818140029907,0.0,0.3066887855529785,0.0,-0.2774011492729187,0.0,0.4761904776096344,0.6595236659049988,0.9553864002227783,0.9051844477653503,1.0,0.380952388048172,0.7516168355941772,0.30000001192092896,0.20000000298023224,0.20000000298023224,0.15000000596046448,0.15000000596046448,1.0,1.0,1.0,1.0
complex_qaware_v018_r4,closed_loop,complex,full,1,0.18,True,15.045547719,1785050738.4631,1.6423479955634501,0.005608721184193069,0.07784676212278674,0.10001104240402324,0.14436682852141536,1.8952033858213624,0.0770536501591037,-0.036552029260225084,20.0,1.622723705082228,0.02063239156155915,2.6277208957936202,0.020329581717440637,3.5893849772705386,0.020114770961865723,0.5753532648086548,0.1499990075826645,0.09999901056289673,0.7516168355941772,0.6000000238418579,0,ROW_FOLLOW,,1.0,101.0,117.0,-0.06765280663967133,0.014643818140029907,0.0,0.3066887855529785,0.0,-0.2774011492729187,0.0,0.4761904776096344,0.6595236659049988,0.9553864002227783,0.9051844477653503,1.0,0.380952388048172,0.7516168355941772,0.30000001192092896,0.20000000298023224,0.20000000298023224,0.15000000596046448,0.15000000596046448,1.0,1.0,1.0,1.0
complex_qaware_v018_r4,closed_loop,complex,full,1,0.18,True,15.097260682,1785050738.514813,1.6478444725040955,0.006122410725458233,0.0831300500916323,0.10234342684233715,0.1264864532797447,1.9007810749329854,0.07604810925510755,-0.045470943405278345,21.0,1.6339523678320802,0.01776510463631583,2.6389482921594034,0.02004105317971684,3.6477819415821253,0.024899036346760845,0.5766358375549316,0.1521570235490799,0.10215702652931213,0.7539627552032471,0.6000000238418579,0,ROW_FOLLOW,,1.0,97.0,114.0,-0.0787755697965622,0.010067775845527649,0.0,0.30207663774490356,0.0,-0.28194108605384827,0.0,0.4761904776096344,0.6595236659049988,0.9578911662101746,0.9174842834472656,1.0,0.380952388048172,0.7539627552032471,0.30000001192092896,0.20000000298023224,0.20000000298023224,0.15000000596046448,0.15000000596046448,1.0,1.0,1.0,1.0
complex_qaware_v018_r4,closed_loop,complex,full,1,0.18,True,15.145317328,1785050738.5628695,1.6595064339689387,0.011828209430442743,0.08831608113717017,0.12031159754904619,0.06257116775889764,1.9152253366184921,0.12142349275276426,-0.09526535455880128,21.0,1.6339523678320802,0.01776510463631583,2.6389482921594034,0.02004105317971684,3.6477819415821253,0.024899036346760845,0.5766358375549316,0.1521570235490799,0.10215702652931213,0.7539627552032471,0.7539627552032471,0,ROW_FOLLOW,,1.0,97.0,114.0,-0.0787755697965622,0.010067775845527649,0.0,0.30207663774490356,0.0,-0.28194108605384827,0.0,0.4761904776096344,0.6595236659049988,0.9578911662101746,0.9174842834472656,1.0,0.380952388048172,0.7539627552032471,0.30000001192092896,0.20000000298023224,0.20000000298023224,0.15000000596046448,0.15000000596046448,1.0,1.0,1.0,1.0
complex_qaware_v018_r4,closed_loop,complex,full,1,0.18,True,15.197244889,1785050738.614797,1.6647646471945983,0.01234032432372709,0.0903900022168136,0.11827207124183486,0.055186583224441754,1.9205304136490904,0.12069704989134435,-0.10010830696826742,19.0,1.6477528805370862,0.016477399026156025,2.547744232397354,0.020255280023470434,3.5477344925110614,0.02449997345077147,0.5773840546607971,0.1439787894487381,0.09397879242897034,0.7549393177032471,0.7539627552032471,0,ROW_FOLLOW,,1.0,106.0,125.0,-0.08462417870759964,0.0047706663608551025,0.0,0.2968485355377197,0.0,-0.2873072028160095,0.0,0.5000000596046448,0.6333332657814026,0.9564682245254517,0.9131930470466614,1.0,0.3333333432674408,0.7549393177032471,0.30000001192092896,0.20000000298023224,0.20000000298023224,0.15000000596046448,0.15000000596046448,1.0,1.0,1.0,1.0
complex_qaware_v018_r4,closed_loop,complex,full,1,0.18,True,15.245345312,1785050738.6628976,1.6734057264320994,0.015638089421407958,0.0944269081014828,0.13141510587102714,0.0855998711637791,1.9317963339682542,0.06694555933724308,-0.12882171791933641,19.0,1.6477528805370862,0.016477399026156025,2.547744232397354,0.020255280023470434,3.5477344925110614,0.02449997345077147,0.5773840546607971,0.1439787894487381,0.09397879242897034,0.7549393177032471,0.6000000238418579,0,ROW_FOLLOW,,1.0,106.0,125.0,-0.08462417870759964,0.0047706663608551025,0.0,0.2968485355377197,0.0,-0.2873072028160095,0.0,0.5000000596046448,0.6333332657814026,0.9564682245254517,0.9131930470466614,1.0,0.3333333432674408,0.7549393177032471,0.30000001192092896,0.20000000298023224,0.20000000298023224,0.15000000596046448,0.15000000596046448,1.0,1.0,1.0,1.0
complex_qaware_v018_r4,closed_loop,complex,full,1,0.18,True,15.296403731,1785050738.713956,1.6789071215447104,0.01621119729755635,0.09718789246967274,0.12684707098109574,0.07872772357593692,1.9373582117426407,0.0662073608513381,-0.13534055078969037,21.0,1.6638142231591917,0.016612758307985382,2.6687978164943438,0.022289769968175516,3.6633202728415584,0.027542446139605513,0.574935793876648,0.13974224030971527,0.08974224328994751,0.7576174736022949,0.6000000238418579,0,ROW_FOLLOW,,1.0,107.0,128.0,-0.09036355465650558,0.00032608211040496826,0.0,0.29294848442077637,0.0,-0.29229632019996643,0.0,0.4999999403953552,0.6595237255096436,0.9527978301048279,0.9010207056999207,1.0,0.380952388048172,0.7576174736022949,0.30000001192092896,0.20000000298023224,0.20000000298023224,0.15000000596046448,0.15000000596046448,1.0,1.0,1.0,1.0
complex_qaware_v018_r4,closed_loop,complex,full,1,0.18,True,15.345408273,1785050738.7629607,1.6841890638630097,0.01684373303965852,0.1016977791737243,0.12266156282345846,0.0793390027752497,1.942743045474934,0.06548430417463048,-0.1437698534656031,21.0,1.6638142231591917,0.016612758307985382,2.6687978164943438,0.022289769968175516,3.6633202728415584,0.027542446139605513,0.574935793876648,0.13974224030971527,0.08974224328994751,0.7576174736022949,0.6000000238418579,0,ROW_FOLLOW,,1.0,107.0,128.0,-0.09036355465650558,0.00032608211040496826,0.0,0.29294848442077637,0.0,-0.29229632019996643,0.0,0.4999999403953552,0.6595237255096436,0.9527978301048279,0.9010207056999207,1.0,0.380952388048172,0.7576174736022949,0.30000001192092896,0.20000000298023224,0.20000000298023224,0.15000000596046448,0.15000000596046448,1.0,1.0,1.0,1.0
complex_qaware_v018_r4,closed_loop,complex,full,1,0.18,True,15.395979671,1785050738.8135319,1.6842024884289444,0.01402413182576033,0.10464102966476346,0.11973879528061035,0.056039303464752936,1.9457814896416796,0.06669437840164795,-0.13312178660530183,21.0,1.6759581198952676,0.014769414029461277,2.680931762414603,0.021951004570020513,3.68150623852204,0.02929116326247131,0.5780169367790222,0.15636421740055084,0.10636422038078308,0.7604217529296875,0.6000000238418579,0,ROW_FOLLOW,,1.0,118.0,141.0,-0.09577270597219467,-0.0033642053604125977,0.0,0.28945571184158325,0.0,-0.29618412256240845,0.0,0.4761904776096344,0.6857142448425293,0.9606139063835144,0.9219933748245239,1.0,0.4285714328289032,0.7604217529296875,0.30000001192092896,0.20000000298023224,0.20000000298023224,0.15000000596046448,0.15000000596046448,1.0,1.0,1.0,1.0
complex_qaware_v018_r4,closed_loop,complex,full,1,0.18,True,15.445558564,1785050738.863111,1.6896652591612813,0.014611454218424797,0.10710140306996906,0.1165394777625786,0.046270913469119775,1.9512849131806584,0.11462471147250754,-0.1483413603655747,21.0,1.6759581198952676,0.014769414029461277,2.680931762414603,0.021951004570020513,3.68150623852204,0.02929116326247131,0.5780169367790222,0.15636421740055084,0.10636422038078308,0.7604217529296875,0.7604217529296875,0,ROW_FOLLOW,,1.0,118.0,141.0,-0.09577270597219467,-0.0033642053604125977,0.0,0.28945571184158325,0.0,-0.29618412256240845,0.0,0.4761904776096344,0.6857142448425293,0.9606139063835144,0.9219933748245239,1.0,0.4285714328289032,0.7604217529296875,0.30000001192092896,0.20000000298023224,0.20000000298023224,0.15000000596046448,0.15000000596046448,1.0,1.0,1.0,1.0
complex_qaware_v018_r4,closed_loop,complex,full,1,0.18,True,15.4984073,1785050738.9159596,1.6984783945476802,0.015187889532470059,0.10807005901734093,0.11204671019357494,0.029639670650556744,1.9601333250264763,0.11413756952871093,-0.15158897332421872,19.0,1.687224304497807,0.011803064540449819,2.587195508574382,0.018974872039244747,3.5538311886905483,0.026694249057865976,0.5793329477310181,0.15866349637508392,0.10866349935531616,0.7556784152984619,0.7604217529296875,0,ROW_FOLLOW,,1.0,119.0,139.0,-0.0998564288020134,-0.006976261734962463,0.0,0.28587955236434937,0.0,-0.2998320758342743,0.0,0.4761904776096344,0.6595237255096436,0.9614561200141907,0.9241685271263123,1.0,0.380952388048172,0.7556784152984619,0.30000001192092896,0.20000000298023224,0.20000000298023224,0.15000000596046448,0.15000000596046448,1.0,1.0,1.0,1.0
complex_qaware_v018_r4,closed_loop,complex,full,1,0.18,True,15.545337133,1785050738.9628894,1.7034715980189707,0.0157437013586354,0.10878464817317073,0.1078614873623513,0.0002877136200939467,1.9651625963403563,0.11039840689122164,-0.17082471908334335,19.0,1.687224304497807,0.011803064540449819,2.587195508574382,0.018974872039244747,3.5538311886905483,0.026694249057865976,0.5793329477310181,0.15866349637508392,0.10866349935531616,0.7556784152984619,0.7556784152984619,0,ROW_FOLLOW,,1.0,119.0,139.0,-0.0998564288020134,-0.006976261734962463,0.0,0.28587955236434937,0.0,-0.2998320758342743,0.0,0.4761904776096344,0.6595237255096436,0.9614561200141907,0.9241685271263123,1.0,0.380952388048172,0.7556784152984619,0.30000001192092896,0.20000000298023224,0.20000000298023224,0.15000000596046448,0.15000000596046448,1.0,1.0,1.0,1.0
complex_qaware_v018_r4,closed_loop,complex,full,1,0.18,True,15.597816996,1785050739.0153692,1.702598660562476,0.015843226729894765,0.1092521436923688,0.10369853124168077,0.014954233906416222,1.976559255452055,0.1102019046752866,-0.17213473385624362,20.0,1.6951515841202427,0.00827401136614067,2.695114136683898,0.016935343651723504,3.6433828103165564,0.025632150424723676,0.5796116590499878,0.16424842178821564,0.11424842476844788,0.7450069189071655,0.7556784152984619,0,ROW_FOLLOW,,1.0,105.0,132.0,-0.10034976154565811,-0.0098935067653656,0.0,0.2833878993988037,0.0,-0.3031749129295349,0.0,0.4365079402923584,0.6595237255096436,0.9640573859214783,0.9289217591285706,1.0,0.380952388048172,0.7450069189071655,0.30000001192092896,0.20000000298023224,0.20000000298023224,0.15000000596046448,0.15000000596046448,1.0,1.0,1.0,1.0
complex_qaware_v018_r4,closed_loop,complex,full,1,0.18,True,15.645317981,1785050739.0628703,1.707605416568721,0.016393899053607858,0.10954628237331536,0.10360395154822696,-0.0007540200863084698,1.9815967727897168,0.10514419865518895,-0.19304697832067227,20.0,1.6951515841202427,0.00827401136614067,2.695114136683898,0.016935343651723504,3.6433828103165564,0.025632150424723676,0.5796116590499878,0.16424842178821564,0.11424842476844788,0.7450069189071655,0.7450069189071655,0,ROW_FOLLOW,,1.0,105.0,132.0,-0.10034976154565811,-0.0098935067653656,0.0,0.2833878993988037,0.0,-0.3031749129295349,0.0,0.4365079402923584,0.6595237255096436,0.9640573859214783,0.9289217591285706,1.0,0.380952388048172,0.7450069189071655,0.30000001192092896,0.20000000298023224,0.20000000298023224,0.15000000596046448,0.15000000596046448,1.0,1.0,1.0,1.0
complex_qaware_v018_r4,closed_loop,complex,full,1,0.18,True,15.697212325,1785050739.1147645,1.713188099692527,0.01675774619260957,0.10967900265518975,0.10425837719612947,0.0063629200846283115,1.9872980654560863,0.10485154541751297,-0.19499799990517888,21.0,1.7048194282647584,0.006322089774538267,2.7047924300254835,0.013359052452508208,3.713220074717775,0.012794483790159225,0.5785852670669556,0.16285647451877594,0.11285647749900818,0.7629132270812988,0.7450069189071655,0,ROW_FOLLOW,,1.0,130.0,136.0,-0.10568389296531677,-0.011953547596931458,0.0,0.28094416856765747,0.0,-0.3048512637615204,0.0,0.4761904776096344,0.6857142448425293,0.9625897407531738,0.9359685182571411,1.0,0.4285714328289032,0.7629132270812988,0.30000001192092896,0.20000000298023224,0.20000000298023224,0.15000000596046448,0.15000000596046448,1.0,1.0,1.0,1.0
complex_qaware_v018_r4,closed_loop,complex,full,1,0.18,True,15.745311149,1785050739.1628633,1.7183870336416247,0.01733403038331196,0.11039538920095017,0.1044293526259212,-0.0031265143360945016,1.9925305955244992,0.10552797670065091,-0.21197602782655248,21.0,1.7048194282647584,0.006322089774538267,2.7047924300254835,0.013359052452508208,3.713220074717775,0.012794483790159225,0.5785852670669556,0.16285647451877594,0.11285647749900818,0.7629132270812988,0.7629132270812988,0,ROW_FOLLOW,,1.0,130.0,136.0,-0.10568389296531677,-0.011953547596931458,0.0,0.28094416856765747,0.0,-0.3048512637615204,0.0,0.4761904776096344,0.6857142448425293,0.9625897407531738,0.9359685182571411,1.0,0.4285714328289032,0.7629132270812988,0.30000001192092896,0.20000000298023224,0.20000000298023224,0.15000000596046448,0.15000000596046448,1.0,1.0,1.0,1.0
complex_qaware_v018_r4,closed_loop,complex,full,1,0.18,True,15.797143284,1785050739.2146955,1.7236786543299645,0.017925453854472348,0.11047748239761958,0.10510944683878987,0.0038362876822267524,1.997856030334118,0.10502418234694118,-0.21533465685128406,21.0,1.7132024636490382,0.005432034182807711,2.7131866745991537,0.009896588307798096,3.7184524515985813,0.00966439477726963,0.5793326497077942,0.16658855974674225,0.11658856272697449,0.7704616785049438,0.7629132270812988,0,ROW_FOLLOW,,1.0,116.0,135.0,-0.10998117923736572,-0.012383759021759033,0.0,0.28026509284973145,0.0,-0.3050326108932495,0.0,0.4841269850730896,0.7119047045707703,0.9632214307785034,0.9346557855606079,1.0,0.4761904776096344,0.7704616785049438,0.30000001192092896,0.20000000298023224,0.20000000298023224,0.15000000596046448,0.15000000596046448,1.0,1.0,1.0,1.0
complex_qaware_v018_r4,closed_loop,complex,full,1,0.18,True,15.845352575,1785050739.262905,1.7268761212660946,0.018287311398002114,0.11076447273686844,0.10601613830863463,0.013973260470084136,2.00107777865668,0.1047492015741332,-0.22622600371171125,21.0,1.7132024636490382,0.005432034182807711,2.7131866745991537,0.009896588307798096,3.7184524515985813,0.00966439477726963,0.5793326497077942,0.16658855974674225,0.11658856272697449,0.7704616785049438,0.7704616785049438,0,ROW_FOLLOW,,1.0,116.0,135.0,-0.10998117923736572,-0.012383759021759033,0.0,0.28026509284973145,0.0,-0.3050326108932495,0.0,0.4841269850730896,0.7119047045707703,0.9632214307785034,0.9346557855606079,1.0,0.4761904776096344,0.7704616785049438,0.30000001192092896,0.20000000298023224,0.20000000298023224,0.15000000596046448,0.15000000596046448,1.0,1.0,1.0,1.0
complex_qaware_v018_r4,closed_loop,complex,full,1,0.18,True,15.896526549,1785050739.3140788,1.7273835374085118,0.018342098723295595,0.11049849791754295,0.10610159788958536,-0.008061405495043679,2.001591943063722,0.10476059017404164,-0.22615007971232165,21.0,1.7214258511215907,0.005389397142512752,2.7214225261987615,0.006177264726944474,3.721419169581738,0.006965130063589898,0.5755802989006042,0.14763681590557098,0.09763681888580322,0.7713711261749268,0.7704616785049438,0,ROW_FOLLOW,,1.0,128.0,140.0,-0.11262629926204681,-0.012519925832748413,0.0,0.27991390228271484,0.0,-0.30495375394821167,0.0,0.5,0.7119047045707703,0.9562311768531799,0.9182931780815125,1.0,0.4761904776096344,0.7713711261749268,0.30000001192092896,0.20000000298023224,0.20000000298023224,0.15000000596046448,0.15000000596046448,1.0,1.0,1.0,1.0
complex_qaware_v018_r4,closed_loop,complex,full,1,0.18,True,15.945202476,1785050739.3627548,1.7421487466646004,0.01914643368965255,0.11033194747012545,0.10421787890973216,-0.0064824709122672675,2.016404920199261,0.055921669378984185,-0.23669032383682442,21.0,1.7214258511215907,0.005389397142512752,2.7214225261987615,0.006177264726944474,3.721419169581738,0.006965130063589898,0.5755802989006042,0.14763681590557098,0.09763681888580322,0.7713711261749268,0.6000000238418579,0,ROW_FOLLOW,,1.0,128.0,140.0,-0.11262629926204681,-0.012519925832748413,0.0,0.27991390228271484,0.0,-0.30495375394821167,0.0,0.5,0.7119047045707703,0.9562311768531799,0.9182931780815125,1.0,0.4761904776096344,0.7713711261749268,0.30000001192092896,0.20000000298023224,0.20000000298023224,0.15000000596046448,0.15000000596046448,1.0,1.0,1.0,1.0
complex_qaware_v018_r4,closed_loop,complex,full,1,0.18,True,15.995809332,1785050739.4133615,1.7473061967593815,0.01971568786357958,0.11031191367407622,0.10491388920024344,-0.018047616375555044,2.021600523674665,0.05551044760659955,-0.24024435689502122,21.0,1.7327646984148133,0.005981550007554633,2.73276123290791,0.004072428907244688,3.732757745051932,0.002163303518353806,0.576254665851593,0.15290631353855133,0.10290631651878357,0.7751830816268921,0.6000000238418579,0,ROW_FOLLOW,,1.0,112.0,131.0,-0.11440780013799667,-0.013135045766830444,0.0,0.27878814935684204,0.0,-0.30505824089050293,0.0,0.523809552192688,0.6857142448425293,0.9576587677001953,0.9291040301322937,1.0,0.4285714328289032,0.7751830816268921,0.30000001192092896,0.20000000298023224,0.20000000298023224,0.15000000596046448,0.15000000596046448,1.0,1.0,1.0,1.0
complex_qaware_v018_r4,closed_loop,complex,full,1,0.18,True,16.045243998,1785050739.4627962,1.7501507325764054,0.020939332769654317,0.11034482321151275,0.09857716999998326,-0.008100707509605367,2.0292916924131323,0.10247654042656282,-0.24704276177518497,21.0,1.7327646984148133,0.005981550007554633,2.73276123290791,0.004072428907244688,3.732757745051932,0.002163303518353806,0.576254665851593,0.15290631353855133,0.10290631651878357,0.7751830816268921,0.7751830816268921,0,ROW_FOLLOW,,1.0,112.0,131.0,-0.11440780013799667,-0.013135045766830444,0.0,0.27878814935684204,0.0,-0.30505824089050293,0.0,0.523809552192688,0.6857142448425293,0.9576587677001953,0.9291040301322937,1.0,0.4285714328289032,0.7751830816268921,0.30000001192092896,0.20000000298023224,0.20000000298023224,0.15000000596046448,0.15000000596046448,1.0,1.0,1.0,1.0
complex_qaware_v018_r4,closed_loop,complex,full,1,0.18,True,16.09760053,1785050739.515153,1.753544222198948,0.021567238211188108,0.11031175062471912,0.09878061572776897,-0.004011912744454109,2.0357544834151824,0.10191931950440174,-0.25075756792292564,21.0,1.742692548233417,0.0067845044377693965,2.7426839390832356,0.0028526371524926035,3.7426753283246437,-0.0010792273144023072,0.5747485756874084,0.1512453705072403,0.10124537348747253,0.7887195348739624,0.7751830816268921,0,ROW_FOLLOW,,1.0,128.0,137.0,-0.11588370054960251,-0.013616889715194702,0.0,0.2778925895690918,0.0,-0.3051263689994812,0.0,0.5714285969734192,0.6857142448425293,0.9572199583053589,0.9246942400932312,1.0,0.4285714328289032,0.7887195348739624,0.30000001192092896,0.20000000298023224,0.20000000298023224,0.15000000596046448,0.15000000596046448,1.0,1.0,1.0,1.0
complex_qaware_v018_r4,closed_loop,complex,full,1,0.18,True,16.145305936,1785050739.5628583,1.758620301213442,0.022131315015352326,0.11067015673188108,0.09800465061991857,-0.002199551722220187,2.040864519149785,0.10407705630424958,-0.2526163998204243,21.0,1.742692548233417,0.0067845044377693965,2.7426839390832356,0.0028526371524926035,3.7426753283246437,-0.0010792273144023072,0.5747485756874084,0.1512453705072403,0.10124537348747253,0.7887195348739624,0.7887195348739624,0,ROW_FOLLOW,,1.0,128.0,137.0,-0.11588370054960251,-0.013616889715194702,0.0,0.2778925895690918,0.0,-0.3051263689994812,0.0,0.5714285969734192,0.6857142448425293,0.9572199583053589,0.9246942400932312,1.0,0.4285714328289032,0.7887195348739624,0.30000001192092896,0.20000000298023224,0.20000000298023224,0.15000000596046448,0.15000000596046448,1.0,1.0,1.0,1.0
complex_qaware_v018_r4,closed_loop,complex,full,1,0.18,True,16.196344835,1785050739.6138973,1.7616070198183023,0.023645306969520722,0.11013532912123347,0.1002997834022595,-0.006207309955614238,2.048031979795339,0.10293342657891556,-0.26024059798931776,20.0,1.7540780177670818,0.008048571637542414,2.754062737253081,0.0025996569727567767,3.6873816294054387,-0.002526998204600252,0.5727496147155762,0.14976389706134796,0.0997639000415802,0.7824854850769043,0.7887195348739624,0,ROW_FOLLOW,,1.0,121.0,139.0,-0.11681432276964188,-0.014031216502189636,0.0,0.27673476934432983,0.0,-0.3047972023487091,0.0,0.5555555820465088,0.6857142448425293,0.9522637724876404,0.9214881658554077,1.0,0.4285714328289032,0.7824854850769043,0.30000001192092896,0.20000000298023224,0.20000000298023224,0.15000000596046448,0.15000000596046448,1.0,1.0,1.0,1.0
complex_qaware_v018_r4,closed_loop,complex,full,1,0.18,True,16.245455716,1785050739.663008,1.7665420634857494,0.024186996753820706,0.10932609658423913,0.10017652301082466,0.011648407335851053,2.052999722595464,0.05438153240690028,-0.25667696552389896,20.0,1.7540780177670818,0.008048571637542414,2.754062737253081,0.0025996569727567767,3.6873816294054387,-0.002526998204600252,0.5727496147155762,0.14976389706134796,0.0997639000415802,0.7824854850769043,0.6000000238418579,0,ROW_FOLLOW,,1.0,121.0,139.0,-0.11681432276964188,-0.014031216502189636,0.0,0.27673476934432983,0.0,-0.3047972023487091,0.0,0.5555555820465088,0.6857142448425293,0.9522637724876404,0.9214881658554077,1.0,0.4285714328289032,0.7824854850769043,0.30000001192092896,0.20000000298023224,0.20000000298023224,0.15000000596046448,0.15000000596046448,1.0,1.0,1.0,1.0
complex_qaware_v018_r4,closed_loop,complex,full,1,0.18,True,16.296491767,1785050739.7140439,1.7726461172495076,0.023155692022120835,0.10922356554712252,0.10489873839934204,0.0034568251396702057,2.0598372244906957,0.054932767993656324,-0.2519805155810021,20.0,1.7625061554289152,0.008721552144992055,2.762484281174407,0.002134858611993333,3.72912960136509,-0.004266105580194565,0.5726750493049622,0.1466010957956314,0.09660109877586365,0.7688835859298706,0.6000000238418579,0,ROW_FOLLOW,,1.0,121.0,131.0,-0.11673284322023392,-0.014556407928466797,0.0,0.2758895754814148,0.0,-0.3050023913383484,0.0,0.5079364776611328,0.6857142448425293,0.9531517028808594,0.9248627424240112,1.0,0.4285714328289032,0.7688835859298706,0.30000001192092896,0.20000000298023224,0.20000000298023224,0.15000000596046448,0.15000000596046448,1.0,1.0,1.0,1.0
complex_qaware_v018_r4,closed_loop,complex,full,1,0.18,True,16.345376179,1785050739.7629285,1.7769825912039305,0.023630762405469123,0.10911624256218834,0.10141478479212661,-0.010028787242368177,2.064200192397698,0.05397184276723002,-0.25203281784235526,20.0,1.7625061554289152,0.008721552144992055,2.762484281174407,0.002134858611993333,3.72912960136509,-0.004266105580194565,0.5726750493049622,0.1466010957956314,0.09660109877586365,0.7688835859298706,0.6000000238418579,0,ROW_FOLLOW,,1.0,121.0,131.0,-0.11673284322023392,-0.014556407928466797,0.0,0.2758895754814148,0.0,-0.3050023913383484,0.0,0.5079364776611328,0.6857142448425293,0.9531517028808594,0.9248627424240112,1.0,0.4285714328289032,0.7688835859298706,0.30000001192092896,0.20000000298023224,0.20000000298023224,0.15000000596046448,0.15000000596046448,1.0,1.0,1.0,1.0
complex_qaware_v018_r4,closed_loop,complex,full,1,0.18,True,16.395531567,1785050739.813084,1.782358804017819,0.02429022822994385,0.10820142511873958,0.09699721362051822,-0.011788134698647458,2.0696237782743476,0.05363828974634877,-0.2549249160046352,21.0,1.7720951404078669,0.009105938949692215,2.7720674351653662,0.001665925132631806,3.7821694340537944,-0.007160065533765959,0.5720824599266052,0.1483072191476822,0.09830722212791443,0.7734165191650391,0.6000000238418579,0,ROW_FOLLOW,,1.0,124.0,148.0,-0.11633341014385223,-0.015187010169029236,0.0,0.27496421337127686,0.0,-0.3053382337093353,0.0,0.523809552192688,0.6857142448425293,0.953416645526886,0.9229828715324402,1.0,0.4285714328289032,0.7734165191650391,0.30000001192092896,0.20000000298023224,0.20000000298023224,0.15000000596046448,0.15000000596046448,1.0,1.0,1.0,1.0
complex_qaware_v018_r4,closed_loop,complex,full,1,0.18,True,16.445560776,1785050739.863113,1.7887345259496146,0.025132710835849354,0.10705626866472381,0.0936532775882396,-0.013122493583703763,2.07606172534222,0.054059259062336135,-0.2540220289002261,21.0,1.7720951404078669,0.009105938949692215,2.7720674351653662,0.001665925132631806,3.7821694340537944,-0.007160065533765959,0.5720824599266052,0.1483072191476822,0.09830722212791443,0.7734165191650391,0.6000000238418579,0,ROW_FOLLOW,,1.0,124.0,148.0,-0.11633341014385223,-0.015187010169029236,0.0,0.27496421337127686,0.0,-0.3053382337093353,0.0,0.523809552192688,0.6857142448425293,0.953416645526886,0.9229828715324402,1.0,0.4285714328289032,0.7734165191650391,0.30000001192092896,0.20000000298023224,0.20000000298023224,0.15000000596046448,0.15000000596046448,1.0,1.0,1.0,1.0
complex_qaware_v018_r4,closed_loop,complex,full,1,0.18,True,16.497615285,1785050739.9151676,1.792562629217583,0.02554166847826752,0.10642713607539236,0.08928098755110037,-0.028486875563363538,2.0799140332711583,0.053554439204151726,-0.2583734561555719,21.0,1.7824000012580636,0.00919206560391946,2.782367398621622,0.0011120585701557832,3.7872618572245647,-0.007242557878062326,0.5729560256004333,0.15922512114048004,0.10922512412071228,0.7692244052886963,0.6000000238418579,0,ROW_FOLLOW,,1.0,119.0,135.0,-0.11502616107463837,-0.01566946506500244,0.0,0.27374976873397827,0.0,-0.30508869886398315,0.0,0.5079365372657776,0.6857142448425293,0.9539660215377808,0.926048994064331,1.0,0.4285714328289032,0.7692244052886963,0.30000001192092896,0.20000000298023224,0.20000000298023224,0.15000000596046448,0.15000000596046448,1.0,1.0,1.0,1.0
complex_qaware_v018_r4,closed_loop,complex,full,1,0.18,True,16.545225008,1785050739.9627774,1.7963182561198396,0.025930835806514972,0.10520337299317892,0.08527662130083932,-0.011828222148114948,2.0836967887642457,0.09975360159677746,-0.25804527570125246,21.0,1.7824000012580636,0.00919206560391946,2.782367398621622,0.0011120585701557832,3.7872618572245647,-0.007242557878062326,0.5729560256004333,0.15922512114048004,0.10922512412071228,0.7692244052886963,0.7692244052886963,0,ROW_FOLLOW,,1.0,119.0,135.0,-0.11502616107463837,-0.01566946506500244,0.0,0.27374976873397827,0.0,-0.30508869886398315,0.0,0.5079365372657776,0.6857142448425293,0.9539660215377808,0.926048994064331,1.0,0.4285714328289032,0.7692244052886963,0.30000001192092896,0.20000000298023224,0.20000000298023224,0.15000000596046448,0.15000000596046448,1.0,1.0,1.0,1.0
complex_qaware_v018_r4,closed_loop,complex,full,1,0.18,True,16.598461787,1785050740.016014,1.7995202414088818,0.02625862394202874,0.10491765600880858,0.08508593089608898,-0.012068722512846186,2.0869186014736294,0.09947428259852256,-0.25990740235628507,21.0,1.7913463350967522,0.009689757604042398,2.79130976846607,0.0011297588788660325,3.7912732365720667,-0.0074302348984202635,0.5700686573982239,0.15550784766674042,0.10550785064697266,0.7652617692947388,0.7692244052886963,0,ROW_FOLLOW,,1.0,131.0,150.0,-0.11366450041532516,-0.016164317727088928,0.0,0.27314329147338867,0.0,-0.30547192692756653,0.0,0.4920634627342224,0.6857142448425293,0.9501144886016846,0.9365130662918091,1.0,0.4285714328289032,0.7652617692947388,0.30000001192092896,0.20000000298023224,0.20000000298023224,0.15000000596046448,0.15000000596046448,1.0,1.0,1.0,1.0
complex_qaware_v018_r4,closed_loop,complex,full,1,0.18,True,16.645320804,1785050740.0628731,1.803838613426567,0.029950086844539883,0.10276833682956314,0.07655884291935514,-0.029927451142362466,2.093065927757866,0.09676261403371714,-0.2732300295955722,21.0,1.7913463350967522,0.009689757604042398,2.79130976846607,0.0011297588788660325,3.7912732365720667,-0.0074302348984202635,0.5700686573982239,0.15550784766674042,0.10550785064697266,0.7652617692947388,0.7652617692947388,0,ROW_FOLLOW,,1.0,131.0,150.0,-0.11366450041532516,-0.016164317727088928,0.0,0.27314329147338867,0.0,-0.30547192692756653,0.0,0.4920634627342224,0.6857142448425293,0.9501144886016846,0.9365130662918091,1.0,0.4285714328289032,0.7652617692947388,0.30000001192092896,0.20000000298023224,0.20000000298023224,0.15000000596046448,0.15000000596046448,1.0,1.0,1.0,1.0
complex_qaware_v018_r4,closed_loop,complex,full,1,0.18,True,16.696141042,1785050740.1136932,1.8071651108189235,0.03027587330609003,0.10103750025671232,0.07411069407848704,-0.04231209111525855,2.096420031734581,0.096780464112975,-0.27311102906718643,21.0,1.7996035671530013,0.01102615326726226,2.79956386466505,0.0021061575760977056,3.799524196816858,-0.006813835441763239,0.5713664293289185,0.16086198389530182,0.11086198687553406,0.7647503614425659,0.7652617692947388,0,ROW_FOLLOW,,1.0,121.0,136.0,-0.11024951189756393,-0.01716369390487671,0.0,0.27209606766700745,0.0,-0.30642345547676086,0.0,0.4761904776096344,0.7119047045707703,0.9522772431373596,0.927045464515686,1.0,0.4761904776096344,0.7647503614425659,0.30000001192092896,0.20000000298023224,0.20000000298023224,0.15000000596046448,0.15000000596046448,1.0,1.0,1.0,1.0
complex_qaware_v018_r4,closed_loop,complex,full,1,0.18,True,16.745244404,1785050740.1627965,1.8117936541722695,0.031146612199755046,0.09890726201696552,0.0758769521007877,-0.04092050159418823,2.1014656562841334,0.09756923020912323,-0.2672388990035909,21.0,1.7996035671530013,0.01102615326726226,2.79956386466505,0.0021061575760977056,3.799524196816858,-0.006813835441763239,0.5713664293289185,0.16086198389530182,0.11086198687553406,0.7647503614425659,0.7647503614425659,0,ROW_FOLLOW,,1.0,121.0,136.0,-0.11024951189756393,-0.01716369390487671,0.0,0.27209606766700745,0.0,-0.30642345547676086,0.0,0.4761904776096344,0.7119047045707703,0.9522772431373596,0.927045464515686,1.0,0.4761904776096344,0.7647503614425659,0.30000001192092896,0.20000000298023224,0.20000000298023224,0.15000000596046448,0.15000000596046448,1.0,1.0,1.0,1.0
complex_qaware_v018_r4,closed_loop,complex,full,1,0.18,True,16.795994049,1785050740.2135463,1.8153834211221311,0.03148252310732763,0.09717229415370811,0.07452682727584353,-0.0513597658789436,2.1050833365188004,0.09756932627300013,-0.26723825857774486,21.0,1.8072007005654076,0.012414876689018695,2.8071585547722457,0.003224884835999862,3.8071164302023406,-0.0059651061685373945,0.5706908106803894,0.1636468917131424,0.11364689469337463,0.768810510635376,0.7647503614425659,0,ROW_FOLLOW,,1.0,119.0,141.0,-0.10658133774995804,-0.017444342374801636,0.0,0.2713349461555481,0.0,-0.30622363090515137,0.0,0.4920635223388672,0.7119047045707703,0.9508675932884216,0.9242469072341919,1.0,0.4761904776096344,0.768810510635376,0.30000001192092896,0.20000000298023224,0.20000000298023224,0.15000000596046448,0.15000000596046448,1.0,1.0,1.0,1.0
complex_qaware_v018_r4,closed_loop,complex,full,1,0.18,True,16.845284008,1785050740.2628362,1.8191339521898215,0.031790430376401314,0.09357483783269058,0.07393789742775948,-0.07735897473436941,2.10888094236868,0.1000201405537742,-0.2557716757372899,21.0,1.8072007005654076,0.012414876689018695,2.8071585547722457,0.003224884835999862,3.8071164302023406,-0.0059651061685373945,0.5706908106803894,0.1636468917131424,0.11364689469337463,0.768810510635376,0.768810510635376,0,ROW_FOLLOW,,1.0,119.0,141.0,-0.10658133774995804,-0.017444342374801636,0.0,0.2713349461555481,0.0,-0.30622363090515137,0.0,0.4920635223388672,0.7119047045707703,0.9508675932884216,0.9242469072341919,1.0,0.4761904776096344,0.768810510635376,0.30000001192092896,0.20000000298023224,0.20000000298023224,0.15000000596046448,0.15000000596046448,1.0,1.0,1.0,1.0
complex_qaware_v018_r4,closed_loop,complex,full,1,0.18,True,16.89676199,1785050740.3143141,1.8193488095882768,0.03176125975765953,0.09052721999122325,0.07338180392336416,-0.06724344770257622,2.1091265177210183,0.10071932915552019,-0.2511104183923167,21.0,1.8137915288122863,0.013555171182725893,2.813742621871555,0.00368563802998749,3.8136937261294865,-0.006183895456071914,0.5727229714393616,0.16128195822238922,0.11128196120262146,0.7892271280288696,0.768810510635376,0,ROW_FOLLOW,,1.0,133.0,144.0,-0.10151524841785431,-0.018248707056045532,0.0,0.27084434032440186,0.0,-0.3073417544364929,0.0,0.5396825075149536,0.7380951642990112,0.9543226361274719,0.9255918860435486,1.0,0.523809552192688,0.7892271280288696,0.30000001192092896,0.20000000298023224,0.20000000298023224,0.15000000596046448,0.15000000596046448,1.0,1.0,1.0,1.0
complex_qaware_v018_r4,closed_loop,complex,full,1,0.18,True,16.945188631,1785050740.362741,1.828490154095581,0.03368306355426923,0.08764057128875402,0.0813958041053526,-0.0653067642754121,2.1184877001419027,0.10418116068018311,-0.2525314824334228,21.0,1.8137915288122863,0.013555171182725893,2.813742621871555,0.00368563802998749,3.8136937261294865,-0.006183895456071914,0.5727229714393616,0.16128195822238922,0.11128196120262146,0.7892271280288696,0.7892271280288696,0,ROW_FOLLOW,,1.0,133.0,144.0,-0.10151524841785431,-0.018248707056045532,0.0,0.27084434032440186,0.0,-0.3073417544364929,0.0,0.5396825075149536,0.7380951642990112,0.9543226361274719,0.9255918860435486,1.0,0.523809552192688,0.7892271280288696,0.30000001192092896,0.20000000298023224,0.20000000298023224,0.15000000596046448,0.15000000596046448,1.0,1.0,1.0,1.0
complex_qaware_v018_r4,closed_loop,complex,full,1,0.18,True,16.995423062,1785050740.4129753,1.8322280692885342,0.0339742100802019,0.08401487735784707,0.08099170185063088,-0.09581433425361245,2.1222661563023877,0.10462007137865299,-0.24960541111029028,21.0,1.8221359438324651,0.014033137426026548,2.822085616988891,0.004011735203785824,3.8220352875303347,-0.006009666885524329,0.5713971853256226,0.1478584259748459,0.09785842895507812,0.7913209199905396,0.7892271280288696,0,ROW_FOLLOW,,1.0,142.0,141.0,-0.09368252009153366,-0.0194283127784729,0.0,0.2699676752090454,0.0,-0.3088243007659912,0.0,0.555555522441864,0.7380951642990112,0.9523284435272217,0.9104632139205933,1.0,0.523809552192688,0.7913209199905396,0.30000001192092896,0.20000000298023224,0.20000000298023224,0.15000000596046448,0.15000000596046448,1.0,1.0,1.0,1.0
complex_qaware_v018_r4,closed_loop,complex,full,1,0.18,True,17.045555603,1785050740.4631078,1.83534917890211,0.031644899879549715,0.07702671873924549,0.08480066371150895,-0.11020409082409892,2.1273108983165794,0.05894241768003876,-0.22342592837687617,21.0,1.8221359438324651,0.014033137426026548,2.822085616988891,0.004011735203785824,3.8220352875303347,-0.006009666885524329,0.5713971853256226,0.1478584259748459,0.09785842895507812,0.7913209199905396,0.6000000238418579,0,ROW_FOLLOW,,1.0,142.0,141.0,-0.09368252009153366,-0.0194283127784729,0.0,0.2699676752090454,0.0,-0.3088243007659912,0.0,0.555555522441864,0.7380951642990112,0.9523284435272217,0.9104632139205933,1.0,0.523809552192688,0.7913209199905396,0.30000001192092896,0.20000000298023224,0.20000000298023224,0.15000000596046448,0.15000000596046448,1.0,1.0,1.0,1.0
complex_qaware_v018_r4,closed_loop,complex,full,1,0.18,True,17.095424392,1785050740.5129766,1.8395003115604691,0.031902301458628546,0.07258433979001162,0.08439696075714755,-0.11404725020043983,2.131507277238784,0.05945841308141358,-0.21907880541374264,21.0,1.830163462692375,0.013203172645894138,2.830112043833967,0.003067870926418159,3.8300606356893696,-0.007067433138094661,0.5685817003250122,0.14759548008441925,0.09759548306465149,0.7965312004089355,0.6000000238418579,0,ROW_FOLLOW,,1.0,126.0,144.0,-0.08233509957790375,-0.02035421133041382,0.0,0.2686576843261719,0.0,-0.3093661069869995,0.0,0.5714285969734192,0.7380951642990112,0.9476361274719238,0.9197087287902832,1.0,0.523809552192688,0.7965312004089355,0.30000001192092896,0.20000000298023224,0.20000000298023224,0.15000000596046448,0.15000000596046448,1.0,1.0,1.0,1.0
complex_qaware_v018_r4,closed_loop,complex,full,1,0.18,True,17.145307807,1785050740.56286,1.8456164638005128,0.02904073570393645,0.06594511966471206,0.08519094377494632,-0.11400863249409868,2.139412448823144,0.0623406716213058,-0.1982320174501607,21.0,1.830163462692375,0.013203172645894138,2.830112043833967,0.003067870926418159,3.8300606356893696,-0.007067433138094661,0.5685817003250122,0.14759548008441925,0.09759548306465149,0.7965312004089355,0.6000000238418579,0,ROW_FOLLOW,,1.0,126.0,144.0,-0.08233509957790375,-0.02035421133041382,0.0,0.2686576843261719,0.0,-0.3093661069869995,0.0,0.5714285969734192,0.7380951642990112,0.9476361274719238,0.9197087287902832,1.0,0.523809552192688,0.7965312004089355,0.30000001192092896,0.20000000298023224,0.20000000298023224,0.15000000596046448,0.15000000596046448,1.0,1.0,1.0,1.0
complex_qaware_v018_r4,closed_loop,complex,full,1,0.18,True,17.196233551,1785050740.6137857,1.8497654633385354,0.029244245187801006,0.06064865168233124,0.08449574565025945,-0.1489633745920923,2.143610862309902,0.0630493177894354,-0.1923009154605521,21.0,1.8403005913237171,0.011456915234908382,2.8402532344034523,0.0017132344856527198,3.840205877064847,-0.008030447203893712,0.5686257481575012,0.1488381177186966,0.09883812069892883,0.7960841655731201,0.6000000238418579,0,ROW_FOLLOW,,1.0,133.0,143.0,-0.07046175003051758,-0.02097037434577942,0.0,0.2682017385959625,0.0,-0.31014248728752136,0.0,0.5873016119003296,0.7119047045707703,0.9477096796035767,0.9198048710823059,1.0,0.4761904776096344,0.7960841655731201,0.30000001192092896,0.20000000298023224,0.20000000298023224,0.15000000596046448,0.15000000596046448,1.0,1.0,1.0,1.0
complex_qaware_v018_r4,closed_loop,complex,full,1,0.18,True,17.245365362,1785050740.6629176,1.856061705701076,0.02949365549141434,0.049943106988956674,0.09192701863895039,-0.1870409127832593,2.1499991729008774,0.06385087387135832,-0.18529209990093146,21.0,1.8403005913237171,0.011456915234908382,2.8402532344034523,0.0017132344856527198,3.840205877064847,-0.008030447203893712,0.5686257481575012,0.1488381177186966,0.09883812069892883,0.7960841655731201,0.6000000238418579,0,ROW_FOLLOW,,1.0,133.0,143.0,-0.07046175003051758,-0.02097037434577942,0.0,0.2682017385959625,0.0,-0.31014248728752136,0.0,0.5873016119003296,0.7119047045707703,0.9477096796035767,0.9198048710823059,1.0,0.4761904776096344,0.7960841655731201,0.30000001192092896,0.20000000298023224,0.20000000298023224,0.15000000596046448,0.15000000596046448,1.0,1.0,1.0,1.0
complex_qaware_v018_r4,closed_loop,complex,full,1,0.18,True,17.296646892,1785050740.714199,1.8624829751417005,0.0323423697183794,0.042534673851327025,0.09780334938992334,-0.18142352492410374,2.157673699526396,0.06314890307342048,-0.1911706307422233,21.0,1.8403005913237171,0.011456915234908382,2.8402532344034523,0.0017132344856527198,3.840205877064847,-0.008030447203893712,0.5686257481575012,0.1488381177186966,0.09883812069892883,0.7960841655731201,0.6000000238418579,0,ROW_FOLLOW,,1.0,133.0,143.0,-0.07046175003051758,-0.02097037434577942,0.0,0.2682017385959625,0.0,-0.31014248728752136,0.0,0.5873016119003296,0.7119047045707703,0.9477096796035767,0.9198048710823059,1.0,0.4761904776096344,0.7960841655731201,0.30000001192092896,0.20000000298023224,0.20000000298023224,0.15000000596046448,0.15000000596046448,1.0,1.0,1.0,1.0
complex_qaware_v018_r4,closed_loop,complex,full,1,0.18,True,17.34535226,1785050740.7629046,1.866329111685626,0.0322868707968531,0.02986133711234508,0.09395128335299181,-0.2212475099449817,2.1616490443781182,0.06559683473292652,-0.17695101554060927,21.0,1.8503479332981116,0.010643957895634234,2.850279328371903,-0.0008303317522722554,3.85021075364685,-0.012304619837908717,0.5685511231422424,0.1468217521905899,0.09682175517082214,0.8052905797958374,0.6000000238418579,0,ROW_FOLLOW,,1.0,127.0,142.0,-0.05739453434944153,-0.020236670970916748,0.0,0.26809126138687134,0.0,-0.30856460332870483,0.0,0.6190476417541504,0.7119047045707703,0.9475851655006409,0.9178556799888611,1.0,0.4761904776096344,0.8052905797958374,0.30000001192092896,0.20000000298023224,0.20000000298023224,0.15000000596046448,0.15000000596046448,1.0,1.0,1.0,1.0
complex_qaware_v018_r4,closed_loop,complex,full,1,0.18,True,17.397101034,1785050740.8146532,1.8739326358578665,0.034482472891286406,0.022277814813102207,0.10169603512469706,-0.16749275836277358,2.1698591168077934,0.06522011239411014,-0.18006974351506608,21.0,1.8617754780758593,0.012064828938222296,2.8616648029589453,-0.0023738740209652844,3.861554107345176,-0.01681257465840662,0.5659069418907166,0.15185384452342987,0.10185384750366211,0.7996089458465576,0.6000000238418579,0,ROW_FOLLOW,,1.0,140.0,152.0,-0.04092274233698845,-0.01867404580116272,0.0,0.2681708335876465,0.0,-0.3055189251899719,0.0,0.6031745672225952,0.7119047045707703,0.9431784749031067,0.9175995588302612,1.0,0.4761904776096344,0.7996089458465576,0.30000001192092896,0.20000000298023224,0.20000000298023224,0.15000000596046448,0.15000000596046448,1.0,1.0,1.0,1.0
complex_qaware_v018_r4,closed_loop,complex,full,1,0.18,True,17.445343894,1785050740.8628962,1.876595502074584,0.03609127644177364,0.01267904257913477,0.09321433424343563,-0.1453253017863742,2.175867413791313,0.11874207745219241,-0.16791688533458632,21.0,1.8617754780758593,0.012064828938222296,2.8616648029589453,-0.0023738740209652844,3.861554107345176,-0.01681257465840662,0.5659069418907166,0.15185384452342987,0.10185384750366211,0.7996089458465576,0.7996089458465576,0,ROW_FOLLOW,,1.0,140.0,152.0,-0.04092274233698845,-0.01867404580116272,0.0,0.2681708335876465,0.0,-0.3055189251899719,0.0,0.6031745672225952,0.7119047045707703,0.9431784749031067,0.9175995588302612,1.0,0.4761904776096344,0.7996089458465576,0.30000001192092896,0.20000000298023224,0.20000000298023224,0.15000000596046448,0.15000000596046448,1.0,1.0,1.0,1.0
complex_qaware_v018_r4,closed_loop,complex,full,1,0.18,True,17.495290382,1785050740.9128428,1.8805126144898325,0.03605742683641062,0.006443730861214192,0.09019475222107948,-0.16486286265873787,2.179833110963341,0.1199270954259708,-0.16001676550939703,20.0,1.8719795736757365,0.016041167427447416,2.8718080360284737,-0.0022872466826814697,3.8049793357980355,-0.019498890630523423,0.5662743449211121,0.1499963253736496,0.09999632835388184,0.7920303344726562,0.7996089458465576,0,ROW_FOLLOW,,1.0,128.0,145.0,-0.0279274582862854,-0.015857189893722534,0.0,0.27064234018325806,0.0,-0.3023567199707031,0.0,0.579365074634552,0.7119047045707703,0.9437904357910156,0.9138781428337097,1.0,0.4761904776096344,0.7920303344726562,0.30000001192092896,0.20000000298023224,0.20000000298023224,0.15000000596046448,0.15000000596046448,1.0,1.0,1.0,1.0
complex_qaware_v018_r4,closed_loop,complex,full,1,0.18,True,17.545413098,1785050740.9629653,1.8843411085154569,0.035895765581444646,-0.004238821386701729,0.08669234589148117,-0.17498874040429993,2.1837740809477784,0.07057369379380636,-0.12596809051263413,20.0,1.8719795736757365,0.016041167427447416,2.8718080360284737,-0.0022872466826814697,3.8049793357980355,-0.019498890630523423,0.5662743449211121,0.1499963253736496,0.09999632835388184,0.7920303344726562,0.6000000238418579,0,ROW_FOLLOW,,1.0,128.0,145.0,-0.0279274582862854,-0.015857189893722534,0.0,0.27064234018325806,0.0,-0.3023567199707031,0.0,0.579365074634552,0.7119047045707703,0.9437904357910156,0.9138781428337097,1.0,0.4761904776096344,0.7920303344726562,0.30000001192092896,0.20000000298023224,0.20000000298023224,0.15000000596046448,0.15000000596046448,1.0,1.0,1.0,1.0
complex_qaware_v018_r4,closed_loop,complex,full,1,0.18,True,17.596601697,1785050741.014154,1.8858221815461227,0.03574004864958593,-0.010558382923645308,0.0854769927773986,-0.14613560400317843,2.185341620541754,0.07173082452752129,-0.11622830586591465,20.0,1.8797607444825053,0.019735191444963485,2.884531700833227,-0.0016283818288902955,3.845977889271459,-0.022134387480669315,0.5641257762908936,0.1435680240392685,0.09356802701950073,0.7958329916000366,0.6000000238418579,0,ROW_FOLLOW,,1.0,148.0,137.0,-0.013054444454610348,-0.012553542852401733,0.0,0.2729579210281372,0.0,-0.2980650067329407,0.0,0.5952380299568176,0.7119047045707703,0.9402095079421997,0.9122582674026489,1.0,0.4761904776096344,0.7958329916000366,0.30000001192092896,0.20000000298023224,0.20000000298023224,0.15000000596046448,0.15000000596046448,1.0,1.0,1.0,1.0
complex_qaware_v018_r4,closed_loop,complex,full,1,0.18,True,17.645493183,1785050741.0630453,1.8894345703985653,0.03858827368783071,-0.01893730561285656,0.07781333027704888,-0.1434323105795337,2.1910029236947084,0.07374650861289613,-0.10222793482815654,20.0,1.8797607444825053,0.019735191444963485,2.884531700833227,-0.0016283818288902955,3.845977889271459,-0.022134387480669315,0.5641257762908936,0.1435680240392685,0.09356802701950073,0.7958329916000366,0.6000000238418579,0,ROW_FOLLOW,,1.0,148.0,137.0,-0.013054444454610348,-0.012553542852401733,0.0,0.2729579210281372,0.0,-0.2980650067329407,0.0,0.5952380299568176,0.7119047045707703,0.9402095079421997,0.9122582674026489,1.0,0.4761904776096344,0.7958329916000366,0.30000001192092896,0.20000000298023224,0.20000000298023224,0.15000000596046448,0.15000000596046448,1.0,1.0,1.0,1.0
complex_qaware_v018_r4,closed_loop,complex,full,1,0.18,True,17.697839316,1785050741.1153915,1.8920374994358382,0.037394712510363144,-0.025615444104070573,0.0775005881874478,-0.16840529702808393,2.193925387855565,0.07556554478024956,-0.08698992897723694,20.0,1.8797607444825053,0.019735191444963485,2.884531700833227,-0.0016283818288902955,3.845977889271459,-0.022134387480669315,0.5641257762908936,0.1435680240392685,0.09356802701950073,0.7958329916000366,0.6000000238418579,0,ROW_FOLLOW,,1.0,148.0,137.0,-0.013054444454610348,-0.012553542852401733,0.0,0.2729579210281372,0.0,-0.2980650067329407,0.0,0.5952380299568176,0.7119047045707703,0.9402095079421997,0.9122582674026489,1.0,0.4761904776096344,0.7958329916000366,0.30000001192092896,0.20000000298023224,0.20000000298023224,0.15000000596046448,0.15000000596046448,1.0,1.0,1.0,1.0
complex_qaware_v018_r4,closed_loop,complex,full,1,0.18,True,17.745244876,1785050741.162797,1.8958665432968191,0.03719150105686979,-0.035978467169865525,0.07757086148294198,-0.17558417996069478,2.1978230511517007,0.07863196554566042,-0.05352204194147709,20.0,1.885826713844585,0.023331835062823342,2.9188879777257952,-0.0003617542651840544,3.885301177008724,-0.02248044625329913,0.562134325504303,0.14102472364902496,0.0910247266292572,0.7865422964096069,0.6000000238418579,0,ROW_FOLLOW,,1.0,126.0,149.0,0.0054057929664850235,-0.010783836245536804,0.0,0.2733120620250702,0.0,-0.2948797345161438,0.0,0.5714285969734192,0.7119047045707703,0.936890721321106,0.9023640155792236,1.0,0.4761904776096344,0.7865422964096069,0.30000001192092896,0.20000000298023224,0.20000000298023224,0.15000000596046448,0.15000000596046448,1.0,1.0,1.0,1.0
complex_qaware_v018_r4,closed_loop,complex,full,1,0.18,True,17.795233158,1785050741.2127855,1.907009829915423,0.03560523278421199,-0.042947382478571314,0.08905581008089725,-0.16449214104804327,2.209153325390469,0.08040517919725704,-0.038492431457794726,21.0,1.8947145721944867,0.025175796184603663,2.9278007931459284,0.00275744719523042,3.9065240217670305,-0.009576930686472376,0.5639737248420715,0.1564590185880661,0.10645902156829834,0.7933590412139893,0.6000000238418579,0,ROW_FOLLOW,,1.0,142.0,141.0,0.02529011107981205,-0.009870991110801697,0.0,0.2735067903995514,0.0,-0.2932487726211548,0.0,0.5714285969734192,0.7380951642990112,0.9399564862251282,0.9088003039360046,1.0,0.523809552192688,0.7933590412139893,0.30000001192092896,0.20000000298023224,0.20000000298023224,0.15000000596046448,0.15000000596046448,1.0,1.0,1.0,1.0
complex_qaware_v018_r4,closed_loop,complex,full,1,0.18,True,17.845148093,1785050741.2627003,1.9108926824509753,0.03532958383754612,-0.05252963123305631,0.08658385271879247,-0.17468972355856238,2.213108877147242,0.14141038937505984,-0.009294920289721478,21.0,1.8947145721944867,0.025175796184603663,2.9278007931459284,0.00275744719523042,3.9065240217670305,-0.009576930686472376,0.5639737248420715,0.1564590185880661,0.10645902156829834,0.7933590412139893,0.7933590412139893,0,ROW_FOLLOW,,1.0,142.0,141.0,0.02529011107981205,-0.009870991110801697,0.0,0.2735067903995514,0.0,-0.2932487726211548,0.0,0.5714285969734192,0.7380951642990112,0.9399564862251282,0.9088003039360046,1.0,0.523809552192688,0.7933590412139893,0.30000001192092896,0.20000000298023224,0.20000000298023224,0.15000000596046448,0.15000000596046448,1.0,1.0,1.0,1.0
complex_qaware_v018_r4,closed_loop,complex,full,1,0.18,True,17.896460376,1785050741.3140128,1.915094574542532,0.03495929751895571,-0.05929987066705468,0.08551890960670851,-0.1544254120469982,2.2174078804456867,0.14257870840984174,0.0015061267245088193,21.0,1.9045123532961021,0.026279922046067952,2.932621182193646,0.004936006393099883,3.9105065684666,-0.012278769727245183,0.5619446635246277,0.150198832154274,0.10019883513450623,0.7746623754501343,0.7933590412139893,0,ROW_FOLLOW,,1.0,123.0,128.0,0.038556888699531555,-0.008458733558654785,0.0,0.2739188075065613,0.0,-0.29083627462387085,0.0,0.523809552192688,0.7119047045707703,0.9365744590759277,0.9188244938850403,1.0,0.4761904776096344,0.7746623754501343,0.30000001192092896,0.20000000298023224,0.20000000298023224,0.15000000596046448,0.15000000596046448,1.0,1.0,1.0,1.0
complex_qaware_v018_r4,closed_loop,complex,full,1,0.18,True,17.945288116,1785050741.3628404,1.9212208783102893,0.031845506521471396,-0.06719003996151905,0.09391385391036043,-0.11916552411414659,2.2244213264543107,0.13370658726159346,0.03821760212953816,21.0,1.9045123532961021,0.026279922046067952,2.932621182193646,0.004936006393099883,3.9105065684666,-0.012278769727245183,0.5619446635246277,0.150198832154274,0.10019883513450623,0.7746623754501343,0.7746623754501343,0,ROW_FOLLOW,,1.0,123.0,128.0,0.038556888699531555,-0.008458733558654785,0.0,0.2739188075065613,0.0,-0.29083627462387085,0.0,0.523809552192688,0.7119047045707703,0.9365744590759277,0.9188244938850403,1.0,0.4761904776096344,0.7746623754501343,0.30000001192092896,0.20000000298023224,0.20000000298023224,0.15000000596046448,0.15000000596046448,1.0,1.0,1.0,1.0
complex_qaware_v018_r4,closed_loop,complex,full,1,0.18,True,17.996036193,1785050741.4135885,1.925769023977084,0.03146492209917943,-0.07213747416007134,0.09328252435076785,-0.1222122758296514,2.229028727837129,0.1324633054436549,0.04650614758246187,21.0,1.9158041038951792,0.025845122699055173,2.9156262033070575,0.007027075835427981,3.915448311552337,-0.011790972131556228,0.5597327351570129,0.15688557922840118,0.10688558220863342,0.7778832912445068,0.7746623754501343,0,ROW_FOLLOW,,1.0,140.0,127.0,0.05408020317554474,-0.006168723106384277,0.0,0.2752389907836914,0.0,-0.28757643699645996,0.0,0.523809552192688,0.7380951642990112,0.9328877329826355,0.9102925062179565,1.0,0.523809552192688,0.7778832912445068,0.30000001192092896,0.20000000298023224,0.20000000298023224,0.15000000596046448,0.15000000596046448,1.0,1.0,1.0,1.0
complex_qaware_v018_r4,closed_loop,complex,full,1,0.18,True,18.045244487,1785050741.4627967,1.9268662555618767,0.02582883542124575,-0.0777806529626375,0.09530983242057274,-0.08535982195855735,2.238830546699382,0.12690576238888185,0.08742153356752923,21.0,1.9158041038951792,0.025845122699055173,2.9156262033070575,0.007027075835427981,3.915448311552337,-0.011790972131556228,0.5597327351570129,0.15688557922840118,0.10688558220863342,0.7778832912445068,0.7778832912445068,0,ROW_FOLLOW,,1.0,140.0,127.0,0.05408020317554474,-0.006168723106384277,0.0,0.2752389907836914,0.0,-0.28757643699645996,0.0,0.523809552192688,0.7380951642990112,0.9328877329826355,0.9102925062179565,1.0,0.523809552192688,0.7778832912445068,0.30000001192092896,0.20000000298023224,0.20000000298023224,0.15000000596046448,0.15000000596046448,1.0,1.0,1.0,1.0
complex_qaware_v018_r4,closed_loop,complex,full,1,0.18,True,18.096738151,1785050741.5142903,1.9317572201117166,0.02540305332144822,-0.07976159696623333,0.09620307662912644,-0.05763589715705272,2.2437591552853973,0.1262438270061716,0.09183443611893088,21.0,1.9240885679544963,0.02465271839725333,2.923888821794817,0.004706311754497753,3.923689099167397,-0.01524009549000481,0.5620452165603638,0.16216494143009186,0.1121649444103241,0.7792366743087769,0.7778832912445068,0,ROW_FOLLOW,,1.0,119.0,134.0,0.05871861055493355,-0.0032452046871185303,0.0,0.2776567339897156,0.0,-0.28414714336395264,0.0,0.5317460298538208,0.7380951642990112,0.9367418885231018,0.8983030915260315,1.0,0.523809552192688,0.7792366743087769,0.30000001192092896,0.20000000298023224,0.20000000298023224,0.15000000596046448,0.15000000596046448,1.0,1.0,1.0,1.0
complex_qaware_v018_r4,closed_loop,complex,full,1,0.18,True,18.145320604,1785050741.562873,1.9334362543142534,0.022503784614730366,-0.08313058272820673,0.09280702517170507,-0.05012677312263071,2.2508725978812,0.12450643468901801,0.10504111124374549,21.0,1.9240885679544963,0.02465271839725333,2.923888821794817,0.004706311754497753,3.923689099167397,-0.01524009549000481,0.5620452165603638,0.16216494143009186,0.1121649444103241,0.7792366743087769,0.7792366743087769,0,ROW_FOLLOW,,1.0,119.0,134.0,0.05871861055493355,-0.0032452046871185303,0.0,0.2776567339897156,0.0,-0.28414714336395264,0.0,0.5317460298538208,0.7380951642990112,0.9367418885231018,0.8983030915260315,1.0,0.523809552192688,0.7792366743087769,0.30000001192092896,0.20000000298023224,0.20000000298023224,0.15000000596046448,0.15000000596046448,1.0,1.0,1.0,1.0
complex_qaware_v018_r4,closed_loop,complex,full,1,0.18,True,18.196399474,1785050741.6139517,1.9385162336369057,0.02205387097102501,-0.08423157800837226,0.09598687202676803,-0.021178676393651903,2.255984118138248,0.12401266265626232,0.10833292479545012,21.0,1.931959868097599,0.023410285737014508,2.9317414863176716,0.0026176542196093954,3.9315231016484855,-0.018174975781206432,0.5624772310256958,0.15667439997196198,0.10667440295219421,0.792314887046814,0.7792366743087769,0,ROW_FOLLOW,,1.0,122.0,124.0,0.060949306935071945,0.0007214099168777466,0.0,0.2814260721206665,0.0,-0.279983252286911,0.0,0.5714285969734192,0.7380951642990112,0.9374620318412781,0.9051655530929565,1.0,0.523809552192688,0.792314887046814,0.30000001192092896,0.20000000298023224,0.20000000298023224,0.15000000596046448,0.15000000596046448,1.0,1.0,1.0,1.0
complex_qaware_v018_r4,closed_loop,complex,full,1,0.18,True,18.24533032,1785050741.6628826,1.9423498108054067,0.023177964856122807,-0.08634626885150173,0.09277232311069235,-0.03167224388533346,2.263811868991406,0.12784569678658658,0.09847321921226619,21.0,1.931959868097599,0.023410285737014508,2.9317414863176716,0.0026176542196093954,3.9315231016484855,-0.018174975781206432,0.5624772310256958,0.15667439997196198,0.10667440295219421,0.792314887046814,0.792314887046814,0,ROW_FOLLOW,,1.0,122.0,124.0,0.060949306935071945,0.0007214099168777466,0.0,0.2814260721206665,0.0,-0.279983252286911,0.0,0.5714285969734192,0.7380951642990112,0.9374620318412781,0.9051655530929565,1.0,0.523809552192688,0.792314887046814,0.30000001192092896,0.20000000298023224,0.20000000298023224,0.15000000596046448,0.15000000596046448,1.0,1.0,1.0,1.0
complex_qaware_v018_r4,closed_loop,complex,full,1,0.18,True,18.296694573,1785050741.714247,1.947826988591725,0.022680315739802236,-0.0874966815023752,0.0964608471075608,-0.03605094738242971,2.269324230633746,0.12733973229455955,0.10184631582577963,21.0,1.9393860151811741,0.023994481731026196,2.9391181309251486,0.0009008977751538555,3.9388502698415073,-0.022192687620372274,0.556721568107605,0.14245612919330597,0.09245613217353821,0.804080605506897,0.792314887046814,0,ROW_FOLLOW,,1.0,110.0,127.0,0.06253494322299957,0.004370838403701782,0.0,0.28409284353256226,0.0,-0.2753511667251587,0.0,0.6111111044883728,0.764285683631897,0.9278691411018372,0.8821089863777161,1.0,0.5714285969734192,0.804080605506897,0.30000001192092896,0.20000000298023224,0.20000000298023224,0.15000000596046448,0.15000000596046448,1.0,1.0,1.0,1.0
complex_qaware_v018_r4,closed_loop,complex,full,1,0.18,True,18.345286595,1785050741.7628388,1.953455324817708,0.022151756526678185,-0.0885110273509433,0.10085633916450369,-0.014165696896862302,2.274990221233633,0.07406827288092334,0.10589678386592208,21.0,1.9393860151811741,0.023994481731026196,2.9391181309251486,0.0009008977751538555,3.9388502698415073,-0.022192687620372274,0.556721568107605,0.14245612919330597,0.09245613217353821,0.804080605506897,0.6000000238418579,0,ROW_FOLLOW,,1.0,110.0,127.0,0.06253494322299957,0.004370838403701782,0.0,0.28409284353256226,0.0,-0.2753511667251587,0.0,0.6111111044883728,0.764285683631897,0.9278691411018372,0.8821089863777161,1.0,0.5714285969734192,0.804080605506897,0.30000001192092896,0.20000000298023224,0.20000000298023224,0.15000000596046448,0.15000000596046448,1.0,1.0,1.0,1.0
complex_qaware_v018_r4,closed_loop,complex,full,1,0.18,True,18.39737429,1785050741.8149266,1.9558951615511087,0.021915177398452095,-0.08876388849290211,0.10568054159921757,-0.0016552069607720743,2.2774517919725756,0.07392099340597372,0.10711788428745486,21.0,1.9393860151811741,0.023994481731026196,2.9391181309251486,0.0009008977751538555,3.9388502698415073,-0.022192687620372274,0.556721568107605,0.14245612919330597,0.09245613217353821,0.804080605506897,0.6000000238418579,0,ROW_FOLLOW,,1.0,110.0,127.0,0.06253494322299957,0.004370838403701782,0.0,0.28409284353256226,0.0,-0.2753511667251587,0.0,0.6111111044883728,0.764285683631897,0.9278691411018372,0.8821089863777161,1.0,0.5714285969734192,0.804080605506897,0.30000001192092896,0.20000000298023224,0.20000000298023224,0.15000000596046448,0.15000000596046448,1.0,1.0,1.0,1.0
complex_qaware_v018_r4,closed_loop,complex,full,1,0.18,True,18.44541977,1785050741.862972,1.959196441870459,0.020688538969887805,-0.090191520773903,0.10173433849193587,-0.029457766561787162,2.2817748847789954,0.0717715459068435,0.1288108508059313,20.0,1.9475326971124378,0.026885066898403354,2.9472240257906392,0.0020658512342742676,3.880268185408512,-0.02114539336472919,0.5546547770500183,0.14546971023082733,0.09546971321105957,0.8093466758728027,0.6000000238418579,0,ROW_FOLLOW,,1.0,96.0,120.0,0.06254255026578903,0.008918210864067078,0.0,0.28701990842819214,0.0,-0.269183486700058,0.0,0.6507936120033264,0.7380951642990112,0.9244245886802673,0.8773640990257263,1.0,0.523809552192688,0.8093466758728027,0.30000001192092896,0.20000000298023224,0.20000000298023224,0.15000000596046448,0.15000000596046448,1.0,1.0,1.0,1.0
complex_qaware_v018_r4,closed_loop,complex,full,1,0.18,True,18.495783197,1785050741.9133356,1.9648365656188373,0.020158701489652292,-0.0913844160250541,0.10417710432485028,-0.02914162591036452,2.2874533533644352,0.07129130470957151,0.13276664388849452,20.0,1.9475326971124378,0.026885066898403354,2.9472240257906392,0.0020658512342742676,3.880268185408512,-0.02114539336472919,0.5546547770500183,0.14546971023082733,0.09546971321105957,0.8093466758728027,0.6000000238418579,0,ROW_FOLLOW,,1.0,96.0,120.0,0.06254255026578903,0.008918210864067078,0.0,0.28701990842819214,0.0,-0.269183486700058,0.0,0.6507936120033264,0.7380951642990112,0.9244245886802673,0.8773640990257263,1.0,0.523809552192688,0.8093466758728027,0.30000001192092896,0.20000000298023224,0.20000000298023224,0.15000000596046448,0.15000000596046448,1.0,1.0,1.0,1.0
complex_qaware_v018_r4,closed_loop,complex,full,1,0.18,True,18.545287306,1785050741.9628396,1.9710641039415664,0.021287574134196074,-0.09373961661340058,0.1040555784069354,-0.026721223729059478,2.2946691857003394,0.12285102133987905,0.14426170951534906,19.0,1.9564093747346083,0.029929418977153715,2.856096756218054,0.0062307268922811195,3.8557469946761906,-0.020196462375039973,0.5600635409355164,0.15102268755435944,0.10102269053459167,0.80272376537323,0.80272376537323,0,ROW_FOLLOW,,1.0,99.0,134.0,0.06421838700771332,0.011761397123336792,0.0,0.2896885871887207,0.0,-0.2661657929420471,0.0,0.6666666865348816,0.6595237255096436,0.9333568811416626,0.8943172693252563,1.0,0.380952388048172,0.80272376537323,0.30000001192092896,0.20000000298023224,0.20000000298023224,0.15000000596046448,0.15000000596046448,1.0,1.0,1.0,1.0
complex_qaware_v018_r4,closed_loop,complex,full,1,0.18,True,18.595901619,1785050742.0134537,1.976253259497538,0.020787520724942034,-0.09405957047642846,0.10425167654269886,-0.018490038022782932,2.299885739948462,0.1224465680554771,0.14695806474469533,19.0,1.9564093747346083,0.029929418977153715,2.856096756218054,0.0062307268922811195,3.8557469946761906,-0.020196462375039973,0.5600635409355164,0.15102268755435944,0.10102269053459167,0.80272376537323,0.80272376537323,0,ROW_FOLLOW,,1.0,99.0,134.0,0.06421838700771332,0.011761397123336792,0.0,0.2896885871887207,0.0,-0.2661657929420471,0.0,0.6666666865348816,0.6595237255096436,0.9333568811416626,0.8943172693252563,1.0,0.380952388048172,0.80272376537323,0.30000001192092896,0.20000000298023224,0.20000000298023224,0.15000000596046448,0.15000000596046448,1.0,1.0,1.0,1.0
complex_qaware_v018_r4,closed_loop,complex,full,1,0.18,True,18.645427714,1785050742.06298,1.982219809734296,0.021603567910361894,-0.0953185041067233,0.10122430422179422,-0.019199127127227964,2.306008779557632,0.06618359773110641,0.15807320071606581,21.0,1.9659886779685853,0.03278295490249238,2.970608824413205,0.005165904535395488,3.9758676018371895,-0.02118436498338359,0.5576907992362976,0.1352478712797165,0.08524787425994873,0.7851983308792114,0.6000000238418579,0,ROW_FOLLOW,,1.0,96.0,130.0,0.06618501245975494,0.014834374189376831,0.0,0.29259416460990906,0.0,-0.2629254162311554,0.0,0.6111111640930176,0.6595237255096436,0.9284601807594299,0.8951209187507629,1.0,0.380952388048172,0.7851983308792114,0.30000001192092896,0.20000000298023224,0.20000000298023224,0.15000000596046448,0.15000000596046448,1.0,1.0,1.0,1.0
complex_qaware_v018_r4,closed_loop,complex,full,1,0.18,True,18.698475466,1785050742.1160276,1.9896338617221965,0.020867674558552745,-0.09591591296839308,0.10131342861277837,-0.005594639044319353,2.3134651816622886,0.06582978176000899,0.1610772482896366,20.0,1.9763214097518356,0.035250685329147,2.980963774726398,0.008525911040779542,3.9312405737110203,-0.013597052973019136,0.5583480596542358,0.13483676314353943,0.08483676612377167,0.780258059501648,0.6000000238418579,0,ROW_FOLLOW,,1.0,100.0,106.0,0.07237224280834198,0.017075613141059875,0.0,0.29406630992889404,0.0,-0.2599150836467743,0.0,0.6111111044883728,0.6333332657814026,0.9285455346107483,0.8969931602478027,1.0,0.3333333432674408,0.780258059501648,0.30000001192092896,0.20000000298023224,0.20000000298023224,0.15000000596046448,0.15000000596046448,1.0,1.0,1.0,1.0
complex_qaware_v018_r4,closed_loop,complex,full,1,0.18,True,18.74547628,1785050742.1630285,1.9916314899401735,0.01957196738849965,-0.0962516678468486,0.1000947540809226,-0.00855115069890115,2.3160447818477974,0.06266085984909635,0.18461422528919097,20.0,1.9763214097518356,0.035250685329147,2.980963774726398,0.008525911040779542,3.9312405737110203,-0.013597052973019136,0.5583480596542358,0.13483676314353943,0.08483676612377167,0.780258059501648,0.6000000238418579,0,ROW_FOLLOW,,1.0,100.0,106.0,0.07237224280834198,0.017075613141059875,0.0,0.29406630992889404,0.0,-0.2599150836467743,0.0,0.6111111044883728,0.6333332657814026,0.9285455346107483,0.8969931602478027,1.0,0.3333333432674408,0.780258059501648,0.30000001192092896,0.20000000298023224,0.20000000298023224,0.15000000596046448,0.15000000596046448,1.0,1.0,1.0,1.0
complex_qaware_v018_r4,closed_loop,complex,full,1,0.18,True,18.796657329,1785050742.2142096,1.9965824024452368,0.019091534656765934,-0.09673805270140565,0.0996276184549151,-0.01196540293335052,2.3210213695044755,0.06226646571080049,0.18798400048508584,21.0,1.9869607033244965,0.03760982686350444,2.9866293829304404,0.01194624122370621,3.9861605415162087,-0.016151283139341867,0.5561507940292358,0.14121122658252716,0.0912112295627594,0.7768373489379883,0.6000000238418579,0,ROW_FOLLOW,,1.0,93.0,112.0,0.07168355584144592,0.019900277256965637,0.0,0.2955968379974365,0.0,-0.25579628348350525,0.0,0.6031745672225952,0.6333332657814026,0.9247734546661377,0.8950909376144409,1.0,0.3333333432674408,0.7768373489379883,0.30000001192092896,0.20000000298023224,0.20000000298023224,0.15000000596046448,0.15000000596046448,1.0,1.0,1.0,1.0
complex_qaware_v018_r4,closed_loop,complex,full,1,0.18,True,18.845466221,1785050742.2630186,2.001246655569308,0.018634638441825543,-0.09720325004642258,0.09862136907905275,2.5886542671709318e-06,2.325714472736646,0.0600369219224311,0.20477484161038875,21.0,1.9869607033244965,0.03760982686350444,2.9866293829304404,0.01194624122370621,3.9861605415162087,-0.016151283139341867,0.5561507940292358,0.14121122658252716,0.0912112295627594,0.7768373489379883,0.6000000238418579,0,ROW_FOLLOW,,1.0,93.0,112.0,0.07168355584144592,0.019900277256965637,0.0,0.2955968379974365,0.0,-0.25579628348350525,0.0,0.6031745672225952,0.6333332657814026,0.9247734546661377,0.8950909376144409,1.0,0.3333333432674408,0.7768373489379883,0.30000001192092896,0.20000000298023224,0.20000000298023224,0.15000000596046448,0.15000000596046448,1.0,1.0,1.0,1.0
complex_qaware_v018_r4,closed_loop,complex,full,1,0.18,True,18.896346174,1785050742.3138986,2.0069920469655282,0.017450224278023195,-0.09743352166316077,0.0965328350040055,-0.017688898431251026,2.331629156153843,0.059215970057155794,0.2118200904551448,21.0,1.9972139531005224,0.038470595941690826,2.9969415271279054,0.015176370219694134,4.001717098346043,-0.007752045912265783,0.5569620728492737,0.15640832483768463,0.10640832781791687,0.7923130989074707,0.6000000238418579,0,ROW_FOLLOW,,1.0,91.0,84.0,0.07614261656999588,0.02074718475341797,0.0,0.2966232895851135,0.0,-0.2551289200782776,0.0,0.6190476417541504,0.6857142448425293,0.9245389103889465,0.8969880938529968,1.0,0.4285714328289032,0.7923130989074707,0.30000001192092896,0.20000000298023224,0.20000000298023224,0.15000000596046448,0.15000000596046448,1.0,1.0,1.0,1.0
complex_qaware_v018_r4,closed_loop,complex,full,1,0.18,True,18.945273437,1785050742.3628256,2.011383157937278,0.017018399718137556,-0.09802755171343852,0.09604408539830349,-0.007443739100275707,2.336042694274863,0.10920959581011443,0.22271174662153537,21.0,1.9972139531005224,0.038470595941690826,2.9969415271279054,0.015176370219694134,4.001717098346043,-0.007752045912265783,0.5569620728492737,0.15640832483768463,0.10640832781791687,0.7923130989074707,0.7923130989074707,0,ROW_FOLLOW,,1.0,91.0,84.0,0.07614261656999588,0.02074718475341797,0.0,0.2966232895851135,0.0,-0.2551289200782776,0.0,0.6190476417541504,0.6857142448425293,0.9245389103889465,0.8969880938529968,1.0,0.4285714328289032,0.7923130989074707,0.30000001192092896,0.20000000298023224,0.20000000298023224,0.15000000596046448,0.15000000596046448,1.0,1.0,1.0,1.0
complex_qaware_v018_r4,closed_loop,complex,full,1,0.18,True,18.998200002,1785050742.4157522,2.015605099913505,0.01660533275985147,-0.09802669889391827,0.09356760817910355,-0.015197210459228188,2.340285996683958,0.10880913906924955,0.2253814582273012,20.0,2.0068728154884123,0.03834274198945816,3.0115996108543275,0.014956332138910596,3.939680563344147,-0.006650715115073238,0.5574711561203003,0.15003280341625214,0.10003280639648438,0.7906742095947266,0.7923130989074707,0,ROW_FOLLOW,,1.0,90.0,91.0,0.07455848902463913,0.021250471472740173,0.0,0.2981495261192322,0.0,-0.25564858317375183,0.0,0.6190476417541504,0.6857142448425293,0.9269005656242371,0.8829130530357361,1.0,0.4285714328289032,0.7906742095947266,0.30000001192092896,0.20000000298023224,0.20000000298023224,0.15000000596046448,0.15000000596046448,1.0,1.0,1.0,1.0
complex_qaware_v018_r4,closed_loop,complex,full,1,0.18,True,19.045292115,1785050742.4628444,2.023370891869611,0.015011623870330434,-0.09819326253991359,0.09171555174591871,-0.009169329380344853,2.348479582649623,0.10734517409290148,0.23317455756099523,20.0,2.0068728154884123,0.03834274198945816,3.0115996108543275,0.014956332138910596,3.939680563344147,-0.006650715115073238,0.5574711561203003,0.15003280341625214,0.10003280639648438,0.7906742095947266,0.7906742095947266,0,ROW_FOLLOW,,1.0,90.0,91.0,0.07455848902463913,0.021250471472740173,0.0,0.2981495261192322,0.0,-0.25564858317375183,0.0,0.6190476417541504,0.6857142448425293,0.9269005656242371,0.8829130530357361,1.0,0.4285714328289032,0.7906742095947266,0.30000001192092896,0.20000000298023224,0.20000000298023224,0.15000000596046448,0.15000000596046448,1.0,1.0,1.0,1.0
complex_qaware_v018_r4,closed_loop,complex,full,1,0.18,True,19.09996042,1785050742.5175128,2.0274804665772557,0.014607276584034497,-0.09821112759775857,0.09035299098331888,0.010691498754362046,2.3526114226180037,0.10692794452991429,0.23595608798090986,21.0,2.017152042061914,0.037481485630525106,3.0219161207541934,0.01574575445013655,4.0172477725276,-0.004091886021446903,0.5571423768997192,0.1432645469903946,0.09326454997062683,0.790764331817627,0.7906742095947266,0,ROW_FOLLOW,,1.0,94.0,83.0,0.07810993492603302,0.02179892361164093,0.0,0.2985215187072754,0.0,-0.25492367148399353,0.0,0.6190476417541504,0.6857142448425293,0.9238499402999878,0.8875809907913208,1.0,0.4285714328289032,0.790764331817627,0.30000001192092896,0.20000000298023224,0.20000000298023224,0.15000000596046448,0.15000000596046448,1.0,1.0,1.0,1.0
complex_qaware_v018_r4,closed_loop,complex,full,1,0.18,True,19.14521895,1785050742.562771,2.0317141766364837,0.013759222781042448,-0.0981435272455178,0.08801140585770069,0.008067688160767299,2.357596181862803,0.057232462067539944,0.23749246676324623,21.0,2.017152042061914,0.037481485630525106,3.0219161207541934,0.01574575445013655,4.0172477725276,-0.004091886021446903,0.5571423768997192,0.1432645469903946,0.09326454997062683,0.790764331817627,0.6000000238418579,0,ROW_FOLLOW,,1.0,94.0,83.0,0.07810993492603302,0.02179892361164093,0.0,0.2985215187072754,0.0,-0.25492367148399353,0.0,0.6190476417541504,0.6857142448425293,0.9238499402999878,0.8875809907913208,1.0,0.4285714328289032,0.790764331817627,0.30000001192092896,0.20000000298023224,0.20000000298023224,0.15000000596046448,0.15000000596046448,1.0,1.0,1.0,1.0
complex_qaware_v018_r4,closed_loop,complex,full,1,0.18,True,19.195858417,1785050742.6134105,2.036040433679078,0.01333394148217214,-0.09826970685749851,0.08826328912856063,-0.004189778716371415,2.361944757889911,0.05686262172465339,0.2406104656242255,21.0,2.017152042061914,0.037481485630525106,3.0219161207541934,0.01574575445013655,4.0172477725276,-0.004091886021446903,0.5571423768997192,0.1432645469903946,0.09326454997062683,0.790764331817627,0.6000000238418579,0,ROW_FOLLOW,,1.0,94.0,83.0,0.07810993492603302,0.02179892361164093,0.0,0.2985215187072754,0.0,-0.25492367148399353,0.0,0.6190476417541504,0.6857142448425293,0.9238499402999878,0.8875809907913208,1.0,0.4285714328289032,0.790764331817627,0.30000001192092896,0.20000000298023224,0.20000000298023224,0.15000000596046448,0.15000000596046448,1.0,1.0,1.0,1.0
complex_qaware_v018_r4,closed_loop,complex,full,1,0.18,True,19.245332926,1785050742.6628852,2.0393226719061395,0.011227806633045548,-0.09809378035183385,0.08711811859838765,0.005844091799067996,2.3685370556665584,0.09871165301504355,0.24690292503419037,21.0,2.0268152342290064,0.036455985751406,3.031603360158447,0.01595834622685669,4.031814713638088,-0.0019158563536861043,0.5505143404006958,0.15218450129032135,0.10218450427055359,0.7541505098342896,0.7541505098342896,0,ROW_FOLLOW,,1.0,95.0,73.0,0.08069378137588501,0.021785631775856018,0.0,0.2985348105430603,0.0,-0.25496354699134827,0.0,0.4761904776096344,0.6857142448425293,0.9175238013267517,0.9376383423805237,1.0,0.4285714328289032,0.7541505098342896,0.30000001192092896,0.20000000298023224,0.20000000298023224,0.15000000596046448,0.15000000596046448,1.0,1.0,1.0,1.0
complex_qaware_v018_r4,closed_loop,complex,full,1,0.18,True,19.296705115,1785050742.7142575,2.043521938985912,0.01082064446830876,-0.09747542172136962,0.0869363445860995,0.018094903756027108,2.372761420800269,0.09841542678145608,0.2488777665914401,20.0,2.0360661330337977,0.034556176432500786,3.040905813205542,0.016692371081849212,3.969091999965599,0.00024121470492257822,0.552482545375824,0.1547614485025406,0.10476145148277283,0.7459442615509033,0.7541505098342896,0,ROW_FOLLOW,,1.0,80.0,63.0,0.08179344981908798,0.021332502365112305,0.0,0.2982351779937744,0.0,-0.2555701732635498,0.0,0.4444444179534912,0.6857142448425293,0.9208041429519653,0.9420481324195862,1.0,0.4285714328289032,0.7459442615509033,0.30000001192092896,0.20000000298023224,0.20000000298023224,0.15000000596046448,0.15000000596046448,1.0,1.0,1.0,1.0
complex_qaware_v018_r4,closed_loop,complex,full,1,0.18,True,19.345252913,1785050742.7628052,2.0447675666461342,0.012331610196102506,-0.09702652434258495,0.08116139481326497,0.009771385871670197,2.3806940508947516,0.0992877225684232,0.2332149634049292,20.0,2.0360661330337977,0.034556176432500786,3.040905813205542,0.016692371081849212,3.969091999965599,0.00024121470492257822,0.552482545375824,0.1547614485025406,0.10476145148277283,0.7459442615509033,0.7459442615509033,0,ROW_FOLLOW,,1.0,80.0,63.0,0.08179344981908798,0.021332502365112305,0.0,0.2982351779937744,0.0,-0.2555701732635498,0.0,0.4444444179534912,0.6857142448425293,0.9208041429519653,0.9420481324195862,1.0,0.4285714328289032,0.7459442615509033,0.30000001192092896,0.20000000298023224,0.20000000298023224,0.15000000596046448,0.15000000596046448,1.0,1.0,1.0,1.0
complex_qaware_v018_r4,closed_loop,complex,full,1,0.18,True,19.397479012,1785050742.8150313,2.0491018133796324,0.011916698000148787,-0.09661118143633327,0.0824276415270965,0.011645402063838982,2.385051712209159,0.09896425265685956,0.23537142948202025,19.0,2.0432255048789676,0.0332872366558247,2.943111844444499,0.019032022211812816,3.9429873893317917,0.0033033629906523104,0.5524187684059143,0.1486182063817978,0.09861820936203003,0.7495815753936768,0.7459442615509033,0,ROW_FOLLOW,,1.0,77.0,80.0,0.08234966546297073,0.02068038284778595,0.0,0.2981828451156616,0.0,-0.2568220794200897,0.0,0.460317462682724,0.6857142448425293,0.920697808265686,0.9346925020217896,1.0,0.4285714328289032,0.7495815753936768,0.30000001192092896,0.20000000298023224,0.20000000298023224,0.15000000596046448,0.15000000596046448,1.0,1.0,1.0,1.0
complex_qaware_v018_r4,closed_loop,complex,full,1,0.18,True,19.44523863,1785050742.8627908,2.0528006832821477,0.012484265901929796,-0.09553386471798975,0.07870514533870857,0.003867160144181396,2.390656768488977,0.05545541832098874,0.22678778542225314,19.0,2.0432255048789676,0.0332872366558247,2.943111844444499,0.019032022211812816,3.9429873893317917,0.0033033629906523104,0.5524187684059143,0.1486182063817978,0.09861820936203003,0.7495815753936768,0.6000000238418579,0,ROW_FOLLOW,,1.0,77.0,80.0,0.08234966546297073,0.02068038284778595,0.0,0.2981828451156616,0.0,-0.2568220794200897,0.0,0.460317462682724,0.6857142448425293,0.920697808265686,0.9346925020217896,1.0,0.4285714328289032,0.7495815753936768,0.30000001192092896,0.20000000298023224,0.20000000298023224,0.15000000596046448,0.15000000596046448,1.0,1.0,1.0,1.0
complex_qaware_v018_r4,closed_loop,complex,full,1,0.18,True,19.497376119,1785050742.9149284,2.057031186497037,0.012087781374744493,-0.09493220884284836,0.08029908423672141,0.01766869273229475,2.3949110120985506,0.055260471619399454,0.22852161229303677,21.0,2.0501835082379,0.032333366889722805,3.0550791140710145,0.017875576861001382,4.057123485621023,0.005863015703682516,0.5496655702590942,0.14150528609752655,0.09150528907775879,0.7656393051147461,0.6000000238418579,0,ROW_FOLLOW,,1.0,82.0,77.0,0.08173604309558868,0.020168572664260864,0.0,0.2973504662513733,0.0,-0.25701332092285156,0.0,0.5158730149269104,0.6857142448425293,0.9161090850830078,0.9367514848709106,1.0,0.4285714328289032,0.7656393051147461,0.30000001192092896,0.20000000298023224,0.20000000298023224,0.15000000596046448,0.15000000596046448,1.0,1.0,1.0,1.0
complex_qaware_v018_r4,closed_loop,complex,full,1,0.18,True,19.545262715,1785050742.962815,2.060630912576627,0.011499558344620197,-0.09412675276685833,0.0780003149058274,0.020235935112385493,2.4002626989013343,0.05659199126224112,0.22723540546062831,21.0,2.0501835082379,0.032333366889722805,3.0550791140710145,0.017875576861001382,4.057123485621023,0.005863015703682516,0.5496655702590942,0.14150528609752655,0.09150528907775879,0.7656393051147461,0.6000000238418579,0,ROW_FOLLOW,,1.0,82.0,77.0,0.08173604309558868,0.020168572664260864,0.0,0.2973504662513733,0.0,-0.25701332092285156,0.0,0.5158730149269104,0.6857142448425293,0.9161090850830078,0.9367514848709106,1.0,0.4285714328289032,0.7656393051147461,0.30000001192092896,0.20000000298023224,0.20000000298023224,0.15000000596046448,0.15000000596046448,1.0,1.0,1.0,1.0
complex_qaware_v018_r4,closed_loop,complex,full,1,0.18,True,19.597823127,1785050743.0153754,2.066400611347933,0.010795140638609762,-0.09341229086285183,0.07859757724570103,0.025478025661376566,2.406086857688116,0.05642741193086427,0.22866845041428036,21.0,2.0571870430461137,0.031831219979792186,3.057098642278907,0.018546664471580553,4.060918562989944,0.005856706793968613,0.5498765110969543,0.13925091922283173,0.08925092220306396,0.7528692483901978,0.6000000238418579,0,ROW_FOLLOW,,1.0,82.0,77.0,0.08101513236761093,0.019515156745910645,0.0,0.296806275844574,0.0,-0.2577759623527527,0.0,0.4920634627342224,0.6595237255096436,0.9164607524871826,0.9336884021759033,1.0,0.380952388048172,0.7528692483901978,0.30000001192092896,0.20000000298023224,0.20000000298023224,0.15000000596046448,0.15000000596046448,1.0,1.0,1.0,1.0
complex_qaware_v018_r4,closed_loop,complex,full,1,0.18,True,19.645348019,1785050743.0629003,2.0672916743136147,0.010669254544193745,-0.09212049564299377,0.07558694967183018,0.03199916849183881,2.4069909965645246,0.0556076970927632,0.22759314261925426,21.0,2.0571870430461137,0.031831219979792186,3.057098642278907,0.018546664471580553,4.060918562989944,0.005856706793968613,0.5498765110969543,0.13925091922283173,0.08925092220306396,0.7528692483901978,0.6000000238418579,0,ROW_FOLLOW,,1.0,82.0,77.0,0.08101513236761093,0.019515156745910645,0.0,0.296806275844574,0.0,-0.2577759623527527,0.0,0.4920634627342224,0.6595237255096436,0.9164607524871826,0.9336884021759033,1.0,0.380952388048172,0.7528692483901978,0.30000001192092896,0.20000000298023224,0.20000000298023224,0.15000000596046448,0.15000000596046448,1.0,1.0,1.0,1.0
complex_qaware_v018_r4,closed_loop,complex,full,1,0.18,True,19.695662135,1785050743.1132145,2.0709582111291738,0.010344168005968532,-0.09052681726286549,0.0746721259266193,0.041773795122866886,2.4106840263310283,0.05562195798984302,0.22746686219619,21.0,2.0644493746575505,0.030785765166194773,3.0643716773760517,0.01832234541892311,4.064293941220462,0.005858924029134685,0.5525972247123718,0.14520378410816193,0.09520378708839417,0.7555173635482788,0.6000000238418579,1,ROW_FOLLOW,,1.0,80.0,77.0,0.07872892171144485,0.01911577582359314,0.0,0.2967379093170166,0.0,-0.2585063576698303,0.0,0.4920634627342224,0.6595237255096436,0.9209952354431152,0.9452967047691345,1.0,0.380952388048172,0.7555173635482788,0.30000001192092896,0.20000000298023224,0.20000000298023224,0.15000000596046448,0.15000000596046448,1.0,1.0,1.0,1.0
complex_qaware_v018_r4,closed_loop,complex,full,1,0.18,True,19.745219719,1785050743.162772,2.0760733489548193,0.009663695733731194,-0.08858750287384386,0.07258554099691536,0.02503510953534775,2.4158740159933827,0.056254280302857375,0.22361361174935118,21.0,2.0644493746575505,0.030785765166194773,3.0643716773760517,0.01832234541892311,4.064293941220462,0.005858924029134685,0.5525972247123718,0.14520378410816193,0.09520378708839417,0.7555173635482788,0.6000000238418579,1,ROW_FOLLOW,,1.0,80.0,77.0,0.07872892171144485,0.01911577582359314,0.0,0.2967379093170166,0.0,-0.2585063576698303,0.0,0.4920634627342224,0.6595237255096436,0.9209952354431152,0.9452967047691345,1.0,0.380952388048172,0.7555173635482788,0.30000001192092896,0.20000000298023224,0.20000000298023224,0.15000000596046448,0.15000000596046448,1.0,1.0,1.0,1.0
complex_qaware_v018_r4,closed_loop,complex,full,1,0.18,True,19.796094328,1785050743.2136467,2.079616853236826,0.009359929589774621,-0.087758349887451,0.07168469688101423,0.027889701728913398,2.4194364746028443,0.05614906799736636,0.22454200254985635,20.0,2.0719562026343166,0.02932174861520889,3.0768875512889573,0.01758249874749633,4.005157724414198,0.0067583343270692904,0.5547845959663391,0.14987321197986603,0.09987321496009827,0.7618249654769897,0.6000000238418579,0,ROW_FOLLOW,,1.0,81.0,82.0,0.0768977627158165,0.018503710627555847,0.0,0.29692333936691284,0.0,-0.25991591811180115,0.0,0.5079364776611328,0.6595237255096436,0.9246408343315125,0.9507404565811157,1.0,0.380952388048172,0.7618249654769897,0.30000001192092896,0.20000000298023224,0.20000000298023224,0.15000000596046448,0.15000000596046448,1.0,1.0,1.0,1.0
complex_qaware_v018_r4,closed_loop,complex,full,1,0.18,True,19.845350976,1785050743.2629032,2.0829885473796663,0.009945205345967061,-0.08432951787258025,0.06867326684278073,0.0686216270497587,2.4233005650985544,0.05835824429462757,0.20931187661907247,20.0,2.0719562026343166,0.02932174861520889,3.0768875512889573,0.01758249874749633,4.005157724414198,0.0067583343270692904,0.5547845959663391,0.14987321197986603,0.09987321496009827,0.7618249654769897,0.6000000238418579,0,ROW_FOLLOW,,1.0,81.0,82.0,0.0768977627158165,0.018503710627555847,0.0,0.29692333936691284,0.0,-0.25991591811180115,0.0,0.5079364776611328,0.6595237255096436,0.9246408343315125,0.9507404565811157,1.0,0.380952388048172,0.7618249654769897,0.30000001192092896,0.20000000298023224,0.20000000298023224,0.15000000596046448,0.15000000596046448,1.0,1.0,1.0,1.0
complex_qaware_v018_r4,closed_loop,complex,full,1,0.18,True,19.89667907,1785050743.3142314,2.09055814606745,0.011929206518847721,-0.07990042899464676,0.06742388487415478,0.11895924018145165,2.4314274484936647,0.05892902765469548,0.2043169990909118,20.0,2.0719562026343166,0.02932174861520889,3.0768875512889573,0.01758249874749633,4.005157724414198,0.0067583343270692904,0.5547845959663391,0.14987321197986603,0.09987321496009827,0.7618249654769897,0.6000000238418579,0,ROW_FOLLOW,,1.0,81.0,82.0,0.0768977627158165,0.018503710627555847,0.0,0.29692333936691284,0.0,-0.25991591811180115,0.0,0.5079364776611328,0.6595237255096436,0.9246408343315125,0.9507404565811157,1.0,0.380952388048172,0.7618249654769897,0.30000001192092896,0.20000000298023224,0.20000000298023224,0.15000000596046448,0.15000000596046448,1.0,1.0,1.0,1.0
complex_qaware_v018_r4,closed_loop,complex,full,1,0.18,True,19.945530044,1785050743.3630822,2.0908616690775434,0.011335724248317547,-0.07483267212486092,0.06676762118539474,0.07334689814691689,2.432317946575576,0.059464425192952926,0.18943170961533023,21.0,2.080595337389859,0.029505834512983855,3.08553208224283,0.01822848174665878,4.080854082986179,0.007518694428660927,0.5522376298904419,0.14503906667232513,0.09503906965255737,0.7471790313720703,0.6000000238418579,0,ROW_FOLLOW,,1.0,91.0,86.0,0.06888905167579651,0.01926650106906891,0.0,0.29747068881988525,0.0,-0.25893768668174744,0.0,0.4841269552707672,0.6333332657814026,0.9203959703445435,0.9413003325462341,1.0,0.3333333432674408,0.7471790313720703,0.30000001192092896,0.20000000298023224,0.20000000298023224,0.15000000596046448,0.15000000596046448,1.0,1.0,1.0,1.0
complex_qaware_v018_r4,closed_loop,complex,full,1,0.18,True,19.997059326,1785050743.4146113,2.0937110176151332,0.011150206299692857,-0.07203556014760659,0.06434907702145917,0.08026022103917037,2.4351900298176683,0.059782084353625836,0.1865974120120764,21.0,2.088169959345256,0.02949345022598088,3.093110625041669,0.01856251789385896,4.0922277735127395,0.00853938954097074,0.5559005737304688,0.14779488742351532,0.09779489040374756,0.7487514019012451,0.6000000238418579,0,ROW_FOLLOW,,1.0,83.0,82.0,0.06127699464559555,0.018272310495376587,0.0,0.29766392707824707,0.0,-0.2611193060874939,0.0,0.4761904776096344,0.6333332657814026,0.9265008568763733,0.9595158100128174,1.0,0.3333333432674408,0.7487514019012451,0.30000001192092896,0.20000000298023224,0.20000000298023224,0.15000000596046448,0.15000000596046448,1.0,1.0,1.0,1.0
complex_qaware_v018_r4,closed_loop,complex,full,1,0.18,True,20.04535563,1785050743.4629078,2.099385181401571,0.012019560491412909,-0.06762373969038515,0.06457937407683965,0.08214515117236644,2.4410726752560064,0.06113436278553363,0.17567725477998003,21.0,2.088169959345256,0.02949345022598088,3.093110625041669,0.01856251789385896,4.0922277735127395,0.00853938954097074,0.5559005737304688,0.14779488742351532,0.09779489040374756,0.7487514019012451,0.6000000238418579,0,ROW_FOLLOW,,1.0,83.0,82.0,0.06127699464559555,0.018272310495376587,0.0,0.29766392707824707,0.0,-0.2611193060874939,0.0,0.4761904776096344,0.6333332657814026,0.9265008568763733,0.9595158100128174,1.0,0.3333333432674408,0.7487514019012451,0.30000001192092896,0.20000000298023224,0.20000000298023224,0.15000000596046448,0.15000000596046448,1.0,1.0,1.0,1.0
complex_qaware_v018_r4,closed_loop,complex,full,1,0.18,True,20.099047271,1785050743.5165997,2.102205095280652,0.011858870737749673,-0.06382816721508446,0.062372615052829976,0.11078461570908679,2.443918591091,0.061635175406580464,0.17121816355357156,21.0,2.0956965872582503,0.030233029504738305,3.095638593407958,0.019453605290637426,4.095580588105936,0.008674186382744932,0.5561465620994568,0.14625175297260284,0.09625175595283508,0.7506903409957886,0.6000000238418579,0,ROW_FOLLOW,,1.0,89.0,75.0,0.053259216248989105,0.018223434686660767,0.0,0.2978326380252838,0.0,-0.2613857686519623,0.0,0.4841269850730896,0.6333332657814026,0.9269108772277832,0.9560227990150452,1.0,0.3333333432674408,0.7506903409957886,0.30000001192092896,0.20000000298023224,0.20000000298023224,0.15000000596046448,0.15000000596046448,1.0,1.0,1.0,1.0
complex_qaware_v018_r4,closed_loop,complex,full,1,0.18,True,20.145683245,1785050743.5632355,2.1039621178968617,0.010917757795031164,-0.05811339143138118,0.05973308555053875,0.09381361712311301,2.446042637087154,0.06186083912665252,0.17063154318646398,21.0,2.0956965872582503,0.030233029504738305,3.095638593407958,0.019453605290637426,4.095580588105936,0.008674186382744932,0.5561465620994568,0.14625175297260284,0.09625175595283508,0.7506903409957886,0.6000000238418579,0,ROW_FOLLOW,,1.0,89.0,75.0,0.053259216248989105,0.018223434686660767,0.0,0.2978326380252838,0.0,-0.2613857686519623,0.0,0.4841269850730896,0.6333332657814026,0.9269108772277832,0.9560227990150452,1.0,0.3333333432674408,0.7506903409957886,0.30000001192092896,0.20000000298023224,0.20000000298023224,0.15000000596046448,0.15000000596046448,1.0,1.0,1.0,1.0
complex_qaware_v018_r4,closed_loop,complex,full,1,0.18,True,20.19600008,1785050743.6135523,2.106820353944312,0.010785586789624406,-0.054481208384761004,0.05881158771411361,0.10706512222468235,2.4489245927655316,0.06234318955412488,0.16634792670590987,20.0,2.101095264367898,0.029500514468500768,3.10604439119003,0.01941665542511781,4.034331060343825,0.010131626188977757,0.5550581812858582,0.15680687129497528,0.10680687427520752,0.7572637796401978,0.6000000238418579,0,ROW_FOLLOW,,1.0,95.0,75.0,0.04568852111697197,0.018213912844657898,0.0,0.2974783778190613,0.0,-0.2610505521297455,0.0,0.4920634627342224,0.6595237255096436,0.925096869468689,0.951470673084259,1.0,0.380952388048172,0.7572637796401978,0.30000001192092896,0.20000000298023224,0.20000000298023224,0.15000000596046448,0.15000000596046448,1.0,1.0,1.0,1.0
complex_qaware_v018_r4,closed_loop,complex,full,1,0.18,True,20.245320378,1785050743.6628726,2.1116008004327593,0.010175658834657788,-0.047372021473912194,0.060901525444990445,0.13837848348229084,2.4538011200408487,0.11289555682952716,0.1560794900380562,20.0,2.101095264367898,0.029500514468500768,3.10604439119003,0.01941665542511781,4.034331060343825,0.010131626188977757,0.5550581812858582,0.15680687129497528,0.10680687427520752,0.7572637796401978,0.7572637796401978,0,ROW_FOLLOW,,1.0,95.0,75.0,0.04568852111697197,0.018213912844657898,0.0,0.2974783778190613,0.0,-0.2610505521297455,0.0,0.4920634627342224,0.6595237255096436,0.925096869468689,0.951470673084259,1.0,0.380952388048172,0.7572637796401978,0.30000001192092896,0.20000000298023224,0.20000000298023224,0.15000000596046448,0.15000000596046448,1.0,1.0,1.0,1.0
complex_qaware_v018_r4,closed_loop,complex,full,1,0.18,True,20.296552084,1785050743.7141044,2.114717428533591,0.010080356137193148,-0.04146228428915188,0.06044596914086907,0.13831459746157246,2.456954343908554,0.1140625192131249,0.14829974081407138,19.0,2.1080960614423083,0.029272853595049747,3.0080518160470846,0.020368482503605543,4.008002824458316,0.010483030848503988,0.5566412806510925,0.16382743418216705,0.11382743716239929,0.7595306634902954,0.7572637796401978,0,ROW_FOLLOW,,1.0,90.0,73.0,0.031142190098762512,0.018659114837646484,0.0,0.29742151498794556,0.0,-0.2601032853126526,0.0,0.4841269850730896,0.6857142448425293,0.9277355670928955,0.9440172910690308,1.0,0.4285714328289032,0.7595306634902954,0.30000001192092896,0.20000000298023224,0.20000000298023224,0.15000000596046448,0.15000000596046448,1.0,1.0,1.0,1.0
complex_qaware_v018_r4,closed_loop,complex,full,1,0.18,True,20.345515733,1785050743.763068,2.1206704181682383,0.008124978404157759,-0.032342719053993975,0.07114767377739649,0.16162913482813815,2.463570191918648,0.1151687505242391,0.14364512602676038,19.0,2.1080960614423083,0.029272853595049747,3.0080518160470846,0.020368482503605543,4.008002824458316,0.010483030848503988,0.5566412806510925,0.16382743418216705,0.11382743716239929,0.7595306634902954,0.7595306634902954,0,ROW_FOLLOW,,1.0,90.0,73.0,0.031142190098762512,0.018659114837646484,0.0,0.29742151498794556,0.0,-0.2601032853126526,0.0,0.4841269850730896,0.6857142448425293,0.9277355670928955,0.9440172910690308,1.0,0.4285714328289032,0.7595306634902954,0.30000001192092896,0.20000000298023224,0.20000000298023224,0.15000000596046448,0.15000000596046448,1.0,1.0,1.0,1.0
complex_qaware_v018_r4,closed_loop,complex,full,1,0.18,True,20.397484739,1785050743.815037,2.1240855532608407,0.008079038535606795,-0.026069187870539245,0.07042242385150371,0.17311978575171455,2.4670278349004016,0.11642195516502976,0.13529042842148933,20.0,2.1153899713629944,0.028249384942357635,3.120341769151567,0.01842128634656495,4.115539095389313,0.008972340775561815,0.5555470585823059,0.15910615026950836,0.1091061532497406,0.7587119340896606,0.7595306634902954,0,ROW_FOLLOW,,1.0,96.0,87.0,0.015829086303710938,0.018932834267616272,0.0,0.2977575361728668,0.0,-0.2598918676376343,0.0,0.4841269850730896,0.6857142448425293,0.9259116053581238,0.9409913420677185,1.0,0.4285714328289032,0.7587119340896606,0.30000001192092896,0.20000000298023224,0.20000000298023224,0.15000000596046448,0.15000000596046448,1.0,1.0,1.0,1.0
complex_qaware_v018_r4,closed_loop,complex,full,1,0.18,True,20.445251301,1785050743.8628035,2.1260553535851936,0.0066258142628394965,-0.017958312055409657,0.07055593059451552,0.12894132380126616,2.473185816058154,0.1179327465293301,0.12423601071205871,20.0,2.1153899713629944,0.028249384942357635,3.120341769151567,0.01842128634656495,4.115539095389313,0.008972340775561815,0.5555470585823059,0.15910615026950836,0.1091061532497406,0.7587119340896606,0.7587119340896606,0,ROW_FOLLOW,,1.0,96.0,87.0,0.015829086303710938,0.018932834267616272,0.0,0.2977575361728668,0.0,-0.2598918676376343,0.0,0.4841269850730896,0.6857142448425293,0.9259116053581238,0.9409913420677185,1.0,0.4285714328289032,0.7587119340896606,0.30000001192092896,0.20000000298023224,0.20000000298023224,0.15000000596046448,0.15000000596046448,1.0,1.0,1.0,1.0
complex_qaware_v018_r4,closed_loop,complex,full,1,0.18,True,20.497942277,1785050743.9154947,2.1298232868680453,0.006619283636113375,-0.012931541671029395,0.07198562737754405,0.12698005409551213,2.4769916140180435,0.11891538939128946,0.11768505829899631,20.0,2.1153899713629944,0.028249384942357635,3.120341769151567,0.01842128634656495,4.115539095389313,0.008972340775561815,0.5555470585823059,0.15910615026950836,0.1091061532497406,0.7587119340896606,0.7587119340896606,0,ROW_FOLLOW,,1.0,96.0,87.0,0.015829086303710938,0.018932834267616272,0.0,0.2977575361728668,0.0,-0.2598918676376343,0.0,0.4841269850730896,0.6857142448425293,0.9259116053581238,0.9409913420677185,1.0,0.4285714328289032,0.7587119340896606,0.30000001192092896,0.20000000298023224,0.20000000298023224,0.15000000596046448,0.15000000596046448,1.0,1.0,1.0,1.0
complex_qaware_v018_r4,closed_loop,complex,full,1,0.18,True,20.545273468,1785050743.9628258,2.129603364058712,0.008343816531249128,-0.00535534864149989,0.06601442713240652,0.0953614292071928,2.4858265938566535,0.12382252412109389,0.08972513165283112,21.0,2.1230702595470947,0.02727513522582618,3.12301786843141,0.01702854579834955,4.1299179230857135,0.005716180706593366,0.5561205744743347,0.16333164274692535,0.11333164572715759,0.7626738548278809,0.7626738548278809,0,ROW_FOLLOW,,1.0,103.0,86.0,0.002751433290541172,0.019457772374153137,0.0,0.2977447807788849,0.0,-0.2588292360305786,0.0,0.4920634627342224,0.6857142448425293,0.9268675446510315,0.9502560496330261,1.0,0.4285714328289032,0.7626738548278809,0.30000001192092896,0.20000000298023224,0.20000000298023224,0.15000000596046448,0.15000000596046448,1.0,1.0,1.0,1.0
complex_qaware_v018_r4,closed_loop,complex,full,1,0.18,True,20.596387476,1785050744.0139396,2.1338057673150956,0.008378467315857105,-0.0018235960606429735,0.06952617238185742,0.07599968554990505,2.490058641294014,0.12450818036023736,0.08515409005854119,21.0,2.129397770964394,0.02611996163388819,3.1293587188636565,0.017601645266828444,4.131892197793392,0.010359477478911031,0.5557873845100403,0.16262270510196686,0.1126227080821991,0.7496742010116577,0.7626738548278809,0,ROW_FOLLOW,,1.0,81.0,103.0,-0.003311517182737589,0.016894713044166565,0.0,0.2954886853694916,0.0,-0.26169925928115845,0.0,0.4523809552192688,0.6857142448425293,0.9263122081756592,0.9436971545219421,1.0,0.4285714328289032,0.7496742010116577,0.30000001192092896,0.20000000298023224,0.20000000298023224,0.15000000596046448,0.15000000596046448,1.0,1.0,1.0,1.0
complex_qaware_v018_r4,closed_loop,complex,full,1,0.18,True,20.645363126,1785050744.0629153,2.1352181790203764,0.010496052860555403,0.004045258418170494,0.06683436560890192,0.1078691393882067,2.498295144594505,0.12577377827230482,0.06111718606529043,21.0,2.129397770964394,0.02611996163388819,3.1293587188636565,0.017601645266828444,4.131892197793392,0.010359477478911031,0.5557873845100403,0.16262270510196686,0.1126227080821991,0.7496742010116577,0.7496742010116577,0,ROW_FOLLOW,,1.0,81.0,103.0,-0.003311517182737589,0.016894713044166565,0.0,0.2954886853694916,0.0,-0.26169925928115845,0.0,0.4523809552192688,0.6857142448425293,0.9263122081756592,0.9436971545219421,1.0,0.4285714328289032,0.7496742010116577,0.30000001192092896,0.20000000298023224,0.20000000298023224,0.15000000596046448,0.15000000596046448,1.0,1.0,1.0,1.0
complex_qaware_v018_r4,closed_loop,complex,full,1,0.18,True,20.696335275,1785050744.1138875,2.1399739458825233,0.010575031825701171,0.008291405067912372,0.07200772184545105,0.09697237824801694,2.5030907020983175,0.1266586291332829,0.05521818032543658,20.0,2.1346615707308665,0.025725613234461847,3.139633177977321,0.01847174033381008,4.067940522989423,0.011791880989289953,0.5568112134933472,0.16212953627109528,0.11212953925132751,0.749893069267273,0.7496742010116577,0,ROW_FOLLOW,,1.0,93.0,99.0,-0.01464277133345604,0.015253111720085144,0.0,0.2938884496688843,0.0,-0.263382226228714,0.0,0.4523809552192688,0.6857142448425293,0.9280184507369995,0.9428816437721252,1.0,0.4285714328289032,0.749893069267273,0.30000001192092896,0.20000000298023224,0.20000000298023224,0.15000000596046448,0.15000000596046448,1.0,1.0,1.0,1.0
complex_qaware_v018_r4,closed_loop,complex,full,1,0.18,True,20.745408207,1785050744.1629603,2.143930988068736,0.014445676756838067,0.013573904757844693,0.07711236683761367,0.05989359061782868,2.51199288829685,0.13093539444946853,0.026969053457603972,20.0,2.1346615707308665,0.025725613234461847,3.139633177977321,0.01847174033381008,4.067940522989423,0.011791880989289953,0.5568112134933472,0.16212953627109528,0.11212953925132751,0.749893069267273,0.749893069267273,0,ROW_FOLLOW,,1.0,93.0,99.0,-0.01464277133345604,0.015253111720085144,0.0,0.2938884496688843,0.0,-0.263382226228714,0.0,0.4523809552192688,0.6857142448425293,0.9280184507369995,0.9428816437721252,1.0,0.4285714328289032,0.749893069267273,0.30000001192092896,0.20000000298023224,0.20000000298023224,0.15000000596046448,0.15000000596046448,1.0,1.0,1.0,1.0
complex_qaware_v018_r4,closed_loop,complex,full,1,0.18,True,20.796925266,1785050744.2144775,2.1489439930555543,0.014561594880233182,0.015858585568516936,0.08280861103987562,0.05551052551640489,2.517029924362917,0.13143092741356177,0.023665500363648995,20.0,2.141001958868472,0.026409363786883282,3.174314624294883,0.019921837755905277,4.107629454748474,0.014080593904408162,0.5567951798439026,0.15294237434864044,0.10294237732887268,0.7473013401031494,0.749893069267273,0,ROW_FOLLOW,,1.0,103.0,98.0,-0.023122143000364304,0.013566061854362488,0.0,0.29225069284439087,0.0,-0.2651185691356659,0.0,0.452380895614624,0.6595237255096436,0.9279919862747192,0.9605591297149658,1.0,0.380952388048172,0.7473013401031494,0.30000001192092896,0.20000000298023224,0.20000000298023224,0.15000000596046448,0.15000000596046448,1.0,1.0,1.0,1.0
complex_qaware_v018_r4,closed_loop,complex,full,1,0.18,True,20.84514928,1785050744.2627015,2.1561334311734655,0.018691450321531702,0.02064266849107499,0.08908616445713778,0.07772549391761016,2.5266775227280376,0.13450979848249875,2.9618240454356703e-05,20.0,2.141001958868472,0.026409363786883282,3.174314624294883,0.019921837755905277,4.107629454748474,0.014080593904408162,0.5567951798439026,0.15294237434864044,0.10294237732887268,0.7473013401031494,0.7473013401031494,0,ROW_FOLLOW,,1.0,103.0,98.0,-0.023122143000364304,0.013566061854362488,0.0,0.29225069284439087,0.0,-0.2651185691356659,0.0,0.452380895614624,0.6595237255096436,0.9279919862747192,0.9605591297149658,1.0,0.380952388048172,0.7473013401031494,0.30000001192092896,0.20000000298023224,0.20000000298023224,0.15000000596046448,0.15000000596046448,1.0,1.0,1.0,1.0
complex_qaware_v018_r4,closed_loop,complex,full,1,0.18,True,20.896881641,1785050744.3144338,2.161601321540749,0.018853636251000894,0.02391613576318674,0.09400148542884643,0.07712235910922415,2.5321827227560485,0.13374538964303528,-0.005125677170210737,21.0,2.1502488642597357,0.02787892877913137,3.183564504757678,0.022120535068228666,4.161624859735994,0.0237862610384394,0.5535433888435364,0.14447255432605743,0.09447255730628967,0.747570276260376,0.7473013401031494,0,ROW_FOLLOW,,1.0,101.0,99.0,-0.026863835752010345,0.010828062891960144,0.0,0.28972482681274414,0.0,-0.26806870102882385,0.0,0.4841269552707672,0.6333332657814026,0.9225723743438721,0.9410067796707153,1.0,0.3333333432674408,0.747570276260376,0.30000001192092896,0.20000000298023224,0.20000000298023224,0.15000000596046448,0.15000000596046448,1.0,1.0,1.0,1.0
complex_qaware_v018_r4,closed_loop,complex,full,1,0.18,True,20.945268923,1785050744.362821,2.1691587981229024,0.021309983352856637,0.02751209102465157,0.10257654343967101,0.06888127316424787,2.5408204479055736,0.0790807230769286,-0.014775571936686042,21.0,2.1502488642597357,0.02787892877913137,3.183564504757678,0.022120535068228666,4.161624859735994,0.0237862610384394,0.5535433888435364,0.14447255432605743,0.09447255730628967,0.747570276260376,0.6000000238418579,0,ROW_FOLLOW,,1.0,101.0,99.0,-0.026863835752010345,0.010828062891960144,0.0,0.28972482681274414,0.0,-0.26806870102882385,0.0,0.4841269552707672,0.6333332657814026,0.9225723743438721,0.9410067796707153,1.0,0.3333333432674408,0.747570276260376,0.30000001192092896,0.20000000298023224,0.20000000298023224,0.15000000596046448,0.15000000596046448,1.0,1.0,1.0,1.0
complex_qaware_v018_r4,closed_loop,complex,full,1,0.18,True,20.996707708,1785050744.41426,2.1745904871162454,0.021523086878923382,0.031681654383928226,0.10473354420926854,0.09876908932113519,2.5463025114751003,0.07831908538923481,-0.021567688672553594,21.0,2.1617700907172157,0.029558499426074594,3.190088861746362,0.024378706766241532,4.168118701494525,0.022615615136835264,0.5541860461235046,0.14389543235301971,0.09389543533325195,0.7632434368133545,0.6000000238418579,0,ROW_FOLLOW,,1.0,103.0,98.0,-0.0363924615085125,0.009343564510345459,0.0,0.28869104385375977,0.0,-0.27000391483306885,0.0,0.5317460298538208,0.6333332657814026,0.9236434102058411,0.9488284587860107,1.0,0.3333333432674408,0.7632434368133545,0.30000001192092896,0.20000000298023224,0.20000000298023224,0.15000000596046448,0.15000000596046448,1.0,1.0,1.0,1.0
complex_qaware_v018_r4,closed_loop,complex,full,1,0.18,True,21.045495353,1785050744.4630477,2.1797108288360976,0.022768697262173457,0.03480464304595943,0.1103214245952123,0.04925101160561122,2.5528233874665913,0.07971153810600741,-0.023747364983890726,21.0,2.1617700907172157,0.029558499426074594,3.190088861746362,0.024378706766241532,4.168118701494525,0.022615615136835264,0.5541860461235046,0.14389543235301971,0.09389543533325195,0.7632434368133545,0.6000000238418579,0,ROW_FOLLOW,,1.0,103.0,98.0,-0.0363924615085125,0.009343564510345459,0.0,0.28869104385375977,0.0,-0.27000391483306885,0.0,0.5317460298538208,0.6333332657814026,0.9236434102058411,0.9488284587860107,1.0,0.3333333432674408,0.7632434368133545,0.30000001192092896,0.20000000298023224,0.20000000298023224,0.15000000596046448,0.15000000596046448,1.0,1.0,1.0,1.0
complex_qaware_v018_r4,closed_loop,complex,full,1,0.18,True,21.097979189,1785050744.5155315,2.1852040953218728,0.02300793169496212,0.03769315588497647,0.11083421366020174,0.0721450781442316,2.558353375940628,0.07914523503954497,-0.028693825830221495,19.0,2.1738393105401648,0.03039874012616842,3.073829340378989,0.026291265419717158,4.040484911296509,0.02178158386155372,0.5562083125114441,0.15756316483020782,0.10756316781044006,0.7622668743133545,0.6000000238418579,0,ROW_FOLLOW,,1.0,106.0,97.0,-0.04372629150748253,0.007640227675437927,0.0,0.2873569428920746,0.0,-0.27207648754119873,0.0,0.523809552192688,0.6333332657814026,0.9270137548446655,0.9536969065666199,1.0,0.3333333432674408,0.7622668743133545,0.30000001192092896,0.20000000298023224,0.20000000298023224,0.15000000596046448,0.15000000596046448,1.0,1.0,1.0,1.0
complex_qaware_v018_r4,closed_loop,complex,full,1,0.18,True,21.145286764,1785050744.562839,2.1893142827166687,0.02118296088937483,0.04155048253897362,0.1083390901124315,0.055942763563494584,2.566280447715726,0.134099112150869,-0.02072616817023206,19.0,2.1738393105401648,0.03039874012616842,3.073829340378989,0.026291265419717158,4.040484911296509,0.02178158386155372,0.5562083125114441,0.15756316483020782,0.10756316781044006,0.7622668743133545,0.7622668743133545,0,ROW_FOLLOW,,1.0,106.0,97.0,-0.04372629150748253,0.007640227675437927,0.0,0.2873569428920746,0.0,-0.27207648754119873,0.0,0.523809552192688,0.6333332657814026,0.9270137548446655,0.9536969065666199,1.0,0.3333333432674408,0.7622668743133545,0.30000001192092896,0.20000000298023224,0.20000000298023224,0.15000000596046448,0.15000000596046448,1.0,1.0,1.0,1.0
complex_qaware_v018_r4,closed_loop,complex,full,1,0.18,True,21.197354269,1785050744.6149065,2.1944294448769637,0.021442887565635265,0.04437041680753939,0.10764762287282223,0.08108273137571093,2.571431851046801,0.13338330286157132,-0.02549823009888312,21.0,2.1847860329163504,0.029738447454876554,3.184768186935603,0.02381554290750818,4.184518453513561,0.017548045127235123,0.5577227473258972,0.1564679890871048,0.10646799206733704,0.7732045650482178,0.7622668743133545,0,ROW_FOLLOW,,1.0,111.0,105.0,-0.05139530077576637,0.0062580406665802,0.0,0.2862785756587982,0.0,-0.2737624943256378,0.0,0.523809552192688,0.6857142448425293,0.9295378923416138,0.9534081220626831,1.0,0.4285714328289032,0.7732045650482178,0.30000001192092896,0.20000000298023224,0.20000000298023224,0.15000000596046448,0.15000000596046448,1.0,1.0,1.0,1.0
complex_qaware_v018_r4,closed_loop,complex,full,1,0.18,True,21.245405447,1785050744.662958,2.2006825137158215,0.020507843656503773,0.04901772928443425,0.10513801196599777,0.06867186745174308,2.5782837896760085,0.1340888100190851,-0.03392007793062743,21.0,2.1847860329163504,0.029738447454876554,3.184768186935603,0.02381554290750818,4.184518453513561,0.017548045127235123,0.5577227473258972,0.1564679890871048,0.10646799206733704,0.7732045650482178,0.7732045650482178,0,ROW_FOLLOW,,1.0,111.0,105.0,-0.05139530077576637,0.0062580406665802,0.0,0.2862785756587982,0.0,-0.2737624943256378,0.0,0.523809552192688,0.6857142448425293,0.9295378923416138,0.9534081220626831,1.0,0.4285714328289032,0.7732045650482178,0.30000001192092896,0.20000000298023224,0.20000000298023224,0.15000000596046448,0.15000000596046448,1.0,1.0,1.0,1.0
complex_qaware_v018_r4,closed_loop,complex,full,1,0.18,True,21.296860936,1785050744.7144134,2.205843478728892,0.020803859125577286,0.05158045868086439,0.10529466940490276,0.055340870700875185,2.583479676013672,0.1334044091334344,-0.038482750501632045,20.0,2.195203905060778,0.028299575176241876,3.200179538225676,0.021318550074183526,4.150127442896883,0.012683145741205593,0.5572230219841003,0.1622757762670517,0.11227577924728394,0.7761862277984619,0.7732045650482178,0,ROW_FOLLOW,,1.0,109.0,103.0,-0.05934915691614151,0.005746245384216309,0.0,0.2852404713630676,0.0,-0.273747980594635,0.0,0.523809552192688,0.7119046449661255,0.928705096244812,0.9394761919975281,1.0,0.4761904776096344,0.7761862277984619,0.30000001192092896,0.20000000298023224,0.20000000298023224,0.15000000596046448,0.15000000596046448,1.0,1.0,1.0,1.0
complex_qaware_v018_r4,closed_loop,complex,full,1,0.18,True,21.3454568,1785050744.763009,2.2112631468906017,0.01899801212376421,0.05442011801459578,0.10629118304965929,0.05566407738097221,2.5899532409948467,0.13322922145750374,-0.04322866364146258,20.0,2.195203905060778,0.028299575176241876,3.200179538225676,0.021318550074183526,4.150127442896883,0.012683145741205593,0.5572230219841003,0.1622757762670517,0.11227577924728394,0.7761862277984619,0.7761862277984619,0,ROW_FOLLOW,,1.0,109.0,103.0,-0.05934915691614151,0.005746245384216309,0.0,0.2852404713630676,0.0,-0.273747980594635,0.0,0.523809552192688,0.7119046449661255,0.928705096244812,0.9394761919975281,1.0,0.4761904776096344,0.7761862277984619,0.30000001192092896,0.20000000298023224,0.20000000298023224,0.15000000596046448,0.15000000596046448,1.0,1.0,1.0,1.0
complex_qaware_v018_r4,closed_loop,complex,full,1,0.18,True,21.395515934,1785050744.8130684,2.216480303944809,0.019315593231308187,0.05658971717897912,0.10686356493416735,0.053573407038976104,2.5952031446826282,0.13261860523402316,-0.047299438464666485,20.0,2.205625676372931,0.02593119370685652,3.210595815892461,0.018185713032455565,4.172233755983453,0.010752076736454987,0.5566534996032715,0.16315115988254547,0.11315116286277771,0.7769260406494141,0.7761862277984619,0,ROW_FOLLOW,,1.0,107.0,108.0,-0.06491627544164658,0.004227429628372192,0.0,0.2839009165763855,0.0,-0.2754460573196411,0.0,0.523809552192688,0.7119046449661255,0.9277558326721191,0.9456738233566284,1.0,0.4761904776096344,0.7769260406494141,0.30000001192092896,0.20000000298023224,0.20000000298023224,0.15000000596046448,0.15000000596046448,1.0,1.0,1.0,1.0
complex_qaware_v018_r4,closed_loop,complex,full,1,0.18,True,21.445262547,1785050744.8628147,2.2211330619456024,0.020425651849370924,0.058322813223236736,0.10685226584551295,0.033579558555358185,2.6018851085852472,0.12929171439232817,-0.07036648616377582,20.0,2.205625676372931,0.02593119370685652,3.210595815892461,0.018185713032455565,4.172233755983453,0.010752076736454987,0.5566534996032715,0.16315115988254547,0.11315116286277771,0.7769260406494141,0.7769260406494141,0,ROW_FOLLOW,,1.0,107.0,108.0,-0.06491627544164658,0.004227429628372192,0.0,0.2839009165763855,0.0,-0.2754460573196411,0.0,0.523809552192688,0.7119046449661255,0.9277558326721191,0.9456738233566284,1.0,0.4761904776096344,0.7769260406494141,0.30000001192092896,0.20000000298023224,0.20000000298023224,0.15000000596046448,0.15000000596046448,1.0,1.0,1.0,1.0
complex_qaware_v018_r4,closed_loop,complex,full,1,0.18,True,21.496614642,1785050744.9141667,2.226765591702233,0.020783100489540334,0.06004708938977244,0.10863806780261796,0.048192172397120064,2.607548192221965,0.12871090478964806,-0.0742385501816432,20.0,2.2163988449114562,0.02466665520458038,3.2213644516380975,0.016347837904036835,4.216330325860184,0.00810670323003808,0.5566534996032715,0.16315115988254547,0.11315116286277771,0.7769260406494141,0.7769260406494141,0,ROW_FOLLOW,,1.0,107.0,108.0,-0.06491627544164658,0.004227429628372192,0.0,0.2839009165763855,0.0,-0.2754460573196411,0.0,0.523809552192688,0.7119046449661255,0.9277558326721191,0.9456738233566284,1.0,0.4761904776096344,0.7769260406494141,0.30000001192092896,0.20000000298023224,0.20000000298023224,0.15000000596046448,0.15000000596046448,1.0,1.0,1.0,1.0
complex_qaware_v018_r4,closed_loop,complex,full,1,0.18,True,21.545303052,1785050744.9628553,2.236232036846162,0.02135361909004937,0.062016461164397636,0.11742190198602745,0.02549234447316211,2.617048316935229,0.12746527313858147,-0.08802419505716189,20.0,2.2163988449114562,0.02466665520458038,3.2213644516380975,0.016347837904036835,4.216330325860184,0.00810670323003808,0.5595027208328247,0.16593904793262482,0.11593905091285706,0.7814939022064209,0.7814939022064209,0,ROW_FOLLOW,,1.0,120.0,99.0,-0.06879203766584396,0.0031241774559020996,0.0,0.282977819442749,0.0,-0.2767294645309448,0.0,0.5317460298538208,0.7119046449661255,0.9325045347213745,0.953921377658844,1.0,0.4761904776096344,0.7814939022064209,0.30000001192092896,0.20000000298023224,0.20000000298023224,0.15000000596046448,0.15000000596046448,1.0,1.0,1.0,1.0
complex_qaware_v018_r4,closed_loop,complex,full,1,0.18,True,21.598486938,1785050745.0160391,2.239466577917102,0.022808418395715208,0.06312046254139814,0.11769252075525641,0.03824597541882279,2.625707836750521,0.12608143145582715,-0.09724980627552418,20.0,2.2163988449114562,0.02466665520458038,3.2213644516380975,0.016347837904036835,4.216330325860184,0.00810670323003808,0.5595027208328247,0.16593904793262482,0.11593905091285706,0.7814939022064209,0.7814939022064209,0,ROW_FOLLOW,,1.0,120.0,99.0,-0.06879203766584396,0.0031241774559020996,0.0,0.282977819442749,0.0,-0.2767294645309448,0.0,0.5317460298538208,0.7119046449661255,0.9325045347213745,0.953921377658844,1.0,0.4761904776096344,0.7814939022064209,0.30000001192092896,0.20000000298023224,0.20000000298023224,0.15000000596046448,0.15000000596046448,1.0,1.0,1.0,1.0
complex_qaware_v018_r4,closed_loop,complex,full,1,0.18,True,21.645298821,1785050745.0628512,2.245526391058543,0.0237301062885517,0.06426895515069561,0.1272334117393766,0.015967881368452848,2.6322032298990097,0.12433297578285726,-0.10806889906256775,20.0,2.227596858052254,0.02401820544819491,3.232559959184158,0.015393042568787298,4.227523419328516,0.006854618043617009,0.5591708421707153,0.16410739719867706,0.1141074001789093,0.7807961702346802,0.7807961702346802,0,ROW_FOLLOW,,1.0,113.0,109.0,-0.07217920571565628,0.001796230673789978,0.0,0.2818492352962494,0.0,-0.27825677394866943,0.0,0.5317460298538208,0.7119046449661255,0.9319511651992798,0.9500079154968262,1.0,0.4761904776096344,0.7807961702346802,0.30000001192092896,0.20000000298023224,0.20000000298023224,0.15000000596046448,0.15000000596046448,1.0,1.0,1.0,1.0
complex_qaware_v018_r4,closed_loop,complex,full,1,0.18,True,21.695139262,1785050745.1126914,2.251494742527055,0.024118394107146685,0.06496697086783867,0.12685512769977392,0.016755481706123343,2.638188373416785,0.12389113614130845,-0.11101449667289323,21.0,2.239255877468696,0.024040759165684406,3.2442274454416675,0.01675972498706622,4.2514743242647315,0.015022396156064533,0.5604444146156311,0.16629137098789215,0.11629137396812439,0.7694594860076904,0.7807961702346802,0,ROW_FOLLOW,,1.0,101.0,106.0,-0.06926105916500092,-0.0005078613758087158,0.0,0.2798733413219452,0.0,-0.2808890640735626,0.0,0.4920635223388672,0.7119046449661255,0.9340740442276001,0.950964093208313,1.0,0.4761904776096344,0.7694594860076904,0.30000001192092896,0.20000000298023224,0.20000000298023224,0.15000000596046448,0.15000000596046448,1.0,1.0,1.0,1.0
complex_qaware_v018_r4,closed_loop,complex,full,1,0.18,True,21.745337311,1785050745.1628895,2.257686408842952,0.024540413615346264,0.06618712156633366,0.12723368324126186,0.02829775919533902,2.6444064238443805,0.12155693407754976,-0.11297182269223002,21.0,2.239255877468696,0.024040759165684406,3.2442274454416675,0.01675972498706622,4.2514743242647315,0.015022396156064533,0.5604444146156311,0.16629137098789215,0.11629137396812439,0.7694594860076904,0.7694594860076904,0,ROW_FOLLOW,,1.0,101.0,106.0,-0.06926105916500092,-0.0005078613758087158,0.0,0.2798733413219452,0.0,-0.2808890640735626,0.0,0.4920635223388672,0.7119046449661255,0.9340740442276001,0.950964093208313,1.0,0.4761904776096344,0.7694594860076904,0.30000001192092896,0.20000000298023224,0.20000000298023224,0.15000000596046448,0.15000000596046448,1.0,1.0,1.0,1.0
complex_qaware_v018_r4,closed_loop,complex,full,1,0.18,True,21.797249261,1785050745.2148013,2.2620985312699906,0.02485276776476885,0.0668383582042971,0.12813480726111035,0.010394293909430558,2.6488403829199667,0.12117757192882417,-0.11550090368373407,21.0,2.251019313168491,0.023463754878295422,3.2559981588274027,0.017190806837967903,4.256762514695765,0.012878699769918489,0.559759795665741,0.14883919060230255,0.09883919358253479,0.7726278305053711,0.7694594860076904,0,ROW_FOLLOW,,1.0,107.0,104.0,-0.07255896180868149,-0.002676665782928467,0.0,0.2779386639595032,0.0,-0.2832919955253601,0.0,0.5396825671195984,0.6595237255096436,0.9329329133033752,0.948211669921875,1.0,0.380952388048172,0.7726278305053711,0.30000001192092896,0.20000000298023224,0.20000000298023224,0.15000000596046448,0.15000000596046448,1.0,1.0,1.0,1.0
complex_qaware_v018_r4,closed_loop,complex,full,1,0.18,True,21.845510557,1785050745.2630627,2.270596936353085,0.02521673767627327,0.06738541049254378,0.12566404527593422,0.018458088331915732,2.657368564251086,0.06955916675482164,-0.11980445946121798,21.0,2.251019313168491,0.023463754878295422,3.2559981588274027,0.017190806837967903,4.256762514695765,0.012878699769918489,0.559759795665741,0.14883919060230255,0.09883919358253479,0.7726278305053711,0.6000000238418579,0,ROW_FOLLOW,,1.0,107.0,104.0,-0.07255896180868149,-0.002676665782928467,0.0,0.2779386639595032,0.0,-0.2832919955253601,0.0,0.5396825671195984,0.6595237255096436,0.9329329133033752,0.948211669921875,1.0,0.380952388048172,0.7726278305053711,0.30000001192092896,0.20000000298023224,0.20000000298023224,0.15000000596046448,0.15000000596046448,1.0,1.0,1.0,1.0
complex_qaware_v018_r4,closed_loop,complex,full,1,0.18,True,21.896219468,1785050745.3137717,2.279240793926833,0.02509566695900065,0.06850919850651982,0.12508466109293837,0.022108102002057185,2.6661303877331757,0.06945566623414194,-0.12069752005773661,21.0,2.264263471042883,0.022343232989500014,3.264247352362444,0.016741537143536534,4.264231287377765,0.011139855674880817,0.5569279789924622,0.1489267498254776,0.09892675280570984,0.7876371145248413,0.6000000238418579,0,ROW_FOLLOW,,1.0,119.0,114.0,-0.07529968023300171,-0.003852739930152893,0.0,0.27683404088020325,0.0,-0.28453952074050903,0.0,0.5952380895614624,0.6595237255096436,0.9282132387161255,0.9434551000595093,1.0,0.380952388048172,0.7876371145248413,0.30000001192092896,0.20000000298023224,0.20000000298023224,0.15000000596046448,0.15000000596046448,1.0,1.0,1.0,1.0
complex_qaware_v018_r4,closed_loop,complex,full,1,0.18,True,21.945502647,1785050745.3630548,2.28526954600559,0.02553989052553718,0.06946530041838583,0.12599021497888896,0.012318781208718493,2.6721916114529165,0.069751866414944,-0.1296108040225834,21.0,2.264263471042883,0.022343232989500014,3.264247352362444,0.016741537143536534,4.264231287377765,0.011139855674880817,0.5569279789924622,0.1489267498254776,0.09892675280570984,0.7876371145248413,0.6000000238418579,0,ROW_FOLLOW,,1.0,119.0,114.0,-0.07529968023300171,-0.003852739930152893,0.0,0.27683404088020325,0.0,-0.28453952074050903,0.0,0.5952380895614624,0.6595237255096436,0.9282132387161255,0.9434551000595093,1.0,0.380952388048172,0.7876371145248413,0.30000001192092896,0.20000000298023224,0.20000000298023224,0.15000000596046448,0.15000000596046448,1.0,1.0,1.0,1.0
complex_qaware_v018_r4,closed_loop,complex,full,1,0.18,True,21.998072853,1785050745.4156253,2.286853401698835,0.025668051682416433,0.069743319144183,0.12468505756794146,0.004768843195936371,2.673786338033379,0.06962044981247792,-0.1307231318534473,21.0,2.2760373008708386,0.02130158941677937,3.276014661761541,0.014600312808632913,4.275992064955911,0.007899048928084842,0.5574278831481934,0.1559782773256302,0.10597828030586243,0.7806882858276367,0.6000000238418579,0,ROW_FOLLOW,,1.0,108.0,113.0,-0.07733621448278427,-0.005182594060897827,0.0,0.2760844826698303,0.0,-0.286449670791626,0.0,0.5714285969734192,0.6595237255096436,0.9290464520454407,0.9436375498771667,1.0,0.380952388048172,0.7806882858276367,0.30000001192092896,0.20000000298023224,0.20000000298023224,0.15000000596046448,0.15000000596046448,1.0,1.0,1.0,1.0
complex_qaware_v018_r4,closed_loop,complex,full,1,0.18,True,22.045293771,1785050745.462846,2.292702976410263,0.025005339301324505,0.07041054160839932,0.1172061343833151,0.02859947116684543,2.6797404234017708,0.12020596525708759,-0.13545284127924667,21.0,2.2760373008708386,0.02130158941677937,3.276014661761541,0.014600312808632913,4.275992064955911,0.007899048928084842,0.5574278831481934,0.1559782773256302,0.10597828030586243,0.7806882858276367,0.7806882858276367,0,ROW_FOLLOW,,1.0,108.0,113.0,-0.07733621448278427,-0.005182594060897827,0.0,0.2760844826698303,0.0,-0.286449670791626,0.0,0.5714285969734192,0.6595237255096436,0.9290464520454407,0.9436375498771667,1.0,0.380952388048172,0.7806882858276367,0.30000001192092896,0.20000000298023224,0.20000000298023224,0.15000000596046448,0.15000000596046448,1.0,1.0,1.0,1.0
complex_qaware_v018_r4,closed_loop,complex,full,1,0.18,True,22.095299016,1785050745.5128512,2.2979626047681636,0.025387058633623852,0.0713413090577792,0.11664357034275015,0.025598970324478294,2.685024628659883,0.11967973601348095,-0.1389610362366243,20.0,2.2879821850390067,0.02055233918526772,3.2879538176743686,0.013026387144252286,4.221260605509502,0.005979888352307145,0.5596872568130493,0.15456856787204742,0.10456857085227966,0.7962558269500732,0.7806882858276367,0,ROW_FOLLOW,,1.0,116.0,110.0,-0.07953600585460663,-0.005458846688270569,0.0,0.2762451171875,0.0,-0.28716281056404114,0.0,0.5873015522956848,0.7119047045707703,0.9328120946884155,0.9408130645751953,1.0,0.4761904776096344,0.7962558269500732,0.30000001192092896,0.20000000298023224,0.20000000298023224,0.15000000596046448,0.15000000596046448,1.0,1.0,1.0,1.0
complex_qaware_v018_r4,closed_loop,complex,full,1,0.18,True,22.145383238,1785050745.5629356,2.303155594538687,0.02560669478748938,0.07117841309710514,0.10892166402164197,0.01361744254447647,2.690227631942778,0.12157560186405666,-0.1450029799130435,20.0,2.2879821850390067,0.02055233918526772,3.2879538176743686,0.013026387144252286,4.221260605509502,0.005979888352307145,0.5596872568130493,0.15456856787204742,0.10456857085227966,0.7962558269500732,0.7962558269500732,0,ROW_FOLLOW,,1.0,116.0,110.0,-0.07953600585460663,-0.005458846688270569,0.0,0.2762451171875,0.0,-0.28716281056404114,0.0,0.5873015522956848,0.7119047045707703,0.9328120946884155,0.9408130645751953,1.0,0.4761904776096344,0.7962558269500732,0.30000001192092896,0.20000000298023224,0.20000000298023224,0.15000000596046448,0.15000000596046448,1.0,1.0,1.0,1.0
complex_qaware_v018_r4,closed_loop,complex,full,1,0.18,True,22.196909802,1785050745.614462,2.3086664035896174,0.026002487468710894,0.07143491375841869,0.10982149758774974,0.013690084418786642,2.695755509408621,0.12117093020934298,-0.14770079094446803,21.0,2.2977792482401744,0.019803264286885277,3.297746110759567,0.011658806064705977,4.297643988079186,0.0035019328412545965,0.5608537197113037,0.16394974291324615,0.1139497458934784,0.8068801164627075,0.7962558269500732,0,ROW_FOLLOW,,1.0,118.0,121.0,-0.08008097112178802,-0.0070069581270217896,0.0,0.27469778060913086,0.0,-0.28871169686317444,0.0,0.60317462682724,0.7380951642990112,0.9347562193870544,0.942382276058197,1.0,0.523809552192688,0.8068801164627075,0.30000001192092896,0.20000000298023224,0.20000000298023224,0.15000000596046448,0.15000000596046448,1.0,1.0,1.0,1.0
complex_qaware_v018_r4,closed_loop,complex,full,1,0.18,True,22.245137818,1785050745.6626902,2.311251555744748,0.026261050715865795,0.07133217514182899,0.10375407512301832,0.011695221334992746,2.6983879192996465,0.12221252848568522,-0.15350594985068078,21.0,2.2977792482401744,0.019803264286885277,3.297746110759567,0.011658806064705977,4.297643988079186,0.0035019328412545965,0.5608537197113037,0.16394974291324615,0.1139497458934784,0.8068801164627075,0.8068801164627075,0,ROW_FOLLOW,,1.0,118.0,121.0,-0.08008097112178802,-0.0070069581270217896,0.0,0.27469778060913086,0.0,-0.28871169686317444,0.0,0.60317462682724,0.7380951642990112,0.9347562193870544,0.942382276058197,1.0,0.523809552192688,0.8068801164627075,0.30000001192092896,0.20000000298023224,0.20000000298023224,0.15000000596046448,0.15000000596046448,1.0,1.0,1.0,1.0
complex_qaware_v018_r4,closed_loop,complex,full,1,0.18,True,22.296331989,1785050745.713884,2.3169447814072974,0.02666727628624779,0.07148289052553428,0.106151837841291,-0.0016652298637598259,2.704097320633919,0.12180463332422119,-0.15622525092710773,21.0,2.3077985831706385,0.019165736857542918,3.3077615999180026,0.010557401352235684,4.312661450118773,0.001154006038318776,0.5609052777290344,0.16187329590320587,0.11187329888343811,0.8023048639297485,0.8068801164627075,0,ROW_FOLLOW,,1.0,118.0,128.0,-0.08046746253967285,-0.008094578981399536,0.0,0.2735007405281067,0.0,-0.28968989849090576,0.0,0.5873015522956848,0.7380951642990112,0.934842050075531,0.9435128569602966,1.0,0.523809552192688,0.8023048639297485,0.30000001192092896,0.20000000298023224,0.20000000298023224,0.15000000596046448,0.15000000596046448,1.0,1.0,1.0,1.0
complex_qaware_v018_r4,closed_loop,complex,full,1,0.18,True,22.345139251,1785050745.7626915,2.3240063038009318,0.02884874016200117,0.07089753980408946,0.10484856605032587,0.01169134779043443,2.7120030892992357,0.11880152653238364,-0.17075565983314056,21.0,2.3077985831706385,0.019165736857542918,3.3077615999180026,0.010557401352235684,4.312661450118773,0.001154006038318776,0.5609052777290344,0.16187329590320587,0.11187329888343811,0.8023048639297485,0.8023048639297485,0,ROW_FOLLOW,,1.0,118.0,128.0,-0.08046746253967285,-0.008094578981399536,0.0,0.2735007405281067,0.0,-0.28968989849090576,0.0,0.5873015522956848,0.7380951642990112,0.934842050075531,0.9435128569602966,1.0,0.523809552192688,0.8023048639297485,0.30000001192092896,0.20000000298023224,0.20000000298023224,0.15000000596046448,0.15000000596046448,1.0,1.0,1.0,1.0
complex_qaware_v018_r4,closed_loop,complex,full,1,0.18,True,22.396381104,1785050745.8139334,2.329655949827921,0.029251485153481853,0.07120311365813814,0.10765422961671696,-0.001451782396211413,2.7176753713899138,0.11831411235017722,-0.1740050877145167,21.0,2.3183506050339475,0.019314422816811175,3.318310589528172,0.010358176920814846,4.318270579968522,0.0014019297989122808,0.5597712397575378,0.16283182799816132,0.11283183097839355,0.7950417995452881,0.8023048639297485,0,ROW_FOLLOW,,1.0,114.0,123.0,-0.08044157922267914,-0.008877411484718323,0.0,0.2720714807510376,0.0,-0.28982630372047424,0.0,0.5634920597076416,0.7380951642990112,0.9329518675804138,0.945232093334198,1.0,0.523809552192688,0.7950417995452881,0.30000001192092896,0.20000000298023224,0.20000000298023224,0.15000000596046448,0.15000000596046448,1.0,1.0,1.0,1.0
complex_qaware_v018_r4,closed_loop,complex,full,1,0.18,True,22.445335282,1785050745.8628874,2.3370140902157592,0.030825696231152305,0.07095646538780101,0.11315655370457764,-0.005367590616130224,2.725549940635156,0.11590063277508393,-0.1813792742871195,21.0,2.3183506050339475,0.019314422816811175,3.318310589528172,0.010358176920814846,4.318270579968522,0.0014019297989122808,0.5597712397575378,0.16283182799816132,0.11283183097839355,0.7950417995452881,0.7950417995452881,0,ROW_FOLLOW,,1.0,114.0,123.0,-0.08044157922267914,-0.008877411484718323,0.0,0.2720714807510376,0.0,-0.28982630372047424,0.0,0.5634920597076416,0.7380951642990112,0.9329518675804138,0.945232093334198,1.0,0.523809552192688,0.7950417995452881,0.30000001192092896,0.20000000298023224,0.20000000298023224,0.15000000596046448,0.15000000596046448,1.0,1.0,1.0,1.0
complex_qaware_v018_r4,closed_loop,complex,full,1,0.18,True,22.495970718,1785050745.913523,2.3424670971095223,0.031206335660539267,0.07054381228953543,0.11472726660648254,-0.004941661484866865,2.7310210905019363,0.11556597286515873,-0.18361034035328752,21.0,2.3183506050339475,0.019314422816811175,3.318310589528172,0.010358176920814846,4.318270579968522,0.0014019297989122808,0.5597712397575378,0.16283182799816132,0.11283183097839355,0.7950417995452881,0.7950417995452881,0,ROW_FOLLOW,,1.0,114.0,123.0,-0.08044157922267914,-0.008877411484718323,0.0,0.2720714807510376,0.0,-0.28982630372047424,0.0,0.5634920597076416,0.7380951642990112,0.9329518675804138,0.945232093334198,1.0,0.523809552192688,0.7950417995452881,0.30000001192092896,0.20000000298023224,0.20000000298023224,0.15000000596046448,0.15000000596046448,1.0,1.0,1.0,1.0
complex_qaware_v018_r4,closed_loop,complex,full,1,0.18,True,22.545465838,1785050745.963018,2.350635705829436,0.03310775773325757,0.06985019050561772,0.11323784331531712,-0.017443035933536383,2.739616338597884,0.1147853818649522,-0.18888594897954214,20.0,2.329606021821873,0.020025346641249112,3.3295636375819853,0.010808170085335592,4.262857419697085,0.0021984227016887425,0.5613089799880981,0.16267983615398407,0.11267983913421631,0.795101523399353,0.795101523399353,0,ROW_FOLLOW,,1.0,124.0,117.0,-0.07997269183397293,-0.010078221559524536,0.0,0.2710486054420471,0.0,-0.2912050485610962,0.0,0.5634921193122864,0.7380951642990112,0.9355149269104004,0.9422123432159424,1.0,0.523809552192688,0.795101523399353,0.30000001192092896,0.20000000298023224,0.20000000298023224,0.15000000596046448,0.15000000596046448,1.0,1.0,1.0,1.0
complex_qaware_v018_r4,closed_loop,complex,full,1,0.18,True,22.597132342,1785050746.0146847,2.3563949339936,0.033499722640591756,0.06946066628448702,0.11411386727906044,-0.011172539683449823,2.7453934022881286,0.11440049333124377,-0.19145187253759835,21.0,2.3427462501165714,0.021442156804961515,3.3427020477377867,0.012029280355475654,4.342845098582366,0.002789069877051919,0.5594813227653503,0.14795120060443878,0.09795120358467102,0.7856689691543579,0.795101523399353,0,ROW_FOLLOW,,1.0,119.0,117.0,-0.07903236150741577,-0.010676756501197815,0.0,0.2702391445636749,0.0,-0.29159265756607056,0.0,0.5634921193122864,0.6857142448425293,0.9324687123298645,0.9532315135002136,1.0,0.4285714328289032,0.7856689691543579,0.30000001192092896,0.20000000298023224,0.20000000298023224,0.15000000596046448,0.15000000596046448,1.0,1.0,1.0,1.0
complex_qaware_v018_r4,closed_loop,complex,full,1,0.18,True,22.645446664,1785050746.062999,2.363879255371946,0.033946430628475334,0.06889193995068245,0.11754288129689658,-0.02736631101526197,2.752898119063326,0.06308294159944264,-0.18471992593911446,21.0,2.3427462501165714,0.021442156804961515,3.3427020477377867,0.012029280355475654,4.342845098582366,0.002789069877051919,0.5594813227653503,0.14795120060443878,0.09795120358467102,0.7856689691543579,0.6000000238418579,0,ROW_FOLLOW,,1.0,119.0,117.0,-0.07903236150741577,-0.010676756501197815,0.0,0.2702391445636749,0.0,-0.29159265756607056,0.0,0.5634921193122864,0.6857142448425293,0.9324687123298645,0.9532315135002136,1.0,0.4285714328289032,0.7856689691543579,0.30000001192092896,0.20000000298023224,0.20000000298023224,0.15000000596046448,0.15000000596046448,1.0,1.0,1.0,1.0
complex_qaware_v018_r4,closed_loop,complex,full,1,0.18,True,22.698152875,1785050746.115705,2.3693880659784012,0.03431371432622272,0.06822000462408621,0.11752459900244575,-0.0035406292827274413,2.758427023763176,0.0628557234027689,-0.1866479491108268,20.0,2.3559787131495833,0.022068248563451746,3.355933120987634,0.012508598587452742,4.322555748340909,0.0032680081961868938,0.5565130114555359,0.13996514678001404,0.08996514976024628,0.7937153577804565,0.6000000238418579,0,ROW_FOLLOW,,1.0,117.0,119.0,-0.07789880782365799,-0.012061551213264465,0.0,0.26865607500076294,0.0,-0.29277917742729187,0.0,0.6031745672225952,0.6857142448425293,0.9275215864181519,0.9341052174568176,1.0,0.4285714328289032,0.7937153577804565,0.30000001192092896,0.20000000298023224,0.20000000298023224,0.15000000596046448,0.15000000596046448,1.0,1.0,1.0,1.0
complex_qaware_v018_r4,closed_loop,complex,full,1,0.18,True,22.74578958,1785050746.1633418,2.3772132039575804,0.03401282250934916,0.06771240318247959,0.12118217646665731,-0.012401261266842463,2.766269144032533,0.0642621826760484,-0.18024157530267115,20.0,2.3559787131495833,0.022068248563451746,3.355933120987634,0.012508598587452742,4.322555748340909,0.0032680081961868938,0.5565130114555359,0.13996514678001404,0.08996514976024628,0.7937153577804565,0.6000000238418579,0,ROW_FOLLOW,,1.0,117.0,119.0,-0.07789880782365799,-0.012061551213264465,0.0,0.26865607500076294,0.0,-0.29277917742729187,0.0,0.6031745672225952,0.6857142448425293,0.9275215864181519,0.9341052174568176,1.0,0.4285714328289032,0.7937153577804565,0.30000001192092896,0.20000000298023224,0.20000000298023224,0.15000000596046448,0.15000000596046448,1.0,1.0,1.0,1.0
complex_qaware_v018_r4,closed_loop,complex,full,1,0.18,True,22.7962285,1785050746.2137806,2.3816763494093904,0.0340153870279802,0.06754390490435999,0.1216447142085172,-0.008311403924669752,2.7717395270533105,0.0642041017377086,-0.18072941549853352,20.0,2.3690371001545034,0.021953899136776183,3.3689904628876834,0.01228417025530555,4.335612046910511,0.0029334996936328434,0.5542916059494019,0.1407657414674759,0.09076574444770813,0.794033408164978,0.6000000238418579,0,ROW_FOLLOW,,1.0,112.0,129.0,-0.07730303704738617,-0.013230502605438232,0.0,0.2672678232192993,0.0,-0.2937288284301758,0.0,0.6269841194152832,0.6595237255096436,0.9238193035125732,0.9284639954566956,1.0,0.380952388048172,0.794033408164978,0.30000001192092896,0.20000000298023224,0.20000000298023224,0.15000000596046448,0.15000000596046448,1.0,1.0,1.0,1.0
complex_qaware_v018_r4,closed_loop,complex,full,1,0.18,True,22.845345435,1785050746.2628977,2.3908057647435776,0.03451710018574303,0.06682991360205515,0.11885776595136217,-0.025620283429917776,2.7808877357640878,0.06401747159301328,-0.18251235834053445,20.0,2.3690371001545034,0.021953899136776183,3.3689904628876834,0.01228417025530555,4.335612046910511,0.0029334996936328434,0.5542916059494019,0.1407657414674759,0.09076574444770813,0.794033408164978,0.6000000238418579,0,ROW_FOLLOW,,1.0,112.0,129.0,-0.07730303704738617,-0.013230502605438232,0.0,0.2672678232192993,0.0,-0.2937288284301758,0.0,0.6269841194152832,0.6595237255096436,0.9238193035125732,0.9284639954566956,1.0,0.380952388048172,0.794033408164978,0.30000001192092896,0.20000000298023224,0.20000000298023224,0.15000000596046448,0.15000000596046448,1.0,1.0,1.0,1.0
complex_qaware_v018_r4,closed_loop,complex,full,1,0.18,True,22.896600697,1785050746.314153,2.3956179609240293,0.0348308579346568,0.06629562871552916,0.11492037547176062,-0.010124913227576545,2.7857153120555753,0.0638093414142518,-0.18425980940595393,19.0,2.382097796479169,0.021097729877459614,3.282055103581234,0.012320673173881844,4.315339469616429,0.00224108413541109,0.5569833517074585,0.1529802531003952,0.10298025608062744,0.8023788928985596,0.6000000238418579,0,ROW_FOLLOW,,1.0,123.0,120.0,-0.07611501216888428,-0.014576613903045654,0.0,0.26601117849349976,0.0,-0.29516440629959106,0.0,0.6269841194152832,0.6857142448425293,0.9283055663108826,0.9431973695755005,1.0,0.4285714328289032,0.8023788928985596,0.30000001192092896,0.20000000298023224,0.20000000298023224,0.15000000596046448,0.15000000596046448,1.0,1.0,1.0,1.0
complex_qaware_v018_r4,closed_loop,complex,full,1,0.18,True,22.945125009,1785050746.3626773,2.400050820665684,0.03510721203251882,0.06543374596942009,0.10866167555334424,-0.023502841323464783,2.79016943609732,0.11628952643823227,-0.18759116189005634,19.0,2.382097796479169,0.021097729877459614,3.282055103581234,0.012320673173881844,4.315339469616429,0.00224108413541109,0.5569833517074585,0.1529802531003952,0.10298025608062744,0.8023788928985596,0.8023788928985596,0,ROW_FOLLOW,,1.0,123.0,120.0,-0.07611501216888428,-0.014576613903045654,0.0,0.26601117849349976,0.0,-0.29516440629959106,0.0,0.6269841194152832,0.6857142448425293,0.9283055663108826,0.9431973695755005,1.0,0.4285714328289032,0.8023788928985596,0.30000001192092896,0.20000000298023224,0.20000000298023224,0.15000000596046448,0.15000000596046448,1.0,1.0,1.0,1.0
complex_qaware_v018_r4,closed_loop,complex,full,1,0.18,True,23.002301157,1785050746.4198532,2.4012145661196396,0.0351643344053598,0.06455149237058054,0.10225661599523526,-0.014780949293132555,2.791347934371073,0.11640796497751753,-0.18680157162815464,21.0,2.392695191644995,0.02029749904943619,3.3926471442965576,0.010483294366594056,4.400966428712866,0.00012321200537860483,0.5585080981254578,0.15902401506900787,0.10902401804924011,0.8054090738296509,0.8023788928985596,0,ROW_FOLLOW,,1.0,120.0,132.0,-0.07441606372594833,-0.0153130441904068,0.0,0.26518574357032776,0.0,-0.29581183195114136,0.0,0.6190476417541504,0.7119047045707703,0.9308468699455261,0.940963089466095,1.0,0.4761904776096344,0.8054090738296509,0.30000001192092896,0.20000000298023224,0.20000000298023224,0.15000000596046448,0.15000000596046448,1.0,1.0,1.0,1.0
complex_qaware_v018_r4,closed_loop,complex,full,1,0.18,True,23.045420307,1785050746.4629726,2.4099180230549146,0.03652288022720719,0.06355668554210857,0.09988860051154197,-0.02105640915016097,2.8004992635373824,0.115505564351258,-0.19645379292052767,21.0,2.392695191644995,0.02029749904943619,3.3926471442965576,0.010483294366594056,4.400966428712866,0.00012321200537860483,0.5585080981254578,0.15902401506900787,0.10902401804924011,0.8054090738296509,0.8054090738296509,0,ROW_FOLLOW,,1.0,120.0,132.0,-0.07441606372594833,-0.0153130441904068,0.0,0.26518574357032776,0.0,-0.29581183195114136,0.0,0.6190476417541504,0.7119047045707703,0.9308468699455261,0.940963089466095,1.0,0.4761904776096344,0.8054090738296509,0.30000001192092896,0.20000000298023224,0.20000000298023224,0.15000000596046448,0.15000000596046448,1.0,1.0,1.0,1.0
complex_qaware_v018_r4,closed_loop,complex,full,1,0.18,True,23.096635504,1785050746.5141878,2.4141091900351768,0.03677752447975049,0.06251637197760117,0.09554578415777841,-0.02772772307356168,2.8047068703011218,0.115392541410336,-0.197207279193341,21.0,2.4034939368146073,0.020047639631573314,3.4034454255493976,0.010186993992630356,4.40740609765387,0.00018127880082147163,0.5567402839660645,0.158671036362648,0.10867103934288025,0.8162411451339722,0.8054090738296509,0,ROW_FOLLOW,,1.0,122.0,127.0,-0.072414830327034,-0.016742408275604248,0.0,0.26356959342956543,0.0,-0.2970544099807739,0.0,0.6269841194152832,0.764285683631897,0.9279001951217651,0.9313912391662598,1.0,0.5714285969734192,0.8162411451339722,0.30000001192092896,0.20000000298023224,0.20000000298023224,0.15000000596046448,0.15000000596046448,1.0,1.0,1.0,1.0
complex_qaware_v018_r4,closed_loop,complex,full,1,0.18,True,23.14525809,1785050746.5628104,2.4183518039870577,0.03701633240211809,0.06098863688972455,0.09285396621925193,-0.021301094286349687,2.8089734105176576,0.11751171783970867,-0.1960779218960421,21.0,2.4034939368146073,0.020047639631573314,3.4034454255493976,0.010186993992630356,4.40740609765387,0.00018127880082147163,0.5567402839660645,0.158671036362648,0.10867103934288025,0.8162411451339722,0.8162411451339722,0,ROW_FOLLOW,,1.0,122.0,127.0,-0.072414830327034,-0.016742408275604248,0.0,0.26356959342956543,0.0,-0.2970544099807739,0.0,0.6269841194152832,0.764285683631897,0.9279001951217651,0.9313912391662598,1.0,0.5714285969734192,0.8162411451339722,0.30000001192092896,0.20000000298023224,0.20000000298023224,0.15000000596046448,0.15000000596046448,1.0,1.0,1.0,1.0
complex_qaware_v018_r4,closed_loop,complex,full,1,0.18,True,23.196194527,1785050746.6137466,2.4197991323968577,0.03708191161003989,0.06004840844241422,0.09103025997135292,-0.02591481344162785,2.8104353393819514,0.11761978383492697,-0.19535748192792007,19.0,2.4115427943685805,0.019687049761897862,3.311498786413622,0.010781118022569097,4.278118321181828,0.001213612908477801,0.5611012578010559,0.16575564444065094,0.11575564742088318,0.8199249505996704,0.8162411451339722,0,ROW_FOLLOW,,1.0,133.0,122.0,-0.06997228413820267,-0.017909616231918335,0.0,0.26271510124206543,0.0,-0.2985343337059021,0.0,0.6269841194152832,0.764285683631897,0.9351686835289001,0.9462583661079407,1.0,0.5714285969734192,0.8199249505996704,0.30000001192092896,0.20000000298023224,0.20000000298023224,0.15000000596046448,0.15000000596046448,1.0,1.0,1.0,1.0
complex_qaware_v018_r4,closed_loop,complex,full,1,0.18,True,23.24516413,1785050746.6627164,2.4265688684323,0.03912214199949396,0.058210216060967664,0.09046152071910933,-0.041971283505089746,2.817763856378258,0.11684483337837834,-0.20494438486374889,19.0,2.4115427943685805,0.019687049761897862,3.311498786413622,0.010781118022569097,4.278118321181828,0.001213612908477801,0.5611012578010559,0.16575564444065094,0.11575564742088318,0.8199249505996704,0.8199249505996704,0,ROW_FOLLOW,,1.0,133.0,122.0,-0.06997228413820267,-0.017909616231918335,0.0,0.26271510124206543,0.0,-0.2985343337059021,0.0,0.6269841194152832,0.764285683631897,0.9351686835289001,0.9462583661079407,1.0,0.5714285969734192,0.8199249505996704,0.30000001192092896,0.20000000298023224,0.20000000298023224,0.15000000596046448,0.15000000596046448,1.0,1.0,1.0,1.0
complex_qaware_v018_r4,closed_loop,complex,full,1,0.18,True,23.296507426,1785050746.7140598,2.4307816805667493,0.03934832221339489,0.05688200638088059,0.09008628191275102,-0.03542203627420061,2.8219945026121804,0.11678899599032065,-0.2053166341174668,20.0,2.4213877055232964,0.020036416607652614,3.4263383385195656,0.010065106184490375,4.372175180066515,0.0011218769645922268,0.5596755743026733,0.1617259532213211,0.11172595620155334,0.8165451288223267,0.8199249505996704,0,ROW_FOLLOW,,1.0,130.0,122.0,-0.06682494282722473,-0.018449097871780396,0.0,0.2622963786125183,0.0,-0.2991945743560791,0.0,0.6190476417541504,0.764285683631897,0.9327925443649292,0.9427679181098938,1.0,0.5714285969734192,0.8165451288223267,0.30000001192092896,0.20000000298023224,0.20000000298023224,0.15000000596046448,0.15000000596046448,1.0,1.0,1.0,1.0
complex_qaware_v018_r4,closed_loop,complex,full,1,0.18,True,23.345154749,1785050746.762707,2.437570010420094,0.03898482756819785,0.054371959106178196,0.0962046103056356,-0.055696053064349306,2.828897626597032,0.1174254722472089,-0.19701767293873265,20.0,2.4213877055232964,0.020036416607652614,3.4263383385195656,0.010065106184490375,4.372175180066515,0.0011218769645922268,0.5596755743026733,0.1617259532213211,0.11172595620155334,0.8165451288223267,0.8165451288223267,0,ROW_FOLLOW,,1.0,130.0,122.0,-0.06682494282722473,-0.018449097871780396,0.0,0.2622963786125183,0.0,-0.2991945743560791,0.0,0.6190476417541504,0.764285683631897,0.9327925443649292,0.9427679181098938,1.0,0.5714285969734192,0.8165451288223267,0.30000001192092896,0.20000000298023224,0.20000000298023224,0.15000000596046448,0.15000000596046448,1.0,1.0,1.0,1.0
complex_qaware_v018_r4,closed_loop,complex,full,1,0.18,True,23.39567972,1785050746.813232,2.4424806793063274,0.03922647609622283,0.05275995967910376,0.0964910669420394,-0.04213352237155138,2.8338298632784023,0.11739058419197562,-0.19725025997362106,20.0,2.4213877055232964,0.020036416607652614,3.4263383385195656,0.010065106184490375,4.372175180066515,0.0011218769645922268,0.5596755743026733,0.1617259532213211,0.11172595620155334,0.8165451288223267,0.8165451288223267,0,ROW_FOLLOW,,1.0,130.0,122.0,-0.06682494282722473,-0.018449097871780396,0.0,0.2622963786125183,0.0,-0.2991945743560791,0.0,0.6190476417541504,0.764285683631897,0.9327925443649292,0.9427679181098938,1.0,0.5714285969734192,0.8165451288223267,0.30000001192092896,0.20000000298023224,0.20000000298023224,0.15000000596046448,0.15000000596046448,1.0,1.0,1.0,1.0
complex_qaware_v018_r4,closed_loop,complex,full,1,0.18,True,23.445192857,1785050746.862745,2.4488899648674556,0.037756564697939074,0.04949449422680764,0.10064802670306558,-0.031212883089214934,2.840946650700894,0.11890626045793795,-0.18405856472051785,21.0,2.4308293496524964,0.020115523993127393,3.4357752633641696,0.009696856015333488,4.442142333224518,-0.0022074909479485177,0.559833824634552,0.16175644099712372,0.11175644397735596,0.8139724731445312,0.8139724731445312,0,ROW_FOLLOW,,1.0,124.0,130.0,-0.06271719932556152,-0.0189419686794281,0.0,0.26148486137390137,0.0,-0.29936879873275757,0.0,0.6111111640930176,0.764285683631897,0.9330564141273499,0.9411377906799316,1.0,0.5714285969734192,0.8139724731445312,0.30000001192092896,0.20000000298023224,0.20000000298023224,0.15000000596046448,0.15000000596046448,1.0,1.0,1.0,1.0
complex_qaware_v018_r4,closed_loop,complex,full,1,0.18,True,23.495856103,1785050746.9134083,2.4540092929542765,0.03797947221530954,0.047908256866222576,0.10158215967529717,-0.058495842637451195,2.8460867941161956,0.11887648156367697,-0.1842570906822576,21.0,2.442229805899658,0.020147121769374998,3.4471755779849964,0.00971375998335245,4.447932988709274,-0.0014375588292976256,0.5593379139900208,0.15996627509593964,0.10996627807617188,0.811012864112854,0.8139724731445312,0,ROW_FOLLOW,,1.0,127.0,129.0,-0.05787621811032295,-0.01871243119239807,0.0,0.2618245482444763,0.0,-0.29924941062927246,0.0,0.60317462682724,0.764285683631897,0.9322296977043152,0.9383823871612549,1.0,0.5714285969734192,0.811012864112854,0.30000001192092896,0.20000000298023224,0.20000000298023224,0.15000000596046448,0.15000000596046448,1.0,1.0,1.0,1.0
complex_qaware_v018_r4,closed_loop,complex,full,1,0.18,True,23.545246645,1785050746.9627988,2.4579504780862083,0.03744429560538977,0.04324875929025127,0.10321575106878329,-0.07563356180724054,2.853043921869074,0.12013106738299492,-0.17234165438212518,21.0,2.442229805899658,0.020147121769374998,3.4471755779849964,0.00971375998335245,4.447932988709274,-0.0014375588292976256,0.5593379139900208,0.15996627509593964,0.10996627807617188,0.811012864112854,0.811012864112854,0,ROW_FOLLOW,,1.0,127.0,129.0,-0.05787621811032295,-0.01871243119239807,0.0,0.2618245482444763,0.0,-0.29924941062927246,0.0,0.60317462682724,0.764285683631897,0.9322296977043152,0.9383823871612549,1.0,0.5714285969734192,0.811012864112854,0.30000001192092896,0.20000000298023224,0.20000000298023224,0.15000000596046448,0.15000000596046448,1.0,1.0,1.0,1.0
complex_qaware_v018_r4,closed_loop,complex,full,1,0.18,True,23.596245644,1785050747.013798,2.4630043094777716,0.0376121102891017,0.04005122791472491,0.1036308345378215,-0.0714719379947935,2.858133684555859,0.12051336704469161,-0.1697929899708141,20.0,2.4529649741050816,0.019016604224379816,3.4579106393451275,0.008572053851716555,4.386193944107808,-0.0010657988999559268,0.5589898824691772,0.14925964176654816,0.0992596447467804,0.8039634227752686,0.811012864112854,0,ROW_FOLLOW,,1.0,128.0,128.0,-0.050027232617139816,-0.020104527473449707,0.0,0.2611045241355896,0.0,-0.301313579082489,0.0,0.5952380299568176,0.7380951642990112,0.9316496849060059,0.9429529309272766,1.0,0.523809552192688,0.8039634227752686,0.30000001192092896,0.20000000298023224,0.20000000298023224,0.15000000596046448,0.15000000596046448,1.0,1.0,1.0,1.0
complex_qaware_v018_r4,closed_loop,complex,full,1,0.18,True,23.645415829,1785050747.062968,2.4685245802141838,0.037724966235675464,0.035910042090625094,0.10485859987853904,-0.06637946636042698,2.8637126853300385,0.06647821332229142,-0.16874595502691137,20.0,2.4529649741050816,0.019016604224379816,3.4579106393451275,0.008572053851716555,4.386193944107808,-0.0010657988999559268,0.5589898824691772,0.14925964176654816,0.0992596447467804,0.8039634227752686,0.6000000238418579,0,ROW_FOLLOW,,1.0,128.0,128.0,-0.050027232617139816,-0.020104527473449707,0.0,0.2611045241355896,0.0,-0.301313579082489,0.0,0.5952380299568176,0.7380951642990112,0.9316496849060059,0.9429529309272766,1.0,0.523809552192688,0.8039634227752686,0.30000001192092896,0.20000000298023224,0.20000000298023224,0.15000000596046448,0.15000000596046448,1.0,1.0,1.0,1.0
complex_qaware_v018_r4,closed_loop,complex,full,1,0.18,True,23.698257692,1785050747.1158102,2.4719035367491635,0.03806063517534014,0.03303352563917494,0.10769296357769967,-0.058658862466500226,2.8672344535628858,0.06666409095290154,-0.1672046110192576,20.0,2.4529649741050816,0.019016604224379816,3.4579106393451275,0.008572053851716555,4.386193944107808,-0.0010657988999559268,0.5589898824691772,0.14925964176654816,0.0992596447467804,0.8039634227752686,0.6000000238418579,0,ROW_FOLLOW,,1.0,128.0,128.0,-0.050027232617139816,-0.020104527473449707,0.0,0.2611045241355896,0.0,-0.301313579082489,0.0,0.5952380299568176,0.7380951642990112,0.9316496849060059,0.9429529309272766,1.0,0.523809552192688,0.8039634227752686,0.30000001192092896,0.20000000298023224,0.20000000298023224,0.15000000596046448,0.15000000596046448,1.0,1.0,1.0,1.0
complex_qaware_v018_r4,closed_loop,complex,full,1,0.18,True,23.74528059,1785050747.162833,2.473150488255906,0.038183900524771906,0.0283465889213641,0.09507652618340665,-0.08471038139106991,2.876675154142276,0.06714370950331393,-0.16303820954849313,20.0,2.4627656459859337,0.01812049255640927,3.4727103784720996,0.007565284146366893,4.429324606541543,-0.002443892669152968,0.5570555925369263,0.14468343555927277,0.094683438539505,0.8036901950836182,0.6000000238418579,0,ROW_FOLLOW,,1.0,140.0,146.0,-0.04301556199789047,-0.020469143986701965,0.0,0.26021555066108704,0.0,-0.30115383863449097,0.0,0.6190476417541504,0.7119047045707703,0.9284258484840393,0.9327315092086792,1.0,0.4761904776096344,0.8036901950836182,0.30000001192092896,0.20000000298023224,0.20000000298023224,0.15000000596046448,0.15000000596046448,1.0,1.0,1.0,1.0
complex_qaware_v018_r4,closed_loop,complex,full,1,0.18,True,23.796194532,1785050747.2137468,2.4781594438015526,0.03825885409887468,0.023920720848079835,0.09665777860604459,-0.11887935159780534,2.881730210107372,0.06771022175605917,-0.15833895058684544,20.0,2.4627656459859337,0.01812049255640927,3.4727103784720996,0.007565284146366893,4.429324606541543,-0.002443892669152968,0.5570555925369263,0.14468343555927277,0.094683438539505,0.8036901950836182,0.6000000238418579,0,ROW_FOLLOW,,1.0,140.0,146.0,-0.04301556199789047,-0.020469143986701965,0.0,0.26021555066108704,0.0,-0.30115383863449097,0.0,0.6190476417541504,0.7119047045707703,0.9284258484840393,0.9327315092086792,1.0,0.4761904776096344,0.8036901950836182,0.30000001192092896,0.20000000298023224,0.20000000298023224,0.15000000596046448,0.15000000596046448,1.0,1.0,1.0,1.0
complex_qaware_v018_r4,closed_loop,complex,full,1,0.18,True,23.845318475,1785050747.2628708,2.483449861505462,0.03824341127148195,0.017871525616614644,0.09885429726780448,-0.10808386220276806,2.8871029812774727,0.068098611101609,-0.15501675445913582,20.0,2.470788493844491,0.01704747941356741,3.480725373790573,0.005780192527510187,4.470663409988524,-0.005273320422253538,0.556670069694519,0.1415887326002121,0.09158873558044434,0.8035472631454468,0.6000000238418579,0,ROW_FOLLOW,,1.0,136.0,135.0,-0.03390727937221527,-0.022189661860466003,0.0,0.25829681754112244,0.0,-0.30267614126205444,0.0,0.6190476417541504,0.7119047045707703,0.9277832508087158,0.9326357841491699,1.0,0.4761904776096344,0.8035472631454468,0.30000001192092896,0.20000000298023224,0.20000000298023224,0.15000000596046448,0.15000000596046448,1.0,1.0,1.0,1.0
complex_qaware_v018_r4,closed_loop,complex,full,1,0.18,True,23.895556336,1785050747.3131084,2.4849120332973778,0.038139632833589475,0.012878889776354093,0.09853979122584879,-0.13695362301966524,2.8886498324943615,0.06900616860452057,-0.14748716207516108,21.0,2.478079407468718,0.01606544441232748,3.4830164817084337,0.004843388647254966,4.484576899450156,-0.005417094888719866,0.5514170527458191,0.1422780305147171,0.09227803349494934,0.8003257513046265,0.6000000238418579,0,ROW_FOLLOW,,1.0,129.0,126.0,-0.022868840023875237,-0.023578330874443054,0.0,0.25641465187072754,0.0,-0.30357131361961365,0.0,0.6507936716079712,0.6595237255096436,0.9190282225608826,0.9291815757751465,1.0,0.380952388048172,0.8003257513046265,0.30000001192092896,0.20000000298023224,0.20000000298023224,0.15000000596046448,0.15000000596046448,1.0,1.0,1.0,1.0
complex_qaware_v018_r4,closed_loop,complex,full,1,0.18,True,23.945275015,1785050747.3628273,2.4855227176503125,0.03801955262516995,0.004333027746810545,0.08176893659423795,-0.1459504628193339,2.8917739832728167,0.07001206138931336,-0.13680362631353252,21.0,2.478079407468718,0.01606544441232748,3.4830164817084337,0.004843388647254966,4.484576899450156,-0.005417094888719866,0.5514170527458191,0.1422780305147171,0.09227803349494934,0.8003257513046265,0.6000000238418579,0,ROW_FOLLOW,,1.0,129.0,126.0,-0.022868840023875237,-0.023578330874443054,0.0,0.25641465187072754,0.0,-0.30357131361961365,0.0,0.6507936716079712,0.6595237255096436,0.9190282225608826,0.9291815757751465,1.0,0.380952388048172,0.8003257513046265,0.30000001192092896,0.20000000298023224,0.20000000298023224,0.15000000596046448,0.15000000596046448,1.0,1.0,1.0,1.0
complex_qaware_v018_r4,closed_loop,complex,full,1,0.18,True,23.99618358,1785050747.4137359,2.489918492458534,0.037940586242805184,-0.0025464931059886466,0.08368527847680529,-0.18470543860356925,2.896234452223885,0.07111514244652108,-0.1276150256684447,21.0,2.4840818700035605,0.014821967647666403,3.484024285369793,0.004126584993508439,4.487077522901554,-0.005773630130177308,0.5566557049751282,0.15936274826526642,0.10936275124549866,0.81415855884552,0.6000000238418579,0,ROW_FOLLOW,,1.0,137.0,138.0,-0.007446001283824444,-0.024087294936180115,0.0,0.25550928711891174,0.0,-0.303683876991272,0.0,0.6507936120033264,0.7119047045707703,0.9277595281600952,0.9399171471595764,1.0,0.4761904776096344,0.81415855884552,0.30000001192092896,0.20000000298023224,0.20000000298023224,0.15000000596046448,0.15000000596046448,1.0,1.0,1.0,1.0
complex_qaware_v018_r4,closed_loop,complex,full,1,0.18,True,24.045280995,1785050747.4628332,2.494857521786911,0.03919362629736737,-0.012369594188870186,0.07742765623475742,-0.15285753373867383,2.902396530973142,0.12785417782371897,-0.12462908512316428,21.0,2.4840818700035605,0.014821967647666403,3.484024285369793,0.004126584993508439,4.487077522901554,-0.005773630130177308,0.5566557049751282,0.15936274826526642,0.10936275124549866,0.81415855884552,0.81415855884552,0,ROW_FOLLOW,,1.0,137.0,138.0,-0.007446001283824444,-0.024087294936180115,0.0,0.25550928711891174,0.0,-0.303683876991272,0.0,0.6507936120033264,0.7119047045707703,0.9277595281600952,0.9399171471595764,1.0,0.4761904776096344,0.81415855884552,0.30000001192092896,0.20000000298023224,0.20000000298023224,0.15000000596046448,0.15000000596046448,1.0,1.0,1.0,1.0
complex_qaware_v018_r4,closed_loop,complex,full,1,0.18,True,24.096701606,1785050747.5142539,2.498993849655494,0.03904780646141893,-0.019201500289390154,0.07904620271983409,-0.17834574701284076,2.906594607594913,0.12924969400498898,-0.11532564391469753,21.0,2.491036689127971,0.014548164826066403,3.4909868687921244,0.004556046976928626,4.490937027930187,-0.005436070390845702,0.557877779006958,0.1604376882314682,0.11043769121170044,0.82652747631073,0.81415855884552,0,ROW_FOLLOW,,1.0,151.0,124.0,0.009207097813487053,-0.023821473121643066,0.0,0.2552964389324188,0.0,-0.30293938517570496,0.0,0.658730149269104,0.764285683631897,0.9297963380813599,0.933946967124939,1.0,0.5714285969734192,0.82652747631073,0.30000001192092896,0.20000000298023224,0.20000000298023224,0.15000000596046448,0.15000000596046448,1.0,1.0,1.0,1.0
complex_qaware_v018_r4,closed_loop,complex,full,1,0.18,True,24.145301248,1785050747.5628533,2.5081528955602295,0.037512400353743015,-0.0286864895429715,0.08700946555524867,-0.1431570884241939,2.915991974897638,0.13462630630662847,-0.09432426286201957,21.0,2.491036689127971,0.014548164826066403,3.4909868687921244,0.004556046976928626,4.490937027930187,-0.005436070390845702,0.557877779006958,0.1604376882314682,0.11043769121170044,0.82652747631073,0.82652747631073,0,ROW_FOLLOW,,1.0,151.0,124.0,0.009207097813487053,-0.023821473121643066,0.0,0.2552964389324188,0.0,-0.30293938517570496,0.0,0.658730149269104,0.764285683631897,0.9297963380813599,0.933946967124939,1.0,0.5714285969734192,0.82652747631073,0.30000001192092896,0.20000000298023224,0.20000000298023224,0.15000000596046448,0.15000000596046448,1.0,1.0,1.0,1.0
complex_qaware_v018_r4,closed_loop,complex,full,1,0.18,True,24.19700769,1785050747.61456,2.5128926128481903,0.037282474495074124,-0.034790392881155714,0.08851944830124894,-0.14841233360245817,2.9207926573495393,0.1358756958171598,-0.08599499945847736,19.0,2.500363532982759,0.014265470386020808,3.400318670910419,0.005270800447380781,4.366937246049461,-0.004390248887561368,0.5574340224266052,0.1607668548822403,0.11076685786247253,0.8229082822799683,0.82652747631073,0,ROW_FOLLOW,,1.0,134.0,135.0,0.0247945599257946,-0.023569256067276,0.0,0.2553592920303345,0.0,-0.3024978041648865,0.0,0.6428571343421936,0.764285683631897,0.929056704044342,0.9425514936447144,1.0,0.5714285969734192,0.8229082822799683,0.30000001192092896,0.20000000298023224,0.20000000298023224,0.15000000596046448,0.15000000596046448,1.0,1.0,1.0,1.0
complex_qaware_v018_r4,closed_loop,complex,full,1,0.18,True,24.246251957,1785050747.663804,2.5247602792146253,0.03620088812627228,-0.04263593755691984,0.10616394586128032,-0.11895125044655806,2.9331211154370256,0.1374538099210731,-0.07113120592880803,19.0,2.500363532982759,0.014265470386020808,3.400318670910419,0.005270800447380781,4.366937246049461,-0.004390248887561368,0.5574340224266052,0.1607668548822403,0.11076685786247253,0.8229082822799683,0.8229082822799683,0,ROW_FOLLOW,,1.0,134.0,135.0,0.0247945599257946,-0.023569256067276,0.0,0.2553592920303345,0.0,-0.3024978041648865,0.0,0.6428571343421936,0.764285683631897,0.929056704044342,0.9425514936447144,1.0,0.5714285969734192,0.8229082822799683,0.30000001192092896,0.20000000298023224,0.20000000298023224,0.15000000596046448,0.15000000596046448,1.0,1.0,1.0,1.0
complex_qaware_v018_r4,closed_loop,complex,full,1,0.18,True,24.29637231,1785050747.7139246,2.5293246188411342,0.0359255988632328,-0.04751141337711661,0.10539781969376372,-0.12293739496923667,2.937742591940848,0.13846172629323988,-0.06441176344769592,21.0,2.5135009154104124,0.013798103165148803,3.5184508378391333,0.0037525755059617887,4.513823187026697,-0.006151022384185068,0.5564230680465698,0.16043473780155182,0.11043474078178406,0.8219596147537231,0.8229082822799683,0,ROW_FOLLOW,,1.0,122.0,113.0,0.03751450777053833,-0.023474380373954773,0.0,0.25585177540779114,0.0,-0.3028005361557007,0.0,0.6428571343421936,0.764285683631897,0.9273718595504761,0.9384727478027344,1.0,0.5714285969734192,0.8219596147537231,0.30000001192092896,0.20000000298023224,0.20000000298023224,0.15000000596046448,0.15000000596046448,1.0,1.0,1.0,1.0
complex_qaware_v018_r4,closed_loop,complex,full,1,0.18,True,24.345266072,1785050747.7628183,2.5357518862353414,0.03070326298520057,-0.054788004896778805,0.11409356331449949,-0.10862656113795265,2.9480364784553923,0.14417178350855284,-0.025206314314115467,21.0,2.5135009154104124,0.013798103165148803,3.5184508378391333,0.0037525755059617887,4.513823187026697,-0.006151022384185068,0.5564230680465698,0.16043473780155182,0.11043474078178406,0.8219596147537231,0.8219596147537231,0,ROW_FOLLOW,,1.0,122.0,113.0,0.03751450777053833,-0.023474380373954773,0.0,0.25585177540779114,0.0,-0.3028005361557007,0.0,0.6428571343421936,0.764285683631897,0.9273718595504761,0.9384727478027344,1.0,0.5714285969734192,0.8219596147537231,0.30000001192092896,0.20000000298023224,0.20000000298023224,0.15000000596046448,0.15000000596046448,1.0,1.0,1.0,1.0
complex_qaware_v018_r4,closed_loop,complex,full,1,0.18,True,24.396625497,1785050747.8141778,2.541278842903986,0.030331054108163932,-0.05830238341528115,0.11370664864525559,-0.06105604432704084,2.9536137169134133,0.14495044127363121,-0.020015262546926347,21.0,2.527601496493857,0.011453589823280338,3.532551399327913,0.0014069596800869069,4.53497404341211,-0.009671100708452292,0.5576661229133606,0.15867866575717926,0.1086786687374115,0.8172725439071655,0.8219596147537231,0,ROW_FOLLOW,,1.0,129.0,111.0,0.04830466955900192,-0.02213817834854126,0.0,0.2577980160713196,0.0,-0.3020743727684021,0.0,0.6269841194152832,0.764285683631897,0.9294435381889343,0.9362096190452576,1.0,0.5714285969734192,0.8172725439071655,0.30000001192092896,0.20000000298023224,0.20000000298023224,0.15000000596046448,0.15000000596046448,1.0,1.0,1.0,1.0
complex_qaware_v018_r4,closed_loop,complex,full,1,0.18,True,24.445212083,1785050747.8627644,2.5451398138763817,0.025531950007556002,-0.06179634279144518,0.11935696699299683,-0.06165357426310648,2.96394445808465,0.14682351881899713,0.0019035938952843426,21.0,2.527601496493857,0.011453589823280338,3.532551399327913,0.0014069596800869069,4.53497404341211,-0.009671100708452292,0.5576661229133606,0.15867866575717926,0.1086786687374115,0.8172725439071655,0.8172725439071655,0,ROW_FOLLOW,,1.0,129.0,111.0,0.04830466955900192,-0.02213817834854126,0.0,0.2577980160713196,0.0,-0.3020743727684021,0.0,0.6269841194152832,0.764285683631897,0.9294435381889343,0.9362096190452576,1.0,0.5714285969734192,0.8172725439071655,0.30000001192092896,0.20000000298023224,0.20000000298023224,0.15000000596046448,0.15000000596046448,1.0,1.0,1.0,1.0
complex_qaware_v018_r4,closed_loop,complex,full,1,0.18,True,24.495687229,1785050747.9132395,2.5510045966604182,0.02512385210409215,-0.06430712080884907,0.11876524031443662,-0.06904527023220891,2.969852164791484,0.14622018834434025,0.00592579705966351,19.0,2.5403161266004894,0.00846635450068878,3.44027123403275,-0.0005313744803912964,4.406889792969371,-0.010195649466007132,0.556365966796875,0.15863271057605743,0.10863271355628967,0.7918857336044312,0.8172725439071655,0,ROW_FOLLOW,,1.0,122.0,97.0,0.05430880934000015,-0.0203721821308136,0.0,0.2591615319252014,0.0,-0.2999058961868286,0.0,0.5952380895614624,0.6857142448425293,0.9272764921188354,0.9381070733070374,1.0,0.4285714328289032,0.7918857336044312,0.30000001192092896,0.20000000298023224,0.20000000298023224,0.15000000596046448,0.15000000596046448,1.0,1.0,1.0,1.0
complex_qaware_v018_r4,closed_loop,complex,full,1,0.18,True,24.545348307,1785050747.9629004,2.55671581491865,0.023142553521695093,-0.06813278081729687,0.1205113306618893,-0.04095383998973203,2.9773148406025194,0.1412473441020313,0.008613919645108697,19.0,2.5403161266004894,0.00846635450068878,3.44027123403275,-0.0005313744803912964,4.406889792969371,-0.010195649466007132,0.556365966796875,0.15863271057605743,0.10863271355628967,0.7918857336044312,0.7918857336044312,0,ROW_FOLLOW,,1.0,122.0,97.0,0.05430880934000015,-0.0203721821308136,0.0,0.2591615319252014,0.0,-0.2999058961868286,0.0,0.5952380895614624,0.6857142448425293,0.9272764921188354,0.9381070733070374,1.0,0.4285714328289032,0.7918857336044312,0.30000001192092896,0.20000000298023224,0.20000000298023224,0.15000000596046448,0.15000000596046448,1.0,1.0,1.0,1.0
complex_qaware_v018_r4,closed_loop,complex,full,1,0.18,True,24.595305872,1785050748.0128582,2.558253023951884,0.02559678157137796,-0.07015890559424333,0.12079189921291934,-0.05097671792738613,2.9884493359072484,0.14226422901241956,-0.0018346869091868789,21.0,2.549973760798307,0.0065082566085092304,3.5499238828396265,-0.0034898398725104565,4.549460469965588,-0.01261010780524737,0.5561347603797913,0.15098769962787628,0.10098770260810852,0.7923890352249146,0.7918857336044312,0,ROW_FOLLOW,,1.0,126.0,88.0,0.060160137712955475,-0.019019633531570435,0.0,0.2607884407043457,0.0,-0.2988277077674866,0.0,0.6190476417541504,0.6595237255096436,0.9268913269042969,0.9292779564857483,1.0,0.380952388048172,0.7923890352249146,0.30000001192092896,0.20000000298023224,0.20000000298023224,0.15000000596046448,0.15000000596046448,1.0,1.0,1.0,1.0
complex_qaware_v018_r4,closed_loop,complex,full,1,0.18,True,24.64511825,1785050748.0626707,2.564289345536512,0.02696344823317637,-0.07251054356841635,0.12291675817265058,-0.03092198999701446,2.996312384580281,0.14048093476036969,-0.014327277200766146,21.0,2.549973760798307,0.0065082566085092304,3.5499238828396265,-0.0034898398725104565,4.549460469965588,-0.01261010780524737,0.5561347603797913,0.15098769962787628,0.10098770260810852,0.7923890352249146,0.7923890352249146,0,ROW_FOLLOW,,1.0,126.0,88.0,0.060160137712955475,-0.019019633531570435,0.0,0.2607884407043457,0.0,-0.2988277077674866,0.0,0.6190476417541504,0.6595237255096436,0.9268913269042969,0.9292779564857483,1.0,0.380952388048172,0.7923890352249146,0.30000001192092896,0.20000000298023224,0.20000000298023224,0.15000000596046448,0.15000000596046448,1.0,1.0,1.0,1.0
complex_qaware_v018_r4,closed_loop,complex,full,1,0.18,True,24.696085058,1785050748.1136374,2.5703574859368366,0.02651264828156443,-0.07415305002602415,0.12207226124694708,-0.052178996118087476,3.0024072412483727,0.1408203401588272,-0.012064574544382768,21.0,2.5596819861973166,0.006771011920580601,3.5596321167028244,-0.003227550872984944,4.564022830374693,-0.01221737564999187,0.5587003827095032,0.14773894846439362,0.09773895144462585,0.7916848659515381,0.7923890352249146,0,ROW_FOLLOW,,1.0,121.0,80.0,0.06415393948554993,-0.017531275749206543,0.0,0.2633570432662964,0.0,-0.2984195947647095,0.0,0.6269841194152832,0.6333332657814026,0.9311673045158386,0.9379299879074097,1.0,0.3333333432674408,0.7916848659515381,0.30000001192092896,0.20000000298023224,0.20000000298023224,0.15000000596046448,0.15000000596046448,1.0,1.0,1.0,1.0
complex_qaware_v018_r4,closed_loop,complex,full,1,0.18,True,24.745226507,1785050748.1627789,2.5765382657253193,0.025994111295560042,-0.07829253357387776,0.12310980171895192,-0.06310416383028412,3.0086534378891905,0.08547120687548801,-0.00025901423323813053,21.0,2.5596819861973166,0.006771011920580601,3.5596321167028244,-0.003227550872984944,4.564022830374693,-0.01221737564999187,0.5587003827095032,0.14773894846439362,0.09773895144462585,0.7916848659515381,0.6000000238418579,0,ROW_FOLLOW,,1.0,121.0,80.0,0.06415393948554993,-0.017531275749206543,0.0,0.2633570432662964,0.0,-0.2984195947647095,0.0,0.6269841194152832,0.6333332657814026,0.9311673045158386,0.9379299879074097,1.0,0.3333333432674408,0.7916848659515381,0.30000001192092896,0.20000000298023224,0.20000000298023224,0.15000000596046448,0.15000000596046448,1.0,1.0,1.0,1.0
complex_qaware_v018_r4,closed_loop,complex,full,1,0.18,True,24.795223369,1785050748.2127757,2.5825943315143363,0.025443372426308532,-0.08094962587442822,0.12483546799371815,-0.06293291938505753,3.0147830480943956,0.08501405045460249,0.004108664016434398,21.0,2.5702216137456375,0.007849860066611326,3.5701717397737025,-0.0021490561951939477,4.570121901882195,-0.012147974987484307,0.5531255006790161,0.14472748339176178,0.09472748637199402,0.7580111026763916,0.6000000238418579,0,ROW_FOLLOW,,1.0,119.0,68.0,0.07095026224851608,-0.01745501160621643,0.0,0.26363158226013184,0.0,-0.2985416054725647,0.0,0.5396825671195984,0.6071427464485168,0.9218758344650269,0.935350775718689,1.0,0.2857142984867096,0.7580111026763916,0.30000001192092896,0.20000000298023224,0.20000000298023224,0.15000000596046448,0.15000000596046448,1.0,1.0,1.0,1.0
complex_qaware_v018_r4,closed_loop,complex,full,1,0.18,True,24.84526993,1785050748.2628222,2.5871850972463624,0.029377790879640913,-0.0851132170633391,0.11568163279879115,-0.05231429193269434,3.0210480987371584,0.08161474364251109,-0.0022027421116031006,21.0,2.5702216137456375,0.007849860066611326,3.5701717397737025,-0.0021490561951939477,4.570121901882195,-0.012147974987484307,0.5531255006790161,0.14472748339176178,0.09472748637199402,0.7580111026763916,0.6000000238418579,0,ROW_FOLLOW,,1.0,119.0,68.0,0.07095026224851608,-0.01745501160621643,0.0,0.26363158226013184,0.0,-0.2985416054725647,0.0,0.5396825671195984,0.6071427464485168,0.9218758344650269,0.935350775718689,1.0,0.2857142984867096,0.7580111026763916,0.30000001192092896,0.20000000298023224,0.20000000298023224,0.15000000596046448,0.15000000596046448,1.0,1.0,1.0,1.0
complex_qaware_v018_r4,closed_loop,complex,full,1,0.18,True,24.895185702,1785050748.312738,2.593101828393149,0.028837789734675344,-0.08651912140111094,0.11663011062381536,-0.04013192795198921,3.0270062685605303,0.08185965401469077,4.8768629201117265e-05,21.0,2.5818453934870633,0.009681863039855536,3.581795524598474,-0.0003173195610031063,4.581745686508614,-0.010316505063088118,0.5560229420661926,0.1483006328344345,0.09830063581466675,0.7465291023254395,0.6000000238418579,0,ROW_FOLLOW,,1.0,117.0,69.0,0.07651956379413605,-0.016764521598815918,0.0,0.26430743932724,0.0,-0.2978364825248718,0.0,0.5,0.6071427464485168,0.9267049431800842,0.9317304491996765,1.0,0.2857142984867096,0.7465291023254395,0.30000001192092896,0.20000000298023224,0.20000000298023224,0.15000000596046448,0.15000000596046448,1.0,1.0,1.0,1.0
complex_qaware_v018_r4,closed_loop,complex,full,1,0.18,True,24.945724723,1785050748.363277,2.59412365574008,0.028073947167130707,-0.08925087674342881,0.10653116167867654,-0.053671387823164746,3.0378941094421585,0.07811760570482858,0.022392851919707687,21.0,2.5818453934870633,0.009681863039855536,3.581795524598474,-0.0003173195610031063,4.581745686508614,-0.010316505063088118,0.5560229420661926,0.1483006328344345,0.09830063581466675,0.7465291023254395,0.6000000238418579,0,ROW_FOLLOW,,1.0,117.0,69.0,0.07651956379413605,-0.016764521598815918,0.0,0.26430743932724,0.0,-0.2978364825248718,0.0,0.5,0.6071427464485168,0.9267049431800842,0.9317304491996765,1.0,0.2857142984867096,0.7465291023254395,0.30000001192092896,0.20000000298023224,0.20000000298023224,0.15000000596046448,0.15000000596046448,1.0,1.0,1.0,1.0
complex_qaware_v018_r4,closed_loop,complex,full,1,0.18,True,24.996934321,1785050748.4144866,2.601602764233196,0.026226975291610864,-0.0912158083847685,0.10095478393451678,-0.05084627712651518,3.0458344152891157,0.07703484610061834,0.03206212983387909,19.0,2.592290656324652,0.009777534663527692,3.4922570133818396,0.002278050146774187,4.458889279484165,-0.0055547461644300895,0.5545011162757874,0.14720381796360016,0.0972038209438324,0.7638310194015503,0.6000000238418579,0,ROW_FOLLOW,,1.0,121.0,73.0,0.08621611446142197,-0.016957923769950867,0.0,0.26383426785469055,0.0,-0.2977501153945923,0.0,0.5158730149269104,0.6595237255096436,0.9241686463356018,0.9488710761070251,1.0,0.380952388048172,0.7638310194015503,0.30000001192092896,0.20000000298023224,0.20000000298023224,0.15000000596046448,0.15000000596046448,1.0,1.0,1.0,1.0
complex_qaware_v018_r4,closed_loop,complex,full,1,0.18,True,25.045463658,1785050748.463016,2.6069859049029867,0.02567153111208553,-0.09373238909524235,0.10206435784869983,-0.04877910377128968,3.0512837724444846,0.07747226763199637,0.043827167142328705,19.0,2.592290656324652,0.009777534663527692,3.4922570133818396,0.002278050146774187,4.458889279484165,-0.0055547461644300895,0.5545011162757874,0.14720381796360016,0.0972038209438324,0.7638310194015503,0.6000000238418579,0,ROW_FOLLOW,,1.0,121.0,73.0,0.08621611446142197,-0.016957923769950867,0.0,0.26383426785469055,0.0,-0.2977501153945923,0.0,0.5158730149269104,0.6595237255096436,0.9241686463356018,0.9488710761070251,1.0,0.380952388048172,0.7638310194015503,0.30000001192092896,0.20000000298023224,0.20000000298023224,0.15000000596046448,0.15000000596046448,1.0,1.0,1.0,1.0
complex_qaware_v018_r4,closed_loop,complex,full,1,0.18,True,25.096616678,1785050748.5141687,2.6084503855709564,0.025478321596080798,-0.09574128142466748,0.10275856272350098,-0.05261956426634938,3.0527972431066743,0.07707285869773421,0.04731318192934351,20.0,2.600933997151157,0.010243523513202473,3.600906795452245,0.0031605731594284963,4.550575340136616,-0.0050185542406850255,0.5604104995727539,0.1584932953119278,0.10849329829216003,0.7764855623245239,0.6000000238418579,0,ROW_FOLLOW,,1.0,114.0,73.0,0.08949147164821625,-0.01609143614768982,0.0,0.26542025804519653,0.0,-0.29760313034057617,0.0,0.5396825075149536,0.6857142448425293,0.9340173602104187,0.9375632405281067,1.0,0.4285714328289032,0.7764855623245239,0.30000001192092896,0.20000000298023224,0.20000000298023224,0.15000000596046448,0.15000000596046448,1.0,1.0,1.0,1.0
complex_qaware_v018_r4,closed_loop,complex,full,1,0.18,True,25.145559754,1785050748.563112,2.612983512558746,0.0282583019349561,-0.09924774687581815,0.0968941657349574,-0.0540070748839474,3.0593578774294787,0.13316414268142088,0.044021723579956235,20.0,2.600933997151157,0.010243523513202473,3.600906795452245,0.0031605731594284963,4.550575340136616,-0.0050185542406850255,0.5604104995727539,0.1584932953119278,0.10849329829216003,0.7764855623245239,0.7764855623245239,0,ROW_FOLLOW,,1.0,114.0,73.0,0.08949147164821625,-0.01609143614768982,0.0,0.26542025804519653,0.0,-0.29760313034057617,0.0,0.5396825075149536,0.6857142448425293,0.9340173602104187,0.9375632405281067,1.0,0.4285714328289032,0.7764855623245239,0.30000001192092896,0.20000000298023224,0.20000000298023224,0.15000000596046448,0.15000000596046448,1.0,1.0,1.0,1.0
complex_qaware_v018_r4,closed_loop,complex,full,1,0.18,True,25.195770671,1785050748.613323,2.6178491001240807,0.027744801541510947,-0.1007784830206569,0.0967510698733957,-0.04087100393860128,3.064265749997879,0.13270581036656465,0.04707727234566435,21.0,2.6092020644506597,0.010332956665236257,3.609182896204402,0.004187366076244959,4.617686927087816,-0.0020322436731560894,0.5609492063522339,0.155465766787529,0.10546576976776123,0.7781286239624023,0.7764855623245239,0,ROW_FOLLOW,,1.0,121.0,75.0,0.09359109401702881,-0.015402793884277344,0.0,0.2667309641838074,0.0,-0.29753655195236206,0.0,0.547619104385376,0.6857142448425293,0.9349153637886047,0.9314460754394531,1.0,0.4285714328289032,0.7781286239624023,0.30000001192092896,0.20000000298023224,0.20000000298023224,0.15000000596046448,0.15000000596046448,1.0,1.0,1.0,1.0
complex_qaware_v018_r4,closed_loop,complex,full,1,0.18,True,25.24526,1785050748.6628122,2.6237341550610727,0.02540507054597516,-0.10269351816575467,0.09526936885293348,-0.05177373013542615,3.0712681688731234,0.1303018413689447,0.06507540629525127,21.0,2.6092020644506597,0.010332956665236257,3.609182896204402,0.004187366076244959,4.617686927087816,-0.0020322436731560894,0.5609492063522339,0.155465766787529,0.10546576976776123,0.7781286239624023,0.7781286239624023,0,ROW_FOLLOW,,1.0,121.0,75.0,0.09359109401702881,-0.015402793884277344,0.0,0.2667309641838074,0.0,-0.29753655195236206,0.0,0.547619104385376,0.6857142448425293,0.9349153637886047,0.9314460754394531,1.0,0.4285714328289032,0.7781286239624023,0.30000001192092896,0.20000000298023224,0.20000000298023224,0.15000000596046448,0.15000000596046448,1.0,1.0,1.0,1.0
complex_qaware_v018_r4,closed_loop,complex,full,1,0.18,True,25.29510966,1785050748.712662,2.6289843892382088,0.02484288523507242,-0.1042844460672816,0.09660160003846291,-0.03837830411704694,3.0765646572758065,0.12978082015921333,0.06854888102679386,21.0,2.618369997432623,0.009615817144473772,3.618354241827319,0.005839930374382931,4.623352241321811,0.0046522322623994364,0.5578426122665405,0.15470583736896515,0.10470584034919739,0.7737855911254883,0.7781286239624023,0,ROW_FOLLOW,,1.0,123.0,87.0,0.10639387369155884,-0.017725080251693726,0.0,0.26391613483428955,0.0,-0.299366295337677,0.0,0.5317460298538208,0.6857142448425293,0.9297376275062561,0.9411425590515137,1.0,0.4285714328289032,0.7737855911254883,0.30000001192092896,0.20000000298023224,0.20000000298023224,0.15000000596046448,0.15000000596046448,1.0,1.0,1.0,1.0
complex_qaware_v018_r4,closed_loop,complex,full,1,0.18,True,25.345392066,1785050748.7629442,2.633267825302264,0.02409135840458253,-0.10693563313219073,0.09634443588967354,-0.039561380707818734,3.082299488147064,0.12755670205237007,0.07816469566811865,21.0,2.618369997432623,0.009615817144473772,3.618354241827319,0.005839930374382931,4.623352241321811,0.0046522322623994364,0.5578426122665405,0.15470583736896515,0.10470584034919739,0.7737855911254883,0.7737855911254883,0,ROW_FOLLOW,,1.0,123.0,87.0,0.10639387369155884,-0.017725080251693726,0.0,0.26391613483428955,0.0,-0.299366295337677,0.0,0.5317460298538208,0.6857142448425293,0.9297376275062561,0.9411425590515137,1.0,0.4285714328289032,0.7737855911254883,0.30000001192092896,0.20000000298023224,0.20000000298023224,0.15000000596046448,0.15000000596046448,1.0,1.0,1.0,1.0
complex_qaware_v018_r4,closed_loop,complex,full,1,0.18,True,25.398130407,1785050748.8156826,2.6387230171595366,0.02348756949519059,-0.10783046159863204,0.09925158950407002,-0.015459926220581606,3.0877973687340123,0.12715708442540108,0.08082881318124524,21.0,2.628520824097238,0.007842035579268854,3.628508782823848,0.007510085787575958,4.628496775216657,0.0071781346841733535,0.5571836233139038,0.15056444704532623,0.10056445002555847,0.7632410526275635,0.7737855911254883,0,ROW_FOLLOW,,1.0,110.0,92.0,0.11191250383853912,-0.019421875476837158,0.0,0.26191017031669617,0.0,-0.3007539212703705,0.0,0.5000000596046448,0.6857142448425293,0.9286394715309143,0.9358021020889282,1.0,0.4285714328289032,0.7632410526275635,0.30000001192092896,0.20000000298023224,0.20000000298023224,0.15000000596046448,0.15000000596046448,1.0,1.0,1.0,1.0
complex_qaware_v018_r4,closed_loop,complex,full,1,0.18,True,25.445437057,1785050748.8629894,2.642238666604578,0.022016237899865822,-0.1095521979490046,0.09645882781811277,-0.030117178475429246,3.095802764696174,0.1239623667105375,0.08947348508282613,21.0,2.628520824097238,0.007842035579268854,3.628508782823848,0.007510085787575958,4.628496775216657,0.0071781346841733535,0.5571836233139038,0.15056444704532623,0.10056445002555847,0.7632410526275635,0.7632410526275635,0,ROW_FOLLOW,,1.0,110.0,92.0,0.11191250383853912,-0.019421875476837158,0.0,0.26191017031669617,0.0,-0.3007539212703705,0.0,0.5000000596046448,0.6857142448425293,0.9286394715309143,0.9358021020889282,1.0,0.4285714328289032,0.7632410526275635,0.30000001192092896,0.20000000298023224,0.20000000298023224,0.15000000596046448,0.15000000596046448,1.0,1.0,1.0,1.0
complex_qaware_v018_r4,closed_loop,complex,full,1,0.18,True,25.497097002,1785050748.9146492,2.6413323361734116,0.020450840155416504,-0.11076903870562527,0.09963921389659547,-0.03462472416766647,3.1077410533007703,0.12241987165450309,0.09975678545638882,20.0,2.636464744652549,0.003039222882658607,3.6364427351498567,0.008623482500163626,4.5697545071188665,0.014001349414773928,0.560371994972229,0.15474630892276764,0.10474631190299988,0.767164945602417,0.7632410526275635,0,ROW_FOLLOW,,1.0,118.0,81.0,0.12133053690195084,-0.022518128156661987,0.0,0.25825196504592896,0.0,-0.30328822135925293,0.0,0.5158730149269104,0.6595237255096436,0.9339533448219299,0.9580504298210144,1.0,0.380952388048172,0.767164945602417,0.30000001192092896,0.20000000298023224,0.20000000298023224,0.15000000596046448,0.15000000596046448,1.0,1.0,1.0,1.0
complex_qaware_v018_r4,closed_loop,complex,full,1,0.18,True,25.545411486,1785050748.9629638,2.646999396078264,0.019814210962655256,-0.11186872500181842,0.10010080552472661,-0.01015901753388616,3.1134459656268527,0.12463335269776707,0.08970891673778661,20.0,2.636464744652549,0.003039222882658607,3.6364427351498567,0.008623482500163626,4.5697545071188665,0.014001349414773928,0.560371994972229,0.15474630892276764,0.10474631190299988,0.767164945602417,0.767164945602417,0,ROW_FOLLOW,,1.0,118.0,81.0,0.12133053690195084,-0.022518128156661987,0.0,0.25825196504592896,0.0,-0.30328822135925293,0.0,0.5158730149269104,0.6595237255096436,0.9339533448219299,0.9580504298210144,1.0,0.380952388048172,0.767164945602417,0.30000001192092896,0.20000000298023224,0.20000000298023224,0.15000000596046448,0.15000000596046448,1.0,1.0,1.0,1.0
complex_qaware_v018_r4,closed_loop,complex,full,1,0.18,True,25.596291315,1785050749.0138435,2.6522224292421894,0.018367975850200474,-0.11237533012403714,0.10435457548805885,-0.012335316743674905,3.120353164502641,0.12364295245589907,0.09631158501690663,21.0,2.6442816728442047,-0.001211348581843314,3.6442423154811867,0.007143400883118149,4.645574981688154,0.01371893759126928,0.5555879473686218,0.14645613729953766,0.0964561402797699,0.763724684715271,0.767164945602417,0,ROW_FOLLOW,,1.0,110.0,86.0,0.12279641628265381,-0.024003148078918457,0.0,0.2566341757774353,0.0,-0.3046404719352722,0.0,0.5476190447807312,0.6071427464485168,0.9259797930717468,0.9520965814590454,1.0,0.2857142984867096,0.763724684715271,0.30000001192092896,0.20000000298023224,0.20000000298023224,0.15000000596046448,0.15000000596046448,1.0,1.0,1.0,1.0
complex_qaware_v018_r4,closed_loop,complex,full,1,0.18,True,25.647511634,1785050749.065064,2.658182985988085,0.017692685785700928,-0.11281385774215558,0.10696744452581863,0.0005293018502149544,3.126352997538691,0.07294843326668982,0.08322224726059771,21.0,2.6442816728442047,-0.001211348581843314,3.6442423154811867,0.007143400883118149,4.645574981688154,0.01371893759126928,0.5555879473686218,0.14645613729953766,0.0964561402797699,0.763724684715271,0.6000000238418579,0,ROW_FOLLOW,,1.0,110.0,86.0,0.12279641628265381,-0.024003148078918457,0.0,0.2566341757774353,0.0,-0.3046404719352722,0.0,0.5476190447807312,0.6071427464485168,0.9259797930717468,0.9520965814590454,1.0,0.2857142984867096,0.763724684715271,0.30000001192092896,0.20000000298023224,0.20000000298023224,0.15000000596046448,0.15000000596046448,1.0,1.0,1.0,1.0
complex_qaware_v018_r4,closed_loop,complex,full,1,0.18,True,25.695287769,1785050749.11284,2.6678394493085085,0.01632542709518392,-0.11297152424995091,0.11042822198429365,-0.021771876382623085,3.1361160794701024,0.07248506080200369,0.08726709460729024,21.0,2.654095649590728,-0.005933760496811471,3.6540199855327287,0.006165367909556748,4.660187053968752,0.01786845156830069,0.5575993657112122,0.14915134012699127,0.09915134310722351,0.7735162973403931,0.6000000238418579,0,ROW_FOLLOW,,1.0,114.0,89.0,0.12828730046749115,-0.026429906487464905,0.0,0.25370022654533386,0.0,-0.30656003952026367,0.0,0.5634920597076416,0.6333332657814026,0.9293321967124939,0.9462370276451111,1.0,0.3333333432674408,0.7735162973403931,0.30000001192092896,0.20000000298023224,0.20000000298023224,0.15000000596046448,0.15000000596046448,1.0,1.0,1.0,1.0
complex_qaware_v018_r4,closed_loop,complex,full,1,0.18,True,25.745846119,1785050749.1633985,2.6737698227439615,0.015642751303691114,-0.11368860060986519,0.11247301508817531,0.003931529858810408,3.142094485482537,0.07492878169561452,0.07421501392843163,21.0,2.654095649590728,-0.005933760496811471,3.6540199855327287,0.006165367909556748,4.660187053968752,0.01786845156830069,0.5575993657112122,0.14915134012699127,0.09915134310722351,0.7735162973403931,0.6000000238418579,0,ROW_FOLLOW,,1.0,114.0,89.0,0.12828730046749115,-0.026429906487464905,0.0,0.25370022654533386,0.0,-0.30656003952026367,0.0,0.5634920597076416,0.6333332657814026,0.9293321967124939,0.9462370276451111,1.0,0.3333333432674408,0.7735162973403931,0.30000001192092896,0.20000000298023224,0.20000000298023224,0.15000000596046448,0.15000000596046448,1.0,1.0,1.0,1.0
complex_qaware_v018_r4,closed_loop,complex,full,1,0.18,True,25.795384635,1785050749.2129369,2.6785641549327166,0.014712663066561965,-0.1138333315010369,0.1119052392558461,-0.002917074699156063,3.1489765552871574,0.07454345280539595,0.07753602898261522,20.0,2.6665556503404333,-0.009539512363191218,3.6714654892638805,0.0037712285725269522,4.599715430405218,0.01608423741810668,0.5562148094177246,0.1432991772890091,0.09329918026924133,0.7850943803787231,0.6000000238418579,0,ROW_FOLLOW,,1.0,117.0,90.0,0.12782013416290283,-0.027598649263381958,0.0,0.2521865963935852,0.0,-0.3073838949203491,0.0,0.60317462682724,0.6333332657814026,0.9270245432853699,0.9471362233161926,1.0,0.3333333432674408,0.7850943803787231,0.30000001192092896,0.20000000298023224,0.20000000298023224,0.15000000596046448,0.15000000596046448,1.0,1.0,1.0,1.0
complex_qaware_v018_r4,closed_loop,complex,full,1,0.18,True,25.845589632,1785050749.2631419,2.6842167799585357,0.014903339671851146,-0.11393891558684424,0.11288838051722556,0.004584816076979648,3.155626914961383,0.07748065442392515,0.062069298839806386,20.0,2.6665556503404333,-0.009539512363191218,3.6714654892638805,0.0037712285725269522,4.599715430405218,0.01608423741810668,0.5562148094177246,0.1432991772890091,0.09329918026924133,0.7850943803787231,0.6000000238418579,0,ROW_FOLLOW,,1.0,117.0,90.0,0.12782013416290283,-0.027598649263381958,0.0,0.2521865963935852,0.0,-0.3073838949203491,0.0,0.60317462682724,0.6333332657814026,0.9270245432853699,0.9471362233161926,1.0,0.3333333432674408,0.7850943803787231,0.30000001192092896,0.20000000298023224,0.20000000298023224,0.15000000596046448,0.15000000596046448,1.0,1.0,1.0,1.0
complex_qaware_v018_r4,closed_loop,complex,full,1,0.18,True,25.897575346,1785050749.3151276,2.689653097305905,0.014280847258290002,-0.11401097818945832,0.10949605101882225,-0.005539355656763066,3.161099150201275,0.07735180308428936,0.06316344618358298,20.0,2.6790707226649757,-0.012258756121746131,3.688970130963893,0.0019731996315385534,4.645542005057042,0.01542488625911694,0.5541682243347168,0.14565105736255646,0.0956510603427887,0.7690011262893677,0.6000000238418579,0,ROW_FOLLOW,,1.0,103.0,97.0,0.12700104713439941,-0.02807481586933136,0.0,0.2510940134525299,0.0,-0.3072436451911926,0.0,0.5476190447807312,0.6333332657814026,0.9236134886741638,0.9555070996284485,1.0,0.3333333432674408,0.7690011262893677,0.30000001192092896,0.20000000298023224,0.20000000298023224,0.15000000596046448,0.15000000596046448,1.0,1.0,1.0,1.0
complex_qaware_v018_r4,closed_loop,complex,full,1,0.18,True,25.945387738,1785050749.3629398,2.6948967264880745,0.013671196136768118,-0.1149126825858939,0.10907073556823323,-0.003428750628393194,3.1663846303659193,0.07637791866843358,0.05786036580572963,20.0,2.6790707226649757,-0.012258756121746131,3.688970130963893,0.0019731996315385534,4.645542005057042,0.01542488625911694,0.5541682243347168,0.14565105736255646,0.0956510603427887,0.7690011262893677,0.6000000238418579,0,ROW_FOLLOW,,1.0,103.0,97.0,0.12700104713439941,-0.02807481586933136,0.0,0.2510940134525299,0.0,-0.3072436451911926,0.0,0.5476190447807312,0.6333332657814026,0.9236134886741638,0.9555070996284485,1.0,0.3333333432674408,0.7690011262893677,0.30000001192092896,0.20000000298023224,0.20000000298023224,0.15000000596046448,0.15000000596046448,1.0,1.0,1.0,1.0
complex_qaware_v018_r4,closed_loop,complex,full,1,0.18,True,25.995990633,1785050749.413543,2.6999333188198245,0.01308725580879211,-0.1147299754538272,0.10721420123130404,-0.0034029575432831987,3.171462348428548,0.0763105569664478,0.0584443415606228,20.0,2.6897459710461207,-0.013695013044580885,3.7046591063855536,-0.0004261632908847388,4.689574861360135,0.012450497915370734,0.5541720986366272,0.1448144167661667,0.09481441974639893,0.7830743789672852,0.6000000238418579,0,ROW_FOLLOW,,1.0,113.0,101.0,0.126972496509552,-0.027499467134475708,0.0,0.25171107053756714,0.0,-0.30671000480651855,0.0,0.5634921193122864,0.6857142448425293,0.9236202239990234,0.9477326273918152,1.0,0.4285714328289032,0.7830743789672852,0.30000001192092896,0.20000000298023224,0.20000000298023224,0.15000000596046448,0.15000000596046448,1.0,1.0,1.0,1.0
complex_qaware_v018_r4,closed_loop,complex,full,1,0.18,True,26.045192244,1785050749.4627445,2.699729777597279,0.013111259141795827,-0.11460996454695804,0.10731224290166082,-0.010519250892137113,3.1716799286524875,0.0782470604195391,0.05384735412804614,20.0,2.6897459710461207,-0.013695013044580885,3.7046591063855536,-0.0004261632908847388,4.689574861360135,0.012450497915370734,0.5541720986366272,0.1448144167661667,0.09481441974639893,0.7830743789672852,0.6000000238418579,0,ROW_FOLLOW,,1.0,113.0,101.0,0.126972496509552,-0.027499467134475708,0.0,0.25171107053756714,0.0,-0.30671000480651855,0.0,0.5634921193122864,0.6857142448425293,0.9236202239990234,0.9477326273918152,1.0,0.4285714328289032,0.7830743789672852,0.30000001192092896,0.20000000298023224,0.20000000298023224,0.15000000596046448,0.15000000596046448,1.0,1.0,1.0,1.0
complex_qaware_v018_r4,closed_loop,complex,full,1,0.18,True,26.096347185,1785050749.5138996,2.6994886397043505,0.01314400118691096,-0.1142317839200802,0.10736952124481579,0.013418838026108803,3.1719290457537688,0.07832092059136343,0.05321854905062187,20.0,2.6966920927068334,-0.013575842236548145,3.711615238242865,-0.001086765675173884,4.696540701605111,0.011033171798335822,0.5584372282028198,0.15080536901950836,0.1008053719997406,0.7912296056747437,0.6000000238418579,0,ROW_FOLLOW,,1.0,120.0,88.0,0.12591364979743958,-0.025671526789665222,0.0,0.2537200152873993,0.0,-0.30506306886672974,0.0,0.5873016119003296,0.6857142448425293,0.9307287931442261,0.94500333070755,1.0,0.4285714328289032,0.7912296056747437,0.30000001192092896,0.20000000298023224,0.20000000298023224,0.15000000596046448,0.15000000596046448,1.0,1.0,1.0,1.0
complex_qaware_v018_r4,closed_loop,complex,full,1,0.18,True,26.145186803,1785050749.562739,2.7180842306585578,0.01347049724841669,-0.1140389624937002,0.10716285903641916,0.007870733465329103,3.190531715175654,0.1356302009022078,0.04527418746164033,20.0,2.6966920927068334,-0.013575842236548145,3.711615238242865,-0.001086765675173884,4.696540701605111,0.011033171798335822,0.5584372282028198,0.15080536901950836,0.1008053719997406,0.7912296056747437,0.7912296056747437,0,ROW_FOLLOW,,1.0,120.0,88.0,0.12591364979743958,-0.025671526789665222,0.0,0.2537200152873993,0.0,-0.30506306886672974,0.0,0.5873016119003296,0.6857142448425293,0.9307287931442261,0.94500333070755,1.0,0.4285714328289032,0.7912296056747437,0.30000001192092896,0.20000000298023224,0.20000000298023224,0.15000000596046448,0.15000000596046448,1.0,1.0,1.0,1.0
complex_qaware_v018_r4,closed_loop,complex,full,1,0.18,True,26.19721319,1785050749.6147656,2.722797546949764,0.012920664656645443,-0.11481072628246641,0.10434942336634133,-0.010605553488978004,3.1952843136457774,0.13535507987811013,0.04710832762229139,21.0,2.70770712398982,-0.01279394536700684,3.7176390488821043,-0.001070264950064516,4.72294457449499,0.010330812930652284,0.5585144758224487,0.15938927233219147,0.1093892753124237,0.7929110527038574,0.7912296056747437,0,ROW_FOLLOW,,1.0,110.0,97.0,0.12569929659366608,-0.02436801791191101,0.0,0.25519809126853943,0.0,-0.30393412709236145,0.0,0.579365074634552,0.7119047045707703,0.9308573603630066,0.9369936585426331,1.0,0.4761904776096344,0.7929110527038574,0.30000001192092896,0.20000000298023224,0.20000000298023224,0.15000000596046448,0.15000000596046448,1.0,1.0,1.0,1.0
complex_qaware_v018_r4,closed_loop,complex,full,1,0.18,True,26.245324182,1785050749.6628764,2.7349897646492836,0.013801504752311384,-0.11503148006598754,0.11315938248108319,-0.022712198604281395,3.2076442956081674,0.13594435815240863,0.04519754222857128,21.0,2.70770712398982,-0.01279394536700684,3.7176390488821043,-0.001070264950064516,4.72294457449499,0.010330812930652284,0.5585144758224487,0.15938927233219147,0.1093892753124237,0.7929110527038574,0.7929110527038574,0,ROW_FOLLOW,,1.0,110.0,97.0,0.12569929659366608,-0.02436801791191101,0.0,0.25519809126853943,0.0,-0.30393412709236145,0.0,0.579365074634552,0.7119047045707703,0.9308573603630066,0.9369936585426331,1.0,0.4761904776096344,0.7929110527038574,0.30000001192092896,0.20000000298023224,0.20000000298023224,0.15000000596046448,0.15000000596046448,1.0,1.0,1.0,1.0
complex_qaware_v018_r4,closed_loop,complex,full,1,0.18,True,26.298095932,1785050749.7156482,2.738421183538342,0.013790620138428002,-0.11559362822119643,0.11012656079872703,-0.012806796628070272,3.214220329740518,0.13606509455245697,0.044392632894915705,20.0,2.7205083923937567,-0.011085534375994197,3.725445700680383,0.00014478805548757563,4.6870523786998,0.010895348006958225,0.5576952695846558,0.15926171839237213,0.10926172137260437,0.7869054079055786,0.7929110527038574,0,ROW_FOLLOW,,1.0,116.0,92.0,0.12653961777687073,-0.023076921701431274,0.0,0.2567061185836792,0.0,-0.30285996198654175,0.0,0.5634920597076416,0.7119047045707703,0.9294921159744263,0.9305232763290405,1.0,0.4761904776096344,0.7869054079055786,0.30000001192092896,0.20000000298023224,0.20000000298023224,0.15000000596046448,0.15000000596046448,1.0,1.0,1.0,1.0
complex_qaware_v018_r4,closed_loop,complex,full,1,0.18,True,26.345360534,1785050749.7629128,2.7434461934474306,0.013205105334532726,-0.11599696392686008,0.11555553699013835,-0.024733159215782025,3.219281596890944,0.13258566765648394,0.060382038443467886,20.0,2.7205083923937567,-0.011085534375994197,3.725445700680383,0.00014478805548757563,4.6870523786998,0.010895348006958225,0.5576952695846558,0.15926171839237213,0.10926172137260437,0.7869054079055786,0.7869054079055786,0,ROW_FOLLOW,,1.0,116.0,92.0,0.12653961777687073,-0.023076921701431274,0.0,0.2567061185836792,0.0,-0.30285996198654175,0.0,0.5634920597076416,0.7119047045707703,0.9294921159744263,0.9305232763290405,1.0,0.4761904776096344,0.7869054079055786,0.30000001192092896,0.20000000298023224,0.20000000298023224,0.15000000596046448,0.15000000596046448,1.0,1.0,1.0,1.0
complex_qaware_v018_r4,closed_loop,complex,full,1,0.18,True,26.39723511,1785050749.8147874,2.748661177325237,0.01259382154608128,-0.11634662054126602,0.11318104362839349,0.005038098482666542,3.2245358891583304,0.13236383902601273,0.0618608959799426,20.0,2.736876773811049,-0.009948381531240556,3.736818046098216,0.0008994140688103853,4.703427992942879,0.01138426593881831,0.5602385401725769,0.15971340239048004,0.10971340537071228,0.7838305234909058,0.7869054079055786,0,ROW_FOLLOW,,1.0,114.0,90.0,0.1270560771226883,-0.0217093825340271,0.0,0.25849080085754395,0.0,-0.30190956592559814,0.0,0.5634920597076416,0.6857142448425293,0.933730959892273,0.9392923712730408,1.0,0.4285714328289032,0.7838305234909058,0.30000001192092896,0.20000000298023224,0.20000000298023224,0.15000000596046448,0.15000000596046448,1.0,1.0,1.0,1.0
complex_qaware_v018_r4,closed_loop,complex,full,1,0.18,True,26.445482936,1785050749.8630352,2.763138236336323,0.01233817230888242,-0.11659419769081486,0.12879101320922165,0.0025438558062875764,3.239047962889708,0.13057710611626683,0.07008258741397483,20.0,2.736876773811049,-0.009948381531240556,3.736818046098216,0.0008994140688103853,4.703427992942879,0.01138426593881831,0.5602385401725769,0.15971340239048004,0.10971340537071228,0.7838305234909058,0.7838305234909058,0,ROW_FOLLOW,,1.0,114.0,90.0,0.1270560771226883,-0.0217093825340271,0.0,0.25849080085754395,0.0,-0.30190956592559814,0.0,0.5634920597076416,0.6857142448425293,0.933730959892273,0.9392923712730408,1.0,0.4285714328289032,0.7838305234909058,0.30000001192092896,0.20000000298023224,0.20000000298023224,0.15000000596046448,0.15000000596046448,1.0,1.0,1.0,1.0
complex_qaware_v018_r4,closed_loop,complex,full,1,0.18,True,26.495408822,1785050749.912961,2.765253413909552,0.012547336482422185,-0.11662947542902108,0.12499239734210534,-0.020751692760565668,3.24800590420096,0.13087523873149592,0.06809503664578062,20.0,2.751009310124793,-0.008504023499076942,3.750951844434171,0.0022249402358562307,4.750894378479442,0.012953900896222762,0.5584943890571594,0.15813420712947845,0.1081342101097107,0.7797890901565552,0.7838305234909058,0,ROW_FOLLOW,,1.0,117.0,101.0,0.12716153264045715,-0.01966126263141632,0.0,0.26046299934387207,0.0,-0.2997855246067047,0.0,0.5714285969734192,0.6595237255096436,0.9308239221572876,0.9352732300758362,1.0,0.380952388048172,0.7797890901565552,0.30000001192092896,0.20000000298023224,0.20000000298023224,0.15000000596046448,0.15000000596046448,1.0,1.0,1.0,1.0
complex_qaware_v018_r4,closed_loop,complex,full,1,0.18,True,26.545401078,1785050749.9629533,2.7709258034381063,0.011876925184061384,-0.11764307514331704,0.13456565741479617,-0.010703351526803462,3.2537199906418612,0.12772564382493637,0.08424261602162371,20.0,2.751009310124793,-0.008504023499076942,3.750951844434171,0.0022249402358562307,4.750894378479442,0.012953900896222762,0.5584943890571594,0.15813420712947845,0.1081342101097107,0.7797890901565552,0.7797890901565552,0,ROW_FOLLOW,,1.0,117.0,101.0,0.12716153264045715,-0.01966126263141632,0.0,0.26046299934387207,0.0,-0.2997855246067047,0.0,0.5714285969734192,0.6595237255096436,0.9308239221572876,0.9352732300758362,1.0,0.380952388048172,0.7797890901565552,0.30000001192092896,0.20000000298023224,0.20000000298023224,0.15000000596046448,0.15000000596046448,1.0,1.0,1.0,1.0
complex_qaware_v018_r4,closed_loop,complex,full,1,0.18,True,26.596385902,1785050750.0139382,2.7762307625744347,0.010056921115407617,-0.11814227229006136,0.13033974977768636,-0.013674682199146873,3.260680288477233,0.12645110222689548,0.09273956000856293,21.0,2.7635923316670854,-0.008213525770861695,3.7635368264253173,0.0023331238992122393,4.776315013085421,0.0123842485156389,0.5595952868461609,0.15828542411327362,0.10828542709350586,0.7823731899261475,0.7797890901565552,0,ROW_FOLLOW,,1.0,109.0,97.0,0.12854129076004028,-0.01847134530544281,0.0,0.26161709427833557,0.0,-0.2985597848892212,0.0,0.579365074634552,0.6595237255096436,0.9326586723327637,0.9341810345649719,1.0,0.380952388048172,0.7823731899261475,0.30000001192092896,0.20000000298023224,0.20000000298023224,0.15000000596046448,0.15000000596046448,1.0,1.0,1.0,1.0
complex_qaware_v018_r4,closed_loop,complex,full,1,0.18,True,26.648580455,1785050750.0661328,2.78091355126738,0.009024180498186013,-0.11861911038331073,0.12834285104765328,0.015707741837523142,3.2675453816633713,0.12570835460211502,0.10079213056394334,21.0,2.7635923316670854,-0.008213525770861695,3.7635368264253173,0.0023331238992122393,4.776315013085421,0.0123842485156389,0.5595952868461609,0.15828542411327362,0.10828542709350586,0.7823731899261475,0.7823731899261475,0,ROW_FOLLOW,,1.0,109.0,97.0,0.12854129076004028,-0.01847134530544281,0.0,0.26161709427833557,0.0,-0.2985597848892212,0.0,0.579365074634552,0.6595237255096436,0.9326586723327637,0.9341810345649719,1.0,0.380952388048172,0.7823731899261475,0.30000001192092896,0.20000000298023224,0.20000000298023224,0.15000000596046448,0.15000000596046448,1.0,1.0,1.0,1.0
complex_qaware_v018_r4,closed_loop,complex,full,1,0.18,True,26.696145705,1785050750.113698,2.786642393999432,0.008341154786490484,-0.11866653167754526,0.12115476604201543,0.010347337058573181,3.2733150714463792,0.12510836382089027,0.1047920691054417,21.0,2.776232553448564,-0.007959648352192166,3.7761784901992654,0.0024502705992321037,4.7815117822142295,0.012314834063758206,0.5537857413291931,0.13327831029891968,0.08327831327915192,0.7940173149108887,0.7823731899261475,0,ROW_FOLLOW,,1.0,115.0,99.0,0.12896576523780823,-0.016694724559783936,0.0,0.2633025646209717,0.0,-0.29669201374053955,0.0,0.6190476417541504,0.6857142448425293,0.9229761958122253,0.9104329347610474,1.0,0.4285714328289032,0.7940173149108887,0.30000001192092896,0.20000000298023224,0.20000000298023224,0.15000000596046448,0.15000000596046448,1.0,1.0,1.0,1.0
complex_qaware_v018_r4,closed_loop,complex,full,1,0.18,True,26.745385846,1785050750.162938,2.792382557904178,0.007651388622973757,-0.1192803101903524,0.12031776705584697,-0.02760852147484021,3.2791036127334636,0.07232723687439478,0.11273165697054555,21.0,2.776232553448564,-0.007959648352192166,3.7761784901992654,0.0024502705992321037,4.7815117822142295,0.012314834063758206,0.5537857413291931,0.13327831029891968,0.08327831327915192,0.7940173149108887,0.6000000238418579,0,ROW_FOLLOW,,1.0,115.0,99.0,0.12896576523780823,-0.016694724559783936,0.0,0.2633025646209717,0.0,-0.29669201374053955,0.0,0.6190476417541504,0.6857142448425293,0.9229761958122253,0.9104329347610474,1.0,0.4285714328289032,0.7940173149108887,0.30000001192092896,0.20000000298023224,0.20000000298023224,0.15000000596046448,0.15000000596046448,1.0,1.0,1.0,1.0
complex_qaware_v018_r4,closed_loop,complex,full,1,0.18,True,26.795629789,1785050750.213182,2.797336242959902,0.007057103087001486,-0.11942739781545608,0.11824210399824275,0.001952490170325529,3.2840952509727113,0.07210800383376362,0.11457236444223555,21.0,2.7869093125634095,-0.008273717556301798,3.7868563167982736,0.0020336491428617084,4.78680333496617,0.012341010126253658,0.556525468826294,0.13884444534778595,0.08884444832801819,0.780942440032959,0.6000000238418579,0,ROW_FOLLOW,,1.0,107.0,96.0,0.12965178489685059,-0.01511293649673462,0.0,0.2650890052318573,0.0,-0.29531487822532654,0.0,0.579365074634552,0.6595237255096436,0.9275423884391785,0.9314649701118469,1.0,0.380952388048172,0.780942440032959,0.30000001192092896,0.20000000298023224,0.20000000298023224,0.15000000596046448,0.15000000596046448,1.0,1.0,1.0,1.0
complex_qaware_v018_r4,closed_loop,complex,full,1,0.18,True,26.84526866,1785050750.262821,2.8032726343417576,0.0053720118637362296,-0.11941073403673697,0.11088905951169187,-0.0030402780653557265,3.290270919440505,0.06992633667233038,0.12306025909430485,21.0,2.7869093125634095,-0.008273717556301798,3.7868563167982736,0.0020336491428617084,4.78680333496617,0.012341010126253658,0.556525468826294,0.13884444534778595,0.08884444832801819,0.780942440032959,0.6000000238418579,0,ROW_FOLLOW,,1.0,107.0,96.0,0.12965178489685059,-0.01511293649673462,0.0,0.2650890052318573,0.0,-0.29531487822532654,0.0,0.579365074634552,0.6595237255096436,0.9275423884391785,0.9314649701118469,1.0,0.380952388048172,0.780942440032959,0.30000001192092896,0.20000000298023224,0.20000000298023224,0.15000000596046448,0.15000000596046448,1.0,1.0,1.0,1.0
complex_qaware_v018_r4,closed_loop,complex,full,1,0.18,True,26.897727731,1785050750.31528,2.8087504025032657,0.004718231089252636,-0.11949538342689392,0.11092565085862688,-0.004909070681515387,3.2957885112244276,0.06968431180639843,0.12512635132274724,21.0,2.7869093125634095,-0.008273717556301798,3.7868563167982736,0.0020336491428617084,4.78680333496617,0.012341010126253658,0.556525468826294,0.13884444534778595,0.08884444832801819,0.780942440032959,0.6000000238418579,0,ROW_FOLLOW,,1.0,107.0,96.0,0.12965178489685059,-0.01511293649673462,0.0,0.2650890052318573,0.0,-0.29531487822532654,0.0,0.579365074634552,0.6595237255096436,0.9275423884391785,0.9314649701118469,1.0,0.380952388048172,0.780942440032959,0.30000001192092896,0.20000000298023224,0.20000000298023224,0.15000000596046448,0.15000000596046448,1.0,1.0,1.0,1.0
complex_qaware_v018_r4,closed_loop,complex,full,1,0.18,True,26.945516827,1785050750.3630693,2.8082534768122,0.0033439830678718614,-0.119252888372817,0.09756835724183975,0.012389243116790075,3.3071531731771464,0.0695812954767008,0.1338517755344877,20.0,2.7977316509401198,-0.008467944057534047,3.797679449875543,0.0017625061004139227,4.730964141222902,0.0113088420383474,0.5572975277900696,0.1407589465379715,0.09075894951820374,0.791395902633667,0.6000000238418579,0,ROW_FOLLOW,,1.0,116.0,101.0,0.1296636462211609,-0.013715043663978577,0.0,0.2668357491493225,0.0,-0.29426583647727966,0.0,0.5952380895614624,0.6857142448425293,0.9288290739059448,0.932772159576416,1.0,0.4285714328289032,0.791395902633667,0.30000001192092896,0.20000000298023224,0.20000000298023224,0.15000000596046448,0.15000000596046448,1.0,1.0,1.0,1.0
complex_qaware_v018_r4,closed_loop,complex,full,1,0.18,True,26.998638603,1785050750.4161909,2.8132524596034605,0.0027496537625209217,-0.11910248454319161,0.09808140488921321,-0.012623549925900883,3.312190804204651,0.06938616408869508,0.13549554942276418,21.0,2.80656209787656,-0.00822749170214443,3.8065231879789163,0.0002786550956777054,4.8053330109955255,0.00750716273757796,0.5604735016822815,0.15617172420024872,0.10617172718048096,0.8070645332336426,0.6000000238418579,0,ROW_FOLLOW,,1.0,119.0,106.0,0.12422864884138107,-0.010381117463111877,0.0,0.27050289511680603,0.0,-0.2912651300430298,0.0,0.6190476417541504,0.7380951642990112,0.9341225624084473,0.9127110242843628,1.0,0.523809552192688,0.8070645332336426,0.30000001192092896,0.20000000298023224,0.20000000298023224,0.15000000596046448,0.15000000596046448,1.0,1.0,1.0,1.0
complex_qaware_v018_r4,closed_loop,complex,full,1,0.18,True,27.045291542,1785050750.462844,2.8148927451675108,0.0020434870522457703,-0.11899468267559986,0.08495416707077966,-0.001228715091977283,3.3203014711810663,0.12437676669381671,0.13929899525492626,21.0,2.80656209787656,-0.00822749170214443,3.8065231879789163,0.0002786550956777054,4.8053330109955255,0.00750716273757796,0.5604735016822815,0.15617172420024872,0.10617172718048096,0.8070645332336426,0.8070645332336426,0,ROW_FOLLOW,,1.0,119.0,106.0,0.12422864884138107,-0.010381117463111877,0.0,0.27050289511680603,0.0,-0.2912651300430298,0.0,0.6190476417541504,0.7380951642990112,0.9341225624084473,0.9127110242843628,1.0,0.523809552192688,0.8070645332336426,0.30000001192092896,0.20000000298023224,0.20000000298023224,0.15000000596046448,0.15000000596046448,1.0,1.0,1.0,1.0
complex_qaware_v018_r4,closed_loop,complex,full,1,0.18,True,27.096515925,1785050750.5140681,2.8196128145092647,0.0014794268452767868,-0.11896736811157285,0.08670890540390558,0.005356335914312361,3.3250562927966487,0.12410685171490655,0.14109842844766066,21.0,2.813952699650528,-0.007663159490953021,3.8139245037533116,-0.00045023292231753355,4.816451080858984,0.004473999416268975,0.5612834095954895,0.14892075955867767,0.09892076253890991,0.8065102100372314,0.8070645332336426,0,ROW_FOLLOW,,1.0,109.0,102.0,0.1253119558095932,-0.007841631770133972,0.0,0.2734929025173187,0.0,-0.28917616605758667,0.0,0.6269841194152832,0.7119047045707703,0.9354721903800964,0.9262641072273254,1.0,0.4761904776096344,0.8065102100372314,0.30000001192092896,0.20000000298023224,0.20000000298023224,0.15000000596046448,0.15000000596046448,1.0,1.0,1.0,1.0
complex_qaware_v018_r4,closed_loop,complex,full,1,0.18,True,27.145321943,1785050750.562874,2.820635283908643,0.00046774211237969295,-0.11854999605468258,0.07524214119143996,0.007716684102159478,3.3336034572396076,0.06919633678721529,0.14801850965597443,21.0,2.813952699650528,-0.007663159490953021,3.8139245037533116,-0.00045023292231753355,4.816451080858984,0.004473999416268975,0.5612834095954895,0.14892075955867767,0.09892076253890991,0.8065102100372314,0.6000000238418579,0,ROW_FOLLOW,,1.0,109.0,102.0,0.1253119558095932,-0.007841631770133972,0.0,0.2734929025173187,0.0,-0.28917616605758667,0.0,0.6269841194152832,0.7119047045707703,0.9354721903800964,0.9262641072273254,1.0,0.4761904776096344,0.8065102100372314,0.30000001192092896,0.20000000298023224,0.20000000298023224,0.15000000596046448,0.15000000596046448,1.0,1.0,1.0,1.0
complex_qaware_v018_r4,closed_loop,complex,full,1,0.18,True,27.197660019,1785050750.6152122,2.828552450450108,-0.0002173087334700625,-0.1181806951472244,0.07506728636882345,0.010457369424441934,3.3415592803001473,0.06902868054778194,0.14940436720492908,20.0,2.8205222929989326,-0.0068579739847991405,3.8205025316660106,-0.0006149600119113035,4.753817256174815,0.0052456950161704945,0.5606904625892639,0.1592177301645279,0.10921773314476013,0.8112760782241821,0.6000000238418579,0,ROW_FOLLOW,,1.0,115.0,99.0,0.1254391074180603,-0.006363406777381897,0.0,0.27482277154922485,0.0,-0.28754958510398865,0.0,0.6190476417541504,0.7380951642990112,0.9344841241836548,0.9403058290481567,1.0,0.523809552192688,0.8112760782241821,0.30000001192092896,0.20000000298023224,0.20000000298023224,0.15000000596046448,0.15000000596046448,1.0,1.0,1.0,1.0
complex_qaware_v018_r4,closed_loop,complex,full,1,0.18,True,27.245404538,1785050750.6629567,2.8332144049764065,-0.0007617025007404601,-0.11782419270715573,0.07817187249198948,0.00026728739072208354,3.34625903238739,0.12281171626647358,0.1547865187591946,20.0,2.8205222929989326,-0.0068579739847991405,3.8205025316660106,-0.0006149600119113035,4.753817256174815,0.0052456950161704945,0.5606904625892639,0.1592177301645279,0.10921773314476013,0.8112760782241821,0.8112760782241821,0,ROW_FOLLOW,,1.0,115.0,99.0,0.1254391074180603,-0.006363406777381897,0.0,0.27482277154922485,0.0,-0.28754958510398865,0.0,0.6190476417541504,0.7380951642990112,0.9344841241836548,0.9403058290481567,1.0,0.523809552192688,0.8112760782241821,0.30000001192092896,0.20000000298023224,0.20000000298023224,0.15000000596046448,0.15000000596046448,1.0,1.0,1.0,1.0
complex_qaware_v018_r4,closed_loop,complex,full,1,0.18,True,27.297299307,1785050750.7148516,2.8346853479403262,-0.0009291829846409401,-0.1176041836072175,0.08162622821743061,-0.001812839642525877,3.3477429206853033,0.12276948515886302,0.15506805947659835,21.0,2.8276625265373334,-0.006345457288515002,3.827636623257744,0.0008367435756478138,4.827143046033222,0.008060329676282715,0.5600506663322449,0.1552199274301529,0.10521993041038513,0.7975568771362305,0.8112760782241821,0,ROW_FOLLOW,,1.0,109.0,112.0,0.12554796040058136,-0.0051647573709487915,0.0,0.27631238102912903,0.0,-0.2866418957710266,0.0,0.5952380895614624,0.7119047045707703,0.933417797088623,0.9328058958053589,1.0,0.4761904776096344,0.7975568771362305,0.30000001192092896,0.20000000298023224,0.20000000298023224,0.15000000596046448,0.15000000596046448,1.0,1.0,1.0,1.0
complex_qaware_v018_r4,closed_loop,complex,full,1,0.18,True,27.345417851,1785050750.7629702,2.841381183293752,-0.0013946826773677521,-0.11693173175253291,0.08116667753610439,0.009110550464269574,3.3544595941441337,0.11944866712390088,0.16074380507080407,21.0,2.8276625265373334,-0.006345457288515002,3.827636623257744,0.0008367435756478138,4.827143046033222,0.008060329676282715,0.5600506663322449,0.1552199274301529,0.10521993041038513,0.7975568771362305,0.7975568771362305,0,ROW_FOLLOW,,1.0,109.0,112.0,0.12554796040058136,-0.0051647573709487915,0.0,0.27631238102912903,0.0,-0.2866418957710266,0.0,0.5952380895614624,0.7119047045707703,0.933417797088623,0.9328058958053589,1.0,0.4761904776096344,0.7975568771362305,0.30000001192092896,0.20000000298023224,0.20000000298023224,0.15000000596046448,0.15000000596046448,1.0,1.0,1.0,1.0
complex_qaware_v018_r4,closed_loop,complex,full,1,0.18,True,27.396332147,1785050750.8138845,2.8458173257718906,-0.0019066884398711737,-0.11618459594284579,0.08434063075957972,0.023162617541628395,3.3589323100497928,0.11931729641927599,0.16161960976830336,21.0,2.8363836075560926,-0.005678138440966977,3.8363624165903523,0.0005418106137599775,4.84023876917412,0.006174558671813378,0.5629559755325317,0.1601477712392807,0.11014777421951294,0.7933040857315063,0.7975568771362305,0,ROW_FOLLOW,,1.0,118.0,108.0,0.11964239180088043,-0.002453416585922241,0.0,0.27959543466567993,0.0,-0.2845022678375244,0.0,0.579365074634552,0.7119047045707703,0.9382597804069519,0.9297442436218262,1.0,0.4761904776096344,0.7933040857315063,0.30000001192092896,0.20000000298023224,0.20000000298023224,0.15000000596046448,0.15000000596046448,1.0,1.0,1.0,1.0
complex_qaware_v018_r4,closed_loop,complex,full,1,0.18,True,27.44542678,1785050750.8629792,2.853531350961258,-0.002151669484789305,-0.11520015514686759,0.09172254734132165,0.0187317051765211,3.366702967555348,0.11825316343982308,0.1636104799456539,21.0,2.8363836075560926,-0.005678138440966977,3.8363624165903523,0.0005418106137599775,4.84023876917412,0.006174558671813378,0.5629559755325317,0.1601477712392807,0.11014777421951294,0.7933040857315063,0.7933040857315063,0,ROW_FOLLOW,,1.0,118.0,108.0,0.11964239180088043,-0.002453416585922241,0.0,0.27959543466567993,0.0,-0.2845022678375244,0.0,0.579365074634552,0.7119047045707703,0.9382597804069519,0.9297442436218262,1.0,0.4761904776096344,0.7933040857315063,0.30000001192092896,0.20000000298023224,0.20000000298023224,0.15000000596046448,0.15000000596046448,1.0,1.0,1.0,1.0
complex_qaware_v018_r4,closed_loop,complex,full,1,0.18,True,27.498348359,1785050750.9159007,2.8585007240172593,-0.002714961906358871,-0.11423731265783889,0.09336709603317456,0.0157758706412682,3.3717137658541296,0.1181232794149784,0.1644763734446183,21.0,2.8363836075560926,-0.005678138440966977,3.8363624165903523,0.0005418106137599775,4.84023876917412,0.006174558671813378,0.5629559755325317,0.1601477712392807,0.11014777421951294,0.7933040857315063,0.7933040857315063,0,ROW_FOLLOW,,1.0,118.0,108.0,0.11964239180088043,-0.002453416585922241,0.0,0.27959543466567993,0.0,-0.2845022678375244,0.0,0.579365074634552,0.7119047045707703,0.9382597804069519,0.9297442436218262,1.0,0.4761904776096344,0.7933040857315063,0.30000001192092896,0.20000000298023224,0.20000000298023224,0.15000000596046448,0.15000000596046448,1.0,1.0,1.0,1.0
complex_qaware_v018_r4,closed_loop,complex,full,1,0.18,True,27.545451133,1785050750.9630034,2.8645637832906843,-0.003328240212345246,-0.11367217800265998,0.10246406029399702,0.02901253388684724,3.377814454266424,0.11766693683966467,0.17173694951637117,21.0,2.8463522884986627,-0.004648578710423473,3.8463355744595,0.0008496850058936382,4.846318861340446,0.006347947644302619,0.5597251057624817,0.1575346738100052,0.10753467679023743,0.7968193292617798,0.7968193292617798,0,ROW_FOLLOW,,1.0,117.0,114.0,0.11933062970638275,-0.0007769167423248291,0.0,0.2814227342605591,0.0,-0.28297656774520874,0.0,0.6111111640930176,0.6857142448425293,0.9328751564025879,0.9317873120307922,1.0,0.4285714328289032,0.7968193292617798,0.30000001192092896,0.20000000298023224,0.20000000298023224,0.15000000596046448,0.15000000596046448,1.0,1.0,1.0,1.0
complex_qaware_v018_r4,closed_loop,complex,full,1,0.18,True,27.597025574,1785050751.0145779,2.865400986775473,-0.003120026690567157,-0.11257502518432852,0.10276914642630856,0.038216017376538354,3.3873686322895216,0.11809187148732457,0.16890405186530522,20.0,2.856575428882372,-0.003383574792559945,3.8565625849307934,0.0015734254709075714,4.789883733182126,0.006245392053265836,0.5603770017623901,0.15352828800678253,0.10352829098701477,0.8098737001419067,0.7968193292617798,0,ROW_FOLLOW,,1.0,111.0,108.0,0.11889497935771942,0.0008212774991989136,0.0,0.28318026661872864,0.0,-0.2815377116203308,0.0,0.6587302088737488,0.6857142448425293,0.9339613914489746,0.92212975025177,1.0,0.4285714328289032,0.8098737001419067,0.30000001192092896,0.20000000298023224,0.20000000298023224,0.15000000596046448,0.15000000596046448,1.0,1.0,1.0,1.0
complex_qaware_v018_r4,closed_loop,complex,full,1,0.18,True,27.645344124,1785050751.0628965,2.875794474763874,-0.003724909650546845,-0.11121327283053309,0.10249279609437882,0.009276115526499203,3.397798080423366,0.11938615897184653,0.1759407136913111,20.0,2.856575428882372,-0.003383574792559945,3.8565625849307934,0.0015734254709075714,4.789883733182126,0.006245392053265836,0.5603770017623901,0.15352828800678253,0.10352829098701477,0.8098737001419067,0.8098737001419067,0,ROW_FOLLOW,,1.0,111.0,108.0,0.11889497935771942,0.0008212774991989136,0.0,0.28318026661872864,0.0,-0.2815377116203308,0.0,0.6587302088737488,0.6857142448425293,0.9339613914489746,0.92212975025177,1.0,0.4285714328289032,0.8098737001419067,0.30000001192092896,0.20000000298023224,0.20000000298023224,0.15000000596046448,0.15000000596046448,1.0,1.0,1.0,1.0
complex_qaware_v018_r4,closed_loop,complex,full,1,0.18,True,27.697012552,1785050751.114565,2.8774613907340774,-0.004035569749366419,-0.11039488433933853,0.10046234540070828,0.029950847270227086,3.3994984234598142,0.11934147034970306,0.1762386378389343,21.0,2.8671179651851517,-0.0020889638373701477,3.8671062872075592,0.0024620850165646105,4.867963866186109,0.005349165548944917,0.5614562034606934,0.14670048654079437,0.09670048952102661,0.8044185638427734,0.8098737001419067,0,ROW_FOLLOW,,1.0,107.0,113.0,0.1126348227262497,0.003559321165084839,0.0,0.28633320331573486,0.0,-0.2792145609855652,0.0,0.634920597076416,0.6857142448425293,0.9357602000236511,0.9309828877449036,1.0,0.4285714328289032,0.8044185638427734,0.30000001192092896,0.20000000298023224,0.20000000298023224,0.15000000596046448,0.15000000596046448,1.0,1.0,1.0,1.0
complex_qaware_v018_r4,closed_loop,complex,full,1,0.18,True,27.74543424,1785050751.1629865,2.8826659652764035,-0.004589133782675088,-0.10850707193727556,0.1016778307852985,0.02286442601895761,3.4047482453329483,0.06480161662565077,0.1829527500700784,21.0,2.8671179651851517,-0.0020889638373701477,3.8671062872075592,0.0024620850165646105,4.867963866186109,0.005349165548944917,0.5614562034606934,0.14670048654079437,0.09670048952102661,0.8044185638427734,0.6000000238418579,0,ROW_FOLLOW,,1.0,107.0,113.0,0.1126348227262497,0.003559321165084839,0.0,0.28633320331573486,0.0,-0.2792145609855652,0.0,0.634920597076416,0.6857142448425293,0.9357602000236511,0.9309828877449036,1.0,0.4285714328289032,0.8044185638427734,0.30000001192092896,0.20000000298023224,0.20000000298023224,0.15000000596046448,0.15000000596046448,1.0,1.0,1.0,1.0
complex_qaware_v018_r4,closed_loop,complex,full,1,0.18,True,27.795934606,1785050751.213487,2.88800104240568,-0.005147643384422694,-0.10764796833449841,0.10311624285908627,0.02273555147400824,3.410126173925403,0.06463080088044457,0.1843683957126504,21.0,2.876951715575307,-0.0006533228937137611,3.876944253883161,0.0019266010926357361,4.882727134582909,0.0015892537519249525,0.5604256391525269,0.1423713117837906,0.09237131476402283,0.7991832494735718,0.6000000238418579,0,ROW_FOLLOW,,1.0,113.0,113.0,0.10682789236307144,0.00596269965171814,0.0,0.28953656554222107,0.0,-0.2776111662387848,0.0,0.6190476417541504,0.6857142448425293,0.9340428113937378,0.9301167726516724,1.0,0.4285714328289032,0.7991832494735718,0.30000001192092896,0.20000000298023224,0.20000000298023224,0.15000000596046448,0.15000000596046448,1.0,1.0,1.0,1.0
complex_qaware_v018_r4,closed_loop,complex,full,1,0.18,True,27.845304767,1785050751.262857,2.8948301275881345,-0.005993181913355884,-0.10492326201634407,0.09998971874510897,0.04031967995268521,3.4171924831797695,0.06360774362225265,0.18939375365077152,21.0,2.876951715575307,-0.0006533228937137611,3.876944253883161,0.0019266010926357361,4.882727134582909,0.0015892537519249525,0.5604256391525269,0.1423713117837906,0.09237131476402283,0.7991832494735718,0.6000000238418579,0,ROW_FOLLOW,,1.0,113.0,113.0,0.10682789236307144,0.00596269965171814,0.0,0.28953656554222107,0.0,-0.2776111662387848,0.0,0.6190476417541504,0.6857142448425293,0.9340428113937378,0.9301167726516724,1.0,0.4285714328289032,0.7991832494735718,0.30000001192092896,0.20000000298023224,0.20000000298023224,0.15000000596046448,0.15000000596046448,1.0,1.0,1.0,1.0
complex_qaware_v018_r4,closed_loop,complex,full,1,0.18,True,27.8963647,1785050751.313917,2.899904179559504,-0.006499362319230865,-0.10345470738917939,0.10058975623925206,0.04311331817545227,3.4223067769536892,0.06355272881602761,0.18985267890361582,21.0,2.888465076255496,0.0013384279615611342,3.8884626435819487,0.0007733514709942774,4.888460219031089,0.00020827383768918929,0.5593838691711426,0.14491303265094757,0.09491303563117981,0.8017663955688477,0.6000000238418579,0,ROW_FOLLOW,,1.0,118.0,121.0,0.1003396138548851,0.010175898671150208,0.0,0.2937680780887604,0.0,-0.27341628074645996,0.0,0.6190476417541504,0.7119047045707703,0.9323062896728516,0.914732813835144,1.0,0.4761904776096344,0.8017663955688477,0.30000001192092896,0.20000000298023224,0.20000000298023224,0.15000000596046448,0.15000000596046448,1.0,1.0,1.0,1.0
complex_qaware_v018_r4,closed_loop,complex,full,1,0.18,True,27.945327202,1785050751.3628795,2.902529024180325,-0.0065964573405572794,-0.10128628771363514,0.09694559736075992,0.03976803761662666,3.4295534353320103,0.06341707295629288,0.19268869247715717,21.0,2.888465076255496,0.0013384279615611342,3.8884626435819487,0.0007733514709942774,4.888460219031089,0.00020827383768918929,0.5593838691711426,0.14491303265094757,0.09491303563117981,0.8017663955688477,0.6000000238418579,0,ROW_FOLLOW,,1.0,118.0,121.0,0.1003396138548851,0.010175898671150208,0.0,0.2937680780887604,0.0,-0.27341628074645996,0.0,0.6190476417541504,0.7119047045707703,0.9323062896728516,0.914732813835144,1.0,0.4761904776096344,0.8017663955688477,0.30000001192092896,0.20000000298023224,0.20000000298023224,0.15000000596046448,0.15000000596046448,1.0,1.0,1.0,1.0
complex_qaware_v018_r4,closed_loop,complex,full,1,0.18,True,27.995594826,1785050751.4131472,2.9071647819630493,-0.0070387419633836735,-0.09905440057325834,0.09594709850922119,0.06030607294918626,3.4342315858660397,0.06352930355044922,0.19175549801405994,21.0,2.8983681916888955,0.0032604001435434624,3.8983665814841295,0.0020032314474470784,4.898364971749902,0.0007460655946064937,0.5625877380371094,0.16049785912036896,0.1104978621006012,0.8236613273620605,0.6000000238418579,0,ROW_FOLLOW,,1.0,125.0,113.0,0.09921805560588837,0.01232840120792389,0.0,0.2961888611316681,0.0,-0.2715320587158203,0.0,0.6666666865348816,0.7380951642990112,0.9376463890075684,0.9234201312065125,1.0,0.523809552192688,0.8236613273620605,0.30000001192092896,0.20000000298023224,0.20000000298023224,0.15000000596046448,0.15000000596046448,1.0,1.0,1.0,1.0
complex_qaware_v018_r4,closed_loop,complex,full,1,0.18,True,28.045285027,1785050751.4628372,2.9143418225281006,-0.007439428461486415,-0.09451185209322283,0.09194434308661252,0.08629522203479334,3.441466012835766,0.11885067500350169,0.1960557594777947,21.0,2.8983681916888955,0.0032604001435434624,3.8983665814841295,0.0020032314474470784,4.898364971749902,0.0007460655946064937,0.5625877380371094,0.16049785912036896,0.1104978621006012,0.8236613273620605,0.8236613273620605,0,ROW_FOLLOW,,1.0,125.0,113.0,0.09921805560588837,0.01232840120792389,0.0,0.2961888611316681,0.0,-0.2715320587158203,0.0,0.6666666865348816,0.7380951642990112,0.9376463890075684,0.9234201312065125,1.0,0.523809552192688,0.8236613273620605,0.30000001192092896,0.20000000298023224,0.20000000298023224,0.15000000596046448,0.15000000596046448,1.0,1.0,1.0,1.0
complex_qaware_v018_r4,closed_loop,complex,full,1,0.18,True,28.09542772,1785050751.51298,2.9185095089973774,-0.007794769637803981,-0.0912205508318453,0.09034644757062918,0.08692486842812025,3.4456766793521827,0.11926662532806488,0.1932827573140401,21.0,2.9085242280184125,0.004898233151413973,3.908521562606206,0.004788656326470147,4.908518900275941,0.004679080675134562,0.562981903553009,0.16015015542507172,0.11015015840530396,0.8224978446960449,0.8236613273620605,0,ROW_FOLLOW,,1.0,120.0,103.0,0.0938432514667511,0.013523370027542114,0.0,0.29792630672454834,0.0,-0.2708795666694641,0.0,0.6587302088737488,0.7380951642990112,0.9383028745651245,0.9306613206863403,1.0,0.523809552192688,0.8224978446960449,0.30000001192092896,0.20000000298023224,0.20000000298023224,0.15000000596046448,0.15000000596046448,1.0,1.0,1.0,1.0
complex_qaware_v018_r4,closed_loop,complex,full,1,0.18,True,28.14556622,1785050751.5631187,2.918328562584023,-0.006068643991728573,-0.08533213816025542,0.07927143578140347,0.10040181570904089,3.4551182799420315,0.1202799167894544,0.1851313017055578,21.0,2.9085242280184125,0.004898233151413973,3.908521562606206,0.004788656326470147,4.908518900275941,0.004679080675134562,0.562981903553009,0.16015015542507172,0.11015015840530396,0.8224978446960449,0.8224978446960449,0,ROW_FOLLOW,,1.0,120.0,103.0,0.0938432514667511,0.013523370027542114,0.0,0.29792630672454834,0.0,-0.2708795666694641,0.0,0.6587302088737488,0.7380951642990112,0.9383028745651245,0.9306613206863403,1.0,0.523809552192688,0.8224978446960449,0.30000001192092896,0.20000000298023224,0.20000000298023224,0.15000000596046448,0.15000000596046448,1.0,1.0,1.0,1.0
complex_qaware_v018_r4,closed_loop,complex,full,1,0.18,True,28.195645264,1785050751.6131976,2.922874359777848,-0.00639686797244188,-0.08100429582166188,0.08099239031914754,0.10946674311058716,3.459714498656526,0.12094648456398308,0.18068751654203336,21.0,2.9161732119417416,0.006837691322525668,3.9161721237840434,0.007588809809545002,4.916171041338381,0.008339926261035384,0.5642870664596558,0.15939153730869293,0.10939154028892517,0.8211710453033447,0.8224978446960449,0,ROW_FOLLOW,,1.0,115.0,116.0,0.08047129213809967,0.015891730785369873,0.0,0.30081623792648315,0.0,-0.2690327763557434,0.0,0.6587302088737488,0.7380951642990112,0.9404785633087158,0.9189149737358093,1.0,0.523809552192688,0.8211710453033447,0.30000001192092896,0.20000000298023224,0.20000000298023224,0.15000000596046448,0.15000000596046448,1.0,1.0,1.0,1.0
complex_qaware_v018_r4,closed_loop,complex,full,1,0.18,True,28.245458476,1785050751.6630108,2.9291555814982155,-0.00638782422173671,-0.07534300344136913,0.0805957738236171,0.08025350468764486,3.466061028975801,0.12028200101357146,0.18352524760687064,21.0,2.9161732119417416,0.006837691322525668,3.9161721237840434,0.007588809809545002,4.916171041338381,0.008339926261035384,0.5642870664596558,0.15939153730869293,0.10939154028892517,0.8211710453033447,0.8211710453033447,0,ROW_FOLLOW,,1.0,115.0,116.0,0.08047129213809967,0.015891730785369873,0.0,0.30081623792648315,0.0,-0.2690327763557434,0.0,0.6587302088737488,0.7380951642990112,0.9404785633087158,0.9189149737358093,1.0,0.523809552192688,0.8211710453033447,0.30000001192092896,0.20000000298023224,0.20000000298023224,0.15000000596046448,0.15000000596046448,1.0,1.0,1.0,1.0
complex_qaware_v018_r4,closed_loop,complex,full,1,0.18,True,28.29759802,1785050751.7151504,2.9339262749467743,-0.0066886131102542185,-0.07145254394641971,0.08363247539135582,0.09679867724706821,3.4708771132092657,0.1208287578332267,0.17988020214250233,20.0,2.925082433792554,0.008534020532643193,3.925080625236754,0.00993065509870795,4.858412329788551,0.011257636226541695,0.5613625645637512,0.1565549522638321,0.10655495524406433,0.8158551454544067,0.8211710453033447,0,ROW_FOLLOW,,1.0,116.0,114.0,0.07355275750160217,0.01706729829311371,0.0,0.30199339985847473,0.0,-0.2678588032722473,0.0,0.6428571343421936,0.7380951642990112,0.9356042146682739,0.9217212200164795,1.0,0.523809552192688,0.8158551454544067,0.30000001192092896,0.20000000298023224,0.20000000298023224,0.15000000596046448,0.15000000596046448,1.0,1.0,1.0,1.0
complex_qaware_v018_r4,closed_loop,complex,full,1,0.18,True,28.345394892,1785050751.762947,2.941600824818044,-0.004137737800398405,-0.06630765570581955,0.09312923698488877,0.09612553005262545,3.4798022130677606,0.12157163291238332,0.16854862179606597,20.0,2.925082433792554,0.008534020532643193,3.925080625236754,0.00993065509870795,4.858412329788551,0.011257636226541695,0.5613625645637512,0.1565549522638321,0.10655495524406433,0.8158551454544067,0.8158551454544067,0,ROW_FOLLOW,,1.0,116.0,114.0,0.07355275750160217,0.01706729829311371,0.0,0.30199339985847473,0.0,-0.2678588032722473,0.0,0.6428571343421936,0.7380951642990112,0.9356042146682739,0.9217212200164795,1.0,0.523809552192688,0.8158551454544067,0.30000001192092896,0.20000000298023224,0.20000000298023224,0.15000000596046448,0.15000000596046448,1.0,1.0,1.0,1.0
complex_qaware_v018_r4,closed_loop,complex,full,1,0.18,True,28.396148449,1785050751.8137007,2.94623696910368,-0.004385108601409927,-0.06221666286171777,0.09342365700439949,0.09898779587547468,3.4844842538611465,0.12219799981593953,0.1643728424390246,21.0,2.9343128456857754,0.011026959055832009,3.9343094238091356,0.012907736183052047,4.934515867415249,0.014893234435751074,0.565089762210846,0.15590344369411469,0.10590344667434692,0.8111175298690796,0.8158551454544067,0,ROW_FOLLOW,,1.0,112.0,110.0,0.06629179418087006,0.017592623829841614,0.0,0.3024337589740753,0.0,-0.2672485113143921,0.0,0.6349206566810608,0.7119047045707703,0.9418162107467651,0.9326472282409668,1.0,0.4761904776096344,0.8111175298690796,0.30000001192092896,0.20000000298023224,0.20000000298023224,0.15000000596046448,0.15000000596046448,1.0,1.0,1.0,1.0
complex_qaware_v018_r4,closed_loop,complex,full,1,0.18,True,28.445402703,1785050751.862955,2.9562919476791785,-0.0038695615464188014,-0.05654596732556662,0.10352709929883148,0.10132309051968792,3.4950793745494737,0.12088999138374104,0.1674077599512886,21.0,2.9343128456857754,0.011026959055832009,3.9343094238091356,0.012907736183052047,4.934515867415249,0.014893234435751074,0.565089762210846,0.15590344369411469,0.10590344667434692,0.8111175298690796,0.8111175298690796,0,ROW_FOLLOW,,1.0,112.0,110.0,0.06629179418087006,0.017592623829841614,0.0,0.3024337589740753,0.0,-0.2672485113143921,0.0,0.6349206566810608,0.7119047045707703,0.9418162107467651,0.9326472282409668,1.0,0.4761904776096344,0.8111175298690796,0.30000001192092896,0.20000000298023224,0.20000000298023224,0.15000000596046448,0.15000000596046448,1.0,1.0,1.0,1.0
complex_qaware_v018_r4,closed_loop,complex,full,1,0.18,True,28.496323431,1785050751.9138758,2.9585607958518505,-0.0052756932715981725,-0.0519009851102501,0.10669706154933478,0.12100386736154932,3.502772526888801,0.1207280412244582,0.16848742767984085,21.0,2.9461885247643593,0.012120664702669232,3.9461838101869007,0.015119525277547494,4.952325536046525,0.019888048738897397,0.5643434524536133,0.15200172364711761,0.10200172662734985,0.7936557531356812,0.8111175298690796,0,ROW_FOLLOW,,1.0,123.0,121.0,0.05472223460674286,0.018051743507385254,0.0,0.30311644077301025,0.0,-0.26701295375823975,0.0,0.579365074634552,0.7119047045707703,0.9405724406242371,0.9290048480033875,1.0,0.4761904776096344,0.7936557531356812,0.30000001192092896,0.20000000298023224,0.20000000298023224,0.15000000596046448,0.15000000596046448,1.0,1.0,1.0,1.0
complex_qaware_v018_r4,closed_loop,complex,full,1,0.18,True,28.5451947,1785050751.9627469,2.9639307290806767,-0.005517945400943428,-0.04508224142682594,0.1067996281733538,0.11814602648239865,3.508171697801875,0.11798787268891194,0.1658010858367379,21.0,2.9461885247643593,0.012120664702669232,3.9461838101869007,0.015119525277547494,4.952325536046525,0.019888048738897397,0.5643434524536133,0.15200172364711761,0.10200172662734985,0.7936557531356812,0.7936557531356812,0,ROW_FOLLOW,,1.0,123.0,121.0,0.05472223460674286,0.018051743507385254,0.0,0.30311644077301025,0.0,-0.26701295375823975,0.0,0.579365074634552,0.7119047045707703,0.9405724406242371,0.9290048480033875,1.0,0.4761904776096344,0.7936557531356812,0.30000001192092896,0.20000000298023224,0.20000000298023224,0.15000000596046448,0.15000000596046448,1.0,1.0,1.0,1.0
complex_qaware_v018_r4,closed_loop,complex,full,1,0.18,True,28.597807856,1785050752.01536,2.969004218620209,-0.005673618926268618,-0.04035076936663497,0.10597503731367186,0.11081435961536155,3.5132967811522455,0.11873981948570778,0.16078810719143222,21.0,2.9461885247643593,0.012120664702669232,3.9461838101869007,0.015119525277547494,4.952325536046525,0.019888048738897397,0.5643434524536133,0.15200172364711761,0.10200172662734985,0.7936557531356812,0.7936557531356812,0,ROW_FOLLOW,,1.0,123.0,121.0,0.05472223460674286,0.018051743507385254,0.0,0.30311644077301025,0.0,-0.26701295375823975,0.0,0.579365074634552,0.7119047045707703,0.9405724406242371,0.9290048480033875,1.0,0.4761904776096344,0.7936557531356812,0.30000001192092896,0.20000000298023224,0.20000000298023224,0.15000000596046448,0.15000000596046448,1.0,1.0,1.0,1.0
complex_qaware_v018_r4,closed_loop,complex,full,1,0.18,True,28.645265424,1785050752.0628178,2.9773395090884733,-0.007690624833807451,-0.032092539617083915,0.10718067271963314,0.15531319153000708,3.5220747423301426,0.12134568081666462,0.16473947456350363,20.0,2.9578610835373405,0.013017860443403235,3.9578526283868207,0.017043573680531224,4.891177990485985,0.020839408768429657,0.5633534789085388,0.15080596506595612,0.10080596804618835,0.8114255666732788,0.8114255666732788,0,ROW_FOLLOW,,1.0,117.0,123.0,0.04326797276735306,0.018720462918281555,0.0,0.30378851294517517,0.0,-0.26634758710861206,0.0,0.658730149269104,0.6857142448425293,0.9389223456382751,0.9258612394332886,1.0,0.4285714328289032,0.8114255666732788,0.30000001192092896,0.20000000298023224,0.20000000298023224,0.15000000596046448,0.15000000596046448,1.0,1.0,1.0,1.0
complex_qaware_v018_r4,closed_loop,complex,full,1,0.18,True,28.696358286,1785050752.1139104,2.9826018167595616,-0.007767367842691557,-0.026399314534971914,0.10752517223396456,0.1440637200679153,3.5273979773493127,0.12231308645742399,0.15829010362510793,20.0,2.969977750426466,0.012179648802824678,3.9749683406803697,0.016433044320049897,4.936625900440468,0.020545520233221672,0.5651807188987732,0.1511380821466446,0.10113808512687683,0.8056806325912476,0.8114255666732788,0,ROW_FOLLOW,,1.0,123.0,123.0,0.031087186187505722,0.01846030354499817,0.0,0.3040306866168976,0.0,-0.26711007952690125,0.0,0.6349206566810608,0.6857142448425293,0.9419678449630737,0.9311193823814392,1.0,0.4285714328289032,0.8056806325912476,0.30000001192092896,0.20000000298023224,0.20000000298023224,0.15000000596046448,0.15000000596046448,1.0,1.0,1.0,1.0
complex_qaware_v018_r4,closed_loop,complex,full,1,0.18,True,28.74541932,1785050752.1629717,2.982353797969338,-0.010528769475153155,-0.016842123066949096,0.0988396905927801,0.15919106453703175,3.539419468227427,0.12244668712109046,0.15050551163556075,20.0,2.969977750426466,0.012179648802824678,3.9749683406803697,0.016433044320049897,4.936625900440468,0.020545520233221672,0.5651807188987732,0.1511380821466446,0.10113808512687683,0.8056806325912476,0.8056806325912476,0,ROW_FOLLOW,,1.0,123.0,123.0,0.031087186187505722,0.01846030354499817,0.0,0.3040306866168976,0.0,-0.26711007952690125,0.0,0.6349206566810608,0.6857142448425293,0.9419678449630737,0.9311193823814392,1.0,0.4285714328289032,0.8056806325912476,0.30000001192092896,0.20000000298023224,0.20000000298023224,0.15000000596046448,0.15000000596046448,1.0,1.0,1.0,1.0
complex_qaware_v018_r4,closed_loop,complex,full,1,0.18,True,28.795223125,1785050752.2127755,2.9876846104896924,-0.01050269550734338,-0.010167512853385132,0.10084391957838505,0.1717136938793892,3.544822323560264,0.12369703933285636,0.14216983022378799,20.0,2.9796654465614782,0.010606687565343227,3.9846513437896802,0.015924945328094724,4.979637333249953,0.021196327192378777,0.5637129545211792,0.15198291838169098,0.10198292136192322,0.7976826429367065,0.8056806325912476,0,ROW_FOLLOW,,1.0,124.0,135.0,0.016183383762836456,0.018560126423835754,0.0,0.3037225604057312,0.0,-0.2666023075580597,0.0,0.6269841194152832,0.6595237255096436,0.9395214319229126,0.9318556189537048,1.0,0.380952388048172,0.7976826429367065,0.30000001192092896,0.20000000298023224,0.20000000298023224,0.15000000596046448,0.15000000596046448,1.0,1.0,1.0,1.0
complex_qaware_v018_r4,closed_loop,complex,full,1,0.18,True,28.845628897,1785050752.263181,2.989971564795546,-0.013443376763993002,0.00017577963214376877,0.09371374302936307,0.1822630007167464,3.554989968746352,0.12365879851573994,0.132827181419115,20.0,2.9796654465614782,0.010606687565343227,3.9846513437896802,0.015924945328094724,4.979637333249953,0.021196327192378777,0.5637129545211792,0.15198291838169098,0.10198292136192322,0.7976826429367065,0.7976826429367065,0,ROW_FOLLOW,,1.0,124.0,135.0,0.016183383762836456,0.018560126423835754,0.0,0.3037225604057312,0.0,-0.2666023075580597,0.0,0.6269841194152832,0.6595237255096436,0.9395214319229126,0.9318556189537048,1.0,0.380952388048172,0.7976826429367065,0.30000001192092896,0.20000000298023224,0.20000000298023224,0.15000000596046448,0.15000000596046448,1.0,1.0,1.0,1.0
complex_qaware_v018_r4,closed_loop,complex,full,1,0.18,True,28.896401238,1785050752.3139536,2.9954154382830103,-0.013328906498433497,0.006604422499026707,0.09744537826180352,0.15288250902906028,3.560505454080451,0.1248902056574145,0.12461780047461783,21.0,2.988457550634783,0.008035347267751843,3.993439710404914,0.013963954442803447,4.995235402374813,0.01937984217633395,0.5650076866149902,0.15505976974964142,0.10505977272987366,0.8026217222213745,0.7976826429367065,0,ROW_FOLLOW,,1.0,126.0,122.0,0.00040744850412011147,0.018685579299926758,0.0,0.303886741399765,0.0,-0.2665155827999115,0.0,0.6190476417541504,0.6857142448425293,0.9416794776916504,0.9428582191467285,1.0,0.4285714328289032,0.8026217222213745,0.30000001192092896,0.20000000298023224,0.20000000298023224,0.15000000596046448,0.15000000596046448,1.0,1.0,1.0,1.0
complex_qaware_v018_r4,closed_loop,complex,full,1,0.18,True,28.945376606,1785050752.3629289,2.9992181935320392,-0.012380917726707352,0.01539557859507701,0.0942362571436647,0.15784382071007969,3.5682508346512805,0.1306309395736806,0.09227313617444535,21.0,2.988457550634783,0.008035347267751843,3.993439710404914,0.013963954442803447,4.995235402374813,0.01937984217633395,0.5650076866149902,0.15505976974964142,0.10505977272987366,0.8026217222213745,0.8026217222213745,0,ROW_FOLLOW,,1.0,126.0,122.0,0.00040744850412011147,0.018685579299926758,0.0,0.303886741399765,0.0,-0.2665155827999115,0.0,0.6190476417541504,0.6857142448425293,0.9416794776916504,0.9428582191467285,1.0,0.4285714328289032,0.8026217222213745,0.30000001192092896,0.20000000298023224,0.20000000298023224,0.15000000596046448,0.15000000596046448,1.0,1.0,1.0,1.0
complex_qaware_v018_r4,closed_loop,complex,full,1,0.18,True,28.995469634,1785050752.413022,3.004756587752521,-0.012181706368075909,0.021958781371800743,0.09788116892379026,0.1731067608008928,3.5738658882159657,0.13198104874512054,0.0832724083648459,21.0,2.9958249374769426,0.006388501524396513,3.995800796480078,0.013317315651661046,4.999896510820937,0.020324814236007422,0.5642947554588318,0.15612749755382538,0.10612750053405762,0.8086482286453247,0.8026217222213745,0,ROW_FOLLOW,,1.0,119.0,122.0,-0.014199910685420036,0.017934441566467285,0.0,0.3028073012828827,0.0,-0.2669384181499481,0.0,0.6269841194152832,0.7119047045707703,0.9404910206794739,0.9338259100914001,1.0,0.4761904776096344,0.8086482286453247,0.30000001192092896,0.20000000298023224,0.20000000298023224,0.15000000596046448,0.15000000596046448,1.0,1.0,1.0,1.0
complex_qaware_v018_r4,closed_loop,complex,full,1,0.18,True,29.045231038,1785050752.4627833,3.0093278628884055,-0.0078122474997748435,0.030909777157376965,0.09226684927421472,0.11352187633047145,3.583846964008277,0.13969578482566286,0.03907264220330389,21.0,2.9958249374769426,0.006388501524396513,3.995800796480078,0.013317315651661046,4.999896510820937,0.020324814236007422,0.5642947554588318,0.15612749755382538,0.10612750053405762,0.8086482286453247,0.8086482286453247,0,ROW_FOLLOW,,1.0,119.0,122.0,-0.014199910685420036,0.017934441566467285,0.0,0.3028073012828827,0.0,-0.2669384181499481,0.0,0.6269841194152832,0.7119047045707703,0.9404910206794739,0.9338259100914001,1.0,0.4761904776096344,0.8086482286453247,0.30000001192092896,0.20000000298023224,0.20000000298023224,0.15000000596046448,0.15000000596046448,1.0,1.0,1.0,1.0
complex_qaware_v018_r4,closed_loop,complex,full,1,0.18,True,29.095444069,1785050752.5129964,3.014828457945418,-0.0075548108284443066,0.03489751104010083,0.09629434544985348,0.09811573422924383,3.5893984728772863,0.14056863279158469,0.033253655763825066,21.0,3.004865433433246,0.006554134959367329,4.004835802121774,0.014250680345662485,5.004806173559063,0.021947225819512167,0.5580846071243286,0.15771369636058807,0.10771369934082031,0.8209338188171387,0.8086482286453247,0,ROW_FOLLOW,,1.0,139.0,122.0,-0.026578389108181,0.016109362244606018,0.0,0.2989555597305298,0.0,-0.26673683524131775,0.0,0.6666666865348816,0.7380951642990112,0.9301409721374512,0.9152436852455139,1.0,0.523809552192688,0.8209338188171387,0.30000001192092896,0.20000000298023224,0.20000000298023224,0.15000000596046448,0.15000000596046448,1.0,1.0,1.0,1.0
complex_qaware_v018_r4,closed_loop,complex,full,1,0.18,True,29.145239938,1785050752.5627923,3.0241119392963274,-0.0023773498780499786,0.042497293218827004,0.10698100141868362,0.13918133776085265,3.6012119274502217,0.14725123754767477,-0.003445665596067913,21.0,3.004865433433246,0.006554134959367329,4.004835802121774,0.014250680345662485,5.004806173559063,0.021947225819512167,0.5580846071243286,0.15771369636058807,0.10771369934082031,0.8209338188171387,0.8209338188171387,0,ROW_FOLLOW,,1.0,139.0,122.0,-0.026578389108181,0.016109362244606018,0.0,0.2989555597305298,0.0,-0.26673683524131775,0.0,0.6666666865348816,0.7380951642990112,0.9301409721374512,0.9152436852455139,1.0,0.523809552192688,0.8209338188171387,0.30000001192092896,0.20000000298023224,0.20000000298023224,0.15000000596046448,0.15000000596046448,1.0,1.0,1.0,1.0
complex_qaware_v018_r4,closed_loop,complex,full,1,0.18,True,29.197588384,1785050752.6151407,3.0301960884871812,-0.002027652720601279,0.047748605752266034,0.1100598401480484,0.12344697464488243,3.6073681750442126,0.1459948846904489,-0.01182135131090712,21.0,3.004865433433246,0.006554134959367329,4.004835802121774,0.014250680345662485,5.004806173559063,0.021947225819512167,0.5580846071243286,0.15771369636058807,0.10771369934082031,0.8209338188171387,0.8209338188171387,0,ROW_FOLLOW,,1.0,139.0,122.0,-0.026578389108181,0.016109362244606018,0.0,0.2989555597305298,0.0,-0.26673683524131775,0.0,0.6666666865348816,0.7380951642990112,0.9301409721374512,0.9152436852455139,1.0,0.523809552192688,0.8209338188171387,0.30000001192092896,0.20000000298023224,0.20000000298023224,0.15000000596046448,0.15000000596046448,1.0,1.0,1.0,1.0
complex_qaware_v018_r4,closed_loop,complex,full,1,0.18,True,29.245619407,1785050752.6631715,3.0410001972903102,0.002875416697252586,0.054162046621053506,0.126123478848783,0.1033471935793343,3.6199916937313903,0.14302115406274338,-0.03200885682109065,19.0,3.016447289056273,0.00912822560489629,3.9164100722407498,0.017229311871078668,4.883035617729516,0.02605878580269377,0.5596197843551636,0.15988127887248993,0.10988128185272217,0.8212360143661499,0.8212360143661499,0,ROW_FOLLOW,,1.0,115.0,127.0,-0.039009299129247665,0.01508110761642456,0.0,0.29658275842666626,0.0,-0.26642054319381714,0.0,0.6587302088737488,0.7380951642990112,0.9326997399330139,0.9297198057174683,1.0,0.523809552192688,0.8212360143661499,0.30000001192092896,0.20000000298023224,0.20000000298023224,0.15000000596046448,0.15000000596046448,1.0,1.0,1.0,1.0
complex_qaware_v018_r4,closed_loop,complex,full,1,0.18,True,29.304999265,1785050752.7225516,3.047184986134752,0.0032870473111137,0.05795838700240941,0.12625235828356546,0.07511958389140555,3.626235950046484,0.14202395565196665,-0.03865684622626869,20.0,3.030595549558521,0.012825950320974472,4.030550584548984,0.02225900224581071,4.980804742249081,0.02965708255989069,0.5599881410598755,0.1511709839105606,0.10117098689079285,0.8090020418167114,0.8212360143661499,0,ROW_FOLLOW,,1.0,132.0,127.0,-0.048903938382864,0.013558879494667053,0.0,0.29458218812942505,0.0,-0.26746442914009094,0.0,0.6349206566810608,0.7119047045707703,0.9333134889602661,0.9298818707466125,1.0,0.4761904776096344,0.8090020418167114,0.30000001192092896,0.20000000298023224,0.20000000298023224,0.15000000596046448,0.15000000596046448,1.0,1.0,1.0,1.0
complex_qaware_v018_r4,closed_loop,complex,full,1,0.18,True,29.345725045,1785050752.7632773,3.0550267033427936,0.006623051288483176,0.062084259738155005,0.1392384502015716,0.07702781642467643,3.6358597598171674,0.13910959092145114,-0.04340517737037938,20.0,3.030595549558521,0.012825950320974472,4.030550584548984,0.02225900224581071,4.980804742249081,0.02965708255989069,0.5599881410598755,0.1511709839105606,0.10117098689079285,0.8090020418167114,0.8090020418167114,0,ROW_FOLLOW,,1.0,132.0,127.0,-0.048903938382864,0.013558879494667053,0.0,0.29458218812942505,0.0,-0.26746442914009094,0.0,0.6349206566810608,0.7119047045707703,0.9333134889602661,0.9298818707466125,1.0,0.4761904776096344,0.8090020418167114,0.30000001192092896,0.20000000298023224,0.20000000298023224,0.15000000596046448,0.15000000596046448,1.0,1.0,1.0,1.0
complex_qaware_v018_r4,closed_loop,complex,full,1,0.18,True,29.395545682,1785050752.813098,3.061520672492982,0.007079711034450293,0.0649890430005664,0.13773982899611945,0.07259574363798514,3.6424070295548323,0.13829212831386012,-0.048854928087652794,20.0,3.030595549558521,0.012825950320974472,4.030550584548984,0.02225900224581071,4.980804742249081,0.02965708255989069,0.5599881410598755,0.1511709839105606,0.10117098689079285,0.8090020418167114,0.8090020418167114,0,ROW_FOLLOW,,1.0,132.0,127.0,-0.048903938382864,0.013558879494667053,0.0,0.29458218812942505,0.0,-0.26746442914009094,0.0,0.6349206566810608,0.7119047045707703,0.9333134889602661,0.9298818707466125,1.0,0.4761904776096344,0.8090020418167114,0.30000001192092896,0.20000000298023224,0.20000000298023224,0.15000000596046448,0.15000000596046448,1.0,1.0,1.0,1.0
complex_qaware_v018_r4,closed_loop,complex,full,1,0.18,True,29.445338575,1785050752.8628907,3.0682973618126153,0.00838564127586781,0.06825577416683128,0.14459194598195518,0.03590056800774557,3.649823183028156,0.13745056314637163,-0.04269754599399689,20.0,3.046162156837161,0.01630534651288481,4.046110227914792,0.026477101429331854,5.054132017256055,0.037508238399564645,0.556061863899231,0.1503351777791977,0.10033518075942993,0.7991955280303955,0.7991955280303955,0,ROW_FOLLOW,,1.0,130.0,108.0,-0.05569823831319809,0.011897161602973938,0.0,0.292592853307724,0.0,-0.2687985301017761,0.0,0.6190475821495056,0.6857142448425293,0.9267697334289551,0.9398961663246155,1.0,0.4285714328289032,0.7991955280303955,0.30000001192092896,0.20000000298023224,0.20000000298023224,0.15000000596046448,0.15000000596046448,1.0,1.0,1.0,1.0
complex_qaware_v018_r4,closed_loop,complex,full,1,0.18,True,29.496649106,1785050752.9142013,3.0749809267774757,0.008885676375201322,0.06995005577056274,0.14306879750679896,0.04736681602446843,3.656547811703833,0.13690968067897918,-0.04630342910994667,20.0,3.0611138401112754,0.018283609163832752,4.061066865821029,0.02796940687003906,5.061019862016109,0.037655199631746704,0.5579621195793152,0.15298540890216827,0.10298541188240051,0.8137589693069458,0.7991955280303955,0,ROW_FOLLOW,,1.0,124.0,123.0,-0.06048198789358139,0.010128051042556763,0.0,0.2907315492630005,0.0,-0.27047544717788696,0.0,0.6666666865348816,0.6857142448425293,0.9299368262290955,0.9375250935554504,1.0,0.4285714328289032,0.8137589693069458,0.30000001192092896,0.20000000298023224,0.20000000298023224,0.15000000596046448,0.15000000596046448,1.0,1.0,1.0,1.0
complex_qaware_v018_r4,closed_loop,complex,full,1,0.18,True,29.545370163,1785050752.9629226,3.0812912510928667,0.007866413506043474,0.07338344919425355,0.14666972901728423,0.0597282915303177,3.6629960493314666,0.14073106566918805,-0.03830365870708114,20.0,3.0611138401112754,0.018283609163832752,4.061066865821029,0.02796940687003906,5.061019862016109,0.037655199631746704,0.5579621195793152,0.15298540890216827,0.10298541188240051,0.8137589693069458,0.8137589693069458,0,ROW_FOLLOW,,1.0,124.0,123.0,-0.06048198789358139,0.010128051042556763,0.0,0.2907315492630005,0.0,-0.27047544717788696,0.0,0.6666666865348816,0.6857142448425293,0.9299368262290955,0.9375250935554504,1.0,0.4285714328289032,0.8137589693069458,0.30000001192092896,0.20000000298023224,0.20000000298023224,0.15000000596046448,0.15000000596046448,1.0,1.0,1.0,1.0
complex_qaware_v018_r4,closed_loop,complex,full,1,0.18,True,29.597589134,1785050753.0151415,3.088191708157738,0.008433368806313036,0.0761627226955395,0.14564049389419909,0.07521352563106858,3.6699585317018495,0.139944768153937,-0.0435456421420882,21.0,3.074788149973466,0.017912117819309393,4.074719316075583,0.02944664104326873,5.087872307287427,0.044931904557023096,0.5592806935310364,0.15119637548923492,0.10119637846946716,0.8045339584350586,0.8137589693069458,0,ROW_FOLLOW,,1.0,125.0,101.0,-0.0615617036819458,0.007298305630683899,0.0,0.2878376841545105,0.0,-0.2732410728931427,0.0,0.6428571343421936,0.6857142448425293,0.9321342706680298,0.9207141399383545,1.0,0.4285714328289032,0.8045339584350586,0.30000001192092896,0.20000000298023224,0.20000000298023224,0.15000000596046448,0.15000000596046448,1.0,1.0,1.0,1.0
complex_qaware_v018_r4,closed_loop,complex,full,1,0.18,True,29.645315926,1785050753.062868,3.0915053836321302,0.007628745587209179,0.08018128559909067,0.1382690025717217,0.06578979862898321,3.6734423481117835,0.13773154563260892,-0.047230445904677426,21.0,3.074788149973466,0.017912117819309393,4.074719316075583,0.02944664104326873,5.087872307287427,0.044931904557023096,0.5592806935310364,0.15119637548923492,0.10119637846946716,0.8045339584350586,0.8045339584350586,0,ROW_FOLLOW,,1.0,125.0,101.0,-0.0615617036819458,0.007298305630683899,0.0,0.2878376841545105,0.0,-0.2732410728931427,0.0,0.6428571343421936,0.6857142448425293,0.9321342706680298,0.9207141399383545,1.0,0.4285714328289032,0.8045339584350586,0.30000001192092896,0.20000000298023224,0.20000000298023224,0.15000000596046448,0.15000000596046448,1.0,1.0,1.0,1.0
complex_qaware_v018_r4,closed_loop,complex,full,1,0.18,True,29.696692252,1785050753.1142447,3.098413598366041,0.0082463000475124,0.08318380836632278,0.13950937518213738,0.07776176637870467,3.6804195065461527,0.13686675661726724,-0.052995706006955245,21.0,3.0871015577275513,0.0157591979556434,4.086994486981941,0.029931907778920214,5.09293332752681,0.04718235739976859,0.5583409667015076,0.15387748181819916,0.1038774847984314,0.7846497297286987,0.8045339584350586,0,ROW_FOLLOW,,1.0,109.0,84.0,-0.06473307311534882,0.004287853837013245,0.0,0.28399670124053955,0.0,-0.27542099356651306,0.0,0.5952380299568176,0.6595237255096436,0.9300561547279358,0.9210822582244873,1.0,0.380952388048172,0.7846497297286987,0.30000001192092896,0.20000000298023224,0.20000000298023224,0.15000000596046448,0.15000000596046448,1.0,1.0,1.0,1.0
complex_qaware_v018_r4,closed_loop,complex,full,1,0.18,True,29.745258554,1785050753.1628108,3.1029959517592958,0.006852153718872374,0.08583799066751438,0.13412671404999066,0.05866755721843733,3.691010930319791,0.13238343917160614,-0.05902341453039762,21.0,3.0871015577275513,0.0157591979556434,4.086994486981941,0.029931907778920214,5.09293332752681,0.04718235739976859,0.5583409667015076,0.15387748181819916,0.1038774847984314,0.7846497297286987,0.7846497297286987,0,ROW_FOLLOW,,1.0,109.0,84.0,-0.06473307311534882,0.004287853837013245,0.0,0.28399670124053955,0.0,-0.27542099356651306,0.0,0.5952380299568176,0.6595237255096436,0.9300561547279358,0.9210822582244873,1.0,0.380952388048172,0.7846497297286987,0.30000001192092896,0.20000000298023224,0.20000000298023224,0.15000000596046448,0.15000000596046448,1.0,1.0,1.0,1.0
complex_qaware_v018_r4,closed_loop,complex,full,1,0.18,True,29.796204213,1785050753.2137563,3.1099484348086923,0.007483327862898338,0.08702787252414221,0.13639581582253887,0.028917400717116803,3.6980088844739503,0.13191143332954622,-0.06217012014413024,21.0,3.0987990634994307,0.011547455349331959,4.09859132745277,0.031342514368902556,5.098383577787458,0.051137570212185436,0.5559489130973816,0.15309841930866241,0.10309842228889465,0.7644513845443726,0.7846497297286987,0,ROW_FOLLOW,,1.0,121.0,76.0,-0.06068985164165497,-0.001105666160583496,0.0,0.278087854385376,0.0,-0.28029918670654297,0.0,0.5714285969734192,0.6071428060531616,0.9243521690368652,0.9114919304847717,1.0,0.2857142984867096,0.7644513845443726,0.30000001192092896,0.20000000298023224,0.20000000298023224,0.15000000596046448,0.15000000596046448,1.0,1.0,1.0,1.0
complex_qaware_v018_r4,closed_loop,complex,full,1,0.18,True,29.845405507,1785050753.2629578,3.1145372487657745,0.008294628496315367,0.08799497258010724,0.13020662808423597,0.004286993112214173,3.7078799001975735,0.12512507758777372,-0.0831744775347555,21.0,3.0987990634994307,0.011547455349331959,4.09859132745277,0.031342514368902556,5.098383577787458,0.051137570212185436,0.5559489130973816,0.15309841930866241,0.10309842228889465,0.7644513845443726,0.7644513845443726,0,ROW_FOLLOW,,1.0,121.0,76.0,-0.06068985164165497,-0.001105666160583496,0.0,0.278087854385376,0.0,-0.28029918670654297,0.0,0.5714285969734192,0.6071428060531616,0.9243521690368652,0.9114919304847717,1.0,0.2857142984867096,0.7644513845443726,0.30000001192092896,0.20000000298023224,0.20000000298023224,0.15000000596046448,0.15000000596046448,1.0,1.0,1.0,1.0
complex_qaware_v018_r4,closed_loop,complex,full,1,0.18,True,29.897658623,1785050753.3152108,3.1217239353231405,0.008950289344671595,0.08865105775103016,0.13371205042413528,0.023237431844579284,3.715105906781297,0.12469977553601254,-0.08600982454649675,21.0,3.1100626642074185,0.007428427507049346,4.109766669556831,0.03144002253302617,5.109470663012131,0.05545161289696251,0.5529163479804993,0.148897185921669,0.09889718890190125,0.7962342500686646,0.7644513845443726,0,ROW_FOLLOW,,1.0,107.0,89.0,-0.061397578567266464,-0.005578547716140747,0.0,0.2730522155761719,0.0,-0.28420931100845337,0.0,0.6666666865348816,0.6333332657814026,0.9196499586105347,0.9042508006095886,1.0,0.3333333432674408,0.7962342500686646,0.30000001192092896,0.20000000298023224,0.20000000298023224,0.15000000596046448,0.15000000596046448,1.0,1.0,1.0,1.0
complex_qaware_v018_r4,closed_loop,complex,full,1,0.18,True,29.945689423,1785050753.3632417,3.124171339595326,0.011096559224688725,0.09013246776570584,0.12551184157350306,0.028526176116038745,3.7197619627689873,0.07209047803452814,-0.11640478055872538,21.0,3.1100626642074185,0.007428427507049346,4.109766669556831,0.03144002253302617,5.109470663012131,0.05545161289696251,0.5529163479804993,0.148897185921669,0.09889718890190125,0.7962342500686646,0.6000000238418579,0,ROW_FOLLOW,,1.0,107.0,89.0,-0.061397578567266464,-0.005578547716140747,0.0,0.2730522155761719,0.0,-0.28420931100845337,0.0,0.6666666865348816,0.6333332657814026,0.9196499586105347,0.9042508006095886,1.0,0.3333333432674408,0.7962342500686646,0.30000001192092896,0.20000000298023224,0.20000000298023224,0.15000000596046448,0.15000000596046448,1.0,1.0,1.0,1.0
complex_qaware_v018_r4,closed_loop,complex,full,1,0.18,True,29.996203071,1785050753.4137554,3.131027373196966,0.011741284129436357,0.0914480022348374,0.12904619384476815,0.028572235429399646,3.7266666190729945,0.07156474401138171,-0.12080661769062542,20.0,3.1210500991285284,0.003950953545867703,4.120680724941669,0.03112479844849424,5.053668697254863,0.056512481536053684,0.5538887977600098,0.1541707068681717,0.10417070984840393,0.7965496778488159,0.6000000238418579,0,ROW_FOLLOW,,1.0,126.0,84.0,-0.06350792199373245,-0.009644046425819397,0.0,0.2695123255252838,0.0,-0.2888004183769226,0.0,0.6428571343421936,0.6595237255096436,0.9231480956077576,0.9143876433372498,1.0,0.380952388048172,0.7965496778488159,0.30000001192092896,0.20000000298023224,0.20000000298023224,0.15000000596046448,0.15000000596046448,1.0,1.0,1.0,1.0
complex_qaware_v018_r4,closed_loop,complex,full,1,0.18,True,30.05129562,1785050753.468848,3.137128563415204,0.01361071573630367,0.09229014564888742,0.12244650170218958,0.032088471383968156,3.7351002086880194,0.121486545825382,-0.14594930791603236,20.0,3.1210500991285284,0.003950953545867703,4.120680724941669,0.03112479844849424,5.053668697254863,0.056512481536053684,0.5538887977600098,0.1541707068681717,0.10417070984840393,0.7965496778488159,0.7965496778488159,0,ROW_FOLLOW,,1.0,126.0,84.0,-0.06350792199373245,-0.009644046425819397,0.0,0.2695123255252838,0.0,-0.2888004183769226,0.0,0.6428571343421936,0.6595237255096436,0.9231480956077576,0.9143876433372498,1.0,0.380952388048172,0.7965496778488159,0.30000001192092896,0.20000000298023224,0.20000000298023224,0.15000000596046448,0.15000000596046448,1.0,1.0,1.0,1.0
complex_qaware_v018_r4,closed_loop,complex,full,1,0.18,True,30.095620597,1785050753.5131726,3.143747722563794,0.014233514361239591,0.09276432125507839,0.12479552849851785,0.02542663908979408,3.74175505117646,0.12095092582489782,-0.1495201079192603,20.0,3.1323749541751282,0.0028780954385890993,4.137063581353438,0.02751721269586188,5.098433033894769,0.051063462830542444,0.5554535984992981,0.1540103703737259,0.10401037335395813,0.7807916402816772,0.7965496778488159,0,ROW_FOLLOW,,1.0,119.0,91.0,-0.07430928945541382,-0.011075928807258606,0.0,0.2682371139526367,0.0,-0.29038897156715393,0.0,0.579365074634552,0.6595237255096436,0.9257559776306152,0.932840883731842,1.0,0.380952388048172,0.7807916402816772,0.30000001192092896,0.20000000298023224,0.20000000298023224,0.15000000596046448,0.15000000596046448,1.0,1.0,1.0,1.0
complex_qaware_v018_r4,closed_loop,complex,full,1,0.18,True,30.145296079,1785050753.5628483,3.1509493273818556,0.01512727004942639,0.09412599742276,0.12184411728395711,0.013241304457905109,3.749059475648964,0.11557378925752038,-0.16645803995454342,20.0,3.1323749541751282,0.0028780954385890993,4.137063581353438,0.02751721269586188,5.098433033894769,0.051063462830542444,0.5554535984992981,0.1540103703737259,0.10401037335395813,0.7807916402816772,0.7807916402816772,0,ROW_FOLLOW,,1.0,119.0,91.0,-0.07430928945541382,-0.011075928807258606,0.0,0.2682371139526367,0.0,-0.29038897156715393,0.0,0.579365074634552,0.6595237255096436,0.9257559776306152,0.932840883731842,1.0,0.380952388048172,0.7807916402816772,0.30000001192092896,0.20000000298023224,0.20000000298023224,0.15000000596046448,0.15000000596046448,1.0,1.0,1.0,1.0
complex_qaware_v018_r4,closed_loop,complex,full,1,0.18,True,30.195286193,1785050753.6128385,3.1570428693610193,0.015714950051328717,0.09452625113095971,0.12249632349830615,0.028410818775476247,3.755188609267498,0.1150281788040458,-0.1700954429777073,21.0,3.144116680970191,0.0039292336334886295,4.148922378877595,0.021598714122102153,5.157061099128652,0.019209628474608352,0.553834855556488,0.14757926762104034,0.09757927060127258,0.7942906618118286,0.7807916402816772,0,ROW_FOLLOW,,1.0,106.0,91.0,-0.08818501234054565,-0.009187906980514526,0.0,0.27013248205184937,0.0,-0.2885082960128784,0.0,0.6269841194152832,0.6595237255096436,0.9230583906173706,0.9311928749084473,1.0,0.380952388048172,0.7942906618118286,0.30000001192092896,0.20000000298023224,0.20000000298023224,0.15000000596046448,0.15000000596046448,1.0,1.0,1.0,1.0
complex_qaware_v018_r4,closed_loop,complex,full,1,0.18,True,30.245249203,1785050753.6628015,3.1681155383656705,0.0160554751779029,0.0954735557481055,0.1281189708318874,0.003690544673785349,3.766303574683209,0.06446089537987636,-0.17896467981601877,21.0,3.144116680970191,0.0039292336334886295,4.148922378877595,0.021598714122102153,5.157061099128652,0.019209628474608352,0.553834855556488,0.14757926762104034,0.09757927060127258,0.7942906618118286,0.6000000238418579,0,ROW_FOLLOW,,1.0,106.0,91.0,-0.08818501234054565,-0.009187906980514526,0.0,0.27013248205184937,0.0,-0.2885082960128784,0.0,0.6269841194152832,0.6595237255096436,0.9230583906173706,0.9311928749084473,1.0,0.380952388048172,0.7942906618118286,0.30000001192092896,0.20000000298023224,0.20000000298023224,0.15000000596046448,0.15000000596046448,1.0,1.0,1.0,1.0
complex_qaware_v018_r4,closed_loop,complex,full,1,0.18,True,30.296086187,1785050753.7136383,3.1742120301117036,0.01663770740096486,0.09501818395622097,0.12697259608984168,0.006347068978082587,3.772433351236343,0.06415226036471015,-0.1815551254383823,21.0,3.1584154467675973,0.006474215403986007,4.16334999154577,0.013916845266830439,5.165623453583142,0.011728686417276594,0.555364727973938,0.1443892866373062,0.09438928961753845,0.7716182470321655,0.6000000238418579,0,ROW_FOLLOW,,1.0,87.0,83.0,-0.09776228666305542,-0.006901785731315613,0.0,0.27314120531082153,0.0,-0.28694477677345276,0.0,0.547619104385376,0.6595237255096436,0.9256076812744141,0.9353746771812439,1.0,0.380952388048172,0.7716182470321655,0.30000001192092896,0.20000000298023224,0.20000000298023224,0.15000000596046448,0.15000000596046448,1.0,1.0,1.0,1.0
complex_qaware_v018_r4,closed_loop,complex,full,1,0.18,True,30.345365787,1785050753.7629182,3.1811387082215443,0.01670327240073342,0.09692151128970088,0.12893145438992684,0.045132128299214126,3.7795294900454985,0.061642700778019276,-0.18741625136426088,21.0,3.1584154467675973,0.006474215403986007,4.16334999154577,0.013916845266830439,5.165623453583142,0.011728686417276594,0.555364727973938,0.1443892866373062,0.09438928961753845,0.7716182470321655,0.6000000238418579,0,ROW_FOLLOW,,1.0,87.0,83.0,-0.09776228666305542,-0.006901785731315613,0.0,0.27314120531082153,0.0,-0.28694477677345276,0.0,0.547619104385376,0.6595237255096436,0.9256076812744141,0.9353746771812439,1.0,0.380952388048172,0.7716182470321655,0.30000001192092896,0.20000000298023224,0.20000000298023224,0.15000000596046448,0.15000000596046448,1.0,1.0,1.0,1.0
complex_qaware_v018_r4,closed_loop,complex,full,1,0.18,True,30.397308591,1785050753.8148608,3.186573869801476,0.017234280824364685,0.09714417044473803,0.12497843918651465,0.013352440695668284,3.7849930768885467,0.0612519187575977,-0.19079254978578927,20.0,3.1726147625216172,0.01033566329875855,4.172591690632351,0.008348704358562602,5.105902791542826,0.00624184735164161,0.5549873113632202,0.14540712535381317,0.09540712833404541,0.7405540943145752,0.6000000238418579,0,ROW_FOLLOW,,1.0,82.0,87.0,-0.1067022830247879,-0.0024905800819396973,0.0,0.2768980860710144,0.0,-0.2818792462348938,0.0,0.4761904776096344,0.6071427464485168,0.9249789118766785,0.9418179392814636,1.0,0.2857142984867096,0.7405540943145752,0.30000001192092896,0.20000000298023224,0.20000000298023224,0.15000000596046448,0.15000000596046448,1.0,1.0,1.0,1.0
complex_qaware_v018_r4,closed_loop,complex,full,1,0.18,True,30.445186939,1785050753.862739,3.193252029508641,0.01731411496572574,0.09716788829491739,0.12417561485956831,0.016923520124150784,3.7924978006274443,0.05938995643410888,-0.18535567633243902,20.0,3.1726147625216172,0.01033566329875855,4.172591690632351,0.008348704358562602,5.105902791542826,0.00624184735164161,0.5549873113632202,0.14540712535381317,0.09540712833404541,0.7405540943145752,0.6000000238418579,0,ROW_FOLLOW,,1.0,82.0,87.0,-0.1067022830247879,-0.0024905800819396973,0.0,0.2768980860710144,0.0,-0.2818792462348938,0.0,0.4761904776096344,0.6071427464485168,0.9249789118766785,0.9418179392814636,1.0,0.2857142984867096,0.7405540943145752,0.30000001192092896,0.20000000298023224,0.20000000298023224,0.15000000596046448,0.15000000596046448,1.0,1.0,1.0,1.0
complex_qaware_v018_r4,closed_loop,complex,full,1,0.18,True,30.495562055,1785050753.9131143,3.198269850837688,0.017805448076069128,0.09762367262082572,0.11901432549268592,0.015306673616355498,3.7975443851276705,0.05900907240099785,-0.18878449659945423,20.0,3.1726147625216172,0.01033566329875855,4.172591690632351,0.008348704358562602,5.105902791542826,0.00624184735164161,0.5549873113632202,0.14540712535381317,0.09540712833404541,0.7405540943145752,0.6000000238418579,0,ROW_FOLLOW,,1.0,82.0,87.0,-0.1067022830247879,-0.0024905800819396973,0.0,0.2768980860710144,0.0,-0.2818792462348938,0.0,0.4761904776096344,0.6071427464485168,0.9249789118766785,0.9418179392814636,1.0,0.2857142984867096,0.7405540943145752,0.30000001192092896,0.20000000298023224,0.20000000298023224,0.15000000596046448,0.15000000596046448,1.0,1.0,1.0,1.0
complex_qaware_v018_r4,closed_loop,complex,full,1,0.18,True,30.545489896,1785050753.963042,3.2068319069047715,0.0181368421174529,0.09754052760496944,0.11512587859341739,0.003451527449866557,3.8061365489001866,0.061294024996841605,-0.1791101707529614,21.0,3.186343914481759,0.014526565355096187,4.186292191587611,0.0055707283881625555,5.186131213204744,-0.0028916022792470804,0.5564489960670471,0.14824236929416656,0.0982423722743988,0.7554714679718018,0.6000000238418579,0,ROW_FOLLOW,,1.0,81.0,92.0,-0.11229228973388672,0.0012935549020767212,0.0,0.28045350313186646,0.0,-0.277866393327713,0.0,0.523809552192688,0.6071427464485168,0.9274148344993591,0.942780613899231,1.0,0.2857142984867096,0.7554714679718018,0.30000001192092896,0.20000000298023224,0.20000000298023224,0.15000000596046448,0.15000000596046448,1.0,1.0,1.0,1.0
complex_qaware_v018_r4,closed_loop,complex,full,1,0.18,True,30.595493451,1785050754.0130458,3.2113144091853756,0.01857459955250998,0.09766931127068144,0.11022480338609343,0.002371529277988659,3.8106415702297176,0.06100540561991653,-0.18165709576743766,20.0,3.1987465764375185,0.01903405780841449,4.19863907114419,0.004826110036981582,5.165201771613558,-0.008896325028342205,0.5584668517112732,0.15471689403057098,0.10471689701080322,0.7662255764007568,0.6000000238418579,0,ROW_FOLLOW,,1.0,87.0,89.0,-0.11617080122232437,0.004684627056121826,0.0,0.28374868631362915,0.0,-0.2743794322013855,0.0,0.523809552192688,0.6595237255096436,0.9307780265808105,0.9401487708091736,1.0,0.380952388048172,0.7662255764007568,0.30000001192092896,0.20000000298023224,0.20000000298023224,0.15000000596046448,0.15000000596046448,1.0,1.0,1.0,1.0
complex_qaware_v018_r4,closed_loop,complex,full,1,0.18,True,30.645327178,1785050754.0628796,3.2195286015468474,0.019083985691825577,0.09728742449304974,0.11401353234959685,-0.0027950522524377835,3.818882832887388,0.11269871953882603,-0.16814589475540126,20.0,3.1987465764375185,0.01903405780841449,4.19863907114419,0.004826110036981582,5.165201771613558,-0.008896325028342205,0.5584668517112732,0.15471689403057098,0.10471689701080322,0.7662255764007568,0.7662255764007568,0,ROW_FOLLOW,,1.0,87.0,89.0,-0.11617080122232437,0.004684627056121826,0.0,0.28374868631362915,0.0,-0.2743794322013855,0.0,0.523809552192688,0.6595237255096436,0.9307780265808105,0.9401487708091736,1.0,0.380952388048172,0.7662255764007568,0.30000001192092896,0.20000000298023224,0.20000000298023224,0.15000000596046448,0.15000000596046448,1.0,1.0,1.0,1.0
complex_qaware_v018_r4,closed_loop,complex,full,1,0.18,True,30.696099265,1785050754.1136515,3.2234671338307708,0.019461508306016638,0.09701474970764634,0.1074279222817386,-0.0005150591654955347,3.8228416849790845,0.11247310248812444,-0.16965000842674527,21.0,3.211106593427715,0.02314772783261879,4.210938150871266,0.005000926223500045,5.2106250162159915,-0.012847595448775576,0.5579484105110168,0.1513235718011856,0.10132357478141785,0.7640559673309326,0.7662255764007568,0,ROW_FOLLOW,,1.0,93.0,89.0,-0.11839090287685394,0.00762505829334259,0.0,0.2866649031639099,0.0,-0.27141478657722473,0.0,0.5317460298538208,0.6333332657814026,0.9299138188362122,0.9458850026130676,1.0,0.3333333432674408,0.7640559673309326,0.30000001192092896,0.20000000298023224,0.20000000298023224,0.15000000596046448,0.15000000596046448,1.0,1.0,1.0,1.0
complex_qaware_v018_r4,closed_loop,complex,full,1,0.18,True,30.74540037,1785050754.1629527,3.2325403191775117,0.020883370949348782,0.09672987483643024,0.11140400733452355,0.0005907186015602089,3.8320408875580476,0.11334359139497872,-0.16124321816392756,21.0,3.211106593427715,0.02314772783261879,4.210938150871266,0.005000926223500045,5.2106250162159915,-0.012847595448775576,0.5579484105110168,0.1513235718011856,0.10132357478141785,0.7640559673309326,0.7640559673309326,0,ROW_FOLLOW,,1.0,93.0,89.0,-0.11839090287685394,0.00762505829334259,0.0,0.2866649031639099,0.0,-0.27141478657722473,0.0,0.5317460298538208,0.6333332657814026,0.9299138188362122,0.9458850026130676,1.0,0.3333333432674408,0.7640559673309326,0.30000001192092896,0.20000000298023224,0.20000000298023224,0.15000000596046448,0.15000000596046448,1.0,1.0,1.0,1.0
complex_qaware_v018_r4,closed_loop,complex,full,1,0.18,True,30.796622229,1785050754.2141745,3.236625618386271,0.021278957266848506,0.09685688856356305,0.10475320164872737,-0.0063042352297380914,3.836147232019519,0.11302447952786464,-0.16337063061135482,21.0,3.2239635817548518,0.027187139667477586,4.223738200027907,0.00605215620481421,5.2297397090881095,-0.01575301413810573,0.5594397783279419,0.1565459817647934,0.10654598474502563,0.7596291303634644,0.7640559673309326,0,ROW_FOLLOW,,1.0,89.0,92.0,-0.12038903683423996,0.009941965341567993,0.0,0.2884822487831116,0.0,-0.2685983180999756,0.0,0.5,0.6595237255096436,0.9323996305465698,0.9416292905807495,1.0,0.380952388048172,0.7596291303634644,0.30000001192092896,0.20000000298023224,0.20000000298023224,0.15000000596046448,0.15000000596046448,1.0,1.0,1.0,1.0
complex_qaware_v018_r4,closed_loop,complex,full,1,0.18,True,30.845122769,1785050754.262675,3.244972265638286,0.022838140678887644,0.09653788692903074,0.11514703802909958,0.0052361611696414385,3.844675886931864,0.11353730526449106,-0.15463958800621674,21.0,3.2239635817548518,0.027187139667477586,4.223738200027907,0.00605215620481421,5.2297397090881095,-0.01575301413810573,0.5594397783279419,0.1565459817647934,0.10654598474502563,0.7596291303634644,0.7596291303634644,0,ROW_FOLLOW,,1.0,89.0,92.0,-0.12038903683423996,0.009941965341567993,0.0,0.2884822487831116,0.0,-0.2685983180999756,0.0,0.5,0.6595237255096436,0.9323996305465698,0.9416292905807495,1.0,0.380952388048172,0.7596291303634644,0.30000001192092896,0.20000000298023224,0.20000000298023224,0.15000000596046448,0.15000000596046448,1.0,1.0,1.0,1.0
complex_qaware_v018_r4,closed_loop,complex,full,1,0.18,True,30.89556752,1785050754.3131196,3.2493106647288283,0.023257216283893337,0.09656817470700126,0.10904618715060023,-0.001982389083504615,3.849035270342524,0.11323485011999118,-0.15665595563621593,21.0,3.236703127660935,0.03128209820576288,4.236429368178494,0.00793176038725362,5.236155649507647,-0.015418574251215672,0.5586254596710205,0.15697930753231049,0.10697931051254272,0.7604708671569824,0.7596291303634644,0,ROW_FOLLOW,,1.0,82.0,88.0,-0.12171731889247894,0.012289971113204956,0.0,0.29043033719062805,0.0,-0.26585039496421814,0.0,0.5,0.6595237255096436,0.9310424327850342,0.9490504264831543,1.0,0.380952388048172,0.7604708671569824,0.30000001192092896,0.20000000298023224,0.20000000298023224,0.15000000596046448,0.15000000596046448,1.0,1.0,1.0,1.0
complex_qaware_v018_r4,closed_loop,complex,full,1,0.18,True,30.945472513,1785050754.3630247,3.2606300419133576,0.025187831792586116,0.096405579707608,0.12120267520486513,5.445909675655511e-05,3.8605399020573974,0.11462135103374625,-0.14842270036340388,21.0,3.236703127660935,0.03128209820576288,4.236429368178494,0.00793176038725362,5.236155649507647,-0.015418574251215672,0.5586254596710205,0.15697930753231049,0.10697931051254272,0.7604708671569824,0.7604708671569824,0,ROW_FOLLOW,,1.0,82.0,88.0,-0.12171731889247894,0.012289971113204956,0.0,0.29043033719062805,0.0,-0.26585039496421814,0.0,0.5,0.6595237255096436,0.9310424327850342,0.9490504264831543,1.0,0.380952388048172,0.7604708671569824,0.30000001192092896,0.20000000298023224,0.20000000298023224,0.15000000596046448,0.15000000596046448,1.0,1.0,1.0,1.0
complex_qaware_v018_r4,closed_loop,complex,full,1,0.18,True,30.996565984,1785050754.414118,3.263160140096107,0.02528542649914553,0.09566610643929563,0.11585141393424228,-0.007127624125936116,3.8680782052789353,0.11473854333138997,-0.1476414183791125,19.0,3.2499669120167893,0.03475948320739553,4.149720597583822,0.013748460424320763,5.116125854771827,-0.008686581834742994,0.5594870448112488,0.1545843929052353,0.10458439588546753,0.7530785799026489,0.7604708671569824,0,ROW_FOLLOW,,1.0,96.0,95.0,-0.11702799052000046,0.012234345078468323,0.0,0.29078808426856995,0.0,-0.2663193941116333,0.0,0.4682539403438568,0.6595237255096436,0.9324783086776733,0.9613462090492249,1.0,0.380952388048172,0.7530785799026489,0.30000001192092896,0.20000000298023224,0.20000000298023224,0.15000000596046448,0.15000000596046448,1.0,1.0,1.0,1.0
complex_qaware_v018_r4,closed_loop,complex,full,1,0.18,True,31.045282018,1785050754.4628341,3.2678479179848265,0.025731391637606273,0.09484677346977666,0.12192030613378792,-0.022788121770387804,3.8727902573986683,0.11589286431868806,-0.13107520042525814,19.0,3.2499669120167893,0.03475948320739553,4.149720597583822,0.013748460424320763,5.116125854771827,-0.008686581834742994,0.5594870448112488,0.1545843929052353,0.10458439588546753,0.7530785799026489,0.7530785799026489,0,ROW_FOLLOW,,1.0,96.0,95.0,-0.11702799052000046,0.012234345078468323,0.0,0.29078808426856995,0.0,-0.2663193941116333,0.0,0.4682539403438568,0.6595237255096436,0.9324783086776733,0.9613462090492249,1.0,0.380952388048172,0.7530785799026489,0.30000001192092896,0.20000000298023224,0.20000000298023224,0.15000000596046448,0.15000000596046448,1.0,1.0,1.0,1.0
complex_qaware_v018_r4,closed_loop,complex,full,1,0.18,True,31.095615662,1785050754.5131679,3.2728892091161237,0.026203715806784735,0.09430665182110955,0.1171976836694158,0.00019127676093549928,3.8778589023991787,0.11573055495799286,-0.13215726282989282,21.0,3.262047854176771,0.03692401219379001,4.261809335230575,0.015248292738906906,5.260873584941716,-0.007039359162011158,0.559742271900177,0.15634913742542267,0.10634914040565491,0.7484921216964722,0.7530785799026489,0,ROW_FOLLOW,,1.0,86.0,87.0,-0.11282810568809509,0.011510014533996582,0.0,0.29006803035736084,0.0,-0.2670480012893677,0.0,0.4523809552192688,0.6595237255096436,0.9329035878181458,0.9619491100311279,1.0,0.380952388048172,0.7484921216964722,0.30000001192092896,0.20000000298023224,0.20000000298023224,0.15000000596046448,0.15000000596046448,1.0,1.0,1.0,1.0
complex_qaware_v018_r4,closed_loop,complex,full,1,0.18,True,31.145250024,1785050754.562802,3.2817925212181582,0.02729599186052176,0.09350663240284307,0.12106864162091144,-0.010761124320507472,3.8868363446654297,0.11628164607733603,-0.12297957218685973,21.0,3.262047854176771,0.03692401219379001,4.261809335230575,0.015248292738906906,5.260873584941716,-0.007039359162011158,0.559742271900177,0.15634913742542267,0.10634914040565491,0.7484921216964722,0.7484921216964722,0,ROW_FOLLOW,,1.0,86.0,87.0,-0.11282810568809509,0.011510014533996582,0.0,0.29006803035736084,0.0,-0.2670480012893677,0.0,0.4523809552192688,0.6595237255096436,0.9329035878181458,0.9619491100311279,1.0,0.380952388048172,0.7484921216964722,0.30000001192092896,0.20000000298023224,0.20000000298023224,0.15000000596046448,0.15000000596046448,1.0,1.0,1.0,1.0
complex_qaware_v018_r4,closed_loop,complex,full,1,0.18,True,31.19558482,1785050754.6131372,3.287077894511232,0.02778431954870556,0.09281553491432963,0.11775818729191202,-0.018596036807947233,3.8921515235492405,0.11615520594077983,-0.12382250643056783,21.0,3.2745862820394627,0.03753229358667087,4.274408400940478,0.018775280179180884,5.2798630793127845,0.002629175078001339,0.5608031749725342,0.1559862345457077,0.10598623752593994,0.7441467046737671,0.7484921216964722,0,ROW_FOLLOW,,1.0,92.0,89.0,-0.10920664668083191,0.00958511233329773,0.0,0.28819310665130615,0.0,-0.2690228819847107,0.0,0.4365079402923584,0.6595237255096436,0.9346721172332764,0.9623672962188721,1.0,0.380952388048172,0.7441467046737671,0.30000001192092896,0.20000000298023224,0.20000000298023224,0.15000000596046448,0.15000000596046448,1.0,1.0,1.0,1.0
complex_qaware_v018_r4,closed_loop,complex,full,1,0.18,True,31.245252975,1785050754.6628053,3.286948330483472,0.027605390723283545,0.09182345700053673,0.10640051355527069,-0.012398503272162515,3.9028550469159433,0.11663545920407183,-0.11540631758137485,21.0,3.2745862820394627,0.03753229358667087,4.274408400940478,0.018775280179180884,5.2798630793127845,0.002629175078001339,0.5608031749725342,0.1559862345457077,0.10598623752593994,0.7441467046737671,0.7441467046737671,0,ROW_FOLLOW,,1.0,92.0,89.0,-0.10920664668083191,0.00958511233329773,0.0,0.28819310665130615,0.0,-0.2690228819847107,0.0,0.4365079402923584,0.6595237255096436,0.9346721172332764,0.9623672962188721,1.0,0.380952388048172,0.7441467046737671,0.30000001192092896,0.20000000298023224,0.20000000298023224,0.15000000596046448,0.15000000596046448,1.0,1.0,1.0,1.0
complex_qaware_v018_r4,closed_loop,complex,full,1,0.18,True,31.295606651,1785050754.7131588,3.291103757492365,0.02842144906753097,0.09118855701931629,0.10651466730192626,-0.011316684039529613,3.909532028609927,0.11572159586383024,-0.11894613517435926,21.0,3.284260311646421,0.03698732504240632,4.2841220198351,0.020419454019890825,5.283983725614114,0.003851584374207824,0.5620338916778564,0.15951110422611237,0.1095111072063446,0.742019534111023,0.742019534111023,0,ROW_FOLLOW,,1.0,109.0,97.0,-0.10598193109035492,0.007792174816131592,0.0,0.2868008613586426,0.0,-0.2712165117263794,0.0,0.4444444179534912,0.6333332657814026,0.936722993850708,0.9644993543624878,1.0,0.3333333432674408,0.742019534111023,0.30000001192092896,0.20000000298023224,0.20000000298023224,0.15000000596046448,0.15000000596046448,1.0,1.0,1.0,1.0
complex_qaware_v018_r4,closed_loop,complex,full,1,0.18,True,31.345349143,1785050754.7629015,3.293300943687598,0.028480061516690313,0.08933963766177748,0.09947296726214899,-0.02930396997750363,3.9117377665993884,0.11614088143659017,-0.1161508980226264,21.0,3.284260311646421,0.03698732504240632,4.2841220198351,0.020419454019890825,5.283983725614114,0.003851584374207824,0.5620338916778564,0.15951110422611237,0.1095111072063446,0.742019534111023,0.742019534111023,0,ROW_FOLLOW,,1.0,109.0,97.0,-0.10598193109035492,0.007792174816131592,0.0,0.2868008613586426,0.0,-0.2712165117263794,0.0,0.4444444179534912,0.6333332657814026,0.936722993850708,0.9644993543624878,1.0,0.3333333432674408,0.742019534111023,0.30000001192092896,0.20000000298023224,0.20000000298023224,0.15000000596046448,0.15000000596046448,1.0,1.0,1.0,1.0
complex_qaware_v018_r4,closed_loop,complex,full,1,0.18,True,31.397581812,1785050754.815134,3.298519139059248,0.028927888038233755,0.08827595528499903,0.10143010642555683,-0.02284913775365712,3.9169867684901307,0.11614032473789375,-0.1161546093472692,20.0,3.2927776763505445,0.03648507697959757,4.297638044465382,0.019799705142631963,5.225841667623003,0.004339712782234799,0.5574657917022705,0.15323032438755035,0.10323032736778259,0.7483557462692261,0.742019534111023,0,ROW_FOLLOW,,1.0,95.0,90.0,-0.10687100887298584,0.007278382778167725,0.0,0.2861015796661377,0.0,-0.27154481410980225,0.0,0.4761904776096344,0.6333332657814026,0.9291095733642578,0.953400194644928,1.0,0.3333333432674408,0.7483557462692261,0.30000001192092896,0.20000000298023224,0.20000000298023224,0.15000000596046448,0.15000000596046448,1.0,1.0,1.0,1.0
complex_qaware_v018_r4,closed_loop,complex,full,1,0.18,True,31.445275004,1785050754.8628273,3.297319891683098,0.030069444043809814,0.08803398625128224,0.08819182358076433,0.003392781251857641,3.9297243125472634,0.1158705675569858,-0.1255564451431659,20.0,3.2927776763505445,0.03648507697959757,4.297638044465382,0.019799705142631963,5.225841667623003,0.004339712782234799,0.5574657917022705,0.15323032438755035,0.10323032736778259,0.7483557462692261,0.7483557462692261,0,ROW_FOLLOW,,1.0,95.0,90.0,-0.10687100887298584,0.007278382778167725,0.0,0.2861015796661377,0.0,-0.27154481410980225,0.0,0.4761904776096344,0.6333332657814026,0.9291095733642578,0.953400194644928,1.0,0.3333333432674408,0.7483557462692261,0.30000001192092896,0.20000000298023224,0.20000000298023224,0.15000000596046448,0.15000000596046448,1.0,1.0,1.0,1.0
complex_qaware_v018_r4,closed_loop,complex,full,1,0.18,True,31.496365499,1785050754.9139178,3.303111824604837,0.030557477366356778,0.08673130526014819,0.09437764582902808,-0.024226794322291148,3.9355518295883476,0.11588137811696207,-0.12548437474332405,20.0,3.2981028538151147,0.03621523866995404,4.302962912395316,0.019511461548885774,5.264495104716295,0.0034867210379986545,0.5566782355308533,0.15484915673732758,0.10484915971755981,0.7602056264877319,0.7483557462692261,0,ROW_FOLLOW,,1.0,104.0,90.0,-0.10317763686180115,0.006001964211463928,0.0,0.2847972512245178,0.0,-0.27279332280158997,0.0,0.5317460298538208,0.6071427464485168,0.9277969598770142,0.9579594135284424,1.0,0.2857142984867096,0.7602056264877319,0.30000001192092896,0.20000000298023224,0.20000000298023224,0.15000000596046448,0.15000000596046448,1.0,1.0,1.0,1.0
complex_qaware_v018_r4,closed_loop,complex,full,1,0.18,True,31.545361573,1785050754.9629138,3.305238135964174,0.030837424395987356,0.08536783558936009,0.08646173856444062,-0.03703625368144427,3.9449261790404386,0.11784275393172633,-0.12662839224043612,20.0,3.2981028538151147,0.03621523866995404,4.302962912395316,0.019511461548885774,5.264495104716295,0.0034867210379986545,0.5566782355308533,0.15484915673732758,0.10484915971755981,0.7602056264877319,0.7602056264877319,0,ROW_FOLLOW,,1.0,104.0,90.0,-0.10317763686180115,0.006001964211463928,0.0,0.2847972512245178,0.0,-0.27279332280158997,0.0,0.5317460298538208,0.6071427464485168,0.9277969598770142,0.9579594135284424,1.0,0.2857142984867096,0.7602056264877319,0.30000001192092896,0.20000000298023224,0.20000000298023224,0.15000000596046448,0.15000000596046448,1.0,1.0,1.0,1.0
complex_qaware_v018_r4,closed_loop,complex,full,1,0.18,True,31.595291206,1785050755.0128436,3.311203804708257,0.03131559544288926,0.08313657898297233,0.09346808551987536,-0.058747139466525364,3.9509371286993042,0.11805408387069703,-0.12521952598063144,21.0,3.304378637831642,0.03620080138105961,4.30923849630885,0.019483223864422836,5.3110510739350865,0.006170286153423611,0.5563689470291138,0.1557810753583908,0.10578107833862305,0.7631288766860962,0.7602056264877319,0,ROW_FOLLOW,,1.0,94.0,89.0,-0.0979713574051857,0.004523664712905884,0.0,0.28312045335769653,0.0,-0.27407312393188477,0.0,0.523809552192688,0.6333332657814026,0.9272814393043518,0.9590873718261719,1.0,0.3333333432674408,0.7631288766860962,0.30000001192092896,0.20000000298023224,0.20000000298023224,0.15000000596046448,0.15000000596046448,1.0,1.0,1.0,1.0
complex_qaware_v018_r4,closed_loop,complex,full,1,0.18,True,31.645254025,1785050755.0628064,3.3108583618881307,0.031728620264560095,0.08109955841342883,0.0826196668894873,-0.028409781095335155,3.9575260699840933,0.1186218673193364,-0.12494220322773955,21.0,3.304378637831642,0.03620080138105961,4.30923849630885,0.019483223864422836,5.3110510739350865,0.006170286153423611,0.5563689470291138,0.1557810753583908,0.10578107833862305,0.7631288766860962,0.7631288766860962,0,ROW_FOLLOW,,1.0,94.0,89.0,-0.0979713574051857,0.004523664712905884,0.0,0.28312045335769653,0.0,-0.27407312393188477,0.0,0.523809552192688,0.6333332657814026,0.9272814393043518,0.9590873718261719,1.0,0.3333333432674408,0.7631288766860962,0.30000001192092896,0.20000000298023224,0.20000000298023224,0.15000000596046448,0.15000000596046448,1.0,1.0,1.0,1.0
complex_qaware_v018_r4,closed_loop,complex,full,1,0.18,True,31.697115485,1785050755.114668,3.316443177585997,0.03216002839528096,0.0800548203088649,0.08967431316143444,-0.006625664368187809,3.963139517992135,0.11858407626979807,-0.12519414355799505,21.0,3.304378637831642,0.03620080138105961,4.30923849630885,0.019483223864422836,5.3110510739350865,0.006170286153423611,0.5563689470291138,0.1557810753583908,0.10578107833862305,0.7631288766860962,0.7631288766860962,0,ROW_FOLLOW,,1.0,94.0,89.0,-0.0979713574051857,0.004523664712905884,0.0,0.28312045335769653,0.0,-0.27407312393188477,0.0,0.523809552192688,0.6333332657814026,0.9272814393043518,0.9590873718261719,1.0,0.3333333432674408,0.7631288766860962,0.30000001192092896,0.20000000298023224,0.20000000298023224,0.15000000596046448,0.15000000596046448,1.0,1.0,1.0,1.0
complex_qaware_v018_r4,closed_loop,complex,full,1,0.18,True,31.745208208,1785050755.1627605,3.3222385869449993,0.03287490165401013,0.07830601908236635,0.08899941891467805,-0.03345911910302529,3.9692776633905003,0.11827191334939419,-0.1261781704441428,20.0,3.3103201615682516,0.035729821942999174,4.315207102228544,0.020693183609517368,5.276765371890888,0.006287279057783022,0.5564789772033691,0.15552918612957,0.10552918910980225,0.7622146606445312,0.7622146606445312,0,ROW_FOLLOW,,1.0,100.0,86.0,-0.09368093311786652,0.0026322901248931885,0.0,0.28144916892051697,0.0,-0.2761845886707306,0.0,0.523809552192688,0.6333332657814026,0.9274651408195496,0.9527473449707031,1.0,0.3333333432674408,0.7622146606445312,0.30000001192092896,0.20000000298023224,0.20000000298023224,0.15000000596046448,0.15000000596046448,1.0,1.0,1.0,1.0
complex_qaware_v018_r4,closed_loop,complex,full,1,0.18,True,31.797093636,1785050755.214646,3.327868581833624,0.03329682419671444,0.07737888716541887,0.09417172112764566,-0.0235382396525354,3.9749340968392635,0.11819299544819252,-0.12670428978548726,21.0,3.3185512440528964,0.03530457763717874,4.323430935173269,0.019843572595052605,5.319320549839405,0.00300789782910511,0.559368371963501,0.15894244611263275,0.10894244909286499,0.7612020969390869,0.7622146606445312,0,ROW_FOLLOW,,1.0,95.0,98.0,-0.09509850293397903,0.001986384391784668,0.0,0.2810418903827667,0.0,-0.2770691215991974,0.0,0.4920634627342224,0.6595237255096436,0.9322804808616638,0.9681481122970581,1.0,0.380952388048172,0.7612020969390869,0.30000001192092896,0.20000000298023224,0.20000000298023224,0.15000000596046448,0.15000000596046448,1.0,1.0,1.0,1.0
complex_qaware_v018_r4,closed_loop,complex,full,1,0.18,True,31.845253785,1785050755.262806,3.3316111898199057,0.03180536518645282,0.07612399378132782,0.09428011586202793,-0.021422235152112685,3.9835147946806626,0.11899441332128739,-0.12014642751832162,21.0,3.3185512440528964,0.03530457763717874,4.323430935173269,0.019843572595052605,5.319320549839405,0.00300789782910511,0.559368371963501,0.15894244611263275,0.10894244909286499,0.7612020969390869,0.7612020969390869,0,ROW_FOLLOW,,1.0,95.0,98.0,-0.09509850293397903,0.001986384391784668,0.0,0.2810418903827667,0.0,-0.2770691215991974,0.0,0.4920634627342224,0.6595237255096436,0.9322804808616638,0.9681481122970581,1.0,0.380952388048172,0.7612020969390869,0.30000001192092896,0.20000000298023224,0.20000000298023224,0.15000000596046448,0.15000000596046448,1.0,1.0,1.0,1.0
complex_qaware_v018_r4,closed_loop,complex,full,1,0.18,True,31.898429838,1785050755.315982,3.3373698206338016,0.032226351182173284,0.07495336734486552,0.09781182428126,-0.05346346840690818,3.9893023118780513,0.11897506402536119,-0.12027542282449633,21.0,3.3272557048545934,0.03440592108071613,4.33213051374716,0.01862663180996297,5.332362641112378,0.0007050617873569677,0.5607239603996277,0.16160114109516144,0.11160114407539368,0.7503389120101929,0.7612020969390869,0,ROW_FOLLOW,,1.0,98.0,89.0,-0.09074311703443527,0.0009165555238723755,0.0,0.27995896339416504,0.0,-0.2781258523464203,0.0,0.4523809552192688,0.6595237255096436,0.9345399737358093,0.9720795750617981,1.0,0.380952388048172,0.7503389120101929,0.30000001192092896,0.20000000298023224,0.20000000298023224,0.15000000596046448,0.15000000596046448,1.0,1.0,1.0,1.0
complex_qaware_v018_r4,closed_loop,complex,full,1,0.18,True,31.94512739,1785050755.3626795,3.3446843760792184,0.03147242716799955,0.07197494112958625,0.10377044314548427,-0.04360946735740262,3.996991522093999,0.11748459970300862,-0.11717602972550732,21.0,3.3272557048545934,0.03440592108071613,4.33213051374716,0.01862663180996297,5.332362641112378,0.0007050617873569677,0.5607239603996277,0.16160114109516144,0.11160114407539368,0.7503389120101929,0.7503389120101929,0,ROW_FOLLOW,,1.0,98.0,89.0,-0.09074311703443527,0.0009165555238723755,0.0,0.27995896339416504,0.0,-0.2781258523464203,0.0,0.4523809552192688,0.6595237255096436,0.9345399737358093,0.9720795750617981,1.0,0.380952388048172,0.7503389120101929,0.30000001192092896,0.20000000298023224,0.20000000298023224,0.15000000596046448,0.15000000596046448,1.0,1.0,1.0,1.0
complex_qaware_v018_r4,closed_loop,complex,full,1,0.18,True,31.996016824,1785050755.413569,3.3518144605268767,0.03135533030252591,0.06942925292362553,0.1071306513870126,-0.07414904205287501,4.004229990242511,0.11819856418812273,-0.11241626649141326,21.0,3.339031298010047,0.03305962694301238,4.338903245125393,0.017109744028549808,5.338775208996876,0.0011598683296344507,0.561257541179657,0.1591634303331375,0.10916343331336975,0.7451553344726562,0.7503389120101929,0,ROW_FOLLOW,,1.0,100.0,100.0,-0.08377160131931305,-0.0006022006273269653,0.0,0.2785088121891022,0.0,-0.2797132134437561,0.0,0.4365079402923584,0.6595237255096436,0.9354293346405029,0.9680821299552917,1.0,0.380952388048172,0.7451553344726562,0.30000001192092896,0.20000000298023224,0.20000000298023224,0.15000000596046448,0.15000000596046448,1.0,1.0,1.0,1.0
complex_qaware_v018_r4,closed_loop,complex,full,1,0.18,True,32.045250217,1785050755.4628024,3.357413340406127,0.031689488518259756,0.06610311985270953,0.10810336852175048,-0.04157850113241259,4.009868667315021,0.11657144814621724,-0.11704341372573915,21.0,3.339031298010047,0.03305962694301238,4.338903245125393,0.017109744028549808,5.338775208996876,0.0011598683296344507,0.561257541179657,0.1591634303331375,0.10916343331336975,0.7451553344726562,0.7451553344726562,0,ROW_FOLLOW,,1.0,100.0,100.0,-0.08377160131931305,-0.0006022006273269653,0.0,0.2785088121891022,0.0,-0.2797132134437561,0.0,0.4365079402923584,0.6595237255096436,0.9354293346405029,0.9680821299552917,1.0,0.380952388048172,0.7451553344726562,0.30000001192092896,0.20000000298023224,0.20000000298023224,0.15000000596046448,0.15000000596046448,1.0,1.0,1.0,1.0
complex_qaware_v018_r4,closed_loop,complex,full,1,0.18,True,32.095613686,1785050755.5131657,3.3630518208767923,0.03199455944195017,0.06425062644346904,0.10937094933651839,-0.04911052456093722,4.015546489238467,0.11675166001410572,-0.11584200127314927,21.0,3.339031298010047,0.03305962694301238,4.338903245125393,0.017109744028549808,5.338775208996876,0.0011598683296344507,0.561257541179657,0.1591634303331375,0.10916343331336975,0.7451553344726562,0.7451553344726562,0,ROW_FOLLOW,,1.0,100.0,100.0,-0.08377160131931305,-0.0006022006273269653,0.0,0.2785088121891022,0.0,-0.2797132134437561,0.0,0.4365079402923584,0.6595237255096436,0.9354293346405029,0.9680821299552917,1.0,0.380952388048172,0.7451553344726562,0.30000001192092896,0.20000000298023224,0.20000000298023224,0.15000000596046448,0.15000000596046448,1.0,1.0,1.0,1.0
complex_qaware_v018_r4,closed_loop,complex,full,1,0.18,True,32.145275057,1785050755.5628273,3.370000742647999,0.03387581004810302,0.06113778012452897,0.11621348296298399,-0.034502376501654185,4.022828181330045,0.11465207219235228,-0.12887837886067716,21.0,3.3507369389893937,0.03118106865302746,4.350631937246924,0.01671862047382371,5.350526945118131,0.002256176172828153,0.5620132088661194,0.16069747507572174,0.11069747805595398,0.7443546056747437,0.7443546056747437,0,ROW_FOLLOW,,1.0,94.0,95.0,-0.07750741392374039,-0.0023475438356399536,0.0,0.27670377492904663,0.0,-0.28139886260032654,0.0,0.4365079402923584,0.6595237255096436,0.9363545179367065,0.961510419845581,1.0,0.380952388048172,0.7443546056747437,0.30000001192092896,0.20000000298023224,0.20000000298023224,0.15000000596046448,0.15000000596046448,1.0,1.0,1.0,1.0
complex_qaware_v018_r4,closed_loop,complex,full,1,0.18,True,32.195312214,1785050755.6128645,3.375506966659209,0.03417855473740775,0.059346658699033224,0.11542295058952005,-0.048101903095554815,4.028362702667328,0.11476845249428837,-0.12810251018110325,21.0,3.3634286810552134,0.03061966542437301,4.363314530801444,0.015606334946843709,5.36320034805667,0.0005930057364849269,0.5614352822303772,0.16056634485721588,0.11056634783744812,0.7300604581832886,0.7443546056747437,0,ROW_FOLLOW,,1.0,90.0,100.0,-0.07678928226232529,-0.002720385789871216,0.0,0.2765904664993286,0.0,-0.28203123807907104,0.0,0.4047619104385376,0.6333332657814026,0.9357254505157471,0.9654675722122192,1.0,0.3333333432674408,0.7300604581832886,0.30000001192092896,0.20000000298023224,0.20000000298023224,0.15000000596046448,0.15000000596046448,1.0,1.0,1.0,1.0
complex_qaware_v018_r4,closed_loop,complex,full,1,0.18,True,32.24529161,1785050755.662844,3.3835317504648437,0.03731013718791095,0.05626363022904534,0.12339541856265955,-0.06130958339740595,4.0372611351074115,0.1098355935846731,-0.14383525925545892,21.0,3.3634286810552134,0.03061966542437301,4.363314530801444,0.015606334946843709,5.36320034805667,0.0005930057364849269,0.5614352822303772,0.16056634485721588,0.11056634783744812,0.7300604581832886,0.7300604581832886,0,ROW_FOLLOW,,1.0,90.0,100.0,-0.07678928226232529,-0.002720385789871216,0.0,0.2765904664993286,0.0,-0.28203123807907104,0.0,0.4047619104385376,0.6333332657814026,0.9357254505157471,0.9654675722122192,1.0,0.3333333432674408,0.7300604581832886,0.30000001192092896,0.20000000298023224,0.20000000298023224,0.15000000596046448,0.15000000596046448,1.0,1.0,1.0,1.0
complex_qaware_v018_r4,closed_loop,complex,full,1,0.18,True,32.295304734,1785050755.712857,3.388899020597933,0.03756502190696954,0.053268874183390214,0.12069947802809433,-0.07030486548418399,4.0426677802790385,0.1102028725875578,-0.14138673256956089,21.0,3.37577851131711,0.03218254079057825,4.375628041202087,0.015089647580689638,5.37547757734485,-0.0020032483414069596,0.5596430897712708,0.15561918914318085,0.10561919212341309,0.7589496374130249,0.7300604581832886,0,ROW_FOLLOW,,1.0,92.0,95.0,-0.07385087758302689,-0.0021236538887023926,0.0,0.27792108058929443,0.0,-0.2821683883666992,0.0,0.4920635223388672,0.6595237255096436,0.932738721370697,0.952520489692688,1.0,0.380952388048172,0.7589496374130249,0.30000001192092896,0.20000000298023224,0.20000000298023224,0.15000000596046448,0.15000000596046448,1.0,1.0,1.0,1.0
complex_qaware_v018_r4,closed_loop,complex,full,1,0.18,True,32.345217568,1785050755.76277,3.3944677781512587,0.037756556301016556,0.04886613039151745,0.11841711106866257,-0.06719566878063933,4.0483050983380675,0.1171075051723298,-0.13002286374676442,21.0,3.37577851131711,0.03218254079057825,4.375628041202087,0.015089647580689638,5.37547757734485,-0.0020032483414069596,0.5596430897712708,0.15561918914318085,0.10561919212341309,0.7589496374130249,0.7589496374130249,0,ROW_FOLLOW,,1.0,92.0,95.0,-0.07385087758302689,-0.0021236538887023926,0.0,0.27792108058929443,0.0,-0.2821683883666992,0.0,0.4920635223388672,0.6595237255096436,0.932738721370697,0.952520489692688,1.0,0.380952388048172,0.7589496374130249,0.30000001192092896,0.20000000298023224,0.20000000298023224,0.15000000596046448,0.15000000596046448,1.0,1.0,1.0,1.0
complex_qaware_v018_r4,closed_loop,complex,full,1,0.18,True,32.397803238,1785050755.8153553,3.39456885748532,0.037680924660922266,0.045824855261434656,0.11862890074984912,-0.07428841644716001,4.048458156396755,0.1178470564865265,-0.1250925216521198,21.0,3.386278367683834,0.03395758651460583,4.386103569711661,0.015304968155682691,5.385928782768471,-0.0033476558279292024,0.5586525201797485,0.15791501104831696,0.1079150140285492,0.7640641927719116,0.7589496374130249,0,ROW_FOLLOW,,1.0,100.0,100.0,-0.0637613907456398,-0.002709001302719116,0.0,0.2773877680301666,0.0,-0.28280577063560486,0.0,0.523809552192688,0.6333332657814026,0.9310874938964844,0.9602477550506592,1.0,0.3333333432674408,0.7640641927719116,0.30000001192092896,0.20000000298023224,0.20000000298023224,0.15000000596046448,0.15000000596046448,1.0,1.0,1.0,1.0
complex_qaware_v018_r4,closed_loop,complex,full,1,0.18,True,32.44515911,1785050755.8627112,3.4069527763424823,0.0403101101360762,0.04017353200475782,0.12591433715148606,-0.10821943118234904,4.0618153250075135,0.11894066168658919,-0.1239392867490327,21.0,3.386278367683834,0.03395758651460583,4.386103569711661,0.015304968155682691,5.385928782768471,-0.0033476558279292024,0.5586525201797485,0.15791501104831696,0.1079150140285492,0.7640641927719116,0.7640641927719116,0,ROW_FOLLOW,,1.0,100.0,100.0,-0.0637613907456398,-0.002709001302719116,0.0,0.2773877680301666,0.0,-0.28280577063560486,0.0,0.523809552192688,0.6333332657814026,0.9310874938964844,0.9602477550506592,1.0,0.3333333432674408,0.7640641927719116,0.30000001192092896,0.20000000298023224,0.20000000298023224,0.15000000596046448,0.15000000596046448,1.0,1.0,1.0,1.0
complex_qaware_v018_r4,closed_loop,complex,full,1,0.18,True,32.496687057,1785050755.9142392,3.4123075935454987,0.04045793924058957,0.03583585202665772,0.12174822436471239,-0.10655952115543632,4.067218444377425,0.11967082545540991,-0.11907152829022782,21.0,3.3985413295463758,0.036015860064924174,4.398344078584696,0.016193521001270462,5.39814685923493,-0.003628821802572633,0.5596006512641907,0.1588708609342575,0.10887086391448975,0.7644386291503906,0.7640641927719116,0,ROW_FOLLOW,,1.0,95.0,102.0,-0.056788280606269836,-0.0028251558542251587,0.0,0.2774764597415924,0.0,-0.2831267714500427,0.0,0.523809552192688,0.6333332657814026,0.9326679706573486,0.9606366157531738,1.0,0.3333333432674408,0.7644386291503906,0.30000001192092896,0.20000000298023224,0.20000000298023224,0.15000000596046448,0.15000000596046448,1.0,1.0,1.0,1.0
complex_qaware_v018_r4,closed_loop,complex,full,1,0.18,True,32.545383476,1785050755.962936,3.4243946339152798,0.041361827089322616,0.029246566416068837,0.12862498548476886,-0.11450606630431996,4.079400124836418,0.12186441744763171,-0.10489690532959062,21.0,3.3985413295463758,0.036015860064924174,4.398344078584696,0.016193521001270462,5.39814685923493,-0.003628821802572633,0.5596006512641907,0.1588708609342575,0.10887086391448975,0.7644386291503906,0.7644386291503906,0,ROW_FOLLOW,,1.0,95.0,102.0,-0.056788280606269836,-0.0028251558542251587,0.0,0.2774764597415924,0.0,-0.2831267714500427,0.0,0.523809552192688,0.6333332657814026,0.9326679706573486,0.9606366157531738,1.0,0.3333333432674408,0.7644386291503906,0.30000001192092896,0.20000000298023224,0.20000000298023224,0.15000000596046448,0.15000000596046448,1.0,1.0,1.0,1.0
complex_qaware_v018_r4,closed_loop,complex,full,1,0.18,True,32.596175596,1785050756.0137277,3.4297664850112253,0.041450897212205455,0.02523063142810366,0.12442797523397196,-0.09721872935838893,4.084815230444902,0.12255958203495261,-0.10026247474745126,21.0,3.4121552259613046,0.03674748213118828,4.411973270010924,0.017714207833795317,5.411791328236937,-0.0013190681847815185,0.5609792470932007,0.16012604534626007,0.11012604832649231,0.763405442237854,0.7644386291503906,0,ROW_FOLLOW,,1.0,97.0,95.0,-0.04344498738646507,-0.0038148462772369385,0.0,0.27657514810562134,0.0,-0.2842048406600952,0.0,0.5158730149269104,0.6333332657814026,0.9349654912948608,0.9665579795837402,1.0,0.3333333432674408,0.763405442237854,0.30000001192092896,0.20000000298023224,0.20000000298023224,0.15000000596046448,0.15000000596046448,1.0,1.0,1.0,1.0
complex_qaware_v018_r4,closed_loop,complex,full,1,0.18,True,32.645236184,1785050756.0627882,3.433958793842687,0.0372026253681454,0.01924425437266697,0.12114911001456638,-0.10975625070197786,4.094689820349453,0.12812687120897953,-0.061907389292227846,21.0,3.4121552259613046,0.03674748213118828,4.411973270010924,0.017714207833795317,5.411791328236937,-0.0013190681847815185,0.5609792470932007,0.16012604534626007,0.11012604832649231,0.763405442237854,0.763405442237854,0,ROW_FOLLOW,,1.0,97.0,95.0,-0.04344498738646507,-0.0038148462772369385,0.0,0.27657514810562134,0.0,-0.2842048406600952,0.0,0.5158730149269104,0.6333332657814026,0.9349654912948608,0.9665579795837402,1.0,0.3333333432674408,0.763405442237854,0.30000001192092896,0.20000000298023224,0.20000000298023224,0.15000000596046448,0.15000000596046448,1.0,1.0,1.0,1.0
complex_qaware_v018_r4,closed_loop,complex,full,1,0.18,True,32.698872955,1785050756.1164253,3.4396074325093915,0.03723734803698167,0.01504671422803705,0.11907098499691614,-0.10966662181137295,4.100384694723248,0.1289681686958737,-0.0562987393796002,19.0,3.4271608654452717,0.03639613118785709,4.326978185428774,0.01829909000605566,5.293447336042822,-0.0012085682719214594,0.559185266494751,0.15911491215229034,0.10911491513252258,0.7580687999725342,0.763405442237854,0,ROW_FOLLOW,,1.0,105.0,99.0,-0.03620751202106476,-0.003319784998893738,0.0,0.2768462300300598,0.0,-0.2834858000278473,0.0,0.4841269850730896,0.6595237255096436,0.9319754242897034,0.9635392427444458,1.0,0.380952388048172,0.7580687999725342,0.30000001192092896,0.20000000298023224,0.20000000298023224,0.15000000596046448,0.15000000596046448,1.0,1.0,1.0,1.0
complex_qaware_v018_r4,closed_loop,complex,full,1,0.18,True,32.745577739,1785050756.16313,3.4465594011297758,0.03168956567309506,0.00873374805310645,0.12046279274550689,-0.10298438183478015,4.111886291943852,0.1334151254024382,-0.020248390617453236,19.0,3.4271608654452717,0.03639613118785709,4.326978185428774,0.01829909000605566,5.293447336042822,-0.0012085682719214594,0.559185266494751,0.15911491215229034,0.10911491513252258,0.7580687999725342,0.7580687999725342,0,ROW_FOLLOW,,1.0,105.0,99.0,-0.03620751202106476,-0.003319784998893738,0.0,0.2768462300300598,0.0,-0.2834858000278473,0.0,0.4841269850730896,0.6595237255096436,0.9319754242897034,0.9635392427444458,1.0,0.380952388048172,0.7580687999725342,0.30000001192092896,0.20000000298023224,0.20000000298023224,0.15000000596046448,0.15000000596046448,1.0,1.0,1.0,1.0
complex_qaware_v018_r4,closed_loop,complex,full,1,0.18,True,32.795674386,1785050756.2132268,3.45204677619975,0.03166120616126064,0.004338221073776349,0.11897580956874917,-0.10259829841340548,4.11742217950023,0.13441022745352277,-0.013614376943555962,21.0,3.4404031742337327,0.03310916681859486,4.44021711622755,0.013861775854351359,5.4405017446597235,-0.0038783556694294355,0.5610405802726746,0.16090132296085358,0.11090132594108582,0.7567245960235596,0.7580687999725342,0,ROW_FOLLOW,,1.0,82.0,98.0,-0.02270885370671749,-0.0038893520832061768,0.0,0.2762987017631531,0.0,-0.28407740592956543,0.0,0.4761904776096344,0.6595237255096436,0.9350675940513611,0.9663281440734863,1.0,0.380952388048172,0.7567245960235596,0.30000001192092896,0.20000000298023224,0.20000000298023224,0.15000000596046448,0.15000000596046448,1.0,1.0,1.0,1.0
complex_qaware_v018_r4,closed_loop,complex,full,1,0.18,True,32.845429456,1785050756.2629817,3.45670602174556,0.0282687684578217,-0.0014035509197096736,0.11679512745946805,-0.08154897528633384,4.126649796760163,0.13576596858096848,-0.0029630580218149272,21.0,3.4404031742337327,0.03310916681859486,4.44021711622755,0.013861775854351359,5.4405017446597235,-0.0038783556694294355,0.5610405802726746,0.16090132296085358,0.11090132594108582,0.7567245960235596,0.7567245960235596,0,ROW_FOLLOW,,1.0,82.0,98.0,-0.02270885370671749,-0.0038893520832061768,0.0,0.2762987017631531,0.0,-0.28407740592956543,0.0,0.4761904776096344,0.6595237255096436,0.9350675940513611,0.9663281440734863,1.0,0.380952388048172,0.7567245960235596,0.30000001192092896,0.20000000298023224,0.20000000298023224,0.15000000596046448,0.15000000596046448,1.0,1.0,1.0,1.0
complex_qaware_v018_r4,closed_loop,complex,full,1,0.18,True,32.896713014,1785050756.3142653,3.4628888497012866,0.028202691768617266,-0.003543593411795776,0.11732557975668426,-0.047709627455447164,4.1328583465164686,0.13613746665744053,0.00048640417866778127,21.0,3.4514425951643246,0.02845783736761581,4.451267681406576,0.009855800936984793,5.457094306527349,-0.008919287297640991,0.5616512894630432,0.16104958951473236,0.1110495924949646,0.7454934120178223,0.7567245960235596,0,ROW_FOLLOW,,1.0,93.0,88.0,-0.012734413146972656,-0.004520595073699951,0.0,0.27522653341293335,0.0,-0.28426772356033325,0.0,0.4365079402923584,0.6595237255096436,0.9360856413841248,0.9694607257843018,1.0,0.380952388048172,0.7454934120178223,0.30000001192092896,0.20000000298023224,0.20000000298023224,0.15000000596046448,0.15000000596046448,1.0,1.0,1.0,1.0
complex_qaware_v018_r4,closed_loop,complex,full,1,0.18,True,32.94567264,1785050756.3632247,3.46874788766366,0.02784587575667459,-0.006801410526515728,0.12246130034807338,-0.062271340714361564,4.139839613328567,0.1317490548025806,-0.016265062404182788,21.0,3.4514425951643246,0.02845783736761581,4.451267681406576,0.009855800936984793,5.457094306527349,-0.008919287297640991,0.5616512894630432,0.16104958951473236,0.1110495924949646,0.7454934120178223,0.7454934120178223,0,ROW_FOLLOW,,1.0,93.0,88.0,-0.012734413146972656,-0.004520595073699951,0.0,0.27522653341293335,0.0,-0.28426772356033325,0.0,0.4365079402923584,0.6595237255096436,0.9360856413841248,0.9694607257843018,1.0,0.380952388048172,0.7454934120178223,0.30000001192092896,0.20000000298023224,0.20000000298023224,0.15000000596046448,0.15000000596046448,1.0,1.0,1.0,1.0
complex_qaware_v018_r4,closed_loop,complex,full,1,0.18,True,32.995315515,1785050756.4128678,3.4749641452297753,0.02775546902138322,-0.009491780459065065,0.1234399108853762,-0.05344773900399062,4.146089645844745,0.1323456777383045,-0.012287576166023346,21.0,3.463226300717249,0.024684949808590022,4.463089963051949,0.008233316980977125,5.462953604120579,-0.008218315351195568,0.5623633861541748,0.16180022060871124,0.11180022358894348,0.7497634887695312,0.7454934120178223,0,ROW_FOLLOW,,1.0,73.0,112.0,-0.0052167559042572975,-0.005156382918357849,0.0,0.2743663191795349,0.0,-0.2846790850162506,0.0,0.436507910490036,0.6857142448425293,0.9372721314430237,0.9614256024360657,1.0,0.4285714328289032,0.7497634887695312,0.30000001192092896,0.20000000298023224,0.20000000298023224,0.15000000596046448,0.15000000596046448,1.0,1.0,1.0,1.0
complex_qaware_v018_r4,closed_loop,complex,full,1,0.18,True,33.04533168,1785050756.462884,3.4830677749463206,0.03001318191509853,-0.013704545551765705,0.12476684772736672,-0.06883802487351502,4.1554949763096145,0.12979943089928328,-0.03438664719488231,21.0,3.463226300717249,0.024684949808590022,4.463089963051949,0.008233316980977125,5.462953604120579,-0.008218315351195568,0.5623633861541748,0.16180022060871124,0.11180022358894348,0.7497634887695312,0.7497634887695312,0,ROW_FOLLOW,,1.0,73.0,112.0,-0.0052167559042572975,-0.005156382918357849,0.0,0.2743663191795349,0.0,-0.2846790850162506,0.0,0.436507910490036,0.6857142448425293,0.9372721314430237,0.9614256024360657,1.0,0.4285714328289032,0.7497634887695312,0.30000001192092896,0.20000000298023224,0.20000000298023224,0.15000000596046448,0.15000000596046448,1.0,1.0,1.0,1.0
complex_qaware_v018_r4,closed_loop,complex,full,1,0.18,True,33.095361958,1785050756.5129142,3.4893323896272377,0.029860077834331623,-0.01713352375579147,0.12572038260302196,-0.08286837101890915,4.161804944850873,0.1305248443461264,-0.02955055754926143,21.0,3.475653119512733,0.023493885432673462,4.475542527297189,0.008655112291236222,5.475431888185604,-0.006183660342270635,0.5628951191902161,0.15863670408725739,0.10863670706748962,0.7438341379165649,0.7497634887695312,0,ROW_FOLLOW,,1.0,79.0,92.0,0.0036020902916789055,-0.005661278963088989,0.0,0.27428001165390015,0.0,-0.2856025695800781,0.0,0.436507910490036,0.6595237255096436,0.9376558661460876,0.9563055634498596,1.0,0.380952388048172,0.7438341379165649,0.30000001192092896,0.20000000298023224,0.20000000298023224,0.15000000596046448,0.15000000596046448,1.0,1.0,1.0,1.0
complex_qaware_v018_r4,closed_loop,complex,full,1,0.18,True,33.145396139,1785050756.5629485,3.4947836867596886,0.03427756662087704,-0.021158809874028954,0.1266926300550215,-0.060757567549735145,4.170179316078953,0.1264589006796755,-0.04954162763537458,21.0,3.475653119512733,0.023493885432673462,4.475542527297189,0.008655112291236222,5.475431888185604,-0.006183660342270635,0.5628951191902161,0.15863670408725739,0.10863670706748962,0.7438341379165649,0.7438341379165649,0,ROW_FOLLOW,,1.0,79.0,92.0,0.0036020902916789055,-0.005661278963088989,0.0,0.27428001165390015,0.0,-0.2856025695800781,0.0,0.436507910490036,0.6595237255096436,0.9376558661460876,0.9563055634498596,1.0,0.380952388048172,0.7438341379165649,0.30000001192092896,0.20000000298023224,0.20000000298023224,0.15000000596046448,0.15000000596046448,1.0,1.0,1.0,1.0
complex_qaware_v018_r4,closed_loop,complex,full,1,0.18,True,33.195296589,1785050756.612849,3.502141343838777,0.037064331976168305,-0.022982670697215823,0.12723922680808794,-0.048507118148860474,4.179145029245578,0.12750374745825943,-0.05014868103795461,19.0,3.488083133692274,0.025037638866308484,4.38799932763044,0.012771448524457746,5.354576921207996,-0.00033796155690446673,0.5604203939437866,0.16056503355503082,0.11056503653526306,0.7501447200775146,0.7501447200775146,0,ROW_FOLLOW,,1.0,76.0,101.0,0.01033406239002943,-0.005799129605293274,0.0,0.2745663821697235,0.0,-0.28616464138031006,0.0,0.4761904776096344,0.6333332657814026,0.9340338110923767,0.9587607383728027,1.0,0.3333333432674408,0.7501447200775146,0.30000001192092896,0.20000000298023224,0.20000000298023224,0.15000000596046448,0.15000000596046448,1.0,1.0,1.0,1.0
complex_qaware_v018_r4,closed_loop,complex,full,1,0.18,True,33.245307314,1785050756.6628594,3.5037768424577656,0.036167112283288165,-0.02739433987651996,0.1272289570547189,-0.059718348166395784,4.1810824474002946,0.12913887218437536,-0.03924784953051499,19.0,3.488083133692274,0.025037638866308484,4.38799932763044,0.012771448524457746,5.354576921207996,-0.00033796155690446673,0.5604203939437866,0.16056503355503082,0.11056503653526306,0.7501447200775146,0.7501447200775146,0,ROW_FOLLOW,,1.0,76.0,101.0,0.01033406239002943,-0.005799129605293274,0.0,0.2745663821697235,0.0,-0.28616464138031006,0.0,0.4761904776096344,0.6333332657814026,0.9340338110923767,0.9587607383728027,1.0,0.3333333432674408,0.7501447200775146,0.30000001192092896,0.20000000298023224,0.20000000298023224,0.15000000596046448,0.15000000596046448,1.0,1.0,1.0,1.0
complex_qaware_v018_r4,closed_loop,complex,full,1,0.18,True,33.29667737,1785050756.7142296,3.510302421540248,0.03593541373655688,-0.029992533473030207,0.12838860802593274,-0.062249519100351376,4.1876459356124185,0.12965243389058445,-0.03582410482245446,21.0,3.499871135925339,0.027092142108463585,4.499805944435916,0.016036899623535904,5.499638298868027,0.005963781985506449,0.5601666569709778,0.16075552999973297,0.11075553297996521,0.763421893119812,0.7501447200775146,0,ROW_FOLLOW,,1.0,71.0,90.0,0.023006046190857887,-0.007172435522079468,0.0,0.2734183073043823,0.0,-0.28776317834854126,0.0,0.523809552192688,0.6333332657814026,0.933611273765564,0.9526007771492004,1.0,0.3333333432674408,0.763421893119812,0.30000001192092896,0.20000000298023224,0.20000000298023224,0.15000000596046448,0.15000000596046448,1.0,1.0,1.0,1.0
complex_qaware_v018_r4,closed_loop,complex,full,1,0.18,True,33.345297051,1785050756.7628493,3.515542738118064,0.03681051321955517,-0.034541104185540586,0.12403434075963286,-0.0642561931980796,4.19582496192857,0.13485889451926905,-0.017046974948647303,21.0,3.499871135925339,0.027092142108463585,4.499805944435916,0.016036899623535904,5.499638298868027,0.005963781985506449,0.5601666569709778,0.16075552999973297,0.11075553297996521,0.763421893119812,0.763421893119812,0,ROW_FOLLOW,,1.0,71.0,90.0,0.023006046190857887,-0.007172435522079468,0.0,0.2734183073043823,0.0,-0.28776317834854126,0.0,0.523809552192688,0.6333332657814026,0.933611273765564,0.9526007771492004,1.0,0.3333333432674408,0.763421893119812,0.30000001192092896,0.20000000298023224,0.20000000298023224,0.15000000596046448,0.15000000596046448,1.0,1.0,1.0,1.0
complex_qaware_v018_r4,closed_loop,complex,full,1,0.18,True,33.396335163,1785050756.8138876,3.526192658212912,0.03437651948110927,-0.03670971245582333,0.12592706542653787,-0.040491395195113355,4.207061106082467,0.13694545996138516,-0.0031365386678733516,20.0,3.5121756327671734,0.02764005095727821,4.517139675718467,0.020168150242312128,5.4681841033861875,0.017926091740576314,0.5579553246498108,0.15494893491268158,0.10494893789291382,0.7627673149108887,0.763421893119812,0,ROW_FOLLOW,,1.0,82.0,101.0,0.03396981209516525,-0.008533507585525513,0.0,0.27168041467666626,0.0,-0.2887474298477173,0.0,0.523809552192688,0.6333332657814026,0.9299256205558777,0.9531511664390564,1.0,0.3333333432674408,0.7627673149108887,0.30000001192092896,0.20000000298023224,0.20000000298023224,0.15000000596046448,0.15000000596046448,1.0,1.0,1.0,1.0
complex_qaware_v018_r4,closed_loop,complex,full,1,0.18,True,33.445189538,1785050756.8627417,3.5327468407384717,0.03403113600282468,-0.03963167162413139,0.1276234301560651,-0.0553112874504905,4.2136754689366605,0.13535754427865362,0.012937149368708743,20.0,3.5121756327671734,0.02764005095727821,4.517139675718467,0.020168150242312128,5.4681841033861875,0.017926091740576314,0.5579553246498108,0.15494893491268158,0.10494893789291382,0.7627673149108887,0.7627673149108887,0,ROW_FOLLOW,,1.0,82.0,101.0,0.03396981209516525,-0.008533507585525513,0.0,0.27168041467666626,0.0,-0.2887474298477173,0.0,0.523809552192688,0.6333332657814026,0.9299256205558777,0.9531511664390564,1.0,0.3333333432674408,0.7627673149108887,0.30000001192092896,0.20000000298023224,0.20000000298023224,0.15000000596046448,0.15000000596046448,1.0,1.0,1.0,1.0
complex_qaware_v018_r4,closed_loop,complex,full,1,0.18,True,33.496812336,1785050756.9143646,3.5349841951210768,0.033859994075082424,-0.04154446985270566,0.1295782573287324,-0.04842203848321587,4.2159605974372925,0.1348504403484218,0.016317842236920944,19.0,3.5237883852481624,0.02651554236812688,4.423776913019735,0.022231162673218247,5.4237647250510035,0.01755178982992774,0.560517430305481,0.1587958186864853,0.10879582166671753,0.7586871385574341,0.7627673149108887,0,ROW_FOLLOW,,1.0,80.0,84.0,0.036989517509937286,-0.00891965627670288,0.0,0.2706833481788635,0.0,-0.2885226607322693,0.0,0.4841269850730896,0.6595237255096436,0.9341957569122314,0.9647010564804077,1.0,0.380952388048172,0.7586871385574341,0.30000001192092896,0.20000000298023224,0.20000000298023224,0.15000000596046448,0.15000000596046448,1.0,1.0,1.0,1.0
complex_qaware_v018_r4,closed_loop,complex,full,1,0.18,True,33.545378384,1785050756.9629307,3.5421495722951337,0.032112038087938485,-0.044013744032685764,0.12835500639145367,-0.04808411554552779,4.223424243056821,0.1323054114400414,0.028388490001978198,19.0,3.5237883852481624,0.02651554236812688,4.423776913019735,0.022231162673218247,5.4237647250510035,0.01755178982992774,0.560517430305481,0.1587958186864853,0.10879582166671753,0.7586871385574341,0.7586871385574341,0,ROW_FOLLOW,,1.0,80.0,84.0,0.036989517509937286,-0.00891965627670288,0.0,0.2706833481788635,0.0,-0.2885226607322693,0.0,0.4841269850730896,0.6595237255096436,0.9341957569122314,0.9647010564804077,1.0,0.380952388048172,0.7586871385574341,0.30000001192092896,0.20000000298023224,0.20000000298023224,0.15000000596046448,0.15000000596046448,1.0,1.0,1.0,1.0
complex_qaware_v018_r4,closed_loop,complex,full,1,0.18,True,33.596708023,1785050757.0142603,3.548653051164134,0.031787539940558864,-0.045971438890974436,0.12965262439257086,-0.042738253305574715,4.22996222019946,0.13175591742707798,0.032051783421734266,19.0,3.5237883852481624,0.02651554236812688,4.423776913019735,0.022231162673218247,5.4237647250510035,0.01755178982992774,0.560517430305481,0.1587958186864853,0.10879582166671753,0.7586871385574341,0.7586871385574341,0,ROW_FOLLOW,,1.0,80.0,84.0,0.036989517509937286,-0.00891965627670288,0.0,0.2706833481788635,0.0,-0.2885226607322693,0.0,0.4841269850730896,0.6595237255096436,0.9341957569122314,0.9647010564804077,1.0,0.380952388048172,0.7586871385574341,0.30000001192092896,0.20000000298023224,0.20000000298023224,0.15000000596046448,0.15000000596046448,1.0,1.0,1.0,1.0
complex_qaware_v018_r4,closed_loop,complex,full,1,0.18,True,33.645174709,1785050757.062727,3.5539811007846307,0.02879958370741612,-0.047415125701129046,0.1239761370449876,-0.007292147862951415,4.239600408862356,0.12905235000892012,0.044596850312846936,21.0,3.5365842255328768,0.02472958951335462,4.5415792272247595,0.021773703435028203,5.548637710647582,0.020341849942768955,0.5628252029418945,0.15877248346805573,0.10877248644828796,0.7541215419769287,0.7541215419769287,0,ROW_FOLLOW,,1.0,72.0,88.0,0.04505518823862076,-0.008373945951461792,0.0,0.2714787721633911,0.0,-0.2882266640663147,0.0,0.4682539403438568,0.6595237255096436,0.9380418658256531,0.9608813524246216,1.0,0.380952388048172,0.7541215419769287,0.30000001192092896,0.20000000298023224,0.20000000298023224,0.15000000596046448,0.15000000596046448,1.0,1.0,1.0,1.0
complex_qaware_v018_r4,closed_loop,complex,full,1,0.18,True,33.70092763,1785050757.11848,3.5603508923565643,0.028477449190342022,-0.04846830127128721,0.12531915446102423,-0.03255683686024315,4.245992067026208,0.12867646290198656,0.04710276435907061,21.0,3.5479831379559026,0.022827073437976558,4.547978853181161,0.02140244741204092,5.554500305738969,0.022051456620102272,0.56358402967453,0.15997834503650665,0.10997834801673889,0.7445129156112671,0.7541215419769287,0,ROW_FOLLOW,,1.0,78.0,78.0,0.050281085073947906,-0.008341968059539795,0.0,0.2714422941207886,0.0,-0.28812623023986816,0.0,0.4365079402923584,0.6595237255096436,0.9393066167831421,0.9586299061775208,1.0,0.380952388048172,0.7445129156112671,0.30000001192092896,0.20000000298023224,0.20000000298023224,0.15000000596046448,0.15000000596046448,1.0,1.0,1.0,1.0
complex_qaware_v018_r4,closed_loop,complex,full,1,0.18,True,33.745251426,1785050757.1628036,3.5673248668752224,0.02728981741254401,-0.05019696836905305,0.12438800269252456,-0.01378540265747629,4.253578765635931,0.1266849444225518,0.048849202583175176,21.0,3.5479831379559026,0.022827073437976558,4.547978853181161,0.02140244741204092,5.554500305738969,0.022051456620102272,0.56358402967453,0.15997834503650665,0.10997834801673889,0.7445129156112671,0.7445129156112671,0,ROW_FOLLOW,,1.0,78.0,78.0,0.050281085073947906,-0.008341968059539795,0.0,0.2714422941207886,0.0,-0.28812623023986816,0.0,0.4365079402923584,0.6595237255096436,0.9393066167831421,0.9586299061775208,1.0,0.380952388048172,0.7445129156112671,0.30000001192092896,0.20000000298023224,0.20000000298023224,0.15000000596046448,0.15000000596046448,1.0,1.0,1.0,1.0
complex_qaware_v018_r4,closed_loop,complex,full,1,0.18,True,33.7981028,1785050757.215655,3.5738242411772507,0.02694438030406186,-0.05080317824156122,0.12603260489038046,-0.031073116416489566,4.2600953052074395,0.12639400035881987,0.050788829674721224,21.0,3.5609402688771623,0.0207821580189246,4.560939218756135,0.020495695741293455,5.5609381738247725,0.02020923688782328,0.5645473599433899,0.15743179619312286,0.1074317991733551,0.7383291721343994,0.7445129156112671,0,ROW_FOLLOW,,1.0,76.0,89.0,0.04966273158788681,-0.008138701319694519,0.0,0.2717612683773041,0.0,-0.2880386710166931,0.0,0.436507910490036,0.6333332657814026,0.9396775364875793,0.9518309235572815,1.0,0.3333333432674408,0.7383291721343994,0.30000001192092896,0.20000000298023224,0.20000000298023224,0.15000000596046448,0.15000000596046448,1.0,1.0,1.0,1.0
complex_qaware_v018_r4,closed_loop,complex,full,1,0.18,True,33.845280621,1785050757.2628329,3.5804184842103877,0.026543807434614906,-0.053323271210767846,0.1275499225869448,-0.023258579150643353,4.266744621490681,0.12563771818554054,0.0484102186576757,21.0,3.5609402688771623,0.0207821580189246,4.560939218756135,0.020495695741293455,5.5609381738247725,0.02020923688782328,0.5645473599433899,0.15743179619312286,0.1074317991733551,0.7383291721343994,0.7383291721343994,0,ROW_FOLLOW,,1.0,76.0,89.0,0.04966273158788681,-0.008138701319694519,0.0,0.2717612683773041,0.0,-0.2880386710166931,0.0,0.436507910490036,0.6333332657814026,0.9396775364875793,0.9518309235572815,1.0,0.3333333432674408,0.7383291721343994,0.30000001192092896,0.20000000298023224,0.20000000298023224,0.15000000596046448,0.15000000596046448,1.0,1.0,1.0,1.0
complex_qaware_v018_r4,closed_loop,complex,full,1,0.18,True,33.895321268,1785050757.3128734,3.5813545914422105,0.026438505354831113,-0.055151452144463604,0.1281471552152668,-0.056650672341337686,4.267723210844152,0.1251639769692389,0.051568493433019974,21.0,3.5718371512744085,0.01939790987901096,4.571834620924608,0.01850356916785244,5.571832103072221,0.017609232009877383,0.5607585310935974,0.15923188626766205,0.10923188924789429,0.735081672668457,0.7383291721343994,0,ROW_FOLLOW,,1.0,81.0,89.0,0.0517960861325264,-0.007185995578765869,0.0,0.2726373076438904,0.0,-0.2870092988014221,0.0,0.4444444179534912,0.6071427464485168,0.9328978657722473,0.9582682251930237,1.0,0.2857142984867096,0.735081672668457,0.30000001192092896,0.20000000298023224,0.20000000298023224,0.15000000596046448,0.15000000596046448,1.0,1.0,1.0,1.0
complex_qaware_v018_r4,closed_loop,complex,full,1,0.18,True,33.945397851,1785050757.36295,3.589761652742453,0.028714642363171422,-0.056543754754636126,0.12239191472129389,-0.007550269907590585,4.276460892431965,0.12726702428365838,0.033651178644425815,21.0,3.5718371512744085,0.01939790987901096,4.571834620924608,0.01850356916785244,5.571832103072221,0.017609232009877383,0.5607585310935974,0.15923188626766205,0.10923188924789429,0.735081672668457,0.735081672668457,0,ROW_FOLLOW,,1.0,81.0,89.0,0.0517960861325264,-0.007185995578765869,0.0,0.2726373076438904,0.0,-0.2870092988014221,0.0,0.4444444179534912,0.6071427464485168,0.9328978657722473,0.9582682251930237,1.0,0.2857142984867096,0.735081672668457,0.30000001192092896,0.20000000298023224,0.20000000298023224,0.15000000596046448,0.15000000596046448,1.0,1.0,1.0,1.0
complex_qaware_v018_r4,closed_loop,complex,full,1,0.18,True,33.997621401,1785050757.4151735,3.6004734586436835,0.030381419535663458,-0.05736746397536938,0.12333972928184231,-0.025090836160971935,4.287652528147077,0.12878596327776154,0.023524918683738148,21.0,3.5851965009171276,0.020860023181030363,4.585190323611902,0.017689242854804894,5.585184166210627,0.014518464079702543,0.5614728331565857,0.15955160558223724,0.10955160856246948,0.7355862855911255,0.735081672668457,0,ROW_FOLLOW,,1.0,81.0,84.0,0.052350904792547226,-0.005859658122062683,0.0,0.274192750453949,0.0,-0.28591206669807434,0.0,0.444444477558136,0.6071427464485168,0.9357882142066956,0.9577783942222595,1.0,0.2857142984867096,0.7355862855911255,0.30000001192092896,0.20000000298023224,0.20000000298023224,0.15000000596046448,0.15000000596046448,1.0,1.0,1.0,1.0
complex_qaware_v018_r4,closed_loop,complex,full,1,0.18,True,34.045310723,1785050757.4628627,3.606513636128636,0.029987528471267802,-0.05949972777723468,0.1238576750588106,-0.03756675711281212,4.293741231551473,0.12719631578191223,0.03472810416326904,21.0,3.5851965009171276,0.020860023181030363,4.585190323611902,0.017689242854804894,5.585184166210627,0.014518464079702543,0.5614728331565857,0.15955160558223724,0.10955160856246948,0.7355862855911255,0.7355862855911255,0,ROW_FOLLOW,,1.0,81.0,84.0,0.052350904792547226,-0.005859658122062683,0.0,0.274192750453949,0.0,-0.28591206669807434,0.0,0.444444477558136,0.6071427464485168,0.9357882142066956,0.9577783942222595,1.0,0.2857142984867096,0.7355862855911255,0.30000001192092896,0.20000000298023224,0.20000000298023224,0.15000000596046448,0.15000000596046448,1.0,1.0,1.0,1.0
complex_qaware_v018_r4,closed_loop,complex,full,1,0.18,True,34.095880375,1785050757.5134325,3.608435397006392,0.029839093939638274,-0.06071274317064553,0.12399098336293138,-0.02995246967205498,4.295693800831799,0.1268682677434147,0.036915091086585784,21.0,3.5851965009171276,0.020860023181030363,4.585190323611902,0.017689242854804894,5.585184166210627,0.014518464079702543,0.5614728331565857,0.15955160558223724,0.10955160856246948,0.7355862855911255,0.7355862855911255,0,ROW_FOLLOW,,1.0,81.0,84.0,0.052350904792547226,-0.005859658122062683,0.0,0.274192750453949,0.0,-0.28591206669807434,0.0,0.444444477558136,0.6071427464485168,0.9357882142066956,0.9577783942222595,1.0,0.2857142984867096,0.7355862855911255,0.30000001192092896,0.20000000298023224,0.20000000298023224,0.15000000596046448,0.15000000596046448,1.0,1.0,1.0,1.0
complex_qaware_v018_r4,closed_loop,complex,full,1,0.18,True,34.145264557,1785050757.5628169,3.619800272825271,0.0321359014010628,-0.061870460489226176,0.13432326832283162,-0.022444668277658612,4.30812672612382,0.07799703506425944,0.03595881918837447,20.0,3.596734279362165,0.02266257150234169,4.601728069134286,0.01944481039132119,5.5300558447000085,0.01651873779598353,0.5571569204330444,0.1491587907075882,0.09915879368782043,0.7601592540740967,0.6000000238418579,0,ROW_FOLLOW,,1.0,79.0,103.0,0.05945029482245445,-0.00562576949596405,0.0,0.2743140161037445,0.0,-0.2855655550956726,0.0,0.5158730745315552,0.6333332657814026,0.9285948872566223,0.9534114599227905,1.0,0.3333333432674408,0.7601592540740967,0.30000001192092896,0.20000000298023224,0.20000000298023224,0.15000000596046448,0.15000000596046448,1.0,1.0,1.0,1.0
complex_qaware_v018_r4,closed_loop,complex,full,1,0.18,True,34.199437918,1785050757.61699,3.625579139238667,0.03176272660141483,-0.06261408767626575,0.13260301798170587,-0.014467683294572146,4.31392693313467,0.077790853814069,0.03776704774123277,20.0,3.596734279362165,0.02266257150234169,4.601728069134286,0.01944481039132119,5.5300558447000085,0.01651873779598353,0.5571569204330444,0.1491587907075882,0.09915879368782043,0.7601592540740967,0.6000000238418579,0,ROW_FOLLOW,,1.0,79.0,103.0,0.05945029482245445,-0.00562576949596405,0.0,0.2743140161037445,0.0,-0.2855655550956726,0.0,0.5158730745315552,0.6333332657814026,0.9285948872566223,0.9534114599227905,1.0,0.3333333432674408,0.7601592540740967,0.30000001192092896,0.20000000298023224,0.20000000298023224,0.15000000596046448,0.15000000596046448,1.0,1.0,1.0,1.0
complex_qaware_v018_r4,closed_loop,complex,full,1,0.18,True,34.245377499,1785050757.6629298,3.6326550908993682,0.031091688909655295,-0.06384121069668193,0.13183747001049437,-0.02293937006345617,4.321345438667334,0.12758285944723982,0.059331150514291484,20.0,3.6114787805300836,0.025366970678179435,4.616472453216981,0.02211870969856217,5.578133239849663,0.019050292837901047,0.5603888630867004,0.16067861020565033,0.11067861318588257,0.758236289024353,0.758236289024353,0,ROW_FOLLOW,,1.0,91.0,94.0,0.05916722118854523,-0.004397004842758179,0.0,0.275920569896698,0.0,-0.28471457958221436,0.0,0.5,0.6333332657814026,0.9339811205863953,0.9651560187339783,1.0,0.3333333432674408,0.758236289024353,0.30000001192092896,0.20000000298023224,0.20000000298023224,0.15000000596046448,0.15000000596046448,1.0,1.0,1.0,1.0
complex_qaware_v018_r4,closed_loop,complex,full,1,0.18,True,34.29544077,1785050757.712993,3.6429903256831837,0.029240323599267155,-0.06471998180490116,0.13432853988868163,-0.026111985684347066,4.331926272840336,0.12612570933292278,0.06904548460973849,21.0,3.6256512984562637,0.025990967219730845,4.6306322353313645,0.02105321304921569,5.642860199074493,0.006223796148286713,0.5621172785758972,0.15945343673229218,0.10945343971252441,0.7563621997833252,0.758236289024353,0,ROW_FOLLOW,,1.0,85.0,91.0,0.05463479831814766,-0.002846643328666687,0.0,0.2780165672302246,0.0,-0.283709853887558,0.0,0.4761904776096344,0.6595237255096436,0.9368619322776794,0.9615189433097839,1.0,0.380952388048172,0.7563621997833252,0.30000001192092896,0.20000000298023224,0.20000000298023224,0.15000000596046448,0.15000000596046448,1.0,1.0,1.0,1.0
complex_qaware_v018_r4,closed_loop,complex,full,1,0.18,True,34.345283331,1785050757.7628355,3.6487176059752526,0.0288431362225552,-0.06580713827873733,0.13036543287453778,-0.0076978273483661284,4.337683850702386,0.12494467437952604,0.07467014387648316,21.0,3.6256512984562637,0.025990967219730845,4.6306322353313645,0.02105321304921569,5.642860199074493,0.006223796148286713,0.5621172785758972,0.15945343673229218,0.10945343971252441,0.7563621997833252,0.7563621997833252,0,ROW_FOLLOW,,1.0,85.0,91.0,0.05463479831814766,-0.002846643328666687,0.0,0.2780165672302246,0.0,-0.283709853887558,0.0,0.4761904776096344,0.6595237255096436,0.9368619322776794,0.9615189433097839,1.0,0.380952388048172,0.7563621997833252,0.30000001192092896,0.20000000298023224,0.20000000298023224,0.15000000596046448,0.15000000596046448,1.0,1.0,1.0,1.0
complex_qaware_v018_r4,closed_loop,complex,full,1,0.18,True,34.395398827,1785050757.812951,3.650625508413025,0.02870452578712428,-0.06618656976272111,0.12719816837065767,-0.005126425151161831,4.339604162394521,0.12478632250869401,0.07572582301536344,21.0,3.6256512984562637,0.025990967219730845,4.6306322353313645,0.02105321304921569,5.642860199074493,0.006223796148286713,0.5621172785758972,0.15945343673229218,0.10945343971252441,0.7563621997833252,0.7563621997833252,0,ROW_FOLLOW,,1.0,85.0,91.0,0.05463479831814766,-0.002846643328666687,0.0,0.2780165672302246,0.0,-0.283709853887558,0.0,0.4761904776096344,0.6595237255096436,0.9368619322776794,0.9615189433097839,1.0,0.380952388048172,0.7563621997833252,0.30000001192092896,0.20000000298023224,0.20000000298023224,0.15000000596046448,0.15000000596046448,1.0,1.0,1.0,1.0
complex_qaware_v018_r4,closed_loop,complex,full,1,0.18,True,34.445285358,1785050757.8628376,3.6637162030973975,0.02778894109015078,-0.06679841322203252,0.13609949417070483,-0.0039697976696541565,4.352729839971325,0.12417337679924198,0.08170598188627905,19.0,3.6420391862554085,0.026830352248072304,4.542006657929863,0.019712676959675778,5.541970576264835,0.011800526832706429,0.5629532933235168,0.15770424902439117,0.10770425200462341,0.757940411567688,0.757940411567688,0,ROW_FOLLOW,,1.0,89.0,91.0,0.05612264946103096,-0.0014662295579910278,0.0,0.27989083528518677,0.0,-0.2828232944011688,0.0,0.4841269552707672,0.6595237255096436,0.9382556676864624,0.9543097615242004,1.0,0.380952388048172,0.757940411567688,0.30000001192092896,0.20000000298023224,0.20000000298023224,0.15000000596046448,0.15000000596046448,1.0,1.0,1.0,1.0
complex_qaware_v018_r4,closed_loop,complex,full,1,0.18,True,34.496696471,1785050757.9142487,3.6695935028190934,0.027386024869027182,-0.06738021455569362,0.13270112255179886,-0.00025779662792819243,4.358627920417676,0.12382202297262904,0.08404834073036534,21.0,3.6567157126033325,0.026839088053148802,4.656664739064013,0.016730244389077092,5.656176491994849,0.006760071697733938,0.5647315382957458,0.16037268936634064,0.11037269234657288,0.750007152557373,0.757940411567688,0,ROW_FOLLOW,,1.0,92.0,105.0,0.05733224004507065,5.930662155151367e-06,0.0,0.28238338232040405,0.0,-0.28237152099609375,0.0,0.452380895614624,0.6595237255096436,0.9412193298339844,0.9609614610671997,1.0,0.380952388048172,0.750007152557373,0.30000001192092896,0.20000000298023224,0.20000000298023224,0.15000000596046448,0.15000000596046448,1.0,1.0,1.0,1.0
complex_qaware_v018_r4,closed_loop,complex,full,1,0.18,True,34.546014987,1785050757.9635673,3.679369353108578,0.026043733236623904,-0.06818247448534276,0.13525630942522032,-0.02880308695472958,4.368533574971542,0.12157089357811277,0.08953595921476251,21.0,3.6567157126033325,0.026839088053148802,4.656664739064013,0.016730244389077092,5.656176491994849,0.006760071697733938,0.5647315382957458,0.16037268936634064,0.11037269234657288,0.750007152557373,0.750007152557373,0,ROW_FOLLOW,,1.0,92.0,105.0,0.05733224004507065,5.930662155151367e-06,0.0,0.28238338232040405,0.0,-0.28237152099609375,0.0,0.452380895614624,0.6595237255096436,0.9412193298339844,0.9609614610671997,1.0,0.380952388048172,0.750007152557373,0.30000001192092896,0.20000000298023224,0.20000000298023224,0.15000000596046448,0.15000000596046448,1.0,1.0,1.0,1.0
complex_qaware_v018_r4,closed_loop,complex,full,1,0.18,True,34.597050667,1785050758.014603,3.68547903573784,0.025618422086306526,-0.06858920635727461,0.1332162519857781,-0.008236131020438645,4.374663044953088,0.12122901413118063,0.09181515552764336,21.0,3.670893636227506,0.027123725479225508,4.670842809055963,0.017031271317976982,5.6774438334815915,0.007236195648825645,0.5645720362663269,0.15903742611408234,0.10903742909431458,0.7397770881652832,0.750007152557373,0,ROW_FOLLOW,,1.0,82.0,95.0,0.058553192764520645,0.0016293972730636597,0.0,0.284076988697052,0.0,-0.2808181941509247,0.0,0.4365079402923584,0.6333332061767578,0.9409531354904175,0.9597830772399902,1.0,0.3333333432674408,0.7397770881652832,0.30000001192092896,0.20000000298023224,0.20000000298023224,0.15000000596046448,0.15000000596046448,1.0,1.0,1.0,1.0
complex_qaware_v018_r4,closed_loop,complex,full,1,0.18,True,34.645328325,1785050758.0628805,3.6905370049806963,0.025720152038441604,-0.06920435337474018,0.13366268936494377,-0.009363546597841527,4.38226738519063,0.11896130809393812,0.09465711850541898,21.0,3.670893636227506,0.027123725479225508,4.670842809055963,0.017031271317976982,5.6774438334815915,0.007236195648825645,0.5645720362663269,0.15903742611408234,0.10903742909431458,0.7397770881652832,0.7397770881652832,0,ROW_FOLLOW,,1.0,82.0,95.0,0.058553192764520645,0.0016293972730636597,0.0,0.284076988697052,0.0,-0.2808181941509247,0.0,0.4365079402923584,0.6333332061767578,0.9409531354904175,0.9597830772399902,1.0,0.3333333432674408,0.7397770881652832,0.30000001192092896,0.20000000298023224,0.20000000298023224,0.15000000596046448,0.15000000596046448,1.0,1.0,1.0,1.0
complex_qaware_v018_r4,closed_loop,complex,full,1,0.18,True,34.695733814,1785050758.1132863,3.6966764654168274,0.02528783063367175,-0.06927923278155255,0.1314820537944818,-0.01402744987080602,4.3884251722590655,0.11868256046760081,0.09651543601433442,21.0,3.6839455279614044,0.02822105292303385,4.683874381009867,0.01651767597929849,5.6838032642226795,0.004814301084876431,0.5652057528495789,0.15918482840061188,0.10918483138084412,0.7396342754364014,0.7397770881652832,0,ROW_FOLLOW,,1.0,81.0,96.0,0.05425219237804413,0.004736170172691345,0.0,0.2883909344673157,0.0,-0.278918594121933,0.0,0.436507910490036,0.6333332061767578,0.9420098066329956,0.9574215412139893,1.0,0.3333333432674408,0.7396342754364014,0.30000001192092896,0.20000000298023224,0.20000000298023224,0.15000000596046448,0.15000000596046448,1.0,1.0,1.0,1.0
complex_qaware_v018_r4,closed_loop,complex,full,1,0.18,True,34.745272816,1785050758.1628249,3.6985437252163558,0.02350312086567183,-0.06930939374226952,0.1208556633676172,-0.028939467437236265,4.3990775504548685,0.11660677703846012,0.11018261693394735,21.0,3.6839455279614044,0.02822105292303385,4.683874381009867,0.01651767597929849,5.6838032642226795,0.004814301084876431,0.5652057528495789,0.15918482840061188,0.10918483138084412,0.7396342754364014,0.7396342754364014,0,ROW_FOLLOW,,1.0,81.0,96.0,0.05425219237804413,0.004736170172691345,0.0,0.2883909344673157,0.0,-0.278918594121933,0.0,0.436507910490036,0.6333332061767578,0.9420098066329956,0.9574215412139893,1.0,0.3333333432674408,0.7396342754364014,0.30000001192092896,0.20000000298023224,0.20000000298023224,0.15000000596046448,0.15000000596046448,1.0,1.0,1.0,1.0
complex_qaware_v018_r4,closed_loop,complex,full,1,0.18,True,34.796848095,1785050758.2144003,3.7047974800395194,0.023061295472114465,-0.07002849348092965,0.12195829312184724,-0.018916085201846736,4.405355829398682,0.11614193592606627,0.1132815576832398,21.0,3.6957243376074445,0.029130430475344155,4.695611314005745,0.014519917323917553,5.695498339082107,-9.059782686652561e-05,0.5637049674987793,0.1577066332101822,0.10770663619041443,0.7342650890350342,0.7396342754364014,0,ROW_FOLLOW,,1.0,94.0,98.0,0.05125817656517029,0.007060036063194275,0.0,0.2915217876434326,0.0,-0.27740171551704407,0.0,0.436507910490036,0.6071427464485168,0.9395081400871277,0.9598841071128845,1.0,0.2857142984867096,0.7342650890350342,0.30000001192092896,0.20000000298023224,0.20000000298023224,0.15000000596046448,0.15000000596046448,1.0,1.0,1.0,1.0
complex_qaware_v018_r4,closed_loop,complex,full,1,0.18,True,34.845487842,1785050758.26304,3.711042069094401,0.022623386474357653,-0.0698068585253049,0.12273749177744314,-0.015752781236647227,4.411623185720441,0.11480905157844441,0.11572442965241145,21.0,3.6957243376074445,0.029130430475344155,4.695611314005745,0.014519917323917553,5.695498339082107,-9.059782686652561e-05,0.5637049674987793,0.1577066332101822,0.10770663619041443,0.7342650890350342,0.7342650890350342,0,ROW_FOLLOW,,1.0,94.0,98.0,0.05125817656517029,0.007060036063194275,0.0,0.2915217876434326,0.0,-0.27740171551704407,0.0,0.436507910490036,0.6071427464485168,0.9395081400871277,0.9598841071128845,1.0,0.2857142984867096,0.7342650890350342,0.30000001192092896,0.20000000298023224,0.20000000298023224,0.15000000596046448,0.15000000596046448,1.0,1.0,1.0,1.0
complex_qaware_v018_r4,closed_loop,complex,full,1,0.18,True,34.896423264,1785050758.3139756,3.7099668714478344,0.024321393221171772,-0.06956323679782762,0.10723312481725918,0.0033906794651286203,4.415641483856833,0.11619291020002703,0.1064987055085274,21.0,3.7039335550705808,0.031294826664313595,4.703791523092478,0.014503928287707671,5.703649554178078,-0.002286972774704388,0.5651125907897949,0.15750469267368317,0.1075046956539154,0.7440695762634277,0.7342650890350342,0,ROW_FOLLOW,,1.0,75.0,97.0,0.05298547446727753,0.009420827031135559,0.0,0.29492077231407166,0.0,-0.27607911825180054,0.0,0.4523809552192688,0.6333332657814026,0.9418541193008423,0.9554516077041626,1.0,0.3333333432674408,0.7440695762634277,0.30000001192092896,0.20000000298023224,0.20000000298023224,0.15000000596046448,0.15000000596046448,1.0,1.0,1.0,1.0
complex_qaware_v018_r4,closed_loop,complex,full,1,0.18,True,34.945305385,1785050758.3628578,3.71618482156099,0.023880474014832224,-0.07015021336130368,0.11099886990697144,-0.009366713282196416,4.421880772352062,0.11627738476886011,0.11770092639037924,21.0,3.7039335550705808,0.031294826664313595,4.703791523092478,0.014503928287707671,5.703649554178078,-0.002286972774704388,0.5651125907897949,0.15750469267368317,0.1075046956539154,0.7440695762634277,0.7440695762634277,0,ROW_FOLLOW,,1.0,75.0,97.0,0.05298547446727753,0.009420827031135559,0.0,0.29492077231407166,0.0,-0.27607911825180054,0.0,0.4523809552192688,0.6333332657814026,0.9418541193008423,0.9554516077041626,1.0,0.3333333432674408,0.7440695762634277,0.30000001192092896,0.20000000298023224,0.20000000298023224,0.15000000596046448,0.15000000596046448,1.0,1.0,1.0,1.0
complex_qaware_v018_r4,closed_loop,complex,full,1,0.18,True,34.995780475,1785050758.4133327,3.7216753624841523,0.023492398242108397,-0.0700968540199427,0.11409439651869627,0.008590059333404794,4.42739328151527,0.1160118995671358,0.11947082773520792,20.0,3.712294654399971,0.032590058073232356,4.717152535397703,0.015755720549317374,5.645355420535348,0.0002489103309085551,0.5676424503326416,0.15837503969669342,0.10837504267692566,0.7538626194000244,0.7440695762634277,0,ROW_FOLLOW,,1.0,91.0,106.0,0.05516349524259567,0.010417923331260681,0.0,0.2966195344924927,0.0,-0.2757836878299713,0.0,0.4761904776096344,0.6333332657814026,0.9460709691047668,0.9674970507621765,1.0,0.3333333432674408,0.7538626194000244,0.30000001192092896,0.20000000298023224,0.20000000298023224,0.15000000596046448,0.15000000596046448,1.0,1.0,1.0,1.0
complex_qaware_v018_r4,closed_loop,complex,full,1,0.18,True,35.04532191,1785050758.4628742,3.7236882028468825,0.023321142731054255,-0.0687918624655475,0.09329687028074403,0.018447117720931945,4.42942575255262,0.1168839850347,0.1254085763820293,20.0,3.712294654399971,0.032590058073232356,4.717152535397703,0.015755720549317374,5.645355420535348,0.0002489103309085551,0.5676424503326416,0.15837503969669342,0.10837504267692566,0.7538626194000244,0.7538626194000244,0,ROW_FOLLOW,,1.0,91.0,106.0,0.05516349524259567,0.010417923331260681,0.0,0.2966195344924927,0.0,-0.2757836878299713,0.0,0.4761904776096344,0.6333332657814026,0.9460709691047668,0.9674970507621765,1.0,0.3333333432674408,0.7538626194000244,0.30000001192092896,0.20000000298023224,0.20000000298023224,0.15000000596046448,0.15000000596046448,1.0,1.0,1.0,1.0
complex_qaware_v018_r4,closed_loop,complex,full,1,0.18,True,35.100163032,1785050758.5177152,3.729809532602353,0.02289378052176195,-0.06923855421462341,0.10130719935302926,0.015211948268156167,4.435568471042469,0.11645256043954873,0.12828474034970433,20.0,3.7206386862319216,0.033892824773659624,4.730523530774932,0.01867985116536969,5.687081750922181,0.004305767168783615,0.5708886981010437,0.15814121067523956,0.1081412136554718,0.7552062273025513,0.7538626194000244,0,ROW_FOLLOW,,1.0,91.0,92.0,0.05553850159049034,0.011135652661323547,0.0,0.29814743995666504,0.0,-0.27587613463401794,0.0,0.4761904776096344,0.6333332657814026,0.9514811635017395,0.969241201877594,1.0,0.3333333432674408,0.7552062273025513,0.30000001192092896,0.20000000298023224,0.20000000298023224,0.15000000596046448,0.15000000596046448,1.0,1.0,1.0,1.0
complex_qaware_v018_r4,closed_loop,complex,full,1,0.18,True,35.145389796,1785050758.562942,3.7342888541407726,0.022853794242588387,-0.07022353541176463,0.0973433334419458,-0.01170377437471304,4.444067128387361,0.11501666220608342,0.13946972472250535,20.0,3.7206386862319216,0.033892824773659624,4.730523530774932,0.01867985116536969,5.687081750922181,0.004305767168783615,0.5708886981010437,0.15814121067523956,0.1081412136554718,0.7552062273025513,0.7552062273025513,0,ROW_FOLLOW,,1.0,91.0,92.0,0.05553850159049034,0.011135652661323547,0.0,0.29814743995666504,0.0,-0.27587613463401794,0.0,0.4761904776096344,0.6333332657814026,0.9514811635017395,0.969241201877594,1.0,0.3333333432674408,0.7552062273025513,0.30000001192092896,0.20000000298023224,0.20000000298023224,0.15000000596046448,0.15000000596046448,1.0,1.0,1.0,1.0
complex_qaware_v018_r4,closed_loop,complex,full,1,0.18,True,35.195452651,1785050758.6130047,3.7404391338125813,0.02242220092152152,-0.07034268908592534,0.10285606246576802,-0.009079076528465718,4.450239105594225,0.11462227955134138,0.1420989424207856,21.0,3.730796715960972,0.034141558722264966,4.740698772879452,0.02008946913245049,5.740425900028894,0.008298427252706759,0.5691474080085754,0.15627212822437286,0.1062721312046051,0.7591776847839355,0.7552062273025513,0,ROW_FOLLOW,,1.0,96.0,90.0,0.05724796652793884,0.012065961956977844,0.0,0.29939499497413635,0.0,-0.27526307106018066,0.0,0.4761904776096344,0.6595236659049988,0.948578953742981,0.9646668434143066,1.0,0.380952388048172,0.7591776847839355,0.30000001192092896,0.20000000298023224,0.20000000298023224,0.15000000596046448,0.15000000596046448,1.0,1.0,1.0,1.0
complex_qaware_v018_r4,closed_loop,complex,full,1,0.18,True,35.245309486,1785050758.6628618,3.744581311257691,0.022255732127806963,-0.0705522393727489,0.10544931347332638,0.0022578492761738964,4.454394768002236,0.11471618997313897,0.14623862191979609,21.0,3.730796715960972,0.034141558722264966,4.740698772879452,0.02008946913245049,5.740425900028894,0.008298427252706759,0.5691474080085754,0.15627212822437286,0.1062721312046051,0.7591776847839355,0.7591776847839355,0,ROW_FOLLOW,,1.0,96.0,90.0,0.05724796652793884,0.012065961956977844,0.0,0.29939499497413635,0.0,-0.27526307106018066,0.0,0.4761904776096344,0.6595236659049988,0.948578953742981,0.9646668434143066,1.0,0.380952388048172,0.7591776847839355,0.30000001192092896,0.20000000298023224,0.20000000298023224,0.15000000596046448,0.15000000596046448,1.0,1.0,1.0,1.0
complex_qaware_v018_r4,closed_loop,complex,full,1,0.18,True,35.295670301,1785050758.7132227,3.750490726489296,0.02184037073586978,-0.07036657697422834,0.10818595414721428,0.011305815395740266,4.460324841979638,0.11438853327937461,0.14842299987822527,21.0,3.740377757079204,0.03404099311427764,4.745309174885005,0.022680740436633106,5.745475035069628,0.013871660878488132,0.569375216960907,0.15688447654247284,0.10688447952270508,0.7493734359741211,0.7591776847839355,0,ROW_FOLLOW,,1.0,76.0,78.0,0.06328523904085159,0.011767387390136719,0.0,0.2990218997001648,0.0,-0.27548712491989136,0.0,0.4444444179534912,0.6595236659049988,0.9489588737487793,0.9622908234596252,1.0,0.380952388048172,0.7493734359741211,0.30000001192092896,0.20000000298023224,0.20000000298023224,0.15000000596046448,0.15000000596046448,1.0,1.0,1.0,1.0
complex_qaware_v018_r4,closed_loop,complex,full,1,0.18,True,35.345723013,1785050758.7632751,3.756954934446511,0.022305210434768883,-0.07048734104708299,0.10664829740218795,0.0007700345361416677,4.467374426347486,0.11244432806158058,0.14961926942507478,21.0,3.740377757079204,0.03404099311427764,4.745309174885005,0.022680740436633106,5.745475035069628,0.013871660878488132,0.569375216960907,0.15688447654247284,0.10688447952270508,0.7493734359741211,0.7493734359741211,0,ROW_FOLLOW,,1.0,76.0,78.0,0.06328523904085159,0.011767387390136719,0.0,0.2990218997001648,0.0,-0.27548712491989136,0.0,0.4444444179534912,0.6595236659049988,0.9489588737487793,0.9622908234596252,1.0,0.380952388048172,0.7493734359741211,0.30000001192092896,0.20000000298023224,0.20000000298023224,0.15000000596046448,0.15000000596046448,1.0,1.0,1.0,1.0
complex_qaware_v018_r4,closed_loop,complex,full,1,0.18,True,35.396731877,1785050758.814284,3.762595452182411,0.021910526997573426,-0.07021323985015782,0.10887491868897081,0.012925842287621421,4.473032167388805,0.11214220972893289,0.151633391642726,19.0,3.7512485775316287,0.03318493427562331,4.651214668885509,0.02778893654171154,5.61784741011638,0.022538865579210504,0.5709601044654846,0.15818838775157928,0.10818839073181152,0.7469223737716675,0.7493734359741211,0,ROW_FOLLOW,,1.0,67.0,69.0,0.07240220904350281,0.009549707174301147,0.0,0.29744088649749756,0.0,-0.27834147214889526,0.0,0.4365079402923584,0.6595236659049988,0.9516000151634216,0.9583014249801636,1.0,0.380952388048172,0.7469223737716675,0.30000001192092896,0.20000000298023224,0.20000000298023224,0.15000000596046448,0.15000000596046448,1.0,1.0,1.0,1.0
complex_qaware_v018_r4,closed_loop,complex,full,1,0.18,True,35.445441993,1785050758.8629942,3.7700518110791106,0.022826433546774178,-0.07079686325127185,0.11053748913137733,-0.00790752475490901,4.480959121060559,0.11174594974971704,0.15133385019455406,19.0,3.7512485775316287,0.03318493427562331,4.651214668885509,0.02778893654171154,5.61784741011638,0.022538865579210504,0.5709601044654846,0.15818838775157928,0.10818839073181152,0.7469223737716675,0.7469223737716675,0,ROW_FOLLOW,,1.0,67.0,69.0,0.07240220904350281,0.009549707174301147,0.0,0.29744088649749756,0.0,-0.27834147214889526,0.0,0.4365079402923584,0.6595236659049988,0.9516000151634216,0.9583014249801636,1.0,0.380952388048172,0.7469223737716675,0.30000001192092896,0.20000000298023224,0.20000000298023224,0.15000000596046448,0.15000000596046448,1.0,1.0,1.0,1.0
complex_qaware_v018_r4,closed_loop,complex,full,1,0.18,True,35.496070592,1785050758.9136229,3.775862335880723,0.022418974312036665,-0.0705013368025766,0.11138611553781123,-0.0003450759010600656,4.4867880773678275,0.11143017959827388,0.15343898453750845,21.0,3.7630231744091223,0.03249558880991679,4.763008412881789,0.02891205853426655,5.763205533114296,0.020073712238336976,0.5760966539382935,0.16433624923229218,0.11433625221252441,0.7353305816650391,0.7469223737716675,0,ROW_FOLLOW,,1.0,58.0,53.0,0.0646430253982544,0.010000288486480713,0.0,0.29809877276420593,0.0,-0.2780981957912445,0.0,0.4523809552192688,0.5547617673873901,0.959743857383728,0.9781012535095215,1.0,0.190476194024086,0.7353305816650391,0.30000001192092896,0.20000000298023224,0.20000000298023224,0.15000000596046448,0.15000000596046448,1.0,1.0,1.0,1.0
complex_qaware_v018_r4,closed_loop,complex,full,1,0.18,True,35.545413653,1785050758.962966,3.782104957977878,0.02269468108971659,-0.07031820443361037,0.11807993437760732,-0.008892468003687709,4.493335537414429,0.10962986180522061,0.15153095262990948,21.0,3.7630231744091223,0.03249558880991679,4.763008412881789,0.02891205853426655,5.763205533114296,0.020073712238336976,0.5760966539382935,0.16433624923229218,0.11433625221252441,0.7353305816650391,0.7353305816650391,0,ROW_FOLLOW,,1.0,58.0,53.0,0.0646430253982544,0.010000288486480713,0.0,0.29809877276420593,0.0,-0.2780981957912445,0.0,0.4523809552192688,0.5547617673873901,0.959743857383728,0.9781012535095215,1.0,0.190476194024086,0.7353305816650391,0.30000001192092896,0.20000000298023224,0.20000000298023224,0.15000000596046448,0.15000000596046448,1.0,1.0,1.0,1.0
complex_qaware_v018_r4,closed_loop,complex,full,1,0.18,True,35.595648385,1785050759.0132005,3.787455191134536,0.022323023429431307,-0.07006616060087989,0.11563862947800212,0.016489495484481875,4.498701431787586,0.10933507549638716,0.15349619468879913,21.0,3.7753399760689845,0.03208339299164239,4.775325660616801,0.028562389410867754,5.78168203289694,0.019642999606524214,0.5762311220169067,0.1677728146314621,0.11777281761169434,0.7032123804092407,0.7353305816650391,0,ROW_FOLLOW,,1.0,59.0,66.0,0.06317239999771118,0.010048091411590576,0.0,0.29836899042129517,0.0,-0.278272807598114,0.0,0.3412698209285736,0.5547617673873901,0.9603849053382874,0.9853475689888,1.0,0.190476194024086,0.7032123804092407,0.30000001192092896,0.20000000298023224,0.20000000298023224,0.15000000596046448,0.15000000596046448,1.0,1.0,1.0,1.0
complex_qaware_v018_r4,closed_loop,complex,full,1,0.18,True,35.645497284,1785050759.0630496,3.7910096433252645,0.022087789005778284,-0.06915474263044308,0.11370435928586409,-0.009404977898001845,4.502275272432749,0.10396845109586982,0.15073184918528995,21.0,3.7753399760689845,0.03208339299164239,4.775325660616801,0.028562389410867754,5.78168203289694,0.019642999606524214,0.5762311220169067,0.1677728146314621,0.11777281761169434,0.7032123804092407,0.7032123804092407,0,ROW_FOLLOW,,1.0,59.0,66.0,0.06317239999771118,0.010048091411590576,0.0,0.29836899042129517,0.0,-0.278272807598114,0.0,0.3412698209285736,0.5547617673873901,0.9603849053382874,0.9853475689888,1.0,0.190476194024086,0.7032123804092407,0.30000001192092896,0.20000000298023224,0.20000000298023224,0.15000000596046448,0.15000000596046448,1.0,1.0,1.0,1.0
complex_qaware_v018_r4,closed_loop,complex,full,1,0.18,True,35.696506213,1785050759.1140585,3.8029411194018845,0.02259372293459383,-0.06847369288156414,0.1136153510160174,0.02438203975306463,4.5142282941088965,0.10437342835587704,0.14489989591158475,21.0,3.784953635674914,0.03213868500596832,4.784938940661479,0.026997906555701,5.78492424193136,0.021857125574244924,0.5754143595695496,0.16827510297298431,0.11827510595321655,0.7006022930145264,0.7006022930145264,0,ROW_FOLLOW,,1.0,57.0,53.0,0.06580333411693573,0.009548544883728027,0.0,0.2979714274406433,0.0,-0.27887433767318726,0.0,0.3174603283405304,0.5809522867202759,0.9590237736701965,0.9824603796005249,1.0,0.2380952388048172,0.7006022930145264,0.30000001192092896,0.20000000298023224,0.20000000298023224,0.15000000596046448,0.15000000596046448,1.0,1.0,1.0,1.0
complex_qaware_v018_r4,closed_loop,complex,full,1,0.18,True,35.746790963,1785050759.1643434,3.8081082449397554,0.02224018903903981,-0.06831326241833222,0.12129065533898827,0.0034463802615994485,4.519408106349308,0.10408346899288369,0.14683295833154036,21.0,3.784953635674914,0.03213868500596832,4.784938940661479,0.026997906555701,5.78492424193136,0.021857125574244924,0.5754143595695496,0.16827510297298431,0.11827510595321655,0.7006022930145264,0.7006022930145264,0,ROW_FOLLOW,,1.0,57.0,53.0,0.06580333411693573,0.009548544883728027,0.0,0.2979714274406433,0.0,-0.27887433767318726,0.0,0.3174603283405304,0.5809522867202759,0.9590237736701965,0.9824603796005249,1.0,0.2380952388048172,0.7006022930145264,0.30000001192092896,0.20000000298023224,0.20000000298023224,0.15000000596046448,0.15000000596046448,1.0,1.0,1.0,1.0
complex_qaware_v018_r4,closed_loop,complex,full,1,0.18,True,35.797479883,1785050759.215032,3.8190232101617525,0.02267960749531785,-0.0673675253233874,0.12290053963787108,0.00660876786788037,4.531140051262838,0.10455303117227528,0.14370254380226313,20.0,3.7993338702120005,0.032012189207884525,4.799322087097499,0.027456167732080438,5.732644571476733,0.023218948920163473,0.5754193663597107,0.17010371387004852,0.12010371685028076,0.705548882484436,0.7006022930145264,1,ROW_FOLLOW,,1.0,65.0,65.0,0.06326351314783096,0.009360074996948242,0.0,0.2979997396469116,0.0,-0.27927958965301514,0.0,0.3333333432674408,0.5809522867202759,0.9590323567390442,0.9836792945861816,1.0,0.2380952388048172,0.705548882484436,0.30000001192092896,0.20000000298023224,0.20000000298023224,0.15000000596046448,0.15000000596046448,1.0,1.0,1.0,1.0
complex_qaware_v018_r4,closed_loop,complex,full,1,0.18,True,35.8455232,1785050759.2630754,3.8242790034593845,0.02233418585638661,-0.06674715028936705,0.11884811668122032,0.0033801768521829127,4.5364131754314565,0.1053417827327726,0.14438010742950586,20.0,3.7993338702120005,0.032012189207884525,4.799322087097499,0.027456167732080438,5.732644571476733,0.023218948920163473,0.5754193663597107,0.17010371387004852,0.12010371685028076,0.705548882484436,0.705548882484436,1,ROW_FOLLOW,,1.0,65.0,65.0,0.06326351314783096,0.009360074996948242,0.0,0.2979997396469116,0.0,-0.27927958965301514,0.0,0.3333333432674408,0.5809522867202759,0.9590323567390442,0.9836792945861816,1.0,0.2380952388048172,0.705548882484436,0.30000001192092896,0.20000000298023224,0.20000000298023224,0.15000000596046448,0.15000000596046448,1.0,1.0,1.0,1.0
complex_qaware_v018_r4,closed_loop,complex,full,1,0.18,True,35.895488902,1785050759.3130412,3.83220988699855,0.021056466275470302,-0.06630641062633337,0.1201178941474424,0.015532442875908721,4.54504404895425,0.10429982681823452,0.15132648019309303,20.0,3.814248816380012,0.03161030547659453,4.814239188405973,0.027393153428019148,5.780896392528491,0.023265012345693312,0.575838565826416,0.17477764189243317,0.1247776448726654,0.7059571743011475,0.705548882484436,1,ROW_FOLLOW,,1.0,64.0,64.0,0.06042928248643875,0.010108932852745056,0.0,0.2983751595020294,0.0,-0.2781572937965393,0.0,0.3333333432674408,0.5809522867202759,0.9597311615943909,0.9854694604873657,1.0,0.2380952388048172,0.7059571743011475,0.30000001192092896,0.20000000298023224,0.20000000298023224,0.15000000596046448,0.15000000596046448,1.0,1.0,1.0,1.0
complex_qaware_v018_r4,closed_loop,complex,full,1,0.18,True,35.94732566,1785050759.364878,3.837190193257274,0.020739245875083512,-0.06517766008655457,0.11565938101379067,0.018529320366009315,4.550045151692125,0.10473840727248061,0.14889256067817283,20.0,3.814248816380012,0.03161030547659453,4.814239188405973,0.027393153428019148,5.780896392528491,0.023265012345693312,0.575838565826416,0.17477764189243317,0.1247776448726654,0.7059571743011475,0.7059571743011475,1,ROW_FOLLOW,,1.0,64.0,64.0,0.06042928248643875,0.010108932852745056,0.0,0.2983751595020294,0.0,-0.2781572937965393,0.0,0.3333333432674408,0.5809522867202759,0.9597311615943909,0.9854694604873657,1.0,0.2380952388048172,0.7059571743011475,0.30000001192092896,0.20000000298023224,0.20000000298023224,0.15000000596046448,0.15000000596046448,1.0,1.0,1.0,1.0
complex_qaware_v018_r4,closed_loop,complex,full,1,0.18,True,35.995379281,1785050759.4129317,3.8460304297964942,0.019717260251183335,-0.06419572030312404,0.11863787327517154,0.029812318843339555,4.560628538080287,0.10399528109793717,0.15384673517512912,19.0,3.8324779303274554,0.031136122332239002,4.732463162047268,0.026069444748974435,5.765779391198172,0.020209542626021176,0.5760189890861511,0.17462514340877533,0.12462514638900757,0.7069566249847412,0.7059571743011475,1,ROW_FOLLOW,,1.0,47.0,65.0,0.05728784203529358,0.010486528277397156,0.0,0.2986900508403778,0.0,-0.2777169942855835,0.0,0.3333333432674408,0.5809522867202759,0.9600313305854797,0.9917324781417847,1.0,0.2380952388048172,0.7069566249847412,0.30000001192092896,0.20000000298023224,0.20000000298023224,0.15000000596046448,0.15000000596046448,1.0,1.0,1.0,1.0
complex_qaware_v018_r4,closed_loop,complex,full,1,0.18,True,36.045334102,1785050759.4628863,3.8537750866510696,0.017809438922035768,-0.062405769957389425,0.11765488840481156,0.021501834969434717,4.568889149284949,0.10392637555842056,0.15550544625888577,19.0,3.8324779303274554,0.031136122332239002,4.732463162047268,0.026069444748974435,5.765779391198172,0.020209542626021176,0.5760189890861511,0.17462514340877533,0.12462514638900757,0.7069566249847412,0.7069566249847412,1,ROW_FOLLOW,,1.0,47.0,65.0,0.05728784203529358,0.010486528277397156,0.0,0.2986900508403778,0.0,-0.2777169942855835,0.0,0.3333333432674408,0.5809522867202759,0.9600313305854797,0.9917324781417847,1.0,0.2380952388048172,0.7069566249847412,0.30000001192092896,0.20000000298023224,0.20000000298023224,0.15000000596046448,0.15000000596046448,1.0,1.0,1.0,1.0
complex_qaware_v018_r4,closed_loop,complex,full,1,0.18,True,36.097039305,1785050759.5145915,3.8583463794989425,0.017540697305264447,-0.06161635975100933,0.11440130529556827,0.015575435607830618,4.573476260097708,0.10380292623852078,0.15632844172488428,20.0,3.8455820209613307,0.029724368520665345,4.855567101855975,0.02452113864092469,5.845301050730762,0.02092674501549809,0.5755646824836731,0.17468740046024323,0.12468740344047546,0.7064241170883179,0.7069566249847412,1,ROW_FOLLOW,,1.0,61.0,58.0,0.05893541872501373,0.010263681411743164,0.0,0.29857075214385986,0.0,-0.27804338932037354,0.0,0.3333333432674408,0.5809522867202759,0.9592739939689636,0.9891919493675232,1.0,0.2380952388048172,0.7064241170883179,0.30000001192092896,0.20000000298023224,0.20000000298023224,0.15000000596046448,0.15000000596046448,1.0,1.0,1.0,1.0
complex_qaware_v018_r4,closed_loop,complex,full,1,0.18,True,36.145327844,1785050759.56288,3.8633367765446454,0.017270645283999863,-0.06010218573009408,0.110621626321433,0.03181167496117426,4.578495772669306,0.10498448439452135,0.1478123778758391,20.0,3.8455820209613307,0.029724368520665345,4.855567101855975,0.02452113864092469,5.845301050730762,0.02092674501549809,0.5755646824836731,0.17468740046024323,0.12468740344047546,0.7064241170883179,0.7064241170883179,1,ROW_FOLLOW,,1.0,61.0,58.0,0.05893541872501373,0.010263681411743164,0.0,0.29857075214385986,0.0,-0.27804338932037354,0.0,0.3333333432674408,0.5809522867202759,0.9592739939689636,0.9891919493675232,1.0,0.2380952388048172,0.7064241170883179,0.30000001192092896,0.20000000298023224,0.20000000298023224,0.15000000596046448,0.15000000596046448,1.0,1.0,1.0,1.0
complex_qaware_v018_r4,closed_loop,complex,full,1,0.18,True,36.19615712,1785050759.6137092,3.8648713845344087,0.017203587270435732,-0.05932401076904404,0.10715413624932417,0.024027284771883973,4.580044629120601,0.10508096889707716,0.14716914785880036,20.0,3.8564650340503746,0.02854017946615764,4.866452482649035,0.02379240689668965,5.8616326327112,0.02051683963227871,0.5771987438201904,0.17673678696155548,0.12673678994178772,0.7023179531097412,0.7064241170883179,1,ROW_FOLLOW,,1.0,62.0,61.0,0.05481327325105667,0.010409176349639893,0.0,0.29885461926460266,0.0,-0.2780362665653229,0.0,0.317460298538208,0.5809522867202759,0.9619978666305542,0.9899322986602783,1.0,0.2380952388048172,0.7023179531097412,0.30000001192092896,0.20000000298023224,0.20000000298023224,0.15000000596046448,0.15000000596046448,1.0,1.0,1.0,1.0
complex_qaware_v018_r4,closed_loop,complex,full,1,0.18,True,36.245305009,1785050759.6628573,3.87553628667348,0.017077103466259836,-0.056951266172170265,0.11441514359792872,0.0391010424771171,4.5907283846358355,0.10560994808857191,0.13871522314120996,20.0,3.8564650340503746,0.02854017946615764,4.866452482649035,0.02379240689668965,5.8616326327112,0.02051683963227871,0.5771987438201904,0.17673678696155548,0.12673678994178772,0.7023179531097412,0.7023179531097412,1,ROW_FOLLOW,,1.0,62.0,61.0,0.05481327325105667,0.010409176349639893,0.0,0.29885461926460266,0.0,-0.2780362665653229,0.0,0.317460298538208,0.5809522867202759,0.9619978666305542,0.9899322986602783,1.0,0.2380952388048172,0.7023179531097412,0.30000001192092896,0.20000000298023224,0.20000000298023224,0.15000000596046448,0.15000000596046448,1.0,1.0,1.0,1.0
complex_qaware_v018_r4,closed_loop,complex,full,1,0.18,True,36.295820453,1785050759.7133727,3.880630147121668,0.016811869050866388,-0.05514089750334205,0.11127781099076978,0.05555968129078398,4.595847384576589,0.10572576988472417,0.1379430778335283,21.0,3.8679770225909316,0.027355443100032736,4.872972408811713,0.024650456278918775,5.880638358939738,0.024883153703395264,0.5776494145393372,0.17658187448978424,0.12658187747001648,0.6931416988372803,0.7023179531097412,1,ROW_FOLLOW,,1.0,66.0,57.0,0.05425781011581421,0.00983746349811554,0.0,0.29846686124801636,0.0,-0.2787919342517853,0.0,0.2857142984867096,0.5809522867202759,0.9627485871315002,0.9912481904029846,1.0,0.2380952388048172,0.6931416988372803,0.30000001192092896,0.20000000298023224,0.20000000298023224,0.15000000596046448,0.15000000596046448,1.0,1.0,1.0,1.0
complex_qaware_v018_r4,closed_loop,complex,full,1,0.18,True,36.345346591,1785050759.762899,3.8813094867794535,0.015771267784837353,-0.05181929446869838,0.10451015608513999,0.05672411498648327,4.60605752121385,0.10462084674238577,0.13429772698883116,21.0,3.8679770225909316,0.027355443100032736,4.872972408811713,0.024650456278918775,5.880638358939738,0.024883153703395264,0.5776494145393372,0.17658187448978424,0.12658187747001648,0.6931416988372803,0.6931416988372803,1,ROW_FOLLOW,,1.0,66.0,57.0,0.05425781011581421,0.00983746349811554,0.0,0.29846686124801636,0.0,-0.2787919342517853,0.0,0.2857142984867096,0.5809522867202759,0.9627485871315002,0.9912481904029846,1.0,0.2380952388048172,0.6931416988372803,0.30000001192092896,0.20000000298023224,0.20000000298023224,0.15000000596046448,0.15000000596046448,1.0,1.0,1.0,1.0
complex_qaware_v018_r4,closed_loop,complex,full,1,0.18,True,36.395733008,1785050759.8132854,3.8812575885152754,0.015487531209504399,-0.04965919221923844,0.10413678178836468,0.05224106416691434,4.615852182669174,0.1032822741823571,0.12704532030080623,21.0,3.877251698449804,0.026514631811497397,4.877246615022135,0.02366258241372946,5.8834132239555,0.021920189673463247,0.5764054656028748,0.17456717789173126,0.1245671808719635,0.6796615123748779,0.6796615123748779,1,ROW_FOLLOW,,1.0,65.0,57.0,0.04649684578180313,0.00972767174243927,0.0,0.2981260120868683,0.0,-0.27867066860198975,0.0,0.261904776096344,0.5547617673873901,0.9606760144233704,0.9866835474967957,1.0,0.190476194024086,0.6796615123748779,0.30000001192092896,0.20000000298023224,0.20000000298023224,0.15000000596046448,0.15000000596046448,1.0,1.0,1.0,1.0
complex_qaware_v018_r4,closed_loop,complex,full,1,0.18,True,36.445388654,1785050759.862941,3.8864240028371286,0.015246605625981626,-0.046599356667732746,0.09398569684276348,0.062294957624269245,4.6210346562879625,0.10371571747847158,0.12415569832670961,21.0,3.877251698449804,0.026514631811497397,4.877246615022135,0.02366258241372946,5.8834132239555,0.021920189673463247,0.5764054656028748,0.17456717789173126,0.1245671808719635,0.6796615123748779,0.6796615123748779,1,ROW_FOLLOW,,1.0,65.0,57.0,0.04649684578180313,0.00972767174243927,0.0,0.2981260120868683,0.0,-0.27867066860198975,0.0,0.261904776096344,0.5547617673873901,0.9606760144233704,0.9866835474967957,1.0,0.190476194024086,0.6796615123748779,0.30000001192092896,0.20000000298023224,0.20000000298023224,0.15000000596046448,0.15000000596046448,1.0,1.0,1.0,1.0
complex_qaware_v018_r4,closed_loop,complex,full,1,0.18,True,36.49599866,1785050759.9135509,3.89146255457413,0.015043736393257304,-0.04446725242980465,0.0952319188844944,0.054335480998704375,4.626099022794767,0.10395838956251786,0.1225378844330678,21.0,3.886115395156325,0.025532065727610177,4.886109739003946,0.02255966654282508,5.886104120387121,0.019587263062108236,0.5747948884963989,0.167454794049263,0.11745479702949524,0.6792057752609253,0.6796615123748779,1,ROW_FOLLOW,,1.0,60.0,56.0,0.039595458656549454,0.009621337056159973,0.0,0.29766348004341125,0.0,-0.2784208059310913,0.0,0.261904776096344,0.5547617673873901,0.957991361618042,0.9872247576713562,1.0,0.190476194024086,0.6792057752609253,0.30000001192092896,0.20000000298023224,0.20000000298023224,0.15000000596046448,0.15000000596046448,1.0,1.0,1.0,1.0
complex_qaware_v018_r4,closed_loop,complex,full,1,0.18,True,36.545285593,1785050759.9628377,3.9000145790099547,0.01587999489112144,-0.04101503649521285,0.09621936898685525,0.06392844375122252,4.634776279847629,0.10611469057980152,0.10761565978110017,21.0,3.886115395156325,0.025532065727610177,4.886109739003946,0.02255966654282508,5.886104120387121,0.019587263062108236,0.5747948884963989,0.167454794049263,0.11745479702949524,0.6792057752609253,0.6792057752609253,1,ROW_FOLLOW,,1.0,60.0,56.0,0.039595458656549454,0.009621337056159973,0.0,0.29766348004341125,0.0,-0.2784208059310913,0.0,0.261904776096344,0.5547617673873901,0.957991361618042,0.9872247576713562,1.0,0.190476194024086,0.6792057752609253,0.30000001192092896,0.20000000298023224,0.20000000298023224,0.15000000596046448,0.15000000596046448,1.0,1.0,1.0,1.0
complex_qaware_v018_r4,closed_loop,complex,full,1,0.18,True,36.597210289,1785050760.0147624,3.90507699892858,0.015718793189355422,-0.0379981307267663,0.09680635776160866,0.08031673320247164,4.639872235858519,0.106595393836925,0.10441097140027703,20.0,3.894264922046581,0.024897602957874607,4.899259174969838,0.02182917073482363,5.827587409708495,0.019040079463476533,0.5748907327651978,0.16881735622882843,0.11881735920906067,0.6864416599273682,0.6792057752609253,1,ROW_FOLLOW,,1.0,69.0,67.0,0.03684425726532936,0.009027153253555298,0.0,0.2969920039176941,0.0,-0.2789376974105835,0.0,0.2857142984867096,0.5547617673873901,0.9581512212753296,0.9876316785812378,1.0,0.190476194024086,0.6864416599273682,0.30000001192092896,0.20000000298023224,0.20000000298023224,0.15000000596046448,0.15000000596046448,1.0,1.0,1.0,1.0
complex_qaware_v018_r4,closed_loop,complex,full,1,0.18,True,36.645283911,1785050760.0628362,3.910320053837908,0.015616054659739911,-0.03394971594268582,0.09864915425738793,0.07327856163524545,4.645171224574715,0.10928936622686061,0.09513421706710437,20.0,3.894264922046581,0.024897602957874607,4.899259174969838,0.02182917073482363,5.827587409708495,0.019040079463476533,0.5748907327651978,0.16881735622882843,0.11881735920906067,0.6864416599273682,0.6864416599273682,1,ROW_FOLLOW,,1.0,69.0,67.0,0.03684425726532936,0.009027153253555298,0.0,0.2969920039176941,0.0,-0.2789376974105835,0.0,0.2857142984867096,0.5547617673873901,0.9581512212753296,0.9876316785812378,1.0,0.190476194024086,0.6864416599273682,0.30000001192092896,0.20000000298023224,0.20000000298023224,0.15000000596046448,0.15000000596046448,1.0,1.0,1.0,1.0
complex_qaware_v018_r4,closed_loop,complex,full,1,0.18,True,36.695482868,1785050760.113035,3.9069308494520376,0.014382855121438089,-0.03154588354816167,0.10132582972578685,0.08816491494709974,4.6509199762157944,0.1089085467760566,0.09767301340579773,19.0,3.9011713298968513,0.02405890157945596,4.801167244591974,0.022741575645194412,5.801163168922739,0.021494758853386208,0.5753984451293945,0.17124636471271515,0.12124636769294739,0.6911511421203613,0.6864416599273682,1,ROW_FOLLOW,,1.0,59.0,62.0,0.033180445432662964,0.00838296115398407,0.0,0.29638317227363586,0.0,-0.2796172499656677,0.0,0.3015872836112976,0.5547617673873901,0.9589977264404297,0.9861534833908081,1.0,0.190476194024086,0.6911511421203613,0.30000001192092896,0.20000000298023224,0.20000000298023224,0.15000000596046448,0.15000000596046448,1.0,1.0,1.0,1.0
complex_qaware_v018_r4,closed_loop,complex,full,1,0.18,True,36.745335224,1785050760.1628873,3.912447050605824,0.014242093960142393,-0.025512597226343924,0.09318604578850002,0.1069644996408016,4.656461390860337,0.11130775994164357,0.08732963760014306,19.0,3.9011713298968513,0.02405890157945596,4.801167244591974,0.022741575645194412,5.801163168922739,0.021494758853386208,0.5753984451293945,0.17124636471271515,0.12124636769294739,0.6911511421203613,0.6911511421203613,1,ROW_FOLLOW,,1.0,59.0,62.0,0.033180445432662964,0.00838296115398407,0.0,0.29638317227363586,0.0,-0.2796172499656677,0.0,0.3015872836112976,0.5547617673873901,0.9589977264404297,0.9861534833908081,1.0,0.190476194024086,0.6911511421203613,0.30000001192092896,0.20000000298023224,0.20000000298023224,0.15000000596046448,0.15000000596046448,1.0,1.0,1.0,1.0
complex_qaware_v018_r4,closed_loop,complex,full,1,0.18,True,36.795380064,1785050760.2129323,3.9173483192653693,0.014759312461172826,-0.0215860153733769,0.09603983370267362,0.09867994099084594,4.6626430894610325,0.11251736290079377,0.07926561787247502,21.0,3.9097877979795332,0.023507314221063436,4.914786949316469,0.023237070410402693,5.917357394309216,0.020461972891256973,0.5744208693504333,0.1718348115682602,0.12183481454849243,0.7058988809585571,0.6911511421203613,1,ROW_FOLLOW,,1.0,62.0,66.0,0.020311903208494186,0.008250892162322998,0.0,0.29595935344696045,0.0,-0.27945756912231445,0.0,0.3333333432674408,0.5809522867202759,0.9573683142662048,0.9882320165634155,1.0,0.2380952388048172,0.7058988809585571,0.30000001192092896,0.20000000298023224,0.20000000298023224,0.15000000596046448,0.15000000596046448,1.0,1.0,1.0,1.0
complex_qaware_v018_r4,closed_loop,complex,full,1,0.18,True,36.845357319,1785050760.2629097,3.9227683736371337,0.014721570158479066,-0.01659371409071575,0.09810011253560592,0.0739326558661561,4.668106421557306,0.11646790479540968,0.07062595851420393,21.0,3.9097877979795332,0.023507314221063436,4.914786949316469,0.023237070410402693,5.917357394309216,0.020461972891256973,0.5744208693504333,0.1718348115682602,0.12183481454849243,0.7058988809585571,0.7058988809585571,1,ROW_FOLLOW,,1.0,62.0,66.0,0.020311903208494186,0.008250892162322998,0.0,0.29595935344696045,0.0,-0.27945756912231445,0.0,0.3333333432674408,0.5809522867202759,0.9573683142662048,0.9882320165634155,1.0,0.2380952388048172,0.7058988809585571,0.30000001192092896,0.20000000298023224,0.20000000298023224,0.15000000596046448,0.15000000596046448,1.0,1.0,1.0,1.0
complex_qaware_v018_r4,closed_loop,complex,full,1,0.18,True,36.895446673,1785050760.312999,3.928104525080093,0.014734799672047966,-0.013459860774585499,0.10081783271737721,0.07962943890519475,4.673492726196202,0.11709167681693344,0.06646747837071212,20.0,3.9174563089486525,0.022669000226118407,4.922455289756429,0.02331166690431959,5.872724231002027,0.022954575395216323,0.5743684768676758,0.1695704609155655,0.11957046389579773,0.705970048904419,0.7058988809585571,1,ROW_FOLLOW,,1.0,65.0,64.0,0.01500424463301897,0.00749620795249939,0.0,0.29516294598579407,0.0,-0.2801705300807953,0.0,0.3333333432674408,0.5809522867202759,0.9572806358337402,0.9888232350349426,1.0,0.2380952388048172,0.705970048904419,0.30000001192092896,0.20000000298023224,0.20000000298023224,0.15000000596046448,0.15000000596046448,1.0,1.0,1.0,1.0
complex_qaware_v018_r4,closed_loop,complex,full,1,0.18,True,36.945272052,1785050760.3628242,3.9398710060648208,0.013306443744070823,-0.008355279440443125,0.11199590778486118,0.08150679225924998,4.685398696603744,0.11748020733217311,0.06396267647081533,20.0,3.9174563089486525,0.022669000226118407,4.922455289756429,0.02331166690431959,5.872724231002027,0.022954575395216323,0.5743684768676758,0.1695704609155655,0.11957046389579773,0.705970048904419,0.705970048904419,1,ROW_FOLLOW,,1.0,65.0,64.0,0.01500424463301897,0.00749620795249939,0.0,0.29516294598579407,0.0,-0.2801705300807953,0.0,0.3333333432674408,0.5809522867202759,0.9572806358337402,0.9888232350349426,1.0,0.2380952388048172,0.705970048904419,0.30000001192092896,0.20000000298023224,0.20000000298023224,0.15000000596046448,0.15000000596046448,1.0,1.0,1.0,1.0
complex_qaware_v018_r4,closed_loop,complex,full,1,0.18,True,36.996091825,1785050760.413644,3.945220522294731,0.013318674681706848,-0.005166801151085476,0.11101973996796574,0.0894530305846783,4.690782867439455,0.11808590726499206,0.05992467691868901,20.0,3.9302274898950373,0.022045900182490027,4.935226628349397,0.02169646463839689,5.896892525328982,0.021374055873323205,0.5738980770111084,0.17337162792682648,0.12337163090705872,0.7060021162033081,0.705970048904419,1,ROW_FOLLOW,,1.0,65.0,62.0,0.003825057065114379,0.007577836513519287,0.0,0.29488444328308105,0.0,-0.2797287702560425,0.0,0.3333333432674408,0.5809522867202759,0.9564966559410095,0.9900820851325989,1.0,0.2380952388048172,0.7060021162033081,0.30000001192092896,0.20000000298023224,0.20000000298023224,0.15000000596046448,0.15000000596046448,1.0,1.0,1.0,1.0
complex_qaware_v018_r4,closed_loop,complex,full,1,0.18,True,37.045360133,1785050760.4629126,3.9527573639607207,0.012545499687663216,-0.0010642137772891576,0.1170653834059477,0.07097520868251875,4.698576727971336,0.11924243598872461,0.05225296618580571,20.0,3.9302274898950373,0.022045900182490027,4.935226628349397,0.02169646463839689,5.896892525328982,0.021374055873323205,0.5738980770111084,0.17337162792682648,0.12337163090705872,0.7060021162033081,0.7060021162033081,1,ROW_FOLLOW,,1.0,65.0,62.0,0.003825057065114379,0.007577836513519287,0.0,0.29488444328308105,0.0,-0.2797287702560425,0.0,0.3333333432674408,0.5809522867202759,0.9564966559410095,0.9900820851325989,1.0,0.2380952388048172,0.7060021162033081,0.30000001192092896,0.20000000298023224,0.20000000298023224,0.15000000596046448,0.15000000596046448,1.0,1.0,1.0,1.0
complex_qaware_v018_r4,closed_loop,complex,full,1,0.18,True,37.098083411,1785050760.5156357,3.9576695234804298,0.012585249494495179,0.0013405717767276388,0.11534259368447014,0.06825326946818183,4.703515113201658,0.11970184782743636,0.04919022059439402,20.0,3.9436611239873574,0.020755569391608723,4.953660177089192,0.02133619246350685,5.94365928077098,0.02188643529630134,0.5748487114906311,0.17450840771198273,0.12450841069221497,0.7061998844146729,0.7060021162033081,1,ROW_FOLLOW,,1.0,59.0,56.0,0.0001530880108475685,0.006553962826728821,0.0,0.29415565729141235,0.0,-0.2810477316379547,0.0,0.3333333432674408,0.5809522867202759,0.9580813646316528,0.989287257194519,1.0,0.2380952388048172,0.7061998844146729,0.30000001192092896,0.20000000298023224,0.20000000298023224,0.15000000596046448,0.15000000596046448,1.0,1.0,1.0,1.0
complex_qaware_v018_r4,closed_loop,complex,full,1,0.18,True,37.145370325,1785050760.5629225,3.961403083804341,0.013537788500542467,0.004624360314084533,0.1145175041643364,0.05826993667430117,4.707402199595679,0.1222506625886189,0.032435444040147934,20.0,3.9436611239873574,0.020755569391608723,4.953660177089192,0.02133619246350685,5.94365928077098,0.02188643529630134,0.5748487114906311,0.17450840771198273,0.12450841069221497,0.7061998844146729,0.7061998844146729,1,ROW_FOLLOW,,1.0,59.0,56.0,0.0001530880108475685,0.006553962826728821,0.0,0.29415565729141235,0.0,-0.2810477316379547,0.0,0.3333333432674408,0.5809522867202759,0.9580813646316528,0.989287257194519,1.0,0.2380952388048172,0.7061998844146729,0.30000001192092896,0.20000000298023224,0.20000000298023224,0.15000000596046448,0.15000000596046448,1.0,1.0,1.0,1.0
complex_qaware_v018_r4,closed_loop,complex,full,1,0.18,True,37.195638979,1785050760.6131911,3.9667867207290834,0.01360349579623215,0.007147569113327813,0.11357432664354976,0.05692095680318121,4.712813252285701,0.12277226598591849,0.02895808805815075,21.0,3.956561876522271,0.019929551797767044,4.961561004981078,0.019527729793029688,5.966793552097223,0.016993372601611028,0.5743488073348999,0.17434413731098175,0.12434414029121399,0.6948490142822266,0.7061998844146729,1,ROW_FOLLOW,,1.0,63.0,66.0,-0.008527356199920177,0.006149455904960632,0.0,0.29345473647117615,0.0,-0.2811558246612549,0.0,0.2936507761478424,0.5809522867202759,0.957247793674469,0.9940915703773499,1.0,0.2380952388048172,0.6948490142822266,0.30000001192092896,0.20000000298023224,0.20000000298023224,0.15000000596046448,0.15000000596046448,1.0,1.0,1.0,1.0
complex_qaware_v018_r4,closed_loop,complex,full,1,0.18,True,37.245394468,1785050760.6629467,3.9739039692588576,0.015926043739416206,0.009607313036497533,0.11486582572781623,0.04662132327631374,4.72112706256673,0.12411742512895978,0.006369316278939977,21.0,3.956561876522271,0.019929551797767044,4.961561004981078,0.019527729793029688,5.966793552097223,0.016993372601611028,0.5743488073348999,0.17434413731098175,0.12434414029121399,0.6948490142822266,0.6948490142822266,1,ROW_FOLLOW,,1.0,63.0,66.0,-0.008527356199920177,0.006149455904960632,0.0,0.29345473647117615,0.0,-0.2811558246612549,0.0,0.2936507761478424,0.5809522867202759,0.957247793674469,0.9940915703773499,1.0,0.2380952388048172,0.6948490142822266,0.30000001192092896,0.20000000298023224,0.20000000298023224,0.15000000596046448,0.15000000596046448,1.0,1.0,1.0,1.0
complex_qaware_v018_r4,closed_loop,complex,full,1,0.18,True,37.297206298,1785050760.7147586,3.9795117916602227,0.016007721337651392,0.010824678196601935,0.11451059457136373,0.04060766742681601,4.72674910125564,0.1243970652946037,0.004505048507980411,20.0,3.9679744024008845,0.019565310713138315,4.972951929914548,0.02343236242269528,5.934596218533571,0.02733047060203847,0.5742012858390808,0.16966979205608368,0.11966979503631592,0.6861549615859985,0.6948490142822266,1,ROW_FOLLOW,,1.0,68.0,60.0,0.0006404491141438484,0.003796309232711792,0.0,0.29108476638793945,0.0,-0.28349214792251587,0.0,0.2857142984867096,0.5547617673873901,0.9570019245147705,0.9872524738311768,1.0,0.190476194024086,0.6861549615859985,0.30000001192092896,0.20000000298023224,0.20000000298023224,0.15000000596046448,0.15000000596046448,1.0,1.0,1.0,1.0
complex_qaware_v018_r4,closed_loop,complex,full,1,0.18,True,37.345448053,1785050760.7630002,3.9879546542268067,0.019506682732399142,0.013934686551807737,0.11864274890979562,0.058995256348348804,4.73682039508759,0.12138878852983691,-0.014127363704285429,20.0,3.9679744024008845,0.019565310713138315,4.972951929914548,0.02343236242269528,5.934596218533571,0.02733047060203847,0.5742012858390808,0.16966979205608368,0.11966979503631592,0.6861549615859985,0.6861549615859985,1,ROW_FOLLOW,,1.0,68.0,60.0,0.0006404491141438484,0.003796309232711792,0.0,0.29108476638793945,0.0,-0.28349214792251587,0.0,0.2857142984867096,0.5547617673873901,0.9570019245147705,0.9872524738311768,1.0,0.190476194024086,0.6861549615859985,0.30000001192092896,0.20000000298023224,0.20000000298023224,0.15000000596046448,0.15000000596046448,1.0,1.0,1.0,1.0
complex_qaware_v018_r4,closed_loop,complex,full,1,0.18,True,37.395240311,1785050760.8127925,3.9937688566376464,0.01962061593487057,0.015426531226013998,0.11818409728468152,0.03662841246682851,4.742652817072375,0.12099234486466122,-0.01677032147212333,21.0,3.9800056146349863,0.020572156133262343,4.979977305363428,0.02596677818053735,5.980254993557281,0.025675333536944595,0.5744088888168335,0.17163701355457306,0.1216370165348053,0.6768296957015991,0.6861549615859985,1,ROW_FOLLOW,,1.0,61.0,65.0,-0.009327718056738377,0.0025391727685928345,0.0,0.28943344950675964,0.0,-0.284355103969574,0.0,0.2380952388048172,0.5809522867202759,0.9573480486869812,0.9849402904510498,1.0,0.2380952388048172,0.6768296957015991,0.30000001192092896,0.20000000298023224,0.20000000298023224,0.15000000596046448,0.15000000596046448,1.0,1.0,1.0,1.0
complex_qaware_v018_r4,closed_loop,complex,full,1,0.18,True,37.445213182,1785050760.8627653,4.001361291820645,0.02212095127175143,0.018796084234367516,0.12386987450821253,0.053922594072740825,4.752834821914583,0.11770698780366166,-0.02748238281750784,21.0,3.9800056146349863,0.020572156133262343,4.979977305363428,0.02596677818053735,5.980254993557281,0.025675333536944595,0.5744088888168335,0.17163701355457306,0.1216370165348053,0.6768296957015991,0.6768296957015991,1,ROW_FOLLOW,,1.0,61.0,65.0,-0.009327718056738377,0.0025391727685928345,0.0,0.28943344950675964,0.0,-0.284355103969574,0.0,0.2380952388048172,0.5809522867202759,0.9573480486869812,0.9849402904510498,1.0,0.2380952388048172,0.6768296957015991,0.30000001192092896,0.20000000298023224,0.20000000298023224,0.15000000596046448,0.15000000596046448,1.0,1.0,1.0,1.0
complex_qaware_v018_r4,closed_loop,complex,full,1,0.18,True,37.497456063,1785050760.9150083,4.007099030400035,0.022254344577558267,0.01996593331338881,0.12187250931687085,0.03829434874504288,4.758587505147147,0.11735492510772226,-0.029829467457103857,21.0,3.993437378994536,0.021807964054047044,4.993401045635513,0.030020521061988287,6.000378549560899,0.035982849994254384,0.5728458762168884,0.168083056807518,0.11808305978775024,0.6897498369216919,0.6768296957015991,1,ROW_FOLLOW,,1.0,63.0,65.0,-0.012891856022179127,0.0012060552835464478,0.0,0.2875273823738098,0.0,-0.2851152718067169,0.0,0.2857142984867096,0.5809522867202759,0.9544972777366638,0.9796376824378967,1.0,0.2380952388048172,0.6897498369216919,0.30000001192092896,0.20000000298023224,0.20000000298023224,0.15000000596046448,0.15000000596046448,1.0,1.0,1.0,1.0
complex_qaware_v018_r4,closed_loop,complex,full,1,0.18,True,37.545614103,1785050760.9631665,4.013703760893071,0.02345730292978968,0.021958419115984725,0.12112864558096671,0.03350695810735377,4.765664344178963,0.11991692332654243,-0.028253648795747436,21.0,3.993437378994536,0.021807964054047044,4.993401045635513,0.030020521061988287,6.000378549560899,0.035982849994254384,0.5728458762168884,0.168083056807518,0.11808305978775024,0.6897498369216919,0.6897498369216919,1,ROW_FOLLOW,,1.0,63.0,65.0,-0.012891856022179127,0.0012060552835464478,0.0,0.2875273823738098,0.0,-0.2851152718067169,0.0,0.2857142984867096,0.5809522867202759,0.9544972777366638,0.9796376824378967,1.0,0.2380952388048172,0.6897498369216919,0.30000001192092896,0.20000000298023224,0.20000000298023224,0.15000000596046448,0.15000000596046448,1.0,1.0,1.0,1.0
complex_qaware_v018_r4,closed_loop,complex,full,1,0.18,True,37.595560189,1785050761.0131123,4.019421823798618,0.023607648241732882,0.023295407539862364,0.120147099537799,0.033432288733671024,4.771399526867193,0.1195266707483211,-0.03085533265055626,21.0,4.006755332186206,0.02306297103918963,5.006730743636128,0.03005571792386585,6.006706169221289,0.03704846559204047,0.5714604258537292,0.16920621693134308,0.11920621991157532,0.6895945072174072,0.6897498369216919,1,ROW_FOLLOW,,1.0,59.0,66.0,-0.015489881858229637,-3.884732723236084e-05,0.0,0.28625476360321045,0.0,-0.28633245825767517,0.0,0.3015872836112976,0.5547617673873901,0.9524341821670532,0.9845274090766907,1.0,0.190476194024086,0.6895945072174072,0.30000001192092896,0.20000000298023224,0.20000000298023224,0.15000000596046448,0.15000000596046448,1.0,1.0,1.0,1.0
complex_qaware_v018_r4,closed_loop,complex,full,1,0.18,True,37.645456675,1785050761.063009,4.025204991420326,0.02380898227981986,0.02609852477935526,0.11923139624895522,0.04391892289352187,4.77722954818594,0.11937828256136848,-0.03165819158509879,21.0,4.006755332186206,0.02306297103918963,5.006730743636128,0.03005571792386585,6.006706169221289,0.03704846559204047,0.5714604258537292,0.16920621693134308,0.11920621991157532,0.6895945072174072,0.6895945072174072,1,ROW_FOLLOW,,1.0,59.0,66.0,-0.015489881858229637,-3.884732723236084e-05,0.0,0.28625476360321045,0.0,-0.28633245825767517,0.0,0.3015872836112976,0.5547617673873901,0.9524341821670532,0.9845274090766907,1.0,0.190476194024086,0.6895945072174072,0.30000001192092896,0.20000000298023224,0.20000000298023224,0.15000000596046448,0.15000000596046448,1.0,1.0,1.0,1.0
complex_qaware_v018_r4,closed_loop,complex,full,1,0.18,True,37.695220581,1785050761.112773,4.02623873825917,0.022014673067199144,0.02775776828628374,0.10983026080831822,0.041589131675315104,4.780127854694555,0.12044741772045535,-0.024530623857853033,20.0,4.0175893195202645,0.022352499984505298,5.017559308194016,0.030096994503175118,5.950864554243988,0.037345507957033765,0.5707190632820129,0.16784293949604034,0.11784294247627258,0.7036118507385254,0.6895945072174072,1,ROW_FOLLOW,,1.0,65.0,63.0,-0.01940365508198738,-0.0019864141941070557,0.0,0.2841203212738037,0.0,-0.2880931496620178,0.0,0.3333333432674408,0.5809522867202759,0.9511988759040833,0.9812108278274536,1.0,0.2380952388048172,0.7036118507385254,0.30000001192092896,0.20000000298023224,0.20000000298023224,0.15000000596046448,0.15000000596046448,1.0,1.0,1.0,1.0
complex_qaware_v018_r4,closed_loop,complex,full,1,0.18,True,37.745146315,1785050761.1626985,4.032158667636112,0.022217620942256655,0.03008300128768094,0.11096806488993831,0.04182720031606651,4.786073297366689,0.12184893833680503,-0.03200796530753024,20.0,4.0175893195202645,0.022352499984505298,5.017559308194016,0.030096994503175118,5.950864554243988,0.037345507957033765,0.5707190632820129,0.16784293949604034,0.11784294247627258,0.7036118507385254,0.7036118507385254,1,ROW_FOLLOW,,1.0,65.0,63.0,-0.01940365508198738,-0.0019864141941070557,0.0,0.2841203212738037,0.0,-0.2880931496620178,0.0,0.3333333432674408,0.5809522867202759,0.9511988759040833,0.9812108278274536,1.0,0.2380952388048172,0.7036118507385254,0.30000001192092896,0.20000000298023224,0.20000000298023224,0.15000000596046448,0.15000000596046448,1.0,1.0,1.0,1.0
complex_qaware_v018_r4,closed_loop,complex,full,1,0.18,True,37.795339672,1785050761.2128918,4.037633192372686,0.022430064968149276,0.031751230692904656,0.11148442892885717,0.03729995455338307,4.79158033215625,0.12045764275580041,-0.04128326918089446,21.0,4.027777726030414,0.021152479933412044,5.027743244924259,0.029460782240634264,6.028470284695159,0.038285446201432816,0.5719135999679565,0.16820065677165985,0.11820065975189209,0.7047957181930542,0.7036118507385254,1,ROW_FOLLOW,,1.0,66.0,61.0,-0.022985678166151047,-0.002569854259490967,0.0,0.28372061252593994,0.0,-0.2888603210449219,0.0,0.3333333432674408,0.5809522867202759,0.9531893134117126,0.9864494800567627,1.0,0.2380952388048172,0.7047957181930542,0.30000001192092896,0.20000000298023224,0.20000000298023224,0.15000000596046448,0.15000000596046448,1.0,1.0,1.0,1.0
complex_qaware_v018_r4,closed_loop,complex,full,1,0.18,True,37.845415074,1785050761.2629673,4.041064940247286,0.019861036375152533,0.032723028234311155,0.1041014633025945,0.02203922595391273,4.796018324254608,0.12249508237487086,-0.029120979332525887,21.0,4.027777726030414,0.021152479933412044,5.027743244924259,0.029460782240634264,6.028470284695159,0.038285446201432816,0.5719135999679565,0.16820065677165985,0.11820065975189209,0.7047957181930542,0.7047957181930542,1,ROW_FOLLOW,,1.0,66.0,61.0,-0.022985678166151047,-0.002569854259490967,0.0,0.28372061252593994,0.0,-0.2888603210449219,0.0,0.3333333432674408,0.5809522867202759,0.9531893134117126,0.9864494800567627,1.0,0.2380952388048172,0.7047957181930542,0.30000001192092896,0.20000000298023224,0.20000000298023224,0.15000000596046448,0.15000000596046448,1.0,1.0,1.0,1.0
complex_qaware_v018_r4,closed_loop,complex,full,1,0.18,True,37.897537281,1785050761.3150895,4.0468610591554235,0.02007323903200826,0.034159224204906934,0.10664647698574076,0.05011787987723505,4.801834901383257,0.12208237991205295,-0.03187232908464529,21.0,4.036928609637673,0.01886487651918189,5.036901523058909,0.025929402898807106,6.042218773982612,0.031122713290188876,0.5698162913322449,0.16961677372455597,0.11961677670478821,0.7041349411010742,0.7047957181930542,1,ROW_FOLLOW,,1.0,61.0,66.0,-0.030085092410445213,-0.0033672749996185303,0.0,0.28238558769226074,0.0,-0.2891201376914978,0.0,0.3333333432674408,0.5809522867202759,0.9496938586235046,0.9867047071456909,1.0,0.2380952388048172,0.7041349411010742,0.30000001192092896,0.20000000298023224,0.20000000298023224,0.15000000596046448,0.15000000596046448,1.0,1.0,1.0,1.0
complex_qaware_v018_r4,closed_loop,complex,full,1,0.18,True,37.945363665,1785050761.3629158,4.050158433790614,0.019098158843951833,0.036320765538075506,0.10137945366148152,0.03042529205656758,4.810528150323091,0.12007484314490219,-0.04446297502194116,21.0,4.036928609637673,0.01886487651918189,5.036901523058909,0.025929402898807106,6.042218773982612,0.031122713290188876,0.5698162913322449,0.16961677372455597,0.11961677670478821,0.7041349411010742,0.7041349411010742,1,ROW_FOLLOW,,1.0,61.0,66.0,-0.030085092410445213,-0.0033672749996185303,0.0,0.28238558769226074,0.0,-0.2891201376914978,0.0,0.3333333432674408,0.5809522867202759,0.9496938586235046,0.9867047071456909,1.0,0.2380952388048172,0.7041349411010742,0.30000001192092896,0.20000000298023224,0.20000000298023224,0.15000000596046448,0.15000000596046448,1.0,1.0,1.0,1.0
complex_qaware_v018_r4,closed_loop,complex,full,1,0.18,True,37.995316088,1785050761.4128683,4.055866195948847,0.0193248351279872,0.03709675062733941,0.10421286915947833,0.027055743002951115,4.816249373868925,0.11977640553540583,-0.046452559085250096,21.0,4.046806993711256,0.01717305287884489,5.046786386492046,0.023304753149372675,6.046765773657023,0.029436453826423407,0.569837749004364,0.17173002660274506,0.1217300295829773,0.6949673891067505,0.7041349411010742,1,ROW_FOLLOW,,1.0,65.0,74.0,-0.03154118359088898,-0.004372045397758484,0.0,0.28109872341156006,0.0,-0.289842814207077,0.0,0.30158731341362,0.5809522867202759,0.9497293829917908,0.9890322089195251,1.0,0.2380952388048172,0.6949673891067505,0.30000001192092896,0.20000000298023224,0.20000000298023224,0.15000000596046448,0.15000000596046448,1.0,1.0,1.0,1.0
complex_qaware_v018_r4,closed_loop,complex,full,1,0.18,True,38.045618312,1785050761.4631705,4.061850744055661,0.019547773083392676,0.03874935492845254,0.10355166469698705,0.021240364680933998,4.8222537335308955,0.11598514651761115,-0.0607265568106929,21.0,4.046806993711256,0.01717305287884489,5.046786386492046,0.023304753149372675,6.046765773657023,0.029436453826423407,0.569837749004364,0.17173002660274506,0.1217300295829773,0.6949673891067505,0.6949673891067505,1,ROW_FOLLOW,,1.0,65.0,74.0,-0.03154118359088898,-0.004372045397758484,0.0,0.28109872341156006,0.0,-0.289842814207077,0.0,0.30158731341362,0.5809522867202759,0.9497293829917908,0.9890322089195251,1.0,0.2380952388048172,0.6949673891067505,0.30000001192092896,0.20000000298023224,0.20000000298023224,0.15000000596046448,0.15000000596046448,1.0,1.0,1.0,1.0
complex_qaware_v018_r4,closed_loop,complex,full,1,0.18,True,38.095351658,1785050761.512904,4.0667478494734075,0.020296904895959145,0.03954040761505384,0.10652789802064493,0.020368671231458007,4.827393003335146,0.11258052584280082,-0.07800753932863418,21.0,4.056314911880839,0.01556332540507928,5.0563066602986,0.019328760027760822,6.056298380577561,0.02309419414366307,0.5704681873321533,0.17279906570911407,0.12279906868934631,0.6904536485671997,0.6904536485671997,1,ROW_FOLLOW,,1.0,60.0,73.0,-0.0378737635910511,-0.0047036707401275635,0.0,0.2807093858718872,0.0,-0.29011672735214233,0.0,0.2857142984867096,0.5809522867202759,0.9507799744606018,0.9892860651016235,1.0,0.2380952388048172,0.6904536485671997,0.30000001192092896,0.20000000298023224,0.20000000298023224,0.15000000596046448,0.15000000596046448,1.0,1.0,1.0,1.0
complex_qaware_v018_r4,closed_loop,complex,full,1,0.18,True,38.145290288,1785050761.5628426,4.068971531169859,0.020336043805513022,0.04040776236651664,0.10518559686860003,0.008976990730136776,4.82962054475337,0.11235054818757605,-0.07954072369679935,21.0,4.056314911880839,0.01556332540507928,5.0563066602986,0.019328760027760822,6.056298380577561,0.02309419414366307,0.5704681873321533,0.17279906570911407,0.12279906868934631,0.6904536485671997,0.6904536485671997,1,ROW_FOLLOW,,1.0,60.0,73.0,-0.0378737635910511,-0.0047036707401275635,0.0,0.2807093858718872,0.0,-0.29011672735214233,0.0,0.2857142984867096,0.5809522867202759,0.9507799744606018,0.9892860651016235,1.0,0.2380952388048172,0.6904536485671997,0.30000001192092896,0.20000000298023224,0.20000000298023224,0.15000000596046448,0.15000000596046448,1.0,1.0,1.0,1.0
complex_qaware_v018_r4,closed_loop,complex,full,1,0.18,True,38.195480254,1785050761.6130323,4.075026816135547,0.02059673239348946,0.04125584135771243,0.10892100212394566,0.022844321597530512,4.8356917209065315,0.11194149817814243,-0.08226772375969003,21.0,4.065697081554114,0.015385829819995075,5.065691332282049,0.017376540895814602,6.065685554167753,0.01936725126703344,0.5666991472244263,0.14066119492053986,0.0906611979007721,0.6844608783721924,0.6904536485671997,1,ROW_FOLLOW,,1.0,64.0,74.0,-0.042505893856287,-0.004423230886459351,0.0,0.28048598766326904,0.0,-0.28933244943618774,0.0,0.2936508059501648,0.5547617673873901,0.944498598575592,0.9767568707466125,1.0,0.190476194024086,0.6844608783721924,0.30000001192092896,0.20000000298023224,0.20000000298023224,0.15000000596046448,0.15000000596046448,1.0,1.0,1.0,1.0
complex_qaware_v018_r4,closed_loop,complex,full,1,0.18,True,38.245312129,1785050761.6628644,4.0839830404173485,0.02152115078997124,0.04237153028940632,0.11552011764304335,0.017628850651451672,4.844733620807133,0.0644137282641407,-0.09260861991770247,21.0,4.065697081554114,0.015385829819995075,5.065691332282049,0.017376540895814602,6.065685554167753,0.01936725126703344,0.5666991472244263,0.14066119492053986,0.0906611979007721,0.6844608783721924,0.6000000238418579,1,ROW_FOLLOW,,1.0,64.0,74.0,-0.042505893856287,-0.004423230886459351,0.0,0.28048598766326904,0.0,-0.28933244943618774,0.0,0.2936508059501648,0.5547617673873901,0.944498598575592,0.9767568707466125,1.0,0.190476194024086,0.6844608783721924,0.30000001192092896,0.20000000298023224,0.20000000298023224,0.15000000596046448,0.15000000596046448,1.0,1.0,1.0,1.0
complex_qaware_v018_r4,closed_loop,complex,full,1,0.18,True,38.296071389,1785050761.7136235,4.090236101790447,0.021797555349305275,0.04302446809040594,0.11730991428149205,0.02701228994642604,4.851000719884209,0.06413381781780716,-0.09533495490804039,20.0,4.077148245409627,0.015987366476649778,5.082147238148331,0.016654854170436235,6.010479707155305,0.01729283080488385,0.5682417750358582,0.16070957481861115,0.11070957779884338,0.6834259033203125,0.6000000238418579,1,ROW_FOLLOW,,1.0,55.0,79.0,-0.04146203771233559,-0.005040094256401062,0.0,0.27976447343826294,0.0,-0.28984466195106506,0.0,0.2857142984867096,0.5547617673873901,0.9470697045326233,0.9823015332221985,1.0,0.190476194024086,0.6834259033203125,0.30000001192092896,0.20000000298023224,0.20000000298023224,0.15000000596046448,0.15000000596046448,1.0,1.0,1.0,1.0
complex_qaware_v018_r4,closed_loop,complex,full,1,0.18,True,38.345335346,1785050761.7628877,4.100898015219089,0.023465970055235204,0.04407073391627449,0.1279771968003553,0.010284418657574717,4.862002659712931,0.10730181796148117,-0.10476563090783383,20.0,4.077148245409627,0.015987366476649778,5.082147238148331,0.016654854170436235,6.010479707155305,0.01729283080488385,0.5682417750358582,0.16070957481861115,0.11070957779884338,0.6834259033203125,0.6834259033203125,1,ROW_FOLLOW,,1.0,55.0,79.0,-0.04146203771233559,-0.005040094256401062,0.0,0.27976447343826294,0.0,-0.28984466195106506,0.0,0.2857142984867096,0.5547617673873901,0.9470697045326233,0.9823015332221985,1.0,0.190476194024086,0.6834259033203125,0.30000001192092896,0.20000000298023224,0.20000000298023224,0.15000000596046448,0.15000000596046448,1.0,1.0,1.0,1.0
complex_qaware_v018_r4,closed_loop,complex,full,1,0.18,True,38.395765158,1785050761.8133173,4.1065536802622224,0.023725175431543195,0.0447095208714301,0.12539179543486717,0.019459170331819355,4.867671735769902,0.10688615856890779,-0.10753669352498975,19.0,4.090603964524984,0.017116044999379607,4.990603210197805,0.0168112983426591,5.990602427793263,0.01647008353556885,0.5684279203414917,0.16386987268924713,0.11386987566947937,0.6865570545196533,0.6834259033203125,1,ROW_FOLLOW,,1.0,65.0,79.0,-0.04603772982954979,-0.005308017134666443,0.0,0.2793120741844177,0.0,-0.2899281084537506,0.0,0.2936508059501648,0.5547617673873901,0.9473797082901001,0.9868904948234558,1.0,0.190476194024086,0.6865570545196533,0.30000001192092896,0.20000000298023224,0.20000000298023224,0.15000000596046448,0.15000000596046448,1.0,1.0,1.0,1.0
complex_qaware_v018_r4,closed_loop,complex,full,1,0.18,True,38.445338403,1785050761.8628907,4.115845797768348,0.025567851274466143,0.045080588380410624,0.13247732647991858,0.008618771190880385,4.877295455932868,0.1065898596648363,-0.11326940099134193,19.0,4.090603964524984,0.017116044999379607,4.990603210197805,0.0168112983426591,5.990602427793263,0.01647008353556885,0.5684279203414917,0.16386987268924713,0.11386987566947937,0.6865570545196533,0.6865570545196533,1,ROW_FOLLOW,,1.0,65.0,79.0,-0.04603772982954979,-0.005308017134666443,0.0,0.2793120741844177,0.0,-0.2899281084537506,0.0,0.2936508059501648,0.5547617673873901,0.9473797082901001,0.9868904948234558,1.0,0.190476194024086,0.6865570545196533,0.30000001192092896,0.20000000298023224,0.20000000298023224,0.15000000596046448,0.15000000596046448,1.0,1.0,1.0,1.0
complex_qaware_v018_r4,closed_loop,complex,full,1,0.18,True,38.49545899,1785050761.9130113,4.121288900111814,0.025821497453347,0.04554103556674694,0.12835914447470084,0.0096127573436653,4.882749530800888,0.10620308103568142,-0.11584792518570779,21.0,4.106020419812644,0.018592307709822422,5.111017809683427,0.0175128013515852,6.121258634125061,0.013609922227461591,0.5659264922142029,0.1650470346212387,0.11504703760147095,0.6975365877151489,0.6865570545196533,1,ROW_FOLLOW,,1.0,56.0,84.0,-0.04903722554445267,-0.0052192360162734985,0.0,0.27871644496917725,0.0,-0.28915491700172424,0.0,0.3333333432674408,0.5547617673873901,0.9432111382484436,0.9862796068191528,1.0,0.190476194024086,0.6975365877151489,0.30000001192092896,0.20000000298023224,0.20000000298023224,0.15000000596046448,0.15000000596046448,1.0,1.0,1.0,1.0
complex_qaware_v018_r4,closed_loop,complex,full,1,0.18,True,38.546174793,1785050761.963727,4.129863291534132,0.027351387722030943,0.0463729067473566,0.13095122304978407,0.004975842872800301,4.892251258213889,0.10785142107026578,-0.11803443145640681,21.0,4.106020419812644,0.018592307709822422,5.111017809683427,0.0175128013515852,6.121258634125061,0.013609922227461591,0.5659264922142029,0.1650470346212387,0.11504703760147095,0.6975365877151489,0.6975365877151489,1,ROW_FOLLOW,,1.0,56.0,84.0,-0.04903722554445267,-0.0052192360162734985,0.0,0.27871644496917725,0.0,-0.28915491700172424,0.0,0.3333333432674408,0.5547617673873901,0.9432111382484436,0.9862796068191528,1.0,0.190476194024086,0.6975365877151489,0.30000001192092896,0.20000000298023224,0.20000000298023224,0.15000000596046448,0.15000000596046448,1.0,1.0,1.0,1.0
complex_qaware_v018_r4,closed_loop,complex,full,1,0.18,True,38.597481235,1785050762.0150335,4.135334445752099,0.027613804662689236,0.046511276477157366,0.12906990723596384,-0.0032071991482409993,4.897731722373113,0.1075376445535125,-0.12012627490142866,20.0,4.12105031919062,0.02010745011681518,5.1260481204487105,0.018457985780739965,6.078296602075394,0.01750904739400557,0.5664994716644287,0.1671363264322281,0.11713632941246033,0.7030106782913208,0.6975365877151489,1,ROW_FOLLOW,,1.0,60.0,77.0,-0.04663345217704773,-0.006310909986495972,0.0,0.2776460647583008,0.0,-0.2902678847312927,0.0,0.3333333432674408,0.5809522867202759,0.9441658854484558,0.9865798950195312,1.0,0.2380952388048172,0.7030106782913208,0.30000001192092896,0.20000000298023224,0.20000000298023224,0.15000000596046448,0.15000000596046448,1.0,1.0,1.0,1.0
complex_qaware_v018_r4,closed_loop,complex,full,1,0.18,True,38.6451648,1785050762.062717,4.139814435546697,0.026431021322718105,0.046750452609974694,0.12562878200042613,-0.00010216915040935105,4.90535223846515,0.10946059326211054,-0.1138755255355148,20.0,4.12105031919062,0.02010745011681518,5.1260481204487105,0.018457985780739965,6.078296602075394,0.01750904739400557,0.5664994716644287,0.1671363264322281,0.11713632941246033,0.7030106782913208,0.7030106782913208,1,ROW_FOLLOW,,1.0,60.0,77.0,-0.04663345217704773,-0.006310909986495972,0.0,0.2776460647583008,0.0,-0.2902678847312927,0.0,0.3333333432674408,0.5809522867202759,0.9441658854484558,0.9865798950195312,1.0,0.2380952388048172,0.7030106782913208,0.30000001192092896,0.20000000298023224,0.20000000298023224,0.15000000596046448,0.15000000596046448,1.0,1.0,1.0,1.0
complex_qaware_v018_r4,closed_loop,complex,full,1,0.18,True,38.695273004,1785050762.1128254,4.14545710459788,0.02669595193340306,0.04691704512743923,0.12356980712312805,0.009159433925984055,4.911002836727105,0.11033943417234832,-0.10801658613392952,21.0,4.134026335037054,0.020434796583187715,5.139023458008215,0.02003084631562743,6.133363920776414,0.018912901169795514,0.567071259021759,0.16785098612308502,0.11785098910331726,0.7031441926956177,0.7030106782913208,1,ROW_FOLLOW,,1.0,56.0,81.0,-0.04450870677828789,-0.007296770811080933,0.0,0.2769497036933899,0.0,-0.29154324531555176,0.0,0.3333333432674408,0.5809522867202759,0.94511878490448,0.9861998558044434,1.0,0.2380952388048172,0.7031441926956177,0.30000001192092896,0.20000000298023224,0.20000000298023224,0.15000000596046448,0.15000000596046448,1.0,1.0,1.0,1.0
complex_qaware_v018_r4,closed_loop,complex,full,1,0.18,True,38.745293973,1785050762.1628463,4.151056396307144,0.026958798697492403,0.04691302166173018,0.1211010172806486,-0.006047324591569616,4.916609092500032,0.11077699851143538,-0.10525970782517192,21.0,4.134026335037054,0.020434796583187715,5.139023458008215,0.02003084631562743,6.133363920776414,0.018912901169795514,0.567071259021759,0.16785098612308502,0.11785098910331726,0.7031441926956177,0.7031441926956177,1,ROW_FOLLOW,,1.0,56.0,81.0,-0.04450870677828789,-0.007296770811080933,0.0,0.2769497036933899,0.0,-0.29154324531555176,0.0,0.3333333432674408,0.5809522867202759,0.94511878490448,0.9861998558044434,1.0,0.2380952388048172,0.7031441926956177,0.30000001192092896,0.20000000298023224,0.20000000298023224,0.15000000596046448,0.15000000596046448,1.0,1.0,1.0,1.0
complex_qaware_v018_r4,closed_loop,complex,full,1,0.18,True,38.795146778,1785050762.2126992,4.156670051528867,0.027211700029092362,0.04621644481695952,0.11898551530171018,-0.02233799395959857,4.922240188760176,0.11068429031877866,-0.10587776244288347,20.0,4.145812464185101,0.020237011570465088,5.155806159101407,0.019072072228655732,6.11246680786645,0.017885013072807713,0.5672343373298645,0.16869793832302094,0.11869794130325317,0.704124927520752,0.7031441926956177,1,ROW_FOLLOW,,1.0,61.0,84.0,-0.051910221576690674,-0.0072028785943984985,0.0,0.27707618474960327,0.0,-0.29148194193840027,0.0,0.3333333432674408,0.5809522867202759,0.9453907012939453,0.9923753142356873,1.0,0.2380952388048172,0.704124927520752,0.30000001192092896,0.20000000298023224,0.20000000298023224,0.15000000596046448,0.15000000596046448,1.0,1.0,1.0,1.0
complex_qaware_v018_r4,closed_loop,complex,full,1,0.18,True,38.845276231,1785050762.2628286,4.161348779035979,0.027268234867806707,0.04706138411694652,0.1076118159694895,0.0012941736602013188,4.926929645302065,0.11035572294902382,-0.10924509336474363,20.0,4.145812464185101,0.020237011570465088,5.155806159101407,0.019072072228655732,6.11246680786645,0.017885013072807713,0.5672343373298645,0.16869793832302094,0.11869794130325317,0.704124927520752,0.704124927520752,1,ROW_FOLLOW,,1.0,61.0,84.0,-0.051910221576690674,-0.0072028785943984985,0.0,0.27707618474960327,0.0,-0.29148194193840027,0.0,0.3333333432674408,0.5809522867202759,0.9453907012939453,0.9923753142356873,1.0,0.2380952388048172,0.704124927520752,0.30000001192092896,0.20000000298023224,0.20000000298023224,0.15000000596046448,0.15000000596046448,1.0,1.0,1.0,1.0
complex_qaware_v018_r4,closed_loop,complex,full,1,0.18,True,38.895309296,1785050762.3128614,4.167020929453745,0.02753638421467916,0.04695012151780674,0.10903701299149234,0.010260164061878137,4.932609399137356,0.11011199650100738,-0.11086993635151983,21.0,4.156370089498331,0.019607533151783905,5.161363267871522,0.01789380662861112,6.1562364363116515,0.020044800846415738,0.567510187625885,0.16924570500850677,0.11924570798873901,0.6968898773193359,0.704124927520752,1,ROW_FOLLOW,,1.0,70.0,85.0,-0.04872048646211624,-0.00812193751335144,0.0,0.276313841342926,0.0,-0.2925577163696289,0.0,0.3095238208770752,0.5809522867202759,0.9458504915237427,0.9911478757858276,1.0,0.2380952388048172,0.6968898773193359,0.30000001192092896,0.20000000298023224,0.20000000298023224,0.15000000596046448,0.15000000596046448,1.0,1.0,1.0,1.0
complex_qaware_v018_r4,closed_loop,complex,full,1,0.18,True,38.945454493,1785050762.3630068,4.172225681196319,0.027885221672531622,0.04644384739345099,0.1054294367515088,-0.0020263884851866466,4.938751861898886,0.10807230846735189,-0.11578579633419055,21.0,4.156370089498331,0.019607533151783905,5.161363267871522,0.01789380662861112,6.1562364363116515,0.020044800846415738,0.567510187625885,0.16924570500850677,0.11924570798873901,0.6968898773193359,0.6968898773193359,1,ROW_FOLLOW,,1.0,70.0,85.0,-0.04872048646211624,-0.00812193751335144,0.0,0.276313841342926,0.0,-0.2925577163696289,0.0,0.3095238208770752,0.5809522867202759,0.9458504915237427,0.9911478757858276,1.0,0.2380952388048172,0.6968898773193359,0.30000001192092896,0.20000000298023224,0.20000000298023224,0.15000000596046448,0.15000000596046448,1.0,1.0,1.0,1.0
complex_qaware_v018_r4,closed_loop,complex,full,1,0.18,True,38.995507079,1785050762.4130592,4.177772654801927,0.02814165823608356,0.046395691274320874,0.10656700097192062,-0.005715242173970624,4.944309065458994,0.10780646385985326,-0.11755809371751465,19.0,4.167124459449734,0.01948538730849535,5.0671170409485295,0.016097813234600102,6.067108687756304,0.01226526169631755,0.5679621696472168,0.16947855055332184,0.11947855353355408,0.6897854804992676,0.6968898773193359,1,ROW_FOLLOW,,1.0,58.0,78.0,-0.05022349953651428,-0.009108960628509521,0.0,0.2753874361515045,0.0,-0.29360535740852356,0.0,0.2857142984867096,0.5809522867202759,0.9466034770011902,0.9904000163078308,1.0,0.2380952388048172,0.6897854804992676,0.30000001192092896,0.20000000298023224,0.20000000298023224,0.15000000596046448,0.15000000596046448,1.0,1.0,1.0,1.0
complex_qaware_v018_r4,closed_loop,complex,full,1,0.18,True,39.045264746,1785050762.462817,4.182942231476356,0.02928214612254576,0.045997954245753814,0.10901322977939698,-0.0008630604942526244,4.949638382404962,0.10519975203645358,-0.1264108963560971,19.0,4.167124459449734,0.01948538730849535,5.0671170409485295,0.016097813234600102,6.067108687756304,0.01226526169631755,0.5679621696472168,0.16947855055332184,0.11947855353355408,0.6897854804992676,0.6897854804992676,1,ROW_FOLLOW,,1.0,58.0,78.0,-0.05022349953651428,-0.009108960628509521,0.0,0.2753874361515045,0.0,-0.29360535740852356,0.0,0.2857142984867096,0.5809522867202759,0.9466034770011902,0.9904000163078308,1.0,0.2380952388048172,0.6897854804992676,0.30000001192092896,0.20000000298023224,0.20000000298023224,0.15000000596046448,0.15000000596046448,1.0,1.0,1.0,1.0
complex_qaware_v018_r4,closed_loop,complex,full,1,0.18,True,39.095918084,1785050762.5134704,4.188405875393343,0.02952928067756541,0.0460302294454271,0.10934417643672004,-0.015566330551785997,4.955107969144596,0.10489768589025406,-0.128424670664094,19.0,4.177733898534071,0.01895174354933722,5.077728120071172,0.018661023090423046,6.111054564578322,0.018423724822857604,0.5691578984260559,0.16823960840702057,0.11823961138725281,0.6847090721130371,0.6897854804992676,1,ROW_FOLLOW,,1.0,61.0,85.0,-0.04140111804008484,-0.011121392250061035,0.0,0.2739046812057495,0.0,-0.2961474657058716,0.0,0.2857142984867096,0.5547617673873901,0.9485962986946106,0.9888212084770203,1.0,0.190476194024086,0.6847090721130371,0.30000001192092896,0.20000000298023224,0.20000000298023224,0.15000000596046448,0.15000000596046448,1.0,1.0,1.0,1.0
complex_qaware_v018_r4,closed_loop,complex,full,1,0.18,True,39.145349854,1785050762.562902,4.196763096866565,0.030619483477075268,0.04514718725421353,0.11315848789536348,-0.009077553543775305,4.963599561382002,0.10375080377220382,-0.12997886138761905,19.0,4.177733898534071,0.01895174354933722,5.077728120071172,0.018661023090423046,6.111054564578322,0.018423724822857604,0.5691578984260559,0.16823960840702057,0.11823961138725281,0.6847090721130371,0.6847090721130371,1,ROW_FOLLOW,,1.0,61.0,85.0,-0.04140111804008484,-0.011121392250061035,0.0,0.2739046812057495,0.0,-0.2961474657058716,0.0,0.2857142984867096,0.5547617673873901,0.9485962986946106,0.9888212084770203,1.0,0.190476194024086,0.6847090721130371,0.30000001192092896,0.20000000298023224,0.20000000298023224,0.15000000596046448,0.15000000596046448,1.0,1.0,1.0,1.0
complex_qaware_v018_r4,closed_loop,complex,full,1,0.18,True,39.19641229,1785050762.6139646,4.202091792416748,0.03085927139317574,0.04518498619272074,0.11209958260498798,-0.006962240051014223,4.968934702857379,0.10344004044510725,-0.13205061690159617,21.0,4.189413564001576,0.018939900201254616,5.189404963037679,0.01786427003160238,6.202029456880273,0.011322553894577318,0.5708879828453064,0.16777892410755157,0.11777892708778381,0.6734031438827515,0.6847090721130371,1,ROW_FOLLOW,,1.0,47.0,86.0,-0.04921318218111992,-0.011480435729026794,0.0,0.2741318941116333,0.0,-0.2970927655696869,0.0,0.2460317313671112,0.5547617673873901,0.951479971408844,0.9889686107635498,1.0,0.190476194024086,0.6734031438827515,0.30000001192092896,0.20000000298023224,0.20000000298023224,0.15000000596046448,0.15000000596046448,1.0,1.0,1.0,1.0
complex_qaware_v018_r4,closed_loop,complex,full,1,0.18,True,39.245319727,1785050762.662872,4.209457039813789,0.031369481855399846,0.04488201139228829,0.11576855897395548,0.0031183791213101127,4.976327553368222,0.10096402133898194,-0.13499029706608878,21.0,4.189413564001576,0.018939900201254616,5.189404963037679,0.01786427003160238,6.202029456880273,0.011322553894577318,0.5708879828453064,0.16777892410755157,0.11777892708778381,0.6734031438827515,0.6734031438827515,1,ROW_FOLLOW,,1.0,47.0,86.0,-0.04921318218111992,-0.011480435729026794,0.0,0.2741318941116333,0.0,-0.2970927655696869,0.0,0.2460317313671112,0.5547617673873901,0.951479971408844,0.9889686107635498,1.0,0.190476194024086,0.6734031438827515,0.30000001192092896,0.20000000298023224,0.20000000298023224,0.15000000596046448,0.15000000596046448,1.0,1.0,1.0,1.0
complex_qaware_v018_r4,closed_loop,complex,full,1,0.18,True,39.295301464,1785050762.7128537,4.21469750079729,0.03160357833658589,0.044886278531777186,0.11340118990409957,-0.019972584767196343,4.981577128924716,0.10065328935337134,-0.13706184363682616,21.0,4.201711801520983,0.019205886402370653,5.2017005659390225,0.017565804865957543,6.208315874293033,0.010055483333723672,0.5687076449394226,0.15767045319080353,0.10767045617103577,0.6815928220748901,0.6734031438827515,1,ROW_FOLLOW,,1.0,58.0,87.0,-0.05040746182203293,-0.011773034930229187,0.0,0.27401724457740784,0.0,-0.2975633144378662,0.0,0.277777761220932,0.5547617673873901,0.9478459358215332,0.9849198460578918,1.0,0.190476194024086,0.6815928220748901,0.30000001192092896,0.20000000298023224,0.20000000298023224,0.15000000596046448,0.15000000596046448,1.0,1.0,1.0,1.0
complex_qaware_v018_r4,closed_loop,complex,full,1,0.18,True,39.345314401,1785050762.7628667,4.219713888949936,0.0319379834529595,0.04403832897954538,0.11447973514693514,-0.007840664958437705,4.986615155627025,0.10229548396775129,-0.13594149337152622,21.0,4.201711801520983,0.019205886402370653,5.2017005659390225,0.017565804865957543,6.208315874293033,0.010055483333723672,0.5687076449394226,0.15767045319080353,0.10767045617103577,0.6815928220748901,0.6815928220748901,1,ROW_FOLLOW,,1.0,58.0,87.0,-0.05040746182203293,-0.011773034930229187,0.0,0.27401724457740784,0.0,-0.2975633144378662,0.0,0.277777761220932,0.5547617673873901,0.9478459358215332,0.9849198460578918,1.0,0.190476194024086,0.6815928220748901,0.30000001192092896,0.20000000298023224,0.20000000298023224,0.15000000596046448,0.15000000596046448,1.0,1.0,1.0,1.0
complex_qaware_v018_r4,closed_loop,complex,full,1,0.18,True,39.396401478,1785050762.8139539,4.2249288927408974,0.032160991175467536,0.04382162196397664,0.11258144067533353,-0.018686809556768384,4.991837218295353,0.10204082429289635,-0.13763922453722585,19.0,4.213862060881596,0.019573633582541505,5.113854739359085,0.016216555212584183,6.080514050146842,0.012750081662902044,0.5693878531455994,0.16605110466480255,0.11605110764503479,0.6983678340911865,0.6815928220748901,1,ROW_FOLLOW,,1.0,53.0,78.0,-0.04546254128217697,-0.012649759650230408,0.0,0.2734522521495819,0.0,-0.2987517714500427,0.0,0.3333333432674408,0.5547617673873901,0.9489796757698059,0.9841301441192627,1.0,0.190476194024086,0.6983678340911865,0.30000001192092896,0.20000000298023224,0.20000000298023224,0.15000000596046448,0.15000000596046448,1.0,1.0,1.0,1.0
complex_qaware_v018_r4,closed_loop,complex,full,1,0.18,True,39.44557881,1785050762.863131,4.230487961829116,0.03170005679196286,0.04293695378453855,0.1096572197325321,0.0008769871983349604,4.997811485356104,0.10557474917120291,-0.13420973976807096,19.0,4.213862060881596,0.019573633582541505,5.113854739359085,0.016216555212584183,6.080514050146842,0.012750081662902044,0.5693878531455994,0.16605110466480255,0.11605110764503479,0.6983678340911865,0.6983678340911865,1,ROW_FOLLOW,,1.0,53.0,78.0,-0.04546254128217697,-0.012649759650230408,0.0,0.2734522521495819,0.0,-0.2987517714500427,0.0,0.3333333432674408,0.5547617673873901,0.9489796757698059,0.9841301441192627,1.0,0.190476194024086,0.6983678340911865,0.30000001192092896,0.20000000298023224,0.20000000298023224,0.15000000596046448,0.15000000596046448,1.0,1.0,1.0,1.0
complex_qaware_v018_r4,closed_loop,complex,full,1,0.18,True,39.495917643,1785050762.91347,4.235429908989127,0.031901010505300406,0.04240407390942114,0.10693060317622598,-0.022402642615766664,5.002762921868197,0.1054163109419569,-0.13526599462971106,21.0,4.225021844015289,0.018697309382872902,5.225009887897348,0.018399697670189386,6.225044043323814,0.019038426504151842,0.5694501996040344,0.16722185909748077,0.11722186207771301,0.7030844688415527,0.6983678340911865,1,ROW_FOLLOW,,1.0,52.0,63.0,-0.03613479435443878,-0.015151351690292358,0.0,0.2708735466003418,0.0,-0.3011762499809265,0.0,0.3333333432674408,0.5809522867202759,0.9490836262702942,0.9805155396461487,1.0,0.2380952388048172,0.7030844688415527,0.30000001192092896,0.20000000298023224,0.20000000298023224,0.15000000596046448,0.15000000596046448,1.0,1.0,1.0,1.0
complex_qaware_v018_r4,closed_loop,complex,full,1,0.18,True,39.545436936,1785050762.9629893,4.2394343276122735,0.03245662764193693,0.041384560243975986,0.10114566729865614,-0.016943182726912767,5.008736194278048,0.10634683871691962,-0.1347224378303991,21.0,4.225021844015289,0.018697309382872902,5.225009887897348,0.018399697670189386,6.225044043323814,0.019038426504151842,0.5694501996040344,0.16722185909748077,0.11722186207771301,0.7030844688415527,0.7030844688415527,1,ROW_FOLLOW,,1.0,52.0,63.0,-0.03613479435443878,-0.015151351690292358,0.0,0.2708735466003418,0.0,-0.3011762499809265,0.0,0.3333333432674408,0.5809522867202759,0.9490836262702942,0.9805155396461487,1.0,0.2380952388048172,0.7030844688415527,0.30000001192092896,0.20000000298023224,0.20000000298023224,0.15000000596046448,0.15000000596046448,1.0,1.0,1.0,1.0
complex_qaware_v018_r4,closed_loop,complex,full,1,0.18,True,39.595414384,1785050763.0129666,4.244254708696853,0.03264864928447159,0.040859971015873686,0.09995073949871795,-0.014288362575416283,5.013565525097758,0.1061924135708749,-0.1357519388040306,21.0,4.235000407623782,0.016895994474129643,5.234944210677554,0.024172460782794142,6.239879185645622,0.03905868982509608,0.5691522359848022,0.16505904495716095,0.11505904793739319,0.7022498846054077,0.7030844688415527,1,ROW_FOLLOW,,1.0,65.0,56.0,-0.023658044636249542,-0.0182245671749115,0.0,0.2679447531700134,0.0,-0.3043938875198364,0.0,0.3333333432674408,0.5809522867202759,0.9485867619514465,0.975614070892334,1.0,0.2380952388048172,0.7022498846054077,0.30000001192092896,0.20000000298023224,0.20000000298023224,0.15000000596046448,0.15000000596046448,1.0,1.0,1.0,1.0
complex_qaware_v018_r4,closed_loop,complex,full,1,0.18,True,39.645402905,1785050763.0629554,4.24899166949574,0.032387444613929915,0.04064963243616937,0.09753257754171155,-0.01015037526222452,5.018320478533038,0.1067940928424565,-0.13073924257677932,21.0,4.235000407623782,0.016895994474129643,5.234944210677554,0.024172460782794142,6.239879185645622,0.03905868982509608,0.5691522359848022,0.16505904495716095,0.11505904793739319,0.7022498846054077,0.7022498846054077,1,ROW_FOLLOW,,1.0,65.0,56.0,-0.023658044636249542,-0.0182245671749115,0.0,0.2679447531700134,0.0,-0.3043938875198364,0.0,0.3333333432674408,0.5809522867202759,0.9485867619514465,0.975614070892334,1.0,0.2380952388048172,0.7022498846054077,0.30000001192092896,0.20000000298023224,0.20000000298023224,0.15000000596046448,0.15000000596046448,1.0,1.0,1.0,1.0
complex_qaware_v018_r4,closed_loop,complex,full,1,0.18,True,39.695366114,1785050763.1129184,4.253708504853103,0.03257376658615025,0.040136174800140534,0.09732216812850879,-0.011739638380518145,5.02304601132523,0.10665020197025855,-0.13169851505809888,21.0,4.244743829254207,0.014227191767405785,5.244618713624093,0.028850632621772166,6.244493615268371,0.0434740760098316,0.571199357509613,0.16754986345767975,0.11754986643791199,0.7034990787506104,0.7022498846054077,1,ROW_FOLLOW,,1.0,62.0,52.0,-0.019734760746359825,-0.02107331156730652,0.0,0.2656625807285309,0.0,-0.3078092038631439,0.0,0.3333333432674408,0.5809522867202759,0.951998770236969,0.9793919920921326,1.0,0.2380952388048172,0.7034990787506104,0.30000001192092896,0.20000000298023224,0.20000000298023224,0.15000000596046448,0.15000000596046448,1.0,1.0,1.0,1.0
complex_qaware_v018_r4,closed_loop,complex,full,1,0.18,True,39.745282666,1785050763.162835,4.257224980145953,0.034169932721564114,0.039233937556207195,0.09468779446033598,-0.009446584171015817,5.0299554080201245,0.10561235977738917,-0.14011649598480472,21.0,4.244743829254207,0.014227191767405785,5.244618713624093,0.028850632621772166,6.244493615268371,0.0434740760098316,0.571199357509613,0.16754986345767975,0.11754986643791199,0.7034990787506104,0.7034990787506104,1,ROW_FOLLOW,,1.0,62.0,52.0,-0.019734760746359825,-0.02107331156730652,0.0,0.2656625807285309,0.0,-0.3078092038631439,0.0,0.3333333432674408,0.5809522867202759,0.951998770236969,0.9793919920921326,1.0,0.2380952388048172,0.7034990787506104,0.30000001192092896,0.20000000298023224,0.20000000298023224,0.15000000596046448,0.15000000596046448,1.0,1.0,1.0,1.0
complex_qaware_v018_r4,closed_loop,complex,full,1,0.18,True,39.795748991,1785050763.2133012,4.26224163673085,0.03436203964161288,0.03907331096264375,0.09553040230929695,-0.006287668851225914,5.034977337141764,0.10535376200717356,-0.14184048111957542,21.0,4.2538307085189535,0.012147903986678569,5.2536254913158515,0.03228128214606432,6.253420336026568,0.052414664262760584,0.5728775262832642,0.17270521819591522,0.12270522117614746,0.6828349828720093,0.7034990787506104,1,ROW_FOLLOW,,1.0,46.0,46.0,-0.01627228409051895,-0.02385614812374115,0.0,0.26293718814849854,0.0,-0.31064948439598083,0.0,0.3095238208770752,0.5023808479309082,0.9547961354255676,0.9902832508087158,1.0,0.095238097012043,0.6828349828720093,0.30000001192092896,0.20000000298023224,0.20000000298023224,0.15000000596046448,0.15000000596046448,1.0,1.0,1.0,1.0
complex_qaware_v018_r4,closed_loop,complex,full,1,0.18,True,39.845460641,1785050763.263013,4.263544794635618,0.03423312886940537,0.03826147427708994,0.09023284088847133,0.005181632637862115,5.036456625046225,0.10180507258920858,-0.14070149551835387,21.0,4.2538307085189535,0.012147903986678569,5.2536254913158515,0.03228128214606432,6.253420336026568,0.052414664262760584,0.5728775262832642,0.17270521819591522,0.12270522117614746,0.6828349828720093,0.6828349828720093,1,ROW_FOLLOW,,1.0,46.0,46.0,-0.01627228409051895,-0.02385614812374115,0.0,0.26293718814849854,0.0,-0.31064948439598083,0.0,0.3095238208770752,0.5023808479309082,0.9547961354255676,0.9902832508087158,1.0,0.095238097012043,0.6828349828720093,0.30000001192092896,0.20000000298023224,0.20000000298023224,0.15000000596046448,0.15000000596046448,1.0,1.0,1.0,1.0
complex_qaware_v018_r4,closed_loop,complex,full,1,0.18,True,39.89564504,1785050763.3131974,4.2685296438793054,0.034415453121813905,0.03793643476927411,0.09221532138146335,-0.02017619307460312,5.04144805453008,0.10159061114456858,-0.14213123848262055,21.0,4.262368711262274,0.008732098965929856,5.261716062425486,0.04132298956663579,6.261063481428003,0.07391388371567939,0.5726834535598755,0.16726912558078766,0.1172691285610199,0.6741529703140259,0.6828349828720093,1,ROW_FOLLOW,,1.0,48.0,42.0,0.016664300113916397,-0.03028121590614319,0.0,0.2565574645996094,0.0,-0.31711989641189575,0.0,0.2857142984867096,0.5023808479309082,0.9544726014137268,0.9804533123970032,1.0,0.095238097012043,0.6741529703140259,0.30000001192092896,0.20000000298023224,0.20000000298023224,0.15000000596046448,0.15000000596046448,1.0,1.0,1.0,1.0
complex_qaware_v018_r4,closed_loop,complex,full,1,0.18,True,39.945263248,1785050763.3628154,4.271018155557602,0.03425625564958019,0.036715554566888464,0.08519684109957283,-0.022189898720287555,5.049324458200382,0.10084807042894796,-0.13666309485051123,21.0,4.262368711262274,0.008732098965929856,5.261716062425486,0.04132298956663579,6.261063481428003,0.07391388371567939,0.5726834535598755,0.16726912558078766,0.1172691285610199,0.6741529703140259,0.6741529703140259,1,ROW_FOLLOW,,1.0,48.0,42.0,0.016664300113916397,-0.03028121590614319,0.0,0.2565574645996094,0.0,-0.31711989641189575,0.0,0.2857142984867096,0.5023808479309082,0.9544726014137268,0.9804533123970032,1.0,0.095238097012043,0.6741529703140259,0.30000001192092896,0.20000000298023224,0.20000000298023224,0.15000000596046448,0.15000000596046448,1.0,1.0,1.0,1.0
complex_qaware_v018_r4,closed_loop,complex,full,1,0.18,True,39.995864713,1785050763.4134169,4.275960867256872,0.034421258748668505,0.03583232235382061,0.0884755310239767,-0.020858887820027514,5.054278977965753,0.10077757388183906,-0.13713307183123732,21.0,4.270557851510376,0.003936158292458605,5.2690758044222665,0.05418854759662128,6.26759381046234,0.10444093972060779,0.5758153200149536,0.17717812955379486,0.1271781325340271,0.6573919057846069,0.6741529703140259,1,ROW_FOLLOW,,1.0,35.0,34.0,0.03761819750070572,-0.037405095994472504,0.0,0.2497730404138565,0.0,-0.3245832324028015,0.0,0.2142857164144516,0.5285713076591492,0.9596922993659973,0.9696900248527527,1.0,0.1428571492433548,0.6573919057846069,0.30000001192092896,0.20000000298023224,0.20000000298023224,0.15000000596046448,0.15000000596046448,1.0,1.0,1.0,1.0
complex_qaware_v018_r4,closed_loop,complex,full,1,0.18,True,40.045304644,1785050763.462857,4.282018472090488,0.03368348558735268,0.03524678879396293,0.09175514837800125,-0.014880750268173626,5.06073169766833,0.09891617768194307,-0.1294291023952412,21.0,4.270557851510376,0.003936158292458605,5.2690758044222665,0.05418854759662128,6.26759381046234,0.10444093972060779,0.5758153200149536,0.17717812955379486,0.1271781325340271,0.6573919057846069,0.6573919057846069,1,ROW_FOLLOW,,1.0,35.0,34.0,0.03761819750070572,-0.037405095994472504,0.0,0.2497730404138565,0.0,-0.3245832324028015,0.0,0.2142857164144516,0.5285713076591492,0.9596922993659973,0.9696900248527527,1.0,0.1428571492433548,0.6573919057846069,0.30000001192092896,0.20000000298023224,0.20000000298023224,0.15000000596046448,0.15000000596046448,1.0,1.0,1.0,1.0
complex_qaware_v018_r4,closed_loop,complex,full,1,0.18,True,40.096086914,1785050763.5136392,4.287103072226214,0.033851915934266764,0.03456526815506101,0.09391242514108365,-0.01727637593920292,5.065826090438253,0.09879917013684157,-0.1302091526959177,20.0,4.279953106743612,-0.0029675607167765684,5.277279911119852,0.06884378341059486,6.208079660376975,0.1363898618717991,0.5760226249694824,0.1777428537607193,0.12774285674095154,0.6369609832763672,0.6573919057846069,1,ROW_FOLLOW,,1.0,28.0,41.0,0.053022585809230804,-0.044220492243766785,0.0,0.24352234601974487,0.0,-0.33196333050727844,0.0,0.1428571492433548,0.5285713076591492,0.960037887096405,0.9758803248405457,1.0,0.1428571492433548,0.6369609832763672,0.30000001192092896,0.20000000298023224,0.20000000298023224,0.15000000596046448,0.15000000596046448,1.0,1.0,1.0,1.0
complex_qaware_v018_r4,closed_loop,complex,full,1,0.18,True,40.14532636,1785050763.5628786,4.294368128710125,0.03453570771735559,0.0320540388977868,0.10190793308060968,-0.03127020438391698,5.073154187210734,0.09484974381763489,-0.13202155448074132,20.0,4.279953106743612,-0.0029675607167765684,5.277279911119852,0.06884378341059486,6.208079660376975,0.1363898618717991,0.5760226249694824,0.1777428537607193,0.12774285674095154,0.6369609832763672,0.6369609832763672,1,ROW_FOLLOW,,1.0,28.0,41.0,0.053022585809230804,-0.044220492243766785,0.0,0.24352234601974487,0.0,-0.33196333050727844,0.0,0.1428571492433548,0.5285713076591492,0.960037887096405,0.9758803248405457,1.0,0.1428571492433548,0.6369609832763672,0.30000001192092896,0.20000000298023224,0.20000000298023224,0.15000000596046448,0.15000000596046448,1.0,1.0,1.0,1.0
complex_qaware_v018_r4,closed_loop,complex,full,1,0.18,True,40.196023667,1785050763.613576,4.299485137419762,0.03467940926660855,0.031030669986642067,0.10203690460708238,-0.0290223306724171,5.0782836315368085,0.09480526754630278,-0.13231806295628873,20.0,4.291370885394113,-0.009552193392828028,5.28758880157074,0.07674566533826922,6.250563316784095,0.16059737658288,0.5770662426948547,0.17820630967617035,0.1282063126564026,0.6377246379852295,0.6369609832763672,1,ROW_FOLLOW,,1.0,32.0,45.0,0.06716018915176392,-0.050497181713581085,0.0,0.23770911991596222,0.0,-0.3387034833431244,0.0,0.1428571492433548,0.5285713076591492,0.9617772698402405,0.9786521196365356,1.0,0.1428571492433548,0.6377246379852295,0.30000001192092896,0.20000000298023224,0.20000000298023224,0.15000000596046448,0.15000000596046448,1.0,1.0,1.0,1.0
complex_qaware_v018_r4,closed_loop,complex,full,1,0.18,True,40.245614002,1785050763.6631663,4.307349816115207,0.03462000131774566,0.029324147158245936,0.10694144496560498,-0.027960476238867008,5.086168069268294,0.09370095591419705,-0.14059652615429497,20.0,4.291370885394113,-0.009552193392828028,5.28758880157074,0.07674566533826922,6.250563316784095,0.16059737658288,0.5770662426948547,0.17820630967617035,0.1282063126564026,0.6377246379852295,0.6377246379852295,1,ROW_FOLLOW,,1.0,32.0,45.0,0.06716018915176392,-0.050497181713581085,0.0,0.23770911991596222,0.0,-0.3387034833431244,0.0,0.1428571492433548,0.5285713076591492,0.9617772698402405,0.9786521196365356,1.0,0.1428571492433548,0.6377246379852295,0.30000001192092896,0.20000000298023224,0.20000000298023224,0.15000000596046448,0.15000000596046448,1.0,1.0,1.0,1.0
complex_qaware_v018_r4,closed_loop,complex,full,1,0.18,True,40.296417457,1785050763.7139697,4.3123120151656105,0.034740260634439794,0.02772930158393327,0.10536898658626602,-0.029029366191527302,5.091147890027725,0.0937764539341995,-0.14009320602094527,21.0,4.304564349929497,-0.015702063829855045,5.299805068852209,0.08144893707276667,6.307030704660452,0.19055525298755405,0.5768118500709534,0.17825336754322052,0.12825337052345276,0.6379133462905884,0.6377246379852295,1,ROW_FOLLOW,,1.0,32.0,38.0,0.07841380685567856,-0.05639021098613739,0.0,0.2318631410598755,0.0,-0.34464356303215027,0.0,0.1428571492433548,0.5285713076591492,0.9613529443740845,0.9804753661155701,1.0,0.1428571492433548,0.6379133462905884,0.30000001192092896,0.20000000298023224,0.20000000298023224,0.15000000596046448,0.15000000596046448,1.0,1.0,1.0,1.0
complex_qaware_v018_r4,closed_loop,complex,full,1,0.18,True,40.345333054,1785050763.7628853,4.319468123850352,0.035658557465913523,0.024328484603824755,0.10963237300475764,-0.052122722384420284,5.09847794429702,0.09178070658680092,-0.15362463830336653,21.0,4.304564349929497,-0.015702063829855045,5.299805068852209,0.08144893707276667,6.307030704660452,0.19055525298755405,0.5768118500709534,0.17825336754322052,0.12825337052345276,0.6379133462905884,0.6379133462905884,1,ROW_FOLLOW,,1.0,32.0,38.0,0.07841380685567856,-0.05639021098613739,0.0,0.2318631410598755,0.0,-0.34464356303215027,0.0,0.1428571492433548,0.5285713076591492,0.9613529443740845,0.9804753661155701,1.0,0.1428571492433548,0.6379133462905884,0.30000001192092896,0.20000000298023224,0.20000000298023224,0.15000000596046448,0.15000000596046448,1.0,1.0,1.0,1.0
complex_qaware_v018_r4,closed_loop,complex,full,1,0.18,True,40.395593423,1785050763.8131456,4.3244277446567025,0.03574791999517333,0.022386208147225695,0.10728473349507506,-0.03832727474112397,5.10345758899596,0.09191274213821672,-0.15274440129392783,0.0,nan,nan,nan,nan,nan,nan,0.0,0.0,-0.05000000074505806,0.0,0.6379133462905884,1,ROW_FOLLOW,,0.0,0.0,0.0,0.0,0.0,0.0,0.0,0.0,0.0,1.0,0.0,0.0,0.0,0.0,0.0,0.0,0.0,0.30000001192092896,0.20000000298023224,0.20000000298023224,0.15000000596046448,0.15000000596046448,1.0,1.0,1.0,1.0
complex_qaware_v018_r4,closed_loop,complex,full,1,0.18,True,40.445155533,1785050763.8627076,4.332812774497622,0.03735546807799997,0.017809332264350452,0.11476233932895749,-0.08088259418083409,5.112226654791116,0.0,0.0,0.0,nan,nan,nan,nan,nan,nan,0.0,0.0,-0.05000000074505806,0.0,0.0,1,ROW_FOLLOW,WAITING_FOR_CENTERLINE,0.0,0.0,0.0,0.0,0.0,0.0,0.0,0.0,0.0,1.0,0.0,0.0,0.0,0.0,0.0,0.0,0.0,0.30000001192092896,0.20000000298023224,0.20000000298023224,0.15000000596046448,0.15000000596046448,1.0,1.0,1.0,1.0
complex_qaware_v018_r4,closed_loop,complex,full,1,0.18,True,40.495286906,1785050763.9128392,4.343189907355429,0.0385018123126136,0.01536495061183185,0.11003587479044973,-0.042755792124919346,5.122729691307356,0.0,0.0,0.0,nan,nan,nan,nan,nan,nan,0.0,0.0,-0.05000000074505806,0.0,0.0,1,ROW_FOLLOW,WAITING_FOR_CENTERLINE,0.0,0.0,0.0,0.0,0.0,0.0,0.0,0.0,0.0,2.0,0.0,0.0,0.0,0.0,0.0,0.0,0.0,0.30000001192092896,0.20000000298023224,0.20000000298023224,0.15000000596046448,0.15000000596046448,1.0,1.0,1.0,1.0
complex_qaware_v018_r4,closed_loop,complex,full,1,0.18,True,40.545366886,1785050763.9629192,4.3430961738680365,0.03831716387081113,0.013358254085976908,0.11123589362430797,-0.025382104555447448,5.123621004663955,0.0,0.0,0.0,nan,nan,nan,nan,nan,nan,0.0,0.0,-0.05000000074505806,0.0,0.0,1,ROW_FOLLOW,WAITING_FOR_CENTERLINE,0.0,0.0,0.0,0.0,0.0,0.0,0.0,0.0,0.0,2.0,0.0,0.0,0.0,0.0,0.0,0.0,0.0,0.30000001192092896,0.20000000298023224,0.20000000298023224,0.15000000596046448,0.15000000596046448,1.0,1.0,1.0,1.0
complex_qaware_v018_r4,closed_loop,complex,full,1,0.18,True,40.59571276,1785050764.013265,4.347299467605339,0.03834947846454182,0.011730769888762541,0.10464046682427426,-0.042876977351669815,5.1278386509737786,0.0,0.0,0.0,nan,nan,nan,nan,nan,nan,0.0,0.0,-0.05000000074505806,0.0,0.0,1,ROW_FOLLOW,WAITING_FOR_CENTERLINE,0.0,0.0,0.0,0.0,0.0,0.0,0.0,0.0,0.0,3.0,0.0,0.0,0.0,0.0,0.0,0.0,0.0,0.30000001192092896,0.20000000298023224,0.20000000298023224,0.15000000596046448,0.15000000596046448,1.0,1.0,1.0,1.0
complex_qaware_v018_r4,closed_loop,complex,full,1,0.18,True,40.645327161,1785050764.0628796,4.349549445293977,0.038643202877938716,0.010348500347849399,0.09501954521521552,-0.009845916795842598,5.131538784907088,0.0,0.0,0.0,nan,nan,nan,nan,nan,nan,0.0,0.0,-0.05000000074505806,0.0,0.0,1,ROW_FOLLOW,WAITING_FOR_CENTERLINE,0.0,0.0,0.0,0.0,0.0,0.0,0.0,0.0,0.0,3.0,0.0,0.0,0.0,0.0,0.0,0.0,0.0,0.30000001192092896,0.20000000298023224,0.20000000298023224,0.15000000596046448,0.15000000596046448,1.0,1.0,1.0,1.0
complex_qaware_v018_r4,closed_loop,complex,full,1,0.18,True,40.695807952,1785050764.1133602,4.352955899558087,0.03866805678792571,0.009511947522760078,0.08908877985304134,-0.03121050748012658,5.134951374250816,0.0,0.0,0.0,nan,nan,nan,nan,nan,nan,0.0,0.0,-0.05000000074505806,0.0,0.0,1,ROW_FOLLOW,WAITING_FOR_CENTERLINE,0.0,0.0,0.0,0.0,0.0,0.0,0.0,0.0,0.0,4.0,0.0,0.0,0.0,0.0,0.0,0.0,0.0,0.30000001192092896,0.20000000298023224,0.20000000298023224,0.15000000596046448,0.15000000596046448,1.0,1.0,1.0,1.0
complex_qaware_v018_r4,closed_loop,complex,full,1,0.18,True,40.745311213,1785050764.1628633,4.356803330369969,0.038786636078725435,0.007843428363443206,0.08003996972542918,-0.023848158439763994,5.1388198552852105,0.0,0.0,0.0,nan,nan,nan,nan,nan,nan,0.0,0.0,-0.05000000074505806,0.0,0.0,1,ROW_FOLLOW,WAITING_FOR_CENTERLINE,0.0,0.0,0.0,0.0,0.0,0.0,0.0,0.0,0.0,4.0,0.0,0.0,0.0,0.0,0.0,0.0,0.0,0.30000001192092896,0.20000000298023224,0.20000000298023224,0.15000000596046448,0.15000000596046448,1.0,1.0,1.0,1.0
complex_qaware_v018_r4,closed_loop,complex,full,1,0.18,True,40.795576894,1785050764.2131293,4.359667677055773,0.03879816120241587,0.006921715895987554,0.07451904356152743,-0.029616967326841194,5.141690049350013,0.0,0.0,0.0,nan,nan,nan,nan,nan,nan,0.0,0.0,-0.05000000074505806,0.0,0.0,1,ROW_FOLLOW,WAITING_FOR_CENTERLINE,0.0,0.0,0.0,0.0,0.0,0.0,0.0,0.0,0.0,5.0,0.0,0.0,0.0,0.0,0.0,0.0,0.0,0.30000001192092896,0.20000000298023224,0.20000000298023224,0.15000000596046448,0.15000000596046448,1.0,1.0,1.0,1.0
complex_qaware_v018_r4,closed_loop,complex,full,1,0.18,True,40.845463494,1785050764.2630157,4.361099350074605,0.03837145711422585,0.005747292489612923,0.05778069266947942,-0.01469098326929011,5.144845021835595,0.0,0.0,0.0,nan,nan,nan,nan,nan,nan,0.0,0.0,-0.05000000074505806,0.0,0.0,1,ROW_FOLLOW,WAITING_FOR_CENTERLINE,0.0,0.0,0.0,0.0,0.0,0.0,0.0,0.0,0.0,5.0,0.0,0.0,0.0,0.0,0.0,0.0,0.0,0.30000001192092896,0.20000000298023224,0.20000000298023224,0.15000000596046448,0.15000000596046448,1.0,1.0,1.0,1.0
complex_qaware_v018_r4,closed_loop,complex,full,1,0.18,True,40.897230302,1785050764.3147824,4.36284792179652,0.03837367705995381,0.004109655825461189,0.05219118957026931,-0.03992370043037184,5.146600111269791,0.0,0.0,0.0,nan,nan,nan,nan,nan,nan,0.0,0.0,-0.05000000074505806,0.0,0.0,0,ROW_FOLLOW,WAITING_FOR_CENTERLINE,0.0,0.0,0.0,0.0,0.0,0.0,0.0,0.0,0.0,0.0,0.0,0.0,0.0,0.0,0.0,0.0,0.0,0.30000001192092896,0.20000000298023224,0.20000000298023224,0.15000000596046448,0.15000000596046448,1.0,1.0,1.0,1.0
complex_qaware_v018_r4,closed_loop,complex,full,1,0.18,True,40.94546713,1785050764.3630192,4.362971545808948,0.03773564823793617,0.002620230458221684,0.03494531850740352,-0.025934831074222706,5.149523488996264,0.0,0.0,0.0,nan,nan,nan,nan,nan,nan,0.0,0.0,-0.05000000074505806,0.0,0.0,0,ROW_FOLLOW,WAITING_FOR_CENTERLINE,0.0,0.0,0.0,0.0,0.0,0.0,0.0,0.0,0.0,0.0,0.0,0.0,0.0,0.0,0.0,0.0,0.0,0.30000001192092896,0.20000000298023224,0.20000000298023224,0.15000000596046448,0.15000000596046448,1.0,1.0,1.0,1.0
complex_qaware_v018_r4,closed_loop,complex,full,1,0.18,True,40.996526688,1785050764.414079,4.363834156774152,0.037733037336269905,0.00137062448273495,0.0295365284023565,-0.045141816298033065,5.150388985457181,0.0,0.0,0.0,nan,nan,nan,nan,nan,nan,0.0,0.0,-0.05000000074505806,0.0,0.0,0,ROW_FOLLOW,WAITING_FOR_CENTERLINE,0.0,0.0,0.0,0.0,0.0,0.0,0.0,0.0,0.0,1.0,0.0,0.0,0.0,0.0,0.0,0.0,0.0,0.30000001192092896,0.20000000298023224,0.20000000298023224,0.15000000596046448,0.15000000596046448,1.0,1.0,1.0,1.0
complex_qaware_v018_r4,closed_loop,complex,full,1,0.18,True,41.045311947,1785050764.4628642,4.363838487435503,0.03757178762289049,-0.00240573198677696,0.016143815527931926,-0.05814177155249085,5.1518063727925565,0.0,0.0,0.0,nan,nan,nan,nan,nan,nan,0.0,0.0,-0.05000000074505806,0.0,0.0,0,ROW_FOLLOW,WAITING_FOR_CENTERLINE,0.0,0.0,0.0,0.0,0.0,0.0,0.0,0.0,0.0,1.0,0.0,0.0,0.0,0.0,0.0,0.0,0.0,0.30000001192092896,0.20000000298023224,0.20000000298023224,0.15000000596046448,0.15000000596046448,1.0,1.0,1.0,1.0
complex_qaware_v018_r4,closed_loop,complex,full,1,0.18,True,41.095625597,1785050764.5131779,4.364184202183668,0.03756872119155416,-0.003439441800623389,0.012587997101064192,-0.01298556258305291,5.152153177601898,0.0,0.0,0.0,nan,nan,nan,nan,nan,nan,0.0,0.0,-0.05000000074505806,0.0,0.0,0,ROW_FOLLOW,WAITING_FOR_CENTERLINE,0.0,0.0,0.0,0.0,0.0,0.0,0.0,0.0,0.0,2.0,0.0,0.0,0.0,0.0,0.0,0.0,0.0,0.30000001192092896,0.20000000298023224,0.20000000298023224,0.15000000596046448,0.15000000596046448,1.0,1.0,1.0,1.0
complex_qaware_v018_r4,closed_loop,complex,full,1,0.18,True,41.145380609,1785050764.5629327,4.364891332989714,0.036009021084849366,-0.003553035545837524,0.0020497522757553536,0.00019106983543191655,5.1538656981848625,0.0,0.0,0.0,nan,nan,nan,nan,nan,nan,0.0,0.0,-0.05000000074505806,0.0,0.0,0,ROW_FOLLOW,WAITING_FOR_CENTERLINE,0.0,0.0,0.0,0.0,0.0,0.0,0.0,0.0,0.0,2.0,0.0,0.0,0.0,0.0,0.0,0.0,0.0,0.30000001192092896,0.20000000298023224,0.20000000298023224,0.15000000596046448,0.15000000596046448,1.0,1.0,1.0,1.0
complex_qaware_v018_r4,closed_loop,complex,full,1,0.18,True,41.196820401,1785050764.6143725,4.364891332989714,0.036009021084849366,-0.003574354310107442,-0.0002680300137437519,0.0012944451695816735,5.1538656981848625,0.0,0.0,0.0,nan,nan,nan,nan,nan,nan,0.0,0.0,-0.05000000074505806,0.0,0.0,0,ROW_FOLLOW,WAITING_FOR_CENTERLINE,0.0,0.0,0.0,0.0,0.0,0.0,0.0,0.0,0.0,3.0,0.0,0.0,0.0,0.0,0.0,0.0,0.0,0.30000001192092896,0.20000000298023224,0.20000000298023224,0.15000000596046448,0.15000000596046448,1.0,1.0,1.0,1.0
complex_qaware_v018_r4,closed_loop,complex,full,1,0.18,True,41.245446552,1785050764.6629987,4.364240521822168,0.035191050160939055,-0.0035830484303369663,-0.004895573487722715,0.0012152338040861508,5.154910988387708,0.0,0.0,0.0,nan,nan,nan,nan,nan,nan,0.0,0.0,-0.05000000074505806,0.0,0.0,0,ROW_FOLLOW,WAITING_FOR_CENTERLINE,0.0,0.0,0.0,0.0,0.0,0.0,0.0,0.0,0.0,3.0,0.0,0.0,0.0,0.0,0.0,0.0,0.0,0.30000001192092896,0.20000000298023224,0.20000000298023224,0.15000000596046448,0.15000000596046448,1.0,1.0,1.0,1.0
complex_qaware_v018_r4,closed_loop,complex,full,1,0.18,True,41.295749578,1785050764.7133017,4.364240521822168,0.035191050160939055,-0.003566530079969432,-0.005725435061369927,0.0017800162447168808,5.154910988387708,0.0,0.0,0.0,nan,nan,nan,nan,nan,nan,0.0,0.0,-0.05000000074505806,0.0,0.0,0,ROW_FOLLOW,WAITING_FOR_CENTERLINE,0.0,0.0,0.0,0.0,0.0,0.0,0.0,0.0,0.0,4.0,0.0,0.0,0.0,0.0,0.0,0.0,0.0,0.30000001192092896,0.20000000298023224,0.20000000298023224,0.15000000596046448,0.15000000596046448,1.0,1.0,1.0,1.0
complex_qaware_v018_r4,closed_loop,complex,full,1,0.18,True,41.345465037,1785050764.7630172,4.366311165950313,0.03522730476646043,-0.0035713268774140157,-0.0027491695828501914,0.00115450615670417,5.156981949879827,0.0,0.0,0.0,nan,nan,nan,nan,nan,nan,0.0,0.0,-0.05000000074505806,0.0,0.0,0,ROW_FOLLOW,WAITING_FOR_CENTERLINE,0.0,0.0,0.0,0.0,0.0,0.0,0.0,0.0,0.0,4.0,0.0,0.0,0.0,0.0,0.0,0.0,0.0,0.30000001192092896,0.20000000298023224,0.20000000298023224,0.15000000596046448,0.15000000596046448,1.0,1.0,1.0,1.0
complex_qaware_v018_r4,closed_loop,complex,full,1,0.18,True,41.395388949,1785050764.8129413,4.366311165950313,0.03522730476646043,-0.0035777113573618458,-0.0038868527259901474,0.0011619378838872703,5.156981949879827,0.0,0.0,0.0,nan,nan,nan,nan,nan,nan,0.0,0.0,-0.05000000074505806,0.0,0.0,1,ROW_FOLLOW,WAITING_FOR_CENTERLINE,0.0,0.0,0.0,0.0,0.0,0.0,0.0,0.0,0.0,5.0,0.0,0.0,0.0,0.0,0.0,0.0,0.0,0.30000001192092896,0.20000000298023224,0.20000000298023224,0.15000000596046448,0.15000000596046448,1.0,1.0,1.0,1.0
complex_qaware_v018_r4,closed_loop,complex,full,1,0.18,True,41.445225883,1785050764.8627782,4.367064322554593,0.03593734865995706,-0.00356063538059459,-0.0011803409311821932,0.0005376876386395018,5.158017037896019,0.0,0.0,0.0,nan,nan,nan,nan,nan,nan,0.0,0.0,-0.05000000074505806,0.0,0.0,1,ROW_FOLLOW,WAITING_FOR_CENTERLINE,0.0,0.0,0.0,0.0,0.0,0.0,0.0,0.0,0.0,5.0,0.0,0.0,0.0,0.0,0.0,0.0,0.0,0.30000001192092896,0.20000000298023224,0.20000000298023224,0.15000000596046448,0.15000000596046448,1.0,1.0,1.0,1.0
complex_qaware_v018_r4,closed_loop,complex,full,1,0.18,True,41.496326626,1785050764.9138787,4.367064322554593,0.03593734865995706,-0.0035850954130220995,-0.0025337944169434093,0.0010371920171927888,5.158017037896019,0.0,0.0,0.0,nan,nan,nan,nan,nan,nan,0.0,0.0,-0.05000000074505806,0.0,0.0,0,ROW_FOLLOW,WAITING_FOR_CENTERLINE,0.0,0.0,0.0,0.0,0.0,0.0,0.0,0.0,0.0,0.0,0.0,0.0,0.0,0.0,0.0,0.0,0.0,0.30000001192092896,0.20000000298023224,0.20000000298023224,0.15000000596046448,0.15000000596046448,1.0,1.0,1.0,1.0
complex_qaware_v018_r4,closed_loop,complex,full,1,0.18,True,41.545245937,1785050764.962798,4.3661092950458595,0.03571354142520888,-0.0035856091331045734,0.0,0.0005799849464303641,5.158997939124871,0.0,0.0,0.0,nan,nan,nan,nan,nan,nan,0.0,0.0,-0.05000000074505806,0.0,0.0,0,ROW_FOLLOW,WAITING_FOR_CENTERLINE,0.0,0.0,0.0,0.0,0.0,0.0,0.0,0.0,0.0,0.0,0.0,0.0,0.0,0.0,0.0,0.0,0.0,0.30000001192092896,0.20000000298023224,0.20000000298023224,0.15000000596046448,0.15000000596046448,1.0,1.0,1.0,1.0
complex_qaware_v018_r4,closed_loop,complex,full,1,0.18,True,41.596099537,1785050765.0136516,4.3661092950458595,0.03571354142520888,-0.0035926326222011085,0.0,0.0003232941077946036,5.158997939124871,0.0,0.0,0.0,nan,nan,nan,nan,nan,nan,0.0,0.0,-0.05000000074505806,0.0,0.0,0,ROW_FOLLOW,WAITING_FOR_CENTERLINE,0.0,0.0,0.0,0.0,0.0,0.0,0.0,0.0,0.0,1.0,0.0,0.0,0.0,0.0,0.0,0.0,0.0,0.30000001192092896,0.20000000298023224,0.20000000298023224,0.15000000596046448,0.15000000596046448,1.0,1.0,1.0,1.0
complex_qaware_v018_r4,closed_loop,complex,full,1,0.18,True,41.645247302,1785050765.0627997,4.3661092950458595,0.03571354142520888,-0.0035729828019741543,0.0,0.0015401724078931665,5.158997939124871,0.0,0.0,0.0,nan,nan,nan,nan,nan,nan,0.0,0.0,-0.05000000074505806,0.0,0.0,0,ROW_FOLLOW,WAITING_FOR_CENTERLINE,0.0,0.0,0.0,0.0,0.0,0.0,0.0,0.0,0.0,1.0,0.0,0.0,0.0,0.0,0.0,0.0,0.0,0.30000001192092896,0.20000000298023224,0.20000000298023224,0.15000000596046448,0.15000000596046448,1.0,1.0,1.0,1.0
complex_qaware_v018_r4,closed_loop,complex,full,1,0.18,True,41.695528792,1785050765.113081,4.3661092950458595,0.03571354142520888,-0.0035878689106891852,0.0,0.001019106693405594,5.158997939124871,0.0,0.0,0.0,nan,nan,nan,nan,nan,nan,0.0,0.0,-0.05000000074505806,0.0,0.0,0,ROW_FOLLOW,WAITING_FOR_CENTERLINE,0.0,0.0,0.0,0.0,0.0,0.0,0.0,0.0,0.0,2.0,0.0,0.0,0.0,0.0,0.0,0.0,0.0,0.30000001192092896,0.20000000298023224,0.20000000298023224,0.15000000596046448,0.15000000596046448,1.0,1.0,1.0,1.0
complex_qaware_v018_r4,closed_loop,complex,full,1,0.18,True,41.745581765,1785050765.1631339,4.3661092950458595,0.03571354142520888,-0.003568540668203557,0.0,0.0014406759679093334,5.158997939124871,0.0,0.0,0.0,nan,nan,nan,nan,nan,nan,0.0,0.0,-0.05000000074505806,0.0,0.0,0,ROW_FOLLOW,WAITING_FOR_CENTERLINE,0.0,0.0,0.0,0.0,0.0,0.0,0.0,0.0,0.0,2.0,0.0,0.0,0.0,0.0,0.0,0.0,0.0,0.30000001192092896,0.20000000298023224,0.20000000298023224,0.15000000596046448,0.15000000596046448,1.0,1.0,1.0,1.0
complex_qaware_v018_r4,closed_loop,complex,full,1,0.18,True,41.796448678,1785050765.214001,4.3661092950458595,0.03571354142520888,-0.0035674161509557938,0.0,0.0010778717507317335,5.158997939124871,0.0,0.0,0.0,nan,nan,nan,nan,nan,nan,0.0,0.0,-0.05000000074505806,0.0,0.0,0,ROW_FOLLOW,WAITING_FOR_CENTERLINE,0.0,0.0,0.0,0.0,0.0,0.0,0.0,0.0,0.0,3.0,0.0,0.0,0.0,0.0,0.0,0.0,0.0,0.30000001192092896,0.20000000298023224,0.20000000298023224,0.15000000596046448,0.15000000596046448,1.0,1.0,1.0,1.0
complex_qaware_v018_r4,closed_loop,complex,full,1,0.18,True,41.84541279,1785050765.262965,4.3661092950458595,0.03571354142520888,-0.0035744230915484274,0.0,0.0013365537419292189,5.158997939124871,0.0,0.0,0.0,nan,nan,nan,nan,nan,nan,0.0,0.0,-0.05000000074505806,0.0,0.0,0,ROW_FOLLOW,WAITING_FOR_CENTERLINE,0.0,0.0,0.0,0.0,0.0,0.0,0.0,0.0,0.0,3.0,0.0,0.0,0.0,0.0,0.0,0.0,0.0,0.30000001192092896,0.20000000298023224,0.20000000298023224,0.15000000596046448,0.15000000596046448,1.0,1.0,1.0,1.0
complex_qaware_v018_r4,closed_loop,complex,full,1,0.18,True,41.896203126,1785050765.3137553,4.3661092950458595,0.03571354142520888,-0.0035688629345798084,0.0,0.0005610518154248831,5.158997939124871,0.0,0.0,0.0,nan,nan,nan,nan,nan,nan,0.0,0.0,-0.05000000074505806,0.0,0.0,0,ROW_FOLLOW,WAITING_FOR_CENTERLINE,0.0,0.0,0.0,0.0,0.0,0.0,0.0,0.0,0.0,4.0,0.0,0.0,0.0,0.0,0.0,0.0,0.0,0.30000001192092896,0.20000000298023224,0.20000000298023224,0.15000000596046448,0.15000000596046448,1.0,1.0,1.0,1.0
complex_qaware_v018_r4,closed_loop,complex,full,1,0.18,True,41.945446317,1785050765.3629985,4.3661092950458595,0.03571354142520888,-0.0035635950271624135,0.0,0.0012821823891976986,5.158997939124871,0.0,0.0,0.0,nan,nan,nan,nan,nan,nan,0.0,0.0,-0.05000000074505806,0.0,0.0,0,ROW_FOLLOW,WAITING_FOR_CENTERLINE,0.0,0.0,0.0,0.0,0.0,0.0,0.0,0.0,0.0,4.0,0.0,0.0,0.0,0.0,0.0,0.0,0.0,0.30000001192092896,0.20000000298023224,0.20000000298023224,0.15000000596046448,0.15000000596046448,1.0,1.0,1.0,1.0
complex_qaware_v018_r4,closed_loop,complex,full,1,0.18,True,41.995809026,1785050765.413361,4.3661092950458595,0.03571354142520888,-0.0035660139792357275,0.0,0.001193661739717937,5.158997939124871,0.0,0.0,0.0,nan,nan,nan,nan,nan,nan,0.0,0.0,-0.05000000074505806,0.0,0.0,1,ROW_FOLLOW,WAITING_FOR_CENTERLINE,0.0,0.0,0.0,0.0,0.0,0.0,0.0,0.0,0.0,5.0,0.0,0.0,0.0,0.0,0.0,0.0,0.0,0.30000001192092896,0.20000000298023224,0.20000000298023224,0.15000000596046448,0.15000000596046448,1.0,1.0,1.0,1.0
complex_qaware_v018_r4,closed_loop,complex,full,1,0.18,True,42.045370145,1785050765.4629226,4.3661092950458595,0.03571354142520888,-0.003557000563963798,0.0,0.001247404317480999,5.158997939124871,0.0,0.0,0.0,nan,nan,nan,nan,nan,nan,0.0,0.0,-0.05000000074505806,0.0,0.0,1,ROW_FOLLOW,WAITING_FOR_CENTERLINE,0.0,0.0,0.0,0.0,0.0,0.0,0.0,0.0,0.0,5.0,0.0,0.0,0.0,0.0,0.0,0.0,0.0,0.30000001192092896,0.20000000298023224,0.20000000298023224,0.15000000596046448,0.15000000596046448,1.0,1.0,1.0,1.0
complex_qaware_v018_r4,closed_loop,complex,full,1,0.18,True,42.095110182,1785050765.5126624,4.3661092950458595,0.03571354142520888,-0.0035560751695937753,0.0,0.0012394814688838002,5.158997939124871,0.0,0.0,0.0,nan,nan,nan,nan,nan,nan,0.0,0.0,-0.05000000074505806,0.0,0.0,0,ROW_FOLLOW,WAITING_FOR_CENTERLINE,0.0,0.0,0.0,0.0,0.0,0.0,0.0,0.0,0.0,0.0,0.0,0.0,0.0,0.0,0.0,0.0,0.0,0.30000001192092896,0.20000000298023224,0.20000000298023224,0.15000000596046448,0.15000000596046448,1.0,1.0,1.0,1.0
complex_qaware_v018_r4,closed_loop,complex,full,1,0.18,True,42.145235636,1785050765.5627878,4.3661092950458595,0.03571354142520888,-0.00352910423794528,0.0,0.0017859090274764309,5.158997939124871,0.0,0.0,0.0,nan,nan,nan,nan,nan,nan,0.0,0.0,-0.05000000074505806,0.0,0.0,0,ROW_FOLLOW,WAITING_FOR_CENTERLINE,0.0,0.0,0.0,0.0,0.0,0.0,0.0,0.0,0.0,0.0,0.0,0.0,0.0,0.0,0.0,0.0,0.0,0.30000001192092896,0.20000000298023224,0.20000000298023224,0.15000000596046448,0.15000000596046448,1.0,1.0,1.0,1.0
complex_qaware_v018_r4,closed_loop,complex,full,1,0.18,True,42.195822734,1785050765.613375,4.3661092950458595,0.03571354142520888,-0.0035138489665391677,0.0,0.0018016274152131925,5.158997939124871,0.0,0.0,0.0,nan,nan,nan,nan,nan,nan,0.0,0.0,-0.05000000074505806,0.0,0.0,0,ROW_FOLLOW,WAITING_FOR_CENTERLINE,0.0,0.0,0.0,0.0,0.0,0.0,0.0,0.0,0.0,1.0,0.0,0.0,0.0,0.0,0.0,0.0,0.0,0.30000001192092896,0.20000000298023224,0.20000000298023224,0.15000000596046448,0.15000000596046448,1.0,1.0,1.0,1.0
complex_qaware_v018_r4,closed_loop,complex,full,1,0.18,True,42.245231306,1785050765.6627834,4.3661092950458595,0.03571354142520888,-0.003487662597376318,0.0,0.0015591430946153197,5.158997939124871,0.0,0.0,0.0,nan,nan,nan,nan,nan,nan,0.0,0.0,-0.05000000074505806,0.0,0.0,0,ROW_FOLLOW,WAITING_FOR_CENTERLINE,0.0,0.0,0.0,0.0,0.0,0.0,0.0,0.0,0.0,1.0,0.0,0.0,0.0,0.0,0.0,0.0,0.0,0.30000001192092896,0.20000000298023224,0.20000000298023224,0.15000000596046448,0.15000000596046448,1.0,1.0,1.0,1.0
complex_qaware_v018_r4,closed_loop,complex,full,1,0.18,True,42.295538589,1785050765.713091,4.3661092950458595,0.03571354142520888,-0.00349561286834632,0.0,0.0011472522325298151,5.158997939124871,0.0,0.0,0.0,nan,nan,nan,nan,nan,nan,0.0,0.0,-0.05000000074505806,0.0,0.0,0,ROW_FOLLOW,WAITING_FOR_CENTERLINE,0.0,0.0,0.0,0.0,0.0,0.0,0.0,0.0,0.0,2.0,0.0,0.0,0.0,0.0,0.0,0.0,0.0,0.30000001192092896,0.20000000298023224,0.20000000298023224,0.15000000596046448,0.15000000596046448,1.0,1.0,1.0,1.0
complex_qaware_v018_r4,closed_loop,complex,full,1,0.18,True,42.345331459,1785050765.7628837,4.3661092950458595,0.03571354142520888,-0.003462272680114787,0.0,0.0016725009159978363,5.158997939124871,0.0,0.0,0.0,nan,nan,nan,nan,nan,nan,0.0,0.0,-0.05000000074505806,0.0,0.0,0,ROW_FOLLOW,WAITING_FOR_CENTERLINE,0.0,0.0,0.0,0.0,0.0,0.0,0.0,0.0,0.0,2.0,0.0,0.0,0.0,0.0,0.0,0.0,0.0,0.30000001192092896,0.20000000298023224,0.20000000298023224,0.15000000596046448,0.15000000596046448,1.0,1.0,1.0,1.0
complex_qaware_v018_r4,closed_loop,complex,full,1,0.18,True,42.396789011,1785050765.8143413,4.3661092950458595,0.03571354142520888,-0.003477165248246816,0.0,0.00043299074078368864,5.158997939124871,0.0,0.0,0.0,nan,nan,nan,nan,nan,nan,0.0,0.0,-0.05000000074505806,0.0,0.0,0,ROW_FOLLOW,WAITING_FOR_CENTERLINE,0.0,0.0,0.0,0.0,0.0,0.0,0.0,0.0,0.0,3.0,0.0,0.0,0.0,0.0,0.0,0.0,0.0,0.30000001192092896,0.20000000298023224,0.20000000298023224,0.15000000596046448,0.15000000596046448,1.0,1.0,1.0,1.0
complex_qaware_v018_r4,closed_loop,complex,full,1,0.18,True,42.445423195,1785050765.8629756,4.3661092950458595,0.03571354142520888,-0.0034613930760829525,0.0,0.0011131093213455566,5.158997939124871,0.0,0.0,0.0,nan,nan,nan,nan,nan,nan,0.0,0.0,-0.05000000074505806,0.0,0.0,0,ROW_FOLLOW,WAITING_FOR_CENTERLINE,0.0,0.0,0.0,0.0,0.0,0.0,0.0,0.0,0.0,3.0,0.0,0.0,0.0,0.0,0.0,0.0,0.0,0.30000001192092896,0.20000000298023224,0.20000000298023224,0.15000000596046448,0.15000000596046448,1.0,1.0,1.0,1.0
complex_qaware_v018_r4,closed_loop,complex,full,1,0.18,True,42.495388197,1785050765.9129405,4.3661092950458595,0.03571354142520888,-0.003459631224882464,0.0,0.0007672342662665424,5.158997939124871,0.0,0.0,0.0,nan,nan,nan,nan,nan,nan,0.0,0.0,-0.05000000074505806,0.0,0.0,0,ROW_FOLLOW,WAITING_FOR_CENTERLINE,0.0,0.0,0.0,0.0,0.0,0.0,0.0,0.0,0.0,4.0,0.0,0.0,0.0,0.0,0.0,0.0,0.0,0.30000001192092896,0.20000000298023224,0.20000000298023224,0.15000000596046448,0.15000000596046448,1.0,1.0,1.0,1.0
complex_qaware_v018_r4,closed_loop,complex,full,1,0.18,True,42.54522878,1785050765.962781,4.3661092950458595,0.03571354142520888,-0.0034660042456078352,0.0,0.0011815936710605171,5.158997939124871,0.0,0.0,0.0,nan,nan,nan,nan,nan,nan,0.0,0.0,-0.05000000074505806,0.0,0.0,0,ROW_FOLLOW,WAITING_FOR_CENTERLINE,0.0,0.0,0.0,0.0,0.0,0.0,0.0,0.0,0.0,4.0,0.0,0.0,0.0,0.0,0.0,0.0,0.0,0.30000001192092896,0.20000000298023224,0.20000000298023224,0.15000000596046448,0.15000000596046448,1.0,1.0,1.0,1.0
complex_qaware_v018_r4,closed_loop,complex,full,1,0.18,True,42.596200848,1785050766.0137532,4.3661092950458595,0.03571354142520888,-0.003473936533192835,0.0,0.0010921441399137134,5.158997939124871,0.0,0.0,0.0,nan,nan,nan,nan,nan,nan,0.0,0.0,-0.05000000074505806,0.0,0.0,1,ROW_FOLLOW,WAITING_FOR_CENTERLINE,0.0,0.0,0.0,0.0,0.0,0.0,0.0,0.0,0.0,5.0,0.0,0.0,0.0,0.0,0.0,0.0,0.0,0.30000001192092896,0.20000000298023224,0.20000000298023224,0.15000000596046448,0.15000000596046448,1.0,1.0,1.0,1.0
complex_qaware_v018_r4,closed_loop,complex,full,1,0.18,True,42.645366759,1785050766.062919,4.3661092950458595,0.03571354142520888,-0.0034682894688407044,0.0,0.0016260177563092457,5.158997939124871,0.0,0.0,0.0,nan,nan,nan,nan,nan,nan,0.0,0.0,-0.05000000074505806,0.0,0.0,1,ROW_FOLLOW,WAITING_FOR_CENTERLINE,0.0,0.0,0.0,0.0,0.0,0.0,0.0,0.0,0.0,5.0,0.0,0.0,0.0,0.0,0.0,0.0,0.0,0.30000001192092896,0.20000000298023224,0.20000000298023224,0.15000000596046448,0.15000000596046448,1.0,1.0,1.0,1.0
complex_qaware_v018_r4,closed_loop,complex,full,1,0.18,True,42.696008003,1785050766.1135604,4.3661092950458595,0.03571354142520888,-0.00347161818538355,0.0,0.0011336186739343492,5.158997939124871,0.0,0.0,0.0,nan,nan,nan,nan,nan,nan,0.0,0.0,-0.05000000074505806,0.0,0.0,0,ROW_FOLLOW,WAITING_FOR_CENTERLINE,0.0,0.0,0.0,0.0,0.0,0.0,0.0,0.0,0.0,0.0,0.0,0.0,0.0,0.0,0.0,0.0,0.0,0.30000001192092896,0.20000000298023224,0.20000000298023224,0.15000000596046448,0.15000000596046448,1.0,1.0,1.0,1.0
complex_qaware_v018_r4,closed_loop,complex,full,1,0.18,True,42.745400351,1785050766.1629527,4.3661092950458595,0.03571354142520888,-0.0034492043808378448,0.0,0.0023702648042845417,5.158997939124871,0.0,0.0,0.0,nan,nan,nan,nan,nan,nan,0.0,0.0,-0.05000000074505806,0.0,0.0,0,ROW_FOLLOW,WAITING_FOR_CENTERLINE,0.0,0.0,0.0,0.0,0.0,0.0,0.0,0.0,0.0,0.0,0.0,0.0,0.0,0.0,0.0,0.0,0.0,0.30000001192092896,0.20000000298023224,0.20000000298023224,0.15000000596046448,0.15000000596046448,1.0,1.0,1.0,1.0
complex_qaware_v018_r4,closed_loop,complex,full,1,0.18,True,42.795487949,1785050766.21304,4.3661092950458595,0.03571354142520888,-0.003442855735150464,0.0,0.001254899598249899,5.158997939124871,0.0,0.0,0.0,nan,nan,nan,nan,nan,nan,0.0,0.0,-0.05000000074505806,0.0,0.0,0,ROW_FOLLOW,WAITING_FOR_CENTERLINE,0.0,0.0,0.0,0.0,0.0,0.0,0.0,0.0,0.0,1.0,0.0,0.0,0.0,0.0,0.0,0.0,0.0,0.30000001192092896,0.20000000298023224,0.20000000298023224,0.15000000596046448,0.15000000596046448,1.0,1.0,1.0,1.0
complex_qaware_v018_r4,closed_loop,complex,full,1,0.18,True,42.84563766,1785050766.26319,4.3661092950458595,0.03571354142520888,-0.003451555484178305,0.0,0.0012252825135655343,5.158997939124871,0.0,0.0,0.0,nan,nan,nan,nan,nan,nan,0.0,0.0,-0.05000000074505806,0.0,0.0,0,ROW_FOLLOW,WAITING_FOR_CENTERLINE,0.0,0.0,0.0,0.0,0.0,0.0,0.0,0.0,0.0,1.0,0.0,0.0,0.0,0.0,0.0,0.0,0.0,0.30000001192092896,0.20000000298023224,0.20000000298023224,0.15000000596046448,0.15000000596046448,1.0,1.0,1.0,1.0
complex_qaware_v018_r4,closed_loop,complex,full,1,0.18,True,42.89633577,1785050766.313888,4.3661092950458595,0.03571354142520888,-0.003462993319534924,0.0,0.0015853908659203646,5.158997939124871,0.0,0.0,0.0,nan,nan,nan,nan,nan,nan,0.0,0.0,-0.05000000074505806,0.0,0.0,0,ROW_FOLLOW,WAITING_FOR_CENTERLINE,0.0,0.0,0.0,0.0,0.0,0.0,0.0,0.0,0.0,2.0,0.0,0.0,0.0,0.0,0.0,0.0,0.0,0.30000001192092896,0.20000000298023224,0.20000000298023224,0.15000000596046448,0.15000000596046448,1.0,1.0,1.0,1.0
complex_qaware_v018_r4,closed_loop,complex,full,1,0.18,True,42.945299499,1785050766.3628519,4.3661092950458595,0.03571354142520888,-0.003433847916817001,0.0,0.001308760462573929,5.158997939124871,0.0,0.0,0.0,nan,nan,nan,nan,nan,nan,0.0,0.0,-0.05000000074505806,0.0,0.0,0,ROW_FOLLOW,WAITING_FOR_CENTERLINE,0.0,0.0,0.0,0.0,0.0,0.0,0.0,0.0,0.0,2.0,0.0,0.0,0.0,0.0,0.0,0.0,0.0,0.30000001192092896,0.20000000298023224,0.20000000298023224,0.15000000596046448,0.15000000596046448,1.0,1.0,1.0,1.0
complex_qaware_v018_r4,closed_loop,complex,full,1,0.18,True,42.995365273,1785050766.4129176,4.3661092950458595,0.03571354142520888,-0.0034428880401775625,0.0,0.0006904325473572092,5.158997939124871,0.0,0.0,0.0,nan,nan,nan,nan,nan,nan,0.0,0.0,-0.05000000074505806,0.0,0.0,0,ROW_FOLLOW,WAITING_FOR_CENTERLINE,0.0,0.0,0.0,0.0,0.0,0.0,0.0,0.0,0.0,3.0,0.0,0.0,0.0,0.0,0.0,0.0,0.0,0.30000001192092896,0.20000000298023224,0.20000000298023224,0.15000000596046448,0.15000000596046448,1.0,1.0,1.0,1.0
complex_qaware_v018_r4,closed_loop,complex,full,1,0.18,True,43.045238881,1785050766.4627912,4.3661092950458595,0.03571354142520888,-0.0034467460299523202,0.0,0.0013395079941187409,5.158997939124871,0.0,0.0,0.0,nan,nan,nan,nan,nan,nan,0.0,0.0,-0.05000000074505806,0.0,0.0,0,ROW_FOLLOW,WAITING_FOR_CENTERLINE,0.0,0.0,0.0,0.0,0.0,0.0,0.0,0.0,0.0,3.0,0.0,0.0,0.0,0.0,0.0,0.0,0.0,0.30000001192092896,0.20000000298023224,0.20000000298023224,0.15000000596046448,0.15000000596046448,1.0,1.0,1.0,1.0
complex_qaware_v018_r4,closed_loop,complex,full,1,0.18,True,43.09583734,1785050766.5133896,4.3661092950458595,0.03571354142520888,-0.0034329639364698576,0.0,0.0012242719984318085,5.158997939124871,0.0,0.0,0.0,nan,nan,nan,nan,nan,nan,0.0,0.0,-0.05000000074505806,0.0,0.0,0,ROW_FOLLOW,WAITING_FOR_CENTERLINE,0.0,0.0,0.0,0.0,0.0,0.0,0.0,0.0,0.0,4.0,0.0,0.0,0.0,0.0,0.0,0.0,0.0,0.30000001192092896,0.20000000298023224,0.20000000298023224,0.15000000596046448,0.15000000596046448,1.0,1.0,1.0,1.0
complex_qaware_v018_r4,closed_loop,complex,full,1,0.18,True,43.145476991,1785050766.5630293,4.3661092950458595,0.03571354142520888,-0.0034444710163183943,0.0,0.0002580872387349765,5.158997939124871,0.0,0.0,0.0,nan,nan,nan,nan,nan,nan,0.0,0.0,-0.05000000074505806,0.0,0.0,0,ROW_FOLLOW,WAITING_FOR_CENTERLINE,0.0,0.0,0.0,0.0,0.0,0.0,0.0,0.0,0.0,4.0,0.0,0.0,0.0,0.0,0.0,0.0,0.0,0.30000001192092896,0.20000000298023224,0.20000000298023224,0.15000000596046448,0.15000000596046448,1.0,1.0,1.0,1.0
complex_qaware_v018_r4,closed_loop,complex,full,1,0.18,True,43.197517087,1785050766.6150694,4.3661092950458595,0.03571354142520888,-0.0034358173714035276,0.0,0.001526502692099675,5.158997939124871,0.0,0.0,0.0,nan,nan,nan,nan,nan,nan,0.0,0.0,-0.05000000074505806,0.0,0.0,1,ROW_FOLLOW,WAITING_FOR_CENTERLINE,0.0,0.0,0.0,0.0,0.0,0.0,0.0,0.0,0.0,5.0,0.0,0.0,0.0,0.0,0.0,0.0,0.0,0.30000001192092896,0.20000000298023224,0.20000000298023224,0.15000000596046448,0.15000000596046448,1.0,1.0,1.0,1.0
complex_qaware_v018_r4,closed_loop,complex,full,1,0.18,True,43.246209193,1785050766.6637614,4.3661092950458595,0.03571354142520888,-0.003429485487074225,0.0,0.0003201569562357488,5.158997939124871,0.0,0.0,0.0,nan,nan,nan,nan,nan,nan,0.0,0.0,-0.05000000074505806,0.0,0.0,1,ROW_FOLLOW,WAITING_FOR_CENTERLINE,0.0,0.0,0.0,0.0,0.0,0.0,0.0,0.0,0.0,5.0,0.0,0.0,0.0,0.0,0.0,0.0,0.0,0.30000001192092896,0.20000000298023224,0.20000000298023224,0.15000000596046448,0.15000000596046448,1.0,1.0,1.0,1.0
complex_qaware_v018_r4,closed_loop,complex,full,1,0.18,True,43.295239196,1785050766.7127914,4.3661092950458595,0.03571354142520888,-0.003448653645087508,0.0,0.001050493871526763,5.158997939124871,0.0,0.0,0.0,nan,nan,nan,nan,nan,nan,0.0,0.0,-0.05000000074505806,0.0,0.0,0,ROW_FOLLOW,WAITING_FOR_CENTERLINE,0.0,0.0,0.0,0.0,0.0,0.0,0.0,0.0,0.0,0.0,0.0,0.0,0.0,0.0,0.0,0.0,0.0,0.30000001192092896,0.20000000298023224,0.20000000298023224,0.15000000596046448,0.15000000596046448,1.0,1.0,1.0,1.0
complex_qaware_v018_r4,closed_loop,complex,full,1,0.18,True,43.345396107,1785050766.7629483,4.3661092950458595,0.03571354142520888,-0.0034697906270357848,0.0,0.00158385876248879,5.158997939124871,0.0,0.0,0.0,nan,nan,nan,nan,nan,nan,0.0,0.0,-0.05000000074505806,0.0,0.0,0,ROW_FOLLOW,WAITING_FOR_CENTERLINE,0.0,0.0,0.0,0.0,0.0,0.0,0.0,0.0,0.0,0.0,0.0,0.0,0.0,0.0,0.0,0.0,0.0,0.30000001192092896,0.20000000298023224,0.20000000298023224,0.15000000596046448,0.15000000596046448,1.0,1.0,1.0,1.0
complex_qaware_v018_r4,closed_loop,complex,full,1,0.18,True,43.396003271,1785050766.8135555,4.3661092950458595,0.03571354142520888,-0.0034609703510843927,0.0,0.0012432753978051552,5.158997939124871,0.0,0.0,0.0,nan,nan,nan,nan,nan,nan,0.0,0.0,-0.05000000074505806,0.0,0.0,0,ROW_FOLLOW,WAITING_FOR_CENTERLINE,0.0,0.0,0.0,0.0,0.0,0.0,0.0,0.0,0.0,1.0,0.0,0.0,0.0,0.0,0.0,0.0,0.0,0.30000001192092896,0.20000000298023224,0.20000000298023224,0.15000000596046448,0.15000000596046448,1.0,1.0,1.0,1.0
complex_qaware_v018_r4,closed_loop,complex,full,1,0.18,True,43.445468773,1785050766.8630211,4.3661092950458595,0.03571354142520888,-0.003456795531922908,0.0,0.0007111581036377869,5.158997939124871,0.0,0.0,0.0,nan,nan,nan,nan,nan,nan,0.0,0.0,-0.05000000074505806,0.0,0.0,0,ROW_FOLLOW,WAITING_FOR_CENTERLINE,0.0,0.0,0.0,0.0,0.0,0.0,0.0,0.0,0.0,1.0,0.0,0.0,0.0,0.0,0.0,0.0,0.0,0.30000001192092896,0.20000000298023224,0.20000000298023224,0.15000000596046448,0.15000000596046448,1.0,1.0,1.0,1.0
complex_qaware_v018_r4,closed_loop,complex,full,1,0.18,True,43.495349741,1785050766.9129019,4.3661092950458595,0.03571354142520888,-0.003447491979443829,0.0,0.0018753345254245647,5.158997939124871,0.0,0.0,0.0,nan,nan,nan,nan,nan,nan,0.0,0.0,-0.05000000074505806,0.0,0.0,0,ROW_FOLLOW,WAITING_FOR_CENTERLINE,0.0,0.0,0.0,0.0,0.0,0.0,0.0,0.0,0.0,2.0,0.0,0.0,0.0,0.0,0.0,0.0,0.0,0.30000001192092896,0.20000000298023224,0.20000000298023224,0.15000000596046448,0.15000000596046448,1.0,1.0,1.0,1.0
complex_qaware_v018_r4,closed_loop,complex,full,1,0.18,True,43.545305688,1785050766.962858,4.3661092950458595,0.03571354142520888,-0.003448102852336099,0.0,0.001598714983836302,5.158997939124871,0.0,0.0,0.0,nan,nan,nan,nan,nan,nan,0.0,0.0,-0.05000000074505806,0.0,0.0,0,ROW_FOLLOW,WAITING_FOR_CENTERLINE,0.0,0.0,0.0,0.0,0.0,0.0,0.0,0.0,0.0,2.0,0.0,0.0,0.0,0.0,0.0,0.0,0.0,0.30000001192092896,0.20000000298023224,0.20000000298023224,0.15000000596046448,0.15000000596046448,1.0,1.0,1.0,1.0
complex_qaware_v018_r4,closed_loop,complex,full,1,0.18,True,43.595688974,1785050767.0132413,4.3661092950458595,0.03571354142520888,-0.0034548138882852797,0.0,0.0009874839963702694,5.158997939124871,0.0,0.0,0.0,nan,nan,nan,nan,nan,nan,0.0,0.0,-0.05000000074505806,0.0,0.0,0,ROW_FOLLOW,WAITING_FOR_CENTERLINE,0.0,0.0,0.0,0.0,0.0,0.0,0.0,0.0,0.0,3.0,0.0,0.0,0.0,0.0,0.0,0.0,0.0,0.30000001192092896,0.20000000298023224,0.20000000298023224,0.15000000596046448,0.15000000596046448,1.0,1.0,1.0,1.0
complex_qaware_v018_r4,closed_loop,complex,full,1,0.18,True,43.645270895,1785050767.062823,4.3661092950458595,0.03571354142520888,-0.003460953191633198,0.0,0.0008289201820386937,5.158997939124871,0.0,0.0,0.0,nan,nan,nan,nan,nan,nan,0.0,0.0,-0.05000000074505806,0.0,0.0,0,ROW_FOLLOW,WAITING_FOR_CENTERLINE,0.0,0.0,0.0,0.0,0.0,0.0,0.0,0.0,0.0,3.0,0.0,0.0,0.0,0.0,0.0,0.0,0.0,0.30000001192092896,0.20000000298023224,0.20000000298023224,0.15000000596046448,0.15000000596046448,1.0,1.0,1.0,1.0
complex_qaware_v018_r4,closed_loop,complex,full,1,0.18,True,43.695271836,1785050767.112824,4.3661092950458595,0.03571354142520888,-0.0034673437718750755,0.0,0.0012171318323895381,5.158997939124871,0.0,0.0,0.0,nan,nan,nan,nan,nan,nan,0.0,0.0,-0.05000000074505806,0.0,0.0,0,ROW_FOLLOW,WAITING_FOR_CENTERLINE,0.0,0.0,0.0,0.0,0.0,0.0,0.0,0.0,0.0,4.0,0.0,0.0,0.0,0.0,0.0,0.0,0.0,0.30000001192092896,0.20000000298023224,0.20000000298023224,0.15000000596046448,0.15000000596046448,1.0,1.0,1.0,1.0
complex_qaware_v018_r4,closed_loop,complex,full,1,0.18,True,43.745425036,1785050767.1629772,4.3661092950458595,0.03571354142520888,-0.0034591172850597647,0.0,0.001533578423507341,5.158997939124871,0.0,0.0,0.0,nan,nan,nan,nan,nan,nan,0.0,0.0,-0.05000000074505806,0.0,0.0,0,ROW_FOLLOW,WAITING_FOR_CENTERLINE,0.0,0.0,0.0,0.0,0.0,0.0,0.0,0.0,0.0,4.0,0.0,0.0,0.0,0.0,0.0,0.0,0.0,0.30000001192092896,0.20000000298023224,0.20000000298023224,0.15000000596046448,0.15000000596046448,1.0,1.0,1.0,1.0
complex_qaware_v018_r4,closed_loop,complex,full,1,0.18,True,43.795689888,1785050767.213242,4.3661092950458595,0.03571354142520888,-0.0034473171525237763,0.0,0.001422597903458952,5.158997939124871,0.0,0.0,0.0,nan,nan,nan,nan,nan,nan,0.0,0.0,-0.05000000074505806,0.0,0.0,1,ROW_FOLLOW,WAITING_FOR_CENTERLINE,0.0,0.0,0.0,0.0,0.0,0.0,0.0,0.0,0.0,5.0,0.0,0.0,0.0,0.0,0.0,0.0,0.0,0.30000001192092896,0.20000000298023224,0.20000000298023224,0.15000000596046448,0.15000000596046448,1.0,1.0,1.0,1.0
complex_qaware_v018_r4,closed_loop,complex,full,1,0.18,True,43.845507367,1785050767.2630596,4.3661092950458595,0.03571354142520888,-0.0034380967271370197,0.0,0.001290327449956315,5.158997939124871,0.0,0.0,0.0,nan,nan,nan,nan,nan,nan,0.0,0.0,-0.05000000074505806,0.0,0.0,1,ROW_FOLLOW,WAITING_FOR_CENTERLINE,0.0,0.0,0.0,0.0,0.0,0.0,0.0,0.0,0.0,5.0,0.0,0.0,0.0,0.0,0.0,0.0,0.0,0.30000001192092896,0.20000000298023224,0.20000000298023224,0.15000000596046448,0.15000000596046448,1.0,1.0,1.0,1.0
complex_qaware_v018_r4,closed_loop,complex,full,1,0.18,True,43.895936671,1785050767.313489,4.3661092950458595,0.03571354142520888,-0.0034414324470888324,0.0,0.0007961723350310533,5.158997939124871,0.0,0.0,0.0,nan,nan,nan,nan,nan,nan,0.0,0.0,-0.05000000074505806,0.0,0.0,0,ROW_FOLLOW,WAITING_FOR_CENTERLINE,0.0,0.0,0.0,0.0,0.0,0.0,0.0,0.0,0.0,0.0,0.0,0.0,0.0,0.0,0.0,0.0,0.0,0.30000001192092896,0.20000000298023224,0.20000000298023224,0.15000000596046448,0.15000000596046448,1.0,1.0,1.0,1.0
complex_qaware_v018_r4,closed_loop,complex,full,1,0.18,True,43.946610141,1785050767.3641622,4.3661092950458595,0.03571354142520888,-0.0034251510426277494,0.0,0.0009811460932485586,5.158997939124871,0.0,0.0,0.0,nan,nan,nan,nan,nan,nan,0.0,0.0,-0.05000000074505806,0.0,0.0,0,ROW_FOLLOW,WAITING_FOR_CENTERLINE,0.0,0.0,0.0,0.0,0.0,0.0,0.0,0.0,0.0,0.0,0.0,0.0,0.0,0.0,0.0,0.0,0.0,0.30000001192092896,0.20000000298023224,0.20000000298023224,0.15000000596046448,0.15000000596046448,1.0,1.0,1.0,1.0
complex_qaware_v018_r4,closed_loop,complex,full,1,0.18,True,43.99960223,1785050767.4171546,4.3661092950458595,0.03571354142520888,-0.0034406605788483984,0.0,0.0011363790733858008,5.158997939124871,0.0,0.0,0.0,nan,nan,nan,nan,nan,nan,0.0,0.0,-0.05000000074505806,0.0,0.0,0,ROW_FOLLOW,WAITING_FOR_CENTERLINE,0.0,0.0,0.0,0.0,0.0,0.0,0.0,0.0,0.0,1.0,0.0,0.0,0.0,0.0,0.0,0.0,0.0,0.30000001192092896,0.20000000298023224,0.20000000298023224,0.15000000596046448,0.15000000596046448,1.0,1.0,1.0,1.0
complex_qaware_v018_r4,closed_loop,complex,full,1,0.18,True,44.045345909,1785050767.4628983,4.3661092950458595,0.03571354142520888,-0.003450054421513027,0.0,0.0015016173133584867,5.158997939124871,0.0,0.0,0.0,nan,nan,nan,nan,nan,nan,0.0,0.0,-0.05000000074505806,0.0,0.0,0,ROW_FOLLOW,WAITING_FOR_CENTERLINE,0.0,0.0,0.0,0.0,0.0,0.0,0.0,0.0,0.0,1.0,0.0,0.0,0.0,0.0,0.0,0.0,0.0,0.30000001192092896,0.20000000298023224,0.20000000298023224,0.15000000596046448,0.15000000596046448,1.0,1.0,1.0,1.0
complex_qaware_v018_r4,closed_loop,complex,full,1,0.18,True,44.095804237,1785050767.5133564,4.3661092950458595,0.03571354142520888,-0.0034338873825623395,0.0,0.001258591013430789,5.158997939124871,0.0,0.0,0.0,nan,nan,nan,nan,nan,nan,0.0,0.0,-0.05000000074505806,0.0,0.0,0,ROW_FOLLOW,WAITING_FOR_CENTERLINE,0.0,0.0,0.0,0.0,0.0,0.0,0.0,0.0,0.0,2.0,0.0,0.0,0.0,0.0,0.0,0.0,0.0,0.30000001192092896,0.20000000298023224,0.20000000298023224,0.15000000596046448,0.15000000596046448,1.0,1.0,1.0,1.0
complex_qaware_v018_r4,closed_loop,complex,full,1,0.18,True,44.145242347,1785050767.5627944,4.3661092950458595,0.03571354142520888,-0.003421773029695705,0.0,0.0017324907404359798,5.158997939124871,0.0,0.0,0.0,nan,nan,nan,nan,nan,nan,0.0,0.0,-0.05000000074505806,0.0,0.0,0,ROW_FOLLOW,WAITING_FOR_CENTERLINE,0.0,0.0,0.0,0.0,0.0,0.0,0.0,0.0,0.0,2.0,0.0,0.0,0.0,0.0,0.0,0.0,0.0,0.30000001192092896,0.20000000298023224,0.20000000298023224,0.15000000596046448,0.15000000596046448,1.0,1.0,1.0,1.0
complex_qaware_v018_r4,closed_loop,complex,full,1,0.18,True,44.195548895,1785050767.613101,4.3661092950458595,0.03571354142520888,-0.0033869356955444916,0.0,0.0018190889702102769,5.158997939124871,0.0,0.0,0.0,nan,nan,nan,nan,nan,nan,0.0,0.0,-0.05000000074505806,0.0,0.0,0,ROW_FOLLOW,WAITING_FOR_CENTERLINE,0.0,0.0,0.0,0.0,0.0,0.0,0.0,0.0,0.0,3.0,0.0,0.0,0.0,0.0,0.0,0.0,0.0,0.30000001192092896,0.20000000298023224,0.20000000298023224,0.15000000596046448,0.15000000596046448,1.0,1.0,1.0,1.0
complex_qaware_v018_r4,closed_loop,complex,full,1,0.18,True,44.24540196,1785050767.6629543,4.3661092950458595,0.03571354142520888,-0.003355820737356739,0.0,0.0007581448418637081,5.158997939124871,0.0,0.0,0.0,nan,nan,nan,nan,nan,nan,0.0,0.0,-0.05000000074505806,0.0,0.0,0,ROW_FOLLOW,WAITING_FOR_CENTERLINE,0.0,0.0,0.0,0.0,0.0,0.0,0.0,0.0,0.0,3.0,0.0,0.0,0.0,0.0,0.0,0.0,0.0,0.30000001192092896,0.20000000298023224,0.20000000298023224,0.15000000596046448,0.15000000596046448,1.0,1.0,1.0,1.0
complex_qaware_v018_r4,closed_loop,complex,full,1,0.18,True,44.295804863,1785050767.713357,4.3661092950458595,0.03571354142520888,-0.0033752299882356955,0.0,0.001125593094666226,5.158997939124871,0.0,0.0,0.0,nan,nan,nan,nan,nan,nan,0.0,0.0,-0.05000000074505806,0.0,0.0,0,ROW_FOLLOW,WAITING_FOR_CENTERLINE,0.0,0.0,0.0,0.0,0.0,0.0,0.0,0.0,0.0,4.0,0.0,0.0,0.0,0.0,0.0,0.0,0.0,0.30000001192092896,0.20000000298023224,0.20000000298023224,0.15000000596046448,0.15000000596046448,1.0,1.0,1.0,1.0
complex_qaware_v018_r4,closed_loop,complex,full,1,0.18,True,44.345281118,1785050767.7628334,4.3661092950458595,0.03571354142520888,-0.0033863531262179345,0.0,0.0008740898306480542,5.158997939124871,0.0,0.0,0.0,nan,nan,nan,nan,nan,nan,0.0,0.0,-0.05000000074505806,0.0,0.0,0,ROW_FOLLOW,WAITING_FOR_CENTERLINE,0.0,0.0,0.0,0.0,0.0,0.0,0.0,0.0,0.0,4.0,0.0,0.0,0.0,0.0,0.0,0.0,0.0,0.30000001192092896,0.20000000298023224,0.20000000298023224,0.15000000596046448,0.15000000596046448,1.0,1.0,1.0,1.0
complex_qaware_v018_r4,closed_loop,complex,full,1,0.18,True,44.397114297,1785050767.8146665,4.3661092950458595,0.03571354142520888,-0.003398033844303152,0.0,0.0011581762320794834,5.158997939124871,0.0,0.0,0.0,nan,nan,nan,nan,nan,nan,0.0,0.0,-0.05000000074505806,0.0,0.0,0,ROW_FOLLOW,WAITING_FOR_CENTERLINE,0.0,0.0,0.0,0.0,0.0,0.0,0.0,0.0,0.0,4.0,0.0,0.0,0.0,0.0,0.0,0.0,0.0,0.30000001192092896,0.20000000298023224,0.20000000298023224,0.15000000596046448,0.15000000596046448,1.0,1.0,1.0,1.0
complex_qaware_v018_r4,closed_loop,complex,full,1,0.18,True,44.445505948,1785050767.863058,4.3661092950458595,0.03571354142520888,-0.003377129252859935,0.0,0.0018606472935401976,5.158997939124871,0.0,0.0,0.0,nan,nan,nan,nan,nan,nan,0.0,0.0,-0.05000000074505806,0.0,0.0,1,ROW_FOLLOW,WAITING_FOR_CENTERLINE,0.0,0.0,0.0,0.0,0.0,0.0,0.0,0.0,0.0,5.0,0.0,0.0,0.0,0.0,0.0,0.0,0.0,0.30000001192092896,0.20000000298023224,0.20000000298023224,0.15000000596046448,0.15000000596046448,1.0,1.0,1.0,1.0
complex_qaware_v018_r4,closed_loop,complex,full,1,0.18,True,44.495951508,1785050767.9135036,4.3661092950458595,0.03571354142520888,-0.0033713713502163682,0.0,0.0010073292777409808,5.158997939124871,0.0,0.0,0.0,nan,nan,nan,nan,nan,nan,0.0,0.0,-0.05000000074505806,0.0,0.0,0,ROW_FOLLOW,WAITING_FOR_CENTERLINE,0.0,0.0,0.0,0.0,0.0,0.0,0.0,0.0,0.0,0.0,0.0,0.0,0.0,0.0,0.0,0.0,0.0,0.30000001192092896,0.20000000298023224,0.20000000298023224,0.15000000596046448,0.15000000596046448,1.0,1.0,1.0,1.0
complex_qaware_v018_r4,closed_loop,complex,full,1,0.18,True,44.545656089,1785050767.9632084,4.3661092950458595,0.03571354142520888,-0.0033855002368401456,0.0,0.001216728994449364,5.158997939124871,0.0,0.0,0.0,nan,nan,nan,nan,nan,nan,0.0,0.0,-0.05000000074505806,0.0,0.0,0,ROW_FOLLOW,WAITING_FOR_CENTERLINE,0.0,0.0,0.0,0.0,0.0,0.0,0.0,0.0,0.0,0.0,0.0,0.0,0.0,0.0,0.0,0.0,0.0,0.30000001192092896,0.20000000298023224,0.20000000298023224,0.15000000596046448,0.15000000596046448,1.0,1.0,1.0,1.0
complex_qaware_v018_r4,closed_loop,complex,full,1,0.18,True,44.598019875,1785050768.0155723,4.3661092950458595,0.03571354142520888,-0.003390968323866428,0.0,0.0015176097212337338,5.158997939124871,0.0,0.0,0.0,nan,nan,nan,nan,nan,nan,0.0,0.0,-0.05000000074505806,0.0,0.0,0,ROW_FOLLOW,WAITING_FOR_CENTERLINE,0.0,0.0,0.0,0.0,0.0,0.0,0.0,0.0,0.0,1.0,0.0,0.0,0.0,0.0,0.0,0.0,0.0,0.30000001192092896,0.20000000298023224,0.20000000298023224,0.15000000596046448,0.15000000596046448,1.0,1.0,1.0,1.0
complex_qaware_v018_r4,closed_loop,complex,full,1,0.18,True,44.645320618,1785050768.062873,4.3661092950458595,0.03571354142520888,-0.0033746667893130838,0.0,0.0011695555271864903,5.158997939124871,0.0,0.0,0.0,nan,nan,nan,nan,nan,nan,0.0,0.0,-0.05000000074505806,0.0,0.0,0,ROW_FOLLOW,WAITING_FOR_CENTERLINE,0.0,0.0,0.0,0.0,0.0,0.0,0.0,0.0,0.0,1.0,0.0,0.0,0.0,0.0,0.0,0.0,0.0,0.30000001192092896,0.20000000298023224,0.20000000298023224,0.15000000596046448,0.15000000596046448,1.0,1.0,1.0,1.0
complex_qaware_v018_r4,closed_loop,complex,full,1,0.18,True,44.695778915,1785050768.1133313,4.3661092950458595,0.03571354142520888,-0.003386912340800131,0.0,0.0015493647442080642,5.158997939124871,0.0,0.0,0.0,nan,nan,nan,nan,nan,nan,0.0,0.0,-0.05000000074505806,0.0,0.0,0,ROW_FOLLOW,WAITING_FOR_CENTERLINE,0.0,0.0,0.0,0.0,0.0,0.0,0.0,0.0,0.0,2.0,0.0,0.0,0.0,0.0,0.0,0.0,0.0,0.30000001192092896,0.20000000298023224,0.20000000298023224,0.15000000596046448,0.15000000596046448,1.0,1.0,1.0,1.0
complex_qaware_v018_r4,closed_loop,complex,full,1,0.18,True,44.74521293,1785050768.162765,4.3661092950458595,0.03571354142520888,-0.003390491036673994,0.0,0.0009669584471351016,5.158997939124871,0.0,0.0,0.0,nan,nan,nan,nan,nan,nan,0.0,0.0,-0.05000000074505806,0.0,0.0,0,ROW_FOLLOW,WAITING_FOR_CENTERLINE,0.0,0.0,0.0,0.0,0.0,0.0,0.0,0.0,0.0,2.0,0.0,0.0,0.0,0.0,0.0,0.0,0.0,0.30000001192092896,0.20000000298023224,0.20000000298023224,0.15000000596046448,0.15000000596046448,1.0,1.0,1.0,1.0
complex_qaware_v018_r4,closed_loop,complex,full,1,0.18,True,44.796159111,1785050768.2137113,4.3661092950458595,0.03571354142520888,-0.003380619799072894,0.0,0.0012856386931131933,5.158997939124871,0.0,0.0,0.0,nan,nan,nan,nan,nan,nan,0.0,0.0,-0.05000000074505806,0.0,0.0,0,ROW_FOLLOW,WAITING_FOR_CENTERLINE,0.0,0.0,0.0,0.0,0.0,0.0,0.0,0.0,0.0,3.0,0.0,0.0,0.0,0.0,0.0,0.0,0.0,0.30000001192092896,0.20000000298023224,0.20000000298023224,0.15000000596046448,0.15000000596046448,1.0,1.0,1.0,1.0
complex_qaware_v018_r4,closed_loop,complex,full,1,0.18,True,44.84543901,1785050768.2629914,4.3661092950458595,0.03571354142520888,-0.003356508102553947,0.0,0.0012456219857593632,5.158997939124871,0.0,0.0,0.0,nan,nan,nan,nan,nan,nan,0.0,0.0,-0.05000000074505806,0.0,0.0,0,ROW_FOLLOW,WAITING_FOR_CENTERLINE,0.0,0.0,0.0,0.0,0.0,0.0,0.0,0.0,0.0,3.0,0.0,0.0,0.0,0.0,0.0,0.0,0.0,0.30000001192092896,0.20000000298023224,0.20000000298023224,0.15000000596046448,0.15000000596046448,1.0,1.0,1.0,1.0
complex_qaware_v018_r4,closed_loop,complex,full,1,0.18,True,44.895383373,1785050768.3129356,4.3661092950458595,0.03571354142520888,-0.0033510348511347505,0.0,0.0013983051707703849,5.158997939124871,0.0,0.0,0.0,nan,nan,nan,nan,nan,nan,0.0,0.0,-0.05000000074505806,0.0,0.0,0,ROW_FOLLOW,WAITING_FOR_CENTERLINE,0.0,0.0,0.0,0.0,0.0,0.0,0.0,0.0,0.0,4.0,0.0,0.0,0.0,0.0,0.0,0.0,0.0,0.30000001192092896,0.20000000298023224,0.20000000298023224,0.15000000596046448,0.15000000596046448,1.0,1.0,1.0,1.0
complex_qaware_v018_r4,closed_loop,complex,full,1,0.18,True,44.945352762,1785050768.362905,4.3661092950458595,0.03571354142520888,-0.0033380537534726247,0.0,0.0011293436614594338,5.158997939124871,0.0,0.0,0.0,nan,nan,nan,nan,nan,nan,0.0,0.0,-0.05000000074505806,0.0,0.0,0,ROW_FOLLOW,WAITING_FOR_CENTERLINE,0.0,0.0,0.0,0.0,0.0,0.0,0.0,0.0,0.0,4.0,0.0,0.0,0.0,0.0,0.0,0.0,0.0,0.30000001192092896,0.20000000298023224,0.20000000298023224,0.15000000596046448,0.15000000596046448,1.0,1.0,1.0,1.0
complex_qaware_v018_r4,closed_loop,complex,full,1,0.18,True,44.997217399,1785050768.4147696,4.3661092950458595,0.03571354142520888,-0.003326692485026151,0.0,0.0016790295266528247,5.158997939124871,0.0,0.0,0.0,nan,nan,nan,nan,nan,nan,0.0,0.0,-0.05000000074505806,0.0,0.0,1,ROW_FOLLOW,WAITING_FOR_CENTERLINE,0.0,0.0,0.0,0.0,0.0,0.0,0.0,0.0,0.0,5.0,0.0,0.0,0.0,0.0,0.0,0.0,0.0,0.30000001192092896,0.20000000298023224,0.20000000298023224,0.15000000596046448,0.15000000596046448,1.0,1.0,1.0,1.0
complex_qaware_v018_r4,closed_loop,complex,full,1,0.18,True,45.045310771,1785050768.4628632,4.3661092950458595,0.03571354142520888,-0.0033244024728129582,0.0,0.00056259810159761,5.158997939124871,0.0,0.0,0.0,nan,nan,nan,nan,nan,nan,0.0,0.0,-0.05000000074505806,0.0,0.0,1,ROW_FOLLOW,WAITING_FOR_CENTERLINE,0.0,0.0,0.0,0.0,0.0,0.0,0.0,0.0,0.0,5.0,0.0,0.0,0.0,0.0,0.0,0.0,0.0,0.30000001192092896,0.20000000298023224,0.20000000298023224,0.15000000596046448,0.15000000596046448,1.0,1.0,1.0,1.0
complex_qaware_v018_r4,closed_loop,complex,full,1,0.18,True,45.095431043,1785050768.5129833,4.3661092950458595,0.03571354142520888,-0.0033286404620076495,0.0,0.0014742572230015314,5.158997939124871,0.0,0.0,0.0,nan,nan,nan,nan,nan,nan,0.0,0.0,-0.05000000074505806,0.0,0.0,0,ROW_FOLLOW,WAITING_FOR_CENTERLINE,0.0,0.0,0.0,0.0,0.0,0.0,0.0,0.0,0.0,0.0,0.0,0.0,0.0,0.0,0.0,0.0,0.0,0.30000001192092896,0.20000000298023224,0.20000000298023224,0.15000000596046448,0.15000000596046448,1.0,1.0,1.0,1.0
complex_qaware_v018_r4,closed_loop,complex,full,1,0.18,True,45.145397487,1785050768.5629497,4.3661092950458595,0.03571354142520888,-0.0033239850417401393,0.0,0.0003734018930036166,5.158997939124871,0.0,0.0,0.0,nan,nan,nan,nan,nan,nan,0.0,0.0,-0.05000000074505806,0.0,0.0,0,ROW_FOLLOW,WAITING_FOR_CENTERLINE,0.0,0.0,0.0,0.0,0.0,0.0,0.0,0.0,0.0,0.0,0.0,0.0,0.0,0.0,0.0,0.0,0.0,0.30000001192092896,0.20000000298023224,0.20000000298023224,0.15000000596046448,0.15000000596046448,1.0,1.0,1.0,1.0
complex_qaware_v018_r4,closed_loop,complex,full,1,0.18,True,45.197715064,1785050768.6152673,4.3661092950458595,0.03571354142520888,-0.0033257567941395996,0.0,0.0012269943139134659,5.158997939124871,0.0,0.0,0.0,nan,nan,nan,nan,nan,nan,0.0,0.0,-0.05000000074505806,0.0,0.0,0,ROW_FOLLOW,WAITING_FOR_CENTERLINE,0.0,0.0,0.0,0.0,0.0,0.0,0.0,0.0,0.0,1.0,0.0,0.0,0.0,0.0,0.0,0.0,0.0,0.30000001192092896,0.20000000298023224,0.20000000298023224,0.15000000596046448,0.15000000596046448,1.0,1.0,1.0,1.0
complex_qaware_v018_r4,closed_loop,complex,full,1,0.18,True,45.245286247,1785050768.6628385,4.3661092950458595,0.03571354142520888,-0.003283077966358404,0.0,0.0016447221518329934,5.158997939124871,0.0,0.0,0.0,nan,nan,nan,nan,nan,nan,0.0,0.0,-0.05000000074505806,0.0,0.0,0,ROW_FOLLOW,WAITING_FOR_CENTERLINE,0.0,0.0,0.0,0.0,0.0,0.0,0.0,0.0,0.0,1.0,0.0,0.0,0.0,0.0,0.0,0.0,0.0,0.30000001192092896,0.20000000298023224,0.20000000298023224,0.15000000596046448,0.15000000596046448,1.0,1.0,1.0,1.0
complex_qaware_v018_r4,closed_loop,complex,full,1,0.18,True,45.296697368,1785050768.7142496,4.3661092950458595,0.03571354142520888,-0.003281326160893716,0.0,0.0010622200915583106,5.158997939124871,0.0,0.0,0.0,nan,nan,nan,nan,nan,nan,0.0,0.0,-0.05000000074505806,0.0,0.0,0,ROW_FOLLOW,WAITING_FOR_CENTERLINE,0.0,0.0,0.0,0.0,0.0,0.0,0.0,0.0,0.0,2.0,0.0,0.0,0.0,0.0,0.0,0.0,0.0,0.30000001192092896,0.20000000298023224,0.20000000298023224,0.15000000596046448,0.15000000596046448,1.0,1.0,1.0,1.0
complex_qaware_v018_r4,closed_loop,complex,full,1,0.18,True,45.345354979,1785050768.762907,4.3661092950458595,0.03571354142520888,-0.0032884640715900044,0.0,0.0010282015157510123,5.158997939124871,0.0,0.0,0.0,nan,nan,nan,nan,nan,nan,0.0,0.0,-0.05000000074505806,0.0,0.0,0,ROW_FOLLOW,WAITING_FOR_CENTERLINE,0.0,0.0,0.0,0.0,0.0,0.0,0.0,0.0,0.0,2.0,0.0,0.0,0.0,0.0,0.0,0.0,0.0,0.30000001192092896,0.20000000298023224,0.20000000298023224,0.15000000596046448,0.15000000596046448,1.0,1.0,1.0,1.0
complex_qaware_v018_r4,closed_loop,complex,full,1,0.18,True,45.398586083,1785050768.8161383,4.3661092950458595,0.03571354142520888,-0.003288018763194068,0.0,0.000995872737065303,5.158997939124871,0.0,0.0,0.0,nan,nan,nan,nan,nan,nan,0.0,0.0,-0.05000000074505806,0.0,0.0,0,ROW_FOLLOW,WAITING_FOR_CENTERLINE,0.0,0.0,0.0,0.0,0.0,0.0,0.0,0.0,0.0,3.0,0.0,0.0,0.0,0.0,0.0,0.0,0.0,0.30000001192092896,0.20000000298023224,0.20000000298023224,0.15000000596046448,0.15000000596046448,1.0,1.0,1.0,1.0
complex_qaware_v018_r4,closed_loop,complex,full,1,0.18,True,45.4457778,1785050768.8633301,4.3661092950458595,0.03571354142520888,-0.0033204461420357494,0.0,0.0008582004109786586,5.158997939124871,0.0,0.0,0.0,nan,nan,nan,nan,nan,nan,0.0,0.0,-0.05000000074505806,0.0,0.0,0,ROW_FOLLOW,WAITING_FOR_CENTERLINE,0.0,0.0,0.0,0.0,0.0,0.0,0.0,0.0,0.0,3.0,0.0,0.0,0.0,0.0,0.0,0.0,0.0,0.30000001192092896,0.20000000298023224,0.20000000298023224,0.15000000596046448,0.15000000596046448,1.0,1.0,1.0,1.0
complex_qaware_v018_r4,closed_loop,complex,full,1,0.18,True,45.495621713,1785050768.913174,4.3661092950458595,0.03571354142520888,-0.00332745744789964,0.0,0.0011069067842130326,5.158997939124871,0.0,0.0,0.0,nan,nan,nan,nan,nan,nan,0.0,0.0,-0.05000000074505806,0.0,0.0,0,ROW_FOLLOW,WAITING_FOR_CENTERLINE,0.0,0.0,0.0,0.0,0.0,0.0,0.0,0.0,0.0,4.0,0.0,0.0,0.0,0.0,0.0,0.0,0.0,0.30000001192092896,0.20000000298023224,0.20000000298023224,0.15000000596046448,0.15000000596046448,1.0,1.0,1.0,1.0
complex_qaware_v018_r4,closed_loop,complex,full,1,0.18,True,45.545258485,1785050768.9628105,4.3661092950458595,0.03571354142520888,-0.003302054058011538,0.0,0.0013332058581105588,5.158997939124871,0.0,0.0,0.0,nan,nan,nan,nan,nan,nan,0.0,0.0,-0.05000000074505806,0.0,0.0,0,ROW_FOLLOW,WAITING_FOR_CENTERLINE,0.0,0.0,0.0,0.0,0.0,0.0,0.0,0.0,0.0,4.0,0.0,0.0,0.0,0.0,0.0,0.0,0.0,0.30000001192092896,0.20000000298023224,0.20000000298023224,0.15000000596046448,0.15000000596046448,1.0,1.0,1.0,1.0
complex_qaware_v018_r4,closed_loop,complex,full,1,0.18,True,45.595371237,1785050769.0129235,4.3661092950458595,0.03571354142520888,-0.0032940455247461036,0.0,0.0016542705198286645,5.158997939124871,0.0,0.0,0.0,nan,nan,nan,nan,nan,nan,0.0,0.0,-0.05000000074505806,0.0,0.0,1,ROW_FOLLOW,WAITING_FOR_CENTERLINE,0.0,0.0,0.0,0.0,0.0,0.0,0.0,0.0,0.0,5.0,0.0,0.0,0.0,0.0,0.0,0.0,0.0,0.30000001192092896,0.20000000298023224,0.20000000298023224,0.15000000596046448,0.15000000596046448,1.0,1.0,1.0,1.0
complex_qaware_v018_r4,closed_loop,complex,full,1,0.18,True,45.645298481,1785050769.0628507,4.3661092950458595,0.03571354142520888,-0.0032935635755704244,0.0,0.0012825639812043502,5.158997939124871,0.0,0.0,0.0,nan,nan,nan,nan,nan,nan,0.0,0.0,-0.05000000074505806,0.0,0.0,1,ROW_FOLLOW,WAITING_FOR_CENTERLINE,0.0,0.0,0.0,0.0,0.0,0.0,0.0,0.0,0.0,5.0,0.0,0.0,0.0,0.0,0.0,0.0,0.0,0.30000001192092896,0.20000000298023224,0.20000000298023224,0.15000000596046448,0.15000000596046448,1.0,1.0,1.0,1.0
complex_qaware_v018_r4,closed_loop,complex,full,1,0.18,True,45.695707529,1785050769.1132598,4.3661092950458595,0.03571354142520888,-0.003290468437701311,0.0,0.0007824359140708634,5.158997939124871,0.0,0.0,0.0,nan,nan,nan,nan,nan,nan,0.0,0.0,-0.05000000074505806,0.0,0.0,0,ROW_FOLLOW,WAITING_FOR_CENTERLINE,0.0,0.0,0.0,0.0,0.0,0.0,0.0,0.0,0.0,0.0,0.0,0.0,0.0,0.0,0.0,0.0,0.0,0.30000001192092896,0.20000000298023224,0.20000000298023224,0.15000000596046448,0.15000000596046448,1.0,1.0,1.0,1.0
complex_qaware_v018_r4,closed_loop,complex,full,1,0.18,True,45.745688439,1785050769.1632407,4.3661092950458595,0.03571354142520888,-0.0032993321120309287,0.0,0.0007294232241891927,5.158997939124871,0.0,0.0,0.0,nan,nan,nan,nan,nan,nan,0.0,0.0,-0.05000000074505806,0.0,0.0,0,ROW_FOLLOW,WAITING_FOR_CENTERLINE,0.0,0.0,0.0,0.0,0.0,0.0,0.0,0.0,0.0,0.0,0.0,0.0,0.0,0.0,0.0,0.0,0.0,0.30000001192092896,0.20000000298023224,0.20000000298023224,0.15000000596046448,0.15000000596046448,1.0,1.0,1.0,1.0
complex_qaware_v018_r4,closed_loop,complex,full,1,0.18,True,45.795266681,1785050769.2128189,4.3661092950458595,0.03571354142520888,-0.0032879931119755824,0.0,0.0015434311963089576,5.158997939124871,0.0,0.0,0.0,nan,nan,nan,nan,nan,nan,0.0,0.0,-0.05000000074505806,0.0,0.0,0,ROW_FOLLOW,WAITING_FOR_CENTERLINE,0.0,0.0,0.0,0.0,0.0,0.0,0.0,0.0,0.0,1.0,0.0,0.0,0.0,0.0,0.0,0.0,0.0,0.30000001192092896,0.20000000298023224,0.20000000298023224,0.15000000596046448,0.15000000596046448,1.0,1.0,1.0,1.0
complex_qaware_v018_r4,closed_loop,complex,full,1,0.18,True,45.84514666,1785050769.2626991,4.3661092950458595,0.03571354142520888,-0.0032924482538052593,0.0,0.00036381968334439803,5.158997939124871,0.0,0.0,0.0,nan,nan,nan,nan,nan,nan,0.0,0.0,-0.05000000074505806,0.0,0.0,0,ROW_FOLLOW,WAITING_FOR_CENTERLINE,0.0,0.0,0.0,0.0,0.0,0.0,0.0,0.0,0.0,1.0,0.0,0.0,0.0,0.0,0.0,0.0,0.0,0.30000001192092896,0.20000000298023224,0.20000000298023224,0.15000000596046448,0.15000000596046448,1.0,1.0,1.0,1.0
complex_qaware_v018_r4,closed_loop,complex,full,1,0.18,True,45.895608894,1785050769.3131611,4.3661092950458595,0.03571354142520888,-0.0032861475890149094,0.0,0.0011261615652195347,5.158997939124871,0.0,0.0,0.0,nan,nan,nan,nan,nan,nan,0.0,0.0,-0.05000000074505806,0.0,0.0,0,ROW_FOLLOW,WAITING_FOR_CENTERLINE,0.0,0.0,0.0,0.0,0.0,0.0,0.0,0.0,0.0,2.0,0.0,0.0,0.0,0.0,0.0,0.0,0.0,0.30000001192092896,0.20000000298023224,0.20000000298023224,0.15000000596046448,0.15000000596046448,1.0,1.0,1.0,1.0
complex_qaware_v018_r4,closed_loop,complex,full,1,0.18,True,45.946023575,1785050769.3635757,4.3661092950458595,0.03571354142520888,-0.003297011995462285,0.0,0.0015455984938139236,5.158997939124871,0.0,0.0,0.0,nan,nan,nan,nan,nan,nan,0.0,0.0,-0.05000000074505806,0.0,0.0,0,ROW_FOLLOW,WAITING_FOR_CENTERLINE,0.0,0.0,0.0,0.0,0.0,0.0,0.0,0.0,0.0,2.0,0.0,0.0,0.0,0.0,0.0,0.0,0.0,0.30000001192092896,0.20000000298023224,0.20000000298023224,0.15000000596046448,0.15000000596046448,1.0,1.0,1.0,1.0
complex_qaware_v018_r4,closed_loop,complex,full,1,0.18,True,45.995401716,1785050769.4129539,4.3661092950458595,0.03571354142520888,-0.0032908247468181897,0.0,0.0008329316517795755,5.158997939124871,0.0,0.0,0.0,nan,nan,nan,nan,nan,nan,0.0,0.0,-0.05000000074505806,0.0,0.0,0,ROW_FOLLOW,WAITING_FOR_CENTERLINE,0.0,0.0,0.0,0.0,0.0,0.0,0.0,0.0,0.0,3.0,0.0,0.0,0.0,0.0,0.0,0.0,0.0,0.30000001192092896,0.20000000298023224,0.20000000298023224,0.15000000596046448,0.15000000596046448,1.0,1.0,1.0,1.0
complex_qaware_v018_r4,closed_loop,complex,full,1,0.18,True,46.045420195,1785050769.4629724,4.3661092950458595,0.03571354142520888,-0.003286462255841727,0.0,0.0007507788446167791,5.158997939124871,0.0,0.0,0.0,nan,nan,nan,nan,nan,nan,0.0,0.0,-0.05000000074505806,0.0,0.0,0,ROW_FOLLOW,WAITING_FOR_CENTERLINE,0.0,0.0,0.0,0.0,0.0,0.0,0.0,0.0,0.0,3.0,0.0,0.0,0.0,0.0,0.0,0.0,0.0,0.30000001192092896,0.20000000298023224,0.20000000298023224,0.15000000596046448,0.15000000596046448,1.0,1.0,1.0,1.0
complex_qaware_v018_r4,closed_loop,complex,full,1,0.18,True,46.095438033,1785050769.5129902,4.3661092950458595,0.03571354142520888,-0.0033207048588681514,0.0,0.00038875303444713756,5.158997939124871,0.0,0.0,0.0,nan,nan,nan,nan,nan,nan,0.0,0.0,-0.05000000074505806,0.0,0.0,0,ROW_FOLLOW,WAITING_FOR_CENTERLINE,0.0,0.0,0.0,0.0,0.0,0.0,0.0,0.0,0.0,4.0,0.0,0.0,0.0,0.0,0.0,0.0,0.0,0.30000001192092896,0.20000000298023224,0.20000000298023224,0.15000000596046448,0.15000000596046448,1.0,1.0,1.0,1.0
complex_qaware_v018_r4,closed_loop,complex,full,1,0.18,True,46.145311195,1785050769.5628633,4.3661092950458595,0.03571354142520888,-0.003318324561360165,0.0,0.0012169555901232392,5.158997939124871,0.0,0.0,0.0,nan,nan,nan,nan,nan,nan,0.0,0.0,-0.05000000074505806,0.0,0.0,0,ROW_FOLLOW,WAITING_FOR_CENTERLINE,0.0,0.0,0.0,0.0,0.0,0.0,0.0,0.0,0.0,4.0,0.0,0.0,0.0,0.0,0.0,0.0,0.0,0.30000001192092896,0.20000000298023224,0.20000000298023224,0.15000000596046448,0.15000000596046448,1.0,1.0,1.0,1.0
complex_qaware_v018_r4,closed_loop,complex,full,1,0.18,True,46.19542782,1785050769.61298,4.3661092950458595,0.03571354142520888,-0.003317807082117596,0.0,0.001193287483287463,5.158997939124871,0.0,0.0,0.0,nan,nan,nan,nan,nan,nan,0.0,0.0,-0.05000000074505806,0.0,0.0,1,ROW_FOLLOW,WAITING_FOR_CENTERLINE,0.0,0.0,0.0,0.0,0.0,0.0,0.0,0.0,0.0,5.0,0.0,0.0,0.0,0.0,0.0,0.0,0.0,0.30000001192092896,0.20000000298023224,0.20000000298023224,0.15000000596046448,0.15000000596046448,1.0,1.0,1.0,1.0
complex_qaware_v018_r4,closed_loop,complex,full,1,0.18,True,46.245270966,1785050769.6628232,4.3661092950458595,0.03571354142520888,-0.003339119221640985,0.0,0.00117193882090888,5.158997939124871,0.0,0.0,0.0,nan,nan,nan,nan,nan,nan,0.0,0.0,-0.05000000074505806,0.0,0.0,1,ROW_FOLLOW,WAITING_FOR_CENTERLINE,0.0,0.0,0.0,0.0,0.0,0.0,0.0,0.0,0.0,5.0,0.0,0.0,0.0,0.0,0.0,0.0,0.0,0.30000001192092896,0.20000000298023224,0.20000000298023224,0.15000000596046448,0.15000000596046448,1.0,1.0,1.0,1.0
complex_qaware_v018_r4,closed_loop,complex,full,1,0.18,True,46.295497898,1785050769.7130501,4.3661092950458595,0.03571354142520888,-0.003322692005289785,0.0,0.001068594450417139,5.158997939124871,0.0,0.0,0.0,nan,nan,nan,nan,nan,nan,0.0,0.0,-0.05000000074505806,0.0,0.0,0,ROW_FOLLOW,WAITING_FOR_CENTERLINE,0.0,0.0,0.0,0.0,0.0,0.0,0.0,0.0,0.0,0.0,0.0,0.0,0.0,0.0,0.0,0.0,0.0,0.30000001192092896,0.20000000298023224,0.20000000298023224,0.15000000596046448,0.15000000596046448,1.0,1.0,1.0,1.0
complex_qaware_v018_r4,closed_loop,complex,full,1,0.18,True,46.34520616,1785050769.7627585,4.3661092950458595,0.03571354142520888,-0.0033162430373145932,0.0,0.0010531801494095003,5.158997939124871,0.0,0.0,0.0,nan,nan,nan,nan,nan,nan,0.0,0.0,-0.05000000074505806,0.0,0.0,0,ROW_FOLLOW,WAITING_FOR_CENTERLINE,0.0,0.0,0.0,0.0,0.0,0.0,0.0,0.0,0.0,0.0,0.0,0.0,0.0,0.0,0.0,0.0,0.0,0.30000001192092896,0.20000000298023224,0.20000000298023224,0.15000000596046448,0.15000000596046448,1.0,1.0,1.0,1.0
complex_qaware_v018_r4,closed_loop,complex,full,1,0.18,True,46.395505542,1785050769.813058,4.3661092950458595,0.03571354142520888,-0.00333941222546752,0.0,0.0005789689641075858,5.158997939124871,0.0,0.0,0.0,nan,nan,nan,nan,nan,nan,0.0,0.0,-0.05000000074505806,0.0,0.0,0,ROW_FOLLOW,WAITING_FOR_CENTERLINE,0.0,0.0,0.0,0.0,0.0,0.0,0.0,0.0,0.0,1.0,0.0,0.0,0.0,0.0,0.0,0.0,0.0,0.30000001192092896,0.20000000298023224,0.20000000298023224,0.15000000596046448,0.15000000596046448,1.0,1.0,1.0,1.0
complex_qaware_v018_r4,closed_loop,complex,full,1,0.18,True,46.445267469,1785050769.86282,4.3661092950458595,0.03571354142520888,-0.003330760861344208,0.0,0.0005875753462971249,5.158997939124871,0.0,0.0,0.0,nan,nan,nan,nan,nan,nan,0.0,0.0,-0.05000000074505806,0.0,0.0,0,ROW_FOLLOW,WAITING_FOR_CENTERLINE,0.0,0.0,0.0,0.0,0.0,0.0,0.0,0.0,0.0,1.0,0.0,0.0,0.0,0.0,0.0,0.0,0.0,0.30000001192092896,0.20000000298023224,0.20000000298023224,0.15000000596046448,0.15000000596046448,1.0,1.0,1.0,1.0
complex_qaware_v018_r4,closed_loop,complex,full,1,0.18,True,46.496996456,1785050769.9145486,4.3661092950458595,0.03571354142520888,-0.003342995072917356,0.0,0.001062277189745386,5.158997939124871,0.0,0.0,0.0,nan,nan,nan,nan,nan,nan,0.0,0.0,-0.05000000074505806,0.0,0.0,0,ROW_FOLLOW,WAITING_FOR_CENTERLINE,0.0,0.0,0.0,0.0,0.0,0.0,0.0,0.0,0.0,2.0,0.0,0.0,0.0,0.0,0.0,0.0,0.0,0.30000001192092896,0.20000000298023224,0.20000000298023224,0.15000000596046448,0.15000000596046448,1.0,1.0,1.0,1.0
complex_qaware_v018_r4,closed_loop,complex,full,1,0.18,True,46.545302826,1785050769.962855,4.3661092950458595,0.03571354142520888,-0.0033122193651289322,0.0,0.00192090208567892,5.158997939124871,0.0,0.0,0.0,nan,nan,nan,nan,nan,nan,0.0,0.0,-0.05000000074505806,0.0,0.0,0,ROW_FOLLOW,WAITING_FOR_CENTERLINE,0.0,0.0,0.0,0.0,0.0,0.0,0.0,0.0,0.0,2.0,0.0,0.0,0.0,0.0,0.0,0.0,0.0,0.30000001192092896,0.20000000298023224,0.20000000298023224,0.15000000596046448,0.15000000596046448,1.0,1.0,1.0,1.0
complex_qaware_v018_r4,closed_loop,complex,full,1,0.18,True,46.596324658,1785050770.013877,4.3661092950458595,0.03571354142520888,-0.0033027284767315193,0.0,0.0012410848033145758,5.158997939124871,0.0,0.0,0.0,nan,nan,nan,nan,nan,nan,0.0,0.0,-0.05000000074505806,0.0,0.0,0,ROW_FOLLOW,WAITING_FOR_CENTERLINE,0.0,0.0,0.0,0.0,0.0,0.0,0.0,0.0,0.0,3.0,0.0,0.0,0.0,0.0,0.0,0.0,0.0,0.30000001192092896,0.20000000298023224,0.20000000298023224,0.15000000596046448,0.15000000596046448,1.0,1.0,1.0,1.0
complex_qaware_v018_r4,closed_loop,complex,full,1,0.18,True,46.645326119,1785050770.0628784,4.3661092950458595,0.03571354142520888,-0.003326153867486692,0.0,0.0006594061541116812,5.158997939124871,0.0,0.0,0.0,nan,nan,nan,nan,nan,nan,0.0,0.0,-0.05000000074505806,0.0,0.0,0,ROW_FOLLOW,WAITING_FOR_CENTERLINE,0.0,0.0,0.0,0.0,0.0,0.0,0.0,0.0,0.0,3.0,0.0,0.0,0.0,0.0,0.0,0.0,0.0,0.30000001192092896,0.20000000298023224,0.20000000298023224,0.15000000596046448,0.15000000596046448,1.0,1.0,1.0,1.0
complex_qaware_v018_r4,closed_loop,complex,full,1,0.18,True,46.696493044,1785050770.1140451,4.3661092950458595,0.03571354142520888,-0.003339412573562849,0.0,0.0013969545901753463,5.158997939124871,0.0,0.0,0.0,nan,nan,nan,nan,nan,nan,0.0,0.0,-0.05000000074505806,0.0,0.0,0,ROW_FOLLOW,WAITING_FOR_CENTERLINE,0.0,0.0,0.0,0.0,0.0,0.0,0.0,0.0,0.0,4.0,0.0,0.0,0.0,0.0,0.0,0.0,0.0,0.30000001192092896,0.20000000298023224,0.20000000298023224,0.15000000596046448,0.15000000596046448,1.0,1.0,1.0,1.0
complex_qaware_v018_r4,closed_loop,complex,full,1,0.18,True,46.745369413,1785050770.1629217,4.3661092950458595,0.03571354142520888,-0.003337084604489338,0.0,0.001079633474532279,5.158997939124871,0.0,0.0,0.0,nan,nan,nan,nan,nan,nan,0.0,0.0,-0.05000000074505806,0.0,0.0,0,ROW_FOLLOW,WAITING_FOR_CENTERLINE,0.0,0.0,0.0,0.0,0.0,0.0,0.0,0.0,0.0,4.0,0.0,0.0,0.0,0.0,0.0,0.0,0.0,0.30000001192092896,0.20000000298023224,0.20000000298023224,0.15000000596046448,0.15000000596046448,1.0,1.0,1.0,1.0
complex_qaware_v018_r4,closed_loop,complex,full,1,0.18,True,46.796369613,1785050770.2139218,4.3661092950458595,0.03571354142520888,-0.00331506277779914,0.0,0.0013675009281780256,5.158997939124871,0.0,0.0,0.0,nan,nan,nan,nan,nan,nan,0.0,0.0,-0.05000000074505806,0.0,0.0,1,ROW_FOLLOW,WAITING_FOR_CENTERLINE,0.0,0.0,0.0,0.0,0.0,0.0,0.0,0.0,0.0,5.0,0.0,0.0,0.0,0.0,0.0,0.0,0.0,0.30000001192092896,0.20000000298023224,0.20000000298023224,0.15000000596046448,0.15000000596046448,1.0,1.0,1.0,1.0
complex_qaware_v018_r4,closed_loop,complex,full,1,0.18,True,46.845407491,1785050770.2629597,4.3661092950458595,0.03571354142520888,-0.003319264749285011,0.0,0.0013945158742172026,5.158997939124871,0.0,0.0,0.0,nan,nan,nan,nan,nan,nan,0.0,0.0,-0.05000000074505806,0.0,0.0,1,ROW_FOLLOW,WAITING_FOR_CENTERLINE,0.0,0.0,0.0,0.0,0.0,0.0,0.0,0.0,0.0,5.0,0.0,0.0,0.0,0.0,0.0,0.0,0.0,0.30000001192092896,0.20000000298023224,0.20000000298023224,0.15000000596046448,0.15000000596046448,1.0,1.0,1.0,1.0
complex_qaware_v018_r4,closed_loop,complex,full,1,0.18,True,46.895430002,1785050770.3129823,4.3661092950458595,0.03571354142520888,-0.003310730452485978,0.0,0.001240421136572169,5.158997939124871,0.0,0.0,0.0,nan,nan,nan,nan,nan,nan,0.0,0.0,-0.05000000074505806,0.0,0.0,0,ROW_FOLLOW,WAITING_FOR_CENTERLINE,0.0,0.0,0.0,0.0,0.0,0.0,0.0,0.0,0.0,0.0,0.0,0.0,0.0,0.0,0.0,0.0,0.0,0.30000001192092896,0.20000000298023224,0.20000000298023224,0.15000000596046448,0.15000000596046448,1.0,1.0,1.0,1.0
complex_qaware_v018_r4,closed_loop,complex,full,1,0.18,True,46.945456993,1785050770.3630092,4.3661092950458595,0.03571354142520888,-0.0033094849010404386,0.0,0.0010178213419835339,5.158997939124871,0.0,0.0,0.0,nan,nan,nan,nan,nan,nan,0.0,0.0,-0.05000000074505806,0.0,0.0,0,ROW_FOLLOW,WAITING_FOR_CENTERLINE,0.0,0.0,0.0,0.0,0.0,0.0,0.0,0.0,0.0,0.0,0.0,0.0,0.0,0.0,0.0,0.0,0.0,0.30000001192092896,0.20000000298023224,0.20000000298023224,0.15000000596046448,0.15000000596046448,1.0,1.0,1.0,1.0
complex_qaware_v018_r4,closed_loop,complex,full,1,0.18,True,46.996729937,1785050770.4142823,4.3661092950458595,0.03571354142520888,-0.003300636132987922,0.0,0.0006896125874817304,5.158997939124871,0.0,0.0,0.0,nan,nan,nan,nan,nan,nan,0.0,0.0,-0.05000000074505806,0.0,0.0,0,ROW_FOLLOW,WAITING_FOR_CENTERLINE,0.0,0.0,0.0,0.0,0.0,0.0,0.0,0.0,0.0,1.0,0.0,0.0,0.0,0.0,0.0,0.0,0.0,0.30000001192092896,0.20000000298023224,0.20000000298023224,0.15000000596046448,0.15000000596046448,1.0,1.0,1.0,1.0
complex_qaware_v018_r4,closed_loop,complex,full,1,0.18,True,47.045268761,1785050770.462821,4.3661092950458595,0.03571354142520888,-0.003322870015859179,0.0,0.0011363679539758012,5.158997939124871,0.0,0.0,0.0,nan,nan,nan,nan,nan,nan,0.0,0.0,-0.05000000074505806,0.0,0.0,0,ROW_FOLLOW,WAITING_FOR_CENTERLINE,0.0,0.0,0.0,0.0,0.0,0.0,0.0,0.0,0.0,1.0,0.0,0.0,0.0,0.0,0.0,0.0,0.0,0.30000001192092896,0.20000000298023224,0.20000000298023224,0.15000000596046448,0.15000000596046448,1.0,1.0,1.0,1.0
complex_qaware_v018_r4,closed_loop,complex,full,1,0.18,True,47.095663794,1785050770.513216,4.3661092950458595,0.03571354142520888,-0.0032969609493140872,0.0,0.0017198568028688444,5.158997939124871,0.0,0.0,0.0,nan,nan,nan,nan,nan,nan,0.0,0.0,-0.05000000074505806,0.0,0.0,0,ROW_FOLLOW,WAITING_FOR_CENTERLINE,0.0,0.0,0.0,0.0,0.0,0.0,0.0,0.0,0.0,2.0,0.0,0.0,0.0,0.0,0.0,0.0,0.0,0.30000001192092896,0.20000000298023224,0.20000000298023224,0.15000000596046448,0.15000000596046448,1.0,1.0,1.0,1.0
complex_qaware_v018_r4,closed_loop,complex,full,1,0.18,True,47.145361049,1785050770.5629132,4.3661092950458595,0.03571354142520888,-0.003317468962218848,0.0,0.0012827289963894231,5.158997939124871,0.0,0.0,0.0,nan,nan,nan,nan,nan,nan,0.0,0.0,-0.05000000074505806,0.0,0.0,0,ROW_FOLLOW,WAITING_FOR_CENTERLINE,0.0,0.0,0.0,0.0,0.0,0.0,0.0,0.0,0.0,2.0,0.0,0.0,0.0,0.0,0.0,0.0,0.0,0.30000001192092896,0.20000000298023224,0.20000000298023224,0.15000000596046448,0.15000000596046448,1.0,1.0,1.0,1.0
complex_qaware_v018_r4,closed_loop,complex,full,1,0.18,True,47.197140245,1785050770.6146927,4.3661092950458595,0.03571354142520888,-0.0033218621457122843,0.0,0.0011132257005674396,5.158997939124871,0.0,0.0,0.0,nan,nan,nan,nan,nan,nan,0.0,0.0,-0.05000000074505806,0.0,0.0,0,ROW_FOLLOW,WAITING_FOR_CENTERLINE,0.0,0.0,0.0,0.0,0.0,0.0,0.0,0.0,0.0,3.0,0.0,0.0,0.0,0.0,0.0,0.0,0.0,0.30000001192092896,0.20000000298023224,0.20000000298023224,0.15000000596046448,0.15000000596046448,1.0,1.0,1.0,1.0
complex_qaware_v018_r4,closed_loop,complex,full,1,0.18,True,47.245371158,1785050770.6629236,4.3661092950458595,0.03571354142520888,-0.0033300188210843022,0.0,0.0012373189552575515,5.158997939124871,0.0,0.0,0.0,nan,nan,nan,nan,nan,nan,0.0,0.0,-0.05000000074505806,0.0,0.0,0,ROW_FOLLOW,WAITING_FOR_CENTERLINE,0.0,0.0,0.0,0.0,0.0,0.0,0.0,0.0,0.0,3.0,0.0,0.0,0.0,0.0,0.0,0.0,0.0,0.30000001192092896,0.20000000298023224,0.20000000298023224,0.15000000596046448,0.15000000596046448,1.0,1.0,1.0,1.0
complex_qaware_v018_r4,closed_loop,complex,full,1,0.18,True,47.296429248,1785050770.7139814,4.3661092950458595,0.03571354142520888,-0.00333089826914046,0.0,0.0010641676577212182,5.158997939124871,0.0,0.0,0.0,nan,nan,nan,nan,nan,nan,0.0,0.0,-0.05000000074505806,0.0,0.0,0,ROW_FOLLOW,WAITING_FOR_CENTERLINE,0.0,0.0,0.0,0.0,0.0,0.0,0.0,0.0,0.0,4.0,0.0,0.0,0.0,0.0,0.0,0.0,0.0,0.30000001192092896,0.20000000298023224,0.20000000298023224,0.15000000596046448,0.15000000596046448,1.0,1.0,1.0,1.0
complex_qaware_v018_r4,closed_loop,complex,full,1,0.18,True,47.345209455,1785050770.7627618,4.3661092950458595,0.03571354142520888,-0.003345801061244825,0.0,-8.098853898528688e-05,5.158997939124871,0.0,0.0,0.0,nan,nan,nan,nan,nan,nan,0.0,0.0,-0.05000000074505806,0.0,0.0,0,ROW_FOLLOW,WAITING_FOR_CENTERLINE,0.0,0.0,0.0,0.0,0.0,0.0,0.0,0.0,0.0,4.0,0.0,0.0,0.0,0.0,0.0,0.0,0.0,0.30000001192092896,0.20000000298023224,0.20000000298023224,0.15000000596046448,0.15000000596046448,1.0,1.0,1.0,1.0
complex_qaware_v018_r4,closed_loop,complex,full,1,0.18,True,47.395792429,1785050770.8133447,4.3661092950458595,0.03571354142520888,-0.003334592890417378,0.0,0.002322216047865103,5.158997939124871,0.0,0.0,0.0,nan,nan,nan,nan,nan,nan,0.0,0.0,-0.05000000074505806,0.0,0.0,1,ROW_FOLLOW,WAITING_FOR_CENTERLINE,0.0,0.0,0.0,0.0,0.0,0.0,0.0,0.0,0.0,5.0,0.0,0.0,0.0,0.0,0.0,0.0,0.0,0.30000001192092896,0.20000000298023224,0.20000000298023224,0.15000000596046448,0.15000000596046448,1.0,1.0,1.0,1.0
complex_qaware_v018_r4,closed_loop,complex,full,1,0.18,True,47.445249613,1785050770.862802,4.3661092950458595,0.03571354142520888,-0.0033097376946340518,0.0,0.0014012294615513541,5.158997939124871,0.0,0.0,0.0,nan,nan,nan,nan,nan,nan,0.0,0.0,-0.05000000074505806,0.0,0.0,1,ROW_FOLLOW,WAITING_FOR_CENTERLINE,0.0,0.0,0.0,0.0,0.0,0.0,0.0,0.0,0.0,5.0,0.0,0.0,0.0,0.0,0.0,0.0,0.0,0.30000001192092896,0.20000000298023224,0.20000000298023224,0.15000000596046448,0.15000000596046448,1.0,1.0,1.0,1.0
complex_qaware_v018_r4,closed_loop,complex,full,1,0.18,True,47.495654854,1785050770.913207,4.3661092950458595,0.03571354142520888,-0.003298921448026793,0.0,0.0010045204615318506,5.158997939124871,0.0,0.0,0.0,nan,nan,nan,nan,nan,nan,0.0,0.0,-0.05000000074505806,0.0,0.0,0,ROW_FOLLOW,WAITING_FOR_CENTERLINE,0.0,0.0,0.0,0.0,0.0,0.0,0.0,0.0,0.0,0.0,0.0,0.0,0.0,0.0,0.0,0.0,0.0,0.30000001192092896,0.20000000298023224,0.20000000298023224,0.15000000596046448,0.15000000596046448,1.0,1.0,1.0,1.0
complex_qaware_v018_r4,closed_loop,complex,full,1,0.18,True,47.545374157,1785050770.9629264,4.3661092950458595,0.03571354142520888,-0.0033164026792436027,0.0,0.0007542634447765458,5.158997939124871,0.0,0.0,0.0,nan,nan,nan,nan,nan,nan,0.0,0.0,-0.05000000074505806,0.0,0.0,0,ROW_FOLLOW,WAITING_FOR_CENTERLINE,0.0,0.0,0.0,0.0,0.0,0.0,0.0,0.0,0.0,0.0,0.0,0.0,0.0,0.0,0.0,0.0,0.0,0.30000001192092896,0.20000000298023224,0.20000000298023224,0.15000000596046448,0.15000000596046448,1.0,1.0,1.0,1.0
complex_qaware_v018_r4,closed_loop,complex,full,1,0.18,True,47.595915914,1785050771.0134683,4.3661092950458595,0.03571354142520888,-0.0033246841605971697,0.0,0.0012087221260692065,5.158997939124871,0.0,0.0,0.0,nan,nan,nan,nan,nan,nan,0.0,0.0,-0.05000000074505806,0.0,0.0,0,ROW_FOLLOW,WAITING_FOR_CENTERLINE,0.0,0.0,0.0,0.0,0.0,0.0,0.0,0.0,0.0,1.0,0.0,0.0,0.0,0.0,0.0,0.0,0.0,0.30000001192092896,0.20000000298023224,0.20000000298023224,0.15000000596046448,0.15000000596046448,1.0,1.0,1.0,1.0
complex_qaware_v018_r4,closed_loop,complex,full,1,0.18,True,47.645201639,1785050771.0627537,4.3661092950458595,0.03571354142520888,-0.003307968740940304,0.0,0.001267076874354051,5.158997939124871,0.0,0.0,0.0,nan,nan,nan,nan,nan,nan,0.0,0.0,-0.05000000074505806,0.0,0.0,0,ROW_FOLLOW,WAITING_FOR_CENTERLINE,0.0,0.0,0.0,0.0,0.0,0.0,0.0,0.0,0.0,1.0,0.0,0.0,0.0,0.0,0.0,0.0,0.0,0.30000001192092896,0.20000000298023224,0.20000000298023224,0.15000000596046448,0.15000000596046448,1.0,1.0,1.0,1.0
complex_qaware_v018_r4,closed_loop,complex,full,1,0.18,True,47.696021515,1785050771.1135738,4.3661092950458595,0.03571354142520888,-0.0032816906623383,0.0,0.002074053009219746,5.158997939124871,0.0,0.0,0.0,nan,nan,nan,nan,nan,nan,0.0,0.0,-0.05000000074505806,0.0,0.0,0,ROW_FOLLOW,WAITING_FOR_CENTERLINE,0.0,0.0,0.0,0.0,0.0,0.0,0.0,0.0,0.0,2.0,0.0,0.0,0.0,0.0,0.0,0.0,0.0,0.30000001192092896,0.20000000298023224,0.20000000298023224,0.15000000596046448,0.15000000596046448,1.0,1.0,1.0,1.0
complex_qaware_v018_r4,closed_loop,complex,full,1,0.18,True,47.745619344,1785050771.1631715,4.3661092950458595,0.03571354142520888,-0.0032743907187526844,0.0,0.0013542510021261735,5.158997939124871,0.0,0.0,0.0,nan,nan,nan,nan,nan,nan,0.0,0.0,-0.05000000074505806,0.0,0.0,0,ROW_FOLLOW,WAITING_FOR_CENTERLINE,0.0,0.0,0.0,0.0,0.0,0.0,0.0,0.0,0.0,2.0,0.0,0.0,0.0,0.0,0.0,0.0,0.0,0.30000001192092896,0.20000000298023224,0.20000000298023224,0.15000000596046448,0.15000000596046448,1.0,1.0,1.0,1.0
complex_qaware_v018_r4,closed_loop,complex,full,1,0.18,True,47.795569886,1785050771.2131221,4.3661092950458595,0.03571354142520888,-0.003283558659611164,0.0,0.0010819487190309959,5.158997939124871,0.0,0.0,0.0,nan,nan,nan,nan,nan,nan,0.0,0.0,-0.05000000074505806,0.0,0.0,0,ROW_FOLLOW,WAITING_FOR_CENTERLINE,0.0,0.0,0.0,0.0,0.0,0.0,0.0,0.0,0.0,3.0,0.0,0.0,0.0,0.0,0.0,0.0,0.0,0.30000001192092896,0.20000000298023224,0.20000000298023224,0.15000000596046448,0.15000000596046448,1.0,1.0,1.0,1.0
complex_qaware_v018_r4,closed_loop,complex,full,1,0.18,True,47.845341447,1785050771.262894,4.3661092950458595,0.03571354142520888,-0.0032460654980006605,0.0,0.0016106526183393122,5.158997939124871,0.0,0.0,0.0,nan,nan,nan,nan,nan,nan,0.0,0.0,-0.05000000074505806,0.0,0.0,0,ROW_FOLLOW,WAITING_FOR_CENTERLINE,0.0,0.0,0.0,0.0,0.0,0.0,0.0,0.0,0.0,3.0,0.0,0.0,0.0,0.0,0.0,0.0,0.0,0.30000001192092896,0.20000000298023224,0.20000000298023224,0.15000000596046448,0.15000000596046448,1.0,1.0,1.0,1.0
complex_qaware_v018_r4,closed_loop,complex,full,1,0.18,True,47.895523739,1785050771.313076,4.3661092950458595,0.03571354142520888,-0.003236463043048588,0.0,0.0009131101557990682,5.158997939124871,0.0,0.0,0.0,nan,nan,nan,nan,nan,nan,0.0,0.0,-0.05000000074505806,0.0,0.0,0,ROW_FOLLOW,WAITING_FOR_CENTERLINE,0.0,0.0,0.0,0.0,0.0,0.0,0.0,0.0,0.0,4.0,0.0,0.0,0.0,0.0,0.0,0.0,0.0,0.30000001192092896,0.20000000298023224,0.20000000298023224,0.15000000596046448,0.15000000596046448,1.0,1.0,1.0,1.0
complex_qaware_v018_r4,closed_loop,complex,full,1,0.18,True,47.945381095,1785050771.3629332,4.3661092950458595,0.03571354142520888,-0.003232019122555663,0.0,0.0013023893753629444,5.158997939124871,0.0,0.0,0.0,nan,nan,nan,nan,nan,nan,0.0,0.0,-0.05000000074505806,0.0,0.0,0,ROW_FOLLOW,WAITING_FOR_CENTERLINE,0.0,0.0,0.0,0.0,0.0,0.0,0.0,0.0,0.0,4.0,0.0,0.0,0.0,0.0,0.0,0.0,0.0,0.30000001192092896,0.20000000298023224,0.20000000298023224,0.15000000596046448,0.15000000596046448,1.0,1.0,1.0,1.0
complex_qaware_v018_r4,closed_loop,complex,full,1,0.18,True,47.99640344,1785050771.4139557,4.3661092950458595,0.03571354142520888,-0.0032293280609505537,0.0,0.001236358795014407,5.158997939124871,0.0,0.0,0.0,nan,nan,nan,nan,nan,nan,0.0,0.0,-0.05000000074505806,0.0,0.0,1,ROW_FOLLOW,WAITING_FOR_CENTERLINE,0.0,0.0,0.0,0.0,0.0,0.0,0.0,0.0,0.0,5.0,0.0,0.0,0.0,0.0,0.0,0.0,0.0,0.30000001192092896,0.20000000298023224,0.20000000298023224,0.15000000596046448,0.15000000596046448,1.0,1.0,1.0,1.0
complex_qaware_v018_r4,closed_loop,complex,full,1,0.18,True,48.04574155,1785050771.4632938,4.3661092950458595,0.03571354142520888,-0.0032525153300859712,0.0,0.000986273901739626,5.158997939124871,0.0,0.0,0.0,nan,nan,nan,nan,nan,nan,0.0,0.0,-0.05000000074505806,0.0,0.0,1,ROW_FOLLOW,WAITING_FOR_CENTERLINE,0.0,0.0,0.0,0.0,0.0,0.0,0.0,0.0,0.0,5.0,0.0,0.0,0.0,0.0,0.0,0.0,0.0,0.30000001192092896,0.20000000298023224,0.20000000298023224,0.15000000596046448,0.15000000596046448,1.0,1.0,1.0,1.0
complex_qaware_v018_r4,closed_loop,complex,full,1,0.18,True,48.095433654,1785050771.512986,4.3661092950458595,0.03571354142520888,-0.0032609701209689295,0.0,0.0016232255187246319,5.158997939124871,0.0,0.0,0.0,nan,nan,nan,nan,nan,nan,0.0,0.0,-0.05000000074505806,0.0,0.0,0,ROW_FOLLOW,WAITING_FOR_CENTERLINE,0.0,0.0,0.0,0.0,0.0,0.0,0.0,0.0,0.0,0.0,0.0,0.0,0.0,0.0,0.0,0.0,0.0,0.30000001192092896,0.20000000298023224,0.20000000298023224,0.15000000596046448,0.15000000596046448,1.0,1.0,1.0,1.0
complex_qaware_v018_r4,closed_loop,complex,full,1,0.18,True,48.145418116,1785050771.5629704,4.3661092950458595,0.03571354142520888,-0.0032686676170148327,0.0,0.001138006306459664,5.158997939124871,0.0,0.0,0.0,nan,nan,nan,nan,nan,nan,0.0,0.0,-0.05000000074505806,0.0,0.0,0,ROW_FOLLOW,WAITING_FOR_CENTERLINE,0.0,0.0,0.0,0.0,0.0,0.0,0.0,0.0,0.0,0.0,0.0,0.0,0.0,0.0,0.0,0.0,0.0,0.30000001192092896,0.20000000298023224,0.20000000298023224,0.15000000596046448,0.15000000596046448,1.0,1.0,1.0,1.0
complex_qaware_v018_r4,closed_loop,complex,full,1,0.18,True,48.19544066,1785050771.612993,4.3661092950458595,0.03571354142520888,-0.003271338154623659,0.0,0.000854427282946704,5.158997939124871,0.0,0.0,0.0,nan,nan,nan,nan,nan,nan,0.0,0.0,-0.05000000074505806,0.0,0.0,0,ROW_FOLLOW,WAITING_FOR_CENTERLINE,0.0,0.0,0.0,0.0,0.0,0.0,0.0,0.0,0.0,1.0,0.0,0.0,0.0,0.0,0.0,0.0,0.0,0.30000001192092896,0.20000000298023224,0.20000000298023224,0.15000000596046448,0.15000000596046448,1.0,1.0,1.0,1.0
complex_qaware_v018_r4,closed_loop,complex,full,1,0.18,True,48.245332897,1785050771.6628852,4.3661092950458595,0.03571354142520888,-0.00330648031770142,0.0,0.00035110624422893233,5.158997939124871,0.0,0.0,0.0,nan,nan,nan,nan,nan,nan,0.0,0.0,-0.05000000074505806,0.0,0.0,0,ROW_FOLLOW,WAITING_FOR_CENTERLINE,0.0,0.0,0.0,0.0,0.0,0.0,0.0,0.0,0.0,1.0,0.0,0.0,0.0,0.0,0.0,0.0,0.0,0.30000001192092896,0.20000000298023224,0.20000000298023224,0.15000000596046448,0.15000000596046448,1.0,1.0,1.0,1.0
complex_qaware_v018_r4,closed_loop,complex,full,1,0.18,True,48.295291375,1785050771.7128434,4.3661092950458595,0.03571354142520888,-0.003321187142546923,0.0,0.0012231293808003757,5.158997939124871,0.0,0.0,0.0,nan,nan,nan,nan,nan,nan,0.0,0.0,-0.05000000074505806,0.0,0.0,0,ROW_FOLLOW,WAITING_FOR_CENTERLINE,0.0,0.0,0.0,0.0,0.0,0.0,0.0,0.0,0.0,2.0,0.0,0.0,0.0,0.0,0.0,0.0,0.0,0.30000001192092896,0.20000000298023224,0.20000000298023224,0.15000000596046448,0.15000000596046448,1.0,1.0,1.0,1.0
complex_qaware_v018_r4,closed_loop,complex,full,1,0.18,True,48.34529139,1785050771.7628436,4.3661092950458595,0.03571354142520888,-0.003359028619596138,0.0,-0.00021368197318767383,5.158997939124871,0.0,0.0,0.0,nan,nan,nan,nan,nan,nan,0.0,0.0,-0.05000000074505806,0.0,0.0,0,ROW_FOLLOW,WAITING_FOR_CENTERLINE,0.0,0.0,0.0,0.0,0.0,0.0,0.0,0.0,0.0,2.0,0.0,0.0,0.0,0.0,0.0,0.0,0.0,0.30000001192092896,0.20000000298023224,0.20000000298023224,0.15000000596046448,0.15000000596046448,1.0,1.0,1.0,1.0
complex_qaware_v018_r4,closed_loop,complex,full,1,0.18,True,48.395494674,1785050771.813047,4.3661092950458595,0.03571354142520888,-0.003345057271608277,0.0,0.001757534358403829,5.158997939124871,0.0,0.0,0.0,nan,nan,nan,nan,nan,nan,0.0,0.0,-0.05000000074505806,0.0,0.0,0,ROW_FOLLOW,WAITING_FOR_CENTERLINE,0.0,0.0,0.0,0.0,0.0,0.0,0.0,0.0,0.0,3.0,0.0,0.0,0.0,0.0,0.0,0.0,0.0,0.30000001192092896,0.20000000298023224,0.20000000298023224,0.15000000596046448,0.15000000596046448,1.0,1.0,1.0,1.0
complex_qaware_v018_r4,closed_loop,complex,full,1,0.18,True,48.445422848,1785050771.862975,4.3661092950458595,0.03571354142520888,-0.0033327273218728406,0.0,0.001100686297266748,5.158997939124871,0.0,0.0,0.0,nan,nan,nan,nan,nan,nan,0.0,0.0,-0.05000000074505806,0.0,0.0,0,ROW_FOLLOW,WAITING_FOR_CENTERLINE,0.0,0.0,0.0,0.0,0.0,0.0,0.0,0.0,0.0,3.0,0.0,0.0,0.0,0.0,0.0,0.0,0.0,0.30000001192092896,0.20000000298023224,0.20000000298023224,0.15000000596046448,0.15000000596046448,1.0,1.0,1.0,1.0
complex_qaware_v018_r4,closed_loop,complex,full,1,0.18,True,48.495504369,1785050771.9130566,4.3661092950458595,0.03571354142520888,-0.003331865852153282,0.0,0.00154999874955023,5.158997939124871,0.0,0.0,0.0,nan,nan,nan,nan,nan,nan,0.0,0.0,-0.05000000074505806,0.0,0.0,0,ROW_FOLLOW,WAITING_FOR_CENTERLINE,0.0,0.0,0.0,0.0,0.0,0.0,0.0,0.0,0.0,4.0,0.0,0.0,0.0,0.0,0.0,0.0,0.0,0.30000001192092896,0.20000000298023224,0.20000000298023224,0.15000000596046448,0.15000000596046448,1.0,1.0,1.0,1.0
complex_qaware_v018_r4,closed_loop,complex,full,1,0.18,True,48.545298811,1785050771.962851,4.3661092950458595,0.03571354142520888,-0.0033120417234728805,0.0,0.0007368991469900167,5.158997939124871,0.0,0.0,0.0,nan,nan,nan,nan,nan,nan,0.0,0.0,-0.05000000074505806,0.0,0.0,0,ROW_FOLLOW,WAITING_FOR_CENTERLINE,0.0,0.0,0.0,0.0,0.0,0.0,0.0,0.0,0.0,4.0,0.0,0.0,0.0,0.0,0.0,0.0,0.0,0.30000001192092896,0.20000000298023224,0.20000000298023224,0.15000000596046448,0.15000000596046448,1.0,1.0,1.0,1.0
complex_qaware_v018_r4,closed_loop,complex,full,1,0.18,True,48.595374924,1785050772.0129273,4.3661092950458595,0.03571354142520888,-0.0033315954607666676,0.0,0.0014409551537297486,5.158997939124871,0.0,0.0,0.0,nan,nan,nan,nan,nan,nan,0.0,0.0,-0.05000000074505806,0.0,0.0,1,ROW_FOLLOW,WAITING_FOR_CENTERLINE,0.0,0.0,0.0,0.0,0.0,0.0,0.0,0.0,0.0,5.0,0.0,0.0,0.0,0.0,0.0,0.0,0.0,0.30000001192092896,0.20000000298023224,0.20000000298023224,0.15000000596046448,0.15000000596046448,1.0,1.0,1.0,1.0
complex_qaware_v018_r4,closed_loop,complex,full,1,0.18,True,48.645522144,1785050772.0630744,4.3661092950458595,0.03571354142520888,-0.0033292217501648138,0.0,0.0011846449398560843,5.158997939124871,0.0,0.0,0.0,nan,nan,nan,nan,nan,nan,0.0,0.0,-0.05000000074505806,0.0,0.0,1,ROW_FOLLOW,WAITING_FOR_CENTERLINE,0.0,0.0,0.0,0.0,0.0,0.0,0.0,0.0,0.0,5.0,0.0,0.0,0.0,0.0,0.0,0.0,0.0,0.30000001192092896,0.20000000298023224,0.20000000298023224,0.15000000596046448,0.15000000596046448,1.0,1.0,1.0,1.0
complex_qaware_v018_r4,closed_loop,complex,full,1,0.18,True,48.696012861,1785050772.1135652,4.3661092950458595,0.03571354142520888,-0.00330358893442595,0.0,0.0020059080808490916,5.158997939124871,0.0,0.0,0.0,nan,nan,nan,nan,nan,nan,0.0,0.0,-0.05000000074505806,0.0,0.0,0,ROW_FOLLOW,WAITING_FOR_CENTERLINE,0.0,0.0,0.0,0.0,0.0,0.0,0.0,0.0,0.0,0.0,0.0,0.0,0.0,0.0,0.0,0.0,0.0,0.30000001192092896,0.20000000298023224,0.20000000298023224,0.15000000596046448,0.15000000596046448,1.0,1.0,1.0,1.0
complex_qaware_v018_r4,closed_loop,complex,full,1,0.18,True,48.745679748,1785050772.163232,4.3661092950458595,0.03571354142520888,-0.0033097436711702084,0.0,0.0009255396929469708,5.158997939124871,0.0,0.0,0.0,nan,nan,nan,nan,nan,nan,0.0,0.0,-0.05000000074505806,0.0,0.0,0,ROW_FOLLOW,WAITING_FOR_CENTERLINE,0.0,0.0,0.0,0.0,0.0,0.0,0.0,0.0,0.0,0.0,0.0,0.0,0.0,0.0,0.0,0.0,0.0,0.30000001192092896,0.20000000298023224,0.20000000298023224,0.15000000596046448,0.15000000596046448,1.0,1.0,1.0,1.0
complex_qaware_v018_r4,closed_loop,complex,full,1,0.18,True,48.795541808,1785050772.2130942,4.3661092950458595,0.03571354142520888,-0.00330248914608422,0.0,0.0013438273558006996,5.158997939124871,0.0,0.0,0.0,nan,nan,nan,nan,nan,nan,0.0,0.0,-0.05000000074505806,0.0,0.0,0,ROW_FOLLOW,WAITING_FOR_CENTERLINE,0.0,0.0,0.0,0.0,0.0,0.0,0.0,0.0,0.0,1.0,0.0,0.0,0.0,0.0,0.0,0.0,0.0,0.30000001192092896,0.20000000298023224,0.20000000298023224,0.15000000596046448,0.15000000596046448,1.0,1.0,1.0,1.0
complex_qaware_v018_r4,closed_loop,complex,full,1,0.18,True,48.845243416,1785050772.2627957,4.3661092950458595,0.03571354142520888,-0.0032940740244908895,0.0,0.0018256546794437828,5.158997939124871,0.0,0.0,0.0,nan,nan,nan,nan,nan,nan,0.0,0.0,-0.05000000074505806,0.0,0.0,0,ROW_FOLLOW,WAITING_FOR_CENTERLINE,0.0,0.0,0.0,0.0,0.0,0.0,0.0,0.0,0.0,1.0,0.0,0.0,0.0,0.0,0.0,0.0,0.0,0.30000001192092896,0.20000000298023224,0.20000000298023224,0.15000000596046448,0.15000000596046448,1.0,1.0,1.0,1.0
complex_qaware_v018_r4,closed_loop,complex,full,1,0.18,True,48.895279017,1785050772.3128312,4.3661092950458595,0.03571354142520888,-0.0032920734439780826,0.0,0.0011944165841012214,5.158997939124871,0.0,0.0,0.0,nan,nan,nan,nan,nan,nan,0.0,0.0,-0.05000000074505806,0.0,0.0,0,ROW_FOLLOW,WAITING_FOR_CENTERLINE,0.0,0.0,0.0,0.0,0.0,0.0,0.0,0.0,0.0,2.0,0.0,0.0,0.0,0.0,0.0,0.0,0.0,0.30000001192092896,0.20000000298023224,0.20000000298023224,0.15000000596046448,0.15000000596046448,1.0,1.0,1.0,1.0
complex_qaware_v018_r4,closed_loop,complex,full,1,0.18,True,48.945204023,1785050772.3627563,4.3661092950458595,0.03571354142520888,-0.0032852562316385554,0.0,0.0010704272477115389,5.158997939124871,0.0,0.0,0.0,nan,nan,nan,nan,nan,nan,0.0,0.0,-0.05000000074505806,0.0,0.0,0,ROW_FOLLOW,WAITING_FOR_CENTERLINE,0.0,0.0,0.0,0.0,0.0,0.0,0.0,0.0,0.0,2.0,0.0,0.0,0.0,0.0,0.0,0.0,0.0,0.30000001192092896,0.20000000298023224,0.20000000298023224,0.15000000596046448,0.15000000596046448,1.0,1.0,1.0,1.0
complex_qaware_v018_r4,closed_loop,complex,full,1,0.18,True,49.000718166,1785050772.4182703,4.3661092950458595,0.03571354142520888,-0.0032636423947933757,0.0,0.0006731700253039027,5.158997939124871,0.0,0.0,0.0,nan,nan,nan,nan,nan,nan,0.0,0.0,-0.05000000074505806,0.0,0.0,0,ROW_FOLLOW,WAITING_FOR_CENTERLINE,0.0,0.0,0.0,0.0,0.0,0.0,0.0,0.0,0.0,3.0,0.0,0.0,0.0,0.0,0.0,0.0,0.0,0.30000001192092896,0.20000000298023224,0.20000000298023224,0.15000000596046448,0.15000000596046448,1.0,1.0,1.0,1.0
complex_qaware_v018_r4,closed_loop,complex,full,1,0.18,True,49.045302554,1785050772.4628549,4.3661092950458595,0.03571354142520888,-0.0032725469993875054,0.0,0.0011085641726885887,5.158997939124871,0.0,0.0,0.0,nan,nan,nan,nan,nan,nan,0.0,0.0,-0.05000000074505806,0.0,0.0,0,ROW_FOLLOW,WAITING_FOR_CENTERLINE,0.0,0.0,0.0,0.0,0.0,0.0,0.0,0.0,0.0,3.0,0.0,0.0,0.0,0.0,0.0,0.0,0.0,0.30000001192092896,0.20000000298023224,0.20000000298023224,0.15000000596046448,0.15000000596046448,1.0,1.0,1.0,1.0
complex_qaware_v018_r4,closed_loop,complex,full,1,0.18,True,49.098141107,1785050772.5156934,4.3661092950458595,0.03571354142520888,-0.0032655134736798708,0.0,0.001059669910335763,5.158997939124871,0.0,0.0,0.0,nan,nan,nan,nan,nan,nan,0.0,0.0,-0.05000000074505806,0.0,0.0,0,ROW_FOLLOW,WAITING_FOR_CENTERLINE,0.0,0.0,0.0,0.0,0.0,0.0,0.0,0.0,0.0,4.0,0.0,0.0,0.0,0.0,0.0,0.0,0.0,0.30000001192092896,0.20000000298023224,0.20000000298023224,0.15000000596046448,0.15000000596046448,1.0,1.0,1.0,1.0
complex_qaware_v018_r4,closed_loop,complex,full,1,0.18,True,49.145349915,1785050772.5629022,4.3661092950458595,0.03571354142520888,-0.00324541628560482,0.0,0.0023405799124870314,5.158997939124871,0.0,0.0,0.0,nan,nan,nan,nan,nan,nan,0.0,0.0,-0.05000000074505806,0.0,0.0,0,ROW_FOLLOW,WAITING_FOR_CENTERLINE,0.0,0.0,0.0,0.0,0.0,0.0,0.0,0.0,0.0,4.0,0.0,0.0,0.0,0.0,0.0,0.0,0.0,0.30000001192092896,0.20000000298023224,0.20000000298023224,0.15000000596046448,0.15000000596046448,1.0,1.0,1.0,1.0
complex_qaware_v018_r4,closed_loop,complex,full,1,0.18,True,49.195445485,1785050772.6129975,4.3661092950458595,0.03571354142520888,-0.0032378047929650946,0.0,0.00126849750304891,5.158997939124871,0.0,0.0,0.0,nan,nan,nan,nan,nan,nan,0.0,0.0,-0.05000000074505806,0.0,0.0,1,ROW_FOLLOW,WAITING_FOR_CENTERLINE,0.0,0.0,0.0,0.0,0.0,0.0,0.0,0.0,0.0,5.0,0.0,0.0,0.0,0.0,0.0,0.0,0.0,0.30000001192092896,0.20000000298023224,0.20000000298023224,0.15000000596046448,0.15000000596046448,1.0,1.0,1.0,1.0
complex_qaware_v018_r4,closed_loop,complex,full,1,0.18,True,49.245265304,1785050772.6628175,4.3661092950458595,0.03571354142520888,-0.003234927344129447,0.0,0.001698593516074246,5.158997939124871,0.0,0.0,0.0,nan,nan,nan,nan,nan,nan,0.0,0.0,-0.05000000074505806,0.0,0.0,1,ROW_FOLLOW,WAITING_FOR_CENTERLINE,0.0,0.0,0.0,0.0,0.0,0.0,0.0,0.0,0.0,5.0,0.0,0.0,0.0,0.0,0.0,0.0,0.0,0.30000001192092896,0.20000000298023224,0.20000000298023224,0.15000000596046448,0.15000000596046448,1.0,1.0,1.0,1.0
complex_qaware_v018_r4,closed_loop,complex,full,1,0.18,True,49.295720628,1785050772.7132728,4.3661092950458595,0.03571354142520888,-0.003224063784856402,0.0,0.0017093824631040822,5.158997939124871,0.0,0.0,0.0,nan,nan,nan,nan,nan,nan,0.0,0.0,-0.05000000074505806,0.0,0.0,0,ROW_FOLLOW,WAITING_FOR_CENTERLINE,0.0,0.0,0.0,0.0,0.0,0.0,0.0,0.0,0.0,0.0,0.0,0.0,0.0,0.0,0.0,0.0,0.0,0.30000001192092896,0.20000000298023224,0.20000000298023224,0.15000000596046448,0.15000000596046448,1.0,1.0,1.0,1.0
complex_qaware_v018_r4,closed_loop,complex,full,1,0.18,True,49.345210583,1785050772.7627628,4.3661092950458595,0.03571354142520888,-0.0032088376835521792,0.0,0.0019927336164297905,5.158997939124871,0.0,0.0,0.0,nan,nan,nan,nan,nan,nan,0.0,0.0,-0.05000000074505806,0.0,0.0,0,ROW_FOLLOW,WAITING_FOR_CENTERLINE,0.0,0.0,0.0,0.0,0.0,0.0,0.0,0.0,0.0,0.0,0.0,0.0,0.0,0.0,0.0,0.0,0.0,0.30000001192092896,0.20000000298023224,0.20000000298023224,0.15000000596046448,0.15000000596046448,1.0,1.0,1.0,1.0
complex_qaware_v018_r4,closed_loop,complex,full,1,0.18,True,49.397008693,1785050772.8145611,4.3661092950458595,0.03571354142520888,-0.003195493191622046,0.0,0.0012805848272743783,5.158997939124871,0.0,0.0,0.0,nan,nan,nan,nan,nan,nan,0.0,0.0,-0.05000000074505806,0.0,0.0,0,ROW_FOLLOW,WAITING_FOR_CENTERLINE,0.0,0.0,0.0,0.0,0.0,0.0,0.0,0.0,0.0,1.0,0.0,0.0,0.0,0.0,0.0,0.0,0.0,0.30000001192092896,0.20000000298023224,0.20000000298023224,0.15000000596046448,0.15000000596046448,1.0,1.0,1.0,1.0
complex_qaware_v018_r4,closed_loop,complex,full,1,0.18,True,49.445276408,1785050772.8628285,4.3661092950458595,0.03571354142520888,-0.0031577968785914136,0.0,0.0018270571178439637,5.158997939124871,0.0,0.0,0.0,nan,nan,nan,nan,nan,nan,0.0,0.0,-0.05000000074505806,0.0,0.0,0,ROW_FOLLOW,WAITING_FOR_CENTERLINE,0.0,0.0,0.0,0.0,0.0,0.0,0.0,0.0,0.0,1.0,0.0,0.0,0.0,0.0,0.0,0.0,0.0,0.30000001192092896,0.20000000298023224,0.20000000298023224,0.15000000596046448,0.15000000596046448,1.0,1.0,1.0,1.0
complex_qaware_v018_r4,closed_loop,complex,full,1,0.18,True,49.496099037,1785050772.9136512,4.3661092950458595,0.03571354142520888,-0.003149001676823637,0.0,0.0008265900269555041,5.158997939124871,0.0,0.0,0.0,nan,nan,nan,nan,nan,nan,0.0,0.0,-0.05000000074505806,0.0,0.0,0,ROW_FOLLOW,WAITING_FOR_CENTERLINE,0.0,0.0,0.0,0.0,0.0,0.0,0.0,0.0,0.0,2.0,0.0,0.0,0.0,0.0,0.0,0.0,0.0,0.30000001192092896,0.20000000298023224,0.20000000298023224,0.15000000596046448,0.15000000596046448,1.0,1.0,1.0,1.0
complex_qaware_v018_r4,closed_loop,complex,full,1,0.18,True,49.545231511,1785050772.9627838,4.3661092950458595,0.03571354142520888,-0.0031553381256066437,0.0,0.0011959187378255338,5.158997939124871,0.0,0.0,0.0,nan,nan,nan,nan,nan,nan,0.0,0.0,-0.05000000074505806,0.0,0.0,0,ROW_FOLLOW,WAITING_FOR_CENTERLINE,0.0,0.0,0.0,0.0,0.0,0.0,0.0,0.0,0.0,2.0,0.0,0.0,0.0,0.0,0.0,0.0,0.0,0.30000001192092896,0.20000000298023224,0.20000000298023224,0.15000000596046448,0.15000000596046448,1.0,1.0,1.0,1.0
complex_qaware_v018_r4,closed_loop,complex,full,1,0.18,True,49.59545054,1785050773.0130026,4.3661092950458595,0.03571354142520888,-0.003143015454458277,0.0,0.0012997708070903013,5.158997939124871,0.0,0.0,0.0,nan,nan,nan,nan,nan,nan,0.0,0.0,-0.05000000074505806,0.0,0.0,0,ROW_FOLLOW,WAITING_FOR_CENTERLINE,0.0,0.0,0.0,0.0,0.0,0.0,0.0,0.0,0.0,3.0,0.0,0.0,0.0,0.0,0.0,0.0,0.0,0.30000001192092896,0.20000000298023224,0.20000000298023224,0.15000000596046448,0.15000000596046448,1.0,1.0,1.0,1.0
complex_qaware_v018_r4,closed_loop,complex,full,1,0.18,True,49.645420572,1785050773.062973,4.3661092950458595,0.03571354142520888,-0.0031330966264748743,0.0,0.0009847490790498863,5.158997939124871,0.0,0.0,0.0,nan,nan,nan,nan,nan,nan,0.0,0.0,-0.05000000074505806,0.0,0.0,0,ROW_FOLLOW,WAITING_FOR_CENTERLINE,0.0,0.0,0.0,0.0,0.0,0.0,0.0,0.0,0.0,3.0,0.0,0.0,0.0,0.0,0.0,0.0,0.0,0.30000001192092896,0.20000000298023224,0.20000000298023224,0.15000000596046448,0.15000000596046448,1.0,1.0,1.0,1.0
complex_qaware_v018_r4,closed_loop,complex,full,1,0.18,True,49.695788982,1785050773.113341,4.3661092950458595,0.03571354142520888,-0.0031285669996687915,0.0,0.0009042744509480954,5.158997939124871,0.0,0.0,0.0,nan,nan,nan,nan,nan,nan,0.0,0.0,-0.05000000074505806,0.0,0.0,0,ROW_FOLLOW,WAITING_FOR_CENTERLINE,0.0,0.0,0.0,0.0,0.0,0.0,0.0,0.0,0.0,4.0,0.0,0.0,0.0,0.0,0.0,0.0,0.0,0.30000001192092896,0.20000000298023224,0.20000000298023224,0.15000000596046448,0.15000000596046448,1.0,1.0,1.0,1.0
complex_qaware_v018_r4,closed_loop,complex,full,1,0.18,True,49.745353564,1785050773.162906,4.3661092950458595,0.03571354142520888,-0.0031107915213519632,0.0,0.0006321575722702271,5.158997939124871,0.0,0.0,0.0,nan,nan,nan,nan,nan,nan,0.0,0.0,-0.05000000074505806,0.0,0.0,0,ROW_FOLLOW,WAITING_FOR_CENTERLINE,0.0,0.0,0.0,0.0,0.0,0.0,0.0,0.0,0.0,4.0,0.0,0.0,0.0,0.0,0.0,0.0,0.0,0.30000001192092896,0.20000000298023224,0.20000000298023224,0.15000000596046448,0.15000000596046448,1.0,1.0,1.0,1.0
complex_qaware_v018_r4,closed_loop,complex,full,1,0.18,True,49.79687266,1785050773.2144248,4.3661092950458595,0.03571354142520888,-0.0031523277562675043,0.0,0.0008045308268100227,5.158997939124871,0.0,0.0,0.0,nan,nan,nan,nan,nan,nan,0.0,0.0,-0.05000000074505806,0.0,0.0,1,ROW_FOLLOW,WAITING_FOR_CENTERLINE,0.0,0.0,0.0,0.0,0.0,0.0,0.0,0.0,0.0,5.0,0.0,0.0,0.0,0.0,0.0,0.0,0.0,0.30000001192092896,0.20000000298023224,0.20000000298023224,0.15000000596046448,0.15000000596046448,1.0,1.0,1.0,1.0
complex_qaware_v018_r4,closed_loop,complex,full,1,0.18,True,49.845353661,1785050773.2629058,4.3661092950458595,0.03571354142520888,-0.003143909059741378,0.0,0.001450476260482546,5.158997939124871,0.0,0.0,0.0,nan,nan,nan,nan,nan,nan,0.0,0.0,-0.05000000074505806,0.0,0.0,1,ROW_FOLLOW,WAITING_FOR_CENTERLINE,0.0,0.0,0.0,0.0,0.0,0.0,0.0,0.0,0.0,5.0,0.0,0.0,0.0,0.0,0.0,0.0,0.0,0.30000001192092896,0.20000000298023224,0.20000000298023224,0.15000000596046448,0.15000000596046448,1.0,1.0,1.0,1.0
complex_qaware_v018_r4,closed_loop,complex,full,1,0.18,True,49.895903068,1785050773.3134553,4.3661092950458595,0.03571354142520888,-0.003145382459380564,0.0,0.00043312223132088804,5.158997939124871,0.0,0.0,0.0,nan,nan,nan,nan,nan,nan,0.0,0.0,-0.05000000074505806,0.0,0.0,0,ROW_FOLLOW,WAITING_FOR_CENTERLINE,0.0,0.0,0.0,0.0,0.0,0.0,0.0,0.0,0.0,0.0,0.0,0.0,0.0,0.0,0.0,0.0,0.0,0.30000001192092896,0.20000000298023224,0.20000000298023224,0.15000000596046448,0.15000000596046448,1.0,1.0,1.0,1.0
complex_qaware_v018_r4,closed_loop,complex,full,1,0.18,True,49.945404287,1785050773.3629565,4.3661092950458595,0.03571354142520888,-0.0031480717037699604,0.0,0.00033499126089207886,5.158997939124871,0.0,0.0,0.0,nan,nan,nan,nan,nan,nan,0.0,0.0,-0.05000000074505806,0.0,0.0,0,ROW_FOLLOW,WAITING_FOR_CENTERLINE,0.0,0.0,0.0,0.0,0.0,0.0,0.0,0.0,0.0,0.0,0.0,0.0,0.0,0.0,0.0,0.0,0.0,0.30000001192092896,0.20000000298023224,0.20000000298023224,0.15000000596046448,0.15000000596046448,1.0,1.0,1.0,1.0
complex_qaware_v018_r4,closed_loop,complex,full,1,0.18,True,49.995781306,1785050773.4133334,4.3661092950458595,0.03571354142520888,-0.003160141622046809,0.0,0.0013076472593837056,5.158997939124871,0.0,0.0,0.0,nan,nan,nan,nan,nan,nan,0.0,0.0,-0.05000000074505806,0.0,0.0,0,ROW_FOLLOW,WAITING_FOR_CENTERLINE,0.0,0.0,0.0,0.0,0.0,0.0,0.0,0.0,0.0,1.0,0.0,0.0,0.0,0.0,0.0,0.0,0.0,0.30000001192092896,0.20000000298023224,0.20000000298023224,0.15000000596046448,0.15000000596046448,1.0,1.0,1.0,1.0
complex_qaware_v018_r4,closed_loop,complex,full,1,0.18,True,50.04531907,1785050773.4628713,4.3661092950458595,0.03571354142520888,-0.00314998857763893,0.0,0.0015664984080932523,5.158997939124871,0.0,0.0,0.0,nan,nan,nan,nan,nan,nan,0.0,0.0,-0.05000000074505806,0.0,0.0,0,ROW_FOLLOW,WAITING_FOR_CENTERLINE,0.0,0.0,0.0,0.0,0.0,0.0,0.0,0.0,0.0,1.0,0.0,0.0,0.0,0.0,0.0,0.0,0.0,0.30000001192092896,0.20000000298023224,0.20000000298023224,0.15000000596046448,0.15000000596046448,1.0,1.0,1.0,1.0
complex_qaware_v018_r4,closed_loop,complex,full,1,0.18,True,50.095536597,1785050773.5130887,4.3661092950458595,0.03571354142520888,-0.003156020110930858,0.0,0.0009282600672386894,5.158997939124871,0.0,0.0,0.0,nan,nan,nan,nan,nan,nan,0.0,0.0,-0.05000000074505806,0.0,0.0,0,ROW_FOLLOW,WAITING_FOR_CENTERLINE,0.0,0.0,0.0,0.0,0.0,0.0,0.0,0.0,0.0,2.0,0.0,0.0,0.0,0.0,0.0,0.0,0.0,0.30000001192092896,0.20000000298023224,0.20000000298023224,0.15000000596046448,0.15000000596046448,1.0,1.0,1.0,1.0
complex_qaware_v018_r4,closed_loop,complex,full,1,0.18,True,50.145363201,1785050773.5629153,4.3661092950458595,0.03571354142520888,-0.003144877457144979,0.0,0.000556819487721083,5.158997939124871,0.0,0.0,0.0,nan,nan,nan,nan,nan,nan,0.0,0.0,-0.05000000074505806,0.0,0.0,0,ROW_FOLLOW,WAITING_FOR_CENTERLINE,0.0,0.0,0.0,0.0,0.0,0.0,0.0,0.0,0.0,2.0,0.0,0.0,0.0,0.0,0.0,0.0,0.0,0.30000001192092896,0.20000000298023224,0.20000000298023224,0.15000000596046448,0.15000000596046448,1.0,1.0,1.0,1.0
complex_qaware_v018_r4,closed_loop,complex,full,1,0.18,True,50.196058339,1785050773.6136105,4.3661092950458595,0.03571354142520888,-0.0031449796380980124,0.0,0.0012555391485712972,5.158997939124871,0.0,0.0,0.0,nan,nan,nan,nan,nan,nan,0.0,0.0,-0.05000000074505806,0.0,0.0,0,ROW_FOLLOW,WAITING_FOR_CENTERLINE,0.0,0.0,0.0,0.0,0.0,0.0,0.0,0.0,0.0,3.0,0.0,0.0,0.0,0.0,0.0,0.0,0.0,0.30000001192092896,0.20000000298023224,0.20000000298023224,0.15000000596046448,0.15000000596046448,1.0,1.0,1.0,1.0
complex_qaware_v018_r4,closed_loop,complex,full,1,0.18,True,50.245230111,1785050773.6627824,4.3661092950458595,0.03571354142520888,-0.0031793643325359615,0.0,0.0008850216714060862,5.158997939124871,0.0,0.0,0.0,nan,nan,nan,nan,nan,nan,0.0,0.0,-0.05000000074505806,0.0,0.0,0,ROW_FOLLOW,WAITING_FOR_CENTERLINE,0.0,0.0,0.0,0.0,0.0,0.0,0.0,0.0,0.0,3.0,0.0,0.0,0.0,0.0,0.0,0.0,0.0,0.30000001192092896,0.20000000298023224,0.20000000298023224,0.15000000596046448,0.15000000596046448,1.0,1.0,1.0,1.0
complex_qaware_v018_r4,closed_loop,complex,full,1,0.18,True,50.295626617,1785050773.7131789,4.3661092950458595,0.03571354142520888,-0.0031836183262221604,0.0,0.000894233452495528,5.158997939124871,0.0,0.0,0.0,nan,nan,nan,nan,nan,nan,0.0,0.0,-0.05000000074505806,0.0,0.0,0,ROW_FOLLOW,WAITING_FOR_CENTERLINE,0.0,0.0,0.0,0.0,0.0,0.0,0.0,0.0,0.0,4.0,0.0,0.0,0.0,0.0,0.0,0.0,0.0,0.30000001192092896,0.20000000298023224,0.20000000298023224,0.15000000596046448,0.15000000596046448,1.0,1.0,1.0,1.0
complex_qaware_v018_r4,closed_loop,complex,full,1,0.18,True,50.345246464,1785050773.7627985,4.3661092950458595,0.03571354142520888,-0.0031432231077577204,0.0,0.0013665622913074948,5.158997939124871,0.0,0.0,0.0,nan,nan,nan,nan,nan,nan,0.0,0.0,-0.05000000074505806,0.0,0.0,0,ROW_FOLLOW,WAITING_FOR_CENTERLINE,0.0,0.0,0.0,0.0,0.0,0.0,0.0,0.0,0.0,4.0,0.0,0.0,0.0,0.0,0.0,0.0,0.0,0.30000001192092896,0.20000000298023224,0.20000000298023224,0.15000000596046448,0.15000000596046448,1.0,1.0,1.0,1.0
complex_qaware_v018_r4,closed_loop,complex,full,1,0.18,True,50.395745534,1785050773.8132977,4.3661092950458595,0.03571354142520888,-0.003167580393387493,0.0,0.0010069562960581938,5.158997939124871,0.0,0.0,0.0,nan,nan,nan,nan,nan,nan,0.0,0.0,-0.05000000074505806,0.0,0.0,1,ROW_FOLLOW,WAITING_FOR_CENTERLINE,0.0,0.0,0.0,0.0,0.0,0.0,0.0,0.0,0.0,5.0,0.0,0.0,0.0,0.0,0.0,0.0,0.0,0.30000001192092896,0.20000000298023224,0.20000000298023224,0.15000000596046448,0.15000000596046448,1.0,1.0,1.0,1.0
complex_qaware_v018_r4,closed_loop,complex,full,1,0.18,True,50.445250849,1785050773.8628032,4.3661092950458595,0.03571354142520888,-0.0031760514831158364,0.0,0.0014391010783359466,5.158997939124871,0.0,0.0,0.0,nan,nan,nan,nan,nan,nan,0.0,0.0,-0.05000000074505806,0.0,0.0,1,ROW_FOLLOW,WAITING_FOR_CENTERLINE,0.0,0.0,0.0,0.0,0.0,0.0,0.0,0.0,0.0,5.0,0.0,0.0,0.0,0.0,0.0,0.0,0.0,0.30000001192092896,0.20000000298023224,0.20000000298023224,0.15000000596046448,0.15000000596046448,1.0,1.0,1.0,1.0
complex_qaware_v018_r4,closed_loop,complex,full,1,0.18,True,50.495611675,1785050773.9131641,4.3661092950458595,0.03571354142520888,-0.0031965862752976184,0.0,0.00012122869396860818,5.158997939124871,0.0,0.0,0.0,nan,nan,nan,nan,nan,nan,0.0,0.0,-0.05000000074505806,0.0,0.0,0,ROW_FOLLOW,WAITING_FOR_CENTERLINE,0.0,0.0,0.0,0.0,0.0,0.0,0.0,0.0,0.0,0.0,0.0,0.0,0.0,0.0,0.0,0.0,0.0,0.30000001192092896,0.20000000298023224,0.20000000298023224,0.15000000596046448,0.15000000596046448,1.0,1.0,1.0,1.0
complex_qaware_v018_r4,closed_loop,complex,full,1,0.18,True,50.545401735,1785050773.962954,4.3661092950458595,0.03571354142520888,-0.003175601826646889,0.0,0.0014733246136064424,5.158997939124871,0.0,0.0,0.0,nan,nan,nan,nan,nan,nan,0.0,0.0,-0.05000000074505806,0.0,0.0,0,ROW_FOLLOW,WAITING_FOR_CENTERLINE,0.0,0.0,0.0,0.0,0.0,0.0,0.0,0.0,0.0,0.0,0.0,0.0,0.0,0.0,0.0,0.0,0.0,0.30000001192092896,0.20000000298023224,0.20000000298023224,0.15000000596046448,0.15000000596046448,1.0,1.0,1.0,1.0
complex_qaware_v018_r4,closed_loop,complex,full,1,0.18,True,50.595930597,1785050774.0134828,4.3661092950458595,0.03571354142520888,-0.00317563336283966,0.0,0.0012444516787215247,5.158997939124871,0.0,0.0,0.0,nan,nan,nan,nan,nan,nan,0.0,0.0,-0.05000000074505806,0.0,0.0,0,ROW_FOLLOW,WAITING_FOR_CENTERLINE,0.0,0.0,0.0,0.0,0.0,0.0,0.0,0.0,0.0,1.0,0.0,0.0,0.0,0.0,0.0,0.0,0.0,0.30000001192092896,0.20000000298023224,0.20000000298023224,0.15000000596046448,0.15000000596046448,1.0,1.0,1.0,1.0
complex_qaware_v018_r4,closed_loop,complex,full,1,0.18,True,50.645349479,1785050774.0629017,4.3661092950458595,0.03571354142520888,-0.0031479810924577288,0.0,0.001467954924732251,5.158997939124871,0.0,0.0,0.0,nan,nan,nan,nan,nan,nan,0.0,0.0,-0.05000000074505806,0.0,0.0,0,ROW_FOLLOW,WAITING_FOR_CENTERLINE,0.0,0.0,0.0,0.0,0.0,0.0,0.0,0.0,0.0,1.0,0.0,0.0,0.0,0.0,0.0,0.0,0.0,0.30000001192092896,0.20000000298023224,0.20000000298023224,0.15000000596046448,0.15000000596046448,1.0,1.0,1.0,1.0
complex_qaware_v018_r4,closed_loop,complex,full,1,0.18,True,50.695912391,1785050774.1134646,4.3661092950458595,0.03571354142520888,-0.0031330318862141664,0.0,0.0012610419003907113,5.158997939124871,0.0,0.0,0.0,nan,nan,nan,nan,nan,nan,0.0,0.0,-0.05000000074505806,0.0,0.0,0,ROW_FOLLOW,WAITING_FOR_CENTERLINE,0.0,0.0,0.0,0.0,0.0,0.0,0.0,0.0,0.0,2.0,0.0,0.0,0.0,0.0,0.0,0.0,0.0,0.30000001192092896,0.20000000298023224,0.20000000298023224,0.15000000596046448,0.15000000596046448,1.0,1.0,1.0,1.0
complex_qaware_v018_r4,closed_loop,complex,full,1,0.18,True,50.745212198,1785050774.1627645,4.3661092950458595,0.03571354142520888,-0.0031484327995014985,0.0,0.0004884965765946346,5.158997939124871,0.0,0.0,0.0,nan,nan,nan,nan,nan,nan,0.0,0.0,-0.05000000074505806,0.0,0.0,0,ROW_FOLLOW,WAITING_FOR_CENTERLINE,0.0,0.0,0.0,0.0,0.0,0.0,0.0,0.0,0.0,2.0,0.0,0.0,0.0,0.0,0.0,0.0,0.0,0.30000001192092896,0.20000000298023224,0.20000000298023224,0.15000000596046448,0.15000000596046448,1.0,1.0,1.0,1.0
complex_qaware_v018_r4,closed_loop,complex,full,1,0.18,True,50.795489055,1785050774.2130413,4.3661092950458595,0.03571354142520888,-0.0031721765958785397,0.0,0.000214639352916106,5.158997939124871,0.0,0.0,0.0,nan,nan,nan,nan,nan,nan,0.0,0.0,-0.05000000074505806,0.0,0.0,0,ROW_FOLLOW,WAITING_FOR_CENTERLINE,0.0,0.0,0.0,0.0,0.0,0.0,0.0,0.0,0.0,3.0,0.0,0.0,0.0,0.0,0.0,0.0,0.0,0.30000001192092896,0.20000000298023224,0.20000000298023224,0.15000000596046448,0.15000000596046448,1.0,1.0,1.0,1.0
complex_qaware_v018_r4,closed_loop,complex,full,1,0.18,True,50.84532462,1785050774.262877,4.3661092950458595,0.03571354142520888,-0.0031536248573469376,0.0,0.0012167812474966704,5.158997939124871,0.0,0.0,0.0,nan,nan,nan,nan,nan,nan,0.0,0.0,-0.05000000074505806,0.0,0.0,0,ROW_FOLLOW,WAITING_FOR_CENTERLINE,0.0,0.0,0.0,0.0,0.0,0.0,0.0,0.0,0.0,3.0,0.0,0.0,0.0,0.0,0.0,0.0,0.0,0.30000001192092896,0.20000000298023224,0.20000000298023224,0.15000000596046448,0.15000000596046448,1.0,1.0,1.0,1.0
complex_qaware_v018_r4,closed_loop,complex,full,1,0.18,True,50.89552461,1785050774.3130767,4.3661092950458595,0.03571354142520888,-0.003143501770634051,0.0,0.0012976412336000616,5.158997939124871,0.0,0.0,0.0,nan,nan,nan,nan,nan,nan,0.0,0.0,-0.05000000074505806,0.0,0.0,0,ROW_FOLLOW,WAITING_FOR_CENTERLINE,0.0,0.0,0.0,0.0,0.0,0.0,0.0,0.0,0.0,4.0,0.0,0.0,0.0,0.0,0.0,0.0,0.0,0.30000001192092896,0.20000000298023224,0.20000000298023224,0.15000000596046448,0.15000000596046448,1.0,1.0,1.0,1.0
complex_qaware_v018_r4,closed_loop,complex,full,1,0.18,True,50.945346511,1785050774.3628986,4.3661092950458595,0.03571354142520888,-0.0031613688821710006,0.0,0.0009378776573544548,5.158997939124871,0.0,0.0,0.0,nan,nan,nan,nan,nan,nan,0.0,0.0,-0.05000000074505806,0.0,0.0,0,ROW_FOLLOW,WAITING_FOR_CENTERLINE,0.0,0.0,0.0,0.0,0.0,0.0,0.0,0.0,0.0,4.0,0.0,0.0,0.0,0.0,0.0,0.0,0.0,0.30000001192092896,0.20000000298023224,0.20000000298023224,0.15000000596046448,0.15000000596046448,1.0,1.0,1.0,1.0
complex_qaware_v018_r4,closed_loop,complex,full,1,0.18,True,50.995534085,1785050774.4130864,4.3661092950458595,0.03571354142520888,-0.0031830735063125264,0.0,0.00015647895952615784,5.158997939124871,0.0,0.0,0.0,nan,nan,nan,nan,nan,nan,0.0,0.0,-0.05000000074505806,0.0,0.0,1,ROW_FOLLOW,WAITING_FOR_CENTERLINE,0.0,0.0,0.0,0.0,0.0,0.0,0.0,0.0,0.0,5.0,0.0,0.0,0.0,0.0,0.0,0.0,0.0,0.30000001192092896,0.20000000298023224,0.20000000298023224,0.15000000596046448,0.15000000596046448,1.0,1.0,1.0,1.0
complex_qaware_v018_r4,closed_loop,complex,full,1,0.18,True,51.045272719,1785050774.462825,4.3661092950458595,0.03571354142520888,-0.0031914796476786287,0.0,0.0012365235637350983,5.158997939124871,0.0,0.0,0.0,nan,nan,nan,nan,nan,nan,0.0,0.0,-0.05000000074505806,0.0,0.0,1,ROW_FOLLOW,WAITING_FOR_CENTERLINE,0.0,0.0,0.0,0.0,0.0,0.0,0.0,0.0,0.0,5.0,0.0,0.0,0.0,0.0,0.0,0.0,0.0,0.30000001192092896,0.20000000298023224,0.20000000298023224,0.15000000596046448,0.15000000596046448,1.0,1.0,1.0,1.0
complex_qaware_v018_r4,closed_loop,complex,full,1,0.18,True,51.095470246,1785050774.5130224,4.3661092950458595,0.03571354142520888,-0.003171993518056303,0.0,0.0015296056115095254,5.158997939124871,0.0,0.0,0.0,nan,nan,nan,nan,nan,nan,0.0,0.0,-0.05000000074505806,0.0,0.0,0,ROW_FOLLOW,WAITING_FOR_CENTERLINE,0.0,0.0,0.0,0.0,0.0,0.0,0.0,0.0,0.0,0.0,0.0,0.0,0.0,0.0,0.0,0.0,0.0,0.30000001192092896,0.20000000298023224,0.20000000298023224,0.15000000596046448,0.15000000596046448,1.0,1.0,1.0,1.0
complex_qaware_v018_r4,closed_loop,complex,full,1,0.18,True,51.14536674,1785050774.562919,4.3661092950458595,0.03571354142520888,-0.0031704965220411534,0.0,0.0014699987100640149,5.158997939124871,0.0,0.0,0.0,nan,nan,nan,nan,nan,nan,0.0,0.0,-0.05000000074505806,0.0,0.0,0,ROW_FOLLOW,WAITING_FOR_CENTERLINE,0.0,0.0,0.0,0.0,0.0,0.0,0.0,0.0,0.0,0.0,0.0,0.0,0.0,0.0,0.0,0.0,0.0,0.30000001192092896,0.20000000298023224,0.20000000298023224,0.15000000596046448,0.15000000596046448,1.0,1.0,1.0,1.0
complex_qaware_v018_r4,closed_loop,complex,full,1,0.18,True,51.195213986,1785050774.6127663,4.3661092950458595,0.03571354142520888,-0.0031648071140146783,0.0,0.0015263097418355149,5.158997939124871,0.0,0.0,0.0,nan,nan,nan,nan,nan,nan,0.0,0.0,-0.05000000074505806,0.0,0.0,0,ROW_FOLLOW,WAITING_FOR_CENTERLINE,0.0,0.0,0.0,0.0,0.0,0.0,0.0,0.0,0.0,1.0,0.0,0.0,0.0,0.0,0.0,0.0,0.0,0.30000001192092896,0.20000000298023224,0.20000000298023224,0.15000000596046448,0.15000000596046448,1.0,1.0,1.0,1.0
complex_qaware_v018_r4,closed_loop,complex,full,1,0.18,True,51.245301845,1785050774.6628542,4.3661092950458595,0.03571354142520888,-0.0031622144953571394,0.0,0.001523228306998312,5.158997939124871,0.0,0.0,0.0,nan,nan,nan,nan,nan,nan,0.0,0.0,-0.05000000074505806,0.0,0.0,0,ROW_FOLLOW,WAITING_FOR_CENTERLINE,0.0,0.0,0.0,0.0,0.0,0.0,0.0,0.0,0.0,1.0,0.0,0.0,0.0,0.0,0.0,0.0,0.0,0.30000001192092896,0.20000000298023224,0.20000000298023224,0.15000000596046448,0.15000000596046448,1.0,1.0,1.0,1.0
complex_qaware_v018_r4,closed_loop,complex,full,1,0.18,True,51.296091419,1785050774.7136438,4.3661092950458595,0.03571354142520888,-0.0031481688264114456,0.0,0.0020193629767591343,5.158997939124871,0.0,0.0,0.0,nan,nan,nan,nan,nan,nan,0.0,0.0,-0.05000000074505806,0.0,0.0,0,ROW_FOLLOW,WAITING_FOR_CENTERLINE,0.0,0.0,0.0,0.0,0.0,0.0,0.0,0.0,0.0,2.0,0.0,0.0,0.0,0.0,0.0,0.0,0.0,0.30000001192092896,0.20000000298023224,0.20000000298023224,0.15000000596046448,0.15000000596046448,1.0,1.0,1.0,1.0
complex_qaware_v018_r4,closed_loop,complex,full,1,0.18,True,51.345297752,1785050774.76285,4.3661092950458595,0.03571354142520888,-0.003103132790542862,0.0,0.0025009766333332285,5.158997939124871,0.0,0.0,0.0,nan,nan,nan,nan,nan,nan,0.0,0.0,-0.05000000074505806,0.0,0.0,0,ROW_FOLLOW,WAITING_FOR_CENTERLINE,0.0,0.0,0.0,0.0,0.0,0.0,0.0,0.0,0.0,2.0,0.0,0.0,0.0,0.0,0.0,0.0,0.0,0.30000001192092896,0.20000000298023224,0.20000000298023224,0.15000000596046448,0.15000000596046448,1.0,1.0,1.0,1.0
complex_qaware_v018_r4,closed_loop,complex,full,1,0.18,True,51.395462797,1785050774.813015,4.3661092950458595,0.03571354142520888,-0.003076625476123863,0.0,0.0015461594313293425,5.158997939124871,0.0,0.0,0.0,nan,nan,nan,nan,nan,nan,0.0,0.0,-0.05000000074505806,0.0,0.0,0,ROW_FOLLOW,WAITING_FOR_CENTERLINE,0.0,0.0,0.0,0.0,0.0,0.0,0.0,0.0,0.0,3.0,0.0,0.0,0.0,0.0,0.0,0.0,0.0,0.30000001192092896,0.20000000298023224,0.20000000298023224,0.15000000596046448,0.15000000596046448,1.0,1.0,1.0,1.0
complex_qaware_v018_r4,closed_loop,complex,full,1,0.18,True,51.445193144,1785050774.8627453,4.3661092950458595,0.03571354142520888,-0.003058548962354468,0.0,0.0013848623637192107,5.158997939124871,0.0,0.0,0.0,nan,nan,nan,nan,nan,nan,0.0,0.0,-0.05000000074505806,0.0,0.0,0,ROW_FOLLOW,WAITING_FOR_CENTERLINE,0.0,0.0,0.0,0.0,0.0,0.0,0.0,0.0,0.0,3.0,0.0,0.0,0.0,0.0,0.0,0.0,0.0,0.30000001192092896,0.20000000298023224,0.20000000298023224,0.15000000596046448,0.15000000596046448,1.0,1.0,1.0,1.0
complex_qaware_v018_r4,closed_loop,complex,full,1,0.18,True,51.495529394,1785050774.9130816,4.3661092950458595,0.03571354142520888,-0.003054620158609911,0.0,0.0009803341293610486,5.158997939124871,0.0,0.0,0.0,nan,nan,nan,nan,nan,nan,0.0,0.0,-0.05000000074505806,0.0,0.0,0,ROW_FOLLOW,WAITING_FOR_CENTERLINE,0.0,0.0,0.0,0.0,0.0,0.0,0.0,0.0,0.0,4.0,0.0,0.0,0.0,0.0,0.0,0.0,0.0,0.30000001192092896,0.20000000298023224,0.20000000298023224,0.15000000596046448,0.15000000596046448,1.0,1.0,1.0,1.0
complex_qaware_v018_r4,closed_loop,complex,full,1,0.18,True,51.545263164,1785050774.9628155,4.3661092950458595,0.03571354142520888,-0.003064730138754968,0.0,0.001750454831741597,5.158997939124871,0.0,0.0,0.0,nan,nan,nan,nan,nan,nan,0.0,0.0,-0.05000000074505806,0.0,0.0,0,ROW_FOLLOW,WAITING_FOR_CENTERLINE,0.0,0.0,0.0,0.0,0.0,0.0,0.0,0.0,0.0,4.0,0.0,0.0,0.0,0.0,0.0,0.0,0.0,0.30000001192092896,0.20000000298023224,0.20000000298023224,0.15000000596046448,0.15000000596046448,1.0,1.0,1.0,1.0
complex_qaware_v018_r4,closed_loop,complex,full,1,0.18,True,51.595590166,1785050775.0131426,4.3661092950458595,0.03571354142520888,-0.003071965747753591,0.0,0.00103023524694419,5.158997939124871,0.0,0.0,0.0,nan,nan,nan,nan,nan,nan,0.0,0.0,-0.05000000074505806,0.0,0.0,0,ROW_FOLLOW,WAITING_FOR_CENTERLINE,0.0,0.0,0.0,0.0,0.0,0.0,0.0,0.0,0.0,4.0,0.0,0.0,0.0,0.0,0.0,0.0,0.0,0.30000001192092896,0.20000000298023224,0.20000000298023224,0.15000000596046448,0.15000000596046448,1.0,1.0,1.0,1.0
complex_qaware_v018_r4,closed_loop,complex,full,1,0.18,True,51.645697387,1785050775.0632496,4.3661092950458595,0.03571354142520888,-0.0030667280171363673,0.0,0.0012488033512305478,5.158997939124871,0.0,0.0,0.0,nan,nan,nan,nan,nan,nan,0.0,0.0,-0.05000000074505806,0.0,0.0,1,ROW_FOLLOW,WAITING_FOR_CENTERLINE,0.0,0.0,0.0,0.0,0.0,0.0,0.0,0.0,0.0,5.0,0.0,0.0,0.0,0.0,0.0,0.0,0.0,0.30000001192092896,0.20000000298023224,0.20000000298023224,0.15000000596046448,0.15000000596046448,1.0,1.0,1.0,1.0
complex_qaware_v018_r4,closed_loop,complex,full,1,0.18,True,51.695786815,1785050775.1133392,4.3661092950458595,0.03571354142520888,-0.0030633980623799868,0.0,0.0016630965553334363,5.158997939124871,0.0,0.0,0.0,nan,nan,nan,nan,nan,nan,0.0,0.0,-0.05000000074505806,0.0,0.0,0,ROW_FOLLOW,WAITING_FOR_CENTERLINE,0.0,0.0,0.0,0.0,0.0,0.0,0.0,0.0,0.0,0.0,0.0,0.0,0.0,0.0,0.0,0.0,0.0,0.30000001192092896,0.20000000298023224,0.20000000298023224,0.15000000596046448,0.15000000596046448,1.0,1.0,1.0,1.0
complex_qaware_v018_r4,closed_loop,complex,full,1,0.18,True,51.745267139,1785050775.1628194,4.3661092950458595,0.03571354142520888,-0.0030415870014892663,0.0,0.0014590352248602142,5.158997939124871,0.0,0.0,0.0,nan,nan,nan,nan,nan,nan,0.0,0.0,-0.05000000074505806,0.0,0.0,0,ROW_FOLLOW,WAITING_FOR_CENTERLINE,0.0,0.0,0.0,0.0,0.0,0.0,0.0,0.0,0.0,0.0,0.0,0.0,0.0,0.0,0.0,0.0,0.0,0.30000001192092896,0.20000000298023224,0.20000000298023224,0.15000000596046448,0.15000000596046448,1.0,1.0,1.0,1.0
complex_qaware_v018_r4,closed_loop,complex,full,1,0.18,True,51.795981064,1785050775.2135334,4.3661092950458595,0.03571354142520888,-0.003043987282456141,0.0,0.000952377894707168,5.158997939124871,0.0,0.0,0.0,nan,nan,nan,nan,nan,nan,0.0,0.0,-0.05000000074505806,0.0,0.0,0,ROW_FOLLOW,WAITING_FOR_CENTERLINE,0.0,0.0,0.0,0.0,0.0,0.0,0.0,0.0,0.0,1.0,0.0,0.0,0.0,0.0,0.0,0.0,0.0,0.30000001192092896,0.20000000298023224,0.20000000298023224,0.15000000596046448,0.15000000596046448,1.0,1.0,1.0,1.0
complex_qaware_v018_r4,closed_loop,complex,full,1,0.18,True,51.845329417,1785050775.2628818,4.3661092950458595,0.03571354142520888,-0.003055973600726958,0.0,0.0011636870541056098,5.158997939124871,0.0,0.0,0.0,nan,nan,nan,nan,nan,nan,0.0,0.0,-0.05000000074505806,0.0,0.0,0,ROW_FOLLOW,WAITING_FOR_CENTERLINE,0.0,0.0,0.0,0.0,0.0,0.0,0.0,0.0,0.0,1.0,0.0,0.0,0.0,0.0,0.0,0.0,0.0,0.30000001192092896,0.20000000298023224,0.20000000298023224,0.15000000596046448,0.15000000596046448,1.0,1.0,1.0,1.0
complex_qaware_v018_r4,closed_loop,complex,full,1,0.18,True,51.89590817,1785050775.3134606,4.3661092950458595,0.03571354142520888,-0.003042959877277873,0.0,0.0024419599712903963,5.158997939124871,0.0,0.0,0.0,nan,nan,nan,nan,nan,nan,0.0,0.0,-0.05000000074505806,0.0,0.0,0,ROW_FOLLOW,WAITING_FOR_CENTERLINE,0.0,0.0,0.0,0.0,0.0,0.0,0.0,0.0,0.0,1.0,0.0,0.0,0.0,0.0,0.0,0.0,0.0,0.30000001192092896,0.20000000298023224,0.20000000298023224,0.15000000596046448,0.15000000596046448,1.0,1.0,1.0,1.0
complex_qaware_v018_r4,closed_loop,complex,full,1,0.18,True,51.945360174,1785050775.3629124,4.3661092950458595,0.03571354142520888,-0.0030443989523813997,0.0,0.0016573671382359779,5.158997939124871,0.0,0.0,0.0,nan,nan,nan,nan,nan,nan,0.0,0.0,-0.05000000074505806,0.0,0.0,0,ROW_FOLLOW,WAITING_FOR_CENTERLINE,0.0,0.0,0.0,0.0,0.0,0.0,0.0,0.0,0.0,2.0,0.0,0.0,0.0,0.0,0.0,0.0,0.0,0.30000001192092896,0.20000000298023224,0.20000000298023224,0.15000000596046448,0.15000000596046448,1.0,1.0,1.0,1.0
complex_qaware_v018_r4,closed_loop,complex,full,1,0.18,True,51.996493309,1785050775.4140453,4.3661092950458595,0.03571354142520888,-0.0030331166104904396,0.0,0.0016057636787222287,5.158997939124871,0.0,0.0,0.0,nan,nan,nan,nan,nan,nan,0.0,0.0,-0.05000000074505806,0.0,0.0,0,ROW_FOLLOW,WAITING_FOR_CENTERLINE,0.0,0.0,0.0,0.0,0.0,0.0,0.0,0.0,0.0,3.0,0.0,0.0,0.0,0.0,0.0,0.0,0.0,0.30000001192092896,0.20000000298023224,0.20000000298023224,0.15000000596046448,0.15000000596046448,1.0,1.0,1.0,1.0
complex_qaware_v018_r4,closed_loop,complex,full,1,0.18,True,52.045505205,1785050775.4630575,4.3661092950458595,0.03571354142520888,-0.0030299460089704407,0.0,0.0015117735944608166,5.158997939124871,0.0,0.0,0.0,nan,nan,nan,nan,nan,nan,0.0,0.0,-0.05000000074505806,0.0,0.0,0,ROW_FOLLOW,WAITING_FOR_CENTERLINE,0.0,0.0,0.0,0.0,0.0,0.0,0.0,0.0,0.0,3.0,0.0,0.0,0.0,0.0,0.0,0.0,0.0,0.30000001192092896,0.20000000298023224,0.20000000298023224,0.15000000596046448,0.15000000596046448,1.0,1.0,1.0,1.0
complex_qaware_v018_r4,closed_loop,complex,full,1,0.18,True,52.095256929,1785050775.5128093,4.3661092950458595,0.03571354142520888,-0.0030287542083788912,0.0,0.0007349450412155253,5.158997939124871,0.0,0.0,0.0,nan,nan,nan,nan,nan,nan,0.0,0.0,-0.05000000074505806,0.0,0.0,0,ROW_FOLLOW,WAITING_FOR_CENTERLINE,0.0,0.0,0.0,0.0,0.0,0.0,0.0,0.0,0.0,4.0,0.0,0.0,0.0,0.0,0.0,0.0,0.0,0.30000001192092896,0.20000000298023224,0.20000000298023224,0.15000000596046448,0.15000000596046448,1.0,1.0,1.0,1.0
complex_qaware_v018_r4,closed_loop,complex,full,1,0.18,True,52.145232946,1785050775.5627854,4.3661092950458595,0.03571354142520888,-0.0030900588918907354,0.0,0.0005856908580725994,5.158997939124871,0.0,0.0,0.0,nan,nan,nan,nan,nan,nan,0.0,0.0,-0.05000000074505806,0.0,0.0,0,ROW_FOLLOW,WAITING_FOR_CENTERLINE,0.0,0.0,0.0,0.0,0.0,0.0,0.0,0.0,0.0,4.0,0.0,0.0,0.0,0.0,0.0,0.0,0.0,0.30000001192092896,0.20000000298023224,0.20000000298023224,0.15000000596046448,0.15000000596046448,1.0,1.0,1.0,1.0
complex_qaware_v018_r4,closed_loop,complex,full,1,0.18,True,52.195690128,1785050775.6132424,4.3661092950458595,0.03571354142520888,-0.003094388400656457,0.0,0.001203393968588173,5.158997939124871,0.0,0.0,0.0,nan,nan,nan,nan,nan,nan,0.0,0.0,-0.05000000074505806,0.0,0.0,1,ROW_FOLLOW,WAITING_FOR_CENTERLINE,0.0,0.0,0.0,0.0,0.0,0.0,0.0,0.0,0.0,5.0,0.0,0.0,0.0,0.0,0.0,0.0,0.0,0.30000001192092896,0.20000000298023224,0.20000000298023224,0.15000000596046448,0.15000000596046448,1.0,1.0,1.0,1.0
complex_qaware_v018_r4,closed_loop,complex,full,1,0.18,True,52.245331929,1785050775.662884,4.3661092950458595,0.03571354142520888,-0.003100906232764266,0.0,0.0011711876726552023,5.158997939124871,0.0,0.0,0.0,nan,nan,nan,nan,nan,nan,0.0,0.0,-0.05000000074505806,0.0,0.0,1,ROW_FOLLOW,WAITING_FOR_CENTERLINE,0.0,0.0,0.0,0.0,0.0,0.0,0.0,0.0,0.0,5.0,0.0,0.0,0.0,0.0,0.0,0.0,0.0,0.30000001192092896,0.20000000298023224,0.20000000298023224,0.15000000596046448,0.15000000596046448,1.0,1.0,1.0,1.0
complex_qaware_v018_r4,closed_loop,complex,full,1,0.18,True,52.29607603,1785050775.713628,4.3661092950458595,0.03571354142520888,-0.0031007231414239564,0.0,0.0013758681152628489,5.158997939124871,0.0,0.0,0.0,nan,nan,nan,nan,nan,nan,0.0,0.0,-0.05000000074505806,0.0,0.0,0,ROW_FOLLOW,WAITING_FOR_CENTERLINE,0.0,0.0,0.0,0.0,0.0,0.0,0.0,0.0,0.0,0.0,0.0,0.0,0.0,0.0,0.0,0.0,0.0,0.30000001192092896,0.20000000298023224,0.20000000298023224,0.15000000596046448,0.15000000596046448,1.0,1.0,1.0,1.0
complex_qaware_v018_r4,closed_loop,complex,full,1,0.18,True,52.345421599,1785050775.762974,4.3661092950458595,0.03571354142520888,-0.003096890882447136,0.0,0.001212239646115668,5.158997939124871,0.0,0.0,0.0,nan,nan,nan,nan,nan,nan,0.0,0.0,-0.05000000074505806,0.0,0.0,0,ROW_FOLLOW,WAITING_FOR_CENTERLINE,0.0,0.0,0.0,0.0,0.0,0.0,0.0,0.0,0.0,0.0,0.0,0.0,0.0,0.0,0.0,0.0,0.0,0.30000001192092896,0.20000000298023224,0.20000000298023224,0.15000000596046448,0.15000000596046448,1.0,1.0,1.0,1.0
complex_qaware_v018_r4,closed_loop,complex,full,1,0.18,True,52.395902878,1785050775.813455,4.3661092950458595,0.03571354142520888,-0.003097144230524318,0.0,0.001568225482952662,5.158997939124871,0.0,0.0,0.0,nan,nan,nan,nan,nan,nan,0.0,0.0,-0.05000000074505806,0.0,0.0,0,ROW_FOLLOW,WAITING_FOR_CENTERLINE,0.0,0.0,0.0,0.0,0.0,0.0,0.0,0.0,0.0,1.0,0.0,0.0,0.0,0.0,0.0,0.0,0.0,0.30000001192092896,0.20000000298023224,0.20000000298023224,0.15000000596046448,0.15000000596046448,1.0,1.0,1.0,1.0
complex_qaware_v018_r4,closed_loop,complex,full,1,0.18,True,52.445419651,1785050775.862972,4.3661092950458595,0.03571354142520888,-0.003105989499307515,0.0,0.001213348439022023,5.158997939124871,0.0,0.0,0.0,nan,nan,nan,nan,nan,nan,0.0,0.0,-0.05000000074505806,0.0,0.0,0,ROW_FOLLOW,WAITING_FOR_CENTERLINE,0.0,0.0,0.0,0.0,0.0,0.0,0.0,0.0,0.0,1.0,0.0,0.0,0.0,0.0,0.0,0.0,0.0,0.30000001192092896,0.20000000298023224,0.20000000298023224,0.15000000596046448,0.15000000596046448,1.0,1.0,1.0,1.0
complex_qaware_v018_r4,closed_loop,complex,full,1,0.18,True,52.495767358,1785050775.9133196,4.3661092950458595,0.03571354142520888,-0.0031076348164962293,0.0,0.00030883027637515666,5.158997939124871,0.0,0.0,0.0,nan,nan,nan,nan,nan,nan,0.0,0.0,-0.05000000074505806,0.0,0.0,0,ROW_FOLLOW,WAITING_FOR_CENTERLINE,0.0,0.0,0.0,0.0,0.0,0.0,0.0,0.0,0.0,2.0,0.0,0.0,0.0,0.0,0.0,0.0,0.0,0.30000001192092896,0.20000000298023224,0.20000000298023224,0.15000000596046448,0.15000000596046448,1.0,1.0,1.0,1.0
complex_qaware_v018_r4,closed_loop,complex,full,1,0.18,True,52.545320516,1785050775.9628727,4.3661092950458595,0.03571354142520888,-0.0031230017607990503,0.0,0.0009053334263333711,5.158997939124871,0.0,0.0,0.0,nan,nan,nan,nan,nan,nan,0.0,0.0,-0.05000000074505806,0.0,0.0,0,ROW_FOLLOW,WAITING_FOR_CENTERLINE,0.0,0.0,0.0,0.0,0.0,0.0,0.0,0.0,0.0,2.0,0.0,0.0,0.0,0.0,0.0,0.0,0.0,0.30000001192092896,0.20000000298023224,0.20000000298023224,0.15000000596046448,0.15000000596046448,1.0,1.0,1.0,1.0
complex_qaware_v018_r4,closed_loop,complex,full,1,0.18,True,52.596635449,1785050776.0141878,4.3661092950458595,0.03571354142520888,-0.0031168141238495646,0.0,0.0016459736961564459,5.158997939124871,0.0,0.0,0.0,nan,nan,nan,nan,nan,nan,0.0,0.0,-0.05000000074505806,0.0,0.0,0,ROW_FOLLOW,WAITING_FOR_CENTERLINE,0.0,0.0,0.0,0.0,0.0,0.0,0.0,0.0,0.0,3.0,0.0,0.0,0.0,0.0,0.0,0.0,0.0,0.30000001192092896,0.20000000298023224,0.20000000298023224,0.15000000596046448,0.15000000596046448,1.0,1.0,1.0,1.0
complex_qaware_v018_r4,closed_loop,complex,full,1,0.18,True,52.645478861,1785050776.063031,4.3661092950458595,0.03571354142520888,-0.003109931595702164,0.0,0.0012900912574662464,5.158997939124871,0.0,0.0,0.0,nan,nan,nan,nan,nan,nan,0.0,0.0,-0.05000000074505806,0.0,0.0,0,ROW_FOLLOW,WAITING_FOR_CENTERLINE,0.0,0.0,0.0,0.0,0.0,0.0,0.0,0.0,0.0,3.0,0.0,0.0,0.0,0.0,0.0,0.0,0.0,0.30000001192092896,0.20000000298023224,0.20000000298023224,0.15000000596046448,0.15000000596046448,1.0,1.0,1.0,1.0
complex_qaware_v018_r4,closed_loop,complex,full,1,0.18,True,52.695427839,1785050776.11298,4.3661092950458595,0.03571354142520888,-0.0030966276982078425,0.0,0.002153421808417926,5.158997939124871,0.0,0.0,0.0,nan,nan,nan,nan,nan,nan,0.0,0.0,-0.05000000074505806,0.0,0.0,0,ROW_FOLLOW,WAITING_FOR_CENTERLINE,0.0,0.0,0.0,0.0,0.0,0.0,0.0,0.0,0.0,4.0,0.0,0.0,0.0,0.0,0.0,0.0,0.0,0.30000001192092896,0.20000000298023224,0.20000000298023224,0.15000000596046448,0.15000000596046448,1.0,1.0,1.0,1.0
complex_qaware_v018_r4,closed_loop,complex,full,1,0.18,True,52.745317262,1785050776.1628695,4.3661092950458595,0.03571354142520888,-0.0030986884728667627,0.0,0.000982949646278732,5.158997939124871,0.0,0.0,0.0,nan,nan,nan,nan,nan,nan,0.0,0.0,-0.05000000074505806,0.0,0.0,0,ROW_FOLLOW,WAITING_FOR_CENTERLINE,0.0,0.0,0.0,0.0,0.0,0.0,0.0,0.0,0.0,4.0,0.0,0.0,0.0,0.0,0.0,0.0,0.0,0.30000001192092896,0.20000000298023224,0.20000000298023224,0.15000000596046448,0.15000000596046448,1.0,1.0,1.0,1.0
complex_qaware_v018_r4,closed_loop,complex,full,1,0.18,True,52.795917041,1785050776.2134693,4.3661092950458595,0.03571354142520888,-0.003093410914384089,0.0,0.0013032054300730624,5.158997939124871,0.0,0.0,0.0,nan,nan,nan,nan,nan,nan,0.0,0.0,-0.05000000074505806,0.0,0.0,1,ROW_FOLLOW,WAITING_FOR_CENTERLINE,0.0,0.0,0.0,0.0,0.0,0.0,0.0,0.0,0.0,5.0,0.0,0.0,0.0,0.0,0.0,0.0,0.0,0.30000001192092896,0.20000000298023224,0.20000000298023224,0.15000000596046448,0.15000000596046448,1.0,1.0,1.0,1.0
complex_qaware_v018_r4,closed_loop,complex,full,1,0.18,True,52.845422838,1785050776.262975,4.3661092950458595,0.03571354142520888,-0.0031146690298884394,0.0,0.0016623404417931223,5.158997939124871,0.0,0.0,0.0,nan,nan,nan,nan,nan,nan,0.0,0.0,-0.05000000074505806,0.0,0.0,1,ROW_FOLLOW,WAITING_FOR_CENTERLINE,0.0,0.0,0.0,0.0,0.0,0.0,0.0,0.0,0.0,5.0,0.0,0.0,0.0,0.0,0.0,0.0,0.0,0.30000001192092896,0.20000000298023224,0.20000000298023224,0.15000000596046448,0.15000000596046448,1.0,1.0,1.0,1.0
complex_qaware_v018_r4,closed_loop,complex,full,1,0.18,True,52.895424265,1785050776.3129766,4.3661092950458595,0.03571354142520888,-0.003132705779459677,0.0,0.0008796397821091165,5.158997939124871,0.0,0.0,0.0,nan,nan,nan,nan,nan,nan,0.0,0.0,-0.05000000074505806,0.0,0.0,0,ROW_FOLLOW,WAITING_FOR_CENTERLINE,0.0,0.0,0.0,0.0,0.0,0.0,0.0,0.0,0.0,0.0,0.0,0.0,0.0,0.0,0.0,0.0,0.0,0.30000001192092896,0.20000000298023224,0.20000000298023224,0.15000000596046448,0.15000000596046448,1.0,1.0,1.0,1.0
complex_qaware_v018_r4,closed_loop,complex,full,1,0.18,True,52.945304953,1785050776.362857,4.3661092950458595,0.03571354142520888,-0.0031068519016712584,0.0,0.0006526858811194148,5.158997939124871,0.0,0.0,0.0,nan,nan,nan,nan,nan,nan,0.0,0.0,-0.05000000074505806,0.0,0.0,0,ROW_FOLLOW,WAITING_FOR_CENTERLINE,0.0,0.0,0.0,0.0,0.0,0.0,0.0,0.0,0.0,0.0,0.0,0.0,0.0,0.0,0.0,0.0,0.0,0.30000001192092896,0.20000000298023224,0.20000000298023224,0.15000000596046448,0.15000000596046448,1.0,1.0,1.0,1.0
complex_qaware_v018_r4,closed_loop,complex,full,1,0.18,True,52.995998877,1785050776.413551,4.3661092950458595,0.03571354142520888,-0.003116064577960209,0.0,0.001223744005288227,5.158997939124871,0.0,0.0,0.0,nan,nan,nan,nan,nan,nan,0.0,0.0,-0.05000000074505806,0.0,0.0,0,ROW_FOLLOW,WAITING_FOR_CENTERLINE,0.0,0.0,0.0,0.0,0.0,0.0,0.0,0.0,0.0,1.0,0.0,0.0,0.0,0.0,0.0,0.0,0.0,0.30000001192092896,0.20000000298023224,0.20000000298023224,0.15000000596046448,0.15000000596046448,1.0,1.0,1.0,1.0
complex_qaware_v018_r4,closed_loop,complex,full,1,0.18,True,53.045374304,1785050776.4629266,4.3661092950458595,0.03571354142520888,-0.0031478021044062396,0.0,0.0005028369633931831,5.158997939124871,0.0,0.0,0.0,nan,nan,nan,nan,nan,nan,0.0,0.0,-0.05000000074505806,0.0,0.0,0,ROW_FOLLOW,WAITING_FOR_CENTERLINE,0.0,0.0,0.0,0.0,0.0,0.0,0.0,0.0,0.0,1.0,0.0,0.0,0.0,0.0,0.0,0.0,0.0,0.30000001192092896,0.20000000298023224,0.20000000298023224,0.15000000596046448,0.15000000596046448,1.0,1.0,1.0,1.0
complex_qaware_v018_r4,closed_loop,complex,full,1,0.18,True,53.095435828,1785050776.512988,4.3661092950458595,0.03571354142520888,-0.003158749379357673,0.0,0.0008057790431938434,5.158997939124871,0.0,0.0,0.0,nan,nan,nan,nan,nan,nan,0.0,0.0,-0.05000000074505806,0.0,0.0,0,ROW_FOLLOW,WAITING_FOR_CENTERLINE,0.0,0.0,0.0,0.0,0.0,0.0,0.0,0.0,0.0,2.0,0.0,0.0,0.0,0.0,0.0,0.0,0.0,0.30000001192092896,0.20000000298023224,0.20000000298023224,0.15000000596046448,0.15000000596046448,1.0,1.0,1.0,1.0
complex_qaware_v018_r4,closed_loop,complex,full,1,0.18,True,53.145327428,1785050776.5628798,4.3661092950458595,0.03571354142520888,-0.0031728006348270563,0.0,6.522539508884752e-05,5.158997939124871,0.0,0.0,0.0,nan,nan,nan,nan,nan,nan,0.0,0.0,-0.05000000074505806,0.0,0.0,0,ROW_FOLLOW,WAITING_FOR_CENTERLINE,0.0,0.0,0.0,0.0,0.0,0.0,0.0,0.0,0.0,2.0,0.0,0.0,0.0,0.0,0.0,0.0,0.0,0.30000001192092896,0.20000000298023224,0.20000000298023224,0.15000000596046448,0.15000000596046448,1.0,1.0,1.0,1.0
complex_qaware_v018_r4,closed_loop,complex,full,1,0.18,True,53.195537916,1785050776.61309,4.3661092950458595,0.03571354142520888,-0.0031775350083593796,0.0,0.001319806239067125,5.158997939124871,0.0,0.0,0.0,nan,nan,nan,nan,nan,nan,0.0,0.0,-0.05000000074505806,0.0,0.0,0,ROW_FOLLOW,WAITING_FOR_CENTERLINE,0.0,0.0,0.0,0.0,0.0,0.0,0.0,0.0,0.0,3.0,0.0,0.0,0.0,0.0,0.0,0.0,0.0,0.30000001192092896,0.20000000298023224,0.20000000298023224,0.15000000596046448,0.15000000596046448,1.0,1.0,1.0,1.0
complex_qaware_v018_r4,closed_loop,complex,full,1,0.18,True,53.245741748,1785050776.6632938,4.3661092950458595,0.03571354142520888,-0.0031638549727994745,0.0,0.001668730339109496,5.158997939124871,0.0,0.0,0.0,nan,nan,nan,nan,nan,nan,0.0,0.0,-0.05000000074505806,0.0,0.0,0,ROW_FOLLOW,WAITING_FOR_CENTERLINE,0.0,0.0,0.0,0.0,0.0,0.0,0.0,0.0,0.0,3.0,0.0,0.0,0.0,0.0,0.0,0.0,0.0,0.30000001192092896,0.20000000298023224,0.20000000298023224,0.15000000596046448,0.15000000596046448,1.0,1.0,1.0,1.0
complex_qaware_v018_r4,closed_loop,complex,full,1,0.18,True,53.295637604,1785050776.7131898,4.3661092950458595,0.03571354142520888,-0.0031492807828765734,0.0,0.000817824804410407,5.158997939124871,0.0,0.0,0.0,nan,nan,nan,nan,nan,nan,0.0,0.0,-0.05000000074505806,0.0,0.0,0,ROW_FOLLOW,WAITING_FOR_CENTERLINE,0.0,0.0,0.0,0.0,0.0,0.0,0.0,0.0,0.0,4.0,0.0,0.0,0.0,0.0,0.0,0.0,0.0,0.30000001192092896,0.20000000298023224,0.20000000298023224,0.15000000596046448,0.15000000596046448,1.0,1.0,1.0,1.0
complex_qaware_v018_r4,closed_loop,complex,full,1,0.18,True,53.345297166,1785050776.7628496,4.3661092950458595,0.03571354142520888,-0.0031491373318144333,0.0,0.0012925243616665025,5.158997939124871,0.0,0.0,0.0,nan,nan,nan,nan,nan,nan,0.0,0.0,-0.05000000074505806,0.0,0.0,0,ROW_FOLLOW,WAITING_FOR_CENTERLINE,0.0,0.0,0.0,0.0,0.0,0.0,0.0,0.0,0.0,4.0,0.0,0.0,0.0,0.0,0.0,0.0,0.0,0.30000001192092896,0.20000000298023224,0.20000000298023224,0.15000000596046448,0.15000000596046448,1.0,1.0,1.0,1.0
complex_qaware_v018_r4,closed_loop,complex,full,1,0.18,True,53.395704011,1785050776.8132563,4.3661092950458595,0.03571354142520888,-0.0031549743757675053,0.0,0.0007993585831701583,5.158997939124871,0.0,0.0,0.0,nan,nan,nan,nan,nan,nan,0.0,0.0,-0.05000000074505806,0.0,0.0,1,ROW_FOLLOW,WAITING_FOR_CENTERLINE,0.0,0.0,0.0,0.0,0.0,0.0,0.0,0.0,0.0,5.0,0.0,0.0,0.0,0.0,0.0,0.0,0.0,0.30000001192092896,0.20000000298023224,0.20000000298023224,0.15000000596046448,0.15000000596046448,1.0,1.0,1.0,1.0
complex_qaware_v018_r4,closed_loop,complex,full,1,0.18,True,53.445315892,1785050776.8628683,4.3661092950458595,0.03571354142520888,-0.0031254314252087134,0.0,0.0016851899254583112,5.158997939124871,0.0,0.0,0.0,nan,nan,nan,nan,nan,nan,0.0,0.0,-0.05000000074505806,0.0,0.0,1,ROW_FOLLOW,WAITING_FOR_CENTERLINE,0.0,0.0,0.0,0.0,0.0,0.0,0.0,0.0,0.0,5.0,0.0,0.0,0.0,0.0,0.0,0.0,0.0,0.30000001192092896,0.20000000298023224,0.20000000298023224,0.15000000596046448,0.15000000596046448,1.0,1.0,1.0,1.0
complex_qaware_v018_r4,closed_loop,complex,full,1,0.18,True,53.495871413,1785050776.9134235,4.3661092950458595,0.03571354142520888,-0.0031036945283746675,0.0,0.0013792486127427528,5.158997939124871,0.0,0.0,0.0,nan,nan,nan,nan,nan,nan,0.0,0.0,-0.05000000074505806,0.0,0.0,0,ROW_FOLLOW,WAITING_FOR_CENTERLINE,0.0,0.0,0.0,0.0,0.0,0.0,0.0,0.0,0.0,0.0,0.0,0.0,0.0,0.0,0.0,0.0,0.0,0.30000001192092896,0.20000000298023224,0.20000000298023224,0.15000000596046448,0.15000000596046448,1.0,1.0,1.0,1.0
complex_qaware_v018_r4,closed_loop,complex,full,1,0.18,True,53.545328761,1785050776.962881,4.3661092950458595,0.03571354142520888,-0.0030824818673926835,0.0,0.0011735776967096764,5.158997939124871,0.0,0.0,0.0,nan,nan,nan,nan,nan,nan,0.0,0.0,-0.05000000074505806,0.0,0.0,0,ROW_FOLLOW,WAITING_FOR_CENTERLINE,0.0,0.0,0.0,0.0,0.0,0.0,0.0,0.0,0.0,0.0,0.0,0.0,0.0,0.0,0.0,0.0,0.0,0.30000001192092896,0.20000000298023224,0.20000000298023224,0.15000000596046448,0.15000000596046448,1.0,1.0,1.0,1.0
complex_qaware_v018_r4,closed_loop,complex,full,1,0.18,True,53.595309356,1785050777.0128617,4.3661092950458595,0.03571354142520888,-0.0030804294557720273,0.0,0.0014114263197672378,5.158997939124871,0.0,0.0,0.0,nan,nan,nan,nan,nan,nan,0.0,0.0,-0.05000000074505806,0.0,0.0,0,ROW_FOLLOW,WAITING_FOR_CENTERLINE,0.0,0.0,0.0,0.0,0.0,0.0,0.0,0.0,0.0,1.0,0.0,0.0,0.0,0.0,0.0,0.0,0.0,0.30000001192092896,0.20000000298023224,0.20000000298023224,0.15000000596046448,0.15000000596046448,1.0,1.0,1.0,1.0
complex_qaware_v018_r4,closed_loop,complex,full,1,0.18,True,53.645362208,1785050777.0629146,4.3661092950458595,0.03571354142520888,-0.0030703416218926826,0.0,0.0020411245868060977,5.158997939124871,0.0,0.0,0.0,nan,nan,nan,nan,nan,nan,0.0,0.0,-0.05000000074505806,0.0,0.0,0,ROW_FOLLOW,WAITING_FOR_CENTERLINE,0.0,0.0,0.0,0.0,0.0,0.0,0.0,0.0,0.0,1.0,0.0,0.0,0.0,0.0,0.0,0.0,0.0,0.30000001192092896,0.20000000298023224,0.20000000298023224,0.15000000596046448,0.15000000596046448,1.0,1.0,1.0,1.0
complex_qaware_v018_r4,closed_loop,complex,full,1,0.18,True,53.695170063,1785050777.1127224,4.3661092950458595,0.03571354142520888,-0.0030636072195275865,0.0,0.0012737098701527637,5.158997939124871,0.0,0.0,0.0,nan,nan,nan,nan,nan,nan,0.0,0.0,-0.05000000074505806,0.0,0.0,0,ROW_FOLLOW,WAITING_FOR_CENTERLINE,0.0,0.0,0.0,0.0,0.0,0.0,0.0,0.0,0.0,2.0,0.0,0.0,0.0,0.0,0.0,0.0,0.0,0.30000001192092896,0.20000000298023224,0.20000000298023224,0.15000000596046448,0.15000000596046448,1.0,1.0,1.0,1.0
complex_qaware_v018_r4,closed_loop,complex,full,1,0.18,True,53.745362503,1785050777.1629148,4.3661092950458595,0.03571354142520888,-0.0030461602264924017,0.0,0.0013773564572489919,5.158997939124871,0.0,0.0,0.0,nan,nan,nan,nan,nan,nan,0.0,0.0,-0.05000000074505806,0.0,0.0,0,ROW_FOLLOW,WAITING_FOR_CENTERLINE,0.0,0.0,0.0,0.0,0.0,0.0,0.0,0.0,0.0,2.0,0.0,0.0,0.0,0.0,0.0,0.0,0.0,0.30000001192092896,0.20000000298023224,0.20000000298023224,0.15000000596046448,0.15000000596046448,1.0,1.0,1.0,1.0
complex_qaware_v018_r4,closed_loop,complex,full,1,0.18,True,53.795659202,1785050777.2132113,4.3661092950458595,0.03571354142520888,-0.003013246268198433,0.0,0.0021637645320207242,5.158997939124871,0.0,0.0,0.0,nan,nan,nan,nan,nan,nan,0.0,0.0,-0.05000000074505806,0.0,0.0,0,ROW_FOLLOW,WAITING_FOR_CENTERLINE,0.0,0.0,0.0,0.0,0.0,0.0,0.0,0.0,0.0,3.0,0.0,0.0,0.0,0.0,0.0,0.0,0.0,0.30000001192092896,0.20000000298023224,0.20000000298023224,0.15000000596046448,0.15000000596046448,1.0,1.0,1.0,1.0
complex_qaware_v018_r4,closed_loop,complex,full,1,0.18,True,53.84522001,1785050777.2627723,4.3661092950458595,0.03571354142520888,-0.0030041352361438443,0.0,0.0010996630485574535,5.158997939124871,0.0,0.0,0.0,nan,nan,nan,nan,nan,nan,0.0,0.0,-0.05000000074505806,0.0,0.0,0,ROW_FOLLOW,WAITING_FOR_CENTERLINE,0.0,0.0,0.0,0.0,0.0,0.0,0.0,0.0,0.0,3.0,0.0,0.0,0.0,0.0,0.0,0.0,0.0,0.30000001192092896,0.20000000298023224,0.20000000298023224,0.15000000596046448,0.15000000596046448,1.0,1.0,1.0,1.0
complex_qaware_v018_r4,closed_loop,complex,full,1,0.18,True,53.895451683,1785050777.313004,4.3661092950458595,0.03571354142520888,-0.0030026490110035544,0.0,0.0021349199781721937,5.158997939124871,0.0,0.0,0.0,nan,nan,nan,nan,nan,nan,0.0,0.0,-0.05000000074505806,0.0,0.0,0,ROW_FOLLOW,WAITING_FOR_CENTERLINE,0.0,0.0,0.0,0.0,0.0,0.0,0.0,0.0,0.0,4.0,0.0,0.0,0.0,0.0,0.0,0.0,0.0,0.30000001192092896,0.20000000298023224,0.20000000298023224,0.15000000596046448,0.15000000596046448,1.0,1.0,1.0,1.0
complex_qaware_v018_r4,closed_loop,complex,full,1,0.18,True,53.945291667,1785050777.362844,4.3661092950458595,0.03571354142520888,-0.0030221181391030232,0.0,0.001137656468528487,5.158997939124871,0.0,0.0,0.0,nan,nan,nan,nan,nan,nan,0.0,0.0,-0.05000000074505806,0.0,0.0,0,ROW_FOLLOW,WAITING_FOR_CENTERLINE,0.0,0.0,0.0,0.0,0.0,0.0,0.0,0.0,0.0,4.0,0.0,0.0,0.0,0.0,0.0,0.0,0.0,0.30000001192092896,0.20000000298023224,0.20000000298023224,0.15000000596046448,0.15000000596046448,1.0,1.0,1.0,1.0
complex_qaware_v018_r4,closed_loop,complex,full,1,0.18,True,53.995770738,1785050777.413323,4.3661092950458595,0.03571354142520888,-0.003030949832241614,0.0,0.0008701819158091626,5.158997939124871,0.0,0.0,0.0,nan,nan,nan,nan,nan,nan,0.0,0.0,-0.05000000074505806,0.0,0.0,1,ROW_FOLLOW,WAITING_FOR_CENTERLINE,0.0,0.0,0.0,0.0,0.0,0.0,0.0,0.0,0.0,5.0,0.0,0.0,0.0,0.0,0.0,0.0,0.0,0.30000001192092896,0.20000000298023224,0.20000000298023224,0.15000000596046448,0.15000000596046448,1.0,1.0,1.0,1.0
complex_qaware_v018_r4,closed_loop,complex,full,1,0.18,True,54.045319002,1785050777.4628713,4.3661092950458595,0.03571354142520888,-0.0030471421232092255,0.0,0.0014873781021378894,5.158997939124871,0.0,0.0,0.0,nan,nan,nan,nan,nan,nan,0.0,0.0,-0.05000000074505806,0.0,0.0,1,ROW_FOLLOW,WAITING_FOR_CENTERLINE,0.0,0.0,0.0,0.0,0.0,0.0,0.0,0.0,0.0,5.0,0.0,0.0,0.0,0.0,0.0,0.0,0.0,0.30000001192092896,0.20000000298023224,0.20000000298023224,0.15000000596046448,0.15000000596046448,1.0,1.0,1.0,1.0
complex_qaware_v018_r4,closed_loop,complex,full,1,0.18,True,54.095692407,1785050777.5132446,4.3661092950458595,0.03571354142520888,-0.0030619866474017603,0.0,0.0010552151377220215,5.158997939124871,0.0,0.0,0.0,nan,nan,nan,nan,nan,nan,0.0,0.0,-0.05000000074505806,0.0,0.0,0,ROW_FOLLOW,WAITING_FOR_CENTERLINE,0.0,0.0,0.0,0.0,0.0,0.0,0.0,0.0,0.0,0.0,0.0,0.0,0.0,0.0,0.0,0.0,0.0,0.30000001192092896,0.20000000298023224,0.20000000298023224,0.15000000596046448,0.15000000596046448,1.0,1.0,1.0,1.0
complex_qaware_v018_r4,closed_loop,complex,full,1,0.18,True,54.145338849,1785050777.562891,4.3661092950458595,0.03571354142520888,-0.0030459969751754925,0.0,0.001599057275905105,5.158997939124871,0.0,0.0,0.0,nan,nan,nan,nan,nan,nan,0.0,0.0,-0.05000000074505806,0.0,0.0,0,ROW_FOLLOW,WAITING_FOR_CENTERLINE,0.0,0.0,0.0,0.0,0.0,0.0,0.0,0.0,0.0,0.0,0.0,0.0,0.0,0.0,0.0,0.0,0.0,0.30000001192092896,0.20000000298023224,0.20000000298023224,0.15000000596046448,0.15000000596046448,1.0,1.0,1.0,1.0
complex_qaware_v018_r4,closed_loop,complex,full,1,0.18,True,54.195369557,1785050777.612922,4.3661092950458595,0.03571354142520888,-0.0030343090457205513,0.0,0.001291686419063445,5.158997939124871,0.0,0.0,0.0,nan,nan,nan,nan,nan,nan,0.0,0.0,-0.05000000074505806,0.0,0.0,0,ROW_FOLLOW,WAITING_FOR_CENTERLINE,0.0,0.0,0.0,0.0,0.0,0.0,0.0,0.0,0.0,1.0,0.0,0.0,0.0,0.0,0.0,0.0,0.0,0.30000001192092896,0.20000000298023224,0.20000000298023224,0.15000000596046448,0.15000000596046448,1.0,1.0,1.0,1.0
complex_qaware_v018_r4,closed_loop,complex,full,1,0.18,True,54.245271366,1785050777.6628237,4.3661092950458595,0.03571354142520888,-0.003039399142302113,0.0,0.0007996111448197055,5.158997939124871,0.0,0.0,0.0,nan,nan,nan,nan,nan,nan,0.0,0.0,-0.05000000074505806,0.0,0.0,0,ROW_FOLLOW,WAITING_FOR_CENTERLINE,0.0,0.0,0.0,0.0,0.0,0.0,0.0,0.0,0.0,1.0,0.0,0.0,0.0,0.0,0.0,0.0,0.0,0.30000001192092896,0.20000000298023224,0.20000000298023224,0.15000000596046448,0.15000000596046448,1.0,1.0,1.0,1.0
complex_qaware_v018_r4,closed_loop,complex,full,1,0.18,True,54.296416951,1785050777.7139692,4.3661092950458595,0.03571354142520888,-0.003055205170150009,0.0,0.0011670377012373855,5.158997939124871,0.0,0.0,0.0,nan,nan,nan,nan,nan,nan,0.0,0.0,-0.05000000074505806,0.0,0.0,0,ROW_FOLLOW,WAITING_FOR_CENTERLINE,0.0,0.0,0.0,0.0,0.0,0.0,0.0,0.0,0.0,2.0,0.0,0.0,0.0,0.0,0.0,0.0,0.0,0.30000001192092896,0.20000000298023224,0.20000000298023224,0.15000000596046448,0.15000000596046448,1.0,1.0,1.0,1.0
complex_qaware_v018_r4,closed_loop,complex,full,1,0.18,True,54.345246188,1785050777.7627983,4.3661092950458595,0.03571354142520888,-0.0030484918381388218,0.0,0.0014662366848474384,5.158997939124871,0.0,0.0,0.0,nan,nan,nan,nan,nan,nan,0.0,0.0,-0.05000000074505806,0.0,0.0,0,ROW_FOLLOW,WAITING_FOR_CENTERLINE,0.0,0.0,0.0,0.0,0.0,0.0,0.0,0.0,0.0,2.0,0.0,0.0,0.0,0.0,0.0,0.0,0.0,0.30000001192092896,0.20000000298023224,0.20000000298023224,0.15000000596046448,0.15000000596046448,1.0,1.0,1.0,1.0
complex_qaware_v018_r4,closed_loop,complex,full,1,0.18,True,54.39550519,1785050777.8130574,4.3661092950458595,0.03571354142520888,-0.0030427989407888476,0.0,0.00175005542535846,5.158997939124871,0.0,0.0,0.0,nan,nan,nan,nan,nan,nan,0.0,0.0,-0.05000000074505806,0.0,0.0,0,ROW_FOLLOW,WAITING_FOR_CENTERLINE,0.0,0.0,0.0,0.0,0.0,0.0,0.0,0.0,0.0,3.0,0.0,0.0,0.0,0.0,0.0,0.0,0.0,0.30000001192092896,0.20000000298023224,0.20000000298023224,0.15000000596046448,0.15000000596046448,1.0,1.0,1.0,1.0
complex_qaware_v018_r4,closed_loop,complex,full,1,0.18,True,54.445288532,1785050777.862841,4.3661092950458595,0.03571354142520888,-0.0030340414215288564,0.0,0.001364205670835343,5.158997939124871,0.0,0.0,0.0,nan,nan,nan,nan,nan,nan,0.0,0.0,-0.05000000074505806,0.0,0.0,0,ROW_FOLLOW,WAITING_FOR_CENTERLINE,0.0,0.0,0.0,0.0,0.0,0.0,0.0,0.0,0.0,3.0,0.0,0.0,0.0,0.0,0.0,0.0,0.0,0.30000001192092896,0.20000000298023224,0.20000000298023224,0.15000000596046448,0.15000000596046448,1.0,1.0,1.0,1.0
complex_qaware_v018_r4,closed_loop,complex,full,1,0.18,True,54.495719026,1785050777.9132712,4.3661092950458595,0.03571354142520888,-0.003031582223905982,0.0,0.0008733699966814229,5.158997939124871,0.0,0.0,0.0,nan,nan,nan,nan,nan,nan,0.0,0.0,-0.05000000074505806,0.0,0.0,0,ROW_FOLLOW,WAITING_FOR_CENTERLINE,0.0,0.0,0.0,0.0,0.0,0.0,0.0,0.0,0.0,4.0,0.0,0.0,0.0,0.0,0.0,0.0,0.0,0.30000001192092896,0.20000000298023224,0.20000000298023224,0.15000000596046448,0.15000000596046448,1.0,1.0,1.0,1.0
complex_qaware_v018_r4,closed_loop,complex,full,1,0.18,True,54.545339548,1785050777.9628918,4.3661092950458595,0.03571354142520888,-0.0030137846751530067,0.0,0.0016074091035597133,5.158997939124871,0.0,0.0,0.0,nan,nan,nan,nan,nan,nan,0.0,0.0,-0.05000000074505806,0.0,0.0,0,ROW_FOLLOW,WAITING_FOR_CENTERLINE,0.0,0.0,0.0,0.0,0.0,0.0,0.0,0.0,0.0,4.0,0.0,0.0,0.0,0.0,0.0,0.0,0.0,0.30000001192092896,0.20000000298023224,0.20000000298023224,0.15000000596046448,0.15000000596046448,1.0,1.0,1.0,1.0
complex_qaware_v018_r4,closed_loop,complex,full,1,0.18,True,54.595714969,1785050778.0132673,4.3661092950458595,0.03571354142520888,-0.003012163785844458,0.0,0.0013369628087438216,5.158997939124871,0.0,0.0,0.0,nan,nan,nan,nan,nan,nan,0.0,0.0,-0.05000000074505806,0.0,0.0,1,ROW_FOLLOW,WAITING_FOR_CENTERLINE,0.0,0.0,0.0,0.0,0.0,0.0,0.0,0.0,0.0,5.0,0.0,0.0,0.0,0.0,0.0,0.0,0.0,0.30000001192092896,0.20000000298023224,0.20000000298023224,0.15000000596046448,0.15000000596046448,1.0,1.0,1.0,1.0
complex_qaware_v018_r4,closed_loop,complex,full,1,0.18,True,54.645519464,1785050778.0630717,4.3661092950458595,0.03571354142520888,-0.0030053491658761367,0.0,0.0008067438700605892,5.158997939124871,0.0,0.0,0.0,nan,nan,nan,nan,nan,nan,0.0,0.0,-0.05000000074505806,0.0,0.0,1,ROW_FOLLOW,WAITING_FOR_CENTERLINE,0.0,0.0,0.0,0.0,0.0,0.0,0.0,0.0,0.0,5.0,0.0,0.0,0.0,0.0,0.0,0.0,0.0,0.30000001192092896,0.20000000298023224,0.20000000298023224,0.15000000596046448,0.15000000596046448,1.0,1.0,1.0,1.0
complex_qaware_v018_r4,closed_loop,complex,full,1,0.18,True,54.696967938,1785050778.11452,4.3661092950458595,0.03571354142520888,-0.003027125165688816,0.0,0.0016322344263166174,5.158997939124871,0.0,0.0,0.0,nan,nan,nan,nan,nan,nan,0.0,0.0,-0.05000000074505806,0.0,0.0,0,ROW_FOLLOW,WAITING_FOR_CENTERLINE,0.0,0.0,0.0,0.0,0.0,0.0,0.0,0.0,0.0,0.0,0.0,0.0,0.0,0.0,0.0,0.0,0.0,0.30000001192092896,0.20000000298023224,0.20000000298023224,0.15000000596046448,0.15000000596046448,1.0,1.0,1.0,1.0
complex_qaware_v018_r4,closed_loop,complex,full,1,0.18,True,54.745384077,1785050778.1629362,4.3661092950458595,0.03571354142520888,-0.003006544324587246,0.0,0.001514411353988074,5.158997939124871,0.0,0.0,0.0,nan,nan,nan,nan,nan,nan,0.0,0.0,-0.05000000074505806,0.0,0.0,0,ROW_FOLLOW,WAITING_FOR_CENTERLINE,0.0,0.0,0.0,0.0,0.0,0.0,0.0,0.0,0.0,0.0,0.0,0.0,0.0,0.0,0.0,0.0,0.0,0.30000001192092896,0.20000000298023224,0.20000000298023224,0.15000000596046448,0.15000000596046448,1.0,1.0,1.0,1.0
complex_qaware_v018_r4,closed_loop,complex,full,1,0.18,True,54.795537925,1785050778.2130904,4.3661092950458595,0.03571354142520888,-0.0030218436107416475,0.0,0.0021833144774323545,5.158997939124871,0.0,0.0,0.0,nan,nan,nan,nan,nan,nan,0.0,0.0,-0.05000000074505806,0.0,0.0,0,ROW_FOLLOW,WAITING_FOR_CENTERLINE,0.0,0.0,0.0,0.0,0.0,0.0,0.0,0.0,0.0,1.0,0.0,0.0,0.0,0.0,0.0,0.0,0.0,0.30000001192092896,0.20000000298023224,0.20000000298023224,0.15000000596046448,0.15000000596046448,1.0,1.0,1.0,1.0
complex_qaware_v018_r4,closed_loop,complex,full,1,0.18,True,54.845315347,1785050778.2628677,4.3661092950458595,0.03571354142520888,-0.0030178922414649816,0.0,0.0014354120991614476,5.158997939124871,0.0,0.0,0.0,nan,nan,nan,nan,nan,nan,0.0,0.0,-0.05000000074505806,0.0,0.0,0,ROW_FOLLOW,WAITING_FOR_CENTERLINE,0.0,0.0,0.0,0.0,0.0,0.0,0.0,0.0,0.0,1.0,0.0,0.0,0.0,0.0,0.0,0.0,0.0,0.30000001192092896,0.20000000298023224,0.20000000298023224,0.15000000596046448,0.15000000596046448,1.0,1.0,1.0,1.0
complex_qaware_v018_r4,closed_loop,complex,full,1,0.18,True,54.895882486,1785050778.3134346,4.3661092950458595,0.03571354142520888,-0.003025855013345511,0.0,0.0010362230466507603,5.158997939124871,0.0,0.0,0.0,nan,nan,nan,nan,nan,nan,0.0,0.0,-0.05000000074505806,0.0,0.0,0,ROW_FOLLOW,WAITING_FOR_CENTERLINE,0.0,0.0,0.0,0.0,0.0,0.0,0.0,0.0,0.0,1.0,0.0,0.0,0.0,0.0,0.0,0.0,0.0,0.30000001192092896,0.20000000298023224,0.20000000298023224,0.15000000596046448,0.15000000596046448,1.0,1.0,1.0,1.0
complex_qaware_v018_r4,closed_loop,complex,full,1,0.18,True,54.945585698,1785050778.363138,4.3661092950458595,0.03571354142520888,-0.002986652811603375,0.0,0.0017269799884751746,5.158997939124871,0.0,0.0,0.0,nan,nan,nan,nan,nan,nan,0.0,0.0,-0.05000000074505806,0.0,0.0,0,ROW_FOLLOW,WAITING_FOR_CENTERLINE,0.0,0.0,0.0,0.0,0.0,0.0,0.0,0.0,0.0,2.0,0.0,0.0,0.0,0.0,0.0,0.0,0.0,0.30000001192092896,0.20000000298023224,0.20000000298023224,0.15000000596046448,0.15000000596046448,1.0,1.0,1.0,1.0
complex_qaware_v018_r4,closed_loop,complex,full,1,0.18,True,54.995633847,1785050778.413186,4.3661092950458595,0.03571354142520888,-0.003004280969370221,0.0,0.0011361307597292341,5.158997939124871,0.0,0.0,0.0,nan,nan,nan,nan,nan,nan,0.0,0.0,-0.05000000074505806,0.0,0.0,0,ROW_FOLLOW,WAITING_FOR_CENTERLINE,0.0,0.0,0.0,0.0,0.0,0.0,0.0,0.0,0.0,3.0,0.0,0.0,0.0,0.0,0.0,0.0,0.0,0.30000001192092896,0.20000000298023224,0.20000000298023224,0.15000000596046448,0.15000000596046448,1.0,1.0,1.0,1.0
complex_qaware_v018_r4,closed_loop,complex,full,1,0.18,True,55.045368676,1785050778.462921,4.3661092950458595,0.03571354142520888,-0.0030231654345422845,0.0,0.0008791971617201843,5.158997939124871,0.0,0.0,0.0,nan,nan,nan,nan,nan,nan,0.0,0.0,-0.05000000074505806,0.0,0.0,0,ROW_FOLLOW,WAITING_FOR_CENTERLINE,0.0,0.0,0.0,0.0,0.0,0.0,0.0,0.0,0.0,3.0,0.0,0.0,0.0,0.0,0.0,0.0,0.0,0.30000001192092896,0.20000000298023224,0.20000000298023224,0.15000000596046448,0.15000000596046448,1.0,1.0,1.0,1.0
complex_qaware_v018_r4,closed_loop,complex,full,1,0.18,True,55.095443578,1785050778.512996,4.3661092950458595,0.03571354142520888,-0.003054622787687755,0.0,0.0008680845541603886,5.158997939124871,0.0,0.0,0.0,nan,nan,nan,nan,nan,nan,0.0,0.0,-0.05000000074505806,0.0,0.0,0,ROW_FOLLOW,WAITING_FOR_CENTERLINE,0.0,0.0,0.0,0.0,0.0,0.0,0.0,0.0,0.0,4.0,0.0,0.0,0.0,0.0,0.0,0.0,0.0,0.30000001192092896,0.20000000298023224,0.20000000298023224,0.15000000596046448,0.15000000596046448,1.0,1.0,1.0,1.0
complex_qaware_v018_r4,closed_loop,complex,full,1,0.18,True,55.145395885,1785050778.562948,4.3661092950458595,0.03571354142520888,-0.0030458742342314164,0.0,0.0012886639924801298,5.158997939124871,0.0,0.0,0.0,nan,nan,nan,nan,nan,nan,0.0,0.0,-0.05000000074505806,0.0,0.0,0,ROW_FOLLOW,WAITING_FOR_CENTERLINE,0.0,0.0,0.0,0.0,0.0,0.0,0.0,0.0,0.0,4.0,0.0,0.0,0.0,0.0,0.0,0.0,0.0,0.30000001192092896,0.20000000298023224,0.20000000298023224,0.15000000596046448,0.15000000596046448,1.0,1.0,1.0,1.0
complex_qaware_v018_r4,closed_loop,complex,full,1,0.18,True,55.195443746,1785050778.612996,4.3661092950458595,0.03571354142520888,-0.003042612928872758,0.0,0.001201588696060141,5.158997939124871,0.0,0.0,0.0,nan,nan,nan,nan,nan,nan,0.0,0.0,-0.05000000074505806,0.0,0.0,1,ROW_FOLLOW,WAITING_FOR_CENTERLINE,0.0,0.0,0.0,0.0,0.0,0.0,0.0,0.0,0.0,5.0,0.0,0.0,0.0,0.0,0.0,0.0,0.0,0.30000001192092896,0.20000000298023224,0.20000000298023224,0.15000000596046448,0.15000000596046448,1.0,1.0,1.0,1.0
complex_qaware_v018_r4,closed_loop,complex,full,1,0.18,True,55.245924259,1785050778.6634765,4.3661092950458595,0.03571354142520888,-0.003039105229792228,0.0,0.0018900313692807973,5.158997939124871,0.0,0.0,0.0,nan,nan,nan,nan,nan,nan,0.0,0.0,-0.05000000074505806,0.0,0.0,1,ROW_FOLLOW,WAITING_FOR_CENTERLINE,0.0,0.0,0.0,0.0,0.0,0.0,0.0,0.0,0.0,5.0,0.0,0.0,0.0,0.0,0.0,0.0,0.0,0.30000001192092896,0.20000000298023224,0.20000000298023224,0.15000000596046448,0.15000000596046448,1.0,1.0,1.0,1.0
complex_qaware_v018_r4,closed_loop,complex,full,1,0.18,True,55.295413994,1785050778.7129662,4.3661092950458595,0.03571354142520888,-0.0030366869359581563,0.0,0.0014247827799284856,5.158997939124871,0.0,0.0,0.0,nan,nan,nan,nan,nan,nan,0.0,0.0,-0.05000000074505806,0.0,0.0,0,ROW_FOLLOW,WAITING_FOR_CENTERLINE,0.0,0.0,0.0,0.0,0.0,0.0,0.0,0.0,0.0,0.0,0.0,0.0,0.0,0.0,0.0,0.0,0.0,0.30000001192092896,0.20000000298023224,0.20000000298023224,0.15000000596046448,0.15000000596046448,1.0,1.0,1.0,1.0
complex_qaware_v018_r4,closed_loop,complex,full,1,0.18,True,55.345382237,1785050778.7629344,4.3661092950458595,0.03571354142520888,-0.0030092077485139876,0.0,0.0021438707399366323,5.158997939124871,0.0,0.0,0.0,nan,nan,nan,nan,nan,nan,0.0,0.0,-0.05000000074505806,0.0,0.0,0,ROW_FOLLOW,WAITING_FOR_CENTERLINE,0.0,0.0,0.0,0.0,0.0,0.0,0.0,0.0,0.0,0.0,0.0,0.0,0.0,0.0,0.0,0.0,0.0,0.30000001192092896,0.20000000298023224,0.20000000298023224,0.15000000596046448,0.15000000596046448,1.0,1.0,1.0,1.0
complex_qaware_v018_r4,closed_loop,complex,full,1,0.18,True,55.395393937,1785050778.812946,4.3661092950458595,0.03571354142520888,-0.003016996749386713,0.0,0.0006162229540867328,5.158997939124871,0.0,0.0,0.0,nan,nan,nan,nan,nan,nan,0.0,0.0,-0.05000000074505806,0.0,0.0,0,ROW_FOLLOW,WAITING_FOR_CENTERLINE,0.0,0.0,0.0,0.0,0.0,0.0,0.0,0.0,0.0,1.0,0.0,0.0,0.0,0.0,0.0,0.0,0.0,0.30000001192092896,0.20000000298023224,0.20000000298023224,0.15000000596046448,0.15000000596046448,1.0,1.0,1.0,1.0
complex_qaware_v018_r4,closed_loop,complex,full,1,0.18,True,55.445364901,1785050778.8629172,4.3661092950458595,0.03571354142520888,-0.0030018958783655223,0.0,0.0013602226183373279,5.158997939124871,0.0,0.0,0.0,nan,nan,nan,nan,nan,nan,0.0,0.0,-0.05000000074505806,0.0,0.0,0,ROW_FOLLOW,WAITING_FOR_CENTERLINE,0.0,0.0,0.0,0.0,0.0,0.0,0.0,0.0,0.0,1.0,0.0,0.0,0.0,0.0,0.0,0.0,0.0,0.30000001192092896,0.20000000298023224,0.20000000298023224,0.15000000596046448,0.15000000596046448,1.0,1.0,1.0,1.0
complex_qaware_v018_r4,closed_loop,complex,full,1,0.18,True,55.495482524,1785050778.9130347,4.3661092950458595,0.03571354142520888,-0.0029959072387177876,0.0,0.0013139168314107099,5.158997939124871,0.0,0.0,0.0,nan,nan,nan,nan,nan,nan,0.0,0.0,-0.05000000074505806,0.0,0.0,0,ROW_FOLLOW,WAITING_FOR_CENTERLINE,0.0,0.0,0.0,0.0,0.0,0.0,0.0,0.0,0.0,2.0,0.0,0.0,0.0,0.0,0.0,0.0,0.0,0.30000001192092896,0.20000000298023224,0.20000000298023224,0.15000000596046448,0.15000000596046448,1.0,1.0,1.0,1.0
complex_qaware_v018_r4,closed_loop,complex,full,1,0.18,True,55.545408398,1785050778.9629607,4.3661092950458595,0.03571354142520888,-0.0030074316063002375,0.0,0.0008913957686139977,5.158997939124871,0.0,0.0,0.0,nan,nan,nan,nan,nan,nan,0.0,0.0,-0.05000000074505806,0.0,0.0,0,ROW_FOLLOW,WAITING_FOR_CENTERLINE,0.0,0.0,0.0,0.0,0.0,0.0,0.0,0.0,0.0,2.0,0.0,0.0,0.0,0.0,0.0,0.0,0.0,0.30000001192092896,0.20000000298023224,0.20000000298023224,0.15000000596046448,0.15000000596046448,1.0,1.0,1.0,1.0
complex_qaware_v018_r4,closed_loop,complex,full,1,0.18,True,55.596061011,1785050779.0136132,4.3661092950458595,0.03571354142520888,-0.0030185501558746006,0.0,0.00028773914976415753,5.158997939124871,0.0,0.0,0.0,nan,nan,nan,nan,nan,nan,0.0,0.0,-0.05000000074505806,0.0,0.0,0,ROW_FOLLOW,WAITING_FOR_CENTERLINE,0.0,0.0,0.0,0.0,0.0,0.0,0.0,0.0,0.0,3.0,0.0,0.0,0.0,0.0,0.0,0.0,0.0,0.30000001192092896,0.20000000298023224,0.20000000298023224,0.15000000596046448,0.15000000596046448,1.0,1.0,1.0,1.0
complex_qaware_v018_r4,closed_loop,complex,full,1,0.18,True,55.645574683,1785050779.063127,4.3661092950458595,0.03571354142520888,-0.0030460206698847987,0.0,0.0011784656615555166,5.158997939124871,0.0,0.0,0.0,nan,nan,nan,nan,nan,nan,0.0,0.0,-0.05000000074505806,0.0,0.0,0,ROW_FOLLOW,WAITING_FOR_CENTERLINE,0.0,0.0,0.0,0.0,0.0,0.0,0.0,0.0,0.0,3.0,0.0,0.0,0.0,0.0,0.0,0.0,0.0,0.30000001192092896,0.20000000298023224,0.20000000298023224,0.15000000596046448,0.15000000596046448,1.0,1.0,1.0,1.0
complex_qaware_v018_r4,closed_loop,complex,full,1,0.18,True,55.695518702,1785050779.113071,4.3661092950458595,0.03571354142520888,-0.003039960253176767,0.0,0.0009439514470803552,5.158997939124871,0.0,0.0,0.0,nan,nan,nan,nan,nan,nan,0.0,0.0,-0.05000000074505806,0.0,0.0,0,ROW_FOLLOW,WAITING_FOR_CENTERLINE,0.0,0.0,0.0,0.0,0.0,0.0,0.0,0.0,0.0,4.0,0.0,0.0,0.0,0.0,0.0,0.0,0.0,0.30000001192092896,0.20000000298023224,0.20000000298023224,0.15000000596046448,0.15000000596046448,1.0,1.0,1.0,1.0
complex_qaware_v018_r4,closed_loop,complex,full,1,0.18,True,55.745454369,1785050779.1630068,4.3661092950458595,0.03571354142520888,-0.0030654031117598466,0.0,0.0006616452237734456,5.158997939124871,0.0,0.0,0.0,nan,nan,nan,nan,nan,nan,0.0,0.0,-0.05000000074505806,0.0,0.0,0,ROW_FOLLOW,WAITING_FOR_CENTERLINE,0.0,0.0,0.0,0.0,0.0,0.0,0.0,0.0,0.0,4.0,0.0,0.0,0.0,0.0,0.0,0.0,0.0,0.30000001192092896,0.20000000298023224,0.20000000298023224,0.15000000596046448,0.15000000596046448,1.0,1.0,1.0,1.0
complex_qaware_v018_r4,closed_loop,complex,full,1,0.18,True,55.795540216,1785050779.2130923,4.3661092950458595,0.03571354142520888,-0.003088438777764767,0.0,0.0002738495667896133,5.158997939124871,0.0,0.0,0.0,nan,nan,nan,nan,nan,nan,0.0,0.0,-0.05000000074505806,0.0,0.0,1,ROW_FOLLOW,WAITING_FOR_CENTERLINE,0.0,0.0,0.0,0.0,0.0,0.0,0.0,0.0,0.0,5.0,0.0,0.0,0.0,0.0,0.0,0.0,0.0,0.30000001192092896,0.20000000298023224,0.20000000298023224,0.15000000596046448,0.15000000596046448,1.0,1.0,1.0,1.0
complex_qaware_v018_r4,closed_loop,complex,full,1,0.18,True,55.845166467,1785050779.2627187,4.3661092950458595,0.03571354142520888,-0.003092600606283468,0.0,0.0012563888304863507,5.158997939124871,0.0,0.0,0.0,nan,nan,nan,nan,nan,nan,0.0,0.0,-0.05000000074505806,0.0,0.0,1,ROW_FOLLOW,WAITING_FOR_CENTERLINE,0.0,0.0,0.0,0.0,0.0,0.0,0.0,0.0,0.0,5.0,0.0,0.0,0.0,0.0,0.0,0.0,0.0,0.30000001192092896,0.20000000298023224,0.20000000298023224,0.15000000596046448,0.15000000596046448,1.0,1.0,1.0,1.0
complex_qaware_v018_r4,closed_loop,complex,full,1,0.18,True,55.895970029,1785050779.313522,4.3661092950458595,0.03571354142520888,-0.0030844190185796987,0.0,0.0012140923048433482,5.158997939124871,0.0,0.0,0.0,nan,nan,nan,nan,nan,nan,0.0,0.0,-0.05000000074505806,0.0,0.0,0,ROW_FOLLOW,WAITING_FOR_CENTERLINE,0.0,0.0,0.0,0.0,0.0,0.0,0.0,0.0,0.0,0.0,0.0,0.0,0.0,0.0,0.0,0.0,0.0,0.30000001192092896,0.20000000298023224,0.20000000298023224,0.15000000596046448,0.15000000596046448,1.0,1.0,1.0,1.0
complex_qaware_v018_r4,closed_loop,complex,full,1,0.18,True,55.94539093,1785050779.3629432,4.3661092950458595,0.03571354142520888,-0.0030620396436136237,0.0,0.001507045205352363,5.158997939124871,0.0,0.0,0.0,nan,nan,nan,nan,nan,nan,0.0,0.0,-0.05000000074505806,0.0,0.0,0,ROW_FOLLOW,WAITING_FOR_CENTERLINE,0.0,0.0,0.0,0.0,0.0,0.0,0.0,0.0,0.0,0.0,0.0,0.0,0.0,0.0,0.0,0.0,0.0,0.30000001192092896,0.20000000298023224,0.20000000298023224,0.15000000596046448,0.15000000596046448,1.0,1.0,1.0,1.0
complex_qaware_v018_r4,closed_loop,complex,full,1,0.18,True,55.995373831,1785050779.4129262,4.3661092950458595,0.03571354142520888,-0.0030641996102636075,0.0,0.0007364107348704704,5.158997939124871,0.0,0.0,0.0,nan,nan,nan,nan,nan,nan,0.0,0.0,-0.05000000074505806,0.0,0.0,0,ROW_FOLLOW,WAITING_FOR_CENTERLINE,0.0,0.0,0.0,0.0,0.0,0.0,0.0,0.0,0.0,1.0,0.0,0.0,0.0,0.0,0.0,0.0,0.0,0.30000001192092896,0.20000000298023224,0.20000000298023224,0.15000000596046448,0.15000000596046448,1.0,1.0,1.0,1.0
complex_qaware_v018_r4,closed_loop,complex,full,1,0.18,True,56.045554496,1785050779.4631069,4.3661092950458595,0.03571354142520888,-0.0030632723622439073,0.0,0.001692221979368236,5.158997939124871,0.0,0.0,0.0,nan,nan,nan,nan,nan,nan,0.0,0.0,-0.05000000074505806,0.0,0.0,0,ROW_FOLLOW,WAITING_FOR_CENTERLINE,0.0,0.0,0.0,0.0,0.0,0.0,0.0,0.0,0.0,1.0,0.0,0.0,0.0,0.0,0.0,0.0,0.0,0.30000001192092896,0.20000000298023224,0.20000000298023224,0.15000000596046448,0.15000000596046448,1.0,1.0,1.0,1.0
complex_qaware_v018_r4,closed_loop,complex,full,1,0.18,True,56.095391889,1785050779.5129442,4.3661092950458595,0.03571354142520888,-0.0030621459628377146,0.0,0.0011207797057871578,5.158997939124871,0.0,0.0,0.0,nan,nan,nan,nan,nan,nan,0.0,0.0,-0.05000000074505806,0.0,0.0,0,ROW_FOLLOW,WAITING_FOR_CENTERLINE,0.0,0.0,0.0,0.0,0.0,0.0,0.0,0.0,0.0,2.0,0.0,0.0,0.0,0.0,0.0,0.0,0.0,0.30000001192092896,0.20000000298023224,0.20000000298023224,0.15000000596046448,0.15000000596046448,1.0,1.0,1.0,1.0
complex_qaware_v018_r4,closed_loop,complex,full,1,0.18,True,56.145403718,1785050779.562956,4.3661092950458595,0.03571354142520888,-0.0030899999384437224,0.0,0.0006108336814166915,5.158997939124871,0.0,0.0,0.0,nan,nan,nan,nan,nan,nan,0.0,0.0,-0.05000000074505806,0.0,0.0,0,ROW_FOLLOW,WAITING_FOR_CENTERLINE,0.0,0.0,0.0,0.0,0.0,0.0,0.0,0.0,0.0,2.0,0.0,0.0,0.0,0.0,0.0,0.0,0.0,0.30000001192092896,0.20000000298023224,0.20000000298023224,0.15000000596046448,0.15000000596046448,1.0,1.0,1.0,1.0
complex_qaware_v018_r4,closed_loop,complex,full,1,0.18,True,56.197430383,1785050779.6149826,4.3661092950458595,0.03571354142520888,-0.003104749274637887,0.0,0.0009569017382181511,5.158997939124871,0.0,0.0,0.0,nan,nan,nan,nan,nan,nan,0.0,0.0,-0.05000000074505806,0.0,0.0,0,ROW_FOLLOW,WAITING_FOR_CENTERLINE,0.0,0.0,0.0,0.0,0.0,0.0,0.0,0.0,0.0,3.0,0.0,0.0,0.0,0.0,0.0,0.0,0.0,0.30000001192092896,0.20000000298023224,0.20000000298023224,0.15000000596046448,0.15000000596046448,1.0,1.0,1.0,1.0
complex_qaware_v018_r4,closed_loop,complex,full,1,0.18,True,56.24529278,1785050779.662845,4.3661092950458595,0.03571354142520888,-0.003085774314797619,0.0,0.0015980697948447817,5.158997939124871,0.0,0.0,0.0,nan,nan,nan,nan,nan,nan,0.0,0.0,-0.05000000074505806,0.0,0.0,0,ROW_FOLLOW,WAITING_FOR_CENTERLINE,0.0,0.0,0.0,0.0,0.0,0.0,0.0,0.0,0.0,3.0,0.0,0.0,0.0,0.0,0.0,0.0,0.0,0.30000001192092896,0.20000000298023224,0.20000000298023224,0.15000000596046448,0.15000000596046448,1.0,1.0,1.0,1.0
complex_qaware_v018_r4,closed_loop,complex,full,1,0.18,True,56.295755597,1785050779.7133079,4.3661092950458595,0.03571354142520888,-0.003080210215165025,0.0,0.0020644522274541367,5.158997939124871,0.0,0.0,0.0,nan,nan,nan,nan,nan,nan,0.0,0.0,-0.05000000074505806,0.0,0.0,0,ROW_FOLLOW,WAITING_FOR_CENTERLINE,0.0,0.0,0.0,0.0,0.0,0.0,0.0,0.0,0.0,4.0,0.0,0.0,0.0,0.0,0.0,0.0,0.0,0.30000001192092896,0.20000000298023224,0.20000000298023224,0.15000000596046448,0.15000000596046448,1.0,1.0,1.0,1.0
complex_qaware_v018_r4,closed_loop,complex,full,1,0.18,True,56.345151346,1785050779.7627037,4.3661092950458595,0.03571354142520888,-0.0030808246550289016,0.0,0.0018636783056445378,5.158997939124871,0.0,0.0,0.0,nan,nan,nan,nan,nan,nan,0.0,0.0,-0.05000000074505806,0.0,0.0,0,ROW_FOLLOW,WAITING_FOR_CENTERLINE,0.0,0.0,0.0,0.0,0.0,0.0,0.0,0.0,0.0,4.0,0.0,0.0,0.0,0.0,0.0,0.0,0.0,0.30000001192092896,0.20000000298023224,0.20000000298023224,0.15000000596046448,0.15000000596046448,1.0,1.0,1.0,1.0
complex_qaware_v018_r4,closed_loop,complex,full,1,0.18,True,56.395415341,1785050779.8129678,4.3661092950458595,0.03571354142520888,-0.003069688606196942,0.0,0.0012923646921122478,5.158997939124871,0.0,0.0,0.0,nan,nan,nan,nan,nan,nan,0.0,0.0,-0.05000000074505806,0.0,0.0,1,ROW_FOLLOW,WAITING_FOR_CENTERLINE,0.0,0.0,0.0,0.0,0.0,0.0,0.0,0.0,0.0,5.0,0.0,0.0,0.0,0.0,0.0,0.0,0.0,0.30000001192092896,0.20000000298023224,0.20000000298023224,0.15000000596046448,0.15000000596046448,1.0,1.0,1.0,1.0
complex_qaware_v018_r4,closed_loop,complex,full,1,0.18,True,56.445286367,1785050779.8628385,4.3661092950458595,0.03571354142520888,-0.003084875180155764,0.0,0.000527477563153142,5.158997939124871,0.0,0.0,0.0,nan,nan,nan,nan,nan,nan,0.0,0.0,-0.05000000074505806,0.0,0.0,1,ROW_FOLLOW,WAITING_FOR_CENTERLINE,0.0,0.0,0.0,0.0,0.0,0.0,0.0,0.0,0.0,5.0,0.0,0.0,0.0,0.0,0.0,0.0,0.0,0.30000001192092896,0.20000000298023224,0.20000000298023224,0.15000000596046448,0.15000000596046448,1.0,1.0,1.0,1.0
complex_qaware_v018_r4,closed_loop,complex,full,1,0.18,True,56.495959525,1785050779.9135118,4.3661092950458595,0.03571354142520888,-0.0030824169937386813,0.0,0.0012200469832288217,5.158997939124871,0.0,0.0,0.0,nan,nan,nan,nan,nan,nan,0.0,0.0,-0.05000000074505806,0.0,0.0,0,ROW_FOLLOW,WAITING_FOR_CENTERLINE,0.0,0.0,0.0,0.0,0.0,0.0,0.0,0.0,0.0,0.0,0.0,0.0,0.0,0.0,0.0,0.0,0.0,0.30000001192092896,0.20000000298023224,0.20000000298023224,0.15000000596046448,0.15000000596046448,1.0,1.0,1.0,1.0
complex_qaware_v018_r4,closed_loop,complex,full,1,0.18,True,56.545277768,1785050779.96283,4.3661092950458595,0.03571354142520888,-0.003102290156626885,0.0,0.0016762714793729504,5.158997939124871,0.0,0.0,0.0,nan,nan,nan,nan,nan,nan,0.0,0.0,-0.05000000074505806,0.0,0.0,0,ROW_FOLLOW,WAITING_FOR_CENTERLINE,0.0,0.0,0.0,0.0,0.0,0.0,0.0,0.0,0.0,0.0,0.0,0.0,0.0,0.0,0.0,0.0,0.0,0.30000001192092896,0.20000000298023224,0.20000000298023224,0.15000000596046448,0.15000000596046448,1.0,1.0,1.0,1.0
complex_qaware_v018_r4,closed_loop,complex,full,1,0.18,True,56.595602405,1785050780.0131545,4.3661092950458595,0.03571354142520888,-0.0030849798038752336,0.0,0.001731722412548541,5.158997939124871,0.0,0.0,0.0,nan,nan,nan,nan,nan,nan,0.0,0.0,-0.05000000074505806,0.0,0.0,0,ROW_FOLLOW,WAITING_FOR_CENTERLINE,0.0,0.0,0.0,0.0,0.0,0.0,0.0,0.0,0.0,1.0,0.0,0.0,0.0,0.0,0.0,0.0,0.0,0.30000001192092896,0.20000000298023224,0.20000000298023224,0.15000000596046448,0.15000000596046448,1.0,1.0,1.0,1.0
complex_qaware_v018_r4,closed_loop,complex,full,1,0.18,True,56.645213745,1785050780.062766,4.3661092950458595,0.03571354142520888,-0.003095228167869557,0.0,0.000826208825750351,5.158997939124871,0.0,0.0,0.0,nan,nan,nan,nan,nan,nan,0.0,0.0,-0.05000000074505806,0.0,0.0,0,ROW_FOLLOW,WAITING_FOR_CENTERLINE,0.0,0.0,0.0,0.0,0.0,0.0,0.0,0.0,0.0,1.0,0.0,0.0,0.0,0.0,0.0,0.0,0.0,0.30000001192092896,0.20000000298023224,0.20000000298023224,0.15000000596046448,0.15000000596046448,1.0,1.0,1.0,1.0
complex_qaware_v018_r4,closed_loop,complex,full,1,0.18,True,56.695656561,1785050780.1132088,4.3661092950458595,0.03571354142520888,-0.003088107605750069,0.0,0.0013738602960472366,5.158997939124871,0.0,0.0,0.0,nan,nan,nan,nan,nan,nan,0.0,0.0,-0.05000000074505806,0.0,0.0,0,ROW_FOLLOW,WAITING_FOR_CENTERLINE,0.0,0.0,0.0,0.0,0.0,0.0,0.0,0.0,0.0,2.0,0.0,0.0,0.0,0.0,0.0,0.0,0.0,0.30000001192092896,0.20000000298023224,0.20000000298023224,0.15000000596046448,0.15000000596046448,1.0,1.0,1.0,1.0
complex_qaware_v018_r4,closed_loop,complex,full,1,0.18,True,56.745251772,1785050780.162804,4.3661092950458595,0.03571354142520888,-0.003099297997419369,0.0,0.0012840759920875874,5.158997939124871,0.0,0.0,0.0,nan,nan,nan,nan,nan,nan,0.0,0.0,-0.05000000074505806,0.0,0.0,0,ROW_FOLLOW,WAITING_FOR_CENTERLINE,0.0,0.0,0.0,0.0,0.0,0.0,0.0,0.0,0.0,2.0,0.0,0.0,0.0,0.0,0.0,0.0,0.0,0.30000001192092896,0.20000000298023224,0.20000000298023224,0.15000000596046448,0.15000000596046448,1.0,1.0,1.0,1.0
complex_qaware_v018_r4,closed_loop,complex,full,1,0.18,True,56.796228235,1785050780.2137804,4.3661092950458595,0.03571354142520888,-0.0031071460700271528,0.0,0.001299818591226369,5.158997939124871,0.0,0.0,0.0,nan,nan,nan,nan,nan,nan,0.0,0.0,-0.05000000074505806,0.0,0.0,0,ROW_FOLLOW,WAITING_FOR_CENTERLINE,0.0,0.0,0.0,0.0,0.0,0.0,0.0,0.0,0.0,3.0,0.0,0.0,0.0,0.0,0.0,0.0,0.0,0.30000001192092896,0.20000000298023224,0.20000000298023224,0.15000000596046448,0.15000000596046448,1.0,1.0,1.0,1.0
complex_qaware_v018_r4,closed_loop,complex,full,1,0.18,True,56.845426604,1785050780.2629788,4.3661092950458595,0.03571354142520888,-0.0031104342722985123,0.0,0.0008109589688989425,5.158997939124871,0.0,0.0,0.0,nan,nan,nan,nan,nan,nan,0.0,0.0,-0.05000000074505806,0.0,0.0,0,ROW_FOLLOW,WAITING_FOR_CENTERLINE,0.0,0.0,0.0,0.0,0.0,0.0,0.0,0.0,0.0,3.0,0.0,0.0,0.0,0.0,0.0,0.0,0.0,0.30000001192092896,0.20000000298023224,0.20000000298023224,0.15000000596046448,0.15000000596046448,1.0,1.0,1.0,1.0
complex_qaware_v018_r4,closed_loop,complex,full,1,0.18,True,56.895334175,1785050780.3128865,4.3661092950458595,0.03571354142520888,-0.0031421102783042443,0.0,0.00018396356832059259,5.158997939124871,0.0,0.0,0.0,nan,nan,nan,nan,nan,nan,0.0,0.0,-0.05000000074505806,0.0,0.0,0,ROW_FOLLOW,WAITING_FOR_CENTERLINE,0.0,0.0,0.0,0.0,0.0,0.0,0.0,0.0,0.0,4.0,0.0,0.0,0.0,0.0,0.0,0.0,0.0,0.30000001192092896,0.20000000298023224,0.20000000298023224,0.15000000596046448,0.15000000596046448,1.0,1.0,1.0,1.0
complex_qaware_v018_r4,closed_loop,complex,full,1,0.18,True,56.945263122,1785050780.3628154,4.3661092950458595,0.03571354142520888,-0.0031567887955610274,0.0,0.0011742811730958381,5.158997939124871,0.0,0.0,0.0,nan,nan,nan,nan,nan,nan,0.0,0.0,-0.05000000074505806,0.0,0.0,0,ROW_FOLLOW,WAITING_FOR_CENTERLINE,0.0,0.0,0.0,0.0,0.0,0.0,0.0,0.0,0.0,4.0,0.0,0.0,0.0,0.0,0.0,0.0,0.0,0.30000001192092896,0.20000000298023224,0.20000000298023224,0.15000000596046448,0.15000000596046448,1.0,1.0,1.0,1.0
complex_qaware_v018_r4,closed_loop,complex,full,1,0.18,True,56.997422784,1785050780.414975,4.3661092950458595,0.03571354142520888,-0.0031430500245033226,0.0,0.0014247589516767029,5.158997939124871,0.0,0.0,0.0,nan,nan,nan,nan,nan,nan,0.0,0.0,-0.05000000074505806,0.0,0.0,1,ROW_FOLLOW,WAITING_FOR_CENTERLINE,0.0,0.0,0.0,0.0,0.0,0.0,0.0,0.0,0.0,5.0,0.0,0.0,0.0,0.0,0.0,0.0,0.0,0.30000001192092896,0.20000000298023224,0.20000000298023224,0.15000000596046448,0.15000000596046448,1.0,1.0,1.0,1.0
complex_qaware_v018_r4,closed_loop,complex,full,1,0.18,True,57.045430593,1785050780.462983,4.3661092950458595,0.03571354142520888,-0.003136544631535454,0.0,0.0012410347516926754,5.158997939124871,0.0,0.0,0.0,nan,nan,nan,nan,nan,nan,0.0,0.0,-0.05000000074505806,0.0,0.0,1,ROW_FOLLOW,WAITING_FOR_CENTERLINE,0.0,0.0,0.0,0.0,0.0,0.0,0.0,0.0,0.0,5.0,0.0,0.0,0.0,0.0,0.0,0.0,0.0,0.30000001192092896,0.20000000298023224,0.20000000298023224,0.15000000596046448,0.15000000596046448,1.0,1.0,1.0,1.0
complex_qaware_v018_r4,closed_loop,complex,full,1,0.18,True,57.095311156,1785050780.5128634,4.3661092950458595,0.03571354142520888,-0.0031425582577617743,0.0,0.001587113132176416,5.158997939124871,0.0,0.0,0.0,nan,nan,nan,nan,nan,nan,0.0,0.0,-0.05000000074505806,0.0,0.0,0,ROW_FOLLOW,WAITING_FOR_CENTERLINE,0.0,0.0,0.0,0.0,0.0,0.0,0.0,0.0,0.0,0.0,0.0,0.0,0.0,0.0,0.0,0.0,0.0,0.30000001192092896,0.20000000298023224,0.20000000298023224,0.15000000596046448,0.15000000596046448,1.0,1.0,1.0,1.0
complex_qaware_v018_r4,closed_loop,complex,full,1,0.18,True,57.145205606,1785050780.562758,4.3661092950458595,0.03571354142520888,-0.003150201181768785,0.0,0.0012154549130770818,5.158997939124871,0.0,0.0,0.0,nan,nan,nan,nan,nan,nan,0.0,0.0,-0.05000000074505806,0.0,0.0,0,ROW_FOLLOW,WAITING_FOR_CENTERLINE,0.0,0.0,0.0,0.0,0.0,0.0,0.0,0.0,0.0,0.0,0.0,0.0,0.0,0.0,0.0,0.0,0.0,0.30000001192092896,0.20000000298023224,0.20000000298023224,0.15000000596046448,0.15000000596046448,1.0,1.0,1.0,1.0
complex_qaware_v018_r4,closed_loop,complex,full,1,0.18,True,57.195273181,1785050780.6128254,4.3661092950458595,0.03571354142520888,-0.0031449354566941414,0.0,0.0006239355043570058,5.158997939124871,0.0,0.0,0.0,nan,nan,nan,nan,nan,nan,0.0,0.0,-0.05000000074505806,0.0,0.0,0,ROW_FOLLOW,WAITING_FOR_CENTERLINE,0.0,0.0,0.0,0.0,0.0,0.0,0.0,0.0,0.0,1.0,0.0,0.0,0.0,0.0,0.0,0.0,0.0,0.30000001192092896,0.20000000298023224,0.20000000298023224,0.15000000596046448,0.15000000596046448,1.0,1.0,1.0,1.0
complex_qaware_v018_r4,closed_loop,complex,full,1,0.18,True,57.245247058,1785050780.6627994,4.3661092950458595,0.03571354142520888,-0.0031372400745324227,0.0,0.0012403889031258033,5.158997939124871,0.0,0.0,0.0,nan,nan,nan,nan,nan,nan,0.0,0.0,-0.05000000074505806,0.0,0.0,0,ROW_FOLLOW,WAITING_FOR_CENTERLINE,0.0,0.0,0.0,0.0,0.0,0.0,0.0,0.0,0.0,1.0,0.0,0.0,0.0,0.0,0.0,0.0,0.0,0.30000001192092896,0.20000000298023224,0.20000000298023224,0.15000000596046448,0.15000000596046448,1.0,1.0,1.0,1.0
complex_qaware_v018_r4,closed_loop,complex,full,1,0.18,True,57.295415436,1785050780.7129676,4.3661092950458595,0.03571354142520888,-0.0031445943207528697,0.0,0.001630745054075534,5.158997939124871,0.0,0.0,0.0,nan,nan,nan,nan,nan,nan,0.0,0.0,-0.05000000074505806,0.0,0.0,0,ROW_FOLLOW,WAITING_FOR_CENTERLINE,0.0,0.0,0.0,0.0,0.0,0.0,0.0,0.0,0.0,2.0,0.0,0.0,0.0,0.0,0.0,0.0,0.0,0.30000001192092896,0.20000000298023224,0.20000000298023224,0.15000000596046448,0.15000000596046448,1.0,1.0,1.0,1.0
complex_qaware_v018_r4,closed_loop,complex,full,1,0.18,True,57.345377056,1785050780.7629294,4.3661092950458595,0.03571354142520888,-0.0031586973042831974,0.0,0.0010873270560790484,5.158997939124871,0.0,0.0,0.0,nan,nan,nan,nan,nan,nan,0.0,0.0,-0.05000000074505806,0.0,0.0,0,ROW_FOLLOW,WAITING_FOR_CENTERLINE,0.0,0.0,0.0,0.0,0.0,0.0,0.0,0.0,0.0,2.0,0.0,0.0,0.0,0.0,0.0,0.0,0.0,0.30000001192092896,0.20000000298023224,0.20000000298023224,0.15000000596046448,0.15000000596046448,1.0,1.0,1.0,1.0
complex_qaware_v018_r4,closed_loop,complex,full,1,0.18,True,57.395718495,1785050780.8132708,4.3661092950458595,0.03571354142520888,-0.0031520651506760076,0.0,0.001257991538012527,5.158997939124871,0.0,0.0,0.0,nan,nan,nan,nan,nan,nan,0.0,0.0,-0.05000000074505806,0.0,0.0,0,ROW_FOLLOW,WAITING_FOR_CENTERLINE,0.0,0.0,0.0,0.0,0.0,0.0,0.0,0.0,0.0,3.0,0.0,0.0,0.0,0.0,0.0,0.0,0.0,0.30000001192092896,0.20000000298023224,0.20000000298023224,0.15000000596046448,0.15000000596046448,1.0,1.0,1.0,1.0
complex_qaware_v018_r4,closed_loop,complex,full,1,0.18,True,57.445450445,1785050780.8630025,4.3661092950458595,0.03571354142520888,-0.0031515534975672397,0.0,0.0018249771212041823,5.158997939124871,0.0,0.0,0.0,nan,nan,nan,nan,nan,nan,0.0,0.0,-0.05000000074505806,0.0,0.0,0,ROW_FOLLOW,WAITING_FOR_CENTERLINE,0.0,0.0,0.0,0.0,0.0,0.0,0.0,0.0,0.0,3.0,0.0,0.0,0.0,0.0,0.0,0.0,0.0,0.30000001192092896,0.20000000298023224,0.20000000298023224,0.15000000596046448,0.15000000596046448,1.0,1.0,1.0,1.0
complex_qaware_v018_r4,closed_loop,complex,full,1,0.18,True,57.495838253,1785050780.9133906,4.3661092950458595,0.03571354142520888,-0.003150096745634379,0.0,0.00169417572111941,5.158997939124871,0.0,0.0,0.0,nan,nan,nan,nan,nan,nan,0.0,0.0,-0.05000000074505806,0.0,0.0,0,ROW_FOLLOW,WAITING_FOR_CENTERLINE,0.0,0.0,0.0,0.0,0.0,0.0,0.0,0.0,0.0,4.0,0.0,0.0,0.0,0.0,0.0,0.0,0.0,0.30000001192092896,0.20000000298023224,0.20000000298023224,0.15000000596046448,0.15000000596046448,1.0,1.0,1.0,1.0
complex_qaware_v018_r4,closed_loop,complex,full,1,0.18,True,57.545253971,1785050780.9628062,4.3661092950458595,0.03571354142520888,-0.003128873866007797,0.0,0.0024903443979018176,5.158997939124871,0.0,0.0,0.0,nan,nan,nan,nan,nan,nan,0.0,0.0,-0.05000000074505806,0.0,0.0,0,ROW_FOLLOW,WAITING_FOR_CENTERLINE,0.0,0.0,0.0,0.0,0.0,0.0,0.0,0.0,0.0,4.0,0.0,0.0,0.0,0.0,0.0,0.0,0.0,0.30000001192092896,0.20000000298023224,0.20000000298023224,0.15000000596046448,0.15000000596046448,1.0,1.0,1.0,1.0
complex_qaware_v018_r4,closed_loop,complex,full,1,0.18,True,57.595826583,1785050781.0133789,4.3661092950458595,0.03571354142520888,-0.003106714202925966,0.0,0.001268825651549591,5.158997939124871,0.0,0.0,0.0,nan,nan,nan,nan,nan,nan,0.0,0.0,-0.05000000074505806,0.0,0.0,1,ROW_FOLLOW,WAITING_FOR_CENTERLINE,0.0,0.0,0.0,0.0,0.0,0.0,0.0,0.0,0.0,5.0,0.0,0.0,0.0,0.0,0.0,0.0,0.0,0.30000001192092896,0.20000000298023224,0.20000000298023224,0.15000000596046448,0.15000000596046448,1.0,1.0,1.0,1.0
complex_qaware_v018_r4,closed_loop,complex,full,1,0.18,True,57.645206557,1785050781.062759,4.3661092950458595,0.03571354142520888,-0.00314246358484338,0.0,0.0005621545660826345,5.158997939124871,0.0,0.0,0.0,nan,nan,nan,nan,nan,nan,0.0,0.0,-0.05000000074505806,0.0,0.0,1,ROW_FOLLOW,WAITING_FOR_CENTERLINE,0.0,0.0,0.0,0.0,0.0,0.0,0.0,0.0,0.0,5.0,0.0,0.0,0.0,0.0,0.0,0.0,0.0,0.30000001192092896,0.20000000298023224,0.20000000298023224,0.15000000596046448,0.15000000596046448,1.0,1.0,1.0,1.0
complex_qaware_v018_r4,closed_loop,complex,full,1,0.18,True,57.696507125,1785050781.1140592,4.3661092950458595,0.03571354142520888,-0.0031491660325140276,0.0,0.0011882932271371591,5.158997939124871,0.0,0.0,0.0,nan,nan,nan,nan,nan,nan,0.0,0.0,-0.05000000074505806,0.0,0.0,0,ROW_FOLLOW,WAITING_FOR_CENTERLINE,0.0,0.0,0.0,0.0,0.0,0.0,0.0,0.0,0.0,0.0,0.0,0.0,0.0,0.0,0.0,0.0,0.0,0.30000001192092896,0.20000000298023224,0.20000000298023224,0.15000000596046448,0.15000000596046448,1.0,1.0,1.0,1.0
complex_qaware_v018_r4,closed_loop,complex,full,1,0.18,True,57.74547864,1785050781.1630309,4.3661092950458595,0.03571354142520888,-0.0031590731009489836,0.0,0.001414591100038285,5.158997939124871,0.0,0.0,0.0,nan,nan,nan,nan,nan,nan,0.0,0.0,-0.05000000074505806,0.0,0.0,0,ROW_FOLLOW,WAITING_FOR_CENTERLINE,0.0,0.0,0.0,0.0,0.0,0.0,0.0,0.0,0.0,0.0,0.0,0.0,0.0,0.0,0.0,0.0,0.0,0.30000001192092896,0.20000000298023224,0.20000000298023224,0.15000000596046448,0.15000000596046448,1.0,1.0,1.0,1.0
complex_qaware_v018_r4,closed_loop,complex,full,1,0.18,True,57.795539304,1785050781.2130916,4.3661092950458595,0.03571354142520888,-0.0031635863249510625,0.0,0.0010912603129269005,5.158997939124871,0.0,0.0,0.0,nan,nan,nan,nan,nan,nan,0.0,0.0,-0.05000000074505806,0.0,0.0,0,ROW_FOLLOW,WAITING_FOR_CENTERLINE,0.0,0.0,0.0,0.0,0.0,0.0,0.0,0.0,0.0,1.0,0.0,0.0,0.0,0.0,0.0,0.0,0.0,0.30000001192092896,0.20000000298023224,0.20000000298023224,0.15000000596046448,0.15000000596046448,1.0,1.0,1.0,1.0
complex_qaware_v018_r4,closed_loop,complex,full,1,0.18,True,57.845265399,1785050781.2628176,4.3661092950458595,0.03571354142520888,-0.003142090510841022,0.0,0.001719182209204138,5.158997939124871,0.0,0.0,0.0,nan,nan,nan,nan,nan,nan,0.0,0.0,-0.05000000074505806,0.0,0.0,0,ROW_FOLLOW,WAITING_FOR_CENTERLINE,0.0,0.0,0.0,0.0,0.0,0.0,0.0,0.0,0.0,1.0,0.0,0.0,0.0,0.0,0.0,0.0,0.0,0.30000001192092896,0.20000000298023224,0.20000000298023224,0.15000000596046448,0.15000000596046448,1.0,1.0,1.0,1.0
complex_qaware_v018_r4,closed_loop,complex,full,1,0.18,True,57.895710489,1785050781.313263,4.3661092950458595,0.03571354142520888,-0.0031428929786887494,0.0,0.0016281398621643397,5.158997939124871,0.0,0.0,0.0,nan,nan,nan,nan,nan,nan,0.0,0.0,-0.05000000074505806,0.0,0.0,0,ROW_FOLLOW,WAITING_FOR_CENTERLINE,0.0,0.0,0.0,0.0,0.0,0.0,0.0,0.0,0.0,2.0,0.0,0.0,0.0,0.0,0.0,0.0,0.0,0.30000001192092896,0.20000000298023224,0.20000000298023224,0.15000000596046448,0.15000000596046448,1.0,1.0,1.0,1.0
complex_qaware_v018_r4,closed_loop,complex,full,1,0.18,True,57.945255139,1785050781.3628073,4.3661092950458595,0.03571354142520888,-0.0031518214201549095,0.0,0.0012229251155742606,5.158997939124871,0.0,0.0,0.0,nan,nan,nan,nan,nan,nan,0.0,0.0,-0.05000000074505806,0.0,0.0,0,ROW_FOLLOW,WAITING_FOR_CENTERLINE,0.0,0.0,0.0,0.0,0.0,0.0,0.0,0.0,0.0,2.0,0.0,0.0,0.0,0.0,0.0,0.0,0.0,0.30000001192092896,0.20000000298023224,0.20000000298023224,0.15000000596046448,0.15000000596046448,1.0,1.0,1.0,1.0
complex_qaware_v018_r4,closed_loop,complex,full,1,0.18,True,57.995649603,1785050781.4132018,4.3661092950458595,0.03571354142520888,-0.003146021525284759,0.0,0.0016705463209592765,5.158997939124871,0.0,0.0,0.0,nan,nan,nan,nan,nan,nan,0.0,0.0,-0.05000000074505806,0.0,0.0,0,ROW_FOLLOW,WAITING_FOR_CENTERLINE,0.0,0.0,0.0,0.0,0.0,0.0,0.0,0.0,0.0,3.0,0.0,0.0,0.0,0.0,0.0,0.0,0.0,0.30000001192092896,0.20000000298023224,0.20000000298023224,0.15000000596046448,0.15000000596046448,1.0,1.0,1.0,1.0
complex_qaware_v018_r4,closed_loop,complex,full,1,0.18,True,58.045362386,1785050781.4629145,4.3661092950458595,0.03571354142520888,-0.0031461652549640284,0.0,0.0012396560180825253,5.158997939124871,0.0,0.0,0.0,nan,nan,nan,nan,nan,nan,0.0,0.0,-0.05000000074505806,0.0,0.0,0,ROW_FOLLOW,WAITING_FOR_CENTERLINE,0.0,0.0,0.0,0.0,0.0,0.0,0.0,0.0,0.0,3.0,0.0,0.0,0.0,0.0,0.0,0.0,0.0,0.30000001192092896,0.20000000298023224,0.20000000298023224,0.15000000596046448,0.15000000596046448,1.0,1.0,1.0,1.0
complex_qaware_v018_r4,closed_loop,complex,full,1,0.18,True,58.096153916,1785050781.5137062,4.3661092950458595,0.03571354142520888,-0.003149945663248667,0.0,0.0012387237133360581,5.158997939124871,0.0,0.0,0.0,nan,nan,nan,nan,nan,nan,0.0,0.0,-0.05000000074505806,0.0,0.0,0,ROW_FOLLOW,WAITING_FOR_CENTERLINE,0.0,0.0,0.0,0.0,0.0,0.0,0.0,0.0,0.0,4.0,0.0,0.0,0.0,0.0,0.0,0.0,0.0,0.30000001192092896,0.20000000298023224,0.20000000298023224,0.15000000596046448,0.15000000596046448,1.0,1.0,1.0,1.0
complex_qaware_v018_r4,closed_loop,complex,full,1,0.18,True,58.145744136,1785050781.5632966,4.3661092950458595,0.03571354142520888,-0.0031525478454788045,0.0,0.0019116868479546393,5.158997939124871,0.0,0.0,0.0,nan,nan,nan,nan,nan,nan,0.0,0.0,-0.05000000074505806,0.0,0.0,0,ROW_FOLLOW,WAITING_FOR_CENTERLINE,0.0,0.0,0.0,0.0,0.0,0.0,0.0,0.0,0.0,4.0,0.0,0.0,0.0,0.0,0.0,0.0,0.0,0.30000001192092896,0.20000000298023224,0.20000000298023224,0.15000000596046448,0.15000000596046448,1.0,1.0,1.0,1.0
complex_qaware_v018_r4,closed_loop,complex,full,1,0.18,True,58.1964316,1785050781.6139836,4.3661092950458595,0.03571354142520888,-0.0031629254110350224,0.0,0.00039865640616309686,5.158997939124871,0.0,0.0,0.0,nan,nan,nan,nan,nan,nan,0.0,0.0,-0.05000000074505806,0.0,0.0,1,ROW_FOLLOW,WAITING_FOR_CENTERLINE,0.0,0.0,0.0,0.0,0.0,0.0,0.0,0.0,0.0,5.0,0.0,0.0,0.0,0.0,0.0,0.0,0.0,0.30000001192092896,0.20000000298023224,0.20000000298023224,0.15000000596046448,0.15000000596046448,1.0,1.0,1.0,1.0
complex_qaware_v018_r4,closed_loop,complex,full,1,0.18,True,58.245414283,1785050781.6629665,4.3661092950458595,0.03571354142520888,-0.003193805680008044,0.0,0.0009236024552050467,5.158997939124871,0.0,0.0,0.0,nan,nan,nan,nan,nan,nan,0.0,0.0,-0.05000000074505806,0.0,0.0,1,ROW_FOLLOW,WAITING_FOR_CENTERLINE,0.0,0.0,0.0,0.0,0.0,0.0,0.0,0.0,0.0,5.0,0.0,0.0,0.0,0.0,0.0,0.0,0.0,0.30000001192092896,0.20000000298023224,0.20000000298023224,0.15000000596046448,0.15000000596046448,1.0,1.0,1.0,1.0
complex_qaware_v018_r4,closed_loop,complex,full,1,0.18,True,58.295753098,1785050781.7133052,4.3661092950458595,0.03571354142520888,-0.0031995524234242905,0.0,0.0016534363086366825,5.158997939124871,0.0,0.0,0.0,nan,nan,nan,nan,nan,nan,0.0,0.0,-0.05000000074505806,0.0,0.0,0,ROW_FOLLOW,WAITING_FOR_CENTERLINE,0.0,0.0,0.0,0.0,0.0,0.0,0.0,0.0,0.0,0.0,0.0,0.0,0.0,0.0,0.0,0.0,0.0,0.30000001192092896,0.20000000298023224,0.20000000298023224,0.15000000596046448,0.15000000596046448,1.0,1.0,1.0,1.0
complex_qaware_v018_r4,closed_loop,complex,full,1,0.18,True,58.345294932,1785050781.7628472,4.3661092950458595,0.03571354142520888,-0.0031674869954856346,0.0,0.0013747643471060823,5.158997939124871,0.0,0.0,0.0,nan,nan,nan,nan,nan,nan,0.0,0.0,-0.05000000074505806,0.0,0.0,0,ROW_FOLLOW,WAITING_FOR_CENTERLINE,0.0,0.0,0.0,0.0,0.0,0.0,0.0,0.0,0.0,0.0,0.0,0.0,0.0,0.0,0.0,0.0,0.0,0.30000001192092896,0.20000000298023224,0.20000000298023224,0.15000000596046448,0.15000000596046448,1.0,1.0,1.0,1.0
complex_qaware_v018_r4,closed_loop,complex,full,1,0.18,True,58.395717814,1785050781.81327,4.3661092950458595,0.03571354142520888,-0.003172012209378129,0.0,0.0012266350393797987,5.158997939124871,0.0,0.0,0.0,nan,nan,nan,nan,nan,nan,0.0,0.0,-0.05000000074505806,0.0,0.0,0,ROW_FOLLOW,WAITING_FOR_CENTERLINE,0.0,0.0,0.0,0.0,0.0,0.0,0.0,0.0,0.0,1.0,0.0,0.0,0.0,0.0,0.0,0.0,0.0,0.30000001192092896,0.20000000298023224,0.20000000298023224,0.15000000596046448,0.15000000596046448,1.0,1.0,1.0,1.0
complex_qaware_v018_r4,closed_loop,complex,full,1,0.18,True,58.445750828,1785050781.8633032,4.3661092950458595,0.03571354142520888,-0.0031643417361482133,0.0,0.0013051557607400882,5.158997939124871,0.0,0.0,0.0,nan,nan,nan,nan,nan,nan,0.0,0.0,-0.05000000074505806,0.0,0.0,0,ROW_FOLLOW,WAITING_FOR_CENTERLINE,0.0,0.0,0.0,0.0,0.0,0.0,0.0,0.0,0.0,1.0,0.0,0.0,0.0,0.0,0.0,0.0,0.0,0.30000001192092896,0.20000000298023224,0.20000000298023224,0.15000000596046448,0.15000000596046448,1.0,1.0,1.0,1.0
complex_qaware_v018_r4,closed_loop,complex,full,1,0.18,True,58.495887206,1785050781.9134395,4.3661092950458595,0.03571354142520888,-0.0031638410586394263,0.0,0.0019374456010519442,5.158997939124871,0.0,0.0,0.0,nan,nan,nan,nan,nan,nan,0.0,0.0,-0.05000000074505806,0.0,0.0,0,ROW_FOLLOW,WAITING_FOR_CENTERLINE,0.0,0.0,0.0,0.0,0.0,0.0,0.0,0.0,0.0,2.0,0.0,0.0,0.0,0.0,0.0,0.0,0.0,0.30000001192092896,0.20000000298023224,0.20000000298023224,0.15000000596046448,0.15000000596046448,1.0,1.0,1.0,1.0
complex_qaware_v018_r4,closed_loop,complex,full,1,0.18,True,58.545398607,1785050781.962951,4.3661092950458595,0.03571354142520888,-0.0031507989026455766,0.0,0.001601865792780931,5.158997939124871,0.0,0.0,0.0,nan,nan,nan,nan,nan,nan,0.0,0.0,-0.05000000074505806,0.0,0.0,0,ROW_FOLLOW,WAITING_FOR_CENTERLINE,0.0,0.0,0.0,0.0,0.0,0.0,0.0,0.0,0.0,2.0,0.0,0.0,0.0,0.0,0.0,0.0,0.0,0.30000001192092896,0.20000000298023224,0.20000000298023224,0.15000000596046448,0.15000000596046448,1.0,1.0,1.0,1.0
complex_qaware_v018_r4,closed_loop,complex,full,1,0.18,True,58.599082854,1785050782.0166352,4.3661092950458595,0.03571354142520888,-0.003150142439533265,0.0,0.0008186647643185293,5.158997939124871,0.0,0.0,0.0,nan,nan,nan,nan,nan,nan,0.0,0.0,-0.05000000074505806,0.0,0.0,0,ROW_FOLLOW,WAITING_FOR_CENTERLINE,0.0,0.0,0.0,0.0,0.0,0.0,0.0,0.0,0.0,3.0,0.0,0.0,0.0,0.0,0.0,0.0,0.0,0.30000001192092896,0.20000000298023224,0.20000000298023224,0.15000000596046448,0.15000000596046448,1.0,1.0,1.0,1.0
complex_qaware_v018_r4,closed_loop,complex,full,1,0.18,True,58.645521248,1785050782.0630736,4.3661092950458595,0.03571354142520888,-0.0031357151827493537,0.0,0.0013156208559862584,5.158997939124871,0.0,0.0,0.0,nan,nan,nan,nan,nan,nan,0.0,0.0,-0.05000000074505806,0.0,0.0,0,ROW_FOLLOW,WAITING_FOR_CENTERLINE,0.0,0.0,0.0,0.0,0.0,0.0,0.0,0.0,0.0,3.0,0.0,0.0,0.0,0.0,0.0,0.0,0.0,0.30000001192092896,0.20000000298023224,0.20000000298023224,0.15000000596046448,0.15000000596046448,1.0,1.0,1.0,1.0
complex_qaware_v018_r4,closed_loop,complex,full,1,0.18,True,58.695532951,1785050782.1130853,4.3661092950458595,0.03571354142520888,-0.003147542578180397,0.0,0.001016787760552086,5.158997939124871,0.0,0.0,0.0,nan,nan,nan,nan,nan,nan,0.0,0.0,-0.05000000074505806,0.0,0.0,0,ROW_FOLLOW,WAITING_FOR_CENTERLINE,0.0,0.0,0.0,0.0,0.0,0.0,0.0,0.0,0.0,4.0,0.0,0.0,0.0,0.0,0.0,0.0,0.0,0.30000001192092896,0.20000000298023224,0.20000000298023224,0.15000000596046448,0.15000000596046448,1.0,1.0,1.0,1.0
complex_qaware_v018_r4,closed_loop,complex,full,1,0.18,True,58.745366249,1785050782.1629183,4.3661092950458595,0.03571354142520888,-0.0031347307031794887,0.0,0.0018615371124705291,5.158997939124871,0.0,0.0,0.0,nan,nan,nan,nan,nan,nan,0.0,0.0,-0.05000000074505806,0.0,0.0,0,ROW_FOLLOW,WAITING_FOR_CENTERLINE,0.0,0.0,0.0,0.0,0.0,0.0,0.0,0.0,0.0,4.0,0.0,0.0,0.0,0.0,0.0,0.0,0.0,0.30000001192092896,0.20000000298023224,0.20000000298023224,0.15000000596046448,0.15000000596046448,1.0,1.0,1.0,1.0
complex_qaware_v018_r4,closed_loop,complex,full,1,0.18,True,58.795871949,1785050782.2134242,4.3661092950458595,0.03571354142520888,-0.0031258234318358733,0.0,0.0018824298555110198,5.158997939124871,0.0,0.0,0.0,nan,nan,nan,nan,nan,nan,0.0,0.0,-0.05000000074505806,0.0,0.0,1,ROW_FOLLOW,WAITING_FOR_CENTERLINE,0.0,0.0,0.0,0.0,0.0,0.0,0.0,0.0,0.0,5.0,0.0,0.0,0.0,0.0,0.0,0.0,0.0,0.30000001192092896,0.20000000298023224,0.20000000298023224,0.15000000596046448,0.15000000596046448,1.0,1.0,1.0,1.0
complex_qaware_v018_r4,closed_loop,complex,full,1,0.18,True,58.845353558,1785050782.2629058,4.3661092950458595,0.03571354142520888,-0.0031031169241728662,0.0,0.001989013100756606,5.158997939124871,0.0,0.0,0.0,nan,nan,nan,nan,nan,nan,0.0,0.0,-0.05000000074505806,0.0,0.0,1,ROW_FOLLOW,WAITING_FOR_CENTERLINE,0.0,0.0,0.0,0.0,0.0,0.0,0.0,0.0,0.0,5.0,0.0,0.0,0.0,0.0,0.0,0.0,0.0,0.30000001192092896,0.20000000298023224,0.20000000298023224,0.15000000596046448,0.15000000596046448,1.0,1.0,1.0,1.0
complex_qaware_v018_r4,closed_loop,complex,full,1,0.18,True,58.895582579,1785050782.313135,4.3661092950458595,0.03571354142520888,-0.0030923446332207245,0.0,0.001551915364733748,5.158997939124871,0.0,0.0,0.0,nan,nan,nan,nan,nan,nan,0.0,0.0,-0.05000000074505806,0.0,0.0,0,ROW_FOLLOW,WAITING_FOR_CENTERLINE,0.0,0.0,0.0,0.0,0.0,0.0,0.0,0.0,0.0,0.0,0.0,0.0,0.0,0.0,0.0,0.0,0.0,0.30000001192092896,0.20000000298023224,0.20000000298023224,0.15000000596046448,0.15000000596046448,1.0,1.0,1.0,1.0
complex_qaware_v018_r4,closed_loop,complex,full,1,0.18,True,58.945248513,1785050782.3628006,4.3661092950458595,0.03571354142520888,-0.0030743513628048707,0.0,0.0014281736013160651,5.158997939124871,0.0,0.0,0.0,nan,nan,nan,nan,nan,nan,0.0,0.0,-0.05000000074505806,0.0,0.0,0,ROW_FOLLOW,WAITING_FOR_CENTERLINE,0.0,0.0,0.0,0.0,0.0,0.0,0.0,0.0,0.0,0.0,0.0,0.0,0.0,0.0,0.0,0.0,0.0,0.30000001192092896,0.20000000298023224,0.20000000298023224,0.15000000596046448,0.15000000596046448,1.0,1.0,1.0,1.0
complex_qaware_v018_r4,closed_loop,complex,full,1,0.18,True,58.995364603,1785050782.4129167,4.3661092950458595,0.03571354142520888,-0.003043946610193247,0.0,0.002197075079956804,5.158997939124871,0.0,0.0,0.0,nan,nan,nan,nan,nan,nan,0.0,0.0,-0.05000000074505806,0.0,0.0,0,ROW_FOLLOW,WAITING_FOR_CENTERLINE,0.0,0.0,0.0,0.0,0.0,0.0,0.0,0.0,0.0,1.0,0.0,0.0,0.0,0.0,0.0,0.0,0.0,0.30000001192092896,0.20000000298023224,0.20000000298023224,0.15000000596046448,0.15000000596046448,1.0,1.0,1.0,1.0
complex_qaware_v018_r4,closed_loop,complex,full,1,0.18,True,59.04524491,1785050782.4627972,4.3661092950458595,0.03571354142520888,-0.003089526397447972,0.0,0.00041225568744263357,5.158997939124871,0.0,0.0,0.0,nan,nan,nan,nan,nan,nan,0.0,0.0,-0.05000000074505806,0.0,0.0,0,ROW_FOLLOW,WAITING_FOR_CENTERLINE,0.0,0.0,0.0,0.0,0.0,0.0,0.0,0.0,0.0,1.0,0.0,0.0,0.0,0.0,0.0,0.0,0.0,0.30000001192092896,0.20000000298023224,0.20000000298023224,0.15000000596046448,0.15000000596046448,1.0,1.0,1.0,1.0
complex_qaware_v018_r4,closed_loop,complex,full,1,0.18,True,59.097515264,1785050782.5150673,4.3661092950458595,0.03571354142520888,-0.0031005486916724223,0.0,0.0011543152613231634,5.158997939124871,0.0,0.0,0.0,nan,nan,nan,nan,nan,nan,0.0,0.0,-0.05000000074505806,0.0,0.0,0,ROW_FOLLOW,WAITING_FOR_CENTERLINE,0.0,0.0,0.0,0.0,0.0,0.0,0.0,0.0,0.0,2.0,0.0,0.0,0.0,0.0,0.0,0.0,0.0,0.30000001192092896,0.20000000298023224,0.20000000298023224,0.15000000596046448,0.15000000596046448,1.0,1.0,1.0,1.0
complex_qaware_v018_r4,closed_loop,complex,full,1,0.18,True,59.145447873,1785050782.563,4.3661092950458595,0.03571354142520888,-0.0031298543308633255,0.0,0.0004228601713162036,5.158997939124871,0.0,0.0,0.0,nan,nan,nan,nan,nan,nan,0.0,0.0,-0.05000000074505806,0.0,0.0,0,ROW_FOLLOW,WAITING_FOR_CENTERLINE,0.0,0.0,0.0,0.0,0.0,0.0,0.0,0.0,0.0,2.0,0.0,0.0,0.0,0.0,0.0,0.0,0.0,0.30000001192092896,0.20000000298023224,0.20000000298023224,0.15000000596046448,0.15000000596046448,1.0,1.0,1.0,1.0
complex_qaware_v018_r4,closed_loop,complex,full,1,0.18,True,59.195568091,1785050782.6131203,4.3661092950458595,0.03571354142520888,-0.003131417866681918,0.0,0.0011861560921557141,5.158997939124871,0.0,0.0,0.0,nan,nan,nan,nan,nan,nan,0.0,0.0,-0.05000000074505806,0.0,0.0,0,ROW_FOLLOW,WAITING_FOR_CENTERLINE,0.0,0.0,0.0,0.0,0.0,0.0,0.0,0.0,0.0,3.0,0.0,0.0,0.0,0.0,0.0,0.0,0.0,0.30000001192092896,0.20000000298023224,0.20000000298023224,0.15000000596046448,0.15000000596046448,1.0,1.0,1.0,1.0
complex_qaware_v018_r4,closed_loop,complex,full,1,0.18,True,59.245465487,1785050782.6630177,4.3661092950458595,0.03571354142520888,-0.0031333399343331787,0.0,0.00045507429496093364,5.158997939124871,0.0,0.0,0.0,nan,nan,nan,nan,nan,nan,0.0,0.0,-0.05000000074505806,0.0,0.0,0,ROW_FOLLOW,WAITING_FOR_CENTERLINE,0.0,0.0,0.0,0.0,0.0,0.0,0.0,0.0,0.0,3.0,0.0,0.0,0.0,0.0,0.0,0.0,0.0,0.30000001192092896,0.20000000298023224,0.20000000298023224,0.15000000596046448,0.15000000596046448,1.0,1.0,1.0,1.0
complex_qaware_v018_r4,closed_loop,complex,full,1,0.18,True,59.295505095,1785050782.7130573,4.3661092950458595,0.03571354142520888,-0.003143461412689509,0.0,0.001494506965494339,5.158997939124871,0.0,0.0,0.0,nan,nan,nan,nan,nan,nan,0.0,0.0,-0.05000000074505806,0.0,0.0,0,ROW_FOLLOW,WAITING_FOR_CENTERLINE,0.0,0.0,0.0,0.0,0.0,0.0,0.0,0.0,0.0,4.0,0.0,0.0,0.0,0.0,0.0,0.0,0.0,0.30000001192092896,0.20000000298023224,0.20000000298023224,0.15000000596046448,0.15000000596046448,1.0,1.0,1.0,1.0
complex_qaware_v018_r4,closed_loop,complex,full,1,0.18,True,59.345364922,1785050782.762917,4.3661092950458595,0.03571354142520888,-0.0031450410493705215,0.0,0.0011164267230132036,5.158997939124871,0.0,0.0,0.0,nan,nan,nan,nan,nan,nan,0.0,0.0,-0.05000000074505806,0.0,0.0,0,ROW_FOLLOW,WAITING_FOR_CENTERLINE,0.0,0.0,0.0,0.0,0.0,0.0,0.0,0.0,0.0,4.0,0.0,0.0,0.0,0.0,0.0,0.0,0.0,0.30000001192092896,0.20000000298023224,0.20000000298023224,0.15000000596046448,0.15000000596046448,1.0,1.0,1.0,1.0
complex_qaware_v018_r4,closed_loop,complex,full,1,0.18,True,59.395673561,1785050782.8132257,4.3661092950458595,0.03571354142520888,-0.0031505512978027297,0.0,0.0016443497660050745,5.158997939124871,0.0,0.0,0.0,nan,nan,nan,nan,nan,nan,0.0,0.0,-0.05000000074505806,0.0,0.0,1,ROW_FOLLOW,WAITING_FOR_CENTERLINE,0.0,0.0,0.0,0.0,0.0,0.0,0.0,0.0,0.0,5.0,0.0,0.0,0.0,0.0,0.0,0.0,0.0,0.30000001192092896,0.20000000298023224,0.20000000298023224,0.15000000596046448,0.15000000596046448,1.0,1.0,1.0,1.0
complex_qaware_v018_r4,closed_loop,complex,full,1,0.18,True,59.445330887,1785050782.862883,4.3661092950458595,0.03571354142520888,-0.0031431560096693016,0.0,0.001221704843367995,5.158997939124871,0.0,0.0,0.0,nan,nan,nan,nan,nan,nan,0.0,0.0,-0.05000000074505806,0.0,0.0,1,ROW_FOLLOW,WAITING_FOR_CENTERLINE,0.0,0.0,0.0,0.0,0.0,0.0,0.0,0.0,0.0,5.0,0.0,0.0,0.0,0.0,0.0,0.0,0.0,0.30000001192092896,0.20000000298023224,0.20000000298023224,0.15000000596046448,0.15000000596046448,1.0,1.0,1.0,1.0
complex_qaware_v018_r4,closed_loop,complex,full,1,0.18,True,59.495984879,1785050782.913537,4.3661092950458595,0.03571354142520888,-0.00315463304130903,0.0,0.0016179445838619504,5.158997939124871,0.0,0.0,0.0,nan,nan,nan,nan,nan,nan,0.0,0.0,-0.05000000074505806,0.0,0.0,0,ROW_FOLLOW,WAITING_FOR_CENTERLINE,0.0,0.0,0.0,0.0,0.0,0.0,0.0,0.0,0.0,0.0,0.0,0.0,0.0,0.0,0.0,0.0,0.0,0.30000001192092896,0.20000000298023224,0.20000000298023224,0.15000000596046448,0.15000000596046448,1.0,1.0,1.0,1.0
complex_qaware_v018_r4,closed_loop,complex,full,1,0.18,True,59.545446391,1785050782.9629986,4.3661092950458595,0.03571354142520888,-0.003126134118933698,0.0,0.0010443888276036278,5.158997939124871,0.0,0.0,0.0,nan,nan,nan,nan,nan,nan,0.0,0.0,-0.05000000074505806,0.0,0.0,0,ROW_FOLLOW,WAITING_FOR_CENTERLINE,0.0,0.0,0.0,0.0,0.0,0.0,0.0,0.0,0.0,0.0,0.0,0.0,0.0,0.0,0.0,0.0,0.0,0.30000001192092896,0.20000000298023224,0.20000000298023224,0.15000000596046448,0.15000000596046448,1.0,1.0,1.0,1.0
complex_qaware_v018_r4,closed_loop,complex,full,1,0.18,True,59.595207176,1785050783.0127594,4.3661092950458595,0.03571354142520888,-0.003122879028506276,0.0,0.0015774959243798723,5.158997939124871,0.0,0.0,0.0,nan,nan,nan,nan,nan,nan,0.0,0.0,-0.05000000074505806,0.0,0.0,0,ROW_FOLLOW,WAITING_FOR_CENTERLINE,0.0,0.0,0.0,0.0,0.0,0.0,0.0,0.0,0.0,1.0,0.0,0.0,0.0,0.0,0.0,0.0,0.0,0.30000001192092896,0.20000000298023224,0.20000000298023224,0.15000000596046448,0.15000000596046448,1.0,1.0,1.0,1.0
complex_qaware_v018_r4,closed_loop,complex,full,1,0.18,True,59.645361507,1785050783.062914,4.3661092950458595,0.03571354142520888,-0.003116185665423376,0.0,0.001558660033271762,5.158997939124871,0.0,0.0,0.0,nan,nan,nan,nan,nan,nan,0.0,0.0,-0.05000000074505806,0.0,0.0,0,ROW_FOLLOW,WAITING_FOR_CENTERLINE,0.0,0.0,0.0,0.0,0.0,0.0,0.0,0.0,0.0,1.0,0.0,0.0,0.0,0.0,0.0,0.0,0.0,0.30000001192092896,0.20000000298023224,0.20000000298023224,0.15000000596046448,0.15000000596046448,1.0,1.0,1.0,1.0
complex_qaware_v018_r4,closed_loop,complex,full,1,0.18,True,59.69587364,1785050783.113426,4.3661092950458595,0.03571354142520888,-0.0031218257213718745,0.0,0.0014332516653766019,5.158997939124871,0.0,0.0,0.0,nan,nan,nan,nan,nan,nan,0.0,0.0,-0.05000000074505806,0.0,0.0,0,ROW_FOLLOW,WAITING_FOR_CENTERLINE,0.0,0.0,0.0,0.0,0.0,0.0,0.0,0.0,0.0,2.0,0.0,0.0,0.0,0.0,0.0,0.0,0.0,0.30000001192092896,0.20000000298023224,0.20000000298023224,0.15000000596046448,0.15000000596046448,1.0,1.0,1.0,1.0
complex_qaware_v018_r4,closed_loop,complex,full,1,0.18,True,59.745525974,1785050783.163078,4.3661092950458595,0.03571354142520888,-0.0031230966669535407,0.0,0.0012601466864068502,5.158997939124871,0.0,0.0,0.0,nan,nan,nan,nan,nan,nan,0.0,0.0,-0.05000000074505806,0.0,0.0,0,ROW_FOLLOW,WAITING_FOR_CENTERLINE,0.0,0.0,0.0,0.0,0.0,0.0,0.0,0.0,0.0,2.0,0.0,0.0,0.0,0.0,0.0,0.0,0.0,0.30000001192092896,0.20000000298023224,0.20000000298023224,0.15000000596046448,0.15000000596046448,1.0,1.0,1.0,1.0
complex_qaware_v018_r4,closed_loop,complex,full,1,0.18,True,59.795508493,1785050783.2130609,4.3661092950458595,0.03571354142520888,-0.0031175339329232443,0.0,0.0020068057995610046,5.158997939124871,0.0,0.0,0.0,nan,nan,nan,nan,nan,nan,0.0,0.0,-0.05000000074505806,0.0,0.0,0,ROW_FOLLOW,WAITING_FOR_CENTERLINE,0.0,0.0,0.0,0.0,0.0,0.0,0.0,0.0,0.0,3.0,0.0,0.0,0.0,0.0,0.0,0.0,0.0,0.30000001192092896,0.20000000298023224,0.20000000298023224,0.15000000596046448,0.15000000596046448,1.0,1.0,1.0,1.0
complex_qaware_v018_r4,closed_loop,complex,full,1,0.18,True,59.845410722,1785050783.262963,4.3661092950458595,0.03571354142520888,-0.0031203670454611485,0.0,0.001297056933106807,5.158997939124871,0.0,0.0,0.0,nan,nan,nan,nan,nan,nan,0.0,0.0,-0.05000000074505806,0.0,0.0,0,ROW_FOLLOW,WAITING_FOR_CENTERLINE,0.0,0.0,0.0,0.0,0.0,0.0,0.0,0.0,0.0,3.0,0.0,0.0,0.0,0.0,0.0,0.0,0.0,0.30000001192092896,0.20000000298023224,0.20000000298023224,0.15000000596046448,0.15000000596046448,1.0,1.0,1.0,1.0
complex_qaware_v018_r4,closed_loop,complex,full,1,0.18,True,59.896314513,1785050783.3138669,4.3661092950458595,0.03571354142520888,-0.003127379828126386,0.0,0.0013451664485462198,5.158997939124871,0.0,0.0,0.0,nan,nan,nan,nan,nan,nan,0.0,0.0,-0.05000000074505806,0.0,0.0,0,ROW_FOLLOW,WAITING_FOR_CENTERLINE,0.0,0.0,0.0,0.0,0.0,0.0,0.0,0.0,0.0,4.0,0.0,0.0,0.0,0.0,0.0,0.0,0.0,0.30000001192092896,0.20000000298023224,0.20000000298023224,0.15000000596046448,0.15000000596046448,1.0,1.0,1.0,1.0
complex_qaware_v018_r4,closed_loop,complex,full,1,0.18,True,59.945317839,1785050783.36287,4.3661092950458595,0.03571354142520888,-0.0031221937216576743,0.0,0.0010593664650682339,5.158997939124871,0.0,0.0,0.0,nan,nan,nan,nan,nan,nan,0.0,0.0,-0.05000000074505806,0.0,0.0,0,ROW_FOLLOW,WAITING_FOR_CENTERLINE,0.0,0.0,0.0,0.0,0.0,0.0,0.0,0.0,0.0,4.0,0.0,0.0,0.0,0.0,0.0,0.0,0.0,0.30000001192092896,0.20000000298023224,0.20000000298023224,0.15000000596046448,0.15000000596046448,1.0,1.0,1.0,1.0
complex_qaware_v018_r4,closed_loop,complex,full,1,0.18,True,59.995704528,1785050783.4132566,4.3661092950458595,0.03571354142520888,-0.00314044407094105,0.0,0.0011000843903098737,5.158997939124871,0.0,0.0,0.0,nan,nan,nan,nan,nan,nan,0.0,0.0,-0.05000000074505806,0.0,0.0,1,ROW_FOLLOW,WAITING_FOR_CENTERLINE,0.0,0.0,0.0,0.0,0.0,0.0,0.0,0.0,0.0,5.0,0.0,0.0,0.0,0.0,0.0,0.0,0.0,0.30000001192092896,0.20000000298023224,0.20000000298023224,0.15000000596046448,0.15000000596046448,1.0,1.0,1.0,1.0
complex_qaware_v018_r4,closed_loop,complex,full,1,0.18,True,60.04533315,1785050783.4628854,4.3661092950458595,0.03571354142520888,-0.0031659139340289863,0.0,0.0008021202919289768,5.158997939124871,0.0,0.0,0.0,nan,nan,nan,nan,nan,nan,0.0,0.0,-0.05000000074505806,0.0,0.0,1,ROW_FOLLOW,WAITING_FOR_CENTERLINE,0.0,0.0,0.0,0.0,0.0,0.0,0.0,0.0,0.0,5.0,0.0,0.0,0.0,0.0,0.0,0.0,0.0,0.30000001192092896,0.20000000298023224,0.20000000298023224,0.15000000596046448,0.15000000596046448,1.0,1.0,1.0,1.0
complex_qaware_v018_r4,closed_loop,complex,full,1,0.18,True,60.096373713,1785050783.5139258,4.3661092950458595,0.03571354142520888,-0.0031597642141290025,0.0,0.001408424111382199,5.158997939124871,0.0,0.0,0.0,nan,nan,nan,nan,nan,nan,0.0,0.0,-0.05000000074505806,0.0,0.0,0,ROW_FOLLOW,WAITING_FOR_CENTERLINE,0.0,0.0,0.0,0.0,0.0,0.0,0.0,0.0,0.0,0.0,0.0,0.0,0.0,0.0,0.0,0.0,0.0,0.30000001192092896,0.20000000298023224,0.20000000298023224,0.15000000596046448,0.15000000596046448,1.0,1.0,1.0,1.0
complex_qaware_v018_r4,closed_loop,complex,full,1,0.18,True,60.14546392,1785050783.5630162,4.3661092950458595,0.03571354142520888,-0.0031742174076700986,0.0,0.000564540539255079,5.158997939124871,0.0,0.0,0.0,nan,nan,nan,nan,nan,nan,0.0,0.0,-0.05000000074505806,0.0,0.0,0,ROW_FOLLOW,WAITING_FOR_CENTERLINE,0.0,0.0,0.0,0.0,0.0,0.0,0.0,0.0,0.0,0.0,0.0,0.0,0.0,0.0,0.0,0.0,0.0,0.30000001192092896,0.20000000298023224,0.20000000298023224,0.15000000596046448,0.15000000596046448,1.0,1.0,1.0,1.0
complex_qaware_v018_r4,closed_loop,complex,full,1,0.18,True,60.195490792,1785050783.6130428,4.3661092950458595,0.03571354142520888,-0.003175468590804531,0.0,0.0006182286349330623,5.158997939124871,0.0,0.0,0.0,nan,nan,nan,nan,nan,nan,0.0,0.0,-0.05000000074505806,0.0,0.0,0,ROW_FOLLOW,WAITING_FOR_CENTERLINE,0.0,0.0,0.0,0.0,0.0,0.0,0.0,0.0,0.0,1.0,0.0,0.0,0.0,0.0,0.0,0.0,0.0,0.30000001192092896,0.20000000298023224,0.20000000298023224,0.15000000596046448,0.15000000596046448,1.0,1.0,1.0,1.0
complex_qaware_v018_r4,closed_loop,complex,full,1,0.18,True,60.24510079,1785050783.662653,4.3661092950458595,0.03571354142520888,-0.0031504181707822107,0.0,0.0017109415494011438,5.158997939124871,0.0,0.0,0.0,nan,nan,nan,nan,nan,nan,0.0,0.0,-0.05000000074505806,0.0,0.0,0,ROW_FOLLOW,WAITING_FOR_CENTERLINE,0.0,0.0,0.0,0.0,0.0,0.0,0.0,0.0,0.0,1.0,0.0,0.0,0.0,0.0,0.0,0.0,0.0,0.30000001192092896,0.20000000298023224,0.20000000298023224,0.15000000596046448,0.15000000596046448,1.0,1.0,1.0,1.0
complex_qaware_v018_r4,closed_loop,complex,full,1,0.18,True,60.295376788,1785050783.712929,4.3661092950458595,0.03571354142520888,-0.0031454413388378745,0.0,0.000978844931901142,5.158997939124871,0.0,0.0,0.0,nan,nan,nan,nan,nan,nan,0.0,0.0,-0.05000000074505806,0.0,0.0,0,ROW_FOLLOW,WAITING_FOR_CENTERLINE,0.0,0.0,0.0,0.0,0.0,0.0,0.0,0.0,0.0,2.0,0.0,0.0,0.0,0.0,0.0,0.0,0.0,0.30000001192092896,0.20000000298023224,0.20000000298023224,0.15000000596046448,0.15000000596046448,1.0,1.0,1.0,1.0
complex_qaware_v018_r4,closed_loop,complex,full,1,0.18,True,60.345366379,1785050783.7629187,4.3661092950458595,0.03571354142520888,-0.003148397824245032,0.0,0.001355014577305869,5.158997939124871,0.0,0.0,0.0,nan,nan,nan,nan,nan,nan,0.0,0.0,-0.05000000074505806,0.0,0.0,0,ROW_FOLLOW,WAITING_FOR_CENTERLINE,0.0,0.0,0.0,0.0,0.0,0.0,0.0,0.0,0.0,2.0,0.0,0.0,0.0,0.0,0.0,0.0,0.0,0.30000001192092896,0.20000000298023224,0.20000000298023224,0.15000000596046448,0.15000000596046448,1.0,1.0,1.0,1.0
complex_qaware_v018_r4,closed_loop,complex,full,1,0.18,True,60.395328354,1785050783.8128808,4.3661092950458595,0.03571354142520888,-0.003165789807455077,0.0,0.0006979405938148868,5.158997939124871,0.0,0.0,0.0,nan,nan,nan,nan,nan,nan,0.0,0.0,-0.05000000074505806,0.0,0.0,0,ROW_FOLLOW,WAITING_FOR_CENTERLINE,0.0,0.0,0.0,0.0,0.0,0.0,0.0,0.0,0.0,3.0,0.0,0.0,0.0,0.0,0.0,0.0,0.0,0.30000001192092896,0.20000000298023224,0.20000000298023224,0.15000000596046448,0.15000000596046448,1.0,1.0,1.0,1.0
complex_qaware_v018_r4,closed_loop,complex,full,1,0.18,True,60.445355258,1785050783.8629074,4.3661092950458595,0.03571354142520888,-0.003189400344494773,0.0,0.0009687545758263916,5.158997939124871,0.0,0.0,0.0,nan,nan,nan,nan,nan,nan,0.0,0.0,-0.05000000074505806,0.0,0.0,0,ROW_FOLLOW,WAITING_FOR_CENTERLINE,0.0,0.0,0.0,0.0,0.0,0.0,0.0,0.0,0.0,3.0,0.0,0.0,0.0,0.0,0.0,0.0,0.0,0.30000001192092896,0.20000000298023224,0.20000000298023224,0.15000000596046448,0.15000000596046448,1.0,1.0,1.0,1.0
complex_qaware_v018_r4,closed_loop,complex,full,1,0.18,True,60.496191911,1785050783.9137442,4.3661092950458595,0.03571354142520888,-0.0031775876363338024,0.0,0.0019695243511928433,5.158997939124871,0.0,0.0,0.0,nan,nan,nan,nan,nan,nan,0.0,0.0,-0.05000000074505806,0.0,0.0,0,ROW_FOLLOW,WAITING_FOR_CENTERLINE,0.0,0.0,0.0,0.0,0.0,0.0,0.0,0.0,0.0,4.0,0.0,0.0,0.0,0.0,0.0,0.0,0.0,0.30000001192092896,0.20000000298023224,0.20000000298023224,0.15000000596046448,0.15000000596046448,1.0,1.0,1.0,1.0
complex_qaware_v018_r4,closed_loop,complex,full,1,0.18,True,60.54530916,1785050783.9628613,4.3661092950458595,0.03571354142520888,-0.003171662620434556,0.0,0.0012972274987523434,5.158997939124871,0.0,0.0,0.0,nan,nan,nan,nan,nan,nan,0.0,0.0,-0.05000000074505806,0.0,0.0,0,ROW_FOLLOW,WAITING_FOR_CENTERLINE,0.0,0.0,0.0,0.0,0.0,0.0,0.0,0.0,0.0,4.0,0.0,0.0,0.0,0.0,0.0,0.0,0.0,0.30000001192092896,0.20000000298023224,0.20000000298023224,0.15000000596046448,0.15000000596046448,1.0,1.0,1.0,1.0
complex_qaware_v018_r4,closed_loop,complex,full,1,0.18,True,60.595701354,1785050784.0132537,4.3661092950458595,0.03571354142520888,-0.003183846754867048,0.0,0.0019089856972721547,5.158997939124871,0.0,0.0,0.0,nan,nan,nan,nan,nan,nan,0.0,0.0,-0.05000000074505806,0.0,0.0,1,ROW_FOLLOW,WAITING_FOR_CENTERLINE,0.0,0.0,0.0,0.0,0.0,0.0,0.0,0.0,0.0,5.0,0.0,0.0,0.0,0.0,0.0,0.0,0.0,0.30000001192092896,0.20000000298023224,0.20000000298023224,0.15000000596046448,0.15000000596046448,1.0,1.0,1.0,1.0
complex_qaware_v018_r4,closed_loop,complex,full,1,0.18,True,60.645383705,1785050784.062936,4.3661092950458595,0.03571354142520888,-0.0031826671897032827,0.0,0.0008427935697611754,5.158997939124871,0.0,0.0,0.0,nan,nan,nan,nan,nan,nan,0.0,0.0,-0.05000000074505806,0.0,0.0,1,ROW_FOLLOW,WAITING_FOR_CENTERLINE,0.0,0.0,0.0,0.0,0.0,0.0,0.0,0.0,0.0,5.0,0.0,0.0,0.0,0.0,0.0,0.0,0.0,0.30000001192092896,0.20000000298023224,0.20000000298023224,0.15000000596046448,0.15000000596046448,1.0,1.0,1.0,1.0
complex_qaware_v018_r4,closed_loop,complex,full,1,0.18,True,60.695757403,1785050784.1133096,4.3661092950458595,0.03571354142520888,-0.0031784787223707593,0.0,0.0008041998519566905,5.158997939124871,0.0,0.0,0.0,nan,nan,nan,nan,nan,nan,0.0,0.0,-0.05000000074505806,0.0,0.0,0,ROW_FOLLOW,WAITING_FOR_CENTERLINE,0.0,0.0,0.0,0.0,0.0,0.0,0.0,0.0,0.0,0.0,0.0,0.0,0.0,0.0,0.0,0.0,0.0,0.30000001192092896,0.20000000298023224,0.20000000298023224,0.15000000596046448,0.15000000596046448,1.0,1.0,1.0,1.0
complex_qaware_v018_r4,closed_loop,complex,full,1,0.18,True,60.745495308,1785050784.1630478,4.3661092950458595,0.03571354142520888,-0.0031720751055002144,0.0,0.0016415452753705167,5.158997939124871,0.0,0.0,0.0,nan,nan,nan,nan,nan,nan,0.0,0.0,-0.05000000074505806,0.0,0.0,0,ROW_FOLLOW,WAITING_FOR_CENTERLINE,0.0,0.0,0.0,0.0,0.0,0.0,0.0,0.0,0.0,0.0,0.0,0.0,0.0,0.0,0.0,0.0,0.0,0.30000001192092896,0.20000000298023224,0.20000000298023224,0.15000000596046448,0.15000000596046448,1.0,1.0,1.0,1.0
complex_qaware_v018_r4,closed_loop,complex,full,1,0.18,True,60.795594279,1785050784.2131467,4.3661092950458595,0.03571354142520888,-0.003172487050340233,0.0,0.00035972898194328777,5.158997939124871,0.0,0.0,0.0,nan,nan,nan,nan,nan,nan,0.0,0.0,-0.05000000074505806,0.0,0.0,0,ROW_FOLLOW,WAITING_FOR_CENTERLINE,0.0,0.0,0.0,0.0,0.0,0.0,0.0,0.0,0.0,1.0,0.0,0.0,0.0,0.0,0.0,0.0,0.0,0.30000001192092896,0.20000000298023224,0.20000000298023224,0.15000000596046448,0.15000000596046448,1.0,1.0,1.0,1.0
complex_qaware_v018_r4,closed_loop,complex,full,1,0.18,True,60.845450364,1785050784.2630026,4.3661092950458595,0.03571354142520888,-0.0031831086261981953,0.0,0.0011316411623761163,5.158997939124871,0.0,0.0,0.0,nan,nan,nan,nan,nan,nan,0.0,0.0,-0.05000000074505806,0.0,0.0,0,ROW_FOLLOW,WAITING_FOR_CENTERLINE,0.0,0.0,0.0,0.0,0.0,0.0,0.0,0.0,0.0,1.0,0.0,0.0,0.0,0.0,0.0,0.0,0.0,0.30000001192092896,0.20000000298023224,0.20000000298023224,0.15000000596046448,0.15000000596046448,1.0,1.0,1.0,1.0
complex_qaware_v018_r4,closed_loop,complex,full,1,0.18,True,60.895780732,1785050784.313333,4.3661092950458595,0.03571354142520888,-0.003191717948642926,0.0,0.0016113168312054719,5.158997939124871,0.0,0.0,0.0,nan,nan,nan,nan,nan,nan,0.0,0.0,-0.05000000074505806,0.0,0.0,0,ROW_FOLLOW,WAITING_FOR_CENTERLINE,0.0,0.0,0.0,0.0,0.0,0.0,0.0,0.0,0.0,2.0,0.0,0.0,0.0,0.0,0.0,0.0,0.0,0.30000001192092896,0.20000000298023224,0.20000000298023224,0.15000000596046448,0.15000000596046448,1.0,1.0,1.0,1.0
complex_qaware_v018_r4,closed_loop,complex,full,1,0.18,True,60.945318216,1785050784.3628705,4.3661092950458595,0.03571354142520888,-0.003180122914201001,0.0,0.0010686379638968468,5.158997939124871,0.0,0.0,0.0,nan,nan,nan,nan,nan,nan,0.0,0.0,-0.05000000074505806,0.0,0.0,0,ROW_FOLLOW,WAITING_FOR_CENTERLINE,0.0,0.0,0.0,0.0,0.0,0.0,0.0,0.0,0.0,2.0,0.0,0.0,0.0,0.0,0.0,0.0,0.0,0.30000001192092896,0.20000000298023224,0.20000000298023224,0.15000000596046448,0.15000000596046448,1.0,1.0,1.0,1.0
complex_qaware_v018_r4,closed_loop,complex,full,1,0.18,True,60.995703914,1785050784.4132562,4.3661092950458595,0.03571354142520888,-0.0031717979692449383,0.0,0.0017505306138315966,5.158997939124871,0.0,0.0,0.0,nan,nan,nan,nan,nan,nan,0.0,0.0,-0.05000000074505806,0.0,0.0,0,ROW_FOLLOW,WAITING_FOR_CENTERLINE,0.0,0.0,0.0,0.0,0.0,0.0,0.0,0.0,0.0,3.0,0.0,0.0,0.0,0.0,0.0,0.0,0.0,0.30000001192092896,0.20000000298023224,0.20000000298023224,0.15000000596046448,0.15000000596046448,1.0,1.0,1.0,1.0
complex_qaware_v018_r4,closed_loop,complex,full,1,0.18,True,61.045427163,1785050784.4629793,4.3661092950458595,0.03571354142520888,-0.0031816134937892046,0.0,0.0011272503736583122,5.158997939124871,0.0,0.0,0.0,nan,nan,nan,nan,nan,nan,0.0,0.0,-0.05000000074505806,0.0,0.0,0,ROW_FOLLOW,WAITING_FOR_CENTERLINE,0.0,0.0,0.0,0.0,0.0,0.0,0.0,0.0,0.0,3.0,0.0,0.0,0.0,0.0,0.0,0.0,0.0,0.30000001192092896,0.20000000298023224,0.20000000298023224,0.15000000596046448,0.15000000596046448,1.0,1.0,1.0,1.0
complex_qaware_v018_r4,closed_loop,complex,full,1,0.18,True,61.09538101,1785050784.5129335,4.3661092950458595,0.03571354142520888,-0.0031823331622002904,0.0,0.0007855521231933016,5.158997939124871,0.0,0.0,0.0,nan,nan,nan,nan,nan,nan,0.0,0.0,-0.05000000074505806,0.0,0.0,0,ROW_FOLLOW,WAITING_FOR_CENTERLINE,0.0,0.0,0.0,0.0,0.0,0.0,0.0,0.0,0.0,4.0,0.0,0.0,0.0,0.0,0.0,0.0,0.0,0.30000001192092896,0.20000000298023224,0.20000000298023224,0.15000000596046448,0.15000000596046448,1.0,1.0,1.0,1.0
complex_qaware_v018_r4,closed_loop,complex,full,1,0.18,True,61.145389803,1785050784.562942,4.3661092950458595,0.03571354142520888,-0.003192977920362329,0.0,0.0010462409708826914,5.158997939124871,0.0,0.0,0.0,nan,nan,nan,nan,nan,nan,0.0,0.0,-0.05000000074505806,0.0,0.0,0,ROW_FOLLOW,WAITING_FOR_CENTERLINE,0.0,0.0,0.0,0.0,0.0,0.0,0.0,0.0,0.0,4.0,0.0,0.0,0.0,0.0,0.0,0.0,0.0,0.30000001192092896,0.20000000298023224,0.20000000298023224,0.15000000596046448,0.15000000596046448,1.0,1.0,1.0,1.0
complex_qaware_v018_r4,closed_loop,complex,full,1,0.18,True,61.195411331,1785050784.6129637,4.3661092950458595,0.03571354142520888,-0.003200035020034521,0.0,0.0012125781881196587,5.158997939124871,0.0,0.0,0.0,nan,nan,nan,nan,nan,nan,0.0,0.0,-0.05000000074505806,0.0,0.0,1,ROW_FOLLOW,WAITING_FOR_CENTERLINE,0.0,0.0,0.0,0.0,0.0,0.0,0.0,0.0,0.0,5.0,0.0,0.0,0.0,0.0,0.0,0.0,0.0,0.30000001192092896,0.20000000298023224,0.20000000298023224,0.15000000596046448,0.15000000596046448,1.0,1.0,1.0,1.0
complex_qaware_v018_r4,closed_loop,complex,full,1,0.18,True,61.245304473,1785050784.6628568,4.3661092950458595,0.03571354142520888,-0.0031940928896059245,0.0,0.0011637312728774321,5.158997939124871,0.0,0.0,0.0,nan,nan,nan,nan,nan,nan,0.0,0.0,-0.05000000074505806,0.0,0.0,1,ROW_FOLLOW,WAITING_FOR_CENTERLINE,0.0,0.0,0.0,0.0,0.0,0.0,0.0,0.0,0.0,5.0,0.0,0.0,0.0,0.0,0.0,0.0,0.0,0.30000001192092896,0.20000000298023224,0.20000000298023224,0.15000000596046448,0.15000000596046448,1.0,1.0,1.0,1.0
complex_qaware_v018_r4,closed_loop,complex,full,1,0.18,True,61.295161773,1785050784.712714,4.3661092950458595,0.03571354142520888,-0.0031858226273797636,0.0,0.001891238131676139,5.158997939124871,0.0,0.0,0.0,nan,nan,nan,nan,nan,nan,0.0,0.0,-0.05000000074505806,0.0,0.0,0,ROW_FOLLOW,WAITING_FOR_CENTERLINE,0.0,0.0,0.0,0.0,0.0,0.0,0.0,0.0,0.0,0.0,0.0,0.0,0.0,0.0,0.0,0.0,0.0,0.30000001192092896,0.20000000298023224,0.20000000298023224,0.15000000596046448,0.15000000596046448,1.0,1.0,1.0,1.0
complex_qaware_v018_r4,closed_loop,complex,full,1,0.18,True,61.345319433,1785050784.7628717,4.3661092950458595,0.03571354142520888,-0.003160616589925614,0.0,0.0014596487588126065,5.158997939124871,0.0,0.0,0.0,nan,nan,nan,nan,nan,nan,0.0,0.0,-0.05000000074505806,0.0,0.0,0,ROW_FOLLOW,WAITING_FOR_CENTERLINE,0.0,0.0,0.0,0.0,0.0,0.0,0.0,0.0,0.0,0.0,0.0,0.0,0.0,0.0,0.0,0.0,0.0,0.30000001192092896,0.20000000298023224,0.20000000298023224,0.15000000596046448,0.15000000596046448,1.0,1.0,1.0,1.0
complex_qaware_v018_r4,closed_loop,complex,full,1,0.18,True,61.395841199,1785050784.8133934,4.3661092950458595,0.03571354142520888,-0.003179308005909931,0.0,0.0003421767881889438,5.158997939124871,0.0,0.0,0.0,nan,nan,nan,nan,nan,nan,0.0,0.0,-0.05000000074505806,0.0,0.0,0,ROW_FOLLOW,WAITING_FOR_CENTERLINE,0.0,0.0,0.0,0.0,0.0,0.0,0.0,0.0,0.0,1.0,0.0,0.0,0.0,0.0,0.0,0.0,0.0,0.30000001192092896,0.20000000298023224,0.20000000298023224,0.15000000596046448,0.15000000596046448,1.0,1.0,1.0,1.0
complex_qaware_v018_r4,closed_loop,complex,full,1,0.18,True,61.445404348,1785050784.8629565,4.3661092950458595,0.03571354142520888,-0.0031844556942521854,0.0,0.0018802684474787065,5.158997939124871,0.0,0.0,0.0,nan,nan,nan,nan,nan,nan,0.0,0.0,-0.05000000074505806,0.0,0.0,0,ROW_FOLLOW,WAITING_FOR_CENTERLINE,0.0,0.0,0.0,0.0,0.0,0.0,0.0,0.0,0.0,1.0,0.0,0.0,0.0,0.0,0.0,0.0,0.0,0.30000001192092896,0.20000000298023224,0.20000000298023224,0.15000000596046448,0.15000000596046448,1.0,1.0,1.0,1.0
complex_qaware_v018_r4,closed_loop,complex,full,1,0.18,True,61.495982275,1785050784.9135344,4.3661092950458595,0.03571354142520888,-0.003178172069496111,0.0,0.0010183079168186715,5.158997939124871,0.0,0.0,0.0,nan,nan,nan,nan,nan,nan,0.0,0.0,-0.05000000074505806,0.0,0.0,0,ROW_FOLLOW,WAITING_FOR_CENTERLINE,0.0,0.0,0.0,0.0,0.0,0.0,0.0,0.0,0.0,2.0,0.0,0.0,0.0,0.0,0.0,0.0,0.0,0.30000001192092896,0.20000000298023224,0.20000000298023224,0.15000000596046448,0.15000000596046448,1.0,1.0,1.0,1.0
complex_qaware_v018_r4,closed_loop,complex,full,1,0.18,True,61.545400812,1785050784.9629529,4.3661092950458595,0.03571354142520888,-0.003165617026643197,0.0,0.0012005125519516052,5.158997939124871,0.0,0.0,0.0,nan,nan,nan,nan,nan,nan,0.0,0.0,-0.05000000074505806,0.0,0.0,0,ROW_FOLLOW,WAITING_FOR_CENTERLINE,0.0,0.0,0.0,0.0,0.0,0.0,0.0,0.0,0.0,2.0,0.0,0.0,0.0,0.0,0.0,0.0,0.0,0.30000001192092896,0.20000000298023224,0.20000000298023224,0.15000000596046448,0.15000000596046448,1.0,1.0,1.0,1.0
complex_qaware_v018_r4,closed_loop,complex,full,1,0.18,True,61.59607855,1785050785.0136306,4.3661092950458595,0.03571354142520888,-0.0031631738878949967,0.0,0.0019152698400264573,5.158997939124871,0.0,0.0,0.0,nan,nan,nan,nan,nan,nan,0.0,0.0,-0.05000000074505806,0.0,0.0,0,ROW_FOLLOW,WAITING_FOR_CENTERLINE,0.0,0.0,0.0,0.0,0.0,0.0,0.0,0.0,0.0,3.0,0.0,0.0,0.0,0.0,0.0,0.0,0.0,0.30000001192092896,0.20000000298023224,0.20000000298023224,0.15000000596046448,0.15000000596046448,1.0,1.0,1.0,1.0
complex_qaware_v018_r4,closed_loop,complex,full,1,0.18,True,61.645528992,1785050785.0630813,4.3661092950458595,0.03571354142520888,-0.0031618337085150827,0.0,0.0009751103732171415,5.158997939124871,0.0,0.0,0.0,nan,nan,nan,nan,nan,nan,0.0,0.0,-0.05000000074505806,0.0,0.0,0,ROW_FOLLOW,WAITING_FOR_CENTERLINE,0.0,0.0,0.0,0.0,0.0,0.0,0.0,0.0,0.0,3.0,0.0,0.0,0.0,0.0,0.0,0.0,0.0,0.30000001192092896,0.20000000298023224,0.20000000298023224,0.15000000596046448,0.15000000596046448,1.0,1.0,1.0,1.0
complex_qaware_v018_r4,closed_loop,complex,full,1,0.18,True,61.696162601,1785050785.113715,4.3661092950458595,0.03571354142520888,-0.0031727147280360417,0.0,0.0011474310693250704,5.158997939124871,0.0,0.0,0.0,nan,nan,nan,nan,nan,nan,0.0,0.0,-0.05000000074505806,0.0,0.0,0,ROW_FOLLOW,WAITING_FOR_CENTERLINE,0.0,0.0,0.0,0.0,0.0,0.0,0.0,0.0,0.0,4.0,0.0,0.0,0.0,0.0,0.0,0.0,0.0,0.30000001192092896,0.20000000298023224,0.20000000298023224,0.15000000596046448,0.15000000596046448,1.0,1.0,1.0,1.0
complex_qaware_v018_r4,closed_loop,complex,full,1,0.18,True,61.746292102,1785050785.1638443,4.3661092950458595,0.03571354142520888,-0.0031599114959592885,0.0,0.0013699098678393192,5.158997939124871,0.0,0.0,0.0,nan,nan,nan,nan,nan,nan,0.0,0.0,-0.05000000074505806,0.0,0.0,0,ROW_FOLLOW,WAITING_FOR_CENTERLINE,0.0,0.0,0.0,0.0,0.0,0.0,0.0,0.0,0.0,4.0,0.0,0.0,0.0,0.0,0.0,0.0,0.0,0.30000001192092896,0.20000000298023224,0.20000000298023224,0.15000000596046448,0.15000000596046448,1.0,1.0,1.0,1.0
complex_qaware_v018_r4,closed_loop,complex,full,1,0.18,True,61.795932565,1785050785.2134848,4.3661092950458595,0.03571354142520888,-0.0031800540630806395,0.0,0.0009215692343566252,5.158997939124871,0.0,0.0,0.0,nan,nan,nan,nan,nan,nan,0.0,0.0,-0.05000000074505806,0.0,0.0,1,ROW_FOLLOW,WAITING_FOR_CENTERLINE,0.0,0.0,0.0,0.0,0.0,0.0,0.0,0.0,0.0,5.0,0.0,0.0,0.0,0.0,0.0,0.0,0.0,0.30000001192092896,0.20000000298023224,0.20000000298023224,0.15000000596046448,0.15000000596046448,1.0,1.0,1.0,1.0
complex_qaware_v018_r4,closed_loop,complex,full,1,0.18,True,61.845337758,1785050785.26289,4.3661092950458595,0.03571354142520888,-0.0031962402273810766,0.0,0.00117659114868549,5.158997939124871,0.0,0.0,0.0,nan,nan,nan,nan,nan,nan,0.0,0.0,-0.05000000074505806,0.0,0.0,1,ROW_FOLLOW,WAITING_FOR_CENTERLINE,0.0,0.0,0.0,0.0,0.0,0.0,0.0,0.0,0.0,5.0,0.0,0.0,0.0,0.0,0.0,0.0,0.0,0.30000001192092896,0.20000000298023224,0.20000000298023224,0.15000000596046448,0.15000000596046448,1.0,1.0,1.0,1.0
complex_qaware_v018_r4,closed_loop,complex,full,1,0.18,True,61.896871423,1785050785.3144236,4.3661092950458595,0.03571354142520888,-0.003210399549118836,0.0,0.0002611256470016485,5.158997939124871,0.0,0.0,0.0,nan,nan,nan,nan,nan,nan,0.0,0.0,-0.05000000074505806,0.0,0.0,0,ROW_FOLLOW,WAITING_FOR_CENTERLINE,0.0,0.0,0.0,0.0,0.0,0.0,0.0,0.0,0.0,0.0,0.0,0.0,0.0,0.0,0.0,0.0,0.0,0.30000001192092896,0.20000000298023224,0.20000000298023224,0.15000000596046448,0.15000000596046448,1.0,1.0,1.0,1.0
complex_qaware_v018_r4,closed_loop,complex,full,1,0.18,True,61.945447283,1785050785.3629994,4.3661092950458595,0.03571354142520888,-0.0032140761432746254,0.0,0.00046648804574605943,5.158997939124871,0.0,0.0,0.0,nan,nan,nan,nan,nan,nan,0.0,0.0,-0.05000000074505806,0.0,0.0,0,ROW_FOLLOW,WAITING_FOR_CENTERLINE,0.0,0.0,0.0,0.0,0.0,0.0,0.0,0.0,0.0,0.0,0.0,0.0,0.0,0.0,0.0,0.0,0.0,0.30000001192092896,0.20000000298023224,0.20000000298023224,0.15000000596046448,0.15000000596046448,1.0,1.0,1.0,1.0
complex_qaware_v018_r4,closed_loop,complex,full,1,0.18,True,61.995186373,1785050785.4127386,4.3661092950458595,0.03571354142520888,-0.0032251536238199203,0.0,0.0009746607777163476,5.158997939124871,0.0,0.0,0.0,nan,nan,nan,nan,nan,nan,0.0,0.0,-0.05000000074505806,0.0,0.0,0,ROW_FOLLOW,WAITING_FOR_CENTERLINE,0.0,0.0,0.0,0.0,0.0,0.0,0.0,0.0,0.0,1.0,0.0,0.0,0.0,0.0,0.0,0.0,0.0,0.30000001192092896,0.20000000298023224,0.20000000298023224,0.15000000596046448,0.15000000596046448,1.0,1.0,1.0,1.0
complex_qaware_v018_r4,closed_loop,complex,full,1,0.18,True,62.045284832,1785050785.462837,4.3661092950458595,0.03571354142520888,-0.003226759321229622,0.0,0.001228971412863569,5.158997939124871,0.0,0.0,0.0,nan,nan,nan,nan,nan,nan,0.0,0.0,-0.05000000074505806,0.0,0.0,0,ROW_FOLLOW,WAITING_FOR_CENTERLINE,0.0,0.0,0.0,0.0,0.0,0.0,0.0,0.0,0.0,1.0,0.0,0.0,0.0,0.0,0.0,0.0,0.0,0.30000001192092896,0.20000000298023224,0.20000000298023224,0.15000000596046448,0.15000000596046448,1.0,1.0,1.0,1.0
complex_qaware_v018_r4,closed_loop,complex,full,1,0.18,True,62.095437213,1785050785.5129895,4.3661092950458595,0.03571354142520888,-0.003230110741350156,0.0,0.0012026697525276252,5.158997939124871,0.0,0.0,0.0,nan,nan,nan,nan,nan,nan,0.0,0.0,-0.05000000074505806,0.0,0.0,0,ROW_FOLLOW,WAITING_FOR_CENTERLINE,0.0,0.0,0.0,0.0,0.0,0.0,0.0,0.0,0.0,2.0,0.0,0.0,0.0,0.0,0.0,0.0,0.0,0.30000001192092896,0.20000000298023224,0.20000000298023224,0.15000000596046448,0.15000000596046448,1.0,1.0,1.0,1.0
complex_qaware_v018_r4,closed_loop,complex,full,1,0.18,True,62.145333971,1785050785.5628862,4.3661092950458595,0.03571354142520888,-0.003253727817098984,0.0,0.001161896764812944,5.158997939124871,0.0,0.0,0.0,nan,nan,nan,nan,nan,nan,0.0,0.0,-0.05000000074505806,0.0,0.0,0,ROW_FOLLOW,WAITING_FOR_CENTERLINE,0.0,0.0,0.0,0.0,0.0,0.0,0.0,0.0,0.0,2.0,0.0,0.0,0.0,0.0,0.0,0.0,0.0,0.30000001192092896,0.20000000298023224,0.20000000298023224,0.15000000596046448,0.15000000596046448,1.0,1.0,1.0,1.0
complex_qaware_v018_r4,closed_loop,complex,full,1,0.18,True,62.195742262,1785050785.6132946,4.3661092950458595,0.03571354142520888,-0.0032655972296615765,0.0,0.0007278863770052085,5.158997939124871,0.0,0.0,0.0,nan,nan,nan,nan,nan,nan,0.0,0.0,-0.05000000074505806,0.0,0.0,0,ROW_FOLLOW,WAITING_FOR_CENTERLINE,0.0,0.0,0.0,0.0,0.0,0.0,0.0,0.0,0.0,3.0,0.0,0.0,0.0,0.0,0.0,0.0,0.0,0.30000001192092896,0.20000000298023224,0.20000000298023224,0.15000000596046448,0.15000000596046448,1.0,1.0,1.0,1.0
complex_qaware_v018_r4,closed_loop,complex,full,1,0.18,True,62.24532762,1785050785.66288,4.3661092950458595,0.03571354142520888,-0.0032544972561683325,0.0,0.0008138041170802435,5.158997939124871,0.0,0.0,0.0,nan,nan,nan,nan,nan,nan,0.0,0.0,-0.05000000074505806,0.0,0.0,0,ROW_FOLLOW,WAITING_FOR_CENTERLINE,0.0,0.0,0.0,0.0,0.0,0.0,0.0,0.0,0.0,3.0,0.0,0.0,0.0,0.0,0.0,0.0,0.0,0.30000001192092896,0.20000000298023224,0.20000000298023224,0.15000000596046448,0.15000000596046448,1.0,1.0,1.0,1.0
complex_qaware_v018_r4,closed_loop,complex,full,1,0.18,True,62.295900812,1785050785.713453,4.3661092950458595,0.03571354142520888,-0.0032576725671296107,0.0,0.0012274394197562789,5.158997939124871,0.0,0.0,0.0,nan,nan,nan,nan,nan,nan,0.0,0.0,-0.05000000074505806,0.0,0.0,0,ROW_FOLLOW,WAITING_FOR_CENTERLINE,0.0,0.0,0.0,0.0,0.0,0.0,0.0,0.0,0.0,4.0,0.0,0.0,0.0,0.0,0.0,0.0,0.0,0.30000001192092896,0.20000000298023224,0.20000000298023224,0.15000000596046448,0.15000000596046448,1.0,1.0,1.0,1.0
complex_qaware_v018_r4,closed_loop,complex,full,1,0.18,True,62.345346806,1785050785.762899,4.3661092950458595,0.03571354142520888,-0.0032778282629961648,0.0,0.0007904901874073079,5.158997939124871,0.0,0.0,0.0,nan,nan,nan,nan,nan,nan,0.0,0.0,-0.05000000074505806,0.0,0.0,0,ROW_FOLLOW,WAITING_FOR_CENTERLINE,0.0,0.0,0.0,0.0,0.0,0.0,0.0,0.0,0.0,4.0,0.0,0.0,0.0,0.0,0.0,0.0,0.0,0.30000001192092896,0.20000000298023224,0.20000000298023224,0.15000000596046448,0.15000000596046448,1.0,1.0,1.0,1.0
complex_qaware_v018_r4,closed_loop,complex,full,1,0.18,True,62.398086359,1785050785.8156385,4.3661092950458595,0.03571354142520888,-0.0032615193626108763,0.0,0.000869457739718843,5.158997939124871,0.0,0.0,0.0,nan,nan,nan,nan,nan,nan,0.0,0.0,-0.05000000074505806,0.0,0.0,1,ROW_FOLLOW,WAITING_FOR_CENTERLINE,0.0,0.0,0.0,0.0,0.0,0.0,0.0,0.0,0.0,5.0,0.0,0.0,0.0,0.0,0.0,0.0,0.0,0.30000001192092896,0.20000000298023224,0.20000000298023224,0.15000000596046448,0.15000000596046448,1.0,1.0,1.0,1.0
complex_qaware_v018_r4,closed_loop,complex,full,1,0.18,True,62.445246405,1785050785.8627987,4.3661092950458595,0.03571354142520888,-0.0032649363821186665,0.0,0.0019484203265461321,5.158997939124871,0.0,0.0,0.0,nan,nan,nan,nan,nan,nan,0.0,0.0,-0.05000000074505806,0.0,0.0,1,ROW_FOLLOW,WAITING_FOR_CENTERLINE,0.0,0.0,0.0,0.0,0.0,0.0,0.0,0.0,0.0,5.0,0.0,0.0,0.0,0.0,0.0,0.0,0.0,0.30000001192092896,0.20000000298023224,0.20000000298023224,0.15000000596046448,0.15000000596046448,1.0,1.0,1.0,1.0
complex_qaware_v018_r4,closed_loop,complex,full,1,0.18,True,62.495751979,1785050785.9133043,4.3661092950458595,0.03571354142520888,-0.0032734795966855587,0.0,0.0006737934714371916,5.158997939124871,0.0,0.0,0.0,nan,nan,nan,nan,nan,nan,0.0,0.0,-0.05000000074505806,0.0,0.0,0,ROW_FOLLOW,WAITING_FOR_CENTERLINE,0.0,0.0,0.0,0.0,0.0,0.0,0.0,0.0,0.0,0.0,0.0,0.0,0.0,0.0,0.0,0.0,0.0,0.30000001192092896,0.20000000298023224,0.20000000298023224,0.15000000596046448,0.15000000596046448,1.0,1.0,1.0,1.0
complex_qaware_v018_r4,closed_loop,complex,full,1,0.18,True,62.545385402,1785050785.9629376,4.3661092950458595,0.03571354142520888,-0.0032905107326270957,0.0,0.0012144196967374171,5.158997939124871,0.0,0.0,0.0,nan,nan,nan,nan,nan,nan,0.0,0.0,-0.05000000074505806,0.0,0.0,0,ROW_FOLLOW,WAITING_FOR_CENTERLINE,0.0,0.0,0.0,0.0,0.0,0.0,0.0,0.0,0.0,0.0,0.0,0.0,0.0,0.0,0.0,0.0,0.0,0.30000001192092896,0.20000000298023224,0.20000000298023224,0.15000000596046448,0.15000000596046448,1.0,1.0,1.0,1.0
complex_qaware_v018_r4,closed_loop,complex,full,1,0.18,True,62.595685115,1785050786.0132372,4.3661092950458595,0.03571354142520888,-0.003312986813328587,0.0,0.00023520405995917207,5.158997939124871,0.0,0.0,0.0,nan,nan,nan,nan,nan,nan,0.0,0.0,-0.05000000074505806,0.0,0.0,0,ROW_FOLLOW,WAITING_FOR_CENTERLINE,0.0,0.0,0.0,0.0,0.0,0.0,0.0,0.0,0.0,1.0,0.0,0.0,0.0,0.0,0.0,0.0,0.0,0.30000001192092896,0.20000000298023224,0.20000000298023224,0.15000000596046448,0.15000000596046448,1.0,1.0,1.0,1.0
complex_qaware_v018_r4,closed_loop,complex,full,1,0.18,True,62.645227849,1785050786.0627801,4.3661092950458595,0.03571354142520888,-0.003323252001881993,0.0,0.001265342004534953,5.158997939124871,0.0,0.0,0.0,nan,nan,nan,nan,nan,nan,0.0,0.0,-0.05000000074505806,0.0,0.0,0,ROW_FOLLOW,WAITING_FOR_CENTERLINE,0.0,0.0,0.0,0.0,0.0,0.0,0.0,0.0,0.0,1.0,0.0,0.0,0.0,0.0,0.0,0.0,0.0,0.30000001192092896,0.20000000298023224,0.20000000298023224,0.15000000596046448,0.15000000596046448,1.0,1.0,1.0,1.0
complex_qaware_v018_r4,closed_loop,complex,full,1,0.18,True,62.695295556,1785050786.1128478,4.3661092950458595,0.03571354142520888,-0.003314563556063188,0.0,0.0014026909963503937,5.158997939124871,0.0,0.0,0.0,nan,nan,nan,nan,nan,nan,0.0,0.0,-0.05000000074505806,0.0,0.0,0,ROW_FOLLOW,WAITING_FOR_CENTERLINE,0.0,0.0,0.0,0.0,0.0,0.0,0.0,0.0,0.0,2.0,0.0,0.0,0.0,0.0,0.0,0.0,0.0,0.30000001192092896,0.20000000298023224,0.20000000298023224,0.15000000596046448,0.15000000596046448,1.0,1.0,1.0,1.0
complex_qaware_v018_r4,closed_loop,complex,full,1,0.18,True,62.745219451,1785050786.1627717,4.3661092950458595,0.03571354142520888,-0.003307096964698442,0.0,0.001857531105285678,5.158997939124871,0.0,0.0,0.0,nan,nan,nan,nan,nan,nan,0.0,0.0,-0.05000000074505806,0.0,0.0,0,ROW_FOLLOW,WAITING_FOR_CENTERLINE,0.0,0.0,0.0,0.0,0.0,0.0,0.0,0.0,0.0,2.0,0.0,0.0,0.0,0.0,0.0,0.0,0.0,0.30000001192092896,0.20000000298023224,0.20000000298023224,0.15000000596046448,0.15000000596046448,1.0,1.0,1.0,1.0
complex_qaware_v018_r4,closed_loop,complex,full,1,0.18,True,62.79633157,1785050786.2138839,4.3661092950458595,0.03571354142520888,-0.0032883771861573767,0.0,0.0017226838646363105,5.158997939124871,0.0,0.0,0.0,nan,nan,nan,nan,nan,nan,0.0,0.0,-0.05000000074505806,0.0,0.0,0,ROW_FOLLOW,WAITING_FOR_CENTERLINE,0.0,0.0,0.0,0.0,0.0,0.0,0.0,0.0,0.0,3.0,0.0,0.0,0.0,0.0,0.0,0.0,0.0,0.30000001192092896,0.20000000298023224,0.20000000298023224,0.15000000596046448,0.15000000596046448,1.0,1.0,1.0,1.0
complex_qaware_v018_r4,closed_loop,complex,full,1,0.18,True,62.845281264,1785050786.2628334,4.3661092950458595,0.03571354142520888,-0.003286604060508847,0.0,0.00117039702250468,5.158997939124871,0.0,0.0,0.0,nan,nan,nan,nan,nan,nan,0.0,0.0,-0.05000000074505806,0.0,0.0,0,ROW_FOLLOW,WAITING_FOR_CENTERLINE,0.0,0.0,0.0,0.0,0.0,0.0,0.0,0.0,0.0,3.0,0.0,0.0,0.0,0.0,0.0,0.0,0.0,0.30000001192092896,0.20000000298023224,0.20000000298023224,0.15000000596046448,0.15000000596046448,1.0,1.0,1.0,1.0
complex_qaware_v018_r4,closed_loop,complex,full,1,0.18,True,62.89715657,1785050786.3147087,4.3661092950458595,0.03571354142520888,-0.0032782523226453355,0.0,0.0019162439026546522,5.158997939124871,0.0,0.0,0.0,nan,nan,nan,nan,nan,nan,0.0,0.0,-0.05000000074505806,0.0,0.0,0,ROW_FOLLOW,WAITING_FOR_CENTERLINE,0.0,0.0,0.0,0.0,0.0,0.0,0.0,0.0,0.0,4.0,0.0,0.0,0.0,0.0,0.0,0.0,0.0,0.30000001192092896,0.20000000298023224,0.20000000298023224,0.15000000596046448,0.15000000596046448,1.0,1.0,1.0,1.0
complex_qaware_v018_r4,closed_loop,complex,full,1,0.18,True,62.945347397,1785050786.3628998,4.3661092950458595,0.03571354142520888,-0.0033171019495874545,0.0,0.0006413347852508193,5.158997939124871,0.0,0.0,0.0,nan,nan,nan,nan,nan,nan,0.0,0.0,-0.05000000074505806,0.0,0.0,0,ROW_FOLLOW,WAITING_FOR_CENTERLINE,0.0,0.0,0.0,0.0,0.0,0.0,0.0,0.0,0.0,4.0,0.0,0.0,0.0,0.0,0.0,0.0,0.0,0.30000001192092896,0.20000000298023224,0.20000000298023224,0.15000000596046448,0.15000000596046448,1.0,1.0,1.0,1.0
complex_qaware_v018_r4,closed_loop,complex,full,1,0.18,True,62.995906797,1785050786.413459,4.3661092950458595,0.03571354142520888,-0.0033107828789171747,0.0,0.0012670102436603465,5.158997939124871,0.0,0.0,0.0,nan,nan,nan,nan,nan,nan,0.0,0.0,-0.05000000074505806,0.0,0.0,1,ROW_FOLLOW,WAITING_FOR_CENTERLINE,0.0,0.0,0.0,0.0,0.0,0.0,0.0,0.0,0.0,5.0,0.0,0.0,0.0,0.0,0.0,0.0,0.0,0.30000001192092896,0.20000000298023224,0.20000000298023224,0.15000000596046448,0.15000000596046448,1.0,1.0,1.0,1.0
complex_qaware_v018_r4,closed_loop,complex,full,1,0.18,True,63.045262165,1785050786.4628146,4.3661092950458595,0.03571354142520888,-0.00329887443499599,0.0,0.0011900798414255533,5.158997939124871,0.0,0.0,0.0,nan,nan,nan,nan,nan,nan,0.0,0.0,-0.05000000074505806,0.0,0.0,1,ROW_FOLLOW,WAITING_FOR_CENTERLINE,0.0,0.0,0.0,0.0,0.0,0.0,0.0,0.0,0.0,5.0,0.0,0.0,0.0,0.0,0.0,0.0,0.0,0.30000001192092896,0.20000000298023224,0.20000000298023224,0.15000000596046448,0.15000000596046448,1.0,1.0,1.0,1.0
complex_qaware_v018_r4,closed_loop,complex,full,1,0.18,True,63.095377554,1785050786.5129297,4.3661092950458595,0.03571354142520888,-0.003290875731490228,0.0,0.0013800025589227624,5.158997939124871,0.0,0.0,0.0,nan,nan,nan,nan,nan,nan,0.0,0.0,-0.05000000074505806,0.0,0.0,0,ROW_FOLLOW,WAITING_FOR_CENTERLINE,0.0,0.0,0.0,0.0,0.0,0.0,0.0,0.0,0.0,0.0,0.0,0.0,0.0,0.0,0.0,0.0,0.0,0.30000001192092896,0.20000000298023224,0.20000000298023224,0.15000000596046448,0.15000000596046448,1.0,1.0,1.0,1.0
complex_qaware_v018_r4,closed_loop,complex,full,1,0.18,True,63.145308969,1785050786.5628612,4.3661092950458595,0.03571354142520888,-0.0032757595799415284,0.0,0.0006372752980820247,5.158997939124871,0.0,0.0,0.0,nan,nan,nan,nan,nan,nan,0.0,0.0,-0.05000000074505806,0.0,0.0,0,ROW_FOLLOW,WAITING_FOR_CENTERLINE,0.0,0.0,0.0,0.0,0.0,0.0,0.0,0.0,0.0,0.0,0.0,0.0,0.0,0.0,0.0,0.0,0.0,0.30000001192092896,0.20000000298023224,0.20000000298023224,0.15000000596046448,0.15000000596046448,1.0,1.0,1.0,1.0
complex_qaware_v018_r4,closed_loop,complex,full,1,0.18,True,63.195528681,1785050786.6130807,4.3661092950458595,0.03571354142520888,-0.0032573939445974514,0.0,0.00188483628315331,5.158997939124871,0.0,0.0,0.0,nan,nan,nan,nan,nan,nan,0.0,0.0,-0.05000000074505806,0.0,0.0,0,ROW_FOLLOW,WAITING_FOR_CENTERLINE,0.0,0.0,0.0,0.0,0.0,0.0,0.0,0.0,0.0,1.0,0.0,0.0,0.0,0.0,0.0,0.0,0.0,0.30000001192092896,0.20000000298023224,0.20000000298023224,0.15000000596046448,0.15000000596046448,1.0,1.0,1.0,1.0
complex_qaware_v018_r4,closed_loop,complex,full,1,0.18,True,63.245241147,1785050786.6627934,4.3661092950458595,0.03571354142520888,-0.003268427883591496,0.0,0.0010283211864092878,5.158997939124871,0.0,0.0,0.0,nan,nan,nan,nan,nan,nan,0.0,0.0,-0.05000000074505806,0.0,0.0,0,ROW_FOLLOW,WAITING_FOR_CENTERLINE,0.0,0.0,0.0,0.0,0.0,0.0,0.0,0.0,0.0,1.0,0.0,0.0,0.0,0.0,0.0,0.0,0.0,0.30000001192092896,0.20000000298023224,0.20000000298023224,0.15000000596046448,0.15000000596046448,1.0,1.0,1.0,1.0
complex_qaware_v018_r4,closed_loop,complex,full,1,0.18,True,63.295600733,1785050786.7131531,4.3661092950458595,0.03571354142520888,-0.00325761361091992,0.0,0.002227607669657891,5.158997939124871,0.0,0.0,0.0,nan,nan,nan,nan,nan,nan,0.0,0.0,-0.05000000074505806,0.0,0.0,0,ROW_FOLLOW,WAITING_FOR_CENTERLINE,0.0,0.0,0.0,0.0,0.0,0.0,0.0,0.0,0.0,2.0,0.0,0.0,0.0,0.0,0.0,0.0,0.0,0.30000001192092896,0.20000000298023224,0.20000000298023224,0.15000000596046448,0.15000000596046448,1.0,1.0,1.0,1.0
complex_qaware_v018_r4,closed_loop,complex,full,1,0.18,True,63.345331472,1785050786.762884,4.3661092950458595,0.03571354142520888,-0.0032333698745654602,0.0,0.0018919794280265125,5.158997939124871,0.0,0.0,0.0,nan,nan,nan,nan,nan,nan,0.0,0.0,-0.05000000074505806,0.0,0.0,0,ROW_FOLLOW,WAITING_FOR_CENTERLINE,0.0,0.0,0.0,0.0,0.0,0.0,0.0,0.0,0.0,2.0,0.0,0.0,0.0,0.0,0.0,0.0,0.0,0.30000001192092896,0.20000000298023224,0.20000000298023224,0.15000000596046448,0.15000000596046448,1.0,1.0,1.0,1.0
complex_qaware_v018_r4,closed_loop,complex,full,1,0.18,True,63.395535343,1785050786.8130875,4.3661092950458595,0.03571354142520888,-0.0032284298465703447,0.0,0.0011915451114139907,5.158997939124871,0.0,0.0,0.0,nan,nan,nan,nan,nan,nan,0.0,0.0,-0.05000000074505806,0.0,0.0,0,ROW_FOLLOW,WAITING_FOR_CENTERLINE,0.0,0.0,0.0,0.0,0.0,0.0,0.0,0.0,0.0,3.0,0.0,0.0,0.0,0.0,0.0,0.0,0.0,0.30000001192092896,0.20000000298023224,0.20000000298023224,0.15000000596046448,0.15000000596046448,1.0,1.0,1.0,1.0
complex_qaware_v018_r4,closed_loop,complex,full,1,0.18,True,63.445178367,1785050786.8627305,4.3661092950458595,0.03571354142520888,-0.0032215166706990334,0.0,0.0016892744566257333,5.158997939124871,0.0,0.0,0.0,nan,nan,nan,nan,nan,nan,0.0,0.0,-0.05000000074505806,0.0,0.0,0,ROW_FOLLOW,WAITING_FOR_CENTERLINE,0.0,0.0,0.0,0.0,0.0,0.0,0.0,0.0,0.0,3.0,0.0,0.0,0.0,0.0,0.0,0.0,0.0,0.30000001192092896,0.20000000298023224,0.20000000298023224,0.15000000596046448,0.15000000596046448,1.0,1.0,1.0,1.0
complex_qaware_v018_r4,closed_loop,complex,full,1,0.18,True,63.49563658,1785050786.913189,4.3661092950458595,0.03571354142520888,-0.0032246375011641963,0.0,0.0007156617677773567,5.158997939124871,0.0,0.0,0.0,nan,nan,nan,nan,nan,nan,0.0,0.0,-0.05000000074505806,0.0,0.0,0,ROW_FOLLOW,WAITING_FOR_CENTERLINE,0.0,0.0,0.0,0.0,0.0,0.0,0.0,0.0,0.0,4.0,0.0,0.0,0.0,0.0,0.0,0.0,0.0,0.30000001192092896,0.20000000298023224,0.20000000298023224,0.15000000596046448,0.15000000596046448,1.0,1.0,1.0,1.0
complex_qaware_v018_r4,closed_loop,complex,full,1,0.18,True,63.545225427,1785050786.9627776,4.3661092950458595,0.03571354142520888,-0.0032005905715148954,0.0,0.0016202751994251231,5.158997939124871,0.0,0.0,0.0,nan,nan,nan,nan,nan,nan,0.0,0.0,-0.05000000074505806,0.0,0.0,0,ROW_FOLLOW,WAITING_FOR_CENTERLINE,0.0,0.0,0.0,0.0,0.0,0.0,0.0,0.0,0.0,4.0,0.0,0.0,0.0,0.0,0.0,0.0,0.0,0.30000001192092896,0.20000000298023224,0.20000000298023224,0.15000000596046448,0.15000000596046448,1.0,1.0,1.0,1.0
complex_qaware_v018_r4,closed_loop,complex,full,1,0.18,True,63.59565916,1785050787.0132115,4.3661092950458595,0.03571354142520888,-0.003187753545740967,0.0,0.0011261574310187045,5.158997939124871,0.0,0.0,0.0,nan,nan,nan,nan,nan,nan,0.0,0.0,-0.05000000074505806,0.0,0.0,1,ROW_FOLLOW,WAITING_FOR_CENTERLINE,0.0,0.0,0.0,0.0,0.0,0.0,0.0,0.0,0.0,5.0,0.0,0.0,0.0,0.0,0.0,0.0,0.0,0.30000001192092896,0.20000000298023224,0.20000000298023224,0.15000000596046448,0.15000000596046448,1.0,1.0,1.0,1.0
complex_qaware_v018_r4,closed_loop,complex,full,1,0.18,True,63.645423628,1785050787.062976,4.3661092950458595,0.03571354142520888,-0.0032284864477500905,0.0,0.00018658664307517303,5.158997939124871,0.0,0.0,0.0,nan,nan,nan,nan,nan,nan,0.0,0.0,-0.05000000074505806,0.0,0.0,1,ROW_FOLLOW,WAITING_FOR_CENTERLINE,0.0,0.0,0.0,0.0,0.0,0.0,0.0,0.0,0.0,5.0,0.0,0.0,0.0,0.0,0.0,0.0,0.0,0.30000001192092896,0.20000000298023224,0.20000000298023224,0.15000000596046448,0.15000000596046448,1.0,1.0,1.0,1.0
complex_qaware_v018_r4,closed_loop,complex,full,1,0.18,True,63.695429382,1785050787.1129818,4.3661092950458595,0.03571354142520888,-0.003239552414975755,0.0,0.0011966984123466344,5.158997939124871,0.0,0.0,0.0,nan,nan,nan,nan,nan,nan,0.0,0.0,-0.05000000074505806,0.0,0.0,0,ROW_FOLLOW,WAITING_FOR_CENTERLINE,0.0,0.0,0.0,0.0,0.0,0.0,0.0,0.0,0.0,0.0,0.0,0.0,0.0,0.0,0.0,0.0,0.0,0.30000001192092896,0.20000000298023224,0.20000000298023224,0.15000000596046448,0.15000000596046448,1.0,1.0,1.0,1.0
complex_qaware_v018_r4,closed_loop,complex,full,1,0.18,True,63.745224155,1785050787.1627762,4.3661092950458595,0.03571354142520888,-0.003246003231691219,0.0,0.0014187468442442557,5.158997939124871,0.0,0.0,0.0,nan,nan,nan,nan,nan,nan,0.0,0.0,-0.05000000074505806,0.0,0.0,0,ROW_FOLLOW,WAITING_FOR_CENTERLINE,0.0,0.0,0.0,0.0,0.0,0.0,0.0,0.0,0.0,0.0,0.0,0.0,0.0,0.0,0.0,0.0,0.0,0.30000001192092896,0.20000000298023224,0.20000000298023224,0.15000000596046448,0.15000000596046448,1.0,1.0,1.0,1.0
complex_qaware_v018_r4,closed_loop,complex,full,1,0.18,True,63.795837925,1785050787.21339,4.3661092950458595,0.03571354142520888,-0.0032547884410556458,0.0,0.0007641636809436648,5.158997939124871,0.0,0.0,0.0,nan,nan,nan,nan,nan,nan,0.0,0.0,-0.05000000074505806,0.0,0.0,0,ROW_FOLLOW,WAITING_FOR_CENTERLINE,0.0,0.0,0.0,0.0,0.0,0.0,0.0,0.0,0.0,1.0,0.0,0.0,0.0,0.0,0.0,0.0,0.0,0.30000001192092896,0.20000000298023224,0.20000000298023224,0.15000000596046448,0.15000000596046448,1.0,1.0,1.0,1.0
complex_qaware_v018_r4,closed_loop,complex,full,1,0.18,True,63.84516539,1785050787.2627177,4.3661092950458595,0.03571354142520888,-0.0032445072359839045,0.0,0.0009759033863997579,5.158997939124871,0.0,0.0,0.0,nan,nan,nan,nan,nan,nan,0.0,0.0,-0.05000000074505806,0.0,0.0,0,ROW_FOLLOW,WAITING_FOR_CENTERLINE,0.0,0.0,0.0,0.0,0.0,0.0,0.0,0.0,0.0,1.0,0.0,0.0,0.0,0.0,0.0,0.0,0.0,0.30000001192092896,0.20000000298023224,0.20000000298023224,0.15000000596046448,0.15000000596046448,1.0,1.0,1.0,1.0
complex_qaware_v018_r4,closed_loop,complex,full,1,0.18,True,63.897911183,1785050787.3154635,4.3661092950458595,0.03571354142520888,-0.00322933537895187,0.0,0.001907981739524473,5.158997939124871,0.0,0.0,0.0,nan,nan,nan,nan,nan,nan,0.0,0.0,-0.05000000074505806,0.0,0.0,0,ROW_FOLLOW,WAITING_FOR_CENTERLINE,0.0,0.0,0.0,0.0,0.0,0.0,0.0,0.0,0.0,2.0,0.0,0.0,0.0,0.0,0.0,0.0,0.0,0.30000001192092896,0.20000000298023224,0.20000000298023224,0.15000000596046448,0.15000000596046448,1.0,1.0,1.0,1.0
complex_qaware_v018_r4,closed_loop,complex,full,1,0.18,True,63.945365607,1785050787.362918,4.3661092950458595,0.03571354142520888,-0.0032465059320161424,0.0,0.001296579851770049,5.158997939124871,0.0,0.0,0.0,nan,nan,nan,nan,nan,nan,0.0,0.0,-0.05000000074505806,0.0,0.0,0,ROW_FOLLOW,WAITING_FOR_CENTERLINE,0.0,0.0,0.0,0.0,0.0,0.0,0.0,0.0,0.0,2.0,0.0,0.0,0.0,0.0,0.0,0.0,0.0,0.30000001192092896,0.20000000298023224,0.20000000298023224,0.15000000596046448,0.15000000596046448,1.0,1.0,1.0,1.0
complex_qaware_v018_r4,closed_loop,complex,full,1,0.18,True,63.995317504,1785050787.4128697,4.3661092950458595,0.03571354142520888,-0.003242237212137676,0.0,0.0012434405281983388,5.158997939124871,0.0,0.0,0.0,nan,nan,nan,nan,nan,nan,0.0,0.0,-0.05000000074505806,0.0,0.0,0,ROW_FOLLOW,WAITING_FOR_CENTERLINE,0.0,0.0,0.0,0.0,0.0,0.0,0.0,0.0,0.0,3.0,0.0,0.0,0.0,0.0,0.0,0.0,0.0,0.30000001192092896,0.20000000298023224,0.20000000298023224,0.15000000596046448,0.15000000596046448,1.0,1.0,1.0,1.0
complex_qaware_v018_r4,closed_loop,complex,full,1,0.18,True,64.045310458,1785050787.4628625,4.3661092950458595,0.03571354142520888,-0.0032667478953389848,0.0,0.00013796027267352378,5.158997939124871,0.0,0.0,0.0,nan,nan,nan,nan,nan,nan,0.0,0.0,-0.05000000074505806,0.0,0.0,0,ROW_FOLLOW,WAITING_FOR_CENTERLINE,0.0,0.0,0.0,0.0,0.0,0.0,0.0,0.0,0.0,3.0,0.0,0.0,0.0,0.0,0.0,0.0,0.0,0.30000001192092896,0.20000000298023224,0.20000000298023224,0.15000000596046448,0.15000000596046448,1.0,1.0,1.0,1.0
complex_qaware_v018_r4,closed_loop,complex,full,1,0.18,True,64.09598839,1785050787.5135405,4.3661092950458595,0.03571354142520888,-0.0032492079843389216,0.0,0.0014006078365845747,5.158997939124871,0.0,0.0,0.0,nan,nan,nan,nan,nan,nan,0.0,0.0,-0.05000000074505806,0.0,0.0,0,ROW_FOLLOW,WAITING_FOR_CENTERLINE,0.0,0.0,0.0,0.0,0.0,0.0,0.0,0.0,0.0,4.0,0.0,0.0,0.0,0.0,0.0,0.0,0.0,0.30000001192092896,0.20000000298023224,0.20000000298023224,0.15000000596046448,0.15000000596046448,1.0,1.0,1.0,1.0
complex_qaware_v018_r4,closed_loop,complex,full,1,0.18,True,64.145281453,1785050787.5628335,4.3661092950458595,0.03571354142520888,-0.003256474921438102,0.0,0.0015648481484843073,5.158997939124871,0.0,0.0,0.0,nan,nan,nan,nan,nan,nan,0.0,0.0,-0.05000000074505806,0.0,0.0,0,ROW_FOLLOW,WAITING_FOR_CENTERLINE,0.0,0.0,0.0,0.0,0.0,0.0,0.0,0.0,0.0,4.0,0.0,0.0,0.0,0.0,0.0,0.0,0.0,0.30000001192092896,0.20000000298023224,0.20000000298023224,0.15000000596046448,0.15000000596046448,1.0,1.0,1.0,1.0
complex_qaware_v018_r4,closed_loop,complex,full,1,0.18,True,64.195487853,1785050787.6130402,4.3661092950458595,0.03571354142520888,-0.003264177699831007,0.0,0.0011105430019782772,5.158997939124871,0.0,0.0,0.0,nan,nan,nan,nan,nan,nan,0.0,0.0,-0.05000000074505806,0.0,0.0,1,ROW_FOLLOW,WAITING_FOR_CENTERLINE,0.0,0.0,0.0,0.0,0.0,0.0,0.0,0.0,0.0,5.0,0.0,0.0,0.0,0.0,0.0,0.0,0.0,0.30000001192092896,0.20000000298023224,0.20000000298023224,0.15000000596046448,0.15000000596046448,1.0,1.0,1.0,1.0
complex_qaware_v018_r4,closed_loop,complex,full,1,0.18,True,64.245460582,1785050787.663013,4.3661092950458595,0.03571354142520888,-0.0032623212067193225,0.0,0.00047143633226936945,5.158997939124871,0.0,0.0,0.0,nan,nan,nan,nan,nan,nan,0.0,0.0,-0.05000000074505806,0.0,0.0,1,ROW_FOLLOW,WAITING_FOR_CENTERLINE,0.0,0.0,0.0,0.0,0.0,0.0,0.0,0.0,0.0,5.0,0.0,0.0,0.0,0.0,0.0,0.0,0.0,0.30000001192092896,0.20000000298023224,0.20000000298023224,0.15000000596046448,0.15000000596046448,1.0,1.0,1.0,1.0
complex_qaware_v018_r4,closed_loop,complex,full,1,0.18,True,64.295413215,1785050787.7129655,4.3661092950458595,0.03571354142520888,-0.0032682534797401344,0.0,0.0012001006670435885,5.158997939124871,0.0,0.0,0.0,nan,nan,nan,nan,nan,nan,0.0,0.0,-0.05000000074505806,0.0,0.0,0,ROW_FOLLOW,WAITING_FOR_CENTERLINE,0.0,0.0,0.0,0.0,0.0,0.0,0.0,0.0,0.0,0.0,0.0,0.0,0.0,0.0,0.0,0.0,0.0,0.30000001192092896,0.20000000298023224,0.20000000298023224,0.15000000596046448,0.15000000596046448,1.0,1.0,1.0,1.0
complex_qaware_v018_r4,closed_loop,complex,full,1,0.18,True,64.345257141,1785050787.7628093,4.3661092950458595,0.03571354142520888,-0.0032798827963169694,0.0,0.0011791424491260736,5.158997939124871,0.0,0.0,0.0,nan,nan,nan,nan,nan,nan,0.0,0.0,-0.05000000074505806,0.0,0.0,0,ROW_FOLLOW,WAITING_FOR_CENTERLINE,0.0,0.0,0.0,0.0,0.0,0.0,0.0,0.0,0.0,0.0,0.0,0.0,0.0,0.0,0.0,0.0,0.0,0.30000001192092896,0.20000000298023224,0.20000000298023224,0.15000000596046448,0.15000000596046448,1.0,1.0,1.0,1.0
complex_qaware_v018_r4,closed_loop,complex,full,1,0.18,True,64.395326961,1785050787.812879,4.3661092950458595,0.03571354142520888,-0.00330466141638297,0.0,0.0008300633726007854,5.158997939124871,0.0,0.0,0.0,nan,nan,nan,nan,nan,nan,0.0,0.0,-0.05000000074505806,0.0,0.0,0,ROW_FOLLOW,WAITING_FOR_CENTERLINE,0.0,0.0,0.0,0.0,0.0,0.0,0.0,0.0,0.0,1.0,0.0,0.0,0.0,0.0,0.0,0.0,0.0,0.30000001192092896,0.20000000298023224,0.20000000298023224,0.15000000596046448,0.15000000596046448,1.0,1.0,1.0,1.0
complex_qaware_v018_r4,closed_loop,complex,full,1,0.18,True,64.445495184,1785050787.8630474,4.3661092950458595,0.03571354142520888,-0.0033278675887453714,0.0,0.0008974773403300577,5.158997939124871,0.0,0.0,0.0,nan,nan,nan,nan,nan,nan,0.0,0.0,-0.05000000074505806,0.0,0.0,0,ROW_FOLLOW,WAITING_FOR_CENTERLINE,0.0,0.0,0.0,0.0,0.0,0.0,0.0,0.0,0.0,1.0,0.0,0.0,0.0,0.0,0.0,0.0,0.0,0.30000001192092896,0.20000000298023224,0.20000000298023224,0.15000000596046448,0.15000000596046448,1.0,1.0,1.0,1.0
complex_qaware_v018_r4,closed_loop,complex,full,1,0.18,True,64.495595148,1785050787.9131474,4.3661092950458595,0.03571354142520888,-0.003320953820834305,0.0,0.0015111156269326386,5.158997939124871,0.0,0.0,0.0,nan,nan,nan,nan,nan,nan,0.0,0.0,-0.05000000074505806,0.0,0.0,0,ROW_FOLLOW,WAITING_FOR_CENTERLINE,0.0,0.0,0.0,0.0,0.0,0.0,0.0,0.0,0.0,2.0,0.0,0.0,0.0,0.0,0.0,0.0,0.0,0.30000001192092896,0.20000000298023224,0.20000000298023224,0.15000000596046448,0.15000000596046448,1.0,1.0,1.0,1.0
complex_qaware_v018_r4,closed_loop,complex,full,1,0.18,True,64.545226493,1785050787.9627786,4.3661092950458595,0.03571354142520888,-0.003325698684083278,0.0,0.0012443991699265882,5.158997939124871,0.0,0.0,0.0,nan,nan,nan,nan,nan,nan,0.0,0.0,-0.05000000074505806,0.0,0.0,0,ROW_FOLLOW,WAITING_FOR_CENTERLINE,0.0,0.0,0.0,0.0,0.0,0.0,0.0,0.0,0.0,2.0,0.0,0.0,0.0,0.0,0.0,0.0,0.0,0.30000001192092896,0.20000000298023224,0.20000000298023224,0.15000000596046448,0.15000000596046448,1.0,1.0,1.0,1.0
complex_qaware_v018_r4,closed_loop,complex,full,1,0.18,True,64.597176618,1785050788.014729,4.3661092950458595,0.03571354142520888,-0.003323804984309843,0.0,0.0014640799687722326,5.158997939124871,0.0,0.0,0.0,nan,nan,nan,nan,nan,nan,0.0,0.0,-0.05000000074505806,0.0,0.0,0,ROW_FOLLOW,WAITING_FOR_CENTERLINE,0.0,0.0,0.0,0.0,0.0,0.0,0.0,0.0,0.0,3.0,0.0,0.0,0.0,0.0,0.0,0.0,0.0,0.30000001192092896,0.20000000298023224,0.20000000298023224,0.15000000596046448,0.15000000596046448,1.0,1.0,1.0,1.0
complex_qaware_v018_r4,closed_loop,complex,full,1,0.18,True,64.64530402,1785050788.0628562,4.3661092950458595,0.03571354142520888,-0.0033118538417640253,0.0,0.0015111955402455249,5.158997939124871,0.0,0.0,0.0,nan,nan,nan,nan,nan,nan,0.0,0.0,-0.05000000074505806,0.0,0.0,0,ROW_FOLLOW,WAITING_FOR_CENTERLINE,0.0,0.0,0.0,0.0,0.0,0.0,0.0,0.0,0.0,3.0,0.0,0.0,0.0,0.0,0.0,0.0,0.0,0.30000001192092896,0.20000000298023224,0.20000000298023224,0.15000000596046448,0.15000000596046448,1.0,1.0,1.0,1.0
complex_qaware_v018_r4,closed_loop,complex,full,1,0.18,True,64.69674194,1785050788.1142943,4.3661092950458595,0.03571354142520888,-0.0033425515448763923,0.0,0.0005145313951813506,5.158997939124871,0.0,0.0,0.0,nan,nan,nan,nan,nan,nan,0.0,0.0,-0.05000000074505806,0.0,0.0,0,ROW_FOLLOW,WAITING_FOR_CENTERLINE,0.0,0.0,0.0,0.0,0.0,0.0,0.0,0.0,0.0,4.0,0.0,0.0,0.0,0.0,0.0,0.0,0.0,0.30000001192092896,0.20000000298023224,0.20000000298023224,0.15000000596046448,0.15000000596046448,1.0,1.0,1.0,1.0
complex_qaware_v018_r4,closed_loop,complex,full,1,0.18,True,64.745361931,1785050788.1629143,4.3661092950458595,0.03571354142520888,-0.0033671492620861434,0.0,0.0014862524913158788,5.158997939124871,0.0,0.0,0.0,nan,nan,nan,nan,nan,nan,0.0,0.0,-0.05000000074505806,0.0,0.0,0,ROW_FOLLOW,WAITING_FOR_CENTERLINE,0.0,0.0,0.0,0.0,0.0,0.0,0.0,0.0,0.0,4.0,0.0,0.0,0.0,0.0,0.0,0.0,0.0,0.30000001192092896,0.20000000298023224,0.20000000298023224,0.15000000596046448,0.15000000596046448,1.0,1.0,1.0,1.0
complex_qaware_v018_r4,closed_loop,complex,full,1,0.18,True,64.795488137,1785050788.2130404,4.3661092950458595,0.03571354142520888,-0.003336258553038985,0.0,0.000869657831630622,5.158997939124871,0.0,0.0,0.0,nan,nan,nan,nan,nan,nan,0.0,0.0,-0.05000000074505806,0.0,0.0,1,ROW_FOLLOW,WAITING_FOR_CENTERLINE,0.0,0.0,0.0,0.0,0.0,0.0,0.0,0.0,0.0,5.0,0.0,0.0,0.0,0.0,0.0,0.0,0.0,0.30000001192092896,0.20000000298023224,0.20000000298023224,0.15000000596046448,0.15000000596046448,1.0,1.0,1.0,1.0
complex_qaware_v018_r4,closed_loop,complex,full,1,0.18,True,64.845365409,1785050788.2629175,4.3661092950458595,0.03571354142520888,-0.003341913283559262,0.0,0.001291721853162648,5.158997939124871,0.0,0.0,0.0,nan,nan,nan,nan,nan,nan,0.0,0.0,-0.05000000074505806,0.0,0.0,1,ROW_FOLLOW,WAITING_FOR_CENTERLINE,0.0,0.0,0.0,0.0,0.0,0.0,0.0,0.0,0.0,5.0,0.0,0.0,0.0,0.0,0.0,0.0,0.0,0.30000001192092896,0.20000000298023224,0.20000000298023224,0.15000000596046448,0.15000000596046448,1.0,1.0,1.0,1.0
complex_qaware_v018_r4,closed_loop,complex,full,1,0.18,True,64.8990543,1785050788.3166065,4.3661092950458595,0.03571354142520888,-0.0033433240566158604,0.0,0.0007728413319476425,5.158997939124871,0.0,0.0,0.0,nan,nan,nan,nan,nan,nan,0.0,0.0,-0.05000000074505806,0.0,0.0,0,ROW_FOLLOW,WAITING_FOR_CENTERLINE,0.0,0.0,0.0,0.0,0.0,0.0,0.0,0.0,0.0,0.0,0.0,0.0,0.0,0.0,0.0,0.0,0.0,0.30000001192092896,0.20000000298023224,0.20000000298023224,0.15000000596046448,0.15000000596046448,1.0,1.0,1.0,1.0
complex_qaware_v018_r4,closed_loop,complex,full,1,0.18,True,64.94542956,1785050788.3629818,4.3661092950458595,0.03571354142520888,-0.003349259170061903,0.0,0.0013042319950410553,5.158997939124871,0.0,0.0,0.0,nan,nan,nan,nan,nan,nan,0.0,0.0,-0.05000000074505806,0.0,0.0,0,ROW_FOLLOW,WAITING_FOR_CENTERLINE,0.0,0.0,0.0,0.0,0.0,0.0,0.0,0.0,0.0,0.0,0.0,0.0,0.0,0.0,0.0,0.0,0.0,0.30000001192092896,0.20000000298023224,0.20000000298023224,0.15000000596046448,0.15000000596046448,1.0,1.0,1.0,1.0
complex_qaware_v018_r4,closed_loop,complex,full,1,0.18,True,64.995400562,1785050788.412953,4.3661092950458595,0.03571354142520888,-0.0033518157120697722,0.0,0.0010886828151569856,5.158997939124871,0.0,0.0,0.0,nan,nan,nan,nan,nan,nan,0.0,0.0,-0.05000000074505806,0.0,0.0,0,ROW_FOLLOW,WAITING_FOR_CENTERLINE,0.0,0.0,0.0,0.0,0.0,0.0,0.0,0.0,0.0,1.0,0.0,0.0,0.0,0.0,0.0,0.0,0.0,0.30000001192092896,0.20000000298023224,0.20000000298023224,0.15000000596046448,0.15000000596046448,1.0,1.0,1.0,1.0
complex_qaware_v018_r4,closed_loop,complex,full,1,0.18,True,65.04544107,1785050788.4629934,4.3661092950458595,0.03571354142520888,-0.003353390680085777,0.0,0.001785993494020906,5.158997939124871,0.0,0.0,0.0,nan,nan,nan,nan,nan,nan,0.0,0.0,-0.05000000074505806,0.0,0.0,0,ROW_FOLLOW,WAITING_FOR_CENTERLINE,0.0,0.0,0.0,0.0,0.0,0.0,0.0,0.0,0.0,1.0,0.0,0.0,0.0,0.0,0.0,0.0,0.0,0.30000001192092896,0.20000000298023224,0.20000000298023224,0.15000000596046448,0.15000000596046448,1.0,1.0,1.0,1.0
complex_qaware_v018_r4,closed_loop,complex,full,1,0.18,True,65.096004632,1785050788.513557,4.3661092950458595,0.03571354142520888,-0.0033279831402173166,0.0,0.0018946098680437818,5.158997939124871,0.0,0.0,0.0,nan,nan,nan,nan,nan,nan,0.0,0.0,-0.05000000074505806,0.0,0.0,0,ROW_FOLLOW,WAITING_FOR_CENTERLINE,0.0,0.0,0.0,0.0,0.0,0.0,0.0,0.0,0.0,2.0,0.0,0.0,0.0,0.0,0.0,0.0,0.0,0.30000001192092896,0.20000000298023224,0.20000000298023224,0.15000000596046448,0.15000000596046448,1.0,1.0,1.0,1.0
complex_qaware_v018_r4,closed_loop,complex,full,1,0.18,True,65.145340225,1785050788.5628924,4.3661092950458595,0.03571354142520888,-0.0033269804953008895,0.0,0.0015718982706347067,5.158997939124871,0.0,0.0,0.0,nan,nan,nan,nan,nan,nan,0.0,0.0,-0.05000000074505806,0.0,0.0,0,ROW_FOLLOW,WAITING_FOR_CENTERLINE,0.0,0.0,0.0,0.0,0.0,0.0,0.0,0.0,0.0,2.0,0.0,0.0,0.0,0.0,0.0,0.0,0.0,0.30000001192092896,0.20000000298023224,0.20000000298023224,0.15000000596046448,0.15000000596046448,1.0,1.0,1.0,1.0
complex_qaware_v018_r4,closed_loop,complex,full,1,0.18,True,65.195483904,1785050788.613036,4.3661092950458595,0.03571354142520888,-0.0033239777978821814,0.0,0.001631603271537689,5.158997939124871,0.0,0.0,0.0,nan,nan,nan,nan,nan,nan,0.0,0.0,-0.05000000074505806,0.0,0.0,0,ROW_FOLLOW,WAITING_FOR_CENTERLINE,0.0,0.0,0.0,0.0,0.0,0.0,0.0,0.0,0.0,3.0,0.0,0.0,0.0,0.0,0.0,0.0,0.0,0.30000001192092896,0.20000000298023224,0.20000000298023224,0.15000000596046448,0.15000000596046448,1.0,1.0,1.0,1.0
complex_qaware_v018_r4,closed_loop,complex,full,1,0.18,True,65.245446937,1785050788.6629994,4.3661092950458595,0.03571354142520888,-0.0032817503356259436,0.0,0.001423252828874024,5.158997939124871,0.0,0.0,0.0,nan,nan,nan,nan,nan,nan,0.0,0.0,-0.05000000074505806,0.0,0.0,0,ROW_FOLLOW,WAITING_FOR_CENTERLINE,0.0,0.0,0.0,0.0,0.0,0.0,0.0,0.0,0.0,3.0,0.0,0.0,0.0,0.0,0.0,0.0,0.0,0.30000001192092896,0.20000000298023224,0.20000000298023224,0.15000000596046448,0.15000000596046448,1.0,1.0,1.0,1.0
complex_qaware_v018_r4,closed_loop,complex,full,1,0.18,True,65.295336753,1785050788.7128892,4.3661092950458595,0.03571354142520888,-0.0032968375231563485,0.0,0.0012169935605687093,5.158997939124871,0.0,0.0,0.0,nan,nan,nan,nan,nan,nan,0.0,0.0,-0.05000000074505806,0.0,0.0,0,ROW_FOLLOW,WAITING_FOR_CENTERLINE,0.0,0.0,0.0,0.0,0.0,0.0,0.0,0.0,0.0,4.0,0.0,0.0,0.0,0.0,0.0,0.0,0.0,0.30000001192092896,0.20000000298023224,0.20000000298023224,0.15000000596046448,0.15000000596046448,1.0,1.0,1.0,1.0
complex_qaware_v018_r4,closed_loop,complex,full,1,0.18,True,65.345354093,1785050788.7629063,4.3661092950458595,0.03571354142520888,-0.0033099717424174275,0.0,0.00047572056911901847,5.158997939124871,0.0,0.0,0.0,nan,nan,nan,nan,nan,nan,0.0,0.0,-0.05000000074505806,0.0,0.0,0,ROW_FOLLOW,WAITING_FOR_CENTERLINE,0.0,0.0,0.0,0.0,0.0,0.0,0.0,0.0,0.0,4.0,0.0,0.0,0.0,0.0,0.0,0.0,0.0,0.30000001192092896,0.20000000298023224,0.20000000298023224,0.15000000596046448,0.15000000596046448,1.0,1.0,1.0,1.0
