[0.448s] DEBUG:colcon:Command line arguments: ['/usr/bin/colcon', 'build', '--packages-select', 'centerline_extraction']
[0.448s] DEBUG:colcon:Parsed command line arguments: Namespace(log_base=None, log_level=None, verb_name='build', build_base='build', install_base='install', merge_install=False, symlink_install=False, test_result_base=None, continue_on_error=False, executor='parallel', parallel_workers=8, event_handlers=None, ignore_user_meta=False, metas=['./colcon.meta'], base_paths=['.'], packages_ignore=None, packages_ignore_regex=None, paths=None, packages_up_to=None, packages_up_to_regex=None, packages_above=None, packages_above_and_dependencies=None, packages_above_depth=None, packages_select_by_dep=None, packages_skip_by_dep=None, packages_skip_up_to=None, packages_select_build_failed=False, packages_skip_build_finished=False, packages_select_test_failures=False, packages_skip_test_passed=False, packages_select=['centerline_extraction'], packages_skip=None, packages_select_regex=None, packages_skip_regex=None, packages_start=None, packages_end=None, allow_overriding=[], cmake_args=None, cmake_target=None, cmake_target_skip_unavailable=False, cmake_clean_cache=False, cmake_clean_first=False, cmake_force_configure=False, ament_cmake_args=None, catkin_cmake_args=None, catkin_skip_building_tests=False, verb_parser=<colcon_defaults.argument_parser.defaults.DefaultArgumentsDecorator object at 0xffffa0a0e3b0>, verb_extension=<colcon_core.verb.build.BuildVerb object at 0xffffa0a0de40>, main=<bound method BuildVerb.main of <colcon_core.verb.build.BuildVerb object at 0xffffa0a0de40>>)
[1.010s] Level 1:colcon.colcon_core.package_discovery:discover_packages(colcon_meta) check parameters
[1.011s] Level 1:colcon.colcon_core.package_discovery:discover_packages(recursive) check parameters
[1.012s] Level 1:colcon.colcon_core.package_discovery:discover_packages(ignore) check parameters
[1.012s] Level 1:colcon.colcon_core.package_discovery:discover_packages(path) check parameters
[1.013s] Level 1:colcon.colcon_core.package_discovery:discover_packages(colcon_meta) discover
[1.013s] Level 1:colcon.colcon_core.package_discovery:discover_packages(recursive) discover
[1.014s] INFO:colcon.colcon_core.package_discovery:Crawling recursively for packages in '/home/wheeltec/agribot/agribot_ws'
[1.014s] Level 1:colcon.colcon_core.package_identification:_identify(.) by extensions ['ignore', 'ignore_ament_install']
[1.015s] Level 1:colcon.colcon_core.package_identification:_identify(.) by extension 'ignore'
[1.015s] Level 1:colcon.colcon_core.package_identification:_identify(.) by extension 'ignore_ament_install'
[1.016s] Level 1:colcon.colcon_core.package_identification:_identify(.) by extensions ['colcon_pkg']
[1.016s] Level 1:colcon.colcon_core.package_identification:_identify(.) by extension 'colcon_pkg'
[1.016s] Level 1:colcon.colcon_core.package_identification:_identify(.) by extensions ['colcon_meta']
[1.016s] Level 1:colcon.colcon_core.package_identification:_identify(.) by extension 'colcon_meta'
[1.016s] Level 1:colcon.colcon_core.package_identification:_identify(.) by extensions ['ros']
[1.016s] Level 1:colcon.colcon_core.package_identification:_identify(.) by extension 'ros'
[1.045s] Level 1:colcon.colcon_core.package_identification:_identify(.) by extensions ['cmake', 'python']
[1.046s] Level 1:colcon.colcon_core.package_identification:_identify(.) by extension 'cmake'
[1.046s] Level 1:colcon.colcon_core.package_identification:_identify(.) by extension 'python'
[1.047s] Level 1:colcon.colcon_core.package_identification:_identify(.) by extensions ['python_setup_py']
[1.047s] Level 1:colcon.colcon_core.package_identification:_identify(.) by extension 'python_setup_py'
[1.048s] Level 1:colcon.colcon_core.package_identification:_identify(build) by extensions ['ignore', 'ignore_ament_install']
[1.048s] Level 1:colcon.colcon_core.package_identification:_identify(build) by extension 'ignore'
[1.049s] Level 1:colcon.colcon_core.package_identification:_identify(build) ignored
[1.049s] Level 1:colcon.colcon_core.package_identification:_identify(docs) by extensions ['ignore', 'ignore_ament_install']
[1.050s] Level 1:colcon.colcon_core.package_identification:_identify(docs) by extension 'ignore'
[1.050s] Level 1:colcon.colcon_core.package_identification:_identify(docs) by extension 'ignore_ament_install'
[1.050s] Level 1:colcon.colcon_core.package_identification:_identify(docs) by extensions ['colcon_pkg']
[1.051s] Level 1:colcon.colcon_core.package_identification:_identify(docs) by extension 'colcon_pkg'
[1.051s] Level 1:colcon.colcon_core.package_identification:_identify(docs) by extensions ['colcon_meta']
[1.051s] Level 1:colcon.colcon_core.package_identification:_identify(docs) by extension 'colcon_meta'
[1.051s] Level 1:colcon.colcon_core.package_identification:_identify(docs) by extensions ['ros']
[1.052s] Level 1:colcon.colcon_core.package_identification:_identify(docs) by extension 'ros'
[1.052s] Level 1:colcon.colcon_core.package_identification:_identify(docs) by extensions ['cmake', 'python']
[1.052s] Level 1:colcon.colcon_core.package_identification:_identify(docs) by extension 'cmake'
[1.053s] Level 1:colcon.colcon_core.package_identification:_identify(docs) by extension 'python'
[1.053s] Level 1:colcon.colcon_core.package_identification:_identify(docs) by extensions ['python_setup_py']
[1.053s] Level 1:colcon.colcon_core.package_identification:_identify(docs) by extension 'python_setup_py'
[1.054s] Level 1:colcon.colcon_core.package_identification:_identify(docs/experiments) by extensions ['ignore', 'ignore_ament_install']
[1.054s] Level 1:colcon.colcon_core.package_identification:_identify(docs/experiments) by extension 'ignore'
[1.054s] Level 1:colcon.colcon_core.package_identification:_identify(docs/experiments) by extension 'ignore_ament_install'
[1.055s] Level 1:colcon.colcon_core.package_identification:_identify(docs/experiments) by extensions ['colcon_pkg']
[1.055s] Level 1:colcon.colcon_core.package_identification:_identify(docs/experiments) by extension 'colcon_pkg'
[1.055s] Level 1:colcon.colcon_core.package_identification:_identify(docs/experiments) by extensions ['colcon_meta']
[1.056s] Level 1:colcon.colcon_core.package_identification:_identify(docs/experiments) by extension 'colcon_meta'
[1.056s] Level 1:colcon.colcon_core.package_identification:_identify(docs/experiments) by extensions ['ros']
[1.056s] Level 1:colcon.colcon_core.package_identification:_identify(docs/experiments) by extension 'ros'
[1.057s] Level 1:colcon.colcon_core.package_identification:_identify(docs/experiments) by extensions ['cmake', 'python']
[1.057s] Level 1:colcon.colcon_core.package_identification:_identify(docs/experiments) by extension 'cmake'
[1.057s] Level 1:colcon.colcon_core.package_identification:_identify(docs/experiments) by extension 'python'
[1.058s] Level 1:colcon.colcon_core.package_identification:_identify(docs/experiments) by extensions ['python_setup_py']
[1.058s] Level 1:colcon.colcon_core.package_identification:_identify(docs/experiments) by extension 'python_setup_py'
[1.058s] Level 1:colcon.colcon_core.package_identification:_identify(docs/experiments/figures) by extensions ['ignore', 'ignore_ament_install']
[1.059s] Level 1:colcon.colcon_core.package_identification:_identify(docs/experiments/figures) by extension 'ignore'
[1.059s] Level 1:colcon.colcon_core.package_identification:_identify(docs/experiments/figures) by extension 'ignore_ament_install'
[1.060s] Level 1:colcon.colcon_core.package_identification:_identify(docs/experiments/figures) by extensions ['colcon_pkg']
[1.060s] Level 1:colcon.colcon_core.package_identification:_identify(docs/experiments/figures) by extension 'colcon_pkg'
[1.060s] Level 1:colcon.colcon_core.package_identification:_identify(docs/experiments/figures) by extensions ['colcon_meta']
[1.061s] Level 1:colcon.colcon_core.package_identification:_identify(docs/experiments/figures) by extension 'colcon_meta'
[1.061s] Level 1:colcon.colcon_core.package_identification:_identify(docs/experiments/figures) by extensions ['ros']
[1.061s] Level 1:colcon.colcon_core.package_identification:_identify(docs/experiments/figures) by extension 'ros'
[1.062s] Level 1:colcon.colcon_core.package_identification:_identify(docs/experiments/figures) by extensions ['cmake', 'python']
[1.062s] Level 1:colcon.colcon_core.package_identification:_identify(docs/experiments/figures) by extension 'cmake'
[1.063s] Level 1:colcon.colcon_core.package_identification:_identify(docs/experiments/figures) by extension 'python'
[1.063s] Level 1:colcon.colcon_core.package_identification:_identify(docs/experiments/figures) by extensions ['python_setup_py']
[1.063s] Level 1:colcon.colcon_core.package_identification:_identify(docs/experiments/figures) by extension 'python_setup_py'
[1.064s] Level 1:colcon.colcon_core.package_identification:_identify(field_trial_results) by extensions ['ignore', 'ignore_ament_install']
[1.064s] Level 1:colcon.colcon_core.package_identification:_identify(field_trial_results) by extension 'ignore'
[1.064s] Level 1:colcon.colcon_core.package_identification:_identify(field_trial_results) by extension 'ignore_ament_install'
[1.065s] Level 1:colcon.colcon_core.package_identification:_identify(field_trial_results) by extensions ['colcon_pkg']
[1.065s] Level 1:colcon.colcon_core.package_identification:_identify(field_trial_results) by extension 'colcon_pkg'
[1.065s] Level 1:colcon.colcon_core.package_identification:_identify(field_trial_results) by extensions ['colcon_meta']
[1.066s] Level 1:colcon.colcon_core.package_identification:_identify(field_trial_results) by extension 'colcon_meta'
[1.066s] Level 1:colcon.colcon_core.package_identification:_identify(field_trial_results) by extensions ['ros']
[1.066s] Level 1:colcon.colcon_core.package_identification:_identify(field_trial_results) by extension 'ros'
[1.067s] Level 1:colcon.colcon_core.package_identification:_identify(field_trial_results) by extensions ['cmake', 'python']
[1.067s] Level 1:colcon.colcon_core.package_identification:_identify(field_trial_results) by extension 'cmake'
[1.068s] Level 1:colcon.colcon_core.package_identification:_identify(field_trial_results) by extension 'python'
[1.068s] Level 1:colcon.colcon_core.package_identification:_identify(field_trial_results) by extensions ['python_setup_py']
[1.068s] Level 1:colcon.colcon_core.package_identification:_identify(field_trial_results) by extension 'python_setup_py'
[1.069s] Level 1:colcon.colcon_core.package_identification:_identify(field_trial_results/20260726_151045_complex_qaware_v010_r1) by extensions ['ignore', 'ignore_ament_install']
[1.069s] Level 1:colcon.colcon_core.package_identification:_identify(field_trial_results/20260726_151045_complex_qaware_v010_r1) by extension 'ignore'
[1.070s] Level 1:colcon.colcon_core.package_identification:_identify(field_trial_results/20260726_151045_complex_qaware_v010_r1) by extension 'ignore_ament_install'
[1.070s] Level 1:colcon.colcon_core.package_identification:_identify(field_trial_results/20260726_151045_complex_qaware_v010_r1) by extensions ['colcon_pkg']
[1.070s] Level 1:colcon.colcon_core.package_identification:_identify(field_trial_results/20260726_151045_complex_qaware_v010_r1) by extension 'colcon_pkg'
[1.070s] Level 1:colcon.colcon_core.package_identification:_identify(field_trial_results/20260726_151045_complex_qaware_v010_r1) by extensions ['colcon_meta']
[1.070s] Level 1:colcon.colcon_core.package_identification:_identify(field_trial_results/20260726_151045_complex_qaware_v010_r1) by extension 'colcon_meta'
[1.070s] Level 1:colcon.colcon_core.package_identification:_identify(field_trial_results/20260726_151045_complex_qaware_v010_r1) by extensions ['ros']
[1.071s] Level 1:colcon.colcon_core.package_identification:_identify(field_trial_results/20260726_151045_complex_qaware_v010_r1) by extension 'ros'
[1.071s] Level 1:colcon.colcon_core.package_identification:_identify(field_trial_results/20260726_151045_complex_qaware_v010_r1) by extensions ['cmake', 'python']
[1.071s] Level 1:colcon.colcon_core.package_identification:_identify(field_trial_results/20260726_151045_complex_qaware_v010_r1) by extension 'cmake'
[1.071s] Level 1:colcon.colcon_core.package_identification:_identify(field_trial_results/20260726_151045_complex_qaware_v010_r1) by extension 'python'
[1.071s] Level 1:colcon.colcon_core.package_identification:_identify(field_trial_results/20260726_151045_complex_qaware_v010_r1) by extensions ['python_setup_py']
[1.071s] Level 1:colcon.colcon_core.package_identification:_identify(field_trial_results/20260726_151045_complex_qaware_v010_r1) by extension 'python_setup_py'
[1.072s] Level 1:colcon.colcon_core.package_identification:_identify(field_trial_results/20260726_151647_complex_qaware_v018_r1) by extensions ['ignore', 'ignore_ament_install']
[1.072s] Level 1:colcon.colcon_core.package_identification:_identify(field_trial_results/20260726_151647_complex_qaware_v018_r1) by extension 'ignore'
[1.072s] Level 1:colcon.colcon_core.package_identification:_identify(field_trial_results/20260726_151647_complex_qaware_v018_r1) by extension 'ignore_ament_install'
[1.072s] Level 1:colcon.colcon_core.package_identification:_identify(field_trial_results/20260726_151647_complex_qaware_v018_r1) by extensions ['colcon_pkg']
[1.072s] Level 1:colcon.colcon_core.package_identification:_identify(field_trial_results/20260726_151647_complex_qaware_v018_r1) by extension 'colcon_pkg'
[1.072s] Level 1:colcon.colcon_core.package_identification:_identify(field_trial_results/20260726_151647_complex_qaware_v018_r1) by extensions ['colcon_meta']
[1.072s] Level 1:colcon.colcon_core.package_identification:_identify(field_trial_results/20260726_151647_complex_qaware_v018_r1) by extension 'colcon_meta'
[1.072s] Level 1:colcon.colcon_core.package_identification:_identify(field_trial_results/20260726_151647_complex_qaware_v018_r1) by extensions ['ros']
[1.072s] Level 1:colcon.colcon_core.package_identification:_identify(field_trial_results/20260726_151647_complex_qaware_v018_r1) by extension 'ros'
[1.073s] Level 1:colcon.colcon_core.package_identification:_identify(field_trial_results/20260726_151647_complex_qaware_v018_r1) by extensions ['cmake', 'python']
[1.073s] Level 1:colcon.colcon_core.package_identification:_identify(field_trial_results/20260726_151647_complex_qaware_v018_r1) by extension 'cmake'
[1.073s] Level 1:colcon.colcon_core.package_identification:_identify(field_trial_results/20260726_151647_complex_qaware_v018_r1) by extension 'python'
[1.073s] Level 1:colcon.colcon_core.package_identification:_identify(field_trial_results/20260726_151647_complex_qaware_v018_r1) by extensions ['python_setup_py']
[1.073s] Level 1:colcon.colcon_core.package_identification:_identify(field_trial_results/20260726_151647_complex_qaware_v018_r1) by extension 'python_setup_py'
[1.073s] Level 1:colcon.colcon_core.package_identification:_identify(field_trial_results/20260726_152216_complex_qaware_v018_r2) by extensions ['ignore', 'ignore_ament_install']
[1.073s] Level 1:colcon.colcon_core.package_identification:_identify(field_trial_results/20260726_152216_complex_qaware_v018_r2) by extension 'ignore'
[1.074s] Level 1:colcon.colcon_core.package_identification:_identify(field_trial_results/20260726_152216_complex_qaware_v018_r2) by extension 'ignore_ament_install'
[1.074s] Level 1:colcon.colcon_core.package_identification:_identify(field_trial_results/20260726_152216_complex_qaware_v018_r2) by extensions ['colcon_pkg']
[1.074s] Level 1:colcon.colcon_core.package_identification:_identify(field_trial_results/20260726_152216_complex_qaware_v018_r2) by extension 'colcon_pkg'
[1.074s] Level 1:colcon.colcon_core.package_identification:_identify(field_trial_results/20260726_152216_complex_qaware_v018_r2) by extensions ['colcon_meta']
[1.074s] Level 1:colcon.colcon_core.package_identification:_identify(field_trial_results/20260726_152216_complex_qaware_v018_r2) by extension 'colcon_meta'
[1.074s] Level 1:colcon.colcon_core.package_identification:_identify(field_trial_results/20260726_152216_complex_qaware_v018_r2) by extensions ['ros']
[1.074s] Level 1:colcon.colcon_core.package_identification:_identify(field_trial_results/20260726_152216_complex_qaware_v018_r2) by extension 'ros'
[1.074s] Level 1:colcon.colcon_core.package_identification:_identify(field_trial_results/20260726_152216_complex_qaware_v018_r2) by extensions ['cmake', 'python']
[1.074s] Level 1:colcon.colcon_core.package_identification:_identify(field_trial_results/20260726_152216_complex_qaware_v018_r2) by extension 'cmake'
[1.075s] Level 1:colcon.colcon_core.package_identification:_identify(field_trial_results/20260726_152216_complex_qaware_v018_r2) by extension 'python'
[1.075s] Level 1:colcon.colcon_core.package_identification:_identify(field_trial_results/20260726_152216_complex_qaware_v018_r2) by extensions ['python_setup_py']
[1.075s] Level 1:colcon.colcon_core.package_identification:_identify(field_trial_results/20260726_152216_complex_qaware_v018_r2) by extension 'python_setup_py'
[1.075s] Level 1:colcon.colcon_core.package_identification:_identify(field_trial_results/20260726_152358_complex_qaware_v018_r3) by extensions ['ignore', 'ignore_ament_install']
[1.075s] Level 1:colcon.colcon_core.package_identification:_identify(field_trial_results/20260726_152358_complex_qaware_v018_r3) by extension 'ignore'
[1.075s] Level 1:colcon.colcon_core.package_identification:_identify(field_trial_results/20260726_152358_complex_qaware_v018_r3) by extension 'ignore_ament_install'
[1.075s] Level 1:colcon.colcon_core.package_identification:_identify(field_trial_results/20260726_152358_complex_qaware_v018_r3) by extensions ['colcon_pkg']
[1.075s] Level 1:colcon.colcon_core.package_identification:_identify(field_trial_results/20260726_152358_complex_qaware_v018_r3) by extension 'colcon_pkg'
[1.076s] Level 1:colcon.colcon_core.package_identification:_identify(field_trial_results/20260726_152358_complex_qaware_v018_r3) by extensions ['colcon_meta']
[1.076s] Level 1:colcon.colcon_core.package_identification:_identify(field_trial_results/20260726_152358_complex_qaware_v018_r3) by extension 'colcon_meta'
[1.076s] Level 1:colcon.colcon_core.package_identification:_identify(field_trial_results/20260726_152358_complex_qaware_v018_r3) by extensions ['ros']
[1.076s] Level 1:colcon.colcon_core.package_identification:_identify(field_trial_results/20260726_152358_complex_qaware_v018_r3) by extension 'ros'
[1.076s] Level 1:colcon.colcon_core.package_identification:_identify(field_trial_results/20260726_152358_complex_qaware_v018_r3) by extensions ['cmake', 'python']
[1.076s] Level 1:colcon.colcon_core.package_identification:_identify(field_trial_results/20260726_152358_complex_qaware_v018_r3) by extension 'cmake'
[1.076s] Level 1:colcon.colcon_core.package_identification:_identify(field_trial_results/20260726_152358_complex_qaware_v018_r3) by extension 'python'
[1.076s] Level 1:colcon.colcon_core.package_identification:_identify(field_trial_results/20260726_152358_complex_qaware_v018_r3) by extensions ['python_setup_py']
[1.076s] Level 1:colcon.colcon_core.package_identification:_identify(field_trial_results/20260726_152358_complex_qaware_v018_r3) by extension 'python_setup_py'
[1.077s] Level 1:colcon.colcon_core.package_identification:_identify(field_trial_results/20260726_152523_complex_qaware_v018_r4) by extensions ['ignore', 'ignore_ament_install']
[1.077s] Level 1:colcon.colcon_core.package_identification:_identify(field_trial_results/20260726_152523_complex_qaware_v018_r4) by extension 'ignore'
[1.077s] Level 1:colcon.colcon_core.package_identification:_identify(field_trial_results/20260726_152523_complex_qaware_v018_r4) by extension 'ignore_ament_install'
[1.077s] Level 1:colcon.colcon_core.package_identification:_identify(field_trial_results/20260726_152523_complex_qaware_v018_r4) by extensions ['colcon_pkg']
[1.077s] Level 1:colcon.colcon_core.package_identification:_identify(field_trial_results/20260726_152523_complex_qaware_v018_r4) by extension 'colcon_pkg'
[1.077s] Level 1:colcon.colcon_core.package_identification:_identify(field_trial_results/20260726_152523_complex_qaware_v018_r4) by extensions ['colcon_meta']
[1.077s] Level 1:colcon.colcon_core.package_identification:_identify(field_trial_results/20260726_152523_complex_qaware_v018_r4) by extension 'colcon_meta'
[1.077s] Level 1:colcon.colcon_core.package_identification:_identify(field_trial_results/20260726_152523_complex_qaware_v018_r4) by extensions ['ros']
[1.078s] Level 1:colcon.colcon_core.package_identification:_identify(field_trial_results/20260726_152523_complex_qaware_v018_r4) by extension 'ros'
[1.078s] Level 1:colcon.colcon_core.package_identification:_identify(field_trial_results/20260726_152523_complex_qaware_v018_r4) by extensions ['cmake', 'python']
[1.078s] Level 1:colcon.colcon_core.package_identification:_identify(field_trial_results/20260726_152523_complex_qaware_v018_r4) by extension 'cmake'
[1.078s] Level 1:colcon.colcon_core.package_identification:_identify(field_trial_results/20260726_152523_complex_qaware_v018_r4) by extension 'python'
[1.078s] Level 1:colcon.colcon_core.package_identification:_identify(field_trial_results/20260726_152523_complex_qaware_v018_r4) by extensions ['python_setup_py']
[1.078s] Level 1:colcon.colcon_core.package_identification:_identify(field_trial_results/20260726_152523_complex_qaware_v018_r4) by extension 'python_setup_py'
[1.078s] Level 1:colcon.colcon_core.package_identification:_identify(field_trial_results/20260726_152703_complex_qaware_v018_r5) by extensions ['ignore', 'ignore_ament_install']
[1.079s] Level 1:colcon.colcon_core.package_identification:_identify(field_trial_results/20260726_152703_complex_qaware_v018_r5) by extension 'ignore'
[1.079s] Level 1:colcon.colcon_core.package_identification:_identify(field_trial_results/20260726_152703_complex_qaware_v018_r5) by extension 'ignore_ament_install'
[1.079s] Level 1:colcon.colcon_core.package_identification:_identify(field_trial_results/20260726_152703_complex_qaware_v018_r5) by extensions ['colcon_pkg']
[1.079s] Level 1:colcon.colcon_core.package_identification:_identify(field_trial_results/20260726_152703_complex_qaware_v018_r5) by extension 'colcon_pkg'
[1.079s] Level 1:colcon.colcon_core.package_identification:_identify(field_trial_results/20260726_152703_complex_qaware_v018_r5) by extensions ['colcon_meta']
[1.079s] Level 1:colcon.colcon_core.package_identification:_identify(field_trial_results/20260726_152703_complex_qaware_v018_r5) by extension 'colcon_meta'
[1.079s] Level 1:colcon.colcon_core.package_identification:_identify(field_trial_results/20260726_152703_complex_qaware_v018_r5) by extensions ['ros']
[1.079s] Level 1:colcon.colcon_core.package_identification:_identify(field_trial_results/20260726_152703_complex_qaware_v018_r5) by extension 'ros'
[1.080s] Level 1:colcon.colcon_core.package_identification:_identify(field_trial_results/20260726_152703_complex_qaware_v018_r5) by extensions ['cmake', 'python']
[1.080s] Level 1:colcon.colcon_core.package_identification:_identify(field_trial_results/20260726_152703_complex_qaware_v018_r5) by extension 'cmake'
[1.080s] Level 1:colcon.colcon_core.package_identification:_identify(field_trial_results/20260726_152703_complex_qaware_v018_r5) by extension 'python'
[1.080s] Level 1:colcon.colcon_core.package_identification:_identify(field_trial_results/20260726_152703_complex_qaware_v018_r5) by extensions ['python_setup_py']
[1.080s] Level 1:colcon.colcon_core.package_identification:_identify(field_trial_results/20260726_152703_complex_qaware_v018_r5) by extension 'python_setup_py'
[1.080s] Level 1:colcon.colcon_core.package_identification:_identify(field_trial_results/20260726_152937_complex_fixed_v018_r1) by extensions ['ignore', 'ignore_ament_install']
[1.080s] Level 1:colcon.colcon_core.package_identification:_identify(field_trial_results/20260726_152937_complex_fixed_v018_r1) by extension 'ignore'
[1.081s] Level 1:colcon.colcon_core.package_identification:_identify(field_trial_results/20260726_152937_complex_fixed_v018_r1) by extension 'ignore_ament_install'
[1.081s] Level 1:colcon.colcon_core.package_identification:_identify(field_trial_results/20260726_152937_complex_fixed_v018_r1) by extensions ['colcon_pkg']
[1.081s] Level 1:colcon.colcon_core.package_identification:_identify(field_trial_results/20260726_152937_complex_fixed_v018_r1) by extension 'colcon_pkg'
[1.081s] Level 1:colcon.colcon_core.package_identification:_identify(field_trial_results/20260726_152937_complex_fixed_v018_r1) by extensions ['colcon_meta']
[1.081s] Level 1:colcon.colcon_core.package_identification:_identify(field_trial_results/20260726_152937_complex_fixed_v018_r1) by extension 'colcon_meta'
[1.081s] Level 1:colcon.colcon_core.package_identification:_identify(field_trial_results/20260726_152937_complex_fixed_v018_r1) by extensions ['ros']
[1.081s] Level 1:colcon.colcon_core.package_identification:_identify(field_trial_results/20260726_152937_complex_fixed_v018_r1) by extension 'ros'
[1.081s] Level 1:colcon.colcon_core.package_identification:_identify(field_trial_results/20260726_152937_complex_fixed_v018_r1) by extensions ['cmake', 'python']
[1.082s] Level 1:colcon.colcon_core.package_identification:_identify(field_trial_results/20260726_152937_complex_fixed_v018_r1) by extension 'cmake'
[1.082s] Level 1:colcon.colcon_core.package_identification:_identify(field_trial_results/20260726_152937_complex_fixed_v018_r1) by extension 'python'
[1.082s] Level 1:colcon.colcon_core.package_identification:_identify(field_trial_results/20260726_152937_complex_fixed_v018_r1) by extensions ['python_setup_py']
[1.082s] Level 1:colcon.colcon_core.package_identification:_identify(field_trial_results/20260726_152937_complex_fixed_v018_r1) by extension 'python_setup_py'
[1.082s] Level 1:colcon.colcon_core.package_identification:_identify(field_trial_results/20260726_153100_complex_fixed_v018_r2) by extensions ['ignore', 'ignore_ament_install']
[1.082s] Level 1:colcon.colcon_core.package_identification:_identify(field_trial_results/20260726_153100_complex_fixed_v018_r2) by extension 'ignore'
[1.082s] Level 1:colcon.colcon_core.package_identification:_identify(field_trial_results/20260726_153100_complex_fixed_v018_r2) by extension 'ignore_ament_install'
[1.082s] Level 1:colcon.colcon_core.package_identification:_identify(field_trial_results/20260726_153100_complex_fixed_v018_r2) by extensions ['colcon_pkg']
[1.083s] Level 1:colcon.colcon_core.package_identification:_identify(field_trial_results/20260726_153100_complex_fixed_v018_r2) by extension 'colcon_pkg'
[1.083s] Level 1:colcon.colcon_core.package_identification:_identify(field_trial_results/20260726_153100_complex_fixed_v018_r2) by extensions ['colcon_meta']
[1.083s] Level 1:colcon.colcon_core.package_identification:_identify(field_trial_results/20260726_153100_complex_fixed_v018_r2) by extension 'colcon_meta'
[1.083s] Level 1:colcon.colcon_core.package_identification:_identify(field_trial_results/20260726_153100_complex_fixed_v018_r2) by extensions ['ros']
[1.083s] Level 1:colcon.colcon_core.package_identification:_identify(field_trial_results/20260726_153100_complex_fixed_v018_r2) by extension 'ros'
[1.083s] Level 1:colcon.colcon_core.package_identification:_identify(field_trial_results/20260726_153100_complex_fixed_v018_r2) by extensions ['cmake', 'python']
[1.083s] Level 1:colcon.colcon_core.package_identification:_identify(field_trial_results/20260726_153100_complex_fixed_v018_r2) by extension 'cmake'
[1.083s] Level 1:colcon.colcon_core.package_identification:_identify(field_trial_results/20260726_153100_complex_fixed_v018_r2) by extension 'python'
[1.083s] Level 1:colcon.colcon_core.package_identification:_identify(field_trial_results/20260726_153100_complex_fixed_v018_r2) by extensions ['python_setup_py']
[1.083s] Level 1:colcon.colcon_core.package_identification:_identify(field_trial_results/20260726_153100_complex_fixed_v018_r2) by extension 'python_setup_py'
[1.084s] Level 1:colcon.colcon_core.package_identification:_identify(field_trial_results/20260726_153209_complex_fixed_v018_r3) by extensions ['ignore', 'ignore_ament_install']
[1.084s] Level 1:colcon.colcon_core.package_identification:_identify(field_trial_results/20260726_153209_complex_fixed_v018_r3) by extension 'ignore'
[1.084s] Level 1:colcon.colcon_core.package_identification:_identify(field_trial_results/20260726_153209_complex_fixed_v018_r3) by extension 'ignore_ament_install'
[1.084s] Level 1:colcon.colcon_core.package_identification:_identify(field_trial_results/20260726_153209_complex_fixed_v018_r3) by extensions ['colcon_pkg']
[1.084s] Level 1:colcon.colcon_core.package_identification:_identify(field_trial_results/20260726_153209_complex_fixed_v018_r3) by extension 'colcon_pkg'
[1.084s] Level 1:colcon.colcon_core.package_identification:_identify(field_trial_results/20260726_153209_complex_fixed_v018_r3) by extensions ['colcon_meta']
[1.084s] Level 1:colcon.colcon_core.package_identification:_identify(field_trial_results/20260726_153209_complex_fixed_v018_r3) by extension 'colcon_meta'
[1.085s] Level 1:colcon.colcon_core.package_identification:_identify(field_trial_results/20260726_153209_complex_fixed_v018_r3) by extensions ['ros']
[1.085s] Level 1:colcon.colcon_core.package_identification:_identify(field_trial_results/20260726_153209_complex_fixed_v018_r3) by extension 'ros'
[1.085s] Level 1:colcon.colcon_core.package_identification:_identify(field_trial_results/20260726_153209_complex_fixed_v018_r3) by extensions ['cmake', 'python']
[1.085s] Level 1:colcon.colcon_core.package_identification:_identify(field_trial_results/20260726_153209_complex_fixed_v018_r3) by extension 'cmake'
[1.085s] Level 1:colcon.colcon_core.package_identification:_identify(field_trial_results/20260726_153209_complex_fixed_v018_r3) by extension 'python'
[1.085s] Level 1:colcon.colcon_core.package_identification:_identify(field_trial_results/20260726_153209_complex_fixed_v018_r3) by extensions ['python_setup_py']
[1.085s] Level 1:colcon.colcon_core.package_identification:_identify(field_trial_results/20260726_153209_complex_fixed_v018_r3) by extension 'python_setup_py'
[1.085s] Level 1:colcon.colcon_core.package_identification:_identify(field_trial_results/20260726_153321_complex_fixed_v018_r4) by extensions ['ignore', 'ignore_ament_install']
[1.086s] Level 1:colcon.colcon_core.package_identification:_identify(field_trial_results/20260726_153321_complex_fixed_v018_r4) by extension 'ignore'
[1.086s] Level 1:colcon.colcon_core.package_identification:_identify(field_trial_results/20260726_153321_complex_fixed_v018_r4) by extension 'ignore_ament_install'
[1.086s] Level 1:colcon.colcon_core.package_identification:_identify(field_trial_results/20260726_153321_complex_fixed_v018_r4) by extensions ['colcon_pkg']
[1.087s] Level 1:colcon.colcon_core.package_identification:_identify(field_trial_results/20260726_153321_complex_fixed_v018_r4) by extension 'colcon_pkg'
[1.087s] Level 1:colcon.colcon_core.package_identification:_identify(field_trial_results/20260726_153321_complex_fixed_v018_r4) by extensions ['colcon_meta']
[1.087s] Level 1:colcon.colcon_core.package_identification:_identify(field_trial_results/20260726_153321_complex_fixed_v018_r4) by extension 'colcon_meta'
[1.087s] Level 1:colcon.colcon_core.package_identification:_identify(field_trial_results/20260726_153321_complex_fixed_v018_r4) by extensions ['ros']
[1.087s] Level 1:colcon.colcon_core.package_identification:_identify(field_trial_results/20260726_153321_complex_fixed_v018_r4) by extension 'ros'
[1.088s] Level 1:colcon.colcon_core.package_identification:_identify(field_trial_results/20260726_153321_complex_fixed_v018_r4) by extensions ['cmake', 'python']
[1.088s] Level 1:colcon.colcon_core.package_identification:_identify(field_trial_results/20260726_153321_complex_fixed_v018_r4) by extension 'cmake'
[1.088s] Level 1:colcon.colcon_core.package_identification:_identify(field_trial_results/20260726_153321_complex_fixed_v018_r4) by extension 'python'
[1.088s] Level 1:colcon.colcon_core.package_identification:_identify(field_trial_results/20260726_153321_complex_fixed_v018_r4) by extensions ['python_setup_py']
[1.088s] Level 1:colcon.colcon_core.package_identification:_identify(field_trial_results/20260726_153321_complex_fixed_v018_r4) by extension 'python_setup_py'
[1.088s] Level 1:colcon.colcon_core.package_identification:_identify(field_trial_results/20260726_153435_complex_fixed_v018_r5) by extensions ['ignore', 'ignore_ament_install']
[1.089s] Level 1:colcon.colcon_core.package_identification:_identify(field_trial_results/20260726_153435_complex_fixed_v018_r5) by extension 'ignore'
[1.089s] Level 1:colcon.colcon_core.package_identification:_identify(field_trial_results/20260726_153435_complex_fixed_v018_r5) by extension 'ignore_ament_install'
[1.089s] Level 1:colcon.colcon_core.package_identification:_identify(field_trial_results/20260726_153435_complex_fixed_v018_r5) by extensions ['colcon_pkg']
[1.089s] Level 1:colcon.colcon_core.package_identification:_identify(field_trial_results/20260726_153435_complex_fixed_v018_r5) by extension 'colcon_pkg'
[1.089s] Level 1:colcon.colcon_core.package_identification:_identify(field_trial_results/20260726_153435_complex_fixed_v018_r5) by extensions ['colcon_meta']
[1.089s] Level 1:colcon.colcon_core.package_identification:_identify(field_trial_results/20260726_153435_complex_fixed_v018_r5) by extension 'colcon_meta'
[1.089s] Level 1:colcon.colcon_core.package_identification:_identify(field_trial_results/20260726_153435_complex_fixed_v018_r5) by extensions ['ros']
[1.089s] Level 1:colcon.colcon_core.package_identification:_identify(field_trial_results/20260726_153435_complex_fixed_v018_r5) by extension 'ros'
[1.089s] Level 1:colcon.colcon_core.package_identification:_identify(field_trial_results/20260726_153435_complex_fixed_v018_r5) by extensions ['cmake', 'python']
[1.090s] Level 1:colcon.colcon_core.package_identification:_identify(field_trial_results/20260726_153435_complex_fixed_v018_r5) by extension 'cmake'
[1.090s] Level 1:colcon.colcon_core.package_identification:_identify(field_trial_results/20260726_153435_complex_fixed_v018_r5) by extension 'python'
[1.090s] Level 1:colcon.colcon_core.package_identification:_identify(field_trial_results/20260726_153435_complex_fixed_v018_r5) by extensions ['python_setup_py']
[1.090s] Level 1:colcon.colcon_core.package_identification:_identify(field_trial_results/20260726_153435_complex_fixed_v018_r5) by extension 'python_setup_py'
[1.090s] Level 1:colcon.colcon_core.package_identification:_identify(h30_test_01_static) by extensions ['ignore', 'ignore_ament_install']
[1.090s] Level 1:colcon.colcon_core.package_identification:_identify(h30_test_01_static) by extension 'ignore'
[1.090s] Level 1:colcon.colcon_core.package_identification:_identify(h30_test_01_static) by extension 'ignore_ament_install'
[1.091s] Level 1:colcon.colcon_core.package_identification:_identify(h30_test_01_static) by extensions ['colcon_pkg']
[1.091s] Level 1:colcon.colcon_core.package_identification:_identify(h30_test_01_static) by extension 'colcon_pkg'
[1.091s] Level 1:colcon.colcon_core.package_identification:_identify(h30_test_01_static) by extensions ['colcon_meta']
[1.091s] Level 1:colcon.colcon_core.package_identification:_identify(h30_test_01_static) by extension 'colcon_meta'
[1.091s] Level 1:colcon.colcon_core.package_identification:_identify(h30_test_01_static) by extensions ['ros']
[1.091s] Level 1:colcon.colcon_core.package_identification:_identify(h30_test_01_static) by extension 'ros'
[1.091s] Level 1:colcon.colcon_core.package_identification:_identify(h30_test_01_static) by extensions ['cmake', 'python']
[1.091s] Level 1:colcon.colcon_core.package_identification:_identify(h30_test_01_static) by extension 'cmake'
[1.091s] Level 1:colcon.colcon_core.package_identification:_identify(h30_test_01_static) by extension 'python'
[1.091s] Level 1:colcon.colcon_core.package_identification:_identify(h30_test_01_static) by extensions ['python_setup_py']
[1.092s] Level 1:colcon.colcon_core.package_identification:_identify(h30_test_01_static) by extension 'python_setup_py'
[1.092s] Level 1:colcon.colcon_core.package_identification:_identify(h30_test_01_static_fastlio) by extensions ['ignore', 'ignore_ament_install']
[1.092s] Level 1:colcon.colcon_core.package_identification:_identify(h30_test_01_static_fastlio) by extension 'ignore'
[1.092s] Level 1:colcon.colcon_core.package_identification:_identify(h30_test_01_static_fastlio) by extension 'ignore_ament_install'
[1.092s] Level 1:colcon.colcon_core.package_identification:_identify(h30_test_01_static_fastlio) by extensions ['colcon_pkg']
[1.092s] Level 1:colcon.colcon_core.package_identification:_identify(h30_test_01_static_fastlio) by extension 'colcon_pkg'
[1.092s] Level 1:colcon.colcon_core.package_identification:_identify(h30_test_01_static_fastlio) by extensions ['colcon_meta']
[1.092s] Level 1:colcon.colcon_core.package_identification:_identify(h30_test_01_static_fastlio) by extension 'colcon_meta'
[1.093s] Level 1:colcon.colcon_core.package_identification:_identify(h30_test_01_static_fastlio) by extensions ['ros']
[1.093s] Level 1:colcon.colcon_core.package_identification:_identify(h30_test_01_static_fastlio) by extension 'ros'
[1.093s] Level 1:colcon.colcon_core.package_identification:_identify(h30_test_01_static_fastlio) by extensions ['cmake', 'python']
[1.093s] Level 1:colcon.colcon_core.package_identification:_identify(h30_test_01_static_fastlio) by extension 'cmake'
[1.093s] Level 1:colcon.colcon_core.package_identification:_identify(h30_test_01_static_fastlio) by extension 'python'
[1.093s] Level 1:colcon.colcon_core.package_identification:_identify(h30_test_01_static_fastlio) by extensions ['python_setup_py']
[1.093s] Level 1:colcon.colcon_core.package_identification:_identify(h30_test_01_static_fastlio) by extension 'python_setup_py'
[1.093s] Level 1:colcon.colcon_core.package_identification:_identify(h30_test_02_turn_90_fastlio) by extensions ['ignore', 'ignore_ament_install']
[1.094s] Level 1:colcon.colcon_core.package_identification:_identify(h30_test_02_turn_90_fastlio) by extension 'ignore'
[1.094s] Level 1:colcon.colcon_core.package_identification:_identify(h30_test_02_turn_90_fastlio) by extension 'ignore_ament_install'
[1.094s] Level 1:colcon.colcon_core.package_identification:_identify(h30_test_02_turn_90_fastlio) by extensions ['colcon_pkg']
[1.094s] Level 1:colcon.colcon_core.package_identification:_identify(h30_test_02_turn_90_fastlio) by extension 'colcon_pkg'
[1.094s] Level 1:colcon.colcon_core.package_identification:_identify(h30_test_02_turn_90_fastlio) by extensions ['colcon_meta']
[1.094s] Level 1:colcon.colcon_core.package_identification:_identify(h30_test_02_turn_90_fastlio) by extension 'colcon_meta'
[1.094s] Level 1:colcon.colcon_core.package_identification:_identify(h30_test_02_turn_90_fastlio) by extensions ['ros']
[1.094s] Level 1:colcon.colcon_core.package_identification:_identify(h30_test_02_turn_90_fastlio) by extension 'ros'
[1.094s] Level 1:colcon.colcon_core.package_identification:_identify(h30_test_02_turn_90_fastlio) by extensions ['cmake', 'python']
[1.095s] Level 1:colcon.colcon_core.package_identification:_identify(h30_test_02_turn_90_fastlio) by extension 'cmake'
[1.095s] Level 1:colcon.colcon_core.package_identification:_identify(h30_test_02_turn_90_fastlio) by extension 'python'
[1.095s] Level 1:colcon.colcon_core.package_identification:_identify(h30_test_02_turn_90_fastlio) by extensions ['python_setup_py']
[1.095s] Level 1:colcon.colcon_core.package_identification:_identify(h30_test_02_turn_90_fastlio) by extension 'python_setup_py'
[1.095s] Level 1:colcon.colcon_core.package_identification:_identify(h30_test_03_blocked_wheel_spin_fastlio) by extensions ['ignore', 'ignore_ament_install']
[1.095s] Level 1:colcon.colcon_core.package_identification:_identify(h30_test_03_blocked_wheel_spin_fastlio) by extension 'ignore'
[1.095s] Level 1:colcon.colcon_core.package_identification:_identify(h30_test_03_blocked_wheel_spin_fastlio) by extension 'ignore_ament_install'
[1.095s] Level 1:colcon.colcon_core.package_identification:_identify(h30_test_03_blocked_wheel_spin_fastlio) by extensions ['colcon_pkg']
[1.096s] Level 1:colcon.colcon_core.package_identification:_identify(h30_test_03_blocked_wheel_spin_fastlio) by extension 'colcon_pkg'
[1.096s] Level 1:colcon.colcon_core.package_identification:_identify(h30_test_03_blocked_wheel_spin_fastlio) by extensions ['colcon_meta']
[1.096s] Level 1:colcon.colcon_core.package_identification:_identify(h30_test_03_blocked_wheel_spin_fastlio) by extension 'colcon_meta'
[1.096s] Level 1:colcon.colcon_core.package_identification:_identify(h30_test_03_blocked_wheel_spin_fastlio) by extensions ['ros']
[1.096s] Level 1:colcon.colcon_core.package_identification:_identify(h30_test_03_blocked_wheel_spin_fastlio) by extension 'ros'
[1.096s] Level 1:colcon.colcon_core.package_identification:_identify(h30_test_03_blocked_wheel_spin_fastlio) by extensions ['cmake', 'python']
[1.096s] Level 1:colcon.colcon_core.package_identification:_identify(h30_test_03_blocked_wheel_spin_fastlio) by extension 'cmake'
[1.096s] Level 1:colcon.colcon_core.package_identification:_identify(h30_test_03_blocked_wheel_spin_fastlio) by extension 'python'
[1.096s] Level 1:colcon.colcon_core.package_identification:_identify(h30_test_03_blocked_wheel_spin_fastlio) by extensions ['python_setup_py']
[1.096s] Level 1:colcon.colcon_core.package_identification:_identify(h30_test_03_blocked_wheel_spin_fastlio) by extension 'python_setup_py'
[1.097s] Level 1:colcon.colcon_core.package_identification:_identify(h30_test_04_normal_forward_fastlio) by extensions ['ignore', 'ignore_ament_install']
[1.097s] Level 1:colcon.colcon_core.package_identification:_identify(h30_test_04_normal_forward_fastlio) by extension 'ignore'
[1.097s] Level 1:colcon.colcon_core.package_identification:_identify(h30_test_04_normal_forward_fastlio) by extension 'ignore_ament_install'
[1.097s] Level 1:colcon.colcon_core.package_identification:_identify(h30_test_04_normal_forward_fastlio) by extensions ['colcon_pkg']
[1.097s] Level 1:colcon.colcon_core.package_identification:_identify(h30_test_04_normal_forward_fastlio) by extension 'colcon_pkg'
[1.097s] Level 1:colcon.colcon_core.package_identification:_identify(h30_test_04_normal_forward_fastlio) by extensions ['colcon_meta']
[1.097s] Level 1:colcon.colcon_core.package_identification:_identify(h30_test_04_normal_forward_fastlio) by extension 'colcon_meta'
[1.097s] Level 1:colcon.colcon_core.package_identification:_identify(h30_test_04_normal_forward_fastlio) by extensions ['ros']
[1.098s] Level 1:colcon.colcon_core.package_identification:_identify(h30_test_04_normal_forward_fastlio) by extension 'ros'
[1.098s] Level 1:colcon.colcon_core.package_identification:_identify(h30_test_04_normal_forward_fastlio) by extensions ['cmake', 'python']
[1.098s] Level 1:colcon.colcon_core.package_identification:_identify(h30_test_04_normal_forward_fastlio) by extension 'cmake'
[1.098s] Level 1:colcon.colcon_core.package_identification:_identify(h30_test_04_normal_forward_fastlio) by extension 'python'
[1.098s] Level 1:colcon.colcon_core.package_identification:_identify(h30_test_04_normal_forward_fastlio) by extensions ['python_setup_py']
[1.098s] Level 1:colcon.colcon_core.package_identification:_identify(h30_test_04_normal_forward_fastlio) by extension 'python_setup_py'
[1.098s] Level 1:colcon.colcon_core.package_identification:_identify(install) by extensions ['ignore', 'ignore_ament_install']
[1.099s] Level 1:colcon.colcon_core.package_identification:_identify(install) by extension 'ignore'
[1.099s] Level 1:colcon.colcon_core.package_identification:_identify(install) ignored
[1.099s] Level 1:colcon.colcon_core.package_identification:_identify(log) by extensions ['ignore', 'ignore_ament_install']
[1.100s] Level 1:colcon.colcon_core.package_identification:_identify(log) by extension 'ignore'
[1.100s] Level 1:colcon.colcon_core.package_identification:_identify(log) ignored
[1.100s] Level 1:colcon.colcon_core.package_identification:_identify(pid_tracking_results) by extensions ['ignore', 'ignore_ament_install']
[1.100s] Level 1:colcon.colcon_core.package_identification:_identify(pid_tracking_results) by extension 'ignore'
[1.100s] Level 1:colcon.colcon_core.package_identification:_identify(pid_tracking_results) by extension 'ignore_ament_install'
[1.100s] Level 1:colcon.colcon_core.package_identification:_identify(pid_tracking_results) by extensions ['colcon_pkg']
[1.100s] Level 1:colcon.colcon_core.package_identification:_identify(pid_tracking_results) by extension 'colcon_pkg'
[1.101s] Level 1:colcon.colcon_core.package_identification:_identify(pid_tracking_results) by extensions ['colcon_meta']
[1.101s] Level 1:colcon.colcon_core.package_identification:_identify(pid_tracking_results) by extension 'colcon_meta'
[1.101s] Level 1:colcon.colcon_core.package_identification:_identify(pid_tracking_results) by extensions ['ros']
[1.101s] Level 1:colcon.colcon_core.package_identification:_identify(pid_tracking_results) by extension 'ros'
[1.101s] Level 1:colcon.colcon_core.package_identification:_identify(pid_tracking_results) by extensions ['cmake', 'python']
[1.101s] Level 1:colcon.colcon_core.package_identification:_identify(pid_tracking_results) by extension 'cmake'
[1.101s] Level 1:colcon.colcon_core.package_identification:_identify(pid_tracking_results) by extension 'python'
[1.101s] Level 1:colcon.colcon_core.package_identification:_identify(pid_tracking_results) by extensions ['python_setup_py']
[1.101s] Level 1:colcon.colcon_core.package_identification:_identify(pid_tracking_results) by extension 'python_setup_py'
[1.102s] Level 1:colcon.colcon_core.package_identification:_identify(pid_tracking_results/run_20260724_231208) by extensions ['ignore', 'ignore_ament_install']
[1.102s] Level 1:colcon.colcon_core.package_identification:_identify(pid_tracking_results/run_20260724_231208) by extension 'ignore'
[1.102s] Level 1:colcon.colcon_core.package_identification:_identify(pid_tracking_results/run_20260724_231208) by extension 'ignore_ament_install'
[1.102s] Level 1:colcon.colcon_core.package_identification:_identify(pid_tracking_results/run_20260724_231208) by extensions ['colcon_pkg']
[1.102s] Level 1:colcon.colcon_core.package_identification:_identify(pid_tracking_results/run_20260724_231208) by extension 'colcon_pkg'
[1.102s] Level 1:colcon.colcon_core.package_identification:_identify(pid_tracking_results/run_20260724_231208) by extensions ['colcon_meta']
[1.102s] Level 1:colcon.colcon_core.package_identification:_identify(pid_tracking_results/run_20260724_231208) by extension 'colcon_meta'
[1.103s] Level 1:colcon.colcon_core.package_identification:_identify(pid_tracking_results/run_20260724_231208) by extensions ['ros']
[1.103s] Level 1:colcon.colcon_core.package_identification:_identify(pid_tracking_results/run_20260724_231208) by extension 'ros'
[1.103s] Level 1:colcon.colcon_core.package_identification:_identify(pid_tracking_results/run_20260724_231208) by extensions ['cmake', 'python']
[1.103s] Level 1:colcon.colcon_core.package_identification:_identify(pid_tracking_results/run_20260724_231208) by extension 'cmake'
[1.103s] Level 1:colcon.colcon_core.package_identification:_identify(pid_tracking_results/run_20260724_231208) by extension 'python'
[1.103s] Level 1:colcon.colcon_core.package_identification:_identify(pid_tracking_results/run_20260724_231208) by extensions ['python_setup_py']
[1.103s] Level 1:colcon.colcon_core.package_identification:_identify(pid_tracking_results/run_20260724_231208) by extension 'python_setup_py'
[1.103s] Level 1:colcon.colcon_core.package_identification:_identify(pid_tracking_results/run_20260724_231928) by extensions ['ignore', 'ignore_ament_install']
[1.104s] Level 1:colcon.colcon_core.package_identification:_identify(pid_tracking_results/run_20260724_231928) by extension 'ignore'
[1.104s] Level 1:colcon.colcon_core.package_identification:_identify(pid_tracking_results/run_20260724_231928) by extension 'ignore_ament_install'
[1.104s] Level 1:colcon.colcon_core.package_identification:_identify(pid_tracking_results/run_20260724_231928) by extensions ['colcon_pkg']
[1.104s] Level 1:colcon.colcon_core.package_identification:_identify(pid_tracking_results/run_20260724_231928) by extension 'colcon_pkg'
[1.104s] Level 1:colcon.colcon_core.package_identification:_identify(pid_tracking_results/run_20260724_231928) by extensions ['colcon_meta']
[1.104s] Level 1:colcon.colcon_core.package_identification:_identify(pid_tracking_results/run_20260724_231928) by extension 'colcon_meta'
[1.104s] Level 1:colcon.colcon_core.package_identification:_identify(pid_tracking_results/run_20260724_231928) by extensions ['ros']
[1.104s] Level 1:colcon.colcon_core.package_identification:_identify(pid_tracking_results/run_20260724_231928) by extension 'ros'
[1.105s] Level 1:colcon.colcon_core.package_identification:_identify(pid_tracking_results/run_20260724_231928) by extensions ['cmake', 'python']
[1.105s] Level 1:colcon.colcon_core.package_identification:_identify(pid_tracking_results/run_20260724_231928) by extension 'cmake'
[1.105s] Level 1:colcon.colcon_core.package_identification:_identify(pid_tracking_results/run_20260724_231928) by extension 'python'
[1.105s] Level 1:colcon.colcon_core.package_identification:_identify(pid_tracking_results/run_20260724_231928) by extensions ['python_setup_py']
[1.105s] Level 1:colcon.colcon_core.package_identification:_identify(pid_tracking_results/run_20260724_231928) by extension 'python_setup_py'
[1.105s] Level 1:colcon.colcon_core.package_identification:_identify(pid_tracking_results/run_20260724_232126) by extensions ['ignore', 'ignore_ament_install']
[1.105s] Level 1:colcon.colcon_core.package_identification:_identify(pid_tracking_results/run_20260724_232126) by extension 'ignore'
[1.106s] Level 1:colcon.colcon_core.package_identification:_identify(pid_tracking_results/run_20260724_232126) by extension 'ignore_ament_install'
[1.106s] Level 1:colcon.colcon_core.package_identification:_identify(pid_tracking_results/run_20260724_232126) by extensions ['colcon_pkg']
[1.106s] Level 1:colcon.colcon_core.package_identification:_identify(pid_tracking_results/run_20260724_232126) by extension 'colcon_pkg'
[1.106s] Level 1:colcon.colcon_core.package_identification:_identify(pid_tracking_results/run_20260724_232126) by extensions ['colcon_meta']
[1.106s] Level 1:colcon.colcon_core.package_identification:_identify(pid_tracking_results/run_20260724_232126) by extension 'colcon_meta'
[1.106s] Level 1:colcon.colcon_core.package_identification:_identify(pid_tracking_results/run_20260724_232126) by extensions ['ros']
[1.106s] Level 1:colcon.colcon_core.package_identification:_identify(pid_tracking_results/run_20260724_232126) by extension 'ros'
[1.106s] Level 1:colcon.colcon_core.package_identification:_identify(pid_tracking_results/run_20260724_232126) by extensions ['cmake', 'python']
[1.106s] Level 1:colcon.colcon_core.package_identification:_identify(pid_tracking_results/run_20260724_232126) by extension 'cmake'
[1.107s] Level 1:colcon.colcon_core.package_identification:_identify(pid_tracking_results/run_20260724_232126) by extension 'python'
[1.107s] Level 1:colcon.colcon_core.package_identification:_identify(pid_tracking_results/run_20260724_232126) by extensions ['python_setup_py']
[1.107s] Level 1:colcon.colcon_core.package_identification:_identify(pid_tracking_results/run_20260724_232126) by extension 'python_setup_py'
[1.107s] Level 1:colcon.colcon_core.package_identification:_identify(pid_tracking_results/run_20260725_102724) by extensions ['ignore', 'ignore_ament_install']
[1.107s] Level 1:colcon.colcon_core.package_identification:_identify(pid_tracking_results/run_20260725_102724) by extension 'ignore'
[1.107s] Level 1:colcon.colcon_core.package_identification:_identify(pid_tracking_results/run_20260725_102724) by extension 'ignore_ament_install'
[1.107s] Level 1:colcon.colcon_core.package_identification:_identify(pid_tracking_results/run_20260725_102724) by extensions ['colcon_pkg']
[1.107s] Level 1:colcon.colcon_core.package_identification:_identify(pid_tracking_results/run_20260725_102724) by extension 'colcon_pkg'
[1.108s] Level 1:colcon.colcon_core.package_identification:_identify(pid_tracking_results/run_20260725_102724) by extensions ['colcon_meta']
[1.108s] Level 1:colcon.colcon_core.package_identification:_identify(pid_tracking_results/run_20260725_102724) by extension 'colcon_meta'
[1.108s] Level 1:colcon.colcon_core.package_identification:_identify(pid_tracking_results/run_20260725_102724) by extensions ['ros']
[1.108s] Level 1:colcon.colcon_core.package_identification:_identify(pid_tracking_results/run_20260725_102724) by extension 'ros'
[1.108s] Level 1:colcon.colcon_core.package_identification:_identify(pid_tracking_results/run_20260725_102724) by extensions ['cmake', 'python']
[1.108s] Level 1:colcon.colcon_core.package_identification:_identify(pid_tracking_results/run_20260725_102724) by extension 'cmake'
[1.108s] Level 1:colcon.colcon_core.package_identification:_identify(pid_tracking_results/run_20260725_102724) by extension 'python'
[1.108s] Level 1:colcon.colcon_core.package_identification:_identify(pid_tracking_results/run_20260725_102724) by extensions ['python_setup_py']
[1.108s] Level 1:colcon.colcon_core.package_identification:_identify(pid_tracking_results/run_20260725_102724) by extension 'python_setup_py'
[1.109s] Level 1:colcon.colcon_core.package_identification:_identify(pid_tracking_results/run_20260725_102918) by extensions ['ignore', 'ignore_ament_install']
[1.109s] Level 1:colcon.colcon_core.package_identification:_identify(pid_tracking_results/run_20260725_102918) by extension 'ignore'
[1.109s] Level 1:colcon.colcon_core.package_identification:_identify(pid_tracking_results/run_20260725_102918) by extension 'ignore_ament_install'
[1.109s] Level 1:colcon.colcon_core.package_identification:_identify(pid_tracking_results/run_20260725_102918) by extensions ['colcon_pkg']
[1.109s] Level 1:colcon.colcon_core.package_identification:_identify(pid_tracking_results/run_20260725_102918) by extension 'colcon_pkg'
[1.109s] Level 1:colcon.colcon_core.package_identification:_identify(pid_tracking_results/run_20260725_102918) by extensions ['colcon_meta']
[1.109s] Level 1:colcon.colcon_core.package_identification:_identify(pid_tracking_results/run_20260725_102918) by extension 'colcon_meta'
[1.109s] Level 1:colcon.colcon_core.package_identification:_identify(pid_tracking_results/run_20260725_102918) by extensions ['ros']
[1.109s] Level 1:colcon.colcon_core.package_identification:_identify(pid_tracking_results/run_20260725_102918) by extension 'ros'
[1.110s] Level 1:colcon.colcon_core.package_identification:_identify(pid_tracking_results/run_20260725_102918) by extensions ['cmake', 'python']
[1.110s] Level 1:colcon.colcon_core.package_identification:_identify(pid_tracking_results/run_20260725_102918) by extension 'cmake'
[1.110s] Level 1:colcon.colcon_core.package_identification:_identify(pid_tracking_results/run_20260725_102918) by extension 'python'
[1.110s] Level 1:colcon.colcon_core.package_identification:_identify(pid_tracking_results/run_20260725_102918) by extensions ['python_setup_py']
[1.110s] Level 1:colcon.colcon_core.package_identification:_identify(pid_tracking_results/run_20260725_102918) by extension 'python_setup_py'
[1.110s] Level 1:colcon.colcon_core.package_identification:_identify(pid_tracking_results/run_20260725_103259) by extensions ['ignore', 'ignore_ament_install']
[1.110s] Level 1:colcon.colcon_core.package_identification:_identify(pid_tracking_results/run_20260725_103259) by extension 'ignore'
[1.110s] Level 1:colcon.colcon_core.package_identification:_identify(pid_tracking_results/run_20260725_103259) by extension 'ignore_ament_install'
[1.111s] Level 1:colcon.colcon_core.package_identification:_identify(pid_tracking_results/run_20260725_103259) by extensions ['colcon_pkg']
[1.111s] Level 1:colcon.colcon_core.package_identification:_identify(pid_tracking_results/run_20260725_103259) by extension 'colcon_pkg'
[1.111s] Level 1:colcon.colcon_core.package_identification:_identify(pid_tracking_results/run_20260725_103259) by extensions ['colcon_meta']
[1.111s] Level 1:colcon.colcon_core.package_identification:_identify(pid_tracking_results/run_20260725_103259) by extension 'colcon_meta'
[1.111s] Level 1:colcon.colcon_core.package_identification:_identify(pid_tracking_results/run_20260725_103259) by extensions ['ros']
[1.111s] Level 1:colcon.colcon_core.package_identification:_identify(pid_tracking_results/run_20260725_103259) by extension 'ros'
[1.111s] Level 1:colcon.colcon_core.package_identification:_identify(pid_tracking_results/run_20260725_103259) by extensions ['cmake', 'python']
[1.111s] Level 1:colcon.colcon_core.package_identification:_identify(pid_tracking_results/run_20260725_103259) by extension 'cmake'
[1.111s] Level 1:colcon.colcon_core.package_identification:_identify(pid_tracking_results/run_20260725_103259) by extension 'python'
[1.112s] Level 1:colcon.colcon_core.package_identification:_identify(pid_tracking_results/run_20260725_103259) by extensions ['python_setup_py']
[1.112s] Level 1:colcon.colcon_core.package_identification:_identify(pid_tracking_results/run_20260725_103259) by extension 'python_setup_py'
[1.112s] Level 1:colcon.colcon_core.package_identification:_identify(pid_tracking_results/run_20260725_103504) by extensions ['ignore', 'ignore_ament_install']
[1.112s] Level 1:colcon.colcon_core.package_identification:_identify(pid_tracking_results/run_20260725_103504) by extension 'ignore'
[1.112s] Level 1:colcon.colcon_core.package_identification:_identify(pid_tracking_results/run_20260725_103504) by extension 'ignore_ament_install'
[1.112s] Level 1:colcon.colcon_core.package_identification:_identify(pid_tracking_results/run_20260725_103504) by extensions ['colcon_pkg']
[1.112s] Level 1:colcon.colcon_core.package_identification:_identify(pid_tracking_results/run_20260725_103504) by extension 'colcon_pkg'
[1.112s] Level 1:colcon.colcon_core.package_identification:_identify(pid_tracking_results/run_20260725_103504) by extensions ['colcon_meta']
[1.113s] Level 1:colcon.colcon_core.package_identification:_identify(pid_tracking_results/run_20260725_103504) by extension 'colcon_meta'
[1.113s] Level 1:colcon.colcon_core.package_identification:_identify(pid_tracking_results/run_20260725_103504) by extensions ['ros']
[1.113s] Level 1:colcon.colcon_core.package_identification:_identify(pid_tracking_results/run_20260725_103504) by extension 'ros'
[1.113s] Level 1:colcon.colcon_core.package_identification:_identify(pid_tracking_results/run_20260725_103504) by extensions ['cmake', 'python']
[1.113s] Level 1:colcon.colcon_core.package_identification:_identify(pid_tracking_results/run_20260725_103504) by extension 'cmake'
[1.113s] Level 1:colcon.colcon_core.package_identification:_identify(pid_tracking_results/run_20260725_103504) by extension 'python'
[1.113s] Level 1:colcon.colcon_core.package_identification:_identify(pid_tracking_results/run_20260725_103504) by extensions ['python_setup_py']
[1.113s] Level 1:colcon.colcon_core.package_identification:_identify(pid_tracking_results/run_20260725_103504) by extension 'python_setup_py'
[1.113s] Level 1:colcon.colcon_core.package_identification:_identify(pid_tracking_results/run_20260725_103625) by extensions ['ignore', 'ignore_ament_install']
[1.114s] Level 1:colcon.colcon_core.package_identification:_identify(pid_tracking_results/run_20260725_103625) by extension 'ignore'
[1.114s] Level 1:colcon.colcon_core.package_identification:_identify(pid_tracking_results/run_20260725_103625) by extension 'ignore_ament_install'
[1.114s] Level 1:colcon.colcon_core.package_identification:_identify(pid_tracking_results/run_20260725_103625) by extensions ['colcon_pkg']
[1.114s] Level 1:colcon.colcon_core.package_identification:_identify(pid_tracking_results/run_20260725_103625) by extension 'colcon_pkg'
[1.114s] Level 1:colcon.colcon_core.package_identification:_identify(pid_tracking_results/run_20260725_103625) by extensions ['colcon_meta']
[1.114s] Level 1:colcon.colcon_core.package_identification:_identify(pid_tracking_results/run_20260725_103625) by extension 'colcon_meta'
[1.114s] Level 1:colcon.colcon_core.package_identification:_identify(pid_tracking_results/run_20260725_103625) by extensions ['ros']
[1.114s] Level 1:colcon.colcon_core.package_identification:_identify(pid_tracking_results/run_20260725_103625) by extension 'ros'
[1.115s] Level 1:colcon.colcon_core.package_identification:_identify(pid_tracking_results/run_20260725_103625) by extensions ['cmake', 'python']
[1.115s] Level 1:colcon.colcon_core.package_identification:_identify(pid_tracking_results/run_20260725_103625) by extension 'cmake'
[1.115s] Level 1:colcon.colcon_core.package_identification:_identify(pid_tracking_results/run_20260725_103625) by extension 'python'
[1.115s] Level 1:colcon.colcon_core.package_identification:_identify(pid_tracking_results/run_20260725_103625) by extensions ['python_setup_py']
[1.115s] Level 1:colcon.colcon_core.package_identification:_identify(pid_tracking_results/run_20260725_103625) by extension 'python_setup_py'
[1.115s] Level 1:colcon.colcon_core.package_identification:_identify(pid_tracking_results/run_20260725_103940) by extensions ['ignore', 'ignore_ament_install']
[1.115s] Level 1:colcon.colcon_core.package_identification:_identify(pid_tracking_results/run_20260725_103940) by extension 'ignore'
[1.115s] Level 1:colcon.colcon_core.package_identification:_identify(pid_tracking_results/run_20260725_103940) by extension 'ignore_ament_install'
[1.116s] Level 1:colcon.colcon_core.package_identification:_identify(pid_tracking_results/run_20260725_103940) by extensions ['colcon_pkg']
[1.116s] Level 1:colcon.colcon_core.package_identification:_identify(pid_tracking_results/run_20260725_103940) by extension 'colcon_pkg'
[1.116s] Level 1:colcon.colcon_core.package_identification:_identify(pid_tracking_results/run_20260725_103940) by extensions ['colcon_meta']
[1.116s] Level 1:colcon.colcon_core.package_identification:_identify(pid_tracking_results/run_20260725_103940) by extension 'colcon_meta'
[1.116s] Level 1:colcon.colcon_core.package_identification:_identify(pid_tracking_results/run_20260725_103940) by extensions ['ros']
[1.116s] Level 1:colcon.colcon_core.package_identification:_identify(pid_tracking_results/run_20260725_103940) by extension 'ros'
[1.116s] Level 1:colcon.colcon_core.package_identification:_identify(pid_tracking_results/run_20260725_103940) by extensions ['cmake', 'python']
[1.116s] Level 1:colcon.colcon_core.package_identification:_identify(pid_tracking_results/run_20260725_103940) by extension 'cmake'
[1.116s] Level 1:colcon.colcon_core.package_identification:_identify(pid_tracking_results/run_20260725_103940) by extension 'python'
[1.116s] Level 1:colcon.colcon_core.package_identification:_identify(pid_tracking_results/run_20260725_103940) by extensions ['python_setup_py']
[1.117s] Level 1:colcon.colcon_core.package_identification:_identify(pid_tracking_results/run_20260725_103940) by extension 'python_setup_py'
[1.117s] Level 1:colcon.colcon_core.package_identification:_identify(pid_tracking_results/run_20260725_104029) by extensions ['ignore', 'ignore_ament_install']
[1.117s] Level 1:colcon.colcon_core.package_identification:_identify(pid_tracking_results/run_20260725_104029) by extension 'ignore'
[1.117s] Level 1:colcon.colcon_core.package_identification:_identify(pid_tracking_results/run_20260725_104029) by extension 'ignore_ament_install'
[1.117s] Level 1:colcon.colcon_core.package_identification:_identify(pid_tracking_results/run_20260725_104029) by extensions ['colcon_pkg']
[1.117s] Level 1:colcon.colcon_core.package_identification:_identify(pid_tracking_results/run_20260725_104029) by extension 'colcon_pkg'
[1.117s] Level 1:colcon.colcon_core.package_identification:_identify(pid_tracking_results/run_20260725_104029) by extensions ['colcon_meta']
[1.117s] Level 1:colcon.colcon_core.package_identification:_identify(pid_tracking_results/run_20260725_104029) by extension 'colcon_meta'
[1.118s] Level 1:colcon.colcon_core.package_identification:_identify(pid_tracking_results/run_20260725_104029) by extensions ['ros']
[1.118s] Level 1:colcon.colcon_core.package_identification:_identify(pid_tracking_results/run_20260725_104029) by extension 'ros'
[1.118s] Level 1:colcon.colcon_core.package_identification:_identify(pid_tracking_results/run_20260725_104029) by extensions ['cmake', 'python']
[1.118s] Level 1:colcon.colcon_core.package_identification:_identify(pid_tracking_results/run_20260725_104029) by extension 'cmake'
[1.118s] Level 1:colcon.colcon_core.package_identification:_identify(pid_tracking_results/run_20260725_104029) by extension 'python'
[1.118s] Level 1:colcon.colcon_core.package_identification:_identify(pid_tracking_results/run_20260725_104029) by extensions ['python_setup_py']
[1.118s] Level 1:colcon.colcon_core.package_identification:_identify(pid_tracking_results/run_20260725_104029) by extension 'python_setup_py'
[1.118s] Level 1:colcon.colcon_core.package_identification:_identify(pid_tracking_results/run_20260725_104852) by extensions ['ignore', 'ignore_ament_install']
[1.119s] Level 1:colcon.colcon_core.package_identification:_identify(pid_tracking_results/run_20260725_104852) by extension 'ignore'
[1.119s] Level 1:colcon.colcon_core.package_identification:_identify(pid_tracking_results/run_20260725_104852) by extension 'ignore_ament_install'
[1.119s] Level 1:colcon.colcon_core.package_identification:_identify(pid_tracking_results/run_20260725_104852) by extensions ['colcon_pkg']
[1.119s] Level 1:colcon.colcon_core.package_identification:_identify(pid_tracking_results/run_20260725_104852) by extension 'colcon_pkg'
[1.119s] Level 1:colcon.colcon_core.package_identification:_identify(pid_tracking_results/run_20260725_104852) by extensions ['colcon_meta']
[1.119s] Level 1:colcon.colcon_core.package_identification:_identify(pid_tracking_results/run_20260725_104852) by extension 'colcon_meta'
[1.119s] Level 1:colcon.colcon_core.package_identification:_identify(pid_tracking_results/run_20260725_104852) by extensions ['ros']
[1.119s] Level 1:colcon.colcon_core.package_identification:_identify(pid_tracking_results/run_20260725_104852) by extension 'ros'
[1.119s] Level 1:colcon.colcon_core.package_identification:_identify(pid_tracking_results/run_20260725_104852) by extensions ['cmake', 'python']
[1.120s] Level 1:colcon.colcon_core.package_identification:_identify(pid_tracking_results/run_20260725_104852) by extension 'cmake'
[1.120s] Level 1:colcon.colcon_core.package_identification:_identify(pid_tracking_results/run_20260725_104852) by extension 'python'
[1.120s] Level 1:colcon.colcon_core.package_identification:_identify(pid_tracking_results/run_20260725_104852) by extensions ['python_setup_py']
[1.120s] Level 1:colcon.colcon_core.package_identification:_identify(pid_tracking_results/run_20260725_104852) by extension 'python_setup_py'
[1.120s] Level 1:colcon.colcon_core.package_identification:_identify(pid_tracking_results/run_20260725_105331) by extensions ['ignore', 'ignore_ament_install']
[1.120s] Level 1:colcon.colcon_core.package_identification:_identify(pid_tracking_results/run_20260725_105331) by extension 'ignore'
[1.120s] Level 1:colcon.colcon_core.package_identification:_identify(pid_tracking_results/run_20260725_105331) by extension 'ignore_ament_install'
[1.121s] Level 1:colcon.colcon_core.package_identification:_identify(pid_tracking_results/run_20260725_105331) by extensions ['colcon_pkg']
[1.121s] Level 1:colcon.colcon_core.package_identification:_identify(pid_tracking_results/run_20260725_105331) by extension 'colcon_pkg'
[1.121s] Level 1:colcon.colcon_core.package_identification:_identify(pid_tracking_results/run_20260725_105331) by extensions ['colcon_meta']
[1.121s] Level 1:colcon.colcon_core.package_identification:_identify(pid_tracking_results/run_20260725_105331) by extension 'colcon_meta'
[1.121s] Level 1:colcon.colcon_core.package_identification:_identify(pid_tracking_results/run_20260725_105331) by extensions ['ros']
[1.121s] Level 1:colcon.colcon_core.package_identification:_identify(pid_tracking_results/run_20260725_105331) by extension 'ros'
[1.121s] Level 1:colcon.colcon_core.package_identification:_identify(pid_tracking_results/run_20260725_105331) by extensions ['cmake', 'python']
[1.121s] Level 1:colcon.colcon_core.package_identification:_identify(pid_tracking_results/run_20260725_105331) by extension 'cmake'
[1.121s] Level 1:colcon.colcon_core.package_identification:_identify(pid_tracking_results/run_20260725_105331) by extension 'python'
[1.121s] Level 1:colcon.colcon_core.package_identification:_identify(pid_tracking_results/run_20260725_105331) by extensions ['python_setup_py']
[1.121s] Level 1:colcon.colcon_core.package_identification:_identify(pid_tracking_results/run_20260725_105331) by extension 'python_setup_py'
[1.122s] Level 1:colcon.colcon_core.package_identification:_identify(pid_tracking_results/run_20260725_105425) by extensions ['ignore', 'ignore_ament_install']
[1.122s] Level 1:colcon.colcon_core.package_identification:_identify(pid_tracking_results/run_20260725_105425) by extension 'ignore'
[1.122s] Level 1:colcon.colcon_core.package_identification:_identify(pid_tracking_results/run_20260725_105425) by extension 'ignore_ament_install'
[1.122s] Level 1:colcon.colcon_core.package_identification:_identify(pid_tracking_results/run_20260725_105425) by extensions ['colcon_pkg']
[1.122s] Level 1:colcon.colcon_core.package_identification:_identify(pid_tracking_results/run_20260725_105425) by extension 'colcon_pkg'
[1.122s] Level 1:colcon.colcon_core.package_identification:_identify(pid_tracking_results/run_20260725_105425) by extensions ['colcon_meta']
[1.122s] Level 1:colcon.colcon_core.package_identification:_identify(pid_tracking_results/run_20260725_105425) by extension 'colcon_meta'
[1.123s] Level 1:colcon.colcon_core.package_identification:_identify(pid_tracking_results/run_20260725_105425) by extensions ['ros']
[1.123s] Level 1:colcon.colcon_core.package_identification:_identify(pid_tracking_results/run_20260725_105425) by extension 'ros'
[1.123s] Level 1:colcon.colcon_core.package_identification:_identify(pid_tracking_results/run_20260725_105425) by extensions ['cmake', 'python']
[1.123s] Level 1:colcon.colcon_core.package_identification:_identify(pid_tracking_results/run_20260725_105425) by extension 'cmake'
[1.123s] Level 1:colcon.colcon_core.package_identification:_identify(pid_tracking_results/run_20260725_105425) by extension 'python'
[1.123s] Level 1:colcon.colcon_core.package_identification:_identify(pid_tracking_results/run_20260725_105425) by extensions ['python_setup_py']
[1.123s] Level 1:colcon.colcon_core.package_identification:_identify(pid_tracking_results/run_20260725_105425) by extension 'python_setup_py'
[1.123s] Level 1:colcon.colcon_core.package_identification:_identify(pid_tracking_results/run_20260725_105644) by extensions ['ignore', 'ignore_ament_install']
[1.124s] Level 1:colcon.colcon_core.package_identification:_identify(pid_tracking_results/run_20260725_105644) by extension 'ignore'
[1.124s] Level 1:colcon.colcon_core.package_identification:_identify(pid_tracking_results/run_20260725_105644) by extension 'ignore_ament_install'
[1.124s] Level 1:colcon.colcon_core.package_identification:_identify(pid_tracking_results/run_20260725_105644) by extensions ['colcon_pkg']
[1.124s] Level 1:colcon.colcon_core.package_identification:_identify(pid_tracking_results/run_20260725_105644) by extension 'colcon_pkg'
[1.124s] Level 1:colcon.colcon_core.package_identification:_identify(pid_tracking_results/run_20260725_105644) by extensions ['colcon_meta']
[1.124s] Level 1:colcon.colcon_core.package_identification:_identify(pid_tracking_results/run_20260725_105644) by extension 'colcon_meta'
[1.124s] Level 1:colcon.colcon_core.package_identification:_identify(pid_tracking_results/run_20260725_105644) by extensions ['ros']
[1.124s] Level 1:colcon.colcon_core.package_identification:_identify(pid_tracking_results/run_20260725_105644) by extension 'ros'
[1.124s] Level 1:colcon.colcon_core.package_identification:_identify(pid_tracking_results/run_20260725_105644) by extensions ['cmake', 'python']
[1.125s] Level 1:colcon.colcon_core.package_identification:_identify(pid_tracking_results/run_20260725_105644) by extension 'cmake'
[1.125s] Level 1:colcon.colcon_core.package_identification:_identify(pid_tracking_results/run_20260725_105644) by extension 'python'
[1.125s] Level 1:colcon.colcon_core.package_identification:_identify(pid_tracking_results/run_20260725_105644) by extensions ['python_setup_py']
[1.125s] Level 1:colcon.colcon_core.package_identification:_identify(pid_tracking_results/run_20260725_105644) by extension 'python_setup_py'
[1.125s] Level 1:colcon.colcon_core.package_identification:_identify(pid_tracking_results/run_20260725_105721) by extensions ['ignore', 'ignore_ament_install']
[1.125s] Level 1:colcon.colcon_core.package_identification:_identify(pid_tracking_results/run_20260725_105721) by extension 'ignore'
[1.125s] Level 1:colcon.colcon_core.package_identification:_identify(pid_tracking_results/run_20260725_105721) by extension 'ignore_ament_install'
[1.126s] Level 1:colcon.colcon_core.package_identification:_identify(pid_tracking_results/run_20260725_105721) by extensions ['colcon_pkg']
[1.126s] Level 1:colcon.colcon_core.package_identification:_identify(pid_tracking_results/run_20260725_105721) by extension 'colcon_pkg'
[1.126s] Level 1:colcon.colcon_core.package_identification:_identify(pid_tracking_results/run_20260725_105721) by extensions ['colcon_meta']
[1.126s] Level 1:colcon.colcon_core.package_identification:_identify(pid_tracking_results/run_20260725_105721) by extension 'colcon_meta'
[1.126s] Level 1:colcon.colcon_core.package_identification:_identify(pid_tracking_results/run_20260725_105721) by extensions ['ros']
[1.126s] Level 1:colcon.colcon_core.package_identification:_identify(pid_tracking_results/run_20260725_105721) by extension 'ros'
[1.126s] Level 1:colcon.colcon_core.package_identification:_identify(pid_tracking_results/run_20260725_105721) by extensions ['cmake', 'python']
[1.126s] Level 1:colcon.colcon_core.package_identification:_identify(pid_tracking_results/run_20260725_105721) by extension 'cmake'
[1.126s] Level 1:colcon.colcon_core.package_identification:_identify(pid_tracking_results/run_20260725_105721) by extension 'python'
[1.126s] Level 1:colcon.colcon_core.package_identification:_identify(pid_tracking_results/run_20260725_105721) by extensions ['python_setup_py']
[1.127s] Level 1:colcon.colcon_core.package_identification:_identify(pid_tracking_results/run_20260725_105721) by extension 'python_setup_py'
[1.127s] Level 1:colcon.colcon_core.package_identification:_identify(pid_tracking_results/run_20260725_110917) by extensions ['ignore', 'ignore_ament_install']
[1.127s] Level 1:colcon.colcon_core.package_identification:_identify(pid_tracking_results/run_20260725_110917) by extension 'ignore'
[1.127s] Level 1:colcon.colcon_core.package_identification:_identify(pid_tracking_results/run_20260725_110917) by extension 'ignore_ament_install'
[1.127s] Level 1:colcon.colcon_core.package_identification:_identify(pid_tracking_results/run_20260725_110917) by extensions ['colcon_pkg']
[1.127s] Level 1:colcon.colcon_core.package_identification:_identify(pid_tracking_results/run_20260725_110917) by extension 'colcon_pkg'
[1.127s] Level 1:colcon.colcon_core.package_identification:_identify(pid_tracking_results/run_20260725_110917) by extensions ['colcon_meta']
[1.127s] Level 1:colcon.colcon_core.package_identification:_identify(pid_tracking_results/run_20260725_110917) by extension 'colcon_meta'
[1.128s] Level 1:colcon.colcon_core.package_identification:_identify(pid_tracking_results/run_20260725_110917) by extensions ['ros']
[1.128s] Level 1:colcon.colcon_core.package_identification:_identify(pid_tracking_results/run_20260725_110917) by extension 'ros'
[1.128s] Level 1:colcon.colcon_core.package_identification:_identify(pid_tracking_results/run_20260725_110917) by extensions ['cmake', 'python']
[1.128s] Level 1:colcon.colcon_core.package_identification:_identify(pid_tracking_results/run_20260725_110917) by extension 'cmake'
[1.128s] Level 1:colcon.colcon_core.package_identification:_identify(pid_tracking_results/run_20260725_110917) by extension 'python'
[1.128s] Level 1:colcon.colcon_core.package_identification:_identify(pid_tracking_results/run_20260725_110917) by extensions ['python_setup_py']
[1.128s] Level 1:colcon.colcon_core.package_identification:_identify(pid_tracking_results/run_20260725_110917) by extension 'python_setup_py'
[1.128s] Level 1:colcon.colcon_core.package_identification:_identify(pid_tracking_results/run_20260725_111108) by extensions ['ignore', 'ignore_ament_install']
[1.129s] Level 1:colcon.colcon_core.package_identification:_identify(pid_tracking_results/run_20260725_111108) by extension 'ignore'
[1.129s] Level 1:colcon.colcon_core.package_identification:_identify(pid_tracking_results/run_20260725_111108) by extension 'ignore_ament_install'
[1.129s] Level 1:colcon.colcon_core.package_identification:_identify(pid_tracking_results/run_20260725_111108) by extensions ['colcon_pkg']
[1.129s] Level 1:colcon.colcon_core.package_identification:_identify(pid_tracking_results/run_20260725_111108) by extension 'colcon_pkg'
[1.129s] Level 1:colcon.colcon_core.package_identification:_identify(pid_tracking_results/run_20260725_111108) by extensions ['colcon_meta']
[1.129s] Level 1:colcon.colcon_core.package_identification:_identify(pid_tracking_results/run_20260725_111108) by extension 'colcon_meta'
[1.129s] Level 1:colcon.colcon_core.package_identification:_identify(pid_tracking_results/run_20260725_111108) by extensions ['ros']
[1.129s] Level 1:colcon.colcon_core.package_identification:_identify(pid_tracking_results/run_20260725_111108) by extension 'ros'
[1.129s] Level 1:colcon.colcon_core.package_identification:_identify(pid_tracking_results/run_20260725_111108) by extensions ['cmake', 'python']
[1.130s] Level 1:colcon.colcon_core.package_identification:_identify(pid_tracking_results/run_20260725_111108) by extension 'cmake'
[1.130s] Level 1:colcon.colcon_core.package_identification:_identify(pid_tracking_results/run_20260725_111108) by extension 'python'
[1.130s] Level 1:colcon.colcon_core.package_identification:_identify(pid_tracking_results/run_20260725_111108) by extensions ['python_setup_py']
[1.130s] Level 1:colcon.colcon_core.package_identification:_identify(pid_tracking_results/run_20260725_111108) by extension 'python_setup_py'
[1.130s] Level 1:colcon.colcon_core.package_identification:_identify(pid_tracking_results/run_20260725_111357) by extensions ['ignore', 'ignore_ament_install']
[1.130s] Level 1:colcon.colcon_core.package_identification:_identify(pid_tracking_results/run_20260725_111357) by extension 'ignore'
[1.130s] Level 1:colcon.colcon_core.package_identification:_identify(pid_tracking_results/run_20260725_111357) by extension 'ignore_ament_install'
[1.130s] Level 1:colcon.colcon_core.package_identification:_identify(pid_tracking_results/run_20260725_111357) by extensions ['colcon_pkg']
[1.131s] Level 1:colcon.colcon_core.package_identification:_identify(pid_tracking_results/run_20260725_111357) by extension 'colcon_pkg'
[1.131s] Level 1:colcon.colcon_core.package_identification:_identify(pid_tracking_results/run_20260725_111357) by extensions ['colcon_meta']
[1.131s] Level 1:colcon.colcon_core.package_identification:_identify(pid_tracking_results/run_20260725_111357) by extension 'colcon_meta'
[1.131s] Level 1:colcon.colcon_core.package_identification:_identify(pid_tracking_results/run_20260725_111357) by extensions ['ros']
[1.131s] Level 1:colcon.colcon_core.package_identification:_identify(pid_tracking_results/run_20260725_111357) by extension 'ros'
[1.131s] Level 1:colcon.colcon_core.package_identification:_identify(pid_tracking_results/run_20260725_111357) by extensions ['cmake', 'python']
[1.131s] Level 1:colcon.colcon_core.package_identification:_identify(pid_tracking_results/run_20260725_111357) by extension 'cmake'
[1.131s] Level 1:colcon.colcon_core.package_identification:_identify(pid_tracking_results/run_20260725_111357) by extension 'python'
[1.131s] Level 1:colcon.colcon_core.package_identification:_identify(pid_tracking_results/run_20260725_111357) by extensions ['python_setup_py']
[1.131s] Level 1:colcon.colcon_core.package_identification:_identify(pid_tracking_results/run_20260725_111357) by extension 'python_setup_py'
[1.132s] Level 1:colcon.colcon_core.package_identification:_identify(pid_tracking_results/run_20260725_111656) by extensions ['ignore', 'ignore_ament_install']
[1.132s] Level 1:colcon.colcon_core.package_identification:_identify(pid_tracking_results/run_20260725_111656) by extension 'ignore'
[1.132s] Level 1:colcon.colcon_core.package_identification:_identify(pid_tracking_results/run_20260725_111656) by extension 'ignore_ament_install'
[1.132s] Level 1:colcon.colcon_core.package_identification:_identify(pid_tracking_results/run_20260725_111656) by extensions ['colcon_pkg']
[1.132s] Level 1:colcon.colcon_core.package_identification:_identify(pid_tracking_results/run_20260725_111656) by extension 'colcon_pkg'
[1.132s] Level 1:colcon.colcon_core.package_identification:_identify(pid_tracking_results/run_20260725_111656) by extensions ['colcon_meta']
[1.132s] Level 1:colcon.colcon_core.package_identification:_identify(pid_tracking_results/run_20260725_111656) by extension 'colcon_meta'
[1.132s] Level 1:colcon.colcon_core.package_identification:_identify(pid_tracking_results/run_20260725_111656) by extensions ['ros']
[1.133s] Level 1:colcon.colcon_core.package_identification:_identify(pid_tracking_results/run_20260725_111656) by extension 'ros'
[1.133s] Level 1:colcon.colcon_core.package_identification:_identify(pid_tracking_results/run_20260725_111656) by extensions ['cmake', 'python']
[1.133s] Level 1:colcon.colcon_core.package_identification:_identify(pid_tracking_results/run_20260725_111656) by extension 'cmake'
[1.133s] Level 1:colcon.colcon_core.package_identification:_identify(pid_tracking_results/run_20260725_111656) by extension 'python'
[1.133s] Level 1:colcon.colcon_core.package_identification:_identify(pid_tracking_results/run_20260725_111656) by extensions ['python_setup_py']
[1.133s] Level 1:colcon.colcon_core.package_identification:_identify(pid_tracking_results/run_20260725_111656) by extension 'python_setup_py'
[1.133s] Level 1:colcon.colcon_core.package_identification:_identify(pid_tracking_results/run_20260725_111708) by extensions ['ignore', 'ignore_ament_install']
[1.133s] Level 1:colcon.colcon_core.package_identification:_identify(pid_tracking_results/run_20260725_111708) by extension 'ignore'
[1.134s] Level 1:colcon.colcon_core.package_identification:_identify(pid_tracking_results/run_20260725_111708) by extension 'ignore_ament_install'
[1.134s] Level 1:colcon.colcon_core.package_identification:_identify(pid_tracking_results/run_20260725_111708) by extensions ['colcon_pkg']
[1.134s] Level 1:colcon.colcon_core.package_identification:_identify(pid_tracking_results/run_20260725_111708) by extension 'colcon_pkg'
[1.134s] Level 1:colcon.colcon_core.package_identification:_identify(pid_tracking_results/run_20260725_111708) by extensions ['colcon_meta']
[1.134s] Level 1:colcon.colcon_core.package_identification:_identify(pid_tracking_results/run_20260725_111708) by extension 'colcon_meta'
[1.134s] Level 1:colcon.colcon_core.package_identification:_identify(pid_tracking_results/run_20260725_111708) by extensions ['ros']
[1.134s] Level 1:colcon.colcon_core.package_identification:_identify(pid_tracking_results/run_20260725_111708) by extension 'ros'
[1.134s] Level 1:colcon.colcon_core.package_identification:_identify(pid_tracking_results/run_20260725_111708) by extensions ['cmake', 'python']
[1.134s] Level 1:colcon.colcon_core.package_identification:_identify(pid_tracking_results/run_20260725_111708) by extension 'cmake'
[1.134s] Level 1:colcon.colcon_core.package_identification:_identify(pid_tracking_results/run_20260725_111708) by extension 'python'
[1.135s] Level 1:colcon.colcon_core.package_identification:_identify(pid_tracking_results/run_20260725_111708) by extensions ['python_setup_py']
[1.135s] Level 1:colcon.colcon_core.package_identification:_identify(pid_tracking_results/run_20260725_111708) by extension 'python_setup_py'
[1.135s] Level 1:colcon.colcon_core.package_identification:_identify(pid_tracking_results/run_20260725_112255) by extensions ['ignore', 'ignore_ament_install']
[1.135s] Level 1:colcon.colcon_core.package_identification:_identify(pid_tracking_results/run_20260725_112255) by extension 'ignore'
[1.135s] Level 1:colcon.colcon_core.package_identification:_identify(pid_tracking_results/run_20260725_112255) by extension 'ignore_ament_install'
[1.135s] Level 1:colcon.colcon_core.package_identification:_identify(pid_tracking_results/run_20260725_112255) by extensions ['colcon_pkg']
[1.136s] Level 1:colcon.colcon_core.package_identification:_identify(pid_tracking_results/run_20260725_112255) by extension 'colcon_pkg'
[1.136s] Level 1:colcon.colcon_core.package_identification:_identify(pid_tracking_results/run_20260725_112255) by extensions ['colcon_meta']
[1.136s] Level 1:colcon.colcon_core.package_identification:_identify(pid_tracking_results/run_20260725_112255) by extension 'colcon_meta'
[1.136s] Level 1:colcon.colcon_core.package_identification:_identify(pid_tracking_results/run_20260725_112255) by extensions ['ros']
[1.136s] Level 1:colcon.colcon_core.package_identification:_identify(pid_tracking_results/run_20260725_112255) by extension 'ros'
[1.136s] Level 1:colcon.colcon_core.package_identification:_identify(pid_tracking_results/run_20260725_112255) by extensions ['cmake', 'python']
[1.136s] Level 1:colcon.colcon_core.package_identification:_identify(pid_tracking_results/run_20260725_112255) by extension 'cmake'
[1.136s] Level 1:colcon.colcon_core.package_identification:_identify(pid_tracking_results/run_20260725_112255) by extension 'python'
[1.136s] Level 1:colcon.colcon_core.package_identification:_identify(pid_tracking_results/run_20260725_112255) by extensions ['python_setup_py']
[1.137s] Level 1:colcon.colcon_core.package_identification:_identify(pid_tracking_results/run_20260725_112255) by extension 'python_setup_py'
[1.137s] Level 1:colcon.colcon_core.package_identification:_identify(pid_tracking_results/run_20260725_201102) by extensions ['ignore', 'ignore_ament_install']
[1.137s] Level 1:colcon.colcon_core.package_identification:_identify(pid_tracking_results/run_20260725_201102) by extension 'ignore'
[1.137s] Level 1:colcon.colcon_core.package_identification:_identify(pid_tracking_results/run_20260725_201102) by extension 'ignore_ament_install'
[1.137s] Level 1:colcon.colcon_core.package_identification:_identify(pid_tracking_results/run_20260725_201102) by extensions ['colcon_pkg']
[1.137s] Level 1:colcon.colcon_core.package_identification:_identify(pid_tracking_results/run_20260725_201102) by extension 'colcon_pkg'
[1.137s] Level 1:colcon.colcon_core.package_identification:_identify(pid_tracking_results/run_20260725_201102) by extensions ['colcon_meta']
[1.138s] Level 1:colcon.colcon_core.package_identification:_identify(pid_tracking_results/run_20260725_201102) by extension 'colcon_meta'
[1.138s] Level 1:colcon.colcon_core.package_identification:_identify(pid_tracking_results/run_20260725_201102) by extensions ['ros']
[1.138s] Level 1:colcon.colcon_core.package_identification:_identify(pid_tracking_results/run_20260725_201102) by extension 'ros'
[1.138s] Level 1:colcon.colcon_core.package_identification:_identify(pid_tracking_results/run_20260725_201102) by extensions ['cmake', 'python']
[1.138s] Level 1:colcon.colcon_core.package_identification:_identify(pid_tracking_results/run_20260725_201102) by extension 'cmake'
[1.138s] Level 1:colcon.colcon_core.package_identification:_identify(pid_tracking_results/run_20260725_201102) by extension 'python'
[1.138s] Level 1:colcon.colcon_core.package_identification:_identify(pid_tracking_results/run_20260725_201102) by extensions ['python_setup_py']
[1.138s] Level 1:colcon.colcon_core.package_identification:_identify(pid_tracking_results/run_20260725_201102) by extension 'python_setup_py'
[1.139s] Level 1:colcon.colcon_core.package_identification:_identify(pid_tracking_results/run_20260725_201401) by extensions ['ignore', 'ignore_ament_install']
[1.139s] Level 1:colcon.colcon_core.package_identification:_identify(pid_tracking_results/run_20260725_201401) by extension 'ignore'
[1.139s] Level 1:colcon.colcon_core.package_identification:_identify(pid_tracking_results/run_20260725_201401) by extension 'ignore_ament_install'
[1.139s] Level 1:colcon.colcon_core.package_identification:_identify(pid_tracking_results/run_20260725_201401) by extensions ['colcon_pkg']
[1.139s] Level 1:colcon.colcon_core.package_identification:_identify(pid_tracking_results/run_20260725_201401) by extension 'colcon_pkg'
[1.139s] Level 1:colcon.colcon_core.package_identification:_identify(pid_tracking_results/run_20260725_201401) by extensions ['colcon_meta']
[1.139s] Level 1:colcon.colcon_core.package_identification:_identify(pid_tracking_results/run_20260725_201401) by extension 'colcon_meta'
[1.140s] Level 1:colcon.colcon_core.package_identification:_identify(pid_tracking_results/run_20260725_201401) by extensions ['ros']
[1.140s] Level 1:colcon.colcon_core.package_identification:_identify(pid_tracking_results/run_20260725_201401) by extension 'ros'
[1.140s] Level 1:colcon.colcon_core.package_identification:_identify(pid_tracking_results/run_20260725_201401) by extensions ['cmake', 'python']
[1.140s] Level 1:colcon.colcon_core.package_identification:_identify(pid_tracking_results/run_20260725_201401) by extension 'cmake'
[1.140s] Level 1:colcon.colcon_core.package_identification:_identify(pid_tracking_results/run_20260725_201401) by extension 'python'
[1.140s] Level 1:colcon.colcon_core.package_identification:_identify(pid_tracking_results/run_20260725_201401) by extensions ['python_setup_py']
[1.140s] Level 1:colcon.colcon_core.package_identification:_identify(pid_tracking_results/run_20260725_201401) by extension 'python_setup_py'
[1.140s] Level 1:colcon.colcon_core.package_identification:_identify(pid_tracking_results/run_20260725_201800) by extensions ['ignore', 'ignore_ament_install']
[1.141s] Level 1:colcon.colcon_core.package_identification:_identify(pid_tracking_results/run_20260725_201800) by extension 'ignore'
[1.141s] Level 1:colcon.colcon_core.package_identification:_identify(pid_tracking_results/run_20260725_201800) by extension 'ignore_ament_install'
[1.141s] Level 1:colcon.colcon_core.package_identification:_identify(pid_tracking_results/run_20260725_201800) by extensions ['colcon_pkg']
[1.141s] Level 1:colcon.colcon_core.package_identification:_identify(pid_tracking_results/run_20260725_201800) by extension 'colcon_pkg'
[1.141s] Level 1:colcon.colcon_core.package_identification:_identify(pid_tracking_results/run_20260725_201800) by extensions ['colcon_meta']
[1.141s] Level 1:colcon.colcon_core.package_identification:_identify(pid_tracking_results/run_20260725_201800) by extension 'colcon_meta'
[1.141s] Level 1:colcon.colcon_core.package_identification:_identify(pid_tracking_results/run_20260725_201800) by extensions ['ros']
[1.141s] Level 1:colcon.colcon_core.package_identification:_identify(pid_tracking_results/run_20260725_201800) by extension 'ros'
[1.142s] Level 1:colcon.colcon_core.package_identification:_identify(pid_tracking_results/run_20260725_201800) by extensions ['cmake', 'python']
[1.142s] Level 1:colcon.colcon_core.package_identification:_identify(pid_tracking_results/run_20260725_201800) by extension 'cmake'
[1.142s] Level 1:colcon.colcon_core.package_identification:_identify(pid_tracking_results/run_20260725_201800) by extension 'python'
[1.142s] Level 1:colcon.colcon_core.package_identification:_identify(pid_tracking_results/run_20260725_201800) by extensions ['python_setup_py']
[1.142s] Level 1:colcon.colcon_core.package_identification:_identify(pid_tracking_results/run_20260725_201800) by extension 'python_setup_py'
[1.142s] Level 1:colcon.colcon_core.package_identification:_identify(pid_tracking_results/run_20260726_183417) by extensions ['ignore', 'ignore_ament_install']
[1.142s] Level 1:colcon.colcon_core.package_identification:_identify(pid_tracking_results/run_20260726_183417) by extension 'ignore'
[1.142s] Level 1:colcon.colcon_core.package_identification:_identify(pid_tracking_results/run_20260726_183417) by extension 'ignore_ament_install'
[1.142s] Level 1:colcon.colcon_core.package_identification:_identify(pid_tracking_results/run_20260726_183417) by extensions ['colcon_pkg']
[1.143s] Level 1:colcon.colcon_core.package_identification:_identify(pid_tracking_results/run_20260726_183417) by extension 'colcon_pkg'
[1.143s] Level 1:colcon.colcon_core.package_identification:_identify(pid_tracking_results/run_20260726_183417) by extensions ['colcon_meta']
[1.143s] Level 1:colcon.colcon_core.package_identification:_identify(pid_tracking_results/run_20260726_183417) by extension 'colcon_meta'
[1.143s] Level 1:colcon.colcon_core.package_identification:_identify(pid_tracking_results/run_20260726_183417) by extensions ['ros']
[1.143s] Level 1:colcon.colcon_core.package_identification:_identify(pid_tracking_results/run_20260726_183417) by extension 'ros'
[1.143s] Level 1:colcon.colcon_core.package_identification:_identify(pid_tracking_results/run_20260726_183417) by extensions ['cmake', 'python']
[1.143s] Level 1:colcon.colcon_core.package_identification:_identify(pid_tracking_results/run_20260726_183417) by extension 'cmake'
[1.143s] Level 1:colcon.colcon_core.package_identification:_identify(pid_tracking_results/run_20260726_183417) by extension 'python'
[1.143s] Level 1:colcon.colcon_core.package_identification:_identify(pid_tracking_results/run_20260726_183417) by extensions ['python_setup_py']
[1.143s] Level 1:colcon.colcon_core.package_identification:_identify(pid_tracking_results/run_20260726_183417) by extension 'python_setup_py'
[1.144s] Level 1:colcon.colcon_core.package_identification:_identify(pid_tracking_results/run_20260726_183651) by extensions ['ignore', 'ignore_ament_install']
[1.144s] Level 1:colcon.colcon_core.package_identification:_identify(pid_tracking_results/run_20260726_183651) by extension 'ignore'
[1.144s] Level 1:colcon.colcon_core.package_identification:_identify(pid_tracking_results/run_20260726_183651) by extension 'ignore_ament_install'
[1.144s] Level 1:colcon.colcon_core.package_identification:_identify(pid_tracking_results/run_20260726_183651) by extensions ['colcon_pkg']
[1.144s] Level 1:colcon.colcon_core.package_identification:_identify(pid_tracking_results/run_20260726_183651) by extension 'colcon_pkg'
[1.144s] Level 1:colcon.colcon_core.package_identification:_identify(pid_tracking_results/run_20260726_183651) by extensions ['colcon_meta']
[1.144s] Level 1:colcon.colcon_core.package_identification:_identify(pid_tracking_results/run_20260726_183651) by extension 'colcon_meta'
[1.144s] Level 1:colcon.colcon_core.package_identification:_identify(pid_tracking_results/run_20260726_183651) by extensions ['ros']
[1.145s] Level 1:colcon.colcon_core.package_identification:_identify(pid_tracking_results/run_20260726_183651) by extension 'ros'
[1.145s] Level 1:colcon.colcon_core.package_identification:_identify(pid_tracking_results/run_20260726_183651) by extensions ['cmake', 'python']
[1.145s] Level 1:colcon.colcon_core.package_identification:_identify(pid_tracking_results/run_20260726_183651) by extension 'cmake'
[1.145s] Level 1:colcon.colcon_core.package_identification:_identify(pid_tracking_results/run_20260726_183651) by extension 'python'
[1.145s] Level 1:colcon.colcon_core.package_identification:_identify(pid_tracking_results/run_20260726_183651) by extensions ['python_setup_py']
[1.145s] Level 1:colcon.colcon_core.package_identification:_identify(pid_tracking_results/run_20260726_183651) by extension 'python_setup_py'
[1.145s] Level 1:colcon.colcon_core.package_identification:_identify(pid_tracking_results/run_20260726_183824) by extensions ['ignore', 'ignore_ament_install']
[1.145s] Level 1:colcon.colcon_core.package_identification:_identify(pid_tracking_results/run_20260726_183824) by extension 'ignore'
[1.146s] Level 1:colcon.colcon_core.package_identification:_identify(pid_tracking_results/run_20260726_183824) by extension 'ignore_ament_install'
[1.146s] Level 1:colcon.colcon_core.package_identification:_identify(pid_tracking_results/run_20260726_183824) by extensions ['colcon_pkg']
[1.146s] Level 1:colcon.colcon_core.package_identification:_identify(pid_tracking_results/run_20260726_183824) by extension 'colcon_pkg'
[1.146s] Level 1:colcon.colcon_core.package_identification:_identify(pid_tracking_results/run_20260726_183824) by extensions ['colcon_meta']
[1.146s] Level 1:colcon.colcon_core.package_identification:_identify(pid_tracking_results/run_20260726_183824) by extension 'colcon_meta'
[1.146s] Level 1:colcon.colcon_core.package_identification:_identify(pid_tracking_results/run_20260726_183824) by extensions ['ros']
[1.146s] Level 1:colcon.colcon_core.package_identification:_identify(pid_tracking_results/run_20260726_183824) by extension 'ros'
[1.146s] Level 1:colcon.colcon_core.package_identification:_identify(pid_tracking_results/run_20260726_183824) by extensions ['cmake', 'python']
[1.146s] Level 1:colcon.colcon_core.package_identification:_identify(pid_tracking_results/run_20260726_183824) by extension 'cmake'
[1.146s] Level 1:colcon.colcon_core.package_identification:_identify(pid_tracking_results/run_20260726_183824) by extension 'python'
[1.147s] Level 1:colcon.colcon_core.package_identification:_identify(pid_tracking_results/run_20260726_183824) by extensions ['python_setup_py']
[1.147s] Level 1:colcon.colcon_core.package_identification:_identify(pid_tracking_results/run_20260726_183824) by extension 'python_setup_py'
[1.147s] Level 1:colcon.colcon_core.package_identification:_identify(pid_tracking_results/run_20260726_184759) by extensions ['ignore', 'ignore_ament_install']
[1.147s] Level 1:colcon.colcon_core.package_identification:_identify(pid_tracking_results/run_20260726_184759) by extension 'ignore'
[1.147s] Level 1:colcon.colcon_core.package_identification:_identify(pid_tracking_results/run_20260726_184759) by extension 'ignore_ament_install'
[1.147s] Level 1:colcon.colcon_core.package_identification:_identify(pid_tracking_results/run_20260726_184759) by extensions ['colcon_pkg']
[1.147s] Level 1:colcon.colcon_core.package_identification:_identify(pid_tracking_results/run_20260726_184759) by extension 'colcon_pkg'
[1.147s] Level 1:colcon.colcon_core.package_identification:_identify(pid_tracking_results/run_20260726_184759) by extensions ['colcon_meta']
[1.148s] Level 1:colcon.colcon_core.package_identification:_identify(pid_tracking_results/run_20260726_184759) by extension 'colcon_meta'
[1.148s] Level 1:colcon.colcon_core.package_identification:_identify(pid_tracking_results/run_20260726_184759) by extensions ['ros']
[1.148s] Level 1:colcon.colcon_core.package_identification:_identify(pid_tracking_results/run_20260726_184759) by extension 'ros'
[1.148s] Level 1:colcon.colcon_core.package_identification:_identify(pid_tracking_results/run_20260726_184759) by extensions ['cmake', 'python']
[1.148s] Level 1:colcon.colcon_core.package_identification:_identify(pid_tracking_results/run_20260726_184759) by extension 'cmake'
[1.148s] Level 1:colcon.colcon_core.package_identification:_identify(pid_tracking_results/run_20260726_184759) by extension 'python'
[1.148s] Level 1:colcon.colcon_core.package_identification:_identify(pid_tracking_results/run_20260726_184759) by extensions ['python_setup_py']
[1.148s] Level 1:colcon.colcon_core.package_identification:_identify(pid_tracking_results/run_20260726_184759) by extension 'python_setup_py'
[1.148s] Level 1:colcon.colcon_core.package_identification:_identify(pid_tracking_results/run_20260726_185937) by extensions ['ignore', 'ignore_ament_install']
[1.149s] Level 1:colcon.colcon_core.package_identification:_identify(pid_tracking_results/run_20260726_185937) by extension 'ignore'
[1.149s] Level 1:colcon.colcon_core.package_identification:_identify(pid_tracking_results/run_20260726_185937) by extension 'ignore_ament_install'
[1.149s] Level 1:colcon.colcon_core.package_identification:_identify(pid_tracking_results/run_20260726_185937) by extensions ['colcon_pkg']
[1.149s] Level 1:colcon.colcon_core.package_identification:_identify(pid_tracking_results/run_20260726_185937) by extension 'colcon_pkg'
[1.149s] Level 1:colcon.colcon_core.package_identification:_identify(pid_tracking_results/run_20260726_185937) by extensions ['colcon_meta']
[1.149s] Level 1:colcon.colcon_core.package_identification:_identify(pid_tracking_results/run_20260726_185937) by extension 'colcon_meta'
[1.149s] Level 1:colcon.colcon_core.package_identification:_identify(pid_tracking_results/run_20260726_185937) by extensions ['ros']
[1.149s] Level 1:colcon.colcon_core.package_identification:_identify(pid_tracking_results/run_20260726_185937) by extension 'ros'
[1.149s] Level 1:colcon.colcon_core.package_identification:_identify(pid_tracking_results/run_20260726_185937) by extensions ['cmake', 'python']
[1.150s] Level 1:colcon.colcon_core.package_identification:_identify(pid_tracking_results/run_20260726_185937) by extension 'cmake'
[1.150s] Level 1:colcon.colcon_core.package_identification:_identify(pid_tracking_results/run_20260726_185937) by extension 'python'
[1.150s] Level 1:colcon.colcon_core.package_identification:_identify(pid_tracking_results/run_20260726_185937) by extensions ['python_setup_py']
[1.150s] Level 1:colcon.colcon_core.package_identification:_identify(pid_tracking_results/run_20260726_185937) by extension 'python_setup_py'
[1.150s] Level 1:colcon.colcon_core.package_identification:_identify(pid_tracking_results/run_20260726_190145) by extensions ['ignore', 'ignore_ament_install']
[1.150s] Level 1:colcon.colcon_core.package_identification:_identify(pid_tracking_results/run_20260726_190145) by extension 'ignore'
[1.150s] Level 1:colcon.colcon_core.package_identification:_identify(pid_tracking_results/run_20260726_190145) by extension 'ignore_ament_install'
[1.150s] Level 1:colcon.colcon_core.package_identification:_identify(pid_tracking_results/run_20260726_190145) by extensions ['colcon_pkg']
[1.151s] Level 1:colcon.colcon_core.package_identification:_identify(pid_tracking_results/run_20260726_190145) by extension 'colcon_pkg'
[1.151s] Level 1:colcon.colcon_core.package_identification:_identify(pid_tracking_results/run_20260726_190145) by extensions ['colcon_meta']
[1.151s] Level 1:colcon.colcon_core.package_identification:_identify(pid_tracking_results/run_20260726_190145) by extension 'colcon_meta'
[1.151s] Level 1:colcon.colcon_core.package_identification:_identify(pid_tracking_results/run_20260726_190145) by extensions ['ros']
[1.151s] Level 1:colcon.colcon_core.package_identification:_identify(pid_tracking_results/run_20260726_190145) by extension 'ros'
[1.151s] Level 1:colcon.colcon_core.package_identification:_identify(pid_tracking_results/run_20260726_190145) by extensions ['cmake', 'python']
[1.151s] Level 1:colcon.colcon_core.package_identification:_identify(pid_tracking_results/run_20260726_190145) by extension 'cmake'
[1.151s] Level 1:colcon.colcon_core.package_identification:_identify(pid_tracking_results/run_20260726_190145) by extension 'python'
[1.151s] Level 1:colcon.colcon_core.package_identification:_identify(pid_tracking_results/run_20260726_190145) by extensions ['python_setup_py']
[1.151s] Level 1:colcon.colcon_core.package_identification:_identify(pid_tracking_results/run_20260726_190145) by extension 'python_setup_py'
[1.152s] Level 1:colcon.colcon_core.package_identification:_identify(pid_tracking_results/run_20260726_190250) by extensions ['ignore', 'ignore_ament_install']
[1.152s] Level 1:colcon.colcon_core.package_identification:_identify(pid_tracking_results/run_20260726_190250) by extension 'ignore'
[1.152s] Level 1:colcon.colcon_core.package_identification:_identify(pid_tracking_results/run_20260726_190250) by extension 'ignore_ament_install'
[1.152s] Level 1:colcon.colcon_core.package_identification:_identify(pid_tracking_results/run_20260726_190250) by extensions ['colcon_pkg']
[1.152s] Level 1:colcon.colcon_core.package_identification:_identify(pid_tracking_results/run_20260726_190250) by extension 'colcon_pkg'
[1.152s] Level 1:colcon.colcon_core.package_identification:_identify(pid_tracking_results/run_20260726_190250) by extensions ['colcon_meta']
[1.152s] Level 1:colcon.colcon_core.package_identification:_identify(pid_tracking_results/run_20260726_190250) by extension 'colcon_meta'
[1.153s] Level 1:colcon.colcon_core.package_identification:_identify(pid_tracking_results/run_20260726_190250) by extensions ['ros']
[1.153s] Level 1:colcon.colcon_core.package_identification:_identify(pid_tracking_results/run_20260726_190250) by extension 'ros'
[1.153s] Level 1:colcon.colcon_core.package_identification:_identify(pid_tracking_results/run_20260726_190250) by extensions ['cmake', 'python']
[1.153s] Level 1:colcon.colcon_core.package_identification:_identify(pid_tracking_results/run_20260726_190250) by extension 'cmake'
[1.153s] Level 1:colcon.colcon_core.package_identification:_identify(pid_tracking_results/run_20260726_190250) by extension 'python'
[1.153s] Level 1:colcon.colcon_core.package_identification:_identify(pid_tracking_results/run_20260726_190250) by extensions ['python_setup_py']
[1.153s] Level 1:colcon.colcon_core.package_identification:_identify(pid_tracking_results/run_20260726_190250) by extension 'python_setup_py'
[1.153s] Level 1:colcon.colcon_core.package_identification:_identify(pid_tracking_results/run_20260726_190346) by extensions ['ignore', 'ignore_ament_install']
[1.154s] Level 1:colcon.colcon_core.package_identification:_identify(pid_tracking_results/run_20260726_190346) by extension 'ignore'
[1.154s] Level 1:colcon.colcon_core.package_identification:_identify(pid_tracking_results/run_20260726_190346) by extension 'ignore_ament_install'
[1.154s] Level 1:colcon.colcon_core.package_identification:_identify(pid_tracking_results/run_20260726_190346) by extensions ['colcon_pkg']
[1.154s] Level 1:colcon.colcon_core.package_identification:_identify(pid_tracking_results/run_20260726_190346) by extension 'colcon_pkg'
[1.154s] Level 1:colcon.colcon_core.package_identification:_identify(pid_tracking_results/run_20260726_190346) by extensions ['colcon_meta']
[1.154s] Level 1:colcon.colcon_core.package_identification:_identify(pid_tracking_results/run_20260726_190346) by extension 'colcon_meta'
[1.154s] Level 1:colcon.colcon_core.package_identification:_identify(pid_tracking_results/run_20260726_190346) by extensions ['ros']
[1.154s] Level 1:colcon.colcon_core.package_identification:_identify(pid_tracking_results/run_20260726_190346) by extension 'ros'
[1.155s] Level 1:colcon.colcon_core.package_identification:_identify(pid_tracking_results/run_20260726_190346) by extensions ['cmake', 'python']
[1.155s] Level 1:colcon.colcon_core.package_identification:_identify(pid_tracking_results/run_20260726_190346) by extension 'cmake'
[1.155s] Level 1:colcon.colcon_core.package_identification:_identify(pid_tracking_results/run_20260726_190346) by extension 'python'
[1.155s] Level 1:colcon.colcon_core.package_identification:_identify(pid_tracking_results/run_20260726_190346) by extensions ['python_setup_py']
[1.155s] Level 1:colcon.colcon_core.package_identification:_identify(pid_tracking_results/run_20260726_190346) by extension 'python_setup_py'
[1.155s] Level 1:colcon.colcon_core.package_identification:_identify(pid_tracking_results/run_20260726_190531) by extensions ['ignore', 'ignore_ament_install']
[1.155s] Level 1:colcon.colcon_core.package_identification:_identify(pid_tracking_results/run_20260726_190531) by extension 'ignore'
[1.156s] Level 1:colcon.colcon_core.package_identification:_identify(pid_tracking_results/run_20260726_190531) by extension 'ignore_ament_install'
[1.156s] Level 1:colcon.colcon_core.package_identification:_identify(pid_tracking_results/run_20260726_190531) by extensions ['colcon_pkg']
[1.156s] Level 1:colcon.colcon_core.package_identification:_identify(pid_tracking_results/run_20260726_190531) by extension 'colcon_pkg'
[1.156s] Level 1:colcon.colcon_core.package_identification:_identify(pid_tracking_results/run_20260726_190531) by extensions ['colcon_meta']
[1.156s] Level 1:colcon.colcon_core.package_identification:_identify(pid_tracking_results/run_20260726_190531) by extension 'colcon_meta'
[1.156s] Level 1:colcon.colcon_core.package_identification:_identify(pid_tracking_results/run_20260726_190531) by extensions ['ros']
[1.156s] Level 1:colcon.colcon_core.package_identification:_identify(pid_tracking_results/run_20260726_190531) by extension 'ros'
[1.156s] Level 1:colcon.colcon_core.package_identification:_identify(pid_tracking_results/run_20260726_190531) by extensions ['cmake', 'python']
[1.156s] Level 1:colcon.colcon_core.package_identification:_identify(pid_tracking_results/run_20260726_190531) by extension 'cmake'
[1.157s] Level 1:colcon.colcon_core.package_identification:_identify(pid_tracking_results/run_20260726_190531) by extension 'python'
[1.157s] Level 1:colcon.colcon_core.package_identification:_identify(pid_tracking_results/run_20260726_190531) by extensions ['python_setup_py']
[1.157s] Level 1:colcon.colcon_core.package_identification:_identify(pid_tracking_results/run_20260726_190531) by extension 'python_setup_py'
[1.157s] Level 1:colcon.colcon_core.package_identification:_identify(pid_tracking_results/run_20260726_191340) by extensions ['ignore', 'ignore_ament_install']
[1.157s] Level 1:colcon.colcon_core.package_identification:_identify(pid_tracking_results/run_20260726_191340) by extension 'ignore'
[1.158s] Level 1:colcon.colcon_core.package_identification:_identify(pid_tracking_results/run_20260726_191340) by extension 'ignore_ament_install'
[1.158s] Level 1:colcon.colcon_core.package_identification:_identify(pid_tracking_results/run_20260726_191340) by extensions ['colcon_pkg']
[1.158s] Level 1:colcon.colcon_core.package_identification:_identify(pid_tracking_results/run_20260726_191340) by extension 'colcon_pkg'
[1.158s] Level 1:colcon.colcon_core.package_identification:_identify(pid_tracking_results/run_20260726_191340) by extensions ['colcon_meta']
[1.158s] Level 1:colcon.colcon_core.package_identification:_identify(pid_tracking_results/run_20260726_191340) by extension 'colcon_meta'
[1.158s] Level 1:colcon.colcon_core.package_identification:_identify(pid_tracking_results/run_20260726_191340) by extensions ['ros']
[1.158s] Level 1:colcon.colcon_core.package_identification:_identify(pid_tracking_results/run_20260726_191340) by extension 'ros'
[1.158s] Level 1:colcon.colcon_core.package_identification:_identify(pid_tracking_results/run_20260726_191340) by extensions ['cmake', 'python']
[1.158s] Level 1:colcon.colcon_core.package_identification:_identify(pid_tracking_results/run_20260726_191340) by extension 'cmake'
[1.159s] Level 1:colcon.colcon_core.package_identification:_identify(pid_tracking_results/run_20260726_191340) by extension 'python'
[1.159s] Level 1:colcon.colcon_core.package_identification:_identify(pid_tracking_results/run_20260726_191340) by extensions ['python_setup_py']
[1.159s] Level 1:colcon.colcon_core.package_identification:_identify(pid_tracking_results/run_20260726_191340) by extension 'python_setup_py'
[1.159s] Level 1:colcon.colcon_core.package_identification:_identify(pid_tracking_results/run_20260726_191436) by extensions ['ignore', 'ignore_ament_install']
[1.159s] Level 1:colcon.colcon_core.package_identification:_identify(pid_tracking_results/run_20260726_191436) by extension 'ignore'
[1.159s] Level 1:colcon.colcon_core.package_identification:_identify(pid_tracking_results/run_20260726_191436) by extension 'ignore_ament_install'
[1.159s] Level 1:colcon.colcon_core.package_identification:_identify(pid_tracking_results/run_20260726_191436) by extensions ['colcon_pkg']
[1.159s] Level 1:colcon.colcon_core.package_identification:_identify(pid_tracking_results/run_20260726_191436) by extension 'colcon_pkg'
[1.160s] Level 1:colcon.colcon_core.package_identification:_identify(pid_tracking_results/run_20260726_191436) by extensions ['colcon_meta']
[1.160s] Level 1:colcon.colcon_core.package_identification:_identify(pid_tracking_results/run_20260726_191436) by extension 'colcon_meta'
[1.160s] Level 1:colcon.colcon_core.package_identification:_identify(pid_tracking_results/run_20260726_191436) by extensions ['ros']
[1.160s] Level 1:colcon.colcon_core.package_identification:_identify(pid_tracking_results/run_20260726_191436) by extension 'ros'
[1.160s] Level 1:colcon.colcon_core.package_identification:_identify(pid_tracking_results/run_20260726_191436) by extensions ['cmake', 'python']
[1.160s] Level 1:colcon.colcon_core.package_identification:_identify(pid_tracking_results/run_20260726_191436) by extension 'cmake'
[1.160s] Level 1:colcon.colcon_core.package_identification:_identify(pid_tracking_results/run_20260726_191436) by extension 'python'
[1.160s] Level 1:colcon.colcon_core.package_identification:_identify(pid_tracking_results/run_20260726_191436) by extensions ['python_setup_py']
[1.160s] Level 1:colcon.colcon_core.package_identification:_identify(pid_tracking_results/run_20260726_191436) by extension 'python_setup_py'
[1.161s] Level 1:colcon.colcon_core.package_identification:_identify(pid_tracking_results/run_20260726_191539) by extensions ['ignore', 'ignore_ament_install']
[1.161s] Level 1:colcon.colcon_core.package_identification:_identify(pid_tracking_results/run_20260726_191539) by extension 'ignore'
[1.161s] Level 1:colcon.colcon_core.package_identification:_identify(pid_tracking_results/run_20260726_191539) by extension 'ignore_ament_install'
[1.161s] Level 1:colcon.colcon_core.package_identification:_identify(pid_tracking_results/run_20260726_191539) by extensions ['colcon_pkg']
[1.161s] Level 1:colcon.colcon_core.package_identification:_identify(pid_tracking_results/run_20260726_191539) by extension 'colcon_pkg'
[1.161s] Level 1:colcon.colcon_core.package_identification:_identify(pid_tracking_results/run_20260726_191539) by extensions ['colcon_meta']
[1.161s] Level 1:colcon.colcon_core.package_identification:_identify(pid_tracking_results/run_20260726_191539) by extension 'colcon_meta'
[1.161s] Level 1:colcon.colcon_core.package_identification:_identify(pid_tracking_results/run_20260726_191539) by extensions ['ros']
[1.161s] Level 1:colcon.colcon_core.package_identification:_identify(pid_tracking_results/run_20260726_191539) by extension 'ros'
[1.162s] Level 1:colcon.colcon_core.package_identification:_identify(pid_tracking_results/run_20260726_191539) by extensions ['cmake', 'python']
[1.162s] Level 1:colcon.colcon_core.package_identification:_identify(pid_tracking_results/run_20260726_191539) by extension 'cmake'
[1.162s] Level 1:colcon.colcon_core.package_identification:_identify(pid_tracking_results/run_20260726_191539) by extension 'python'
[1.162s] Level 1:colcon.colcon_core.package_identification:_identify(pid_tracking_results/run_20260726_191539) by extensions ['python_setup_py']
[1.162s] Level 1:colcon.colcon_core.package_identification:_identify(pid_tracking_results/run_20260726_191539) by extension 'python_setup_py'
[1.162s] Level 1:colcon.colcon_core.package_identification:_identify(pid_tracking_results/run_20260726_191702) by extensions ['ignore', 'ignore_ament_install']
[1.162s] Level 1:colcon.colcon_core.package_identification:_identify(pid_tracking_results/run_20260726_191702) by extension 'ignore'
[1.163s] Level 1:colcon.colcon_core.package_identification:_identify(pid_tracking_results/run_20260726_191702) by extension 'ignore_ament_install'
[1.163s] Level 1:colcon.colcon_core.package_identification:_identify(pid_tracking_results/run_20260726_191702) by extensions ['colcon_pkg']
[1.163s] Level 1:colcon.colcon_core.package_identification:_identify(pid_tracking_results/run_20260726_191702) by extension 'colcon_pkg'
[1.163s] Level 1:colcon.colcon_core.package_identification:_identify(pid_tracking_results/run_20260726_191702) by extensions ['colcon_meta']
[1.163s] Level 1:colcon.colcon_core.package_identification:_identify(pid_tracking_results/run_20260726_191702) by extension 'colcon_meta'
[1.163s] Level 1:colcon.colcon_core.package_identification:_identify(pid_tracking_results/run_20260726_191702) by extensions ['ros']
[1.163s] Level 1:colcon.colcon_core.package_identification:_identify(pid_tracking_results/run_20260726_191702) by extension 'ros'
[1.163s] Level 1:colcon.colcon_core.package_identification:_identify(pid_tracking_results/run_20260726_191702) by extensions ['cmake', 'python']
[1.163s] Level 1:colcon.colcon_core.package_identification:_identify(pid_tracking_results/run_20260726_191702) by extension 'cmake'
[1.164s] Level 1:colcon.colcon_core.package_identification:_identify(pid_tracking_results/run_20260726_191702) by extension 'python'
[1.164s] Level 1:colcon.colcon_core.package_identification:_identify(pid_tracking_results/run_20260726_191702) by extensions ['python_setup_py']
[1.164s] Level 1:colcon.colcon_core.package_identification:_identify(pid_tracking_results/run_20260726_191702) by extension 'python_setup_py'
[1.164s] Level 1:colcon.colcon_core.package_identification:_identify(pid_tracking_results/run_20260726_191947) by extensions ['ignore', 'ignore_ament_install']
[1.164s] Level 1:colcon.colcon_core.package_identification:_identify(pid_tracking_results/run_20260726_191947) by extension 'ignore'
[1.164s] Level 1:colcon.colcon_core.package_identification:_identify(pid_tracking_results/run_20260726_191947) by extension 'ignore_ament_install'
[1.164s] Level 1:colcon.colcon_core.package_identification:_identify(pid_tracking_results/run_20260726_191947) by extensions ['colcon_pkg']
[1.164s] Level 1:colcon.colcon_core.package_identification:_identify(pid_tracking_results/run_20260726_191947) by extension 'colcon_pkg'
[1.165s] Level 1:colcon.colcon_core.package_identification:_identify(pid_tracking_results/run_20260726_191947) by extensions ['colcon_meta']
[1.165s] Level 1:colcon.colcon_core.package_identification:_identify(pid_tracking_results/run_20260726_191947) by extension 'colcon_meta'
[1.165s] Level 1:colcon.colcon_core.package_identification:_identify(pid_tracking_results/run_20260726_191947) by extensions ['ros']
[1.165s] Level 1:colcon.colcon_core.package_identification:_identify(pid_tracking_results/run_20260726_191947) by extension 'ros'
[1.165s] Level 1:colcon.colcon_core.package_identification:_identify(pid_tracking_results/run_20260726_191947) by extensions ['cmake', 'python']
[1.165s] Level 1:colcon.colcon_core.package_identification:_identify(pid_tracking_results/run_20260726_191947) by extension 'cmake'
[1.165s] Level 1:colcon.colcon_core.package_identification:_identify(pid_tracking_results/run_20260726_191947) by extension 'python'
[1.165s] Level 1:colcon.colcon_core.package_identification:_identify(pid_tracking_results/run_20260726_191947) by extensions ['python_setup_py']
[1.165s] Level 1:colcon.colcon_core.package_identification:_identify(pid_tracking_results/run_20260726_191947) by extension 'python_setup_py'
[1.166s] Level 1:colcon.colcon_core.package_identification:_identify(pid_tracking_results/run_20260726_192045) by extensions ['ignore', 'ignore_ament_install']
[1.166s] Level 1:colcon.colcon_core.package_identification:_identify(pid_tracking_results/run_20260726_192045) by extension 'ignore'
[1.166s] Level 1:colcon.colcon_core.package_identification:_identify(pid_tracking_results/run_20260726_192045) by extension 'ignore_ament_install'
[1.167s] Level 1:colcon.colcon_core.package_identification:_identify(pid_tracking_results/run_20260726_192045) by extensions ['colcon_pkg']
[1.167s] Level 1:colcon.colcon_core.package_identification:_identify(pid_tracking_results/run_20260726_192045) by extension 'colcon_pkg'
[1.167s] Level 1:colcon.colcon_core.package_identification:_identify(pid_tracking_results/run_20260726_192045) by extensions ['colcon_meta']
[1.167s] Level 1:colcon.colcon_core.package_identification:_identify(pid_tracking_results/run_20260726_192045) by extension 'colcon_meta'
[1.167s] Level 1:colcon.colcon_core.package_identification:_identify(pid_tracking_results/run_20260726_192045) by extensions ['ros']
[1.167s] Level 1:colcon.colcon_core.package_identification:_identify(pid_tracking_results/run_20260726_192045) by extension 'ros'
[1.167s] Level 1:colcon.colcon_core.package_identification:_identify(pid_tracking_results/run_20260726_192045) by extensions ['cmake', 'python']
[1.167s] Level 1:colcon.colcon_core.package_identification:_identify(pid_tracking_results/run_20260726_192045) by extension 'cmake'
[1.167s] Level 1:colcon.colcon_core.package_identification:_identify(pid_tracking_results/run_20260726_192045) by extension 'python'
[1.168s] Level 1:colcon.colcon_core.package_identification:_identify(pid_tracking_results/run_20260726_192045) by extensions ['python_setup_py']
[1.168s] Level 1:colcon.colcon_core.package_identification:_identify(pid_tracking_results/run_20260726_192045) by extension 'python_setup_py'
[1.168s] Level 1:colcon.colcon_core.package_identification:_identify(pid_tracking_results/run_20260726_192842) by extensions ['ignore', 'ignore_ament_install']
[1.168s] Level 1:colcon.colcon_core.package_identification:_identify(pid_tracking_results/run_20260726_192842) by extension 'ignore'
[1.168s] Level 1:colcon.colcon_core.package_identification:_identify(pid_tracking_results/run_20260726_192842) by extension 'ignore_ament_install'
[1.168s] Level 1:colcon.colcon_core.package_identification:_identify(pid_tracking_results/run_20260726_192842) by extensions ['colcon_pkg']
[1.168s] Level 1:colcon.colcon_core.package_identification:_identify(pid_tracking_results/run_20260726_192842) by extension 'colcon_pkg'
[1.169s] Level 1:colcon.colcon_core.package_identification:_identify(pid_tracking_results/run_20260726_192842) by extensions ['colcon_meta']
[1.169s] Level 1:colcon.colcon_core.package_identification:_identify(pid_tracking_results/run_20260726_192842) by extension 'colcon_meta'
[1.169s] Level 1:colcon.colcon_core.package_identification:_identify(pid_tracking_results/run_20260726_192842) by extensions ['ros']
[1.169s] Level 1:colcon.colcon_core.package_identification:_identify(pid_tracking_results/run_20260726_192842) by extension 'ros'
[1.169s] Level 1:colcon.colcon_core.package_identification:_identify(pid_tracking_results/run_20260726_192842) by extensions ['cmake', 'python']
[1.169s] Level 1:colcon.colcon_core.package_identification:_identify(pid_tracking_results/run_20260726_192842) by extension 'cmake'
[1.169s] Level 1:colcon.colcon_core.package_identification:_identify(pid_tracking_results/run_20260726_192842) by extension 'python'
[1.169s] Level 1:colcon.colcon_core.package_identification:_identify(pid_tracking_results/run_20260726_192842) by extensions ['python_setup_py']
[1.169s] Level 1:colcon.colcon_core.package_identification:_identify(pid_tracking_results/run_20260726_192842) by extension 'python_setup_py'
[1.170s] Level 1:colcon.colcon_core.package_identification:_identify(pid_tracking_results/run_20260726_192923) by extensions ['ignore', 'ignore_ament_install']
[1.170s] Level 1:colcon.colcon_core.package_identification:_identify(pid_tracking_results/run_20260726_192923) by extension 'ignore'
[1.170s] Level 1:colcon.colcon_core.package_identification:_identify(pid_tracking_results/run_20260726_192923) by extension 'ignore_ament_install'
[1.170s] Level 1:colcon.colcon_core.package_identification:_identify(pid_tracking_results/run_20260726_192923) by extensions ['colcon_pkg']
[1.170s] Level 1:colcon.colcon_core.package_identification:_identify(pid_tracking_results/run_20260726_192923) by extension 'colcon_pkg'
[1.170s] Level 1:colcon.colcon_core.package_identification:_identify(pid_tracking_results/run_20260726_192923) by extensions ['colcon_meta']
[1.170s] Level 1:colcon.colcon_core.package_identification:_identify(pid_tracking_results/run_20260726_192923) by extension 'colcon_meta'
[1.170s] Level 1:colcon.colcon_core.package_identification:_identify(pid_tracking_results/run_20260726_192923) by extensions ['ros']
[1.171s] Level 1:colcon.colcon_core.package_identification:_identify(pid_tracking_results/run_20260726_192923) by extension 'ros'
[1.171s] Level 1:colcon.colcon_core.package_identification:_identify(pid_tracking_results/run_20260726_192923) by extensions ['cmake', 'python']
[1.171s] Level 1:colcon.colcon_core.package_identification:_identify(pid_tracking_results/run_20260726_192923) by extension 'cmake'
[1.171s] Level 1:colcon.colcon_core.package_identification:_identify(pid_tracking_results/run_20260726_192923) by extension 'python'
[1.171s] Level 1:colcon.colcon_core.package_identification:_identify(pid_tracking_results/run_20260726_192923) by extensions ['python_setup_py']
[1.171s] Level 1:colcon.colcon_core.package_identification:_identify(pid_tracking_results/run_20260726_192923) by extension 'python_setup_py'
[1.171s] Level 1:colcon.colcon_core.package_identification:_identify(pid_tracking_results/run_20260726_193008) by extensions ['ignore', 'ignore_ament_install']
[1.172s] Level 1:colcon.colcon_core.package_identification:_identify(pid_tracking_results/run_20260726_193008) by extension 'ignore'
[1.172s] Level 1:colcon.colcon_core.package_identification:_identify(pid_tracking_results/run_20260726_193008) by extension 'ignore_ament_install'
[1.172s] Level 1:colcon.colcon_core.package_identification:_identify(pid_tracking_results/run_20260726_193008) by extensions ['colcon_pkg']
[1.172s] Level 1:colcon.colcon_core.package_identification:_identify(pid_tracking_results/run_20260726_193008) by extension 'colcon_pkg'
[1.172s] Level 1:colcon.colcon_core.package_identification:_identify(pid_tracking_results/run_20260726_193008) by extensions ['colcon_meta']
[1.172s] Level 1:colcon.colcon_core.package_identification:_identify(pid_tracking_results/run_20260726_193008) by extension 'colcon_meta'
[1.172s] Level 1:colcon.colcon_core.package_identification:_identify(pid_tracking_results/run_20260726_193008) by extensions ['ros']
[1.172s] Level 1:colcon.colcon_core.package_identification:_identify(pid_tracking_results/run_20260726_193008) by extension 'ros'
[1.172s] Level 1:colcon.colcon_core.package_identification:_identify(pid_tracking_results/run_20260726_193008) by extensions ['cmake', 'python']
[1.173s] Level 1:colcon.colcon_core.package_identification:_identify(pid_tracking_results/run_20260726_193008) by extension 'cmake'
[1.173s] Level 1:colcon.colcon_core.package_identification:_identify(pid_tracking_results/run_20260726_193008) by extension 'python'
[1.173s] Level 1:colcon.colcon_core.package_identification:_identify(pid_tracking_results/run_20260726_193008) by extensions ['python_setup_py']
[1.173s] Level 1:colcon.colcon_core.package_identification:_identify(pid_tracking_results/run_20260726_193008) by extension 'python_setup_py'
[1.173s] Level 1:colcon.colcon_core.package_identification:_identify(pid_tracking_results/run_20260726_193101) by extensions ['ignore', 'ignore_ament_install']
[1.173s] Level 1:colcon.colcon_core.package_identification:_identify(pid_tracking_results/run_20260726_193101) by extension 'ignore'
[1.174s] Level 1:colcon.colcon_core.package_identification:_identify(pid_tracking_results/run_20260726_193101) by extension 'ignore_ament_install'
[1.174s] Level 1:colcon.colcon_core.package_identification:_identify(pid_tracking_results/run_20260726_193101) by extensions ['colcon_pkg']
[1.174s] Level 1:colcon.colcon_core.package_identification:_identify(pid_tracking_results/run_20260726_193101) by extension 'colcon_pkg'
[1.174s] Level 1:colcon.colcon_core.package_identification:_identify(pid_tracking_results/run_20260726_193101) by extensions ['colcon_meta']
[1.174s] Level 1:colcon.colcon_core.package_identification:_identify(pid_tracking_results/run_20260726_193101) by extension 'colcon_meta'
[1.174s] Level 1:colcon.colcon_core.package_identification:_identify(pid_tracking_results/run_20260726_193101) by extensions ['ros']
[1.174s] Level 1:colcon.colcon_core.package_identification:_identify(pid_tracking_results/run_20260726_193101) by extension 'ros'
[1.175s] Level 1:colcon.colcon_core.package_identification:_identify(pid_tracking_results/run_20260726_193101) by extensions ['cmake', 'python']
[1.175s] Level 1:colcon.colcon_core.package_identification:_identify(pid_tracking_results/run_20260726_193101) by extension 'cmake'
[1.175s] Level 1:colcon.colcon_core.package_identification:_identify(pid_tracking_results/run_20260726_193101) by extension 'python'
[1.175s] Level 1:colcon.colcon_core.package_identification:_identify(pid_tracking_results/run_20260726_193101) by extensions ['python_setup_py']
[1.175s] Level 1:colcon.colcon_core.package_identification:_identify(pid_tracking_results/run_20260726_193101) by extension 'python_setup_py'
[1.175s] Level 1:colcon.colcon_core.package_identification:_identify(pid_tracking_results/run_20260726_193208) by extensions ['ignore', 'ignore_ament_install']
[1.176s] Level 1:colcon.colcon_core.package_identification:_identify(pid_tracking_results/run_20260726_193208) by extension 'ignore'
[1.176s] Level 1:colcon.colcon_core.package_identification:_identify(pid_tracking_results/run_20260726_193208) by extension 'ignore_ament_install'
[1.176s] Level 1:colcon.colcon_core.package_identification:_identify(pid_tracking_results/run_20260726_193208) by extensions ['colcon_pkg']
[1.176s] Level 1:colcon.colcon_core.package_identification:_identify(pid_tracking_results/run_20260726_193208) by extension 'colcon_pkg'
[1.176s] Level 1:colcon.colcon_core.package_identification:_identify(pid_tracking_results/run_20260726_193208) by extensions ['colcon_meta']
[1.176s] Level 1:colcon.colcon_core.package_identification:_identify(pid_tracking_results/run_20260726_193208) by extension 'colcon_meta'
[1.176s] Level 1:colcon.colcon_core.package_identification:_identify(pid_tracking_results/run_20260726_193208) by extensions ['ros']
[1.176s] Level 1:colcon.colcon_core.package_identification:_identify(pid_tracking_results/run_20260726_193208) by extension 'ros'
[1.176s] Level 1:colcon.colcon_core.package_identification:_identify(pid_tracking_results/run_20260726_193208) by extensions ['cmake', 'python']
[1.177s] Level 1:colcon.colcon_core.package_identification:_identify(pid_tracking_results/run_20260726_193208) by extension 'cmake'
[1.177s] Level 1:colcon.colcon_core.package_identification:_identify(pid_tracking_results/run_20260726_193208) by extension 'python'
[1.177s] Level 1:colcon.colcon_core.package_identification:_identify(pid_tracking_results/run_20260726_193208) by extensions ['python_setup_py']
[1.177s] Level 1:colcon.colcon_core.package_identification:_identify(pid_tracking_results/run_20260726_193208) by extension 'python_setup_py'
[1.177s] Level 1:colcon.colcon_core.package_identification:_identify(src) by extensions ['ignore', 'ignore_ament_install']
[1.177s] Level 1:colcon.colcon_core.package_identification:_identify(src) by extension 'ignore'
[1.177s] Level 1:colcon.colcon_core.package_identification:_identify(src) by extension 'ignore_ament_install'
[1.178s] Level 1:colcon.colcon_core.package_identification:_identify(src) by extensions ['colcon_pkg']
[1.178s] Level 1:colcon.colcon_core.package_identification:_identify(src) by extension 'colcon_pkg'
[1.178s] Level 1:colcon.colcon_core.package_identification:_identify(src) by extensions ['colcon_meta']
[1.178s] Level 1:colcon.colcon_core.package_identification:_identify(src) by extension 'colcon_meta'
[1.178s] Level 1:colcon.colcon_core.package_identification:_identify(src) by extensions ['ros']
[1.178s] Level 1:colcon.colcon_core.package_identification:_identify(src) by extension 'ros'
[1.178s] Level 1:colcon.colcon_core.package_identification:_identify(src) by extensions ['cmake', 'python']
[1.178s] Level 1:colcon.colcon_core.package_identification:_identify(src) by extension 'cmake'
[1.178s] Level 1:colcon.colcon_core.package_identification:_identify(src) by extension 'python'
[1.178s] Level 1:colcon.colcon_core.package_identification:_identify(src) by extensions ['python_setup_py']
[1.178s] Level 1:colcon.colcon_core.package_identification:_identify(src) by extension 'python_setup_py'
[1.179s] Level 1:colcon.colcon_core.package_identification:_identify(src/FAST_LIO) by extensions ['ignore', 'ignore_ament_install']
[1.179s] Level 1:colcon.colcon_core.package_identification:_identify(src/FAST_LIO) by extension 'ignore'
[1.179s] Level 1:colcon.colcon_core.package_identification:_identify(src/FAST_LIO) by extension 'ignore_ament_install'
[1.179s] Level 1:colcon.colcon_core.package_identification:_identify(src/FAST_LIO) by extensions ['colcon_pkg']
[1.179s] Level 1:colcon.colcon_core.package_identification:_identify(src/FAST_LIO) by extension 'colcon_pkg'
[1.179s] Level 1:colcon.colcon_core.package_identification:_identify(src/FAST_LIO) by extensions ['colcon_meta']
[1.179s] Level 1:colcon.colcon_core.package_identification:_identify(src/FAST_LIO) by extension 'colcon_meta'
[1.180s] Level 1:colcon.colcon_core.package_identification:_identify(src/FAST_LIO) by extensions ['ros']
[1.180s] Level 1:colcon.colcon_core.package_identification:_identify(src/FAST_LIO) by extension 'ros'
[1.187s] DEBUG:colcon.colcon_core.package_identification:Package 'src/FAST_LIO' with type 'ros.ament_cmake' and name 'fast_lio'
[1.188s] Level 1:colcon.colcon_core.package_identification:_identify(src/centerline_extraction) by extensions ['ignore', 'ignore_ament_install']
[1.188s] Level 1:colcon.colcon_core.package_identification:_identify(src/centerline_extraction) by extension 'ignore'
[1.188s] Level 1:colcon.colcon_core.package_identification:_identify(src/centerline_extraction) by extension 'ignore_ament_install'
[1.188s] Level 1:colcon.colcon_core.package_identification:_identify(src/centerline_extraction) by extensions ['colcon_pkg']
[1.189s] Level 1:colcon.colcon_core.package_identification:_identify(src/centerline_extraction) by extension 'colcon_pkg'
[1.189s] Level 1:colcon.colcon_core.package_identification:_identify(src/centerline_extraction) by extensions ['colcon_meta']
[1.189s] Level 1:colcon.colcon_core.package_identification:_identify(src/centerline_extraction) by extension 'colcon_meta'
[1.189s] Level 1:colcon.colcon_core.package_identification:_identify(src/centerline_extraction) by extensions ['ros']
[1.189s] Level 1:colcon.colcon_core.package_identification:_identify(src/centerline_extraction) by extension 'ros'
[1.196s] DEBUG:colcon.colcon_core.package_identification:Package 'src/centerline_extraction' with type 'ros.ament_cmake' and name 'centerline_extraction'
[1.197s] Level 1:colcon.colcon_core.package_identification:_identify(src/serial_ros2) by extensions ['ignore', 'ignore_ament_install']
[1.197s] Level 1:colcon.colcon_core.package_identification:_identify(src/serial_ros2) by extension 'ignore'
[1.197s] Level 1:colcon.colcon_core.package_identification:_identify(src/serial_ros2) by extension 'ignore_ament_install'
[1.197s] Level 1:colcon.colcon_core.package_identification:_identify(src/serial_ros2) by extensions ['colcon_pkg']
[1.197s] Level 1:colcon.colcon_core.package_identification:_identify(src/serial_ros2) by extension 'colcon_pkg'
[1.197s] Level 1:colcon.colcon_core.package_identification:_identify(src/serial_ros2) by extensions ['colcon_meta']
[1.198s] Level 1:colcon.colcon_core.package_identification:_identify(src/serial_ros2) by extension 'colcon_meta'
[1.198s] Level 1:colcon.colcon_core.package_identification:_identify(src/serial_ros2) by extensions ['ros']
[1.198s] Level 1:colcon.colcon_core.package_identification:_identify(src/serial_ros2) by extension 'ros'
[1.199s] DEBUG:colcon.colcon_core.package_identification:Package 'src/serial_ros2' with type 'ros.ament_cmake' and name 'serial'
[1.200s] Level 1:colcon.colcon_core.package_identification:_identify(src/turn_on_32chassis) by extensions ['ignore', 'ignore_ament_install']
[1.200s] Level 1:colcon.colcon_core.package_identification:_identify(src/turn_on_32chassis) by extension 'ignore'
[1.200s] Level 1:colcon.colcon_core.package_identification:_identify(src/turn_on_32chassis) by extension 'ignore_ament_install'
[1.200s] Level 1:colcon.colcon_core.package_identification:_identify(src/turn_on_32chassis) by extensions ['colcon_pkg']
[1.200s] Level 1:colcon.colcon_core.package_identification:_identify(src/turn_on_32chassis) by extension 'colcon_pkg'
[1.200s] Level 1:colcon.colcon_core.package_identification:_identify(src/turn_on_32chassis) by extensions ['colcon_meta']
[1.200s] Level 1:colcon.colcon_core.package_identification:_identify(src/turn_on_32chassis) by extension 'colcon_meta'
[1.201s] Level 1:colcon.colcon_core.package_identification:_identify(src/turn_on_32chassis) by extensions ['ros']
[1.201s] Level 1:colcon.colcon_core.package_identification:_identify(src/turn_on_32chassis) by extension 'ros'
[1.204s] DEBUG:colcon.colcon_core.package_identification:Package 'src/turn_on_32chassis' with type 'ros.ament_cmake' and name 'turn_on_32chassis'
[1.204s] Level 1:colcon.colcon_core.package_identification:_identify(src/turn_on_agribot) by extensions ['ignore', 'ignore_ament_install']
[1.204s] Level 1:colcon.colcon_core.package_identification:_identify(src/turn_on_agribot) by extension 'ignore'
[1.204s] Level 1:colcon.colcon_core.package_identification:_identify(src/turn_on_agribot) by extension 'ignore_ament_install'
[1.205s] Level 1:colcon.colcon_core.package_identification:_identify(src/turn_on_agribot) by extensions ['colcon_pkg']
[1.205s] Level 1:colcon.colcon_core.package_identification:_identify(src/turn_on_agribot) by extension 'colcon_pkg'
[1.205s] Level 1:colcon.colcon_core.package_identification:_identify(src/turn_on_agribot) by extensions ['colcon_meta']
[1.205s] Level 1:colcon.colcon_core.package_identification:_identify(src/turn_on_agribot) by extension 'colcon_meta'
[1.205s] Level 1:colcon.colcon_core.package_identification:_identify(src/turn_on_agribot) by extensions ['ros']
[1.205s] Level 1:colcon.colcon_core.package_identification:_identify(src/turn_on_agribot) by extension 'ros'
[1.207s] DEBUG:colcon.colcon_core.package_identification:Package 'src/turn_on_agribot' with type 'ros.ament_cmake' and name 'turn_on_agribot'
[1.207s] Level 1:colcon.colcon_core.package_identification:_identify(src/yesense_ros2) by extensions ['ignore', 'ignore_ament_install']
[1.207s] Level 1:colcon.colcon_core.package_identification:_identify(src/yesense_ros2) by extension 'ignore'
[1.207s] Level 1:colcon.colcon_core.package_identification:_identify(src/yesense_ros2) by extension 'ignore_ament_install'
[1.208s] Level 1:colcon.colcon_core.package_identification:_identify(src/yesense_ros2) by extensions ['colcon_pkg']
[1.208s] Level 1:colcon.colcon_core.package_identification:_identify(src/yesense_ros2) by extension 'colcon_pkg'
[1.208s] Level 1:colcon.colcon_core.package_identification:_identify(src/yesense_ros2) by extensions ['colcon_meta']
[1.208s] Level 1:colcon.colcon_core.package_identification:_identify(src/yesense_ros2) by extension 'colcon_meta'
[1.208s] Level 1:colcon.colcon_core.package_identification:_identify(src/yesense_ros2) by extensions ['ros']
[1.208s] Level 1:colcon.colcon_core.package_identification:_identify(src/yesense_ros2) by extension 'ros'
[1.208s] Level 1:colcon.colcon_core.package_identification:_identify(src/yesense_ros2) by extensions ['cmake', 'python']
[1.208s] Level 1:colcon.colcon_core.package_identification:_identify(src/yesense_ros2) by extension 'cmake'
[1.209s] Level 1:colcon.colcon_core.package_identification:_identify(src/yesense_ros2) by extension 'python'
[1.209s] Level 1:colcon.colcon_core.package_identification:_identify(src/yesense_ros2) by extensions ['python_setup_py']
[1.209s] Level 1:colcon.colcon_core.package_identification:_identify(src/yesense_ros2) by extension 'python_setup_py'
[1.209s] Level 1:colcon.colcon_core.package_identification:_identify(src/yesense_ros2/yesense_interface) by extensions ['ignore', 'ignore_ament_install']
[1.209s] Level 1:colcon.colcon_core.package_identification:_identify(src/yesense_ros2/yesense_interface) by extension 'ignore'
[1.209s] Level 1:colcon.colcon_core.package_identification:_identify(src/yesense_ros2/yesense_interface) by extension 'ignore_ament_install'
[1.209s] Level 1:colcon.colcon_core.package_identification:_identify(src/yesense_ros2/yesense_interface) by extensions ['colcon_pkg']
[1.210s] Level 1:colcon.colcon_core.package_identification:_identify(src/yesense_ros2/yesense_interface) by extension 'colcon_pkg'
[1.210s] Level 1:colcon.colcon_core.package_identification:_identify(src/yesense_ros2/yesense_interface) by extensions ['colcon_meta']
[1.210s] Level 1:colcon.colcon_core.package_identification:_identify(src/yesense_ros2/yesense_interface) by extension 'colcon_meta'
[1.210s] Level 1:colcon.colcon_core.package_identification:_identify(src/yesense_ros2/yesense_interface) by extensions ['ros']
[1.210s] Level 1:colcon.colcon_core.package_identification:_identify(src/yesense_ros2/yesense_interface) by extension 'ros'
[1.246s] DEBUG:colcon.colcon_core.package_identification:Package 'src/yesense_ros2/yesense_interface' with type 'ros.ament_cmake' and name 'yesense_interface'
[1.247s] Level 1:colcon.colcon_core.package_identification:_identify(src/yesense_ros2/yesense_std_ros2) by extensions ['ignore', 'ignore_ament_install']
[1.247s] Level 1:colcon.colcon_core.package_identification:_identify(src/yesense_ros2/yesense_std_ros2) by extension 'ignore'
[1.247s] Level 1:colcon.colcon_core.package_identification:_identify(src/yesense_ros2/yesense_std_ros2) by extension 'ignore_ament_install'
[1.248s] Level 1:colcon.colcon_core.package_identification:_identify(src/yesense_ros2/yesense_std_ros2) by extensions ['colcon_pkg']
[1.248s] Level 1:colcon.colcon_core.package_identification:_identify(src/yesense_ros2/yesense_std_ros2) by extension 'colcon_pkg'
[1.248s] Level 1:colcon.colcon_core.package_identification:_identify(src/yesense_ros2/yesense_std_ros2) by extensions ['colcon_meta']
[1.248s] Level 1:colcon.colcon_core.package_identification:_identify(src/yesense_ros2/yesense_std_ros2) by extension 'colcon_meta'
[1.248s] Level 1:colcon.colcon_core.package_identification:_identify(src/yesense_ros2/yesense_std_ros2) by extensions ['ros']
[1.248s] Level 1:colcon.colcon_core.package_identification:_identify(src/yesense_ros2/yesense_std_ros2) by extension 'ros'
[1.251s] DEBUG:colcon.colcon_core.package_identification:Package 'src/yesense_ros2/yesense_std_ros2' with type 'ros.ament_cmake' and name 'yesense_std_ros2'
[1.251s] Level 1:colcon.colcon_core.package_identification:_identify(tools) by extensions ['ignore', 'ignore_ament_install']
[1.252s] Level 1:colcon.colcon_core.package_identification:_identify(tools) by extension 'ignore'
[1.252s] Level 1:colcon.colcon_core.package_identification:_identify(tools) by extension 'ignore_ament_install'
[1.252s] Level 1:colcon.colcon_core.package_identification:_identify(tools) by extensions ['colcon_pkg']
[1.252s] Level 1:colcon.colcon_core.package_identification:_identify(tools) by extension 'colcon_pkg'
[1.252s] Level 1:colcon.colcon_core.package_identification:_identify(tools) by extensions ['colcon_meta']
[1.252s] Level 1:colcon.colcon_core.package_identification:_identify(tools) by extension 'colcon_meta'
[1.252s] Level 1:colcon.colcon_core.package_identification:_identify(tools) by extensions ['ros']
[1.252s] Level 1:colcon.colcon_core.package_identification:_identify(tools) by extension 'ros'
[1.253s] Level 1:colcon.colcon_core.package_identification:_identify(tools) by extensions ['cmake', 'python']
[1.253s] Level 1:colcon.colcon_core.package_identification:_identify(tools) by extension 'cmake'
[1.253s] Level 1:colcon.colcon_core.package_identification:_identify(tools) by extension 'python'
[1.253s] Level 1:colcon.colcon_core.package_identification:_identify(tools) by extensions ['python_setup_py']
[1.253s] Level 1:colcon.colcon_core.package_identification:_identify(tools) by extension 'python_setup_py'
[1.253s] Level 1:colcon.colcon_core.package_discovery:discover_packages(recursive) using defaults
[1.253s] Level 1:colcon.colcon_core.package_discovery:discover_packages(ignore) discover
[1.253s] Level 1:colcon.colcon_core.package_discovery:discover_packages(ignore) using defaults
[1.254s] Level 1:colcon.colcon_core.package_discovery:discover_packages(path) discover
[1.254s] Level 1:colcon.colcon_core.package_discovery:discover_packages(path) using defaults
[1.317s] INFO:colcon.colcon_core.package_selection:Skipping not selected package 'fast_lio' in 'src/FAST_LIO'
[1.317s] INFO:colcon.colcon_core.package_selection:Skipping not selected package 'serial' in 'src/serial_ros2'
[1.317s] INFO:colcon.colcon_core.package_selection:Skipping not selected package 'yesense_interface' in 'src/yesense_ros2/yesense_interface'
[1.317s] INFO:colcon.colcon_core.package_selection:Skipping not selected package 'yesense_std_ros2' in 'src/yesense_ros2/yesense_std_ros2'
[1.317s] INFO:colcon.colcon_core.package_selection:Skipping not selected package 'turn_on_32chassis' in 'src/turn_on_32chassis'
[1.318s] INFO:colcon.colcon_core.package_selection:Skipping not selected package 'turn_on_agribot' in 'src/turn_on_agribot'
[1.319s] Level 1:colcon.colcon_core.package_discovery:discover_packages(prefix_path) check parameters
[1.319s] Level 1:colcon.colcon_core.package_discovery:discover_packages(prefix_path) discover
[1.333s] DEBUG:colcon.colcon_installed_package_information.package_discovery:Found 7 installed packages in /home/wheeltec/agribot/agribot_ws/install
[1.335s] DEBUG:colcon.colcon_installed_package_information.package_discovery:Found 2 installed packages in /home/wheeltec/ws_livox/install
[1.342s] DEBUG:colcon.colcon_installed_package_information.package_discovery:Found 92 installed packages in /home/wheeltec/wheeltec_ros2/install
[1.347s] DEBUG:colcon.colcon_installed_package_information.package_discovery:Found 365 installed packages in /opt/ros/humble
[1.355s] Level 1:colcon.colcon_core.package_discovery:discover_packages(prefix_path) using defaults
[1.485s] Level 5:colcon.colcon_core.verb:set package 'centerline_extraction' build argument 'cmake_args' from command line to 'None'
[1.486s] Level 5:colcon.colcon_core.verb:set package 'centerline_extraction' build argument 'cmake_target' from command line to 'None'
[1.486s] Level 5:colcon.colcon_core.verb:set package 'centerline_extraction' build argument 'cmake_target_skip_unavailable' from command line to 'False'
[1.486s] Level 5:colcon.colcon_core.verb:set package 'centerline_extraction' build argument 'cmake_clean_cache' from command line to 'False'
[1.486s] Level 5:colcon.colcon_core.verb:set package 'centerline_extraction' build argument 'cmake_clean_first' from command line to 'False'
[1.486s] Level 5:colcon.colcon_core.verb:set package 'centerline_extraction' build argument 'cmake_force_configure' from command line to 'False'
[1.486s] Level 5:colcon.colcon_core.verb:set package 'centerline_extraction' build argument 'ament_cmake_args' from command line to 'None'
[1.486s] Level 5:colcon.colcon_core.verb:set package 'centerline_extraction' build argument 'catkin_cmake_args' from command line to 'None'
[1.486s] Level 5:colcon.colcon_core.verb:set package 'centerline_extraction' build argument 'catkin_skip_building_tests' from command line to 'False'
[1.487s] DEBUG:colcon.colcon_core.verb:Building package 'centerline_extraction' with the following arguments: {'ament_cmake_args': None, 'build_base': '/home/wheeltec/agribot/agribot_ws/build/centerline_extraction', 'catkin_cmake_args': None, 'catkin_skip_building_tests': False, 'cmake_args': None, 'cmake_clean_cache': False, 'cmake_clean_first': False, 'cmake_force_configure': False, 'cmake_target': None, 'cmake_target_skip_unavailable': False, 'install_base': '/home/wheeltec/agribot/agribot_ws/install/centerline_extraction', 'merge_install': False, 'path': '/home/wheeltec/agribot/agribot_ws/src/centerline_extraction', 'symlink_install': False, 'test_result_base': None}
[1.487s] INFO:colcon.colcon_core.executor:Executing jobs using 'parallel' executor
[1.513s] DEBUG:colcon.colcon_parallel_executor.executor.parallel:run_until_complete
[1.513s] INFO:colcon.colcon_ros.task.ament_cmake.build:Building ROS package in '/home/wheeltec/agribot/agribot_ws/src/centerline_extraction' with build type 'ament_cmake'
[1.514s] INFO:colcon.colcon_cmake.task.cmake.build:Building CMake package in '/home/wheeltec/agribot/agribot_ws/src/centerline_extraction'
[1.520s] INFO:colcon.colcon_core.plugin_system:Skipping extension 'colcon_core.shell.bat': Not used on non-Windows systems
[1.521s] INFO:colcon.colcon_core.shell:Skip shell extension 'powershell' for command environment: Not usable outside of PowerShell
[1.521s] DEBUG:colcon.colcon_core.shell:Skip shell extension 'dsv' for command environment
[1.867s] DEBUG:colcon.colcon_core.event_handler.log_command:Invoking command in '/home/wheeltec/agribot/agribot_ws/build/centerline_extraction': CMAKE_PREFIX_PATH=/home/wheeltec/agribot/agribot_ws/install/turn_on_agribot:/home/wheeltec/agribot/agribot_ws/install/turn_on_32chassis:/home/wheeltec/agribot/agribot_ws/install/yesense_std_ros2:/home/wheeltec/agribot/agribot_ws/install/yesense_interface:/home/wheeltec/agribot/agribot_ws/install/serial:/home/wheeltec/agribot/agribot_ws/install/fast_lio:/home/wheeltec/agribot/agribot_ws/install/centerline_extraction:/home/wheeltec/ws_livox/install/livox_ros_driver2:/home/wheeltec/wheeltec_ros2/install/yesense_std_ros2:/home/wheeltec/wheeltec_ros2/install/yesense_interface:/home/wheeltec/wheeltec_ros2/install/wheeltec_slam_toolbox:/home/wheeltec/wheeltec_ros2/install/wheeltec_rviz2:/home/wheeltec/wheeltec_ros2/install/wheeltec_rrt_msg:/home/wheeltec/wheeltec_ros2/install/wheeltec_robot_urdf:/home/wheeltec/wheeltec_ros2/install/wheeltec_robot_rtab:/home/wheeltec/wheeltec_ros2/install/wheeltec_robot_rrt:/home/wheeltec/wheeltec_ros2/install/turn_on_wheeltec_robot:/home/wheeltec/wheeltec_ros2/install/wheeltec_robot_msg:/home/wheeltec/wheeltec_ros2/install/wheeltec_robot_kcf:/home/wheeltec/wheeltec_ros2/install/wheeltec_path_follow:/home/wheeltec/wheeltec_ros2/install/wheeltec_nav2:/home/wheeltec/wheeltec_ros2/install/wheeltec_multi:/home/wheeltec/wheeltec_ros2/install/wheeltec_mic_ros2:/home/wheeltec/wheeltec_ros2/install/wheeltec_mic_msg:/home/wheeltec/wheeltec_ros2/install/wheeltec_joy:/home/wheeltec/wheeltec_ros2/install/wheeltec_gps_driver:/home/wheeltec/wheeltec_ros2/install/wheeltec_cartographer:/home/wheeltec/wheeltec_ros2/install/wheeltec_aiui:/home/wheeltec/wheeltec_ros2/install/web_video_server:/home/wheeltec/wheeltec_ros2/install/usb_cam:/home/wheeltec/wheeltec_ros2/install/ublox:/home/wheeltec/wheeltec_ros2/install/ublox_gps:/home/wheeltec/wheeltec_ros2/install/ublox_msgs:/home/wheeltec/wheeltec_ros2/install/ublox_serialization:/home/wheeltec/wheeltec_ros2/install/tts:/home/wheeltec/wheeltec_ros2/install/slam_gmapping:/home/wheeltec/wheeltec_ros2/install/bodyreader:/home/wheeltec/wheeltec_ros2/install/serial:/home/wheeltec/wheeltec_ros2/install/rplidar_ros:/home/wheeltec/wheeltec_ros2/install/orb_slam2_ros:/home/wheeltec/wheeltec_ros2/install/openslam_gmapping:/home/wheeltec/wheeltec_ros2/install/ollama_ros_msgs:/home/wheeltec/wheeltec_ros2/install/nmea_msgs:/home/wheeltec/wheeltec_ros2/install/nav2_bringup:/home/wheeltec/wheeltec_ros2/install/navigation2:/home/wheeltec/wheeltec_ros2/install/nav2_smoother:/home/wheeltec/wheeltec_ros2/install/nav2_dwb_controller:/home/wheeltec/wheeltec_ros2/install/nav2_controller:/home/wheeltec/wheeltec_ros2/install/dwb_plugins:/home/wheeltec/wheeltec_ros2/install/dwb_critics:/home/wheeltec/wheeltec_ros2/install/dwb_core:/home/wheeltec/wheeltec_ros2/install/nav_2d_utils:/home/wheeltec/wheeltec_ros2/install/dwb_msgs:/home/wheeltec/wheeltec_ros2/install/nav_2d_msgs:/home/wheeltec/wheeltec_ros2/install/nav2_waypoint_follower:/home/wheeltec/wheeltec_ros2/install/nav2_theta_star_planner:/home/wheeltec/wheeltec_ros2/install/nav2_smac_planner:/home/wheeltec/wheeltec_ros2/install/nav2_rotation_shim_controller:/home/wheeltec/wheeltec_ros2/install/nav2_regulated_pure_pursuit_controller:/home/wheeltec/wheeltec_ros2/install/nav2_planner:/home/wheeltec/wheeltec_ros2/install/nav2_navfn_planner:/home/wheeltec/wheeltec_ros2/install/nav2_constrained_smoother:/home/wheeltec/wheeltec_ros2/install/nav2_bt_navigator:/home/wheeltec/wheeltec_ros2/install/nav2_behaviors:/home/wheeltec/wheeltec_ros2/install/nav2_core:/home/wheeltec/wheeltec_ros2/install/nav2_collision_monitor:/home/wheeltec/wheeltec_ros2/install/costmap_queue:/home/wheeltec/wheeltec_ros2/install/nav2_costmap_2d:/home/wheeltec/wheeltec_ros2/install/nav2_voxel_grid:/home/wheeltec/wheeltec_ros2/install/nav2_velocity_smoother:/home/wheeltec/wheeltec_ros2/install/nav2_rviz_plugins:/home/wheeltec/wheeltec_ros2/install/nav2_map_server:/home/wheeltec/wheeltec_ros2/install/nav2_lifecycle_manager:/home/wheeltec/wheeltec_ros2/install/nav2_behavior_tree:/home/wheeltec/wheeltec_ros2/install/nav2_amcl:/home/wheeltec/wheeltec_ros2/install/nav2_util:/home/wheeltec/wheeltec_ros2/install/nav2_msgs:/home/wheeltec/wheeltec_ros2/install/nav2_common:/home/wheeltec/wheeltec_ros2/install/lslidar_driver:/home/wheeltec/wheeltec_ros2/install/lslidar_msgs:/home/wheeltec/wheeltec_ros2/install/ldlidar_stl_ros2:/home/wheeltec/wheeltec_ros2/install/ldlidar_sl_ros2:/home/wheeltec/wheeltec_ros2/install/ldlidar:/home/wheeltec/wheeltec_ros2/install/bodyreader_msg:/home/wheeltec/wheeltec_ros2/install/astra_camera:/home/wheeltec/wheeltec_ros2/install/astra_camera_msgs:/home/wheeltec/wheeltec_ros2/install/aruco_ros:/home/wheeltec/wheeltec_ros2/install/aruco_msgs:/home/wheeltec/wheeltec_ros2/install/aruco:/home/wheeltec/wheeltec_ros2/install/ackermann_msgs:/home/wheeltec/wheeltec_ros2/install/simple_follower_ros2:/home/wheeltec/wheeltec_ros2/install/wheeltec_robot_keyboard:/home/wheeltec/wheeltec_ros2/install/wheeltec_dual_rtk_driver:/home/wheeltec/wheeltec_ros2/install/ultralytics_ros2:/home/wheeltec/wheeltec_ros2/install/tf2_tools:/home/wheeltec/wheeltec_ros2/install/ollama_ros_chat:/home/wheeltec/wheeltec_ros2/install/nmea_navsat_driver:/home/wheeltec/wheeltec_ros2/install/nav2_waypoint_cycle:/home/wheeltec/wheeltec_ros2/install/nav2_simple_commander:/home/wheeltec/wheeltec_ros2/install/auto_recharge_ros2:/opt/ros/humble LD_LIBRARY_PATH=/home/wheeltec/agribot/agribot_ws/install/yesense_interface/lib:/home/wheeltec/agribot/agribot_ws/install/fast_lio/lib:/usr/lib/aarch64-linux-gnu:/usr/lib/aarch64-linux-gnu:/home/wheeltec/agribot/agribot_ws/install/serial/lib:/home/wheeltec/ws_livox/install/livox_sdk2/lib:/home/wheeltec/ws_livox/install/livox_ros_driver2/lib:/home/wheeltec/wheeltec_ros2/install/yesense_interface/lib:/home/wheeltec/wheeltec_ros2/install/wheeltec_rrt_msg/lib:/home/wheeltec/wheeltec_ros2/install/wheeltec_robot_rrt/lib:/home/wheeltec/wheeltec_ros2/install/turn_on_wheeltec_robot/lib:/home/wheeltec/wheeltec_ros2/install/wheeltec_robot_msg/lib:/home/wheeltec/wheeltec_ros2/install/wheeltec_mic_msg/lib:/home/wheeltec/wheeltec_ros2/install/usb_cam/lib:/home/wheeltec/wheeltec_ros2/install/ublox_gps/lib:/home/wheeltec/wheeltec_ros2/install/ublox_msgs/lib:/home/wheeltec/wheeltec_ros2/install/serial/lib:/home/wheeltec/wheeltec_ros2/install/orb_slam2_ros/lib:/home/wheeltec/wheeltec_ros2/install/openslam_gmapping/lib:/home/wheeltec/wheeltec_ros2/install/ollama_ros_msgs/lib:/home/wheeltec/wheeltec_ros2/install/nmea_msgs/lib:/home/wheeltec/wheeltec_ros2/install/nav2_smoother/lib:/home/wheeltec/wheeltec_ros2/install/nav2_controller/lib:/home/wheeltec/wheeltec_ros2/install/dwb_plugins/lib:/home/wheeltec/wheeltec_ros2/install/dwb_critics/lib:/home/wheeltec/wheeltec_ros2/install/dwb_core/lib:/home/wheeltec/wheeltec_ros2/install/nav_2d_utils/lib:/home/wheeltec/wheeltec_ros2/install/dwb_msgs/lib:/home/wheeltec/wheeltec_ros2/install/nav_2d_msgs/lib:/home/wheeltec/wheeltec_ros2/install/nav2_waypoint_follower/lib:/home/wheeltec/wheeltec_ros2/install/nav2_theta_star_planner/lib:/home/wheeltec/wheeltec_ros2/install/nav2_smac_planner/lib:/home/wheeltec/wheeltec_ros2/install/nav2_rotation_shim_controller/lib:/home/wheeltec/wheeltec_ros2/install/nav2_regulated_pure_pursuit_controller/lib:/home/wheeltec/wheeltec_ros2/install/nav2_planner/lib:/home/wheeltec/wheeltec_ros2/install/nav2_navfn_planner/lib:/home/wheeltec/wheeltec_ros2/install/nav2_constrained_smoother/lib:/home/wheeltec/wheeltec_ros2/install/nav2_bt_navigator/lib:/home/wheeltec/wheeltec_ros2/install/nav2_behaviors/lib:/home/wheeltec/wheeltec_ros2/install/nav2_collision_monitor/lib:/home/wheeltec/wheeltec_ros2/install/costmap_queue/lib:/home/wheeltec/wheeltec_ros2/install/nav2_costmap_2d/lib:/home/wheeltec/wheeltec_ros2/install/nav2_voxel_grid/lib:/home/wheeltec/wheeltec_ros2/install/nav2_velocity_smoother/lib:/home/wheeltec/wheeltec_ros2/install/nav2_rviz_plugins/lib:/home/wheeltec/wheeltec_ros2/install/nav2_map_server/lib:/home/wheeltec/wheeltec_ros2/install/nav2_lifecycle_manager/lib:/home/wheeltec/wheeltec_ros2/install/nav2_behavior_tree/lib:/home/wheeltec/wheeltec_ros2/install/nav2_amcl/lib:/home/wheeltec/wheeltec_ros2/install/nav2_util/lib:/home/wheeltec/wheeltec_ros2/install/nav2_msgs/lib:/home/wheeltec/wheeltec_ros2/install/lslidar_msgs/lib:/home/wheeltec/wheeltec_ros2/install/bodyreader_msg/lib:/home/wheeltec/wheeltec_ros2/install/astra_camera/lib:/home/wheeltec/wheeltec_ros2/install/astra_camera_msgs/lib:/home/wheeltec/wheeltec_ros2/install/aruco_ros/lib:/home/wheeltec/wheeltec_ros2/install/aruco_msgs/lib:/home/wheeltec/wheeltec_ros2/install/aruco/lib:/home/wheeltec/wheeltec_ros2/install/ackermann_msgs/lib:/opt/ros/humble/opt/rviz_ogre_vendor/lib:/opt/ros/humble/lib/aarch64-linux-gnu:/opt/ros/humble/lib /usr/bin/cmake --build /home/wheeltec/agribot/agribot_ws/build/centerline_extraction -- -j8 -l8
[2.185s] DEBUG:colcon.colcon_core.event_handler.log_command:Invoked command in '/home/wheeltec/agribot/agribot_ws/build/centerline_extraction' returned '0': CMAKE_PREFIX_PATH=/home/wheeltec/agribot/agribot_ws/install/turn_on_agribot:/home/wheeltec/agribot/agribot_ws/install/turn_on_32chassis:/home/wheeltec/agribot/agribot_ws/install/yesense_std_ros2:/home/wheeltec/agribot/agribot_ws/install/yesense_interface:/home/wheeltec/agribot/agribot_ws/install/serial:/home/wheeltec/agribot/agribot_ws/install/fast_lio:/home/wheeltec/agribot/agribot_ws/install/centerline_extraction:/home/wheeltec/ws_livox/install/livox_ros_driver2:/home/wheeltec/wheeltec_ros2/install/yesense_std_ros2:/home/wheeltec/wheeltec_ros2/install/yesense_interface:/home/wheeltec/wheeltec_ros2/install/wheeltec_slam_toolbox:/home/wheeltec/wheeltec_ros2/install/wheeltec_rviz2:/home/wheeltec/wheeltec_ros2/install/wheeltec_rrt_msg:/home/wheeltec/wheeltec_ros2/install/wheeltec_robot_urdf:/home/wheeltec/wheeltec_ros2/install/wheeltec_robot_rtab:/home/wheeltec/wheeltec_ros2/install/wheeltec_robot_rrt:/home/wheeltec/wheeltec_ros2/install/turn_on_wheeltec_robot:/home/wheeltec/wheeltec_ros2/install/wheeltec_robot_msg:/home/wheeltec/wheeltec_ros2/install/wheeltec_robot_kcf:/home/wheeltec/wheeltec_ros2/install/wheeltec_path_follow:/home/wheeltec/wheeltec_ros2/install/wheeltec_nav2:/home/wheeltec/wheeltec_ros2/install/wheeltec_multi:/home/wheeltec/wheeltec_ros2/install/wheeltec_mic_ros2:/home/wheeltec/wheeltec_ros2/install/wheeltec_mic_msg:/home/wheeltec/wheeltec_ros2/install/wheeltec_joy:/home/wheeltec/wheeltec_ros2/install/wheeltec_gps_driver:/home/wheeltec/wheeltec_ros2/install/wheeltec_cartographer:/home/wheeltec/wheeltec_ros2/install/wheeltec_aiui:/home/wheeltec/wheeltec_ros2/install/web_video_server:/home/wheeltec/wheeltec_ros2/install/usb_cam:/home/wheeltec/wheeltec_ros2/install/ublox:/home/wheeltec/wheeltec_ros2/install/ublox_gps:/home/wheeltec/wheeltec_ros2/install/ublox_msgs:/home/wheeltec/wheeltec_ros2/install/ublox_serialization:/home/wheeltec/wheeltec_ros2/install/tts:/home/wheeltec/wheeltec_ros2/install/slam_gmapping:/home/wheeltec/wheeltec_ros2/install/bodyreader:/home/wheeltec/wheeltec_ros2/install/serial:/home/wheeltec/wheeltec_ros2/install/rplidar_ros:/home/wheeltec/wheeltec_ros2/install/orb_slam2_ros:/home/wheeltec/wheeltec_ros2/install/openslam_gmapping:/home/wheeltec/wheeltec_ros2/install/ollama_ros_msgs:/home/wheeltec/wheeltec_ros2/install/nmea_msgs:/home/wheeltec/wheeltec_ros2/install/nav2_bringup:/home/wheeltec/wheeltec_ros2/install/navigation2:/home/wheeltec/wheeltec_ros2/install/nav2_smoother:/home/wheeltec/wheeltec_ros2/install/nav2_dwb_controller:/home/wheeltec/wheeltec_ros2/install/nav2_controller:/home/wheeltec/wheeltec_ros2/install/dwb_plugins:/home/wheeltec/wheeltec_ros2/install/dwb_critics:/home/wheeltec/wheeltec_ros2/install/dwb_core:/home/wheeltec/wheeltec_ros2/install/nav_2d_utils:/home/wheeltec/wheeltec_ros2/install/dwb_msgs:/home/wheeltec/wheeltec_ros2/install/nav_2d_msgs:/home/wheeltec/wheeltec_ros2/install/nav2_waypoint_follower:/home/wheeltec/wheeltec_ros2/install/nav2_theta_star_planner:/home/wheeltec/wheeltec_ros2/install/nav2_smac_planner:/home/wheeltec/wheeltec_ros2/install/nav2_rotation_shim_controller:/home/wheeltec/wheeltec_ros2/install/nav2_regulated_pure_pursuit_controller:/home/wheeltec/wheeltec_ros2/install/nav2_planner:/home/wheeltec/wheeltec_ros2/install/nav2_navfn_planner:/home/wheeltec/wheeltec_ros2/install/nav2_constrained_smoother:/home/wheeltec/wheeltec_ros2/install/nav2_bt_navigator:/home/wheeltec/wheeltec_ros2/install/nav2_behaviors:/home/wheeltec/wheeltec_ros2/install/nav2_core:/home/wheeltec/wheeltec_ros2/install/nav2_collision_monitor:/home/wheeltec/wheeltec_ros2/install/costmap_queue:/home/wheeltec/wheeltec_ros2/install/nav2_costmap_2d:/home/wheeltec/wheeltec_ros2/install/nav2_voxel_grid:/home/wheeltec/wheeltec_ros2/install/nav2_velocity_smoother:/home/wheeltec/wheeltec_ros2/install/nav2_rviz_plugins:/home/wheeltec/wheeltec_ros2/install/nav2_map_server:/home/wheeltec/wheeltec_ros2/install/nav2_lifecycle_manager:/home/wheeltec/wheeltec_ros2/install/nav2_behavior_tree:/home/wheeltec/wheeltec_ros2/install/nav2_amcl:/home/wheeltec/wheeltec_ros2/install/nav2_util:/home/wheeltec/wheeltec_ros2/install/nav2_msgs:/home/wheeltec/wheeltec_ros2/install/nav2_common:/home/wheeltec/wheeltec_ros2/install/lslidar_driver:/home/wheeltec/wheeltec_ros2/install/lslidar_msgs:/home/wheeltec/wheeltec_ros2/install/ldlidar_stl_ros2:/home/wheeltec/wheeltec_ros2/install/ldlidar_sl_ros2:/home/wheeltec/wheeltec_ros2/install/ldlidar:/home/wheeltec/wheeltec_ros2/install/bodyreader_msg:/home/wheeltec/wheeltec_ros2/install/astra_camera:/home/wheeltec/wheeltec_ros2/install/astra_camera_msgs:/home/wheeltec/wheeltec_ros2/install/aruco_ros:/home/wheeltec/wheeltec_ros2/install/aruco_msgs:/home/wheeltec/wheeltec_ros2/install/aruco:/home/wheeltec/wheeltec_ros2/install/ackermann_msgs:/home/wheeltec/wheeltec_ros2/install/simple_follower_ros2:/home/wheeltec/wheeltec_ros2/install/wheeltec_robot_keyboard:/home/wheeltec/wheeltec_ros2/install/wheeltec_dual_rtk_driver:/home/wheeltec/wheeltec_ros2/install/ultralytics_ros2:/home/wheeltec/wheeltec_ros2/install/tf2_tools:/home/wheeltec/wheeltec_ros2/install/ollama_ros_chat:/home/wheeltec/wheeltec_ros2/install/nmea_navsat_driver:/home/wheeltec/wheeltec_ros2/install/nav2_waypoint_cycle:/home/wheeltec/wheeltec_ros2/install/nav2_simple_commander:/home/wheeltec/wheeltec_ros2/install/auto_recharge_ros2:/opt/ros/humble LD_LIBRARY_PATH=/home/wheeltec/agribot/agribot_ws/install/yesense_interface/lib:/home/wheeltec/agribot/agribot_ws/install/fast_lio/lib:/usr/lib/aarch64-linux-gnu:/usr/lib/aarch64-linux-gnu:/home/wheeltec/agribot/agribot_ws/install/serial/lib:/home/wheeltec/ws_livox/install/livox_sdk2/lib:/home/wheeltec/ws_livox/install/livox_ros_driver2/lib:/home/wheeltec/wheeltec_ros2/install/yesense_interface/lib:/home/wheeltec/wheeltec_ros2/install/wheeltec_rrt_msg/lib:/home/wheeltec/wheeltec_ros2/install/wheeltec_robot_rrt/lib:/home/wheeltec/wheeltec_ros2/install/turn_on_wheeltec_robot/lib:/home/wheeltec/wheeltec_ros2/install/wheeltec_robot_msg/lib:/home/wheeltec/wheeltec_ros2/install/wheeltec_mic_msg/lib:/home/wheeltec/wheeltec_ros2/install/usb_cam/lib:/home/wheeltec/wheeltec_ros2/install/ublox_gps/lib:/home/wheeltec/wheeltec_ros2/install/ublox_msgs/lib:/home/wheeltec/wheeltec_ros2/install/serial/lib:/home/wheeltec/wheeltec_ros2/install/orb_slam2_ros/lib:/home/wheeltec/wheeltec_ros2/install/openslam_gmapping/lib:/home/wheeltec/wheeltec_ros2/install/ollama_ros_msgs/lib:/home/wheeltec/wheeltec_ros2/install/nmea_msgs/lib:/home/wheeltec/wheeltec_ros2/install/nav2_smoother/lib:/home/wheeltec/wheeltec_ros2/install/nav2_controller/lib:/home/wheeltec/wheeltec_ros2/install/dwb_plugins/lib:/home/wheeltec/wheeltec_ros2/install/dwb_critics/lib:/home/wheeltec/wheeltec_ros2/install/dwb_core/lib:/home/wheeltec/wheeltec_ros2/install/nav_2d_utils/lib:/home/wheeltec/wheeltec_ros2/install/dwb_msgs/lib:/home/wheeltec/wheeltec_ros2/install/nav_2d_msgs/lib:/home/wheeltec/wheeltec_ros2/install/nav2_waypoint_follower/lib:/home/wheeltec/wheeltec_ros2/install/nav2_theta_star_planner/lib:/home/wheeltec/wheeltec_ros2/install/nav2_smac_planner/lib:/home/wheeltec/wheeltec_ros2/install/nav2_rotation_shim_controller/lib:/home/wheeltec/wheeltec_ros2/install/nav2_regulated_pure_pursuit_controller/lib:/home/wheeltec/wheeltec_ros2/install/nav2_planner/lib:/home/wheeltec/wheeltec_ros2/install/nav2_navfn_planner/lib:/home/wheeltec/wheeltec_ros2/install/nav2_constrained_smoother/lib:/home/wheeltec/wheeltec_ros2/install/nav2_bt_navigator/lib:/home/wheeltec/wheeltec_ros2/install/nav2_behaviors/lib:/home/wheeltec/wheeltec_ros2/install/nav2_collision_monitor/lib:/home/wheeltec/wheeltec_ros2/install/costmap_queue/lib:/home/wheeltec/wheeltec_ros2/install/nav2_costmap_2d/lib:/home/wheeltec/wheeltec_ros2/install/nav2_voxel_grid/lib:/home/wheeltec/wheeltec_ros2/install/nav2_velocity_smoother/lib:/home/wheeltec/wheeltec_ros2/install/nav2_rviz_plugins/lib:/home/wheeltec/wheeltec_ros2/install/nav2_map_server/lib:/home/wheeltec/wheeltec_ros2/install/nav2_lifecycle_manager/lib:/home/wheeltec/wheeltec_ros2/install/nav2_behavior_tree/lib:/home/wheeltec/wheeltec_ros2/install/nav2_amcl/lib:/home/wheeltec/wheeltec_ros2/install/nav2_util/lib:/home/wheeltec/wheeltec_ros2/install/nav2_msgs/lib:/home/wheeltec/wheeltec_ros2/install/lslidar_msgs/lib:/home/wheeltec/wheeltec_ros2/install/bodyreader_msg/lib:/home/wheeltec/wheeltec_ros2/install/astra_camera/lib:/home/wheeltec/wheeltec_ros2/install/astra_camera_msgs/lib:/home/wheeltec/wheeltec_ros2/install/aruco_ros/lib:/home/wheeltec/wheeltec_ros2/install/aruco_msgs/lib:/home/wheeltec/wheeltec_ros2/install/aruco/lib:/home/wheeltec/wheeltec_ros2/install/ackermann_msgs/lib:/opt/ros/humble/opt/rviz_ogre_vendor/lib:/opt/ros/humble/lib/aarch64-linux-gnu:/opt/ros/humble/lib /usr/bin/cmake --build /home/wheeltec/agribot/agribot_ws/build/centerline_extraction -- -j8 -l8
[2.206s] DEBUG:colcon.colcon_core.event_handler.log_command:Invoking command in '/home/wheeltec/agribot/agribot_ws/build/centerline_extraction': CMAKE_PREFIX_PATH=/home/wheeltec/agribot/agribot_ws/install/turn_on_agribot:/home/wheeltec/agribot/agribot_ws/install/turn_on_32chassis:/home/wheeltec/agribot/agribot_ws/install/yesense_std_ros2:/home/wheeltec/agribot/agribot_ws/install/yesense_interface:/home/wheeltec/agribot/agribot_ws/install/serial:/home/wheeltec/agribot/agribot_ws/install/fast_lio:/home/wheeltec/agribot/agribot_ws/install/centerline_extraction:/home/wheeltec/ws_livox/install/livox_ros_driver2:/home/wheeltec/wheeltec_ros2/install/yesense_std_ros2:/home/wheeltec/wheeltec_ros2/install/yesense_interface:/home/wheeltec/wheeltec_ros2/install/wheeltec_slam_toolbox:/home/wheeltec/wheeltec_ros2/install/wheeltec_rviz2:/home/wheeltec/wheeltec_ros2/install/wheeltec_rrt_msg:/home/wheeltec/wheeltec_ros2/install/wheeltec_robot_urdf:/home/wheeltec/wheeltec_ros2/install/wheeltec_robot_rtab:/home/wheeltec/wheeltec_ros2/install/wheeltec_robot_rrt:/home/wheeltec/wheeltec_ros2/install/turn_on_wheeltec_robot:/home/wheeltec/wheeltec_ros2/install/wheeltec_robot_msg:/home/wheeltec/wheeltec_ros2/install/wheeltec_robot_kcf:/home/wheeltec/wheeltec_ros2/install/wheeltec_path_follow:/home/wheeltec/wheeltec_ros2/install/wheeltec_nav2:/home/wheeltec/wheeltec_ros2/install/wheeltec_multi:/home/wheeltec/wheeltec_ros2/install/wheeltec_mic_ros2:/home/wheeltec/wheeltec_ros2/install/wheeltec_mic_msg:/home/wheeltec/wheeltec_ros2/install/wheeltec_joy:/home/wheeltec/wheeltec_ros2/install/wheeltec_gps_driver:/home/wheeltec/wheeltec_ros2/install/wheeltec_cartographer:/home/wheeltec/wheeltec_ros2/install/wheeltec_aiui:/home/wheeltec/wheeltec_ros2/install/web_video_server:/home/wheeltec/wheeltec_ros2/install/usb_cam:/home/wheeltec/wheeltec_ros2/install/ublox:/home/wheeltec/wheeltec_ros2/install/ublox_gps:/home/wheeltec/wheeltec_ros2/install/ublox_msgs:/home/wheeltec/wheeltec_ros2/install/ublox_serialization:/home/wheeltec/wheeltec_ros2/install/tts:/home/wheeltec/wheeltec_ros2/install/slam_gmapping:/home/wheeltec/wheeltec_ros2/install/bodyreader:/home/wheeltec/wheeltec_ros2/install/serial:/home/wheeltec/wheeltec_ros2/install/rplidar_ros:/home/wheeltec/wheeltec_ros2/install/orb_slam2_ros:/home/wheeltec/wheeltec_ros2/install/openslam_gmapping:/home/wheeltec/wheeltec_ros2/install/ollama_ros_msgs:/home/wheeltec/wheeltec_ros2/install/nmea_msgs:/home/wheeltec/wheeltec_ros2/install/nav2_bringup:/home/wheeltec/wheeltec_ros2/install/navigation2:/home/wheeltec/wheeltec_ros2/install/nav2_smoother:/home/wheeltec/wheeltec_ros2/install/nav2_dwb_controller:/home/wheeltec/wheeltec_ros2/install/nav2_controller:/home/wheeltec/wheeltec_ros2/install/dwb_plugins:/home/wheeltec/wheeltec_ros2/install/dwb_critics:/home/wheeltec/wheeltec_ros2/install/dwb_core:/home/wheeltec/wheeltec_ros2/install/nav_2d_utils:/home/wheeltec/wheeltec_ros2/install/dwb_msgs:/home/wheeltec/wheeltec_ros2/install/nav_2d_msgs:/home/wheeltec/wheeltec_ros2/install/nav2_waypoint_follower:/home/wheeltec/wheeltec_ros2/install/nav2_theta_star_planner:/home/wheeltec/wheeltec_ros2/install/nav2_smac_planner:/home/wheeltec/wheeltec_ros2/install/nav2_rotation_shim_controller:/home/wheeltec/wheeltec_ros2/install/nav2_regulated_pure_pursuit_controller:/home/wheeltec/wheeltec_ros2/install/nav2_planner:/home/wheeltec/wheeltec_ros2/install/nav2_navfn_planner:/home/wheeltec/wheeltec_ros2/install/nav2_constrained_smoother:/home/wheeltec/wheeltec_ros2/install/nav2_bt_navigator:/home/wheeltec/wheeltec_ros2/install/nav2_behaviors:/home/wheeltec/wheeltec_ros2/install/nav2_core:/home/wheeltec/wheeltec_ros2/install/nav2_collision_monitor:/home/wheeltec/wheeltec_ros2/install/costmap_queue:/home/wheeltec/wheeltec_ros2/install/nav2_costmap_2d:/home/wheeltec/wheeltec_ros2/install/nav2_voxel_grid:/home/wheeltec/wheeltec_ros2/install/nav2_velocity_smoother:/home/wheeltec/wheeltec_ros2/install/nav2_rviz_plugins:/home/wheeltec/wheeltec_ros2/install/nav2_map_server:/home/wheeltec/wheeltec_ros2/install/nav2_lifecycle_manager:/home/wheeltec/wheeltec_ros2/install/nav2_behavior_tree:/home/wheeltec/wheeltec_ros2/install/nav2_amcl:/home/wheeltec/wheeltec_ros2/install/nav2_util:/home/wheeltec/wheeltec_ros2/install/nav2_msgs:/home/wheeltec/wheeltec_ros2/install/nav2_common:/home/wheeltec/wheeltec_ros2/install/lslidar_driver:/home/wheeltec/wheeltec_ros2/install/lslidar_msgs:/home/wheeltec/wheeltec_ros2/install/ldlidar_stl_ros2:/home/wheeltec/wheeltec_ros2/install/ldlidar_sl_ros2:/home/wheeltec/wheeltec_ros2/install/ldlidar:/home/wheeltec/wheeltec_ros2/install/bodyreader_msg:/home/wheeltec/wheeltec_ros2/install/astra_camera:/home/wheeltec/wheeltec_ros2/install/astra_camera_msgs:/home/wheeltec/wheeltec_ros2/install/aruco_ros:/home/wheeltec/wheeltec_ros2/install/aruco_msgs:/home/wheeltec/wheeltec_ros2/install/aruco:/home/wheeltec/wheeltec_ros2/install/ackermann_msgs:/home/wheeltec/wheeltec_ros2/install/simple_follower_ros2:/home/wheeltec/wheeltec_ros2/install/wheeltec_robot_keyboard:/home/wheeltec/wheeltec_ros2/install/wheeltec_dual_rtk_driver:/home/wheeltec/wheeltec_ros2/install/ultralytics_ros2:/home/wheeltec/wheeltec_ros2/install/tf2_tools:/home/wheeltec/wheeltec_ros2/install/ollama_ros_chat:/home/wheeltec/wheeltec_ros2/install/nmea_navsat_driver:/home/wheeltec/wheeltec_ros2/install/nav2_waypoint_cycle:/home/wheeltec/wheeltec_ros2/install/nav2_simple_commander:/home/wheeltec/wheeltec_ros2/install/auto_recharge_ros2:/opt/ros/humble LD_LIBRARY_PATH=/home/wheeltec/agribot/agribot_ws/install/yesense_interface/lib:/home/wheeltec/agribot/agribot_ws/install/fast_lio/lib:/usr/lib/aarch64-linux-gnu:/usr/lib/aarch64-linux-gnu:/home/wheeltec/agribot/agribot_ws/install/serial/lib:/home/wheeltec/ws_livox/install/livox_sdk2/lib:/home/wheeltec/ws_livox/install/livox_ros_driver2/lib:/home/wheeltec/wheeltec_ros2/install/yesense_interface/lib:/home/wheeltec/wheeltec_ros2/install/wheeltec_rrt_msg/lib:/home/wheeltec/wheeltec_ros2/install/wheeltec_robot_rrt/lib:/home/wheeltec/wheeltec_ros2/install/turn_on_wheeltec_robot/lib:/home/wheeltec/wheeltec_ros2/install/wheeltec_robot_msg/lib:/home/wheeltec/wheeltec_ros2/install/wheeltec_mic_msg/lib:/home/wheeltec/wheeltec_ros2/install/usb_cam/lib:/home/wheeltec/wheeltec_ros2/install/ublox_gps/lib:/home/wheeltec/wheeltec_ros2/install/ublox_msgs/lib:/home/wheeltec/wheeltec_ros2/install/serial/lib:/home/wheeltec/wheeltec_ros2/install/orb_slam2_ros/lib:/home/wheeltec/wheeltec_ros2/install/openslam_gmapping/lib:/home/wheeltec/wheeltec_ros2/install/ollama_ros_msgs/lib:/home/wheeltec/wheeltec_ros2/install/nmea_msgs/lib:/home/wheeltec/wheeltec_ros2/install/nav2_smoother/lib:/home/wheeltec/wheeltec_ros2/install/nav2_controller/lib:/home/wheeltec/wheeltec_ros2/install/dwb_plugins/lib:/home/wheeltec/wheeltec_ros2/install/dwb_critics/lib:/home/wheeltec/wheeltec_ros2/install/dwb_core/lib:/home/wheeltec/wheeltec_ros2/install/nav_2d_utils/lib:/home/wheeltec/wheeltec_ros2/install/dwb_msgs/lib:/home/wheeltec/wheeltec_ros2/install/nav_2d_msgs/lib:/home/wheeltec/wheeltec_ros2/install/nav2_waypoint_follower/lib:/home/wheeltec/wheeltec_ros2/install/nav2_theta_star_planner/lib:/home/wheeltec/wheeltec_ros2/install/nav2_smac_planner/lib:/home/wheeltec/wheeltec_ros2/install/nav2_rotation_shim_controller/lib:/home/wheeltec/wheeltec_ros2/install/nav2_regulated_pure_pursuit_controller/lib:/home/wheeltec/wheeltec_ros2/install/nav2_planner/lib:/home/wheeltec/wheeltec_ros2/install/nav2_navfn_planner/lib:/home/wheeltec/wheeltec_ros2/install/nav2_constrained_smoother/lib:/home/wheeltec/wheeltec_ros2/install/nav2_bt_navigator/lib:/home/wheeltec/wheeltec_ros2/install/nav2_behaviors/lib:/home/wheeltec/wheeltec_ros2/install/nav2_collision_monitor/lib:/home/wheeltec/wheeltec_ros2/install/costmap_queue/lib:/home/wheeltec/wheeltec_ros2/install/nav2_costmap_2d/lib:/home/wheeltec/wheeltec_ros2/install/nav2_voxel_grid/lib:/home/wheeltec/wheeltec_ros2/install/nav2_velocity_smoother/lib:/home/wheeltec/wheeltec_ros2/install/nav2_rviz_plugins/lib:/home/wheeltec/wheeltec_ros2/install/nav2_map_server/lib:/home/wheeltec/wheeltec_ros2/install/nav2_lifecycle_manager/lib:/home/wheeltec/wheeltec_ros2/install/nav2_behavior_tree/lib:/home/wheeltec/wheeltec_ros2/install/nav2_amcl/lib:/home/wheeltec/wheeltec_ros2/install/nav2_util/lib:/home/wheeltec/wheeltec_ros2/install/nav2_msgs/lib:/home/wheeltec/wheeltec_ros2/install/lslidar_msgs/lib:/home/wheeltec/wheeltec_ros2/install/bodyreader_msg/lib:/home/wheeltec/wheeltec_ros2/install/astra_camera/lib:/home/wheeltec/wheeltec_ros2/install/astra_camera_msgs/lib:/home/wheeltec/wheeltec_ros2/install/aruco_ros/lib:/home/wheeltec/wheeltec_ros2/install/aruco_msgs/lib:/home/wheeltec/wheeltec_ros2/install/aruco/lib:/home/wheeltec/wheeltec_ros2/install/ackermann_msgs/lib:/opt/ros/humble/opt/rviz_ogre_vendor/lib:/opt/ros/humble/lib/aarch64-linux-gnu:/opt/ros/humble/lib /usr/bin/cmake --install /home/wheeltec/agribot/agribot_ws/build/centerline_extraction
[2.318s] Level 1:colcon.colcon_core.environment:create_environment_scripts_only(centerline_extraction)
[2.326s] Level 1:colcon.colcon_core.environment:checking '/home/wheeltec/agribot/agribot_ws/install/centerline_extraction' for CMake module files
[2.327s] DEBUG:colcon.colcon_core.event_handler.log_command:Invoked command in '/home/wheeltec/agribot/agribot_ws/build/centerline_extraction' returned '0': CMAKE_PREFIX_PATH=/home/wheeltec/agribot/agribot_ws/install/turn_on_agribot:/home/wheeltec/agribot/agribot_ws/install/turn_on_32chassis:/home/wheeltec/agribot/agribot_ws/install/yesense_std_ros2:/home/wheeltec/agribot/agribot_ws/install/yesense_interface:/home/wheeltec/agribot/agribot_ws/install/serial:/home/wheeltec/agribot/agribot_ws/install/fast_lio:/home/wheeltec/agribot/agribot_ws/install/centerline_extraction:/home/wheeltec/ws_livox/install/livox_ros_driver2:/home/wheeltec/wheeltec_ros2/install/yesense_std_ros2:/home/wheeltec/wheeltec_ros2/install/yesense_interface:/home/wheeltec/wheeltec_ros2/install/wheeltec_slam_toolbox:/home/wheeltec/wheeltec_ros2/install/wheeltec_rviz2:/home/wheeltec/wheeltec_ros2/install/wheeltec_rrt_msg:/home/wheeltec/wheeltec_ros2/install/wheeltec_robot_urdf:/home/wheeltec/wheeltec_ros2/install/wheeltec_robot_rtab:/home/wheeltec/wheeltec_ros2/install/wheeltec_robot_rrt:/home/wheeltec/wheeltec_ros2/install/turn_on_wheeltec_robot:/home/wheeltec/wheeltec_ros2/install/wheeltec_robot_msg:/home/wheeltec/wheeltec_ros2/install/wheeltec_robot_kcf:/home/wheeltec/wheeltec_ros2/install/wheeltec_path_follow:/home/wheeltec/wheeltec_ros2/install/wheeltec_nav2:/home/wheeltec/wheeltec_ros2/install/wheeltec_multi:/home/wheeltec/wheeltec_ros2/install/wheeltec_mic_ros2:/home/wheeltec/wheeltec_ros2/install/wheeltec_mic_msg:/home/wheeltec/wheeltec_ros2/install/wheeltec_joy:/home/wheeltec/wheeltec_ros2/install/wheeltec_gps_driver:/home/wheeltec/wheeltec_ros2/install/wheeltec_cartographer:/home/wheeltec/wheeltec_ros2/install/wheeltec_aiui:/home/wheeltec/wheeltec_ros2/install/web_video_server:/home/wheeltec/wheeltec_ros2/install/usb_cam:/home/wheeltec/wheeltec_ros2/install/ublox:/home/wheeltec/wheeltec_ros2/install/ublox_gps:/home/wheeltec/wheeltec_ros2/install/ublox_msgs:/home/wheeltec/wheeltec_ros2/install/ublox_serialization:/home/wheeltec/wheeltec_ros2/install/tts:/home/wheeltec/wheeltec_ros2/install/slam_gmapping:/home/wheeltec/wheeltec_ros2/install/bodyreader:/home/wheeltec/wheeltec_ros2/install/serial:/home/wheeltec/wheeltec_ros2/install/rplidar_ros:/home/wheeltec/wheeltec_ros2/install/orb_slam2_ros:/home/wheeltec/wheeltec_ros2/install/openslam_gmapping:/home/wheeltec/wheeltec_ros2/install/ollama_ros_msgs:/home/wheeltec/wheeltec_ros2/install/nmea_msgs:/home/wheeltec/wheeltec_ros2/install/nav2_bringup:/home/wheeltec/wheeltec_ros2/install/navigation2:/home/wheeltec/wheeltec_ros2/install/nav2_smoother:/home/wheeltec/wheeltec_ros2/install/nav2_dwb_controller:/home/wheeltec/wheeltec_ros2/install/nav2_controller:/home/wheeltec/wheeltec_ros2/install/dwb_plugins:/home/wheeltec/wheeltec_ros2/install/dwb_critics:/home/wheeltec/wheeltec_ros2/install/dwb_core:/home/wheeltec/wheeltec_ros2/install/nav_2d_utils:/home/wheeltec/wheeltec_ros2/install/dwb_msgs:/home/wheeltec/wheeltec_ros2/install/nav_2d_msgs:/home/wheeltec/wheeltec_ros2/install/nav2_waypoint_follower:/home/wheeltec/wheeltec_ros2/install/nav2_theta_star_planner:/home/wheeltec/wheeltec_ros2/install/nav2_smac_planner:/home/wheeltec/wheeltec_ros2/install/nav2_rotation_shim_controller:/home/wheeltec/wheeltec_ros2/install/nav2_regulated_pure_pursuit_controller:/home/wheeltec/wheeltec_ros2/install/nav2_planner:/home/wheeltec/wheeltec_ros2/install/nav2_navfn_planner:/home/wheeltec/wheeltec_ros2/install/nav2_constrained_smoother:/home/wheeltec/wheeltec_ros2/install/nav2_bt_navigator:/home/wheeltec/wheeltec_ros2/install/nav2_behaviors:/home/wheeltec/wheeltec_ros2/install/nav2_core:/home/wheeltec/wheeltec_ros2/install/nav2_collision_monitor:/home/wheeltec/wheeltec_ros2/install/costmap_queue:/home/wheeltec/wheeltec_ros2/install/nav2_costmap_2d:/home/wheeltec/wheeltec_ros2/install/nav2_voxel_grid:/home/wheeltec/wheeltec_ros2/install/nav2_velocity_smoother:/home/wheeltec/wheeltec_ros2/install/nav2_rviz_plugins:/home/wheeltec/wheeltec_ros2/install/nav2_map_server:/home/wheeltec/wheeltec_ros2/install/nav2_lifecycle_manager:/home/wheeltec/wheeltec_ros2/install/nav2_behavior_tree:/home/wheeltec/wheeltec_ros2/install/nav2_amcl:/home/wheeltec/wheeltec_ros2/install/nav2_util:/home/wheeltec/wheeltec_ros2/install/nav2_msgs:/home/wheeltec/wheeltec_ros2/install/nav2_common:/home/wheeltec/wheeltec_ros2/install/lslidar_driver:/home/wheeltec/wheeltec_ros2/install/lslidar_msgs:/home/wheeltec/wheeltec_ros2/install/ldlidar_stl_ros2:/home/wheeltec/wheeltec_ros2/install/ldlidar_sl_ros2:/home/wheeltec/wheeltec_ros2/install/ldlidar:/home/wheeltec/wheeltec_ros2/install/bodyreader_msg:/home/wheeltec/wheeltec_ros2/install/astra_camera:/home/wheeltec/wheeltec_ros2/install/astra_camera_msgs:/home/wheeltec/wheeltec_ros2/install/aruco_ros:/home/wheeltec/wheeltec_ros2/install/aruco_msgs:/home/wheeltec/wheeltec_ros2/install/aruco:/home/wheeltec/wheeltec_ros2/install/ackermann_msgs:/home/wheeltec/wheeltec_ros2/install/simple_follower_ros2:/home/wheeltec/wheeltec_ros2/install/wheeltec_robot_keyboard:/home/wheeltec/wheeltec_ros2/install/wheeltec_dual_rtk_driver:/home/wheeltec/wheeltec_ros2/install/ultralytics_ros2:/home/wheeltec/wheeltec_ros2/install/tf2_tools:/home/wheeltec/wheeltec_ros2/install/ollama_ros_chat:/home/wheeltec/wheeltec_ros2/install/nmea_navsat_driver:/home/wheeltec/wheeltec_ros2/install/nav2_waypoint_cycle:/home/wheeltec/wheeltec_ros2/install/nav2_simple_commander:/home/wheeltec/wheeltec_ros2/install/auto_recharge_ros2:/opt/ros/humble LD_LIBRARY_PATH=/home/wheeltec/agribot/agribot_ws/install/yesense_interface/lib:/home/wheeltec/agribot/agribot_ws/install/fast_lio/lib:/usr/lib/aarch64-linux-gnu:/usr/lib/aarch64-linux-gnu:/home/wheeltec/agribot/agribot_ws/install/serial/lib:/home/wheeltec/ws_livox/install/livox_sdk2/lib:/home/wheeltec/ws_livox/install/livox_ros_driver2/lib:/home/wheeltec/wheeltec_ros2/install/yesense_interface/lib:/home/wheeltec/wheeltec_ros2/install/wheeltec_rrt_msg/lib:/home/wheeltec/wheeltec_ros2/install/wheeltec_robot_rrt/lib:/home/wheeltec/wheeltec_ros2/install/turn_on_wheeltec_robot/lib:/home/wheeltec/wheeltec_ros2/install/wheeltec_robot_msg/lib:/home/wheeltec/wheeltec_ros2/install/wheeltec_mic_msg/lib:/home/wheeltec/wheeltec_ros2/install/usb_cam/lib:/home/wheeltec/wheeltec_ros2/install/ublox_gps/lib:/home/wheeltec/wheeltec_ros2/install/ublox_msgs/lib:/home/wheeltec/wheeltec_ros2/install/serial/lib:/home/wheeltec/wheeltec_ros2/install/orb_slam2_ros/lib:/home/wheeltec/wheeltec_ros2/install/openslam_gmapping/lib:/home/wheeltec/wheeltec_ros2/install/ollama_ros_msgs/lib:/home/wheeltec/wheeltec_ros2/install/nmea_msgs/lib:/home/wheeltec/wheeltec_ros2/install/nav2_smoother/lib:/home/wheeltec/wheeltec_ros2/install/nav2_controller/lib:/home/wheeltec/wheeltec_ros2/install/dwb_plugins/lib:/home/wheeltec/wheeltec_ros2/install/dwb_critics/lib:/home/wheeltec/wheeltec_ros2/install/dwb_core/lib:/home/wheeltec/wheeltec_ros2/install/nav_2d_utils/lib:/home/wheeltec/wheeltec_ros2/install/dwb_msgs/lib:/home/wheeltec/wheeltec_ros2/install/nav_2d_msgs/lib:/home/wheeltec/wheeltec_ros2/install/nav2_waypoint_follower/lib:/home/wheeltec/wheeltec_ros2/install/nav2_theta_star_planner/lib:/home/wheeltec/wheeltec_ros2/install/nav2_smac_planner/lib:/home/wheeltec/wheeltec_ros2/install/nav2_rotation_shim_controller/lib:/home/wheeltec/wheeltec_ros2/install/nav2_regulated_pure_pursuit_controller/lib:/home/wheeltec/wheeltec_ros2/install/nav2_planner/lib:/home/wheeltec/wheeltec_ros2/install/nav2_navfn_planner/lib:/home/wheeltec/wheeltec_ros2/install/nav2_constrained_smoother/lib:/home/wheeltec/wheeltec_ros2/install/nav2_bt_navigator/lib:/home/wheeltec/wheeltec_ros2/install/nav2_behaviors/lib:/home/wheeltec/wheeltec_ros2/install/nav2_collision_monitor/lib:/home/wheeltec/wheeltec_ros2/install/costmap_queue/lib:/home/wheeltec/wheeltec_ros2/install/nav2_costmap_2d/lib:/home/wheeltec/wheeltec_ros2/install/nav2_voxel_grid/lib:/home/wheeltec/wheeltec_ros2/install/nav2_velocity_smoother/lib:/home/wheeltec/wheeltec_ros2/install/nav2_rviz_plugins/lib:/home/wheeltec/wheeltec_ros2/install/nav2_map_server/lib:/home/wheeltec/wheeltec_ros2/install/nav2_lifecycle_manager/lib:/home/wheeltec/wheeltec_ros2/install/nav2_behavior_tree/lib:/home/wheeltec/wheeltec_ros2/install/nav2_amcl/lib:/home/wheeltec/wheeltec_ros2/install/nav2_util/lib:/home/wheeltec/wheeltec_ros2/install/nav2_msgs/lib:/home/wheeltec/wheeltec_ros2/install/lslidar_msgs/lib:/home/wheeltec/wheeltec_ros2/install/bodyreader_msg/lib:/home/wheeltec/wheeltec_ros2/install/astra_camera/lib:/home/wheeltec/wheeltec_ros2/install/astra_camera_msgs/lib:/home/wheeltec/wheeltec_ros2/install/aruco_ros/lib:/home/wheeltec/wheeltec_ros2/install/aruco_msgs/lib:/home/wheeltec/wheeltec_ros2/install/aruco/lib:/home/wheeltec/wheeltec_ros2/install/ackermann_msgs/lib:/opt/ros/humble/opt/rviz_ogre_vendor/lib:/opt/ros/humble/lib/aarch64-linux-gnu:/opt/ros/humble/lib /usr/bin/cmake --install /home/wheeltec/agribot/agribot_ws/build/centerline_extraction
[2.329s] Level 1:colcon.colcon_core.environment:checking '/home/wheeltec/agribot/agribot_ws/install/centerline_extraction' for CMake config files
[2.330s] Level 1:colcon.colcon_core.shell:create_environment_hook('centerline_extraction', 'cmake_prefix_path')
[2.331s] INFO:colcon.colcon_core.shell:Creating environment hook '/home/wheeltec/agribot/agribot_ws/install/centerline_extraction/share/centerline_extraction/hook/cmake_prefix_path.ps1'
[2.333s] INFO:colcon.colcon_core.shell:Creating environment descriptor '/home/wheeltec/agribot/agribot_ws/install/centerline_extraction/share/centerline_extraction/hook/cmake_prefix_path.dsv'
[2.335s] INFO:colcon.colcon_core.shell:Creating environment hook '/home/wheeltec/agribot/agribot_ws/install/centerline_extraction/share/centerline_extraction/hook/cmake_prefix_path.sh'
[2.338s] Level 1:colcon.colcon_core.environment:checking '/home/wheeltec/agribot/agribot_ws/install/centerline_extraction/lib'
[2.339s] Level 1:colcon.colcon_core.environment:checking '/home/wheeltec/agribot/agribot_ws/install/centerline_extraction/bin'
[2.339s] Level 1:colcon.colcon_core.environment:checking '/home/wheeltec/agribot/agribot_ws/install/centerline_extraction/lib/pkgconfig/centerline_extraction.pc'
[2.340s] Level 1:colcon.colcon_core.environment:checking '/home/wheeltec/agribot/agribot_ws/install/centerline_extraction/lib/python3.10/site-packages'
[2.341s] Level 1:colcon.colcon_core.environment:checking '/home/wheeltec/agribot/agribot_ws/install/centerline_extraction/bin'
[2.342s] INFO:colcon.colcon_core.shell:Creating package script '/home/wheeltec/agribot/agribot_ws/install/centerline_extraction/share/centerline_extraction/package.ps1'
[2.345s] INFO:colcon.colcon_core.shell:Creating package descriptor '/home/wheeltec/agribot/agribot_ws/install/centerline_extraction/share/centerline_extraction/package.dsv'
[2.347s] INFO:colcon.colcon_core.shell:Creating package script '/home/wheeltec/agribot/agribot_ws/install/centerline_extraction/share/centerline_extraction/package.sh'
[2.350s] INFO:colcon.colcon_core.shell:Creating package script '/home/wheeltec/agribot/agribot_ws/install/centerline_extraction/share/centerline_extraction/package.bash'
[2.359s] INFO:colcon.colcon_core.shell:Creating package script '/home/wheeltec/agribot/agribot_ws/install/centerline_extraction/share/centerline_extraction/package.zsh'
[2.363s] Level 1:colcon.colcon_core.environment:create_file_with_runtime_dependencies(/home/wheeltec/agribot/agribot_ws/install/centerline_extraction/share/colcon-core/packages/centerline_extraction)
[2.365s] Level 1:colcon.colcon_core.environment:create_environment_scripts_only(centerline_extraction)
[2.365s] Level 1:colcon.colcon_core.environment:checking '/home/wheeltec/agribot/agribot_ws/install/centerline_extraction' for CMake module files
[2.367s] Level 1:colcon.colcon_core.environment:checking '/home/wheeltec/agribot/agribot_ws/install/centerline_extraction' for CMake config files
[2.368s] Level 1:colcon.colcon_core.shell:create_environment_hook('centerline_extraction', 'cmake_prefix_path')
[2.370s] INFO:colcon.colcon_core.shell:Creating environment hook '/home/wheeltec/agribot/agribot_ws/install/centerline_extraction/share/centerline_extraction/hook/cmake_prefix_path.ps1'
[2.372s] INFO:colcon.colcon_core.shell:Creating environment descriptor '/home/wheeltec/agribot/agribot_ws/install/centerline_extraction/share/centerline_extraction/hook/cmake_prefix_path.dsv'
[2.373s] INFO:colcon.colcon_core.shell:Creating environment hook '/home/wheeltec/agribot/agribot_ws/install/centerline_extraction/share/centerline_extraction/hook/cmake_prefix_path.sh'
[2.375s] Level 1:colcon.colcon_core.environment:checking '/home/wheeltec/agribot/agribot_ws/install/centerline_extraction/lib'
[2.376s] Level 1:colcon.colcon_core.environment:checking '/home/wheeltec/agribot/agribot_ws/install/centerline_extraction/bin'
[2.376s] Level 1:colcon.colcon_core.environment:checking '/home/wheeltec/agribot/agribot_ws/install/centerline_extraction/lib/pkgconfig/centerline_extraction.pc'
[2.377s] Level 1:colcon.colcon_core.environment:checking '/home/wheeltec/agribot/agribot_ws/install/centerline_extraction/lib/python3.10/site-packages'
[2.378s] Level 1:colcon.colcon_core.environment:checking '/home/wheeltec/agribot/agribot_ws/install/centerline_extraction/bin'
[2.378s] INFO:colcon.colcon_core.shell:Creating package script '/home/wheeltec/agribot/agribot_ws/install/centerline_extraction/share/centerline_extraction/package.ps1'
[2.381s] INFO:colcon.colcon_core.shell:Creating package descriptor '/home/wheeltec/agribot/agribot_ws/install/centerline_extraction/share/centerline_extraction/package.dsv'
[2.382s] INFO:colcon.colcon_core.shell:Creating package script '/home/wheeltec/agribot/agribot_ws/install/centerline_extraction/share/centerline_extraction/package.sh'
[2.384s] INFO:colcon.colcon_core.shell:Creating package script '/home/wheeltec/agribot/agribot_ws/install/centerline_extraction/share/centerline_extraction/package.bash'
[2.387s] INFO:colcon.colcon_core.shell:Creating package script '/home/wheeltec/agribot/agribot_ws/install/centerline_extraction/share/centerline_extraction/package.zsh'
[2.389s] Level 1:colcon.colcon_core.environment:create_file_with_runtime_dependencies(/home/wheeltec/agribot/agribot_ws/install/centerline_extraction/share/colcon-core/packages/centerline_extraction)
[2.392s] DEBUG:colcon.colcon_parallel_executor.executor.parallel:closing loop
[2.393s] DEBUG:colcon.colcon_parallel_executor.executor.parallel:loop closed
[2.393s] DEBUG:colcon.colcon_parallel_executor.executor.parallel:run_until_complete finished with '0'
[2.394s] DEBUG:colcon.colcon_core.event_reactor:joining thread
[2.418s] INFO:colcon.colcon_core.plugin_system:Skipping extension 'colcon_notification.desktop_notification.terminal_notifier': Not used on non-Darwin systems
[2.418s] INFO:colcon.colcon_core.plugin_system:Skipping extension 'colcon_notification.desktop_notification.win32': Not used on non-Windows systems
[2.419s] INFO:colcon.colcon_notification.desktop_notification:Sending desktop notification using 'notify2'
[2.488s] DEBUG:colcon.colcon_core.event_reactor:joined thread
[2.489s] INFO:colcon.colcon_core.shell:Creating prefix script '/home/wheeltec/agribot/agribot_ws/install/local_setup.ps1'
[2.491s] INFO:colcon.colcon_core.shell:Creating prefix util module '/home/wheeltec/agribot/agribot_ws/install/_local_setup_util_ps1.py'
[2.495s] INFO:colcon.colcon_core.shell:Creating prefix chain script '/home/wheeltec/agribot/agribot_ws/install/setup.ps1'
[2.508s] INFO:colcon.colcon_core.shell:Creating prefix script '/home/wheeltec/agribot/agribot_ws/install/local_setup.sh'
[2.510s] INFO:colcon.colcon_core.shell:Creating prefix util module '/home/wheeltec/agribot/agribot_ws/install/_local_setup_util_sh.py'
[2.512s] INFO:colcon.colcon_core.shell:Creating prefix chain script '/home/wheeltec/agribot/agribot_ws/install/setup.sh'
[2.525s] INFO:colcon.colcon_core.shell:Creating prefix script '/home/wheeltec/agribot/agribot_ws/install/local_setup.bash'
[2.527s] INFO:colcon.colcon_core.shell:Creating prefix chain script '/home/wheeltec/agribot/agribot_ws/install/setup.bash'
[2.540s] INFO:colcon.colcon_core.shell:Creating prefix script '/home/wheeltec/agribot/agribot_ws/install/local_setup.zsh'
[2.542s] INFO:colcon.colcon_core.shell:Creating prefix chain script '/home/wheeltec/agribot/agribot_ws/install/setup.zsh'
