time_s,x_m,y_m,yaw_rad,cross_track_error_m,abs_cross_track_error_m,heading_error_rad,path_progress_m,endpoint_distance_m,linear_cmd_mps,angular_cmd_rps
0.0,-3.9569280271612643,-1.162292531883619,0.7790400406225875,0.006086275056966459,0.006086275056966427,0.004789055828842259,0.025510671458093444,0.6849021029222001,0.0,0.0
0.0555,-3.9403252954019345,-1.1491380558412838,0.772984359122948,0.0036810086030612424,0.0036810086030613165,0.01084473732848168,0.046555994812852046,0.6722678090325588,0.0,0.0
0.1088,-3.9350775017602158,-1.1491361411705407,0.7710863342140134,-2.255888654590142e-05,2.2558886546041108e-05,0.012742762237413219,0.05027391487949592,0.6725147664053662,0.0,0.0
0.1671,-3.9311716752787693,-1.1453741614883555,0.7695471515446626,-0.00011576639737163927,0.00011576639737173628,0.014281944906764044,0.05569602553792671,0.6689707030371549,0.0,0.0
0.2244,-3.9205493719351385,-1.1436606345046414,0.767283359893772,-0.006401528247053815,0.006401528247053612,0.016545736557654567,0.06442864834079105,0.6679557696413604,0.0,0.0
0.2744,-3.916711835385892,-1.1400171030050563,0.7655553416488383,-0.006530410138667547,0.006530410138667537,0.018273754802588305,0.06971877102493429,0.6646164250178744,0.0,0.0
0.325,-3.916584073345951,-1.1399264567727643,0.7646693314060067,-0.0065564126222231916,0.006556412622223025,0.01915976504541994,0.0698732499850795,0.6645362444946809,0.0,0.0
0.393,-3.916494073160948,-1.1398858308553135,0.763233093132129,-0.006591180529324137,0.006591180529323995,0.020596003319297673,0.06996567125484508,0.6645029330931433,0.0,0.0
0.455,-3.9012203632604887,-1.1368359322231587,0.7619374298579369,-0.015214379732580326,0.015214379732580257,0.021891666593489734,0.08293596544159246,0.6628636858399805,0.0,0.0
0.5082,-3.8971256014384386,-1.1329592602632281,0.7612804269915067,-0.01535974807792539,0.015359748077925306,0.022548669459919957,0.0885728553561112,0.6594451950607924,0.0,0.0
0.5683,-3.8964855419631057,-1.1323869774270434,0.7600944710132093,-0.015406328249408005,0.015406328249407982,0.023734625438217364,0.08943018496844221,0.6589470814978882,0.0,0.0
0.6289,-3.8875011797117742,-1.1284886773599367,0.7594286692930263,-0.01898841960167173,0.018988419601671573,0.02440042715840029,0.09854523461287046,0.6561363488884582,0.0,0.0
0.6881,-3.879389966928632,-1.1227867062606935,0.7602719052507477,-0.0206766829448657,0.020676682944865823,0.023557191200688225,0.10831529162979917,0.6515528519878626,0.0,0.0
0.7553,-3.875329388524482,-1.1189418491969476,0.759213026654237,-0.020820449719465305,0.02082044971946532,0.02461606979719899,0.11390551111846027,0.6483231410266671,0.0,0.0
0.8085,-3.870731430313031,-1.1154204516496273,0.7595264474475214,-0.021572683724065574,0.021572683724065688,0.024302649003914545,0.11964795000823929,0.6455274946429929,0.0,0.0
0.8614,-3.8668176839515938,-1.1117047370086985,0.7595431729578235,-0.02170424825683644,0.02170424825683641,0.02428592349361247,0.12504300669452106,0.6424702868443924,0.0,0.0
0.9253,-3.859047869027588,-1.1015972201821642,0.7605361436508846,-0.020031410570493808,0.02003141057049374,0.023292952800551325,0.1376815799695046,0.6338038383232876,0.0,0.0
0.978,-3.855205807102568,-1.097924176505704,0.7612305095634699,-0.020142586382780762,0.020142586382780686,0.02259858688796601,0.14299574308552154,0.6308726889191095,0.0,0.0
1.0298,-3.853331091960901,-1.093748868363869,0.7620930520506746,-0.018509110988896942,0.018509110988896724,0.02173604440076138,0.14727119780744827,0.6271118768407186,0.0,0.0
1.0885,-3.850084144745315,-1.0906138708770028,0.7631026478331642,-0.018581190552583997,0.018581190552584073,0.02072644861826556,0.15178403283655778,0.6246445477089406,0.0,0.0
1.1542,-3.845203666605496,-1.0819208855181213,0.7645739448464318,-0.01587028444044881,0.01587028444044884,0.01925515160499791,0.1613776791388857,0.6170795949908221,0.0,0.0
1.2083,-3.8389147425891266,-1.0748842175747242,0.7657246968758028,-0.015326765579989743,0.015326765579989729,0.018104399575626928,0.17079945435789956,0.611501982477727,0.0,0.0
1.2683,-3.833701168464186,-1.0678109644798937,0.7671348488778217,-0.01399814338515584,0.013998143385155851,0.016694247573608045,0.17948547920032157,0.6057422301993107,0.0,0.0
1.3244,-3.826385345788494,-1.0607209138701896,0.7683746862657278,-0.014141804868220309,0.014141804868220281,0.015454410185701928,0.18967220784344446,0.6005373711085044,0.0,0.0
1.3753,-3.825030678199086,-1.0593692916806348,0.7697015115569849,-0.01414095566692289,0.01414095566692282,0.014127584894444878,0.19158584472121054,0.5995500091488833,0.0,0.0
1.4253,-3.819688513803628,-1.0482647623555312,0.770418126840679,-0.010048105800990791,0.01004810580099068,0.013410969610747612,0.20320900573425374,0.5901135183237451,0.0,0.0
1.4801,-3.8168249215033576,-1.0428655929010664,0.7720151784141231,-0.00824601669523205,0.008246016695231957,0.011813918037303472,0.20904884019381667,0.5856334953527961,0.0,0.0
1.5425,-3.8097395598304438,-1.0368973363168608,0.7732704206112074,-0.009021445350575474,0.009021445350575414,0.01055867584021919,0.2182803702452969,0.5817806989028735,0.0,0.0
1.6083,-3.8059756026632736,-1.0331475965181396,0.7756910230896558,-0.009023162108424616,0.009023162108424453,0.008138073361770859,0.2235933655555854,0.5792281132056246,0.0,0.0
1.68,-3.80520289957912,-1.032315006392932,0.77803781917455,-0.008979034559040115,0.008979034559040205,0.005791277276876672,0.22472841142789138,0.5786485160230388,0.0,0.0
1.7309,-3.7964093081541925,-1.0205403962785553,0.7802093051152712,-0.006848318257087366,0.00684831825708748,0.00361979133615542,0.23926900087724778,0.5699788343645635,0.1144856681454467,0.06433387163645506
1.7852,-3.7943879073930997,-1.0177674144143298,0.7817440220589548,-0.006311551461490543,0.006311551461490411,0.002085074392471853,0.2426583032927036,0.5679578646409713,0.11463766622834871,0.06256056066926494
1.8545,-3.790884650534929,-1.0142382645025145,0.7842487449138548,-0.006285439893026378,0.006285439893026374,-0.000419648462428146,0.2476309309582721,0.5656987658256503,0.11523180982044522,0.055628885428139
1.9093,-3.7877478653175203,-1.0110358954335095,0.786393185460944,-0.006232031888572055,0.006232031888572232,-0.0025640890095143254,0.2521133116582278,0.5636653975250595,0.11539410696844843,0.053735418701434993
1.9684,-3.7875971453661106,-1.0107888414644524,0.7897514439530953,-0.0061634722061479595,0.0061634722061479465,-0.005922347501665537,0.25239447306618723,0.5634802193191482,0.11582955355724654,0.04865520849879034
2.0285,-3.7874385031551836,-1.010536200898265,0.7914661836319165,-0.006096549096361633,0.00609654909636163,-0.0076370871804867235,0.252685189257941,0.5632924041913105,0.11605973615885355,0.04596974481337521
2.0888,-3.787374382633382,-1.010422626966814,0.7925568861457941,-0.006061383146553896,0.006061383146553977,-0.008727789694364385,0.25281078318771255,0.5632056750606084,0.11621225305140066,0.04419038106699229
2.1543,-3.7716393540092494,-0.9899294558806182,0.794385226720014,-0.0026566773932486095,0.0026566773932487344,-0.010556130268584263,0.27842267819186584,0.549327083683015,0.11940574755011973,0.006932945248603078
2.2082,-3.767692991294144,-0.9858911070146031,0.794595538412949,-0.0025827744253155475,0.002582774425315669,-0.010766441961519324,0.2840686128881009,0.5470062239948618,0.11942340873449879,0.006726898097513969
2.2629,-3.7643454359248283,-0.9841351641556543,0.7961978296906144,-0.003702550720887637,0.0037025507208875165,-0.012368733239184635,0.28767909254077895,0.5466227468254828,0.11963534171563402,0.004254346650936344
2.319,-3.763022367623354,-0.9852292253979035,0.7978993538047432,-0.005411463225557529,0.005411463225557653,-0.014070257353313464,0.28784370658495867,0.5481341441612706,0.11894456862165328,0.012313366080711634
2.3696,-3.759156821009255,-0.9812500092867424,0.7998811080811381,-0.005322383108289846,0.005322383108289704,-0.016052011629708377,0.2933906585603953,0.5459286865885953,0.11783355192656857,0.025275227523366594
2.4247,-3.7520452885658115,-0.9738544903461896,0.8011821770992387,-0.005105479041493939,0.005105479041494019,-0.01735308064780894,0.3036483652592649,0.5419275868813992,0.11799189707035396,0.023427867512537056
2.4888,-3.751803955506646,-0.9735190889633185,0.803719319593509,-0.005038322888410638,0.005038322888410612,-0.01989022314207922,0.30405607322359857,0.5417173894444359,0.118281764911725,0.020046076029874887
2.5543,-3.751687015951595,-0.9733161479096152,0.8060495156914742,-0.004977155813669367,0.004977155813669381,-0.022220419240044476,0.30428216727434143,0.5415786165834948,0.11860548469653925,0.01626934520704198
2.6082,-3.7421274105894766,-0.9656990492903347,0.8084780161879981,-0.0063316563044061485,0.006331656304406278,-0.024648919736568353,0.31643007139299023,0.5385811590324584,0.11737798268648728,0.0305902019909818
2.6687,-3.738157226941696,-0.9614887095692196,0.8110057298203797,-0.006152764255857604,0.006152764255857755,-0.027176633368949935,0.3222143013676084,0.5364684290823214,0.11759374275116279,0.02807300123643414
2.7278,-3.7310811876543455,-0.9558631066164828,0.8137390338808139,-0.007164283921901492,0.007164283921901636,-0.029909937429384192,0.33119731692716153,0.5345184343861348,0.11854681417132151,0.016953834667915533
2.7907,-3.727640483352113,-0.952130957424166,0.8162957042022754,-0.006950243255001884,0.00695024325500194,-0.032466607750845644,0.33626896067273604,0.5327348330787954,0.11881700288846772,0.013801632967876537
2.8545,-3.722919631144294,-0.9478565787217283,0.8186309390194071,-0.007255967124140952,0.00725596712414105,-0.03480184256797736,0.3426300369791297,0.5311063183998455,0.11866860557919463,0.015532934909395824
2.9082,-3.7189657697384484,-0.9435646897701826,0.8203972082055251,-0.007007797209813099,0.007007797209813185,-0.036568111754095356,0.3484602807547069,0.5291702872804648,0.11886442828992923,0.013248336617492213
2.9689,-3.7182620410942584,-0.942745037058388,0.8220913240351883,-0.006924136428724046,0.006924136428724139,-0.03826222758375852,0.3495373440983935,0.5287826499753686,0.11908868334869269,0.010632027598585269
3.0253,-3.709543067090678,-0.9324664494336615,0.8241881658578523,-0.0058002466730692846,0.005800246673069309,-0.04035906940641787,0.3629689018282856,0.5240337884151022,0.11976781700359186,0.00270880162476151
3.0883,-3.706023049036741,-0.9286026160481834,0.8260680015382436,-0.005548940455791137,0.005548940455791282,-0.042238905086809164,0.36818968536296076,0.5224497011585791,0.1199931043199463,-8.044960062652244e-05
3.1607,-3.705892022988816,-0.928412797276397,0.827413989377793,-0.005507011796739163,0.00550701179673904,-0.043584892926358594,0.36841649140103594,0.5223519490830704,0.11981052853552755,-0.002210500418845277
3.2263,-3.6899858411757775,-0.9113179990917137,0.8294734714423054,-0.004629919632492505,0.004629919632492402,-0.04564437499087104,0.3917503606511177,0.5161098140972123,0.1181666645085373,-0.02138891406706479
3.289,-3.6865895005677807,-0.9108841422962035,0.8312254448759235,-0.006720459852652087,0.006720459852652105,-0.04739634842448914,0.39446200274262494,0.5175943327533457,0.1195193861611007,-0.00560716145382511
3.3568,-3.6837843038890092,-0.9077511220720421,0.8328139011110245,-0.006482065449676836,0.006482065449676757,-0.0489848046595901,0.39866058729461684,0.5165208216419187,0.11929214384504591,-0.008258321807797677
3.4084,-3.6775437108786693,-0.8981691309531368,0.8344523846414402,-0.0041017879806391705,0.004101787980639193,-0.05062328819001205,0.40984512278313295,0.5121001020613702,0.11754477802890928,-0.028644256329391694
3.4588,-3.673576474983782,-0.893778848552991,0.8344582540190522,-0.0037933766512434092,0.003793376651243544,-0.050629157567623984,0.4157543039997326,0.5107887074439207,0.117439530339214,-0.02987214604250321
3.5091,-3.670547414776939,-0.8863785611534862,0.8351170640024939,-0.0006908847318009415,0.0006908847318008351,-0.05128796755106568,0.4231241074721287,0.506558254207224,0.11473877927889563,-0.061380908412884266
3.5684,-3.666740179309789,-0.8821557878896905,0.8355884917671741,-0.00038814622566437257,0.00038814622566425624,-0.051759395315745915,0.4288017130710281,0.5054280294411632,0.11415876684065081,-0.06814772019240717
3.6194,-3.6626469596614557,-0.8750179076023622,0.8364380419393047,0.00177721218482165,0.0017772121848217736,-0.052608945487876535,0.43673991217661057,0.5022228439744167,0.11259932144128133,-0.08634124985171782
3.674,-3.6549110902298914,-0.8664182420061529,0.8371634379650765,0.0024061317925309416,0.002406131792530986,-0.05333434151364835,0.44828990717037037,0.500273516566809,0.11222027574797369,-0.09076344960697347
3.7246,-3.655026111082907,-0.8629883173276559,0.8373877410723598,0.004916461608395076,0.004916461608395027,-0.05355864462093007,0.45062996215100115,0.4975390543701706,0.11028868242320894,-0.11329870506256229
3.7747,-3.6497418347883883,-0.8554724451711477,0.8381471637968239,0.006508637964522441,0.006508637964522512,-0.05431806734539413,0.45967854682932396,0.49513588436854994,0.10878995860989094,-0.13078381621793914
3.8248,-3.648945866633361,-0.8545887797031708,0.8379901147515587,0.006572512802041143,0.00657251280204102,-0.05416101830012898,0.4608661283920995,0.494976913632864,0.10840566348691764,-0.13526725931929412
3.8884,-3.6491045722408626,-0.854765077872902,0.837875857650597,0.0065597013114760796,0.00655970131147591,-0.05404676119916729,0.46062926475999755,0.49500846776914664,0.10834618927192595,-0.13596112516086387
3.9543,-3.6420260417909325,-0.8393364359550478,0.8378663306510139,0.01248908613558178,0.012489086135581825,-0.05403723419958417,0.47653495494834275,0.488075301030688,0.10509308580264949,-0.1739139989690891
4.0088,-3.6404996828062877,-0.8345918044437032,0.8377397310475647,0.014771703309401977,0.014771703309401854,-0.05391063459613499,0.4809656387292316,0.485601489719961,0.10335070743786394,-0.19424174655825402
4.0614,-3.636929705852232,-0.8294431947954745,0.837460531909256,0.0158976370677149,0.015897637067714812,-0.053631435457826226,0.4871288513601744,0.484273439560679,0.10287779863126811,-0.19975901596853857
4.1117,-3.633164371915147,-0.8252710635640359,0.8370011823993019,0.016194092436173636,0.01619409243617373,-0.05317208594787215,0.49274102855664836,0.4838603609101218,0.10176396413205205,-0.21275375179272604
4.1703,-3.6329940162646213,-0.8237132679395355,0.8370908648933857,0.017177076821965086,0.017177076821964975,-0.05326176844195595,0.493961475176812,0.4828606827318032,0.10096020965176207,-0.22213088739610912
4.2266,-3.6264151893731205,-0.8164369103088576,0.8366217466295932,0.017685677222080323,0.017685677222080472,-0.052792650178165035,0.5037577841383986,0.4823289612892371,0.10040692435336802,-0.22858588254403972
4.2886,-3.626285738660814,-0.8163043220013347,0.836156917548024,0.01768818656582046,0.017688186565820406,-0.05232782109659583,0.5039430699970128,0.482327931162159,0.09995020783107318,-0.23391424197081287
4.3539,-3.6195414211738655,-0.8028257435658844,0.8355706383933325,0.022472459537928365,0.02247245953792845,-0.05174154194190428,0.5182353275910286,0.47787558953362314,0.09467503128985125,-0.29545796828506876
4.4082,-3.6134580175453714,-0.797806910654685,0.8355222138090675,0.02173201319414334,0.021732013194143515,-0.05169311735763937,0.5260869658092407,0.47897891079718724,0.0991388051859103,-0.24338060616437984
4.4706,-3.6119097761672068,-0.7961264127649907,0.8347384279211825,0.021829114833076205,0.021829114833076268,-0.05090933146975429,0.5283698796915509,0.4790117383687302,0.09900697462784555,-0.24491862934180192
4.5257,-3.6027733170420153,-0.7863063129283667,0.8341275471638882,0.022333553474264342,0.02233355347426431,-0.050298450712459974,0.541773416083296,0.4794895748895819,0.09827510308782604,-0.25345713064202946
4.5764,-3.599349470644905,-0.7825662791203619,0.8333455161290229,0.02256507976803409,0.022565079768033916,-0.04951641967759468,0.5468386873111097,0.4797269699380387,0.097779484994817,-0.2592393417271348
4.6268,-3.593726043564122,-0.77957490994739,0.8328827621492296,0.020713494158226573,0.020713494158226514,-0.0490536656977999,0.5529331809234983,0.4822006598136262,0.09868391788227363,-0.24868762470680766
4.6855,-3.5902839123567913,-0.7776812771748639,0.8319842723765244,0.019624461778573785,0.01962446177857372,-0.04815517592509467,0.5567078492270359,0.48371110994629996,0.09752322929613169,-0.26222899154513013
4.7439,-3.5832455516909096,-0.772031908645772,0.8309079912513493,0.018656374231504555,0.018656374231504572,-0.04707889479991956,0.5656809586179736,0.4858041523010458,0.09803970194507129,-0.2562034773075015
4.8087,-3.5803148517612455,-0.7688729436215531,0.8292743112043958,0.018824538296651448,0.0188245382966516,-0.045445214752966034,0.5699867434418082,0.486238592877016,0.0983113773474963,-0.25303393094587645
4.8684,-3.579712985982051,-0.768270382830994,0.8277256279058168,0.018826366051469916,0.018826366051469826,-0.0438965314543871,0.5708383998172303,0.4863600979684704,0.09839362838921963,-0.2520743354591043
4.9248,-3.568853792142906,-0.7600751440830089,0.8252196608369812,0.016963808504383258,0.016963808504383247,-0.04139056438555144,0.5843148573768557,0.4903396348135341,0.10350173222025832,-0.19247979076365276
4.9881,-3.562904156821378,-0.756479007770972,0.8224879815907928,0.015310226452853671,0.01531022645285372,-0.03865888513936311,0.5910673401226896,0.4931707990323494,0.10421375266918476,-0.18417288552617778
5.0567,-3.5595343599270617,-0.7529650408001719,0.818955996853436,0.01541980748435309,0.015419807484352935,-0.03512690040200628,0.5959347302835822,0.49398525833579837,0.10424987093585927,-0.18375150574830842
5.1082,-3.556351830093334,-0.7486998159005638,0.8140235532482848,0.01619365082965465,0.01619365082965452,-0.030194456796850396,0.6011998804299444,0.4942772494224001,0.10388002658459533,-0.18806635651305448
5.1591,-3.552647773555251,-0.7456635873947333,0.8070407664710862,0.015728904009567845,0.01572890400956783,-0.023211670019651853,0.6059667167781059,0.4957291997416593,0.10399175318330717,-0.18676287952808296
5.2104,-3.549168138290737,-0.7421822473692484,0.7989613345291842,0.01573783264026848,0.015737832640268637,-0.015132238077749771,0.6108888616588103,0.49679592024888014,0.10495280368410305,-0.17555062368546442
5.2682,-3.5480666770855693,-0.7412984286546918,0.7940728238435488,0.01558613901168113,0.015586139011681054,-0.010243727392114432,0.61229290629832,0.49725897228962485,0.10581973677024151,-0.1654364043471825
5.3241,-3.5423304119386234,-0.7357204365197243,0.7855425282622504,0.015486776368689885,0.015486776368689744,-0.0017134318108159574,0.620293460101589,0.4992229766515327,0.10643379760689474,-0.15827236125289468
5.3899,-3.541972214916655,-0.7356050003858148,0.7759112732078144,0.015315644204610524,0.015315644204610571,0.007917823243620004,0.6206286382482163,0.49946991212525604,0.10739244362059346,-0.147088157759743
5.4603,-3.534720296108422,-0.7268963138301348,0.7666659691739376,0.016363441539929233,0.016363441539929097,0.017163127277496807,0.6319128603601029,0.5013036239720252,0.11056490231421742,-0.11007613966746341
5.5244,-3.5284366164508705,-0.7212248252350733,0.7531446191899958,0.015943821849495908,0.015943821849495943,0.030684477261438636,0.640367109719924,0.5039973304461026,0.11210540885214772,-0.09210356339160986
5.5908,-3.5266156091535805,-0.7180258403794413,0.7433511402596585,0.01692376759423249,0.016923767594232416,0.040477956191775855,0.6439152469806172,0.5040577790579601,0.1130229545106403,-0.08139886404252969
5.6548,-3.5228439350538845,-0.7147163679742823,0.7351732650335916,0.016604798557862174,0.016604798557862007,0.0486558314178428,0.648922880340665,0.5058151293370386,0.11290671973170424,-0.08275493646345042
5.7082,-3.5211342551719125,-0.711533068153059,0.7266207443002354,0.017652232675472213,0.017652232675472206,0.05720835215119436,0.6523811002324426,0.505845201964995,0.11280932801008682,-0.08389117321565373
5.77,-3.5163588711552043,-0.7073045517147839,0.7192523017582833,0.017275529182711833,0.01727552918271194,0.06457679469314648,0.658748418212121,0.5081574313248617,0.11338619893275462,-0.07716101245119604
5.8248,-3.511361372131411,-0.7032801726419086,0.7108248706420377,0.01659744006404396,0.016597440064044035,0.07300422580939203,0.6651289212144051,0.510828342571229,0.1142939493751569,-0.06657059062316956
5.8767,-3.5112964719488033,-0.7034705905515014,0.7027695243820284,0.016416763870333417,0.01641676387033351,0.08105957206940129,0.6650404501625153,0.5109707393339532,0.11534437607123169,-0.05431561250229694
5.9284,-3.5047394123082087,-0.6969665329983655,0.6980713927217517,0.01639377705686954,0.01639377705686967,0.08575770372967804,0.6742761021368605,0.5140497433569424,0.11497543415207793,-0.058619934892423994
5.9894,-3.4979981137783476,-0.6948574595090499,0.6904501314955421,0.01312812281572521,0.013128122815725058,0.0933789649558876,0.6805393919456861,0.519267461754593,0.1181097876097379,0.022052477886391045
6.0539,-3.4962966649047607,-0.6932317564401143,0.6844012967983235,0.013078253976046053,0.013078253976046188,0.09942779965310622,0.6828921247899772,0.5201368243656747,0.11749258436539424,0.029253182403733865
6.1084,-3.4919897735334016,-0.6898254868959232,0.6792309577129397,0.012449976690860865,0.012449976690860846,0.10459813873849,0.6883471457015129,0.52266592822055,0.11675037564080626,0.03791228419059364
6.1702,-3.488109043848723,-0.6868445917517273,0.6745786616440586,0.011821311323651041,0.011821311323651013,0.10925043480737118,0.6932000395394519,0.5250187495278674,0.11602900344327674,0.04632829316177133
6.2245,-3.4783480484062554,-0.6812379987181274,0.670076912197313,0.008900759124515715,0.008900759124515656,0.1137521842541136,0.704071161483594,0.5318115299029725,0.11409916537482656,0.06884307062702337
6.2745,-3.473722274955055,-0.6777162514780161,0.6660556346172511,0.008129135318239472,0.008129135318239424,0.11777346183417547,0.7098335464366017,0.5347588846694783,0.11337489290443414,0.0772929161149349
6.3246,-3.4705420204534145,-0.6750144520236282,0.663652312820115,0.0077973430500022835,0.007797343050002312,0.12017678363131157,0.7139933124008927,0.5367090396676242,0.11304365587064719,0.0811573481757827
6.3754,-3.465912534697318,-0.6714810973958255,0.6614801106598982,0.007031318900595654,0.0070313189005955365,0.12234898579152842,0.719766521239506,0.5397364582855235,0.11249401745960184,0.08756979630464516
6.4284,-3.4613653599015897,-0.6681868002400668,0.6612520235577564,0.006154101808846649,0.006154101808846521,0.12257707289367026,0.7253126624698831,0.5428163290004223,0.10964800917439509,0.12077322629872392
6.4895,-3.457386844482292,-0.6651428972524854,0.6595516528707863,0.005501023189242667,0.005501023189242579,0.1242774435806403,0.7302792929832203,0.5454885799388819,0.1091537888486668,0.12653913009888723
6.5555,-3.4572155696109124,-0.6650578178372625,0.6577212904920557,0.005440358297134707,0.005440358297134677,0.12610780595937088,0.7304606582481592,0.5456201556040993,0.10890074107018831,0.12949135418113628
6.608,-3.4454760787811916,-0.6571792768184589,0.6562666042437515,0.002732024020500503,0.0027320240205004633,0.12756249220767513,0.7443369682393663,0.5540541435484022,0.10715125463256796,0.14990202928670704
6.6582,-3.4410994915112467,-0.6538298226905437,0.6556002225868852,0.002014304127662023,0.0020143041276619116,0.1282288738645414,0.7498012373800544,0.5571269258347359,0.10664628591389547,0.1557933310045529
6.7094,-3.433291573758446,-0.6485134491051524,0.6553924629201568,0.00026707988740661605,0.00026707988740661746,0.12843663353127288,0.7590842657215068,0.5629010998290128,0.10538834940461196,0.1704692569461938
6.765,-3.4261457186512465,-0.6425607608823479,0.6554411891295704,-0.0005620826689966758,0.0005620826689966788,0.12838790732185934,0.7683476469479308,0.567954979050642,0.1048608439378212,0.17662348739208583
6.8246,-3.417270794471601,-0.635748200742809,0.6554355376341716,-0.0020029872484548916,0.0020029872484548985,0.1283935588172581,0.7794426480223869,0.5745391133248774,0.10418055491148677,0.18456019269932097
6.8807,-3.415795015279806,-0.6346120976912741,0.6556056632338856,-0.0022402763783565933,0.002240276378356401,0.12822343321754415,0.7812899022646268,0.5756468573115393,0.1034668180276302,0.19288712301098088
6.9559,-3.409171634946274,-0.6272014665246751,0.6556676787059006,-0.0016680359614678355,0.0016680359614678433,0.12816141774552914,0.7912125612951119,0.5800651464805451,0.10376430944022616,0.18941638986402803
7.0089,-3.4050799269287535,-0.626116062268998,0.6561864383057152,-0.003788067128250067,0.0037880671282502477,0.12764265814571452,0.7948766634703732,0.5837419491866576,0.10224637155105744,0.20712566523766315
7.0686,-3.4010730683694166,-0.6230246799436026,0.6564199489203504,-0.004427530304454647,0.004427530304454744,0.12740914753107935,0.799896887274406,0.5868434853740218,0.1017514592314241,0.21289964230005212
7.1242,-3.391513490386984,-0.6114722254308291,0.6565556846383068,-0.002994931784823381,0.0029949317848235227,0.12727341181312293,0.814823119148307,0.5933948919155679,0.10340863468230659,0.193565928706423
7.1747,-3.387165584846677,-0.6081096365627148,0.6569991523930594,-0.0036831002540184195,0.0036831002540184676,0.12682994405837034,0.8202763485256033,0.5968865930027191,0.10287421310823845,0.1998008470705514
7.2284,-3.383736857042501,-0.6029231089774072,0.6570366410408602,-0.0024305910352198654,0.0024305910352198264,0.12679245541056952,0.8263662962597887,0.5991255779403287,0.10332541296087616,0.19453684878977806
7.2849,-3.379437532191607,-0.5986252283416167,0.6566460692765056,-0.0024220736709284116,0.0024220736709283067,0.12718302717492413,0.8324454326776957,0.6024515796477393,0.10282336737933208,0.2003940472411257
7.3564,-3.375312563462977,-0.5954400051624145,0.6568484790121824,-0.0030784626644495055,0.003078462664449448,0.12698061743924738,0.8376155552296947,0.6058648386644344,0.10286245964817094,0.19993797077133887
7.4086,-3.3716250524697498,-0.5925790608739024,0.657315243430526,-0.003655667372725585,0.003655667372725603,0.12651385302090368,0.8422469237393129,0.6089351263358758,0.10248427696647795,0.20435010205775728
7.4682,-3.3716037890493475,-0.5925656835515098,0.6569694940692247,-0.0036612052454260855,0.0036612052454262165,0.12685960238220506,0.8422714271629013,0.6089534789467951,0.10243905616604164,0.20487767806284754
7.5284,-3.371551237296534,-0.5925114207576595,0.6572171659771395,-0.003659876847731112,0.00365987684773117,0.1266119304742902,0.8423469544618054,0.6089948347691838,0.10246556338104962,0.20456842722108778
7.5886,-3.3715559431278184,-0.5925041151233846,0.6575467939520249,-0.003651380584962824,0.0036513805849628204,0.12628230249940486,0.8423487794711768,0.6089888340278037,0.10250971833766201,0.20405328606060988
7.6554,-3.3514329679661197,-0.569558242714947,0.6578334015707683,-0.0016075084809929045,0.0016075084809927616,0.12599569488065832,0.8727998841599276,0.6249718763225791,0.10415426292226007,0.1848669325736326
7.7163,-3.349620179107756,-0.5662992709596535,0.6590803773412347,-0.0005792769012224644,0.0005792769012222977,0.1247487191101919,0.8763845515315496,0.6262946136560308,0.10482484104032809,0.17704352119617223
7.7684,-3.3458224960058325,-0.5633310350953648,0.6606819487997622,-0.0011582771759547942,0.001158277175954829,0.12314714765166446,0.8811696930937759,0.6296427190996294,0.10465253927675422,0.17905370843786741
7.8246,-3.341302503887236,-0.5597589182199963,0.6620267621491219,-0.0018195471890227793,0.0018195471890226976,0.1218023343023047,0.8868927228589686,0.6336472496130816,0.10443309934091745,0.18161384102262962
7.8766,-3.341538243938036,-0.5598963355768325,0.6635997048846667,-0.0017504366481423304,0.0017504366481422024,0.12022939156675994,0.8866287519616142,0.6334313637009121,0.1045744028255284,0.1799653003688352
7.928,-3.3365924927040203,-0.5524102215874835,0.6652730676409869,5.9661994020266235e-05,5.966199402026582e-05,0.1185560288104397,0.895416578816755,0.6374124350596564,0.10619826075393629,0.1610202912040766
7.9839,-3.3340453010011433,-0.5497097434677874,0.6680764687533242,0.00017387400153231962,0.00017387400153244932,0.11575262769810246,0.8991270670950686,0.6396315907759309,0.10622053483439103,0.16076042693210452
8.0578,-3.3303765966859404,-0.5467453776807722,0.672518128751586,-0.00031680856073602426,0.00031680856073587393,0.11131096769984994,0.9038181316325377,0.6429510030815677,0.10683051732740997,0.1536439645135502
8.108,-3.3265445651647694,-0.5435570971502685,0.6776818945647509,-0.0007642196731612607,0.0007642196731613488,0.10614720188668501,0.9087829500196407,0.646427338477907,0.1071023419355282,0.15047267741883763
8.1691,-3.326358354640593,-0.5432512610661581,0.6837356621498534,-0.0006790858082118519,0.0006790858082119916,0.10009343430158259,0.9091307463604738,0.6465814059986766,0.10787264423414529,0.14148581726830495
8.2243,-3.317651507277698,-0.5373826514472997,0.6905220578058131,-0.0026698490611777826,0.002669849061177966,0.09330703864562286,0.919440287161593,0.6546809388162964,0.10735949166265185,0.1474725972690617
8.277,-3.3143582833031706,-0.5344923481717122,0.6963641622721282,-0.0029478960614158878,0.0029478960614158817,0.08746493417930779,0.9238131428689007,0.657703707014808,0.10767732357596808,0.14376455828037224
8.3291,-3.3082419267671135,-0.5312030725819177,0.6994702655948902,-0.004936506184082949,0.004936506184082859,0.08435883085654572,0.9304670575784392,0.6635229935259426,0.10659093915944054,0.1564390431398603
8.3884,-3.3042490769046484,-0.5276916208150783,0.704254094586088,-0.005268579619608271,0.005268579619608287,0.07957500186534794,0.9357739277265062,0.6672295359447175,0.10685884896042169,0.15331342879508028
8.4539,-3.3042302341589327,-0.5275342490104761,0.7094397056163606,-0.005170429393669867,0.005170429393669962,0.07438939083507534,0.9358983763789622,0.6672365077418954,0.10753662873496374,0.14540599809208968
8.5083,-3.2951412187939724,-0.5191167936155834,0.7162123013801789,-0.005625870033743354,0.005625870033743451,0.06761679507125706,0.9482780504236559,0.6757297765667973,0.10779422755815005,0.1424006784882494
8.5681,-3.291333820968203,-0.5156762758707397,0.7230068950877605,-0.005877251563858369,0.005877251563858479,0.06082220136366767,0.9534035014167466,0.6793279979117371,0.10828126136941557,0.13671861735681828
8.6241,-3.2879846677172115,-0.5124391010077829,0.7315455697740446,-0.005949124629848216,0.0059491246298481945,0.05228352667738356,0.9580608571959814,0.6824985462320247,0.10907040733852473,0.12751191438387816
8.6883,-3.288135461597594,-0.5123257575200507,0.740838534890651,-0.00576239308671895,0.005762393086718766,0.042990561560777185,0.9580340827422494,0.6823421569962821,0.11028690689703713,0.11331941953456677
8.7544,-3.276931776953796,-0.4990921375711169,0.7488136301419648,-0.00429990070756425,0.004299900707564366,0.035015466309463394,0.9753115930545431,0.692993145958679,0.11291768492191617,0.08262700924431113
8.8084,-3.273463074279123,-0.49566452733489064,0.7546963821242567,-0.004321305972278174,0.004321305972278003,0.029132714327171457,0.9801880622681657,0.6963623731954794,0.11354012078769832,0.07536525747685305
8.8692,-3.268689607095149,-0.4900468124787981,0.7605024128904359,-0.0037128044634981783,0.003712804463498045,0.023326683560992323,0.9875347918177442,0.7010112428579542,0.11456263236072829,0.06343595579150321
8.9247,-3.2618402596257554,-0.4833217069554145,0.7660016365814837,-0.0037855958572786358,0.0037855958572784757,0.017827459869944492,0.9971335056102335,0.707772314373481,0.11509777956488597,0.05719257174299698
8.9775,-3.2616803093556284,-0.48296590767153913,0.7728564356799357,-0.0036465376392421697,0.003646537639242069,0.010972660771492504,0.9974979778743586,0.707929426472069,0.1158984168982769,0.04785180285343597
9.0285,-3.2519768411424765,-0.4733071322138666,0.7782704190964829,-0.003656657791364427,0.0036566577913645817,0.0055586773549468615,1.0111891844058483,0.7176241434003486,0.11630757814652004,0.0430782549572662
9.0901,-3.2479905338250648,-0.4691289774257284,0.7845541839680319,-0.0035119428611901753,0.0035119428611901705,-0.0007250875166021632,1.0169621109644906,0.7216467978011909,0.1170392826237744,0.03454170272263181
9.1579,-3.2435576422040686,-0.46824251761295693,0.7901020991120363,-0.006013743948147699,0.006013743948147585,-0.006273002660606597,1.020727390561606,0.7260901626833415,0.11538210232418532,0.0538754728845045
9.2085,-3.240213182226517,-0.4646817602185816,0.7946912460459955,-0.0058531374453565455,0.0058531374453566634,-0.010862149594565773,1.0256098705988723,0.7294882677153035,0.11729648486051475,0.031541009960661226
9.2687,-3.2402193723939945,-0.4645434898656826,0.7984917197525787,-0.005750842014903415,0.005750842014903487,-0.014662623301148979,1.0257031050001018,0.7294845226634572,0.1178145014191638,0.025497483443089004
9.3245,-3.2293583144811233,-0.4498483356739473,0.8024123363919734,-0.0030113753222831795,0.0030113753222831565,-0.018583239940543672,1.043769799715673,0.7407469465252206,0.119895735441137,0.0012164198534015806
9.3751,-3.2255123140046993,-0.4457435480611076,0.8056292584398616,-0.0028195640296068618,0.002819564029606851,-0.02180016198843182,1.0493915618450391,0.7447540548378744,0.11969107766083686,-0.003604093956903273
9.4293,-3.2255580507575985,-0.44166383951876775,0.8076565407566885,0.00010203840442872864,0.00010203840442868978,-0.023827444305260292,1.052239429970224,0.744893522606584,0.11716576409716599,-0.03306608553306335
9.4893,-3.222279842740637,-0.4381425394604907,0.8102520276935142,0.00028147426038211917,0.00028147426038224656,-0.02642293124208606,1.057047132610414,0.7483449157419736,0.11672800447041982,-0.038173281178435256
9.5568,-3.2222297446044847,-0.437982467660439,0.813429769711112,0.0003594704711544372,0.00035947047115432657,-0.029600673259683852,1.0571956229990689,0.7484033812304605,0.1162971754682796,-0.043199619536738024
9.608,-3.220909111519557,-0.42740892954004417,0.8157106052181672,0.00691545086562176,0.006915450865621627,-0.031881508766739015,1.0655957956875206,0.7503539009657062,0.11043876252630727,-0.11154777052641511
9.669,-3.217157171753068,-0.42337143114706444,0.8177733963314822,0.00712601341983858,0.007126013419838522,-0.033944299880053985,1.0711034366249308,0.754376498820203,0.10980630486625267,-0.11892644322705219
9.7242,-3.2138865874060203,-0.4150114321851394,0.8188418980934495,0.010737672678470521,0.010737672678470485,-0.03501280164202136,1.0793218441357615,0.758281889556212,0.10650285324934744,-0.15746671209094656
9.7766,-3.2103224352339153,-0.41115562896359387,0.8198319901995785,0.010952133280789549,0.010952133280789674,-0.036002893748150355,1.0845682148660145,0.7621599660007404,0.10832026941428416,-0.13626352350001794
9.8288,-3.20856238357445,-0.405909617982328,0.8197611158054389,0.013424848930304809,0.013424848930304925,-0.03593201935401069,1.0895183755074673,0.7643868737095506,0.10600525564789723,-0.163272017441199
9.8888,-3.204591847956642,-0.40164084581053194,0.820122036624196,0.013644875251185925,0.013644875251186041,-0.03629294017276785,1.0953441078532848,0.7687495782926054,0.10549475946855365,-0.16922780620020725
9.96,-3.204136163891232,-0.3961975706774801,0.8215106226347465,0.017178175255537338,0.017178175255537297,-0.037681526183318326,1.099509763050348,0.7697589690560659,0.10238952786594613,-0.20545550823062853
10.0105,-3.2002638913616663,-0.3919997466387866,0.822718010964345,0.01741732840323591,0.017417328403235826,-0.03888891451290911,1.1052158148355151,0.774062153481545,0.10174363409060519,-0.21299093560960614
10.069,-3.2001569385914106,-0.3918898303586892,0.8224277051631094,0.017419664534213897,0.01741966453421388,-0.03859860871167342,1.1053691609348717,0.7741805998533297,0.1016416864421347,-0.21418032484176186
10.1254,-3.190735123108547,-0.38052885320813234,0.823618838585442,0.018813915666193823,0.018813915666193913,-0.0397897421340061,1.1200626449529518,0.7848679706947859,0.09970020805142547,-0.2368309060667029
10.1885,-3.1844158998249017,-0.3740663690589128,0.8229924453240653,0.018929397542470992,0.018929397542471006,-0.0391633488726294,1.1291005068806275,0.7919573045981155,0.1023290994511082,-0.20616050640373754
10.2551,-3.178840344461078,-0.36771742117110195,0.8240887628424255,0.019489498173132103,0.01948949817313205,-0.040259666390989546,1.1375315355355862,0.7983337655193289,0.10124572895293972,-0.2187998288823699
10.3094,-3.175057082889678,-0.3636233145110905,0.8243728686212571,0.01971803849236451,0.019718038492364434,-0.04054377216982119,1.143101324291335,0.8026519020440247,0.10063238630112122,-0.22595549315358576
10.3687,-3.174389712135839,-0.3628959245379137,0.8246570666648276,0.019762025920548147,0.019762025920547998,-0.04082797021339168,1.1440875012543188,0.8034159701051307,0.10048912698723855,-0.22762685181555015
10.4243,-3.164039068212237,-0.34837886106268695,0.824320822964173,0.022735716469420367,0.022735716469420363,-0.04049172651274324,1.1616669815110414,0.815833555791799,0.0972817009833739,-0.2650468218606378
10.4749,-3.160885831957585,-0.34496298361461214,0.8247474907560252,0.022928720024416333,0.022928720024416403,-0.040918394304595436,1.1663117492388915,0.8194927414878872,0.09648348714853747,-0.27435931660039614
10.528,-3.160787844212196,-0.3448616295879335,0.8248094376379215,0.022931321510995896,0.022931321510995743,-0.04098034118649174,1.1664527012492991,0.819605836361438,0.09574381478073773,-0.2829888275580597
10.5857,-3.1496703286098118,-0.3344784727543713,0.8245767644404198,0.02243590702559941,0.022435907025599403,-0.0407476679889901,1.1816567685829853,0.832300073923738,0.09577299457280597,-0.28264839665059704
10.6568,-3.146237345108882,-0.3307823823775832,0.8236404552935833,0.022629861141768973,0.02262986114176897,-0.03981135884215359,1.186697486943682,0.8363227176445077,0.09912482173804404,-0.24354374638948623
10.7085,-3.1428850714184304,-0.3280495661802827,0.8227191686776844,0.022198590478449895,0.02219859047845006,-0.038890072226254624,1.1910009772572392,0.8401050752800151,0.09918133952280381,-0.24288437223395545
10.7698,-3.138800150077326,-0.3239685204461919,0.8213463264757849,0.02220491013324416,0.02220491013324424,-0.03751723002435514,1.1967751851430635,0.8448572699171925,0.09882569885557022,-0.24703351335168072
10.825,-3.134646593577402,-0.3195831437838318,0.8198799654400251,0.02237830546466708,0.02237830546466725,-0.03605086898859844,1.2028128580497282,0.8497460776789914,0.09839406967114322,-0.25206918716999577
10.8885,-3.1319365742974394,-0.31745294660970036,0.8174300814214606,0.021973680034131002,0.021973680034130916,-0.03360098497003394,1.206236047024852,0.8528062597667776,0.09853232781797007,-0.2504561754570159
10.9558,-3.128561084120533,-0.31392569919329516,0.8135423588374823,0.022088647044746897,0.02208864704474676,-0.02971326238605565,1.2111168452031624,0.8567884387730843,0.09836182374202308,-0.2524453896763972
11.0083,-3.126581658459234,-0.3114327183521408,0.8086144866084523,0.02245674707140452,0.022456747071404437,-0.02478539015702563,1.214278740488169,0.8592099147071045,0.09826012248289621,-0.25363190436621075
11.0684,-3.1230894110329865,-0.30763262207857145,0.8027477846440731,0.022682519647501165,0.02268251964750118,-0.018918688192646527,1.2194348582640164,0.8633762171472086,0.09809655623217937,-0.2555401772912405
11.1282,-3.1191634128612233,-0.30379262866116474,0.7972256882470578,0.022630321524993845,0.02263032152499394,-0.01339659179563113,1.2249263322415949,0.8679861733372153,0.09810512550053066,-0.25544020249380883
11.1815,-3.119226343073325,-0.3040258015526594,0.7913892169881384,0.022509613394503285,0.022509613394503365,-0.007560120536711734,1.2247171448706649,0.867877876990856,0.09876410941883494,-0.24775205678025888
11.2573,-3.114256666137672,-0.29542433565320875,0.7841237284349671,0.025092729985390264,0.025092729985390253,-0.00029463198354051645,1.234309350724485,0.8744982205094214,0.10224368590380395,-0.20715699778895386
11.3086,-3.1112660533619927,-0.2926646978328193,0.7756494514890555,0.0249357861174846,0.024935786117484513,0.008179644962371113,1.2383756431753679,0.8780003404022408,0.10296691420126612,-0.19871933431856179
11.369,-3.1072879620100036,-0.28694586826955226,0.7663265926737256,0.026177431104505766,0.026177431104505867,0.017502503777701017,1.2452304619260477,0.8831060345039186,0.10244950402789316,-0.20475578634124636
11.4244,-3.102805446472988,-0.2830678096204459,0.7542961122495905,0.025759292101781836,0.025759292101781774,0.029532984201837698,1.251142943993665,0.8883242489875381,0.10354103382364338,-0.19202127205749386
11.4891,-3.0973078365550206,-0.27779044982395035,0.7420216698110675,0.0256155067401708,0.025615506740170733,0.04180742664036063,1.25876223313384,0.8948523754651585,0.10406792363202344,-0.1858742242930599
11.5544,-3.095370563546732,-0.27280487671876036,0.730401002795381,0.027778658636343555,0.02777865863634351,0.05342809365604717,1.263654036458783,0.897864401031182,0.1029748256348268,-0.19862703426035405
11.6087,-3.091765797843841,-0.2697674458480036,0.7199822184494256,0.027384862323145485,0.027384862323145406,0.06384687800200262,1.2683514023728966,0.9020692578121201,0.10376135625964149,-0.18945084363751594
11.6685,-3.0873776536558095,-0.2692608620984357,0.7085291067311172,0.02464561868221059,0.024645618682210563,0.07529998972031093,1.2718168000103802,0.9064562651426057,0.106855850921827,-0.15334840591201818
11.7241,-3.080834686677793,-0.26405458267341503,0.6953183228161048,0.023713474771262778,0.02371347477126285,0.08851077363532334,1.2801262446402029,0.9140272488776746,0.11409948463604785,-0.06883934591277498
11.7745,-3.0802630210104236,-0.2638871391890059,0.6836240223092851,0.02342846691613457,0.02342846691613467,0.10020507414214308,1.280649321573584,0.9146222113086928,0.11554621761731097,-0.05196079446470522
11.8246,-3.0728179790796837,-0.25857485607328845,0.6774655856594692,0.02193453477108709,0.021934534771087238,0.10636351079195894,1.2896724678096818,0.9231084418751516,0.11657693586397035,-0.03993574825367922
11.8884,-3.0691703540745587,-0.2558830817672544,0.6697114579056285,0.021265680639162184,0.021265680639162093,0.11411763854579969,1.2941561550470841,0.9272920506146126,0.11747598709795277,-0.029446817190550836
11.9555,-3.068891348846382,-0.25589780006473345,0.6612241424633919,0.021058280223713328,0.02105828022371347,0.12260495398803628,1.2943433597834089,0.9275594558702216,0.11860348504714048,-0.016292674450027796
12.009,-3.0628850865405832,-0.24845001229817493,0.6541088412825071,0.02209251863138736,0.022092518631387306,0.1297202551689226,1.303855198744296,0.9351891473366885,0.11763214812920654,-0.02762493849259024
12.069,-3.058507795278226,-0.2452318823287054,0.6473353487880077,0.02128129592995441,0.021281295929954428,0.13649374766342204,1.3092272520784118,0.940223560188151,0.1184248041233479,-0.01837728522760784
12.1242,-3.0480486436993246,-0.23913835822510898,0.6414147115556146,0.01821270008904385,0.018212700089043958,0.14241438489581515,1.32093659054464,0.9518696801824018,0.11978317882805883,0.0025295803393136883
12.175,-3.043412688457314,-0.2358350860474856,0.6366321624935626,0.017279160569419087,0.017279160569419142,0.14719693395786715,1.3265519437882647,0.9571872985997693,0.11915857977741033,0.009816569263546123
12.228,-3.038816204075862,-0.23240896941575503,0.6342335867346796,0.016460487670986998,0.016460487670986894,0.14959550971675015,1.3322260709042644,0.9625023080887286,0.11389500498513072,0.07122494184014162
12.29,-3.0348306115544976,-0.22957746627619946,0.6309791348529125,0.015651987797641886,0.015651987797641726,0.15284996159851727,1.3370477599994335,0.9670790812774542,0.11329515989248305,0.07822313458769772
12.3582,-3.026807740967633,-0.22490774843150127,0.6287564430744859,0.013295036068161816,0.013295036068161948,0.15507265337694384,1.346026484616414,0.9760340847471976,0.11195871130261725,0.09381503480279864
12.4095,-3.01907359678763,-0.22074001139035912,0.6245015802943472,0.010786413606674495,0.010786413606674568,0.15932751615708252,1.35444633209644,0.9845854292771551,0.11010812553254229,0.11540520212033988
12.469,-3.0158909911052536,-0.21951474408087196,0.6220668837485732,0.00940725859759236,0.009407258597592333,0.1617622127028565,1.357565336804695,0.9879775021758743,0.10892323235487242,0.12922895585982166
12.5246,-3.0080750324118872,-0.214005697891223,0.6193623100777194,0.007790811189205406,0.0077908111892053804,0.16446678637371034,1.3669900860317044,0.9969662455805828,0.10816357485380393,0.13809162670562078
12.5901,-3.0078109449912946,-0.2138515319562825,0.6186491063721936,0.007713549108002435,0.00771354910800233,0.16517999007923612,1.3672859574091971,0.9972616916592291,0.1077482655612356,0.14293690178558463
12.6582,-2.992843896744684,-0.2045789829649024,0.618210551302806,0.0037138287965316976,0.003713828796531721,0.16561854514862373,1.384432237922589,1.0141599219080577,0.09959785368365653,0.23802504035734037
12.7098,-2.9888735276854037,-0.20080746649777634,0.6181435524896952,0.003581808555287909,0.0035818085552878913,0.16568554396173452,1.3899067915650878,1.0190020208374995,0.09954628839238545,0.23862663542216972
12.7698,-2.9879939085912524,-0.2001891882924209,0.6178020109955884,0.0033986747812928754,0.003398674781292952,0.16602708545584133,1.3909662535563057,1.020016539662537,0.09938036047811026,0.24056246108871357
12.8245,-2.9769479732149597,-0.1917321448318347,0.6179032514470855,0.0015896925101566372,0.0015896925101566456,0.1659258450043427,1.4047597975379729,1.0329584337489455,0.09876669081277348,0.24772194051764262
12.8887,-2.972920219476225,-0.18886965579781276,0.6178098375696799,0.0007733716564637359,0.0007733716564638872,0.1660192588817483,1.4096332217872676,1.0376221974429518,0.09735921479279248,0.26414249408408774
12.9585,-2.972866379639035,-0.18882970384996806,0.6176847983056623,0.0007636555095636832,0.0007636555095638409,0.16614429814576592,1.4096995579214227,1.037685026076124,0.0973356810360508,0.26441705457940745
13.0132,-2.9651717703825202,-0.17996268863560946,0.6177388854652697,0.0016110457718130525,0.0016110457718129607,0.1660902109861585,1.421409079694986,1.0475620467738547,0.0979850965468327,0.2568405402869518
13.0685,-2.960836398752727,-0.1768844734763512,0.617584295488814,0.0007303283561952122,0.0007303283561952739,0.16624480096261418,1.4266526655452352,1.0525945884268086,0.08722072769925095,0.38242484350873884
13.1266,-2.952812222566599,-0.16982666812285166,0.617155051195395,6.373524811189131e-05,6.373524811173824e-05,0.16667404525603313,1.4373182960236532,1.0623096803073742,0.08702185156828952,0.3847450650366222
13.1793,-2.948566248752358,-0.16678916598050375,0.6177143065414469,-0.0007827012162560414,0.0007827012162560297,0.1661147899099813,1.4424698257195572,1.0672547428937962,0.08616059665351398,0.39479303904233676
13.2324,-2.9449919813604666,-0.1658791801523041,0.6183135695530383,-0.0026616551904515306,0.0026616551904514534,0.1655155268983899,1.4456436236903039,1.0709391218108217,0.08358457781122026,0.4248465922024301
13.2886,-2.9408210191112847,-0.1634689582426815,0.6181267095291507,-0.0038993832849866586,0.0038993832849868147,0.16570238692228212,1.4502991714455873,1.0756314906719495,0.08223318747473285,0.44061281279478337
13.3542,-2.9370929891947775,-0.16077332211024611,0.6202181176314251,-0.004622267991000172,0.004622267991000299,0.16361097882000772,1.4548425291157114,1.079985133583083,0.08145547222498749,0.449686157375146
13.4083,-2.9335075789846954,-0.1571349083569212,0.623529880985119,-0.004576774058215243,0.004576774058215381,0.16029921546631387,1.4599504789311486,1.0844826614193226,0.08131114151145553,0.45137001569968543
13.4697,-2.932504144140908,-0.15604110661549755,0.6287056059203063,-0.00451054821217526,0.0045105482121751495,0.1551234905311265,1.4614333470549494,1.0857646955425622,0.0817861813556886,0.4458278841836328
13.5256,-2.922499479599564,-0.14781478169034987,0.6363234187404601,-0.005747795430284991,0.005747795430284962,0.14750567771097278,1.4743265605287197,1.0977673155702528,0.08099477672310193,0.4550609382304775
13.5764,-2.9191922267561887,-0.14513993808296574,0.646134409471526,-0.006188338618473443,0.006188338618473396,0.13769468697990683,1.4785572379441363,1.101726328126086,0.08105225808241823,0.4543903223717872
13.6281,-2.9182717584592575,-0.14423499899571623,0.6534950489140129,-0.006197294129641082,0.006197294129641212,0.13033404753741995,1.4798480115246326,1.1028770676158552,0.08,0.5910960616719654
13.6885,-2.918783394358837,-0.14433735546696227,0.6663533720756117,-0.005908571449671469,0.005908571449671533,0.1174757243758211,1.4794133997955967,1.102358421914314,0.08,0.5722301823768238
13.7582,-2.9192332353783503,-0.1443465415219783,0.6823654520422808,-0.005597491009030779,0.005597491009030647,0.10146364440915201,1.479088330132456,1.1019268492582386,0.08,0.5456106074803797
13.8093,-2.903617888452845,-0.13245138863518727,0.6997105383107226,-0.008197539374306076,0.008197539374306015,0.08411855814071023,1.498545294703073,1.1204273490948653,0.08,0.5873911695819132
13.8612,-2.9009344998177564,-0.1299220601108607,0.7202444006626392,-0.008481992963346245,0.008481992963346206,0.1635846957887893,1.501391574485479,1.123760379649891,0.08,0.5807353041406608
13.9241,-2.898690783069225,-0.1273488414997035,0.7429030995891694,-0.00858485101643679,0.008584851016436797,0.14092599686225904,1.5048040719710989,1.1266913453272196,0.08,0.5485440745344934
13.9885,-2.8989000270362575,-0.1270282328734152,0.767444920283372,-0.008219740777210265,0.008219740777210348,0.11638417616805652,1.504919256354598,1.1265921640506766,0.08,0.5125823695502841
14.0603,-2.8862181014467665,-0.1145175097418059,0.7934650458980108,-0.010090821271357416,0.010090821271357572,0.09036405055341767,1.5226350258190493,1.1425644570750815,0.08,0.5370963276808692
14.1133,-2.8835685500853483,-0.10435513458309716,0.8200657194840925,-0.0056944526526601464,0.005694452652660226,0.06376337696733603,1.5321726321357132,1.1483389763757832,0.08,0.6222504990331064
14.1703,-2.881167076090721,-0.10135078274300167,0.8471620795857824,-0.0056458616942664805,0.005645861694266463,0.03666701686564611,1.5360185190613416,1.1515882327740414,0.08,0.5957207980654022
14.2242,-2.875825833096092,-0.08953872922746553,0.8749203188401778,-0.002284418025107797,0.0022844180251078796,0.00890877761125064,1.5485386700764305,1.1605330350983978,0.08,0.5564133504705951
14.2754,-2.872529948615315,-0.08507221387483595,0.9030452854929177,-0.0027877697274514496,0.0027877697274516127,0.1807838109585126,1.553601907420056,1.16513660434949,0.08,0.5344185749894176
14.3279,-2.870967924053613,-0.08324590579417976,0.9217092690917853,-0.0033136015830692654,0.0033136015830693903,0.16211982735964503,1.5559468643058958,1.1672230989984334,0.08,0.52044150812543
14.38,-2.8662252507459924,-0.07644816064172938,0.9500821048468204,-0.004323978047248493,0.0043239780472484534,0.1337469916046099,1.564173736655769,1.1739929484500717,0.08,0.5056234675048149
14.4592,-2.864890997272671,-0.07374855720673631,0.9787833391468447,-0.004239859160967877,0.004239859160967925,0.10504575730458565,1.567183888653637,1.1761710106186856,0.08,0.48553903383512004
14.5101,-2.858893019545188,-0.0667997384549241,1.0170696905335532,-0.006288924001013469,0.006288924001013425,0.0667594059178771,1.5761316901794986,1.1841983394727875,0.08,0.628654895813655
14.5714,-2.8569624016237354,-0.06321878718081451,1.035779277043554,-0.006319421036657639,0.006319421036657636,0.048049819407876226,1.5801998061460114,1.187254127938902,0.08,0.6007961118267852
14.6239,-2.8528524642104816,-0.05832015874755186,1.0638637244629292,-0.007659300815719117,0.007659300815719123,0.019965371988501124,1.5864522351336685,1.1928192628428813,0.08,0.5796743258522965
14.6742,-2.851253479480467,-0.054310310971557155,1.0912178435915596,-0.007196013814739749,0.007196013814739585,-0.00738874714012927,1.5907442039718818,1.1957296819543404,0.08,0.5515404408256821
14.7283,-2.851810402709313,-0.054112161463967356,1.1109543940819187,-0.006611105885538477,0.006611105885538281,-0.02712529763048832,1.5906587087992483,1.1952789969838702,0.08,0.5310223867404398
14.7829,-2.8504005284157086,-0.0500081112025913,1.1385437078112144,-0.005936609535807978,0.0059366095358078215,-0.05471461135978406,1.5949454358427941,1.1980558570063455,0.08,0.4917445655912427
14.834,-2.850355440398618,-0.05014056882753561,1.155847999230066,-0.006038439602141401,0.006038439602141443,-0.07201890277863576,1.5948494744480484,1.1980507205202593,0.08,0.4789687408980914
14.8885,-2.8493723673198903,-0.04665399093307422,1.1827732512293296,-0.005275699921165201,0.005275699921165177,-0.0989441547778993,1.5983907858253956,1.2002163653473288,0.08158758410703036,0.4481448520846456
14.9601,-2.8513429514754516,-0.04281154028696486,1.2111292881753197,-0.0019063446079109784,0.0019063446079110443,0.07269980827610989,1.6004989791982682,1.1997641753935477,0.0866828659401558,0.388699897364849
15.0125,-2.850479483825695,-0.03808087465361846,1.2498558574193428,-0.0013955119905345688,0.0013955119905344675,0.03397323903208682,1.6052805922894462,1.2022899573093548,0.08962214002136706,0.35440836641738416
15.0703,-2.850654461427185,-0.03718950060553379,1.2692829258788203,-0.0009753910288105853,0.0009753910288105445,0.014546170572609318,1.606085988609367,1.202453207166746,0.09329985945893013,0.311501639645815
15.1244,-2.8528368394918298,-0.026204682087736863,1.2952786545268244,0.004226937941004461,0.004226937941004271,-0.011449558075394828,1.6160038908661853,1.2044952864535232,0.09953587688951285,0.2387481029556833
15.176,-2.852858404676396,-0.020250411205321325,1.3249724617782979,0.005932946555162624,0.005932946555162752,-0.04114336532686824,1.6217085680180305,1.2067189154583717,0.10347452737916878,0.1927971805763642
15.2279,-2.8544125800179496,-0.02115888244621363,1.3427509431230886,0.007166428485899466,0.007166428485899651,-0.058921846671659006,1.6203973459489789,1.2049364226390544,0.10640511884112704,0.1586069468535178
15.2884,-2.8538148276706323,-0.017349489503524752,1.3684587367492003,0.007671349001218008,0.00767134900121793,-0.08462964029777065,1.6242201509052567,1.2069368963388187,0.1092067197541496,0.12592160286825457
15.3558,-2.8547405875072935,-0.018651408557649747,1.3935927583362915,0.008190750063868286,0.008190750063868466,-0.10976366188486188,1.622709440133869,1.205584990639381,0.11277632058082832,0.08427625989033632
15.409,-2.8543578377035286,-0.015096370620851554,1.4164121777214664,0.008829887100983019,0.008829887100983157,-0.13258308127003682,1.6262274361532165,1.2072960993709376,0.1005875320720921,0.22647879249225877
15.4698,-2.8543359641836235,-0.012505131500980449,1.4413386368598933,0.009542344772264677,0.009542344772264634,-0.15750954040846366,1.6287189021260637,1.2083111395658181,0.10351965430356423,0.19227069979175068
15.5241,-2.8572632182666724,-0.00987516044134748,1.4655605700394798,0.013094293344205254,0.013094293344205341,-0.18173147358805022,1.6304127809834568,1.206626671626656,0.10866418665250017,0.13225115572083115
15.5762,-2.8573021454135565,-0.006160438868697299,1.4900001918155477,0.014183061187475653,0.014183061187475844,-0.20617109536411804,1.6339645771865823,1.2080353362389347,0.11150406994078967,0.09911918402412055
15.6296,-2.8632189277052524,-0.003379888998900923,1.5044250102080607,0.020644906824462312,0.02064490682446233,-0.22059591375663115,1.6349567068300803,1.203682269733389,0.11760315631855763,0.02796317628349428
15.6853,-2.8649424869314135,0.0010958937061872533,1.5230381566357079,0.023564830954894707,0.023564830954894655,-0.23920906018427823,1.6387616155414386,1.2038705935731149,0.11998460731014335,-0.0001795813816608448
15.7557,-2.8649465020885376,0.00610538942639861,1.5405678642330145,0.024986593540832134,0.024986593540832092,-0.2567387677815849,1.6435651199540036,1.2058672204501233,0.1164687473806467,-0.041197947225788456
15.8096,-2.8659904670191776,0.011340683681647295,1.554986633504946,0.027212040871026334,0.027212040871026147,-0.07115753705350869,1.6537773104340512,1.2070217675040735,0.11370129974828555,-0.07348483627000185
15.8684,-2.86654553288088,0.01873458189412279,1.5662107343798954,0.0284072255788519,0.028407225578851704,-0.0823816379284581,1.6610950534195252,1.2095289878510727,0.11152312602989851,-0.0988968629845173
15.9255,-2.866899688835552,0.025868516985278856,1.5765859984140738,0.029379679887194504,0.029379679887194504,-0.09275690196263642,1.668171266315082,1.2121511495266442,0.10974107224880714,-0.1196874904305833
15.9764,-2.8671261221633557,0.025681555974095244,1.5853661444935296,0.029589018469875793,0.029589018469875914,-0.10153704804209228,1.6679653444137599,1.2118675262097887,0.10841418488896949,-0.13516784296202256
16.028,-2.8698296923912396,0.033926466274557275,1.589724839252117,0.03299850467893237,0.03299850467893233,-0.1058957428006797,1.6759442692554924,1.2128621172735758,0.11438334442416931,0.06552764838469123
16.0889,-2.8700783735131066,0.039296808108497054,1.5948084709634978,0.03371270121447003,0.03371270121447009,-0.11097937451206041,1.681272715278712,1.21491135039529,0.11491996695851202,0.05926705215069304
16.156,-2.870172639587552,0.03943865038008294,1.5980696306646969,0.033818931117988164,0.03381893111798825,-0.11424053421325953,1.6814058337612696,1.2148863875538112,0.1153648962014167,0.054076210983471894
16.2143,-2.869019410021711,0.048896383887549875,1.6001546875293828,0.03349153637622457,0.033491536376224505,-0.11632559107794548,1.6909279907759833,1.2199810443486303,0.11423512091186422,0.06725692269491725
16.2684,-2.8699405664408957,0.04954090832304139,1.6023510251204587,0.034465193374411146,0.034465193374411215,-0.11852192866902135,1.6914900699042499,1.2194285464391013,0.11518094271722502,0.05622233496570804
16.3243,-2.8702850140928575,0.05858839177522117,1.6046798181946007,0.03472441998194215,0.03472441998194225,0.07914927825682327,1.7075288365005412,1.2230565546113426,0.11530751415248923,0.05474566822095895
16.3859,-2.8688462264819363,0.06746268803577106,1.6078101976706873,0.03229386218124051,0.03229386218124051,0.07601889878073664,1.7161842182186862,1.2282615498446425,0.11562112352942588,0.05108689215669804
16.4546,-2.8691118824656234,0.07309494840212354,1.6113620312936103,0.03192254769279621,0.03192254769279624,0.07246706515781365,1.7218105007823976,1.2305333061784327,0.11394262955094131,0.07066932190568473
16.5082,-2.8667540500525526,0.08056173442028364,1.6146766566119055,0.028737566107686435,0.02873756610768663,0.06915243983951846,1.728963693037023,1.2359957404277182,0.09046863938300902,0.3445325405315614
16.5682,-2.867812662876848,0.0893031750726096,1.6191344433820654,0.02880345689936309,0.028803456899362877,0.06469465306935862,1.7377687543198006,1.2390257105696547,0.0899991957456224,0.3500093829677387
16.6241,-2.868301968222943,0.09574501303403567,1.6252141949869292,0.028563050512870076,0.028563050512870187,0.05861490146449477,1.744224674146775,1.2415517882252751,0.08981415626678506,0.35216817688750746
16.6753,-2.868383417182921,0.09533608111159932,1.6292275877438964,0.028690104058021023,0.028690104058020943,0.05460150870752756,1.7438275385944335,1.2412907704959597,0.09018541934925876,0.3478367742586477
16.7313,-2.869084062982154,0.11127929744659493,1.6336457946185403,0.025018709871280014,0.02501870987127992,0.25018330183289295,1.7650263199818539,1.2481106846724102,0.08738069608344318,0.3805585456931629
16.7889,-2.8695428421405746,0.1156989586337639,1.642052503369781,0.02409417970880177,0.024094179708801747,0.24177659308165222,1.7693724823470027,1.2497978731931252,0.08747038161418003,0.379512214501233
16.8578,-2.8708609147669755,0.1252089422694149,1.653749377520457,0.022419643232168034,0.022419643232167982,0.23007971893097623,1.7788262134510293,1.2531838599808776,0.08,0.6159219472298584
16.9106,-2.874006968302502,0.13318531626286018,1.6657313910693532,0.02295652323145814,0.02295652323145829,0.21809770538208006,1.7873837805584536,1.254290627058897,0.08,0.6079058924310717
16.9686,-2.8746502401864586,0.13783361934497376,1.6813457064503032,0.02213711096119032,0.02213711096119023,0.20248339000113003,1.7920042874344588,1.2559995437952456,0.08,0.6017984444000922
17.0247,-2.8754943847264824,0.14170312715450786,1.6992924631443869,0.0217486361941319,0.021748636194131737,0.18453663330704642,1.7959457031760238,1.2571651050110804,0.08,0.5891797260300403
17.0762,-2.8784664478483473,0.1550765388153367,1.7184171664447816,0.018046768096533505,0.018046768096533515,0.3654119300066547,1.8134478161229148,1.261233627833045,0.08,0.6135397135394514
17.1271,-2.8801076569867132,0.16340196576059365,1.7336073573970698,0.015390386620766269,0.015390386620766281,0.35022173905436654,1.821506968603906,1.2640149581303761,0.08,0.600083599913276
17.189,-2.880519338253113,0.1631988777933817,1.758967852657426,0.015848748035297757,0.015848748035297625,0.3248612437940103,1.8215320883411577,1.2635571476016663,0.08,0.5780250341507795
17.2572,-2.88095872475272,0.162954821890837,1.7871303199237452,0.016351355867429078,0.016351355867429213,0.2966987765276912,1.8215351126897033,1.2630546848061968,0.08,0.5355560585893498
17.3097,-2.8847998650058884,0.1838587441549224,1.81634143061361,0.009437886200948957,0.009437886200948879,0.26748766583782624,1.8416331788065736,1.2705007090752733,0.08,0.7
17.3691,-2.8861389648968894,0.18776048214481106,1.8461173978734537,0.008689532144366538,0.008689532144366456,0.23771169857798258,1.8456898663796824,1.2713948020095314,0.08,0.7
17.4242,-2.887970098968297,0.19416203706553772,1.8768656544678148,0.0064543612280506535,0.006454361228050709,0.40696344198360745,1.8535303225396058,1.2732001769632189,0.08,0.7
17.4774,-2.888229374634773,0.19407206999271304,1.9082121946986261,0.006709322778214064,0.00670932277821407,0.3756169017527961,1.8536318732823778,1.2729324549626782,0.08,0.7
17.5288,-2.892498619286842,0.20374312588109197,1.9295818580456638,0.003612365956220482,0.003612365956220417,0.35424723840575845,1.8637395253508888,1.2744510120012902,0.08,0.7
17.5882,-2.8983704643751587,0.21049448713176588,1.9610177476216322,0.003637448420491435,0.003637448420491586,0.3228113488297901,1.8726870844788452,1.2731281031024793,0.08,0.7
17.6575,-2.899184966365801,0.21076537550928887,1.992341563293122,0.004076326276333668,0.004076326276333784,0.2914875331583002,1.8734247702069768,1.2725893400491535,0.08,0.661255088967316
17.709,-2.8996880326510786,0.21038255880146875,2.024008925948078,0.004707248486382048,0.004707248486381889,0.25982017050334427,1.8734642858246071,1.2719591563014434,0.08,0.6130572494656467
17.7602,-2.9002330949163935,0.21003432097334132,2.0565279249859425,0.0053473165730443415,0.005347316573044463,0.2273011714654798,1.8735574271282571,1.2713123495258598,0.08,0.579466833897202
17.8249,-2.9127638644951794,0.23082857185961317,2.0892596696940893,0.001223201208460449,0.0012232012084605864,0.19456942675733302,1.8974825755837514,1.2722494434720997,0.08,0.7
17.8766,-2.9154041241576323,0.2340551381468786,2.122401022067912,0.0006273123499553717,0.0006273123499553374,0.36142807438351765,1.9018244430707483,1.271859438183368,0.08,0.7
17.9283,-2.921146462904677,0.23784449787223078,2.143602398444508,0.0011391295753570866,0.001139129575356975,0.3402266980069215,1.9086853281843263,1.2692358046086578,0.08,0.7
17.9831,-2.9245550831752696,0.23524776092724564,2.175433757570349,0.00527794215567134,0.0052779421556713065,0.3083953388810805,1.909795267523019,1.264956617779525,0.08,0.7
18.0549,-2.9275967695907443,0.2388926006872362,2.208130693389803,0.004253087030589863,0.004253087030589729,0.2756984030616265,1.9144306084057034,1.264506310633664,0.08,0.624820986827196
18.1094,-2.930606277433294,0.2392335239036567,2.2424163157172297,0.005823151786518794,0.005823151786518756,0.24141278073419992,1.9170206398256002,1.262221094776187,0.08,0.5674532099072241
18.1598,-2.9337535021589742,0.24247571197458773,2.276524035897447,0.00518146038082461,0.0051814603808245105,0.20730506055398257,1.921493339133745,1.2614794111420147,0.08,0.5519354063693022
18.2245,-2.941425162618876,0.24709115860743797,2.310009254424191,0.006219032295835409,0.006219032295835347,0.17381984202723855,1.930386042117309,1.2578407679471095,0.08,0.6604127068502462
18.2756,-2.945170800332754,0.2500938400302288,2.3440898185770482,0.006132716131052027,0.006132716131052086,0.13973927787438134,1.9351858803573017,1.256517275977961,0.08,0.6271990282092748
18.3282,-2.9454924689821445,0.249695111084711,2.366724422870245,0.006644906511365296,0.006644906511365292,0.11710467358118448,1.9351966741661284,1.2560241437373418,0.08,0.6064171045296786
18.3806,-2.9489016045830625,0.2492886585538804,2.400052236053165,0.00905072747613922,0.009050727476139194,0.08377686039826449,1.9376460485129197,1.2530102651719763,0.08,0.5575375888046664
18.4564,-2.952616454648819,0.25209025694418136,2.434215536587672,0.009104718688662422,0.009104718688662434,0.049613559863757484,1.9422985907750123,1.2516170965438478,0.08,0.5118468563593157
18.5094,-2.956092723828966,0.25415749242289376,2.468407021790698,0.009594000325864424,0.0095940003258645,0.015422074660731424,1.9463133776207595,1.2500030705323142,0.08,0.47191118488993705
18.5696,-2.9566561392257595,0.2537765359946472,2.5024457375880873,0.010239917743966539,0.010239917743966587,-0.018616641136657727,1.9465263456901,1.2493232710179043,0.08391355777273543,0.4210084926514199
18.6249,-2.969204995144356,0.26054629888673186,2.535669539667879,0.010050092358897915,0.0100500923588979,0.1481595567835532,1.9628637169032785,1.243177737954958,0.08696581094728419,0.38539887228168446
18.6855,-2.9781534504013676,0.2623357712050576,2.56803150875702,0.012399565940451164,0.012399565940451066,0.11579758769441194,1.9716817119449177,1.2370577356131756,0.08941298615524222,0.3568484948555073
18.7574,-2.9820627341017585,0.2644030462284764,2.5992019908808883,0.01227281177931151,0.012272811779311549,0.08462710557054363,1.9761021257779459,1.2351674837694786,0.08,0.4979173104328234
18.8083,-2.9887846341058166,0.2632436107739742,2.6298058573369847,0.016283572220242515,0.016283572220242615,0.05402323911444729,1.9816195555167986,1.2291007871720976,0.08279735581855525,0.43403084878352194
18.8588,-2.992860570694316,0.2650919844905172,2.6608979322714816,0.01642683305250645,0.01642683305250642,0.022931164179950336,1.986092722270164,1.226968522045424,0.0844955373962406,0.4142187303771929
18.9094,-3.00083434776504,0.265737688677582,2.691446137873732,0.019371563738378776,0.019371563738378797,-0.007617041422300019,1.993530908598731,1.2210234750762667,0.08894081463098862,0.3623571626384661
18.9703,-3.004792035015697,0.267326317423436,2.7118036071532803,0.019577901019982774,0.019577901019982746,0.1720254892981492,2.0017236987077376,1.2188559970281612,0.09197024148214639,0.32701384937495875
19.0244,-3.014034895691462,0.26800962125764183,2.741345398497706,0.021273349256724337,0.021273349256724364,0.14248369795372362,2.010835385317689,1.21197309056599,0.0969971106063437,0.26836704292599023
19.0759,-3.0182107436997065,0.26916235080594286,2.7700075462319607,0.021223204476426644,0.021223204476426706,0.11382155021946883,2.015167126018665,1.209394808590187,0.09994953564763423,0.2339220841109339
19.1299,-3.0210016177640844,0.2711188767653628,2.789148234721651,0.020042763036430846,0.020042763036430863,0.09468086172977852,2.0183645515267643,1.2084116954333912,0.10051628947129476,0.2273099561682277
19.1865,-3.024577513326877,0.27492145001262325,2.8181682190272417,0.017277379691918046,0.017277379691918074,0.0656608774241878,2.0227916552453,1.207971600897477,0.10381381722016851,0.18883879909803394
19.2559,-3.0282577190527498,0.27582403543818135,2.8476249254622292,0.017342766445642407,0.01734276644564248,0.03620417098920026,2.026580362044145,1.2056584668882757,0.08639823484208915,0.3920205935089598
19.3065,-3.033285318782901,0.2776581488781676,2.8745372535369107,0.01685087637546768,0.01685087637546765,0.009291842914518789,2.0319094121767876,1.2028878167357933,0.08918418952984329,0.3595177888184949
19.3688,-3.03716736942793,0.27840530651429896,2.9025815711570537,0.017118010005322544,0.017118010005322523,-0.018752474705624245,2.03585367400476,1.2003389644113363,0.09113411939998473,0.336768607000178
19.4237,-3.044088099464782,0.2780623878689775,2.9297822566159866,0.019213822531119622,0.019213822531119615,-0.045953160164557076,2.042458344117416,1.194754007279981,0.09517009475846622,0.2896822278178941
19.4769,-3.0473525228643834,0.27831179591859684,2.9566378041464993,0.019804816654699617,0.019804816654699606,-0.07280870769506985,2.0456784979107887,1.192385128806101,0.09793284821914607,0.2574501041099625
19.5295,-3.0524367243840427,0.2768245298063559,2.9742071815904954,0.021864870142823675,0.021864870142823657,0.10962191486093875,2.0546708465556662,1.187511885697775,0.10092549807806324,0.22253585575592869
19.5886,-3.0561870352424227,0.27701019160552204,2.9998765157632743,0.02189602884572841,0.0218960288457284,0.0839525806881598,2.0584256209794347,1.184736033586162,0.10378358722807958,0.18919148233907146
19.6561,-3.0602535224458034,0.2741105093911096,3.0254563652790196,0.025025638985504504,0.025025638985504493,0.05837273117241448,2.062317923060832,1.1797542195899795,0.10929398042802017,0.12490356167309791
19.7092,-3.0657763231071447,0.2705843716865681,3.051271263272797,0.0288647348542308,0.028864734854230814,0.03255783317863692,2.0676279435096654,1.1732511167514945,0.11558952519527446,0.051455539388464505
19.7686,-3.0694371748220437,0.2706498305794647,3.0764311991366204,0.029010731377768946,0.029010731377768974,0.007397897314813662,2.0712864685075645,1.1704751520145842,0.11858616295396462,0.01649476553707932
19.8259,-3.0782497212793998,0.26733999978813416,3.100646385253963,0.03282380286260033,0.03282380286260035,-0.016817288802529085,2.079893235658003,1.1615863701222944,0.10355285627410567,0.19188334346876712
19.8904,-3.0827078385074422,0.2646478666325947,3.1256874259925667,0.035768819469527494,0.03576881946952747,-0.041858329541132555,2.0841884966897735,1.1564394378135379,0.1061616595011469,0.1614473058199529
19.9546,-3.086226357947032,0.26446017463580734,-3.132807383671391,0.03615932761772792,0.036159327617727936,-0.06654882705676114,2.087690312035936,1.153622546702926,0.11075037796167482,0.10791225711379362
20.0086,-3.09099818606761,0.2616744668534332,-3.109924204550116,0.03921587376454823,0.03921587376454827,-0.0894320061780365,2.0922933585394463,1.1481773357397527,0.11533042924061906,0.05447832552611077
20.0694,-3.095033137859567,0.26132976082535186,-3.091243996763323,0.039535911499061625,0.03953591149906162,0.09188778603516345,2.1042611154099826,1.1448702338526806,0.11754917767510267,0.02859292712380212
20.1241,-3.10732589147154,0.2603622975091606,-3.0752422786802036,0.038751016955963016,0.038751016955963016,0.07588606795204411,2.1165668749228725,1.13487836900452,0.11945210974684073,0.006392052953524847
20.1756,-3.1126178301154743,0.25972399156927845,-3.0638776904537637,0.03863270585702953,0.03863270585702955,0.06452147972560418,2.1218958571491444,1.1304464903382567,0.11911428616077052,-0.010333328124343854
20.2281,-3.1177762823944675,0.2578036233660414,-3.057239798318126,0.03980243270869456,0.03980243270869454,0.05788358758996636,2.1272744427479005,1.1252851934976054,0.10016921296406978,0.23135918208585252
20.2885,-3.1224480050576124,0.2571861311609178,-3.0477502471474,0.03975143822231108,0.03975143822231107,0.04839403641924056,2.13198652178237,1.121348301196159,0.10091531958902943,0.22265460479465665
20.3583,-3.1226999394308965,0.2569552148469819,-3.0385069973031253,0.03994430907106002,0.03994430907106006,0.039150786574965846,2.132268646060281,1.1210066798204128,0.1021171277378961,0.20863350972454556
20.4094,-3.1350229975643322,0.25478854842616333,-3.0299862587354545,0.04034221152005822,0.04034221152005823,0.030630048007294963,2.1447743998872286,1.1102960589535977,0.10244298770930045,0.20483181005816137
20.4603,-3.14161351883236,0.2539530433788987,-3.0222135222881112,0.03893640948262883,0.03893640948262881,0.22285731155995234,2.1593604452083195,1.104797425608852,0.10281808499186337,0.20045567509492737
20.5246,-3.148789624379658,0.25278111738131603,-3.013406070509162,0.03763210857379216,0.037632108573792206,0.214049859781003,2.1665136752835354,1.098650313754553,0.10320307234256818,0.1959641560033712
20.5806,-3.151901209690639,0.2515593803727511,-3.004028139319946,0.037738761301200595,0.037738761301200574,0.2046719285917873,2.169854817253184,1.095514159066784,0.10439619227603306,0.18204442344628105
20.6552,-3.157347272705587,0.2506439375090032,-2.993068449170722,0.036773444675833315,0.03677344467583331,0.19371223844256313,2.1752922616724275,1.0908439747167729,0.08737470803209839,0.3806284062921855
20.7089,-3.160097626397683,0.25241275112289674,-2.983882982413567,0.0341842067343458,0.03418420673434575,0.184526771685408,2.177289508255772,1.0899813283497002,0.08651786130256056,0.39062495147012655
20.7593,-3.165138992915547,0.25146634542117197,-2.9727670341180072,0.03338387129184089,0.033383871291840915,0.17341082338984837,2.1823561169143493,1.085606799724299,0.08649151313685684,0.39093234673667016
20.8098,-3.167719417218029,0.250611322036211,-2.964467834105455,0.033323332213304496,0.03332333221330454,0.165111623377296,2.1850738346314125,1.0831210878096973,0.08774336759173616,0.37632737809641137
20.8698,-3.1723690176235504,0.24959693108755646,-2.9517266868669756,0.03271851393469246,0.03271851393469244,0.1523704761388167,2.189794212558824,1.0789995370813945,0.08846893896870903,0.3678623786983946
20.9245,-3.1825047257098062,0.24634919875488323,-2.936554186474062,0.03141353905486923,0.0314135390548693,0.33719797574590515,2.2068323805046837,1.069331393302379,0.09000657419340696,0.3499233010769187
20.9788,-3.186599098818657,0.24422895902342673,-2.919026549022029,0.031116731404343168,0.031116731404343075,0.3196703382938719,2.2114335991358636,1.0648831663018816,0.09215103965794033,0.32490453732402946
21.0303,-3.1908748526242134,0.24288285908190926,-2.902196863511009,0.03006322709049635,0.030063227090496303,0.302840652782852,2.215790683518681,1.0608286627761434,0.09195395912563739,0.32720381020089706
21.0892,-3.1918051900183526,0.24234574865383218,-2.8905042117864377,0.030043189297625242,0.03004318929762518,0.29114800105828076,2.216864747653516,1.0597810218492925,0.09407780727401287,0.3024255818031831
21.1591,-3.1915510883461753,0.2420302121657708,-2.8729817566870715,0.030444594101154573,0.030444594101154514,0.27362554595891453,2.2168099286895986,1.059753259336621,0.09642707829250699,0.2750174199207517
21.2094,-3.2019858193908313,0.23489888212762408,-2.85462269144298,0.031168109203648414,0.031168109203648358,0.2552664807148233,2.2294280111898734,1.0472521008275313,0.08823565165978192,0.3705840639692108
21.2598,-3.2062972765172106,0.2334047636642998,-2.8382384625263466,0.030222966343619994,0.03022296634361999,0.23888225179818967,2.233892062881912,1.0430771644796912,0.08897076003985359,0.3620077995350414
21.3105,-3.210758646660452,0.22794003142724545,-2.8178755792695522,0.032601516270593725,0.03260151627059367,0.21851936854139528,2.2405335704082647,1.0360884118900908,0.09293967911392162,0.31570374367091436
21.3686,-3.2150473861360944,0.2262967120556841,-2.8036655307967076,0.031795895958410425,0.031795895958410515,0.20430932006855063,2.245055158708794,1.0318298751481532,0.09483497480384333,0.2935919606218278
21.426,-3.222049360774722,0.21870125149626368,-2.7811907951482646,0.03287040856515914,0.03287040856515906,0.3733131854905021,2.2614602791636655,1.02152905887272,0.10041214549621366,0.2285249692108406
21.4886,-3.2261966343251354,0.21668877419047583,-2.7616280677512135,0.03158790617444864,0.03158790617444875,0.353750458093451,2.265888047272554,1.017123473044487,0.10190494092774413,0.21110902250965163
21.5574,-3.230038141044625,0.2100230661833625,-2.7440642533788084,0.03396607181974236,0.0339660718197425,0.3361866437210459,2.273204683472033,1.0097689034260162,0.10735365249994024,0.1475407208340305
21.6107,-3.233032142327452,0.2076181916431326,-2.7275578273592505,0.03374726925291709,0.033747269252917184,0.3196802177014879,2.2770386879937528,1.005938718755331,0.09998531216953545,0.2335046913554197
21.6686,-3.2364537169608067,0.2057449827225917,-2.7114167819277553,0.032847285592696035,0.032847285592696146,0.3035391722699927,2.280834226696354,1.0021580656802294,0.10172695492449564,0.21318552588088402
21.7247,-3.2483911354150514,0.20146629721605233,-2.693750515963951,0.02803133640446474,0.028031336404464705,0.28587290630618867,2.2925652003316492,0.9905207090870382,0.1021337261655437,0.20843986140199017
21.7784,-3.2527832834100967,0.19892629012689958,-2.677261748282555,0.02697664996382456,0.026976649963824505,0.2693841386247926,2.2975280862395917,0.9855823702896105,0.1037672600462416,0.18938196612718133
21.8294,-3.2584258889997955,0.19907341170726328,-2.6676678075828626,0.0229133917754476,0.02291339177544748,0.30990425044449577,2.30277320781449,0.9815875940852054,0.1019605861865192,0.21045982782394276
21.8884,-3.265317955828604,0.19519431296422024,-2.65378878462779,0.020794854813544632,0.02079485481354477,0.29602522748942306,2.3103929055363217,0.9739224515983481,0.1029179383632973,0.19929071909486487
21.9574,-3.266063457582843,0.1944366274763866,-2.64021181730936,0.020805137785954678,0.020805137785954823,0.2824482601709932,2.311455804602332,0.9728600149614556,0.10463538329175047,0.17925386159624437
22.0086,-3.2777766399990957,0.19110838741364536,-2.6265750913768446,0.01489278390597112,0.014892783905971162,0.2688115342384778,2.3221009864152222,0.9621076152273291,0.10251785210522459,0.2039583921057131
22.0702,-3.2818696586482115,0.18857438882953362,-2.61295853912557,0.013797744261569827,0.013797744261569675,0.25519498198720303,2.3267887192002132,0.9574040394523073,0.09914057467578327,0.2433599621158618
22.1253,-3.2927178756775324,0.18204714782867917,-2.6011991113050357,0.010761634597536245,0.010761634597536204,0.24343555416666884,2.3390798023870785,0.9450748009104054,0.09973090017198562,0.23647283132683444
22.1785,-3.296130855869714,0.1793829589877426,-2.5891519345113587,0.010238902410531311,0.010238902410531176,0.2313883773729919,2.3433778353130883,0.9407712135453675,0.10102541336660137,0.22137017738965076
22.2302,-3.298636762052944,0.17761958112510348,-2.580698728254723,0.009718593005787764,0.00971859300578792,0.22293517111635633,2.3463974951298447,0.9377461964489795,0.10130000804081835,0.21816657285711924
22.2885,-3.298877906601484,0.17716850807095308,-2.567499135403225,0.009867802706585284,0.00986780270658514,0.20973557826485803,2.346886733373095,0.9372585435531393,0.10298040957900603,0.1985618882449295
22.3566,-3.2989122622249827,0.17682808771555317,-2.553437656732391,0.010084638700566983,0.010084638700567123,0.19567409959402404,2.34715140010495,0.9369962001553294,0.1047988684666416,0.17734653455584787
22.4097,-3.3130469806980103,0.16412700070308864,-2.539714963013281,0.009100683677982136,0.009100683677981997,0.18195140587492098,2.3661287473938484,0.9180096930598284,0.10683341706900562,0.15361013419493433
22.4602,-3.3189753810656137,0.16028384925993444,-2.5315497245207426,0.007637033349669041,0.007637033349668991,0.1737861673823824,2.373040583014727,0.9110847552577139,0.1074305183543551,0.14664395253252377
22.5118,-3.32293298590667,0.15724053381750602,-2.513693889070104,0.006998301414773688,0.006998301414773688,0.155930331931744,2.3779919895295896,0.9061283654232187,0.10568009446602589,0.1670655645630313
22.5698,-3.326717731788297,0.15318710609754957,-2.5038479874307553,0.007196984364174438,0.007196984364174556,0.14608443029239515,2.383534110310935,0.9005879767992679,0.10778093036455921,0.14255581241347573
22.6204,-3.3260613351104893,0.1506820693793134,-2.490400646453166,0.009434503666314587,0.009434503666314603,0.13263708931480567,2.384837787008164,0.8993050320478617,0.10915200193347535,0.12655997744278763
22.6734,-3.3343321641908665,0.14414642250261872,-2.4778941795564395,0.008223973820774295,0.008223973820774175,0.12013062241807937,2.395309458854948,0.8888219183660326,0.11225882430636303,0.09031371642576458
22.7242,-3.3368447665781704,0.14193352647672408,-2.4699301231784374,0.008017292609441912,0.008017292609441937,0.11216656604007724,2.3986512192375886,0.8854784061229368,0.11307606355367478,0.08077925854046089
22.7771,-3.340653282081162,0.13557341932184402,-2.4583820894247816,0.009832820208937092,0.009832820208937105,0.10061853228641482,2.4058386814387798,0.8783096898570795,0.11447639713431022,0.06444203343304734
22.8295,-3.344740004664405,0.13207368932002866,-2.4507294765907655,0.0094261714346324,0.009426171434632494,0.09296591945239863,2.411203758170044,0.8729404656368748,0.11702379160165519,0.03472243131402285
22.8886,-3.34660320613072,0.128021121355383,-2.441043783108833,0.01098084895733205,0.010980848957332184,0.08328022597046612,2.415384404604815,0.8687783234736574,0.11972342481873081,0.003226710448140545
22.9549,-3.350704670009939,0.12441488217570108,-2.434642021548671,0.010639224321817306,0.01063922432181732,0.07687846441030421,2.4208351164465856,0.8633237721730098,0.11944824121408758,-0.006437185835644909
23.0091,-3.3529066700736463,0.11972763401772754,-2.4304393919069036,0.01240420154209371,0.012404201542093663,0.07267583476853678,2.4257037872083953,0.8584791614428452,0.11971968328835168,0.003270361635897092
23.0686,-3.3566380895030012,0.11641789007510915,-2.4255836231602728,0.012113844465616495,0.01211384446561649,0.06782006602190593,2.430683103295129,0.8534961977175578,0.11966015854990494,-0.003964816917775638
23.124,-3.363281289189018,0.10760895982549486,-2.4203144701958887,0.01366238944655945,0.013662389446559382,0.06255091305752192,2.4416069928337896,0.8425971092122907,0.11742089622596287,-0.030089544030433166
23.1884,-3.3669204303264952,0.1042654555506693,-2.41636632517933,0.013461090100629715,0.013461090100629697,0.05860276804096332,2.446544790685827,0.8376567052881184,0.11669445672314017,-0.038564671563364634
23.255,-3.3669802862015676,0.10408585589292965,-2.4123213964828114,0.013546027312425546,0.01354602731242555,0.05455783934444458,2.4467139782530216,0.8374889090898051,0.11614716603057276,-0.044949729643317775
23.3088,-3.3772576966805867,0.09477489658499266,-2.4083218000819824,0.012884377222691328,0.012884377222691399,0.05055824294362221,2.4605661025863887,0.8236280111436811,0.11525407171461528,-0.055369163329488276
23.3685,-3.382621921547606,0.08904245618578886,-2.405171323347326,0.013157056323438505,0.013157056323438457,0.04740776620896581,2.468412211651549,0.8157872236317129,0.1140469240938103,-0.06945255223887979
23.4242,-3.3910950961436526,0.08125288600575113,-2.4028232722804677,0.012691719073675244,0.012691719073675263,0.0450597151421075,2.47991245306505,0.8042810216898877,0.11672864339038201,-0.03816582711220991
23.4747,-3.3960242951817143,0.07820997523021929,-2.4003380411047277,0.011366758529154114,0.011366758529154015,0.04257448396636754,2.4855516718673436,0.7986225530670378,0.11708128201049911,-0.0340517098775102
23.5287,-3.4001319958107747,0.07437496546436287,-2.3986829433799,0.01118274962468553,0.011182749624685512,0.04091938624153978,2.4911683118847625,0.7930038698151356,0.11664339819970021,-0.039160354336830856
23.5899,-3.4004396183812426,0.07326188386899622,-2.3968731371466987,0.011753870729667151,0.011753870729667163,0.03910958000833853,2.492172006543137,0.7920085449812065,0.11595663984401317,-0.04717253515317976
23.6559,-3.4070154576822524,0.06936868909529205,-2.39524053338903,0.009868572294293186,0.009868572294293276,0.03747697625066193,2.499577698804383,0.7845776976287152,0.11682241622612376,-0.03707181069522284
23.7094,-3.410993992222509,0.06707336918506003,-2.3941319130348084,0.008685322105685886,0.00868532210568603,0.036368355896440274,2.504015845891793,0.7801258330189952,0.11741514906650534,-0.03015659422410443
23.7696,-3.4150775132333164,0.06325506218408984,-2.3924933307690317,0.008506554769528047,0.008506554769528022,0.03472977363066354,2.5096035694388994,0.7745364742889037,0.11710834337468694,-0.03373599396198571
23.8239,-3.420048020739308,0.058531360668147396,-2.390082810637256,0.008342792495078298,0.008342792495078412,0.03231925349888787,2.51645867576895,0.7676799879409013,0.11666387005942054,-0.038921515973426905
23.8888,-3.4251045383289385,0.05502745374530555,-2.389352625698991,0.007254430084432236,0.00725443008443214,0.03158906856062282,2.5225135251577684,0.7616143546616181,0.11653134487746951,-0.04046764309618893
23.9561,-3.429385288572137,0.05098616390127199,-2.3877202952588115,0.007094339502818321,0.00709433950281846,0.029956738120443305,2.528398354573632,0.7557282744942723,0.1187687398720848,-0.01436470149234388
24.0089,-3.4337603749011554,0.04843595701111324,-2.386218478817194,0.005811640060173525,0.005811640060173448,0.028454921678825684,2.533297295041612,0.7508185270797486,0.119363814875659,-0.00742215978397835
24.0699,-3.437955636085875,0.04446040898911975,-2.3850576879338337,0.005665345075894352,0.005665345075894217,0.0272941307954655,2.539075166298465,0.7450397034533914,0.11918956438880522,-0.009455082130605688
24.1249,-3.4465494014752736,0.03526402587791109,-2.383063763312825,0.006111197752813892,0.006111197752813931,0.025300206174466044,2.5516540168535293,0.7324648070272328,0.11833630814733903,-0.019409738281044524
24.1819,-3.4511996102741405,0.030794891725718226,-2.381375838791622,0.005993276687362192,0.005993276687362149,0.02361228165326334,2.55810255905822,0.7260155082481236,0.11805142950117449,-0.02273332248629751
24.2553,-3.456318258893528,0.027756783666226758,-2.380231724783594,0.004531164060418105,0.004531164060418118,0.022468167645234963,2.563872558272781,0.7202350247237912,0.1188691633162807,-0.013193094643391934
24.3091,-3.4601454317110774,0.023022706866782754,-2.3792476016160164,0.005181939910879735,0.005181939910879598,0.021484044477657616,2.56992526227272,0.7141868668854742,0.11800431889241886,-0.023282946255113235
24.3696,-3.4656964834118478,0.017933417193268176,-2.3778028092879953,0.004867230683376185,0.00486723068337613,0.020039252149636422,2.5774496228746377,0.7066604687756206,0.1191580810907546,-0.009822387274529581
24.4258,-3.474162453902913,0.009784040112553604,-2.3772117142580163,0.004661800296916589,0.004661800296916712,0.019448157119657417,2.589198784611357,0.6949101819509169,0.11904752919294433,-0.011112159415649466
24.489,-3.4770806994208345,0.005457583949771173,-2.3766559987357834,0.005665592345317365,0.0056655923453172545,0.018892441597424536,2.594319993585312,0.6897966033230064,0.11807131950511815,-0.02250127244028821
24.557,-3.481416559122079,0.0012541866192834657,-2.3753459881388097,0.005581401703669349,0.005581401703669452,0.017582431000447762,2.6003582996725094,0.6837578102939149,0.11782116564074643,-0.02541973419129158
24.61,-3.482843658500938,-0.0001451682248607769,-2.374785718044492,0.005564919322856556,0.005564919322856695,0.01702216090613007,2.602356932942545,0.6817591090683958,0.11771318464651295,-0.026679512457348935
24.6618,-3.4824922014239013,0.00015789682696834388,-2.3737139605256456,0.005598411419299168,0.005598411419299058,0.015950403387283707,2.601894062785681,0.6822222378342321,0.11763829980538622,-0.027553168937160845
24.7124,-3.491763165348955,-0.014500220022019356,-2.372962070604024,0.009434248347358183,0.009434248347358178,0.015198513465662257,2.6188084802075005,0.665351738419329,0.11362419555469004,-0.07438438519528269
24.7685,-3.4959245458665857,-0.01853673175932935,-2.3723439000646214,0.009355048435051545,0.009355048435051536,0.014580342926259428,2.624605396818238,0.6595542815879597,0.11551250631145658,-0.05235409303300642
24.8236,-3.5004623610054577,-0.022977013520621533,-2.371462045398133,0.009296043182638453,0.009296043182638533,0.013698488259771047,2.6309539704166482,0.6532055104473998,0.11524732571282517,-0.05544786668370628
24.89,-3.5003470939232564,-0.022881395861207264,-2.3711095642831017,0.009309703429556733,0.009309703429556802,0.013346007144739769,2.630804830768381,0.6533548294986111,0.1151865828137891,-0.056156533839127144
24.9582,-3.511660170780698,-0.038108730389517405,-2.3707959901619806,0.012106944682842593,0.012106944682842524,0.013032433023613788,2.6495673696741466,0.6346414514326069,0.1122412338916747,-0.09051893793046185
25.0088,-3.516236851812428,-0.04425588036702434,-2.3703619593342458,0.013229330619911663,0.013229330619911526,0.012598402195878933,2.6571485115353988,0.6270843803145201,0.11082761079570437,-0.10701120738344891
25.0588,-3.5202375210450345,-0.04815806791602921,-2.3695617051194775,0.013168461838565237,0.013168461838565277,0.011798147981110674,2.662736777542649,0.6214960765121511,0.1104288158920186,-0.1116638145931163
25.1089,-3.524403782001201,-0.052212603044616085,-2.3697174366609333,0.013098580797566551,0.013098580797566607,0.011953879522566435,2.6685498750047545,0.6156828057227592,0.11002017936421969,-0.11643124075077024
25.1696,-3.5245808575849713,-0.05239529256495182,-2.3693385551359616,0.013102949603750266,0.013102949603750158,0.01157499799759476,2.6688042608077005,0.615428570520027,0.10995231829799827,-0.11722295319002009
25.2245,-3.5376989509439634,-0.06588564127529185,-2.369209534421913,0.013395695560886434,0.013395695560886503,0.011445977283546238,2.6876188344543817,0.596624897208505,0.1119991346720526,-0.09334342882605295
25.2747,-3.543391856354885,-0.07137359125806311,-2.3687714555885453,0.013263175496440965,0.013263175496440885,0.011007898450178466,2.6955251107880054,0.5887176402747851,0.11163514222342832,-0.09759000739333619
25.3248,-3.5440397114715645,-0.07199320849539988,-2.36918115641779,0.013244614582360448,0.013244614582360485,0.011417599279423209,2.696421379311095,0.5878211810770458,0.11140492267399245,-0.10027590213675475
25.3771,-3.5437825002253276,-0.07174248978301509,-2.3689869103065395,0.013248641944443156,0.013248641944443036,0.01122335316817269,2.696062211831658,0.588180348131626,0.11133504539917821,-0.10109113700958752
25.4295,-3.552851263189446,-0.08347930217800623,-2.3690506634268815,0.01515831919941489,0.015158319199414884,0.011287106288520476,2.7107709969506413,0.5735226863060101,0.10882290281857405,-0.13039946711663603
25.4889,-3.5568911764812605,-0.08741142549656514,-2.36936682007395,0.015090945226277111,0.01509094522627716,0.011603262935588887,2.716408190751237,0.5678856869566624,0.10843521967822682,-0.1349224370873537
25.5577,-3.5595980825425113,-0.09003869185952007,-2.3697475885121406,0.015040549775437203,0.015040549775437182,0.011984031373779569,2.7201801039613844,0.5641137687919773,0.10817902499869532,-0.1379113750152211
25.6089,-3.5682110240142904,-0.09846913531039873,-2.3696084244968922,0.014930413937799389,0.014930413937799406,0.011844867358531186,2.7322317846604416,0.5520634764204456,0.11099548244439567,-0.10505270481538384
25.6703,-3.5721943716737865,-0.10234017386401378,-2.3698648781972875,0.014859713926458002,0.014859713926457954,0.012101321058926473,2.7377857921836974,0.5465095941429587,0.11075470552494228,-0.10786176887567328
25.7233,-3.5813997219653473,-0.11040096177026833,-2.3700521987333762,0.01406954383441293,0.014069543834412791,0.012288641595014306,2.7499960504481895,0.5342825615875498,0.11089742854410187,-0.1061966669854782
25.7738,-3.585538836732949,-0.11442279364993382,-2.370060097173103,0.013995666960393234,0.0139956669603933,0.01229654003474101,2.755766834184837,0.5285118394201722,0.11060325697417504,-0.10962866863462442
25.8258,-3.5897884175256682,-0.11951744279380519,-2.3701761988504706,0.01460358718550828,0.01460358718550831,0.012412641712108652,2.762373256803236,0.5219244189288862,0.10967233498075837,-0.1204894252244856
25.8812,-3.594413816073391,-0.12076775154980071,-2.370637624300892,0.012223560326579341,0.012223560326579395,0.012874067162530256,2.766531748820948,0.5177059061691548,0.10894134546590854,-0.12901763623106688
25.9313,-3.598447365401225,-0.12466699818882492,-2.3715254707988285,0.012137395518170176,0.012137395518170186,0.01376191366046653,2.7721412247463624,0.5120959617018661,0.11074514491762849,-0.1079733092943342
25.9883,-3.6041829307473336,-0.1295785644926265,-2.3718656246967207,0.011566553890025338,0.011566553890025491,0.014102067558358744,2.7796707886933447,0.5045551356408626,0.1137386565293656,-0.07304900715740126
26.0655,-3.605019523764699,-0.13036636921460798,-2.372548734340614,0.011533857663088728,0.01153385766308858,0.014785177202252251,2.7808194640667314,0.503406012637353,0.11379251649248617,-0.07242064092099451
26.1251,-3.6171601582042334,-0.14019651264082195,-2.3730587561474072,0.00992447233224893,0.009924472332249041,0.015295199009045303,2.7963576944431683,0.487836596528238,0.11452179824724741,-0.06391235378211339
26.1873,-3.620593927993031,-0.14296787025286506,-2.373927671160788,0.00946296133957114,0.00946296133957108,0.01616411402242113,2.8007461116498527,0.4834398418595331,0.11425997981248762,-0.06696690218764444
26.2546,-3.624722467064618,-0.14691963156771431,-2.3753995186811094,0.009346925815344022,0.009346925815344041,0.017635961542742606,2.8064599359481908,0.47772484100549667,0.11459045684450982,-0.06311133681405212
26.3086,-3.6296504121119555,-0.15082756561521987,-2.3761085573757743,0.008635473393414724,0.008635473393414734,0.018345000237407483,2.812708969982389,0.47146345123831196,0.11495258319039098,-0.05888652944543856
26.3686,-3.6263527449538997,-0.15133221774639938,-2.37726433182191,0.011321016994412982,0.011321016994413131,0.019500774683543387,2.8107297938846245,0.47349889369595227,0.11294890146924637,-0.08226281619212564
26.424,-3.633377882212148,-0.15803426853419644,-2.3782170966922087,0.011107790921227994,0.011107790921227967,0.020453539553841882,2.8204367281535454,0.4637896366299881,0.1127953223145855,-0.08405457299650242
26.4832,-3.6353469818237047,-0.16002269014006346,-2.3787068229214414,0.01112584447720215,0.01112584447720209,0.020943265783074594,2.8232350933605956,0.46099251434986366,0.1126578289369441,-0.08565866240231881
26.5548,-3.6392502336689083,-0.16373344517213628,-2.3798156189754764,0.010998176563841696,0.010998176563841602,0.02205206183710962,2.8286192162027155,0.4556068785968934,0.11511430872820118,-0.05699973150431954
26.6096,-3.640041716690175,-0.1657591169691243,-2.3810234639989205,0.011874004368143195,0.011874004368143284,0.02325990686055368,2.8306098736969316,0.4536388836064689,0.11456197490142726,-0.06344362615001516
26.6684,-3.6450387289044683,-0.17226071730544237,-2.382442924402726,0.012950665203454954,0.012950665203454888,0.024679367264359264,2.8387389412602326,0.445542647684345,0.11355882246615037,-0.07514707122824563
26.7249,-3.6504528565852046,-0.17735416221978517,-2.383323984094935,0.012735566648572987,0.012735566648573081,0.025560426956568346,2.8461692637465346,0.4381092124972789,0.11347904573028636,-0.07607779981332578
26.7805,-3.6516357188961814,-0.1832307993404047,-2.384624500776767,0.016062395056616594,0.01606239505661668,0.026860943638404855,2.8511558697904897,0.43323532243479107,0.11359242964387554,-0.0747549874881187
26.8305,-3.6555538938141954,-0.1869035587980303,-2.3860443212735363,0.015897282456110357,0.01589728245611045,0.02828076413517433,2.856523736643429,0.42786502588421005,0.11049583122660221,-0.11088196902297413
26.8895,-3.6588943919688104,-0.19284313513077564,-2.387239421935911,0.017745402217087217,0.01774540221708706,0.029475864797549267,2.8630828484950888,0.42138429546548184,0.10855080693837572,-0.13357391905228316
26.9602,-3.662753260776263,-0.19643171959357603,-2.3893488159963994,0.017562545489607555,0.01756254548960769,0.031585258858037424,2.8683492866022915,0.41611483061469856,0.10840219338321168,-0.13530774386253042
27.0244,-3.673923481063868,-0.20549585384383992,-2.392403245632274,0.01609576956826261,0.016095769568262457,0.03463968849391197,2.882659454993229,0.40175643049780346,0.11302199933672737,-0.08141000773818063
27.0895,-3.677906221724253,-0.20911205848646397,-2.3950694947146953,0.015845020793828504,0.015845020793828577,0.03730593757633338,2.8880331208032084,0.3963770347069823,0.11297790019020122,-0.08192449778098565
27.1545,-3.6787271872400633,-0.20979450131065694,-2.3970711783629075,0.015748738607491045,0.015748738607490913,0.039307621224545564,2.8890963434172625,0.3953108167357004,0.11321200965639654,-0.07919322067537381
27.2096,-3.678596671459537,-0.20958505073456235,-2.399822375105204,0.01569254615518457,0.01569254615518445,0.04205881796684219,2.8888560387749926,0.3955486974198978,0.11359128044107591,-0.07476839485411438
27.27,-3.678523461072662,-0.20943787588076423,-2.402286170952949,0.015640000926581427,0.015640000926581566,0.04452261381458689,2.8887002851320562,0.39570224817361543,0.11392858214965307,-0.07083320825404751
27.3286,-3.678484345555943,-0.20928351289449548,-2.4053002830721044,0.01555829409576362,0.015558294095763512,0.04753672593374247,2.8885636032057613,0.3958356034311479,0.11433504554912877,-0.06609113526016436
27.3859,-3.7057540077085704,-0.2295904851812876,-2.408000494637661,0.010687721090200159,0.010687721090200029,0.05023693749929592,2.9222130477178547,0.3620380722617956,0.11470001504699609,-0.06183315778504548
27.4558,-3.709776813033734,-0.23317379556906725,-2.4103508751041036,0.010385390588010104,0.010385390588010085,0.05258731796573857,2.927591864714814,0.3566527033028513,0.11918628200886149,-0.009493376563282713
27.5099,-3.7134097266953785,-0.23964353330734575,-2.41237718355311,0.012402534526039264,0.012402534526039405,0.054613626414744765,2.9347323617849304,0.3495810473498664,0.1176793975189548,-0.027073695612193978
27.5703,-3.7174261722480533,-0.24319411591539025,-2.414284490271262,0.012081515682532105,0.01208151568253213,0.056520933132897085,2.940083568997912,0.3442218447193864,0.11785134652418139,-0.025067623884550437
27.6243,-3.7260394701586814,-0.25416677911719104,-2.416637046082419,0.01377156739890477,0.013771567398904798,0.05887348894405209,2.953930300158491,0.3304501203678026,0.11609681981860383,-0.04553710211628855
27.6767,-3.7305378480338276,-0.25806751609416817,-2.4189183150547984,0.01335829078358334,0.013358290783583466,0.061154757916431546,2.9598700269965192,0.3244983726565362,0.11625085381990802,-0.04374003876773966
27.7331,-3.734428264779724,-0.2655193921306673,-2.4203936573607003,0.01588920394346511,0.01588920394346503,0.0626301002223335,2.967886277834488,0.31660601125347504,0.11368705715422511,-0.07365099986737354
27.7885,-3.73991725671501,-0.2715343427404009,-2.4230554011139955,0.016273876025577658,0.016273876025577748,0.0652918439756287,2.976020200055189,0.3085026615164757,0.11673881074027216,-0.03804720803015798
27.8551,-3.744270280854662,-0.27530907483164996,-2.4245504578135586,0.015873980024601164,0.015873980024601216,0.06678690067519177,2.9817680261407196,0.302741758481327,0.11683059628354664,-0.03697637669195572
27.9088,-3.7504303388581914,-0.282275829848957,-2.4274815660673945,0.016458964416437506,0.01645896441643738,0.06971800892902769,2.991049178188786,0.2935060002138839,0.11611738087101613,-0.0452972231714784
27.97,-3.7544930966513594,-0.2857125256612268,-2.4317529603841836,0.01602459291369418,0.01602459291369403,0.07398940324581682,2.996352780774729,0.28818641708507364,0.11654148584427688,-0.040349331816769675
28.0237,-3.76281106231667,-0.29430668190050885,-2.436873148561733,0.016238652856702892,0.01623865285670278,0.07910959142337103,3.008311135704036,0.27625986370387345,0.11607929443758766,-0.04574156489481047
28.0741,-3.7673263912591946,-0.29800099836702504,-2.4406465971072744,0.015667218662539433,0.01566721866253936,0.08288303996891244,3.0141171354091436,0.27043041091544023,0.11644027528850658,-0.04153012163408989
28.1282,-3.7710961870933617,-0.3011183839375476,-2.4424847764318773,0.015213536818899493,0.015213536818899358,0.08472121929351539,3.018987825936303,0.26554167234771964,0.11646355136448522,-0.041258567414338976
28.189,-3.7750925192509692,-0.30438439830485525,-2.445348777178906,0.014705182347403686,0.014705182347403563,0.08758522004054427,3.02412388437568,0.2603850126571042,0.11944401787863647,0.006486458082574564
28.2549,-3.7752631518870112,-0.30443727604302456,-2.44828119070871,0.014622165147282392,0.014622165147282463,0.09051763357034792,3.0242820605311542,0.2602224110777184,0.11904917657526327,0.011092939955261765
28.3091,-3.781444573591872,-0.3133627183504994,-2.4505948430686786,0.01657923936128891,0.01657923936128893,0.09283128593031664,3.0349611688833646,0.2496832086071687,0.11918419675435382,-0.00951770453253874
28.3594,-3.785837873952377,-0.3169519047009071,-2.4525437917502297,0.016019502140263438,0.01601950214026341,0.0947802346118678,3.0406065245815443,0.24401321408198498,0.11932789424550296,-0.007841233802465465
28.4097,-3.7877480841776077,-0.3201353711464172,-2.4547092637044137,0.016925480560657093,0.016925480560657007,0.09694570656605173,3.0442068807883724,0.240482806445006,0.11861372401491728,-0.01617321982596506
28.4627,-3.7916958802917935,-0.32334474216351083,-2.4564284727544217,0.01641127666834204,0.01641127666834207,0.09866491561605484,3.049268575251857,0.2353975259788768,0.11888535973896688,-0.013004136378719605
28.5171,-3.795266796450269,-0.3282453068691383,-2.458853024061374,0.017360878101433976,0.017360878101434055,0.10108946692300735,3.0552573342020213,0.2294936009111391,0.11913459363148675,-0.010096407632654486
28.5691,-3.7996392039897824,-0.3317700349390695,-2.4601175923702177,0.01677024078967542,0.01677024078967531,0.10235403523185083,3.060842385967628,0.22387993387143515,0.11797736149636816,-0.02359744920903816
28.6237,-3.8073937814254846,-0.33769484129139554,-2.4623215753030396,0.015491576082356438,0.015491576082356557,0.1045580181646728,3.070517189225841,0.21413723788457367,0.11839781864223377,-0.018692115840606035
28.6893,-3.811921706432274,-0.3412697626827501,-2.4651215905401695,0.01482669168011074,0.014826691680110844,0.10735803340180272,3.0762478171629106,0.20837367350288669,0.1173080259999072,0.031406363334416015
28.7567,-3.812860076031839,-0.34195034351032466,-2.467337669159798,0.014646203937037416,0.014646203937037432,0.10957411202143108,3.077392872595128,0.2072187013726269,0.11699170084436462,0.035096823482412595
28.8096,-3.8178111980880534,-0.34591123087273784,-2.4690709796491435,0.013955890983500951,0.01395589098350079,0.11130742251077665,3.083695705794526,0.2008829870927817,0.11669404433587369,0.03856948274814022
28.8689,-3.822422703610135,-0.34954624089901376,-2.471174618361873,0.013274554734342173,0.013274554734342187,0.11341106122350596,3.0895279491010847,0.19501769426353083,0.11632402991321857,0.042886317679116666
28.9233,-3.834456975859235,-0.3583443945033365,-2.4742586080514646,0.011009389635523587,0.011009389635523708,0.11649505091310265,3.1042622710225647,0.18016774482197742,0.11533978656404305,0.054369156752830966
28.9736,-3.839193926258704,-0.3620069658173276,-2.4762716855764086,0.0102590090814883,0.01025900908148818,0.1185081284380467,3.1102028144944387,0.1741928772841076,0.11492854045358059,0.05916702804155971
29.0241,-3.8436069391397116,-0.3653993399123355,-2.4780100737484427,0.009545969419899328,0.009545969419899332,0.12024651661008078,3.115723182156961,0.16864054099806833,0.11449924251700021,0.06417550396833077
29.0898,-3.850345978360569,-0.3712263328675647,-2.478688980452993,0.008914998094906854,0.00891499809490672,0.12092542331463108,3.1246097096963084,0.15973259590741942,0.11223483242125515,0.09059362175202323
29.1572,-3.8511594879321254,-0.3718198760985047,-2.479716341862195,0.00876101971674881,0.00876101971674866,0.12195278472383286,3.125604889101777,0.1587304042230871,0.11204767949429034,0.0927770725666127
29.2092,-3.8509621125625646,-0.3716498875973119,-2.4799598479709606,0.008779977543980992,0.008779977543981115,0.12219629083259864,3.125345093551712,0.1589908501797596,0.11202070044231811,0.09309182817295523
29.2617,-3.864222916230341,-0.3815346735228503,-2.4808898762033826,0.006418455415646411,0.006418455415646324,0.1231263190650207,3.141715222443887,0.14252270680636045,0.11190325886044138,0.09446197996151717
29.3236,-3.8733143849768634,-0.38859133461986306,-2.481412299435023,0.004997547207880091,0.004997547207880198,0.12364874229665636,3.153135918117627,0.13105273400178297,0.11042983906552023,0.11165187756893057
29.3764,-3.8787606127878647,-0.39257163540329865,-2.481767476586217,0.00397144025114023,0.003971440251140328,0.12400391944785039,3.1598030986468517,0.12435366435169755,0.10892794187560798,0.1291740114512403
29.4306,-3.8833309738990933,-0.39611787415699357,-2.481731175033923,0.003256282625427287,0.0032562826254273684,0.12396761789555599,3.1655435306476356,0.1185945116702309,0.0,0.0
29.4904,-3.8869838392541065,-0.3984419020672291,-2.481618905619169,0.0023232851614728954,0.00232328516147278,0.12385534848080226,3.1697713015451257,0.11434563281118901,0.0,0.0
29.5546,-3.8911580903101464,-0.40168689527107004,-2.481226626076452,0.0016744330739561276,0.0016744330739562618,0.12346306893808512,3.175018524023766,0.10908765708603367,0.0,0.0
29.6085,-3.894599039601322,-0.40435156964655006,-2.4813417340794506,0.0011322986664222146,0.0011322986664220943,0.12357817694108374,3.1793367078822823,0.10476274092083793,0.0,0.0
29.6691,-3.8942982178763668,-0.4041146460838548,-2.481331725524492,0.0011768848076317362,0.0011768848076316061,0.12356816838612517,3.178956394116061,0.10514352215919104,0.0,0.0
29.724,-3.9063483195441413,-0.4150702600444617,-2.481607892329904,0.0004284908628422911,0.0004284908628422008,0.12384433519153726,3.1952250859491786,0.08886927661792535,0.0,0.0
29.7782,-3.910292964972628,-0.41704539453091427,-2.4816804243730344,-0.0009575939849971243,0.0009575939849970595,0.12391686723468043,3.199413182484676,0.08468556131156095,0.0,0.0
29.8292,-3.9122899460102123,-0.41859340541960394,-2.481842138726239,-0.0012711302716254306,0.0012711302716253193,0.12407858158788487,3.201920365360523,0.08218279514119702,0.0,0.0
29.8836,-3.9154914934267904,-0.4216511907913535,-2.4818014249933364,-0.001365840549670375,0.0013658405496702764,0.1240378678549825,3.2063465360761096,0.07775878996726149,0.0,0.0
29.9566,-3.9181082696087266,-0.42268314892518566,-2.4819109061220073,-0.0024824264976272955,0.0024824264976272825,0.12414734898365332,3.2089283360290795,0.07520597511878259,0.0,0.0
30.0092,-3.9192626703224573,-0.42357838221223887,-2.4819661901573973,-0.002663411253263724,0.0026634112532636215,0.12420263301904333,3.2103779318914967,0.07376349783383344,0.0,0.0
30.0633,-3.920552145326299,-0.42151153185682416,-2.4818031804037277,-0.005037551249137665,0.0050375512491375295,0.12403962326537377,3.2098319690198642,0.0744320266525794,0.0,0.0
