[0.000000] (-) TimerEvent: {}
[0.001526] (-) JobUnselected: {'identifier': 'fast_lio'}
[0.002317] (-) JobUnselected: {'identifier': 'serial'}
[0.002456] (-) JobUnselected: {'identifier': 'turn_on_32chassis'}
[0.002546] (-) JobUnselected: {'identifier': 'turn_on_agribot'}
[0.002644] (-) JobUnselected: {'identifier': 'yesense_interface'}
[0.002721] (-) JobUnselected: {'identifier': 'yesense_std_ros2'}
[0.002814] (centerline_extraction) JobQueued: {'identifier': 'centerline_extraction', 'dependencies': OrderedDict()}
[0.002903] (centerline_extraction) JobStarted: {'identifier': 'centerline_extraction'}
[0.059806] (centerline_extraction) JobProgress: {'identifier': 'centerline_extraction', 'progress': 'cmake'}
[0.063292] (centerline_extraction) Command: {'cmd': ['/usr/bin/cmake', '/home/wheeltec/agribot/agribot_ws/src/centerline_extraction', '-DCMAKE_INSTALL_PREFIX=/home/wheeltec/agribot/agribot_ws/install/centerline_extraction'], 'cwd': '/home/wheeltec/agribot/agribot_ws/build/centerline_extraction', 'env': OrderedDict([('PYTHON_BASIC_REPL', '1'), ('LESSOPEN', '| /usr/bin/lesspipe %s'), ('HTTPS_PROXY', 'http://127.0.0.1:7898'), ('LANGUAGE', 'zh_CN:en_US:en'), ('USER', 'wheeltec'), ('SSH_CLIENT', '192.168.3.138 54171 22'), ('LC_TIME', 'zh_CN.UTF-8'), ('XDG_SESSION_TYPE', 'tty'), ('GIT_ASKPASS', '/home/wheeltec/.vscode-server/cli/servers/Stable-1b6a188127eeaf9194f945eb6eb89a657e93c54c/server/extensions/git/dist/askpass.sh'), ('SHLVL', '1'), ('LD_LIBRARY_PATH', '/usr/lib/aarch64-linux-gnu:/usr/lib/aarch64-linux-gnu:/home/wheeltec/agribot/agribot_ws/install/yesense_interface/lib:/home/wheeltec/agribot/agribot_ws/install/serial/lib:/home/wheeltec/agribot/agribot_ws/install/fast_lio/lib:/home/wheeltec/ws_livox/install/livox_sdk2/lib:/home/wheeltec/ws_livox/install/livox_ros_driver2/lib:/home/wheeltec/wheeltec_ros2/install/yesense_interface/lib:/home/wheeltec/wheeltec_ros2/install/wheeltec_rrt_msg/lib:/home/wheeltec/wheeltec_ros2/install/wheeltec_robot_rrt/lib:/home/wheeltec/wheeltec_ros2/install/turn_on_wheeltec_robot/lib:/home/wheeltec/wheeltec_ros2/install/wheeltec_robot_msg/lib:/home/wheeltec/wheeltec_ros2/install/wheeltec_mic_msg/lib:/home/wheeltec/wheeltec_ros2/install/usb_cam/lib:/home/wheeltec/wheeltec_ros2/install/ublox_gps/lib:/home/wheeltec/wheeltec_ros2/install/ublox_msgs/lib:/home/wheeltec/wheeltec_ros2/install/serial/lib:/home/wheeltec/wheeltec_ros2/install/orb_slam2_ros/lib:/home/wheeltec/wheeltec_ros2/install/openslam_gmapping/lib:/home/wheeltec/wheeltec_ros2/install/ollama_ros_msgs/lib:/home/wheeltec/wheeltec_ros2/install/nmea_msgs/lib:/home/wheeltec/wheeltec_ros2/install/nav2_smoother/lib:/home/wheeltec/wheeltec_ros2/install/nav2_controller/lib:/home/wheeltec/wheeltec_ros2/install/dwb_plugins/lib:/home/wheeltec/wheeltec_ros2/install/dwb_critics/lib:/home/wheeltec/wheeltec_ros2/install/dwb_core/lib:/home/wheeltec/wheeltec_ros2/install/nav_2d_utils/lib:/home/wheeltec/wheeltec_ros2/install/dwb_msgs/lib:/home/wheeltec/wheeltec_ros2/install/nav_2d_msgs/lib:/home/wheeltec/wheeltec_ros2/install/nav2_waypoint_follower/lib:/home/wheeltec/wheeltec_ros2/install/nav2_theta_star_planner/lib:/home/wheeltec/wheeltec_ros2/install/nav2_smac_planner/lib:/home/wheeltec/wheeltec_ros2/install/nav2_rotation_shim_controller/lib:/home/wheeltec/wheeltec_ros2/install/nav2_regulated_pure_pursuit_controller/lib:/home/wheeltec/wheeltec_ros2/install/nav2_planner/lib:/home/wheeltec/wheeltec_ros2/install/nav2_navfn_planner/lib:/home/wheeltec/wheeltec_ros2/install/nav2_constrained_smoother/lib:/home/wheeltec/wheeltec_ros2/install/nav2_bt_navigator/lib:/home/wheeltec/wheeltec_ros2/install/nav2_behaviors/lib:/home/wheeltec/wheeltec_ros2/install/nav2_collision_monitor/lib:/home/wheeltec/wheeltec_ros2/install/costmap_queue/lib:/home/wheeltec/wheeltec_ros2/install/nav2_costmap_2d/lib:/home/wheeltec/wheeltec_ros2/install/nav2_voxel_grid/lib:/home/wheeltec/wheeltec_ros2/install/nav2_velocity_smoother/lib:/home/wheeltec/wheeltec_ros2/install/nav2_rviz_plugins/lib:/home/wheeltec/wheeltec_ros2/install/nav2_map_server/lib:/home/wheeltec/wheeltec_ros2/install/nav2_lifecycle_manager/lib:/home/wheeltec/wheeltec_ros2/install/nav2_behavior_tree/lib:/home/wheeltec/wheeltec_ros2/install/nav2_amcl/lib:/home/wheeltec/wheeltec_ros2/install/nav2_util/lib:/home/wheeltec/wheeltec_ros2/install/nav2_msgs/lib:/home/wheeltec/wheeltec_ros2/install/lslidar_msgs/lib:/home/wheeltec/wheeltec_ros2/install/bodyreader_msg/lib:/home/wheeltec/wheeltec_ros2/install/astra_camera/lib:/home/wheeltec/wheeltec_ros2/install/astra_camera_msgs/lib:/home/wheeltec/wheeltec_ros2/install/aruco_ros/lib:/home/wheeltec/wheeltec_ros2/install/aruco_msgs/lib:/home/wheeltec/wheeltec_ros2/install/aruco/lib:/home/wheeltec/wheeltec_ros2/install/ackermann_msgs/lib:/opt/ros/humble/opt/rviz_ogre_vendor/lib:/opt/ros/humble/lib/aarch64-linux-gnu:/opt/ros/humble/lib'), ('BROWSER', '/home/wheeltec/.vscode-server/cli/servers/Stable-1b6a188127eeaf9194f945eb6eb89a657e93c54c/server/bin/helpers/browser.sh'), ('MOTD_SHOWN', 'pam'), ('HOME', '/home/wheeltec'), ('TERM_PROGRAM_VERSION', '1.130.0'), ('NO_PROXY', 'localhost,127.0.0.1'), ('VSCODE_IPC_HOOK_CLI', '/run/user/1000/vscode-ipc-e147ff09-6076-4442-a089-34d1472dd33c.sock'), ('JETSON_L4T', '36.4.7'), ('ROS_PYTHON_VERSION', '3'), ('JETSON_MODEL', 'NVIDIA Jetson Orin NX Engineering Reference Developer Kit'), ('VSCODE_GIT_ASKPASS_MAIN', '/home/wheeltec/.vscode-server/cli/servers/Stable-1b6a188127eeaf9194f945eb6eb89a657e93c54c/server/extensions/git/dist/askpass-main.js'), ('LC_MONETARY', 'zh_CN.UTF-8'), ('VSCODE_GIT_ASKPASS_NODE', '/home/wheeltec/.vscode-server/cli/servers/Stable-1b6a188127eeaf9194f945eb6eb89a657e93c54c/server/node'), ('PYDEVD_DISABLE_FILE_VALIDATION', '1'), ('BUNDLED_DEBUGPY_PATH', '/home/wheeltec/.vscode-server/extensions/ms-python.debugpy-2026.6.0-linux-arm64/bundled/libs/debugpy'), ('VSCODE_PYTHON_AUTOACTIVATE_GUARD', '1'), ('DBUS_SESSION_BUS_ADDRESS', 'unix:path=/run/user/1000/bus'), ('COLORTERM', 'truecolor'), ('COLCON_PREFIX_PATH', '/home/wheeltec/agribot/agribot_ws/install:/home/wheeltec/ws_livox/install:/home/wheeltec/wheeltec_ros2/install'), ('ROS_DISTRO', 'humble'), ('LOGNAME', 'wheeltec'), ('JETSON_MODULE', 'NVIDIA Jetson Orin NX (16GB ram)'), ('JETSON_SERIAL_NUMBER', '1422525044003'), ('_', '/usr/bin/colcon'), ('ROS_VERSION', '2'), ('PKG_CONFIG_PATH', ':/opt/opencv_410/lib/pkgconfig:/opt/opencv_410/lib/pkgconfig'), ('XDG_SESSION_CLASS', 'user'), ('TERM', 'xterm-256color'), ('XDG_SESSION_ID', '4'), ('ROS_LOCALHOST_ONLY', '0'), ('PATH', '/home/wheeltec/.vscode-server/data/User/globalStorage/github.copilot-chat/debugCommand:/home/wheeltec/.vscode-server/data/User/globalStorage/github.copilot-chat/copilotCli:/home/wheeltec/.vscode-server/cli/servers/Stable-1b6a188127eeaf9194f945eb6eb89a657e93c54c/server/bin/remote-cli:/opt/ros/humble/bin:/usr/local/sbin:/usr/local/bin:/usr/sbin:/usr/bin:/sbin:/bin:/usr/games:/usr/local/games:/snap/bin:/home/wheeltec/.vscode-server/extensions/ms-python.debugpy-2026.6.0-linux-arm64/bundled/scripts/noConfigScripts'), ('PAPERSIZE', 'a4'), ('LC_ADDRESS', 'zh_CN.UTF-8'), ('XDG_RUNTIME_DIR', '/run/user/1000'), ('VSCODE_DEBUGPY_ADAPTER_ENDPOINTS', '/home/wheeltec/.vscode-server/extensions/ms-python.debugpy-2026.6.0-linux-arm64/.noConfigDebugAdapterEndpoints/endpoint-372db71647015588.txt'), ('LANG', 'zh_CN.UTF-8'), ('PYTHONSTARTUP', '/home/wheeltec/.vscode-server/data/User/workspaceStorage/64f4472d1280cf46ce0f694c7f8ba4f6/ms-python.python/pythonrc.py'), ('LC_TELEPHONE', 'zh_CN.UTF-8'), ('LS_COLORS', 'rs=0:di=01;34:ln=01;36:mh=00:pi=40;33:so=01;35:do=01;35:bd=40;33;01:cd=40;33;01:or=40;31;01:mi=00:su=37;41:sg=30;43:ca=30;41:tw=30;42:ow=34;42:st=37;44:ex=01;32:*.tar=01;31:*.tgz=01;31:*.arc=01;31:*.arj=01;31:*.taz=01;31:*.lha=01;31:*.lz4=01;31:*.lzh=01;31:*.lzma=01;31:*.tlz=01;31:*.txz=01;31:*.tzo=01;31:*.t7z=01;31:*.zip=01;31:*.z=01;31:*.dz=01;31:*.gz=01;31:*.lrz=01;31:*.lz=01;31:*.lzo=01;31:*.xz=01;31:*.zst=01;31:*.tzst=01;31:*.bz2=01;31:*.bz=01;31:*.tbz=01;31:*.tbz2=01;31:*.tz=01;31:*.deb=01;31:*.rpm=01;31:*.jar=01;31:*.war=01;31:*.ear=01;31:*.sar=01;31:*.rar=01;31:*.alz=01;31:*.ace=01;31:*.zoo=01;31:*.cpio=01;31:*.7z=01;31:*.rz=01;31:*.cab=01;31:*.wim=01;31:*.swm=01;31:*.dwm=01;31:*.esd=01;31:*.jpg=01;35:*.jpeg=01;35:*.mjpg=01;35:*.mjpeg=01;35:*.gif=01;35:*.bmp=01;35:*.pbm=01;35:*.pgm=01;35:*.ppm=01;35:*.tga=01;35:*.xbm=01;35:*.xpm=01;35:*.tif=01;35:*.tiff=01;35:*.png=01;35:*.svg=01;35:*.svgz=01;35:*.mng=01;35:*.pcx=01;35:*.mov=01;35:*.mpg=01;35:*.mpeg=01;35:*.m2v=01;35:*.mkv=01;35:*.webm=01;35:*.webp=01;35:*.ogm=01;35:*.mp4=01;35:*.m4v=01;35:*.mp4v=01;35:*.vob=01;35:*.qt=01;35:*.nuv=01;35:*.wmv=01;35:*.asf=01;35:*.rm=01;35:*.rmvb=01;35:*.flc=01;35:*.avi=01;35:*.fli=01;35:*.flv=01;35:*.gl=01;35:*.dl=01;35:*.xcf=01;35:*.xwd=01;35:*.yuv=01;35:*.cgm=01;35:*.emf=01;35:*.ogv=01;35:*.ogx=01;35:*.aac=00;36:*.au=00;36:*.flac=00;36:*.m4a=00;36:*.mid=00;36:*.midi=00;36:*.mka=00;36:*.mp3=00;36:*.mpc=00;36:*.ogg=00;36:*.ra=00;36:*.wav=00;36:*.oga=00;36:*.opus=00;36:*.spx=00;36:*.xspf=00;36:'), ('JETSON_SOC', 'tegra234'), ('VSCODE_GIT_IPC_HANDLE', '/run/user/1000/vscode-git-ce713f1bb8.sock'), ('TERM_PROGRAM', 'vscode'), ('AMENT_PREFIX_PATH', '/home/wheeltec/agribot/agribot_ws/install/turn_on_agribot:/home/wheeltec/agribot/agribot_ws/install/turn_on_32chassis:/home/wheeltec/agribot/agribot_ws/install/yesense_std_ros2:/home/wheeltec/agribot/agribot_ws/install/yesense_interface:/home/wheeltec/agribot/agribot_ws/install/serial:/home/wheeltec/agribot/agribot_ws/install/fast_lio:/home/wheeltec/agribot/agribot_ws/install/centerline_extraction:/home/wheeltec/ws_livox/install/livox_ros_driver2:/home/wheeltec/wheeltec_ros2/install/yesense_std_ros2:/home/wheeltec/wheeltec_ros2/install/yesense_interface:/home/wheeltec/wheeltec_ros2/install/wheeltec_slam_toolbox:/home/wheeltec/wheeltec_ros2/install/wheeltec_rviz2:/home/wheeltec/wheeltec_ros2/install/wheeltec_rrt_msg:/home/wheeltec/wheeltec_ros2/install/wheeltec_robot_urdf:/home/wheeltec/wheeltec_ros2/install/wheeltec_robot_rtab:/home/wheeltec/wheeltec_ros2/install/wheeltec_robot_rrt:/home/wheeltec/wheeltec_ros2/install/simple_follower_ros2:/home/wheeltec/wheeltec_ros2/install/turn_on_wheeltec_robot:/home/wheeltec/wheeltec_ros2/install/wheeltec_robot_msg:/home/wheeltec/wheeltec_ros2/install/wheeltec_robot_keyboard:/home/wheeltec/wheeltec_ros2/install/wheeltec_robot_kcf:/home/wheeltec/wheeltec_ros2/install/wheeltec_path_follow:/home/wheeltec/wheeltec_ros2/install/wheeltec_nav2:/home/wheeltec/wheeltec_ros2/install/wheeltec_multi:/home/wheeltec/wheeltec_ros2/install/wheeltec_mic_ros2:/home/wheeltec/wheeltec_ros2/install/wheeltec_mic_msg:/home/wheeltec/wheeltec_ros2/install/wheeltec_joy:/home/wheeltec/wheeltec_ros2/install/wheeltec_gps_driver:/home/wheeltec/wheeltec_ros2/install/wheeltec_dual_rtk_driver:/home/wheeltec/wheeltec_ros2/install/wheeltec_cartographer:/home/wheeltec/wheeltec_ros2/install/wheeltec_aiui:/home/wheeltec/wheeltec_ros2/install/web_video_server:/home/wheeltec/wheeltec_ros2/install/usb_cam:/home/wheeltec/wheeltec_ros2/install/ultralytics_ros2:/home/wheeltec/wheeltec_ros2/install/ublox:/home/wheeltec/wheeltec_ros2/install/ublox_gps:/home/wheeltec/wheeltec_ros2/install/ublox_msgs:/home/wheeltec/wheeltec_ros2/install/ublox_serialization:/home/wheeltec/wheeltec_ros2/install/tts:/home/wheeltec/wheeltec_ros2/install/tf2_tools:/home/wheeltec/wheeltec_ros2/install/slam_gmapping:/home/wheeltec/wheeltec_ros2/install/bodyreader:/home/wheeltec/wheeltec_ros2/install/serial:/home/wheeltec/wheeltec_ros2/install/rplidar_ros:/home/wheeltec/wheeltec_ros2/install/orb_slam2_ros:/home/wheeltec/wheeltec_ros2/install/openslam_gmapping:/home/wheeltec/wheeltec_ros2/install/ollama_ros_chat:/home/wheeltec/wheeltec_ros2/install/ollama_ros_msgs:/home/wheeltec/wheeltec_ros2/install/nmea_navsat_driver:/home/wheeltec/wheeltec_ros2/install/nmea_msgs:/home/wheeltec/wheeltec_ros2/install/nav2_bringup:/home/wheeltec/wheeltec_ros2/install/navigation2:/home/wheeltec/wheeltec_ros2/install/nav2_smoother:/home/wheeltec/wheeltec_ros2/install/nav2_dwb_controller:/home/wheeltec/wheeltec_ros2/install/nav2_controller:/home/wheeltec/wheeltec_ros2/install/dwb_plugins:/home/wheeltec/wheeltec_ros2/install/dwb_critics:/home/wheeltec/wheeltec_ros2/install/dwb_core:/home/wheeltec/wheeltec_ros2/install/nav_2d_utils:/home/wheeltec/wheeltec_ros2/install/dwb_msgs:/home/wheeltec/wheeltec_ros2/install/nav_2d_msgs:/home/wheeltec/wheeltec_ros2/install/nav2_waypoint_follower:/home/wheeltec/wheeltec_ros2/install/nav2_waypoint_cycle:/home/wheeltec/wheeltec_ros2/install/nav2_theta_star_planner:/home/wheeltec/wheeltec_ros2/install/nav2_smac_planner:/home/wheeltec/wheeltec_ros2/install/nav2_rotation_shim_controller:/home/wheeltec/wheeltec_ros2/install/nav2_regulated_pure_pursuit_controller:/home/wheeltec/wheeltec_ros2/install/nav2_planner:/home/wheeltec/wheeltec_ros2/install/nav2_navfn_planner:/home/wheeltec/wheeltec_ros2/install/nav2_constrained_smoother:/home/wheeltec/wheeltec_ros2/install/nav2_bt_navigator:/home/wheeltec/wheeltec_ros2/install/nav2_behaviors:/home/wheeltec/wheeltec_ros2/install/nav2_core:/home/wheeltec/wheeltec_ros2/install/nav2_collision_monitor:/home/wheeltec/wheeltec_ros2/install/costmap_queue:/home/wheeltec/wheeltec_ros2/install/nav2_costmap_2d:/home/wheeltec/wheeltec_ros2/install/nav2_voxel_grid:/home/wheeltec/wheeltec_ros2/install/nav2_velocity_smoother:/home/wheeltec/wheeltec_ros2/install/nav2_rviz_plugins:/home/wheeltec/wheeltec_ros2/install/nav2_map_server:/home/wheeltec/wheeltec_ros2/install/nav2_lifecycle_manager:/home/wheeltec/wheeltec_ros2/install/nav2_behavior_tree:/home/wheeltec/wheeltec_ros2/install/nav2_amcl:/home/wheeltec/wheeltec_ros2/install/nav2_util:/home/wheeltec/wheeltec_ros2/install/nav2_simple_commander:/home/wheeltec/wheeltec_ros2/install/nav2_msgs:/home/wheeltec/wheeltec_ros2/install/nav2_common:/home/wheeltec/wheeltec_ros2/install/lslidar_driver:/home/wheeltec/wheeltec_ros2/install/lslidar_msgs:/home/wheeltec/wheeltec_ros2/install/ldlidar_stl_ros2:/home/wheeltec/wheeltec_ros2/install/ldlidar_sl_ros2:/home/wheeltec/wheeltec_ros2/install/ldlidar:/home/wheeltec/wheeltec_ros2/install/bodyreader_msg:/home/wheeltec/wheeltec_ros2/install/auto_recharge_ros2:/home/wheeltec/wheeltec_ros2/install/astra_camera:/home/wheeltec/wheeltec_ros2/install/astra_camera_msgs:/home/wheeltec/wheeltec_ros2/install/aruco_ros:/home/wheeltec/wheeltec_ros2/install/aruco_msgs:/home/wheeltec/wheeltec_ros2/install/aruco:/home/wheeltec/wheeltec_ros2/install/ackermann_msgs:/opt/ros/humble'), ('SHELL', '/bin/bash'), ('LC_NAME', 'zh_CN.UTF-8'), ('LESSCLOSE', '/usr/bin/lesspipe %s %s'), ('LC_MEASUREMENT', 'zh_CN.UTF-8'), ('LC_IDENTIFICATION', 'zh_CN.UTF-8'), ('VSCODE_GIT_ASKPASS_EXTRA_ARGS', ''), ('JETSON_CUDA_ARCH_BIN', '8.7'), ('PWD', '/home/wheeltec/agribot/agribot_ws/build/centerline_extraction'), ('LC_ALL', 'en_US.UTF-8'), ('COPILOT_DEBUG_NONCE', 'ffd0c90ef5f5f21efcb855a6670ca01a'), ('SSH_CONNECTION', '192.168.3.138 54171 192.168.3.195 22'), ('XDG_DATA_DIRS', '/usr/share/gnome:/usr/local/share:/usr/share:/var/lib/snapd/desktop'), ('PYTHONPATH', '/home/wheeltec/agribot/agribot_ws/install/yesense_interface/local/lib/python3.10/dist-packages:/home/wheeltec/agribot/agribot_ws/install/fast_lio/local/lib/python3.10/dist-packages:/home/wheeltec/ws_livox/install/livox_ros_driver2/local/lib/python3.10/dist-packages:/home/wheeltec/wheeltec_ros2/install/yesense_interface/local/lib/python3.10/dist-packages:/home/wheeltec/wheeltec_ros2/install/wheeltec_rrt_msg/local/lib/python3.10/dist-packages:/home/wheeltec/wheeltec_ros2/install/simple_follower_ros2/lib/python3.10/site-packages:/home/wheeltec/wheeltec_ros2/install/turn_on_wheeltec_robot/local/lib/python3.10/dist-packages:/home/wheeltec/wheeltec_ros2/install/wheeltec_robot_msg/local/lib/python3.10/dist-packages:/home/wheeltec/wheeltec_ros2/install/wheeltec_robot_keyboard/lib/python3.10/site-packages:/home/wheeltec/wheeltec_ros2/install/wheeltec_mic_msg/local/lib/python3.10/dist-packages:/home/wheeltec/wheeltec_ros2/install/wheeltec_dual_rtk_driver/lib/python3.10/site-packages:/home/wheeltec/wheeltec_ros2/install/ultralytics_ros2/lib/python3.10/site-packages:/home/wheeltec/wheeltec_ros2/install/ublox_msgs/local/lib/python3.10/dist-packages:/home/wheeltec/wheeltec_ros2/install/tf2_tools/lib/python3.10/site-packages:/home/wheeltec/wheeltec_ros2/install/orb_slam2_ros/local/lib/python3.10/dist-packages:/home/wheeltec/wheeltec_ros2/install/ollama_ros_chat/lib/python3.10/site-packages:/home/wheeltec/wheeltec_ros2/install/ollama_ros_msgs/local/lib/python3.10/dist-packages:/home/wheeltec/wheeltec_ros2/install/nmea_navsat_driver/lib/python3.10/site-packages:/home/wheeltec/wheeltec_ros2/install/nmea_msgs/local/lib/python3.10/dist-packages:/home/wheeltec/wheeltec_ros2/install/dwb_msgs/local/lib/python3.10/dist-packages:/home/wheeltec/wheeltec_ros2/install/nav_2d_msgs/local/lib/python3.10/dist-packages:/home/wheeltec/wheeltec_ros2/install/nav2_waypoint_cycle/lib/python3.10/site-packages:/home/wheeltec/wheeltec_ros2/install/nav2_simple_commander/lib/python3.10/site-packages:/home/wheeltec/wheeltec_ros2/install/nav2_msgs/local/lib/python3.10/dist-packages:/home/wheeltec/wheeltec_ros2/install/nav2_common/local/lib/python3.10/dist-packages:/home/wheeltec/wheeltec_ros2/install/lslidar_msgs/local/lib/python3.10/dist-packages:/home/wheeltec/wheeltec_ros2/install/bodyreader_msg/local/lib/python3.10/dist-packages:/home/wheeltec/wheeltec_ros2/install/auto_recharge_ros2/lib/python3.10/site-packages:/home/wheeltec/wheeltec_ros2/install/astra_camera_msgs/local/lib/python3.10/dist-packages:/home/wheeltec/wheeltec_ros2/install/aruco_msgs/local/lib/python3.10/dist-packages:/home/wheeltec/wheeltec_ros2/install/ackermann_msgs/local/lib/python3.10/dist-packages:/opt/ros/humble/lib/python3.10/site-packages:/opt/ros/humble/local/lib/python3.10/dist-packages'), ('HTTP_PROXY', 'http://127.0.0.1:7898'), ('LC_NUMERIC', 'zh_CN.UTF-8'), ('LC_PAPER', 'zh_CN.UTF-8'), ('COLCON', '1'), ('JETSON_JETPACK', ''), ('CMAKE_PREFIX_PATH', '/home/wheeltec/agribot/agribot_ws/install/turn_on_agribot:/home/wheeltec/agribot/agribot_ws/install/turn_on_32chassis:/home/wheeltec/agribot/agribot_ws/install/yesense_std_ros2:/home/wheeltec/agribot/agribot_ws/install/yesense_interface:/home/wheeltec/agribot/agribot_ws/install/serial:/home/wheeltec/agribot/agribot_ws/install/fast_lio:/home/wheeltec/agribot/agribot_ws/install/centerline_extraction:/home/wheeltec/ws_livox/install/livox_ros_driver2:/home/wheeltec/wheeltec_ros2/install/yesense_std_ros2:/home/wheeltec/wheeltec_ros2/install/yesense_interface:/home/wheeltec/wheeltec_ros2/install/wheeltec_slam_toolbox:/home/wheeltec/wheeltec_ros2/install/wheeltec_rviz2:/home/wheeltec/wheeltec_ros2/install/wheeltec_rrt_msg:/home/wheeltec/wheeltec_ros2/install/wheeltec_robot_urdf:/home/wheeltec/wheeltec_ros2/install/wheeltec_robot_rtab:/home/wheeltec/wheeltec_ros2/install/wheeltec_robot_rrt:/home/wheeltec/wheeltec_ros2/install/turn_on_wheeltec_robot:/home/wheeltec/wheeltec_ros2/install/wheeltec_robot_msg:/home/wheeltec/wheeltec_ros2/install/wheeltec_robot_kcf:/home/wheeltec/wheeltec_ros2/install/wheeltec_path_follow:/home/wheeltec/wheeltec_ros2/install/wheeltec_nav2:/home/wheeltec/wheeltec_ros2/install/wheeltec_multi:/home/wheeltec/wheeltec_ros2/install/wheeltec_mic_ros2:/home/wheeltec/wheeltec_ros2/install/wheeltec_mic_msg:/home/wheeltec/wheeltec_ros2/install/wheeltec_joy:/home/wheeltec/wheeltec_ros2/install/wheeltec_gps_driver:/home/wheeltec/wheeltec_ros2/install/wheeltec_cartographer:/home/wheeltec/wheeltec_ros2/install/wheeltec_aiui:/home/wheeltec/wheeltec_ros2/install/web_video_server:/home/wheeltec/wheeltec_ros2/install/usb_cam:/home/wheeltec/wheeltec_ros2/install/ublox:/home/wheeltec/wheeltec_ros2/install/ublox_gps:/home/wheeltec/wheeltec_ros2/install/ublox_msgs:/home/wheeltec/wheeltec_ros2/install/ublox_serialization:/home/wheeltec/wheeltec_ros2/install/tts:/home/wheeltec/wheeltec_ros2/install/slam_gmapping:/home/wheeltec/wheeltec_ros2/install/bodyreader:/home/wheeltec/wheeltec_ros2/install/serial:/home/wheeltec/wheeltec_ros2/install/rplidar_ros:/home/wheeltec/wheeltec_ros2/install/orb_slam2_ros:/home/wheeltec/wheeltec_ros2/install/openslam_gmapping:/home/wheeltec/wheeltec_ros2/install/ollama_ros_msgs:/home/wheeltec/wheeltec_ros2/install/nmea_msgs:/home/wheeltec/wheeltec_ros2/install/nav2_bringup:/home/wheeltec/wheeltec_ros2/install/navigation2:/home/wheeltec/wheeltec_ros2/install/nav2_smoother:/home/wheeltec/wheeltec_ros2/install/nav2_dwb_controller:/home/wheeltec/wheeltec_ros2/install/nav2_controller:/home/wheeltec/wheeltec_ros2/install/dwb_plugins:/home/wheeltec/wheeltec_ros2/install/dwb_critics:/home/wheeltec/wheeltec_ros2/install/dwb_core:/home/wheeltec/wheeltec_ros2/install/nav_2d_utils:/home/wheeltec/wheeltec_ros2/install/dwb_msgs:/home/wheeltec/wheeltec_ros2/install/nav_2d_msgs:/home/wheeltec/wheeltec_ros2/install/nav2_waypoint_follower:/home/wheeltec/wheeltec_ros2/install/nav2_theta_star_planner:/home/wheeltec/wheeltec_ros2/install/nav2_smac_planner:/home/wheeltec/wheeltec_ros2/install/nav2_rotation_shim_controller:/home/wheeltec/wheeltec_ros2/install/nav2_regulated_pure_pursuit_controller:/home/wheeltec/wheeltec_ros2/install/nav2_planner:/home/wheeltec/wheeltec_ros2/install/nav2_navfn_planner:/home/wheeltec/wheeltec_ros2/install/nav2_constrained_smoother:/home/wheeltec/wheeltec_ros2/install/nav2_bt_navigator:/home/wheeltec/wheeltec_ros2/install/nav2_behaviors:/home/wheeltec/wheeltec_ros2/install/nav2_core:/home/wheeltec/wheeltec_ros2/install/nav2_collision_monitor:/home/wheeltec/wheeltec_ros2/install/costmap_queue:/home/wheeltec/wheeltec_ros2/install/nav2_costmap_2d:/home/wheeltec/wheeltec_ros2/install/nav2_voxel_grid:/home/wheeltec/wheeltec_ros2/install/nav2_velocity_smoother:/home/wheeltec/wheeltec_ros2/install/nav2_rviz_plugins:/home/wheeltec/wheeltec_ros2/install/nav2_map_server:/home/wheeltec/wheeltec_ros2/install/nav2_lifecycle_manager:/home/wheeltec/wheeltec_ros2/install/nav2_behavior_tree:/home/wheeltec/wheeltec_ros2/install/nav2_amcl:/home/wheeltec/wheeltec_ros2/install/nav2_util:/home/wheeltec/wheeltec_ros2/install/nav2_msgs:/home/wheeltec/wheeltec_ros2/install/nav2_common:/home/wheeltec/wheeltec_ros2/install/lslidar_driver:/home/wheeltec/wheeltec_ros2/install/lslidar_msgs:/home/wheeltec/wheeltec_ros2/install/ldlidar_stl_ros2:/home/wheeltec/wheeltec_ros2/install/ldlidar_sl_ros2:/home/wheeltec/wheeltec_ros2/install/ldlidar:/home/wheeltec/wheeltec_ros2/install/bodyreader_msg:/home/wheeltec/wheeltec_ros2/install/astra_camera:/home/wheeltec/wheeltec_ros2/install/astra_camera_msgs:/home/wheeltec/wheeltec_ros2/install/aruco_ros:/home/wheeltec/wheeltec_ros2/install/aruco_msgs:/home/wheeltec/wheeltec_ros2/install/aruco:/home/wheeltec/wheeltec_ros2/install/ackermann_msgs:/home/wheeltec/wheeltec_ros2/install/simple_follower_ros2:/home/wheeltec/wheeltec_ros2/install/wheeltec_robot_keyboard:/home/wheeltec/wheeltec_ros2/install/wheeltec_dual_rtk_driver:/home/wheeltec/wheeltec_ros2/install/ultralytics_ros2:/home/wheeltec/wheeltec_ros2/install/tf2_tools:/home/wheeltec/wheeltec_ros2/install/ollama_ros_chat:/home/wheeltec/wheeltec_ros2/install/nmea_navsat_driver:/home/wheeltec/wheeltec_ros2/install/nav2_waypoint_cycle:/home/wheeltec/wheeltec_ros2/install/nav2_simple_commander:/home/wheeltec/wheeltec_ros2/install/auto_recharge_ros2:/opt/ros/humble'), ('JETSON_P_NUMBER', 'p3767-0000')]), 'shell': False}
[0.098820] (-) TimerEvent: {}
[0.121230] (centerline_extraction) StdoutLine: {'line': b'-- Found ament_cmake: 1.3.14 (/opt/ros/humble/share/ament_cmake/cmake)\n'}
[0.198970] (-) TimerEvent: {}
[0.299638] (-) TimerEvent: {}
[0.400272] (-) TimerEvent: {}
[0.500888] (-) TimerEvent: {}
[0.601594] (-) TimerEvent: {}
[0.608931] (centerline_extraction) StdoutLine: {'line': b'-- Override CMake install command with custom implementation using symlinks instead of copying resources\n'}
[0.663464] (centerline_extraction) StdoutLine: {'line': b'-- Found rclcpp: 16.0.19 (/opt/ros/humble/share/rclcpp/cmake)\n'}
[0.701775] (-) TimerEvent: {}
[0.802820] (-) TimerEvent: {}
[0.904200] (-) TimerEvent: {}
[1.004926] (-) TimerEvent: {}
[1.006295] (centerline_extraction) StdoutLine: {'line': b'-- Found rosidl_generator_c: 3.1.9 (/opt/ros/humble/share/rosidl_generator_c/cmake)\n'}
[1.038279] (centerline_extraction) StdoutLine: {'line': b'-- Found rosidl_adapter: 3.1.9 (/opt/ros/humble/share/rosidl_adapter/cmake)\n'}
[1.105109] (-) TimerEvent: {}
[1.127502] (centerline_extraction) StdoutLine: {'line': b'-- Found rosidl_generator_cpp: 3.1.9 (/opt/ros/humble/share/rosidl_generator_cpp/cmake)\n'}
[1.205309] (-) TimerEvent: {}
[1.306014] (-) TimerEvent: {}
[1.317430] (centerline_extraction) StdoutLine: {'line': b'-- Using all available rosidl_typesupport_c: rosidl_typesupport_fastrtps_c;rosidl_typesupport_introspection_c\n'}
[1.406199] (-) TimerEvent: {}
[1.506931] (-) TimerEvent: {}
[1.507953] (centerline_extraction) StdoutLine: {'line': b'-- Using all available rosidl_typesupport_cpp: rosidl_typesupport_fastrtps_cpp;rosidl_typesupport_introspection_cpp\n'}
[1.607112] (-) TimerEvent: {}
[1.707811] (-) TimerEvent: {}
[1.809517] (-) TimerEvent: {}
[1.905069] (centerline_extraction) StdoutLine: {'line': b'-- Found rmw_implementation_cmake: 6.1.2 (/opt/ros/humble/share/rmw_implementation_cmake/cmake)\n'}
[1.909656] (-) TimerEvent: {}
[1.961452] (centerline_extraction) StdoutLine: {'line': b'-- Found rmw_fastrtps_cpp: 6.2.10 (/opt/ros/humble/share/rmw_fastrtps_cpp/cmake)\n'}
[2.009826] (-) TimerEvent: {}
[2.110586] (-) TimerEvent: {}
[2.211236] (-) TimerEvent: {}
[2.311931] (-) TimerEvent: {}
[2.412610] (-) TimerEvent: {}
[2.513531] (-) TimerEvent: {}
[2.604988] (centerline_extraction) StdoutLine: {'line': b"-- Using RMW implementation 'rmw_fastrtps_cpp' as default\n"}
[2.613700] (-) TimerEvent: {}
[2.714391] (-) TimerEvent: {}
[2.815114] (-) TimerEvent: {}
[2.915986] (-) TimerEvent: {}
[3.016666] (-) TimerEvent: {}
[3.117456] (-) TimerEvent: {}
[3.218186] (-) TimerEvent: {}
[3.254605] (centerline_extraction) StdoutLine: {'line': b'-- Found sensor_msgs: 4.9.1 (/opt/ros/humble/share/sensor_msgs/cmake)\n'}
[3.318375] (-) TimerEvent: {}
[3.398098] (centerline_extraction) StdoutLine: {'line': b'-- Found nav_msgs: 4.9.1 (/opt/ros/humble/share/nav_msgs/cmake)\n'}
[3.418552] (-) TimerEvent: {}
[3.453505] (centerline_extraction) StdoutLine: {'line': b'-- Found visualization_msgs: 4.9.1 (/opt/ros/humble/share/visualization_msgs/cmake)\n'}
[3.514309] (centerline_extraction) StdoutLine: {'line': b'-- Found pcl_conversions: 2.4.5 (/opt/ros/humble/share/pcl_conversions/cmake)\n'}
[3.518729] (-) TimerEvent: {}
[3.619433] (-) TimerEvent: {}
[3.636236] (centerline_extraction) StdoutLine: {'line': b'-- Eigen found (include: /usr/include/eigen3, version: 3.4.0)\n'}
[3.719600] (-) TimerEvent: {}
[3.812091] (centerline_extraction) StdoutLine: {'line': b'-- FLANN found (include: /usr/include, lib: /usr/lib/aarch64-linux-gnu/libflann_cpp.so)\n'}
[3.819781] (-) TimerEvent: {}
[3.920486] (-) TimerEvent: {}
[4.021180] (-) TimerEvent: {}
[4.121997] (-) TimerEvent: {}
[4.222767] (-) TimerEvent: {}
[4.323657] (-) TimerEvent: {}
[4.424427] (-) TimerEvent: {}
[4.525111] (-) TimerEvent: {}
[4.625764] (-) TimerEvent: {}
[4.726495] (-) TimerEvent: {}
[4.827189] (-) TimerEvent: {}
[4.927922] (-) TimerEvent: {}
[5.028592] (-) TimerEvent: {}
[5.129482] (-) TimerEvent: {}
[5.207163] (centerline_extraction) StdoutLine: {'line': b'-- OpenNI found (version: 1.5.4.0, include: /usr/include/ni, lib: /usr/lib/libOpenNI.so;libusb::libusb)\n'}
[5.229656] (-) TimerEvent: {}
[5.239238] (centerline_extraction) StdoutLine: {'line': b'-- OpenNI2 found (version: 2.3.0.85, include: /home/wheeltec/wheeltec_ros2/install/astra_camera/include/openni2, lib: /usr/lib/aarch64-linux-gnu/libOpenNI2.so;libusb::libusb)\n'}
[5.329848] (-) TimerEvent: {}
[5.430520] (-) TimerEvent: {}
[5.531232] (-) TimerEvent: {}
[5.631928] (-) TimerEvent: {}
[5.678395] (centerline_extraction) StdoutLine: {'line': b'-- Eigen found (include: /usr/include/eigen3, version: 3.4.0)\n'}
[5.697238] (centerline_extraction) StdoutLine: {'line': b'-- OpenNI found (version: 1.5.4.0, include: /usr/include/ni, lib: /usr/lib/libOpenNI.so;libusb::libusb)\n'}
[5.716032] (centerline_extraction) StdoutLine: {'line': b'-- OpenNI2 found (version: 2.3.0.85, include: /home/wheeltec/wheeltec_ros2/install/astra_camera/include/openni2, lib: /usr/lib/aarch64-linux-gnu/libOpenNI2.so;libusb::libusb)\n'}
[5.732126] (-) TimerEvent: {}
[5.832816] (-) TimerEvent: {}
[5.933553] (-) TimerEvent: {}
[6.034281] (-) TimerEvent: {}
[6.134994] (-) TimerEvent: {}
[6.149095] (centerline_extraction) StdoutLine: {'line': b'-- Found Qhull version 8.0.2\n'}
[6.235176] (-) TimerEvent: {}
[6.335879] (-) TimerEvent: {}
[6.437386] (-) TimerEvent: {}
[6.538075] (-) TimerEvent: {}
[6.567885] (centerline_extraction) StdoutLine: {'line': b'-- OpenNI found (version: 1.5.4.0, include: /usr/include/ni, lib: /usr/lib/libOpenNI.so;libusb::libusb)\n'}
[6.644205] (-) TimerEvent: {}
[6.744950] (-) TimerEvent: {}
[6.845715] (-) TimerEvent: {}
[6.946424] (-) TimerEvent: {}
[7.041798] (centerline_extraction) StdoutLine: {'line': b'-- Found tf2: 0.25.20 (/opt/ros/humble/share/tf2/cmake)\n'}
[7.046567] (-) TimerEvent: {}
[7.084568] (centerline_extraction) StdoutLine: {'line': b'-- Found tf2_geometry_msgs: 0.25.20 (/opt/ros/humble/share/tf2_geometry_msgs/cmake)\n'}
[7.146773] (-) TimerEvent: {}
[7.158207] (centerline_extraction) StdoutLine: {'line': b'-- Found eigen3_cmake_module: 0.1.1 (/opt/ros/humble/share/eigen3_cmake_module/cmake)\n'}
[7.170937] (centerline_extraction) StdoutLine: {'line': b'-- Ensuring Eigen3 include directory is part of orocos-kdl CMake target\n'}
[7.246949] (-) TimerEvent: {}
[7.347677] (-) TimerEvent: {}
[7.448401] (-) TimerEvent: {}
[7.552498] (-) TimerEvent: {}
[7.654731] (-) TimerEvent: {}
[7.755458] (-) TimerEvent: {}
[7.856108] (-) TimerEvent: {}
[7.957081] (-) TimerEvent: {}
[8.057872] (-) TimerEvent: {}
[8.158609] (-) TimerEvent: {}
[8.210628] (centerline_extraction) StdoutLine: {'line': b'-- Found ament_lint_auto: 0.12.15 (/opt/ros/humble/share/ament_lint_auto/cmake)\n'}
[8.258770] (-) TimerEvent: {}
[8.359787] (-) TimerEvent: {}
[8.463537] (-) TimerEvent: {}
[8.564212] (-) TimerEvent: {}
[8.571477] (centerline_extraction) StdoutLine: {'line': b"-- Added test 'cppcheck' to perform static code analysis on C / C++ code\n"}
[8.572568] (centerline_extraction) StdoutLine: {'line': b'-- Configured cppcheck include dirs: /home/wheeltec/agribot/agribot_ws/src/centerline_extraction/include\n'}
[8.572994] (centerline_extraction) StdoutLine: {'line': b'-- Configured cppcheck exclude dirs and/or files: \n'}
[8.580800] (centerline_extraction) StdoutLine: {'line': b"-- Added test 'flake8' to check Python code syntax and style conventions\n"}
[8.583685] (centerline_extraction) StdoutLine: {'line': b"-- Added test 'lint_cmake' to check CMake code style\n"}
[8.586456] (centerline_extraction) StdoutLine: {'line': b"-- Added test 'pep257' to check Python code against some of the docstring style conventions in PEP 257\n"}
[8.590294] (centerline_extraction) StdoutLine: {'line': b"-- Added test 'uncrustify' to check C / C++ code style\n"}
[8.590730] (centerline_extraction) StdoutLine: {'line': b'-- Configured uncrustify additional arguments: \n'}
[8.592871] (centerline_extraction) StdoutLine: {'line': b"-- Added test 'xmllint' to check XML markup files\n"}
[8.602277] (centerline_extraction) StdoutLine: {'line': b'-- Configuring done\n'}
[8.664361] (-) TimerEvent: {}
[8.765272] (-) TimerEvent: {}
[8.865973] (-) TimerEvent: {}
[8.966683] (-) TimerEvent: {}
[9.022301] (centerline_extraction) StdoutLine: {'line': b'-- Generating done\n'}
[9.066859] (-) TimerEvent: {}
[9.082977] (centerline_extraction) StdoutLine: {'line': b'-- Build files have been written to: /home/wheeltec/agribot/agribot_ws/build/centerline_extraction\n'}
[9.150540] (centerline_extraction) CommandEnded: {'returncode': 0}
[9.156500] (centerline_extraction) JobProgress: {'identifier': 'centerline_extraction', 'progress': 'build'}
[9.156692] (centerline_extraction) Command: {'cmd': ['/usr/bin/cmake', '--build', '/home/wheeltec/agribot/agribot_ws/build/centerline_extraction', '--', '-j8', '-l8'], 'cwd': '/home/wheeltec/agribot/agribot_ws/build/centerline_extraction', 'env': OrderedDict([('PYTHON_BASIC_REPL', '1'), ('LESSOPEN', '| /usr/bin/lesspipe %s'), ('HTTPS_PROXY', 'http://127.0.0.1:7898'), ('LANGUAGE', 'zh_CN:en_US:en'), ('USER', 'wheeltec'), ('SSH_CLIENT', '192.168.3.138 54171 22'), ('LC_TIME', 'zh_CN.UTF-8'), ('XDG_SESSION_TYPE', 'tty'), ('GIT_ASKPASS', '/home/wheeltec/.vscode-server/cli/servers/Stable-1b6a188127eeaf9194f945eb6eb89a657e93c54c/server/extensions/git/dist/askpass.sh'), ('SHLVL', '1'), ('LD_LIBRARY_PATH', '/usr/lib/aarch64-linux-gnu:/usr/lib/aarch64-linux-gnu:/home/wheeltec/agribot/agribot_ws/install/yesense_interface/lib:/home/wheeltec/agribot/agribot_ws/install/serial/lib:/home/wheeltec/agribot/agribot_ws/install/fast_lio/lib:/home/wheeltec/ws_livox/install/livox_sdk2/lib:/home/wheeltec/ws_livox/install/livox_ros_driver2/lib:/home/wheeltec/wheeltec_ros2/install/yesense_interface/lib:/home/wheeltec/wheeltec_ros2/install/wheeltec_rrt_msg/lib:/home/wheeltec/wheeltec_ros2/install/wheeltec_robot_rrt/lib:/home/wheeltec/wheeltec_ros2/install/turn_on_wheeltec_robot/lib:/home/wheeltec/wheeltec_ros2/install/wheeltec_robot_msg/lib:/home/wheeltec/wheeltec_ros2/install/wheeltec_mic_msg/lib:/home/wheeltec/wheeltec_ros2/install/usb_cam/lib:/home/wheeltec/wheeltec_ros2/install/ublox_gps/lib:/home/wheeltec/wheeltec_ros2/install/ublox_msgs/lib:/home/wheeltec/wheeltec_ros2/install/serial/lib:/home/wheeltec/wheeltec_ros2/install/orb_slam2_ros/lib:/home/wheeltec/wheeltec_ros2/install/openslam_gmapping/lib:/home/wheeltec/wheeltec_ros2/install/ollama_ros_msgs/lib:/home/wheeltec/wheeltec_ros2/install/nmea_msgs/lib:/home/wheeltec/wheeltec_ros2/install/nav2_smoother/lib:/home/wheeltec/wheeltec_ros2/install/nav2_controller/lib:/home/wheeltec/wheeltec_ros2/install/dwb_plugins/lib:/home/wheeltec/wheeltec_ros2/install/dwb_critics/lib:/home/wheeltec/wheeltec_ros2/install/dwb_core/lib:/home/wheeltec/wheeltec_ros2/install/nav_2d_utils/lib:/home/wheeltec/wheeltec_ros2/install/dwb_msgs/lib:/home/wheeltec/wheeltec_ros2/install/nav_2d_msgs/lib:/home/wheeltec/wheeltec_ros2/install/nav2_waypoint_follower/lib:/home/wheeltec/wheeltec_ros2/install/nav2_theta_star_planner/lib:/home/wheeltec/wheeltec_ros2/install/nav2_smac_planner/lib:/home/wheeltec/wheeltec_ros2/install/nav2_rotation_shim_controller/lib:/home/wheeltec/wheeltec_ros2/install/nav2_regulated_pure_pursuit_controller/lib:/home/wheeltec/wheeltec_ros2/install/nav2_planner/lib:/home/wheeltec/wheeltec_ros2/install/nav2_navfn_planner/lib:/home/wheeltec/wheeltec_ros2/install/nav2_constrained_smoother/lib:/home/wheeltec/wheeltec_ros2/install/nav2_bt_navigator/lib:/home/wheeltec/wheeltec_ros2/install/nav2_behaviors/lib:/home/wheeltec/wheeltec_ros2/install/nav2_collision_monitor/lib:/home/wheeltec/wheeltec_ros2/install/costmap_queue/lib:/home/wheeltec/wheeltec_ros2/install/nav2_costmap_2d/lib:/home/wheeltec/wheeltec_ros2/install/nav2_voxel_grid/lib:/home/wheeltec/wheeltec_ros2/install/nav2_velocity_smoother/lib:/home/wheeltec/wheeltec_ros2/install/nav2_rviz_plugins/lib:/home/wheeltec/wheeltec_ros2/install/nav2_map_server/lib:/home/wheeltec/wheeltec_ros2/install/nav2_lifecycle_manager/lib:/home/wheeltec/wheeltec_ros2/install/nav2_behavior_tree/lib:/home/wheeltec/wheeltec_ros2/install/nav2_amcl/lib:/home/wheeltec/wheeltec_ros2/install/nav2_util/lib:/home/wheeltec/wheeltec_ros2/install/nav2_msgs/lib:/home/wheeltec/wheeltec_ros2/install/lslidar_msgs/lib:/home/wheeltec/wheeltec_ros2/install/bodyreader_msg/lib:/home/wheeltec/wheeltec_ros2/install/astra_camera/lib:/home/wheeltec/wheeltec_ros2/install/astra_camera_msgs/lib:/home/wheeltec/wheeltec_ros2/install/aruco_ros/lib:/home/wheeltec/wheeltec_ros2/install/aruco_msgs/lib:/home/wheeltec/wheeltec_ros2/install/aruco/lib:/home/wheeltec/wheeltec_ros2/install/ackermann_msgs/lib:/opt/ros/humble/opt/rviz_ogre_vendor/lib:/opt/ros/humble/lib/aarch64-linux-gnu:/opt/ros/humble/lib'), ('BROWSER', '/home/wheeltec/.vscode-server/cli/servers/Stable-1b6a188127eeaf9194f945eb6eb89a657e93c54c/server/bin/helpers/browser.sh'), ('MOTD_SHOWN', 'pam'), ('HOME', '/home/wheeltec'), ('TERM_PROGRAM_VERSION', '1.130.0'), ('NO_PROXY', 'localhost,127.0.0.1'), ('VSCODE_IPC_HOOK_CLI', '/run/user/1000/vscode-ipc-e147ff09-6076-4442-a089-34d1472dd33c.sock'), ('JETSON_L4T', '36.4.7'), ('ROS_PYTHON_VERSION', '3'), ('JETSON_MODEL', 'NVIDIA Jetson Orin NX Engineering Reference Developer Kit'), ('VSCODE_GIT_ASKPASS_MAIN', '/home/wheeltec/.vscode-server/cli/servers/Stable-1b6a188127eeaf9194f945eb6eb89a657e93c54c/server/extensions/git/dist/askpass-main.js'), ('LC_MONETARY', 'zh_CN.UTF-8'), ('VSCODE_GIT_ASKPASS_NODE', '/home/wheeltec/.vscode-server/cli/servers/Stable-1b6a188127eeaf9194f945eb6eb89a657e93c54c/server/node'), ('PYDEVD_DISABLE_FILE_VALIDATION', '1'), ('BUNDLED_DEBUGPY_PATH', '/home/wheeltec/.vscode-server/extensions/ms-python.debugpy-2026.6.0-linux-arm64/bundled/libs/debugpy'), ('VSCODE_PYTHON_AUTOACTIVATE_GUARD', '1'), ('DBUS_SESSION_BUS_ADDRESS', 'unix:path=/run/user/1000/bus'), ('COLORTERM', 'truecolor'), ('COLCON_PREFIX_PATH', '/home/wheeltec/agribot/agribot_ws/install:/home/wheeltec/ws_livox/install:/home/wheeltec/wheeltec_ros2/install'), ('ROS_DISTRO', 'humble'), ('LOGNAME', 'wheeltec'), ('JETSON_MODULE', 'NVIDIA Jetson Orin NX (16GB ram)'), ('JETSON_SERIAL_NUMBER', '1422525044003'), ('_', '/usr/bin/colcon'), ('ROS_VERSION', '2'), ('PKG_CONFIG_PATH', ':/opt/opencv_410/lib/pkgconfig:/opt/opencv_410/lib/pkgconfig'), ('XDG_SESSION_CLASS', 'user'), ('TERM', 'xterm-256color'), ('XDG_SESSION_ID', '4'), ('ROS_LOCALHOST_ONLY', '0'), ('PATH', '/home/wheeltec/.vscode-server/data/User/globalStorage/github.copilot-chat/debugCommand:/home/wheeltec/.vscode-server/data/User/globalStorage/github.copilot-chat/copilotCli:/home/wheeltec/.vscode-server/cli/servers/Stable-1b6a188127eeaf9194f945eb6eb89a657e93c54c/server/bin/remote-cli:/opt/ros/humble/bin:/usr/local/sbin:/usr/local/bin:/usr/sbin:/usr/bin:/sbin:/bin:/usr/games:/usr/local/games:/snap/bin:/home/wheeltec/.vscode-server/extensions/ms-python.debugpy-2026.6.0-linux-arm64/bundled/scripts/noConfigScripts'), ('PAPERSIZE', 'a4'), ('LC_ADDRESS', 'zh_CN.UTF-8'), ('XDG_RUNTIME_DIR', '/run/user/1000'), ('VSCODE_DEBUGPY_ADAPTER_ENDPOINTS', '/home/wheeltec/.vscode-server/extensions/ms-python.debugpy-2026.6.0-linux-arm64/.noConfigDebugAdapterEndpoints/endpoint-372db71647015588.txt'), ('LANG', 'zh_CN.UTF-8'), ('PYTHONSTARTUP', '/home/wheeltec/.vscode-server/data/User/workspaceStorage/64f4472d1280cf46ce0f694c7f8ba4f6/ms-python.python/pythonrc.py'), ('LC_TELEPHONE', 'zh_CN.UTF-8'), ('LS_COLORS', 'rs=0:di=01;34:ln=01;36:mh=00:pi=40;33:so=01;35:do=01;35:bd=40;33;01:cd=40;33;01:or=40;31;01:mi=00:su=37;41:sg=30;43:ca=30;41:tw=30;42:ow=34;42:st=37;44:ex=01;32:*.tar=01;31:*.tgz=01;31:*.arc=01;31:*.arj=01;31:*.taz=01;31:*.lha=01;31:*.lz4=01;31:*.lzh=01;31:*.lzma=01;31:*.tlz=01;31:*.txz=01;31:*.tzo=01;31:*.t7z=01;31:*.zip=01;31:*.z=01;31:*.dz=01;31:*.gz=01;31:*.lrz=01;31:*.lz=01;31:*.lzo=01;31:*.xz=01;31:*.zst=01;31:*.tzst=01;31:*.bz2=01;31:*.bz=01;31:*.tbz=01;31:*.tbz2=01;31:*.tz=01;31:*.deb=01;31:*.rpm=01;31:*.jar=01;31:*.war=01;31:*.ear=01;31:*.sar=01;31:*.rar=01;31:*.alz=01;31:*.ace=01;31:*.zoo=01;31:*.cpio=01;31:*.7z=01;31:*.rz=01;31:*.cab=01;31:*.wim=01;31:*.swm=01;31:*.dwm=01;31:*.esd=01;31:*.jpg=01;35:*.jpeg=01;35:*.mjpg=01;35:*.mjpeg=01;35:*.gif=01;35:*.bmp=01;35:*.pbm=01;35:*.pgm=01;35:*.ppm=01;35:*.tga=01;35:*.xbm=01;35:*.xpm=01;35:*.tif=01;35:*.tiff=01;35:*.png=01;35:*.svg=01;35:*.svgz=01;35:*.mng=01;35:*.pcx=01;35:*.mov=01;35:*.mpg=01;35:*.mpeg=01;35:*.m2v=01;35:*.mkv=01;35:*.webm=01;35:*.webp=01;35:*.ogm=01;35:*.mp4=01;35:*.m4v=01;35:*.mp4v=01;35:*.vob=01;35:*.qt=01;35:*.nuv=01;35:*.wmv=01;35:*.asf=01;35:*.rm=01;35:*.rmvb=01;35:*.flc=01;35:*.avi=01;35:*.fli=01;35:*.flv=01;35:*.gl=01;35:*.dl=01;35:*.xcf=01;35:*.xwd=01;35:*.yuv=01;35:*.cgm=01;35:*.emf=01;35:*.ogv=01;35:*.ogx=01;35:*.aac=00;36:*.au=00;36:*.flac=00;36:*.m4a=00;36:*.mid=00;36:*.midi=00;36:*.mka=00;36:*.mp3=00;36:*.mpc=00;36:*.ogg=00;36:*.ra=00;36:*.wav=00;36:*.oga=00;36:*.opus=00;36:*.spx=00;36:*.xspf=00;36:'), ('JETSON_SOC', 'tegra234'), ('VSCODE_GIT_IPC_HANDLE', '/run/user/1000/vscode-git-ce713f1bb8.sock'), ('TERM_PROGRAM', 'vscode'), ('AMENT_PREFIX_PATH', '/home/wheeltec/agribot/agribot_ws/install/turn_on_agribot:/home/wheeltec/agribot/agribot_ws/install/turn_on_32chassis:/home/wheeltec/agribot/agribot_ws/install/yesense_std_ros2:/home/wheeltec/agribot/agribot_ws/install/yesense_interface:/home/wheeltec/agribot/agribot_ws/install/serial:/home/wheeltec/agribot/agribot_ws/install/fast_lio:/home/wheeltec/agribot/agribot_ws/install/centerline_extraction:/home/wheeltec/ws_livox/install/livox_ros_driver2:/home/wheeltec/wheeltec_ros2/install/yesense_std_ros2:/home/wheeltec/wheeltec_ros2/install/yesense_interface:/home/wheeltec/wheeltec_ros2/install/wheeltec_slam_toolbox:/home/wheeltec/wheeltec_ros2/install/wheeltec_rviz2:/home/wheeltec/wheeltec_ros2/install/wheeltec_rrt_msg:/home/wheeltec/wheeltec_ros2/install/wheeltec_robot_urdf:/home/wheeltec/wheeltec_ros2/install/wheeltec_robot_rtab:/home/wheeltec/wheeltec_ros2/install/wheeltec_robot_rrt:/home/wheeltec/wheeltec_ros2/install/simple_follower_ros2:/home/wheeltec/wheeltec_ros2/install/turn_on_wheeltec_robot:/home/wheeltec/wheeltec_ros2/install/wheeltec_robot_msg:/home/wheeltec/wheeltec_ros2/install/wheeltec_robot_keyboard:/home/wheeltec/wheeltec_ros2/install/wheeltec_robot_kcf:/home/wheeltec/wheeltec_ros2/install/wheeltec_path_follow:/home/wheeltec/wheeltec_ros2/install/wheeltec_nav2:/home/wheeltec/wheeltec_ros2/install/wheeltec_multi:/home/wheeltec/wheeltec_ros2/install/wheeltec_mic_ros2:/home/wheeltec/wheeltec_ros2/install/wheeltec_mic_msg:/home/wheeltec/wheeltec_ros2/install/wheeltec_joy:/home/wheeltec/wheeltec_ros2/install/wheeltec_gps_driver:/home/wheeltec/wheeltec_ros2/install/wheeltec_dual_rtk_driver:/home/wheeltec/wheeltec_ros2/install/wheeltec_cartographer:/home/wheeltec/wheeltec_ros2/install/wheeltec_aiui:/home/wheeltec/wheeltec_ros2/install/web_video_server:/home/wheeltec/wheeltec_ros2/install/usb_cam:/home/wheeltec/wheeltec_ros2/install/ultralytics_ros2:/home/wheeltec/wheeltec_ros2/install/ublox:/home/wheeltec/wheeltec_ros2/install/ublox_gps:/home/wheeltec/wheeltec_ros2/install/ublox_msgs:/home/wheeltec/wheeltec_ros2/install/ublox_serialization:/home/wheeltec/wheeltec_ros2/install/tts:/home/wheeltec/wheeltec_ros2/install/tf2_tools:/home/wheeltec/wheeltec_ros2/install/slam_gmapping:/home/wheeltec/wheeltec_ros2/install/bodyreader:/home/wheeltec/wheeltec_ros2/install/serial:/home/wheeltec/wheeltec_ros2/install/rplidar_ros:/home/wheeltec/wheeltec_ros2/install/orb_slam2_ros:/home/wheeltec/wheeltec_ros2/install/openslam_gmapping:/home/wheeltec/wheeltec_ros2/install/ollama_ros_chat:/home/wheeltec/wheeltec_ros2/install/ollama_ros_msgs:/home/wheeltec/wheeltec_ros2/install/nmea_navsat_driver:/home/wheeltec/wheeltec_ros2/install/nmea_msgs:/home/wheeltec/wheeltec_ros2/install/nav2_bringup:/home/wheeltec/wheeltec_ros2/install/navigation2:/home/wheeltec/wheeltec_ros2/install/nav2_smoother:/home/wheeltec/wheeltec_ros2/install/nav2_dwb_controller:/home/wheeltec/wheeltec_ros2/install/nav2_controller:/home/wheeltec/wheeltec_ros2/install/dwb_plugins:/home/wheeltec/wheeltec_ros2/install/dwb_critics:/home/wheeltec/wheeltec_ros2/install/dwb_core:/home/wheeltec/wheeltec_ros2/install/nav_2d_utils:/home/wheeltec/wheeltec_ros2/install/dwb_msgs:/home/wheeltec/wheeltec_ros2/install/nav_2d_msgs:/home/wheeltec/wheeltec_ros2/install/nav2_waypoint_follower:/home/wheeltec/wheeltec_ros2/install/nav2_waypoint_cycle:/home/wheeltec/wheeltec_ros2/install/nav2_theta_star_planner:/home/wheeltec/wheeltec_ros2/install/nav2_smac_planner:/home/wheeltec/wheeltec_ros2/install/nav2_rotation_shim_controller:/home/wheeltec/wheeltec_ros2/install/nav2_regulated_pure_pursuit_controller:/home/wheeltec/wheeltec_ros2/install/nav2_planner:/home/wheeltec/wheeltec_ros2/install/nav2_navfn_planner:/home/wheeltec/wheeltec_ros2/install/nav2_constrained_smoother:/home/wheeltec/wheeltec_ros2/install/nav2_bt_navigator:/home/wheeltec/wheeltec_ros2/install/nav2_behaviors:/home/wheeltec/wheeltec_ros2/install/nav2_core:/home/wheeltec/wheeltec_ros2/install/nav2_collision_monitor:/home/wheeltec/wheeltec_ros2/install/costmap_queue:/home/wheeltec/wheeltec_ros2/install/nav2_costmap_2d:/home/wheeltec/wheeltec_ros2/install/nav2_voxel_grid:/home/wheeltec/wheeltec_ros2/install/nav2_velocity_smoother:/home/wheeltec/wheeltec_ros2/install/nav2_rviz_plugins:/home/wheeltec/wheeltec_ros2/install/nav2_map_server:/home/wheeltec/wheeltec_ros2/install/nav2_lifecycle_manager:/home/wheeltec/wheeltec_ros2/install/nav2_behavior_tree:/home/wheeltec/wheeltec_ros2/install/nav2_amcl:/home/wheeltec/wheeltec_ros2/install/nav2_util:/home/wheeltec/wheeltec_ros2/install/nav2_simple_commander:/home/wheeltec/wheeltec_ros2/install/nav2_msgs:/home/wheeltec/wheeltec_ros2/install/nav2_common:/home/wheeltec/wheeltec_ros2/install/lslidar_driver:/home/wheeltec/wheeltec_ros2/install/lslidar_msgs:/home/wheeltec/wheeltec_ros2/install/ldlidar_stl_ros2:/home/wheeltec/wheeltec_ros2/install/ldlidar_sl_ros2:/home/wheeltec/wheeltec_ros2/install/ldlidar:/home/wheeltec/wheeltec_ros2/install/bodyreader_msg:/home/wheeltec/wheeltec_ros2/install/auto_recharge_ros2:/home/wheeltec/wheeltec_ros2/install/astra_camera:/home/wheeltec/wheeltec_ros2/install/astra_camera_msgs:/home/wheeltec/wheeltec_ros2/install/aruco_ros:/home/wheeltec/wheeltec_ros2/install/aruco_msgs:/home/wheeltec/wheeltec_ros2/install/aruco:/home/wheeltec/wheeltec_ros2/install/ackermann_msgs:/opt/ros/humble'), ('SHELL', '/bin/bash'), ('LC_NAME', 'zh_CN.UTF-8'), ('LESSCLOSE', '/usr/bin/lesspipe %s %s'), ('LC_MEASUREMENT', 'zh_CN.UTF-8'), ('LC_IDENTIFICATION', 'zh_CN.UTF-8'), ('VSCODE_GIT_ASKPASS_EXTRA_ARGS', ''), ('JETSON_CUDA_ARCH_BIN', '8.7'), ('PWD', '/home/wheeltec/agribot/agribot_ws/build/centerline_extraction'), ('LC_ALL', 'en_US.UTF-8'), ('COPILOT_DEBUG_NONCE', 'ffd0c90ef5f5f21efcb855a6670ca01a'), ('SSH_CONNECTION', '192.168.3.138 54171 192.168.3.195 22'), ('XDG_DATA_DIRS', '/usr/share/gnome:/usr/local/share:/usr/share:/var/lib/snapd/desktop'), ('PYTHONPATH', '/home/wheeltec/agribot/agribot_ws/install/yesense_interface/local/lib/python3.10/dist-packages:/home/wheeltec/agribot/agribot_ws/install/fast_lio/local/lib/python3.10/dist-packages:/home/wheeltec/ws_livox/install/livox_ros_driver2/local/lib/python3.10/dist-packages:/home/wheeltec/wheeltec_ros2/install/yesense_interface/local/lib/python3.10/dist-packages:/home/wheeltec/wheeltec_ros2/install/wheeltec_rrt_msg/local/lib/python3.10/dist-packages:/home/wheeltec/wheeltec_ros2/install/simple_follower_ros2/lib/python3.10/site-packages:/home/wheeltec/wheeltec_ros2/install/turn_on_wheeltec_robot/local/lib/python3.10/dist-packages:/home/wheeltec/wheeltec_ros2/install/wheeltec_robot_msg/local/lib/python3.10/dist-packages:/home/wheeltec/wheeltec_ros2/install/wheeltec_robot_keyboard/lib/python3.10/site-packages:/home/wheeltec/wheeltec_ros2/install/wheeltec_mic_msg/local/lib/python3.10/dist-packages:/home/wheeltec/wheeltec_ros2/install/wheeltec_dual_rtk_driver/lib/python3.10/site-packages:/home/wheeltec/wheeltec_ros2/install/ultralytics_ros2/lib/python3.10/site-packages:/home/wheeltec/wheeltec_ros2/install/ublox_msgs/local/lib/python3.10/dist-packages:/home/wheeltec/wheeltec_ros2/install/tf2_tools/lib/python3.10/site-packages:/home/wheeltec/wheeltec_ros2/install/orb_slam2_ros/local/lib/python3.10/dist-packages:/home/wheeltec/wheeltec_ros2/install/ollama_ros_chat/lib/python3.10/site-packages:/home/wheeltec/wheeltec_ros2/install/ollama_ros_msgs/local/lib/python3.10/dist-packages:/home/wheeltec/wheeltec_ros2/install/nmea_navsat_driver/lib/python3.10/site-packages:/home/wheeltec/wheeltec_ros2/install/nmea_msgs/local/lib/python3.10/dist-packages:/home/wheeltec/wheeltec_ros2/install/dwb_msgs/local/lib/python3.10/dist-packages:/home/wheeltec/wheeltec_ros2/install/nav_2d_msgs/local/lib/python3.10/dist-packages:/home/wheeltec/wheeltec_ros2/install/nav2_waypoint_cycle/lib/python3.10/site-packages:/home/wheeltec/wheeltec_ros2/install/nav2_simple_commander/lib/python3.10/site-packages:/home/wheeltec/wheeltec_ros2/install/nav2_msgs/local/lib/python3.10/dist-packages:/home/wheeltec/wheeltec_ros2/install/nav2_common/local/lib/python3.10/dist-packages:/home/wheeltec/wheeltec_ros2/install/lslidar_msgs/local/lib/python3.10/dist-packages:/home/wheeltec/wheeltec_ros2/install/bodyreader_msg/local/lib/python3.10/dist-packages:/home/wheeltec/wheeltec_ros2/install/auto_recharge_ros2/lib/python3.10/site-packages:/home/wheeltec/wheeltec_ros2/install/astra_camera_msgs/local/lib/python3.10/dist-packages:/home/wheeltec/wheeltec_ros2/install/aruco_msgs/local/lib/python3.10/dist-packages:/home/wheeltec/wheeltec_ros2/install/ackermann_msgs/local/lib/python3.10/dist-packages:/opt/ros/humble/lib/python3.10/site-packages:/opt/ros/humble/local/lib/python3.10/dist-packages'), ('HTTP_PROXY', 'http://127.0.0.1:7898'), ('LC_NUMERIC', 'zh_CN.UTF-8'), ('LC_PAPER', 'zh_CN.UTF-8'), ('COLCON', '1'), ('JETSON_JETPACK', ''), ('CMAKE_PREFIX_PATH', '/home/wheeltec/agribot/agribot_ws/install/turn_on_agribot:/home/wheeltec/agribot/agribot_ws/install/turn_on_32chassis:/home/wheeltec/agribot/agribot_ws/install/yesense_std_ros2:/home/wheeltec/agribot/agribot_ws/install/yesense_interface:/home/wheeltec/agribot/agribot_ws/install/serial:/home/wheeltec/agribot/agribot_ws/install/fast_lio:/home/wheeltec/agribot/agribot_ws/install/centerline_extraction:/home/wheeltec/ws_livox/install/livox_ros_driver2:/home/wheeltec/wheeltec_ros2/install/yesense_std_ros2:/home/wheeltec/wheeltec_ros2/install/yesense_interface:/home/wheeltec/wheeltec_ros2/install/wheeltec_slam_toolbox:/home/wheeltec/wheeltec_ros2/install/wheeltec_rviz2:/home/wheeltec/wheeltec_ros2/install/wheeltec_rrt_msg:/home/wheeltec/wheeltec_ros2/install/wheeltec_robot_urdf:/home/wheeltec/wheeltec_ros2/install/wheeltec_robot_rtab:/home/wheeltec/wheeltec_ros2/install/wheeltec_robot_rrt:/home/wheeltec/wheeltec_ros2/install/turn_on_wheeltec_robot:/home/wheeltec/wheeltec_ros2/install/wheeltec_robot_msg:/home/wheeltec/wheeltec_ros2/install/wheeltec_robot_kcf:/home/wheeltec/wheeltec_ros2/install/wheeltec_path_follow:/home/wheeltec/wheeltec_ros2/install/wheeltec_nav2:/home/wheeltec/wheeltec_ros2/install/wheeltec_multi:/home/wheeltec/wheeltec_ros2/install/wheeltec_mic_ros2:/home/wheeltec/wheeltec_ros2/install/wheeltec_mic_msg:/home/wheeltec/wheeltec_ros2/install/wheeltec_joy:/home/wheeltec/wheeltec_ros2/install/wheeltec_gps_driver:/home/wheeltec/wheeltec_ros2/install/wheeltec_cartographer:/home/wheeltec/wheeltec_ros2/install/wheeltec_aiui:/home/wheeltec/wheeltec_ros2/install/web_video_server:/home/wheeltec/wheeltec_ros2/install/usb_cam:/home/wheeltec/wheeltec_ros2/install/ublox:/home/wheeltec/wheeltec_ros2/install/ublox_gps:/home/wheeltec/wheeltec_ros2/install/ublox_msgs:/home/wheeltec/wheeltec_ros2/install/ublox_serialization:/home/wheeltec/wheeltec_ros2/install/tts:/home/wheeltec/wheeltec_ros2/install/slam_gmapping:/home/wheeltec/wheeltec_ros2/install/bodyreader:/home/wheeltec/wheeltec_ros2/install/serial:/home/wheeltec/wheeltec_ros2/install/rplidar_ros:/home/wheeltec/wheeltec_ros2/install/orb_slam2_ros:/home/wheeltec/wheeltec_ros2/install/openslam_gmapping:/home/wheeltec/wheeltec_ros2/install/ollama_ros_msgs:/home/wheeltec/wheeltec_ros2/install/nmea_msgs:/home/wheeltec/wheeltec_ros2/install/nav2_bringup:/home/wheeltec/wheeltec_ros2/install/navigation2:/home/wheeltec/wheeltec_ros2/install/nav2_smoother:/home/wheeltec/wheeltec_ros2/install/nav2_dwb_controller:/home/wheeltec/wheeltec_ros2/install/nav2_controller:/home/wheeltec/wheeltec_ros2/install/dwb_plugins:/home/wheeltec/wheeltec_ros2/install/dwb_critics:/home/wheeltec/wheeltec_ros2/install/dwb_core:/home/wheeltec/wheeltec_ros2/install/nav_2d_utils:/home/wheeltec/wheeltec_ros2/install/dwb_msgs:/home/wheeltec/wheeltec_ros2/install/nav_2d_msgs:/home/wheeltec/wheeltec_ros2/install/nav2_waypoint_follower:/home/wheeltec/wheeltec_ros2/install/nav2_theta_star_planner:/home/wheeltec/wheeltec_ros2/install/nav2_smac_planner:/home/wheeltec/wheeltec_ros2/install/nav2_rotation_shim_controller:/home/wheeltec/wheeltec_ros2/install/nav2_regulated_pure_pursuit_controller:/home/wheeltec/wheeltec_ros2/install/nav2_planner:/home/wheeltec/wheeltec_ros2/install/nav2_navfn_planner:/home/wheeltec/wheeltec_ros2/install/nav2_constrained_smoother:/home/wheeltec/wheeltec_ros2/install/nav2_bt_navigator:/home/wheeltec/wheeltec_ros2/install/nav2_behaviors:/home/wheeltec/wheeltec_ros2/install/nav2_core:/home/wheeltec/wheeltec_ros2/install/nav2_collision_monitor:/home/wheeltec/wheeltec_ros2/install/costmap_queue:/home/wheeltec/wheeltec_ros2/install/nav2_costmap_2d:/home/wheeltec/wheeltec_ros2/install/nav2_voxel_grid:/home/wheeltec/wheeltec_ros2/install/nav2_velocity_smoother:/home/wheeltec/wheeltec_ros2/install/nav2_rviz_plugins:/home/wheeltec/wheeltec_ros2/install/nav2_map_server:/home/wheeltec/wheeltec_ros2/install/nav2_lifecycle_manager:/home/wheeltec/wheeltec_ros2/install/nav2_behavior_tree:/home/wheeltec/wheeltec_ros2/install/nav2_amcl:/home/wheeltec/wheeltec_ros2/install/nav2_util:/home/wheeltec/wheeltec_ros2/install/nav2_msgs:/home/wheeltec/wheeltec_ros2/install/nav2_common:/home/wheeltec/wheeltec_ros2/install/lslidar_driver:/home/wheeltec/wheeltec_ros2/install/lslidar_msgs:/home/wheeltec/wheeltec_ros2/install/ldlidar_stl_ros2:/home/wheeltec/wheeltec_ros2/install/ldlidar_sl_ros2:/home/wheeltec/wheeltec_ros2/install/ldlidar:/home/wheeltec/wheeltec_ros2/install/bodyreader_msg:/home/wheeltec/wheeltec_ros2/install/astra_camera:/home/wheeltec/wheeltec_ros2/install/astra_camera_msgs:/home/wheeltec/wheeltec_ros2/install/aruco_ros:/home/wheeltec/wheeltec_ros2/install/aruco_msgs:/home/wheeltec/wheeltec_ros2/install/aruco:/home/wheeltec/wheeltec_ros2/install/ackermann_msgs:/home/wheeltec/wheeltec_ros2/install/simple_follower_ros2:/home/wheeltec/wheeltec_ros2/install/wheeltec_robot_keyboard:/home/wheeltec/wheeltec_ros2/install/wheeltec_dual_rtk_driver:/home/wheeltec/wheeltec_ros2/install/ultralytics_ros2:/home/wheeltec/wheeltec_ros2/install/tf2_tools:/home/wheeltec/wheeltec_ros2/install/ollama_ros_chat:/home/wheeltec/wheeltec_ros2/install/nmea_navsat_driver:/home/wheeltec/wheeltec_ros2/install/nav2_waypoint_cycle:/home/wheeltec/wheeltec_ros2/install/nav2_simple_commander:/home/wheeltec/wheeltec_ros2/install/auto_recharge_ros2:/opt/ros/humble'), ('JETSON_P_NUMBER', 'p3767-0000')]), 'shell': False}
[9.167038] (-) TimerEvent: {}
[9.267735] (-) TimerEvent: {}
[9.269107] (centerline_extraction) StdoutLine: {'line': b'\x1b[35m\x1b[1mConsolidate compiler generated dependencies of target test_path_publisher\x1b[0m\n'}
[9.277591] (centerline_extraction) StdoutLine: {'line': b'\x1b[35m\x1b[1mConsolidate compiler generated dependencies of target corn_row_detector_projection\x1b[0m\n'}
[9.327135] (centerline_extraction) StdoutLine: {'line': b'\x1b[35m\x1b[1mConsolidate compiler generated dependencies of target cornfield_navigation_node\x1b[0m\n'}
[9.353666] (centerline_extraction) StdoutLine: {'line': b'[ 22%] Built target test_path_publisher\n'}
[9.355197] (centerline_extraction) StdoutLine: {'line': b'[ 44%] Built target corn_row_detector_projection\n'}
[9.367910] (-) TimerEvent: {}
[9.428440] (centerline_extraction) StdoutLine: {'line': b'[ 55%] \x1b[32mBuilding CXX object CMakeFiles/cornfield_navigation_node.dir/src/pid_controller.cpp.o\x1b[0m\n'}
[9.468104] (-) TimerEvent: {}
[9.568890] (-) TimerEvent: {}
[9.669624] (-) TimerEvent: {}
[9.770313] (-) TimerEvent: {}
[9.871005] (-) TimerEvent: {}
[9.971720] (-) TimerEvent: {}
[10.072445] (-) TimerEvent: {}
[10.173139] (-) TimerEvent: {}
[10.274021] (-) TimerEvent: {}
[10.374832] (-) TimerEvent: {}
[10.475539] (-) TimerEvent: {}
[10.576221] (-) TimerEvent: {}
[10.677034] (-) TimerEvent: {}
[10.777968] (-) TimerEvent: {}
[10.879014] (-) TimerEvent: {}
[10.979752] (-) TimerEvent: {}
[11.080499] (-) TimerEvent: {}
[11.181246] (-) TimerEvent: {}
[11.281942] (-) TimerEvent: {}
[11.382646] (-) TimerEvent: {}
[11.483406] (-) TimerEvent: {}
[11.584108] (-) TimerEvent: {}
[11.684771] (-) TimerEvent: {}
[11.785614] (-) TimerEvent: {}
[11.886277] (-) TimerEvent: {}
[11.986991] (-) TimerEvent: {}
[12.087767] (-) TimerEvent: {}
[12.188465] (-) TimerEvent: {}
[12.289178] (-) TimerEvent: {}
[12.389893] (-) TimerEvent: {}
[12.490581] (-) TimerEvent: {}
[12.591438] (-) TimerEvent: {}
[12.692142] (-) TimerEvent: {}
[12.792839] (-) TimerEvent: {}
[12.893510] (-) TimerEvent: {}
[12.994193] (-) TimerEvent: {}
[13.094890] (-) TimerEvent: {}
[13.195589] (-) TimerEvent: {}
[13.296301] (-) TimerEvent: {}
[13.397008] (-) TimerEvent: {}
[13.497725] (-) TimerEvent: {}
[13.598525] (-) TimerEvent: {}
[13.699221] (-) TimerEvent: {}
[13.799881] (-) TimerEvent: {}
[13.900593] (-) TimerEvent: {}
[14.001308] (-) TimerEvent: {}
[14.102477] (-) TimerEvent: {}
[14.203620] (-) TimerEvent: {}
[14.304318] (-) TimerEvent: {}
[14.405372] (-) TimerEvent: {}
[14.506105] (-) TimerEvent: {}
[14.607048] (-) TimerEvent: {}
[14.707716] (-) TimerEvent: {}
[14.808508] (-) TimerEvent: {}
[14.909212] (-) TimerEvent: {}
[15.009896] (-) TimerEvent: {}
[15.110557] (-) TimerEvent: {}
[15.211243] (-) TimerEvent: {}
[15.311942] (-) TimerEvent: {}
[15.412624] (-) TimerEvent: {}
[15.513353] (-) TimerEvent: {}
[15.614056] (-) TimerEvent: {}
[15.714937] (-) TimerEvent: {}
[15.815612] (-) TimerEvent: {}
[15.916329] (-) TimerEvent: {}
[16.017125] (-) TimerEvent: {}
[16.117897] (-) TimerEvent: {}
[16.218620] (-) TimerEvent: {}
[16.319622] (-) TimerEvent: {}
[16.420366] (-) TimerEvent: {}
[16.521098] (-) TimerEvent: {}
[16.621832] (-) TimerEvent: {}
[16.722544] (-) TimerEvent: {}
[16.823270] (-) TimerEvent: {}
[16.923983] (-) TimerEvent: {}
[17.024725] (-) TimerEvent: {}
[17.125456] (-) TimerEvent: {}
[17.226154] (-) TimerEvent: {}
[17.326854] (-) TimerEvent: {}
[17.427504] (-) TimerEvent: {}
[17.528209] (-) TimerEvent: {}
[17.629018] (-) TimerEvent: {}
[17.729803] (-) TimerEvent: {}
[17.830653] (-) TimerEvent: {}
[17.931458] (-) TimerEvent: {}
[18.032165] (-) TimerEvent: {}
[18.132944] (-) TimerEvent: {}
[18.233677] (-) TimerEvent: {}
[18.334384] (-) TimerEvent: {}
[18.435125] (-) TimerEvent: {}
[18.535910] (-) TimerEvent: {}
[18.636650] (-) TimerEvent: {}
[18.737370] (-) TimerEvent: {}
[18.838076] (-) TimerEvent: {}
[18.938934] (-) TimerEvent: {}
[19.039610] (-) TimerEvent: {}
[19.140360] (-) TimerEvent: {}
[19.241075] (-) TimerEvent: {}
[19.341832] (-) TimerEvent: {}
[19.442533] (-) TimerEvent: {}
[19.543232] (-) TimerEvent: {}
[19.643961] (-) TimerEvent: {}
[19.744689] (-) TimerEvent: {}
[19.845434] (-) TimerEvent: {}
[19.946159] (-) TimerEvent: {}
[20.047448] (-) TimerEvent: {}
[20.148138] (-) TimerEvent: {}
[20.248851] (-) TimerEvent: {}
[20.349639] (-) TimerEvent: {}
[20.450561] (-) TimerEvent: {}
[20.551272] (-) TimerEvent: {}
[20.651969] (-) TimerEvent: {}
[20.752703] (-) TimerEvent: {}
[20.853428] (-) TimerEvent: {}
[20.954150] (-) TimerEvent: {}
[21.054913] (-) TimerEvent: {}
[21.155633] (-) TimerEvent: {}
[21.256338] (-) TimerEvent: {}
[21.357362] (-) TimerEvent: {}
[21.458251] (-) TimerEvent: {}
[21.558958] (-) TimerEvent: {}
[21.659701] (-) TimerEvent: {}
[21.760458] (-) TimerEvent: {}
[21.861177] (-) TimerEvent: {}
[21.961899] (-) TimerEvent: {}
[22.062595] (-) TimerEvent: {}
[22.163309] (-) TimerEvent: {}
[22.264022] (-) TimerEvent: {}
[22.364718] (-) TimerEvent: {}
[22.465463] (-) TimerEvent: {}
[22.566162] (-) TimerEvent: {}
[22.666886] (-) TimerEvent: {}
[22.767895] (-) TimerEvent: {}
[22.868607] (-) TimerEvent: {}
[22.969370] (-) TimerEvent: {}
[23.070073] (-) TimerEvent: {}
[23.170778] (-) TimerEvent: {}
[23.271483] (-) TimerEvent: {}
[23.372202] (-) TimerEvent: {}
[23.472906] (-) TimerEvent: {}
[23.573638] (-) TimerEvent: {}
[23.674345] (-) TimerEvent: {}
[23.775118] (-) TimerEvent: {}
[23.875852] (-) TimerEvent: {}
[23.976551] (-) TimerEvent: {}
[24.077273] (-) TimerEvent: {}
[24.177997] (-) TimerEvent: {}
[24.278745] (-) TimerEvent: {}
[24.379463] (-) TimerEvent: {}
[24.480178] (-) TimerEvent: {}
[24.580897] (-) TimerEvent: {}
[24.681759] (-) TimerEvent: {}
[24.782546] (-) TimerEvent: {}
[24.883295] (-) TimerEvent: {}
[24.985732] (-) TimerEvent: {}
[25.086608] (-) TimerEvent: {}
[25.187308] (-) TimerEvent: {}
[25.288007] (-) TimerEvent: {}
[25.388693] (-) TimerEvent: {}
[25.489383] (-) TimerEvent: {}
[25.590074] (-) TimerEvent: {}
[25.690739] (-) TimerEvent: {}
[25.791929] (-) TimerEvent: {}
[25.892626] (-) TimerEvent: {}
[25.993393] (-) TimerEvent: {}
[26.094142] (-) TimerEvent: {}
[26.194864] (-) TimerEvent: {}
[26.295575] (-) TimerEvent: {}
[26.396283] (-) TimerEvent: {}
[26.497047] (-) TimerEvent: {}
[26.598049] (-) TimerEvent: {}
[26.698788] (-) TimerEvent: {}
[26.799454] (-) TimerEvent: {}
[26.900138] (-) TimerEvent: {}
[27.000863] (-) TimerEvent: {}
[27.101587] (-) TimerEvent: {}
[27.202307] (-) TimerEvent: {}
[27.303323] (-) TimerEvent: {}
[27.404042] (-) TimerEvent: {}
[27.504827] (-) TimerEvent: {}
[27.605523] (-) TimerEvent: {}
[27.706240] (-) TimerEvent: {}
[27.807020] (-) TimerEvent: {}
[27.907671] (-) TimerEvent: {}
[28.009956] (-) TimerEvent: {}
[28.110608] (-) TimerEvent: {}
[28.211257] (-) TimerEvent: {}
[28.311947] (-) TimerEvent: {}
[28.412708] (-) TimerEvent: {}
[28.513433] (-) TimerEvent: {}
[28.614131] (-) TimerEvent: {}
[28.715147] (-) TimerEvent: {}
[28.815858] (-) TimerEvent: {}
[28.916549] (-) TimerEvent: {}
[29.017269] (-) TimerEvent: {}
[29.117992] (-) TimerEvent: {}
[29.218685] (-) TimerEvent: {}
[29.319410] (-) TimerEvent: {}
[29.420099] (-) TimerEvent: {}
[29.520814] (-) TimerEvent: {}
[29.621603] (-) TimerEvent: {}
[29.722323] (-) TimerEvent: {}
[29.823189] (-) TimerEvent: {}
[29.923947] (-) TimerEvent: {}
[30.024661] (-) TimerEvent: {}
[30.125434] (-) TimerEvent: {}
[30.226757] (-) TimerEvent: {}
[30.327974] (-) TimerEvent: {}
[30.428785] (-) TimerEvent: {}
[30.529450] (-) TimerEvent: {}
[30.630142] (-) TimerEvent: {}
[30.730772] (-) TimerEvent: {}
[30.831493] (-) TimerEvent: {}
[30.932190] (-) TimerEvent: {}
[31.032911] (-) TimerEvent: {}
[31.133596] (-) TimerEvent: {}
[31.234284] (-) TimerEvent: {}
[31.335009] (-) TimerEvent: {}
[31.435727] (-) TimerEvent: {}
[31.536404] (-) TimerEvent: {}
[31.637123] (-) TimerEvent: {}
[31.737863] (-) TimerEvent: {}
[31.838609] (-) TimerEvent: {}
[31.939320] (-) TimerEvent: {}
[32.040076] (-) TimerEvent: {}
[32.140783] (-) TimerEvent: {}
[32.241547] (-) TimerEvent: {}
[32.342307] (-) TimerEvent: {}
[32.443057] (-) TimerEvent: {}
[32.543745] (-) TimerEvent: {}
[32.644455] (-) TimerEvent: {}
[32.745160] (-) TimerEvent: {}
[32.845999] (-) TimerEvent: {}
[32.946713] (-) TimerEvent: {}
[33.047396] (-) TimerEvent: {}
[33.148426] (-) TimerEvent: {}
[33.249140] (-) TimerEvent: {}
[33.349851] (-) TimerEvent: {}
[33.450565] (-) TimerEvent: {}
[33.947698] (-) TimerEvent: {}
[34.048405] (-) TimerEvent: {}
[34.149238] (-) TimerEvent: {}
[34.250653] (-) TimerEvent: {}
[34.351353] (-) TimerEvent: {}
[34.452122] (-) TimerEvent: {}
[34.552975] (-) TimerEvent: {}
[34.654018] (-) TimerEvent: {}
[34.754717] (-) TimerEvent: {}
[34.855433] (-) TimerEvent: {}
[34.956135] (-) TimerEvent: {}
[35.056834] (-) TimerEvent: {}
[35.157592] (-) TimerEvent: {}
[35.258315] (-) TimerEvent: {}
[35.359029] (-) TimerEvent: {}
[35.459723] (-) TimerEvent: {}
[35.560417] (-) TimerEvent: {}
[35.661125] (-) TimerEvent: {}
[35.761857] (-) TimerEvent: {}
[35.862589] (-) TimerEvent: {}
[35.963296] (-) TimerEvent: {}
[36.064044] (-) TimerEvent: {}
[36.164741] (-) TimerEvent: {}
[36.265610] (-) TimerEvent: {}
[36.366372] (-) TimerEvent: {}
[36.467151] (-) TimerEvent: {}
[36.567944] (-) TimerEvent: {}
[36.668816] (-) TimerEvent: {}
[36.769562] (-) TimerEvent: {}
[36.870297] (-) TimerEvent: {}
[36.970991] (-) TimerEvent: {}
[37.071673] (-) TimerEvent: {}
[37.172647] (-) TimerEvent: {}
[37.273360] (-) TimerEvent: {}
[37.374073] (-) TimerEvent: {}
[37.474780] (-) TimerEvent: {}
[37.575513] (-) TimerEvent: {}
[37.676224] (-) TimerEvent: {}
[37.776915] (-) TimerEvent: {}
[37.877667] (-) TimerEvent: {}
[37.978364] (-) TimerEvent: {}
[38.079063] (-) TimerEvent: {}
[38.179767] (-) TimerEvent: {}
[38.280463] (-) TimerEvent: {}
[38.381158] (-) TimerEvent: {}
[38.481882] (-) TimerEvent: {}
[38.582597] (-) TimerEvent: {}
[38.683340] (-) TimerEvent: {}
[38.784055] (-) TimerEvent: {}
[38.884745] (-) TimerEvent: {}
[38.985502] (-) TimerEvent: {}
[39.086230] (-) TimerEvent: {}
[39.186931] (-) TimerEvent: {}
[39.287617] (-) TimerEvent: {}
[39.388308] (-) TimerEvent: {}
[39.488992] (-) TimerEvent: {}
[39.589810] (-) TimerEvent: {}
[39.690482] (-) TimerEvent: {}
[39.791177] (-) TimerEvent: {}
[39.891900] (-) TimerEvent: {}
[39.992593] (-) TimerEvent: {}
[40.093386] (-) TimerEvent: {}
[40.194063] (-) TimerEvent: {}
[40.294755] (-) TimerEvent: {}
[40.395451] (-) TimerEvent: {}
[40.496142] (-) TimerEvent: {}
[40.596906] (-) TimerEvent: {}
[40.697594] (-) TimerEvent: {}
[40.798297] (-) TimerEvent: {}
[40.898967] (-) TimerEvent: {}
[40.999621] (-) TimerEvent: {}
[41.100296] (-) TimerEvent: {}
[41.201018] (-) TimerEvent: {}
[41.301764] (-) TimerEvent: {}
[41.402522] (-) TimerEvent: {}
[41.503231] (-) TimerEvent: {}
[41.603921] (-) TimerEvent: {}
[41.704609] (-) TimerEvent: {}
[41.805394] (-) TimerEvent: {}
[41.906127] (-) TimerEvent: {}
[42.006971] (-) TimerEvent: {}
[42.107906] (-) TimerEvent: {}
[42.208619] (-) TimerEvent: {}
[42.309444] (-) TimerEvent: {}
[42.410114] (-) TimerEvent: {}
[42.510773] (-) TimerEvent: {}
[42.611392] (-) TimerEvent: {}
[42.712064] (-) TimerEvent: {}
[42.812743] (-) TimerEvent: {}
[42.913454] (-) TimerEvent: {}
[43.014097] (-) TimerEvent: {}
[43.114752] (-) TimerEvent: {}
[43.215433] (-) TimerEvent: {}
[43.316073] (-) TimerEvent: {}
[43.416729] (-) TimerEvent: {}
[43.517469] (-) TimerEvent: {}
[43.618084] (-) TimerEvent: {}
[43.718742] (-) TimerEvent: {}
[43.819410] (-) TimerEvent: {}
[43.920096] (-) TimerEvent: {}
[44.020719] (-) TimerEvent: {}
[44.121454] (-) TimerEvent: {}
[44.222216] (-) TimerEvent: {}
[44.322988] (-) TimerEvent: {}
[44.423676] (-) TimerEvent: {}
[44.524372] (-) TimerEvent: {}
[44.625097] (-) TimerEvent: {}
[44.726011] (-) TimerEvent: {}
[44.826683] (-) TimerEvent: {}
[44.927441] (-) TimerEvent: {}
[45.028161] (-) TimerEvent: {}
[45.128839] (-) TimerEvent: {}
[45.229548] (-) TimerEvent: {}
[45.330216] (-) TimerEvent: {}
[45.430891] (-) TimerEvent: {}
[45.531588] (-) TimerEvent: {}
[45.632257] (-) TimerEvent: {}
[45.732998] (-) TimerEvent: {}
[45.833801] (-) TimerEvent: {}
[45.934454] (-) TimerEvent: {}
[46.035191] (-) TimerEvent: {}
[46.135873] (-) TimerEvent: {}
[46.236586] (-) TimerEvent: {}
[46.337296] (-) TimerEvent: {}
[46.438002] (-) TimerEvent: {}
[46.538699] (-) TimerEvent: {}
[46.639415] (-) TimerEvent: {}
[46.740147] (-) TimerEvent: {}
[46.840932] (-) TimerEvent: {}
[46.941675] (-) TimerEvent: {}
[47.042340] (-) TimerEvent: {}
[47.143045] (-) TimerEvent: {}
[47.243730] (-) TimerEvent: {}
[47.344387] (-) TimerEvent: {}
[47.445074] (-) TimerEvent: {}
[47.545760] (-) TimerEvent: {}
[47.647202] (-) TimerEvent: {}
[47.748271] (-) TimerEvent: {}
[47.849127] (-) TimerEvent: {}
[47.949839] (-) TimerEvent: {}
[48.050590] (-) TimerEvent: {}
[48.151349] (-) TimerEvent: {}
[48.252018] (-) TimerEvent: {}
[48.352693] (-) TimerEvent: {}
[48.453362] (-) TimerEvent: {}
[48.554040] (-) TimerEvent: {}
[48.654981] (-) TimerEvent: {}
[48.755652] (-) TimerEvent: {}
[48.856403] (-) TimerEvent: {}
[48.957136] (-) TimerEvent: {}
[49.057797] (-) TimerEvent: {}
[49.158477] (-) TimerEvent: {}
[49.259157] (-) TimerEvent: {}
[49.359804] (-) TimerEvent: {}
[49.460479] (-) TimerEvent: {}
[49.561480] (-) TimerEvent: {}
[49.662604] (-) TimerEvent: {}
[49.763285] (-) TimerEvent: {}
[49.863991] (-) TimerEvent: {}
[49.964706] (-) TimerEvent: {}
[50.065420] (-) TimerEvent: {}
[50.166104] (-) TimerEvent: {}
[50.266816] (-) TimerEvent: {}
[50.367554] (-) TimerEvent: {}
[50.468345] (-) TimerEvent: {}
[50.569381] (-) TimerEvent: {}
[50.670090] (-) TimerEvent: {}
[50.770789] (-) TimerEvent: {}
[50.873161] (-) TimerEvent: {}
[50.973883] (-) TimerEvent: {}
[51.074562] (-) TimerEvent: {}
[51.175325] (-) TimerEvent: {}
[51.276116] (-) TimerEvent: {}
[51.376783] (-) TimerEvent: {}
[51.477551] (-) TimerEvent: {}
[51.578545] (-) TimerEvent: {}
[51.679232] (-) TimerEvent: {}
[51.779908] (-) TimerEvent: {}
[51.880585] (-) TimerEvent: {}
[51.981356] (-) TimerEvent: {}
[52.082086] (-) TimerEvent: {}
[52.182785] (-) TimerEvent: {}
[52.283456] (-) TimerEvent: {}
[52.384134] (-) TimerEvent: {}
[52.484811] (-) TimerEvent: {}
[52.585509] (-) TimerEvent: {}
[52.686176] (-) TimerEvent: {}
[52.786849] (-) TimerEvent: {}
[52.887939] (-) TimerEvent: {}
[52.988679] (-) TimerEvent: {}
[53.089363] (-) TimerEvent: {}
[53.190099] (-) TimerEvent: {}
[53.290763] (-) TimerEvent: {}
[53.391439] (-) TimerEvent: {}
[53.492109] (-) TimerEvent: {}
[53.592794] (-) TimerEvent: {}
[53.693505] (-) TimerEvent: {}
[53.794221] (-) TimerEvent: {}
[53.894894] (-) TimerEvent: {}
[53.995728] (-) TimerEvent: {}
[54.096422] (-) TimerEvent: {}
[54.197136] (-) TimerEvent: {}
[54.298053] (-) TimerEvent: {}
[54.399529] (-) TimerEvent: {}
[54.500297] (-) TimerEvent: {}
[54.601060] (-) TimerEvent: {}
[54.701900] (-) TimerEvent: {}
[54.802663] (-) TimerEvent: {}
[54.903344] (-) TimerEvent: {}
[55.004035] (-) TimerEvent: {}
[55.104817] (-) TimerEvent: {}
[55.205541] (-) TimerEvent: {}
[55.306357] (-) TimerEvent: {}
[55.407115] (-) TimerEvent: {}
[55.507824] (-) TimerEvent: {}
[55.608510] (-) TimerEvent: {}
[55.709233] (-) TimerEvent: {}
[55.809947] (-) TimerEvent: {}
[55.910613] (-) TimerEvent: {}
[56.011274] (-) TimerEvent: {}
[56.111921] (-) TimerEvent: {}
[56.212601] (-) TimerEvent: {}
[56.313296] (-) TimerEvent: {}
[56.414001] (-) TimerEvent: {}
[56.514757] (-) TimerEvent: {}
[56.615882] (-) TimerEvent: {}
[56.717310] (-) TimerEvent: {}
[56.817983] (-) TimerEvent: {}
[56.918674] (-) TimerEvent: {}
[57.019341] (-) TimerEvent: {}
[57.120030] (-) TimerEvent: {}
[57.220705] (-) TimerEvent: {}
[57.321408] (-) TimerEvent: {}
[57.422094] (-) TimerEvent: {}
[57.523014] (-) TimerEvent: {}
[57.623703] (-) TimerEvent: {}
[57.724604] (-) TimerEvent: {}
[57.825375] (-) TimerEvent: {}
[57.926710] (-) TimerEvent: {}
[58.027559] (-) TimerEvent: {}
[58.128263] (-) TimerEvent: {}
[58.228984] (-) TimerEvent: {}
[58.329748] (-) TimerEvent: {}
[58.430459] (-) TimerEvent: {}
[58.531205] (-) TimerEvent: {}
[58.631844] (-) TimerEvent: {}
[58.635145] (centerline_extraction) StdoutLine: {'line': b'[ 66%] \x1b[32m\x1b[1mLinking CXX executable cornfield_navigation_node\x1b[0m\n'}
[58.731988] (-) TimerEvent: {}
[58.832704] (-) TimerEvent: {}
[58.933524] (-) TimerEvent: {}
[59.034195] (-) TimerEvent: {}
[59.134955] (-) TimerEvent: {}
[59.238444] (-) TimerEvent: {}
[59.339207] (-) TimerEvent: {}
[59.440001] (-) TimerEvent: {}
[59.549362] (-) TimerEvent: {}
[59.650095] (-) TimerEvent: {}
[59.750825] (-) TimerEvent: {}
[59.851567] (-) TimerEvent: {}
[59.952316] (-) TimerEvent: {}
[60.053020] (-) TimerEvent: {}
[60.153701] (-) TimerEvent: {}
[60.254471] (-) TimerEvent: {}
[60.355202] (-) TimerEvent: {}
[60.455924] (-) TimerEvent: {}
[60.556643] (-) TimerEvent: {}
[60.657522] (-) TimerEvent: {}
[60.758302] (-) TimerEvent: {}
[60.859007] (-) TimerEvent: {}
[60.959707] (-) TimerEvent: {}
[61.060438] (-) TimerEvent: {}
[61.161167] (-) TimerEvent: {}
[61.261940] (-) TimerEvent: {}
[61.362771] (-) TimerEvent: {}
[61.463542] (-) TimerEvent: {}
[61.564279] (-) TimerEvent: {}
[61.665000] (-) TimerEvent: {}
[61.765787] (-) TimerEvent: {}
[61.866491] (-) TimerEvent: {}
[61.967256] (-) TimerEvent: {}
[62.067958] (-) TimerEvent: {}
[62.168706] (-) TimerEvent: {}
[62.269460] (-) TimerEvent: {}
[62.370214] (-) TimerEvent: {}
[62.470927] (-) TimerEvent: {}
[62.571607] (-) TimerEvent: {}
[62.672323] (-) TimerEvent: {}
[62.773048] (-) TimerEvent: {}
[62.873865] (-) TimerEvent: {}
[62.974591] (-) TimerEvent: {}
[63.075344] (-) TimerEvent: {}
[63.176065] (-) TimerEvent: {}
[63.276792] (-) TimerEvent: {}
[63.377525] (-) TimerEvent: {}
[63.478196] (-) TimerEvent: {}
[63.578883] (-) TimerEvent: {}
[63.679581] (-) TimerEvent: {}
[63.780293] (-) TimerEvent: {}
[63.880981] (-) TimerEvent: {}
[63.981702] (-) TimerEvent: {}
[64.082401] (-) TimerEvent: {}
[64.183064] (-) TimerEvent: {}
[64.283741] (-) TimerEvent: {}
[64.384406] (-) TimerEvent: {}
[64.485094] (-) TimerEvent: {}
[64.585789] (-) TimerEvent: {}
[64.686479] (-) TimerEvent: {}
[64.787178] (-) TimerEvent: {}
[64.887872] (-) TimerEvent: {}
[64.988584] (-) TimerEvent: {}
[65.089259] (-) TimerEvent: {}
[65.189943] (-) TimerEvent: {}
[65.290602] (-) TimerEvent: {}
[65.391259] (-) TimerEvent: {}
[65.492635] (-) TimerEvent: {}
[65.594048] (centerline_extraction) StdoutLine: {'line': b'[100%] Built target cornfield_navigation_node\n'}
[65.594604] (-) TimerEvent: {}
[65.619989] (centerline_extraction) CommandEnded: {'returncode': 0}
[65.621414] (centerline_extraction) JobProgress: {'identifier': 'centerline_extraction', 'progress': 'install'}
[65.644917] (centerline_extraction) Command: {'cmd': ['/usr/bin/cmake', '--install', '/home/wheeltec/agribot/agribot_ws/build/centerline_extraction'], 'cwd': '/home/wheeltec/agribot/agribot_ws/build/centerline_extraction', 'env': OrderedDict([('PYTHON_BASIC_REPL', '1'), ('LESSOPEN', '| /usr/bin/lesspipe %s'), ('HTTPS_PROXY', 'http://127.0.0.1:7898'), ('LANGUAGE', 'zh_CN:en_US:en'), ('USER', 'wheeltec'), ('SSH_CLIENT', '192.168.3.138 54171 22'), ('LC_TIME', 'zh_CN.UTF-8'), ('XDG_SESSION_TYPE', 'tty'), ('GIT_ASKPASS', '/home/wheeltec/.vscode-server/cli/servers/Stable-1b6a188127eeaf9194f945eb6eb89a657e93c54c/server/extensions/git/dist/askpass.sh'), ('SHLVL', '1'), ('LD_LIBRARY_PATH', '/usr/lib/aarch64-linux-gnu:/usr/lib/aarch64-linux-gnu:/home/wheeltec/agribot/agribot_ws/install/yesense_interface/lib:/home/wheeltec/agribot/agribot_ws/install/serial/lib:/home/wheeltec/agribot/agribot_ws/install/fast_lio/lib:/home/wheeltec/ws_livox/install/livox_sdk2/lib:/home/wheeltec/ws_livox/install/livox_ros_driver2/lib:/home/wheeltec/wheeltec_ros2/install/yesense_interface/lib:/home/wheeltec/wheeltec_ros2/install/wheeltec_rrt_msg/lib:/home/wheeltec/wheeltec_ros2/install/wheeltec_robot_rrt/lib:/home/wheeltec/wheeltec_ros2/install/turn_on_wheeltec_robot/lib:/home/wheeltec/wheeltec_ros2/install/wheeltec_robot_msg/lib:/home/wheeltec/wheeltec_ros2/install/wheeltec_mic_msg/lib:/home/wheeltec/wheeltec_ros2/install/usb_cam/lib:/home/wheeltec/wheeltec_ros2/install/ublox_gps/lib:/home/wheeltec/wheeltec_ros2/install/ublox_msgs/lib:/home/wheeltec/wheeltec_ros2/install/serial/lib:/home/wheeltec/wheeltec_ros2/install/orb_slam2_ros/lib:/home/wheeltec/wheeltec_ros2/install/openslam_gmapping/lib:/home/wheeltec/wheeltec_ros2/install/ollama_ros_msgs/lib:/home/wheeltec/wheeltec_ros2/install/nmea_msgs/lib:/home/wheeltec/wheeltec_ros2/install/nav2_smoother/lib:/home/wheeltec/wheeltec_ros2/install/nav2_controller/lib:/home/wheeltec/wheeltec_ros2/install/dwb_plugins/lib:/home/wheeltec/wheeltec_ros2/install/dwb_critics/lib:/home/wheeltec/wheeltec_ros2/install/dwb_core/lib:/home/wheeltec/wheeltec_ros2/install/nav_2d_utils/lib:/home/wheeltec/wheeltec_ros2/install/dwb_msgs/lib:/home/wheeltec/wheeltec_ros2/install/nav_2d_msgs/lib:/home/wheeltec/wheeltec_ros2/install/nav2_waypoint_follower/lib:/home/wheeltec/wheeltec_ros2/install/nav2_theta_star_planner/lib:/home/wheeltec/wheeltec_ros2/install/nav2_smac_planner/lib:/home/wheeltec/wheeltec_ros2/install/nav2_rotation_shim_controller/lib:/home/wheeltec/wheeltec_ros2/install/nav2_regulated_pure_pursuit_controller/lib:/home/wheeltec/wheeltec_ros2/install/nav2_planner/lib:/home/wheeltec/wheeltec_ros2/install/nav2_navfn_planner/lib:/home/wheeltec/wheeltec_ros2/install/nav2_constrained_smoother/lib:/home/wheeltec/wheeltec_ros2/install/nav2_bt_navigator/lib:/home/wheeltec/wheeltec_ros2/install/nav2_behaviors/lib:/home/wheeltec/wheeltec_ros2/install/nav2_collision_monitor/lib:/home/wheeltec/wheeltec_ros2/install/costmap_queue/lib:/home/wheeltec/wheeltec_ros2/install/nav2_costmap_2d/lib:/home/wheeltec/wheeltec_ros2/install/nav2_voxel_grid/lib:/home/wheeltec/wheeltec_ros2/install/nav2_velocity_smoother/lib:/home/wheeltec/wheeltec_ros2/install/nav2_rviz_plugins/lib:/home/wheeltec/wheeltec_ros2/install/nav2_map_server/lib:/home/wheeltec/wheeltec_ros2/install/nav2_lifecycle_manager/lib:/home/wheeltec/wheeltec_ros2/install/nav2_behavior_tree/lib:/home/wheeltec/wheeltec_ros2/install/nav2_amcl/lib:/home/wheeltec/wheeltec_ros2/install/nav2_util/lib:/home/wheeltec/wheeltec_ros2/install/nav2_msgs/lib:/home/wheeltec/wheeltec_ros2/install/lslidar_msgs/lib:/home/wheeltec/wheeltec_ros2/install/bodyreader_msg/lib:/home/wheeltec/wheeltec_ros2/install/astra_camera/lib:/home/wheeltec/wheeltec_ros2/install/astra_camera_msgs/lib:/home/wheeltec/wheeltec_ros2/install/aruco_ros/lib:/home/wheeltec/wheeltec_ros2/install/aruco_msgs/lib:/home/wheeltec/wheeltec_ros2/install/aruco/lib:/home/wheeltec/wheeltec_ros2/install/ackermann_msgs/lib:/opt/ros/humble/opt/rviz_ogre_vendor/lib:/opt/ros/humble/lib/aarch64-linux-gnu:/opt/ros/humble/lib'), ('BROWSER', '/home/wheeltec/.vscode-server/cli/servers/Stable-1b6a188127eeaf9194f945eb6eb89a657e93c54c/server/bin/helpers/browser.sh'), ('MOTD_SHOWN', 'pam'), ('HOME', '/home/wheeltec'), ('TERM_PROGRAM_VERSION', '1.130.0'), ('NO_PROXY', 'localhost,127.0.0.1'), ('VSCODE_IPC_HOOK_CLI', '/run/user/1000/vscode-ipc-e147ff09-6076-4442-a089-34d1472dd33c.sock'), ('JETSON_L4T', '36.4.7'), ('ROS_PYTHON_VERSION', '3'), ('JETSON_MODEL', 'NVIDIA Jetson Orin NX Engineering Reference Developer Kit'), ('VSCODE_GIT_ASKPASS_MAIN', '/home/wheeltec/.vscode-server/cli/servers/Stable-1b6a188127eeaf9194f945eb6eb89a657e93c54c/server/extensions/git/dist/askpass-main.js'), ('LC_MONETARY', 'zh_CN.UTF-8'), ('VSCODE_GIT_ASKPASS_NODE', '/home/wheeltec/.vscode-server/cli/servers/Stable-1b6a188127eeaf9194f945eb6eb89a657e93c54c/server/node'), ('PYDEVD_DISABLE_FILE_VALIDATION', '1'), ('BUNDLED_DEBUGPY_PATH', '/home/wheeltec/.vscode-server/extensions/ms-python.debugpy-2026.6.0-linux-arm64/bundled/libs/debugpy'), ('VSCODE_PYTHON_AUTOACTIVATE_GUARD', '1'), ('DBUS_SESSION_BUS_ADDRESS', 'unix:path=/run/user/1000/bus'), ('COLORTERM', 'truecolor'), ('COLCON_PREFIX_PATH', '/home/wheeltec/agribot/agribot_ws/install:/home/wheeltec/ws_livox/install:/home/wheeltec/wheeltec_ros2/install'), ('ROS_DISTRO', 'humble'), ('LOGNAME', 'wheeltec'), ('JETSON_MODULE', 'NVIDIA Jetson Orin NX (16GB ram)'), ('JETSON_SERIAL_NUMBER', '1422525044003'), ('_', '/usr/bin/colcon'), ('ROS_VERSION', '2'), ('PKG_CONFIG_PATH', ':/opt/opencv_410/lib/pkgconfig:/opt/opencv_410/lib/pkgconfig'), ('XDG_SESSION_CLASS', 'user'), ('TERM', 'xterm-256color'), ('XDG_SESSION_ID', '4'), ('ROS_LOCALHOST_ONLY', '0'), ('PATH', '/home/wheeltec/.vscode-server/data/User/globalStorage/github.copilot-chat/debugCommand:/home/wheeltec/.vscode-server/data/User/globalStorage/github.copilot-chat/copilotCli:/home/wheeltec/.vscode-server/cli/servers/Stable-1b6a188127eeaf9194f945eb6eb89a657e93c54c/server/bin/remote-cli:/opt/ros/humble/bin:/usr/local/sbin:/usr/local/bin:/usr/sbin:/usr/bin:/sbin:/bin:/usr/games:/usr/local/games:/snap/bin:/home/wheeltec/.vscode-server/extensions/ms-python.debugpy-2026.6.0-linux-arm64/bundled/scripts/noConfigScripts'), ('PAPERSIZE', 'a4'), ('LC_ADDRESS', 'zh_CN.UTF-8'), ('XDG_RUNTIME_DIR', '/run/user/1000'), ('VSCODE_DEBUGPY_ADAPTER_ENDPOINTS', '/home/wheeltec/.vscode-server/extensions/ms-python.debugpy-2026.6.0-linux-arm64/.noConfigDebugAdapterEndpoints/endpoint-372db71647015588.txt'), ('LANG', 'zh_CN.UTF-8'), ('PYTHONSTARTUP', '/home/wheeltec/.vscode-server/data/User/workspaceStorage/64f4472d1280cf46ce0f694c7f8ba4f6/ms-python.python/pythonrc.py'), ('LC_TELEPHONE', 'zh_CN.UTF-8'), ('LS_COLORS', 'rs=0:di=01;34:ln=01;36:mh=00:pi=40;33:so=01;35:do=01;35:bd=40;33;01:cd=40;33;01:or=40;31;01:mi=00:su=37;41:sg=30;43:ca=30;41:tw=30;42:ow=34;42:st=37;44:ex=01;32:*.tar=01;31:*.tgz=01;31:*.arc=01;31:*.arj=01;31:*.taz=01;31:*.lha=01;31:*.lz4=01;31:*.lzh=01;31:*.lzma=01;31:*.tlz=01;31:*.txz=01;31:*.tzo=01;31:*.t7z=01;31:*.zip=01;31:*.z=01;31:*.dz=01;31:*.gz=01;31:*.lrz=01;31:*.lz=01;31:*.lzo=01;31:*.xz=01;31:*.zst=01;31:*.tzst=01;31:*.bz2=01;31:*.bz=01;31:*.tbz=01;31:*.tbz2=01;31:*.tz=01;31:*.deb=01;31:*.rpm=01;31:*.jar=01;31:*.war=01;31:*.ear=01;31:*.sar=01;31:*.rar=01;31:*.alz=01;31:*.ace=01;31:*.zoo=01;31:*.cpio=01;31:*.7z=01;31:*.rz=01;31:*.cab=01;31:*.wim=01;31:*.swm=01;31:*.dwm=01;31:*.esd=01;31:*.jpg=01;35:*.jpeg=01;35:*.mjpg=01;35:*.mjpeg=01;35:*.gif=01;35:*.bmp=01;35:*.pbm=01;35:*.pgm=01;35:*.ppm=01;35:*.tga=01;35:*.xbm=01;35:*.xpm=01;35:*.tif=01;35:*.tiff=01;35:*.png=01;35:*.svg=01;35:*.svgz=01;35:*.mng=01;35:*.pcx=01;35:*.mov=01;35:*.mpg=01;35:*.mpeg=01;35:*.m2v=01;35:*.mkv=01;35:*.webm=01;35:*.webp=01;35:*.ogm=01;35:*.mp4=01;35:*.m4v=01;35:*.mp4v=01;35:*.vob=01;35:*.qt=01;35:*.nuv=01;35:*.wmv=01;35:*.asf=01;35:*.rm=01;35:*.rmvb=01;35:*.flc=01;35:*.avi=01;35:*.fli=01;35:*.flv=01;35:*.gl=01;35:*.dl=01;35:*.xcf=01;35:*.xwd=01;35:*.yuv=01;35:*.cgm=01;35:*.emf=01;35:*.ogv=01;35:*.ogx=01;35:*.aac=00;36:*.au=00;36:*.flac=00;36:*.m4a=00;36:*.mid=00;36:*.midi=00;36:*.mka=00;36:*.mp3=00;36:*.mpc=00;36:*.ogg=00;36:*.ra=00;36:*.wav=00;36:*.oga=00;36:*.opus=00;36:*.spx=00;36:*.xspf=00;36:'), ('JETSON_SOC', 'tegra234'), ('VSCODE_GIT_IPC_HANDLE', '/run/user/1000/vscode-git-ce713f1bb8.sock'), ('TERM_PROGRAM', 'vscode'), ('AMENT_PREFIX_PATH', '/home/wheeltec/agribot/agribot_ws/install/turn_on_agribot:/home/wheeltec/agribot/agribot_ws/install/turn_on_32chassis:/home/wheeltec/agribot/agribot_ws/install/yesense_std_ros2:/home/wheeltec/agribot/agribot_ws/install/yesense_interface:/home/wheeltec/agribot/agribot_ws/install/serial:/home/wheeltec/agribot/agribot_ws/install/fast_lio:/home/wheeltec/agribot/agribot_ws/install/centerline_extraction:/home/wheeltec/ws_livox/install/livox_ros_driver2:/home/wheeltec/wheeltec_ros2/install/yesense_std_ros2:/home/wheeltec/wheeltec_ros2/install/yesense_interface:/home/wheeltec/wheeltec_ros2/install/wheeltec_slam_toolbox:/home/wheeltec/wheeltec_ros2/install/wheeltec_rviz2:/home/wheeltec/wheeltec_ros2/install/wheeltec_rrt_msg:/home/wheeltec/wheeltec_ros2/install/wheeltec_robot_urdf:/home/wheeltec/wheeltec_ros2/install/wheeltec_robot_rtab:/home/wheeltec/wheeltec_ros2/install/wheeltec_robot_rrt:/home/wheeltec/wheeltec_ros2/install/simple_follower_ros2:/home/wheeltec/wheeltec_ros2/install/turn_on_wheeltec_robot:/home/wheeltec/wheeltec_ros2/install/wheeltec_robot_msg:/home/wheeltec/wheeltec_ros2/install/wheeltec_robot_keyboard:/home/wheeltec/wheeltec_ros2/install/wheeltec_robot_kcf:/home/wheeltec/wheeltec_ros2/install/wheeltec_path_follow:/home/wheeltec/wheeltec_ros2/install/wheeltec_nav2:/home/wheeltec/wheeltec_ros2/install/wheeltec_multi:/home/wheeltec/wheeltec_ros2/install/wheeltec_mic_ros2:/home/wheeltec/wheeltec_ros2/install/wheeltec_mic_msg:/home/wheeltec/wheeltec_ros2/install/wheeltec_joy:/home/wheeltec/wheeltec_ros2/install/wheeltec_gps_driver:/home/wheeltec/wheeltec_ros2/install/wheeltec_dual_rtk_driver:/home/wheeltec/wheeltec_ros2/install/wheeltec_cartographer:/home/wheeltec/wheeltec_ros2/install/wheeltec_aiui:/home/wheeltec/wheeltec_ros2/install/web_video_server:/home/wheeltec/wheeltec_ros2/install/usb_cam:/home/wheeltec/wheeltec_ros2/install/ultralytics_ros2:/home/wheeltec/wheeltec_ros2/install/ublox:/home/wheeltec/wheeltec_ros2/install/ublox_gps:/home/wheeltec/wheeltec_ros2/install/ublox_msgs:/home/wheeltec/wheeltec_ros2/install/ublox_serialization:/home/wheeltec/wheeltec_ros2/install/tts:/home/wheeltec/wheeltec_ros2/install/tf2_tools:/home/wheeltec/wheeltec_ros2/install/slam_gmapping:/home/wheeltec/wheeltec_ros2/install/bodyreader:/home/wheeltec/wheeltec_ros2/install/serial:/home/wheeltec/wheeltec_ros2/install/rplidar_ros:/home/wheeltec/wheeltec_ros2/install/orb_slam2_ros:/home/wheeltec/wheeltec_ros2/install/openslam_gmapping:/home/wheeltec/wheeltec_ros2/install/ollama_ros_chat:/home/wheeltec/wheeltec_ros2/install/ollama_ros_msgs:/home/wheeltec/wheeltec_ros2/install/nmea_navsat_driver:/home/wheeltec/wheeltec_ros2/install/nmea_msgs:/home/wheeltec/wheeltec_ros2/install/nav2_bringup:/home/wheeltec/wheeltec_ros2/install/navigation2:/home/wheeltec/wheeltec_ros2/install/nav2_smoother:/home/wheeltec/wheeltec_ros2/install/nav2_dwb_controller:/home/wheeltec/wheeltec_ros2/install/nav2_controller:/home/wheeltec/wheeltec_ros2/install/dwb_plugins:/home/wheeltec/wheeltec_ros2/install/dwb_critics:/home/wheeltec/wheeltec_ros2/install/dwb_core:/home/wheeltec/wheeltec_ros2/install/nav_2d_utils:/home/wheeltec/wheeltec_ros2/install/dwb_msgs:/home/wheeltec/wheeltec_ros2/install/nav_2d_msgs:/home/wheeltec/wheeltec_ros2/install/nav2_waypoint_follower:/home/wheeltec/wheeltec_ros2/install/nav2_waypoint_cycle:/home/wheeltec/wheeltec_ros2/install/nav2_theta_star_planner:/home/wheeltec/wheeltec_ros2/install/nav2_smac_planner:/home/wheeltec/wheeltec_ros2/install/nav2_rotation_shim_controller:/home/wheeltec/wheeltec_ros2/install/nav2_regulated_pure_pursuit_controller:/home/wheeltec/wheeltec_ros2/install/nav2_planner:/home/wheeltec/wheeltec_ros2/install/nav2_navfn_planner:/home/wheeltec/wheeltec_ros2/install/nav2_constrained_smoother:/home/wheeltec/wheeltec_ros2/install/nav2_bt_navigator:/home/wheeltec/wheeltec_ros2/install/nav2_behaviors:/home/wheeltec/wheeltec_ros2/install/nav2_core:/home/wheeltec/wheeltec_ros2/install/nav2_collision_monitor:/home/wheeltec/wheeltec_ros2/install/costmap_queue:/home/wheeltec/wheeltec_ros2/install/nav2_costmap_2d:/home/wheeltec/wheeltec_ros2/install/nav2_voxel_grid:/home/wheeltec/wheeltec_ros2/install/nav2_velocity_smoother:/home/wheeltec/wheeltec_ros2/install/nav2_rviz_plugins:/home/wheeltec/wheeltec_ros2/install/nav2_map_server:/home/wheeltec/wheeltec_ros2/install/nav2_lifecycle_manager:/home/wheeltec/wheeltec_ros2/install/nav2_behavior_tree:/home/wheeltec/wheeltec_ros2/install/nav2_amcl:/home/wheeltec/wheeltec_ros2/install/nav2_util:/home/wheeltec/wheeltec_ros2/install/nav2_simple_commander:/home/wheeltec/wheeltec_ros2/install/nav2_msgs:/home/wheeltec/wheeltec_ros2/install/nav2_common:/home/wheeltec/wheeltec_ros2/install/lslidar_driver:/home/wheeltec/wheeltec_ros2/install/lslidar_msgs:/home/wheeltec/wheeltec_ros2/install/ldlidar_stl_ros2:/home/wheeltec/wheeltec_ros2/install/ldlidar_sl_ros2:/home/wheeltec/wheeltec_ros2/install/ldlidar:/home/wheeltec/wheeltec_ros2/install/bodyreader_msg:/home/wheeltec/wheeltec_ros2/install/auto_recharge_ros2:/home/wheeltec/wheeltec_ros2/install/astra_camera:/home/wheeltec/wheeltec_ros2/install/astra_camera_msgs:/home/wheeltec/wheeltec_ros2/install/aruco_ros:/home/wheeltec/wheeltec_ros2/install/aruco_msgs:/home/wheeltec/wheeltec_ros2/install/aruco:/home/wheeltec/wheeltec_ros2/install/ackermann_msgs:/opt/ros/humble'), ('SHELL', '/bin/bash'), ('LC_NAME', 'zh_CN.UTF-8'), ('LESSCLOSE', '/usr/bin/lesspipe %s %s'), ('LC_MEASUREMENT', 'zh_CN.UTF-8'), ('LC_IDENTIFICATION', 'zh_CN.UTF-8'), ('VSCODE_GIT_ASKPASS_EXTRA_ARGS', ''), ('JETSON_CUDA_ARCH_BIN', '8.7'), ('PWD', '/home/wheeltec/agribot/agribot_ws/build/centerline_extraction'), ('LC_ALL', 'en_US.UTF-8'), ('COPILOT_DEBUG_NONCE', 'ffd0c90ef5f5f21efcb855a6670ca01a'), ('SSH_CONNECTION', '192.168.3.138 54171 192.168.3.195 22'), ('XDG_DATA_DIRS', '/usr/share/gnome:/usr/local/share:/usr/share:/var/lib/snapd/desktop'), ('PYTHONPATH', '/home/wheeltec/agribot/agribot_ws/install/yesense_interface/local/lib/python3.10/dist-packages:/home/wheeltec/agribot/agribot_ws/install/fast_lio/local/lib/python3.10/dist-packages:/home/wheeltec/ws_livox/install/livox_ros_driver2/local/lib/python3.10/dist-packages:/home/wheeltec/wheeltec_ros2/install/yesense_interface/local/lib/python3.10/dist-packages:/home/wheeltec/wheeltec_ros2/install/wheeltec_rrt_msg/local/lib/python3.10/dist-packages:/home/wheeltec/wheeltec_ros2/install/simple_follower_ros2/lib/python3.10/site-packages:/home/wheeltec/wheeltec_ros2/install/turn_on_wheeltec_robot/local/lib/python3.10/dist-packages:/home/wheeltec/wheeltec_ros2/install/wheeltec_robot_msg/local/lib/python3.10/dist-packages:/home/wheeltec/wheeltec_ros2/install/wheeltec_robot_keyboard/lib/python3.10/site-packages:/home/wheeltec/wheeltec_ros2/install/wheeltec_mic_msg/local/lib/python3.10/dist-packages:/home/wheeltec/wheeltec_ros2/install/wheeltec_dual_rtk_driver/lib/python3.10/site-packages:/home/wheeltec/wheeltec_ros2/install/ultralytics_ros2/lib/python3.10/site-packages:/home/wheeltec/wheeltec_ros2/install/ublox_msgs/local/lib/python3.10/dist-packages:/home/wheeltec/wheeltec_ros2/install/tf2_tools/lib/python3.10/site-packages:/home/wheeltec/wheeltec_ros2/install/orb_slam2_ros/local/lib/python3.10/dist-packages:/home/wheeltec/wheeltec_ros2/install/ollama_ros_chat/lib/python3.10/site-packages:/home/wheeltec/wheeltec_ros2/install/ollama_ros_msgs/local/lib/python3.10/dist-packages:/home/wheeltec/wheeltec_ros2/install/nmea_navsat_driver/lib/python3.10/site-packages:/home/wheeltec/wheeltec_ros2/install/nmea_msgs/local/lib/python3.10/dist-packages:/home/wheeltec/wheeltec_ros2/install/dwb_msgs/local/lib/python3.10/dist-packages:/home/wheeltec/wheeltec_ros2/install/nav_2d_msgs/local/lib/python3.10/dist-packages:/home/wheeltec/wheeltec_ros2/install/nav2_waypoint_cycle/lib/python3.10/site-packages:/home/wheeltec/wheeltec_ros2/install/nav2_simple_commander/lib/python3.10/site-packages:/home/wheeltec/wheeltec_ros2/install/nav2_msgs/local/lib/python3.10/dist-packages:/home/wheeltec/wheeltec_ros2/install/nav2_common/local/lib/python3.10/dist-packages:/home/wheeltec/wheeltec_ros2/install/lslidar_msgs/local/lib/python3.10/dist-packages:/home/wheeltec/wheeltec_ros2/install/bodyreader_msg/local/lib/python3.10/dist-packages:/home/wheeltec/wheeltec_ros2/install/auto_recharge_ros2/lib/python3.10/site-packages:/home/wheeltec/wheeltec_ros2/install/astra_camera_msgs/local/lib/python3.10/dist-packages:/home/wheeltec/wheeltec_ros2/install/aruco_msgs/local/lib/python3.10/dist-packages:/home/wheeltec/wheeltec_ros2/install/ackermann_msgs/local/lib/python3.10/dist-packages:/opt/ros/humble/lib/python3.10/site-packages:/opt/ros/humble/local/lib/python3.10/dist-packages'), ('HTTP_PROXY', 'http://127.0.0.1:7898'), ('LC_NUMERIC', 'zh_CN.UTF-8'), ('LC_PAPER', 'zh_CN.UTF-8'), ('COLCON', '1'), ('JETSON_JETPACK', ''), ('CMAKE_PREFIX_PATH', '/home/wheeltec/agribot/agribot_ws/install/turn_on_agribot:/home/wheeltec/agribot/agribot_ws/install/turn_on_32chassis:/home/wheeltec/agribot/agribot_ws/install/yesense_std_ros2:/home/wheeltec/agribot/agribot_ws/install/yesense_interface:/home/wheeltec/agribot/agribot_ws/install/serial:/home/wheeltec/agribot/agribot_ws/install/fast_lio:/home/wheeltec/agribot/agribot_ws/install/centerline_extraction:/home/wheeltec/ws_livox/install/livox_ros_driver2:/home/wheeltec/wheeltec_ros2/install/yesense_std_ros2:/home/wheeltec/wheeltec_ros2/install/yesense_interface:/home/wheeltec/wheeltec_ros2/install/wheeltec_slam_toolbox:/home/wheeltec/wheeltec_ros2/install/wheeltec_rviz2:/home/wheeltec/wheeltec_ros2/install/wheeltec_rrt_msg:/home/wheeltec/wheeltec_ros2/install/wheeltec_robot_urdf:/home/wheeltec/wheeltec_ros2/install/wheeltec_robot_rtab:/home/wheeltec/wheeltec_ros2/install/wheeltec_robot_rrt:/home/wheeltec/wheeltec_ros2/install/turn_on_wheeltec_robot:/home/wheeltec/wheeltec_ros2/install/wheeltec_robot_msg:/home/wheeltec/wheeltec_ros2/install/wheeltec_robot_kcf:/home/wheeltec/wheeltec_ros2/install/wheeltec_path_follow:/home/wheeltec/wheeltec_ros2/install/wheeltec_nav2:/home/wheeltec/wheeltec_ros2/install/wheeltec_multi:/home/wheeltec/wheeltec_ros2/install/wheeltec_mic_ros2:/home/wheeltec/wheeltec_ros2/install/wheeltec_mic_msg:/home/wheeltec/wheeltec_ros2/install/wheeltec_joy:/home/wheeltec/wheeltec_ros2/install/wheeltec_gps_driver:/home/wheeltec/wheeltec_ros2/install/wheeltec_cartographer:/home/wheeltec/wheeltec_ros2/install/wheeltec_aiui:/home/wheeltec/wheeltec_ros2/install/web_video_server:/home/wheeltec/wheeltec_ros2/install/usb_cam:/home/wheeltec/wheeltec_ros2/install/ublox:/home/wheeltec/wheeltec_ros2/install/ublox_gps:/home/wheeltec/wheeltec_ros2/install/ublox_msgs:/home/wheeltec/wheeltec_ros2/install/ublox_serialization:/home/wheeltec/wheeltec_ros2/install/tts:/home/wheeltec/wheeltec_ros2/install/slam_gmapping:/home/wheeltec/wheeltec_ros2/install/bodyreader:/home/wheeltec/wheeltec_ros2/install/serial:/home/wheeltec/wheeltec_ros2/install/rplidar_ros:/home/wheeltec/wheeltec_ros2/install/orb_slam2_ros:/home/wheeltec/wheeltec_ros2/install/openslam_gmapping:/home/wheeltec/wheeltec_ros2/install/ollama_ros_msgs:/home/wheeltec/wheeltec_ros2/install/nmea_msgs:/home/wheeltec/wheeltec_ros2/install/nav2_bringup:/home/wheeltec/wheeltec_ros2/install/navigation2:/home/wheeltec/wheeltec_ros2/install/nav2_smoother:/home/wheeltec/wheeltec_ros2/install/nav2_dwb_controller:/home/wheeltec/wheeltec_ros2/install/nav2_controller:/home/wheeltec/wheeltec_ros2/install/dwb_plugins:/home/wheeltec/wheeltec_ros2/install/dwb_critics:/home/wheeltec/wheeltec_ros2/install/dwb_core:/home/wheeltec/wheeltec_ros2/install/nav_2d_utils:/home/wheeltec/wheeltec_ros2/install/dwb_msgs:/home/wheeltec/wheeltec_ros2/install/nav_2d_msgs:/home/wheeltec/wheeltec_ros2/install/nav2_waypoint_follower:/home/wheeltec/wheeltec_ros2/install/nav2_theta_star_planner:/home/wheeltec/wheeltec_ros2/install/nav2_smac_planner:/home/wheeltec/wheeltec_ros2/install/nav2_rotation_shim_controller:/home/wheeltec/wheeltec_ros2/install/nav2_regulated_pure_pursuit_controller:/home/wheeltec/wheeltec_ros2/install/nav2_planner:/home/wheeltec/wheeltec_ros2/install/nav2_navfn_planner:/home/wheeltec/wheeltec_ros2/install/nav2_constrained_smoother:/home/wheeltec/wheeltec_ros2/install/nav2_bt_navigator:/home/wheeltec/wheeltec_ros2/install/nav2_behaviors:/home/wheeltec/wheeltec_ros2/install/nav2_core:/home/wheeltec/wheeltec_ros2/install/nav2_collision_monitor:/home/wheeltec/wheeltec_ros2/install/costmap_queue:/home/wheeltec/wheeltec_ros2/install/nav2_costmap_2d:/home/wheeltec/wheeltec_ros2/install/nav2_voxel_grid:/home/wheeltec/wheeltec_ros2/install/nav2_velocity_smoother:/home/wheeltec/wheeltec_ros2/install/nav2_rviz_plugins:/home/wheeltec/wheeltec_ros2/install/nav2_map_server:/home/wheeltec/wheeltec_ros2/install/nav2_lifecycle_manager:/home/wheeltec/wheeltec_ros2/install/nav2_behavior_tree:/home/wheeltec/wheeltec_ros2/install/nav2_amcl:/home/wheeltec/wheeltec_ros2/install/nav2_util:/home/wheeltec/wheeltec_ros2/install/nav2_msgs:/home/wheeltec/wheeltec_ros2/install/nav2_common:/home/wheeltec/wheeltec_ros2/install/lslidar_driver:/home/wheeltec/wheeltec_ros2/install/lslidar_msgs:/home/wheeltec/wheeltec_ros2/install/ldlidar_stl_ros2:/home/wheeltec/wheeltec_ros2/install/ldlidar_sl_ros2:/home/wheeltec/wheeltec_ros2/install/ldlidar:/home/wheeltec/wheeltec_ros2/install/bodyreader_msg:/home/wheeltec/wheeltec_ros2/install/astra_camera:/home/wheeltec/wheeltec_ros2/install/astra_camera_msgs:/home/wheeltec/wheeltec_ros2/install/aruco_ros:/home/wheeltec/wheeltec_ros2/install/aruco_msgs:/home/wheeltec/wheeltec_ros2/install/aruco:/home/wheeltec/wheeltec_ros2/install/ackermann_msgs:/home/wheeltec/wheeltec_ros2/install/simple_follower_ros2:/home/wheeltec/wheeltec_ros2/install/wheeltec_robot_keyboard:/home/wheeltec/wheeltec_ros2/install/wheeltec_dual_rtk_driver:/home/wheeltec/wheeltec_ros2/install/ultralytics_ros2:/home/wheeltec/wheeltec_ros2/install/tf2_tools:/home/wheeltec/wheeltec_ros2/install/ollama_ros_chat:/home/wheeltec/wheeltec_ros2/install/nmea_navsat_driver:/home/wheeltec/wheeltec_ros2/install/nav2_waypoint_cycle:/home/wheeltec/wheeltec_ros2/install/nav2_simple_commander:/home/wheeltec/wheeltec_ros2/install/auto_recharge_ros2:/opt/ros/humble'), ('JETSON_P_NUMBER', 'p3767-0000')]), 'shell': False}
[65.658188] (centerline_extraction) StdoutLine: {'line': b'-- Install configuration: ""\n'}
[65.659017] (centerline_extraction) StdoutLine: {'line': b'-- Execute custom install script\n'}
[65.659755] (centerline_extraction) StdoutLine: {'line': b'-- Up-to-date symlink: /home/wheeltec/agribot/agribot_ws/install/centerline_extraction/lib/centerline_extraction/cornfield_navigation_node\n'}
[65.660174] (centerline_extraction) StdoutLine: {'line': b'-- Up-to-date symlink: /home/wheeltec/agribot/agribot_ws/install/centerline_extraction/lib/centerline_extraction/corn_row_detector_projection\n'}
[65.660693] (centerline_extraction) StdoutLine: {'line': b'-- Up-to-date symlink: /home/wheeltec/agribot/agribot_ws/install/centerline_extraction/lib/centerline_extraction/test_path_publisher\n'}
[65.660904] (centerline_extraction) StdoutLine: {'line': b'-- Up-to-date symlink: /home/wheeltec/agribot/agribot_ws/install/centerline_extraction/lib/centerline_extraction/pid_tracking_evaluator.py\n'}
[65.661856] (centerline_extraction) StdoutLine: {'line': b'-- Up-to-date symlink: /home/wheeltec/agribot/agribot_ws/install/centerline_extraction/include//include/centerline_extraction/corn_row_detector_projection.hpp\n'}
[65.662123] (centerline_extraction) StdoutLine: {'line': b'-- Up-to-date symlink: /home/wheeltec/agribot/agribot_ws/install/centerline_extraction/include//include/centerline_extraction/obstacle_detector.hpp\n'}
[65.662375] (centerline_extraction) StdoutLine: {'line': b'-- Up-to-date symlink: /home/wheeltec/agribot/agribot_ws/install/centerline_extraction/include//include/centerline_extraction/pid_controller.hpp\n'}
[65.662545] (centerline_extraction) StdoutLine: {'line': b'-- Up-to-date symlink: /home/wheeltec/agribot/agribot_ws/install/centerline_extraction/include//include/centerline_extraction/pure_pursuit_controller.hpp\n'}
[65.663032] (centerline_extraction) StdoutLine: {'line': b'-- Up-to-date symlink: /home/wheeltec/agribot/agribot_ws/install/centerline_extraction/share/centerline_extraction/launch/pid_path_test.launch.py\n'}
[65.663288] (centerline_extraction) StdoutLine: {'line': b'-- Up-to-date symlink: /home/wheeltec/agribot/agribot_ws/install/centerline_extraction/share/centerline_extraction/config/pid_path_test.yaml\n'}
[65.663569] (centerline_extraction) StdoutLine: {'line': b'-- Up-to-date symlink: /home/wheeltec/agribot/agribot_ws/install/centerline_extraction/share/ament_index/resource_index/package_run_dependencies/centerline_extraction\n'}
[65.663920] (centerline_extraction) StdoutLine: {'line': b'-- Up-to-date symlink: /home/wheeltec/agribot/agribot_ws/install/centerline_extraction/share/ament_index/resource_index/parent_prefix_path/centerline_extraction\n'}
[65.664321] (centerline_extraction) StdoutLine: {'line': b'-- Up-to-date symlink: /home/wheeltec/agribot/agribot_ws/install/centerline_extraction/share/centerline_extraction/environment/ament_prefix_path.sh\n'}
[65.664600] (centerline_extraction) StdoutLine: {'line': b'-- Up-to-date symlink: /home/wheeltec/agribot/agribot_ws/install/centerline_extraction/share/centerline_extraction/environment/ament_prefix_path.dsv\n'}
[65.664937] (centerline_extraction) StdoutLine: {'line': b'-- Up-to-date symlink: /home/wheeltec/agribot/agribot_ws/install/centerline_extraction/share/centerline_extraction/environment/path.sh\n'}
[65.665759] (centerline_extraction) StdoutLine: {'line': b'-- Up-to-date symlink: /home/wheeltec/agribot/agribot_ws/install/centerline_extraction/share/centerline_extraction/environment/path.dsv\n'}
[65.666827] (centerline_extraction) StdoutLine: {'line': b'-- Up-to-date symlink: /home/wheeltec/agribot/agribot_ws/install/centerline_extraction/share/centerline_extraction/local_setup.bash\n'}
[65.667624] (centerline_extraction) StdoutLine: {'line': b'-- Up-to-date symlink: /home/wheeltec/agribot/agribot_ws/install/centerline_extraction/share/centerline_extraction/local_setup.sh\n'}
[65.668131] (centerline_extraction) StdoutLine: {'line': b'-- Up-to-date symlink: /home/wheeltec/agribot/agribot_ws/install/centerline_extraction/share/centerline_extraction/local_setup.zsh\n'}
[65.668463] (centerline_extraction) StdoutLine: {'line': b'-- Up-to-date symlink: /home/wheeltec/agribot/agribot_ws/install/centerline_extraction/share/centerline_extraction/local_setup.dsv\n'}
[65.668635] (centerline_extraction) StdoutLine: {'line': b'-- Symlinking: /home/wheeltec/agribot/agribot_ws/install/centerline_extraction/share/centerline_extraction/package.dsv\n'}
[65.691364] (centerline_extraction) StdoutLine: {'line': b'-- Up-to-date symlink: /home/wheeltec/agribot/agribot_ws/install/centerline_extraction/share/ament_index/resource_index/packages/centerline_extraction\n'}
[65.692086] (centerline_extraction) StdoutLine: {'line': b'-- Up-to-date symlink: /home/wheeltec/agribot/agribot_ws/install/centerline_extraction/share/centerline_extraction/cmake/centerline_extractionConfig.cmake\n'}
[65.692790] (centerline_extraction) StdoutLine: {'line': b'-- Up-to-date symlink: /home/wheeltec/agribot/agribot_ws/install/centerline_extraction/share/centerline_extraction/cmake/centerline_extractionConfig-version.cmake\n'}
[65.693080] (centerline_extraction) StdoutLine: {'line': b'-- Up-to-date symlink: /home/wheeltec/agribot/agribot_ws/install/centerline_extraction/share/centerline_extraction/package.xml\n'}
[65.694839] (-) TimerEvent: {}
[65.698412] (centerline_extraction) CommandEnded: {'returncode': 0}
[65.747645] (centerline_extraction) JobEnded: {'identifier': 'centerline_extraction', 'rc': 0}
[65.750441] (-) EventReactorShutdown: {}
