[0.690s] DEBUG:colcon:Command line arguments: ['/usr/bin/colcon', 'build', '--packages-select', 'centerline_extraction', '--symlink-install']
[0.690s] DEBUG:colcon:Parsed command line arguments: Namespace(log_base=None, log_level=None, verb_name='build', build_base='build', install_base='install', merge_install=False, symlink_install=True, test_result_base=None, continue_on_error=False, executor='parallel', parallel_workers=8, event_handlers=None, ignore_user_meta=False, metas=['./colcon.meta'], base_paths=['.'], packages_ignore=None, packages_ignore_regex=None, paths=None, packages_up_to=None, packages_up_to_regex=None, packages_above=None, packages_above_and_dependencies=None, packages_above_depth=None, packages_select_by_dep=None, packages_skip_by_dep=None, packages_skip_up_to=None, packages_select_build_failed=False, packages_skip_build_finished=False, packages_select_test_failures=False, packages_skip_test_passed=False, packages_select=['centerline_extraction'], packages_skip=None, packages_select_regex=None, packages_skip_regex=None, packages_start=None, packages_end=None, allow_overriding=[], cmake_args=None, cmake_target=None, cmake_target_skip_unavailable=False, cmake_clean_cache=False, cmake_clean_first=False, cmake_force_configure=False, ament_cmake_args=None, catkin_cmake_args=None, catkin_skip_building_tests=False, verb_parser=<colcon_defaults.argument_parser.defaults.DefaultArgumentsDecorator object at 0xffff99a41fc0>, verb_extension=<colcon_core.verb.build.BuildVerb object at 0xffff99a41a50>, main=<bound method BuildVerb.main of <colcon_core.verb.build.BuildVerb object at 0xffff99a41a50>>)
[1.426s] Level 1:colcon.colcon_core.package_discovery:discover_packages(colcon_meta) check parameters
[1.426s] Level 1:colcon.colcon_core.package_discovery:discover_packages(recursive) check parameters
[1.426s] Level 1:colcon.colcon_core.package_discovery:discover_packages(ignore) check parameters
[1.426s] Level 1:colcon.colcon_core.package_discovery:discover_packages(path) check parameters
[1.426s] Level 1:colcon.colcon_core.package_discovery:discover_packages(colcon_meta) discover
[1.426s] Level 1:colcon.colcon_core.package_discovery:discover_packages(recursive) discover
[1.427s] INFO:colcon.colcon_core.package_discovery:Crawling recursively for packages in '/home/wheeltec/agribot/agribot_ws'
[1.427s] Level 1:colcon.colcon_core.package_identification:_identify(.) by extensions ['ignore', 'ignore_ament_install']
[1.427s] Level 1:colcon.colcon_core.package_identification:_identify(.) by extension 'ignore'
[1.427s] Level 1:colcon.colcon_core.package_identification:_identify(.) by extension 'ignore_ament_install'
[1.427s] Level 1:colcon.colcon_core.package_identification:_identify(.) by extensions ['colcon_pkg']
[1.428s] Level 1:colcon.colcon_core.package_identification:_identify(.) by extension 'colcon_pkg'
[1.428s] Level 1:colcon.colcon_core.package_identification:_identify(.) by extensions ['colcon_meta']
[1.428s] Level 1:colcon.colcon_core.package_identification:_identify(.) by extension 'colcon_meta'
[1.428s] Level 1:colcon.colcon_core.package_identification:_identify(.) by extensions ['ros']
[1.428s] Level 1:colcon.colcon_core.package_identification:_identify(.) by extension 'ros'
[1.464s] Level 1:colcon.colcon_core.package_identification:_identify(.) by extensions ['cmake', 'python']
[1.465s] Level 1:colcon.colcon_core.package_identification:_identify(.) by extension 'cmake'
[1.465s] Level 1:colcon.colcon_core.package_identification:_identify(.) by extension 'python'
[1.465s] Level 1:colcon.colcon_core.package_identification:_identify(.) by extensions ['python_setup_py']
[1.465s] Level 1:colcon.colcon_core.package_identification:_identify(.) by extension 'python_setup_py'
[1.465s] Level 1:colcon.colcon_core.package_identification:_identify(build) by extensions ['ignore', 'ignore_ament_install']
[1.466s] Level 1:colcon.colcon_core.package_identification:_identify(build) by extension 'ignore'
[1.466s] Level 1:colcon.colcon_core.package_identification:_identify(build) ignored
[1.466s] Level 1:colcon.colcon_core.package_identification:_identify(docs) by extensions ['ignore', 'ignore_ament_install']
[1.466s] Level 1:colcon.colcon_core.package_identification:_identify(docs) by extension 'ignore'
[1.466s] Level 1:colcon.colcon_core.package_identification:_identify(docs) by extension 'ignore_ament_install'
[1.467s] Level 1:colcon.colcon_core.package_identification:_identify(docs) by extensions ['colcon_pkg']
[1.467s] Level 1:colcon.colcon_core.package_identification:_identify(docs) by extension 'colcon_pkg'
[1.467s] Level 1:colcon.colcon_core.package_identification:_identify(docs) by extensions ['colcon_meta']
[1.467s] Level 1:colcon.colcon_core.package_identification:_identify(docs) by extension 'colcon_meta'
[1.467s] Level 1:colcon.colcon_core.package_identification:_identify(docs) by extensions ['ros']
[1.467s] Level 1:colcon.colcon_core.package_identification:_identify(docs) by extension 'ros'
[1.468s] Level 1:colcon.colcon_core.package_identification:_identify(docs) by extensions ['cmake', 'python']
[1.468s] Level 1:colcon.colcon_core.package_identification:_identify(docs) by extension 'cmake'
[1.468s] Level 1:colcon.colcon_core.package_identification:_identify(docs) by extension 'python'
[1.468s] Level 1:colcon.colcon_core.package_identification:_identify(docs) by extensions ['python_setup_py']
[1.468s] Level 1:colcon.colcon_core.package_identification:_identify(docs) by extension 'python_setup_py'
[1.468s] Level 1:colcon.colcon_core.package_identification:_identify(docs/experiments) by extensions ['ignore', 'ignore_ament_install']
[1.469s] Level 1:colcon.colcon_core.package_identification:_identify(docs/experiments) by extension 'ignore'
[1.469s] Level 1:colcon.colcon_core.package_identification:_identify(docs/experiments) by extension 'ignore_ament_install'
[1.469s] Level 1:colcon.colcon_core.package_identification:_identify(docs/experiments) by extensions ['colcon_pkg']
[1.469s] Level 1:colcon.colcon_core.package_identification:_identify(docs/experiments) by extension 'colcon_pkg'
[1.469s] Level 1:colcon.colcon_core.package_identification:_identify(docs/experiments) by extensions ['colcon_meta']
[1.469s] Level 1:colcon.colcon_core.package_identification:_identify(docs/experiments) by extension 'colcon_meta'
[1.469s] Level 1:colcon.colcon_core.package_identification:_identify(docs/experiments) by extensions ['ros']
[1.469s] Level 1:colcon.colcon_core.package_identification:_identify(docs/experiments) by extension 'ros'
[1.469s] Level 1:colcon.colcon_core.package_identification:_identify(docs/experiments) by extensions ['cmake', 'python']
[1.470s] Level 1:colcon.colcon_core.package_identification:_identify(docs/experiments) by extension 'cmake'
[1.470s] Level 1:colcon.colcon_core.package_identification:_identify(docs/experiments) by extension 'python'
[1.470s] Level 1:colcon.colcon_core.package_identification:_identify(docs/experiments) by extensions ['python_setup_py']
[1.470s] Level 1:colcon.colcon_core.package_identification:_identify(docs/experiments) by extension 'python_setup_py'
[1.470s] Level 1:colcon.colcon_core.package_identification:_identify(docs/experiments/figures) by extensions ['ignore', 'ignore_ament_install']
[1.470s] Level 1:colcon.colcon_core.package_identification:_identify(docs/experiments/figures) by extension 'ignore'
[1.470s] Level 1:colcon.colcon_core.package_identification:_identify(docs/experiments/figures) by extension 'ignore_ament_install'
[1.471s] Level 1:colcon.colcon_core.package_identification:_identify(docs/experiments/figures) by extensions ['colcon_pkg']
[1.471s] Level 1:colcon.colcon_core.package_identification:_identify(docs/experiments/figures) by extension 'colcon_pkg'
[1.471s] Level 1:colcon.colcon_core.package_identification:_identify(docs/experiments/figures) by extensions ['colcon_meta']
[1.471s] Level 1:colcon.colcon_core.package_identification:_identify(docs/experiments/figures) by extension 'colcon_meta'
[1.471s] Level 1:colcon.colcon_core.package_identification:_identify(docs/experiments/figures) by extensions ['ros']
[1.471s] Level 1:colcon.colcon_core.package_identification:_identify(docs/experiments/figures) by extension 'ros'
[1.471s] Level 1:colcon.colcon_core.package_identification:_identify(docs/experiments/figures) by extensions ['cmake', 'python']
[1.471s] Level 1:colcon.colcon_core.package_identification:_identify(docs/experiments/figures) by extension 'cmake'
[1.471s] Level 1:colcon.colcon_core.package_identification:_identify(docs/experiments/figures) by extension 'python'
[1.472s] Level 1:colcon.colcon_core.package_identification:_identify(docs/experiments/figures) by extensions ['python_setup_py']
[1.472s] Level 1:colcon.colcon_core.package_identification:_identify(docs/experiments/figures) by extension 'python_setup_py'
[1.472s] Level 1:colcon.colcon_core.package_identification:_identify(field_trial_results) by extensions ['ignore', 'ignore_ament_install']
[1.472s] Level 1:colcon.colcon_core.package_identification:_identify(field_trial_results) by extension 'ignore'
[1.472s] Level 1:colcon.colcon_core.package_identification:_identify(field_trial_results) by extension 'ignore_ament_install'
[1.472s] Level 1:colcon.colcon_core.package_identification:_identify(field_trial_results) by extensions ['colcon_pkg']
[1.472s] Level 1:colcon.colcon_core.package_identification:_identify(field_trial_results) by extension 'colcon_pkg'
[1.473s] Level 1:colcon.colcon_core.package_identification:_identify(field_trial_results) by extensions ['colcon_meta']
[1.473s] Level 1:colcon.colcon_core.package_identification:_identify(field_trial_results) by extension 'colcon_meta'
[1.473s] Level 1:colcon.colcon_core.package_identification:_identify(field_trial_results) by extensions ['ros']
[1.473s] Level 1:colcon.colcon_core.package_identification:_identify(field_trial_results) by extension 'ros'
[1.473s] Level 1:colcon.colcon_core.package_identification:_identify(field_trial_results) by extensions ['cmake', 'python']
[1.473s] Level 1:colcon.colcon_core.package_identification:_identify(field_trial_results) by extension 'cmake'
[1.473s] Level 1:colcon.colcon_core.package_identification:_identify(field_trial_results) by extension 'python'
[1.473s] Level 1:colcon.colcon_core.package_identification:_identify(field_trial_results) by extensions ['python_setup_py']
[1.473s] Level 1:colcon.colcon_core.package_identification:_identify(field_trial_results) by extension 'python_setup_py'
[1.474s] Level 1:colcon.colcon_core.package_identification:_identify(field_trial_results/20260726_151045_complex_qaware_v010_r1) by extensions ['ignore', 'ignore_ament_install']
[1.474s] Level 1:colcon.colcon_core.package_identification:_identify(field_trial_results/20260726_151045_complex_qaware_v010_r1) by extension 'ignore'
[1.474s] Level 1:colcon.colcon_core.package_identification:_identify(field_trial_results/20260726_151045_complex_qaware_v010_r1) by extension 'ignore_ament_install'
[1.474s] Level 1:colcon.colcon_core.package_identification:_identify(field_trial_results/20260726_151045_complex_qaware_v010_r1) by extensions ['colcon_pkg']
[1.474s] Level 1:colcon.colcon_core.package_identification:_identify(field_trial_results/20260726_151045_complex_qaware_v010_r1) by extension 'colcon_pkg'
[1.474s] Level 1:colcon.colcon_core.package_identification:_identify(field_trial_results/20260726_151045_complex_qaware_v010_r1) by extensions ['colcon_meta']
[1.474s] Level 1:colcon.colcon_core.package_identification:_identify(field_trial_results/20260726_151045_complex_qaware_v010_r1) by extension 'colcon_meta'
[1.475s] Level 1:colcon.colcon_core.package_identification:_identify(field_trial_results/20260726_151045_complex_qaware_v010_r1) by extensions ['ros']
[1.475s] Level 1:colcon.colcon_core.package_identification:_identify(field_trial_results/20260726_151045_complex_qaware_v010_r1) by extension 'ros'
[1.475s] Level 1:colcon.colcon_core.package_identification:_identify(field_trial_results/20260726_151045_complex_qaware_v010_r1) by extensions ['cmake', 'python']
[1.475s] Level 1:colcon.colcon_core.package_identification:_identify(field_trial_results/20260726_151045_complex_qaware_v010_r1) by extension 'cmake'
[1.475s] Level 1:colcon.colcon_core.package_identification:_identify(field_trial_results/20260726_151045_complex_qaware_v010_r1) by extension 'python'
[1.475s] Level 1:colcon.colcon_core.package_identification:_identify(field_trial_results/20260726_151045_complex_qaware_v010_r1) by extensions ['python_setup_py']
[1.475s] Level 1:colcon.colcon_core.package_identification:_identify(field_trial_results/20260726_151045_complex_qaware_v010_r1) by extension 'python_setup_py'
[1.475s] Level 1:colcon.colcon_core.package_identification:_identify(field_trial_results/20260726_151647_complex_qaware_v018_r1) by extensions ['ignore', 'ignore_ament_install']
[1.476s] Level 1:colcon.colcon_core.package_identification:_identify(field_trial_results/20260726_151647_complex_qaware_v018_r1) by extension 'ignore'
[1.476s] Level 1:colcon.colcon_core.package_identification:_identify(field_trial_results/20260726_151647_complex_qaware_v018_r1) by extension 'ignore_ament_install'
[1.476s] Level 1:colcon.colcon_core.package_identification:_identify(field_trial_results/20260726_151647_complex_qaware_v018_r1) by extensions ['colcon_pkg']
[1.476s] Level 1:colcon.colcon_core.package_identification:_identify(field_trial_results/20260726_151647_complex_qaware_v018_r1) by extension 'colcon_pkg'
[1.476s] Level 1:colcon.colcon_core.package_identification:_identify(field_trial_results/20260726_151647_complex_qaware_v018_r1) by extensions ['colcon_meta']
[1.476s] Level 1:colcon.colcon_core.package_identification:_identify(field_trial_results/20260726_151647_complex_qaware_v018_r1) by extension 'colcon_meta'
[1.476s] Level 1:colcon.colcon_core.package_identification:_identify(field_trial_results/20260726_151647_complex_qaware_v018_r1) by extensions ['ros']
[1.476s] Level 1:colcon.colcon_core.package_identification:_identify(field_trial_results/20260726_151647_complex_qaware_v018_r1) by extension 'ros'
[1.477s] Level 1:colcon.colcon_core.package_identification:_identify(field_trial_results/20260726_151647_complex_qaware_v018_r1) by extensions ['cmake', 'python']
[1.477s] Level 1:colcon.colcon_core.package_identification:_identify(field_trial_results/20260726_151647_complex_qaware_v018_r1) by extension 'cmake'
[1.477s] Level 1:colcon.colcon_core.package_identification:_identify(field_trial_results/20260726_151647_complex_qaware_v018_r1) by extension 'python'
[1.477s] Level 1:colcon.colcon_core.package_identification:_identify(field_trial_results/20260726_151647_complex_qaware_v018_r1) by extensions ['python_setup_py']
[1.477s] Level 1:colcon.colcon_core.package_identification:_identify(field_trial_results/20260726_151647_complex_qaware_v018_r1) by extension 'python_setup_py'
[1.477s] Level 1:colcon.colcon_core.package_identification:_identify(field_trial_results/20260726_152216_complex_qaware_v018_r2) by extensions ['ignore', 'ignore_ament_install']
[1.477s] Level 1:colcon.colcon_core.package_identification:_identify(field_trial_results/20260726_152216_complex_qaware_v018_r2) by extension 'ignore'
[1.478s] Level 1:colcon.colcon_core.package_identification:_identify(field_trial_results/20260726_152216_complex_qaware_v018_r2) by extension 'ignore_ament_install'
[1.478s] Level 1:colcon.colcon_core.package_identification:_identify(field_trial_results/20260726_152216_complex_qaware_v018_r2) by extensions ['colcon_pkg']
[1.478s] Level 1:colcon.colcon_core.package_identification:_identify(field_trial_results/20260726_152216_complex_qaware_v018_r2) by extension 'colcon_pkg'
[1.478s] Level 1:colcon.colcon_core.package_identification:_identify(field_trial_results/20260726_152216_complex_qaware_v018_r2) by extensions ['colcon_meta']
[1.478s] Level 1:colcon.colcon_core.package_identification:_identify(field_trial_results/20260726_152216_complex_qaware_v018_r2) by extension 'colcon_meta'
[1.478s] Level 1:colcon.colcon_core.package_identification:_identify(field_trial_results/20260726_152216_complex_qaware_v018_r2) by extensions ['ros']
[1.478s] Level 1:colcon.colcon_core.package_identification:_identify(field_trial_results/20260726_152216_complex_qaware_v018_r2) by extension 'ros'
[1.478s] Level 1:colcon.colcon_core.package_identification:_identify(field_trial_results/20260726_152216_complex_qaware_v018_r2) by extensions ['cmake', 'python']
[1.479s] Level 1:colcon.colcon_core.package_identification:_identify(field_trial_results/20260726_152216_complex_qaware_v018_r2) by extension 'cmake'
[1.479s] Level 1:colcon.colcon_core.package_identification:_identify(field_trial_results/20260726_152216_complex_qaware_v018_r2) by extension 'python'
[1.479s] Level 1:colcon.colcon_core.package_identification:_identify(field_trial_results/20260726_152216_complex_qaware_v018_r2) by extensions ['python_setup_py']
[1.479s] Level 1:colcon.colcon_core.package_identification:_identify(field_trial_results/20260726_152216_complex_qaware_v018_r2) by extension 'python_setup_py'
[1.479s] Level 1:colcon.colcon_core.package_identification:_identify(field_trial_results/20260726_152358_complex_qaware_v018_r3) by extensions ['ignore', 'ignore_ament_install']
[1.479s] Level 1:colcon.colcon_core.package_identification:_identify(field_trial_results/20260726_152358_complex_qaware_v018_r3) by extension 'ignore'
[1.479s] Level 1:colcon.colcon_core.package_identification:_identify(field_trial_results/20260726_152358_complex_qaware_v018_r3) by extension 'ignore_ament_install'
[1.479s] Level 1:colcon.colcon_core.package_identification:_identify(field_trial_results/20260726_152358_complex_qaware_v018_r3) by extensions ['colcon_pkg']
[1.480s] Level 1:colcon.colcon_core.package_identification:_identify(field_trial_results/20260726_152358_complex_qaware_v018_r3) by extension 'colcon_pkg'
[1.480s] Level 1:colcon.colcon_core.package_identification:_identify(field_trial_results/20260726_152358_complex_qaware_v018_r3) by extensions ['colcon_meta']
[1.480s] Level 1:colcon.colcon_core.package_identification:_identify(field_trial_results/20260726_152358_complex_qaware_v018_r3) by extension 'colcon_meta'
[1.480s] Level 1:colcon.colcon_core.package_identification:_identify(field_trial_results/20260726_152358_complex_qaware_v018_r3) by extensions ['ros']
[1.480s] Level 1:colcon.colcon_core.package_identification:_identify(field_trial_results/20260726_152358_complex_qaware_v018_r3) by extension 'ros'
[1.480s] Level 1:colcon.colcon_core.package_identification:_identify(field_trial_results/20260726_152358_complex_qaware_v018_r3) by extensions ['cmake', 'python']
[1.480s] Level 1:colcon.colcon_core.package_identification:_identify(field_trial_results/20260726_152358_complex_qaware_v018_r3) by extension 'cmake'
[1.480s] Level 1:colcon.colcon_core.package_identification:_identify(field_trial_results/20260726_152358_complex_qaware_v018_r3) by extension 'python'
[1.481s] Level 1:colcon.colcon_core.package_identification:_identify(field_trial_results/20260726_152358_complex_qaware_v018_r3) by extensions ['python_setup_py']
[1.481s] Level 1:colcon.colcon_core.package_identification:_identify(field_trial_results/20260726_152358_complex_qaware_v018_r3) by extension 'python_setup_py'
[1.481s] Level 1:colcon.colcon_core.package_identification:_identify(field_trial_results/20260726_152523_complex_qaware_v018_r4) by extensions ['ignore', 'ignore_ament_install']
[1.481s] Level 1:colcon.colcon_core.package_identification:_identify(field_trial_results/20260726_152523_complex_qaware_v018_r4) by extension 'ignore'
[1.481s] Level 1:colcon.colcon_core.package_identification:_identify(field_trial_results/20260726_152523_complex_qaware_v018_r4) by extension 'ignore_ament_install'
[1.481s] Level 1:colcon.colcon_core.package_identification:_identify(field_trial_results/20260726_152523_complex_qaware_v018_r4) by extensions ['colcon_pkg']
[1.481s] Level 1:colcon.colcon_core.package_identification:_identify(field_trial_results/20260726_152523_complex_qaware_v018_r4) by extension 'colcon_pkg'
[1.481s] Level 1:colcon.colcon_core.package_identification:_identify(field_trial_results/20260726_152523_complex_qaware_v018_r4) by extensions ['colcon_meta']
[1.482s] Level 1:colcon.colcon_core.package_identification:_identify(field_trial_results/20260726_152523_complex_qaware_v018_r4) by extension 'colcon_meta'
[1.482s] Level 1:colcon.colcon_core.package_identification:_identify(field_trial_results/20260726_152523_complex_qaware_v018_r4) by extensions ['ros']
[1.482s] Level 1:colcon.colcon_core.package_identification:_identify(field_trial_results/20260726_152523_complex_qaware_v018_r4) by extension 'ros'
[1.482s] Level 1:colcon.colcon_core.package_identification:_identify(field_trial_results/20260726_152523_complex_qaware_v018_r4) by extensions ['cmake', 'python']
[1.482s] Level 1:colcon.colcon_core.package_identification:_identify(field_trial_results/20260726_152523_complex_qaware_v018_r4) by extension 'cmake'
[1.482s] Level 1:colcon.colcon_core.package_identification:_identify(field_trial_results/20260726_152523_complex_qaware_v018_r4) by extension 'python'
[1.482s] Level 1:colcon.colcon_core.package_identification:_identify(field_trial_results/20260726_152523_complex_qaware_v018_r4) by extensions ['python_setup_py']
[1.482s] Level 1:colcon.colcon_core.package_identification:_identify(field_trial_results/20260726_152523_complex_qaware_v018_r4) by extension 'python_setup_py'
[1.483s] Level 1:colcon.colcon_core.package_identification:_identify(field_trial_results/20260726_152703_complex_qaware_v018_r5) by extensions ['ignore', 'ignore_ament_install']
[1.483s] Level 1:colcon.colcon_core.package_identification:_identify(field_trial_results/20260726_152703_complex_qaware_v018_r5) by extension 'ignore'
[1.483s] Level 1:colcon.colcon_core.package_identification:_identify(field_trial_results/20260726_152703_complex_qaware_v018_r5) by extension 'ignore_ament_install'
[1.483s] Level 1:colcon.colcon_core.package_identification:_identify(field_trial_results/20260726_152703_complex_qaware_v018_r5) by extensions ['colcon_pkg']
[1.483s] Level 1:colcon.colcon_core.package_identification:_identify(field_trial_results/20260726_152703_complex_qaware_v018_r5) by extension 'colcon_pkg'
[1.483s] Level 1:colcon.colcon_core.package_identification:_identify(field_trial_results/20260726_152703_complex_qaware_v018_r5) by extensions ['colcon_meta']
[1.483s] Level 1:colcon.colcon_core.package_identification:_identify(field_trial_results/20260726_152703_complex_qaware_v018_r5) by extension 'colcon_meta'
[1.483s] Level 1:colcon.colcon_core.package_identification:_identify(field_trial_results/20260726_152703_complex_qaware_v018_r5) by extensions ['ros']
[1.483s] Level 1:colcon.colcon_core.package_identification:_identify(field_trial_results/20260726_152703_complex_qaware_v018_r5) by extension 'ros'
[1.484s] Level 1:colcon.colcon_core.package_identification:_identify(field_trial_results/20260726_152703_complex_qaware_v018_r5) by extensions ['cmake', 'python']
[1.484s] Level 1:colcon.colcon_core.package_identification:_identify(field_trial_results/20260726_152703_complex_qaware_v018_r5) by extension 'cmake'
[1.484s] Level 1:colcon.colcon_core.package_identification:_identify(field_trial_results/20260726_152703_complex_qaware_v018_r5) by extension 'python'
[1.484s] Level 1:colcon.colcon_core.package_identification:_identify(field_trial_results/20260726_152703_complex_qaware_v018_r5) by extensions ['python_setup_py']
[1.484s] Level 1:colcon.colcon_core.package_identification:_identify(field_trial_results/20260726_152703_complex_qaware_v018_r5) by extension 'python_setup_py'
[1.484s] Level 1:colcon.colcon_core.package_identification:_identify(field_trial_results/20260726_152937_complex_fixed_v018_r1) by extensions ['ignore', 'ignore_ament_install']
[1.485s] Level 1:colcon.colcon_core.package_identification:_identify(field_trial_results/20260726_152937_complex_fixed_v018_r1) by extension 'ignore'
[1.485s] Level 1:colcon.colcon_core.package_identification:_identify(field_trial_results/20260726_152937_complex_fixed_v018_r1) by extension 'ignore_ament_install'
[1.485s] Level 1:colcon.colcon_core.package_identification:_identify(field_trial_results/20260726_152937_complex_fixed_v018_r1) by extensions ['colcon_pkg']
[1.485s] Level 1:colcon.colcon_core.package_identification:_identify(field_trial_results/20260726_152937_complex_fixed_v018_r1) by extension 'colcon_pkg'
[1.485s] Level 1:colcon.colcon_core.package_identification:_identify(field_trial_results/20260726_152937_complex_fixed_v018_r1) by extensions ['colcon_meta']
[1.485s] Level 1:colcon.colcon_core.package_identification:_identify(field_trial_results/20260726_152937_complex_fixed_v018_r1) by extension 'colcon_meta'
[1.485s] Level 1:colcon.colcon_core.package_identification:_identify(field_trial_results/20260726_152937_complex_fixed_v018_r1) by extensions ['ros']
[1.485s] Level 1:colcon.colcon_core.package_identification:_identify(field_trial_results/20260726_152937_complex_fixed_v018_r1) by extension 'ros'
[1.485s] Level 1:colcon.colcon_core.package_identification:_identify(field_trial_results/20260726_152937_complex_fixed_v018_r1) by extensions ['cmake', 'python']
[1.486s] Level 1:colcon.colcon_core.package_identification:_identify(field_trial_results/20260726_152937_complex_fixed_v018_r1) by extension 'cmake'
[1.486s] Level 1:colcon.colcon_core.package_identification:_identify(field_trial_results/20260726_152937_complex_fixed_v018_r1) by extension 'python'
[1.486s] Level 1:colcon.colcon_core.package_identification:_identify(field_trial_results/20260726_152937_complex_fixed_v018_r1) by extensions ['python_setup_py']
[1.486s] Level 1:colcon.colcon_core.package_identification:_identify(field_trial_results/20260726_152937_complex_fixed_v018_r1) by extension 'python_setup_py'
[1.486s] Level 1:colcon.colcon_core.package_identification:_identify(field_trial_results/20260726_153100_complex_fixed_v018_r2) by extensions ['ignore', 'ignore_ament_install']
[1.486s] Level 1:colcon.colcon_core.package_identification:_identify(field_trial_results/20260726_153100_complex_fixed_v018_r2) by extension 'ignore'
[1.486s] Level 1:colcon.colcon_core.package_identification:_identify(field_trial_results/20260726_153100_complex_fixed_v018_r2) by extension 'ignore_ament_install'
[1.487s] Level 1:colcon.colcon_core.package_identification:_identify(field_trial_results/20260726_153100_complex_fixed_v018_r2) by extensions ['colcon_pkg']
[1.487s] Level 1:colcon.colcon_core.package_identification:_identify(field_trial_results/20260726_153100_complex_fixed_v018_r2) by extension 'colcon_pkg'
[1.487s] Level 1:colcon.colcon_core.package_identification:_identify(field_trial_results/20260726_153100_complex_fixed_v018_r2) by extensions ['colcon_meta']
[1.487s] Level 1:colcon.colcon_core.package_identification:_identify(field_trial_results/20260726_153100_complex_fixed_v018_r2) by extension 'colcon_meta'
[1.487s] Level 1:colcon.colcon_core.package_identification:_identify(field_trial_results/20260726_153100_complex_fixed_v018_r2) by extensions ['ros']
[1.487s] Level 1:colcon.colcon_core.package_identification:_identify(field_trial_results/20260726_153100_complex_fixed_v018_r2) by extension 'ros'
[1.487s] Level 1:colcon.colcon_core.package_identification:_identify(field_trial_results/20260726_153100_complex_fixed_v018_r2) by extensions ['cmake', 'python']
[1.487s] Level 1:colcon.colcon_core.package_identification:_identify(field_trial_results/20260726_153100_complex_fixed_v018_r2) by extension 'cmake'
[1.487s] Level 1:colcon.colcon_core.package_identification:_identify(field_trial_results/20260726_153100_complex_fixed_v018_r2) by extension 'python'
[1.488s] Level 1:colcon.colcon_core.package_identification:_identify(field_trial_results/20260726_153100_complex_fixed_v018_r2) by extensions ['python_setup_py']
[1.488s] Level 1:colcon.colcon_core.package_identification:_identify(field_trial_results/20260726_153100_complex_fixed_v018_r2) by extension 'python_setup_py'
[1.488s] Level 1:colcon.colcon_core.package_identification:_identify(field_trial_results/20260726_153209_complex_fixed_v018_r3) by extensions ['ignore', 'ignore_ament_install']
[1.488s] Level 1:colcon.colcon_core.package_identification:_identify(field_trial_results/20260726_153209_complex_fixed_v018_r3) by extension 'ignore'
[1.488s] Level 1:colcon.colcon_core.package_identification:_identify(field_trial_results/20260726_153209_complex_fixed_v018_r3) by extension 'ignore_ament_install'
[1.488s] Level 1:colcon.colcon_core.package_identification:_identify(field_trial_results/20260726_153209_complex_fixed_v018_r3) by extensions ['colcon_pkg']
[1.488s] Level 1:colcon.colcon_core.package_identification:_identify(field_trial_results/20260726_153209_complex_fixed_v018_r3) by extension 'colcon_pkg'
[1.489s] Level 1:colcon.colcon_core.package_identification:_identify(field_trial_results/20260726_153209_complex_fixed_v018_r3) by extensions ['colcon_meta']
[1.489s] Level 1:colcon.colcon_core.package_identification:_identify(field_trial_results/20260726_153209_complex_fixed_v018_r3) by extension 'colcon_meta'
[1.489s] Level 1:colcon.colcon_core.package_identification:_identify(field_trial_results/20260726_153209_complex_fixed_v018_r3) by extensions ['ros']
[1.489s] Level 1:colcon.colcon_core.package_identification:_identify(field_trial_results/20260726_153209_complex_fixed_v018_r3) by extension 'ros'
[1.489s] Level 1:colcon.colcon_core.package_identification:_identify(field_trial_results/20260726_153209_complex_fixed_v018_r3) by extensions ['cmake', 'python']
[1.489s] Level 1:colcon.colcon_core.package_identification:_identify(field_trial_results/20260726_153209_complex_fixed_v018_r3) by extension 'cmake'
[1.489s] Level 1:colcon.colcon_core.package_identification:_identify(field_trial_results/20260726_153209_complex_fixed_v018_r3) by extension 'python'
[1.489s] Level 1:colcon.colcon_core.package_identification:_identify(field_trial_results/20260726_153209_complex_fixed_v018_r3) by extensions ['python_setup_py']
[1.489s] Level 1:colcon.colcon_core.package_identification:_identify(field_trial_results/20260726_153209_complex_fixed_v018_r3) by extension 'python_setup_py'
[1.490s] Level 1:colcon.colcon_core.package_identification:_identify(field_trial_results/20260726_153321_complex_fixed_v018_r4) by extensions ['ignore', 'ignore_ament_install']
[1.490s] Level 1:colcon.colcon_core.package_identification:_identify(field_trial_results/20260726_153321_complex_fixed_v018_r4) by extension 'ignore'
[1.490s] Level 1:colcon.colcon_core.package_identification:_identify(field_trial_results/20260726_153321_complex_fixed_v018_r4) by extension 'ignore_ament_install'
[1.490s] Level 1:colcon.colcon_core.package_identification:_identify(field_trial_results/20260726_153321_complex_fixed_v018_r4) by extensions ['colcon_pkg']
[1.490s] Level 1:colcon.colcon_core.package_identification:_identify(field_trial_results/20260726_153321_complex_fixed_v018_r4) by extension 'colcon_pkg'
[1.490s] Level 1:colcon.colcon_core.package_identification:_identify(field_trial_results/20260726_153321_complex_fixed_v018_r4) by extensions ['colcon_meta']
[1.490s] Level 1:colcon.colcon_core.package_identification:_identify(field_trial_results/20260726_153321_complex_fixed_v018_r4) by extension 'colcon_meta'
[1.490s] Level 1:colcon.colcon_core.package_identification:_identify(field_trial_results/20260726_153321_complex_fixed_v018_r4) by extensions ['ros']
[1.491s] Level 1:colcon.colcon_core.package_identification:_identify(field_trial_results/20260726_153321_complex_fixed_v018_r4) by extension 'ros'
[1.491s] Level 1:colcon.colcon_core.package_identification:_identify(field_trial_results/20260726_153321_complex_fixed_v018_r4) by extensions ['cmake', 'python']
[1.491s] Level 1:colcon.colcon_core.package_identification:_identify(field_trial_results/20260726_153321_complex_fixed_v018_r4) by extension 'cmake'
[1.491s] Level 1:colcon.colcon_core.package_identification:_identify(field_trial_results/20260726_153321_complex_fixed_v018_r4) by extension 'python'
[1.491s] Level 1:colcon.colcon_core.package_identification:_identify(field_trial_results/20260726_153321_complex_fixed_v018_r4) by extensions ['python_setup_py']
[1.491s] Level 1:colcon.colcon_core.package_identification:_identify(field_trial_results/20260726_153321_complex_fixed_v018_r4) by extension 'python_setup_py'
[1.491s] Level 1:colcon.colcon_core.package_identification:_identify(field_trial_results/20260726_153435_complex_fixed_v018_r5) by extensions ['ignore', 'ignore_ament_install']
[1.491s] Level 1:colcon.colcon_core.package_identification:_identify(field_trial_results/20260726_153435_complex_fixed_v018_r5) by extension 'ignore'
[1.492s] Level 1:colcon.colcon_core.package_identification:_identify(field_trial_results/20260726_153435_complex_fixed_v018_r5) by extension 'ignore_ament_install'
[1.492s] Level 1:colcon.colcon_core.package_identification:_identify(field_trial_results/20260726_153435_complex_fixed_v018_r5) by extensions ['colcon_pkg']
[1.492s] Level 1:colcon.colcon_core.package_identification:_identify(field_trial_results/20260726_153435_complex_fixed_v018_r5) by extension 'colcon_pkg'
[1.492s] Level 1:colcon.colcon_core.package_identification:_identify(field_trial_results/20260726_153435_complex_fixed_v018_r5) by extensions ['colcon_meta']
[1.492s] Level 1:colcon.colcon_core.package_identification:_identify(field_trial_results/20260726_153435_complex_fixed_v018_r5) by extension 'colcon_meta'
[1.492s] Level 1:colcon.colcon_core.package_identification:_identify(field_trial_results/20260726_153435_complex_fixed_v018_r5) by extensions ['ros']
[1.492s] Level 1:colcon.colcon_core.package_identification:_identify(field_trial_results/20260726_153435_complex_fixed_v018_r5) by extension 'ros'
[1.492s] Level 1:colcon.colcon_core.package_identification:_identify(field_trial_results/20260726_153435_complex_fixed_v018_r5) by extensions ['cmake', 'python']
[1.493s] Level 1:colcon.colcon_core.package_identification:_identify(field_trial_results/20260726_153435_complex_fixed_v018_r5) by extension 'cmake'
[1.493s] Level 1:colcon.colcon_core.package_identification:_identify(field_trial_results/20260726_153435_complex_fixed_v018_r5) by extension 'python'
[1.493s] Level 1:colcon.colcon_core.package_identification:_identify(field_trial_results/20260726_153435_complex_fixed_v018_r5) by extensions ['python_setup_py']
[1.493s] Level 1:colcon.colcon_core.package_identification:_identify(field_trial_results/20260726_153435_complex_fixed_v018_r5) by extension 'python_setup_py'
[1.493s] Level 1:colcon.colcon_core.package_identification:_identify(field_trial_results/20260726_201501_headland_turn_test_r1) by extensions ['ignore', 'ignore_ament_install']
[1.493s] Level 1:colcon.colcon_core.package_identification:_identify(field_trial_results/20260726_201501_headland_turn_test_r1) by extension 'ignore'
[1.493s] Level 1:colcon.colcon_core.package_identification:_identify(field_trial_results/20260726_201501_headland_turn_test_r1) by extension 'ignore_ament_install'
[1.493s] Level 1:colcon.colcon_core.package_identification:_identify(field_trial_results/20260726_201501_headland_turn_test_r1) by extensions ['colcon_pkg']
[1.494s] Level 1:colcon.colcon_core.package_identification:_identify(field_trial_results/20260726_201501_headland_turn_test_r1) by extension 'colcon_pkg'
[1.494s] Level 1:colcon.colcon_core.package_identification:_identify(field_trial_results/20260726_201501_headland_turn_test_r1) by extensions ['colcon_meta']
[1.494s] Level 1:colcon.colcon_core.package_identification:_identify(field_trial_results/20260726_201501_headland_turn_test_r1) by extension 'colcon_meta'
[1.494s] Level 1:colcon.colcon_core.package_identification:_identify(field_trial_results/20260726_201501_headland_turn_test_r1) by extensions ['ros']
[1.494s] Level 1:colcon.colcon_core.package_identification:_identify(field_trial_results/20260726_201501_headland_turn_test_r1) by extension 'ros'
[1.494s] Level 1:colcon.colcon_core.package_identification:_identify(field_trial_results/20260726_201501_headland_turn_test_r1) by extensions ['cmake', 'python']
[1.494s] Level 1:colcon.colcon_core.package_identification:_identify(field_trial_results/20260726_201501_headland_turn_test_r1) by extension 'cmake'
[1.494s] Level 1:colcon.colcon_core.package_identification:_identify(field_trial_results/20260726_201501_headland_turn_test_r1) by extension 'python'
[1.494s] Level 1:colcon.colcon_core.package_identification:_identify(field_trial_results/20260726_201501_headland_turn_test_r1) by extensions ['python_setup_py']
[1.495s] Level 1:colcon.colcon_core.package_identification:_identify(field_trial_results/20260726_201501_headland_turn_test_r1) by extension 'python_setup_py'
[1.495s] Level 1:colcon.colcon_core.package_identification:_identify(field_trial_results/20260726_201629_headland_turn_test_r2) by extensions ['ignore', 'ignore_ament_install']
[1.495s] Level 1:colcon.colcon_core.package_identification:_identify(field_trial_results/20260726_201629_headland_turn_test_r2) by extension 'ignore'
[1.495s] Level 1:colcon.colcon_core.package_identification:_identify(field_trial_results/20260726_201629_headland_turn_test_r2) by extension 'ignore_ament_install'
[1.495s] Level 1:colcon.colcon_core.package_identification:_identify(field_trial_results/20260726_201629_headland_turn_test_r2) by extensions ['colcon_pkg']
[1.495s] Level 1:colcon.colcon_core.package_identification:_identify(field_trial_results/20260726_201629_headland_turn_test_r2) by extension 'colcon_pkg'
[1.495s] Level 1:colcon.colcon_core.package_identification:_identify(field_trial_results/20260726_201629_headland_turn_test_r2) by extensions ['colcon_meta']
[1.496s] Level 1:colcon.colcon_core.package_identification:_identify(field_trial_results/20260726_201629_headland_turn_test_r2) by extension 'colcon_meta'
[1.496s] Level 1:colcon.colcon_core.package_identification:_identify(field_trial_results/20260726_201629_headland_turn_test_r2) by extensions ['ros']
[1.496s] Level 1:colcon.colcon_core.package_identification:_identify(field_trial_results/20260726_201629_headland_turn_test_r2) by extension 'ros'
[1.496s] Level 1:colcon.colcon_core.package_identification:_identify(field_trial_results/20260726_201629_headland_turn_test_r2) by extensions ['cmake', 'python']
[1.496s] Level 1:colcon.colcon_core.package_identification:_identify(field_trial_results/20260726_201629_headland_turn_test_r2) by extension 'cmake'
[1.496s] Level 1:colcon.colcon_core.package_identification:_identify(field_trial_results/20260726_201629_headland_turn_test_r2) by extension 'python'
[1.496s] Level 1:colcon.colcon_core.package_identification:_identify(field_trial_results/20260726_201629_headland_turn_test_r2) by extensions ['python_setup_py']
[1.496s] Level 1:colcon.colcon_core.package_identification:_identify(field_trial_results/20260726_201629_headland_turn_test_r2) by extension 'python_setup_py'
[1.497s] Level 1:colcon.colcon_core.package_identification:_identify(field_trial_results/20260726_204225_headland_turn_test_r2) by extensions ['ignore', 'ignore_ament_install']
[1.497s] Level 1:colcon.colcon_core.package_identification:_identify(field_trial_results/20260726_204225_headland_turn_test_r2) by extension 'ignore'
[1.497s] Level 1:colcon.colcon_core.package_identification:_identify(field_trial_results/20260726_204225_headland_turn_test_r2) by extension 'ignore_ament_install'
[1.497s] Level 1:colcon.colcon_core.package_identification:_identify(field_trial_results/20260726_204225_headland_turn_test_r2) by extensions ['colcon_pkg']
[1.497s] Level 1:colcon.colcon_core.package_identification:_identify(field_trial_results/20260726_204225_headland_turn_test_r2) by extension 'colcon_pkg'
[1.497s] Level 1:colcon.colcon_core.package_identification:_identify(field_trial_results/20260726_204225_headland_turn_test_r2) by extensions ['colcon_meta']
[1.497s] Level 1:colcon.colcon_core.package_identification:_identify(field_trial_results/20260726_204225_headland_turn_test_r2) by extension 'colcon_meta'
[1.497s] Level 1:colcon.colcon_core.package_identification:_identify(field_trial_results/20260726_204225_headland_turn_test_r2) by extensions ['ros']
[1.497s] Level 1:colcon.colcon_core.package_identification:_identify(field_trial_results/20260726_204225_headland_turn_test_r2) by extension 'ros'
[1.498s] Level 1:colcon.colcon_core.package_identification:_identify(field_trial_results/20260726_204225_headland_turn_test_r2) by extensions ['cmake', 'python']
[1.498s] Level 1:colcon.colcon_core.package_identification:_identify(field_trial_results/20260726_204225_headland_turn_test_r2) by extension 'cmake'
[1.498s] Level 1:colcon.colcon_core.package_identification:_identify(field_trial_results/20260726_204225_headland_turn_test_r2) by extension 'python'
[1.498s] Level 1:colcon.colcon_core.package_identification:_identify(field_trial_results/20260726_204225_headland_turn_test_r2) by extensions ['python_setup_py']
[1.498s] Level 1:colcon.colcon_core.package_identification:_identify(field_trial_results/20260726_204225_headland_turn_test_r2) by extension 'python_setup_py'
[1.498s] Level 1:colcon.colcon_core.package_identification:_identify(field_trial_results/20260726_204639_headland_turn_test_r3) by extensions ['ignore', 'ignore_ament_install']
[1.498s] Level 1:colcon.colcon_core.package_identification:_identify(field_trial_results/20260726_204639_headland_turn_test_r3) by extension 'ignore'
[1.499s] Level 1:colcon.colcon_core.package_identification:_identify(field_trial_results/20260726_204639_headland_turn_test_r3) by extension 'ignore_ament_install'
[1.499s] Level 1:colcon.colcon_core.package_identification:_identify(field_trial_results/20260726_204639_headland_turn_test_r3) by extensions ['colcon_pkg']
[1.499s] Level 1:colcon.colcon_core.package_identification:_identify(field_trial_results/20260726_204639_headland_turn_test_r3) by extension 'colcon_pkg'
[1.499s] Level 1:colcon.colcon_core.package_identification:_identify(field_trial_results/20260726_204639_headland_turn_test_r3) by extensions ['colcon_meta']
[1.499s] Level 1:colcon.colcon_core.package_identification:_identify(field_trial_results/20260726_204639_headland_turn_test_r3) by extension 'colcon_meta'
[1.499s] Level 1:colcon.colcon_core.package_identification:_identify(field_trial_results/20260726_204639_headland_turn_test_r3) by extensions ['ros']
[1.499s] Level 1:colcon.colcon_core.package_identification:_identify(field_trial_results/20260726_204639_headland_turn_test_r3) by extension 'ros'
[1.499s] Level 1:colcon.colcon_core.package_identification:_identify(field_trial_results/20260726_204639_headland_turn_test_r3) by extensions ['cmake', 'python']
[1.499s] Level 1:colcon.colcon_core.package_identification:_identify(field_trial_results/20260726_204639_headland_turn_test_r3) by extension 'cmake'
[1.500s] Level 1:colcon.colcon_core.package_identification:_identify(field_trial_results/20260726_204639_headland_turn_test_r3) by extension 'python'
[1.500s] Level 1:colcon.colcon_core.package_identification:_identify(field_trial_results/20260726_204639_headland_turn_test_r3) by extensions ['python_setup_py']
[1.500s] Level 1:colcon.colcon_core.package_identification:_identify(field_trial_results/20260726_204639_headland_turn_test_r3) by extension 'python_setup_py'
[1.500s] Level 1:colcon.colcon_core.package_identification:_identify(h30_test_01_static) by extensions ['ignore', 'ignore_ament_install']
[1.500s] Level 1:colcon.colcon_core.package_identification:_identify(h30_test_01_static) by extension 'ignore'
[1.500s] Level 1:colcon.colcon_core.package_identification:_identify(h30_test_01_static) by extension 'ignore_ament_install'
[1.501s] Level 1:colcon.colcon_core.package_identification:_identify(h30_test_01_static) by extensions ['colcon_pkg']
[1.501s] Level 1:colcon.colcon_core.package_identification:_identify(h30_test_01_static) by extension 'colcon_pkg'
[1.501s] Level 1:colcon.colcon_core.package_identification:_identify(h30_test_01_static) by extensions ['colcon_meta']
[1.501s] Level 1:colcon.colcon_core.package_identification:_identify(h30_test_01_static) by extension 'colcon_meta'
[1.501s] Level 1:colcon.colcon_core.package_identification:_identify(h30_test_01_static) by extensions ['ros']
[1.501s] Level 1:colcon.colcon_core.package_identification:_identify(h30_test_01_static) by extension 'ros'
[1.501s] Level 1:colcon.colcon_core.package_identification:_identify(h30_test_01_static) by extensions ['cmake', 'python']
[1.501s] Level 1:colcon.colcon_core.package_identification:_identify(h30_test_01_static) by extension 'cmake'
[1.501s] Level 1:colcon.colcon_core.package_identification:_identify(h30_test_01_static) by extension 'python'
[1.501s] Level 1:colcon.colcon_core.package_identification:_identify(h30_test_01_static) by extensions ['python_setup_py']
[1.501s] Level 1:colcon.colcon_core.package_identification:_identify(h30_test_01_static) by extension 'python_setup_py'
[1.502s] Level 1:colcon.colcon_core.package_identification:_identify(h30_test_01_static_fastlio) by extensions ['ignore', 'ignore_ament_install']
[1.502s] Level 1:colcon.colcon_core.package_identification:_identify(h30_test_01_static_fastlio) by extension 'ignore'
[1.502s] Level 1:colcon.colcon_core.package_identification:_identify(h30_test_01_static_fastlio) by extension 'ignore_ament_install'
[1.502s] Level 1:colcon.colcon_core.package_identification:_identify(h30_test_01_static_fastlio) by extensions ['colcon_pkg']
[1.502s] Level 1:colcon.colcon_core.package_identification:_identify(h30_test_01_static_fastlio) by extension 'colcon_pkg'
[1.502s] Level 1:colcon.colcon_core.package_identification:_identify(h30_test_01_static_fastlio) by extensions ['colcon_meta']
[1.503s] Level 1:colcon.colcon_core.package_identification:_identify(h30_test_01_static_fastlio) by extension 'colcon_meta'
[1.503s] Level 1:colcon.colcon_core.package_identification:_identify(h30_test_01_static_fastlio) by extensions ['ros']
[1.503s] Level 1:colcon.colcon_core.package_identification:_identify(h30_test_01_static_fastlio) by extension 'ros'
[1.503s] Level 1:colcon.colcon_core.package_identification:_identify(h30_test_01_static_fastlio) by extensions ['cmake', 'python']
[1.503s] Level 1:colcon.colcon_core.package_identification:_identify(h30_test_01_static_fastlio) by extension 'cmake'
[1.503s] Level 1:colcon.colcon_core.package_identification:_identify(h30_test_01_static_fastlio) by extension 'python'
[1.503s] Level 1:colcon.colcon_core.package_identification:_identify(h30_test_01_static_fastlio) by extensions ['python_setup_py']
[1.503s] Level 1:colcon.colcon_core.package_identification:_identify(h30_test_01_static_fastlio) by extension 'python_setup_py'
[1.503s] Level 1:colcon.colcon_core.package_identification:_identify(h30_test_02_turn_90_fastlio) by extensions ['ignore', 'ignore_ament_install']
[1.504s] Level 1:colcon.colcon_core.package_identification:_identify(h30_test_02_turn_90_fastlio) by extension 'ignore'
[1.504s] Level 1:colcon.colcon_core.package_identification:_identify(h30_test_02_turn_90_fastlio) by extension 'ignore_ament_install'
[1.504s] Level 1:colcon.colcon_core.package_identification:_identify(h30_test_02_turn_90_fastlio) by extensions ['colcon_pkg']
[1.504s] Level 1:colcon.colcon_core.package_identification:_identify(h30_test_02_turn_90_fastlio) by extension 'colcon_pkg'
[1.504s] Level 1:colcon.colcon_core.package_identification:_identify(h30_test_02_turn_90_fastlio) by extensions ['colcon_meta']
[1.504s] Level 1:colcon.colcon_core.package_identification:_identify(h30_test_02_turn_90_fastlio) by extension 'colcon_meta'
[1.504s] Level 1:colcon.colcon_core.package_identification:_identify(h30_test_02_turn_90_fastlio) by extensions ['ros']
[1.504s] Level 1:colcon.colcon_core.package_identification:_identify(h30_test_02_turn_90_fastlio) by extension 'ros'
[1.505s] Level 1:colcon.colcon_core.package_identification:_identify(h30_test_02_turn_90_fastlio) by extensions ['cmake', 'python']
[1.505s] Level 1:colcon.colcon_core.package_identification:_identify(h30_test_02_turn_90_fastlio) by extension 'cmake'
[1.505s] Level 1:colcon.colcon_core.package_identification:_identify(h30_test_02_turn_90_fastlio) by extension 'python'
[1.505s] Level 1:colcon.colcon_core.package_identification:_identify(h30_test_02_turn_90_fastlio) by extensions ['python_setup_py']
[1.505s] Level 1:colcon.colcon_core.package_identification:_identify(h30_test_02_turn_90_fastlio) by extension 'python_setup_py'
[1.505s] Level 1:colcon.colcon_core.package_identification:_identify(h30_test_03_blocked_wheel_spin_fastlio) by extensions ['ignore', 'ignore_ament_install']
[1.505s] Level 1:colcon.colcon_core.package_identification:_identify(h30_test_03_blocked_wheel_spin_fastlio) by extension 'ignore'
[1.505s] Level 1:colcon.colcon_core.package_identification:_identify(h30_test_03_blocked_wheel_spin_fastlio) by extension 'ignore_ament_install'
[1.506s] Level 1:colcon.colcon_core.package_identification:_identify(h30_test_03_blocked_wheel_spin_fastlio) by extensions ['colcon_pkg']
[1.506s] Level 1:colcon.colcon_core.package_identification:_identify(h30_test_03_blocked_wheel_spin_fastlio) by extension 'colcon_pkg'
[1.506s] Level 1:colcon.colcon_core.package_identification:_identify(h30_test_03_blocked_wheel_spin_fastlio) by extensions ['colcon_meta']
[1.506s] Level 1:colcon.colcon_core.package_identification:_identify(h30_test_03_blocked_wheel_spin_fastlio) by extension 'colcon_meta'
[1.506s] Level 1:colcon.colcon_core.package_identification:_identify(h30_test_03_blocked_wheel_spin_fastlio) by extensions ['ros']
[1.506s] Level 1:colcon.colcon_core.package_identification:_identify(h30_test_03_blocked_wheel_spin_fastlio) by extension 'ros'
[1.506s] Level 1:colcon.colcon_core.package_identification:_identify(h30_test_03_blocked_wheel_spin_fastlio) by extensions ['cmake', 'python']
[1.506s] Level 1:colcon.colcon_core.package_identification:_identify(h30_test_03_blocked_wheel_spin_fastlio) by extension 'cmake'
[1.506s] Level 1:colcon.colcon_core.package_identification:_identify(h30_test_03_blocked_wheel_spin_fastlio) by extension 'python'
[1.507s] Level 1:colcon.colcon_core.package_identification:_identify(h30_test_03_blocked_wheel_spin_fastlio) by extensions ['python_setup_py']
[1.507s] Level 1:colcon.colcon_core.package_identification:_identify(h30_test_03_blocked_wheel_spin_fastlio) by extension 'python_setup_py'
[1.507s] Level 1:colcon.colcon_core.package_identification:_identify(h30_test_04_normal_forward_fastlio) by extensions ['ignore', 'ignore_ament_install']
[1.507s] Level 1:colcon.colcon_core.package_identification:_identify(h30_test_04_normal_forward_fastlio) by extension 'ignore'
[1.507s] Level 1:colcon.colcon_core.package_identification:_identify(h30_test_04_normal_forward_fastlio) by extension 'ignore_ament_install'
[1.507s] Level 1:colcon.colcon_core.package_identification:_identify(h30_test_04_normal_forward_fastlio) by extensions ['colcon_pkg']
[1.507s] Level 1:colcon.colcon_core.package_identification:_identify(h30_test_04_normal_forward_fastlio) by extension 'colcon_pkg'
[1.507s] Level 1:colcon.colcon_core.package_identification:_identify(h30_test_04_normal_forward_fastlio) by extensions ['colcon_meta']
[1.508s] Level 1:colcon.colcon_core.package_identification:_identify(h30_test_04_normal_forward_fastlio) by extension 'colcon_meta'
[1.508s] Level 1:colcon.colcon_core.package_identification:_identify(h30_test_04_normal_forward_fastlio) by extensions ['ros']
[1.508s] Level 1:colcon.colcon_core.package_identification:_identify(h30_test_04_normal_forward_fastlio) by extension 'ros'
[1.508s] Level 1:colcon.colcon_core.package_identification:_identify(h30_test_04_normal_forward_fastlio) by extensions ['cmake', 'python']
[1.508s] Level 1:colcon.colcon_core.package_identification:_identify(h30_test_04_normal_forward_fastlio) by extension 'cmake'
[1.508s] Level 1:colcon.colcon_core.package_identification:_identify(h30_test_04_normal_forward_fastlio) by extension 'python'
[1.508s] Level 1:colcon.colcon_core.package_identification:_identify(h30_test_04_normal_forward_fastlio) by extensions ['python_setup_py']
[1.508s] Level 1:colcon.colcon_core.package_identification:_identify(h30_test_04_normal_forward_fastlio) by extension 'python_setup_py'
[1.509s] Level 1:colcon.colcon_core.package_identification:_identify(install) by extensions ['ignore', 'ignore_ament_install']
[1.509s] Level 1:colcon.colcon_core.package_identification:_identify(install) by extension 'ignore'
[1.509s] Level 1:colcon.colcon_core.package_identification:_identify(install) ignored
[1.509s] Level 1:colcon.colcon_core.package_identification:_identify(log) by extensions ['ignore', 'ignore_ament_install']
[1.510s] Level 1:colcon.colcon_core.package_identification:_identify(log) by extension 'ignore'
[1.510s] Level 1:colcon.colcon_core.package_identification:_identify(log) ignored
[1.510s] Level 1:colcon.colcon_core.package_identification:_identify(pid_tracking_results) by extensions ['ignore', 'ignore_ament_install']
[1.510s] Level 1:colcon.colcon_core.package_identification:_identify(pid_tracking_results) by extension 'ignore'
[1.510s] Level 1:colcon.colcon_core.package_identification:_identify(pid_tracking_results) by extension 'ignore_ament_install'
[1.510s] Level 1:colcon.colcon_core.package_identification:_identify(pid_tracking_results) by extensions ['colcon_pkg']
[1.511s] Level 1:colcon.colcon_core.package_identification:_identify(pid_tracking_results) by extension 'colcon_pkg'
[1.511s] Level 1:colcon.colcon_core.package_identification:_identify(pid_tracking_results) by extensions ['colcon_meta']
[1.511s] Level 1:colcon.colcon_core.package_identification:_identify(pid_tracking_results) by extension 'colcon_meta'
[1.511s] Level 1:colcon.colcon_core.package_identification:_identify(pid_tracking_results) by extensions ['ros']
[1.511s] Level 1:colcon.colcon_core.package_identification:_identify(pid_tracking_results) by extension 'ros'
[1.511s] Level 1:colcon.colcon_core.package_identification:_identify(pid_tracking_results) by extensions ['cmake', 'python']
[1.511s] Level 1:colcon.colcon_core.package_identification:_identify(pid_tracking_results) by extension 'cmake'
[1.511s] Level 1:colcon.colcon_core.package_identification:_identify(pid_tracking_results) by extension 'python'
[1.511s] Level 1:colcon.colcon_core.package_identification:_identify(pid_tracking_results) by extensions ['python_setup_py']
[1.512s] Level 1:colcon.colcon_core.package_identification:_identify(pid_tracking_results) by extension 'python_setup_py'
[1.512s] Level 1:colcon.colcon_core.package_identification:_identify(pid_tracking_results/run_20260724_231208) by extensions ['ignore', 'ignore_ament_install']
[1.512s] Level 1:colcon.colcon_core.package_identification:_identify(pid_tracking_results/run_20260724_231208) by extension 'ignore'
[1.512s] Level 1:colcon.colcon_core.package_identification:_identify(pid_tracking_results/run_20260724_231208) by extension 'ignore_ament_install'
[1.512s] Level 1:colcon.colcon_core.package_identification:_identify(pid_tracking_results/run_20260724_231208) by extensions ['colcon_pkg']
[1.512s] Level 1:colcon.colcon_core.package_identification:_identify(pid_tracking_results/run_20260724_231208) by extension 'colcon_pkg'
[1.512s] Level 1:colcon.colcon_core.package_identification:_identify(pid_tracking_results/run_20260724_231208) by extensions ['colcon_meta']
[1.513s] Level 1:colcon.colcon_core.package_identification:_identify(pid_tracking_results/run_20260724_231208) by extension 'colcon_meta'
[1.513s] Level 1:colcon.colcon_core.package_identification:_identify(pid_tracking_results/run_20260724_231208) by extensions ['ros']
[1.513s] Level 1:colcon.colcon_core.package_identification:_identify(pid_tracking_results/run_20260724_231208) by extension 'ros'
[1.513s] Level 1:colcon.colcon_core.package_identification:_identify(pid_tracking_results/run_20260724_231208) by extensions ['cmake', 'python']
[1.513s] Level 1:colcon.colcon_core.package_identification:_identify(pid_tracking_results/run_20260724_231208) by extension 'cmake'
[1.513s] Level 1:colcon.colcon_core.package_identification:_identify(pid_tracking_results/run_20260724_231208) by extension 'python'
[1.513s] Level 1:colcon.colcon_core.package_identification:_identify(pid_tracking_results/run_20260724_231208) by extensions ['python_setup_py']
[1.513s] Level 1:colcon.colcon_core.package_identification:_identify(pid_tracking_results/run_20260724_231208) by extension 'python_setup_py'
[1.513s] Level 1:colcon.colcon_core.package_identification:_identify(pid_tracking_results/run_20260724_231928) by extensions ['ignore', 'ignore_ament_install']
[1.514s] Level 1:colcon.colcon_core.package_identification:_identify(pid_tracking_results/run_20260724_231928) by extension 'ignore'
[1.514s] Level 1:colcon.colcon_core.package_identification:_identify(pid_tracking_results/run_20260724_231928) by extension 'ignore_ament_install'
[1.514s] Level 1:colcon.colcon_core.package_identification:_identify(pid_tracking_results/run_20260724_231928) by extensions ['colcon_pkg']
[1.514s] Level 1:colcon.colcon_core.package_identification:_identify(pid_tracking_results/run_20260724_231928) by extension 'colcon_pkg'
[1.514s] Level 1:colcon.colcon_core.package_identification:_identify(pid_tracking_results/run_20260724_231928) by extensions ['colcon_meta']
[1.514s] Level 1:colcon.colcon_core.package_identification:_identify(pid_tracking_results/run_20260724_231928) by extension 'colcon_meta'
[1.514s] Level 1:colcon.colcon_core.package_identification:_identify(pid_tracking_results/run_20260724_231928) by extensions ['ros']
[1.514s] Level 1:colcon.colcon_core.package_identification:_identify(pid_tracking_results/run_20260724_231928) by extension 'ros'
[1.515s] Level 1:colcon.colcon_core.package_identification:_identify(pid_tracking_results/run_20260724_231928) by extensions ['cmake', 'python']
[1.515s] Level 1:colcon.colcon_core.package_identification:_identify(pid_tracking_results/run_20260724_231928) by extension 'cmake'
[1.515s] Level 1:colcon.colcon_core.package_identification:_identify(pid_tracking_results/run_20260724_231928) by extension 'python'
[1.515s] Level 1:colcon.colcon_core.package_identification:_identify(pid_tracking_results/run_20260724_231928) by extensions ['python_setup_py']
[1.515s] Level 1:colcon.colcon_core.package_identification:_identify(pid_tracking_results/run_20260724_231928) by extension 'python_setup_py'
[1.515s] Level 1:colcon.colcon_core.package_identification:_identify(pid_tracking_results/run_20260724_232126) by extensions ['ignore', 'ignore_ament_install']
[1.515s] Level 1:colcon.colcon_core.package_identification:_identify(pid_tracking_results/run_20260724_232126) by extension 'ignore'
[1.516s] Level 1:colcon.colcon_core.package_identification:_identify(pid_tracking_results/run_20260724_232126) by extension 'ignore_ament_install'
[1.516s] Level 1:colcon.colcon_core.package_identification:_identify(pid_tracking_results/run_20260724_232126) by extensions ['colcon_pkg']
[1.516s] Level 1:colcon.colcon_core.package_identification:_identify(pid_tracking_results/run_20260724_232126) by extension 'colcon_pkg'
[1.516s] Level 1:colcon.colcon_core.package_identification:_identify(pid_tracking_results/run_20260724_232126) by extensions ['colcon_meta']
[1.516s] Level 1:colcon.colcon_core.package_identification:_identify(pid_tracking_results/run_20260724_232126) by extension 'colcon_meta'
[1.516s] Level 1:colcon.colcon_core.package_identification:_identify(pid_tracking_results/run_20260724_232126) by extensions ['ros']
[1.516s] Level 1:colcon.colcon_core.package_identification:_identify(pid_tracking_results/run_20260724_232126) by extension 'ros'
[1.516s] Level 1:colcon.colcon_core.package_identification:_identify(pid_tracking_results/run_20260724_232126) by extensions ['cmake', 'python']
[1.517s] Level 1:colcon.colcon_core.package_identification:_identify(pid_tracking_results/run_20260724_232126) by extension 'cmake'
[1.517s] Level 1:colcon.colcon_core.package_identification:_identify(pid_tracking_results/run_20260724_232126) by extension 'python'
[1.517s] Level 1:colcon.colcon_core.package_identification:_identify(pid_tracking_results/run_20260724_232126) by extensions ['python_setup_py']
[1.517s] Level 1:colcon.colcon_core.package_identification:_identify(pid_tracking_results/run_20260724_232126) by extension 'python_setup_py'
[1.517s] Level 1:colcon.colcon_core.package_identification:_identify(pid_tracking_results/run_20260725_102724) by extensions ['ignore', 'ignore_ament_install']
[1.517s] Level 1:colcon.colcon_core.package_identification:_identify(pid_tracking_results/run_20260725_102724) by extension 'ignore'
[1.517s] Level 1:colcon.colcon_core.package_identification:_identify(pid_tracking_results/run_20260725_102724) by extension 'ignore_ament_install'
[1.517s] Level 1:colcon.colcon_core.package_identification:_identify(pid_tracking_results/run_20260725_102724) by extensions ['colcon_pkg']
[1.518s] Level 1:colcon.colcon_core.package_identification:_identify(pid_tracking_results/run_20260725_102724) by extension 'colcon_pkg'
[1.518s] Level 1:colcon.colcon_core.package_identification:_identify(pid_tracking_results/run_20260725_102724) by extensions ['colcon_meta']
[1.518s] Level 1:colcon.colcon_core.package_identification:_identify(pid_tracking_results/run_20260725_102724) by extension 'colcon_meta'
[1.518s] Level 1:colcon.colcon_core.package_identification:_identify(pid_tracking_results/run_20260725_102724) by extensions ['ros']
[1.518s] Level 1:colcon.colcon_core.package_identification:_identify(pid_tracking_results/run_20260725_102724) by extension 'ros'
[1.518s] Level 1:colcon.colcon_core.package_identification:_identify(pid_tracking_results/run_20260725_102724) by extensions ['cmake', 'python']
[1.518s] Level 1:colcon.colcon_core.package_identification:_identify(pid_tracking_results/run_20260725_102724) by extension 'cmake'
[1.518s] Level 1:colcon.colcon_core.package_identification:_identify(pid_tracking_results/run_20260725_102724) by extension 'python'
[1.518s] Level 1:colcon.colcon_core.package_identification:_identify(pid_tracking_results/run_20260725_102724) by extensions ['python_setup_py']
[1.519s] Level 1:colcon.colcon_core.package_identification:_identify(pid_tracking_results/run_20260725_102724) by extension 'python_setup_py'
[1.519s] Level 1:colcon.colcon_core.package_identification:_identify(pid_tracking_results/run_20260725_102918) by extensions ['ignore', 'ignore_ament_install']
[1.519s] Level 1:colcon.colcon_core.package_identification:_identify(pid_tracking_results/run_20260725_102918) by extension 'ignore'
[1.519s] Level 1:colcon.colcon_core.package_identification:_identify(pid_tracking_results/run_20260725_102918) by extension 'ignore_ament_install'
[1.519s] Level 1:colcon.colcon_core.package_identification:_identify(pid_tracking_results/run_20260725_102918) by extensions ['colcon_pkg']
[1.519s] Level 1:colcon.colcon_core.package_identification:_identify(pid_tracking_results/run_20260725_102918) by extension 'colcon_pkg'
[1.519s] Level 1:colcon.colcon_core.package_identification:_identify(pid_tracking_results/run_20260725_102918) by extensions ['colcon_meta']
[1.519s] Level 1:colcon.colcon_core.package_identification:_identify(pid_tracking_results/run_20260725_102918) by extension 'colcon_meta'
[1.520s] Level 1:colcon.colcon_core.package_identification:_identify(pid_tracking_results/run_20260725_102918) by extensions ['ros']
[1.520s] Level 1:colcon.colcon_core.package_identification:_identify(pid_tracking_results/run_20260725_102918) by extension 'ros'
[1.520s] Level 1:colcon.colcon_core.package_identification:_identify(pid_tracking_results/run_20260725_102918) by extensions ['cmake', 'python']
[1.520s] Level 1:colcon.colcon_core.package_identification:_identify(pid_tracking_results/run_20260725_102918) by extension 'cmake'
[1.520s] Level 1:colcon.colcon_core.package_identification:_identify(pid_tracking_results/run_20260725_102918) by extension 'python'
[1.520s] Level 1:colcon.colcon_core.package_identification:_identify(pid_tracking_results/run_20260725_102918) by extensions ['python_setup_py']
[1.520s] Level 1:colcon.colcon_core.package_identification:_identify(pid_tracking_results/run_20260725_102918) by extension 'python_setup_py'
[1.521s] Level 1:colcon.colcon_core.package_identification:_identify(pid_tracking_results/run_20260725_103259) by extensions ['ignore', 'ignore_ament_install']
[1.521s] Level 1:colcon.colcon_core.package_identification:_identify(pid_tracking_results/run_20260725_103259) by extension 'ignore'
[1.521s] Level 1:colcon.colcon_core.package_identification:_identify(pid_tracking_results/run_20260725_103259) by extension 'ignore_ament_install'
[1.521s] Level 1:colcon.colcon_core.package_identification:_identify(pid_tracking_results/run_20260725_103259) by extensions ['colcon_pkg']
[1.521s] Level 1:colcon.colcon_core.package_identification:_identify(pid_tracking_results/run_20260725_103259) by extension 'colcon_pkg'
[1.521s] Level 1:colcon.colcon_core.package_identification:_identify(pid_tracking_results/run_20260725_103259) by extensions ['colcon_meta']
[1.521s] Level 1:colcon.colcon_core.package_identification:_identify(pid_tracking_results/run_20260725_103259) by extension 'colcon_meta'
[1.521s] Level 1:colcon.colcon_core.package_identification:_identify(pid_tracking_results/run_20260725_103259) by extensions ['ros']
[1.521s] Level 1:colcon.colcon_core.package_identification:_identify(pid_tracking_results/run_20260725_103259) by extension 'ros'
[1.522s] Level 1:colcon.colcon_core.package_identification:_identify(pid_tracking_results/run_20260725_103259) by extensions ['cmake', 'python']
[1.522s] Level 1:colcon.colcon_core.package_identification:_identify(pid_tracking_results/run_20260725_103259) by extension 'cmake'
[1.522s] Level 1:colcon.colcon_core.package_identification:_identify(pid_tracking_results/run_20260725_103259) by extension 'python'
[1.522s] Level 1:colcon.colcon_core.package_identification:_identify(pid_tracking_results/run_20260725_103259) by extensions ['python_setup_py']
[1.522s] Level 1:colcon.colcon_core.package_identification:_identify(pid_tracking_results/run_20260725_103259) by extension 'python_setup_py'
[1.522s] Level 1:colcon.colcon_core.package_identification:_identify(pid_tracking_results/run_20260725_103504) by extensions ['ignore', 'ignore_ament_install']
[1.522s] Level 1:colcon.colcon_core.package_identification:_identify(pid_tracking_results/run_20260725_103504) by extension 'ignore'
[1.523s] Level 1:colcon.colcon_core.package_identification:_identify(pid_tracking_results/run_20260725_103504) by extension 'ignore_ament_install'
[1.523s] Level 1:colcon.colcon_core.package_identification:_identify(pid_tracking_results/run_20260725_103504) by extensions ['colcon_pkg']
[1.523s] Level 1:colcon.colcon_core.package_identification:_identify(pid_tracking_results/run_20260725_103504) by extension 'colcon_pkg'
[1.523s] Level 1:colcon.colcon_core.package_identification:_identify(pid_tracking_results/run_20260725_103504) by extensions ['colcon_meta']
[1.523s] Level 1:colcon.colcon_core.package_identification:_identify(pid_tracking_results/run_20260725_103504) by extension 'colcon_meta'
[1.523s] Level 1:colcon.colcon_core.package_identification:_identify(pid_tracking_results/run_20260725_103504) by extensions ['ros']
[1.523s] Level 1:colcon.colcon_core.package_identification:_identify(pid_tracking_results/run_20260725_103504) by extension 'ros'
[1.523s] Level 1:colcon.colcon_core.package_identification:_identify(pid_tracking_results/run_20260725_103504) by extensions ['cmake', 'python']
[1.523s] Level 1:colcon.colcon_core.package_identification:_identify(pid_tracking_results/run_20260725_103504) by extension 'cmake'
[1.524s] Level 1:colcon.colcon_core.package_identification:_identify(pid_tracking_results/run_20260725_103504) by extension 'python'
[1.524s] Level 1:colcon.colcon_core.package_identification:_identify(pid_tracking_results/run_20260725_103504) by extensions ['python_setup_py']
[1.524s] Level 1:colcon.colcon_core.package_identification:_identify(pid_tracking_results/run_20260725_103504) by extension 'python_setup_py'
[1.524s] Level 1:colcon.colcon_core.package_identification:_identify(pid_tracking_results/run_20260725_103625) by extensions ['ignore', 'ignore_ament_install']
[1.524s] Level 1:colcon.colcon_core.package_identification:_identify(pid_tracking_results/run_20260725_103625) by extension 'ignore'
[1.524s] Level 1:colcon.colcon_core.package_identification:_identify(pid_tracking_results/run_20260725_103625) by extension 'ignore_ament_install'
[1.524s] Level 1:colcon.colcon_core.package_identification:_identify(pid_tracking_results/run_20260725_103625) by extensions ['colcon_pkg']
[1.525s] Level 1:colcon.colcon_core.package_identification:_identify(pid_tracking_results/run_20260725_103625) by extension 'colcon_pkg'
[1.525s] Level 1:colcon.colcon_core.package_identification:_identify(pid_tracking_results/run_20260725_103625) by extensions ['colcon_meta']
[1.525s] Level 1:colcon.colcon_core.package_identification:_identify(pid_tracking_results/run_20260725_103625) by extension 'colcon_meta'
[1.525s] Level 1:colcon.colcon_core.package_identification:_identify(pid_tracking_results/run_20260725_103625) by extensions ['ros']
[1.525s] Level 1:colcon.colcon_core.package_identification:_identify(pid_tracking_results/run_20260725_103625) by extension 'ros'
[1.525s] Level 1:colcon.colcon_core.package_identification:_identify(pid_tracking_results/run_20260725_103625) by extensions ['cmake', 'python']
[1.525s] Level 1:colcon.colcon_core.package_identification:_identify(pid_tracking_results/run_20260725_103625) by extension 'cmake'
[1.525s] Level 1:colcon.colcon_core.package_identification:_identify(pid_tracking_results/run_20260725_103625) by extension 'python'
[1.525s] Level 1:colcon.colcon_core.package_identification:_identify(pid_tracking_results/run_20260725_103625) by extensions ['python_setup_py']
[1.525s] Level 1:colcon.colcon_core.package_identification:_identify(pid_tracking_results/run_20260725_103625) by extension 'python_setup_py'
[1.526s] Level 1:colcon.colcon_core.package_identification:_identify(pid_tracking_results/run_20260725_103940) by extensions ['ignore', 'ignore_ament_install']
[1.526s] Level 1:colcon.colcon_core.package_identification:_identify(pid_tracking_results/run_20260725_103940) by extension 'ignore'
[1.526s] Level 1:colcon.colcon_core.package_identification:_identify(pid_tracking_results/run_20260725_103940) by extension 'ignore_ament_install'
[1.526s] Level 1:colcon.colcon_core.package_identification:_identify(pid_tracking_results/run_20260725_103940) by extensions ['colcon_pkg']
[1.526s] Level 1:colcon.colcon_core.package_identification:_identify(pid_tracking_results/run_20260725_103940) by extension 'colcon_pkg'
[1.526s] Level 1:colcon.colcon_core.package_identification:_identify(pid_tracking_results/run_20260725_103940) by extensions ['colcon_meta']
[1.526s] Level 1:colcon.colcon_core.package_identification:_identify(pid_tracking_results/run_20260725_103940) by extension 'colcon_meta'
[1.527s] Level 1:colcon.colcon_core.package_identification:_identify(pid_tracking_results/run_20260725_103940) by extensions ['ros']
[1.527s] Level 1:colcon.colcon_core.package_identification:_identify(pid_tracking_results/run_20260725_103940) by extension 'ros'
[1.527s] Level 1:colcon.colcon_core.package_identification:_identify(pid_tracking_results/run_20260725_103940) by extensions ['cmake', 'python']
[1.527s] Level 1:colcon.colcon_core.package_identification:_identify(pid_tracking_results/run_20260725_103940) by extension 'cmake'
[1.527s] Level 1:colcon.colcon_core.package_identification:_identify(pid_tracking_results/run_20260725_103940) by extension 'python'
[1.527s] Level 1:colcon.colcon_core.package_identification:_identify(pid_tracking_results/run_20260725_103940) by extensions ['python_setup_py']
[1.527s] Level 1:colcon.colcon_core.package_identification:_identify(pid_tracking_results/run_20260725_103940) by extension 'python_setup_py'
[1.527s] Level 1:colcon.colcon_core.package_identification:_identify(pid_tracking_results/run_20260725_104029) by extensions ['ignore', 'ignore_ament_install']
[1.528s] Level 1:colcon.colcon_core.package_identification:_identify(pid_tracking_results/run_20260725_104029) by extension 'ignore'
[1.528s] Level 1:colcon.colcon_core.package_identification:_identify(pid_tracking_results/run_20260725_104029) by extension 'ignore_ament_install'
[1.528s] Level 1:colcon.colcon_core.package_identification:_identify(pid_tracking_results/run_20260725_104029) by extensions ['colcon_pkg']
[1.528s] Level 1:colcon.colcon_core.package_identification:_identify(pid_tracking_results/run_20260725_104029) by extension 'colcon_pkg'
[1.528s] Level 1:colcon.colcon_core.package_identification:_identify(pid_tracking_results/run_20260725_104029) by extensions ['colcon_meta']
[1.528s] Level 1:colcon.colcon_core.package_identification:_identify(pid_tracking_results/run_20260725_104029) by extension 'colcon_meta'
[1.528s] Level 1:colcon.colcon_core.package_identification:_identify(pid_tracking_results/run_20260725_104029) by extensions ['ros']
[1.528s] Level 1:colcon.colcon_core.package_identification:_identify(pid_tracking_results/run_20260725_104029) by extension 'ros'
[1.529s] Level 1:colcon.colcon_core.package_identification:_identify(pid_tracking_results/run_20260725_104029) by extensions ['cmake', 'python']
[1.529s] Level 1:colcon.colcon_core.package_identification:_identify(pid_tracking_results/run_20260725_104029) by extension 'cmake'
[1.529s] Level 1:colcon.colcon_core.package_identification:_identify(pid_tracking_results/run_20260725_104029) by extension 'python'
[1.529s] Level 1:colcon.colcon_core.package_identification:_identify(pid_tracking_results/run_20260725_104029) by extensions ['python_setup_py']
[1.529s] Level 1:colcon.colcon_core.package_identification:_identify(pid_tracking_results/run_20260725_104029) by extension 'python_setup_py'
[1.529s] Level 1:colcon.colcon_core.package_identification:_identify(pid_tracking_results/run_20260725_104852) by extensions ['ignore', 'ignore_ament_install']
[1.529s] Level 1:colcon.colcon_core.package_identification:_identify(pid_tracking_results/run_20260725_104852) by extension 'ignore'
[1.529s] Level 1:colcon.colcon_core.package_identification:_identify(pid_tracking_results/run_20260725_104852) by extension 'ignore_ament_install'
[1.530s] Level 1:colcon.colcon_core.package_identification:_identify(pid_tracking_results/run_20260725_104852) by extensions ['colcon_pkg']
[1.530s] Level 1:colcon.colcon_core.package_identification:_identify(pid_tracking_results/run_20260725_104852) by extension 'colcon_pkg'
[1.530s] Level 1:colcon.colcon_core.package_identification:_identify(pid_tracking_results/run_20260725_104852) by extensions ['colcon_meta']
[1.530s] Level 1:colcon.colcon_core.package_identification:_identify(pid_tracking_results/run_20260725_104852) by extension 'colcon_meta'
[1.530s] Level 1:colcon.colcon_core.package_identification:_identify(pid_tracking_results/run_20260725_104852) by extensions ['ros']
[1.530s] Level 1:colcon.colcon_core.package_identification:_identify(pid_tracking_results/run_20260725_104852) by extension 'ros'
[1.530s] Level 1:colcon.colcon_core.package_identification:_identify(pid_tracking_results/run_20260725_104852) by extensions ['cmake', 'python']
[1.530s] Level 1:colcon.colcon_core.package_identification:_identify(pid_tracking_results/run_20260725_104852) by extension 'cmake'
[1.530s] Level 1:colcon.colcon_core.package_identification:_identify(pid_tracking_results/run_20260725_104852) by extension 'python'
[1.531s] Level 1:colcon.colcon_core.package_identification:_identify(pid_tracking_results/run_20260725_104852) by extensions ['python_setup_py']
[1.531s] Level 1:colcon.colcon_core.package_identification:_identify(pid_tracking_results/run_20260725_104852) by extension 'python_setup_py'
[1.531s] Level 1:colcon.colcon_core.package_identification:_identify(pid_tracking_results/run_20260725_105331) by extensions ['ignore', 'ignore_ament_install']
[1.531s] Level 1:colcon.colcon_core.package_identification:_identify(pid_tracking_results/run_20260725_105331) by extension 'ignore'
[1.531s] Level 1:colcon.colcon_core.package_identification:_identify(pid_tracking_results/run_20260725_105331) by extension 'ignore_ament_install'
[1.531s] Level 1:colcon.colcon_core.package_identification:_identify(pid_tracking_results/run_20260725_105331) by extensions ['colcon_pkg']
[1.531s] Level 1:colcon.colcon_core.package_identification:_identify(pid_tracking_results/run_20260725_105331) by extension 'colcon_pkg'
[1.532s] Level 1:colcon.colcon_core.package_identification:_identify(pid_tracking_results/run_20260725_105331) by extensions ['colcon_meta']
[1.532s] Level 1:colcon.colcon_core.package_identification:_identify(pid_tracking_results/run_20260725_105331) by extension 'colcon_meta'
[1.532s] Level 1:colcon.colcon_core.package_identification:_identify(pid_tracking_results/run_20260725_105331) by extensions ['ros']
[1.532s] Level 1:colcon.colcon_core.package_identification:_identify(pid_tracking_results/run_20260725_105331) by extension 'ros'
[1.532s] Level 1:colcon.colcon_core.package_identification:_identify(pid_tracking_results/run_20260725_105331) by extensions ['cmake', 'python']
[1.532s] Level 1:colcon.colcon_core.package_identification:_identify(pid_tracking_results/run_20260725_105331) by extension 'cmake'
[1.532s] Level 1:colcon.colcon_core.package_identification:_identify(pid_tracking_results/run_20260725_105331) by extension 'python'
[1.532s] Level 1:colcon.colcon_core.package_identification:_identify(pid_tracking_results/run_20260725_105331) by extensions ['python_setup_py']
[1.532s] Level 1:colcon.colcon_core.package_identification:_identify(pid_tracking_results/run_20260725_105331) by extension 'python_setup_py'
[1.533s] Level 1:colcon.colcon_core.package_identification:_identify(pid_tracking_results/run_20260725_105425) by extensions ['ignore', 'ignore_ament_install']
[1.533s] Level 1:colcon.colcon_core.package_identification:_identify(pid_tracking_results/run_20260725_105425) by extension 'ignore'
[1.533s] Level 1:colcon.colcon_core.package_identification:_identify(pid_tracking_results/run_20260725_105425) by extension 'ignore_ament_install'
[1.533s] Level 1:colcon.colcon_core.package_identification:_identify(pid_tracking_results/run_20260725_105425) by extensions ['colcon_pkg']
[1.533s] Level 1:colcon.colcon_core.package_identification:_identify(pid_tracking_results/run_20260725_105425) by extension 'colcon_pkg'
[1.533s] Level 1:colcon.colcon_core.package_identification:_identify(pid_tracking_results/run_20260725_105425) by extensions ['colcon_meta']
[1.533s] Level 1:colcon.colcon_core.package_identification:_identify(pid_tracking_results/run_20260725_105425) by extension 'colcon_meta'
[1.533s] Level 1:colcon.colcon_core.package_identification:_identify(pid_tracking_results/run_20260725_105425) by extensions ['ros']
[1.534s] Level 1:colcon.colcon_core.package_identification:_identify(pid_tracking_results/run_20260725_105425) by extension 'ros'
[1.534s] Level 1:colcon.colcon_core.package_identification:_identify(pid_tracking_results/run_20260725_105425) by extensions ['cmake', 'python']
[1.534s] Level 1:colcon.colcon_core.package_identification:_identify(pid_tracking_results/run_20260725_105425) by extension 'cmake'
[1.534s] Level 1:colcon.colcon_core.package_identification:_identify(pid_tracking_results/run_20260725_105425) by extension 'python'
[1.534s] Level 1:colcon.colcon_core.package_identification:_identify(pid_tracking_results/run_20260725_105425) by extensions ['python_setup_py']
[1.534s] Level 1:colcon.colcon_core.package_identification:_identify(pid_tracking_results/run_20260725_105425) by extension 'python_setup_py'
[1.534s] Level 1:colcon.colcon_core.package_identification:_identify(pid_tracking_results/run_20260725_105644) by extensions ['ignore', 'ignore_ament_install']
[1.535s] Level 1:colcon.colcon_core.package_identification:_identify(pid_tracking_results/run_20260725_105644) by extension 'ignore'
[1.535s] Level 1:colcon.colcon_core.package_identification:_identify(pid_tracking_results/run_20260725_105644) by extension 'ignore_ament_install'
[1.535s] Level 1:colcon.colcon_core.package_identification:_identify(pid_tracking_results/run_20260725_105644) by extensions ['colcon_pkg']
[1.535s] Level 1:colcon.colcon_core.package_identification:_identify(pid_tracking_results/run_20260725_105644) by extension 'colcon_pkg'
[1.535s] Level 1:colcon.colcon_core.package_identification:_identify(pid_tracking_results/run_20260725_105644) by extensions ['colcon_meta']
[1.535s] Level 1:colcon.colcon_core.package_identification:_identify(pid_tracking_results/run_20260725_105644) by extension 'colcon_meta'
[1.535s] Level 1:colcon.colcon_core.package_identification:_identify(pid_tracking_results/run_20260725_105644) by extensions ['ros']
[1.535s] Level 1:colcon.colcon_core.package_identification:_identify(pid_tracking_results/run_20260725_105644) by extension 'ros'
[1.535s] Level 1:colcon.colcon_core.package_identification:_identify(pid_tracking_results/run_20260725_105644) by extensions ['cmake', 'python']
[1.536s] Level 1:colcon.colcon_core.package_identification:_identify(pid_tracking_results/run_20260725_105644) by extension 'cmake'
[1.536s] Level 1:colcon.colcon_core.package_identification:_identify(pid_tracking_results/run_20260725_105644) by extension 'python'
[1.536s] Level 1:colcon.colcon_core.package_identification:_identify(pid_tracking_results/run_20260725_105644) by extensions ['python_setup_py']
[1.536s] Level 1:colcon.colcon_core.package_identification:_identify(pid_tracking_results/run_20260725_105644) by extension 'python_setup_py'
[1.536s] Level 1:colcon.colcon_core.package_identification:_identify(pid_tracking_results/run_20260725_105721) by extensions ['ignore', 'ignore_ament_install']
[1.536s] Level 1:colcon.colcon_core.package_identification:_identify(pid_tracking_results/run_20260725_105721) by extension 'ignore'
[1.536s] Level 1:colcon.colcon_core.package_identification:_identify(pid_tracking_results/run_20260725_105721) by extension 'ignore_ament_install'
[1.537s] Level 1:colcon.colcon_core.package_identification:_identify(pid_tracking_results/run_20260725_105721) by extensions ['colcon_pkg']
[1.537s] Level 1:colcon.colcon_core.package_identification:_identify(pid_tracking_results/run_20260725_105721) by extension 'colcon_pkg'
[1.537s] Level 1:colcon.colcon_core.package_identification:_identify(pid_tracking_results/run_20260725_105721) by extensions ['colcon_meta']
[1.537s] Level 1:colcon.colcon_core.package_identification:_identify(pid_tracking_results/run_20260725_105721) by extension 'colcon_meta'
[1.537s] Level 1:colcon.colcon_core.package_identification:_identify(pid_tracking_results/run_20260725_105721) by extensions ['ros']
[1.537s] Level 1:colcon.colcon_core.package_identification:_identify(pid_tracking_results/run_20260725_105721) by extension 'ros'
[1.537s] Level 1:colcon.colcon_core.package_identification:_identify(pid_tracking_results/run_20260725_105721) by extensions ['cmake', 'python']
[1.537s] Level 1:colcon.colcon_core.package_identification:_identify(pid_tracking_results/run_20260725_105721) by extension 'cmake'
[1.537s] Level 1:colcon.colcon_core.package_identification:_identify(pid_tracking_results/run_20260725_105721) by extension 'python'
[1.537s] Level 1:colcon.colcon_core.package_identification:_identify(pid_tracking_results/run_20260725_105721) by extensions ['python_setup_py']
[1.538s] Level 1:colcon.colcon_core.package_identification:_identify(pid_tracking_results/run_20260725_105721) by extension 'python_setup_py'
[1.538s] Level 1:colcon.colcon_core.package_identification:_identify(pid_tracking_results/run_20260725_110917) by extensions ['ignore', 'ignore_ament_install']
[1.538s] Level 1:colcon.colcon_core.package_identification:_identify(pid_tracking_results/run_20260725_110917) by extension 'ignore'
[1.538s] Level 1:colcon.colcon_core.package_identification:_identify(pid_tracking_results/run_20260725_110917) by extension 'ignore_ament_install'
[1.538s] Level 1:colcon.colcon_core.package_identification:_identify(pid_tracking_results/run_20260725_110917) by extensions ['colcon_pkg']
[1.538s] Level 1:colcon.colcon_core.package_identification:_identify(pid_tracking_results/run_20260725_110917) by extension 'colcon_pkg'
[1.538s] Level 1:colcon.colcon_core.package_identification:_identify(pid_tracking_results/run_20260725_110917) by extensions ['colcon_meta']
[1.538s] Level 1:colcon.colcon_core.package_identification:_identify(pid_tracking_results/run_20260725_110917) by extension 'colcon_meta'
[1.539s] Level 1:colcon.colcon_core.package_identification:_identify(pid_tracking_results/run_20260725_110917) by extensions ['ros']
[1.539s] Level 1:colcon.colcon_core.package_identification:_identify(pid_tracking_results/run_20260725_110917) by extension 'ros'
[1.539s] Level 1:colcon.colcon_core.package_identification:_identify(pid_tracking_results/run_20260725_110917) by extensions ['cmake', 'python']
[1.539s] Level 1:colcon.colcon_core.package_identification:_identify(pid_tracking_results/run_20260725_110917) by extension 'cmake'
[1.539s] Level 1:colcon.colcon_core.package_identification:_identify(pid_tracking_results/run_20260725_110917) by extension 'python'
[1.539s] Level 1:colcon.colcon_core.package_identification:_identify(pid_tracking_results/run_20260725_110917) by extensions ['python_setup_py']
[1.539s] Level 1:colcon.colcon_core.package_identification:_identify(pid_tracking_results/run_20260725_110917) by extension 'python_setup_py'
[1.540s] Level 1:colcon.colcon_core.package_identification:_identify(pid_tracking_results/run_20260725_111108) by extensions ['ignore', 'ignore_ament_install']
[1.540s] Level 1:colcon.colcon_core.package_identification:_identify(pid_tracking_results/run_20260725_111108) by extension 'ignore'
[1.540s] Level 1:colcon.colcon_core.package_identification:_identify(pid_tracking_results/run_20260725_111108) by extension 'ignore_ament_install'
[1.540s] Level 1:colcon.colcon_core.package_identification:_identify(pid_tracking_results/run_20260725_111108) by extensions ['colcon_pkg']
[1.540s] Level 1:colcon.colcon_core.package_identification:_identify(pid_tracking_results/run_20260725_111108) by extension 'colcon_pkg'
[1.540s] Level 1:colcon.colcon_core.package_identification:_identify(pid_tracking_results/run_20260725_111108) by extensions ['colcon_meta']
[1.540s] Level 1:colcon.colcon_core.package_identification:_identify(pid_tracking_results/run_20260725_111108) by extension 'colcon_meta'
[1.540s] Level 1:colcon.colcon_core.package_identification:_identify(pid_tracking_results/run_20260725_111108) by extensions ['ros']
[1.540s] Level 1:colcon.colcon_core.package_identification:_identify(pid_tracking_results/run_20260725_111108) by extension 'ros'
[1.541s] Level 1:colcon.colcon_core.package_identification:_identify(pid_tracking_results/run_20260725_111108) by extensions ['cmake', 'python']
[1.541s] Level 1:colcon.colcon_core.package_identification:_identify(pid_tracking_results/run_20260725_111108) by extension 'cmake'
[1.541s] Level 1:colcon.colcon_core.package_identification:_identify(pid_tracking_results/run_20260725_111108) by extension 'python'
[1.541s] Level 1:colcon.colcon_core.package_identification:_identify(pid_tracking_results/run_20260725_111108) by extensions ['python_setup_py']
[1.541s] Level 1:colcon.colcon_core.package_identification:_identify(pid_tracking_results/run_20260725_111108) by extension 'python_setup_py'
[1.541s] Level 1:colcon.colcon_core.package_identification:_identify(pid_tracking_results/run_20260725_111357) by extensions ['ignore', 'ignore_ament_install']
[1.541s] Level 1:colcon.colcon_core.package_identification:_identify(pid_tracking_results/run_20260725_111357) by extension 'ignore'
[1.542s] Level 1:colcon.colcon_core.package_identification:_identify(pid_tracking_results/run_20260725_111357) by extension 'ignore_ament_install'
[1.542s] Level 1:colcon.colcon_core.package_identification:_identify(pid_tracking_results/run_20260725_111357) by extensions ['colcon_pkg']
[1.542s] Level 1:colcon.colcon_core.package_identification:_identify(pid_tracking_results/run_20260725_111357) by extension 'colcon_pkg'
[1.542s] Level 1:colcon.colcon_core.package_identification:_identify(pid_tracking_results/run_20260725_111357) by extensions ['colcon_meta']
[1.542s] Level 1:colcon.colcon_core.package_identification:_identify(pid_tracking_results/run_20260725_111357) by extension 'colcon_meta'
[1.542s] Level 1:colcon.colcon_core.package_identification:_identify(pid_tracking_results/run_20260725_111357) by extensions ['ros']
[1.542s] Level 1:colcon.colcon_core.package_identification:_identify(pid_tracking_results/run_20260725_111357) by extension 'ros'
[1.542s] Level 1:colcon.colcon_core.package_identification:_identify(pid_tracking_results/run_20260725_111357) by extensions ['cmake', 'python']
[1.542s] Level 1:colcon.colcon_core.package_identification:_identify(pid_tracking_results/run_20260725_111357) by extension 'cmake'
[1.543s] Level 1:colcon.colcon_core.package_identification:_identify(pid_tracking_results/run_20260725_111357) by extension 'python'
[1.543s] Level 1:colcon.colcon_core.package_identification:_identify(pid_tracking_results/run_20260725_111357) by extensions ['python_setup_py']
[1.543s] Level 1:colcon.colcon_core.package_identification:_identify(pid_tracking_results/run_20260725_111357) by extension 'python_setup_py'
[1.543s] Level 1:colcon.colcon_core.package_identification:_identify(pid_tracking_results/run_20260725_111656) by extensions ['ignore', 'ignore_ament_install']
[1.543s] Level 1:colcon.colcon_core.package_identification:_identify(pid_tracking_results/run_20260725_111656) by extension 'ignore'
[1.543s] Level 1:colcon.colcon_core.package_identification:_identify(pid_tracking_results/run_20260725_111656) by extension 'ignore_ament_install'
[1.543s] Level 1:colcon.colcon_core.package_identification:_identify(pid_tracking_results/run_20260725_111656) by extensions ['colcon_pkg']
[1.544s] Level 1:colcon.colcon_core.package_identification:_identify(pid_tracking_results/run_20260725_111656) by extension 'colcon_pkg'
[1.544s] Level 1:colcon.colcon_core.package_identification:_identify(pid_tracking_results/run_20260725_111656) by extensions ['colcon_meta']
[1.544s] Level 1:colcon.colcon_core.package_identification:_identify(pid_tracking_results/run_20260725_111656) by extension 'colcon_meta'
[1.544s] Level 1:colcon.colcon_core.package_identification:_identify(pid_tracking_results/run_20260725_111656) by extensions ['ros']
[1.544s] Level 1:colcon.colcon_core.package_identification:_identify(pid_tracking_results/run_20260725_111656) by extension 'ros'
[1.544s] Level 1:colcon.colcon_core.package_identification:_identify(pid_tracking_results/run_20260725_111656) by extensions ['cmake', 'python']
[1.544s] Level 1:colcon.colcon_core.package_identification:_identify(pid_tracking_results/run_20260725_111656) by extension 'cmake'
[1.544s] Level 1:colcon.colcon_core.package_identification:_identify(pid_tracking_results/run_20260725_111656) by extension 'python'
[1.544s] Level 1:colcon.colcon_core.package_identification:_identify(pid_tracking_results/run_20260725_111656) by extensions ['python_setup_py']
[1.545s] Level 1:colcon.colcon_core.package_identification:_identify(pid_tracking_results/run_20260725_111656) by extension 'python_setup_py'
[1.545s] Level 1:colcon.colcon_core.package_identification:_identify(pid_tracking_results/run_20260725_111708) by extensions ['ignore', 'ignore_ament_install']
[1.545s] Level 1:colcon.colcon_core.package_identification:_identify(pid_tracking_results/run_20260725_111708) by extension 'ignore'
[1.545s] Level 1:colcon.colcon_core.package_identification:_identify(pid_tracking_results/run_20260725_111708) by extension 'ignore_ament_install'
[1.545s] Level 1:colcon.colcon_core.package_identification:_identify(pid_tracking_results/run_20260725_111708) by extensions ['colcon_pkg']
[1.545s] Level 1:colcon.colcon_core.package_identification:_identify(pid_tracking_results/run_20260725_111708) by extension 'colcon_pkg'
[1.545s] Level 1:colcon.colcon_core.package_identification:_identify(pid_tracking_results/run_20260725_111708) by extensions ['colcon_meta']
[1.545s] Level 1:colcon.colcon_core.package_identification:_identify(pid_tracking_results/run_20260725_111708) by extension 'colcon_meta'
[1.546s] Level 1:colcon.colcon_core.package_identification:_identify(pid_tracking_results/run_20260725_111708) by extensions ['ros']
[1.546s] Level 1:colcon.colcon_core.package_identification:_identify(pid_tracking_results/run_20260725_111708) by extension 'ros'
[1.546s] Level 1:colcon.colcon_core.package_identification:_identify(pid_tracking_results/run_20260725_111708) by extensions ['cmake', 'python']
[1.546s] Level 1:colcon.colcon_core.package_identification:_identify(pid_tracking_results/run_20260725_111708) by extension 'cmake'
[1.546s] Level 1:colcon.colcon_core.package_identification:_identify(pid_tracking_results/run_20260725_111708) by extension 'python'
[1.546s] Level 1:colcon.colcon_core.package_identification:_identify(pid_tracking_results/run_20260725_111708) by extensions ['python_setup_py']
[1.546s] Level 1:colcon.colcon_core.package_identification:_identify(pid_tracking_results/run_20260725_111708) by extension 'python_setup_py'
[1.546s] Level 1:colcon.colcon_core.package_identification:_identify(pid_tracking_results/run_20260725_112255) by extensions ['ignore', 'ignore_ament_install']
[1.547s] Level 1:colcon.colcon_core.package_identification:_identify(pid_tracking_results/run_20260725_112255) by extension 'ignore'
[1.547s] Level 1:colcon.colcon_core.package_identification:_identify(pid_tracking_results/run_20260725_112255) by extension 'ignore_ament_install'
[1.547s] Level 1:colcon.colcon_core.package_identification:_identify(pid_tracking_results/run_20260725_112255) by extensions ['colcon_pkg']
[1.547s] Level 1:colcon.colcon_core.package_identification:_identify(pid_tracking_results/run_20260725_112255) by extension 'colcon_pkg'
[1.547s] Level 1:colcon.colcon_core.package_identification:_identify(pid_tracking_results/run_20260725_112255) by extensions ['colcon_meta']
[1.547s] Level 1:colcon.colcon_core.package_identification:_identify(pid_tracking_results/run_20260725_112255) by extension 'colcon_meta'
[1.547s] Level 1:colcon.colcon_core.package_identification:_identify(pid_tracking_results/run_20260725_112255) by extensions ['ros']
[1.547s] Level 1:colcon.colcon_core.package_identification:_identify(pid_tracking_results/run_20260725_112255) by extension 'ros'
[1.548s] Level 1:colcon.colcon_core.package_identification:_identify(pid_tracking_results/run_20260725_112255) by extensions ['cmake', 'python']
[1.548s] Level 1:colcon.colcon_core.package_identification:_identify(pid_tracking_results/run_20260725_112255) by extension 'cmake'
[1.548s] Level 1:colcon.colcon_core.package_identification:_identify(pid_tracking_results/run_20260725_112255) by extension 'python'
[1.548s] Level 1:colcon.colcon_core.package_identification:_identify(pid_tracking_results/run_20260725_112255) by extensions ['python_setup_py']
[1.548s] Level 1:colcon.colcon_core.package_identification:_identify(pid_tracking_results/run_20260725_112255) by extension 'python_setup_py'
[1.548s] Level 1:colcon.colcon_core.package_identification:_identify(pid_tracking_results/run_20260725_201102) by extensions ['ignore', 'ignore_ament_install']
[1.548s] Level 1:colcon.colcon_core.package_identification:_identify(pid_tracking_results/run_20260725_201102) by extension 'ignore'
[1.549s] Level 1:colcon.colcon_core.package_identification:_identify(pid_tracking_results/run_20260725_201102) by extension 'ignore_ament_install'
[1.549s] Level 1:colcon.colcon_core.package_identification:_identify(pid_tracking_results/run_20260725_201102) by extensions ['colcon_pkg']
[1.549s] Level 1:colcon.colcon_core.package_identification:_identify(pid_tracking_results/run_20260725_201102) by extension 'colcon_pkg'
[1.549s] Level 1:colcon.colcon_core.package_identification:_identify(pid_tracking_results/run_20260725_201102) by extensions ['colcon_meta']
[1.549s] Level 1:colcon.colcon_core.package_identification:_identify(pid_tracking_results/run_20260725_201102) by extension 'colcon_meta'
[1.549s] Level 1:colcon.colcon_core.package_identification:_identify(pid_tracking_results/run_20260725_201102) by extensions ['ros']
[1.549s] Level 1:colcon.colcon_core.package_identification:_identify(pid_tracking_results/run_20260725_201102) by extension 'ros'
[1.549s] Level 1:colcon.colcon_core.package_identification:_identify(pid_tracking_results/run_20260725_201102) by extensions ['cmake', 'python']
[1.549s] Level 1:colcon.colcon_core.package_identification:_identify(pid_tracking_results/run_20260725_201102) by extension 'cmake'
[1.550s] Level 1:colcon.colcon_core.package_identification:_identify(pid_tracking_results/run_20260725_201102) by extension 'python'
[1.550s] Level 1:colcon.colcon_core.package_identification:_identify(pid_tracking_results/run_20260725_201102) by extensions ['python_setup_py']
[1.550s] Level 1:colcon.colcon_core.package_identification:_identify(pid_tracking_results/run_20260725_201102) by extension 'python_setup_py'
[1.550s] Level 1:colcon.colcon_core.package_identification:_identify(pid_tracking_results/run_20260725_201401) by extensions ['ignore', 'ignore_ament_install']
[1.550s] Level 1:colcon.colcon_core.package_identification:_identify(pid_tracking_results/run_20260725_201401) by extension 'ignore'
[1.550s] Level 1:colcon.colcon_core.package_identification:_identify(pid_tracking_results/run_20260725_201401) by extension 'ignore_ament_install'
[1.550s] Level 1:colcon.colcon_core.package_identification:_identify(pid_tracking_results/run_20260725_201401) by extensions ['colcon_pkg']
[1.551s] Level 1:colcon.colcon_core.package_identification:_identify(pid_tracking_results/run_20260725_201401) by extension 'colcon_pkg'
[1.551s] Level 1:colcon.colcon_core.package_identification:_identify(pid_tracking_results/run_20260725_201401) by extensions ['colcon_meta']
[1.551s] Level 1:colcon.colcon_core.package_identification:_identify(pid_tracking_results/run_20260725_201401) by extension 'colcon_meta'
[1.551s] Level 1:colcon.colcon_core.package_identification:_identify(pid_tracking_results/run_20260725_201401) by extensions ['ros']
[1.551s] Level 1:colcon.colcon_core.package_identification:_identify(pid_tracking_results/run_20260725_201401) by extension 'ros'
[1.551s] Level 1:colcon.colcon_core.package_identification:_identify(pid_tracking_results/run_20260725_201401) by extensions ['cmake', 'python']
[1.551s] Level 1:colcon.colcon_core.package_identification:_identify(pid_tracking_results/run_20260725_201401) by extension 'cmake'
[1.551s] Level 1:colcon.colcon_core.package_identification:_identify(pid_tracking_results/run_20260725_201401) by extension 'python'
[1.551s] Level 1:colcon.colcon_core.package_identification:_identify(pid_tracking_results/run_20260725_201401) by extensions ['python_setup_py']
[1.552s] Level 1:colcon.colcon_core.package_identification:_identify(pid_tracking_results/run_20260725_201401) by extension 'python_setup_py'
[1.552s] Level 1:colcon.colcon_core.package_identification:_identify(pid_tracking_results/run_20260725_201800) by extensions ['ignore', 'ignore_ament_install']
[1.552s] Level 1:colcon.colcon_core.package_identification:_identify(pid_tracking_results/run_20260725_201800) by extension 'ignore'
[1.552s] Level 1:colcon.colcon_core.package_identification:_identify(pid_tracking_results/run_20260725_201800) by extension 'ignore_ament_install'
[1.552s] Level 1:colcon.colcon_core.package_identification:_identify(pid_tracking_results/run_20260725_201800) by extensions ['colcon_pkg']
[1.552s] Level 1:colcon.colcon_core.package_identification:_identify(pid_tracking_results/run_20260725_201800) by extension 'colcon_pkg'
[1.552s] Level 1:colcon.colcon_core.package_identification:_identify(pid_tracking_results/run_20260725_201800) by extensions ['colcon_meta']
[1.553s] Level 1:colcon.colcon_core.package_identification:_identify(pid_tracking_results/run_20260725_201800) by extension 'colcon_meta'
[1.553s] Level 1:colcon.colcon_core.package_identification:_identify(pid_tracking_results/run_20260725_201800) by extensions ['ros']
[1.553s] Level 1:colcon.colcon_core.package_identification:_identify(pid_tracking_results/run_20260725_201800) by extension 'ros'
[1.553s] Level 1:colcon.colcon_core.package_identification:_identify(pid_tracking_results/run_20260725_201800) by extensions ['cmake', 'python']
[1.553s] Level 1:colcon.colcon_core.package_identification:_identify(pid_tracking_results/run_20260725_201800) by extension 'cmake'
[1.553s] Level 1:colcon.colcon_core.package_identification:_identify(pid_tracking_results/run_20260725_201800) by extension 'python'
[1.553s] Level 1:colcon.colcon_core.package_identification:_identify(pid_tracking_results/run_20260725_201800) by extensions ['python_setup_py']
[1.553s] Level 1:colcon.colcon_core.package_identification:_identify(pid_tracking_results/run_20260725_201800) by extension 'python_setup_py'
[1.553s] Level 1:colcon.colcon_core.package_identification:_identify(pid_tracking_results/run_20260726_183417) by extensions ['ignore', 'ignore_ament_install']
[1.554s] Level 1:colcon.colcon_core.package_identification:_identify(pid_tracking_results/run_20260726_183417) by extension 'ignore'
[1.554s] Level 1:colcon.colcon_core.package_identification:_identify(pid_tracking_results/run_20260726_183417) by extension 'ignore_ament_install'
[1.554s] Level 1:colcon.colcon_core.package_identification:_identify(pid_tracking_results/run_20260726_183417) by extensions ['colcon_pkg']
[1.554s] Level 1:colcon.colcon_core.package_identification:_identify(pid_tracking_results/run_20260726_183417) by extension 'colcon_pkg'
[1.554s] Level 1:colcon.colcon_core.package_identification:_identify(pid_tracking_results/run_20260726_183417) by extensions ['colcon_meta']
[1.554s] Level 1:colcon.colcon_core.package_identification:_identify(pid_tracking_results/run_20260726_183417) by extension 'colcon_meta'
[1.554s] Level 1:colcon.colcon_core.package_identification:_identify(pid_tracking_results/run_20260726_183417) by extensions ['ros']
[1.554s] Level 1:colcon.colcon_core.package_identification:_identify(pid_tracking_results/run_20260726_183417) by extension 'ros'
[1.555s] Level 1:colcon.colcon_core.package_identification:_identify(pid_tracking_results/run_20260726_183417) by extensions ['cmake', 'python']
[1.555s] Level 1:colcon.colcon_core.package_identification:_identify(pid_tracking_results/run_20260726_183417) by extension 'cmake'
[1.555s] Level 1:colcon.colcon_core.package_identification:_identify(pid_tracking_results/run_20260726_183417) by extension 'python'
[1.555s] Level 1:colcon.colcon_core.package_identification:_identify(pid_tracking_results/run_20260726_183417) by extensions ['python_setup_py']
[1.555s] Level 1:colcon.colcon_core.package_identification:_identify(pid_tracking_results/run_20260726_183417) by extension 'python_setup_py'
[1.555s] Level 1:colcon.colcon_core.package_identification:_identify(pid_tracking_results/run_20260726_183651) by extensions ['ignore', 'ignore_ament_install']
[1.555s] Level 1:colcon.colcon_core.package_identification:_identify(pid_tracking_results/run_20260726_183651) by extension 'ignore'
[1.555s] Level 1:colcon.colcon_core.package_identification:_identify(pid_tracking_results/run_20260726_183651) by extension 'ignore_ament_install'
[1.556s] Level 1:colcon.colcon_core.package_identification:_identify(pid_tracking_results/run_20260726_183651) by extensions ['colcon_pkg']
[1.556s] Level 1:colcon.colcon_core.package_identification:_identify(pid_tracking_results/run_20260726_183651) by extension 'colcon_pkg'
[1.556s] Level 1:colcon.colcon_core.package_identification:_identify(pid_tracking_results/run_20260726_183651) by extensions ['colcon_meta']
[1.556s] Level 1:colcon.colcon_core.package_identification:_identify(pid_tracking_results/run_20260726_183651) by extension 'colcon_meta'
[1.556s] Level 1:colcon.colcon_core.package_identification:_identify(pid_tracking_results/run_20260726_183651) by extensions ['ros']
[1.556s] Level 1:colcon.colcon_core.package_identification:_identify(pid_tracking_results/run_20260726_183651) by extension 'ros'
[1.556s] Level 1:colcon.colcon_core.package_identification:_identify(pid_tracking_results/run_20260726_183651) by extensions ['cmake', 'python']
[1.556s] Level 1:colcon.colcon_core.package_identification:_identify(pid_tracking_results/run_20260726_183651) by extension 'cmake'
[1.557s] Level 1:colcon.colcon_core.package_identification:_identify(pid_tracking_results/run_20260726_183651) by extension 'python'
[1.557s] Level 1:colcon.colcon_core.package_identification:_identify(pid_tracking_results/run_20260726_183651) by extensions ['python_setup_py']
[1.557s] Level 1:colcon.colcon_core.package_identification:_identify(pid_tracking_results/run_20260726_183651) by extension 'python_setup_py'
[1.557s] Level 1:colcon.colcon_core.package_identification:_identify(pid_tracking_results/run_20260726_183824) by extensions ['ignore', 'ignore_ament_install']
[1.557s] Level 1:colcon.colcon_core.package_identification:_identify(pid_tracking_results/run_20260726_183824) by extension 'ignore'
[1.557s] Level 1:colcon.colcon_core.package_identification:_identify(pid_tracking_results/run_20260726_183824) by extension 'ignore_ament_install'
[1.557s] Level 1:colcon.colcon_core.package_identification:_identify(pid_tracking_results/run_20260726_183824) by extensions ['colcon_pkg']
[1.557s] Level 1:colcon.colcon_core.package_identification:_identify(pid_tracking_results/run_20260726_183824) by extension 'colcon_pkg'
[1.558s] Level 1:colcon.colcon_core.package_identification:_identify(pid_tracking_results/run_20260726_183824) by extensions ['colcon_meta']
[1.558s] Level 1:colcon.colcon_core.package_identification:_identify(pid_tracking_results/run_20260726_183824) by extension 'colcon_meta'
[1.558s] Level 1:colcon.colcon_core.package_identification:_identify(pid_tracking_results/run_20260726_183824) by extensions ['ros']
[1.558s] Level 1:colcon.colcon_core.package_identification:_identify(pid_tracking_results/run_20260726_183824) by extension 'ros'
[1.558s] Level 1:colcon.colcon_core.package_identification:_identify(pid_tracking_results/run_20260726_183824) by extensions ['cmake', 'python']
[1.558s] Level 1:colcon.colcon_core.package_identification:_identify(pid_tracking_results/run_20260726_183824) by extension 'cmake'
[1.558s] Level 1:colcon.colcon_core.package_identification:_identify(pid_tracking_results/run_20260726_183824) by extension 'python'
[1.558s] Level 1:colcon.colcon_core.package_identification:_identify(pid_tracking_results/run_20260726_183824) by extensions ['python_setup_py']
[1.558s] Level 1:colcon.colcon_core.package_identification:_identify(pid_tracking_results/run_20260726_183824) by extension 'python_setup_py'
[1.559s] Level 1:colcon.colcon_core.package_identification:_identify(pid_tracking_results/run_20260726_184759) by extensions ['ignore', 'ignore_ament_install']
[1.559s] Level 1:colcon.colcon_core.package_identification:_identify(pid_tracking_results/run_20260726_184759) by extension 'ignore'
[1.559s] Level 1:colcon.colcon_core.package_identification:_identify(pid_tracking_results/run_20260726_184759) by extension 'ignore_ament_install'
[1.559s] Level 1:colcon.colcon_core.package_identification:_identify(pid_tracking_results/run_20260726_184759) by extensions ['colcon_pkg']
[1.559s] Level 1:colcon.colcon_core.package_identification:_identify(pid_tracking_results/run_20260726_184759) by extension 'colcon_pkg'
[1.559s] Level 1:colcon.colcon_core.package_identification:_identify(pid_tracking_results/run_20260726_184759) by extensions ['colcon_meta']
[1.559s] Level 1:colcon.colcon_core.package_identification:_identify(pid_tracking_results/run_20260726_184759) by extension 'colcon_meta'
[1.559s] Level 1:colcon.colcon_core.package_identification:_identify(pid_tracking_results/run_20260726_184759) by extensions ['ros']
[1.560s] Level 1:colcon.colcon_core.package_identification:_identify(pid_tracking_results/run_20260726_184759) by extension 'ros'
[1.560s] Level 1:colcon.colcon_core.package_identification:_identify(pid_tracking_results/run_20260726_184759) by extensions ['cmake', 'python']
[1.560s] Level 1:colcon.colcon_core.package_identification:_identify(pid_tracking_results/run_20260726_184759) by extension 'cmake'
[1.560s] Level 1:colcon.colcon_core.package_identification:_identify(pid_tracking_results/run_20260726_184759) by extension 'python'
[1.560s] Level 1:colcon.colcon_core.package_identification:_identify(pid_tracking_results/run_20260726_184759) by extensions ['python_setup_py']
[1.560s] Level 1:colcon.colcon_core.package_identification:_identify(pid_tracking_results/run_20260726_184759) by extension 'python_setup_py'
[1.560s] Level 1:colcon.colcon_core.package_identification:_identify(pid_tracking_results/run_20260726_185937) by extensions ['ignore', 'ignore_ament_install']
[1.561s] Level 1:colcon.colcon_core.package_identification:_identify(pid_tracking_results/run_20260726_185937) by extension 'ignore'
[1.561s] Level 1:colcon.colcon_core.package_identification:_identify(pid_tracking_results/run_20260726_185937) by extension 'ignore_ament_install'
[1.561s] Level 1:colcon.colcon_core.package_identification:_identify(pid_tracking_results/run_20260726_185937) by extensions ['colcon_pkg']
[1.561s] Level 1:colcon.colcon_core.package_identification:_identify(pid_tracking_results/run_20260726_185937) by extension 'colcon_pkg'
[1.561s] Level 1:colcon.colcon_core.package_identification:_identify(pid_tracking_results/run_20260726_185937) by extensions ['colcon_meta']
[1.561s] Level 1:colcon.colcon_core.package_identification:_identify(pid_tracking_results/run_20260726_185937) by extension 'colcon_meta'
[1.561s] Level 1:colcon.colcon_core.package_identification:_identify(pid_tracking_results/run_20260726_185937) by extensions ['ros']
[1.561s] Level 1:colcon.colcon_core.package_identification:_identify(pid_tracking_results/run_20260726_185937) by extension 'ros'
[1.562s] Level 1:colcon.colcon_core.package_identification:_identify(pid_tracking_results/run_20260726_185937) by extensions ['cmake', 'python']
[1.562s] Level 1:colcon.colcon_core.package_identification:_identify(pid_tracking_results/run_20260726_185937) by extension 'cmake'
[1.562s] Level 1:colcon.colcon_core.package_identification:_identify(pid_tracking_results/run_20260726_185937) by extension 'python'
[1.562s] Level 1:colcon.colcon_core.package_identification:_identify(pid_tracking_results/run_20260726_185937) by extensions ['python_setup_py']
[1.562s] Level 1:colcon.colcon_core.package_identification:_identify(pid_tracking_results/run_20260726_185937) by extension 'python_setup_py'
[1.562s] Level 1:colcon.colcon_core.package_identification:_identify(pid_tracking_results/run_20260726_190145) by extensions ['ignore', 'ignore_ament_install']
[1.562s] Level 1:colcon.colcon_core.package_identification:_identify(pid_tracking_results/run_20260726_190145) by extension 'ignore'
[1.563s] Level 1:colcon.colcon_core.package_identification:_identify(pid_tracking_results/run_20260726_190145) by extension 'ignore_ament_install'
[1.563s] Level 1:colcon.colcon_core.package_identification:_identify(pid_tracking_results/run_20260726_190145) by extensions ['colcon_pkg']
[1.563s] Level 1:colcon.colcon_core.package_identification:_identify(pid_tracking_results/run_20260726_190145) by extension 'colcon_pkg'
[1.563s] Level 1:colcon.colcon_core.package_identification:_identify(pid_tracking_results/run_20260726_190145) by extensions ['colcon_meta']
[1.563s] Level 1:colcon.colcon_core.package_identification:_identify(pid_tracking_results/run_20260726_190145) by extension 'colcon_meta'
[1.563s] Level 1:colcon.colcon_core.package_identification:_identify(pid_tracking_results/run_20260726_190145) by extensions ['ros']
[1.563s] Level 1:colcon.colcon_core.package_identification:_identify(pid_tracking_results/run_20260726_190145) by extension 'ros'
[1.563s] Level 1:colcon.colcon_core.package_identification:_identify(pid_tracking_results/run_20260726_190145) by extensions ['cmake', 'python']
[1.563s] Level 1:colcon.colcon_core.package_identification:_identify(pid_tracking_results/run_20260726_190145) by extension 'cmake'
[1.564s] Level 1:colcon.colcon_core.package_identification:_identify(pid_tracking_results/run_20260726_190145) by extension 'python'
[1.564s] Level 1:colcon.colcon_core.package_identification:_identify(pid_tracking_results/run_20260726_190145) by extensions ['python_setup_py']
[1.564s] Level 1:colcon.colcon_core.package_identification:_identify(pid_tracking_results/run_20260726_190145) by extension 'python_setup_py'
[1.564s] Level 1:colcon.colcon_core.package_identification:_identify(pid_tracking_results/run_20260726_190250) by extensions ['ignore', 'ignore_ament_install']
[1.564s] Level 1:colcon.colcon_core.package_identification:_identify(pid_tracking_results/run_20260726_190250) by extension 'ignore'
[1.564s] Level 1:colcon.colcon_core.package_identification:_identify(pid_tracking_results/run_20260726_190250) by extension 'ignore_ament_install'
[1.564s] Level 1:colcon.colcon_core.package_identification:_identify(pid_tracking_results/run_20260726_190250) by extensions ['colcon_pkg']
[1.564s] Level 1:colcon.colcon_core.package_identification:_identify(pid_tracking_results/run_20260726_190250) by extension 'colcon_pkg'
[1.565s] Level 1:colcon.colcon_core.package_identification:_identify(pid_tracking_results/run_20260726_190250) by extensions ['colcon_meta']
[1.565s] Level 1:colcon.colcon_core.package_identification:_identify(pid_tracking_results/run_20260726_190250) by extension 'colcon_meta'
[1.565s] Level 1:colcon.colcon_core.package_identification:_identify(pid_tracking_results/run_20260726_190250) by extensions ['ros']
[1.565s] Level 1:colcon.colcon_core.package_identification:_identify(pid_tracking_results/run_20260726_190250) by extension 'ros'
[1.565s] Level 1:colcon.colcon_core.package_identification:_identify(pid_tracking_results/run_20260726_190250) by extensions ['cmake', 'python']
[1.565s] Level 1:colcon.colcon_core.package_identification:_identify(pid_tracking_results/run_20260726_190250) by extension 'cmake'
[1.565s] Level 1:colcon.colcon_core.package_identification:_identify(pid_tracking_results/run_20260726_190250) by extension 'python'
[1.565s] Level 1:colcon.colcon_core.package_identification:_identify(pid_tracking_results/run_20260726_190250) by extensions ['python_setup_py']
[1.565s] Level 1:colcon.colcon_core.package_identification:_identify(pid_tracking_results/run_20260726_190250) by extension 'python_setup_py'
[1.566s] Level 1:colcon.colcon_core.package_identification:_identify(pid_tracking_results/run_20260726_190346) by extensions ['ignore', 'ignore_ament_install']
[1.566s] Level 1:colcon.colcon_core.package_identification:_identify(pid_tracking_results/run_20260726_190346) by extension 'ignore'
[1.566s] Level 1:colcon.colcon_core.package_identification:_identify(pid_tracking_results/run_20260726_190346) by extension 'ignore_ament_install'
[1.566s] Level 1:colcon.colcon_core.package_identification:_identify(pid_tracking_results/run_20260726_190346) by extensions ['colcon_pkg']
[1.566s] Level 1:colcon.colcon_core.package_identification:_identify(pid_tracking_results/run_20260726_190346) by extension 'colcon_pkg'
[1.566s] Level 1:colcon.colcon_core.package_identification:_identify(pid_tracking_results/run_20260726_190346) by extensions ['colcon_meta']
[1.566s] Level 1:colcon.colcon_core.package_identification:_identify(pid_tracking_results/run_20260726_190346) by extension 'colcon_meta'
[1.566s] Level 1:colcon.colcon_core.package_identification:_identify(pid_tracking_results/run_20260726_190346) by extensions ['ros']
[1.567s] Level 1:colcon.colcon_core.package_identification:_identify(pid_tracking_results/run_20260726_190346) by extension 'ros'
[1.567s] Level 1:colcon.colcon_core.package_identification:_identify(pid_tracking_results/run_20260726_190346) by extensions ['cmake', 'python']
[1.567s] Level 1:colcon.colcon_core.package_identification:_identify(pid_tracking_results/run_20260726_190346) by extension 'cmake'
[1.567s] Level 1:colcon.colcon_core.package_identification:_identify(pid_tracking_results/run_20260726_190346) by extension 'python'
[1.567s] Level 1:colcon.colcon_core.package_identification:_identify(pid_tracking_results/run_20260726_190346) by extensions ['python_setup_py']
[1.567s] Level 1:colcon.colcon_core.package_identification:_identify(pid_tracking_results/run_20260726_190346) by extension 'python_setup_py'
[1.567s] Level 1:colcon.colcon_core.package_identification:_identify(pid_tracking_results/run_20260726_190531) by extensions ['ignore', 'ignore_ament_install']
[1.567s] Level 1:colcon.colcon_core.package_identification:_identify(pid_tracking_results/run_20260726_190531) by extension 'ignore'
[1.568s] Level 1:colcon.colcon_core.package_identification:_identify(pid_tracking_results/run_20260726_190531) by extension 'ignore_ament_install'
[1.568s] Level 1:colcon.colcon_core.package_identification:_identify(pid_tracking_results/run_20260726_190531) by extensions ['colcon_pkg']
[1.568s] Level 1:colcon.colcon_core.package_identification:_identify(pid_tracking_results/run_20260726_190531) by extension 'colcon_pkg'
[1.568s] Level 1:colcon.colcon_core.package_identification:_identify(pid_tracking_results/run_20260726_190531) by extensions ['colcon_meta']
[1.568s] Level 1:colcon.colcon_core.package_identification:_identify(pid_tracking_results/run_20260726_190531) by extension 'colcon_meta'
[1.568s] Level 1:colcon.colcon_core.package_identification:_identify(pid_tracking_results/run_20260726_190531) by extensions ['ros']
[1.568s] Level 1:colcon.colcon_core.package_identification:_identify(pid_tracking_results/run_20260726_190531) by extension 'ros'
[1.568s] Level 1:colcon.colcon_core.package_identification:_identify(pid_tracking_results/run_20260726_190531) by extensions ['cmake', 'python']
[1.569s] Level 1:colcon.colcon_core.package_identification:_identify(pid_tracking_results/run_20260726_190531) by extension 'cmake'
[1.569s] Level 1:colcon.colcon_core.package_identification:_identify(pid_tracking_results/run_20260726_190531) by extension 'python'
[1.569s] Level 1:colcon.colcon_core.package_identification:_identify(pid_tracking_results/run_20260726_190531) by extensions ['python_setup_py']
[1.569s] Level 1:colcon.colcon_core.package_identification:_identify(pid_tracking_results/run_20260726_190531) by extension 'python_setup_py'
[1.569s] Level 1:colcon.colcon_core.package_identification:_identify(pid_tracking_results/run_20260726_191340) by extensions ['ignore', 'ignore_ament_install']
[1.569s] Level 1:colcon.colcon_core.package_identification:_identify(pid_tracking_results/run_20260726_191340) by extension 'ignore'
[1.569s] Level 1:colcon.colcon_core.package_identification:_identify(pid_tracking_results/run_20260726_191340) by extension 'ignore_ament_install'
[1.569s] Level 1:colcon.colcon_core.package_identification:_identify(pid_tracking_results/run_20260726_191340) by extensions ['colcon_pkg']
[1.570s] Level 1:colcon.colcon_core.package_identification:_identify(pid_tracking_results/run_20260726_191340) by extension 'colcon_pkg'
[1.570s] Level 1:colcon.colcon_core.package_identification:_identify(pid_tracking_results/run_20260726_191340) by extensions ['colcon_meta']
[1.570s] Level 1:colcon.colcon_core.package_identification:_identify(pid_tracking_results/run_20260726_191340) by extension 'colcon_meta'
[1.570s] Level 1:colcon.colcon_core.package_identification:_identify(pid_tracking_results/run_20260726_191340) by extensions ['ros']
[1.570s] Level 1:colcon.colcon_core.package_identification:_identify(pid_tracking_results/run_20260726_191340) by extension 'ros'
[1.570s] Level 1:colcon.colcon_core.package_identification:_identify(pid_tracking_results/run_20260726_191340) by extensions ['cmake', 'python']
[1.570s] Level 1:colcon.colcon_core.package_identification:_identify(pid_tracking_results/run_20260726_191340) by extension 'cmake'
[1.570s] Level 1:colcon.colcon_core.package_identification:_identify(pid_tracking_results/run_20260726_191340) by extension 'python'
[1.570s] Level 1:colcon.colcon_core.package_identification:_identify(pid_tracking_results/run_20260726_191340) by extensions ['python_setup_py']
[1.571s] Level 1:colcon.colcon_core.package_identification:_identify(pid_tracking_results/run_20260726_191340) by extension 'python_setup_py'
[1.571s] Level 1:colcon.colcon_core.package_identification:_identify(pid_tracking_results/run_20260726_191436) by extensions ['ignore', 'ignore_ament_install']
[1.571s] Level 1:colcon.colcon_core.package_identification:_identify(pid_tracking_results/run_20260726_191436) by extension 'ignore'
[1.571s] Level 1:colcon.colcon_core.package_identification:_identify(pid_tracking_results/run_20260726_191436) by extension 'ignore_ament_install'
[1.572s] Level 1:colcon.colcon_core.package_identification:_identify(pid_tracking_results/run_20260726_191436) by extensions ['colcon_pkg']
[1.572s] Level 1:colcon.colcon_core.package_identification:_identify(pid_tracking_results/run_20260726_191436) by extension 'colcon_pkg'
[1.572s] Level 1:colcon.colcon_core.package_identification:_identify(pid_tracking_results/run_20260726_191436) by extensions ['colcon_meta']
[1.572s] Level 1:colcon.colcon_core.package_identification:_identify(pid_tracking_results/run_20260726_191436) by extension 'colcon_meta'
[1.572s] Level 1:colcon.colcon_core.package_identification:_identify(pid_tracking_results/run_20260726_191436) by extensions ['ros']
[1.572s] Level 1:colcon.colcon_core.package_identification:_identify(pid_tracking_results/run_20260726_191436) by extension 'ros'
[1.572s] Level 1:colcon.colcon_core.package_identification:_identify(pid_tracking_results/run_20260726_191436) by extensions ['cmake', 'python']
[1.572s] Level 1:colcon.colcon_core.package_identification:_identify(pid_tracking_results/run_20260726_191436) by extension 'cmake'
[1.573s] Level 1:colcon.colcon_core.package_identification:_identify(pid_tracking_results/run_20260726_191436) by extension 'python'
[1.573s] Level 1:colcon.colcon_core.package_identification:_identify(pid_tracking_results/run_20260726_191436) by extensions ['python_setup_py']
[1.573s] Level 1:colcon.colcon_core.package_identification:_identify(pid_tracking_results/run_20260726_191436) by extension 'python_setup_py'
[1.573s] Level 1:colcon.colcon_core.package_identification:_identify(pid_tracking_results/run_20260726_191539) by extensions ['ignore', 'ignore_ament_install']
[1.573s] Level 1:colcon.colcon_core.package_identification:_identify(pid_tracking_results/run_20260726_191539) by extension 'ignore'
[1.573s] Level 1:colcon.colcon_core.package_identification:_identify(pid_tracking_results/run_20260726_191539) by extension 'ignore_ament_install'
[1.573s] Level 1:colcon.colcon_core.package_identification:_identify(pid_tracking_results/run_20260726_191539) by extensions ['colcon_pkg']
[1.573s] Level 1:colcon.colcon_core.package_identification:_identify(pid_tracking_results/run_20260726_191539) by extension 'colcon_pkg'
[1.574s] Level 1:colcon.colcon_core.package_identification:_identify(pid_tracking_results/run_20260726_191539) by extensions ['colcon_meta']
[1.574s] Level 1:colcon.colcon_core.package_identification:_identify(pid_tracking_results/run_20260726_191539) by extension 'colcon_meta'
[1.574s] Level 1:colcon.colcon_core.package_identification:_identify(pid_tracking_results/run_20260726_191539) by extensions ['ros']
[1.574s] Level 1:colcon.colcon_core.package_identification:_identify(pid_tracking_results/run_20260726_191539) by extension 'ros'
[1.574s] Level 1:colcon.colcon_core.package_identification:_identify(pid_tracking_results/run_20260726_191539) by extensions ['cmake', 'python']
[1.574s] Level 1:colcon.colcon_core.package_identification:_identify(pid_tracking_results/run_20260726_191539) by extension 'cmake'
[1.574s] Level 1:colcon.colcon_core.package_identification:_identify(pid_tracking_results/run_20260726_191539) by extension 'python'
[1.574s] Level 1:colcon.colcon_core.package_identification:_identify(pid_tracking_results/run_20260726_191539) by extensions ['python_setup_py']
[1.574s] Level 1:colcon.colcon_core.package_identification:_identify(pid_tracking_results/run_20260726_191539) by extension 'python_setup_py'
[1.575s] Level 1:colcon.colcon_core.package_identification:_identify(pid_tracking_results/run_20260726_191702) by extensions ['ignore', 'ignore_ament_install']
[1.575s] Level 1:colcon.colcon_core.package_identification:_identify(pid_tracking_results/run_20260726_191702) by extension 'ignore'
[1.575s] Level 1:colcon.colcon_core.package_identification:_identify(pid_tracking_results/run_20260726_191702) by extension 'ignore_ament_install'
[1.575s] Level 1:colcon.colcon_core.package_identification:_identify(pid_tracking_results/run_20260726_191702) by extensions ['colcon_pkg']
[1.575s] Level 1:colcon.colcon_core.package_identification:_identify(pid_tracking_results/run_20260726_191702) by extension 'colcon_pkg'
[1.575s] Level 1:colcon.colcon_core.package_identification:_identify(pid_tracking_results/run_20260726_191702) by extensions ['colcon_meta']
[1.575s] Level 1:colcon.colcon_core.package_identification:_identify(pid_tracking_results/run_20260726_191702) by extension 'colcon_meta'
[1.575s] Level 1:colcon.colcon_core.package_identification:_identify(pid_tracking_results/run_20260726_191702) by extensions ['ros']
[1.576s] Level 1:colcon.colcon_core.package_identification:_identify(pid_tracking_results/run_20260726_191702) by extension 'ros'
[1.576s] Level 1:colcon.colcon_core.package_identification:_identify(pid_tracking_results/run_20260726_191702) by extensions ['cmake', 'python']
[1.576s] Level 1:colcon.colcon_core.package_identification:_identify(pid_tracking_results/run_20260726_191702) by extension 'cmake'
[1.576s] Level 1:colcon.colcon_core.package_identification:_identify(pid_tracking_results/run_20260726_191702) by extension 'python'
[1.576s] Level 1:colcon.colcon_core.package_identification:_identify(pid_tracking_results/run_20260726_191702) by extensions ['python_setup_py']
[1.576s] Level 1:colcon.colcon_core.package_identification:_identify(pid_tracking_results/run_20260726_191702) by extension 'python_setup_py'
[1.576s] Level 1:colcon.colcon_core.package_identification:_identify(pid_tracking_results/run_20260726_191947) by extensions ['ignore', 'ignore_ament_install']
[1.577s] Level 1:colcon.colcon_core.package_identification:_identify(pid_tracking_results/run_20260726_191947) by extension 'ignore'
[1.577s] Level 1:colcon.colcon_core.package_identification:_identify(pid_tracking_results/run_20260726_191947) by extension 'ignore_ament_install'
[1.577s] Level 1:colcon.colcon_core.package_identification:_identify(pid_tracking_results/run_20260726_191947) by extensions ['colcon_pkg']
[1.577s] Level 1:colcon.colcon_core.package_identification:_identify(pid_tracking_results/run_20260726_191947) by extension 'colcon_pkg'
[1.577s] Level 1:colcon.colcon_core.package_identification:_identify(pid_tracking_results/run_20260726_191947) by extensions ['colcon_meta']
[1.577s] Level 1:colcon.colcon_core.package_identification:_identify(pid_tracking_results/run_20260726_191947) by extension 'colcon_meta'
[1.577s] Level 1:colcon.colcon_core.package_identification:_identify(pid_tracking_results/run_20260726_191947) by extensions ['ros']
[1.577s] Level 1:colcon.colcon_core.package_identification:_identify(pid_tracking_results/run_20260726_191947) by extension 'ros'
[1.577s] Level 1:colcon.colcon_core.package_identification:_identify(pid_tracking_results/run_20260726_191947) by extensions ['cmake', 'python']
[1.578s] Level 1:colcon.colcon_core.package_identification:_identify(pid_tracking_results/run_20260726_191947) by extension 'cmake'
[1.578s] Level 1:colcon.colcon_core.package_identification:_identify(pid_tracking_results/run_20260726_191947) by extension 'python'
[1.578s] Level 1:colcon.colcon_core.package_identification:_identify(pid_tracking_results/run_20260726_191947) by extensions ['python_setup_py']
[1.578s] Level 1:colcon.colcon_core.package_identification:_identify(pid_tracking_results/run_20260726_191947) by extension 'python_setup_py'
[1.578s] Level 1:colcon.colcon_core.package_identification:_identify(pid_tracking_results/run_20260726_192045) by extensions ['ignore', 'ignore_ament_install']
[1.578s] Level 1:colcon.colcon_core.package_identification:_identify(pid_tracking_results/run_20260726_192045) by extension 'ignore'
[1.578s] Level 1:colcon.colcon_core.package_identification:_identify(pid_tracking_results/run_20260726_192045) by extension 'ignore_ament_install'
[1.579s] Level 1:colcon.colcon_core.package_identification:_identify(pid_tracking_results/run_20260726_192045) by extensions ['colcon_pkg']
[1.579s] Level 1:colcon.colcon_core.package_identification:_identify(pid_tracking_results/run_20260726_192045) by extension 'colcon_pkg'
[1.579s] Level 1:colcon.colcon_core.package_identification:_identify(pid_tracking_results/run_20260726_192045) by extensions ['colcon_meta']
[1.579s] Level 1:colcon.colcon_core.package_identification:_identify(pid_tracking_results/run_20260726_192045) by extension 'colcon_meta'
[1.579s] Level 1:colcon.colcon_core.package_identification:_identify(pid_tracking_results/run_20260726_192045) by extensions ['ros']
[1.579s] Level 1:colcon.colcon_core.package_identification:_identify(pid_tracking_results/run_20260726_192045) by extension 'ros'
[1.579s] Level 1:colcon.colcon_core.package_identification:_identify(pid_tracking_results/run_20260726_192045) by extensions ['cmake', 'python']
[1.579s] Level 1:colcon.colcon_core.package_identification:_identify(pid_tracking_results/run_20260726_192045) by extension 'cmake'
[1.579s] Level 1:colcon.colcon_core.package_identification:_identify(pid_tracking_results/run_20260726_192045) by extension 'python'
[1.580s] Level 1:colcon.colcon_core.package_identification:_identify(pid_tracking_results/run_20260726_192045) by extensions ['python_setup_py']
[1.580s] Level 1:colcon.colcon_core.package_identification:_identify(pid_tracking_results/run_20260726_192045) by extension 'python_setup_py'
[1.580s] Level 1:colcon.colcon_core.package_identification:_identify(pid_tracking_results/run_20260726_192842) by extensions ['ignore', 'ignore_ament_install']
[1.580s] Level 1:colcon.colcon_core.package_identification:_identify(pid_tracking_results/run_20260726_192842) by extension 'ignore'
[1.580s] Level 1:colcon.colcon_core.package_identification:_identify(pid_tracking_results/run_20260726_192842) by extension 'ignore_ament_install'
[1.580s] Level 1:colcon.colcon_core.package_identification:_identify(pid_tracking_results/run_20260726_192842) by extensions ['colcon_pkg']
[1.580s] Level 1:colcon.colcon_core.package_identification:_identify(pid_tracking_results/run_20260726_192842) by extension 'colcon_pkg'
[1.581s] Level 1:colcon.colcon_core.package_identification:_identify(pid_tracking_results/run_20260726_192842) by extensions ['colcon_meta']
[1.581s] Level 1:colcon.colcon_core.package_identification:_identify(pid_tracking_results/run_20260726_192842) by extension 'colcon_meta'
[1.581s] Level 1:colcon.colcon_core.package_identification:_identify(pid_tracking_results/run_20260726_192842) by extensions ['ros']
[1.581s] Level 1:colcon.colcon_core.package_identification:_identify(pid_tracking_results/run_20260726_192842) by extension 'ros'
[1.581s] Level 1:colcon.colcon_core.package_identification:_identify(pid_tracking_results/run_20260726_192842) by extensions ['cmake', 'python']
[1.581s] Level 1:colcon.colcon_core.package_identification:_identify(pid_tracking_results/run_20260726_192842) by extension 'cmake'
[1.581s] Level 1:colcon.colcon_core.package_identification:_identify(pid_tracking_results/run_20260726_192842) by extension 'python'
[1.581s] Level 1:colcon.colcon_core.package_identification:_identify(pid_tracking_results/run_20260726_192842) by extensions ['python_setup_py']
[1.581s] Level 1:colcon.colcon_core.package_identification:_identify(pid_tracking_results/run_20260726_192842) by extension 'python_setup_py'
[1.582s] Level 1:colcon.colcon_core.package_identification:_identify(pid_tracking_results/run_20260726_192923) by extensions ['ignore', 'ignore_ament_install']
[1.582s] Level 1:colcon.colcon_core.package_identification:_identify(pid_tracking_results/run_20260726_192923) by extension 'ignore'
[1.582s] Level 1:colcon.colcon_core.package_identification:_identify(pid_tracking_results/run_20260726_192923) by extension 'ignore_ament_install'
[1.582s] Level 1:colcon.colcon_core.package_identification:_identify(pid_tracking_results/run_20260726_192923) by extensions ['colcon_pkg']
[1.582s] Level 1:colcon.colcon_core.package_identification:_identify(pid_tracking_results/run_20260726_192923) by extension 'colcon_pkg'
[1.582s] Level 1:colcon.colcon_core.package_identification:_identify(pid_tracking_results/run_20260726_192923) by extensions ['colcon_meta']
[1.582s] Level 1:colcon.colcon_core.package_identification:_identify(pid_tracking_results/run_20260726_192923) by extension 'colcon_meta'
[1.582s] Level 1:colcon.colcon_core.package_identification:_identify(pid_tracking_results/run_20260726_192923) by extensions ['ros']
[1.582s] Level 1:colcon.colcon_core.package_identification:_identify(pid_tracking_results/run_20260726_192923) by extension 'ros'
[1.583s] Level 1:colcon.colcon_core.package_identification:_identify(pid_tracking_results/run_20260726_192923) by extensions ['cmake', 'python']
[1.583s] Level 1:colcon.colcon_core.package_identification:_identify(pid_tracking_results/run_20260726_192923) by extension 'cmake'
[1.583s] Level 1:colcon.colcon_core.package_identification:_identify(pid_tracking_results/run_20260726_192923) by extension 'python'
[1.583s] Level 1:colcon.colcon_core.package_identification:_identify(pid_tracking_results/run_20260726_192923) by extensions ['python_setup_py']
[1.583s] Level 1:colcon.colcon_core.package_identification:_identify(pid_tracking_results/run_20260726_192923) by extension 'python_setup_py'
[1.583s] Level 1:colcon.colcon_core.package_identification:_identify(pid_tracking_results/run_20260726_193008) by extensions ['ignore', 'ignore_ament_install']
[1.583s] Level 1:colcon.colcon_core.package_identification:_identify(pid_tracking_results/run_20260726_193008) by extension 'ignore'
[1.584s] Level 1:colcon.colcon_core.package_identification:_identify(pid_tracking_results/run_20260726_193008) by extension 'ignore_ament_install'
[1.584s] Level 1:colcon.colcon_core.package_identification:_identify(pid_tracking_results/run_20260726_193008) by extensions ['colcon_pkg']
[1.584s] Level 1:colcon.colcon_core.package_identification:_identify(pid_tracking_results/run_20260726_193008) by extension 'colcon_pkg'
[1.584s] Level 1:colcon.colcon_core.package_identification:_identify(pid_tracking_results/run_20260726_193008) by extensions ['colcon_meta']
[1.584s] Level 1:colcon.colcon_core.package_identification:_identify(pid_tracking_results/run_20260726_193008) by extension 'colcon_meta'
[1.584s] Level 1:colcon.colcon_core.package_identification:_identify(pid_tracking_results/run_20260726_193008) by extensions ['ros']
[1.584s] Level 1:colcon.colcon_core.package_identification:_identify(pid_tracking_results/run_20260726_193008) by extension 'ros'
[1.584s] Level 1:colcon.colcon_core.package_identification:_identify(pid_tracking_results/run_20260726_193008) by extensions ['cmake', 'python']
[1.584s] Level 1:colcon.colcon_core.package_identification:_identify(pid_tracking_results/run_20260726_193008) by extension 'cmake'
[1.585s] Level 1:colcon.colcon_core.package_identification:_identify(pid_tracking_results/run_20260726_193008) by extension 'python'
[1.585s] Level 1:colcon.colcon_core.package_identification:_identify(pid_tracking_results/run_20260726_193008) by extensions ['python_setup_py']
[1.585s] Level 1:colcon.colcon_core.package_identification:_identify(pid_tracking_results/run_20260726_193008) by extension 'python_setup_py'
[1.585s] Level 1:colcon.colcon_core.package_identification:_identify(pid_tracking_results/run_20260726_193101) by extensions ['ignore', 'ignore_ament_install']
[1.585s] Level 1:colcon.colcon_core.package_identification:_identify(pid_tracking_results/run_20260726_193101) by extension 'ignore'
[1.585s] Level 1:colcon.colcon_core.package_identification:_identify(pid_tracking_results/run_20260726_193101) by extension 'ignore_ament_install'
[1.585s] Level 1:colcon.colcon_core.package_identification:_identify(pid_tracking_results/run_20260726_193101) by extensions ['colcon_pkg']
[1.586s] Level 1:colcon.colcon_core.package_identification:_identify(pid_tracking_results/run_20260726_193101) by extension 'colcon_pkg'
[1.586s] Level 1:colcon.colcon_core.package_identification:_identify(pid_tracking_results/run_20260726_193101) by extensions ['colcon_meta']
[1.586s] Level 1:colcon.colcon_core.package_identification:_identify(pid_tracking_results/run_20260726_193101) by extension 'colcon_meta'
[1.586s] Level 1:colcon.colcon_core.package_identification:_identify(pid_tracking_results/run_20260726_193101) by extensions ['ros']
[1.586s] Level 1:colcon.colcon_core.package_identification:_identify(pid_tracking_results/run_20260726_193101) by extension 'ros'
[1.586s] Level 1:colcon.colcon_core.package_identification:_identify(pid_tracking_results/run_20260726_193101) by extensions ['cmake', 'python']
[1.586s] Level 1:colcon.colcon_core.package_identification:_identify(pid_tracking_results/run_20260726_193101) by extension 'cmake'
[1.586s] Level 1:colcon.colcon_core.package_identification:_identify(pid_tracking_results/run_20260726_193101) by extension 'python'
[1.586s] Level 1:colcon.colcon_core.package_identification:_identify(pid_tracking_results/run_20260726_193101) by extensions ['python_setup_py']
[1.586s] Level 1:colcon.colcon_core.package_identification:_identify(pid_tracking_results/run_20260726_193101) by extension 'python_setup_py'
[1.587s] Level 1:colcon.colcon_core.package_identification:_identify(pid_tracking_results/run_20260726_193208) by extensions ['ignore', 'ignore_ament_install']
[1.587s] Level 1:colcon.colcon_core.package_identification:_identify(pid_tracking_results/run_20260726_193208) by extension 'ignore'
[1.587s] Level 1:colcon.colcon_core.package_identification:_identify(pid_tracking_results/run_20260726_193208) by extension 'ignore_ament_install'
[1.587s] Level 1:colcon.colcon_core.package_identification:_identify(pid_tracking_results/run_20260726_193208) by extensions ['colcon_pkg']
[1.587s] Level 1:colcon.colcon_core.package_identification:_identify(pid_tracking_results/run_20260726_193208) by extension 'colcon_pkg'
[1.587s] Level 1:colcon.colcon_core.package_identification:_identify(pid_tracking_results/run_20260726_193208) by extensions ['colcon_meta']
[1.587s] Level 1:colcon.colcon_core.package_identification:_identify(pid_tracking_results/run_20260726_193208) by extension 'colcon_meta'
[1.588s] Level 1:colcon.colcon_core.package_identification:_identify(pid_tracking_results/run_20260726_193208) by extensions ['ros']
[1.588s] Level 1:colcon.colcon_core.package_identification:_identify(pid_tracking_results/run_20260726_193208) by extension 'ros'
[1.588s] Level 1:colcon.colcon_core.package_identification:_identify(pid_tracking_results/run_20260726_193208) by extensions ['cmake', 'python']
[1.588s] Level 1:colcon.colcon_core.package_identification:_identify(pid_tracking_results/run_20260726_193208) by extension 'cmake'
[1.588s] Level 1:colcon.colcon_core.package_identification:_identify(pid_tracking_results/run_20260726_193208) by extension 'python'
[1.588s] Level 1:colcon.colcon_core.package_identification:_identify(pid_tracking_results/run_20260726_193208) by extensions ['python_setup_py']
[1.588s] Level 1:colcon.colcon_core.package_identification:_identify(pid_tracking_results/run_20260726_193208) by extension 'python_setup_py'
[1.588s] Level 1:colcon.colcon_core.package_identification:_identify(src) by extensions ['ignore', 'ignore_ament_install']
[1.589s] Level 1:colcon.colcon_core.package_identification:_identify(src) by extension 'ignore'
[1.589s] Level 1:colcon.colcon_core.package_identification:_identify(src) by extension 'ignore_ament_install'
[1.589s] Level 1:colcon.colcon_core.package_identification:_identify(src) by extensions ['colcon_pkg']
[1.589s] Level 1:colcon.colcon_core.package_identification:_identify(src) by extension 'colcon_pkg'
[1.589s] Level 1:colcon.colcon_core.package_identification:_identify(src) by extensions ['colcon_meta']
[1.589s] Level 1:colcon.colcon_core.package_identification:_identify(src) by extension 'colcon_meta'
[1.589s] Level 1:colcon.colcon_core.package_identification:_identify(src) by extensions ['ros']
[1.589s] Level 1:colcon.colcon_core.package_identification:_identify(src) by extension 'ros'
[1.590s] Level 1:colcon.colcon_core.package_identification:_identify(src) by extensions ['cmake', 'python']
[1.590s] Level 1:colcon.colcon_core.package_identification:_identify(src) by extension 'cmake'
[1.590s] Level 1:colcon.colcon_core.package_identification:_identify(src) by extension 'python'
[1.590s] Level 1:colcon.colcon_core.package_identification:_identify(src) by extensions ['python_setup_py']
[1.590s] Level 1:colcon.colcon_core.package_identification:_identify(src) by extension 'python_setup_py'
[1.590s] Level 1:colcon.colcon_core.package_identification:_identify(src/FAST_LIO) by extensions ['ignore', 'ignore_ament_install']
[1.590s] Level 1:colcon.colcon_core.package_identification:_identify(src/FAST_LIO) by extension 'ignore'
[1.590s] Level 1:colcon.colcon_core.package_identification:_identify(src/FAST_LIO) by extension 'ignore_ament_install'
[1.591s] Level 1:colcon.colcon_core.package_identification:_identify(src/FAST_LIO) by extensions ['colcon_pkg']
[1.591s] Level 1:colcon.colcon_core.package_identification:_identify(src/FAST_LIO) by extension 'colcon_pkg'
[1.591s] Level 1:colcon.colcon_core.package_identification:_identify(src/FAST_LIO) by extensions ['colcon_meta']
[1.591s] Level 1:colcon.colcon_core.package_identification:_identify(src/FAST_LIO) by extension 'colcon_meta'
[1.591s] Level 1:colcon.colcon_core.package_identification:_identify(src/FAST_LIO) by extensions ['ros']
[1.591s] Level 1:colcon.colcon_core.package_identification:_identify(src/FAST_LIO) by extension 'ros'
[1.609s] DEBUG:colcon.colcon_core.package_identification:Package 'src/FAST_LIO' with type 'ros.ament_cmake' and name 'fast_lio'
[1.610s] Level 1:colcon.colcon_core.package_identification:_identify(src/centerline_extraction) by extensions ['ignore', 'ignore_ament_install']
[1.610s] Level 1:colcon.colcon_core.package_identification:_identify(src/centerline_extraction) by extension 'ignore'
[1.610s] Level 1:colcon.colcon_core.package_identification:_identify(src/centerline_extraction) by extension 'ignore_ament_install'
[1.610s] Level 1:colcon.colcon_core.package_identification:_identify(src/centerline_extraction) by extensions ['colcon_pkg']
[1.610s] Level 1:colcon.colcon_core.package_identification:_identify(src/centerline_extraction) by extension 'colcon_pkg'
[1.611s] Level 1:colcon.colcon_core.package_identification:_identify(src/centerline_extraction) by extensions ['colcon_meta']
[1.611s] Level 1:colcon.colcon_core.package_identification:_identify(src/centerline_extraction) by extension 'colcon_meta'
[1.611s] Level 1:colcon.colcon_core.package_identification:_identify(src/centerline_extraction) by extensions ['ros']
[1.611s] Level 1:colcon.colcon_core.package_identification:_identify(src/centerline_extraction) by extension 'ros'
[1.617s] DEBUG:colcon.colcon_core.package_identification:Package 'src/centerline_extraction' with type 'ros.ament_cmake' and name 'centerline_extraction'
[1.618s] Level 1:colcon.colcon_core.package_identification:_identify(src/serial_ros2) by extensions ['ignore', 'ignore_ament_install']
[1.618s] Level 1:colcon.colcon_core.package_identification:_identify(src/serial_ros2) by extension 'ignore'
[1.618s] Level 1:colcon.colcon_core.package_identification:_identify(src/serial_ros2) by extension 'ignore_ament_install'
[1.618s] Level 1:colcon.colcon_core.package_identification:_identify(src/serial_ros2) by extensions ['colcon_pkg']
[1.618s] Level 1:colcon.colcon_core.package_identification:_identify(src/serial_ros2) by extension 'colcon_pkg'
[1.619s] Level 1:colcon.colcon_core.package_identification:_identify(src/serial_ros2) by extensions ['colcon_meta']
[1.619s] Level 1:colcon.colcon_core.package_identification:_identify(src/serial_ros2) by extension 'colcon_meta'
[1.619s] Level 1:colcon.colcon_core.package_identification:_identify(src/serial_ros2) by extensions ['ros']
[1.619s] Level 1:colcon.colcon_core.package_identification:_identify(src/serial_ros2) by extension 'ros'
[1.620s] DEBUG:colcon.colcon_core.package_identification:Package 'src/serial_ros2' with type 'ros.ament_cmake' and name 'serial'
[1.621s] Level 1:colcon.colcon_core.package_identification:_identify(src/turn_on_32chassis) by extensions ['ignore', 'ignore_ament_install']
[1.621s] Level 1:colcon.colcon_core.package_identification:_identify(src/turn_on_32chassis) by extension 'ignore'
[1.621s] Level 1:colcon.colcon_core.package_identification:_identify(src/turn_on_32chassis) by extension 'ignore_ament_install'
[1.621s] Level 1:colcon.colcon_core.package_identification:_identify(src/turn_on_32chassis) by extensions ['colcon_pkg']
[1.621s] Level 1:colcon.colcon_core.package_identification:_identify(src/turn_on_32chassis) by extension 'colcon_pkg'
[1.621s] Level 1:colcon.colcon_core.package_identification:_identify(src/turn_on_32chassis) by extensions ['colcon_meta']
[1.621s] Level 1:colcon.colcon_core.package_identification:_identify(src/turn_on_32chassis) by extension 'colcon_meta'
[1.622s] Level 1:colcon.colcon_core.package_identification:_identify(src/turn_on_32chassis) by extensions ['ros']
[1.622s] Level 1:colcon.colcon_core.package_identification:_identify(src/turn_on_32chassis) by extension 'ros'
[1.624s] DEBUG:colcon.colcon_core.package_identification:Package 'src/turn_on_32chassis' with type 'ros.ament_cmake' and name 'turn_on_32chassis'
[1.625s] Level 1:colcon.colcon_core.package_identification:_identify(src/turn_on_agribot) by extensions ['ignore', 'ignore_ament_install']
[1.625s] Level 1:colcon.colcon_core.package_identification:_identify(src/turn_on_agribot) by extension 'ignore'
[1.625s] Level 1:colcon.colcon_core.package_identification:_identify(src/turn_on_agribot) by extension 'ignore_ament_install'
[1.625s] Level 1:colcon.colcon_core.package_identification:_identify(src/turn_on_agribot) by extensions ['colcon_pkg']
[1.625s] Level 1:colcon.colcon_core.package_identification:_identify(src/turn_on_agribot) by extension 'colcon_pkg'
[1.625s] Level 1:colcon.colcon_core.package_identification:_identify(src/turn_on_agribot) by extensions ['colcon_meta']
[1.625s] Level 1:colcon.colcon_core.package_identification:_identify(src/turn_on_agribot) by extension 'colcon_meta'
[1.626s] Level 1:colcon.colcon_core.package_identification:_identify(src/turn_on_agribot) by extensions ['ros']
[1.626s] Level 1:colcon.colcon_core.package_identification:_identify(src/turn_on_agribot) by extension 'ros'
[1.627s] DEBUG:colcon.colcon_core.package_identification:Package 'src/turn_on_agribot' with type 'ros.ament_cmake' and name 'turn_on_agribot'
[1.627s] Level 1:colcon.colcon_core.package_identification:_identify(src/yesense_ros2) by extensions ['ignore', 'ignore_ament_install']
[1.627s] Level 1:colcon.colcon_core.package_identification:_identify(src/yesense_ros2) by extension 'ignore'
[1.627s] Level 1:colcon.colcon_core.package_identification:_identify(src/yesense_ros2) by extension 'ignore_ament_install'
[1.628s] Level 1:colcon.colcon_core.package_identification:_identify(src/yesense_ros2) by extensions ['colcon_pkg']
[1.628s] Level 1:colcon.colcon_core.package_identification:_identify(src/yesense_ros2) by extension 'colcon_pkg'
[1.628s] Level 1:colcon.colcon_core.package_identification:_identify(src/yesense_ros2) by extensions ['colcon_meta']
[1.628s] Level 1:colcon.colcon_core.package_identification:_identify(src/yesense_ros2) by extension 'colcon_meta'
[1.628s] Level 1:colcon.colcon_core.package_identification:_identify(src/yesense_ros2) by extensions ['ros']
[1.628s] Level 1:colcon.colcon_core.package_identification:_identify(src/yesense_ros2) by extension 'ros'
[1.628s] Level 1:colcon.colcon_core.package_identification:_identify(src/yesense_ros2) by extensions ['cmake', 'python']
[1.628s] Level 1:colcon.colcon_core.package_identification:_identify(src/yesense_ros2) by extension 'cmake'
[1.629s] Level 1:colcon.colcon_core.package_identification:_identify(src/yesense_ros2) by extension 'python'
[1.629s] Level 1:colcon.colcon_core.package_identification:_identify(src/yesense_ros2) by extensions ['python_setup_py']
[1.629s] Level 1:colcon.colcon_core.package_identification:_identify(src/yesense_ros2) by extension 'python_setup_py'
[1.629s] Level 1:colcon.colcon_core.package_identification:_identify(src/yesense_ros2/yesense_interface) by extensions ['ignore', 'ignore_ament_install']
[1.629s] Level 1:colcon.colcon_core.package_identification:_identify(src/yesense_ros2/yesense_interface) by extension 'ignore'
[1.629s] Level 1:colcon.colcon_core.package_identification:_identify(src/yesense_ros2/yesense_interface) by extension 'ignore_ament_install'
[1.629s] Level 1:colcon.colcon_core.package_identification:_identify(src/yesense_ros2/yesense_interface) by extensions ['colcon_pkg']
[1.629s] Level 1:colcon.colcon_core.package_identification:_identify(src/yesense_ros2/yesense_interface) by extension 'colcon_pkg'
[1.630s] Level 1:colcon.colcon_core.package_identification:_identify(src/yesense_ros2/yesense_interface) by extensions ['colcon_meta']
[1.630s] Level 1:colcon.colcon_core.package_identification:_identify(src/yesense_ros2/yesense_interface) by extension 'colcon_meta'
[1.630s] Level 1:colcon.colcon_core.package_identification:_identify(src/yesense_ros2/yesense_interface) by extensions ['ros']
[1.630s] Level 1:colcon.colcon_core.package_identification:_identify(src/yesense_ros2/yesense_interface) by extension 'ros'
[1.659s] DEBUG:colcon.colcon_core.package_identification:Package 'src/yesense_ros2/yesense_interface' with type 'ros.ament_cmake' and name 'yesense_interface'
[1.659s] Level 1:colcon.colcon_core.package_identification:_identify(src/yesense_ros2/yesense_std_ros2) by extensions ['ignore', 'ignore_ament_install']
[1.660s] Level 1:colcon.colcon_core.package_identification:_identify(src/yesense_ros2/yesense_std_ros2) by extension 'ignore'
[1.660s] Level 1:colcon.colcon_core.package_identification:_identify(src/yesense_ros2/yesense_std_ros2) by extension 'ignore_ament_install'
[1.660s] Level 1:colcon.colcon_core.package_identification:_identify(src/yesense_ros2/yesense_std_ros2) by extensions ['colcon_pkg']
[1.660s] Level 1:colcon.colcon_core.package_identification:_identify(src/yesense_ros2/yesense_std_ros2) by extension 'colcon_pkg'
[1.660s] Level 1:colcon.colcon_core.package_identification:_identify(src/yesense_ros2/yesense_std_ros2) by extensions ['colcon_meta']
[1.660s] Level 1:colcon.colcon_core.package_identification:_identify(src/yesense_ros2/yesense_std_ros2) by extension 'colcon_meta'
[1.661s] Level 1:colcon.colcon_core.package_identification:_identify(src/yesense_ros2/yesense_std_ros2) by extensions ['ros']
[1.661s] Level 1:colcon.colcon_core.package_identification:_identify(src/yesense_ros2/yesense_std_ros2) by extension 'ros'
[1.663s] DEBUG:colcon.colcon_core.package_identification:Package 'src/yesense_ros2/yesense_std_ros2' with type 'ros.ament_cmake' and name 'yesense_std_ros2'
[1.663s] Level 1:colcon.colcon_core.package_identification:_identify(tools) by extensions ['ignore', 'ignore_ament_install']
[1.663s] Level 1:colcon.colcon_core.package_identification:_identify(tools) by extension 'ignore'
[1.663s] Level 1:colcon.colcon_core.package_identification:_identify(tools) by extension 'ignore_ament_install'
[1.664s] Level 1:colcon.colcon_core.package_identification:_identify(tools) by extensions ['colcon_pkg']
[1.664s] Level 1:colcon.colcon_core.package_identification:_identify(tools) by extension 'colcon_pkg'
[1.664s] Level 1:colcon.colcon_core.package_identification:_identify(tools) by extensions ['colcon_meta']
[1.664s] Level 1:colcon.colcon_core.package_identification:_identify(tools) by extension 'colcon_meta'
[1.664s] Level 1:colcon.colcon_core.package_identification:_identify(tools) by extensions ['ros']
[1.664s] Level 1:colcon.colcon_core.package_identification:_identify(tools) by extension 'ros'
[1.664s] Level 1:colcon.colcon_core.package_identification:_identify(tools) by extensions ['cmake', 'python']
[1.665s] Level 1:colcon.colcon_core.package_identification:_identify(tools) by extension 'cmake'
[1.665s] Level 1:colcon.colcon_core.package_identification:_identify(tools) by extension 'python'
[1.665s] Level 1:colcon.colcon_core.package_identification:_identify(tools) by extensions ['python_setup_py']
[1.665s] Level 1:colcon.colcon_core.package_identification:_identify(tools) by extension 'python_setup_py'
[1.665s] Level 1:colcon.colcon_core.package_discovery:discover_packages(recursive) using defaults
[1.665s] Level 1:colcon.colcon_core.package_discovery:discover_packages(ignore) discover
[1.665s] Level 1:colcon.colcon_core.package_discovery:discover_packages(ignore) using defaults
[1.665s] Level 1:colcon.colcon_core.package_discovery:discover_packages(path) discover
[1.665s] Level 1:colcon.colcon_core.package_discovery:discover_packages(path) using defaults
[1.769s] INFO:colcon.colcon_core.package_selection:Skipping not selected package 'fast_lio' in 'src/FAST_LIO'
[1.769s] INFO:colcon.colcon_core.package_selection:Skipping not selected package 'serial' in 'src/serial_ros2'
[1.769s] INFO:colcon.colcon_core.package_selection:Skipping not selected package 'yesense_interface' in 'src/yesense_ros2/yesense_interface'
[1.769s] INFO:colcon.colcon_core.package_selection:Skipping not selected package 'yesense_std_ros2' in 'src/yesense_ros2/yesense_std_ros2'
[1.769s] INFO:colcon.colcon_core.package_selection:Skipping not selected package 'turn_on_32chassis' in 'src/turn_on_32chassis'
[1.770s] INFO:colcon.colcon_core.package_selection:Skipping not selected package 'turn_on_agribot' in 'src/turn_on_agribot'
[1.771s] Level 1:colcon.colcon_core.package_discovery:discover_packages(prefix_path) check parameters
[1.771s] Level 1:colcon.colcon_core.package_discovery:discover_packages(prefix_path) discover
[1.799s] DEBUG:colcon.colcon_installed_package_information.package_discovery:Found 7 installed packages in /home/wheeltec/agribot/agribot_ws/install
[1.801s] DEBUG:colcon.colcon_installed_package_information.package_discovery:Found 2 installed packages in /home/wheeltec/ws_livox/install
[1.808s] DEBUG:colcon.colcon_installed_package_information.package_discovery:Found 92 installed packages in /home/wheeltec/wheeltec_ros2/install
[1.812s] DEBUG:colcon.colcon_installed_package_information.package_discovery:Found 365 installed packages in /opt/ros/humble
[1.821s] Level 1:colcon.colcon_core.package_discovery:discover_packages(prefix_path) using defaults
[2.007s] Level 5:colcon.colcon_core.verb:set package 'centerline_extraction' build argument 'cmake_args' from command line to 'None'
[2.008s] Level 5:colcon.colcon_core.verb:set package 'centerline_extraction' build argument 'cmake_target' from command line to 'None'
[2.008s] Level 5:colcon.colcon_core.verb:set package 'centerline_extraction' build argument 'cmake_target_skip_unavailable' from command line to 'False'
[2.008s] Level 5:colcon.colcon_core.verb:set package 'centerline_extraction' build argument 'cmake_clean_cache' from command line to 'False'
[2.008s] Level 5:colcon.colcon_core.verb:set package 'centerline_extraction' build argument 'cmake_clean_first' from command line to 'False'
[2.008s] Level 5:colcon.colcon_core.verb:set package 'centerline_extraction' build argument 'cmake_force_configure' from command line to 'False'
[2.008s] Level 5:colcon.colcon_core.verb:set package 'centerline_extraction' build argument 'ament_cmake_args' from command line to 'None'
[2.008s] Level 5:colcon.colcon_core.verb:set package 'centerline_extraction' build argument 'catkin_cmake_args' from command line to 'None'
[2.008s] Level 5:colcon.colcon_core.verb:set package 'centerline_extraction' build argument 'catkin_skip_building_tests' from command line to 'False'
[2.008s] DEBUG:colcon.colcon_core.verb:Building package 'centerline_extraction' with the following arguments: {'ament_cmake_args': None, 'build_base': '/home/wheeltec/agribot/agribot_ws/build/centerline_extraction', 'catkin_cmake_args': None, 'catkin_skip_building_tests': False, 'cmake_args': None, 'cmake_clean_cache': False, 'cmake_clean_first': False, 'cmake_force_configure': False, 'cmake_target': None, 'cmake_target_skip_unavailable': False, 'install_base': '/home/wheeltec/agribot/agribot_ws/install/centerline_extraction', 'merge_install': False, 'path': '/home/wheeltec/agribot/agribot_ws/src/centerline_extraction', 'symlink_install': True, 'test_result_base': None}
[2.008s] INFO:colcon.colcon_core.executor:Executing jobs using 'parallel' executor
[2.011s] DEBUG:colcon.colcon_parallel_executor.executor.parallel:run_until_complete
[2.012s] INFO:colcon.colcon_ros.task.ament_cmake.build:Building ROS package in '/home/wheeltec/agribot/agribot_ws/src/centerline_extraction' with build type 'ament_cmake'
[2.012s] INFO:colcon.colcon_cmake.task.cmake.build:Building CMake package in '/home/wheeltec/agribot/agribot_ws/src/centerline_extraction'
[2.030s] INFO:colcon.colcon_core.plugin_system:Skipping extension 'colcon_core.shell.bat': Not used on non-Windows systems
[2.030s] INFO:colcon.colcon_core.shell:Skip shell extension 'powershell' for command environment: Not usable outside of PowerShell
[2.030s] DEBUG:colcon.colcon_core.shell:Skip shell extension 'dsv' for command environment
[2.116s] DEBUG:colcon.colcon_core.event_handler.log_command:Invoking command in '/home/wheeltec/agribot/agribot_ws/build/centerline_extraction': CMAKE_PREFIX_PATH=/home/wheeltec/agribot/agribot_ws/install/turn_on_agribot:/home/wheeltec/agribot/agribot_ws/install/turn_on_32chassis:/home/wheeltec/agribot/agribot_ws/install/yesense_std_ros2:/home/wheeltec/agribot/agribot_ws/install/yesense_interface:/home/wheeltec/agribot/agribot_ws/install/serial:/home/wheeltec/agribot/agribot_ws/install/fast_lio:/home/wheeltec/agribot/agribot_ws/install/centerline_extraction:/home/wheeltec/ws_livox/install/livox_ros_driver2:/home/wheeltec/wheeltec_ros2/install/yesense_std_ros2:/home/wheeltec/wheeltec_ros2/install/yesense_interface:/home/wheeltec/wheeltec_ros2/install/wheeltec_slam_toolbox:/home/wheeltec/wheeltec_ros2/install/wheeltec_rviz2:/home/wheeltec/wheeltec_ros2/install/wheeltec_rrt_msg:/home/wheeltec/wheeltec_ros2/install/wheeltec_robot_urdf:/home/wheeltec/wheeltec_ros2/install/wheeltec_robot_rtab:/home/wheeltec/wheeltec_ros2/install/wheeltec_robot_rrt:/home/wheeltec/wheeltec_ros2/install/turn_on_wheeltec_robot:/home/wheeltec/wheeltec_ros2/install/wheeltec_robot_msg:/home/wheeltec/wheeltec_ros2/install/wheeltec_robot_kcf:/home/wheeltec/wheeltec_ros2/install/wheeltec_path_follow:/home/wheeltec/wheeltec_ros2/install/wheeltec_nav2:/home/wheeltec/wheeltec_ros2/install/wheeltec_multi:/home/wheeltec/wheeltec_ros2/install/wheeltec_mic_ros2:/home/wheeltec/wheeltec_ros2/install/wheeltec_mic_msg:/home/wheeltec/wheeltec_ros2/install/wheeltec_joy:/home/wheeltec/wheeltec_ros2/install/wheeltec_gps_driver:/home/wheeltec/wheeltec_ros2/install/wheeltec_cartographer:/home/wheeltec/wheeltec_ros2/install/wheeltec_aiui:/home/wheeltec/wheeltec_ros2/install/web_video_server:/home/wheeltec/wheeltec_ros2/install/usb_cam:/home/wheeltec/wheeltec_ros2/install/ublox:/home/wheeltec/wheeltec_ros2/install/ublox_gps:/home/wheeltec/wheeltec_ros2/install/ublox_msgs:/home/wheeltec/wheeltec_ros2/install/ublox_serialization:/home/wheeltec/wheeltec_ros2/install/tts:/home/wheeltec/wheeltec_ros2/install/slam_gmapping:/home/wheeltec/wheeltec_ros2/install/bodyreader:/home/wheeltec/wheeltec_ros2/install/serial:/home/wheeltec/wheeltec_ros2/install/rplidar_ros:/home/wheeltec/wheeltec_ros2/install/orb_slam2_ros:/home/wheeltec/wheeltec_ros2/install/openslam_gmapping:/home/wheeltec/wheeltec_ros2/install/ollama_ros_msgs:/home/wheeltec/wheeltec_ros2/install/nmea_msgs:/home/wheeltec/wheeltec_ros2/install/nav2_bringup:/home/wheeltec/wheeltec_ros2/install/navigation2:/home/wheeltec/wheeltec_ros2/install/nav2_smoother:/home/wheeltec/wheeltec_ros2/install/nav2_dwb_controller:/home/wheeltec/wheeltec_ros2/install/nav2_controller:/home/wheeltec/wheeltec_ros2/install/dwb_plugins:/home/wheeltec/wheeltec_ros2/install/dwb_critics:/home/wheeltec/wheeltec_ros2/install/dwb_core:/home/wheeltec/wheeltec_ros2/install/nav_2d_utils:/home/wheeltec/wheeltec_ros2/install/dwb_msgs:/home/wheeltec/wheeltec_ros2/install/nav_2d_msgs:/home/wheeltec/wheeltec_ros2/install/nav2_waypoint_follower:/home/wheeltec/wheeltec_ros2/install/nav2_theta_star_planner:/home/wheeltec/wheeltec_ros2/install/nav2_smac_planner:/home/wheeltec/wheeltec_ros2/install/nav2_rotation_shim_controller:/home/wheeltec/wheeltec_ros2/install/nav2_regulated_pure_pursuit_controller:/home/wheeltec/wheeltec_ros2/install/nav2_planner:/home/wheeltec/wheeltec_ros2/install/nav2_navfn_planner:/home/wheeltec/wheeltec_ros2/install/nav2_constrained_smoother:/home/wheeltec/wheeltec_ros2/install/nav2_bt_navigator:/home/wheeltec/wheeltec_ros2/install/nav2_behaviors:/home/wheeltec/wheeltec_ros2/install/nav2_core:/home/wheeltec/wheeltec_ros2/install/nav2_collision_monitor:/home/wheeltec/wheeltec_ros2/install/costmap_queue:/home/wheeltec/wheeltec_ros2/install/nav2_costmap_2d:/home/wheeltec/wheeltec_ros2/install/nav2_voxel_grid:/home/wheeltec/wheeltec_ros2/install/nav2_velocity_smoother:/home/wheeltec/wheeltec_ros2/install/nav2_rviz_plugins:/home/wheeltec/wheeltec_ros2/install/nav2_map_server:/home/wheeltec/wheeltec_ros2/install/nav2_lifecycle_manager:/home/wheeltec/wheeltec_ros2/install/nav2_behavior_tree:/home/wheeltec/wheeltec_ros2/install/nav2_amcl:/home/wheeltec/wheeltec_ros2/install/nav2_util:/home/wheeltec/wheeltec_ros2/install/nav2_msgs:/home/wheeltec/wheeltec_ros2/install/nav2_common:/home/wheeltec/wheeltec_ros2/install/lslidar_driver:/home/wheeltec/wheeltec_ros2/install/lslidar_msgs:/home/wheeltec/wheeltec_ros2/install/ldlidar_stl_ros2:/home/wheeltec/wheeltec_ros2/install/ldlidar_sl_ros2:/home/wheeltec/wheeltec_ros2/install/ldlidar:/home/wheeltec/wheeltec_ros2/install/bodyreader_msg:/home/wheeltec/wheeltec_ros2/install/astra_camera:/home/wheeltec/wheeltec_ros2/install/astra_camera_msgs:/home/wheeltec/wheeltec_ros2/install/aruco_ros:/home/wheeltec/wheeltec_ros2/install/aruco_msgs:/home/wheeltec/wheeltec_ros2/install/aruco:/home/wheeltec/wheeltec_ros2/install/ackermann_msgs:/home/wheeltec/wheeltec_ros2/install/simple_follower_ros2:/home/wheeltec/wheeltec_ros2/install/wheeltec_robot_keyboard:/home/wheeltec/wheeltec_ros2/install/wheeltec_dual_rtk_driver:/home/wheeltec/wheeltec_ros2/install/ultralytics_ros2:/home/wheeltec/wheeltec_ros2/install/tf2_tools:/home/wheeltec/wheeltec_ros2/install/ollama_ros_chat:/home/wheeltec/wheeltec_ros2/install/nmea_navsat_driver:/home/wheeltec/wheeltec_ros2/install/nav2_waypoint_cycle:/home/wheeltec/wheeltec_ros2/install/nav2_simple_commander:/home/wheeltec/wheeltec_ros2/install/auto_recharge_ros2:/opt/ros/humble LD_LIBRARY_PATH=/home/wheeltec/agribot/agribot_ws/install/yesense_interface/lib:/home/wheeltec/agribot/agribot_ws/install/fast_lio/lib:/usr/lib/aarch64-linux-gnu:/home/wheeltec/agribot/agribot_ws/install/serial/lib:/home/wheeltec/ws_livox/install/livox_sdk2/lib:/home/wheeltec/ws_livox/install/livox_ros_driver2/lib:/home/wheeltec/wheeltec_ros2/install/yesense_interface/lib:/home/wheeltec/wheeltec_ros2/install/wheeltec_rrt_msg/lib:/home/wheeltec/wheeltec_ros2/install/wheeltec_robot_rrt/lib:/home/wheeltec/wheeltec_ros2/install/turn_on_wheeltec_robot/lib:/home/wheeltec/wheeltec_ros2/install/wheeltec_robot_msg/lib:/home/wheeltec/wheeltec_ros2/install/wheeltec_mic_msg/lib:/home/wheeltec/wheeltec_ros2/install/usb_cam/lib:/home/wheeltec/wheeltec_ros2/install/ublox_gps/lib:/home/wheeltec/wheeltec_ros2/install/ublox_msgs/lib:/home/wheeltec/wheeltec_ros2/install/serial/lib:/home/wheeltec/wheeltec_ros2/install/orb_slam2_ros/lib:/home/wheeltec/wheeltec_ros2/install/openslam_gmapping/lib:/home/wheeltec/wheeltec_ros2/install/ollama_ros_msgs/lib:/home/wheeltec/wheeltec_ros2/install/nmea_msgs/lib:/home/wheeltec/wheeltec_ros2/install/nav2_smoother/lib:/home/wheeltec/wheeltec_ros2/install/nav2_controller/lib:/home/wheeltec/wheeltec_ros2/install/dwb_plugins/lib:/home/wheeltec/wheeltec_ros2/install/dwb_critics/lib:/home/wheeltec/wheeltec_ros2/install/dwb_core/lib:/home/wheeltec/wheeltec_ros2/install/nav_2d_utils/lib:/home/wheeltec/wheeltec_ros2/install/dwb_msgs/lib:/home/wheeltec/wheeltec_ros2/install/nav_2d_msgs/lib:/home/wheeltec/wheeltec_ros2/install/nav2_waypoint_follower/lib:/home/wheeltec/wheeltec_ros2/install/nav2_theta_star_planner/lib:/home/wheeltec/wheeltec_ros2/install/nav2_smac_planner/lib:/home/wheeltec/wheeltec_ros2/install/nav2_rotation_shim_controller/lib:/home/wheeltec/wheeltec_ros2/install/nav2_regulated_pure_pursuit_controller/lib:/home/wheeltec/wheeltec_ros2/install/nav2_planner/lib:/home/wheeltec/wheeltec_ros2/install/nav2_navfn_planner/lib:/home/wheeltec/wheeltec_ros2/install/nav2_constrained_smoother/lib:/home/wheeltec/wheeltec_ros2/install/nav2_bt_navigator/lib:/home/wheeltec/wheeltec_ros2/install/nav2_behaviors/lib:/home/wheeltec/wheeltec_ros2/install/nav2_collision_monitor/lib:/home/wheeltec/wheeltec_ros2/install/costmap_queue/lib:/home/wheeltec/wheeltec_ros2/install/nav2_costmap_2d/lib:/home/wheeltec/wheeltec_ros2/install/nav2_voxel_grid/lib:/home/wheeltec/wheeltec_ros2/install/nav2_velocity_smoother/lib:/home/wheeltec/wheeltec_ros2/install/nav2_rviz_plugins/lib:/home/wheeltec/wheeltec_ros2/install/nav2_map_server/lib:/home/wheeltec/wheeltec_ros2/install/nav2_lifecycle_manager/lib:/home/wheeltec/wheeltec_ros2/install/nav2_behavior_tree/lib:/home/wheeltec/wheeltec_ros2/install/nav2_amcl/lib:/home/wheeltec/wheeltec_ros2/install/nav2_util/lib:/home/wheeltec/wheeltec_ros2/install/nav2_msgs/lib:/home/wheeltec/wheeltec_ros2/install/lslidar_msgs/lib:/home/wheeltec/wheeltec_ros2/install/bodyreader_msg/lib:/home/wheeltec/wheeltec_ros2/install/astra_camera/lib:/home/wheeltec/wheeltec_ros2/install/astra_camera_msgs/lib:/home/wheeltec/wheeltec_ros2/install/aruco_ros/lib:/home/wheeltec/wheeltec_ros2/install/aruco_msgs/lib:/home/wheeltec/wheeltec_ros2/install/aruco/lib:/home/wheeltec/wheeltec_ros2/install/ackermann_msgs/lib:/opt/ros/humble/opt/rviz_ogre_vendor/lib:/opt/ros/humble/lib/aarch64-linux-gnu:/opt/ros/humble/lib /usr/bin/cmake --build /home/wheeltec/agribot/agribot_ws/build/centerline_extraction -- -j8 -l8
[9.677s] DEBUG:colcon.colcon_core.event_handler.log_command:Invoked command in '/home/wheeltec/agribot/agribot_ws/build/centerline_extraction' returned '0': CMAKE_PREFIX_PATH=/home/wheeltec/agribot/agribot_ws/install/turn_on_agribot:/home/wheeltec/agribot/agribot_ws/install/turn_on_32chassis:/home/wheeltec/agribot/agribot_ws/install/yesense_std_ros2:/home/wheeltec/agribot/agribot_ws/install/yesense_interface:/home/wheeltec/agribot/agribot_ws/install/serial:/home/wheeltec/agribot/agribot_ws/install/fast_lio:/home/wheeltec/agribot/agribot_ws/install/centerline_extraction:/home/wheeltec/ws_livox/install/livox_ros_driver2:/home/wheeltec/wheeltec_ros2/install/yesense_std_ros2:/home/wheeltec/wheeltec_ros2/install/yesense_interface:/home/wheeltec/wheeltec_ros2/install/wheeltec_slam_toolbox:/home/wheeltec/wheeltec_ros2/install/wheeltec_rviz2:/home/wheeltec/wheeltec_ros2/install/wheeltec_rrt_msg:/home/wheeltec/wheeltec_ros2/install/wheeltec_robot_urdf:/home/wheeltec/wheeltec_ros2/install/wheeltec_robot_rtab:/home/wheeltec/wheeltec_ros2/install/wheeltec_robot_rrt:/home/wheeltec/wheeltec_ros2/install/turn_on_wheeltec_robot:/home/wheeltec/wheeltec_ros2/install/wheeltec_robot_msg:/home/wheeltec/wheeltec_ros2/install/wheeltec_robot_kcf:/home/wheeltec/wheeltec_ros2/install/wheeltec_path_follow:/home/wheeltec/wheeltec_ros2/install/wheeltec_nav2:/home/wheeltec/wheeltec_ros2/install/wheeltec_multi:/home/wheeltec/wheeltec_ros2/install/wheeltec_mic_ros2:/home/wheeltec/wheeltec_ros2/install/wheeltec_mic_msg:/home/wheeltec/wheeltec_ros2/install/wheeltec_joy:/home/wheeltec/wheeltec_ros2/install/wheeltec_gps_driver:/home/wheeltec/wheeltec_ros2/install/wheeltec_cartographer:/home/wheeltec/wheeltec_ros2/install/wheeltec_aiui:/home/wheeltec/wheeltec_ros2/install/web_video_server:/home/wheeltec/wheeltec_ros2/install/usb_cam:/home/wheeltec/wheeltec_ros2/install/ublox:/home/wheeltec/wheeltec_ros2/install/ublox_gps:/home/wheeltec/wheeltec_ros2/install/ublox_msgs:/home/wheeltec/wheeltec_ros2/install/ublox_serialization:/home/wheeltec/wheeltec_ros2/install/tts:/home/wheeltec/wheeltec_ros2/install/slam_gmapping:/home/wheeltec/wheeltec_ros2/install/bodyreader:/home/wheeltec/wheeltec_ros2/install/serial:/home/wheeltec/wheeltec_ros2/install/rplidar_ros:/home/wheeltec/wheeltec_ros2/install/orb_slam2_ros:/home/wheeltec/wheeltec_ros2/install/openslam_gmapping:/home/wheeltec/wheeltec_ros2/install/ollama_ros_msgs:/home/wheeltec/wheeltec_ros2/install/nmea_msgs:/home/wheeltec/wheeltec_ros2/install/nav2_bringup:/home/wheeltec/wheeltec_ros2/install/navigation2:/home/wheeltec/wheeltec_ros2/install/nav2_smoother:/home/wheeltec/wheeltec_ros2/install/nav2_dwb_controller:/home/wheeltec/wheeltec_ros2/install/nav2_controller:/home/wheeltec/wheeltec_ros2/install/dwb_plugins:/home/wheeltec/wheeltec_ros2/install/dwb_critics:/home/wheeltec/wheeltec_ros2/install/dwb_core:/home/wheeltec/wheeltec_ros2/install/nav_2d_utils:/home/wheeltec/wheeltec_ros2/install/dwb_msgs:/home/wheeltec/wheeltec_ros2/install/nav_2d_msgs:/home/wheeltec/wheeltec_ros2/install/nav2_waypoint_follower:/home/wheeltec/wheeltec_ros2/install/nav2_theta_star_planner:/home/wheeltec/wheeltec_ros2/install/nav2_smac_planner:/home/wheeltec/wheeltec_ros2/install/nav2_rotation_shim_controller:/home/wheeltec/wheeltec_ros2/install/nav2_regulated_pure_pursuit_controller:/home/wheeltec/wheeltec_ros2/install/nav2_planner:/home/wheeltec/wheeltec_ros2/install/nav2_navfn_planner:/home/wheeltec/wheeltec_ros2/install/nav2_constrained_smoother:/home/wheeltec/wheeltec_ros2/install/nav2_bt_navigator:/home/wheeltec/wheeltec_ros2/install/nav2_behaviors:/home/wheeltec/wheeltec_ros2/install/nav2_core:/home/wheeltec/wheeltec_ros2/install/nav2_collision_monitor:/home/wheeltec/wheeltec_ros2/install/costmap_queue:/home/wheeltec/wheeltec_ros2/install/nav2_costmap_2d:/home/wheeltec/wheeltec_ros2/install/nav2_voxel_grid:/home/wheeltec/wheeltec_ros2/install/nav2_velocity_smoother:/home/wheeltec/wheeltec_ros2/install/nav2_rviz_plugins:/home/wheeltec/wheeltec_ros2/install/nav2_map_server:/home/wheeltec/wheeltec_ros2/install/nav2_lifecycle_manager:/home/wheeltec/wheeltec_ros2/install/nav2_behavior_tree:/home/wheeltec/wheeltec_ros2/install/nav2_amcl:/home/wheeltec/wheeltec_ros2/install/nav2_util:/home/wheeltec/wheeltec_ros2/install/nav2_msgs:/home/wheeltec/wheeltec_ros2/install/nav2_common:/home/wheeltec/wheeltec_ros2/install/lslidar_driver:/home/wheeltec/wheeltec_ros2/install/lslidar_msgs:/home/wheeltec/wheeltec_ros2/install/ldlidar_stl_ros2:/home/wheeltec/wheeltec_ros2/install/ldlidar_sl_ros2:/home/wheeltec/wheeltec_ros2/install/ldlidar:/home/wheeltec/wheeltec_ros2/install/bodyreader_msg:/home/wheeltec/wheeltec_ros2/install/astra_camera:/home/wheeltec/wheeltec_ros2/install/astra_camera_msgs:/home/wheeltec/wheeltec_ros2/install/aruco_ros:/home/wheeltec/wheeltec_ros2/install/aruco_msgs:/home/wheeltec/wheeltec_ros2/install/aruco:/home/wheeltec/wheeltec_ros2/install/ackermann_msgs:/home/wheeltec/wheeltec_ros2/install/simple_follower_ros2:/home/wheeltec/wheeltec_ros2/install/wheeltec_robot_keyboard:/home/wheeltec/wheeltec_ros2/install/wheeltec_dual_rtk_driver:/home/wheeltec/wheeltec_ros2/install/ultralytics_ros2:/home/wheeltec/wheeltec_ros2/install/tf2_tools:/home/wheeltec/wheeltec_ros2/install/ollama_ros_chat:/home/wheeltec/wheeltec_ros2/install/nmea_navsat_driver:/home/wheeltec/wheeltec_ros2/install/nav2_waypoint_cycle:/home/wheeltec/wheeltec_ros2/install/nav2_simple_commander:/home/wheeltec/wheeltec_ros2/install/auto_recharge_ros2:/opt/ros/humble LD_LIBRARY_PATH=/home/wheeltec/agribot/agribot_ws/install/yesense_interface/lib:/home/wheeltec/agribot/agribot_ws/install/fast_lio/lib:/usr/lib/aarch64-linux-gnu:/home/wheeltec/agribot/agribot_ws/install/serial/lib:/home/wheeltec/ws_livox/install/livox_sdk2/lib:/home/wheeltec/ws_livox/install/livox_ros_driver2/lib:/home/wheeltec/wheeltec_ros2/install/yesense_interface/lib:/home/wheeltec/wheeltec_ros2/install/wheeltec_rrt_msg/lib:/home/wheeltec/wheeltec_ros2/install/wheeltec_robot_rrt/lib:/home/wheeltec/wheeltec_ros2/install/turn_on_wheeltec_robot/lib:/home/wheeltec/wheeltec_ros2/install/wheeltec_robot_msg/lib:/home/wheeltec/wheeltec_ros2/install/wheeltec_mic_msg/lib:/home/wheeltec/wheeltec_ros2/install/usb_cam/lib:/home/wheeltec/wheeltec_ros2/install/ublox_gps/lib:/home/wheeltec/wheeltec_ros2/install/ublox_msgs/lib:/home/wheeltec/wheeltec_ros2/install/serial/lib:/home/wheeltec/wheeltec_ros2/install/orb_slam2_ros/lib:/home/wheeltec/wheeltec_ros2/install/openslam_gmapping/lib:/home/wheeltec/wheeltec_ros2/install/ollama_ros_msgs/lib:/home/wheeltec/wheeltec_ros2/install/nmea_msgs/lib:/home/wheeltec/wheeltec_ros2/install/nav2_smoother/lib:/home/wheeltec/wheeltec_ros2/install/nav2_controller/lib:/home/wheeltec/wheeltec_ros2/install/dwb_plugins/lib:/home/wheeltec/wheeltec_ros2/install/dwb_critics/lib:/home/wheeltec/wheeltec_ros2/install/dwb_core/lib:/home/wheeltec/wheeltec_ros2/install/nav_2d_utils/lib:/home/wheeltec/wheeltec_ros2/install/dwb_msgs/lib:/home/wheeltec/wheeltec_ros2/install/nav_2d_msgs/lib:/home/wheeltec/wheeltec_ros2/install/nav2_waypoint_follower/lib:/home/wheeltec/wheeltec_ros2/install/nav2_theta_star_planner/lib:/home/wheeltec/wheeltec_ros2/install/nav2_smac_planner/lib:/home/wheeltec/wheeltec_ros2/install/nav2_rotation_shim_controller/lib:/home/wheeltec/wheeltec_ros2/install/nav2_regulated_pure_pursuit_controller/lib:/home/wheeltec/wheeltec_ros2/install/nav2_planner/lib:/home/wheeltec/wheeltec_ros2/install/nav2_navfn_planner/lib:/home/wheeltec/wheeltec_ros2/install/nav2_constrained_smoother/lib:/home/wheeltec/wheeltec_ros2/install/nav2_bt_navigator/lib:/home/wheeltec/wheeltec_ros2/install/nav2_behaviors/lib:/home/wheeltec/wheeltec_ros2/install/nav2_collision_monitor/lib:/home/wheeltec/wheeltec_ros2/install/costmap_queue/lib:/home/wheeltec/wheeltec_ros2/install/nav2_costmap_2d/lib:/home/wheeltec/wheeltec_ros2/install/nav2_voxel_grid/lib:/home/wheeltec/wheeltec_ros2/install/nav2_velocity_smoother/lib:/home/wheeltec/wheeltec_ros2/install/nav2_rviz_plugins/lib:/home/wheeltec/wheeltec_ros2/install/nav2_map_server/lib:/home/wheeltec/wheeltec_ros2/install/nav2_lifecycle_manager/lib:/home/wheeltec/wheeltec_ros2/install/nav2_behavior_tree/lib:/home/wheeltec/wheeltec_ros2/install/nav2_amcl/lib:/home/wheeltec/wheeltec_ros2/install/nav2_util/lib:/home/wheeltec/wheeltec_ros2/install/nav2_msgs/lib:/home/wheeltec/wheeltec_ros2/install/lslidar_msgs/lib:/home/wheeltec/wheeltec_ros2/install/bodyreader_msg/lib:/home/wheeltec/wheeltec_ros2/install/astra_camera/lib:/home/wheeltec/wheeltec_ros2/install/astra_camera_msgs/lib:/home/wheeltec/wheeltec_ros2/install/aruco_ros/lib:/home/wheeltec/wheeltec_ros2/install/aruco_msgs/lib:/home/wheeltec/wheeltec_ros2/install/aruco/lib:/home/wheeltec/wheeltec_ros2/install/ackermann_msgs/lib:/opt/ros/humble/opt/rviz_ogre_vendor/lib:/opt/ros/humble/lib/aarch64-linux-gnu:/opt/ros/humble/lib /usr/bin/cmake --build /home/wheeltec/agribot/agribot_ws/build/centerline_extraction -- -j8 -l8
[9.708s] DEBUG:colcon.colcon_core.event_handler.log_command:Invoking command in '/home/wheeltec/agribot/agribot_ws/build/centerline_extraction': CMAKE_PREFIX_PATH=/home/wheeltec/agribot/agribot_ws/install/turn_on_agribot:/home/wheeltec/agribot/agribot_ws/install/turn_on_32chassis:/home/wheeltec/agribot/agribot_ws/install/yesense_std_ros2:/home/wheeltec/agribot/agribot_ws/install/yesense_interface:/home/wheeltec/agribot/agribot_ws/install/serial:/home/wheeltec/agribot/agribot_ws/install/fast_lio:/home/wheeltec/agribot/agribot_ws/install/centerline_extraction:/home/wheeltec/ws_livox/install/livox_ros_driver2:/home/wheeltec/wheeltec_ros2/install/yesense_std_ros2:/home/wheeltec/wheeltec_ros2/install/yesense_interface:/home/wheeltec/wheeltec_ros2/install/wheeltec_slam_toolbox:/home/wheeltec/wheeltec_ros2/install/wheeltec_rviz2:/home/wheeltec/wheeltec_ros2/install/wheeltec_rrt_msg:/home/wheeltec/wheeltec_ros2/install/wheeltec_robot_urdf:/home/wheeltec/wheeltec_ros2/install/wheeltec_robot_rtab:/home/wheeltec/wheeltec_ros2/install/wheeltec_robot_rrt:/home/wheeltec/wheeltec_ros2/install/turn_on_wheeltec_robot:/home/wheeltec/wheeltec_ros2/install/wheeltec_robot_msg:/home/wheeltec/wheeltec_ros2/install/wheeltec_robot_kcf:/home/wheeltec/wheeltec_ros2/install/wheeltec_path_follow:/home/wheeltec/wheeltec_ros2/install/wheeltec_nav2:/home/wheeltec/wheeltec_ros2/install/wheeltec_multi:/home/wheeltec/wheeltec_ros2/install/wheeltec_mic_ros2:/home/wheeltec/wheeltec_ros2/install/wheeltec_mic_msg:/home/wheeltec/wheeltec_ros2/install/wheeltec_joy:/home/wheeltec/wheeltec_ros2/install/wheeltec_gps_driver:/home/wheeltec/wheeltec_ros2/install/wheeltec_cartographer:/home/wheeltec/wheeltec_ros2/install/wheeltec_aiui:/home/wheeltec/wheeltec_ros2/install/web_video_server:/home/wheeltec/wheeltec_ros2/install/usb_cam:/home/wheeltec/wheeltec_ros2/install/ublox:/home/wheeltec/wheeltec_ros2/install/ublox_gps:/home/wheeltec/wheeltec_ros2/install/ublox_msgs:/home/wheeltec/wheeltec_ros2/install/ublox_serialization:/home/wheeltec/wheeltec_ros2/install/tts:/home/wheeltec/wheeltec_ros2/install/slam_gmapping:/home/wheeltec/wheeltec_ros2/install/bodyreader:/home/wheeltec/wheeltec_ros2/install/serial:/home/wheeltec/wheeltec_ros2/install/rplidar_ros:/home/wheeltec/wheeltec_ros2/install/orb_slam2_ros:/home/wheeltec/wheeltec_ros2/install/openslam_gmapping:/home/wheeltec/wheeltec_ros2/install/ollama_ros_msgs:/home/wheeltec/wheeltec_ros2/install/nmea_msgs:/home/wheeltec/wheeltec_ros2/install/nav2_bringup:/home/wheeltec/wheeltec_ros2/install/navigation2:/home/wheeltec/wheeltec_ros2/install/nav2_smoother:/home/wheeltec/wheeltec_ros2/install/nav2_dwb_controller:/home/wheeltec/wheeltec_ros2/install/nav2_controller:/home/wheeltec/wheeltec_ros2/install/dwb_plugins:/home/wheeltec/wheeltec_ros2/install/dwb_critics:/home/wheeltec/wheeltec_ros2/install/dwb_core:/home/wheeltec/wheeltec_ros2/install/nav_2d_utils:/home/wheeltec/wheeltec_ros2/install/dwb_msgs:/home/wheeltec/wheeltec_ros2/install/nav_2d_msgs:/home/wheeltec/wheeltec_ros2/install/nav2_waypoint_follower:/home/wheeltec/wheeltec_ros2/install/nav2_theta_star_planner:/home/wheeltec/wheeltec_ros2/install/nav2_smac_planner:/home/wheeltec/wheeltec_ros2/install/nav2_rotation_shim_controller:/home/wheeltec/wheeltec_ros2/install/nav2_regulated_pure_pursuit_controller:/home/wheeltec/wheeltec_ros2/install/nav2_planner:/home/wheeltec/wheeltec_ros2/install/nav2_navfn_planner:/home/wheeltec/wheeltec_ros2/install/nav2_constrained_smoother:/home/wheeltec/wheeltec_ros2/install/nav2_bt_navigator:/home/wheeltec/wheeltec_ros2/install/nav2_behaviors:/home/wheeltec/wheeltec_ros2/install/nav2_core:/home/wheeltec/wheeltec_ros2/install/nav2_collision_monitor:/home/wheeltec/wheeltec_ros2/install/costmap_queue:/home/wheeltec/wheeltec_ros2/install/nav2_costmap_2d:/home/wheeltec/wheeltec_ros2/install/nav2_voxel_grid:/home/wheeltec/wheeltec_ros2/install/nav2_velocity_smoother:/home/wheeltec/wheeltec_ros2/install/nav2_rviz_plugins:/home/wheeltec/wheeltec_ros2/install/nav2_map_server:/home/wheeltec/wheeltec_ros2/install/nav2_lifecycle_manager:/home/wheeltec/wheeltec_ros2/install/nav2_behavior_tree:/home/wheeltec/wheeltec_ros2/install/nav2_amcl:/home/wheeltec/wheeltec_ros2/install/nav2_util:/home/wheeltec/wheeltec_ros2/install/nav2_msgs:/home/wheeltec/wheeltec_ros2/install/nav2_common:/home/wheeltec/wheeltec_ros2/install/lslidar_driver:/home/wheeltec/wheeltec_ros2/install/lslidar_msgs:/home/wheeltec/wheeltec_ros2/install/ldlidar_stl_ros2:/home/wheeltec/wheeltec_ros2/install/ldlidar_sl_ros2:/home/wheeltec/wheeltec_ros2/install/ldlidar:/home/wheeltec/wheeltec_ros2/install/bodyreader_msg:/home/wheeltec/wheeltec_ros2/install/astra_camera:/home/wheeltec/wheeltec_ros2/install/astra_camera_msgs:/home/wheeltec/wheeltec_ros2/install/aruco_ros:/home/wheeltec/wheeltec_ros2/install/aruco_msgs:/home/wheeltec/wheeltec_ros2/install/aruco:/home/wheeltec/wheeltec_ros2/install/ackermann_msgs:/home/wheeltec/wheeltec_ros2/install/simple_follower_ros2:/home/wheeltec/wheeltec_ros2/install/wheeltec_robot_keyboard:/home/wheeltec/wheeltec_ros2/install/wheeltec_dual_rtk_driver:/home/wheeltec/wheeltec_ros2/install/ultralytics_ros2:/home/wheeltec/wheeltec_ros2/install/tf2_tools:/home/wheeltec/wheeltec_ros2/install/ollama_ros_chat:/home/wheeltec/wheeltec_ros2/install/nmea_navsat_driver:/home/wheeltec/wheeltec_ros2/install/nav2_waypoint_cycle:/home/wheeltec/wheeltec_ros2/install/nav2_simple_commander:/home/wheeltec/wheeltec_ros2/install/auto_recharge_ros2:/opt/ros/humble LD_LIBRARY_PATH=/home/wheeltec/agribot/agribot_ws/install/yesense_interface/lib:/home/wheeltec/agribot/agribot_ws/install/fast_lio/lib:/usr/lib/aarch64-linux-gnu:/home/wheeltec/agribot/agribot_ws/install/serial/lib:/home/wheeltec/ws_livox/install/livox_sdk2/lib:/home/wheeltec/ws_livox/install/livox_ros_driver2/lib:/home/wheeltec/wheeltec_ros2/install/yesense_interface/lib:/home/wheeltec/wheeltec_ros2/install/wheeltec_rrt_msg/lib:/home/wheeltec/wheeltec_ros2/install/wheeltec_robot_rrt/lib:/home/wheeltec/wheeltec_ros2/install/turn_on_wheeltec_robot/lib:/home/wheeltec/wheeltec_ros2/install/wheeltec_robot_msg/lib:/home/wheeltec/wheeltec_ros2/install/wheeltec_mic_msg/lib:/home/wheeltec/wheeltec_ros2/install/usb_cam/lib:/home/wheeltec/wheeltec_ros2/install/ublox_gps/lib:/home/wheeltec/wheeltec_ros2/install/ublox_msgs/lib:/home/wheeltec/wheeltec_ros2/install/serial/lib:/home/wheeltec/wheeltec_ros2/install/orb_slam2_ros/lib:/home/wheeltec/wheeltec_ros2/install/openslam_gmapping/lib:/home/wheeltec/wheeltec_ros2/install/ollama_ros_msgs/lib:/home/wheeltec/wheeltec_ros2/install/nmea_msgs/lib:/home/wheeltec/wheeltec_ros2/install/nav2_smoother/lib:/home/wheeltec/wheeltec_ros2/install/nav2_controller/lib:/home/wheeltec/wheeltec_ros2/install/dwb_plugins/lib:/home/wheeltec/wheeltec_ros2/install/dwb_critics/lib:/home/wheeltec/wheeltec_ros2/install/dwb_core/lib:/home/wheeltec/wheeltec_ros2/install/nav_2d_utils/lib:/home/wheeltec/wheeltec_ros2/install/dwb_msgs/lib:/home/wheeltec/wheeltec_ros2/install/nav_2d_msgs/lib:/home/wheeltec/wheeltec_ros2/install/nav2_waypoint_follower/lib:/home/wheeltec/wheeltec_ros2/install/nav2_theta_star_planner/lib:/home/wheeltec/wheeltec_ros2/install/nav2_smac_planner/lib:/home/wheeltec/wheeltec_ros2/install/nav2_rotation_shim_controller/lib:/home/wheeltec/wheeltec_ros2/install/nav2_regulated_pure_pursuit_controller/lib:/home/wheeltec/wheeltec_ros2/install/nav2_planner/lib:/home/wheeltec/wheeltec_ros2/install/nav2_navfn_planner/lib:/home/wheeltec/wheeltec_ros2/install/nav2_constrained_smoother/lib:/home/wheeltec/wheeltec_ros2/install/nav2_bt_navigator/lib:/home/wheeltec/wheeltec_ros2/install/nav2_behaviors/lib:/home/wheeltec/wheeltec_ros2/install/nav2_collision_monitor/lib:/home/wheeltec/wheeltec_ros2/install/costmap_queue/lib:/home/wheeltec/wheeltec_ros2/install/nav2_costmap_2d/lib:/home/wheeltec/wheeltec_ros2/install/nav2_voxel_grid/lib:/home/wheeltec/wheeltec_ros2/install/nav2_velocity_smoother/lib:/home/wheeltec/wheeltec_ros2/install/nav2_rviz_plugins/lib:/home/wheeltec/wheeltec_ros2/install/nav2_map_server/lib:/home/wheeltec/wheeltec_ros2/install/nav2_lifecycle_manager/lib:/home/wheeltec/wheeltec_ros2/install/nav2_behavior_tree/lib:/home/wheeltec/wheeltec_ros2/install/nav2_amcl/lib:/home/wheeltec/wheeltec_ros2/install/nav2_util/lib:/home/wheeltec/wheeltec_ros2/install/nav2_msgs/lib:/home/wheeltec/wheeltec_ros2/install/lslidar_msgs/lib:/home/wheeltec/wheeltec_ros2/install/bodyreader_msg/lib:/home/wheeltec/wheeltec_ros2/install/astra_camera/lib:/home/wheeltec/wheeltec_ros2/install/astra_camera_msgs/lib:/home/wheeltec/wheeltec_ros2/install/aruco_ros/lib:/home/wheeltec/wheeltec_ros2/install/aruco_msgs/lib:/home/wheeltec/wheeltec_ros2/install/aruco/lib:/home/wheeltec/wheeltec_ros2/install/ackermann_msgs/lib:/opt/ros/humble/opt/rviz_ogre_vendor/lib:/opt/ros/humble/lib/aarch64-linux-gnu:/opt/ros/humble/lib /usr/bin/cmake --install /home/wheeltec/agribot/agribot_ws/build/centerline_extraction
[9.768s] Level 1:colcon.colcon_core.environment:create_environment_scripts_only(centerline_extraction)
[9.769s] DEBUG:colcon.colcon_core.event_handler.log_command:Invoked command in '/home/wheeltec/agribot/agribot_ws/build/centerline_extraction' returned '0': CMAKE_PREFIX_PATH=/home/wheeltec/agribot/agribot_ws/install/turn_on_agribot:/home/wheeltec/agribot/agribot_ws/install/turn_on_32chassis:/home/wheeltec/agribot/agribot_ws/install/yesense_std_ros2:/home/wheeltec/agribot/agribot_ws/install/yesense_interface:/home/wheeltec/agribot/agribot_ws/install/serial:/home/wheeltec/agribot/agribot_ws/install/fast_lio:/home/wheeltec/agribot/agribot_ws/install/centerline_extraction:/home/wheeltec/ws_livox/install/livox_ros_driver2:/home/wheeltec/wheeltec_ros2/install/yesense_std_ros2:/home/wheeltec/wheeltec_ros2/install/yesense_interface:/home/wheeltec/wheeltec_ros2/install/wheeltec_slam_toolbox:/home/wheeltec/wheeltec_ros2/install/wheeltec_rviz2:/home/wheeltec/wheeltec_ros2/install/wheeltec_rrt_msg:/home/wheeltec/wheeltec_ros2/install/wheeltec_robot_urdf:/home/wheeltec/wheeltec_ros2/install/wheeltec_robot_rtab:/home/wheeltec/wheeltec_ros2/install/wheeltec_robot_rrt:/home/wheeltec/wheeltec_ros2/install/turn_on_wheeltec_robot:/home/wheeltec/wheeltec_ros2/install/wheeltec_robot_msg:/home/wheeltec/wheeltec_ros2/install/wheeltec_robot_kcf:/home/wheeltec/wheeltec_ros2/install/wheeltec_path_follow:/home/wheeltec/wheeltec_ros2/install/wheeltec_nav2:/home/wheeltec/wheeltec_ros2/install/wheeltec_multi:/home/wheeltec/wheeltec_ros2/install/wheeltec_mic_ros2:/home/wheeltec/wheeltec_ros2/install/wheeltec_mic_msg:/home/wheeltec/wheeltec_ros2/install/wheeltec_joy:/home/wheeltec/wheeltec_ros2/install/wheeltec_gps_driver:/home/wheeltec/wheeltec_ros2/install/wheeltec_cartographer:/home/wheeltec/wheeltec_ros2/install/wheeltec_aiui:/home/wheeltec/wheeltec_ros2/install/web_video_server:/home/wheeltec/wheeltec_ros2/install/usb_cam:/home/wheeltec/wheeltec_ros2/install/ublox:/home/wheeltec/wheeltec_ros2/install/ublox_gps:/home/wheeltec/wheeltec_ros2/install/ublox_msgs:/home/wheeltec/wheeltec_ros2/install/ublox_serialization:/home/wheeltec/wheeltec_ros2/install/tts:/home/wheeltec/wheeltec_ros2/install/slam_gmapping:/home/wheeltec/wheeltec_ros2/install/bodyreader:/home/wheeltec/wheeltec_ros2/install/serial:/home/wheeltec/wheeltec_ros2/install/rplidar_ros:/home/wheeltec/wheeltec_ros2/install/orb_slam2_ros:/home/wheeltec/wheeltec_ros2/install/openslam_gmapping:/home/wheeltec/wheeltec_ros2/install/ollama_ros_msgs:/home/wheeltec/wheeltec_ros2/install/nmea_msgs:/home/wheeltec/wheeltec_ros2/install/nav2_bringup:/home/wheeltec/wheeltec_ros2/install/navigation2:/home/wheeltec/wheeltec_ros2/install/nav2_smoother:/home/wheeltec/wheeltec_ros2/install/nav2_dwb_controller:/home/wheeltec/wheeltec_ros2/install/nav2_controller:/home/wheeltec/wheeltec_ros2/install/dwb_plugins:/home/wheeltec/wheeltec_ros2/install/dwb_critics:/home/wheeltec/wheeltec_ros2/install/dwb_core:/home/wheeltec/wheeltec_ros2/install/nav_2d_utils:/home/wheeltec/wheeltec_ros2/install/dwb_msgs:/home/wheeltec/wheeltec_ros2/install/nav_2d_msgs:/home/wheeltec/wheeltec_ros2/install/nav2_waypoint_follower:/home/wheeltec/wheeltec_ros2/install/nav2_theta_star_planner:/home/wheeltec/wheeltec_ros2/install/nav2_smac_planner:/home/wheeltec/wheeltec_ros2/install/nav2_rotation_shim_controller:/home/wheeltec/wheeltec_ros2/install/nav2_regulated_pure_pursuit_controller:/home/wheeltec/wheeltec_ros2/install/nav2_planner:/home/wheeltec/wheeltec_ros2/install/nav2_navfn_planner:/home/wheeltec/wheeltec_ros2/install/nav2_constrained_smoother:/home/wheeltec/wheeltec_ros2/install/nav2_bt_navigator:/home/wheeltec/wheeltec_ros2/install/nav2_behaviors:/home/wheeltec/wheeltec_ros2/install/nav2_core:/home/wheeltec/wheeltec_ros2/install/nav2_collision_monitor:/home/wheeltec/wheeltec_ros2/install/costmap_queue:/home/wheeltec/wheeltec_ros2/install/nav2_costmap_2d:/home/wheeltec/wheeltec_ros2/install/nav2_voxel_grid:/home/wheeltec/wheeltec_ros2/install/nav2_velocity_smoother:/home/wheeltec/wheeltec_ros2/install/nav2_rviz_plugins:/home/wheeltec/wheeltec_ros2/install/nav2_map_server:/home/wheeltec/wheeltec_ros2/install/nav2_lifecycle_manager:/home/wheeltec/wheeltec_ros2/install/nav2_behavior_tree:/home/wheeltec/wheeltec_ros2/install/nav2_amcl:/home/wheeltec/wheeltec_ros2/install/nav2_util:/home/wheeltec/wheeltec_ros2/install/nav2_msgs:/home/wheeltec/wheeltec_ros2/install/nav2_common:/home/wheeltec/wheeltec_ros2/install/lslidar_driver:/home/wheeltec/wheeltec_ros2/install/lslidar_msgs:/home/wheeltec/wheeltec_ros2/install/ldlidar_stl_ros2:/home/wheeltec/wheeltec_ros2/install/ldlidar_sl_ros2:/home/wheeltec/wheeltec_ros2/install/ldlidar:/home/wheeltec/wheeltec_ros2/install/bodyreader_msg:/home/wheeltec/wheeltec_ros2/install/astra_camera:/home/wheeltec/wheeltec_ros2/install/astra_camera_msgs:/home/wheeltec/wheeltec_ros2/install/aruco_ros:/home/wheeltec/wheeltec_ros2/install/aruco_msgs:/home/wheeltec/wheeltec_ros2/install/aruco:/home/wheeltec/wheeltec_ros2/install/ackermann_msgs:/home/wheeltec/wheeltec_ros2/install/simple_follower_ros2:/home/wheeltec/wheeltec_ros2/install/wheeltec_robot_keyboard:/home/wheeltec/wheeltec_ros2/install/wheeltec_dual_rtk_driver:/home/wheeltec/wheeltec_ros2/install/ultralytics_ros2:/home/wheeltec/wheeltec_ros2/install/tf2_tools:/home/wheeltec/wheeltec_ros2/install/ollama_ros_chat:/home/wheeltec/wheeltec_ros2/install/nmea_navsat_driver:/home/wheeltec/wheeltec_ros2/install/nav2_waypoint_cycle:/home/wheeltec/wheeltec_ros2/install/nav2_simple_commander:/home/wheeltec/wheeltec_ros2/install/auto_recharge_ros2:/opt/ros/humble LD_LIBRARY_PATH=/home/wheeltec/agribot/agribot_ws/install/yesense_interface/lib:/home/wheeltec/agribot/agribot_ws/install/fast_lio/lib:/usr/lib/aarch64-linux-gnu:/home/wheeltec/agribot/agribot_ws/install/serial/lib:/home/wheeltec/ws_livox/install/livox_sdk2/lib:/home/wheeltec/ws_livox/install/livox_ros_driver2/lib:/home/wheeltec/wheeltec_ros2/install/yesense_interface/lib:/home/wheeltec/wheeltec_ros2/install/wheeltec_rrt_msg/lib:/home/wheeltec/wheeltec_ros2/install/wheeltec_robot_rrt/lib:/home/wheeltec/wheeltec_ros2/install/turn_on_wheeltec_robot/lib:/home/wheeltec/wheeltec_ros2/install/wheeltec_robot_msg/lib:/home/wheeltec/wheeltec_ros2/install/wheeltec_mic_msg/lib:/home/wheeltec/wheeltec_ros2/install/usb_cam/lib:/home/wheeltec/wheeltec_ros2/install/ublox_gps/lib:/home/wheeltec/wheeltec_ros2/install/ublox_msgs/lib:/home/wheeltec/wheeltec_ros2/install/serial/lib:/home/wheeltec/wheeltec_ros2/install/orb_slam2_ros/lib:/home/wheeltec/wheeltec_ros2/install/openslam_gmapping/lib:/home/wheeltec/wheeltec_ros2/install/ollama_ros_msgs/lib:/home/wheeltec/wheeltec_ros2/install/nmea_msgs/lib:/home/wheeltec/wheeltec_ros2/install/nav2_smoother/lib:/home/wheeltec/wheeltec_ros2/install/nav2_controller/lib:/home/wheeltec/wheeltec_ros2/install/dwb_plugins/lib:/home/wheeltec/wheeltec_ros2/install/dwb_critics/lib:/home/wheeltec/wheeltec_ros2/install/dwb_core/lib:/home/wheeltec/wheeltec_ros2/install/nav_2d_utils/lib:/home/wheeltec/wheeltec_ros2/install/dwb_msgs/lib:/home/wheeltec/wheeltec_ros2/install/nav_2d_msgs/lib:/home/wheeltec/wheeltec_ros2/install/nav2_waypoint_follower/lib:/home/wheeltec/wheeltec_ros2/install/nav2_theta_star_planner/lib:/home/wheeltec/wheeltec_ros2/install/nav2_smac_planner/lib:/home/wheeltec/wheeltec_ros2/install/nav2_rotation_shim_controller/lib:/home/wheeltec/wheeltec_ros2/install/nav2_regulated_pure_pursuit_controller/lib:/home/wheeltec/wheeltec_ros2/install/nav2_planner/lib:/home/wheeltec/wheeltec_ros2/install/nav2_navfn_planner/lib:/home/wheeltec/wheeltec_ros2/install/nav2_constrained_smoother/lib:/home/wheeltec/wheeltec_ros2/install/nav2_bt_navigator/lib:/home/wheeltec/wheeltec_ros2/install/nav2_behaviors/lib:/home/wheeltec/wheeltec_ros2/install/nav2_collision_monitor/lib:/home/wheeltec/wheeltec_ros2/install/costmap_queue/lib:/home/wheeltec/wheeltec_ros2/install/nav2_costmap_2d/lib:/home/wheeltec/wheeltec_ros2/install/nav2_voxel_grid/lib:/home/wheeltec/wheeltec_ros2/install/nav2_velocity_smoother/lib:/home/wheeltec/wheeltec_ros2/install/nav2_rviz_plugins/lib:/home/wheeltec/wheeltec_ros2/install/nav2_map_server/lib:/home/wheeltec/wheeltec_ros2/install/nav2_lifecycle_manager/lib:/home/wheeltec/wheeltec_ros2/install/nav2_behavior_tree/lib:/home/wheeltec/wheeltec_ros2/install/nav2_amcl/lib:/home/wheeltec/wheeltec_ros2/install/nav2_util/lib:/home/wheeltec/wheeltec_ros2/install/nav2_msgs/lib:/home/wheeltec/wheeltec_ros2/install/lslidar_msgs/lib:/home/wheeltec/wheeltec_ros2/install/bodyreader_msg/lib:/home/wheeltec/wheeltec_ros2/install/astra_camera/lib:/home/wheeltec/wheeltec_ros2/install/astra_camera_msgs/lib:/home/wheeltec/wheeltec_ros2/install/aruco_ros/lib:/home/wheeltec/wheeltec_ros2/install/aruco_msgs/lib:/home/wheeltec/wheeltec_ros2/install/aruco/lib:/home/wheeltec/wheeltec_ros2/install/ackermann_msgs/lib:/opt/ros/humble/opt/rviz_ogre_vendor/lib:/opt/ros/humble/lib/aarch64-linux-gnu:/opt/ros/humble/lib /usr/bin/cmake --install /home/wheeltec/agribot/agribot_ws/build/centerline_extraction
[9.791s] Level 1:colcon.colcon_core.environment:checking '/home/wheeltec/agribot/agribot_ws/install/centerline_extraction' for CMake module files
[9.794s] Level 1:colcon.colcon_core.environment:checking '/home/wheeltec/agribot/agribot_ws/install/centerline_extraction' for CMake config files
[9.795s] Level 1:colcon.colcon_core.shell:create_environment_hook('centerline_extraction', 'cmake_prefix_path')
[9.796s] INFO:colcon.colcon_core.shell:Creating environment hook '/home/wheeltec/agribot/agribot_ws/install/centerline_extraction/share/centerline_extraction/hook/cmake_prefix_path.ps1'
[9.800s] INFO:colcon.colcon_core.shell:Creating environment descriptor '/home/wheeltec/agribot/agribot_ws/install/centerline_extraction/share/centerline_extraction/hook/cmake_prefix_path.dsv'
[9.802s] INFO:colcon.colcon_core.shell:Creating environment hook '/home/wheeltec/agribot/agribot_ws/install/centerline_extraction/share/centerline_extraction/hook/cmake_prefix_path.sh'
[9.805s] Level 1:colcon.colcon_core.environment:checking '/home/wheeltec/agribot/agribot_ws/install/centerline_extraction/lib'
[9.806s] Level 1:colcon.colcon_core.environment:checking '/home/wheeltec/agribot/agribot_ws/install/centerline_extraction/bin'
[9.806s] Level 1:colcon.colcon_core.environment:checking '/home/wheeltec/agribot/agribot_ws/install/centerline_extraction/lib/pkgconfig/centerline_extraction.pc'
[9.807s] Level 1:colcon.colcon_core.environment:checking '/home/wheeltec/agribot/agribot_ws/install/centerline_extraction/lib/python3.10/site-packages'
[9.808s] Level 1:colcon.colcon_core.environment:checking '/home/wheeltec/agribot/agribot_ws/install/centerline_extraction/bin'
[9.810s] INFO:colcon.colcon_core.shell:Creating package script '/home/wheeltec/agribot/agribot_ws/install/centerline_extraction/share/centerline_extraction/package.ps1'
[9.815s] INFO:colcon.colcon_core.shell:Creating package descriptor '/home/wheeltec/agribot/agribot_ws/install/centerline_extraction/share/centerline_extraction/package.dsv'
[9.817s] INFO:colcon.colcon_core.shell:Creating package script '/home/wheeltec/agribot/agribot_ws/install/centerline_extraction/share/centerline_extraction/package.sh'
[9.820s] INFO:colcon.colcon_core.shell:Creating package script '/home/wheeltec/agribot/agribot_ws/install/centerline_extraction/share/centerline_extraction/package.bash'
[9.823s] INFO:colcon.colcon_core.shell:Creating package script '/home/wheeltec/agribot/agribot_ws/install/centerline_extraction/share/centerline_extraction/package.zsh'
[9.826s] Level 1:colcon.colcon_core.environment:create_file_with_runtime_dependencies(/home/wheeltec/agribot/agribot_ws/install/centerline_extraction/share/colcon-core/packages/centerline_extraction)
[9.828s] Level 1:colcon.colcon_core.environment:create_environment_scripts_only(centerline_extraction)
[9.829s] Level 1:colcon.colcon_core.environment:checking '/home/wheeltec/agribot/agribot_ws/install/centerline_extraction' for CMake module files
[9.831s] Level 1:colcon.colcon_core.environment:checking '/home/wheeltec/agribot/agribot_ws/install/centerline_extraction' for CMake config files
[9.833s] Level 1:colcon.colcon_core.shell:create_environment_hook('centerline_extraction', 'cmake_prefix_path')
[9.833s] INFO:colcon.colcon_core.shell:Creating environment hook '/home/wheeltec/agribot/agribot_ws/install/centerline_extraction/share/centerline_extraction/hook/cmake_prefix_path.ps1'
[9.835s] INFO:colcon.colcon_core.shell:Creating environment descriptor '/home/wheeltec/agribot/agribot_ws/install/centerline_extraction/share/centerline_extraction/hook/cmake_prefix_path.dsv'
[9.836s] INFO:colcon.colcon_core.shell:Creating environment hook '/home/wheeltec/agribot/agribot_ws/install/centerline_extraction/share/centerline_extraction/hook/cmake_prefix_path.sh'
[9.838s] Level 1:colcon.colcon_core.environment:checking '/home/wheeltec/agribot/agribot_ws/install/centerline_extraction/lib'
[9.839s] Level 1:colcon.colcon_core.environment:checking '/home/wheeltec/agribot/agribot_ws/install/centerline_extraction/bin'
[9.839s] Level 1:colcon.colcon_core.environment:checking '/home/wheeltec/agribot/agribot_ws/install/centerline_extraction/lib/pkgconfig/centerline_extraction.pc'
[9.840s] Level 1:colcon.colcon_core.environment:checking '/home/wheeltec/agribot/agribot_ws/install/centerline_extraction/lib/python3.10/site-packages'
[9.841s] Level 1:colcon.colcon_core.environment:checking '/home/wheeltec/agribot/agribot_ws/install/centerline_extraction/bin'
[9.842s] INFO:colcon.colcon_core.shell:Creating package script '/home/wheeltec/agribot/agribot_ws/install/centerline_extraction/share/centerline_extraction/package.ps1'
[9.844s] INFO:colcon.colcon_core.shell:Creating package descriptor '/home/wheeltec/agribot/agribot_ws/install/centerline_extraction/share/centerline_extraction/package.dsv'
[9.846s] INFO:colcon.colcon_core.shell:Creating package script '/home/wheeltec/agribot/agribot_ws/install/centerline_extraction/share/centerline_extraction/package.sh'
[9.848s] INFO:colcon.colcon_core.shell:Creating package script '/home/wheeltec/agribot/agribot_ws/install/centerline_extraction/share/centerline_extraction/package.bash'
[9.849s] INFO:colcon.colcon_core.shell:Creating package script '/home/wheeltec/agribot/agribot_ws/install/centerline_extraction/share/centerline_extraction/package.zsh'
[9.851s] Level 1:colcon.colcon_core.environment:create_file_with_runtime_dependencies(/home/wheeltec/agribot/agribot_ws/install/centerline_extraction/share/colcon-core/packages/centerline_extraction)
[9.852s] DEBUG:colcon.colcon_parallel_executor.executor.parallel:closing loop
[9.852s] DEBUG:colcon.colcon_parallel_executor.executor.parallel:loop closed
[9.853s] DEBUG:colcon.colcon_parallel_executor.executor.parallel:run_until_complete finished with '0'
[9.853s] DEBUG:colcon.colcon_core.event_reactor:joining thread
[9.855s] DEBUG:colcon.colcon_core.event_reactor:joined thread
[9.856s] INFO:colcon.colcon_core.shell:Creating prefix script '/home/wheeltec/agribot/agribot_ws/install/local_setup.ps1'
[9.860s] INFO:colcon.colcon_core.shell:Creating prefix util module '/home/wheeltec/agribot/agribot_ws/install/_local_setup_util_ps1.py'
[9.866s] INFO:colcon.colcon_core.shell:Creating prefix chain script '/home/wheeltec/agribot/agribot_ws/install/setup.ps1'
[9.893s] INFO:colcon.colcon_core.shell:Creating prefix script '/home/wheeltec/agribot/agribot_ws/install/local_setup.sh'
[9.895s] INFO:colcon.colcon_core.shell:Creating prefix util module '/home/wheeltec/agribot/agribot_ws/install/_local_setup_util_sh.py'
[9.897s] INFO:colcon.colcon_core.shell:Creating prefix chain script '/home/wheeltec/agribot/agribot_ws/install/setup.sh'
[9.923s] INFO:colcon.colcon_core.shell:Creating prefix script '/home/wheeltec/agribot/agribot_ws/install/local_setup.bash'
[9.925s] INFO:colcon.colcon_core.shell:Creating prefix chain script '/home/wheeltec/agribot/agribot_ws/install/setup.bash'
[9.951s] INFO:colcon.colcon_core.shell:Creating prefix script '/home/wheeltec/agribot/agribot_ws/install/local_setup.zsh'
[9.953s] INFO:colcon.colcon_core.shell:Creating prefix chain script '/home/wheeltec/agribot/agribot_ws/install/setup.zsh'
