trial_id,experiment_type,scenario,perception_method,repeat_index,nominal_speed_mps,quality_aware,time_s,ros_time_s,x_m,y_m,yaw_rad,odom_linear_mps,odom_angular_rps,travel_distance_m,cmd_linear_mps,cmd_angular_rps,path_points,path_first_x_m,path_first_y_m,path_mid_x_m,path_mid_y_m,path_last_x_m,path_last_y_m,corridor_width_m,safety_margin_m,error_budget_m,published_confidence,control_quality_factor,headland_detected,navigation_mode,navigation_safety_state,valid,left_points,right_points,row_yaw_rad,center_offset_m,left_slope,left_intercept,right_slope,right_intercept,line_lost_count,support_score,observation_score,width_score,residual_score,safety_score,observed_valid_ratio,raw_confidence,support_weight,observation_weight,width_weight,residual_weight,safety_weight,innermost_enabled,robust_enabled,temporal_enabled,parallel_enabled
complex_fixed_v018_r3,closed_loop,complex,full,1,0.18,False,0.120489952,1785051129.2848732,-0.0002872869717548641,-0.0005113030390723923,-0.0003356016552404917,0.0,0.00048669276732557444,0.0,0.0,0.0,21.0,-5.114909277790584e-05,0.015139824090062403,0.999833942205655,1.9573714621432356e-05,1.9997167462763157,-0.015259092546473512,0.603153645992279,0.1722145825624466,0.12221458554267883,0.7689850330352783,nan,0,,,1.0,92.0,118.0,-0.013403000310063362,0.016185596585273743,0.0,0.32010823488235474,0.0,-0.28773704171180725,0.0,0.5396825671195984,0.6071428060531616,0.9727352857589722,0.9406976103782654,1.0,0.2857142984867096,0.7689850330352783,0.30000001192092896,0.20000000298023224,0.20000000298023224,0.15000000596046448,0.15000000596046448,1.0,1.0,1.0,1.0
complex_fixed_v018_r3,closed_loop,complex,full,1,0.18,False,0.170741513,1785051129.3351247,-0.0002872869717548641,-0.0005113030390723923,-0.00033960193335280664,0.0,0.0009954506836285662,0.0,0.0,0.0,21.0,-5.114909277790584e-05,0.015139824090062403,0.999833942205655,1.9573714621432356e-05,1.9997167462763157,-0.015259092546473512,0.603153645992279,0.1722145825624466,0.12221458554267883,0.7689850330352783,nan,0,,,1.0,92.0,118.0,-0.013403000310063362,0.016185596585273743,0.0,0.32010823488235474,0.0,-0.28773704171180725,0.0,0.5396825671195984,0.6071428060531616,0.9727352857589722,0.9406976103782654,1.0,0.2857142984867096,0.7689850330352783,0.30000001192092896,0.20000000298023224,0.20000000298023224,0.15000000596046448,0.15000000596046448,1.0,1.0,1.0,1.0
complex_fixed_v018_r3,closed_loop,complex,full,1,0.18,False,0.2209268,1785051129.3853102,-0.0002872869717548641,-0.0005113030390723923,-0.00032653620446643217,0.0,0.0015546009709486081,0.0,0.0,0.0,21.0,-6.618076950298829e-05,0.015473732859400688,0.9998377462928159,0.0016335196960380563,1.999750718475808,-0.01091811790010946,0.6033949255943298,0.17399974167346954,0.12399974465370178,0.7692651748657227,nan,0,,,1.0,84.0,123.0,-0.01246944535523653,0.01608113944530487,0.0,0.3201945424079895,0.0,-0.28803226351737976,0.0,0.5396825671195984,0.6071428060531616,0.9741631746292114,0.9406613707542419,1.0,0.2857142984867096,0.7692651748657227,0.30000001192092896,0.20000000298023224,0.20000000298023224,0.15000000596046448,0.15000000596046448,1.0,1.0,1.0,1.0
complex_fixed_v018_r3,closed_loop,complex,full,1,0.18,False,0.270883952,1785051129.4352672,-0.0002872869717548641,-0.0005113030390723923,-0.00030807938378352173,0.0,0.0011543187572926287,0.0,0.0,0.0,21.0,-6.618076950298829e-05,0.015473732859400688,0.9998377462928159,0.0016335196960380563,1.999750718475808,-0.01091811790010946,0.6033949255943298,0.17399974167346954,0.12399974465370178,0.7692651748657227,nan,0,,,1.0,84.0,123.0,-0.01246944535523653,0.01608113944530487,0.0,0.3201945424079895,0.0,-0.28803226351737976,0.0,0.5396825671195984,0.6071428060531616,0.9741631746292114,0.9406613707542419,1.0,0.2857142984867096,0.7692651748657227,0.30000001192092896,0.20000000298023224,0.20000000298023224,0.15000000596046448,0.15000000596046448,1.0,1.0,1.0,1.0
complex_fixed_v018_r3,closed_loop,complex,full,1,0.18,False,0.32066702,1785051129.4850504,-0.0002872869717548641,-0.0005113030390723923,-0.0003409078588618719,0.0,0.0008359014265934036,0.0,0.0,0.0,21.0,-8.411770671073623e-05,0.015236717907377463,0.9998328030775374,0.002356549545135592,1.999749738225403,-0.010523619100886271,0.6026272773742676,0.1744389683008194,0.12443897128105164,0.7655273675918579,nan,0,,,1.0,85.0,108.0,-0.011782645247876644,0.014981269836425781,0.0,0.3189186751842499,0.0,-0.2889561355113983,0.0,0.523809552192688,0.6071428060531616,0.9748097658157349,0.9466264843940735,1.0,0.2857142984867096,0.7655273675918579,0.30000001192092896,0.20000000298023224,0.20000000298023224,0.15000000596046448,0.15000000596046448,1.0,1.0,1.0,1.0
complex_fixed_v018_r3,closed_loop,complex,full,1,0.18,False,0.370608268,1785051129.5349915,-0.0002872869717548641,-0.0005113030390723923,-0.0004825505971584043,0.0,-0.013597030781131567,0.0,0.0,0.0,21.0,-8.411770671073623e-05,0.015236717907377463,0.9998328030775374,0.002356549545135592,1.999749738225403,-0.010523619100886271,0.6026272773742676,0.1744389683008194,0.12443897128105164,0.7655273675918579,nan,0,,,1.0,85.0,108.0,-0.011782645247876644,0.014981269836425781,0.0,0.3189186751842499,0.0,-0.2889561355113983,0.0,0.523809552192688,0.6071428060531616,0.9748097658157349,0.9466264843940735,1.0,0.2857142984867096,0.7655273675918579,0.30000001192092896,0.20000000298023224,0.20000000298023224,0.15000000596046448,0.15000000596046448,1.0,1.0,1.0,1.0
complex_fixed_v018_r3,closed_loop,complex,full,1,0.18,False,0.421114652,1785051129.5854979,-0.0002872869717548641,-0.0005113030390723923,-0.0004660584019613444,0.0,0.012681828832100388,0.0,0.0,0.0,19.0,-0.0001026055553314107,0.01464660077542551,0.9098301350690677,0.003586724466754504,1.8664265889054077,-0.0080133801178831,0.6034019589424133,0.1735837608575821,0.12358376383781433,0.7702250480651855,nan,0,,,1.0,94.0,111.0,-0.01103320810943842,0.014414682984352112,0.0,0.3186674416065216,0.0,-0.2898380756378174,0.0,0.5396825671195984,0.6071428060531616,0.9729386568069458,0.948692798614502,1.0,0.2857142984867096,0.7702250480651855,0.30000001192092896,0.20000000298023224,0.20000000298023224,0.15000000596046448,0.15000000596046448,1.0,1.0,1.0,1.0
complex_fixed_v018_r3,closed_loop,complex,full,1,0.18,False,0.470682161,1785051129.6350653,-0.0030155378293009365,-0.004809247711281415,-0.0006920203262068547,0.022130520960243195,0.002450863054272015,0.008629335011758268,0.0,0.0,19.0,-0.0001026055553314107,0.01464660077542551,0.9098301350690677,0.003586724466754504,1.8664265889054077,-0.0080133801178831,0.6034019589424133,0.1735837608575821,0.12358376383781433,0.7702250480651855,nan,0,,,1.0,94.0,111.0,-0.01103320810943842,0.014414682984352112,0.0,0.3186674416065216,0.0,-0.2898380756378174,0.0,0.5396825671195984,0.6071428060531616,0.9729386568069458,0.948692798614502,1.0,0.2857142984867096,0.7702250480651855,0.30000001192092896,0.20000000298023224,0.20000000298023224,0.15000000596046448,0.15000000596046448,1.0,1.0,1.0,1.0
complex_fixed_v018_r3,closed_loop,complex,full,1,0.18,False,0.520569679,1785051129.684953,-0.0018357135260875421,-0.006519459485956374,-0.00022108786173280492,0.03371131901427418,0.008461435767255134,0.014749720664997794,0.0,0.0,21.0,-0.0010283162956028803,0.012670356903711452,1.0555682302235052,0.0004998293785282026,1.9983856854689697,-0.010912978562690696,0.6039800047874451,0.17336638271808624,0.12336638569831848,0.766909122467041,nan,0,,,1.0,86.0,118.0,-0.010490433312952518,0.014448776841163635,0.0,0.3192748725414276,0.0,-0.29037731885910034,0.0,0.5317460298538208,0.6071428060531616,0.971028208732605,0.94500732421875,1.0,0.2857142984867096,0.766909122467041,0.30000001192092896,0.20000000298023224,0.20000000298023224,0.15000000596046448,0.15000000596046448,1.0,1.0,1.0,1.0
complex_fixed_v018_r3,closed_loop,complex,full,1,0.18,False,0.570530256,1785051129.7349136,0.002062962322998918,-0.006523000150264145,-0.000784618452833286,0.04824649697922812,0.0029082880268408353,0.01865088734710474,0.0,0.0,21.0,-0.0010283162956028803,0.012670356903711452,1.0555682302235052,0.0004998293785282026,1.9983856854689697,-0.010912978562690696,0.6039800047874451,0.17336638271808624,0.12336638569831848,0.766909122467041,nan,0,,,1.0,86.0,118.0,-0.010490433312952518,0.014448776841163635,0.0,0.3192748725414276,0.0,-0.29037731885910034,0.0,0.5317460298538208,0.6071428060531616,0.971028208732605,0.94500732421875,1.0,0.2857142984867096,0.766909122467041,0.30000001192092896,0.20000000298023224,0.20000000298023224,0.15000000596046448,0.15000000596046448,1.0,1.0,1.0,1.0
complex_fixed_v018_r3,closed_loop,complex,full,1,0.18,False,0.621043553,1785051129.7854269,0.006809782521114402,-0.0065255605999665995,-0.000697153161450359,0.06089413052283511,-0.005030105636425163,0.02340112253996421,0.0,0.0,19.0,-0.000257461946271533,0.010166266495785744,0.9096871185471803,0.0001215083759282199,1.932958211921882,-0.011173797044679685,0.6031563878059387,0.17474304139614105,0.12474304437637329,0.7648632526397705,nan,0,,,1.0,98.0,107.0,-0.010102253407239914,0.013478681445121765,0.0,0.318327933549881,0.0,-0.29137057065963745,0.0,0.5238094925880432,0.6071428060531616,0.9725742340087891,0.9451798796653748,1.0,0.2857142984867096,0.7648632526397705,0.30000001192092896,0.20000000298023224,0.20000000298023224,0.15000000596046448,0.15000000596046448,1.0,1.0,1.0,1.0
complex_fixed_v018_r3,closed_loop,complex,full,1,0.18,False,0.670523795,1785051129.834907,0.01126563897861006,-0.006669430649612352,-0.0008179439914797192,0.07580576763505639,-0.004817116093523657,0.02966796443123576,0.0,0.0,19.0,-0.000257461946271533,0.010166266495785744,0.9096871185471803,0.0001215083759282199,1.932958211921882,-0.011173797044679685,0.6031563878059387,0.17474304139614105,0.12474304437637329,0.7648632526397705,nan,0,,,1.0,98.0,107.0,-0.010102253407239914,0.013478681445121765,0.0,0.318327933549881,0.0,-0.29137057065963745,0.0,0.5238094925880432,0.6071428060531616,0.9725742340087891,0.9451798796653748,1.0,0.2857142984867096,0.7648632526397705,0.30000001192092896,0.20000000298023224,0.20000000298023224,0.15000000596046448,0.15000000596046448,1.0,1.0,1.0,1.0
complex_fixed_v018_r3,closed_loop,complex,full,1,0.18,False,0.72075782,1785051129.885141,0.013648043118665843,-0.005521905253813999,-0.0005984188783423332,0.0908714441017632,0.012709330977941035,0.03912775155899969,0.0,0.0,20.0,0.0035824821566423563,0.0074900534342313444,1.003525051142909,-0.0032383903163134115,1.9541577675444304,-0.013230487033028307,0.6023944616317749,0.17340193688869476,0.123401939868927,0.7530373334884644,nan,0,,,1.0,94.0,105.0,-0.009902015328407288,0.012543365359306335,0.0,0.3171814978122711,0.0,-0.29209476709365845,0.0,0.4841269850730896,0.6071428060531616,0.9730343818664551,0.9450917840003967,1.0,0.2857142984867096,0.7530373334884644,0.30000001192092896,0.20000000298023224,0.20000000298023224,0.15000000596046448,0.15000000596046448,1.0,1.0,1.0,1.0
complex_fixed_v018_r3,closed_loop,complex,full,1,0.18,False,0.770677083,1785051129.9350605,0.020201036714816822,-0.005518183975197836,-0.00034705910874643914,0.10156024094549441,0.010216359119637511,0.04568290080945693,0.0,0.0,20.0,0.0035824821566423563,0.0074900534342313444,1.003525051142909,-0.0032383903163134115,1.9541577675444304,-0.013230487033028307,0.6023944616317749,0.17340193688869476,0.123401939868927,0.7530373334884644,nan,0,,,1.0,94.0,105.0,-0.009902015328407288,0.012543365359306335,0.0,0.3171814978122711,0.0,-0.29209476709365845,0.0,0.4841269850730896,0.6071428060531616,0.9730343818664551,0.9450917840003967,1.0,0.2857142984867096,0.7530373334884644,0.30000001192092896,0.20000000298023224,0.20000000298023224,0.15000000596046448,0.15000000596046448,1.0,1.0,1.0,1.0
complex_fixed_v018_r3,closed_loop,complex,full,1,0.18,False,0.820745663,1785051129.9851289,0.02694870124135433,-0.00550157252116781,0.0002906872312529173,0.11268923876258802,0.021853146802342783,0.05244209945531217,0.0,0.0,21.0,0.011287254206005246,0.005755779680585916,1.0112444721552076,-0.0031837749513994825,2.0202258735862513,-0.006560822333138027,0.6062580943107605,0.17412568628787994,0.12412568926811218,0.7525855302810669,nan,0,,,1.0,98.0,104.0,-0.005251616705209017,0.009954065084457397,0.0,0.31430357694625854,0.0,-0.29439544677734375,0.0,0.436507910490036,0.6595237851142883,0.9762614369392395,0.9631741046905518,1.0,0.380952388048172,0.7525855302810669,0.30000001192092896,0.20000000298023224,0.20000000298023224,0.15000000596046448,0.15000000596046448,1.0,1.0,1.0,1.0
complex_fixed_v018_r3,closed_loop,complex,full,1,0.18,False,0.870570043,1785051130.034953,0.02934075564127895,-0.005481487110686828,0.0008146517541836039,0.1246241513334616,-0.00855473058422795,0.05484428305780609,0.0,0.0,21.0,0.011287254206005246,0.005755779680585916,1.0112444721552076,-0.0031837749513994825,2.0202258735862513,-0.006560822333138027,0.6062580943107605,0.17412568628787994,0.12412568926811218,0.7525855302810669,nan,0,,,1.0,98.0,104.0,-0.005251616705209017,0.009954065084457397,0.0,0.31430357694625854,0.0,-0.29439544677734375,0.0,0.436507910490036,0.6595237851142883,0.9762614369392395,0.9631741046905518,1.0,0.380952388048172,0.7525855302810669,0.30000001192092896,0.20000000298023224,0.20000000298023224,0.15000000596046448,0.15000000596046448,1.0,1.0,1.0,1.0
complex_fixed_v018_r3,closed_loop,complex,full,1,0.18,False,0.9209114,1785051130.0852945,0.037772673299479725,-0.004426473833578975,0.0011988712223645055,0.1273176963075913,0.021958655886790714,0.06334545050347525,0.0,0.0,21.0,0.020335513352734962,0.003785764930445622,1.0203112172943145,-0.002143602272289942,2.0247873748850034,-0.004381357100430954,0.6051385402679443,0.17350538074970245,0.12350538372993469,0.7466468811035156,nan,0,,,1.0,100.0,101.0,-0.0025164142716675997,0.006526380777359009,0.0,0.31067514419555664,0.0,-0.2976223826408386,0.0,0.4206349551677704,0.6595237851142883,0.9759228825569153,0.9557805061340332,1.0,0.380952388048172,0.7466468811035156,0.30000001192092896,0.20000000298023224,0.20000000298023224,0.15000000596046448,0.15000000596046448,1.0,1.0,1.0,1.0
complex_fixed_v018_r3,closed_loop,complex,full,1,0.18,False,0.97052403,1785051130.1349075,0.0446281000657604,-0.004741247508068987,0.0013819847227392048,0.13614496235261658,0.00043006894114583333,0.07192738846027587,0.0,0.0,21.0,0.020335513352734962,0.003785764930445622,1.0203112172943145,-0.002143602272289942,2.0247873748850034,-0.004381357100430954,0.6051385402679443,0.17350538074970245,0.12350538372993469,0.7466468811035156,nan,0,,,1.0,100.0,101.0,-0.0025164142716675997,0.006526380777359009,0.0,0.31067514419555664,0.0,-0.2976223826408386,0.0,0.4206349551677704,0.6595237851142883,0.9759228825569153,0.9557805061340332,1.0,0.380952388048172,0.7466468811035156,0.30000001192092896,0.20000000298023224,0.20000000298023224,0.15000000596046448,0.15000000596046448,1.0,1.0,1.0,1.0
complex_fixed_v018_r3,closed_loop,complex,full,1,0.18,False,1.020710342,1785051130.1850936,0.05307165699155105,-0.004734140002478374,0.0014936379941552507,0.14446757289544548,0.017901347940610213,0.0803797700398615,0.0,0.0,21.0,0.03140885671624721,0.0007061222888718564,1.0313969395951916,0.0004256697672192157,2.0313850071740363,0.00014521736133378828,0.6057142615318298,0.17425914108753204,0.12425914406776428,0.7517076730728149,nan,0,,,1.0,110.0,97.0,0.0051945969462394714,0.001378387212753296,0.0,0.3047357201576233,0.0,-0.3019789457321167,0.0,0.4285714328289032,0.6857142448425293,0.9755659699440002,0.9392013549804688,1.0,0.4285714328289032,0.7517076730728149,0.30000001192092896,0.20000000298023224,0.20000000298023224,0.15000000596046448,0.15000000596046448,1.0,1.0,1.0,1.0
complex_fixed_v018_r3,closed_loop,complex,full,1,0.18,False,1.071027665,1785051130.235411,0.06081106508241001,-0.004697344783068489,0.002561497918387445,0.15264855270075364,0.017314479275557335,0.08814090900725847,0.0,0.0,21.0,0.03140885671624721,0.0007061222888718564,1.0313969395951916,0.0004256697672192157,2.0313850071740363,0.00014521736133378828,0.6057142615318298,0.17425914108753204,0.12425914406776428,0.7517076730728149,nan,0,,,1.0,110.0,97.0,0.0051945969462394714,0.001378387212753296,0.0,0.3047357201576233,0.0,-0.3019789457321167,0.0,0.4285714328289032,0.6857142448425293,0.9755659699440002,0.9392013549804688,1.0,0.4285714328289032,0.7517076730728149,0.30000001192092896,0.20000000298023224,0.20000000298023224,0.15000000596046448,0.15000000596046448,1.0,1.0,1.0,1.0
complex_fixed_v018_r3,closed_loop,complex,full,1,0.18,False,1.120701897,1785051130.2850852,0.07162265313817875,-0.0031376871916293865,0.002530363013826698,0.15902989327357084,-0.00848042809212533,0.09909933439774617,0.0,0.0,21.0,0.044945325719214314,-0.003804129946907009,1.0449132072868494,0.0018493418860146885,2.0448810685055587,0.007502813723322256,0.6042125821113586,0.1739916056394577,0.12399160861968994,0.7516165971755981,nan,0,,,1.0,95.0,107.0,0.009649818763136864,-0.004398971796035767,0.0,0.2982310354709625,0.0,-0.30702897906303406,0.0,0.4285714328289032,0.6857142448425293,0.9777329564094543,0.9357044696807861,1.0,0.4285714328289032,0.7516165971755981,0.30000001192092896,0.20000000298023224,0.20000000298023224,0.15000000596046448,0.15000000596046448,1.0,1.0,1.0,1.0
complex_fixed_v018_r3,closed_loop,complex,full,1,0.18,False,1.172374141,1785051130.3367574,0.07975067207273337,-0.003117920713487623,0.0026329693779754146,0.1647809957565241,-0.006251393813286061,0.10723135403461048,0.0,0.0,21.0,0.044945325719214314,-0.003804129946907009,1.0449132072868494,0.0018493418860146885,2.0448810685055587,0.007502813723322256,0.6042125821113586,0.1739916056394577,0.12399160861968994,0.7516165971755981,nan,0,,,1.0,95.0,107.0,0.009649818763136864,-0.004398971796035767,0.0,0.2982310354709625,0.0,-0.30702897906303406,0.0,0.4285714328289032,0.6857142448425293,0.9777329564094543,0.9357044696807861,1.0,0.4285714328289032,0.7516165971755981,0.30000001192092896,0.20000000298023224,0.20000000298023224,0.15000000596046448,0.15000000596046448,1.0,1.0,1.0,1.0
complex_fixed_v018_r3,closed_loop,complex,full,1,0.18,False,1.220523112,1785051130.3849065,0.08618123118337387,-0.003190795683522497,0.0033734778329361794,0.16813350444687286,0.007064369419410664,0.11770467513541705,0.0,0.0,20.0,0.0645958520350786,-0.00829108253110293,1.0645415224330648,0.0017898614618408724,1.997823799188355,0.01125131828339112,0.6036333441734314,0.17309971153736115,0.12309971451759338,0.748265266418457,nan,0,,,1.0,104.0,111.0,0.008446446619927883,-0.009332448244094849,0.0,0.2927720546722412,0.0,-0.3114369511604309,0.0,0.4285714328289032,0.6595237851142883,0.9779887199401855,0.9479418396949768,1.0,0.380952388048172,0.748265266418457,0.30000001192092896,0.20000000298023224,0.20000000298023224,0.15000000596046448,0.15000000596046448,1.0,1.0,1.0,1.0
complex_fixed_v018_r3,closed_loop,complex,full,1,0.18,False,1.270809715,1785051130.435193,0.09494234774471139,-0.0031509737859216043,0.0041991708435205055,0.16839305752651057,0.01592189693567595,0.12647947110910507,0.0,0.0,20.0,0.0645958520350786,-0.00829108253110293,1.0645415224330648,0.0017898614618408724,1.997823799188355,0.01125131828339112,0.6036333441734314,0.17309971153736115,0.12309971451759338,0.748265266418457,nan,0,,,1.0,104.0,111.0,0.008446446619927883,-0.009332448244094849,0.0,0.2927720546722412,0.0,-0.3114369511604309,0.0,0.4285714328289032,0.6595237851142883,0.9779887199401855,0.9479418396949768,1.0,0.380952388048172,0.748265266418457,0.30000001192092896,0.20000000298023224,0.20000000298023224,0.15000000596046448,0.15000000596046448,1.0,1.0,1.0,1.0
complex_fixed_v018_r3,closed_loop,complex,full,1,0.18,False,1.32078162,1785051130.4851649,0.1044310238718495,-0.003096168238315699,0.004611652928029566,0.1725262099779103,-0.014884838272797357,0.13597576657758656,0.0,0.0,21.0,0.08141739955579648,-0.01241998136346853,1.081348580863985,-0.0006850990104256601,2.077835947210289,0.011123633056919715,0.6047506332397461,0.17393912374973297,0.12393912672996521,0.7395025491714478,nan,0,,,1.0,114.0,106.0,0.0066236574202775955,-0.012608915567398071,0.0,0.2892392575740814,0.0,-0.31445708870887756,0.0,0.4047619104385376,0.6333332657814026,0.9818848967552185,0.9668688178062439,1.0,0.3333333432674408,0.7395025491714478,0.30000001192092896,0.20000000298023224,0.20000000298023224,0.15000000596046448,0.15000000596046448,1.0,1.0,1.0,1.0
complex_fixed_v018_r3,closed_loop,complex,full,1,0.18,False,1.372234305,1785051130.5366175,0.11205521043526963,-0.004773874145693727,0.004882681797543144,0.1707775600281944,0.007169608059254477,0.15151666120847673,0.0,0.0,21.0,0.08141739955579648,-0.01241998136346853,1.081348580863985,-0.0006850990104256601,2.077835947210289,0.011123633056919715,0.6047506332397461,0.17393912374973297,0.12393912672996521,0.7395025491714478,nan,0,,,1.0,114.0,106.0,0.0066236574202775955,-0.012608915567398071,0.0,0.2892392575740814,0.0,-0.31445708870887756,0.0,0.4047619104385376,0.6333332657814026,0.9818848967552185,0.9668688178062439,1.0,0.3333333432674408,0.7395025491714478,0.30000001192092896,0.20000000298023224,0.20000000298023224,0.15000000596046448,0.15000000596046448,1.0,1.0,1.0,1.0
complex_fixed_v018_r3,closed_loop,complex,full,1,0.18,False,1.420511152,1785051130.5848944,0.12022172926534772,-0.004742621957138316,0.004011506760765561,0.17444964083779807,-0.02604885676569896,0.1596954652070452,0.0,0.0,20.0,0.10125346186891815,-0.015851144310226,1.1011920244613436,-0.004765916310769513,2.0677993779087007,0.005944526347761766,0.6021682024002075,0.16974438726902008,0.11974439024925232,0.7539292573928833,nan,0,,,1.0,106.0,115.0,0.006342592649161816,-0.014645442366600037,0.0,0.2867502272129059,0.0,-0.31604111194610596,0.0,0.444444477558136,0.6595237255096436,0.9781651496887207,0.9537204504013062,1.0,0.380952388048172,0.7539292573928833,0.30000001192092896,0.20000000298023224,0.20000000298023224,0.15000000596046448,0.15000000596046448,1.0,1.0,1.0,1.0
complex_fixed_v018_r3,closed_loop,complex,full,1,0.18,False,1.470501554,1785051130.6348848,0.1296659812864785,-0.004688003793804439,0.004368818894927351,0.17850968323947436,-0.00012265253511661248,0.16915802503591426,0.0,0.0,20.0,0.10125346186891815,-0.015851144310226,1.1011920244613436,-0.004765916310769513,2.0677993779087007,0.005944526347761766,0.6021682024002075,0.16974438726902008,0.11974439024925232,0.7539292573928833,nan,0,,,1.0,106.0,115.0,0.006342592649161816,-0.014645442366600037,0.0,0.2867502272129059,0.0,-0.31604111194610596,0.0,0.444444477558136,0.6595237255096436,0.9781651496887207,0.9537204504013062,1.0,0.380952388048172,0.7539292573928833,0.30000001192092896,0.20000000298023224,0.20000000298023224,0.15000000596046448,0.15000000596046448,1.0,1.0,1.0,1.0
complex_fixed_v018_r3,closed_loop,complex,full,1,0.18,False,1.520848606,1785051130.685232,0.13329372353786484,-0.004663746059926386,0.004536103146391746,0.18070594418006947,0.01704155243687271,0.17279043655503273,0.0,0.0,21.0,0.11510064936395896,-0.01883635131936587,1.1150427698481353,-0.008070726625120673,2.1123440396385016,0.0033820714333109435,0.6014801263809204,0.17149226367473602,0.12149226665496826,0.7503646612167358,nan,0,,,1.0,91.0,103.0,0.006220490206032991,-0.016685768961906433,0.0,0.2844575345516205,0.0,-0.31782907247543335,0.0,0.4285714328289032,0.6595237255096436,0.980649471282959,0.958390474319458,1.0,0.380952388048172,0.7503646612167358,0.30000001192092896,0.20000000298023224,0.20000000298023224,0.15000000596046448,0.15000000596046448,1.0,1.0,1.0,1.0
complex_fixed_v018_r3,closed_loop,complex,full,1,0.18,False,1.571059174,1785051130.7354424,0.132535817600198,-0.004642536770184114,0.005237732040638932,0.18496763164206909,0.02401919261291505,0.17357966896230723,0.0,0.0,21.0,0.11510064936395896,-0.01883635131936587,1.1150427698481353,-0.008070726625120673,2.1123440396385016,0.0033820714333109435,0.6014801263809204,0.17149226367473602,0.12149226665496826,0.7503646612167358,nan,0,,,1.0,91.0,103.0,0.006220490206032991,-0.016685768961906433,0.0,0.2844575345516205,0.0,-0.31782907247543335,0.0,0.4285714328289032,0.6595237255096436,0.980649471282959,0.958390474319458,1.0,0.380952388048172,0.7503646612167358,0.30000001192092896,0.20000000298023224,0.20000000298023224,0.15000000596046448,0.15000000596046448,1.0,1.0,1.0,1.0
complex_fixed_v018_r3,closed_loop,complex,full,1,0.18,False,1.620651836,1785051130.785035,0.15556775392391844,-0.004584980112893994,0.0053932940506453714,0.1878760840994395,-0.0042738311094710464,0.19661717250237862,0.0,0.0,18.0,0.13532255252741057,-0.02094077080974946,1.0352731064046365,-0.011500474084149654,1.9635557478797514,-0.0017743012340727738,0.5996229648590088,0.1714974194765091,0.12149742245674133,0.7560292482376099,nan,0,,,1.0,109.0,106.0,0.005286926403641701,-0.017478778958320618,0.0,0.28266024589538574,0.0,-0.317617803812027,0.0,0.4285714328289032,0.6857142448425293,0.9830093383789062,0.9580873847007751,1.0,0.4285714328289032,0.7560292482376099,0.30000001192092896,0.20000000298023224,0.20000000298023224,0.15000000596046448,0.15000000596046448,1.0,1.0,1.0,1.0
complex_fixed_v018_r3,closed_loop,complex,full,1,0.18,False,1.672610136,1785051130.8369935,0.16408856873172756,-0.00454804948687835,0.004940249300683599,0.1776798303458731,0.005669715436800457,0.20514354389237935,0.0,0.0,18.0,0.13532255252741057,-0.02094077080974946,1.0352731064046365,-0.011500474084149654,1.9635557478797514,-0.0017743012340727738,0.5996229648590088,0.1714974194765091,0.12149742245674133,0.7560292482376099,nan,0,,,1.0,109.0,106.0,0.005286926403641701,-0.017478778958320618,0.0,0.28266024589538574,0.0,-0.317617803812027,0.0,0.4285714328289032,0.6857142448425293,0.9830093383789062,0.9580873847007751,1.0,0.4285714328289032,0.7560292482376099,0.30000001192092896,0.20000000298023224,0.20000000298023224,0.15000000596046448,0.15000000596046448,1.0,1.0,1.0,1.0
complex_fixed_v018_r3,closed_loop,complex,full,1,0.18,False,1.720764996,1785051130.885148,0.1727513281801701,-0.00449043527963156,0.00544677515121128,0.1780306245467015,0.003176499276023327,0.21381674796308883,0.0,0.0,21.0,0.14999191031226092,-0.02233369319485218,1.1499153631361658,-0.010164827728977454,2.1469374776253143,0.0036242544930934558,0.6010183691978455,0.17358513176441193,0.12358513474464417,0.7547605037689209,nan,0,,,1.0,96.0,106.0,0.009910229593515396,-0.01902957260608673,0.0,0.2802746593952179,0.0,-0.31833380460739136,0.0,0.4285714328289032,0.6857142448425293,0.9803016185760498,0.9532394409179688,1.0,0.4285714328289032,0.7547605037689209,0.30000001192092896,0.20000000298023224,0.20000000298023224,0.15000000596046448,0.15000000596046448,1.0,1.0,1.0,1.0
complex_fixed_v018_r3,closed_loop,complex,full,1,0.18,False,1.773716253,1785051130.9380994,0.18162859542103288,-0.0042244460188707155,0.005518690755681457,0.1692421542842077,0.007100031391939572,0.2227605222161357,0.0,0.0,21.0,0.14999191031226092,-0.02233369319485218,1.1499153631361658,-0.010164827728977454,2.1469374776253143,0.0036242544930934558,0.6010183691978455,0.17358513176441193,0.12358513474464417,0.7547605037689209,nan,0,,,1.0,96.0,106.0,0.009910229593515396,-0.01902957260608673,0.0,0.2802746593952179,0.0,-0.31833380460739136,0.0,0.4285714328289032,0.6857142448425293,0.9803016185760498,0.9532394409179688,1.0,0.4285714328289032,0.7547605037689209,0.30000001192092896,0.20000000298023224,0.20000000298023224,0.15000000596046448,0.15000000596046448,1.0,1.0,1.0,1.0
complex_fixed_v018_r3,closed_loop,complex,full,1,0.18,False,1.823892036,1785051130.9882753,0.18975516272748486,-0.0041790228661934235,0.005106335758829239,0.1730926926852748,-0.013170462064596298,0.23090153953144466,0.0,0.0,19.0,0.17006082316022253,-0.023630436331175786,1.0699795078661223,-0.011674891080063768,2.0770112952212187,0.0034850748471486627,0.6004664301872253,0.17202474176883698,0.12202474474906921,0.7546054124832153,nan,0,,,1.0,97.0,102.0,0.009108077734708786,-0.021078914403915405,0.0,0.2785359025001526,0.0,-0.3206937313079834,0.0,0.4444444179534912,0.6595237255096436,0.9811494946479797,0.9542493224143982,1.0,0.380952388048172,0.7546054124832153,0.30000001192092896,0.20000000298023224,0.20000000298023224,0.15000000596046448,0.15000000596046448,1.0,1.0,1.0,1.0
complex_fixed_v018_r3,closed_loop,complex,full,1,0.18,False,1.873313173,1785051131.0376966,0.19793188563078953,-0.0037857099552344358,0.0049710606165276365,0.1739231434475904,-0.013368258951611998,0.24102946095010824,0.0,0.0,19.0,0.17006082316022253,-0.023630436331175786,1.0699795078661223,-0.011674891080063768,2.0770112952212187,0.0034850748471486627,0.6004664301872253,0.17202474176883698,0.12202474474906921,0.7546054124832153,nan,0,,,1.0,97.0,102.0,0.009108077734708786,-0.021078914403915405,0.0,0.2785359025001526,0.0,-0.3206937313079834,0.0,0.4444444179534912,0.6595237255096436,0.9811494946479797,0.9542493224143982,1.0,0.380952388048172,0.7546054124832153,0.30000001192092896,0.20000000298023224,0.20000000298023224,0.15000000596046448,0.15000000596046448,1.0,1.0,1.0,1.0
complex_fixed_v018_r3,closed_loop,complex,full,1,0.18,False,1.926493845,1785051131.0908773,0.20704000299279415,-0.0037503801019105974,0.00463949917375661,0.1761686827244133,-0.0046257855843361865,0.2501458759549321,0.0,0.0,21.0,0.18421695123619186,-0.02485895884254531,1.1841163572325002,-0.010702006070201575,2.181096566990966,0.003767892801026523,0.5999850034713745,0.17202259600162506,0.1220225989818573,0.7349425554275513,nan,0,,,1.0,89.0,94.0,0.008118128404021263,-0.0219658762216568,0.0,0.27711600065231323,0.0,-0.32104775309562683,0.0,0.3888888657093048,0.6333332657814026,0.9848214983940125,0.9642994403839111,1.0,0.3333333432674408,0.7349425554275513,0.30000001192092896,0.20000000298023224,0.20000000298023224,0.15000000596046448,0.15000000596046448,1.0,1.0,1.0,1.0
complex_fixed_v018_r3,closed_loop,complex,full,1,0.18,False,1.971725515,1785051131.1361089,0.2151934949044264,-0.0023066788198651896,0.005086870474440008,0.1788253607733357,0.0009494027820837869,0.2601223382954233,0.0,0.0,21.0,0.18421695123619186,-0.02485895884254531,1.1841163572325002,-0.010702006070201575,2.181096566990966,0.003767892801026523,0.5999850034713745,0.17202259600162506,0.1220225989818573,0.7349425554275513,nan,0,,,1.0,89.0,94.0,0.008118128404021263,-0.0219658762216568,0.0,0.27711600065231323,0.0,-0.32104775309562683,0.0,0.3888888657093048,0.6333332657814026,0.9848214983940125,0.9642994403839111,1.0,0.3333333432674408,0.7349425554275513,0.30000001192092896,0.20000000298023224,0.20000000298023224,0.15000000596046448,0.15000000596046448,1.0,1.0,1.0,1.0
complex_fixed_v018_r3,closed_loop,complex,full,1,0.18,False,2.022569062,1785051131.1869524,0.2228065499913755,-0.0007761066560125485,0.00508229242176661,0.1802986305342441,0.013341063594726196,0.2705486607420305,0.0,0.0,21.0,0.20124326588289917,-0.025118458902923812,1.201157723168879,-0.012055618552920958,2.2066812257991426,9.630574675463782e-05,0.6007027626037598,0.1732480674982071,0.12324807047843933,0.7440764904022217,nan,0,,,1.0,85.0,95.0,0.00718842213973403,-0.022036582231521606,0.0,0.2765768766403198,0.0,-0.32065004110336304,0.0,0.4126983880996704,0.6595237255096436,0.9784684777259827,0.9511231184005737,1.0,0.380952388048172,0.7440764904022217,0.30000001192092896,0.20000000298023224,0.20000000298023224,0.15000000596046448,0.15000000596046448,1.0,1.0,1.0,1.0
complex_fixed_v018_r3,closed_loop,complex,full,1,0.18,False,2.070596366,1785051131.2349796,0.2310731027842732,-0.0007304050205793915,0.005229487782424603,0.18369831933992548,-0.0012361894569827836,0.27881752078312155,0.0,0.0,21.0,0.20124326588289917,-0.025118458902923812,1.201157723168879,-0.012055618552920958,2.2066812257991426,9.630574675463782e-05,0.6007027626037598,0.1732480674982071,0.12324807047843933,0.7440764904022217,nan,0,,,1.0,85.0,95.0,0.00718842213973403,-0.022036582231521606,0.0,0.2765768766403198,0.0,-0.32065004110336304,0.0,0.4126983880996704,0.6595237255096436,0.9784684777259827,0.9511231184005737,1.0,0.380952388048172,0.7440764904022217,0.30000001192092896,0.20000000298023224,0.20000000298023224,0.15000000596046448,0.15000000596046448,1.0,1.0,1.0,1.0
complex_fixed_v018_r3,closed_loop,complex,full,1,0.18,False,2.122627469,1785051131.287011,0.2406474250663591,-0.0006931464008757769,0.004947742158825983,0.18515331278911004,-0.006483965025767872,0.2884021325380341,0.0,0.0,20.0,0.21500311494627392,-0.02427854444497034,1.243259009655574,-0.011663506807837924,2.1481908851249187,-0.0005499484209346618,0.6014626622200012,0.1734856516122818,0.12348565459251404,0.7484598159790039,nan,0,,,1.0,83.0,103.0,0.0064131771214306355,-0.02201259136199951,0.0,0.27692753076553345,0.0,-0.32095271348953247,0.0,0.4285714328289032,0.6595237255096436,0.9781144261360168,0.9490717053413391,1.0,0.380952388048172,0.7484598159790039,0.30000001192092896,0.20000000298023224,0.20000000298023224,0.15000000596046448,0.15000000596046448,1.0,1.0,1.0,1.0
complex_fixed_v018_r3,closed_loop,complex,full,1,0.18,False,2.172034014,1785051131.3364172,0.25578799912724504,-3.8247770795900294e-07,0.0049653367816260285,0.18898478808071417,-0.0003366615449090105,0.3035880102110027,0.0,0.0,20.0,0.21500311494627392,-0.02427854444497034,1.243259009655574,-0.011663506807837924,2.1481908851249187,-0.0005499484209346618,0.6014626622200012,0.1734856516122818,0.12348565459251404,0.7484598159790039,nan,0,,,1.0,83.0,103.0,0.0064131771214306355,-0.02201259136199951,0.0,0.27692753076553345,0.0,-0.32095271348953247,0.0,0.4285714328289032,0.6595237255096436,0.9781144261360168,0.9490717053413391,1.0,0.380952388048172,0.7484598159790039,0.30000001192092896,0.20000000298023224,0.20000000298023224,0.15000000596046448,0.15000000596046448,1.0,1.0,1.0,1.0
complex_fixed_v018_r3,closed_loop,complex,full,1,0.18,False,2.220779483,1785051131.3851628,0.2619052380637119,-0.0012823023900422556,0.005016525039454044,0.18776386349092233,-0.0030155491651357473,0.31289352453683006,0.0,0.0,20.0,0.23680095999528625,-0.023645099023606505,1.293370606295223,-0.009486927669136554,2.203287491397693,0.0026817290287850654,0.5992336869239807,0.17052848637104034,0.12052848935127258,0.754340648651123,nan,0,,,1.0,80.0,91.0,0.011551221832633018,-0.023872971534729004,0.0,0.27517110109329224,0.0,-0.32291704416275024,0.0,0.4285714328289032,0.6857142448425293,0.9793290495872498,0.951737105846405,1.0,0.4285714328289032,0.754340648651123,0.30000001192092896,0.20000000298023224,0.20000000298023224,0.15000000596046448,0.15000000596046448,1.0,1.0,1.0,1.0
complex_fixed_v018_r3,closed_loop,complex,full,1,0.18,False,2.270649338,1785051131.4350326,0.2711671303443534,-0.00124057699323149,0.00447648372696108,0.19514856099552824,-0.013163569480690022,0.3221622294177187,0.0,0.0,20.0,0.23680095999528625,-0.023645099023606505,1.293370606295223,-0.009486927669136554,2.203287491397693,0.0026817290287850654,0.5992336869239807,0.17052848637104034,0.12052848935127258,0.754340648651123,nan,0,,,1.0,80.0,91.0,0.011551221832633018,-0.023872971534729004,0.0,0.27517110109329224,0.0,-0.32291704416275024,0.0,0.4285714328289032,0.6857142448425293,0.9793290495872498,0.951737105846405,1.0,0.4285714328289032,0.754340648651123,0.30000001192092896,0.20000000298023224,0.20000000298023224,0.15000000596046448,0.15000000596046448,1.0,1.0,1.0,1.0
complex_fixed_v018_r3,closed_loop,complex,full,1,0.18,False,2.320904867,1785051131.4852881,0.2799299089079474,-0.0012059446837227553,0.004207832407695289,0.1935985966058608,-0.001442538421406167,0.3309315647489264,0.0,0.0,21.0,0.2554872157866742,-0.023920367166517204,1.3120452480773688,-0.008895940577827293,2.2713031306024516,0.004248218393664481,0.5984058380126953,0.1735030561685562,0.12350305914878845,0.7498630285263062,nan,0,,,1.0,77.0,99.0,0.010273244231939316,-0.023931697010993958,0.0,0.2741766571998596,0.0,-0.32204005122184753,0.0,0.4285714328289032,0.6595237255096436,0.979779839515686,0.9562059044837952,1.0,0.380952388048172,0.7498630285263062,0.30000001192092896,0.20000000298023224,0.20000000298023224,0.15000000596046448,0.15000000596046448,1.0,1.0,1.0,1.0
complex_fixed_v018_r3,closed_loop,complex,full,1,0.18,False,2.370616189,1785051131.5349996,0.2961179704104727,-0.000727568076878745,0.004287705706616851,0.19909142214659156,-0.020602146329788434,0.34714783562640933,0.0,0.0,21.0,0.2554872157866742,-0.023920367166517204,1.3120452480773688,-0.008895940577827293,2.2713031306024516,0.004248218393664481,0.5984058380126953,0.1735030561685562,0.12350305914878845,0.7498630285263062,nan,0,,,1.0,77.0,99.0,0.010273244231939316,-0.023931697010993958,0.0,0.2741766571998596,0.0,-0.32204005122184753,0.0,0.4285714328289032,0.6595237255096436,0.979779839515686,0.9562059044837952,1.0,0.380952388048172,0.7498630285263062,0.30000001192092896,0.20000000298023224,0.20000000298023224,0.15000000596046448,0.15000000596046448,1.0,1.0,1.0,1.0
complex_fixed_v018_r3,closed_loop,complex,full,1,0.18,False,2.421193553,1785051131.585577,0.3078168614097925,-0.0013715957205315788,0.003903303941917624,0.1965623178876768,-0.005229644154756409,0.35893147815911286,0.0,0.0,21.0,0.28021863040712564,-0.02502649351225252,1.3084108657398976,-0.008058708930891577,2.2882424344704013,0.007625984326319339,0.6000056862831116,0.17651234567165375,0.126512348651886,0.7349100112915039,nan,0,,,1.0,85.0,103.0,0.014598136767745018,-0.025351256132125854,0.0,0.2727530896663666,0.0,-0.3234556019306183,0.0,0.3888888657093048,0.6333332657814026,0.9836034178733826,0.9657063484191895,1.0,0.3333333432674408,0.7349100112915039,0.30000001192092896,0.20000000298023224,0.20000000298023224,0.15000000596046448,0.15000000596046448,1.0,1.0,1.0,1.0
complex_fixed_v018_r3,closed_loop,complex,full,1,0.18,False,2.470525503,1785051131.6349087,0.31673162104360525,-0.001349623947354667,0.003528191056938912,0.204386550133332,-0.030464114627953395,0.3678635869989208,0.0,0.0,21.0,0.28021863040712564,-0.02502649351225252,1.3084108657398976,-0.008058708930891577,2.2882424344704013,0.007625984326319339,0.6000056862831116,0.17651234567165375,0.126512348651886,0.7349100112915039,nan,0,,,1.0,85.0,103.0,0.014598136767745018,-0.025351256132125854,0.0,0.2727530896663666,0.0,-0.3234556019306183,0.0,0.3888888657093048,0.6333332657814026,0.9836034178733826,0.9657063484191895,1.0,0.3333333432674408,0.7349100112915039,0.30000001192092896,0.20000000298023224,0.20000000298023224,0.15000000596046448,0.15000000596046448,1.0,1.0,1.0,1.0
complex_fixed_v018_r3,closed_loop,complex,full,1,0.18,False,2.526729657,1785051131.691113,0.3275268512509576,-0.001348006419956937,0.0029756352995540234,0.2064652058665249,-0.003475508159123443,0.37866865887369083,0.0,0.0,21.0,0.29811913680539726,-0.026586795054363496,1.2979496470708043,-0.008374081620506188,2.297780174420152,0.009838631809757916,0.5994105935096741,0.17089970409870148,0.12089970707893372,0.737999677658081,nan,0,,,1.0,80.0,94.0,0.018297698348760605,-0.027180224657058716,0.0,0.2710328698158264,0.0,-0.32539331912994385,0.0,0.4126984179019928,0.6333332657814026,0.97752845287323,0.9467856287956238,1.0,0.3333333432674408,0.737999677658081,0.30000001192092896,0.20000000298023224,0.20000000298023224,0.15000000596046448,0.15000000596046448,1.0,1.0,1.0,1.0
complex_fixed_v018_r3,closed_loop,complex,full,1,0.18,False,2.573215219,1785051131.7375984,0.3271211360087088,-0.0016692583943113551,0.0019956965424987585,0.20314390823672576,-0.03305211124599163,0.39557742172068433,0.0,0.0,21.0,0.29811913680539726,-0.026586795054363496,1.2979496470708043,-0.008374081620506188,2.297780174420152,0.009838631809757916,0.5994105935096741,0.17089970409870148,0.12089970707893372,0.737999677658081,nan,0,,,1.0,80.0,94.0,0.018297698348760605,-0.027180224657058716,0.0,0.2710328698158264,0.0,-0.32539331912994385,0.0,0.4126984179019928,0.6333332657814026,0.97752845287323,0.9467856287956238,1.0,0.3333333432674408,0.737999677658081,0.30000001192092896,0.20000000298023224,0.20000000298023224,0.15000000596046448,0.15000000596046448,1.0,1.0,1.0,1.0
complex_fixed_v018_r3,closed_loop,complex,full,1,0.18,False,2.620492677,1785051131.784876,0.3347707458102884,-0.00046624454318723265,0.0013914107087460432,0.18955574381777046,0.001632734538439994,0.40591417538895347,0.0,0.0,21.0,0.31936982264318403,-0.027335407547332307,1.3191789244852996,-0.007836820360625952,2.3189879966011593,0.011661766584997095,0.5988812446594238,0.17035986483097076,0.120359867811203,0.7495812177658081,nan,0,,,1.0,96.0,103.0,0.017176559194922447,-0.026954591274261475,0.0,0.27070289850234985,0.0,-0.3246120810508728,0.0,0.436507910490036,0.6595237255096436,0.9747288227081299,0.9451885223388672,1.0,0.380952388048172,0.7495812177658081,0.30000001192092896,0.20000000298023224,0.20000000298023224,0.15000000596046448,0.15000000596046448,1.0,1.0,1.0,1.0
complex_fixed_v018_r3,closed_loop,complex,full,1,0.18,False,2.670359652,1785051131.834743,0.3437916501054603,-0.0004648746625440364,0.0007367365331893976,0.1895036687992916,0.0006847138636019356,0.41494250771581553,0.0,0.0,21.0,0.31936982264318403,-0.027335407547332307,1.3191789244852996,-0.007836820360625952,2.3189879966011593,0.011661766584997095,0.5988812446594238,0.17035986483097076,0.120359867811203,0.7495812177658081,nan,0,,,1.0,96.0,103.0,0.017176559194922447,-0.026954591274261475,0.0,0.27070289850234985,0.0,-0.3246120810508728,0.0,0.436507910490036,0.6595237255096436,0.9747288227081299,0.9451885223388672,1.0,0.380952388048172,0.7495812177658081,0.30000001192092896,0.20000000298023224,0.20000000298023224,0.15000000596046448,0.15000000596046448,1.0,1.0,1.0,1.0
complex_fixed_v018_r3,closed_loop,complex,full,1,0.18,False,2.720800755,1785051131.885184,0.35061169724843555,-0.0004942731656127317,-0.0004466960087072815,0.18832191135205154,-0.028517685960266628,0.42178816692563187,0.0,0.0,21.0,0.33448833546370443,-0.02666116342923819,1.334332999836948,-0.00953574762435531,2.334177644909333,0.007589667747478674,0.6004447340965271,0.17530764639377594,0.12530764937400818,0.755614161491394,nan,0,,,1.0,111.0,111.0,0.011182550340890884,-0.023559927940368652,0.0,0.2740172743797302,0.0,-0.32113713026046753,0.0,0.4365079402923584,0.6857142448425293,0.976036548614502,0.9487441778182983,1.0,0.4285714328289032,0.755614161491394,0.30000001192092896,0.20000000298023224,0.20000000298023224,0.15000000596046448,0.15000000596046448,1.0,1.0,1.0,1.0
complex_fixed_v018_r3,closed_loop,complex,full,1,0.18,False,2.771804755,1785051131.9361882,0.35544712315007676,0.0009630259797465902,-0.0025930799119366923,0.17203192896322522,-0.042327486334304526,0.43619192931676215,0.18,-0.11022187754901093,21.0,0.33448833546370443,-0.02666116342923819,1.334332999836948,-0.00953574762435531,2.334177644909333,0.007589667747478674,0.6004447340965271,0.17530764639377594,0.12530764937400818,0.755614161491394,1.0,0,ROW_FOLLOW,,1.0,111.0,111.0,0.011182550340890884,-0.023559927940368652,0.0,0.2740172743797302,0.0,-0.32113713026046753,0.0,0.4365079402923584,0.6857142448425293,0.976036548614502,0.9487441778182983,1.0,0.4285714328289032,0.755614161491394,0.30000001192092896,0.20000000298023224,0.20000000298023224,0.15000000596046448,0.15000000596046448,1.0,1.0,1.0,1.0
complex_fixed_v018_r3,closed_loop,complex,full,1,0.18,False,2.82074607,1785051131.9851294,0.363965787573778,0.000902495893976623,-0.004089244485776522,0.17382806768604472,-0.030543179538817425,0.44473165867230385,0.18,-0.10430152797933048,21.0,0.3472800881958669,-0.024107530075400816,1.3471806476468229,-0.010428394081020495,2.3470811843155506,0.0032507417492954166,0.5943150520324707,0.1491040140390396,0.09910401701927185,0.764473557472229,1.0,0,ROW_FOLLOW,,1.0,116.0,113.0,0.014363380149006844,-0.021827951073646545,0.0,0.2751781642436981,0.0,-0.3188340663909912,0.0,0.4761905074119568,0.6857142448425293,0.9702081084251404,0.9362128973007202,1.0,0.4285714328289032,0.764473557472229,0.30000001192092896,0.20000000298023224,0.20000000298023224,0.15000000596046448,0.15000000596046448,1.0,1.0,1.0,1.0
complex_fixed_v018_r3,closed_loop,complex,full,1,0.18,False,2.870766682,1785051132.03515,0.36975942726718525,0.0008319899525925881,-0.0053312532188614075,0.17472931756166632,-0.015228194634899689,0.45054991575866604,0.18,-0.10394138993903358,21.0,0.3472800881958669,-0.024107530075400816,1.3471806476468229,-0.010428394081020495,2.3470811843155506,0.0032507417492954166,0.5943150520324707,0.1491040140390396,0.09910401701927185,0.764473557472229,1.0,0,ROW_FOLLOW,,1.0,116.0,113.0,0.014363380149006844,-0.021827951073646545,0.0,0.2751781642436981,0.0,-0.3188340663909912,0.0,0.4761905074119568,0.6857142448425293,0.9702081084251404,0.9362128973007202,1.0,0.4285714328289032,0.764473557472229,0.30000001192092896,0.20000000298023224,0.20000000298023224,0.15000000596046448,0.15000000596046448,1.0,1.0,1.0,1.0
complex_fixed_v018_r3,closed_loop,complex,full,1,0.18,False,2.921382575,1785051132.0857658,0.36975924727606924,0.0008065415109208549,-0.00640020597582103,0.17576433646297918,-0.03166693739254545,0.450575364837715,0.18,-0.0886921129345218,20.0,0.35884878215656046,-0.021427443295946345,1.3871190710643788,-0.010033451205859517,2.292063624330259,-1.3439886114479174e-07,0.5945578813552856,0.15721361339092255,0.10721361637115479,0.763503909111023,1.0,0,ROW_FOLLOW,,1.0,113.0,110.0,0.016774747520685196,-0.020193636417388916,0.0,0.2777795195579529,0.0,-0.3181667923927307,0.0,0.4841269552707672,0.6595237255096436,0.9743918180465698,0.9432183504104614,1.0,0.380952388048172,0.763503909111023,0.30000001192092896,0.20000000298023224,0.20000000298023224,0.15000000596046448,0.15000000596046448,1.0,1.0,1.0,1.0
complex_fixed_v018_r3,closed_loop,complex,full,1,0.18,False,2.970817665,1785051132.135201,0.3936362596918658,0.0008266371270959319,-0.00880948911681001,0.1656877501783546,-0.04078474717841544,0.47448211630612935,0.18,-0.0924407515684869,20.0,0.35884878215656046,-0.021427443295946345,1.3871190710643788,-0.010033451205859517,2.292063624330259,-1.3439886114479174e-07,0.5945578813552856,0.15721361339092255,0.10721361637115479,0.763503909111023,1.0,0,ROW_FOLLOW,,1.0,113.0,110.0,0.016774747520685196,-0.020193636417388916,0.0,0.2777795195579529,0.0,-0.3181667923927307,0.0,0.4841269552707672,0.6595237255096436,0.9743918180465698,0.9432183504104614,1.0,0.380952388048172,0.763503909111023,0.30000001192092896,0.20000000298023224,0.20000000298023224,0.15000000596046448,0.15000000596046448,1.0,1.0,1.0,1.0
complex_fixed_v018_r3,closed_loop,complex,full,1,0.18,False,3.020543995,1785051132.1849272,0.3996198844100371,0.0014202331673308418,-0.010070158379650975,0.1682440517683687,-0.02295059435549209,0.48642786552487727,0.18,-0.08050495856870304,21.0,0.3761397790113456,-0.019547614832991705,1.4044130336593297,-0.008425735651498253,2.379103870847646,0.002020705184219292,0.5975499153137207,0.16494442522525787,0.11494442820549011,0.755635142326355,1.0,0,ROW_FOLLOW,,1.0,124.0,113.0,0.020102178677916527,-0.019121184945106506,0.0,0.2787787914276123,0.0,-0.3170211613178253,0.0,0.4523809552192688,0.6595237255096436,0.9776366949081421,0.9499253630638123,1.0,0.380952388048172,0.755635142326355,0.30000001192092896,0.20000000298023224,0.20000000298023224,0.15000000596046448,0.15000000596046448,1.0,1.0,1.0,1.0
complex_fixed_v018_r3,closed_loop,complex,full,1,0.18,False,3.070486396,1785051132.2348697,0.40790418070681905,0.0012892937096052703,-0.012385471581517924,0.1628916884580601,-0.0254571869714874,0.4947399842536716,0.18,-0.07999343586719442,21.0,0.3761397790113456,-0.019547614832991705,1.4044130336593297,-0.008425735651498253,2.379103870847646,0.002020705184219292,0.5975499153137207,0.16494442522525787,0.11494442820549011,0.755635142326355,1.0,0,ROW_FOLLOW,,1.0,124.0,113.0,0.020102178677916527,-0.019121184945106506,0.0,0.2787787914276123,0.0,-0.3170211613178253,0.0,0.4523809552192688,0.6595237255096436,0.9776366949081421,0.9499253630638123,1.0,0.380952388048172,0.755635142326355,0.30000001192092896,0.20000000298023224,0.20000000298023224,0.15000000596046448,0.15000000596046448,1.0,1.0,1.0,1.0
complex_fixed_v018_r3,closed_loop,complex,full,1,0.18,False,3.123125549,1785051132.2875087,0.4191815486119739,0.0010822739579398077,-0.013560789921893692,0.1671011099998518,-0.033313726386005306,0.506045270593348,0.18,-0.06692433620461044,20.0,0.3936076034399248,-0.01815972680464768,1.4218830643576041,-0.00724193364756396,2.360163783390979,0.002711019522755046,0.5961271524429321,0.16987450420856476,0.119874507188797,0.7625478506088257,1.0,0,ROW_FOLLOW,,1.0,129.0,127.0,0.023373834788799286,-0.01798763871192932,0.0,0.2798861861228943,0.0,-0.31586146354675293,0.0,0.4603174328804016,0.6857141852378845,0.9755087494850159,0.9480533599853516,1.0,0.4285714328289032,0.7625478506088257,0.30000001192092896,0.20000000298023224,0.20000000298023224,0.15000000596046448,0.15000000596046448,1.0,1.0,1.0,1.0
complex_fixed_v018_r3,closed_loop,complex,full,1,0.18,False,3.170793067,1785051132.3351765,0.42801551005813226,0.0009219038714181611,-0.015289066848276798,0.16625498394377083,-0.026239603614801748,0.5149023968666804,0.18,-0.06593403183800642,20.0,0.3936076034399248,-0.01815972680464768,1.4218830643576041,-0.00724193364756396,2.360163783390979,0.002711019522755046,0.5961271524429321,0.16987450420856476,0.119874507188797,0.7625478506088257,1.0,0,ROW_FOLLOW,,1.0,129.0,127.0,0.023373834788799286,-0.01798763871192932,0.0,0.2798861861228943,0.0,-0.31586146354675293,0.0,0.4603174328804016,0.6857141852378845,0.9755087494850159,0.9480533599853516,1.0,0.4285714328289032,0.7625478506088257,0.30000001192092896,0.20000000298023224,0.20000000298023224,0.15000000596046448,0.15000000596046448,1.0,1.0,1.0,1.0
complex_fixed_v018_r3,closed_loop,complex,full,1,0.18,False,3.221050069,1785051132.3854334,0.4366170727506512,0.0014194069658629333,-0.01702967400545763,0.16953707139252153,-0.030205509067011842,0.5240248378849788,0.18,-0.057988041651679166,21.0,0.4157901938443935,-0.0172385159153147,1.4157378719911595,-0.007009057303922849,2.41953682710493,0.002737454761458163,0.5979751348495483,0.1710977703332901,0.12109777331352234,0.7691930532455444,1.0,0,ROW_FOLLOW,,1.0,118.0,116.0,0.025624044239521027,-0.017369121313095093,0.0,0.28132280707359314,0.0,-0.3160610496997833,0.0,0.4841269850730896,0.6857141852378845,0.9758458733558655,0.9442865252494812,1.0,0.4285714328289032,0.7691930532455444,0.30000001192092896,0.20000000298023224,0.20000000298023224,0.15000000596046448,0.15000000596046448,1.0,1.0,1.0,1.0
complex_fixed_v018_r3,closed_loop,complex,full,1,0.18,False,3.270500968,1785051132.4348843,0.4456873030153712,0.0012141284410395197,-0.018939342313066366,0.17421408997837193,-0.03717215618433578,0.533116712134388,0.18,-0.056437864264787696,21.0,0.4157901938443935,-0.0172385159153147,1.4157378719911595,-0.007009057303922849,2.41953682710493,0.002737454761458163,0.5979751348495483,0.1710977703332901,0.12109777331352234,0.7691930532455444,1.0,0,ROW_FOLLOW,,1.0,118.0,116.0,0.025624044239521027,-0.017369121313095093,0.0,0.28132280707359314,0.0,-0.3160610496997833,0.0,0.4841269850730896,0.6857141852378845,0.9758458733558655,0.9442865252494812,1.0,0.4285714328289032,0.7691930532455444,0.30000001192092896,0.20000000298023224,0.20000000298023224,0.15000000596046448,0.15000000596046448,1.0,1.0,1.0,1.0
complex_fixed_v018_r3,closed_loop,complex,full,1,0.18,False,3.320513483,1785051132.4848967,0.4552804765810736,0.0009663645369844328,-0.020009562310534086,0.17640069906916628,-0.034231577594670784,0.5427384799937018,0.18,-0.0561645035335294,21.0,0.43339232832834035,-0.01719149309811958,1.4333235206530286,-0.005647789496511472,2.4458905221571206,0.006750724459825146,0.5979025363922119,0.17157168686389923,0.12157168984413147,0.775503396987915,1.0,0,ROW_FOLLOW,,1.0,121.0,108.0,0.03454822674393654,-0.019223898649215698,0.0,0.2796538472175598,0.0,-0.3181016445159912,0.0,0.4841269850730896,0.7119046449661255,0.9778835773468018,0.9487172365188599,1.0,0.4761904776096344,0.775503396987915,0.30000001192092896,0.20000000298023224,0.20000000298023224,0.15000000596046448,0.15000000596046448,1.0,1.0,1.0,1.0
complex_fixed_v018_r3,closed_loop,complex,full,1,0.18,False,3.374654183,1785051132.5390375,0.47075190799867483,0.0009930757739740497,-0.020408849500501258,0.18149703501428763,-0.01913407078828105,0.558220437802323,0.18,-0.05264665790157017,21.0,0.43339232832834035,-0.01719149309811958,1.4333235206530286,-0.005647789496511472,2.4458905221571206,0.006750724459825146,0.5979025363922119,0.17157168686389923,0.12157168984413147,0.775503396987915,1.0,0,ROW_FOLLOW,,1.0,121.0,108.0,0.03454822674393654,-0.019223898649215698,0.0,0.2796538472175598,0.0,-0.3181016445159912,0.0,0.4841269850730896,0.7119046449661255,0.9778835773468018,0.9487172365188599,1.0,0.4761904776096344,0.775503396987915,0.30000001192092896,0.20000000298023224,0.20000000298023224,0.15000000596046448,0.15000000596046448,1.0,1.0,1.0,1.0
complex_fixed_v018_r3,closed_loop,complex,full,1,0.18,False,3.420656948,1785051132.58504,0.4793738671957631,0.0007178721518642154,-0.02280166575279895,0.18213103979436332,-0.035504101965589445,0.5668989896085213,0.18,-0.0470462182823945,21.0,0.4544160012903427,-0.018546783830924476,1.4543056273471944,-0.004172830207441295,2.4541952325337637,0.010201124068631889,0.5960456728935242,0.17102716863155365,0.12102717161178589,0.7842123508453369,1.0,0,ROW_FOLLOW,,1.0,119.0,118.0,0.04087641462683678,-0.021740734577178955,0.0,0.27682238817214966,0.0,-0.32030385732650757,0.0,0.523809552192688,0.7119046449661255,0.972458004951477,0.9346457719802856,1.0,0.4761904776096344,0.7842123508453369,0.30000001192092896,0.20000000298023224,0.20000000298023224,0.15000000596046448,0.15000000596046448,1.0,1.0,1.0,1.0
complex_fixed_v018_r3,closed_loop,complex,full,1,0.18,False,3.47061295,1785051132.6349962,0.4852328590538404,0.00035494729748563545,-0.02415140089362079,0.1819952000337837,-0.00888232227890645,0.5784041748182823,0.18,-0.044609248971427616,21.0,0.4544160012903427,-0.018546783830924476,1.4543056273471944,-0.004172830207441295,2.4541952325337637,0.010201124068631889,0.5960456728935242,0.17102716863155365,0.12102717161178589,0.7842123508453369,1.0,0,ROW_FOLLOW,,1.0,119.0,118.0,0.04087641462683678,-0.021740734577178955,0.0,0.27682238817214966,0.0,-0.32030385732650757,0.0,0.523809552192688,0.7119046449661255,0.972458004951477,0.9346457719802856,1.0,0.4761904776096344,0.7842123508453369,0.30000001192092896,0.20000000298023224,0.20000000298023224,0.15000000596046448,0.15000000596046448,1.0,1.0,1.0,1.0
complex_fixed_v018_r3,closed_loop,complex,full,1,0.18,False,3.521159976,1785051132.685543,0.49390922712070734,9.185409235358869e-05,-0.02506451059775205,0.18198524005023936,-0.01709716402099748,0.5871040972176403,0.18,-0.04416077551955222,21.0,0.4736706879177736,-0.0205590640305649,1.4735293151861413,-0.003832944883725736,2.4733879470203273,0.012893173121417578,0.5967862010002136,0.17102999985218048,0.12103000283241272,0.7731883525848389,1.0,0,ROW_FOLLOW,,1.0,131.0,119.0,0.04176825284957886,-0.022744163870811462,0.0,0.2762035131454468,0.0,-0.3216918408870697,0.0,0.5158730149269104,0.6595237255096436,0.9755789637565613,0.9427058100700378,1.0,0.380952388048172,0.7731883525848389,0.30000001192092896,0.20000000298023224,0.20000000298023224,0.15000000596046448,0.15000000596046448,1.0,1.0,1.0,1.0
complex_fixed_v018_r3,closed_loop,complex,full,1,0.18,False,3.570625691,1785051132.735009,0.4954056953657773,-5.224570223575937e-05,-0.027118953605421044,0.1798900457421133,-0.017781913409522926,0.6038180637674981,0.18,-0.04265206197711746,21.0,0.4736706879177736,-0.0205590640305649,1.4735293151861413,-0.003832944883725736,2.4733879470203273,0.012893173121417578,0.5967862010002136,0.17102999985218048,0.12103000283241272,0.7731883525848389,1.0,0,ROW_FOLLOW,,1.0,131.0,119.0,0.04176825284957886,-0.022744163870811462,0.0,0.2762035131454468,0.0,-0.3216918408870697,0.0,0.5158730149269104,0.6595237255096436,0.9755789637565613,0.9427058100700378,1.0,0.380952388048172,0.7731883525848389,0.30000001192092896,0.20000000298023224,0.20000000298023224,0.15000000596046448,0.15000000596046448,1.0,1.0,1.0,1.0
complex_fixed_v018_r3,closed_loop,complex,full,1,0.18,False,3.621101644,1785051132.785485,0.5053326140709943,-0.00035144319609679397,-0.0281109992017119,0.18071159606979842,-0.031178804569091414,0.6137640178206082,0.18,-0.04681750696649598,21.0,0.487115945761811,-0.022649262246314597,1.486942935225769,-0.0040937134353762105,2.4867699334004025,0.014461834828826218,0.5961996912956238,0.16483141481876373,0.11483141779899597,0.7796432971954346,1.0,0,ROW_FOLLOW,,1.0,119.0,112.0,0.04758249968290329,-0.024474799633026123,0.0,0.27467191219329834,0.0,-0.3236215114593506,0.0,0.523809552192688,0.6857142448425293,0.9740554094314575,0.9369764924049377,1.0,0.4285714328289032,0.7796432971954346,0.30000001192092896,0.20000000298023224,0.20000000298023224,0.15000000596046448,0.15000000596046448,1.0,1.0,1.0,1.0
complex_fixed_v018_r3,closed_loop,complex,full,1,0.18,False,3.671458777,1785051132.8358421,0.510992365893796,-0.0019104693466590892,-0.02980763734548963,0.17727168419033296,-0.020206585389028718,0.6252646404534408,0.18,-0.0375239119059548,21.0,0.487115945761811,-0.022649262246314597,1.486942935225769,-0.0040937134353762105,2.4867699334004025,0.014461834828826218,0.5961996912956238,0.16483141481876373,0.11483141779899597,0.7796432971954346,1.0,0,ROW_FOLLOW,,1.0,119.0,112.0,0.04758249968290329,-0.024474799633026123,0.0,0.27467191219329834,0.0,-0.3236215114593506,0.0,0.523809552192688,0.6857142448425293,0.9740554094314575,0.9369764924049377,1.0,0.4285714328289032,0.7796432971954346,0.30000001192092896,0.20000000298023224,0.20000000298023224,0.15000000596046448,0.15000000596046448,1.0,1.0,1.0,1.0
complex_fixed_v018_r3,closed_loop,complex,full,1,0.18,False,3.720657253,1785051132.8850405,0.5199369922969261,-0.002205609646965634,-0.03054680253227325,0.17871343249652538,-0.02429601028649505,0.634221926103325,0.18,-0.04418311405021689,21.0,0.5005291780219944,-0.024431064040969442,1.500367996659964,-0.006535676268388785,2.500206840690726,0.011359711182550003,0.5972326397895813,0.16922594606876373,0.11922594904899597,0.7850924730300903,1.0,0,ROW_FOLLOW,,1.0,130.0,127.0,0.04732843488454819,-0.024206221103668213,0.0,0.275187611579895,0.0,-0.32360005378723145,0.0,0.523809552192688,0.7119047045707703,0.974337100982666,0.9380077123641968,1.0,0.4761904776096344,0.7850924730300903,0.30000001192092896,0.20000000298023224,0.20000000298023224,0.15000000596046448,0.15000000596046448,1.0,1.0,1.0,1.0
complex_fixed_v018_r3,closed_loop,complex,full,1,0.18,False,3.77223263,1785051132.936616,0.5267224150760631,-0.002477499352481722,-0.03238588897871118,0.17991296863061496,-0.03447433383601826,0.6410466436974787,0.18,-0.04197468507916237,21.0,0.5005291780219944,-0.024431064040969442,1.500367996659964,-0.006535676268388785,2.500206840690726,0.011359711182550003,0.5972326397895813,0.16922594606876373,0.11922594904899597,0.7850924730300903,1.0,0,ROW_FOLLOW,,1.0,130.0,127.0,0.04732843488454819,-0.024206221103668213,0.0,0.275187611579895,0.0,-0.32360005378723145,0.0,0.523809552192688,0.7119047045707703,0.974337100982666,0.9380077123641968,1.0,0.4761904776096344,0.7850924730300903,0.30000001192092896,0.20000000298023224,0.20000000298023224,0.15000000596046448,0.15000000596046448,1.0,1.0,1.0,1.0
complex_fixed_v018_r3,closed_loop,complex,full,1,0.18,False,3.820830095,1785051132.9852135,0.5398481573798725,-0.004677831438984855,-0.033246894195701586,0.1653168042081418,-0.045669757440514325,0.6546048594889307,0.18,-0.03870533286767084,20.0,0.5128378748011168,-0.026113616410466473,1.5126824378853438,-0.008572573686380414,2.4458718299194615,0.0077356970593694604,0.5947186350822449,0.16926266252994537,0.11926266551017761,0.790968656539917,1.0,0,ROW_FOLLOW,,1.0,126.0,132.0,0.048166513442993164,-0.0233289897441864,0.0,0.2754586935043335,0.0,-0.3221166729927063,0.0,0.523809552192688,0.7380951642990112,0.9751984477043152,0.9411137700080872,1.0,0.523809552192688,0.790968656539917,0.30000001192092896,0.20000000298023224,0.20000000298023224,0.15000000596046448,0.15000000596046448,1.0,1.0,1.0,1.0
complex_fixed_v018_r3,closed_loop,complex,full,1,0.18,False,3.871374466,1785051133.0357578,0.5492747814962045,-0.005072350762336914,-0.035765514921086705,0.1695375830630291,-0.05021551441784175,0.6640925169399858,0.18,-0.0356464815020772,20.0,0.5128378748011168,-0.026113616410466473,1.5126824378853438,-0.008572573686380414,2.4458718299194615,0.0077356970593694604,0.5947186350822449,0.16926266252994537,0.11926266551017761,0.790968656539917,1.0,0,ROW_FOLLOW,,1.0,126.0,132.0,0.048166513442993164,-0.0233289897441864,0.0,0.2754586935043335,0.0,-0.3221166729927063,0.0,0.523809552192688,0.7380951642990112,0.9751984477043152,0.9411137700080872,1.0,0.523809552192688,0.790968656539917,0.30000001192092896,0.20000000298023224,0.20000000298023224,0.15000000596046448,0.15000000596046448,1.0,1.0,1.0,1.0
complex_fixed_v018_r3,closed_loop,complex,full,1,0.18,False,3.92071861,1785051133.0851018,0.5552133373862264,-0.00272650527405402,-0.03690049094741266,0.17199444257182814,-0.04390528753067557,0.6706253711052313,0.18,-0.0506713357465525,21.0,0.5310557607043335,-0.026972070179033927,1.530933426813726,-0.011363202326764544,2.5307312450497754,0.004576965651135446,0.5931513905525208,0.15635664761066437,0.1063566505908966,0.8003044128417969,1.0,0,ROW_FOLLOW,,1.0,131.0,151.0,0.050355952233076096,-0.021972864866256714,0.0,0.2772177755832672,0.0,-0.32116350531578064,0.0,0.5634921193122864,0.7380951642990112,0.9708853960037231,0.92973792552948,1.0,0.523809552192688,0.8003044128417969,0.30000001192092896,0.20000000298023224,0.20000000298023224,0.15000000596046448,0.15000000596046448,1.0,1.0,1.0,1.0
complex_fixed_v018_r3,closed_loop,complex,full,1,0.18,False,3.971838326,1785051133.1362216,0.5639143618053875,-0.003109886473010494,-0.03988074350904959,0.1633448972521354,-0.04974237404031291,0.6793699086373424,0.18,-0.047239715432774415,21.0,0.5310557607043335,-0.026972070179033927,1.530933426813726,-0.011363202326764544,2.5307312450497754,0.004576965651135446,0.5931513905525208,0.15635664761066437,0.1063566505908966,0.8003044128417969,1.0,0,ROW_FOLLOW,,1.0,131.0,151.0,0.050355952233076096,-0.021972864866256714,0.0,0.2772177755832672,0.0,-0.32116350531578064,0.0,0.5634921193122864,0.7380951642990112,0.9708853960037231,0.92973792552948,1.0,0.523809552192688,0.8003044128417969,0.30000001192092896,0.20000000298023224,0.20000000298023224,0.15000000596046448,0.15000000596046448,1.0,1.0,1.0,1.0
complex_fixed_v018_r3,closed_loop,complex,full,1,0.18,False,4.020722232,1785051133.1851053,0.5724590863076854,-0.0007149923106365391,-0.04121396310573157,0.16738192804681082,-0.02511779300161648,0.6910436946160633,0.18,-0.05274869404946094,21.0,0.5515897261435194,-0.026392808245009322,1.5514864080443338,-0.01204539810464011,2.561589221883665,0.0016614884114840003,0.5923219919204712,0.1624009758234024,0.11240097880363464,0.7973047494888306,1.0,0,ROW_FOLLOW,,1.0,141.0,135.0,0.0538562647998333,-0.020872041583061218,0.0,0.2791471481323242,0.0,-0.32089123129844666,0.0,0.5714285969734192,0.7119047045707703,0.9712779521942139,0.9282639622688293,1.0,0.4761904776096344,0.7973047494888306,0.30000001192092896,0.20000000298023224,0.20000000298023224,0.15000000596046448,0.15000000596046448,1.0,1.0,1.0,1.0
complex_fixed_v018_r3,closed_loop,complex,full,1,0.18,False,4.070437907,1785051133.234821,0.5814650123932761,-0.0011406512025535324,-0.04335189256155303,0.16274742084925237,-0.024665885104219507,0.7000843656420023,0.18,-0.050687388463012635,21.0,0.5515897261435194,-0.026392808245009322,1.5514864080443338,-0.01204539810464011,2.561589221883665,0.0016614884114840003,0.5923219919204712,0.1624009758234024,0.11240097880363464,0.7973047494888306,1.0,0,ROW_FOLLOW,,1.0,141.0,135.0,0.0538562647998333,-0.020872041583061218,0.0,0.2791471481323242,0.0,-0.32089123129844666,0.0,0.5714285969734192,0.7119047045707703,0.9712779521942139,0.9282639622688293,1.0,0.4761904776096344,0.7973047494888306,0.30000001192092896,0.20000000298023224,0.20000000298023224,0.15000000596046448,0.15000000596046448,1.0,1.0,1.0,1.0
complex_fixed_v018_r3,closed_loop,complex,full,1,0.18,False,4.121009927,1785051133.2853932,0.5901717327217527,-0.0015922146799646434,-0.045444707123297935,0.16663658419050686,-0.03602577156499993,0.7088519504431751,0.18,-0.02907475868729672,20.0,0.5713183450336851,-0.02380868034060189,1.571230255698356,-0.010548172450939947,2.504481821895434,0.0017989295650365014,0.5944603681564331,0.15928657352924347,0.10928657650947571,0.7886837720870972,1.0,0,ROW_FOLLOW,,1.0,136.0,141.0,0.05644901841878891,-0.01839008927345276,0.0,0.28181153535842896,0.0,-0.3185917139053345,0.0,0.5317460298538208,0.7119047045707703,0.9779953956604004,0.941199541091919,1.0,0.4761904776096344,0.7886837720870972,0.30000001192092896,0.20000000298023224,0.20000000298023224,0.15000000596046448,0.15000000596046448,1.0,1.0,1.0,1.0
complex_fixed_v018_r3,closed_loop,complex,full,1,0.18,False,4.170478074,1785051133.3348613,0.5936392734636452,0.002731120969171719,-0.04873991369635934,0.16986240358110224,-0.04796489037338857,0.7247295711352265,0.18,-0.048412596425936365,20.0,0.5713183450336851,-0.02380868034060189,1.571230255698356,-0.010548172450939947,2.504481821895434,0.0017989295650365014,0.5944603681564331,0.15928657352924347,0.10928657650947571,0.7886837720870972,1.0,0,ROW_FOLLOW,,1.0,136.0,141.0,0.05644901841878891,-0.01839008927345276,0.0,0.28181153535842896,0.0,-0.3185917139053345,0.0,0.5317460298538208,0.7119047045707703,0.9779953956604004,0.941199541091919,1.0,0.4761904776096344,0.7886837720870972,0.30000001192092896,0.20000000298023224,0.20000000298023224,0.15000000596046448,0.15000000596046448,1.0,1.0,1.0,1.0
complex_fixed_v018_r3,closed_loop,complex,full,1,0.18,False,4.220560863,1785051133.3849442,0.6099923428824414,0.0008560141833511017,-0.050313837445559624,0.17145691329799662,-0.04932886605842738,0.7412506018770502,0.18,-0.015264800404328174,19.0,0.5888076008400224,-0.019644618587762747,1.4887413023070974,-0.008752727037913096,2.4886687369668787,0.003268784192680979,0.5932318568229675,0.16888229548931122,0.11888229846954346,0.7924700975418091,1.0,0,ROW_FOLLOW,,1.0,133.0,127.0,0.061068736016750336,-0.01684342324733734,0.0,0.28307080268859863,0.0,-0.3167576491832733,0.0,0.5634920597076416,0.6857142448425293,0.9763376116752625,0.940080463886261,1.0,0.4285714328289032,0.7924700975418091,0.30000001192092896,0.20000000298023224,0.20000000298023224,0.15000000596046448,0.15000000596046448,1.0,1.0,1.0,1.0
complex_fixed_v018_r3,closed_loop,complex,full,1,0.18,False,4.27046992,1785051133.434853,0.6130706394899166,-0.0025769967669518157,-0.05335163281683684,0.17691576608737342,-0.04189812639181786,0.7564082591974257,0.18,0.0067868514491053996,19.0,0.5888076008400224,-0.019644618587762747,1.4887413023070974,-0.008752727037913096,2.4886687369668787,0.003268784192680979,0.5932318568229675,0.16888229548931122,0.11888229846954346,0.7924700975418091,1.0,0,ROW_FOLLOW,,1.0,133.0,127.0,0.061068736016750336,-0.01684342324733734,0.0,0.28307080268859863,0.0,-0.3167576491832733,0.0,0.5634920597076416,0.6857142448425293,0.9763376116752625,0.940080463886261,1.0,0.4285714328289032,0.7924700975418091,0.30000001192092896,0.20000000298023224,0.20000000298023224,0.15000000596046448,0.15000000596046448,1.0,1.0,1.0,1.0
complex_fixed_v018_r3,closed_loop,complex,full,1,0.18,False,4.320689577,1785051133.4850729,0.6218626555720744,-0.00309923085001719,-0.055214723697118086,0.1773799610581603,-0.03832803538367979,0.7652415050612552,0.18,0.022676721284388447,21.0,0.6022237314347845,-0.01775006519658762,1.6021575723289212,-0.0062593603028318285,2.6131245862487873,0.003979873156019911,0.5950943231582642,0.16717545688152313,0.11717545986175537,0.805472731590271,1.0,0,ROW_FOLLOW,,1.0,127.0,147.0,0.06547559797763824,-0.016113683581352234,0.0,0.28405213356018066,0.0,-0.31627950072288513,0.0,0.579365074634552,0.7380951642990112,0.9720960259437561,0.9308327436447144,1.0,0.523809552192688,0.805472731590271,0.30000001192092896,0.20000000298023224,0.20000000298023224,0.15000000596046448,0.15000000596046448,1.0,1.0,1.0,1.0
complex_fixed_v018_r3,closed_loop,complex,full,1,0.18,False,4.370490374,1785051133.5348735,0.6281458812720494,-0.0035452432006876184,-0.05775816862446703,0.17845572530778234,-0.036981435509443834,0.7715898525871338,0.18,0.027418188853866567,21.0,0.6022237314347845,-0.01775006519658762,1.6021575723289212,-0.0062593603028318285,2.6131245862487873,0.003979873156019911,0.5950943231582642,0.16717545688152313,0.11717545986175537,0.805472731590271,1.0,0,ROW_FOLLOW,,1.0,127.0,147.0,0.06547559797763824,-0.016113683581352234,0.0,0.28405213356018066,0.0,-0.31627950072288513,0.0,0.579365074634552,0.7380951642990112,0.9720960259437561,0.9308327436447144,1.0,0.523809552192688,0.805472731590271,0.30000001192092896,0.20000000298023224,0.20000000298023224,0.15000000596046448,0.15000000596046448,1.0,1.0,1.0,1.0
complex_fixed_v018_r3,closed_loop,complex,full,1,0.18,False,4.420912374,1785051133.5852957,0.6288883267518406,-0.003651749495295857,-0.05904013248920757,0.1793171661371699,-0.018906766828198508,0.7723690142402225,0.18,0.029731491219230875,21.0,0.6151044758125481,-0.0172543861593242,1.615045593328654,-0.006401168603084903,2.621029274851238,0.00322801398351624,0.5952061414718628,0.16709037125110626,0.1170903742313385,0.8093608617782593,1.0,0,ROW_FOLLOW,,1.0,134.0,135.0,0.06950708478689194,-0.014806434512138367,0.0,0.28641223907470703,0.0,-0.31602510809898376,0.0,0.5714285969734192,0.764285683631897,0.9729958772659302,0.9365062713623047,1.0,0.5714285969734192,0.8093608617782593,0.30000001192092896,0.20000000298023224,0.20000000298023224,0.15000000596046448,0.15000000596046448,1.0,1.0,1.0,1.0
complex_fixed_v018_r3,closed_loop,complex,full,1,0.18,False,4.471541484,1785051133.6359248,0.6555449793110727,-0.007741548284985862,-0.06100094118002851,0.18267548582372153,-0.02514618693399692,0.7994127169754099,0.18,0.054191010777147774,21.0,0.6151044758125481,-0.0172543861593242,1.615045593328654,-0.006401168603084903,2.621029274851238,0.00322801398351624,0.5952061414718628,0.16709037125110626,0.1170903742313385,0.8093608617782593,1.0,0,ROW_FOLLOW,,1.0,134.0,135.0,0.06950708478689194,-0.014806434512138367,0.0,0.28641223907470703,0.0,-0.31602510809898376,0.0,0.5714285969734192,0.764285683631897,0.9729958772659302,0.9365062713623047,1.0,0.5714285969734192,0.8093608617782593,0.30000001192092896,0.20000000298023224,0.20000000298023224,0.15000000596046448,0.15000000596046448,1.0,1.0,1.0,1.0
complex_fixed_v018_r3,closed_loop,complex,full,1,0.18,False,4.520654388,1785051133.6850376,0.6647636827936709,-0.008364727646462634,-0.061762764728145125,0.18322610846529327,-0.015309065411032554,0.8086703568872645,0.18,0.04868093776651746,20.0,0.6357329096226062,-0.01944676449987473,1.6356740481499792,-0.008594242572423255,2.5689525623429788,0.001531446978340772,0.5924493670463562,0.16039730608463287,0.11039730906486511,0.8202321529388428,1.0,0,ROW_FOLLOW,,1.0,138.0,137.0,0.07207487523555756,-0.012834504246711731,0.0,0.2898362874984741,0.0,-0.3155052959918976,0.0,0.6190476417541504,0.764285683631897,0.9667536616325378,0.9220669269561768,1.0,0.5714285969734192,0.8202321529388428,0.30000001192092896,0.20000000298023224,0.20000000298023224,0.15000000596046448,0.15000000596046448,1.0,1.0,1.0,1.0
complex_fixed_v018_r3,closed_loop,complex,full,1,0.18,False,4.570624663,1785051133.735008,0.6689855162128902,-0.01108305795734047,-0.06276080594981968,0.18241082784940557,-0.0003272990137115096,0.8319765424434995,0.18,0.06441035902707483,20.0,0.6357329096226062,-0.01944676449987473,1.6356740481499792,-0.008594242572423255,2.5689525623429788,0.001531446978340772,0.5924493670463562,0.16039730608463287,0.11039730906486511,0.8202321529388428,1.0,0,ROW_FOLLOW,,1.0,138.0,137.0,0.07207487523555756,-0.012834504246711731,0.0,0.2898362874984741,0.0,-0.3155052959918976,0.0,0.6190476417541504,0.764285683631897,0.9667536616325378,0.9220669269561768,1.0,0.5714285969734192,0.8202321529388428,0.30000001192092896,0.20000000298023224,0.20000000298023224,0.15000000596046448,0.15000000596046448,1.0,1.0,1.0,1.0
complex_fixed_v018_r3,closed_loop,complex,full,1,0.18,False,4.620681563,1785051133.785065,0.6775484537049632,-0.011662261814124969,-0.0641524439300234,0.17764975733904526,-0.017754094842343845,0.8405775481547545,0.18,0.06483421473462768,21.0,0.6543485494634843,-0.02053373246952231,1.654292545497377,-0.009939147368174838,2.6489612786023145,0.0008237513567846942,0.5963813662528992,0.15918795764446259,0.10918796062469482,0.7979071140289307,1.0,0,ROW_FOLLOW,,1.0,142.0,140.0,0.07407199591398239,-0.010867998003959656,0.0,0.2932581305503845,0.0,-0.31499412655830383,0.0,0.5952380895614624,0.6857142448425293,0.9664415717124939,0.9260295629501343,1.0,0.4285714328289032,0.7979071140289307,0.30000001192092896,0.20000000298023224,0.20000000298023224,0.15000000596046448,0.15000000596046448,1.0,1.0,1.0,1.0
complex_fixed_v018_r3,closed_loop,complex,full,1,0.18,False,4.671600282,1785051133.8359835,0.6869023717475986,-0.012299622014854215,-0.0644197284767696,0.1792702101980237,0.002245850297562319,0.8499639499847165,0.18,0.06726764074499379,21.0,0.6543485494634843,-0.02053373246952231,1.654292545497377,-0.009939147368174838,2.6489612786023145,0.0008237513567846942,0.5963813662528992,0.15918795764446259,0.10918796062469482,0.7979071140289307,1.0,0,ROW_FOLLOW,,1.0,142.0,140.0,0.07407199591398239,-0.010867998003959656,0.0,0.2932581305503845,0.0,-0.31499412655830383,0.0,0.5952380895614624,0.6857142448425293,0.9664415717124939,0.9260295629501343,1.0,0.4285714328289032,0.7979071140289307,0.30000001192092896,0.20000000298023224,0.20000000298023224,0.15000000596046448,0.15000000596046448,1.0,1.0,1.0,1.0
complex_fixed_v018_r3,closed_loop,complex,full,1,0.18,False,4.72055635,1785051133.8849394,0.688734129874349,-0.012446822434301116,-0.06492406780200621,0.18038318260024386,0.00919433976629077,0.8518154749865176,0.18,0.06526851987918711,21.0,0.673649351056009,-0.02119019284732188,1.6736067065795812,-0.012276735005719769,2.677952525749786,-0.0052043238182661435,0.599325954914093,0.16346372663974762,0.11346372961997986,0.796330451965332,1.0,0,ROW_FOLLOW,,1.0,129.0,133.0,0.07022246718406677,-0.008116915822029114,0.0,0.29676276445388794,0.0,-0.31299659609794617,0.0,0.5714285969734192,0.7119047045707703,0.9667698740959167,0.9277798533439636,1.0,0.4761904776096344,0.796330451965332,0.30000001192092896,0.20000000298023224,0.20000000298023224,0.15000000596046448,0.15000000596046448,1.0,1.0,1.0,1.0
complex_fixed_v018_r3,closed_loop,complex,full,1,0.18,False,4.770547457,1785051133.9349308,0.7081671516168176,-0.011696539754297172,-0.06621085243643066,0.1832369866958656,-0.005537148731193563,0.8714012819231985,0.18,0.059804632730772106,21.0,0.673649351056009,-0.02119019284732188,1.6736067065795812,-0.012276735005719769,2.677952525749786,-0.0052043238182661435,0.599325954914093,0.16346372663974762,0.11346372961997986,0.796330451965332,1.0,0,ROW_FOLLOW,,1.0,129.0,133.0,0.07022246718406677,-0.008116915822029114,0.0,0.29676276445388794,0.0,-0.31299659609794617,0.0,0.5714285969734192,0.7119047045707703,0.9667698740959167,0.9277798533439636,1.0,0.4761904776096344,0.796330451965332,0.30000001192092896,0.20000000298023224,0.20000000298023224,0.15000000596046448,0.15000000596046448,1.0,1.0,1.0,1.0
complex_fixed_v018_r3,closed_loop,complex,full,1,0.18,False,4.820632742,1785051133.985016,0.7167045917964322,-0.012300481183518988,-0.06681802912935451,0.183847335799022,-0.01774480096558455,0.8799753650381598,0.18,0.06890686502714963,21.0,0.6909192705642809,-0.019656867243263616,1.6908954853802058,-0.013805105579519748,2.6908716670011743,-0.007953345491120511,0.5992467999458313,0.16193829476833344,0.11193829774856567,0.7831671237945557,1.0,0,ROW_FOLLOW,,1.0,122.0,130.0,0.06790477782487869,-0.0042989253997802734,0.0,0.30136483907699585,0.0,-0.3099626898765564,0.0,0.5555555820465088,0.6857142448425293,0.9627192616462708,0.912091851234436,1.0,0.4285714328289032,0.7831671237945557,0.30000001192092896,0.20000000298023224,0.20000000298023224,0.15000000596046448,0.15000000596046448,1.0,1.0,1.0,1.0
complex_fixed_v018_r3,closed_loop,complex,full,1,0.18,False,4.870731948,1785051134.0351152,0.725555273518824,-0.011248507282033887,-0.06791281488554148,0.1841146884028389,-0.008151388714874811,0.8916196445810788,0.18,0.06323432545572792,21.0,0.6909192705642809,-0.019656867243263616,1.6908954853802058,-0.013805105579519748,2.6908716670011743,-0.007953345491120511,0.5992467999458313,0.16193829476833344,0.11193829774856567,0.7831671237945557,1.0,0,ROW_FOLLOW,,1.0,122.0,130.0,0.06790477782487869,-0.0042989253997802734,0.0,0.30136483907699585,0.0,-0.3099626898765564,0.0,0.5555555820465088,0.6857142448425293,0.9627192616462708,0.912091851234436,1.0,0.4285714328289032,0.7831671237945557,0.30000001192092896,0.20000000298023224,0.20000000298023224,0.15000000596046448,0.15000000596046448,1.0,1.0,1.0,1.0
complex_fixed_v018_r3,closed_loop,complex,full,1,0.18,False,4.921595945,1785051134.0859792,0.7351085150534749,-0.011137103086218621,-0.06878353464995304,0.1852830722498089,0.0019439941823108534,0.9018755457141753,0.18,0.08247023625607659,21.0,0.7097374487882943,-0.01614325247059991,1.709731955979058,-0.01425441666515405,2.709726417064946,-0.012365581000823715,0.5998300313949585,0.16261349618434906,0.1126134991645813,0.8081504106521606,1.0,0,ROW_FOLLOW,,1.0,119.0,166.0,0.06709819287061691,-0.00015877187252044678,0.0,0.30604201555252075,0.0,-0.30635955929756165,0.0,0.5952380895614624,0.764285683631897,0.9624101519584656,0.894931972026825,1.0,0.5714285969734192,0.8081504106521606,0.30000001192092896,0.20000000298023224,0.20000000298023224,0.15000000596046448,0.15000000596046448,1.0,1.0,1.0,1.0
complex_fixed_v018_r3,closed_loop,complex,full,1,0.18,False,4.970546958,1785051134.1349301,0.7436270215939641,-0.011758900212838437,-0.07007491122625312,0.18446693373119916,-0.022903450619631244,0.9104328840548498,0.18,0.08232715874810337,21.0,0.7097374487882943,-0.01614325247059991,1.709731955979058,-0.01425441666515405,2.709726417064946,-0.012365581000823715,0.5998300313949585,0.16261349618434906,0.1126134991645813,0.8081504106521606,1.0,0,ROW_FOLLOW,,1.0,119.0,166.0,0.06709819287061691,-0.00015877187252044678,0.0,0.30604201555252075,0.0,-0.30635955929756165,0.0,0.5952380895614624,0.764285683631897,0.9624101519584656,0.894931972026825,1.0,0.5714285969734192,0.8081504106521606,0.30000001192092896,0.20000000298023224,0.20000000298023224,0.15000000596046448,0.15000000596046448,1.0,1.0,1.0,1.0
complex_fixed_v018_r3,closed_loop,complex,full,1,0.18,False,5.020604147,1785051134.1849873,0.7491416613992242,-0.01162935511694659,-0.07102436763585683,0.1839570895910446,-0.015753208774764285,0.9239682344089825,0.18,0.10242551403938821,21.0,0.7286301343346739,-0.012421288664135804,1.7286293660365157,-0.01197800933371832,2.728628556388791,-0.011534731612897635,0.6053914427757263,0.17582108080387115,0.1258210837841034,0.7956355810165405,1.0,0,ROW_FOLLOW,,1.0,90.0,132.0,0.07158157974481583,0.002505570650100708,0.0,0.30911585688591003,0.0,-0.3041047155857086,0.0,0.579365074634552,0.6857142448425293,0.9738147258758545,0.9328018426895142,1.0,0.4285714328289032,0.7956355810165405,0.30000001192092896,0.20000000298023224,0.20000000298023224,0.15000000596046448,0.15000000596046448,1.0,1.0,1.0,1.0
complex_fixed_v018_r3,closed_loop,complex,full,1,0.18,False,5.070566165,1785051134.2349494,0.7577132846781471,-0.012267885814943664,-0.07233446683431397,0.17880327799581197,-0.030700454499725728,0.9325819836451112,0.18,0.10714364876513642,21.0,0.7286301343346739,-0.012421288664135804,1.7286293660365157,-0.01197800933371832,2.728628556388791,-0.011534731612897635,0.6053914427757263,0.17582108080387115,0.1258210837841034,0.7956355810165405,1.0,0,ROW_FOLLOW,,1.0,90.0,132.0,0.07158157974481583,0.002505570650100708,0.0,0.30911585688591003,0.0,-0.3041047155857086,0.0,0.579365074634552,0.6857142448425293,0.9738147258758545,0.9328018426895142,1.0,0.4285714328289032,0.7956355810165405,0.30000001192092896,0.20000000298023224,0.20000000298023224,0.15000000596046448,0.15000000596046448,1.0,1.0,1.0,1.0
complex_fixed_v018_r3,closed_loop,complex,full,1,0.18,False,5.120695484,1785051134.2850788,0.766661660340032,-0.012950443304901114,-0.07337072919423493,0.17937584821813266,-0.03979136652153093,0.9415824528153556,0.18,0.111834666404358,21.0,0.7452706018767358,-0.0100117124180991,1.7452600804579792,-0.007489235556485597,2.7452495325926525,-0.004966760551748713,0.6021909713745117,0.1554996520280838,0.10549965500831604,0.7988302707672119,1.0,0,ROW_FOLLOW,,1.0,89.0,101.0,0.08117592334747314,0.003592848777770996,0.0,0.3102682828903198,0.0,-0.30308258533477783,0.0,0.5952380895614624,0.6857142448425293,0.9683542847633362,0.929633617401123,1.0,0.4285714328289032,0.7988302707672119,0.30000001192092896,0.20000000298023224,0.20000000298023224,0.15000000596046448,0.15000000596046448,1.0,1.0,1.0,1.0
complex_fixed_v018_r3,closed_loop,complex,full,1,0.18,False,5.17131909,1785051134.3357022,0.7692098704393394,-0.013177679860901327,-0.07408019448391336,0.1780385308658486,0.006574724115091253,0.9571980563123507,0.18,0.13141445889591405,21.0,0.7452706018767358,-0.0100117124180991,1.7452600804579792,-0.007489235556485597,2.7452495325926525,-0.004966760551748713,0.6021909713745117,0.1554996520280838,0.10549965500831604,0.7988302707672119,1.0,0,ROW_FOLLOW,,1.0,89.0,101.0,0.08117592334747314,0.003592848777770996,0.0,0.3102682828903198,0.0,-0.30308258533477783,0.0,0.5952380895614624,0.6857142448425293,0.9683542847633362,0.929633617401123,1.0,0.4285714328289032,0.7988302707672119,0.30000001192092896,0.20000000298023224,0.20000000298023224,0.15000000596046448,0.15000000596046448,1.0,1.0,1.0,1.0
complex_fixed_v018_r3,closed_loop,complex,full,1,0.18,False,5.220902761,1785051134.385286,0.7784889257182812,-0.013879832859971342,-0.07478684286197977,0.17876178894670058,-0.013167248808745254,0.9665144034651969,0.18,0.1362292130627324,20.0,0.7629025993717763,-0.009323540447437125,1.762880323471187,-0.0035246818755538963,2.6961924471044276,0.0019777865782682844,0.6078219413757324,0.15731193125247955,0.10731193423271179,0.7654714584350586,1.0,0,ROW_FOLLOW,,1.0,103.0,91.0,0.08329169452190399,0.004527941346168518,0.0,0.31158047914505005,0.0,-0.302524596452713,0.0,0.4920634627342224,0.6595237255096436,0.9676892161369324,0.9493985176086426,1.0,0.380952388048172,0.7654714584350586,0.30000001192092896,0.20000000298023224,0.20000000298023224,0.15000000596046448,0.15000000596046448,1.0,1.0,1.0,1.0
complex_fixed_v018_r3,closed_loop,complex,full,1,0.18,False,5.270503617,1785051134.434887,0.7988206457263869,-0.015239205751787189,-0.07632536565340416,0.18415247592953563,-0.010689820735713501,0.9869163805931829,0.18,0.15544508923373257,20.0,0.7629025993717763,-0.009323540447437125,1.762880323471187,-0.0035246818755538963,2.6961924471044276,0.0019777865782682844,0.6078219413757324,0.15731193125247955,0.10731193423271179,0.7654714584350586,1.0,0,ROW_FOLLOW,,1.0,103.0,91.0,0.08329169452190399,0.004527941346168518,0.0,0.31158047914505005,0.0,-0.302524596452713,0.0,0.4920634627342224,0.6595237255096436,0.9676892161369324,0.9493985176086426,1.0,0.380952388048172,0.7654714584350586,0.30000001192092896,0.20000000298023224,0.20000000298023224,0.15000000596046448,0.15000000596046448,1.0,1.0,1.0,1.0
complex_fixed_v018_r3,closed_loop,complex,full,1,0.18,False,5.320578918,1785051134.4849622,0.8025845417124621,-0.015218951422899349,-0.07750093593453666,0.18760185800551205,-0.026540313725759487,1.0021281717224964,0.18,0.16094279933076405,20.0,0.7793928539525664,-0.009314270666568003,1.7793565693588913,-0.0008012581404324067,2.7459880052422414,0.007451584666950069,0.609933078289032,0.16565556824207306,0.1156555712223053,0.7494378089904785,1.0,0,ROW_FOLLOW,,1.0,108.0,100.0,0.08589880913496017,0.005252927541732788,0.0,0.3125353455543518,0.0,-0.30202949047088623,0.0,0.4365079402923584,0.6595237255096436,0.967631995677948,0.9536951780319214,1.0,0.380952388048172,0.7494378089904785,0.30000001192092896,0.20000000298023224,0.20000000298023224,0.15000000596046448,0.15000000596046448,1.0,1.0,1.0,1.0
complex_fixed_v018_r3,closed_loop,complex,full,1,0.18,False,5.371444899,1785051134.535828,0.8114785291781113,-0.01592472559693,-0.07824449493000163,0.18649028048788668,-0.024729624353010682,1.0110629309506012,0.18,0.1664418229354111,20.0,0.7793928539525664,-0.009314270666568003,1.7793565693588913,-0.0008012581404324067,2.7459880052422414,0.007451584666950069,0.609933078289032,0.16565556824207306,0.1156555712223053,0.7494378089904785,1.0,0,ROW_FOLLOW,,1.0,108.0,100.0,0.08589880913496017,0.005252927541732788,0.0,0.3125353455543518,0.0,-0.30202949047088623,0.0,0.4365079402923584,0.6595237255096436,0.967631995677948,0.9536951780319214,1.0,0.380952388048172,0.7494378089904785,0.30000001192092896,0.20000000298023224,0.20000000298023224,0.15000000596046448,0.15000000596046448,1.0,1.0,1.0,1.0
complex_fixed_v018_r3,closed_loop,complex,full,1,0.18,False,5.420653711,1785051134.585037,0.8192742218740751,-0.016529078823751618,-0.07783322183569255,0.18589309327605197,-0.017869176390523118,1.0188998510113823,0.18,0.1691275767592791,21.0,0.7943215229786196,-0.009382949003538367,1.7942805950535952,-0.00033103679157878786,2.8113310810774528,0.009279872393732728,0.6106787919998169,0.17409195005893707,0.12409195303916931,0.7485537528991699,1.0,0,ROW_FOLLOW,,1.0,100.0,90.0,0.08702481538057327,0.006349503993988037,0.0,0.31366512179374695,0.0,-0.3009661138057709,0.0,0.4285714328289032,0.6595237255096436,0.9690686464309692,0.9617590308189392,1.0,0.380952388048172,0.7485537528991699,0.30000001192092896,0.20000000298023224,0.20000000298023224,0.15000000596046448,0.15000000596046448,1.0,1.0,1.0,1.0
complex_fixed_v018_r3,closed_loop,complex,full,1,0.18,False,5.470876697,1785051134.6352599,0.8194578244937089,-0.016530175575904568,-0.07740752905410894,0.1865355280007397,0.0028584739911139026,1.0190993225026028,0.18,0.16852339720050874,21.0,0.7943215229786196,-0.009382949003538367,1.7942805950535952,-0.00033103679157878786,2.8113310810774528,0.009279872393732728,0.6106787919998169,0.17409195005893707,0.12409195303916931,0.7485537528991699,1.0,0,ROW_FOLLOW,,1.0,100.0,90.0,0.08702481538057327,0.006349503993988037,0.0,0.31366512179374695,0.0,-0.3009661138057709,0.0,0.4285714328289032,0.6595237255096436,0.9690686464309692,0.9617590308189392,1.0,0.380952388048172,0.7485537528991699,0.30000001192092896,0.20000000298023224,0.20000000298023224,0.15000000596046448,0.15000000596046448,1.0,1.0,1.0,1.0
complex_fixed_v018_r3,closed_loop,complex,full,1,0.18,False,5.520588372,1785051134.6849718,0.838888785851865,-0.01804207874999668,-0.07712785380147655,0.18673072382314382,-0.0007912224886410929,1.0385953830427903,0.18,0.17552965657624414,19.0,0.8113257155397183,-0.009673422270723292,1.71128598204471,-0.0012082426300255556,2.711241922704939,0.008202317196377797,0.611588180065155,0.1755095273256302,0.12550953030586243,0.7479232549667358,1.0,0,ROW_FOLLOW,,1.0,95.0,94.0,0.08675436675548553,0.007095739245414734,0.0,0.31451937556266785,0.0,-0.3003278970718384,0.0,0.4285714328289032,0.6595237255096436,0.9681613445281982,0.9587650299072266,1.0,0.380952388048172,0.7479232549667358,0.30000001192092896,0.20000000298023224,0.20000000298023224,0.15000000596046448,0.15000000596046448,1.0,1.0,1.0,1.0
complex_fixed_v018_r3,closed_loop,complex,full,1,0.18,False,5.570464756,1785051134.734848,0.8515218017461628,-0.016634461506309404,-0.07609864330560037,0.18581673809505594,0.022941170528957996,1.0519426980868982,0.18,0.16743064712532638,19.0,0.8113257155397183,-0.009673422270723292,1.71128598204471,-0.0012082426300255556,2.711241922704939,0.008202317196377797,0.611588180065155,0.1755095273256302,0.12550953030586243,0.7479232549667358,1.0,0,ROW_FOLLOW,,1.0,95.0,94.0,0.08675436675548553,0.007095739245414734,0.0,0.31451937556266785,0.0,-0.3003278970718384,0.0,0.4285714328289032,0.6595237255096436,0.9681613445281982,0.9587650299072266,1.0,0.380952388048172,0.7479232549667358,0.30000001192092896,0.20000000298023224,0.20000000298023224,0.15000000596046448,0.15000000596046448,1.0,1.0,1.0,1.0
complex_fixed_v018_r3,closed_loop,complex,full,1,0.18,False,5.620682654,1785051134.785066,0.8595774075623202,-0.017243819069945675,-0.07616554230948891,0.18424095693051748,-0.013520132091201124,1.0600311498604091,0.18,0.1730502560795605,21.0,0.8307648423546109,-0.009638267914762582,1.830699003003576,0.0015825143612733736,2.8312639444833057,0.014750396171513448,0.6088753938674927,0.17154602706432343,0.12154603004455566,0.763257622718811,1.0,0,ROW_FOLLOW,,1.0,98.0,101.0,0.09045732021331787,0.007504642009735107,0.0,0.3153611719608307,0.0,-0.3003518879413605,0.0,0.4682539999485016,0.6857142448425293,0.9658721685409546,0.9497610926628113,1.0,0.4285714328289032,0.763257622718811,0.30000001192092896,0.20000000298023224,0.20000000298023224,0.15000000596046448,0.15000000596046448,1.0,1.0,1.0,1.0
complex_fixed_v018_r3,closed_loop,complex,full,1,0.18,False,5.670467163,1785051134.8348505,0.8672989915627742,-0.017890883817019313,-0.07524031344844587,0.17987637208142673,0.0167031291799145,1.070678001847808,0.18,0.17611779153119675,21.0,0.8307648423546109,-0.009638267914762582,1.830699003003576,0.0015825143612733736,2.8312639444833057,0.014750396171513448,0.6088753938674927,0.17154602706432343,0.12154603004455566,0.763257622718811,1.0,0,ROW_FOLLOW,,1.0,98.0,101.0,0.09045732021331787,0.007504642009735107,0.0,0.3153611719608307,0.0,-0.3003518879413605,0.0,0.4682539999485016,0.6857142448425293,0.9658721685409546,0.9497610926628113,1.0,0.4285714328289032,0.763257622718811,0.30000001192092896,0.20000000298023224,0.20000000298023224,0.15000000596046448,0.15000000596046448,1.0,1.0,1.0,1.0
complex_fixed_v018_r3,closed_loop,complex,full,1,0.18,False,5.72073927,1785051134.8851225,0.8765717102867886,-0.018589158592680698,-0.07479243841543147,0.1807562694754772,0.0033780219443595716,1.0799843741027957,0.18,0.1796564176771459,20.0,0.8493557005775516,-0.00977657643088396,1.8492742818932288,0.002805485905928827,2.809108889533203,0.01789307050963741,0.6069035530090332,0.16622968018054962,0.11622968316078186,0.7642103433609009,1.0,0,ROW_FOLLOW,,1.0,95.0,94.0,0.08865135908126831,0.00791206955909729,0.0,0.3155241906642914,0.0,-0.2997000515460968,0.0,0.4761904776096344,0.6857142448425293,0.9643043279647827,0.9423297047615051,1.0,0.4285714328289032,0.7642103433609009,0.30000001192092896,0.20000000298023224,0.20000000298023224,0.15000000596046448,0.15000000596046448,1.0,1.0,1.0,1.0
complex_fixed_v018_r3,closed_loop,complex,full,1,0.18,False,5.770502499,1785051134.934886,0.8819175107455979,-0.01864157636798166,-0.07437656335840569,0.1788883771120771,0.009273590652941338,1.092408709933073,0.18,0.18002597420549016,20.0,0.8493557005775516,-0.00977657643088396,1.8492742818932288,0.002805485905928827,2.809108889533203,0.01789307050963741,0.6069035530090332,0.16622968018054962,0.11622968316078186,0.7642103433609009,1.0,0,ROW_FOLLOW,,1.0,95.0,94.0,0.08865135908126831,0.00791206955909729,0.0,0.3155241906642914,0.0,-0.2997000515460968,0.0,0.4761904776096344,0.6857142448425293,0.9643043279647827,0.9423297047615051,1.0,0.4285714328289032,0.7642103433609009,0.30000001192092896,0.20000000298023224,0.20000000298023224,0.15000000596046448,0.15000000596046448,1.0,1.0,1.0,1.0
complex_fixed_v018_r3,closed_loop,complex,full,1,0.18,False,5.820789455,1785051134.9851727,0.8907240193343854,-0.01927264941834612,-0.07352237354511043,0.17954250087496326,0.019056317823883874,1.1012507314348987,0.18,0.18259655662376595,21.0,0.8697369793935916,-0.009724524662668732,1.8696442364430812,0.003878502408550292,2.8708221717515894,0.01770597641103815,0.607888400554657,0.16100971400737762,0.11100971698760986,0.76658034324646,1.0,0,ROW_FOLLOW,,1.0,102.0,92.0,0.08676015585660934,0.009216800332069397,0.0,0.31610435247421265,0.0,-0.29767075181007385,0.0,0.4920635223388672,0.6595237255096436,0.9695424437522888,0.9543200135231018,1.0,0.380952388048172,0.76658034324646,0.30000001192092896,0.20000000298023224,0.20000000298023224,0.15000000596046448,0.15000000596046448,1.0,1.0,1.0,1.0
complex_fixed_v018_r3,closed_loop,complex,full,1,0.18,False,5.871208031,1785051135.0355914,0.8979232449342971,-0.01977446635868162,-0.07284026065352657,0.18046663734325535,0.021528030564438947,1.1084809367642041,0.18,0.18532403046836635,21.0,0.8697369793935916,-0.009724524662668732,1.8696442364430812,0.003878502408550292,2.8708221717515894,0.01770597641103815,0.607888400554657,0.16100971400737762,0.11100971698760986,0.76658034324646,1.0,0,ROW_FOLLOW,,1.0,102.0,92.0,0.08676015585660934,0.009216800332069397,0.0,0.31610435247421265,0.0,-0.29767075181007385,0.0,0.4920635223388672,0.6595237255096436,0.9695424437522888,0.9543200135231018,1.0,0.380952388048172,0.76658034324646,0.30000001192092896,0.20000000298023224,0.20000000298023224,0.15000000596046448,0.15000000596046448,1.0,1.0,1.0,1.0
complex_fixed_v018_r3,closed_loop,complex,full,1,0.18,False,5.920683379,1785051135.0850668,0.8983551937598476,-0.019789341356087977,-0.07257547712493566,0.1806875894876731,-0.001805568498322699,1.1089327680653895,0.18,0.1812368003516489,19.0,0.8851992092279023,-0.009772530137640885,1.7851265330348054,0.0016594626316537482,2.785046126848408,0.01433976709372456,0.6079703569412231,0.167753204703331,0.11775320768356323,0.7513402700424194,1.0,0,ROW_FOLLOW,,1.0,118.0,113.0,0.08428441733121872,0.01049049198627472,0.0,0.3170887231826782,0.0,-0.2961077392101288,0.0,0.4444444179534912,0.6595237255096436,0.9685440063476562,0.9492895007133484,1.0,0.380952388048172,0.7513402700424194,0.30000001192092896,0.20000000298023224,0.20000000298023224,0.15000000596046448,0.15000000596046448,1.0,1.0,1.0,1.0
complex_fixed_v018_r3,closed_loop,complex,full,1,0.18,False,5.970485457,1785051135.1348686,0.9220103251914811,-0.022553226749816732,-0.07101401141352695,0.17322812562675668,0.027617936294978142,1.1327846084080375,0.18,0.19778640431592884,19.0,0.8851992092279023,-0.009772530137640885,1.7851265330348054,0.0016594626316537482,2.785046126848408,0.01433976709372456,0.6079703569412231,0.167753204703331,0.11775320768356323,0.7513402700424194,1.0,0,ROW_FOLLOW,,1.0,118.0,113.0,0.08428441733121872,0.01049049198627472,0.0,0.3170887231826782,0.0,-0.2961077392101288,0.0,0.4444444179534912,0.6595237255096436,0.9685440063476562,0.9492895007133484,1.0,0.380952388048172,0.7513402700424194,0.30000001192092896,0.20000000298023224,0.20000000298023224,0.15000000596046448,0.15000000596046448,1.0,1.0,1.0,1.0
complex_fixed_v018_r3,closed_loop,complex,full,1,0.18,False,6.020956802,1785051135.1853402,0.9308752505295483,-0.02315653057845394,-0.07036515378500138,0.17427938494447412,0.010588864311361752,1.1416847725334482,0.18,0.1963033674377251,20.0,0.9034414962444051,-0.009450278126392103,1.9083833979946625,0.001040278391731073,2.8561644936904393,0.009227259993654287,0.6077567934989929,0.17214073240756989,0.12214073538780212,0.7576320171356201,1.0,0,ROW_FOLLOW,,1.0,109.0,117.0,0.07749305665493011,0.013536468148231506,0.0,0.3195514380931854,0.0,-0.2924785017967224,0.0,0.4444444179534912,0.6857142448425293,0.972771406173706,0.9506768584251404,1.0,0.4285714328289032,0.7576320171356201,0.30000001192092896,0.20000000298023224,0.20000000298023224,0.15000000596046448,0.15000000596046448,1.0,1.0,1.0,1.0
complex_fixed_v018_r3,closed_loop,complex,full,1,0.18,False,6.070397942,1785051135.2347813,0.9361373042290044,-0.02419196356713073,-0.06892252008308032,0.17517707165979096,0.026539125391349578,1.1541868456740831,0.18,0.20096038717833592,20.0,0.9034414962444051,-0.009450278126392103,1.9083833979946625,0.001040278391731073,2.8561644936904393,0.009227259993654287,0.6077567934989929,0.17214073240756989,0.12214073538780212,0.7576320171356201,1.0,0,ROW_FOLLOW,,1.0,109.0,117.0,0.07749305665493011,0.013536468148231506,0.0,0.3195514380931854,0.0,-0.2924785017967224,0.0,0.4444444179534912,0.6857142448425293,0.972771406173706,0.9506768584251404,1.0,0.4285714328289032,0.7576320171356201,0.30000001192092896,0.20000000298023224,0.20000000298023224,0.15000000596046448,0.15000000596046448,1.0,1.0,1.0,1.0
complex_fixed_v018_r3,closed_loop,complex,full,1,0.18,False,6.120595647,1785051135.2849789,0.956112162830159,-0.02543175191059744,-0.06793578494381691,0.1754491916708684,0.028380748160843385,1.1742119994383193,0.18,0.20756919112976283,21.0,0.9186049300229854,-0.008423120823567222,1.9235724718179916,-0.001355871899006944,2.9360917420569206,-0.002267346424510215,0.6027238368988037,0.1502210646867752,0.10022106766700745,0.7607100009918213,1.0,0,ROW_FOLLOW,,1.0,110.0,105.0,0.07061194628477097,0.017200231552124023,0.0,0.3219798803329468,0.0,-0.28757941722869873,0.0,0.4682539999485016,0.6857142448425293,0.9708177447319031,0.9261828660964966,1.0,0.4285714328289032,0.7607100009918213,0.30000001192092896,0.20000000298023224,0.20000000298023224,0.15000000596046448,0.15000000596046448,1.0,1.0,1.0,1.0
complex_fixed_v018_r3,closed_loop,complex,full,1,0.18,False,6.170377852,1785051135.3347611,0.9642954850954204,-0.02595163110594814,-0.06666439569811808,0.17835914517272392,0.02090848202849866,1.1824274587377346,0.18,0.21091407439818766,21.0,0.9186049300229854,-0.008423120823567222,1.9235724718179916,-0.001355871899006944,2.9360917420569206,-0.002267346424510215,0.6027238368988037,0.1502210646867752,0.10022106766700745,0.7607100009918213,1.0,0,ROW_FOLLOW,,1.0,110.0,105.0,0.07061194628477097,0.017200231552124023,0.0,0.3219798803329468,0.0,-0.28757941722869873,0.0,0.4682539999485016,0.6857142448425293,0.9708177447319031,0.9261828660964966,1.0,0.4285714328289032,0.7607100009918213,0.30000001192092896,0.20000000298023224,0.20000000298023224,0.15000000596046448,0.15000000596046448,1.0,1.0,1.0,1.0
complex_fixed_v018_r3,closed_loop,complex,full,1,0.18,False,6.220799501,1785051135.3851826,0.968150296901366,-0.025335611681651726,-0.06589792026789448,0.17772241243006892,0.03897047909183402,1.1959498949684102,0.18,0.20357194299152448,21.0,0.9420592898159107,-0.006736713090019864,1.9470506725815218,-0.003844917143009767,2.952126720151365,-0.0037944141107431797,0.6007328033447266,0.1574789434671402,0.10747894644737244,0.7641526460647583,1.0,0,ROW_FOLLOW,,1.0,127.0,120.0,0.06593380123376846,0.02112831175327301,0.0,0.3244400918483734,0.0,-0.2821834683418274,0.0,0.4761904776096344,0.6857142448425293,0.9728816151618958,0.9305087327957153,1.0,0.4285714328289032,0.7641526460647583,0.30000001192092896,0.20000000298023224,0.20000000298023224,0.15000000596046448,0.15000000596046448,1.0,1.0,1.0,1.0
complex_fixed_v018_r3,closed_loop,complex,full,1,0.18,False,6.271422851,1785051135.4358063,0.9767866092235757,-0.02585961165595235,-0.06391841826955647,0.17634269729979668,0.053481575822706844,1.2046258423524356,0.18,0.20573017923059406,21.0,0.9420592898159107,-0.006736713090019864,1.9470506725815218,-0.003844917143009767,2.952126720151365,-0.0037944141107431797,0.6007328033447266,0.1574789434671402,0.10747894644737244,0.7641526460647583,1.0,0,ROW_FOLLOW,,1.0,127.0,120.0,0.06593380123376846,0.02112831175327301,0.0,0.3244400918483734,0.0,-0.2821834683418274,0.0,0.4761904776096344,0.6857142448425293,0.9728816151618958,0.9305087327957153,1.0,0.4285714328289032,0.7641526460647583,0.30000001192092896,0.20000000298023224,0.20000000298023224,0.15000000596046448,0.15000000596046448,1.0,1.0,1.0,1.0
complex_fixed_v018_r3,closed_loop,complex,full,1,0.18,False,6.320722098,1785051135.4851055,0.9852698477757926,-0.026327447183355175,-0.06216836228836665,0.17577597031355666,0.03895627575129447,1.2131606213155666,0.18,0.2120091177328004,20.0,0.9603738792245391,-0.004100663482783478,1.9603714494329871,-0.004515087784522321,2.8937025470509674,-0.004989665306212585,0.6000022888183594,0.1551607996225357,0.10516080260276794,0.766645073890686,1.0,0,ROW_FOLLOW,,1.0,108.0,112.0,0.0601307712495327,0.0247432142496109,0.0,0.32693740725517273,0.0,-0.2774509787559509,0.0,0.5,0.6595237255096436,0.9767483472824097,0.9292706251144409,1.0,0.380952388048172,0.766645073890686,0.30000001192092896,0.20000000298023224,0.20000000298023224,0.15000000596046448,0.15000000596046448,1.0,1.0,1.0,1.0
complex_fixed_v018_r3,closed_loop,complex,full,1,0.18,False,6.370968989,1785051135.5353522,0.9901977548703274,-0.02628666647336831,-0.059466317664273606,0.1740030947770028,0.04841967864305294,1.2249609367184315,0.18,0.2108906077622541,20.0,0.9603738792245391,-0.004100663482783478,1.9603714494329871,-0.004515087784522321,2.8937025470509674,-0.004989665306212585,0.6000022888183594,0.1551607996225357,0.10516080260276794,0.766645073890686,1.0,0,ROW_FOLLOW,,1.0,108.0,112.0,0.0601307712495327,0.0247432142496109,0.0,0.32693740725517273,0.0,-0.2774509787559509,0.0,0.5,0.6595237255096436,0.9767483472824097,0.9292706251144409,1.0,0.380952388048172,0.766645073890686,0.30000001192092896,0.20000000298023224,0.20000000298023224,0.15000000596046448,0.15000000596046448,1.0,1.0,1.0,1.0
complex_fixed_v018_r3,closed_loop,complex,full,1,0.18,False,6.420854717,1785051135.585238,0.9988547739578241,-0.026764920018452182,-0.058287243145977094,0.1737887231465229,0.028068253875022393,1.2336459882349415,0.18,0.21700213721832445,21.0,0.9813374261746568,-0.0013944433217954824,1.9813321169236577,-0.004190614599569359,2.98356340457088,-0.006880330450944636,0.5970302224159241,0.15745238959789276,0.107452392578125,0.7632569074630737,1.0,0,ROW_FOLLOW,,1.0,118.0,116.0,0.05408165603876114,0.027907907962799072,0.0,0.3292359709739685,0.0,-0.27342015504837036,0.0,0.4761904776096344,0.6857142448425293,0.9747222661972046,0.9220832586288452,1.0,0.4285714328289032,0.7632569074630737,0.30000001192092896,0.20000000298023224,0.20000000298023224,0.15000000596046448,0.15000000596046448,1.0,1.0,1.0,1.0
complex_fixed_v018_r3,closed_loop,complex,full,1,0.18,False,6.470867553,1785051135.635251,1.0040262583323953,-0.02698350704723029,-0.05587592699261015,0.17360362527498135,0.056683743184168967,1.2388674866631693,0.18,0.21620333933200753,21.0,0.9813374261746568,-0.0013944433217954824,1.9813321169236577,-0.004190614599569359,2.98356340457088,-0.006880330450944636,0.5970302224159241,0.15745238959789276,0.107452392578125,0.7632569074630737,1.0,0,ROW_FOLLOW,,1.0,118.0,116.0,0.05408165603876114,0.027907907962799072,0.0,0.3292359709739685,0.0,-0.27342015504837036,0.0,0.4761904776096344,0.6857142448425293,0.9747222661972046,0.9220832586288452,1.0,0.4285714328289032,0.7632569074630737,0.30000001192092896,0.20000000298023224,0.20000000298023224,0.15000000596046448,0.15000000596046448,1.0,1.0,1.0,1.0
complex_fixed_v018_r3,closed_loop,complex,full,1,0.18,False,6.52063027,1785051135.6850135,1.0141774208570422,-0.026747933059025675,-0.05303970625640009,0.16589007425896166,0.0827744271239062,1.2491821315060425,0.18,0.22190611833004364,19.0,0.9939002722376348,0.0014125670017040755,1.8938899360363617,-0.0027644733875618987,2.893878358588059,-0.007449086885081791,0.5939249396324158,0.16168244183063507,0.11168244481086731,0.7610914707183838,1.0,0,ROW_FOLLOW,,1.0,121.0,116.0,0.048483312129974365,0.030505195260047913,0.0,0.3305593430995941,0.0,-0.2695489525794983,0.0,0.4761904776096344,0.6595237255096436,0.9794550538063049,0.9362568855285645,1.0,0.380952388048172,0.7610914707183838,0.30000001192092896,0.20000000298023224,0.20000000298023224,0.15000000596046448,0.15000000596046448,1.0,1.0,1.0,1.0
complex_fixed_v018_r3,closed_loop,complex,full,1,0.18,False,6.570412827,1785051135.734796,1.023647137768044,-0.02758377094473398,-0.047764422916933384,0.15937841209185083,0.09402283702213368,1.2588618356362857,0.18,0.22211039965203583,19.0,0.9939002722376348,0.0014125670017040755,1.8938899360363617,-0.0027644733875618987,2.893878358588059,-0.007449086885081791,0.5939249396324158,0.16168244183063507,0.11168244481086731,0.7610914707183838,1.0,0,ROW_FOLLOW,,1.0,121.0,116.0,0.048483312129974365,0.030505195260047913,0.0,0.3305593430995941,0.0,-0.2695489525794983,0.0,0.4761904776096344,0.6595237255096436,0.9794550538063049,0.9362568855285645,1.0,0.380952388048172,0.7610914707183838,0.30000001192092896,0.20000000298023224,0.20000000298023224,0.15000000596046448,0.15000000596046448,1.0,1.0,1.0,1.0
complex_fixed_v018_r3,closed_loop,complex,full,1,0.18,False,6.620692103,1785051135.7850754,1.032145314908673,-0.027892281011042935,-0.044116479826795445,0.16246588495768363,0.11467322271463645,1.2674143906314324,0.18,0.22197746497791565,21.0,1.012349523153665,0.0032337643308270533,2.012338924095539,-0.0010804627217853365,3.015585855770216,-0.004106863291975706,0.5974304676055908,0.16466756165027618,0.11466756463050842,0.775087833404541,1.0,0,ROW_FOLLOW,,1.0,121.0,105.0,0.044022515416145325,0.032286375761032104,0.0,0.3314892053604126,0.0,-0.2669164538383484,0.0,0.4841269552707672,0.7119047045707703,0.9794520139694214,0.9438559412956238,1.0,0.4761904776096344,0.775087833404541,0.30000001192092896,0.20000000298023224,0.20000000298023224,0.15000000596046448,0.15000000596046448,1.0,1.0,1.0,1.0
complex_fixed_v018_r3,closed_loop,complex,full,1,0.18,False,6.670372354,1785051135.8347557,1.040932769968903,-0.02804099781647028,-0.03760307156631759,0.1647366074870216,0.11359046522348709,1.2763334080906945,0.18,0.21947848025460526,21.0,1.012349523153665,0.0032337643308270533,2.012338924095539,-0.0010804627217853365,3.015585855770216,-0.004106863291975706,0.5974304676055908,0.16466756165027618,0.11466756463050842,0.775087833404541,1.0,0,ROW_FOLLOW,,1.0,121.0,105.0,0.044022515416145325,0.032286375761032104,0.0,0.3314892053604126,0.0,-0.2669164538383484,0.0,0.4841269552707672,0.7119047045707703,0.9794520139694214,0.9438559412956238,1.0,0.4761904776096344,0.775087833404541,0.30000001192092896,0.20000000298023224,0.20000000298023224,0.15000000596046448,0.15000000596046448,1.0,1.0,1.0,1.0
complex_fixed_v018_r3,closed_loop,complex,full,1,0.18,False,6.72161585,1785051135.8859992,1.0451996403408406,-0.029085231499531308,-0.03313509959216887,0.1670191461944305,0.11254392043747757,1.2809503969055442,0.18,0.22517015862725998,21.0,1.0267643552556829,0.004563104890839211,2.026755876046231,0.0029106188842148058,3.037214452703175,0.00587236761461736,0.5923972725868225,0.1545441895723343,0.10454419255256653,0.7777776718139648,1.0,0,ROW_FOLLOW,,1.0,120.0,108.0,0.0363343320786953,0.03302618861198425,0.0,0.3314235210418701,0.0,-0.2653711438179016,0.0,0.5079364776611328,0.7119047045707703,0.9698190093040466,0.9270128607749939,1.0,0.4761904776096344,0.7777776718139648,0.30000001192092896,0.20000000298023224,0.20000000298023224,0.15000000596046448,0.15000000596046448,1.0,1.0,1.0,1.0
complex_fixed_v018_r3,closed_loop,complex,full,1,0.18,False,6.770984827,1785051135.9353683,1.0538949556603288,-0.02931640940256911,-0.02658027341813663,0.16802143950455897,0.11751177976616684,1.289667680420788,0.18,0.22082484841370204,21.0,1.0267643552556829,0.004563104890839211,2.026755876046231,0.0029106188842148058,3.037214452703175,0.00587236761461736,0.5923972725868225,0.1545441895723343,0.10454419255256653,0.7777776718139648,1.0,0,ROW_FOLLOW,,1.0,120.0,108.0,0.0363343320786953,0.03302618861198425,0.0,0.3314235210418701,0.0,-0.2653711438179016,0.0,0.5079364776611328,0.7119047045707703,0.9698190093040466,0.9270128607749939,1.0,0.4761904776096344,0.7777776718139648,0.30000001192092896,0.20000000298023224,0.20000000298023224,0.15000000596046448,0.15000000596046448,1.0,1.0,1.0,1.0
complex_fixed_v018_r3,closed_loop,complex,full,1,0.18,False,6.821170244,1785051135.9855535,1.0630689809399396,-0.029419258614969624,-0.021165436831378063,0.17060049245558986,0.13031066337370745,1.2989140384504456,0.18,0.21818452193426857,20.0,1.045826656706766,0.004515189998041292,2.0458242149103683,0.005209717838285087,2.9791554274518184,0.005866512528352637,0.5922137498855591,0.15750868618488312,0.10750868916511536,0.7805391550064087,1.0,0,ROW_FOLLOW,,1.0,122.0,133.0,0.02211698144674301,0.03348417580127716,0.0,0.3314625322818756,0.0,-0.2644941806793213,0.0,0.5317460298538208,0.6857142448425293,0.9717311859130859,0.9301748871803284,1.0,0.4285714328289032,0.7805391550064087,0.30000001192092896,0.20000000298023224,0.20000000298023224,0.15000000596046448,0.15000000596046448,1.0,1.0,1.0,1.0
complex_fixed_v018_r3,closed_loop,complex,full,1,0.18,False,6.870544694,1785051136.0349278,1.0843924760837726,-0.03097204940432803,-0.01322272434515393,0.178043543827342,0.14150941807408604,1.3204333061935285,0.18,0.2200193459162632,20.0,1.045826656706766,0.004515189998041292,2.0458242149103683,0.005209717838285087,2.9791554274518184,0.005866512528352637,0.5922137498855591,0.15750868618488312,0.10750868916511536,0.7805391550064087,1.0,0,ROW_FOLLOW,,1.0,122.0,133.0,0.02211698144674301,0.03348417580127716,0.0,0.3314625322818756,0.0,-0.2644941806793213,0.0,0.5317460298538208,0.6857142448425293,0.9717311859130859,0.9301748871803284,1.0,0.4285714328289032,0.7805391550064087,0.30000001192092896,0.20000000298023224,0.20000000298023224,0.15000000596046448,0.15000000596046448,1.0,1.0,1.0,1.0
complex_fixed_v018_r3,closed_loop,complex,full,1,0.18,False,6.920492664,1785051136.084876,1.089805360202676,-0.030481805526069616,-0.007266749541849912,0.1786915022624127,0.13184730946911166,1.3259846553781054,0.18,0.19964848068618543,19.0,1.0650119537991403,0.003999659586795534,1.965010175286294,0.005592616495290609,2.9650084560194734,0.007294563153654378,0.5929664373397827,0.15389187633991241,0.10389187932014465,0.7941205501556396,1.0,0,ROW_FOLLOW,,1.0,110.0,117.0,0.01164231076836586,0.03332453966140747,0.0,0.33133137226104736,0.0,-0.2646822929382324,0.0,0.5714285969734192,0.6857142448425293,0.9739099144935608,0.9384474754333496,1.0,0.4285714328289032,0.7941205501556396,0.30000001192092896,0.20000000298023224,0.20000000298023224,0.15000000596046448,0.15000000596046448,1.0,1.0,1.0,1.0
complex_fixed_v018_r3,closed_loop,complex,full,1,0.18,False,6.970934282,1785051136.1353176,1.0966002983345648,-0.031333232234470515,0.001902900484057391,0.18307282079049744,0.16963825196236162,1.3369005850739433,0.18,0.1944576354448458,19.0,1.0650119537991403,0.003999659586795534,1.965010175286294,0.005592616495290609,2.9650084560194734,0.007294563153654378,0.5929664373397827,0.15389187633991241,0.10389187932014465,0.7941205501556396,1.0,0,ROW_FOLLOW,,1.0,110.0,117.0,0.01164231076836586,0.03332453966140747,0.0,0.33133137226104736,0.0,-0.2646822929382324,0.0,0.5714285969734192,0.6857142448425293,0.9739099144935608,0.9384474754333496,1.0,0.4285714328289032,0.7941205501556396,0.30000001192092896,0.20000000298023224,0.20000000298023224,0.15000000596046448,0.15000000596046448,1.0,1.0,1.0,1.0
complex_fixed_v018_r3,closed_loop,complex,full,1,0.18,False,7.02068567,1785051136.185069,1.1051764545789822,-0.031132146296577446,0.008967663496869617,0.1818928470707275,0.18044761044972918,1.3455676327236343,0.18,0.17022802396016531,21.0,1.0859564518644378,0.0029083439087513215,2.090954303528044,0.004740771218135217,3.1050545987713716,0.008585430417616856,0.5892612934112549,0.1590382605791092,0.10903826355934143,0.7800209522247314,1.0,0,ROW_FOLLOW,,1.0,126.0,134.0,-0.0023648403584957123,0.03303518891334534,0.0,0.3301606774330139,0.0,-0.26409029960632324,0.0,0.523809552192688,0.6857142448425293,0.9727963209152222,0.9411728382110596,1.0,0.4285714328289032,0.7800209522247314,0.30000001192092896,0.20000000298023224,0.20000000298023224,0.15000000596046448,0.15000000596046448,1.0,1.0,1.0,1.0
complex_fixed_v018_r3,closed_loop,complex,full,1,0.18,False,7.070953874,1785051136.2353373,1.111885853478523,-0.030742391967700993,0.01815364920851837,0.18137923891003901,0.16026483781024073,1.3524631511330278,0.18,0.15810386069509988,21.0,1.0859564518644378,0.0029083439087513215,2.090954303528044,0.004740771218135217,3.1050545987713716,0.008585430417616856,0.5892612934112549,0.1590382605791092,0.10903826355934143,0.7800209522247314,1.0,0,ROW_FOLLOW,,1.0,126.0,134.0,-0.0023648403584957123,0.03303518891334534,0.0,0.3301606774330139,0.0,-0.26409029960632324,0.0,0.523809552192688,0.6857142448425293,0.9727963209152222,0.9411728382110596,1.0,0.4285714328289032,0.7800209522247314,0.30000001192092896,0.20000000298023224,0.20000000298023224,0.15000000596046448,0.15000000596046448,1.0,1.0,1.0,1.0
complex_fixed_v018_r3,closed_loop,complex,full,1,0.18,False,7.120626093,1785051136.2850094,1.1125396454112546,-0.030516161168526453,0.022979144701467558,0.1815950069743608,0.10978897719179842,1.3532466923358328,0.18,0.13849147350703248,21.0,1.1021855197091783,0.0019239797590748103,2.1071792983561464,0.005114861241557903,3.108376874038132,0.009875525548646914,0.590076208114624,0.1606639176607132,0.11066392064094543,0.7922468185424805,1.0,0,ROW_FOLLOW,,1.0,126.0,138.0,-0.01582474261522293,0.031789809465408325,0.0,0.3288725018501282,0.0,-0.2652928829193115,0.0,0.5555555820465088,0.7119047045707703,0.9695942401885986,0.9285356402397156,1.0,0.4761904776096344,0.7922468185424805,0.30000001192092896,0.20000000298023224,0.20000000298023224,0.15000000596046448,0.15000000596046448,1.0,1.0,1.0,1.0
complex_fixed_v018_r3,closed_loop,complex,full,1,0.18,False,7.170999484,1785051136.3353827,1.1357954579869118,-0.027255543102328826,0.030442826168696865,0.19222738544119572,0.12265639229104572,1.37685052377819,0.18,0.12201141809794507,21.0,1.1021855197091783,0.0019239797590748103,2.1071792983561464,0.005114861241557903,3.108376874038132,0.009875525548646914,0.590076208114624,0.1606639176607132,0.11066392064094543,0.7922468185424805,1.0,0,ROW_FOLLOW,,1.0,126.0,138.0,-0.01582474261522293,0.031789809465408325,0.0,0.3288725018501282,0.0,-0.2652928829193115,0.0,0.5555555820465088,0.7119047045707703,0.9695942401885986,0.9285356402397156,1.0,0.4761904776096344,0.7922468185424805,0.30000001192092896,0.20000000298023224,0.20000000298023224,0.15000000596046448,0.15000000596046448,1.0,1.0,1.0,1.0
complex_fixed_v018_r3,closed_loop,complex,full,1,0.18,False,7.221387435,1785051136.3857708,1.1438910768822412,-0.026876614971694003,0.034649325969834145,0.18822953551469737,0.12161933732519685,1.3850132528700254,0.18,0.1112464760919652,19.0,1.1202143409046772,0.002411706643373026,2.0202086928091645,0.005311607879625878,2.986869714494373,0.008296186486086784,0.5922446250915527,0.16503585875034332,0.11503586173057556,0.7968941926956177,1.0,0,ROW_FOLLOW,,1.0,130.0,133.0,-0.03110315464437008,0.031193271279335022,0.0,0.32833248376846313,0.0,-0.2659459412097931,0.0,0.5476190447807312,0.7380951642990112,0.9726524353027344,0.9363926649093628,1.0,0.523809552192688,0.7968941926956177,0.30000001192092896,0.20000000298023224,0.20000000298023224,0.15000000596046448,0.15000000596046448,1.0,1.0,1.0,1.0
complex_fixed_v018_r3,closed_loop,complex,full,1,0.18,False,7.270476276,1785051136.4348595,1.1595311390605185,-0.0227765130296076,0.041975064408199994,0.19071851443727755,0.11154108613149026,1.4016598898762587,0.18,0.08584417144328073,19.0,1.1202143409046772,0.002411706643373026,2.0202086928091645,0.005311607879625878,2.986869714494373,0.008296186486086784,0.5922446250915527,0.16503585875034332,0.11503586173057556,0.7968941926956177,1.0,0,ROW_FOLLOW,,1.0,130.0,133.0,-0.03110315464437008,0.031193271279335022,0.0,0.32833248376846313,0.0,-0.2659459412097931,0.0,0.5476190447807312,0.7380951642990112,0.9726524353027344,0.9363926649093628,1.0,0.523809552192688,0.7968941926956177,0.30000001192092896,0.20000000298023224,0.20000000298023224,0.15000000596046448,0.15000000596046448,1.0,1.0,1.0,1.0
complex_fixed_v018_r3,closed_loop,complex,full,1,0.18,False,7.320695487,1785051136.4850788,1.1689674618248138,-0.022143505602790176,0.04737679425486574,0.18765580869653148,0.14325689020272206,1.4112364067397674,0.18,0.07917004926259122,21.0,1.1414504063187196,0.00441904735974714,2.141439080517557,0.00866715854674645,3.1402158889129534,0.01596453307828687,0.5894733667373657,0.1645156294107437,0.11451563239097595,0.8017822504043579,1.0,0,ROW_FOLLOW,,1.0,122.0,142.0,-0.04092948138713837,0.030013039708137512,0.0,0.3271685242652893,0.0,-0.2671424448490143,0.0,0.5714285969734192,0.7380951642990112,0.9692974090576172,0.9258342981338501,1.0,0.523809552192688,0.8017822504043579,0.30000001192092896,0.20000000298023224,0.20000000298023224,0.15000000596046448,0.15000000596046448,1.0,1.0,1.0,1.0
complex_fixed_v018_r3,closed_loop,complex,full,1,0.18,False,7.370869672,1785051136.535253,1.1754261609587666,-0.019486954544731802,0.0560918558221828,0.18247934773096391,0.17068681312589198,1.422609385764529,0.18,0.056948372609880914,21.0,1.1414504063187196,0.00441904735974714,2.141439080517557,0.00866715854674645,3.1402158889129534,0.01596453307828687,0.5894733667373657,0.1645156294107437,0.11451563239097595,0.8017822504043579,1.0,0,ROW_FOLLOW,,1.0,122.0,142.0,-0.04092948138713837,0.030013039708137512,0.0,0.3271685242652893,0.0,-0.2671424448490143,0.0,0.5714285969734192,0.7380951642990112,0.9692974090576172,0.9258342981338501,1.0,0.523809552192688,0.8017822504043579,0.30000001192092896,0.20000000298023224,0.20000000298023224,0.15000000596046448,0.15000000596046448,1.0,1.0,1.0,1.0
complex_fixed_v018_r3,closed_loop,complex,full,1,0.18,False,7.420679815,1785051136.5850632,1.1840917639416133,-0.018710158336514272,0.062375970858345536,0.18105020425862198,0.1494098905845768,1.431445417504849,0.18,0.047601284871197275,21.0,1.1654956033613475,0.0074341072916587585,2.165477772968655,0.012683705329910247,3.1762641655344312,0.023491582446690376,0.5872551202774048,0.15187759697437286,0.1018775999546051,0.8069512844085693,1.0,0,ROW_FOLLOW,,1.0,142.0,131.0,-0.05434451997280121,0.02886807918548584,0.0,0.3253651261329651,0.0,-0.2676289677619934,0.0,0.5952380895614624,0.7380951642990112,0.9660720825195312,0.9169755578041077,1.0,0.523809552192688,0.8069512844085693,0.30000001192092896,0.20000000298023224,0.20000000298023224,0.15000000596046448,0.15000000596046448,1.0,1.0,1.0,1.0
complex_fixed_v018_r3,closed_loop,complex,full,1,0.18,False,7.470401027,1785051136.6347842,1.1813727876307776,-0.018540425719560105,0.07070988761112716,0.17782577455432966,0.1455955221310426,1.4515402595396887,0.18,0.03919607968096371,21.0,1.1654956033613475,0.0074341072916587585,2.165477772968655,0.012683705329910247,3.1762641655344312,0.023491582446690376,0.5872551202774048,0.15187759697437286,0.1018775999546051,0.8069512844085693,1.0,0,ROW_FOLLOW,,1.0,142.0,131.0,-0.05434451997280121,0.02886807918548584,0.0,0.3253651261329651,0.0,-0.2676289677619934,0.0,0.5952380895614624,0.7380951642990112,0.9660720825195312,0.9169755578041077,1.0,0.523809552192688,0.8069512844085693,0.30000001192092896,0.20000000298023224,0.20000000298023224,0.15000000596046448,0.15000000596046448,1.0,1.0,1.0,1.0
complex_fixed_v018_r3,closed_loop,complex,full,1,0.18,False,7.520766225,1785051136.6851494,1.1900855123860132,-0.01777267640507331,0.07615879811114601,0.17742950154689455,0.11704613450627807,1.4603552309592729,0.18,0.03556415505060016,20.0,1.1808499410401176,0.00919675301696305,2.1808257367279,0.01612862396607879,3.1141366998241313,0.022577873753868577,0.5891886353492737,0.1522756665945053,0.10227566957473755,0.8039426803588867,1.0,0,ROW_FOLLOW,,1.0,137.0,140.0,-0.0673338770866394,0.027381062507629395,0.0,0.3237788677215576,0.0,-0.26901674270629883,0.0,0.5952380299568176,0.7119047045707703,0.9685696959495544,0.9285090565681458,1.0,0.4761904776096344,0.8039426803588867,0.30000001192092896,0.20000000298023224,0.20000000298023224,0.15000000596046448,0.15000000596046448,1.0,1.0,1.0,1.0
complex_fixed_v018_r3,closed_loop,complex,full,1,0.18,False,7.570781334,1785051136.7351646,1.1991672072790744,-0.022642746772614176,0.08330383552659666,0.16548434608331294,0.12610340402208706,1.472330023555718,0.18,0.05500698483935541,20.0,1.1808499410401176,0.00919675301696305,2.1808257367279,0.01612862396607879,3.1141366998241313,0.022577873753868577,0.5891886353492737,0.1522756665945053,0.10227566957473755,0.8039426803588867,1.0,0,ROW_FOLLOW,,1.0,137.0,140.0,-0.0673338770866394,0.027381062507629395,0.0,0.3237788677215576,0.0,-0.26901674270629883,0.0,0.5952380299568176,0.7119047045707703,0.9685696959495544,0.9285090565681458,1.0,0.4761904776096344,0.8039426803588867,0.30000001192092896,0.20000000298023224,0.20000000298023224,0.15000000596046448,0.15000000596046448,1.0,1.0,1.0,1.0
complex_fixed_v018_r3,closed_loop,complex,full,1,0.18,False,7.620670263,1785051136.7850535,1.2079183093765626,-0.021770535686987554,0.08852124772468484,0.16740197553537783,0.12377829733095984,1.4811901101789346,0.18,0.03274059424820948,21.0,1.190919949721261,0.007376879186709453,2.190893958008445,0.014572222704968886,3.1913637807610673,0.021552190394949468,0.5865635871887207,0.1646115630865097,0.11461156606674194,0.8024436235427856,1.0,0,ROW_FOLLOW,,1.0,125.0,133.0,-0.07889951020479202,0.025028258562088013,0.0,0.32134193181991577,0.0,-0.27128541469573975,0.0,0.5873015522956848,0.7119047045707703,0.9696694612503052,0.9329218864440918,1.0,0.4761904776096344,0.8024436235427856,0.30000001192092896,0.20000000298023224,0.20000000298023224,0.15000000596046448,0.15000000596046448,1.0,1.0,1.0,1.0
complex_fixed_v018_r3,closed_loop,complex,full,1,0.18,False,7.670681755,1785051136.8350651,1.21661790525999,-0.02073311380408427,0.09472312453339304,0.1697515305690843,0.09867611733100787,1.490074289057259,0.18,0.026008848342277662,21.0,1.190919949721261,0.007376879186709453,2.190893958008445,0.014572222704968886,3.1913637807610673,0.021552190394949468,0.5865635871887207,0.1646115630865097,0.11461156606674194,0.8024436235427856,1.0,0,ROW_FOLLOW,,1.0,125.0,133.0,-0.07889951020479202,0.025028258562088013,0.0,0.32134193181991577,0.0,-0.27128541469573975,0.0,0.5873015522956848,0.7119047045707703,0.9696694612503052,0.9329218864440918,1.0,0.4761904776096344,0.8024436235427856,0.30000001192092896,0.20000000298023224,0.20000000298023224,0.15000000596046448,0.15000000596046448,1.0,1.0,1.0,1.0
complex_fixed_v018_r3,closed_loop,complex,full,1,0.18,False,7.72076829,1785051136.8851514,1.2179560137300078,-0.020411214518463245,0.09864540652288327,0.1709016751711216,0.08927314412583325,1.4915459545775183,0.18,-0.005889870853353318,21.0,1.2022298353462781,0.004392354278233719,2.20220409404102,0.011553304726487641,3.208329394723165,0.016972232142366574,0.5884659290313721,0.16486148536205292,0.11486148834228516,0.8133256435394287,1.0,0,ROW_FOLLOW,,1.0,143.0,145.0,-0.08889847993850708,0.021665170788764954,0.0,0.31842297315597534,0.0,-0.27509263157844543,0.0,0.6111111640930176,0.7380951642990112,0.969391405582428,0.9232999086380005,1.0,0.523809552192688,0.8133256435394287,0.30000001192092896,0.20000000298023224,0.20000000298023224,0.15000000596046448,0.15000000596046448,1.0,1.0,1.0,1.0
complex_fixed_v018_r3,closed_loop,complex,full,1,0.18,False,7.771367832,1785051136.9357512,1.2264722849003928,-0.021968367385859815,0.10284679495676394,0.16864986335572085,0.06851503610518359,1.5031868088054445,0.18,0.0005433126703902896,21.0,1.2022298353462781,0.004392354278233719,2.20220409404102,0.011553304726487641,3.208329394723165,0.016972232142366574,0.5884659290313721,0.16486148536205292,0.11486148834228516,0.8133256435394287,1.0,0,ROW_FOLLOW,,1.0,143.0,145.0,-0.08889847993850708,0.021665170788764954,0.0,0.31842297315597534,0.0,-0.27509263157844543,0.0,0.6111111640930176,0.7380951642990112,0.969391405582428,0.9232999086380005,1.0,0.523809552192688,0.8133256435394287,0.30000001192092896,0.20000000298023224,0.20000000298023224,0.15000000596046448,0.15000000596046448,1.0,1.0,1.0,1.0
complex_fixed_v018_r3,closed_loop,complex,full,1,0.18,False,7.820803787,1785051136.985187,1.2354863625866508,-0.020951189541319255,0.10580203490135044,0.17084571140206348,0.0784105018729989,1.5122994239882728,0.18,-0.03248766132953371,20.0,1.2173687860442424,0.0003955090887141667,2.2223376214395336,0.008308386165255035,3.150642138586269,0.015631277648731377,0.5871738791465759,0.1638808697462082,0.11388087272644043,0.8158639669418335,1.0,0,ROW_FOLLOW,,1.0,122.0,152.0,-0.0957188531756401,0.01855511963367462,0.0,0.3155381679534912,0.0,-0.27842792868614197,0.0,0.6111111640930176,0.764285683631897,0.9659079313278198,0.9099457263946533,1.0,0.5714285969734192,0.8158639669418335,0.30000001192092896,0.20000000298023224,0.20000000298023224,0.15000000596046448,0.15000000596046448,1.0,1.0,1.0,1.0
complex_fixed_v018_r3,closed_loop,complex,full,1,0.18,False,7.870613418,1785051137.0349967,1.2531173818398262,-0.01821147326156875,0.11097927353365876,0.17492421067826222,0.09237930396302577,1.5302145432115386,0.18,-0.04671816154137044,20.0,1.2173687860442424,0.0003955090887141667,2.2223376214395336,0.008308386165255035,3.150642138586269,0.015631277648731377,0.5871738791465759,0.1638808697462082,0.11388087272644043,0.8158639669418335,1.0,0,ROW_FOLLOW,,1.0,122.0,152.0,-0.0957188531756401,0.01855511963367462,0.0,0.3155381679534912,0.0,-0.27842792868614197,0.0,0.6111111640930176,0.764285683631897,0.9659079313278198,0.9099457263946533,1.0,0.5714285969734192,0.8158639669418335,0.30000001192092896,0.20000000298023224,0.20000000298023224,0.15000000596046448,0.15000000596046448,1.0,1.0,1.0,1.0
complex_fixed_v018_r3,closed_loop,complex,full,1,0.18,False,7.920952536,1785051137.0853357,1.2621949416496319,-0.017017176231466657,0.11500697326354496,0.17650948345055473,0.09223285815674861,1.5394631416217441,0.18,-0.06901217069131671,21.0,1.2353621050397294,-0.0008191618837805602,2.2403266683923824,0.007625979727656923,3.2353065602624382,0.016747017502183867,0.5860130786895752,0.15918411314487457,0.10918411612510681,0.8222314119338989,1.0,0,ROW_FOLLOW,,1.0,119.0,125.0,-0.1039557158946991,0.01694461703300476,0.0,0.31448227167129517,0.0,-0.28059303760528564,0.0,0.634920597076416,0.764285683631897,0.9657588005065918,0.9049758911132812,1.0,0.5714285969734192,0.8222314119338989,0.30000001192092896,0.20000000298023224,0.20000000298023224,0.15000000596046448,0.15000000596046448,1.0,1.0,1.0,1.0
complex_fixed_v018_r3,closed_loop,complex,full,1,0.18,False,7.970644499,1785051137.1350276,1.2667270723650934,-0.015718916012696652,0.12020203738047731,0.1764680411849781,0.0870686344258598,1.5527368757326911,0.18,-0.08191738147434603,21.0,1.2353621050397294,-0.0008191618837805602,2.2403266683923824,0.007625979727656923,3.2353065602624382,0.016747017502183867,0.5860130786895752,0.15918411314487457,0.10918411612510681,0.8222314119338989,1.0,0,ROW_FOLLOW,,1.0,119.0,125.0,-0.1039557158946991,0.01694461703300476,0.0,0.31448227167129517,0.0,-0.28059303760528564,0.0,0.634920597076416,0.764285683631897,0.9657588005065918,0.9049758911132812,1.0,0.5714285969734192,0.8222314119338989,0.30000001192092896,0.20000000298023224,0.20000000298023224,0.15000000596046448,0.15000000596046448,1.0,1.0,1.0,1.0
complex_fixed_v018_r3,closed_loop,complex,full,1,0.18,False,8.020624343,1785051137.1850076,1.2711830163928632,-0.011925460674240253,0.12334439607549141,0.17843719505672975,0.07126436794654502,1.567002553845752,0.18,-0.11418413208172756,21.0,1.2546364807528183,-0.0007566695429931589,2.259608680948672,0.006421044315838789,3.2642410382281413,0.013038463012629915,0.5863164067268372,0.14498846232891083,0.09498846530914307,0.8004746437072754,1.0,0,ROW_FOLLOW,,1.0,113.0,130.0,-0.117825947701931,0.01590515673160553,0.0,0.3128604590892792,0.0,-0.2810501456260681,0.0,0.5873015522956848,0.7119047045707703,0.9678566455841064,0.9222129583358765,1.0,0.4761904776096344,0.8004746437072754,0.30000001192092896,0.20000000298023224,0.20000000298023224,0.15000000596046448,0.15000000596046448,1.0,1.0,1.0,1.0
complex_fixed_v018_r3,closed_loop,complex,full,1,0.18,False,8.070453751,1785051137.234837,1.2802319171908316,-0.010697342928384436,0.12725189526707673,0.1770697397388464,0.054269096903445065,1.576177249358299,0.18,-0.1236187273819481,21.0,1.2546364807528183,-0.0007566695429931589,2.259608680948672,0.006421044315838789,3.2642410382281413,0.013038463012629915,0.5863164067268372,0.14498846232891083,0.09498846530914307,0.8004746437072754,1.0,0,ROW_FOLLOW,,1.0,113.0,130.0,-0.117825947701931,0.01590515673160553,0.0,0.3128604590892792,0.0,-0.2810501456260681,0.0,0.5873015522956848,0.7119047045707703,0.9678566455841064,0.9222129583358765,1.0,0.4761904776096344,0.8004746437072754,0.30000001192092896,0.20000000298023224,0.20000000298023224,0.15000000596046448,0.15000000596046448,1.0,1.0,1.0,1.0
complex_fixed_v018_r3,closed_loop,complex,full,1,0.18,False,8.12067805,1785051137.2850614,1.290596396050605,-0.006405006027030567,0.12919098724619318,0.17712911386975533,0.039221682466998066,1.589059778180825,0.18,-0.14370612559399973,20.0,1.2695991587646513,0.0013775251798570094,2.274583365510185,0.005898761172166172,3.202902569935796,0.009982043343080121,0.5867952704429626,0.1487932652235031,0.09879326820373535,0.8033760786056519,1.0,0,ROW_FOLLOW,,1.0,116.0,118.0,-0.12766680121421814,0.014655575156211853,0.0,0.31141915917396545,0.0,-0.28210800886154175,0.0,0.5952380895614624,0.7119047045707703,0.9694218635559082,0.9235955476760864,1.0,0.4761904776096344,0.8033760786056519,0.30000001192092896,0.20000000298023224,0.20000000298023224,0.15000000596046448,0.15000000596046448,1.0,1.0,1.0,1.0
complex_fixed_v018_r3,closed_loop,complex,full,1,0.18,False,8.170953774,1785051137.335337,1.2990686294695706,-0.005253489625413574,0.13069380822977594,0.17380592669817127,0.04258505124077216,1.5976312649750746,0.18,-0.14986842769557485,20.0,1.2695991587646513,0.0013775251798570094,2.274583365510185,0.005898761172166172,3.202902569935796,0.009982043343080121,0.5867952704429626,0.1487932652235031,0.09879326820373535,0.8033760786056519,1.0,0,ROW_FOLLOW,,1.0,116.0,118.0,-0.12766680121421814,0.014655575156211853,0.0,0.31141915917396545,0.0,-0.28210800886154175,0.0,0.5952380895614624,0.7119047045707703,0.9694218635559082,0.9235955476760864,1.0,0.4761904776096344,0.8033760786056519,0.30000001192092896,0.20000000298023224,0.20000000298023224,0.15000000596046448,0.15000000596046448,1.0,1.0,1.0,1.0
complex_fixed_v018_r3,closed_loop,complex,full,1,0.18,False,8.220788558,1785051137.385172,1.3083867051822253,-0.003963070684824263,0.1317575169296843,0.17694610327995272,0.020465619370366304,1.6070617547502104,0.18,-0.14686677049800545,20.0,1.284954007628311,0.004408382364432523,2.2899497744466246,0.006966710056108498,3.251612552893364,0.009381568722570363,0.5861283540725708,0.15830974280834198,0.10830974578857422,0.8138939142227173,1.0,0,ROW_FOLLOW,,1.0,108.0,117.0,-0.1283874213695526,0.013099730014801025,0.0,0.3107762932777405,0.0,-0.2845768332481384,0.0,0.634920597076416,0.7119047045707703,0.9711078405380249,0.9121018648147583,1.0,0.4761904776096344,0.8138939142227173,0.30000001192092896,0.20000000298023224,0.20000000298023224,0.15000000596046448,0.15000000596046448,1.0,1.0,1.0,1.0
complex_fixed_v018_r3,closed_loop,complex,full,1,0.18,False,8.270623853,1785051137.4350073,1.315138248901682,-0.0009490194586217289,0.13330866507588945,0.18374054239213275,0.024708775157828874,1.6193949318392256,0.18,-0.16378277363634675,20.0,1.284954007628311,0.004408382364432523,2.2899497744466246,0.006966710056108498,3.251612552893364,0.009381568722570363,0.5861283540725708,0.15830974280834198,0.10830974578857422,0.8138939142227173,1.0,0,ROW_FOLLOW,,1.0,108.0,117.0,-0.1283874213695526,0.013099730014801025,0.0,0.3107762932777405,0.0,-0.2845768332481384,0.0,0.634920597076416,0.7119047045707703,0.9711078405380249,0.9121018648147583,1.0,0.4761904776096344,0.8138939142227173,0.30000001192092896,0.20000000298023224,0.20000000298023224,0.15000000596046448,0.15000000596046448,1.0,1.0,1.0,1.0
complex_fixed_v018_r3,closed_loop,complex,full,1,0.18,False,8.320692212,1785051137.4850755,1.3244441657066672,0.00031999625986988854,0.1340970447950381,0.18396765471564377,0.014563163819547703,1.6287967279799545,0.18,-0.15650362409570298,21.0,1.2981114625274754,0.007348286518451698,2.303106374649108,0.010101074056849143,3.315063033769044,0.019629167156470093,0.586153507232666,0.1661517471075058,0.11615175008773804,0.8038835525512695,1.0,0,ROW_FOLLOW,,1.0,123.0,92.0,-0.12912845611572266,0.01115487515926361,0.0,0.30874374508857727,0.0,-0.28643399477005005,0.0,0.579365074634552,0.7380951642990112,0.9709457159042358,0.9217721819877625,1.0,0.523809552192688,0.8038835525512695,0.30000001192092896,0.20000000298023224,0.20000000298023224,0.15000000596046448,0.15000000596046448,1.0,1.0,1.0,1.0
complex_fixed_v018_r3,closed_loop,complex,full,1,0.18,False,8.371388941,1785051137.535772,1.346596351192078,0.0038293225950684793,0.13553061836678412,0.1946696592306754,0.03899289842156934,1.6512486041304173,0.18,-0.17285368699090323,21.0,1.2981114625274754,0.007348286518451698,2.303106374649108,0.010101074056849143,3.315063033769044,0.019629167156470093,0.586153507232666,0.1661517471075058,0.11615175008773804,0.8038835525512695,1.0,0,ROW_FOLLOW,,1.0,123.0,92.0,-0.12912845611572266,0.01115487515926361,0.0,0.30874374508857727,0.0,-0.28643399477005005,0.0,0.579365074634552,0.7380951642990112,0.9709457159042358,0.9217721819877625,1.0,0.523809552192688,0.8038835525512695,0.30000001192092896,0.20000000298023224,0.20000000298023224,0.15000000596046448,0.15000000596046448,1.0,1.0,1.0,1.0
complex_fixed_v018_r3,closed_loop,complex,full,1,0.18,False,8.420627291,1785051137.5850108,1.349331623901952,0.003308866222303623,0.1356727196605831,0.19309119744792638,0.015773359877390845,1.6674072481972362,0.18,-0.15696366242392215,21.0,1.3211308661235825,0.010049092548017596,2.321119786203971,0.014611407946413912,3.3321529851020872,0.021885905291337673,0.5857896208763123,0.16402669250965118,0.11402669548988342,0.7927802801132202,1.0,0,ROW_FOLLOW,,1.0,113.0,82.0,-0.12937383353710175,0.008772596716880798,0.0,0.3065604865550995,0.0,-0.2890152931213379,0.0,0.5714285969734192,0.6857142448425293,0.9712487459182739,0.9330605864524841,1.0,0.4285714328289032,0.7927802801132202,0.30000001192092896,0.20000000298023224,0.20000000298023224,0.15000000596046448,0.15000000596046448,1.0,1.0,1.0,1.0
complex_fixed_v018_r3,closed_loop,complex,full,1,0.18,False,8.470481627,1785051137.6348648,1.361854183254223,0.005296189235433914,0.13667722431404972,0.19311829794825672,0.0333524105162535,1.6801053019177108,0.18,-0.16620210179035017,21.0,1.3211308661235825,0.010049092548017596,2.321119786203971,0.014611407946413912,3.3321529851020872,0.021885905291337673,0.5857896208763123,0.16402669250965118,0.11402669548988342,0.7927802801132202,1.0,0,ROW_FOLLOW,,1.0,113.0,82.0,-0.12937383353710175,0.008772596716880798,0.0,0.3065604865550995,0.0,-0.2890152931213379,0.0,0.5714285969734192,0.6857142448425293,0.9712487459182739,0.9330605864524841,1.0,0.4285714328289032,0.7927802801132202,0.30000001192092896,0.20000000298023224,0.20000000298023224,0.15000000596046448,0.15000000596046448,1.0,1.0,1.0,1.0
complex_fixed_v018_r3,closed_loop,complex,full,1,0.18,False,8.520991534,1785051137.6853747,1.3706469141879514,0.0065294945655778175,0.13746183900297607,0.19171050304539103,0.013181345227497676,1.6889929981401668,0.18,-0.16891486397866365,21.0,1.3420675563480067,0.01164229008000836,2.342057223693982,0.015897330883075086,3.3420468817163846,0.020152370180119845,0.5834997892379761,0.15331245958805084,0.10331246256828308,0.796799898147583,1.0,0,ROW_FOLLOW,,1.0,107.0,80.0,-0.13526125252246857,0.007335633039474487,0.0,0.3054118752479553,0.0,-0.29074060916900635,0.0,0.6111111044883728,0.6595237255096436,0.967038631439209,0.9210269451141357,1.0,0.380952388048172,0.796799898147583,0.30000001192092896,0.20000000298023224,0.20000000298023224,0.15000000596046448,0.15000000596046448,1.0,1.0,1.0,1.0
complex_fixed_v018_r3,closed_loop,complex,full,1,0.18,False,8.570907024,1785051137.7352903,1.379758538505189,0.007828585550834452,0.13833827133881108,0.18928520928102044,0.00925100910739166,1.6982161725548914,0.18,-0.17521533605409406,21.0,1.3420675563480067,0.01164229008000836,2.342057223693982,0.015897330883075086,3.3420468817163846,0.020152370180119845,0.5834997892379761,0.15331245958805084,0.10331246256828308,0.796799898147583,1.0,0,ROW_FOLLOW,,1.0,107.0,80.0,-0.13526125252246857,0.007335633039474487,0.0,0.3054118752479553,0.0,-0.29074060916900635,0.0,0.6111111044883728,0.6595237255096436,0.967038631439209,0.9210269451141357,1.0,0.380952388048172,0.796799898147583,0.30000001192092896,0.20000000298023224,0.20000000298023224,0.15000000596046448,0.15000000596046448,1.0,1.0,1.0,1.0
complex_fixed_v018_r3,closed_loop,complex,full,1,0.18,False,8.62102636,1785051137.7854095,1.3813653015326364,0.008087051655491928,0.1393069768053076,0.1870928223896041,0.023702727811772892,1.6998711201623358,0.18,-0.1791684067295285,20.0,1.363640124470133,0.013355416200901119,2.363627531791491,0.014046681432503991,3.296949004050957,0.01446941525939427,0.5820766091346741,0.14899317920207977,0.09899318218231201,0.7854322195053101,1.0,0,ROW_FOLLOW,,1.0,86.0,88.0,-0.14451313018798828,0.007516294717788696,0.0,0.30507856607437134,0.0,-0.29004597663879395,0.0,0.5714285969734192,0.6595237255096436,0.9663475751876831,0.9255287647247314,1.0,0.380952388048172,0.7854322195053101,0.30000001192092896,0.20000000298023224,0.20000000298023224,0.15000000596046448,0.15000000596046448,1.0,1.0,1.0,1.0
complex_fixed_v018_r3,closed_loop,complex,full,1,0.18,False,8.670577327,1785051137.8349607,1.3974204722326637,0.01051886248993535,0.14011936978496697,0.17975802129108748,0.01886708212332624,1.7161232477121553,0.18,-0.18927109808681242,20.0,1.363640124470133,0.013355416200901119,2.363627531791491,0.014046681432503991,3.296949004050957,0.01446941525939427,0.5820766091346741,0.14899317920207977,0.09899318218231201,0.7854322195053101,1.0,0,ROW_FOLLOW,,1.0,86.0,88.0,-0.14451313018798828,0.007516294717788696,0.0,0.30507856607437134,0.0,-0.29004597663879395,0.0,0.5714285969734192,0.6595237255096436,0.9663475751876831,0.9255287647247314,1.0,0.380952388048172,0.7854322195053101,0.30000001192092896,0.20000000298023224,0.20000000298023224,0.15000000596046448,0.15000000596046448,1.0,1.0,1.0,1.0
complex_fixed_v018_r3,closed_loop,complex,full,1,0.18,False,8.720625237,1785051137.8850086,1.4060868530317736,0.011762157323656782,0.14049165127631147,0.1800939034423077,0.025842174744979407,1.7248879558676333,0.18,-0.1949761411447453,21.0,1.3797236782245565,0.015877797617712436,2.3796931899724134,0.010562989538641288,3.379610446870563,0.006179317029681686,0.5822829604148865,0.15440143644809723,0.10440143942832947,0.7436995506286621,1.0,0,ROW_FOLLOW,,1.0,81.0,97.0,-0.15216760337352753,0.009126633405685425,0.0,0.305436909198761,0.0,-0.28718364238739014,0.0,0.4285714328289032,0.6595237255096436,0.9657544493675232,0.9338162541389465,1.0,0.380952388048172,0.7436995506286621,0.30000001192092896,0.20000000298023224,0.20000000298023224,0.15000000596046448,0.15000000596046448,1.0,1.0,1.0,1.0
complex_fixed_v018_r3,closed_loop,complex,full,1,0.18,False,8.77076995,1785051137.9351532,1.41078765548593,0.011717298431404313,0.14109060852396602,0.1711375490400634,0.022665469108025606,1.7377756187558246,0.18,-0.194741710324752,21.0,1.3797236782245565,0.015877797617712436,2.3796931899724134,0.010562989538641288,3.379610446870563,0.006179317029681686,0.5822829604148865,0.15440143644809723,0.10440143942832947,0.7436995506286621,1.0,0,ROW_FOLLOW,,1.0,81.0,97.0,-0.15216760337352753,0.009126633405685425,0.0,0.305436909198761,0.0,-0.28718364238739014,0.0,0.4285714328289032,0.6595237255096436,0.9657544493675232,0.9338162541389465,1.0,0.380952388048172,0.7436995506286621,0.30000001192092896,0.20000000298023224,0.20000000298023224,0.15000000596046448,0.15000000596046448,1.0,1.0,1.0,1.0
complex_fixed_v018_r3,closed_loop,complex,full,1,0.18,False,8.820547644,1785051137.9849308,1.4167351815830291,0.012689498917346624,0.14084439519989772,0.17390710967332568,0.01852828530891547,1.7508365861762658,0.18,-0.1943757227279171,19.0,1.3960747559716067,0.01857029487586009,2.2960281110104312,0.00973286531933765,3.2959765861913826,-6.994076711417726e-05,0.5851209759712219,0.1639281064271927,0.11392810940742493,0.7588205337524414,1.0,0,ROW_FOLLOW,,1.0,76.0,90.0,-0.15229816734790802,0.009003117680549622,0.0,0.30480167269706726,0.0,-0.286795437335968,0.0,0.4761904776096344,0.6595237255096436,0.9674196839332581,0.9371647834777832,1.0,0.380952388048172,0.7588205337524414,0.30000001192092896,0.20000000298023224,0.20000000298023224,0.15000000596046448,0.15000000596046448,1.0,1.0,1.0,1.0
complex_fixed_v018_r3,closed_loop,complex,full,1,0.18,False,8.870700997,1785051138.0350842,1.4256570035837357,0.013939358021421322,0.14003767086336397,0.17131141864191549,-0.00954549659415551,1.759857209998038,0.18,-0.19830436867886514,19.0,1.3960747559716067,0.01857029487586009,2.2960281110104312,0.00973286531933765,3.2959765861913826,-6.994076711417726e-05,0.5851209759712219,0.1639281064271927,0.11392810940742493,0.7588205337524414,1.0,0,ROW_FOLLOW,,1.0,76.0,90.0,-0.15229816734790802,0.009003117680549622,0.0,0.30480167269706726,0.0,-0.286795437335968,0.0,0.4761904776096344,0.6595237255096436,0.9674196839332581,0.9371647834777832,1.0,0.380952388048172,0.7588205337524414,0.30000001192092896,0.20000000298023224,0.20000000298023224,0.15000000596046448,0.15000000596046448,1.0,1.0,1.0,1.0
complex_fixed_v018_r3,closed_loop,complex,full,1,0.18,False,8.920499908,1785051138.0848832,1.4431387095547556,0.015011818852119373,0.13962273996347063,0.17367185391555903,-0.006164157048073789,1.7774336410727762,0.18,-0.19357409860885882,20.0,1.4114116801068126,0.021336317140926125,2.4113225438708557,0.008138694704148857,3.3614737490306723,-0.005856820208750801,0.58245849609375,0.16573010385036469,0.11573010683059692,0.7504125833511353,1.0,0,ROW_FOLLOW,,1.0,70.0,98.0,-0.15614056587219238,0.009710222482681274,0.0,0.3039119839668274,0.0,-0.28449153900146484,0.0,0.4285714328289032,0.6857142448425293,0.9667657017707825,0.942301332950592,1.0,0.4285714328289032,0.7504125833511353,0.30000001192092896,0.20000000298023224,0.20000000298023224,0.15000000596046448,0.15000000596046448,1.0,1.0,1.0,1.0
complex_fixed_v018_r3,closed_loop,complex,full,1,0.18,False,8.970476808,1785051138.13486,1.452923471764255,0.0163717514753827,0.13909397389813485,0.18753419571798036,-0.01819282741916641,1.787321048584891,0.18,-0.19870366010426316,20.0,1.4114116801068126,0.021336317140926125,2.4113225438708557,0.008138694704148857,3.3614737490306723,-0.005856820208750801,0.58245849609375,0.16573010385036469,0.11573010683059692,0.7504125833511353,1.0,0,ROW_FOLLOW,,1.0,70.0,98.0,-0.15614056587219238,0.009710222482681274,0.0,0.3039119839668274,0.0,-0.28449153900146484,0.0,0.4285714328289032,0.6857142448425293,0.9667657017707825,0.942301332950592,1.0,0.4285714328289032,0.7504125833511353,0.30000001192092896,0.20000000298023224,0.20000000298023224,0.15000000596046448,0.15000000596046448,1.0,1.0,1.0,1.0
complex_fixed_v018_r3,closed_loop,complex,full,1,0.18,False,9.020752949,1785051138.185136,1.4625323007865203,0.017697120926945843,0.13845187469543996,0.18775679014768357,-0.03611698687790847,1.7970353610507368,0.18,-0.1963750904076929,21.0,1.4299249241296528,0.02347259673152351,2.42982243032167,0.00928282095136279,3.4528457639161036,-0.0038707377506216473,0.581335186958313,0.16309691965579987,0.1130969226360321,0.7552796602249146,1.0,0,ROW_FOLLOW,,1.0,77.0,99.0,-0.1536821573972702,0.009691044688224792,0.0,0.30232277512550354,0.0,-0.28294068574905396,0.0,0.4444444179534912,0.6857142448425293,0.9647362232208252,0.9457083940505981,1.0,0.4285714328289032,0.7552796602249146,0.30000001192092896,0.20000000298023224,0.20000000298023224,0.15000000596046448,0.15000000596046448,1.0,1.0,1.0,1.0
complex_fixed_v018_r3,closed_loop,complex,full,1,0.18,False,9.070418543,1785051138.234802,1.4741229947767913,0.01840553403740894,0.13814731728311802,0.1998953815956673,-0.015682336375618045,1.8087416715514357,0.18,-0.19801085137206217,21.0,1.4299249241296528,0.02347259673152351,2.42982243032167,0.00928282095136279,3.4528457639161036,-0.0038707377506216473,0.581335186958313,0.16309691965579987,0.1130969226360321,0.7552796602249146,1.0,0,ROW_FOLLOW,,1.0,77.0,99.0,-0.1536821573972702,0.009691044688224792,0.0,0.30232277512550354,0.0,-0.28294068574905396,0.0,0.4444444179534912,0.6857142448425293,0.9647362232208252,0.9457083940505981,1.0,0.4285714328289032,0.7552796602249146,0.30000001192092896,0.20000000298023224,0.20000000298023224,0.15000000596046448,0.15000000596046448,1.0,1.0,1.0,1.0
complex_fixed_v018_r3,closed_loop,complex,full,1,0.18,False,9.12076211,1785051138.2851453,1.4835206968874697,0.019684557193333733,0.13746770945878017,0.1964080231091579,-0.0361157203248269,1.8182438207528449,0.18,-0.19658633989517194,20.0,1.45106032282329,0.025861146989059353,2.4559223213173302,0.0092623797972306,3.4174564433908947,-0.00665322830566905,0.582430899143219,0.16793794929981232,0.11793795228004456,0.7491592168807983,1.0,0,ROW_FOLLOW,,1.0,78.0,101.0,-0.15650124847888947,0.009478211402893066,0.0,0.3010409474372864,0.0,-0.28208452463150024,0.0,0.4365079402923584,0.6595237255096436,0.9662308692932129,0.953705906867981,1.0,0.380952388048172,0.7491592168807983,0.30000001192092896,0.20000000298023224,0.20000000298023224,0.15000000596046448,0.15000000596046448,1.0,1.0,1.0,1.0
complex_fixed_v018_r3,closed_loop,complex,full,1,0.18,False,9.170690977,1785051138.3350742,1.497157908297731,0.02149311470944463,0.1371513522034489,0.20521111139639375,-0.03386492197596515,1.832014742693756,0.18,-0.20430619494047536,20.0,1.45106032282329,0.025861146989059353,2.4559223213173302,0.0092623797972306,3.4174564433908947,-0.00665322830566905,0.582430899143219,0.16793794929981232,0.11793795228004456,0.7491592168807983,1.0,0,ROW_FOLLOW,,1.0,78.0,101.0,-0.15650124847888947,0.009478211402893066,0.0,0.3010409474372864,0.0,-0.28208452463150024,0.0,0.4365079402923584,0.6595237255096436,0.9662308692932129,0.953705906867981,1.0,0.380952388048172,0.7491592168807983,0.30000001192092896,0.20000000298023224,0.20000000298023224,0.15000000596046448,0.15000000596046448,1.0,1.0,1.0,1.0
complex_fixed_v018_r3,closed_loop,complex,full,1,0.18,False,9.220479839,1785051138.3848631,1.5054730788774913,0.022587522499888255,0.13654121886781387,0.20033769258010486,-0.03654609767387013,1.8418398205891924,0.18,-0.19947481601417927,21.0,1.477871162757446,0.027652951651925505,2.4827550525452446,0.012649568507156664,3.479481841679842,0.0012456996186904924,0.5823299884796143,0.15297485888004303,0.10297486186027527,0.751213550567627,1.0,0,ROW_FOLLOW,,1.0,89.0,107.0,-0.14806552231311798,0.006308525800704956,0.0,0.29826438426971436,0.0,-0.28564733266830444,0.0,0.4523809552192688,0.6595237255096436,0.9660491943359375,0.9358976483345032,1.0,0.380952388048172,0.751213550567627,0.30000001192092896,0.20000000298023224,0.20000000298023224,0.15000000596046448,0.15000000596046448,1.0,1.0,1.0,1.0
complex_fixed_v018_r3,closed_loop,complex,full,1,0.18,False,9.270514949,1785051138.4348981,1.5146602501974724,0.023824729963839938,0.13551491880901248,0.2027283923621009,-0.018689917086142347,1.8511229972767849,0.18,-0.20349567818948325,21.0,1.477871162757446,0.027652951651925505,2.4827550525452446,0.012649568507156664,3.479481841679842,0.0012456996186904924,0.5823299884796143,0.15297485888004303,0.10297486186027527,0.751213550567627,1.0,0,ROW_FOLLOW,,1.0,89.0,107.0,-0.14806552231311798,0.006308525800704956,0.0,0.29826438426971436,0.0,-0.28564733266830444,0.0,0.4523809552192688,0.6595237255096436,0.9660491943359375,0.9358976483345032,1.0,0.380952388048172,0.751213550567627,0.30000001192092896,0.20000000298023224,0.20000000298023224,0.15000000596046448,0.15000000596046448,1.0,1.0,1.0,1.0
complex_fixed_v018_r3,closed_loop,complex,full,1,0.18,False,9.320663246,1785051138.4850466,1.524307995936598,0.025986888940523978,0.135246733065022,0.1980584234590891,-0.025610219107206723,1.861337830194941,0.18,-0.20768669275093682,21.0,1.5013901419767037,0.028404729340057982,2.5063053517593232,0.016389548114276193,3.514854284256935,0.01133796771389562,0.5785208940505981,0.16247780621051788,0.11247780919075012,0.7434557676315308,1.0,0,ROW_FOLLOW,,1.0,86.0,108.0,-0.14159895479679108,0.003271430730819702,0.0,0.29452943801879883,0.0,-0.2879865765571594,0.0,0.4365079402923584,0.6595237255096436,0.9586334228515625,0.9258129596710205,1.0,0.380952388048172,0.7434557676315308,0.30000001192092896,0.20000000298023224,0.20000000298023224,0.15000000596046448,0.15000000596046448,1.0,1.0,1.0,1.0
complex_fixed_v018_r3,closed_loop,complex,full,1,0.18,False,9.370821592,1785051138.535205,1.5341746285734925,0.027307200647911267,0.13428882654762653,0.19764756220177443,-0.011133846755240227,1.8713062500974489,0.18,-0.21237417394200403,21.0,1.5013901419767037,0.028404729340057982,2.5063053517593232,0.016389548114276193,3.514854284256935,0.01133796771389562,0.5785208940505981,0.16247780621051788,0.11247780919075012,0.7434557676315308,1.0,0,ROW_FOLLOW,,1.0,86.0,108.0,-0.14159895479679108,0.003271430730819702,0.0,0.29452943801879883,0.0,-0.2879865765571594,0.0,0.4365079402923584,0.6595237255096436,0.9586334228515625,0.9258129596710205,1.0,0.380952388048172,0.7434557676315308,0.30000001192092896,0.20000000298023224,0.20000000298023224,0.15000000596046448,0.15000000596046448,1.0,1.0,1.0,1.0
complex_fixed_v018_r3,closed_loop,complex,full,1,0.18,False,9.420593558,1785051138.584977,1.542570688870655,0.02840927968542387,0.1334469735715862,0.19363163987477172,-0.020389781774256457,1.8797940195245544,0.18,-0.2165824274428134,21.0,1.5241462266351913,0.02797380100115109,2.524117960375972,0.02138399483746826,3.5240896989427135,0.014794179718725722,0.5813757181167603,0.16751979291439056,0.1175197958946228,0.755239725112915,1.0,0,ROW_FOLLOW,,1.0,84.0,124.0,-0.13588756322860718,-0.0018214881420135498,0.0,0.2894558906555176,0.0,-0.2930988669395447,0.0,0.460317462682724,0.6857141852378845,0.9633362889289856,0.9155625104904175,1.0,0.4285714328289032,0.755239725112915,0.30000001192092896,0.20000000298023224,0.20000000298023224,0.15000000596046448,0.15000000596046448,1.0,1.0,1.0,1.0
complex_fixed_v018_r3,closed_loop,complex,full,1,0.18,False,9.470608763,1785051138.6349921,1.549757369267823,0.030455078706586643,0.13149064793842907,0.18916877909715954,-0.01328804227457252,1.89080593348974,0.18,-0.21966954728881088,21.0,1.5241462266351913,0.02797380100115109,2.524117960375972,0.02138399483746826,3.5240896989427135,0.014794179718725722,0.5813757181167603,0.16751979291439056,0.1175197958946228,0.755239725112915,1.0,0,ROW_FOLLOW,,1.0,84.0,124.0,-0.13588756322860718,-0.0018214881420135498,0.0,0.2894558906555176,0.0,-0.2930988669395447,0.0,0.460317462682724,0.6857141852378845,0.9633362889289856,0.9155625104904175,1.0,0.4285714328289032,0.755239725112915,0.30000001192092896,0.20000000298023224,0.20000000298023224,0.15000000596046448,0.15000000596046448,1.0,1.0,1.0,1.0
complex_fixed_v018_r3,closed_loop,complex,full,1,0.18,False,9.520705251,1785051138.6850884,1.55827772707383,0.03151072046252194,0.1296429431810946,0.18658923119612184,-0.033574221414849004,1.899430933297603,0.18,-0.2242899972614235,21.0,1.5414914581702304,0.026514202077291493,2.5414844103466865,0.024034934563686827,3.5414773786225986,0.02155565409739707,0.5791083574295044,0.16445671021938324,0.11445671319961548,0.7556436061859131,1.0,0,ROW_FOLLOW,,1.0,94.0,129.0,-0.12949919700622559,-0.006888210773468018,0.0,0.2842597961425781,0.0,-0.29803621768951416,0.0,0.460317462682724,0.6857141852378845,0.962581992149353,0.9192607402801514,1.0,0.4285714328289032,0.7556436061859131,0.30000001192092896,0.20000000298023224,0.20000000298023224,0.15000000596046448,0.15000000596046448,1.0,1.0,1.0,1.0
complex_fixed_v018_r3,closed_loop,complex,full,1,0.18,False,9.570515906,1785051138.7348993,1.5646870892623623,0.03344007990094359,0.12777721235683173,0.18066031796409457,-0.005147460688962498,1.9110844508464198,0.18,-0.2315890422967835,21.0,1.5414914581702304,0.026514202077291493,2.5414844103466865,0.024034934563686827,3.5414773786225986,0.02155565409739707,0.5791083574295044,0.16445671021938324,0.11445671319961548,0.7556436061859131,1.0,0,ROW_FOLLOW,,1.0,94.0,129.0,-0.12949919700622559,-0.006888210773468018,0.0,0.2842597961425781,0.0,-0.29803621768951416,0.0,0.460317462682724,0.6857141852378845,0.962581992149353,0.9192607402801514,1.0,0.4285714328289032,0.7556436061859131,0.30000001192092896,0.20000000298023224,0.20000000298023224,0.15000000596046448,0.15000000596046448,1.0,1.0,1.0,1.0
complex_fixed_v018_r3,closed_loop,complex,full,1,0.18,False,9.620747437,1785051138.7851307,1.573453587076802,0.03451852774263498,0.1267520909620341,0.17972661640141627,-0.03178836919221159,1.9199424119258668,0.18,-0.23987937724119554,21.0,1.55811184080049,0.024825028552526995,2.5581090290054225,0.025428707584593622,3.558106233445699,0.026032372729914627,0.5778940320014954,0.1544504314661026,0.10445043444633484,0.7656803131103516,1.0,0,ROW_FOLLOW,,1.0,101.0,123.0,-0.12434215098619461,-0.011297985911369324,0.0,0.27999547123908997,0.0,-0.3025914430618286,0.0,0.5158730149269104,0.6595236659049988,0.9599371552467346,0.9135085344314575,1.0,0.380952388048172,0.7656803131103516,0.30000001192092896,0.20000000298023224,0.20000000298023224,0.15000000596046448,0.15000000596046448,1.0,1.0,1.0,1.0
complex_fixed_v018_r3,closed_loop,complex,full,1,0.18,False,9.670421993,1785051138.8348053,1.5765827681375881,0.03604878594766041,0.12326356016867515,0.16909068975323768,-0.05431354527134503,1.9341989672260296,0.18,-0.24282653569066842,21.0,1.55811184080049,0.024825028552526995,2.5581090290054225,0.025428707584593622,3.558106233445699,0.026032372729914627,0.5778940320014954,0.1544504314661026,0.10445043444633484,0.7656803131103516,1.0,0,ROW_FOLLOW,,1.0,101.0,123.0,-0.12434215098619461,-0.011297985911369324,0.0,0.27999547123908997,0.0,-0.3025914430618286,0.0,0.5158730149269104,0.6595236659049988,0.9599371552467346,0.9135085344314575,1.0,0.380952388048172,0.7656803131103516,0.30000001192092896,0.20000000298023224,0.20000000298023224,0.15000000596046448,0.15000000596046448,1.0,1.0,1.0,1.0
complex_fixed_v018_r3,closed_loop,complex,full,1,0.18,False,9.721021471,1785051138.8854046,1.585101999225301,0.03699147920515477,0.12034905098524587,0.16953195690240985,-0.07696229621233636,1.9428332643095008,0.18,-0.25012689822522355,21.0,1.5723163293293485,0.02275604043946647,2.5723104386864937,0.025819231637014512,3.5723045790425636,0.028882416155164504,0.5788352489471436,0.1468169242143631,0.09681692719459534,0.7712137699127197,1.0,0,ROW_FOLLOW,,1.0,118.0,131.0,-0.11686147749423981,-0.016648411750793457,0.0,0.27511054277420044,0.0,-0.30840736627578735,0.0,0.5317460298538208,0.6595237255096436,0.9615145325660706,0.9165482521057129,1.0,0.380952388048172,0.7712137699127197,0.30000001192092896,0.20000000298023224,0.20000000298023224,0.15000000596046448,0.15000000596046448,1.0,1.0,1.0,1.0
complex_fixed_v018_r3,closed_loop,complex,full,1,0.18,False,9.770852703,1785051138.935236,1.5939991743971016,0.03701518888126179,0.11607806308700092,0.1643997564789939,-0.07181704502573305,1.9522802854884564,0.18,-0.24456301155164337,21.0,1.5723163293293485,0.02275604043946647,2.5723104386864937,0.025819231637014512,3.5723045790425636,0.028882416155164504,0.5788352489471436,0.1468169242143631,0.09681692719459534,0.7712137699127197,1.0,0,ROW_FOLLOW,,1.0,118.0,131.0,-0.11686147749423981,-0.016648411750793457,0.0,0.27511054277420044,0.0,-0.30840736627578735,0.0,0.5317460298538208,0.6595237255096436,0.9615145325660706,0.9165482521057129,1.0,0.380952388048172,0.7712137699127197,0.30000001192092896,0.20000000298023224,0.20000000298023224,0.15000000596046448,0.15000000596046448,1.0,1.0,1.0,1.0
complex_fixed_v018_r3,closed_loop,complex,full,1,0.18,False,9.821457461,1785051138.9858406,1.60244210798947,0.037910544580358765,0.11482467597773961,0.16418896285276288,-0.06461011071807551,1.9607916013431999,0.18,-0.2613599512080945,19.0,1.584268370088531,0.01954871794823546,2.4842574569595874,0.023866327444903256,3.4509120227389887,0.028597497659663657,0.5803487300872803,0.1537531465291977,0.10375314950942993,0.7571297883987427,1.0,0,ROW_FOLLOW,,1.0,112.0,132.0,-0.10862122476100922,-0.021971866488456726,0.0,0.2705516815185547,0.0,-0.31449541449546814,0.0,0.4841269850730896,0.6595237255096436,0.9615854620933533,0.9177988767623901,1.0,0.380952388048172,0.7571297883987427,0.30000001192092896,0.20000000298023224,0.20000000298023224,0.15000000596046448,0.15000000596046448,1.0,1.0,1.0,1.0
complex_fixed_v018_r3,closed_loop,complex,full,1,0.18,False,9.870425788,1785051139.034809,1.6043537937432422,0.039176541505366896,0.10818395280674854,0.16873666330879003,-0.09010979137115911,1.9760749483306843,0.18,-0.25846838335887745,19.0,1.584268370088531,0.01954871794823546,2.4842574569595874,0.023866327444903256,3.4509120227389887,0.028597497659663657,0.5803487300872803,0.1537531465291977,0.10375314950942993,0.7571297883987427,1.0,0,ROW_FOLLOW,,1.0,112.0,132.0,-0.10862122476100922,-0.021971866488456726,0.0,0.2705516815185547,0.0,-0.31449541449546814,0.0,0.4841269850730896,0.6595237255096436,0.9615854620933533,0.9177988767623901,1.0,0.380952388048172,0.7571297883987427,0.30000001192092896,0.20000000298023224,0.20000000298023224,0.15000000596046448,0.15000000596046448,1.0,1.0,1.0,1.0
complex_fixed_v018_r3,closed_loop,complex,full,1,0.18,False,9.920680777,1785051139.0850642,1.6219024531569282,0.03908458357930142,0.10424165307935374,0.1692836469697229,-0.09999027840274367,1.9937593483073266,0.18,-0.2709776620674357,20.0,1.594575875753648,0.01641225110034682,2.5995647229233465,0.02085431613881776,3.5447811965883123,0.023950628993030885,0.5777338743209839,0.16295523941516876,0.112955242395401,0.7510190010070801,1.0,0,ROW_FOLLOW,,1.0,124.0,129.0,-0.10414419323205948,-0.02532730996608734,0.0,0.26714441180229187,0.0,-0.31779903173446655,0.0,0.4444444179534912,0.6857142448425293,0.9615124464035034,0.9216024279594421,1.0,0.4285714328289032,0.7510190010070801,0.30000001192092896,0.20000000298023224,0.20000000298023224,0.15000000596046448,0.15000000596046448,1.0,1.0,1.0,1.0
complex_fixed_v018_r3,closed_loop,complex,full,1,0.18,False,9.970579083,1785051139.1349623,1.63059083988353,0.03985116636025257,0.09813446189309083,0.172457047025969,-0.11512027577602975,2.0025515923697097,0.18,-0.26837792933937066,20.0,1.594575875753648,0.01641225110034682,2.5995647229233465,0.02085431613881776,3.5447811965883123,0.023950628993030885,0.5777338743209839,0.16295523941516876,0.112955242395401,0.7510190010070801,1.0,0,ROW_FOLLOW,,1.0,124.0,129.0,-0.10414419323205948,-0.02532730996608734,0.0,0.26714441180229187,0.0,-0.31779903173446655,0.0,0.4444444179534912,0.6857142448425293,0.9615124464035034,0.9216024279594421,1.0,0.4285714328289032,0.7510190010070801,0.30000001192092896,0.20000000298023224,0.20000000298023224,0.15000000596046448,0.15000000596046448,1.0,1.0,1.0,1.0
complex_fixed_v018_r3,closed_loop,complex,full,1,0.18,False,10.020683347,1785051139.1850667,1.6394406249919065,0.040543145907898724,0.09442179312448395,0.17296628733670066,-0.08136785547272173,2.0115073783393957,0.18,-0.26945439974064994,20.0,1.6126380804761584,0.0138266197049456,2.6176298150433754,0.015735600762595562,3.6218824772783402,0.012719819362999159,0.5766773819923401,0.1627027541399002,0.11270275712013245,0.7737716436386108,1.0,0,ROW_FOLLOW,,1.0,118.0,144.0,-0.09708309918642044,-0.027919307351112366,0.0,0.2640224099159241,0.0,-0.3198610246181488,0.0,0.5,0.7119047045707703,0.9598536491394043,0.9294663667678833,1.0,0.4761904776096344,0.7737716436386108,0.30000001192092896,0.20000000298023224,0.20000000298023224,0.15000000596046448,0.15000000596046448,1.0,1.0,1.0,1.0
complex_fixed_v018_r3,closed_loop,complex,full,1,0.18,False,10.07043096,1785051139.2348142,1.6426051271401143,0.04076097355247349,0.08825453299637023,0.16740535689829197,-0.1218922720110938,2.0278686004670874,0.18,-0.27537486433518915,20.0,1.6126380804761584,0.0138266197049456,2.6176298150433754,0.015735600762595562,3.6218824772783402,0.012719819362999159,0.5766773819923401,0.1627027541399002,0.11270275712013245,0.7737716436386108,1.0,0,ROW_FOLLOW,,1.0,118.0,144.0,-0.09708309918642044,-0.027919307351112366,0.0,0.2640224099159241,0.0,-0.3198610246181488,0.0,0.5,0.7119047045707703,0.9598536491394043,0.9294663667678833,1.0,0.4761904776096344,0.7737716436386108,0.30000001192092896,0.20000000298023224,0.20000000298023224,0.15000000596046448,0.15000000596046448,1.0,1.0,1.0,1.0
complex_fixed_v018_r3,closed_loop,complex,full,1,0.18,False,10.120688957,1785051139.285072,1.6504989797621537,0.041301045691526726,0.08204329367014691,0.16971835387211195,-0.15696959071155586,2.0358666416433193,0.18,-0.2768639701289667,20.0,1.631391918594075,0.012607624711302494,2.6363883961195387,0.011394059778415998,3.631384860699697,0.010158965175506511,0.5736937522888184,0.15326617658138275,0.10326617956161499,0.7853749990463257,1.0,0,ROW_FOLLOW,,1.0,111.0,140.0,-0.08848594129085541,-0.0299932062625885,0.0,0.26098620891571045,0.0,-0.32097262144088745,0.0,0.5476190447807312,0.7119047045707703,0.9551056623458862,0.9179145097732544,1.0,0.4761904776096344,0.7853749990463257,0.30000001192092896,0.20000000298023224,0.20000000298023224,0.15000000596046448,0.15000000596046448,1.0,1.0,1.0,1.0
complex_fixed_v018_r3,closed_loop,complex,full,1,0.18,False,10.170943786,1785051139.335327,1.6635691767821947,0.04121438634979462,0.07235824655352328,0.1612733443518757,-0.1439983751193709,2.0490955420124,0.18,-0.2669565536931602,20.0,1.631391918594075,0.012607624711302494,2.6363883961195387,0.011394059778415998,3.631384860699697,0.010158965175506511,0.5736937522888184,0.15326617658138275,0.10326617956161499,0.7853749990463257,1.0,0,ROW_FOLLOW,,1.0,111.0,140.0,-0.08848594129085541,-0.0299932062625885,0.0,0.26098620891571045,0.0,-0.32097262144088745,0.0,0.5476190447807312,0.7119047045707703,0.9551056623458862,0.9179145097732544,1.0,0.4761904776096344,0.7853749990463257,0.30000001192092896,0.20000000298023224,0.20000000298023224,0.15000000596046448,0.15000000596046448,1.0,1.0,1.0,1.0
complex_fixed_v018_r3,closed_loop,complex,full,1,0.18,False,10.220678407,1785051139.3850617,1.6733564571768242,0.04316835141440273,0.06651406492385181,0.16325082060006899,-0.13530852253673942,2.059895275902561,0.18,-0.27016461418356325,21.0,1.6543225531769608,0.012051495429036156,2.6543158506998665,0.008485249847784688,3.6731783933956708,0.0024184302328744273,0.5733281373977661,0.1522548347711563,0.10225483775138855,0.7982515096664429,1.0,0,ROW_FOLLOW,,1.0,125.0,134.0,-0.07415606826543808,-0.031053751707077026,0.0,0.2599043548107147,0.0,-0.3220118582248688,0.0,0.6111111044883728,0.6857142448425293,0.9522982239723206,0.9154375791549683,1.0,0.4285714328289032,0.7982515096664429,0.30000001192092896,0.20000000298023224,0.20000000298023224,0.15000000596046448,0.15000000596046448,1.0,1.0,1.0,1.0
complex_fixed_v018_r3,closed_loop,complex,full,1,0.18,False,10.270935028,1785051139.4353182,1.6832004251630721,0.04336680297519127,0.055866200416442545,0.16684607960572753,-0.18800359615863704,2.0699676659150343,0.18,-0.26625661746226287,21.0,1.6543225531769608,0.012051495429036156,2.6543158506998665,0.008485249847784688,3.6731783933956708,0.0024184302328744273,0.5733281373977661,0.1522548347711563,0.10225483775138855,0.7982515096664429,1.0,0,ROW_FOLLOW,,1.0,125.0,134.0,-0.07415606826543808,-0.031053751707077026,0.0,0.2599043548107147,0.0,-0.3220118582248688,0.0,0.6111111044883728,0.6857142448425293,0.9522982239723206,0.9154375791549683,1.0,0.4285714328289032,0.7982515096664429,0.30000001192092896,0.20000000298023224,0.20000000298023224,0.15000000596046448,0.15000000596046448,1.0,1.0,1.0,1.0
complex_fixed_v018_r3,closed_loop,complex,full,1,0.18,False,10.324641222,1785051139.4890244,1.6854884773964416,0.043104072143330986,0.047630843261711846,0.17004489502796608,-0.2038352712657998,2.0724856143487482,0.18,-0.24716658086208715,20.0,1.6695842560402923,0.01153620429303843,2.669560284625941,0.005349214324432811,3.6362034072289595,-0.0006753397674942249,0.5725722908973694,0.14700575172901154,0.09700575470924377,0.7817739248275757,1.0,0,ROW_FOLLOW,,1.0,124.0,144.0,-0.05815457925200462,-0.03202778100967407,0.0,0.258472740650177,0.0,-0.32252830266952515,0.0,0.5476190447807312,0.6857142448425293,0.95337975025177,0.9311293363571167,1.0,0.4285714328289032,0.7817739248275757,0.30000001192092896,0.20000000298023224,0.20000000298023224,0.15000000596046448,0.15000000596046448,1.0,1.0,1.0,1.0
complex_fixed_v018_r3,closed_loop,complex,full,1,0.18,False,10.371451629,1785051139.5358348,1.6963706740305733,0.04665265268498166,0.03682132814993633,0.16482256169742115,-0.177371653617801,2.0859034729743335,0.18,-0.2551372497522786,20.0,1.6695842560402923,0.01153620429303843,2.669560284625941,0.005349214324432811,3.6362034072289595,-0.0006753397674942249,0.5725722908973694,0.14700575172901154,0.09700575470924377,0.7817739248275757,1.0,0,ROW_FOLLOW,,1.0,124.0,144.0,-0.05815457925200462,-0.03202778100967407,0.0,0.258472740650177,0.0,-0.32252830266952515,0.0,0.5476190447807312,0.6857142448425293,0.95337975025177,0.9311293363571167,1.0,0.4285714328289032,0.7817739248275757,0.30000001192092896,0.20000000298023224,0.20000000298023224,0.15000000596046448,0.15000000596046448,1.0,1.0,1.0,1.0
complex_fixed_v018_r3,closed_loop,complex,full,1,0.18,False,10.421022566,1785051139.585406,1.7049302193840679,0.04662521090881944,0.029580909934214365,0.1687747189813871,-0.17688659889350258,2.0946196360037987,0.18,-0.24912953271243585,21.0,1.6876433636018782,0.012359953749827892,2.68760168752584,0.0036340868292247665,3.688819559909412,-0.0026531663694900065,0.5725577473640442,0.15681613981723785,0.10681614279747009,0.77446448802948,1.0,0,ROW_FOLLOW,,1.0,137.0,139.0,-0.04036198556423187,-0.032790154218673706,0.0,0.2573528289794922,0.0,-0.3229331374168396,0.0,0.523809552192688,0.6857142448425293,0.9532707929611206,0.9301639795303345,1.0,0.4285714328289032,0.77446448802948,0.30000001192092896,0.20000000298023224,0.20000000298023224,0.15000000596046448,0.15000000596046448,1.0,1.0,1.0,1.0
complex_fixed_v018_r3,closed_loop,complex,full,1,0.18,False,10.470587966,1785051139.6349711,1.7173407263664842,0.04977296451282209,0.01978966844445073,0.1738866416355986,-0.16001197974876474,2.108429056962179,0.18,-0.25308187101146784,21.0,1.6876433636018782,0.012359953749827892,2.68760168752584,0.0036340868292247665,3.688819559909412,-0.0026531663694900065,0.5725577473640442,0.15681613981723785,0.10681614279747009,0.77446448802948,1.0,0,ROW_FOLLOW,,1.0,137.0,139.0,-0.04036198556423187,-0.032790154218673706,0.0,0.2573528289794922,0.0,-0.3229331374168396,0.0,0.523809552192688,0.6857142448425293,0.9532707929611206,0.9301639795303345,1.0,0.4285714328289032,0.77446448802948,0.30000001192092896,0.20000000298023224,0.20000000298023224,0.15000000596046448,0.15000000596046448,1.0,1.0,1.0,1.0
complex_fixed_v018_r3,closed_loop,complex,full,1,0.18,False,10.520581635,1785051139.684965,1.7263822311346295,0.0496122926030973,0.012360714321542515,0.17554821265919773,-0.17582349780308903,2.117632307354897,0.18,-0.24203308783468064,20.0,1.70520865890311,0.014266510275730756,2.705132108263077,0.0020765176194956865,3.6717241946209227,-0.009754115453223876,0.5723357200622559,0.15841569006443024,0.10841569304466248,0.7663249969482422,1.0,0,ROW_FOLLOW,,1.0,140.0,143.0,-0.027626879513263702,-0.031731486320495605,0.0,0.2579166889190674,0.0,-0.3213796615600586,0.0,0.4841269850730896,0.7119047045707703,0.9538779258728027,0.9195353984832764,1.0,0.4761904776096344,0.7663249969482422,0.30000001192092896,0.20000000298023224,0.20000000298023224,0.15000000596046448,0.15000000596046448,1.0,1.0,1.0,1.0
complex_fixed_v018_r3,closed_loop,complex,full,1,0.18,False,10.570888241,1785051139.7352715,1.7348475007379456,0.04991588105051415,0.0030039239014487693,0.17868055872446284,-0.14615769869825188,2.1277095353129134,0.18,-0.21921927978818173,20.0,1.70520865890311,0.014266510275730756,2.705132108263077,0.0020765176194956865,3.6717241946209227,-0.009754115453223876,0.5723357200622559,0.15841569006443024,0.10841569304466248,0.7663249969482422,1.0,0,ROW_FOLLOW,,1.0,140.0,143.0,-0.027626879513263702,-0.031731486320495605,0.0,0.2579166889190674,0.0,-0.3213796615600586,0.0,0.4841269850730896,0.7119047045707703,0.9538779258728027,0.9195353984832764,1.0,0.4761904776096344,0.7663249969482422,0.30000001192092896,0.20000000298023224,0.20000000298023224,0.15000000596046448,0.15000000596046448,1.0,1.0,1.0,1.0
complex_fixed_v018_r3,closed_loop,complex,full,1,0.18,False,10.620574989,1785051139.7849581,1.743352581023699,0.049635419034044864,-0.0033870014961365773,0.17807800208616367,-0.16194575458645757,2.1363607220601426,0.18,-0.18905990746764906,20.0,1.7244730377065753,0.016961552685840816,2.72438511128594,0.003820225271266424,3.6909657936056974,-0.00896174136461785,0.5719779133796692,0.16232897341251373,0.11232897639274597,0.7888896465301514,1.0,0,ROW_FOLLOW,,1.0,128.0,149.0,-0.013291222043335438,-0.030562907457351685,0.0,0.25822967290878296,0.0,-0.31935548782348633,0.0,0.5396825671195984,0.7380951642990112,0.9532963633537292,0.9247098565101624,1.0,0.523809552192688,0.7888896465301514,0.30000001192092896,0.20000000298023224,0.20000000298023224,0.15000000596046448,0.15000000596046448,1.0,1.0,1.0,1.0
complex_fixed_v018_r3,closed_loop,complex,full,1,0.18,False,10.671156323,1785051139.8355398,1.7526475247797435,0.04390122787620447,-0.013214644048426205,0.17573402836265936,-0.15284915462835602,2.150896252664256,0.18,-0.14880275728399567,20.0,1.7244730377065753,0.016961552685840816,2.72438511128594,0.003820225271266424,3.6909657936056974,-0.00896174136461785,0.5719779133796692,0.16232897341251373,0.11232897639274597,0.7888896465301514,1.0,0,ROW_FOLLOW,,1.0,128.0,149.0,-0.013291222043335438,-0.030562907457351685,0.0,0.25822967290878296,0.0,-0.31935548782348633,0.0,0.5396825671195984,0.7380951642990112,0.9532963633537292,0.9247098565101624,1.0,0.523809552192688,0.7888896465301514,0.30000001192092896,0.20000000298023224,0.20000000298023224,0.15000000596046448,0.15000000596046448,1.0,1.0,1.0,1.0
complex_fixed_v018_r3,closed_loop,complex,full,1,0.18,False,10.720766653,1785051139.88515,1.7612903275558358,0.04348352858058079,-0.019985927139221975,0.175062153299207,-0.18754786741860058,2.1596953702329134,0.18,-0.1318422271767252,21.0,1.7432152967470433,0.01757523257904563,2.7430954927472038,0.0021833299663757983,3.760496331222658,-0.019387179162009757,0.5651979446411133,0.1441376954317093,0.09413769841194153,0.7936580181121826,1.0,0,ROW_FOLLOW,,1.0,135.0,146.0,-0.0010823067277669907,-0.027902036905288696,0.0,0.25965040922164917,0.0,-0.31545448303222656,0.0,0.5952380895614624,0.7119047045707703,0.9419964551925659,0.8953758478164673,1.0,0.4761904776096344,0.7936580181121826,0.30000001192092896,0.20000000298023224,0.20000000298023224,0.15000000596046448,0.15000000596046448,1.0,1.0,1.0,1.0
complex_fixed_v018_r3,closed_loop,complex,full,1,0.18,False,10.773185673,1785051139.9375691,1.7751939319866321,0.041857478448564134,-0.027507892756728047,0.18355979490866192,-0.17884864188937294,2.173883391358855,0.18,-0.11875149372701331,21.0,1.7432152967470433,0.01757523257904563,2.7430954927472038,0.0021833299663757983,3.760496331222658,-0.019387179162009757,0.5651979446411133,0.1441376954317093,0.09413769841194153,0.7936580181121826,1.0,0,ROW_FOLLOW,,1.0,135.0,146.0,-0.0010823067277669907,-0.027902036905288696,0.0,0.25965040922164917,0.0,-0.31545448303222656,0.0,0.5952380895614624,0.7119047045707703,0.9419964551925659,0.8953758478164673,1.0,0.4761904776096344,0.7936580181121826,0.30000001192092896,0.20000000298023224,0.20000000298023224,0.15000000596046448,0.15000000596046448,1.0,1.0,1.0,1.0
complex_fixed_v018_r3,closed_loop,complex,full,1,0.18,False,10.820703781,1785051139.985087,1.780455816920785,0.0390260203791198,-0.03942762074743909,0.18673778070023409,-0.1829237844356016,2.18293799859869,0.18,-0.09192978109557913,20.0,1.7612947994159824,0.015310095311809319,2.766172409841418,-0.0002880332616901323,3.7277230431658595,-0.015145248011967455,0.5652546882629395,0.15018786489963531,0.10018786787986755,0.8141583204269409,1.0,0,ROW_FOLLOW,,1.0,137.0,151.0,0.019777486100792885,-0.026109084486961365,0.0,0.26107466220855713,0.0,-0.31329283118247986,0.0,0.6428571343421936,0.7380951642990112,0.942091166973114,0.9017595648765564,1.0,0.523809552192688,0.8141583204269409,0.30000001192092896,0.20000000298023224,0.20000000298023224,0.15000000596046448,0.15000000596046448,1.0,1.0,1.0,1.0
complex_fixed_v018_r3,closed_loop,complex,full,1,0.18,False,10.870639304,1785051140.0350225,1.788863664144328,0.03841407065263296,-0.05111193651223188,0.1841513587329935,-0.19492719537145528,2.1915056501218944,0.18,-0.07530140522663722,20.0,1.7612947994159824,0.015310095311809319,2.766172409841418,-0.0002880332616901323,3.7277230431658595,-0.015145248011967455,0.5652546882629395,0.15018786489963531,0.10018786787986755,0.8141583204269409,1.0,0,ROW_FOLLOW,,1.0,137.0,151.0,0.019777486100792885,-0.026109084486961365,0.0,0.26107466220855713,0.0,-0.31329283118247986,0.0,0.6428571343421936,0.7380951642990112,0.942091166973114,0.9017595648765564,1.0,0.523809552192688,0.8141583204269409,0.30000001192092896,0.20000000298023224,0.20000000298023224,0.15000000596046448,0.15000000596046448,1.0,1.0,1.0,1.0
complex_fixed_v018_r3,closed_loop,complex,full,1,0.18,False,10.920885685,1785051140.085269,1.7974843283691158,0.03759334816216875,-0.059642413559210634,0.1815525159668148,-0.21588912487599166,2.200348032704932,0.18,-0.06255723500673938,19.0,1.7793632545179638,0.013483235647043875,2.6792500847232836,-0.0007425418614422632,3.679126193320346,-0.01643911810005988,0.5647152662277222,0.15114964544773102,0.10114964842796326,0.7963216304779053,1.0,0,ROW_FOLLOW,,1.0,145.0,147.0,0.0409386083483696,-0.024029061198234558,0.0,0.2621055543422699,0.0,-0.310163676738739,0.0,0.579365074634552,0.7380951642990112,0.9411919713020325,0.9110307097434998,1.0,0.523809552192688,0.7963216304779053,0.30000001192092896,0.20000000298023224,0.20000000298023224,0.15000000596046448,0.15000000596046448,1.0,1.0,1.0,1.0
complex_fixed_v018_r3,closed_loop,complex,full,1,0.18,False,10.970831289,1785051140.1352146,1.813982987877021,0.03348022301847523,-0.07226893571473522,0.1907742391327281,-0.18719655865089155,2.217705846719452,0.18,-0.03089729133686589,19.0,1.7793632545179638,0.013483235647043875,2.6792500847232836,-0.0007425418614422632,3.679126193320346,-0.01643911810005988,0.5647152662277222,0.15114964544773102,0.10114964842796326,0.7963216304779053,1.0,0,ROW_FOLLOW,,1.0,145.0,147.0,0.0409386083483696,-0.024029061198234558,0.0,0.2621055543422699,0.0,-0.310163676738739,0.0,0.579365074634552,0.7380951642990112,0.9411919713020325,0.9110307097434998,1.0,0.523809552192688,0.7963216304779053,0.30000001192092896,0.20000000298023224,0.20000000298023224,0.15000000596046448,0.15000000596046448,1.0,1.0,1.0,1.0
complex_fixed_v018_r3,closed_loop,complex,full,1,0.18,False,11.020762268,1785051140.1851456,1.823209338490246,0.03242287022239431,-0.08069686122450692,0.18764903179033485,-0.19858239406063297,2.2271786910900433,0.18,-0.01718530146885369,21.0,1.8000401234446113,0.01197154771124101,2.8099127116339635,-0.004017058233873854,3.8225234887032222,-0.02411875653930371,0.5637465119361877,0.1538139134645462,0.10381391644477844,0.7893155813217163,1.0,0,ROW_FOLLOW,,1.0,147.0,144.0,0.06306510418653488,-0.021283239126205444,0.0,0.2635127902030945,0.0,-0.30607926845550537,0.0,0.5714285969734192,0.7119047045707703,0.9395774006843567,0.9172705411911011,1.0,0.4761904776096344,0.7893155813217163,0.30000001192092896,0.20000000298023224,0.20000000298023224,0.15000000596046448,0.15000000596046448,1.0,1.0,1.0,1.0
complex_fixed_v018_r3,closed_loop,complex,full,1,0.18,False,11.070860805,1785051140.235244,1.833409583479222,0.030820374636323065,-0.09335581233871834,0.19257348943500358,-0.21962486232508635,2.2377488922325015,0.18,0.0002873836829706174,21.0,1.8000401234446113,0.01197154771124101,2.8099127116339635,-0.004017058233873854,3.8225234887032222,-0.02411875653930371,0.5637465119361877,0.1538139134645462,0.10381391644477844,0.7893155813217163,1.0,0,ROW_FOLLOW,,1.0,147.0,144.0,0.06306510418653488,-0.021283239126205444,0.0,0.2635127902030945,0.0,-0.30607926845550537,0.0,0.5714285969734192,0.7119047045707703,0.9395774006843567,0.9172705411911011,1.0,0.4761904776096344,0.7893155813217163,0.30000001192092896,0.20000000298023224,0.20000000298023224,0.15000000596046448,0.15000000596046448,1.0,1.0,1.0,1.0
complex_fixed_v018_r3,closed_loop,complex,full,1,0.18,False,11.120647236,1785051140.2850304,1.8420441058019497,0.02973142477805165,-0.0974666542326386,0.1927381265332127,-0.22039600245356744,2.246523566975285,0.18,0.02674742479610735,21.0,1.8205994735938429,0.01200271717113586,2.825487945805468,-0.0028189448215372222,3.83209241307459,-0.01885149884545121,0.5627837777137756,0.15705762803554535,0.10705763101577759,0.7909144163131714,1.0,0,ROW_FOLLOW,,1.0,145.0,139.0,0.08508292585611343,-0.018550246953964233,0.0,0.26387327909469604,0.0,-0.3009737730026245,0.0,0.5634920597076416,0.7380951642990112,0.937973141670227,0.9110206365585327,1.0,0.523809552192688,0.7909144163131714,0.30000001192092896,0.20000000298023224,0.20000000298023224,0.15000000596046448,0.15000000596046448,1.0,1.0,1.0,1.0
complex_fixed_v018_r3,closed_loop,complex,full,1,0.18,False,11.171258203,1785051140.3356416,1.848540933893014,0.02997323801093092,-0.11234109698740548,0.18768561613448065,-0.17240881527712246,2.2585339181681405,0.18,0.044619385278298715,21.0,1.8205994735938429,0.01200271717113586,2.825487945805468,-0.0028189448215372222,3.83209241307459,-0.01885149884545121,0.5627837777137756,0.15705762803554535,0.10705763101577759,0.7909144163131714,1.0,0,ROW_FOLLOW,,1.0,145.0,139.0,0.08508292585611343,-0.018550246953964233,0.0,0.26387327909469604,0.0,-0.3009737730026245,0.0,0.5634920597076416,0.7380951642990112,0.937973141670227,0.9110206365585327,1.0,0.523809552192688,0.7909144163131714,0.30000001192092896,0.20000000298023224,0.20000000298023224,0.15000000596046448,0.15000000596046448,1.0,1.0,1.0,1.0
complex_fixed_v018_r3,closed_loop,complex,full,1,0.18,False,11.220733201,1785051140.3851163,1.858192110037397,0.02850659802102808,-0.11930117357015613,0.18580905794954114,-0.15041792049749103,2.268449685339858,0.18,0.06790307068295948,19.0,1.8376459500041442,0.012563718202678676,2.737534161493823,-0.0014766761402515906,3.7040797504595346,-0.01663620421022557,0.5573337078094482,0.14322353899478912,0.09322354197502136,0.7910493612289429,1.0,0,ROW_FOLLOW,,1.0,120.0,138.0,0.09905233979225159,-0.014548316597938538,0.0,0.26655805110931396,0.0,-0.29565468430519104,0.0,0.579365074634552,0.7380951642990112,0.9288893938064575,0.8922861814498901,1.0,0.523809552192688,0.7910493612289429,0.30000001192092896,0.20000000298023224,0.20000000298023224,0.15000000596046448,0.15000000596046448,1.0,1.0,1.0,1.0
complex_fixed_v018_r3,closed_loop,complex,full,1,0.18,False,11.270701782,1785051140.435085,1.8672371955102682,0.032021584581994916,-0.1274749859885392,0.18358894281794155,-0.1212634793095682,2.281726469575347,0.18,0.05233773634188332,19.0,1.8376459500041442,0.012563718202678676,2.737534161493823,-0.0014766761402515906,3.7040797504595346,-0.01663620421022557,0.5573337078094482,0.14322353899478912,0.09322354197502136,0.7910493612289429,1.0,0,ROW_FOLLOW,,1.0,120.0,138.0,0.09905233979225159,-0.014548316597938538,0.0,0.26655805110931396,0.0,-0.29565468430519104,0.0,0.579365074634552,0.7380951642990112,0.9288893938064575,0.8922861814498901,1.0,0.523809552192688,0.7910493612289429,0.30000001192092896,0.20000000298023224,0.20000000298023224,0.15000000596046448,0.15000000596046448,1.0,1.0,1.0,1.0
complex_fixed_v018_r3,closed_loop,complex,full,1,0.18,False,11.32086368,1785051140.485247,1.8762436835289504,0.030603775987991765,-0.13191316142953904,0.18375699365651246,-0.10055656125378644,2.29094300603268,0.18,0.09264880762478818,20.0,1.8523770083949056,0.01701076045794891,2.8521805051185685,-0.0018081245341457443,3.80397592874748,-0.02121709876940641,0.5624982714653015,0.14217571914196014,0.09217572212219238,0.7984294891357422,1.0,0,ROW_FOLLOW,,1.0,99.0,126.0,0.10238407552242279,-0.007500946521759033,0.0,0.27225422859191895,0.0,-0.287256121635437,0.0,0.634920597076416,0.6857142448425293,0.9374971985816956,0.888739824295044,1.0,0.4285714328289032,0.7984294891357422,0.30000001192092896,0.20000000298023224,0.20000000298023224,0.15000000596046448,0.15000000596046448,1.0,1.0,1.0,1.0
complex_fixed_v018_r3,closed_loop,complex,full,1,0.18,False,11.371138605,1785051140.5355217,1.881185462853371,0.031471652845081306,-0.1367533501594802,0.177329045162891,-0.07486858713748226,2.3049557119430197,0.18,0.09291775184047453,20.0,1.8523770083949056,0.01701076045794891,2.8521805051185685,-0.0018081245341457443,3.80397592874748,-0.02121709876940641,0.5624982714653015,0.14217571914196014,0.09217572212219238,0.7984294891357422,1.0,0,ROW_FOLLOW,,1.0,99.0,126.0,0.10238407552242279,-0.007500946521759033,0.0,0.27225422859191895,0.0,-0.287256121635437,0.0,0.634920597076416,0.6857142448425293,0.9374971985816956,0.888739824295044,1.0,0.4285714328289032,0.7984294891357422,0.30000001192092896,0.20000000298023224,0.20000000298023224,0.15000000596046448,0.15000000596046448,1.0,1.0,1.0,1.0
complex_fixed_v018_r3,closed_loop,complex,full,1,0.18,False,11.421848424,1785051140.5862317,1.8902184623749658,0.030091828871637603,-0.13853370154244224,0.17823136470872522,-0.05023714498508105,2.314131471439857,0.18,0.13202285171120617,21.0,1.8654912199526572,0.02344434934463771,2.865204825259372,-1.8451462503422483e-05,3.880464641558765,-0.022146972350958402,0.554723858833313,0.14008183777332306,0.0900818407535553,0.7960677146911621,1.0,0,ROW_FOLLOW,,1.0,96.0,128.0,0.11159822344779968,-0.0009675025939941406,0.0,0.2775668501853943,0.0,-0.27950185537338257,0.0,0.6587302088737488,0.6595237255096436,0.9245397448539734,0.8775725364685059,1.0,0.380952388048172,0.7960677146911621,0.30000001192092896,0.20000000298023224,0.20000000298023224,0.15000000596046448,0.15000000596046448,1.0,1.0,1.0,1.0
complex_fixed_v018_r3,closed_loop,complex,full,1,0.18,False,11.470691563,1785051140.6350749,1.8944909935136771,0.028408591155163206,-0.1410761471721997,0.17028900600555044,-0.0359644419821316,2.327754822189682,0.18,0.14343327247312293,21.0,1.8654912199526572,0.02344434934463771,2.865204825259372,-1.8451462503422483e-05,3.880464641558765,-0.022146972350958402,0.554723858833313,0.14008183777332306,0.0900818407535553,0.7960677146911621,1.0,0,ROW_FOLLOW,,1.0,96.0,128.0,0.11159822344779968,-0.0009675025939941406,0.0,0.2775668501853943,0.0,-0.27950185537338257,0.0,0.6587302088737488,0.6595237255096436,0.9245397448539734,0.8775725364685059,1.0,0.380952388048172,0.7960677146911621,0.30000001192092896,0.20000000298023224,0.20000000298023224,0.15000000596046448,0.15000000596046448,1.0,1.0,1.0,1.0
complex_fixed_v018_r3,closed_loop,complex,full,1,0.18,False,11.520650511,1785051140.6850338,1.8975904433505348,0.026951192196687727,-0.1431005647571339,0.17317433878071056,-0.02489909402595531,2.3431731043505075,0.18,0.18354675173214371,21.0,1.8809315026776516,0.029282643158128247,2.8805684215115392,0.0023370818420701744,3.8871666090470445,-0.021868565365998086,0.5561075210571289,0.14259500801563263,0.09259501099586487,0.7847046852111816,1.0,0,ROW_FOLLOW,,1.0,99.0,129.0,0.11508730798959732,0.004495978355407715,0.0,0.28235292434692383,0.0,-0.2733609676361084,0.0,0.6190476417541504,0.6595237255096436,0.9266196489334106,0.8784109950065613,1.0,0.380952388048172,0.7847046852111816,0.30000001192092896,0.20000000298023224,0.20000000298023224,0.15000000596046448,0.15000000596046448,1.0,1.0,1.0,1.0
complex_fixed_v018_r3,closed_loop,complex,full,1,0.18,False,11.57118106,1785051140.7355642,1.9065540677998685,0.025581734612744614,-0.1458144701843329,0.1644444805082019,-0.04366153761807283,2.352272445163748,0.18,0.19286335094087803,21.0,1.8809315026776516,0.029282643158128247,2.8805684215115392,0.0023370818420701744,3.8871666090470445,-0.021868565365998086,0.5561075210571289,0.14259500801563263,0.09259501099586487,0.7847046852111816,1.0,0,ROW_FOLLOW,,1.0,99.0,129.0,0.11508730798959732,0.004495978355407715,0.0,0.28235292434692383,0.0,-0.2733609676361084,0.0,0.6190476417541504,0.6595237255096436,0.9266196489334106,0.8784109950065613,1.0,0.380952388048172,0.7847046852111816,0.30000001192092896,0.20000000298023224,0.20000000298023224,0.15000000596046448,0.15000000596046448,1.0,1.0,1.0,1.0
complex_fixed_v018_r3,closed_loop,complex,full,1,0.18,False,11.620570648,1785051140.7849538,1.917990456375619,0.02206762840108942,-0.14734703498419982,0.16879292006041782,-0.034064219015307706,2.3647048077625126,0.18,0.2235658988947482,20.0,1.894172288732717,0.032515877339778225,2.893845699771368,0.00702336311680158,3.826876395432033,-0.016684136074172646,0.557269275188446,0.1517893224954605,0.10178932547569275,0.7914563417434692,1.0,0,ROW_FOLLOW,,1.0,90.0,121.0,0.12363318353891373,0.008617877960205078,0.0,0.28617411851882935,0.0,-0.2689383625984192,0.0,0.6269841194152832,0.6595237255096436,0.9286746978759766,0.904809832572937,1.0,0.380952388048172,0.7914563417434692,0.30000001192092896,0.20000000298023224,0.20000000298023224,0.15000000596046448,0.15000000596046448,1.0,1.0,1.0,1.0
complex_fixed_v018_r3,closed_loop,complex,full,1,0.18,False,11.670417849,1785051140.8348012,1.9268782245197449,0.020709760871858482,-0.14842450682977537,0.16876120870566555,-0.028773873274499463,2.3737103642253414,0.18,0.2423807671748202,20.0,1.894172288732717,0.032515877339778225,2.893845699771368,0.00702336311680158,3.826876395432033,-0.016684136074172646,0.557269275188446,0.1517893224954605,0.10178932547569275,0.7914563417434692,1.0,0,ROW_FOLLOW,,1.0,90.0,121.0,0.12363318353891373,0.008617877960205078,0.0,0.28617411851882935,0.0,-0.2689383625984192,0.0,0.6269841194152832,0.6595237255096436,0.9286746978759766,0.904809832572937,1.0,0.380952388048172,0.7914563417434692,0.30000001192092896,0.20000000298023224,0.20000000298023224,0.15000000596046448,0.15000000596046448,1.0,1.0,1.0,1.0
complex_fixed_v018_r3,closed_loop,complex,full,1,0.18,False,11.720856235,1785051140.8852396,1.9356261483870238,0.019339437772204305,-0.14985618682729832,0.17275307531176393,-0.03621552082518399,2.3825963938801005,0.18,0.2588957984011468,20.0,1.912412133060544,0.033004020556838654,2.912136325536492,0.009718046949526467,3.878539573683717,-0.012660076619292943,0.5573070049285889,0.15359292924404144,0.10359293222427368,0.7821389436721802,1.0,0,ROW_FOLLOW,,1.0,81.0,106.0,0.1295924037694931,0.012595459818840027,0.0,0.28956830501556396,0.0,-0.2643773853778839,0.0,0.579365074634552,0.6857142448425293,0.9282124042510986,0.9036275148391724,1.0,0.4285714328289032,0.7821389436721802,0.30000001192092896,0.20000000298023224,0.20000000298023224,0.15000000596046448,0.15000000596046448,1.0,1.0,1.0,1.0
complex_fixed_v018_r3,closed_loop,complex,full,1,0.18,False,11.770526183,1785051140.9349093,1.9478954647565254,0.016844982152358072,-0.15047467027455314,0.18013621802913662,-0.015218721367989482,2.3951737403954514,0.18,0.27314038405892016,20.0,1.912412133060544,0.033004020556838654,2.912136325536492,0.009718046949526467,3.878539573683717,-0.012660076619292943,0.5573070049285889,0.15359292924404144,0.10359293222427368,0.7821389436721802,1.0,0,ROW_FOLLOW,,1.0,81.0,106.0,0.1295924037694931,0.012595459818840027,0.0,0.28956830501556396,0.0,-0.2643773853778839,0.0,0.579365074634552,0.6857142448425293,0.9282124042510986,0.9036275148391724,1.0,0.4285714328289032,0.7821389436721802,0.30000001192092896,0.20000000298023224,0.20000000298023224,0.15000000596046448,0.15000000596046448,1.0,1.0,1.0,1.0
complex_fixed_v018_r3,closed_loop,complex,full,1,0.18,False,11.820467722,1785051140.984851,1.959145120298467,0.014627863802033366,-0.15124295681679148,0.1811176895723236,-0.017539007149653275,2.4066878320897582,0.18,0.29030296250961557,21.0,1.93026089580382,0.03271943311268057,2.930059017171578,0.01275463681681177,3.9478583479214224,-0.002516825441545134,0.5572921633720398,0.15401209890842438,0.10401210188865662,0.7804892063140869,1.0,0,ROW_FOLLOW,,1.0,90.0,97.0,0.1336955428123474,0.015193045139312744,0.0,0.29220306873321533,0.0,-0.26181697845458984,0.0,0.5634920597076416,0.6857142448425293,0.9288201332092285,0.9235649108886719,1.0,0.4285714328289032,0.7804892063140869,0.30000001192092896,0.20000000298023224,0.20000000298023224,0.15000000596046448,0.15000000596046448,1.0,1.0,1.0,1.0
complex_fixed_v018_r3,closed_loop,complex,full,1,0.18,False,11.871050625,1785051141.035434,1.9681347524707067,0.013234579662157391,-0.15230071763159012,0.18886848813307036,-0.02152783385452141,2.415797352965471,0.18,0.3000943338675982,21.0,1.93026089580382,0.03271943311268057,2.930059017171578,0.01275463681681177,3.9478583479214224,-0.002516825441545134,0.5572921633720398,0.15401209890842438,0.10401210188865662,0.7804892063140869,1.0,0,ROW_FOLLOW,,1.0,90.0,97.0,0.1336955428123474,0.015193045139312744,0.0,0.29220306873321533,0.0,-0.26181697845458984,0.0,0.5634920597076416,0.6857142448425293,0.9288201332092285,0.9235649108886719,1.0,0.4285714328289032,0.7804892063140869,0.30000001192092896,0.20000000298023224,0.20000000298023224,0.15000000596046448,0.15000000596046448,1.0,1.0,1.0,1.0
complex_fixed_v018_r3,closed_loop,complex,full,1,0.18,False,11.920705789,1785051141.085089,1.9772949798519104,0.01181303061150683,-0.15308741506888665,0.18806776118836188,-0.015651750753666954,2.4250849753049053,0.18,0.30583380534731114,19.0,1.9508118631035887,0.03153257551560352,2.8506732097796665,0.01580619893883139,3.850520156863334,-0.001606943679203592,0.5551818013191223,0.14847756922245026,0.0984775722026825,0.7548303604125977,1.0,0,ROW_FOLLOW,,1.0,89.0,80.0,0.13724254071712494,0.01739773154258728,0.0,0.2951103150844574,0.0,-0.26031485199928284,0.0,0.5079364776611328,0.6333332657814026,0.925303041934967,0.9381473064422607,1.0,0.3333333432674408,0.7548303604125977,0.30000001192092896,0.20000000298023224,0.20000000298023224,0.15000000596046448,0.15000000596046448,1.0,1.0,1.0,1.0
complex_fixed_v018_r3,closed_loop,complex,full,1,0.18,False,11.970501213,1785051141.1348846,1.9832539994387348,0.01095698663084307,-0.15401862508104938,0.19868719641832958,-0.0385353263479733,2.437726345855407,0.18,0.31239762926342074,19.0,1.9508118631035887,0.03153257551560352,2.8506732097796665,0.01580619893883139,3.850520156863334,-0.001606943679203592,0.5551818013191223,0.14847756922245026,0.0984775722026825,0.7548303604125977,1.0,0,ROW_FOLLOW,,1.0,89.0,80.0,0.13724254071712494,0.01739773154258728,0.0,0.2951103150844574,0.0,-0.26031485199928284,0.0,0.5079364776611328,0.6333332657814026,0.925303041934967,0.9381473064422607,1.0,0.3333333432674408,0.7548303604125977,0.30000001192092896,0.20000000298023224,0.20000000298023224,0.15000000596046448,0.15000000596046448,1.0,1.0,1.0,1.0
complex_fixed_v018_r3,closed_loop,complex,full,1,0.18,False,12.020668167,1785051141.1850514,1.9921429979565752,0.009557093142746966,-0.1551417624560623,0.19526785422173967,-0.04994717790222038,2.446738522588826,0.18,0.3178759153253518,21.0,1.9696574611302804,0.030442697006309194,2.969534965740962,0.01483731212254153,3.970036710739315,-0.0010097992421556476,0.5540087819099426,0.14889515936374664,0.09889516234397888,0.748633623123169,1.0,0,ROW_FOLLOW,,1.0,89.0,76.0,0.1406998187303543,0.019116610288619995,0.0,0.2972407937049866,0.0,-0.2590075731277466,0.0,0.4841269552707672,0.6333332657814026,0.9233478307723999,0.9470618367195129,1.0,0.3333333432674408,0.748633623123169,0.30000001192092896,0.20000000298023224,0.20000000298023224,0.15000000596046448,0.15000000596046448,1.0,1.0,1.0,1.0
complex_fixed_v018_r3,closed_loop,complex,full,1,0.18,False,12.070766448,1785051141.2351499,2.001342367552399,0.008329507572362432,-0.1543406641305918,0.19881629393567318,-0.001812534186363833,2.4565299436774684,0.18,0.3243565454419047,21.0,1.9696574611302804,0.030442697006309194,2.969534965740962,0.01483731212254153,3.970036710739315,-0.0010097992421556476,0.5540087819099426,0.14889515936374664,0.09889516234397888,0.748633623123169,1.0,0,ROW_FOLLOW,,1.0,89.0,76.0,0.1406998187303543,0.019116610288619995,0.0,0.2972407937049866,0.0,-0.2590075731277466,0.0,0.4841269552707672,0.6333332657814026,0.9233478307723999,0.9470618367195129,1.0,0.3333333432674408,0.748633623123169,0.30000001192092896,0.20000000298023224,0.20000000298023224,0.15000000596046448,0.15000000596046448,1.0,1.0,1.0,1.0
complex_fixed_v018_r3,closed_loop,complex,full,1,0.18,False,12.120943291,1785051141.2853265,2.010658809698237,0.00689489942135741,-0.15410089678207506,0.19536964207739926,0.007200170416750046,2.465958651048439,0.18,0.33340929750141324,19.0,1.9906294546357006,0.029704461477911753,2.8905150950179155,0.01542682977037157,3.923715294183374,-0.001084256511912971,0.5554993152618408,0.15592198073863983,0.10592198371887207,0.7541035413742065,1.0,0,ROW_FOLLOW,,1.0,79.0,82.0,0.1360521763563156,0.022920861840248108,0.0,0.30122512578964233,0.0,-0.2553834021091461,0.0,0.4841269850730896,0.6595237255096436,0.925832211971283,0.9452948570251465,1.0,0.380952388048172,0.7541035413742065,0.30000001192092896,0.20000000298023224,0.20000000298023224,0.15000000596046448,0.15000000596046448,1.0,1.0,1.0,1.0
complex_fixed_v018_r3,closed_loop,complex,full,1,0.18,False,12.173950073,1785051141.3383334,2.024172206286024,0.005740857353671986,-0.15415784496226656,0.17384273858513274,-0.016674319104969464,2.479601010997357,0.18,0.3335068802951841,19.0,1.9906294546357006,0.029704461477911753,2.8905150950179155,0.01542682977037157,3.923715294183374,-0.001084256511912971,0.5554993152618408,0.15592198073863983,0.10592198371887207,0.7541035413742065,1.0,0,ROW_FOLLOW,,1.0,79.0,82.0,0.1360521763563156,0.022920861840248108,0.0,0.30122512578964233,0.0,-0.2553834021091461,0.0,0.4841269850730896,0.6595237255096436,0.925832211971283,0.9452948570251465,1.0,0.380952388048172,0.7541035413742065,0.30000001192092896,0.20000000298023224,0.20000000298023224,0.15000000596046448,0.15000000596046448,1.0,1.0,1.0,1.0
complex_fixed_v018_r3,closed_loop,complex,full,1,0.18,False,12.220762113,1785051141.3851454,2.032320127326618,0.004507156223901016,-0.15339812233330857,0.17503489610661044,-0.005517242565543689,2.4878593840738614,0.18,0.33840399599402615,20.0,2.009354820000843,0.029831052650625318,3.0092246341816025,0.013768145856211231,3.958273160459851,0.00040408381177525223,0.5576460957527161,0.16082368791103363,0.11082369089126587,0.7598552703857422,1.0,0,ROW_FOLLOW,,1.0,79.0,74.0,0.13775667548179626,0.025258883833885193,0.0,0.3033713400363922,0.0,-0.2528535723686218,0.0,0.4841269850730896,0.6857142448425293,0.9294102787971497,0.9439482092857361,1.0,0.4285714328289032,0.7598552703857422,0.30000001192092896,0.20000000298023224,0.20000000298023224,0.15000000596046448,0.15000000596046448,1.0,1.0,1.0,1.0
complex_fixed_v018_r3,closed_loop,complex,full,1,0.18,False,12.270329626,1785051141.434713,2.0374341728950314,0.006856931537746219,-0.15092785107644105,0.15266473298480726,0.06388417422559693,2.5031659546376703,0.18,0.3228516827474435,20.0,2.009354820000843,0.029831052650625318,3.0092246341816025,0.013768145856211231,3.958273160459851,0.00040408381177525223,0.5576460957527161,0.16082368791103363,0.11082369089126587,0.7598552703857422,1.0,0,ROW_FOLLOW,,1.0,79.0,74.0,0.13775667548179626,0.025258883833885193,0.0,0.3033713400363922,0.0,-0.2528535723686218,0.0,0.4841269850730896,0.6857142448425293,0.9294102787971497,0.9439482092857361,1.0,0.4285714328289032,0.7598552703857422,0.30000001192092896,0.20000000298023224,0.20000000298023224,0.15000000596046448,0.15000000596046448,1.0,1.0,1.0,1.0
complex_fixed_v018_r3,closed_loop,complex,full,1,0.18,False,12.321039541,1785051141.4854228,2.043476234487698,0.005318644793336245,-0.14937716515157629,0.15857799111358556,0.08975005216307709,2.5141235432206757,0.18,0.3362715981597578,19.0,2.0244383189627446,0.030975690228869552,2.9243386574318886,0.018032731182667256,3.9908878370009084,0.00274857442159383,0.5582091212272644,0.16330106556415558,0.11330106854438782,0.7555501461029053,1.0,0,ROW_FOLLOW,,1.0,81.0,89.0,0.14138942956924438,0.025247499346733093,0.0,0.3037290871143341,0.0,-0.2532340884208679,0.0,0.4603174328804016,0.6857142448425293,0.9303486943244934,0.9616153240203857,1.0,0.4285714328289032,0.7555501461029053,0.30000001192092896,0.20000000298023224,0.20000000298023224,0.15000000596046448,0.15000000596046448,1.0,1.0,1.0,1.0
complex_fixed_v018_r3,closed_loop,complex,full,1,0.18,False,12.370483274,1785051141.5348666,2.052344427692288,0.004025122726253524,-0.14754102665880087,0.15116079762496074,0.06024502334964968,2.523108965064776,0.18,0.3421540805577902,19.0,2.0244383189627446,0.030975690228869552,2.9243386574318886,0.018032731182667256,3.9908878370009084,0.00274857442159383,0.5582091212272644,0.16330106556415558,0.11330106854438782,0.7555501461029053,1.0,0,ROW_FOLLOW,,1.0,81.0,89.0,0.14138942956924438,0.025247499346733093,0.0,0.3037290871143341,0.0,-0.2532340884208679,0.0,0.4603174328804016,0.6857142448425293,0.9303486943244934,0.9616153240203857,1.0,0.4285714328289032,0.7555501461029053,0.30000001192092896,0.20000000298023224,0.20000000298023224,0.15000000596046448,0.15000000596046448,1.0,1.0,1.0,1.0
complex_fixed_v018_r3,closed_loop,complex,full,1,0.18,False,12.420847323,1785051141.5852306,2.063348327651517,0.004132441903241465,-0.14638302636394454,0.1576411563288309,0.03717387109183104,2.5346159524678256,0.18,0.3445803387957169,20.0,2.0381932627672454,0.030117833088680213,3.048136590166163,0.02182456743028534,4.038329338154064,0.013416317028822077,0.5603207945823669,0.1632310301065445,0.11323103308677673,0.7638940811157227,1.0,0,ROW_FOLLOW,,1.0,85.0,96.0,0.1475292146205902,0.02320714294910431,0.0,0.3023529350757599,0.0,-0.25593864917755127,0.0,0.4920634627342224,0.6857142448425293,0.9338681101799011,0.9490569829940796,1.0,0.4285714328289032,0.7638940811157227,0.30000001192092896,0.20000000298023224,0.20000000298023224,0.15000000596046448,0.15000000596046448,1.0,1.0,1.0,1.0
complex_fixed_v018_r3,closed_loop,complex,full,1,0.18,False,12.470771838,1785051141.6351552,2.072855336784913,0.0027886254329746226,-0.14382843620724017,0.15660592207130836,0.046550266186192145,2.5442479863717318,0.18,0.3504535257847507,20.0,2.0381932627672454,0.030117833088680213,3.048136590166163,0.02182456743028534,4.038329338154064,0.013416317028822077,0.5603207945823669,0.1632310301065445,0.11323103308677673,0.7638940811157227,1.0,0,ROW_FOLLOW,,1.0,85.0,96.0,0.1475292146205902,0.02320714294910431,0.0,0.3023529350757599,0.0,-0.25593864917755127,0.0,0.4920634627342224,0.6857142448425293,0.9338681101799011,0.9490569829940796,1.0,0.4285714328289032,0.7638940811157227,0.30000001192092896,0.20000000298023224,0.20000000298023224,0.15000000596046448,0.15000000596046448,1.0,1.0,1.0,1.0
complex_fixed_v018_r3,closed_loop,complex,full,1,0.18,False,12.520542877,1785051141.6849263,2.0818226115760123,0.00010660045361065239,-0.141434910517538,0.16156992682966612,0.05299462731176729,2.554661671609971,0.18,0.35732906418414245,21.0,2.054229106692396,0.02721063822375255,3.0642023681305077,0.027211607282597642,4.072608372658557,0.03994574766259188,0.558516800403595,0.15596671402454376,0.105966717004776,0.7443239688873291,1.0,0,ROW_FOLLOW,,1.0,89.0,104.0,0.15158800780773163,0.01947389543056488,0.0,0.2995857298374176,0.0,-0.26063793897628784,0.0,0.4682539999485016,0.6333332657814026,0.9308615326881409,0.9400584101676941,1.0,0.3333333432674408,0.7443239688873291,0.30000001192092896,0.20000000298023224,0.20000000298023224,0.15000000596046448,0.15000000596046448,1.0,1.0,1.0,1.0
complex_fixed_v018_r3,closed_loop,complex,full,1,0.18,False,12.570462209,1785051141.7348454,2.0903795704601102,-0.001033218483117426,-0.13782376654151968,0.16756083578705339,0.0659647934898879,2.5633487899700005,0.18,0.36311642475706757,21.0,2.054229106692396,0.02721063822375255,3.0642023681305077,0.027211607282597642,4.072608372658557,0.03994574766259188,0.558516800403595,0.15596671402454376,0.105966717004776,0.7443239688873291,1.0,0,ROW_FOLLOW,,1.0,89.0,104.0,0.15158800780773163,0.01947389543056488,0.0,0.2995857298374176,0.0,-0.26063793897628784,0.0,0.4682539999485016,0.6333332657814026,0.9308615326881409,0.9400584101676941,1.0,0.3333333432674408,0.7443239688873291,0.30000001192092896,0.20000000298023224,0.20000000298023224,0.15000000596046448,0.15000000596046448,1.0,1.0,1.0,1.0
complex_fixed_v018_r3,closed_loop,complex,full,1,0.18,False,12.621216445,1785051141.7855997,2.099050365505579,-0.0021306549299716605,-0.13525949104465554,0.17010863790449507,0.05550747653188838,2.572142914122769,0.18,0.34204549045049604,20.0,2.0717527656669197,0.022108538950256804,3.0767283341590193,0.027942887631684996,4.038371920097308,0.03347937253143988,0.5622419714927673,0.15808840095996857,0.1080884039402008,0.7691917419433594,1.0,0,ROW_FOLLOW,,1.0,93.0,99.0,0.144684836268425,0.017814353108406067,0.0,0.2991389036178589,0.0,-0.26351019740104675,0.0,0.523809552192688,0.6595237255096436,0.9368234276771545,0.951862633228302,1.0,0.380952388048172,0.7691917419433594,0.30000001192092896,0.20000000298023224,0.20000000298023224,0.15000000596046448,0.15000000596046448,1.0,1.0,1.0,1.0
complex_fixed_v018_r3,closed_loop,complex,full,1,0.18,False,12.670406794,1785051141.8347902,2.110820023651658,-0.003455975816702981,-0.13050752951730615,0.17322171234489744,0.08457146316012755,2.5840433497978625,0.18,0.3459437186938058,20.0,2.0717527656669197,0.022108538950256804,3.0767283341590193,0.027942887631684996,4.038371920097308,0.03347937253143988,0.5622419714927673,0.15808840095996857,0.1080884039402008,0.7691917419433594,1.0,0,ROW_FOLLOW,,1.0,93.0,99.0,0.144684836268425,0.017814353108406067,0.0,0.2991389036178589,0.0,-0.26351019740104675,0.0,0.523809552192688,0.6595237255096436,0.9368234276771545,0.951862633228302,1.0,0.380952388048172,0.7691917419433594,0.30000001192092896,0.20000000298023224,0.20000000298023224,0.15000000596046448,0.15000000596046448,1.0,1.0,1.0,1.0
complex_fixed_v018_r3,closed_loop,complex,full,1,0.18,False,12.721216136,1785051141.8855994,2.119455504918793,-0.0044255803087756,-0.12673582115956664,0.17364841669511655,0.09132576563597586,2.5928148845265593,0.18,0.31941231041923174,21.0,2.0941002972853604,0.017706254530195482,3.0940735636451198,0.024670064700244687,4.095987248960071,0.03072838440299372,0.558923602104187,0.16179226338863373,0.11179226636886597,0.7777471542358398,1.0,0,ROW_FOLLOW,,1.0,102.0,102.0,0.1324593424797058,0.018508493900299072,0.0,0.3001576364040375,0.0,-0.26314064860343933,0.0,0.5396825075149536,0.6857141852378845,0.9315392374992371,0.9492783546447754,1.0,0.4285714328289032,0.7777471542358398,0.30000001192092896,0.20000000298023224,0.20000000298023224,0.15000000596046448,0.15000000596046448,1.0,1.0,1.0,1.0
complex_fixed_v018_r3,closed_loop,complex,full,1,0.18,False,12.770365813,1785051141.9347491,2.127820905549214,-0.003805955698682917,-0.12016667204470499,0.17482530136939814,0.12869585276530768,2.603533831205441,0.18,0.30851660864074054,21.0,2.0941002972853604,0.017706254530195482,3.0940735636451198,0.024670064700244687,4.095987248960071,0.03072838440299372,0.558923602104187,0.16179226338863373,0.11179226636886597,0.7777471542358398,1.0,0,ROW_FOLLOW,,1.0,102.0,102.0,0.1324593424797058,0.018508493900299072,0.0,0.3001576364040375,0.0,-0.26314064860343933,0.0,0.5396825075149536,0.6857141852378845,0.9315392374992371,0.9492783546447754,1.0,0.4285714328289032,0.7777471542358398,0.30000001192092896,0.20000000298023224,0.20000000298023224,0.15000000596046448,0.15000000596046448,1.0,1.0,1.0,1.0
complex_fixed_v018_r3,closed_loop,complex,full,1,0.18,False,12.820636291,1785051141.9850197,2.1275942516752835,-0.003074872069912914,-0.11429525316654537,0.17169856466667344,0.1604184100316007,2.6214156168954523,0.18,0.2786839586767817,19.0,2.1123998225898433,0.016129727532457415,3.0123874458630167,0.019838926026049832,4.01237396882972,0.023845761103189478,0.5640143156051636,0.16307656466960907,0.11307656764984131,0.779555082321167,1.0,0,ROW_FOLLOW,,1.0,110.0,108.0,0.11778076738119125,0.020654350519180298,0.0,0.30252373218536377,0.0,-0.2612150311470032,0.0,0.523809552192688,0.7119046449661255,0.9400238990783691,0.9468432664871216,1.0,0.4761904776096344,0.779555082321167,0.30000001192092896,0.20000000298023224,0.20000000298023224,0.15000000596046448,0.15000000596046448,1.0,1.0,1.0,1.0
complex_fixed_v018_r3,closed_loop,complex,full,1,0.18,False,12.870392609,1785051142.0347757,2.14120354398245,-0.0029128973539419814,-0.10393424288131213,0.16511911330581952,0.18687502256631577,2.6352873625891595,0.18,0.2651449499404724,19.0,2.1123998225898433,0.016129727532457415,3.0123874458630167,0.019838926026049832,4.01237396882972,0.023845761103189478,0.5640143156051636,0.16307656466960907,0.11307656764984131,0.779555082321167,1.0,0,ROW_FOLLOW,,1.0,110.0,108.0,0.11778076738119125,0.020654350519180298,0.0,0.30252373218536377,0.0,-0.2612150311470032,0.0,0.523809552192688,0.7119046449661255,0.9400238990783691,0.9468432664871216,1.0,0.4761904776096344,0.779555082321167,0.30000001192092896,0.20000000298023224,0.20000000298023224,0.15000000596046448,0.15000000596046448,1.0,1.0,1.0,1.0
complex_fixed_v018_r3,closed_loop,complex,full,1,0.18,False,12.920632142,1785051142.0850155,2.1489935712834227,-0.003541412424650469,-0.09749123246341362,0.1666329646681064,0.14550573881672274,2.6431866450228725,0.18,0.25884261406042447,20.0,2.1294086604640134,0.017545711920329596,3.1344055644485906,0.01812535266803691,4.080311671468161,0.01882392433726519,0.5623304843902588,0.1591750532388687,0.10917505621910095,0.7804996967315674,1.0,0,ROW_FOLLOW,,1.0,102.0,100.0,0.09816335141658783,0.02393321692943573,0.0,0.30563193559646606,0.0,-0.2577655017375946,0.0,0.5317460298538208,0.7119046449661255,0.9372173547744751,0.941010057926178,1.0,0.4761904776096344,0.7804996967315674,0.30000001192092896,0.20000000298023224,0.20000000298023224,0.15000000596046448,0.15000000596046448,1.0,1.0,1.0,1.0
complex_fixed_v018_r3,closed_loop,complex,full,1,0.18,False,12.970467792,1785051142.134851,2.1578639483831275,-0.004041144611018366,-0.08905902114043228,0.16786758100967175,0.1562206604323809,2.6522419440691283,0.18,0.2511276461677999,20.0,2.1294086604640134,0.017545711920329596,3.1344055644485906,0.01812535266803691,4.080311671468161,0.01882392433726519,0.5623304843902588,0.1591750532388687,0.10917505621910095,0.7804996967315674,1.0,0,ROW_FOLLOW,,1.0,102.0,100.0,0.09816335141658783,0.02393321692943573,0.0,0.30563193559646606,0.0,-0.2577655017375946,0.0,0.5317460298538208,0.7119046449661255,0.9372173547744751,0.941010057926178,1.0,0.4761904776096344,0.7804996967315674,0.30000001192092896,0.20000000298023224,0.20000000298023224,0.15000000596046448,0.15000000596046448,1.0,1.0,1.0,1.0
complex_fixed_v018_r3,closed_loop,complex,full,1,0.18,False,13.020611162,1785051142.1849945,2.160035968634727,-0.003939156655908938,-0.08312679410740431,0.16807685866218558,0.1334611625539747,2.6545645540340597,0.18,0.24965759756753658,21.0,2.142952122813201,0.019874034633040143,3.147951246128027,0.01947256120186857,4.160009814610789,0.02260930185951139,0.5596060752868652,0.15698887407779694,0.10698887705802917,0.7736804485321045,1.0,0,ROW_FOLLOW,,1.0,109.0,108.0,0.08670468628406525,0.02503471076488495,0.0,0.3066554367542267,0.0,-0.2565860152244568,0.0,0.523809552192688,0.6857142448425293,0.9326767921447754,0.9523957371711731,1.0,0.4285714328289032,0.7736804485321045,0.30000001192092896,0.20000000298023224,0.20000000298023224,0.15000000596046448,0.15000000596046448,1.0,1.0,1.0,1.0
complex_fixed_v018_r3,closed_loop,complex,full,1,0.18,False,13.070435931,1785051142.2348194,2.1776973808217432,-0.006965256859299378,-0.07404504321592763,0.1716551264489397,0.19628292638662576,2.672680548410996,0.18,0.2581086018867348,21.0,2.142952122813201,0.019874034633040143,3.147951246128027,0.01947256120186857,4.160009814610789,0.02260930185951139,0.5596060752868652,0.15698887407779694,0.10698887705802917,0.7736804485321045,1.0,0,ROW_FOLLOW,,1.0,109.0,108.0,0.08670468628406525,0.02503471076488495,0.0,0.3066554367542267,0.0,-0.2565860152244568,0.0,0.523809552192688,0.6857142448425293,0.9326767921447754,0.9523957371711731,1.0,0.4285714328289032,0.7736804485321045,0.30000001192092896,0.20000000298023224,0.20000000298023224,0.15000000596046448,0.15000000596046448,1.0,1.0,1.0,1.0
complex_fixed_v018_r3,closed_loop,complex,full,1,0.18,False,13.120615526,1785051142.284999,2.1827444057264525,-0.009825769880761745,-0.0662984363150572,0.17170728383925518,0.18467194685074068,2.686286760152161,0.18,0.2606582804058909,21.0,2.159674831267679,0.020646831930259523,3.1646733721803706,0.019509522821883576,4.16887964537092,0.01933698827681193,0.5620609521865845,0.15583740174770355,0.10583740472793579,0.7544193267822266,1.0,0,ROW_FOLLOW,,1.0,98.0,123.0,0.06815367192029953,0.02676941454410553,0.0,0.3082149922847748,0.0,-0.2546761631965637,0.0,0.4761904776096344,0.6595237255096436,0.9367682337760925,0.9486919641494751,1.0,0.380952388048172,0.7544193267822266,0.30000001192092896,0.20000000298023224,0.20000000298023224,0.15000000596046448,0.15000000596046448,1.0,1.0,1.0,1.0
complex_fixed_v018_r3,closed_loop,complex,full,1,0.18,False,13.170442407,1785051142.3348258,2.191411713622431,-0.010074286636968632,-0.052837325505270975,0.1715999052489382,0.20195010508617448,2.6951099236042677,0.18,0.24568212331103575,21.0,2.159674831267679,0.020646831930259523,3.1646733721803706,0.019509522821883576,4.16887964537092,0.01933698827681193,0.5620609521865845,0.15583740174770355,0.10583740472793579,0.7544193267822266,1.0,0,ROW_FOLLOW,,1.0,98.0,123.0,0.06815367192029953,0.02676941454410553,0.0,0.3082149922847748,0.0,-0.2546761631965637,0.0,0.4761904776096344,0.6595237255096436,0.9367682337760925,0.9486919641494751,1.0,0.380952388048172,0.7544193267822266,0.30000001192092896,0.20000000298023224,0.20000000298023224,0.15000000596046448,0.15000000596046448,1.0,1.0,1.0,1.0
complex_fixed_v018_r3,closed_loop,complex,full,1,0.18,False,13.222555084,1785051142.3869383,2.2009704078207717,-0.00989168967360645,-0.04507355750609187,0.1724490708617165,0.20213233527958896,2.704890747599187,0.18,0.22581572451872073,19.0,2.1764018805416785,0.019522824085776536,3.076401196133568,0.018883139374173238,4.043067163099199,0.018175067020704646,0.5588210225105286,0.15663354098796844,0.10663354396820068,0.780508279800415,1.0,0,ROW_FOLLOW,,1.0,119.0,122.0,0.0489102266728878,0.02770519256591797,0.0,0.30929428339004517,0.0,-0.25388389825820923,0.0,0.5634921193122864,0.6595237255096436,0.9313685297966003,0.95521479845047,1.0,0.380952388048172,0.780508279800415,0.30000001192092896,0.20000000298023224,0.20000000298023224,0.15000000596046448,0.15000000596046448,1.0,1.0,1.0,1.0
complex_fixed_v018_r3,closed_loop,complex,full,1,0.18,False,13.27046994,1785051142.434853,2.2093702508959012,-0.009976907707790682,-0.03309530081226565,0.16742004878251782,0.1901105048799905,2.713426954694358,0.18,0.2110406677283072,19.0,2.1764018805416785,0.019522824085776536,3.076401196133568,0.018883139374173238,4.043067163099199,0.018175067020704646,0.5588210225105286,0.15663354098796844,0.10663354396820068,0.780508279800415,1.0,0,ROW_FOLLOW,,1.0,119.0,122.0,0.0489102266728878,0.02770519256591797,0.0,0.30929428339004517,0.0,-0.25388389825820923,0.0,0.5634921193122864,0.6595237255096436,0.9313685297966003,0.95521479845047,1.0,0.380952388048172,0.780508279800415,0.30000001192092896,0.20000000298023224,0.20000000298023224,0.15000000596046448,0.15000000596046448,1.0,1.0,1.0,1.0
complex_fixed_v018_r3,closed_loop,complex,full,1,0.18,False,13.321569531,1785051142.4859529,2.218436517115656,-0.009891476064900621,-0.025267351933073726,0.16978110785157902,0.1985618946395581,2.7226679922826076,0.18,0.20331377812216722,19.0,2.195929117634814,0.018829997915528588,3.0959240773303023,0.016317802702753775,4.129251386856741,0.013374196107406136,0.5597307085990906,0.159240260720253,0.10924026370048523,0.7918697595596313,1.0,0,ROW_FOLLOW,,1.0,115.0,114.0,0.02454877644777298,0.02895437180995941,0.0,0.31033751368522644,0.0,-0.2524287700653076,0.0,0.5714285969734192,0.7119047045707703,0.9328845143318176,0.9432224035263062,1.0,0.4761904776096344,0.7918697595596313,0.30000001192092896,0.20000000298023224,0.20000000298023224,0.15000000596046448,0.15000000596046448,1.0,1.0,1.0,1.0
complex_fixed_v018_r3,closed_loop,complex,full,1,0.18,False,13.370976016,1785051142.5353591,2.224636507233011,-0.0015394167903772392,-0.012923730840708194,0.16006139300002278,0.2160089182932438,2.73986462435769,0.18,0.12618813849061927,19.0,2.195929117634814,0.018829997915528588,3.0959240773303023,0.016317802702753775,4.129251386856741,0.013374196107406136,0.5597307085990906,0.159240260720253,0.10924026370048523,0.7918697595596313,1.0,0,ROW_FOLLOW,,1.0,115.0,114.0,0.02454877644777298,0.02895437180995941,0.0,0.31033751368522644,0.0,-0.2524287700653076,0.0,0.5714285969734192,0.7119047045707703,0.9328845143318176,0.9432224035263062,1.0,0.4761904776096344,0.7918697595596313,0.30000001192092896,0.20000000298023224,0.20000000298023224,0.15000000596046448,0.15000000596046448,1.0,1.0,1.0,1.0
complex_fixed_v018_r3,closed_loop,complex,full,1,0.18,False,13.420566762,1785051142.58495,2.2262917055240745,0.0002716979657498141,-0.004680755481028866,0.16396788983201557,0.22342910720789427,2.756792361268611,0.18,0.1131583429454539,21.0,2.2116232077318863,0.021751640925849355,3.2166109917118866,0.017394769420235434,4.224792033307436,0.015467114988630478,0.560634195804596,0.15717019140720367,0.10717019438743591,0.7971118688583374,1.0,0,ROW_FOLLOW,,1.0,121.0,122.0,0.002676369622349739,0.030110925436019897,0.0,0.3112386465072632,0.0,-0.2510167956352234,0.0,0.5714285969734192,0.7380951642990112,0.9343903064727783,0.9412409663200378,1.0,0.523809552192688,0.7971118688583374,0.30000001192092896,0.20000000298023224,0.20000000298023224,0.15000000596046448,0.15000000596046448,1.0,1.0,1.0,1.0
complex_fixed_v018_r3,closed_loop,complex,full,1,0.18,False,13.470526926,1785051142.63491,2.2349751096946835,0.0005780853261810214,0.009120398955073657,0.15454214046447215,0.22176970173204183,2.7656429499233908,0.18,0.09355569085400459,21.0,2.2116232077318863,0.021751640925849355,3.2166109917118866,0.017394769420235434,4.224792033307436,0.015467114988630478,0.560634195804596,0.15717019140720367,0.10717019438743591,0.7971118688583374,1.0,0,ROW_FOLLOW,,1.0,121.0,122.0,0.002676369622349739,0.030110925436019897,0.0,0.3112386465072632,0.0,-0.2510167956352234,0.0,0.5714285969734192,0.7380951642990112,0.9343903064727783,0.9412409663200378,1.0,0.523809552192688,0.7971118688583374,0.30000001192092896,0.20000000298023224,0.20000000298023224,0.15000000596046448,0.15000000596046448,1.0,1.0,1.0,1.0
complex_fixed_v018_r3,closed_loop,complex,full,1,0.18,False,13.520464947,1785051142.684848,2.2440836166307974,-7.971452248549049e-05,0.01841952766779632,0.16216385933392302,0.21675665503041183,2.7750805510016883,0.18,0.08641547311883621,19.0,2.229143388203134,0.025643898748373806,3.1291314026015904,0.02285635266759572,4.162451621839415,0.019888285964272657,0.5616260170936584,0.1591629534959793,0.10916295647621155,0.7911089658737183,1.0,0,ROW_FOLLOW,,1.0,121.0,116.0,-0.015682006254792213,0.029438301920890808,0.0,0.31051012873649597,0.0,-0.25163352489471436,0.0,0.5476189851760864,0.7380951642990112,0.9360434412956238,0.9466368556022644,1.0,0.523809552192688,0.7911089658737183,0.30000001192092896,0.20000000298023224,0.20000000298023224,0.15000000596046448,0.15000000596046448,1.0,1.0,1.0,1.0
complex_fixed_v018_r3,closed_loop,complex,full,1,0.18,False,13.570465753,1785051142.734849,2.252622978489657,0.00035068770463435154,0.029392823905205468,0.16531492230951136,0.19727313059788995,2.7837536758816506,0.18,0.08749044276881486,19.0,2.229143388203134,0.025643898748373806,3.1291314026015904,0.02285635266759572,4.162451621839415,0.019888285964272657,0.5616260170936584,0.1591629534959793,0.10916295647621155,0.7911089658737183,1.0,0,ROW_FOLLOW,,1.0,121.0,116.0,-0.015682006254792213,0.029438301920890808,0.0,0.31051012873649597,0.0,-0.25163352489471436,0.0,0.5476189851760864,0.7380951642990112,0.9360434412956238,0.9466368556022644,1.0,0.523809552192688,0.7911089658737183,0.30000001192092896,0.20000000298023224,0.20000000298023224,0.15000000596046448,0.15000000596046448,1.0,1.0,1.0,1.0
complex_fixed_v018_r3,closed_loop,complex,full,1,0.18,False,13.62069351,1785051142.7850766,2.261605591997908,0.0010172463544901428,0.03838877610153093,0.1694502528278416,0.2075039090891227,2.7929516079941794,0.18,0.07429875177349868,20.0,2.2434834261739716,0.029414559125660388,3.276808365005428,0.02806534470964776,4.193203276119085,0.02296455111086907,0.5602021813392639,0.15341927111148834,0.10341927409172058,0.779374361038208,1.0,0,ROW_FOLLOW,,1.0,114.0,130.0,-0.03861201927065849,0.029232829809188843,0.0,0.3104861080646515,0.0,-0.2520204484462738,0.0,0.5476190447807312,0.6857142448425293,0.933670163154602,0.9414119720458984,1.0,0.4285714328289032,0.779374361038208,0.30000001192092896,0.20000000298023224,0.20000000298023224,0.15000000596046448,0.15000000596046448,1.0,1.0,1.0,1.0
complex_fixed_v018_r3,closed_loop,complex,full,1,0.18,False,13.671259517,1785051142.8356428,2.27678811654339,0.0046221691683481945,0.049628846316807515,0.1869361907538528,0.2017018324655671,2.809029643248139,0.18,0.06181655519794165,20.0,2.2434834261739716,0.029414559125660388,3.276808365005428,0.02806534470964776,4.193203276119085,0.02296455111086907,0.5602021813392639,0.15341927111148834,0.10341927409172058,0.779374361038208,1.0,0,ROW_FOLLOW,,1.0,114.0,130.0,-0.03861201927065849,0.029232829809188843,0.0,0.3104861080646515,0.0,-0.2520204484462738,0.0,0.5476190447807312,0.6857142448425293,0.933670163154602,0.9414119720458984,1.0,0.4285714328289032,0.779374361038208,0.30000001192092896,0.20000000298023224,0.20000000298023224,0.15000000596046448,0.15000000596046448,1.0,1.0,1.0,1.0
complex_fixed_v018_r3,closed_loop,complex,full,1,0.18,False,13.720595407,1785051142.8849788,2.285309317200089,0.0052445488111687874,0.05643379395366569,0.18580461351383393,0.17494706424006146,2.8176666653631406,0.18,0.052315345348921405,21.0,2.263662334144355,0.031122299308677426,3.2969937008067816,0.031236664165796207,4.285367334930836,0.029371816468080306,0.562957227230072,0.15649773180484772,0.10649773478507996,0.7848552465438843,1.0,0,ROW_FOLLOW,,1.0,125.0,141.0,-0.058627061545848846,0.028513863682746887,0.0,0.30956441164016724,0.0,-0.25253668427467346,0.0,0.5634920001029968,0.6857142448425293,0.9374972581863403,0.9411023259162903,1.0,0.4285714328289032,0.7848552465438843,0.30000001192092896,0.20000000298023224,0.20000000298023224,0.15000000596046448,0.15000000596046448,1.0,1.0,1.0,1.0
complex_fixed_v018_r3,closed_loop,complex,full,1,0.18,False,13.770875677,1785051142.9352589,2.300023140892454,0.007861462530346208,0.0664230236517187,0.1996763283173066,0.18053640939511845,2.832843098293095,0.18,0.03234551203076401,21.0,2.263662334144355,0.031122299308677426,3.2969937008067816,0.031236664165796207,4.285367334930836,0.029371816468080306,0.562957227230072,0.15649773180484772,0.10649773478507996,0.7848552465438843,1.0,0,ROW_FOLLOW,,1.0,125.0,141.0,-0.058627061545848846,0.028513863682746887,0.0,0.30956441164016724,0.0,-0.25253668427467346,0.0,0.5634920001029968,0.6857142448425293,0.9374972581863403,0.9411023259162903,1.0,0.4285714328289032,0.7848552465438843,0.30000001192092896,0.20000000298023224,0.20000000298023224,0.15000000596046448,0.15000000596046448,1.0,1.0,1.0,1.0
complex_fixed_v018_r3,closed_loop,complex,full,1,0.18,False,13.820682846,1785051142.9850662,2.31155061003971,0.005202509184742431,0.07273927204691556,0.20158612844047474,0.13636588708131336,2.8460607052031723,0.18,0.034926527440774686,20.0,2.2831691507328244,0.03148025714854588,3.316501487837797,0.03111843613601235,4.249833962371057,0.030829078069276785,0.5581730604171753,0.1539987474679947,0.10399875044822693,0.798049807548523,1.0,0,ROW_FOLLOW,,1.0,122.0,134.0,-0.06823290884494781,0.02588513493537903,0.0,0.3065108060836792,0.0,-0.25474053621292114,0.0,0.5952380895614624,0.7119047045707703,0.9302884936332703,0.9402649402618408,1.0,0.4761904776096344,0.798049807548523,0.30000001192092896,0.20000000298023224,0.20000000298023224,0.15000000596046448,0.15000000596046448,1.0,1.0,1.0,1.0
complex_fixed_v018_r3,closed_loop,complex,full,1,0.18,False,13.87094078,1785051143.035324,2.320477046745034,0.00601994444235663,0.0790704453991813,0.19818706560911692,0.10151701325279604,2.8550941519655324,0.18,0.025594618039429286,20.0,2.2831691507328244,0.03148025714854588,3.316501487837797,0.03111843613601235,4.249833962371057,0.030829078069276785,0.5581730604171753,0.1539987474679947,0.10399875044822693,0.798049807548523,1.0,0,ROW_FOLLOW,,1.0,122.0,134.0,-0.06823290884494781,0.02588513493537903,0.0,0.3065108060836792,0.0,-0.25474053621292114,0.0,0.5952380895614624,0.7119047045707703,0.9302884936332703,0.9402649402618408,1.0,0.4761904776096344,0.798049807548523,0.30000001192092896,0.20000000298023224,0.20000000298023224,0.15000000596046448,0.15000000596046448,1.0,1.0,1.0,1.0
complex_fixed_v018_r3,closed_loop,complex,full,1,0.18,False,13.920982739,1785051143.085366,2.3284413654619582,0.006850108352367969,0.08311358984246642,0.19456203238032613,0.08395107684685116,2.8631864928483397,0.18,0.019161707375736994,19.0,2.305424013907111,0.03137031547050911,3.205421941912729,0.03195215261772443,4.205419719246105,0.03276517506953928,0.5606648325920105,0.1600528508424759,0.11005285382270813,0.8217345476150513,1.0,0,ROW_FOLLOW,,1.0,127.0,136.0,-0.08031094074249268,0.023070231080055237,0.0,0.3039892613887787,0.0,-0.2578487992286682,0.0,0.634920597076416,0.764285683631897,0.9344414472579956,0.9434192180633545,1.0,0.5714285969734192,0.8217345476150513,0.30000001192092896,0.20000000298023224,0.20000000298023224,0.15000000596046448,0.15000000596046448,1.0,1.0,1.0,1.0
complex_fixed_v018_r3,closed_loop,complex,full,1,0.18,False,13.970903832,1785051143.135287,2.3387676455426436,0.0030328287043623918,0.08999208860147426,0.19626954107327038,0.11814088025450321,2.87729463578492,0.18,0.024874349960596145,19.0,2.305424013907111,0.03137031547050911,3.205421941912729,0.03195215261772443,4.205419719246105,0.03276517506953928,0.5606648325920105,0.1600528508424759,0.11005285382270813,0.8217345476150513,1.0,0,ROW_FOLLOW,,1.0,127.0,136.0,-0.08031094074249268,0.023070231080055237,0.0,0.3039892613887787,0.0,-0.2578487992286682,0.0,0.634920597076416,0.764285683631897,0.9344414472579956,0.9434192180633545,1.0,0.5714285969734192,0.8217345476150513,0.30000001192092896,0.20000000298023224,0.20000000298023224,0.15000000596046448,0.15000000596046448,1.0,1.0,1.0,1.0
complex_fixed_v018_r3,closed_loop,complex,full,1,0.18,False,14.021226343,1785051143.1856098,2.3561945377862807,0.001708833470798617,0.09329452801093785,0.19344963759298792,0.08931928288300518,2.8951116254743425,0.18,0.011382062412489444,21.0,2.3262047003570063,0.028091989914458576,3.331198965510963,0.031158531597767363,4.347688692624818,0.034017267563085374,0.5605519413948059,0.15789304673671722,0.10789304971694946,0.8219954967498779,1.0,0,ROW_FOLLOW,,1.0,128.0,141.0,-0.08824755996465683,0.019962996244430542,0.0,0.3010566234588623,0.0,-0.2611306309700012,0.0,0.6428571343421936,0.764285683631897,0.9342531561851501,0.929537296295166,1.0,0.5714285969734192,0.8219954967498779,0.30000001192092896,0.20000000298023224,0.20000000298023224,0.15000000596046448,0.15000000596046448,1.0,1.0,1.0,1.0
complex_fixed_v018_r3,closed_loop,complex,full,1,0.18,False,14.070730719,1785051143.235114,2.3656041484527686,0.002705377646139966,0.0971684016992986,0.19281366363125707,0.05816318867097935,2.9046197718977753,0.18,0.005341328628341542,21.0,2.3262047003570063,0.028091989914458576,3.331198965510963,0.031158531597767363,4.347688692624818,0.034017267563085374,0.5605519413948059,0.15789304673671722,0.10789304971694946,0.8219954967498779,1.0,0,ROW_FOLLOW,,1.0,128.0,141.0,-0.08824755996465683,0.019962996244430542,0.0,0.3010566234588623,0.0,-0.2611306309700012,0.0,0.6428571343421936,0.764285683631897,0.9342531561851501,0.929537296295166,1.0,0.5714285969734192,0.8219954967498779,0.30000001192092896,0.20000000298023224,0.20000000298023224,0.15000000596046448,0.15000000596046448,1.0,1.0,1.0,1.0
complex_fixed_v018_r3,closed_loop,complex,full,1,0.18,False,14.121210132,1785051143.2855933,2.374210218682195,0.0036721944561603982,0.0994336456222631,0.19006470492354885,0.07293639629820392,2.913336430601093,0.18,0.001424500278734328,21.0,2.350064755495708,0.02445420022644844,3.3500517867831454,0.029312460279607808,4.360873710265375,0.03349330568866764,0.5590413808822632,0.15883870422840118,0.10883870720863342,0.8273108005523682,1.0,0,ROW_FOLLOW,,1.0,133.0,132.0,-0.09270842373371124,0.01584714651107788,0.0,0.29674941301345825,0.0,-0.2650551199913025,0.0,0.658730149269104,0.764285683631897,0.9317355155944824,0.9365828633308411,1.0,0.5714285969734192,0.8273108005523682,0.30000001192092896,0.20000000298023224,0.20000000298023224,0.15000000596046448,0.15000000596046448,1.0,1.0,1.0,1.0
complex_fixed_v018_r3,closed_loop,complex,full,1,0.18,False,14.170421411,1785051143.3348048,2.3824202200655944,0.004209002580470687,0.1046578672400691,0.17195925172320947,0.08139987411477334,2.9242772784011217,0.18,-0.03490893513358446,21.0,2.350064755495708,0.02445420022644844,3.3500517867831454,0.029312460279607808,4.360873710265375,0.03349330568866764,0.5590413808822632,0.15883870422840118,0.10883870720863342,0.8273108005523682,1.0,0,ROW_FOLLOW,,1.0,133.0,132.0,-0.09270842373371124,0.01584714651107788,0.0,0.29674941301345825,0.0,-0.2650551199913025,0.0,0.658730149269104,0.764285683631897,0.9317355155944824,0.9365828633308411,1.0,0.5714285969734192,0.8273108005523682,0.30000001192092896,0.20000000298023224,0.20000000298023224,0.15000000596046448,0.15000000596046448,1.0,1.0,1.0,1.0
complex_fixed_v018_r3,closed_loop,complex,full,1,0.18,False,14.22064104,1785051143.3850243,2.3907201624281758,0.005233753891068719,0.10808311949050699,0.17352817885092756,0.08059025459955728,2.9327157496456486,0.18,-0.0716524336581352,20.0,2.3708222878819516,0.02024290610627855,3.3708040894293405,0.02625466278734251,4.3041204372613695,0.03187401427635556,0.5612660646438599,0.15374375879764557,0.10374376177787781,0.8098846673965454,1.0,0,ROW_FOLLOW,,1.0,140.0,133.0,-0.100144162774086,0.012097015976905823,0.0,0.2929822504520416,0.0,-0.26878821849823,0.0,0.6111111044883728,0.7380951642990112,0.9354433417320251,0.945624053478241,1.0,0.523809552192688,0.8098846673965454,0.30000001192092896,0.20000000298023224,0.20000000298023224,0.15000000596046448,0.15000000596046448,1.0,1.0,1.0,1.0
complex_fixed_v018_r3,closed_loop,complex,full,1,0.18,False,14.270379279,1785051143.4347625,2.3945602110396127,0.005890003599509358,0.11350432666036876,0.17411674199162963,0.09123573734181174,2.9367571996192803,0.18,-0.08182820889799158,20.0,2.3708222878819516,0.02024290610627855,3.3708040894293405,0.02625466278734251,4.3041204372613695,0.03187401427635556,0.5612660646438599,0.15374375879764557,0.10374376177787781,0.8098846673965454,1.0,0,ROW_FOLLOW,,1.0,140.0,133.0,-0.100144162774086,0.012097015976905823,0.0,0.2929822504520416,0.0,-0.26878821849823,0.0,0.6111111044883728,0.7380951642990112,0.9354433417320251,0.945624053478241,1.0,0.523809552192688,0.8098846673965454,0.30000001192092896,0.20000000298023224,0.20000000298023224,0.15000000596046448,0.15000000596046448,1.0,1.0,1.0,1.0
complex_fixed_v018_r3,closed_loop,complex,full,1,0.18,False,14.321728637,1785051143.486112,2.3936187364835892,0.005928979476833541,0.11664851742457391,0.17405937554053935,0.07934245881566676,2.937782927202907,0.18,-0.08707785229280171,20.0,2.386099814669786,0.016962989257300196,3.3910725837025404,0.024289575597343,4.352713164784493,0.03130340222995301,0.5616307854652405,0.15807457268238068,0.10807457566261292,0.782294750213623,1.0,0,ROW_FOLLOW,,1.0,132.0,131.0,-0.10778984427452087,0.008154958486557007,0.0,0.28863173723220825,0.0,-0.27232182025909424,0.0,0.5714285969734192,0.6595237255096436,0.934255063533783,0.9474022388458252,1.0,0.380952388048172,0.782294750213623,0.30000001192092896,0.20000000298023224,0.20000000298023224,0.15000000596046448,0.15000000596046448,1.0,1.0,1.0,1.0
complex_fixed_v018_r3,closed_loop,complex,full,1,0.18,False,14.37045507,1785051143.5348382,2.4059997411529412,0.00944471160602713,0.12036631092650603,0.14592535287081032,0.04741982602332387,2.951012908619601,0.18,-0.12782022105374308,20.0,2.386099814669786,0.016962989257300196,3.3910725837025404,0.024289575597343,4.352713164784493,0.03130340222995301,0.5616307854652405,0.15807457268238068,0.10807457566261292,0.782294750213623,1.0,0,ROW_FOLLOW,,1.0,132.0,131.0,-0.10778984427452087,0.008154958486557007,0.0,0.28863173723220825,0.0,-0.27232182025909424,0.0,0.5714285969734192,0.6595237255096436,0.934255063533783,0.9474022388458252,1.0,0.380952388048172,0.782294750213623,0.30000001192092896,0.20000000298023224,0.20000000298023224,0.15000000596046448,0.15000000596046448,1.0,1.0,1.0,1.0
complex_fixed_v018_r3,closed_loop,complex,full,1,0.18,False,14.420631721,1785051143.585015,2.4152360409717777,0.01068385312651108,0.12254656520644813,0.15291324304058557,0.0746722217100268,2.9603829266980513,0.18,-0.13525419447047374,20.0,2.3997984314592866,0.014873275568384525,3.404744925903325,0.02470523117108876,4.399691774780453,0.03444859817184615,0.557422935962677,0.16008208692073822,0.11008208990097046,0.8053567409515381,1.0,0,ROW_FOLLOW,,1.0,141.0,100.0,-0.10830479860305786,0.0025662481784820557,0.0,0.28233301639556885,0.0,-0.27720052003860474,0.0,0.6349206566810608,0.6857142448425293,0.9290383458137512,0.9461997747421265,1.0,0.4285714328289032,0.8053567409515381,0.30000001192092896,0.20000000298023224,0.20000000298023224,0.15000000596046448,0.15000000596046448,1.0,1.0,1.0,1.0
complex_fixed_v018_r3,closed_loop,complex,full,1,0.18,False,14.470524077,1785051143.6349075,2.4237975257131974,0.01635444811693022,0.1263193095742498,0.14912742174559426,0.05740859526092129,2.9732997553125844,0.18,-0.1799979358383013,20.0,2.3997984314592866,0.014873275568384525,3.404744925903325,0.02470523117108876,4.399691774780453,0.03444859817184615,0.557422935962677,0.16008208692073822,0.11008208990097046,0.8053567409515381,1.0,0,ROW_FOLLOW,,1.0,141.0,100.0,-0.10830479860305786,0.0025662481784820557,0.0,0.28233301639556885,0.0,-0.27720052003860474,0.0,0.6349206566810608,0.6857142448425293,0.9290383458137512,0.9461997747421265,1.0,0.4285714328289032,0.8053567409515381,0.30000001192092896,0.20000000298023224,0.20000000298023224,0.15000000596046448,0.15000000596046448,1.0,1.0,1.0,1.0
complex_fixed_v018_r3,closed_loop,complex,full,1,0.18,False,14.520666391,1785051143.6850495,2.433106684085215,0.017615747039534498,0.1271920452433708,0.1563587129318092,0.020375351383281927,2.9827132862942203,0.18,-0.18920615516916187,20.0,2.41087954039601,0.013120733138500281,3.420749412349384,0.02836638241932371,4.410622107495978,0.04330172671236019,0.5570721626281738,0.15498055517673492,0.10498055815696716,0.8053390979766846,1.0,0,ROW_FOLLOW,,1.0,142.0,85.0,-0.10458957403898239,-0.0043345242738723755,0.0,0.27511218190193176,0.0,-0.2837812304496765,0.0,0.6507936716079712,0.6857142448425293,0.9284536242485046,0.9151163697242737,1.0,0.4285714328289032,0.8053390979766846,0.30000001192092896,0.20000000298023224,0.20000000298023224,0.15000000596046448,0.15000000596046448,1.0,1.0,1.0,1.0
complex_fixed_v018_r3,closed_loop,complex,full,1,0.18,False,14.570462904,1785051143.734846,2.4462685452119404,0.022094290672499958,0.12880847391299044,0.16605375848134676,0.014542291375686236,2.9970490795661413,0.18,-0.21481668519632294,20.0,2.41087954039601,0.013120733138500281,3.420749412349384,0.02836638241932371,4.410622107495978,0.04330172671236019,0.5570721626281738,0.15498055517673492,0.10498055815696716,0.8053390979766846,1.0,0,ROW_FOLLOW,,1.0,142.0,85.0,-0.10458957403898239,-0.0043345242738723755,0.0,0.27511218190193176,0.0,-0.2837812304496765,0.0,0.6507936716079712,0.6857142448425293,0.9284536242485046,0.9151163697242737,1.0,0.4285714328289032,0.8053390979766846,0.30000001192092896,0.20000000298023224,0.20000000298023224,0.15000000596046448,0.15000000596046448,1.0,1.0,1.0,1.0
complex_fixed_v018_r3,closed_loop,complex,full,1,0.18,False,14.620679461,1785051143.7850626,2.4556023113767873,0.023344512699732468,0.12955196778574773,0.16953430716601575,0.040486660867533115,3.0064845901919943,0.18,-0.21706563156155287,21.0,2.431680206181129,0.012264574158033422,3.436421949365825,0.034221725411229316,4.4551002845889665,0.06976703269601296,0.5596583485603333,0.1515316218137741,0.10153162479400635,0.8136273622512817,1.0,0,ROW_FOLLOW,,1.0,136.0,82.0,-0.09988301247358322,-0.011819764971733093,0.0,0.2672799229621887,0.0,-0.2909194529056549,0.0,0.6825396418571472,0.6857142448425293,0.9327636957168579,0.9011322855949402,1.0,0.4285714328289032,0.8136273622512817,0.30000001192092896,0.20000000298023224,0.20000000298023224,0.15000000596046448,0.15000000596046448,1.0,1.0,1.0,1.0
complex_fixed_v018_r3,closed_loop,complex,full,1,0.18,False,14.670955251,1785051143.8353386,2.467427870839325,0.023868233060414353,0.13166172915922525,0.18423707257335598,0.038599069200980135,3.0184942113006996,0.18,-0.222387447120344,21.0,2.431680206181129,0.012264574158033422,3.436421949365825,0.034221725411229316,4.4551002845889665,0.06976703269601296,0.5596583485603333,0.1515316218137741,0.10153162479400635,0.8136273622512817,1.0,0,ROW_FOLLOW,,1.0,136.0,82.0,-0.09988301247358322,-0.011819764971733093,0.0,0.2672799229621887,0.0,-0.2909194529056549,0.0,0.6825396418571472,0.6857142448425293,0.9327636957168579,0.9011322855949402,1.0,0.4285714328289032,0.8136273622512817,0.30000001192092896,0.20000000298023224,0.20000000298023224,0.15000000596046448,0.15000000596046448,1.0,1.0,1.0,1.0
complex_fixed_v018_r3,closed_loop,complex,full,1,0.18,False,14.720707698,1785051143.885091,2.472363747436362,0.02236739448314141,0.13248302186200345,0.19081136647944286,0.0151687234090175,3.0334794854954725,0.18,-0.22828157577580668,21.0,2.4477028397783376,0.009001006389735737,3.452379614303259,0.03432610000117916,4.458887607750313,0.06095819572622253,0.5587427616119385,0.15232552587985992,0.10232552886009216,0.8026467561721802,1.0,0,ROW_FOLLOW,,1.0,123.0,97.0,-0.10768920183181763,-0.017644017934799194,0.0,0.26118287444114685,0.0,-0.29647091031074524,0.0,0.6507936716079712,0.6595237255096436,0.9312379956245422,0.9283748865127563,1.0,0.380952388048172,0.8026467561721802,0.30000001192092896,0.20000000298023224,0.20000000298023224,0.15000000596046448,0.15000000596046448,1.0,1.0,1.0,1.0
complex_fixed_v018_r3,closed_loop,complex,full,1,0.18,False,14.77245342,1785051143.9368367,2.4815710061590783,0.02362031976778666,0.13313980238628803,0.1899733028908524,0.010171576552582632,3.0427804321480147,0.18,-0.23581382067210033,21.0,2.4477028397783376,0.009001006389735737,3.452379614303259,0.03432610000117916,4.458887607750313,0.06095819572622253,0.5587427616119385,0.15232552587985992,0.10232552886009216,0.8026467561721802,1.0,0,ROW_FOLLOW,,1.0,123.0,97.0,-0.10768920183181763,-0.017644017934799194,0.0,0.26118287444114685,0.0,-0.29647091031074524,0.0,0.6507936716079712,0.6595237255096436,0.9312379956245422,0.9283748865127563,1.0,0.380952388048172,0.8026467561721802,0.30000001192092896,0.20000000298023224,0.20000000298023224,0.15000000596046448,0.15000000596046448,1.0,1.0,1.0,1.0
complex_fixed_v018_r3,closed_loop,complex,full,1,0.18,False,14.820649565,1785051143.985033,2.49125516084569,0.022766289313817058,0.13364230873272787,0.19202964638488557,0.015744675074635398,3.0546563156387374,0.18,-0.2550209316786488,20.0,2.4671457456082417,0.004407047677387388,3.47179343515157,0.030945440635070348,4.399801835969521,0.05544388880430425,0.5566923022270203,0.1569385975599289,0.10693860054016113,0.7968490123748779,1.0,0,ROW_FOLLOW,,1.0,129.0,87.0,-0.10746708512306213,-0.02323213219642639,0.0,0.25534069538116455,0.0,-0.30180495977401733,0.0,0.6587302088737488,0.6071427464485168,0.9278205037117004,0.9482482075691223,1.0,0.2857142984867096,0.7968490123748779,0.30000001192092896,0.20000000298023224,0.20000000298023224,0.15000000596046448,0.15000000596046448,1.0,1.0,1.0,1.0
complex_fixed_v018_r3,closed_loop,complex,full,1,0.18,False,14.871013327,1785051144.0353966,2.503644393051154,0.02377386863684096,0.1343074715195937,0.19689539788992486,0.01775160293120831,3.067984488656438,0.18,-0.262044603924746,20.0,2.4671457456082417,0.004407047677387388,3.47179343515157,0.030945440635070348,4.399801835969521,0.05544388880430425,0.5566923022270203,0.1569385975599289,0.10693860054016113,0.7968490123748779,1.0,0,ROW_FOLLOW,,1.0,129.0,87.0,-0.10746708512306213,-0.02323213219642639,0.0,0.25534069538116455,0.0,-0.30180495977401733,0.0,0.6587302088737488,0.6071427464485168,0.9278205037117004,0.9482482075691223,1.0,0.2857142984867096,0.7968490123748779,0.30000001192092896,0.20000000298023224,0.20000000298023224,0.15000000596046448,0.15000000596046448,1.0,1.0,1.0,1.0
complex_fixed_v018_r3,closed_loop,complex,full,1,0.18,False,14.920794831,1785051144.0851781,2.5128496989463276,0.025011590897097324,0.13409397802684714,0.19519763639852183,-0.005972771003424715,3.0772811382774736,0.18,-0.2948377196711555,21.0,2.4862509979449263,0.000675199065781318,3.490992934986398,0.02311148809133508,4.48782825020641,0.043054114077409944,0.5560185313224792,0.1579061895608902,0.10790619254112244,0.7985666990280151,1.0,0,ROW_FOLLOW,,1.0,111.0,105.0,-0.1176585853099823,-0.024702414870262146,0.0,0.2541932165622711,0.0,-0.3035980463027954,0.0,0.658730149269104,0.6071427464485168,0.9266974925994873,0.9611974358558655,1.0,0.2857142984867096,0.7985666990280151,0.30000001192092896,0.20000000298023224,0.20000000298023224,0.15000000596046448,0.15000000596046448,1.0,1.0,1.0,1.0
complex_fixed_v018_r3,closed_loop,complex,full,1,0.18,False,14.971321253,1785051144.1357045,2.522695987501428,0.026344305238835825,0.134192977497353,0.19469767560521029,0.0005926010402948244,3.087226705452781,0.18,-0.30392712182256826,21.0,2.4862509979449263,0.000675199065781318,3.490992934986398,0.02311148809133508,4.48782825020641,0.043054114077409944,0.5560185313224792,0.1579061895608902,0.10790619254112244,0.7985666990280151,1.0,0,ROW_FOLLOW,,1.0,111.0,105.0,-0.1176585853099823,-0.024702414870262146,0.0,0.2541932165622711,0.0,-0.3035980463027954,0.0,0.658730149269104,0.6071427464485168,0.9266974925994873,0.9611974358558655,1.0,0.2857142984867096,0.7985666990280151,0.30000001192092896,0.20000000298023224,0.20000000298023224,0.15000000596046448,0.15000000596046448,1.0,1.0,1.0,1.0
complex_fixed_v018_r3,closed_loop,complex,full,1,0.18,False,15.020727099,1785051144.1851103,2.5279796646716006,0.024688485749651174,0.13385475745943645,0.1950895394768458,0.0012466666635144884,3.0928086405319792,0.18,-0.3025320829706239,21.0,2.5061914360824433,-0.0003518907939842354,3.51099407688969,0.01900759605475879,4.517921013795467,0.03228306904842475,0.5559074878692627,0.1543942540884018,0.10439425706863403,0.7635812759399414,1.0,0,ROW_FOLLOW,,1.0,118.0,104.0,-0.11901713162660599,-0.025967717170715332,0.0,0.2531411051750183,0.0,-0.305076539516449,0.0,0.4920635223388672,0.6857142448425293,0.9265124201774597,0.9567791223526001,1.0,0.4285714328289032,0.7635812759399414,0.30000001192092896,0.20000000298023224,0.20000000298023224,0.15000000596046448,0.15000000596046448,1.0,1.0,1.0,1.0
complex_fixed_v018_r3,closed_loop,complex,full,1,0.18,False,15.070446169,1785051144.2348297,2.5381615428202844,0.02606415314366461,0.13403980097611873,0.18145914537031319,0.009217699831542216,3.1030889494753,0.18,-0.3120937238297995,21.0,2.5061914360824433,-0.0003518907939842354,3.51099407688969,0.01900759605475879,4.517921013795467,0.03228306904842475,0.5559074878692627,0.1543942540884018,0.10439425706863403,0.7635812759399414,1.0,0,ROW_FOLLOW,,1.0,118.0,104.0,-0.11901713162660599,-0.025967717170715332,0.0,0.2531411051750183,0.0,-0.305076539516449,0.0,0.4920635223388672,0.6857142448425293,0.9265124201774597,0.9567791223526001,1.0,0.4285714328289032,0.7635812759399414,0.30000001192092896,0.20000000298023224,0.20000000298023224,0.15000000596046448,0.15000000596046448,1.0,1.0,1.0,1.0
complex_fixed_v018_r3,closed_loop,complex,full,1,0.18,False,15.120644166,1785051144.2850273,2.539409854760506,0.026674044587147783,0.13346661806838833,0.18303357331873438,0.004492912040096339,3.119822046223544,0.18,-0.31699841889407526,20.0,2.525020819918336,-0.0007630567541301163,3.5582040097663685,0.01678800352026957,4.458074219248313,0.032018901137503546,0.555094838142395,0.15566055476665497,0.10566055774688721,0.774877667427063,1.0,0,ROW_FOLLOW,,1.0,109.0,97.0,-0.11489710956811905,-0.029050074517726898,0.0,0.24946193397045135,0.0,-0.30756208300590515,0.0,0.5317460298538208,0.6857142448425293,0.9251580238342285,0.9545291066169739,1.0,0.4285714328289032,0.774877667427063,0.30000001192092896,0.20000000298023224,0.20000000298023224,0.15000000596046448,0.15000000596046448,1.0,1.0,1.0,1.0
complex_fixed_v018_r3,closed_loop,complex,full,1,0.18,False,15.170465415,1785051144.3348489,2.548681081771023,0.027869083364111823,0.13159090934934037,0.17223856992986558,-0.023591708344435768,3.1291937661337306,0.18,-0.3224647428119453,20.0,2.525020819918336,-0.0007630567541301163,3.5582040097663685,0.01678800352026957,4.458074219248313,0.032018901137503546,0.555094838142395,0.15566055476665497,0.10566055774688721,0.774877667427063,1.0,0,ROW_FOLLOW,,1.0,109.0,97.0,-0.11489710956811905,-0.029050074517726898,0.0,0.24946193397045135,0.0,-0.30756208300590515,0.0,0.5317460298538208,0.6857142448425293,0.9251580238342285,0.9545291066169739,1.0,0.4285714328289032,0.774877667427063,0.30000001192092896,0.20000000298023224,0.20000000298023224,0.15000000596046448,0.15000000596046448,1.0,1.0,1.0,1.0
complex_fixed_v018_r3,closed_loop,complex,full,1,0.18,False,15.220534128,1785051144.3849175,2.557859335758645,0.029034584834067886,0.13059023103291928,0.17498013625757713,-0.0042419852525900975,3.1384654699384917,0.18,-0.3336276904892507,21.0,2.5370538943687557,-0.0024968681458014674,3.570212263087156,0.016374112103088576,4.535896178785812,0.03364211119889175,0.5574647188186646,0.1560218185186386,0.10602182149887085,0.7773697376251221,1.0,0,ROW_FOLLOW,,1.0,100.0,103.0,-0.10996361076831818,-0.03274258226156235,0.0,0.24640841782093048,0.0,-0.3118935823440552,0.0,0.5396825671195984,0.6857142448425293,0.9291077852249146,0.9500032067298889,1.0,0.4285714328289032,0.7773697376251221,0.30000001192092896,0.20000000298023224,0.20000000298023224,0.15000000596046448,0.15000000596046448,1.0,1.0,1.0,1.0
complex_fixed_v018_r3,closed_loop,complex,full,1,0.18,False,15.270464213,1785051144.4348476,2.5712817865263538,0.031087439998924313,0.12994615068901275,0.17541495198996704,-0.017353916002822847,3.1520592295028496,0.18,-0.3477822625697973,21.0,2.5370538943687557,-0.0024968681458014674,3.570212263087156,0.016374112103088576,4.535896178785812,0.03364211119889175,0.5574647188186646,0.1560218185186386,0.10602182149887085,0.7773697376251221,1.0,0,ROW_FOLLOW,,1.0,100.0,103.0,-0.10996361076831818,-0.03274258226156235,0.0,0.24640841782093048,0.0,-0.3118935823440552,0.0,0.5396825671195984,0.6857142448425293,0.9291077852249146,0.9500032067298889,1.0,0.4285714328289032,0.7773697376251221,0.30000001192092896,0.20000000298023224,0.20000000298023224,0.15000000596046448,0.15000000596046448,1.0,1.0,1.0,1.0
complex_fixed_v018_r3,closed_loop,complex,full,1,0.18,False,15.320655009,1785051144.4850383,2.5800936477784617,0.03218906218962163,0.12837266284752144,0.17735886940119652,-0.020183062348907644,3.160976574022721,0.18,-0.35581961875622814,21.0,2.5534025323780236,-0.004565508964967601,3.586510335166094,0.01695446952305957,4.560267451728375,0.03848614414452614,0.5584319233894348,0.15807928144931793,0.10807928442955017,0.7805957794189453,1.0,0,ROW_FOLLOW,,1.0,104.0,108.0,-0.10622572153806686,-0.03691338002681732,0.0,0.24222829937934875,0.0,-0.3160550594329834,0.0,0.579365074634552,0.6333332657814026,0.9307197332382202,0.9598374962806702,1.0,0.3333333432674408,0.7805957794189453,0.30000001192092896,0.20000000298023224,0.20000000298023224,0.15000000596046448,0.15000000596046448,1.0,1.0,1.0,1.0
complex_fixed_v018_r3,closed_loop,complex,full,1,0.18,False,15.370628039,1785051144.5350113,2.5837030691612632,0.03256435838811633,0.12607918727262304,0.1770023376098957,-0.04183825106833848,3.1646706166820584,0.18,-0.3557770432915821,21.0,2.5534025323780236,-0.004565508964967601,3.586510335166094,0.01695446952305957,4.560267451728375,0.03848614414452614,0.5584319233894348,0.15807928144931793,0.10807928442955017,0.7805957794189453,1.0,0,ROW_FOLLOW,,1.0,104.0,108.0,-0.10622572153806686,-0.03691338002681732,0.0,0.24222829937934875,0.0,-0.3160550594329834,0.0,0.579365074634552,0.6333332657814026,0.9307197332382202,0.9598374962806702,1.0,0.3333333432674408,0.7805957794189453,0.30000001192092896,0.20000000298023224,0.20000000298023224,0.15000000596046448,0.15000000596046448,1.0,1.0,1.0,1.0
complex_fixed_v018_r3,closed_loop,complex,full,1,0.18,False,15.420454345,1785051144.5848377,2.6032642236623627,0.0391892017984515,0.12520188606702343,0.17702498076336215,-0.01632578497975018,3.187500145610004,0.18,-0.3986982832920372,21.0,2.568745777412683,-0.006349033469952865,3.568478693259896,0.01669386254268342,4.568211617707247,0.039736755726963204,0.5602633953094482,0.15799160301685333,0.10799160599708557,0.7787530422210693,1.0,0,ROW_FOLLOW,,1.0,108.0,92.0,-0.1002885103225708,-0.04089933633804321,0.0,0.23846733570098877,0.0,-0.3202660083770752,0.0,0.5714285969734192,0.6333332657814026,0.9337723255157471,0.9593557715415955,1.0,0.3333333432674408,0.7787530422210693,0.30000001192092896,0.20000000298023224,0.20000000298023224,0.15000000596046448,0.15000000596046448,1.0,1.0,1.0,1.0
complex_fixed_v018_r3,closed_loop,complex,full,1,0.18,False,15.470850875,1785051144.635234,2.6118739125373547,0.04024401854623009,0.12467404072057246,0.1937731470414129,-0.0007193389262889378,3.196178743611738,0.18,-0.4084614939619591,21.0,2.568745777412683,-0.006349033469952865,3.568478693259896,0.01669386254268342,4.568211617707247,0.039736755726963204,0.5602633953094482,0.15799160301685333,0.10799160599708557,0.7787530422210693,1.0,0,ROW_FOLLOW,,1.0,108.0,92.0,-0.1002885103225708,-0.04089933633804321,0.0,0.23846733570098877,0.0,-0.3202660083770752,0.0,0.5714285969734192,0.6333332657814026,0.9337723255157471,0.9593557715415955,1.0,0.3333333432674408,0.7787530422210693,0.30000001192092896,0.20000000298023224,0.20000000298023224,0.15000000596046448,0.15000000596046448,1.0,1.0,1.0,1.0
complex_fixed_v018_r3,closed_loop,complex,full,1,0.18,False,15.520606843,1785051144.6849902,2.6243930876033703,0.04202493935263912,0.1216685519131407,0.18627418097926798,-0.050279622188657815,3.208874211230073,0.18,-0.40132386292085387,20.0,2.5928571607003557,-0.005799073966499355,3.625866976809211,0.020021046646735943,4.52558632451405,0.0424652070648569,0.5560041069984436,0.15658695995807648,0.10658696293830872,0.7816040515899658,1.0,0,ROW_FOLLOW,,1.0,109.0,94.0,-0.09656348824501038,-0.04449532926082611,0.0,0.23462364077568054,0.0,-0.32361429929733276,0.0,0.5555555820465088,0.6857142448425293,0.926673412322998,0.9497324824333191,1.0,0.4285714328289032,0.7816040515899658,0.30000001192092896,0.20000000298023224,0.20000000298023224,0.15000000596046448,0.15000000596046448,1.0,1.0,1.0,1.0
complex_fixed_v018_r3,closed_loop,complex,full,1,0.18,False,15.570701988,1785051144.7350852,2.6332282799726032,0.0429947193405994,0.11694957260441186,0.19775317446238153,-0.09086728740677302,3.217815587560266,0.18,-0.40469080800315727,20.0,2.5928571607003557,-0.005799073966499355,3.625866976809211,0.020021046646735943,4.52558632451405,0.0424652070648569,0.5560041069984436,0.15658695995807648,0.10658696293830872,0.7816040515899658,1.0,0,ROW_FOLLOW,,1.0,109.0,94.0,-0.09656348824501038,-0.04449532926082611,0.0,0.23462364077568054,0.0,-0.32361429929733276,0.0,0.5555555820465088,0.6857142448425293,0.926673412322998,0.9497324824333191,1.0,0.4285714328289032,0.7816040515899658,0.30000001192092896,0.20000000298023224,0.20000000298023224,0.15000000596046448,0.15000000596046448,1.0,1.0,1.0,1.0
complex_fixed_v018_r3,closed_loop,complex,full,1,0.18,False,15.620589928,1785051144.7849734,2.6457208016681517,0.04538306805121084,0.11347143591009749,0.20816577064659508,-0.0793109126933459,3.230655164020884,0.18,-0.398629765977357,20.0,2.6178299945721974,-0.004976936976383853,3.650803784887349,0.02227172644164099,4.583811560822535,0.04691316070732243,0.5567514300346375,0.15647996962070465,0.10647997260093689,0.7863972187042236,1.0,0,ROW_FOLLOW,,1.0,117.0,102.0,-0.08779534697532654,-0.04877682030200958,0.0,0.23009935021400452,0.0,-0.3276529908180237,0.0,0.5714285969734192,0.6857142448425293,0.9279188513755798,0.9482801556587219,1.0,0.4285714328289032,0.7863972187042236,0.30000001192092896,0.20000000298023224,0.20000000298023224,0.15000000596046448,0.15000000596046448,1.0,1.0,1.0,1.0
complex_fixed_v018_r3,closed_loop,complex,full,1,0.18,False,15.670447978,1785051144.8348315,2.654617902477409,0.046265008576415495,0.10782653230533783,0.2010855217609624,-0.08375099267301254,3.2396610671061996,0.18,-0.4003140090750087,20.0,2.6178299945721974,-0.004976936976383853,3.650803784887349,0.02227172644164099,4.583811560822535,0.04691316070732243,0.5567514300346375,0.15647996962070465,0.10647997260093689,0.7863972187042236,1.0,0,ROW_FOLLOW,,1.0,117.0,102.0,-0.08779534697532654,-0.04877682030200958,0.0,0.23009935021400452,0.0,-0.3276529908180237,0.0,0.5714285969734192,0.6857142448425293,0.9279188513755798,0.9482801556587219,1.0,0.4285714328289032,0.7863972187042236,0.30000001192092896,0.20000000298023224,0.20000000298023224,0.15000000596046448,0.15000000596046448,1.0,1.0,1.0,1.0
complex_fixed_v018_r3,closed_loop,complex,full,1,0.18,False,15.720590869,1785051144.884974,2.6673487768658806,0.047498870307456476,0.10325512263227846,0.21539912394957925,-0.11705334703919608,3.2525107021147472,0.18,-0.3862340503289422,20.0,2.6426751953168206,-0.003477016957318821,3.6756673251133907,0.023012782478032512,4.6420160848532435,0.04773826425905278,0.560418426990509,0.15885122120380402,0.10885122418403625,0.7971892356872559,1.0,0,ROW_FOLLOW,,1.0,121.0,108.0,-0.08272744715213776,-0.05039285123348236,0.0,0.22849979996681213,0.0,-0.32928550243377686,0.0,0.5873016119003296,0.7119047045707703,0.9340308308601379,0.9454102516174316,1.0,0.4761904776096344,0.7971892356872559,0.30000001192092896,0.20000000298023224,0.20000000298023224,0.15000000596046448,0.15000000596046448,1.0,1.0,1.0,1.0
complex_fixed_v018_r3,closed_loop,complex,full,1,0.18,False,15.774262089,1785051144.9386456,2.675189931452198,0.04815949536140379,0.09717538056737676,0.20824262142316483,-0.1634811076783719,3.260435364924153,0.18,-0.38541061663095416,20.0,2.6426751953168206,-0.003477016957318821,3.6756673251133907,0.023012782478032512,4.6420160848532435,0.04773826425905278,0.560418426990509,0.15885122120380402,0.10885122418403625,0.7971892356872559,1.0,0,ROW_FOLLOW,,1.0,121.0,108.0,-0.08272744715213776,-0.05039285123348236,0.0,0.22849979996681213,0.0,-0.32928550243377686,0.0,0.5873016119003296,0.7119047045707703,0.9340308308601379,0.9454102516174316,1.0,0.4761904776096344,0.7971892356872559,0.30000001192092896,0.20000000298023224,0.20000000298023224,0.15000000596046448,0.15000000596046448,1.0,1.0,1.0,1.0
complex_fixed_v018_r3,closed_loop,complex,full,1,0.18,False,15.820689478,1785051144.9850726,2.686256333714665,0.04869677783693558,0.08690484705896132,0.20424290501139963,-0.1724086520373702,3.271680888297876,0.18,-0.37034520142078775,20.0,2.6645368021306695,-0.0035172391010508835,3.6692579629081976,0.01995381364394116,4.663981068311024,0.04322727695296504,0.5568670630455017,0.1542639285326004,0.10426393151283264,0.7914787530899048,1.0,0,ROW_FOLLOW,,1.0,114.0,108.0,-0.07102475315332413,-0.05209573358297348,0.0,0.22643296420574188,0.0,-0.33062443137168884,0.0,0.5873015522956848,0.6857142448425293,0.9281115531921387,0.9501538872718811,1.0,0.4285714328289032,0.7914787530899048,0.30000001192092896,0.20000000298023224,0.20000000298023224,0.15000000596046448,0.15000000596046448,1.0,1.0,1.0,1.0
complex_fixed_v018_r3,closed_loop,complex,full,1,0.18,False,15.87047271,1785051145.0348558,2.695018134786076,0.04846180090720555,0.07556864273360904,0.20072974269793756,-0.1790605609174525,3.2811290072268613,0.18,-0.3577190360544108,20.0,2.6645368021306695,-0.0035172391010508835,3.6692579629081976,0.01995381364394116,4.663981068311024,0.04322727695296504,0.5568670630455017,0.1542639285326004,0.10426393151283264,0.7914787530899048,1.0,0,ROW_FOLLOW,,1.0,114.0,108.0,-0.07102475315332413,-0.05209573358297348,0.0,0.22643296420574188,0.0,-0.33062443137168884,0.0,0.5873015522956848,0.6857142448425293,0.9281115531921387,0.9501538872718811,1.0,0.4285714328289032,0.7914787530899048,0.30000001192092896,0.20000000298023224,0.20000000298023224,0.15000000596046448,0.15000000596046448,1.0,1.0,1.0,1.0
complex_fixed_v018_r3,closed_loop,complex,full,1,0.18,False,15.920719797,1785051145.085103,2.703575125891333,0.04891676301275609,0.06864409564852507,0.19472025379457814,-0.1979383587787375,3.28979077842556,0.18,-0.348946179902351,20.0,2.68377885219857,-0.004117022898104758,3.693540394938047,0.017789145507894042,4.6833063961821555,0.03927454096753688,0.5550287961959839,0.15672452747821808,0.10672453045845032,0.7900162935256958,1.0,0,ROW_FOLLOW,,1.0,120.0,106.0,-0.050394877791404724,-0.05416049808263779,0.0,0.22447390854358673,0.0,-0.3327949047088623,0.0,0.6190476417541504,0.6333332657814026,0.9250481724739075,0.9508376121520996,1.0,0.3333333432674408,0.7900162935256958,0.30000001192092896,0.20000000298023224,0.20000000298023224,0.15000000596046448,0.15000000596046448,1.0,1.0,1.0,1.0
complex_fixed_v018_r3,closed_loop,complex,full,1,0.18,False,15.970443892,1785051145.1348274,2.704935699058068,0.050877642795474354,0.052626502500708223,0.175830843524874,-0.25977133636918875,3.3048563758041962,0.18,-0.3362188506040475,20.0,2.68377885219857,-0.004117022898104758,3.693540394938047,0.017789145507894042,4.6833063961821555,0.03927454096753688,0.5550287961959839,0.15672452747821808,0.10672453045845032,0.7900162935256958,1.0,0,ROW_FOLLOW,,1.0,120.0,106.0,-0.050394877791404724,-0.05416049808263779,0.0,0.22447390854358673,0.0,-0.3327949047088623,0.0,0.6190476417541504,0.6333332657814026,0.9250481724739075,0.9508376121520996,1.0,0.3333333432674408,0.7900162935256958,0.30000001192092896,0.20000000298023224,0.20000000298023224,0.15000000596046448,0.15000000596046448,1.0,1.0,1.0,1.0
complex_fixed_v018_r3,closed_loop,complex,full,1,0.18,False,16.020595615,1785051145.184979,2.713686382068712,0.051066779335844664,0.043411244876185875,0.17659440397376902,-0.2445434589798513,3.3137360219248415,0.18,-0.32967406668761984,21.0,2.70217864830691,-0.004285685552308451,3.7119947511339544,0.014689134880426306,4.714272341641198,0.02409048051267336,0.5582362413406372,0.15634553134441376,0.106345534324646,0.7964558601379395,1.0,0,ROW_FOLLOW,,1.0,124.0,110.0,-0.029193809255957603,-0.055415816605091095,0.0,0.22263406217098236,0.0,-0.33346569538116455,0.0,0.6190476417541504,0.6595237255096436,0.9303935766220093,0.9517204761505127,1.0,0.380952388048172,0.7964558601379395,0.30000001192092896,0.20000000298023224,0.20000000298023224,0.15000000596046448,0.15000000596046448,1.0,1.0,1.0,1.0
complex_fixed_v018_r3,closed_loop,complex,full,1,0.18,False,16.071084373,1785051145.2354677,2.7227369368907945,0.05086266142145786,0.02938390890991638,0.17704269899226874,-0.25281888979023437,3.3230661870518543,0.18,-0.30657072662910245,21.0,2.70217864830691,-0.004285685552308451,3.7119947511339544,0.014689134880426306,4.714272341641198,0.02409048051267336,0.5582362413406372,0.15634553134441376,0.106345534324646,0.7964558601379395,1.0,0,ROW_FOLLOW,,1.0,124.0,110.0,-0.029193809255957603,-0.055415816605091095,0.0,0.22263406217098236,0.0,-0.33346569538116455,0.0,0.6190476417541504,0.6595237255096436,0.9303935766220093,0.9517204761505127,1.0,0.380952388048172,0.7964558601379395,0.30000001192092896,0.20000000298023224,0.20000000298023224,0.15000000596046448,0.15000000596046448,1.0,1.0,1.0,1.0
complex_fixed_v018_r3,closed_loop,complex,full,1,0.18,False,16.120710577,1785051145.2850938,2.7253834305292397,0.050788641203749596,0.019733541443125887,0.16876346959449595,-0.24194231641583233,3.3412975031,0.18,-0.28794072214997773,21.0,2.7143069563104176,-0.004536758765124206,3.719141340283883,0.013396121779758538,4.718826654319504,0.026921323725984322,0.559816837310791,0.15699253976345062,0.10699254274368286,0.7967362403869629,1.0,0,ROW_FOLLOW,,1.0,134.0,112.0,-0.007553650066256523,-0.054844096302986145,0.0,0.22369185090065002,0.0,-0.3333800435066223,0.0,0.5873015522956848,0.7119047045707703,0.933027982711792,0.9437283277511597,1.0,0.4761904776096344,0.7967362403869629,0.30000001192092896,0.20000000298023224,0.20000000298023224,0.15000000596046448,0.15000000596046448,1.0,1.0,1.0,1.0
complex_fixed_v018_r3,closed_loop,complex,full,1,0.18,False,16.170413263,1785051145.3347964,2.7328177806234435,0.0505548487160071,0.00400959379928345,0.17198417260274246,-0.24103939909271715,3.348939666243635,0.18,-0.2684058109427059,21.0,2.7143069563104176,-0.004536758765124206,3.719141340283883,0.013396121779758538,4.718826654319504,0.026921323725984322,0.559816837310791,0.15699253976345062,0.10699254274368286,0.7967362403869629,1.0,0,ROW_FOLLOW,,1.0,134.0,112.0,-0.007553650066256523,-0.054844096302986145,0.0,0.22369185090065002,0.0,-0.3333800435066223,0.0,0.5873015522956848,0.7119047045707703,0.933027982711792,0.9437283277511597,1.0,0.4761904776096344,0.7967362403869629,0.30000001192092896,0.20000000298023224,0.20000000298023224,0.15000000596046448,0.15000000596046448,1.0,1.0,1.0,1.0
complex_fixed_v018_r3,closed_loop,complex,full,1,0.18,False,16.220740448,1785051145.3851237,2.741603854799216,0.05016314324772388,-0.00407800621209109,0.17455915131902633,-0.2100737666340592,3.357913629234271,0.18,-0.25170092583446374,21.0,2.7268528024839216,-0.0038496185118952753,3.726732972318563,0.011597951372685336,4.72661317703801,0.027045520733254527,0.5612553954124451,0.15613891184329987,0.1061389148235321,0.8128130435943604,1.0,0,ROW_FOLLOW,,1.0,130.0,125.0,0.014771616086363792,-0.05338864028453827,0.0,0.2251310646533966,0.0,-0.33190834522247314,0.0,0.6269841194152832,0.7380951642990112,0.9354258179664612,0.9334239959716797,1.0,0.523809552192688,0.8128130435943604,0.30000001192092896,0.20000000298023224,0.20000000298023224,0.15000000596046448,0.15000000596046448,1.0,1.0,1.0,1.0
complex_fixed_v018_r3,closed_loop,complex,full,1,0.18,False,16.270693062,1785051145.4350762,2.750965025334815,0.048243943567484376,-0.015787947369860774,0.17809616542317713,-0.18828338892242194,3.368495993303437,0.18,-0.23102979149435068,21.0,2.7268528024839216,-0.0038496185118952753,3.726732972318563,0.011597951372685336,4.72661317703801,0.027045520733254527,0.5612553954124451,0.15613891184329987,0.1061389148235321,0.8128130435943604,1.0,0,ROW_FOLLOW,,1.0,130.0,125.0,0.014771616086363792,-0.05338864028453827,0.0,0.2251310646533966,0.0,-0.33190834522247314,0.0,0.6269841194152832,0.7380951642990112,0.9354258179664612,0.9334239959716797,1.0,0.523809552192688,0.8128130435943604,0.30000001192092896,0.20000000298023224,0.20000000298023224,0.15000000596046448,0.15000000596046448,1.0,1.0,1.0,1.0
complex_fixed_v018_r3,closed_loop,complex,full,1,0.18,False,16.320585514,1785051145.4849687,2.7674333567056273,0.04137739516339406,-0.02462765223274043,0.17798989226196854,-0.19801744674166827,3.387715373319587,0.18,-0.18085401101263787,20.0,2.7392505385658867,-0.0031909863243193837,3.73913219706539,0.012150103201265208,4.672355888582759,0.026420334073821734,0.5623617768287659,0.15746481716632843,0.10746482014656067,0.8133811950683594,1.0,0,ROW_FOLLOW,,1.0,118.0,102.0,0.03348205238580704,-0.050583675503730774,0.0,0.22870934009552002,0.0,-0.32987669110298157,0.0,0.6269841194152832,0.7380951642990112,0.9372695088386536,0.93475341796875,1.0,0.523809552192688,0.8133811950683594,0.30000001192092896,0.20000000298023224,0.20000000298023224,0.15000000596046448,0.15000000596046448,1.0,1.0,1.0,1.0
complex_fixed_v018_r3,closed_loop,complex,full,1,0.18,False,16.371534477,1785051145.5359178,2.769324693520694,0.040279954438116605,-0.03643700720578866,0.1824943567000964,-0.20718744703373534,3.4017745841373417,0.18,-0.15866194856071492,20.0,2.7392505385658867,-0.0031909863243193837,3.73913219706539,0.012150103201265208,4.672355888582759,0.026420334073821734,0.5623617768287659,0.15746481716632843,0.10746482014656067,0.8133811950683594,1.0,0,ROW_FOLLOW,,1.0,118.0,102.0,0.03348205238580704,-0.050583675503730774,0.0,0.22870934009552002,0.0,-0.32987669110298157,0.0,0.6269841194152832,0.7380951642990112,0.9372695088386536,0.93475341796875,1.0,0.523809552192688,0.8133811950683594,0.30000001192092896,0.20000000298023224,0.20000000298023224,0.15000000596046448,0.15000000596046448,1.0,1.0,1.0,1.0
complex_fixed_v018_r3,closed_loop,complex,full,1,0.18,False,16.420554903,1785051145.5849383,2.7779988573185337,0.03972770383979989,-0.04543343343083971,0.18082105475163146,-0.24154047188747274,3.4105776858989083,0.18,-0.14663761038435538,21.0,2.7575722258666335,-0.004795696125520656,3.757473800824284,0.009210084785638695,4.760325900552024,0.022110049278603973,0.5595574378967285,0.1515084058046341,0.10150840878486633,0.8129974603652954,1.0,0,ROW_FOLLOW,,1.0,128.0,118.0,0.05359046161174774,-0.048730842769145966,0.0,0.2303488403558731,0.0,-0.32781052589416504,0.0,0.6507936716079712,0.7119047045707703,0.9325956702232361,0.9257286787033081,1.0,0.4761904776096344,0.8129974603652954,0.30000001192092896,0.20000000298023224,0.20000000298023224,0.15000000596046448,0.15000000596046448,1.0,1.0,1.0,1.0
complex_fixed_v018_r3,closed_loop,complex,full,1,0.18,False,16.470596543,1785051145.6349797,2.7843239743805537,0.038911678785455324,-0.06137140151663268,0.17837925145149808,-0.28279162967953136,3.417242855980751,0.18,-0.1227788414593122,21.0,2.7575722258666335,-0.004795696125520656,3.757473800824284,0.009210084785638695,4.760325900552024,0.022110049278603973,0.5595574378967285,0.1515084058046341,0.10150840878486633,0.8129974603652954,1.0,0,ROW_FOLLOW,,1.0,128.0,118.0,0.05359046161174774,-0.048730842769145966,0.0,0.2303488403558731,0.0,-0.32781052589416504,0.0,0.6507936716079712,0.7119047045707703,0.9325956702232361,0.9257286787033081,1.0,0.4761904776096344,0.8129974603652954,0.30000001192092896,0.20000000298023224,0.20000000298023224,0.15000000596046448,0.15000000596046448,1.0,1.0,1.0,1.0
complex_fixed_v018_r3,closed_loop,complex,full,1,0.18,False,16.520544645,1785051145.684928,2.7850249027500436,0.03847021383857585,-0.07217761676561003,0.17829240690852355,-0.25765467062965053,3.4182408655412146,0.18,-0.10481613375387164,21.0,2.7718832531565707,-0.006673186403875195,3.7718154174119873,0.004561998123423532,4.781884164466623,0.010982021479020911,0.5559169054031372,0.14841432869434357,0.0984143316745758,0.8198575973510742,1.0,0,ROW_FOLLOW,,1.0,126.0,126.0,0.07906262576580048,-0.04720337688922882,0.0,0.23183274269104004,0.0,-0.3262394964694977,0.0,0.6984127163887024,0.6857142448425293,0.9265282154083252,0.9192346930503845,1.0,0.4285714328289032,0.8198575973510742,0.30000001192092896,0.20000000298023224,0.20000000298023224,0.15000000596046448,0.15000000596046448,1.0,1.0,1.0,1.0
complex_fixed_v018_r3,closed_loop,complex,full,1,0.18,False,16.570479626,1785051145.7348628,2.8095177436463232,0.02975896212879144,-0.08737985446538232,0.17752956121039126,-0.27709940391143495,3.4448068778809153,0.18,-0.05642892540100068,21.0,2.7718832531565707,-0.006673186403875195,3.7718154174119873,0.004561998123423532,4.781884164466623,0.010982021479020911,0.5559169054031372,0.14841432869434357,0.0984143316745758,0.8198575973510742,1.0,0,ROW_FOLLOW,,1.0,126.0,126.0,0.07906262576580048,-0.04720337688922882,0.0,0.23183274269104004,0.0,-0.3262394964694977,0.0,0.6984127163887024,0.6857142448425293,0.9265282154083252,0.9192346930503845,1.0,0.4285714328289032,0.8198575973510742,0.30000001192092896,0.20000000298023224,0.20000000298023224,0.15000000596046448,0.15000000596046448,1.0,1.0,1.0,1.0
complex_fixed_v018_r3,closed_loop,complex,full,1,0.18,False,16.620769882,1785051145.7851534,2.8170850716046263,0.029817874562432248,-0.09773502791717134,0.18305480490329734,-0.24340681343603582,3.4570644873077008,0.18,-0.05729168368759561,20.0,2.79063554788223,-0.010754163068201997,3.7905772989696707,-0.0002701110122030139,4.723856037233632,0.009553672391871644,0.5585430860519409,0.14942635595798492,0.09942635893821716,0.8142545223236084,1.0,0,ROW_FOLLOW,,1.0,139.0,123.0,0.10430505126714706,-0.04538141191005707,0.0,0.23344072699546814,0.0,-0.3242035508155823,0.0,0.6746031641960144,0.6857142448425293,0.930905282497406,0.9236644506454468,1.0,0.4285714328289032,0.8142545223236084,0.30000001192092896,0.20000000298023224,0.20000000298023224,0.15000000596046448,0.15000000596046448,1.0,1.0,1.0,1.0
complex_fixed_v018_r3,closed_loop,complex,full,1,0.18,False,16.672759836,1785051145.837143,2.8249937589488834,0.02869524398855075,-0.11197304424497864,0.18087346934804177,-0.22995915056265137,3.4652246086243284,0.18,-0.03566028429817908,20.0,2.79063554788223,-0.010754163068201997,3.7905772989696707,-0.0002701110122030139,4.723856037233632,0.009553672391871644,0.5585430860519409,0.14942635595798492,0.09942635893821716,0.8142545223236084,1.0,0,ROW_FOLLOW,,1.0,139.0,123.0,0.10430505126714706,-0.04538141191005707,0.0,0.23344072699546814,0.0,-0.3242035508155823,0.0,0.6746031641960144,0.6857142448425293,0.930905282497406,0.9236644506454468,1.0,0.4285714328289032,0.8142545223236084,0.30000001192092896,0.20000000298023224,0.20000000298023224,0.15000000596046448,0.15000000596046448,1.0,1.0,1.0,1.0
complex_fixed_v018_r3,closed_loop,complex,full,1,0.18,False,16.720480095,1785051145.8848634,2.8351756087916433,0.029782986102418658,-0.12255497521563943,0.18508994238457002,-0.26095754241294283,3.477119809686443,0.18,-0.03384394434345592,20.0,2.8095723177030067,-0.011772096304813115,3.809535444597985,-0.0035180009778525514,4.776166072310221,0.0045065939139873135,0.5572174787521362,0.14857955276966095,0.09857955574989319,0.8019188642501831,1.0,0,ROW_FOLLOW,,1.0,123.0,128.0,0.12288593500852585,-0.041811734437942505,0.0,0.23722106218338013,0.0,-0.32084453105926514,0.0,0.6190476417541504,0.7119047045707703,0.9286956787109375,0.9205626249313354,1.0,0.4761904776096344,0.8019188642501831,0.30000001192092896,0.20000000298023224,0.20000000298023224,0.15000000596046448,0.15000000596046448,1.0,1.0,1.0,1.0
complex_fixed_v018_r3,closed_loop,complex,full,1,0.18,False,16.770415909,1785051145.9347992,2.844647827560644,0.02940498578998474,-0.1366326297941187,0.18350383159968184,-0.2350171104274239,3.4867573597307024,0.18,-0.012800104606753786,20.0,2.8095723177030067,-0.011772096304813115,3.809535444597985,-0.0035180009778525514,4.776166072310221,0.0045065939139873135,0.5572174787521362,0.14857955276966095,0.09857955574989319,0.8019188642501831,1.0,0,ROW_FOLLOW,,1.0,123.0,128.0,0.12288593500852585,-0.041811734437942505,0.0,0.23722106218338013,0.0,-0.32084453105926514,0.0,0.6190476417541504,0.7119047045707703,0.9286956787109375,0.9205626249313354,1.0,0.4761904776096344,0.8019188642501831,0.30000001192092896,0.20000000298023224,0.20000000298023224,0.15000000596046448,0.15000000596046448,1.0,1.0,1.0,1.0
complex_fixed_v018_r3,closed_loop,complex,full,1,0.18,False,16.820600945,1785051145.9849844,2.8533993880228428,0.02793937451972256,-0.1458745856627992,0.18280479661519364,-0.2267307329114033,3.4957375550135357,0.18,0.01446914354937288,21.0,2.8323531894885954,-0.012734738324707942,3.832315652625752,-0.004384013773034023,4.853641297056403,0.002729699385994818,0.5628569722175598,0.15172545611858368,0.10172545909881592,0.8219586610794067,1.0,0,ROW_FOLLOW,,1.0,122.0,124.0,0.14962062239646912,-0.03961902856826782,0.0,0.23958414793014526,0.0,-0.3188222050666809,0.0,0.6746031641960144,0.7119047045707703,0.938094973564148,0.930517852306366,1.0,0.4761904776096344,0.8219586610794067,0.30000001192092896,0.20000000298023224,0.20000000298023224,0.15000000596046448,0.15000000596046448,1.0,1.0,1.0,1.0
complex_fixed_v018_r3,closed_loop,complex,full,1,0.18,False,16.870485717,1785051146.034869,2.862292859992441,0.026100310307719303,-0.1584779907325364,0.1823567735892749,-0.18928094244612334,3.5050553769314585,0.18,0.0364675408669174,21.0,2.8323531894885954,-0.012734738324707942,3.832315652625752,-0.004384013773034023,4.853641297056403,0.002729699385994818,0.5628569722175598,0.15172545611858368,0.10172545909881592,0.8219586610794067,1.0,0,ROW_FOLLOW,,1.0,122.0,124.0,0.14962062239646912,-0.03961902856826782,0.0,0.23958414793014526,0.0,-0.3188222050666809,0.0,0.6746031641960144,0.7119047045707703,0.938094973564148,0.930517852306366,1.0,0.4761904776096344,0.8219586610794067,0.30000001192092896,0.20000000298023224,0.20000000298023224,0.15000000596046448,0.15000000596046448,1.0,1.0,1.0,1.0
complex_fixed_v018_r3,closed_loop,complex,full,1,0.18,False,16.920669282,1785051146.0850527,2.863685877460613,0.025532279120557576,-0.16514119795176896,0.18236499298732867,-0.16623508037136125,3.506713029629106,0.18,0.04838859881056292,20.0,2.850994652213321,-0.011221480098939557,3.8509762422080853,-0.005227653513151916,4.817625350875896,0.0005270168231492589,0.5601006150245667,0.14348237216472626,0.0934823751449585,0.8245207071304321,1.0,0,ROW_FOLLOW,,1.0,126.0,115.0,0.16971464455127716,-0.035603344440460205,0.0,0.2437959909439087,0.0,-0.3150026798248291,0.0,0.682539701461792,0.7380951642990112,0.9335009455680847,0.9029305577278137,1.0,0.523809552192688,0.8245207071304321,0.30000001192092896,0.20000000298023224,0.20000000298023224,0.15000000596046448,0.15000000596046448,1.0,1.0,1.0,1.0
complex_fixed_v018_r3,closed_loop,complex,full,1,0.18,False,16.970971058,1785051146.1353543,2.866382426554434,0.03386891339969334,-0.17350819470170542,0.1697005220884459,-0.13004296362411824,3.5276269645239577,0.18,0.033569856746593255,20.0,2.850994652213321,-0.011221480098939557,3.8509762422080853,-0.005227653513151916,4.817625350875896,0.0005270168231492589,0.5601006150245667,0.14348237216472626,0.0934823751449585,0.8245207071304321,1.0,0,ROW_FOLLOW,,1.0,126.0,115.0,0.16971464455127716,-0.035603344440460205,0.0,0.2437959909439087,0.0,-0.3150026798248291,0.0,0.682539701461792,0.7380951642990112,0.9335009455680847,0.9029305577278137,1.0,0.523809552192688,0.8245207071304321,0.30000001192092896,0.20000000298023224,0.20000000298023224,0.15000000596046448,0.15000000596046448,1.0,1.0,1.0,1.0
complex_fixed_v018_r3,closed_loop,complex,full,1,0.18,False,17.020844374,1785051146.1852279,2.8778299689942215,0.03268176589031111,-0.17772124387594257,0.16661319317953074,-0.10488351626283605,3.539344844284653,0.18,0.07288448294896595,21.0,2.8622303933899755,-0.0062137259101964,3.8622066643428465,0.0005059418727131575,4.861360361195279,0.011300324496267005,0.5608112215995789,0.1461166888475418,0.09611669182777405,0.8185895681381226,1.0,0,ROW_FOLLOW,,1.0,118.0,132.0,0.1842471808195114,-0.0313212051987648,0.0,0.24896757304668427,0.0,-0.31160998344421387,0.0,0.6746031641960144,0.7119047045707703,0.9346852898597717,0.9126038551330566,1.0,0.4761904776096344,0.8185895681381226,0.30000001192092896,0.20000000298023224,0.20000000298023224,0.15000000596046448,0.15000000596046448,1.0,1.0,1.0,1.0
complex_fixed_v018_r3,closed_loop,complex,full,1,0.18,False,17.070637783,1785051146.235021,2.884171950165879,0.03128716700444662,-0.18399828981814753,0.16947368678984837,-0.09403598871249097,3.54596191304034,0.18,0.08495936336519924,21.0,2.8622303933899755,-0.0062137259101964,3.8622066643428465,0.0005059418727131575,4.861360361195279,0.011300324496267005,0.5608112215995789,0.1461166888475418,0.09611669182777405,0.8185895681381226,1.0,0,ROW_FOLLOW,,1.0,118.0,132.0,0.1842471808195114,-0.0313212051987648,0.0,0.24896757304668427,0.0,-0.31160998344421387,0.0,0.6746031641960144,0.7119047045707703,0.9346852898597717,0.9126038551330566,1.0,0.4761904776096344,0.8185895681381226,0.30000001192092896,0.20000000298023224,0.20000000298023224,0.15000000596046448,0.15000000596046448,1.0,1.0,1.0,1.0
complex_fixed_v018_r3,closed_loop,complex,full,1,0.18,False,17.120652703,1785051146.285036,2.8896573010634583,0.028841279943982563,-0.1861527976255517,0.17253638665388857,-0.07780499473956179,3.5520129333089896,0.18,0.13219560778883352,21.0,2.8726906076995857,-0.001449654738731884,3.87264948895619,0.007038397831781881,4.876998546110554,0.023751600111573554,0.5550147891044617,0.1474606841802597,0.09746068716049194,0.8076027631759644,1.0,0,ROW_FOLLOW,,1.0,99.0,131.0,0.1986331194639206,-0.028383344411849976,0.0,0.2517826557159424,0.0,-0.30854934453964233,0.0,0.6746031641960144,0.6595237255096436,0.9250245690345764,0.9220806956291199,1.0,0.380952388048172,0.8076027631759644,0.30000001192092896,0.20000000298023224,0.20000000298023224,0.15000000596046448,0.15000000596046448,1.0,1.0,1.0,1.0
complex_fixed_v018_r3,closed_loop,complex,full,1,0.18,False,17.170892078,1785051146.3352752,2.8984411896981537,0.02710097017636831,-0.189527575639989,0.15927221610760275,-0.06760728324982976,3.5610100477609024,0.18,0.14112419466516718,21.0,2.8726906076995857,-0.001449654738731884,3.87264948895619,0.007038397831781881,4.876998546110554,0.023751600111573554,0.5550147891044617,0.1474606841802597,0.09746068716049194,0.8076027631759644,1.0,0,ROW_FOLLOW,,1.0,99.0,131.0,0.1986331194639206,-0.028383344411849976,0.0,0.2517826557159424,0.0,-0.30854934453964233,0.0,0.6746031641960144,0.6595237255096436,0.9250245690345764,0.9220806956291199,1.0,0.380952388048172,0.8076027631759644,0.30000001192092896,0.20000000298023224,0.20000000298023224,0.15000000596046448,0.15000000596046448,1.0,1.0,1.0,1.0
complex_fixed_v018_r3,closed_loop,complex,full,1,0.18,False,17.220877525,1785051146.3852608,2.9073177088802105,0.025278427443398963,-0.191941305361091,0.16483667598149745,-0.06837557026746274,3.5701243768495643,0.18,0.18359407150728416,21.0,2.8873294012320425,0.002094441023416537,3.8872386151635943,0.015009714289830953,4.887147855627691,0.027924983334608137,0.5590634942054749,0.15121518075466156,0.1012151837348938,0.7862032651901245,1.0,0,ROW_FOLLOW,,1.0,96.0,129.0,0.2087467908859253,-0.024748682975769043,0.0,0.25628501176834106,0.0,-0.30578237771987915,0.0,0.6269841194152832,0.6071427464485168,0.9317725300788879,0.9355000853538513,1.0,0.2857142984867096,0.7862032651901245,0.30000001192092896,0.20000000298023224,0.20000000298023224,0.15000000596046448,0.15000000596046448,1.0,1.0,1.0,1.0
complex_fixed_v018_r3,closed_loop,complex,full,1,0.18,False,17.271301033,1785051146.4356844,2.9078940973323313,0.019294634522536953,-0.19459322330973722,0.15980367729356473,-0.031378293700969125,3.589036418043178,0.18,0.21905212393135415,21.0,2.8873294012320425,0.002094441023416537,3.8872386151635943,0.015009714289830953,4.887147855627691,0.027924983334608137,0.5590634942054749,0.15121518075466156,0.1012151837348938,0.7862032651901245,1.0,0,ROW_FOLLOW,,1.0,96.0,129.0,0.2087467908859253,-0.024748682975769043,0.0,0.25628501176834106,0.0,-0.30578237771987915,0.0,0.6269841194152832,0.6071427464485168,0.9317725300788879,0.9355000853538513,1.0,0.2857142984867096,0.7862032651901245,0.30000001192092896,0.20000000298023224,0.20000000298023224,0.15000000596046448,0.15000000596046448,1.0,1.0,1.0,1.0
complex_fixed_v018_r3,closed_loop,complex,full,1,0.18,False,17.321362514,1785051146.485746,2.9166258594102534,0.017529640487638803,-0.19581596916487196,0.16522603486928614,-0.019030906807687202,3.5979592885138123,0.18,0.2263296605635693,21.0,2.903310556197638,-0.0005157987288219335,3.9031588329989764,0.01655938954453486,4.903007132041983,0.03363457691578057,0.5624057650566101,0.15263773500919342,0.10263773798942566,0.7946135997772217,1.0,0,ROW_FOLLOW,,1.0,98.0,113.0,0.2163577824831009,-0.02232201397418976,0.0,0.25971126556396484,0.0,-0.30435529351234436,0.0,0.6190476417541504,0.6595237255096436,0.9373428821563721,0.9301729798316956,1.0,0.380952388048172,0.7946135997772217,0.30000001192092896,0.20000000298023224,0.20000000298023224,0.15000000596046448,0.15000000596046448,1.0,1.0,1.0,1.0
complex_fixed_v018_r3,closed_loop,complex,full,1,0.18,False,17.370541025,1785051146.5349243,2.931190503596953,0.013902016687386418,-0.19837592733307574,0.175368425640011,-0.03718888389323275,3.6130128455036967,0.18,0.24354857602421184,21.0,2.903310556197638,-0.0005157987288219335,3.9031588329989764,0.01655938954453486,4.903007132041983,0.03363457691578057,0.5624057650566101,0.15263773500919342,0.10263773798942566,0.7946135997772217,1.0,0,ROW_FOLLOW,,1.0,98.0,113.0,0.2163577824831009,-0.02232201397418976,0.0,0.25971126556396484,0.0,-0.30435529351234436,0.0,0.6190476417541504,0.6595237255096436,0.9373428821563721,0.9301729798316956,1.0,0.380952388048172,0.7946135997772217,0.30000001192092896,0.20000000298023224,0.20000000298023224,0.15000000596046448,0.15000000596046448,1.0,1.0,1.0,1.0
complex_fixed_v018_r3,closed_loop,complex,full,1,0.18,False,17.422701673,1785051146.587085,2.9530921649128166,0.00771679980445256,-0.1993788176424226,0.17671479048710287,-0.025921030358698905,3.6358274415073413,0.18,0.2464514375633211,21.0,2.9218956862773493,-0.003833150339639276,3.92168045624323,0.01680434325664971,4.921465231572267,0.037441831564093,0.5632765889167786,0.1566893607378006,0.10668936371803284,0.800667405128479,1.0,0,ROW_FOLLOW,,1.0,89.0,110.0,0.22199445962905884,-0.019308939576148987,0.0,0.2631031274795532,0.0,-0.3017210066318512,0.0,0.634920597076416,0.6595237255096436,0.9387943744659424,0.9368502497673035,1.0,0.380952388048172,0.800667405128479,0.30000001192092896,0.20000000298023224,0.20000000298023224,0.15000000596046448,0.15000000596046448,1.0,1.0,1.0,1.0
complex_fixed_v018_r3,closed_loop,complex,full,1,0.18,False,17.471010334,1785051146.6353936,2.961812898582304,0.005926193522135963,-0.20050079265227,0.18857207259807723,-0.011349701191951713,3.6447434710964615,0.18,0.2741030701298216,21.0,2.9218956862773493,-0.003833150339639276,3.92168045624323,0.01680434325664971,4.921465231572267,0.037441831564093,0.5632765889167786,0.1566893607378006,0.10668936371803284,0.800667405128479,1.0,0,ROW_FOLLOW,,1.0,89.0,110.0,0.22199445962905884,-0.019308939576148987,0.0,0.2631031274795532,0.0,-0.3017210066318512,0.0,0.634920597076416,0.6595237255096436,0.9387943744659424,0.9368502497673035,1.0,0.380952388048172,0.800667405128479,0.30000001192092896,0.20000000298023224,0.20000000298023224,0.15000000596046448,0.15000000596046448,1.0,1.0,1.0,1.0
complex_fixed_v018_r3,closed_loop,complex,full,1,0.18,False,17.521050695,1785051146.685434,2.971049110571583,0.004020342634902829,-0.20118559687569307,0.18784681839045292,-0.013297019083634195,3.654191332410997,0.18,0.27282921920958325,21.0,2.943112511382098,-0.007549104111197712,3.9428472908470176,0.015428066157045504,4.9425820712113735,0.03840524240608262,0.562168538570404,0.14812348783016205,0.09812349081039429,0.8070216178894043,1.0,0,ROW_FOLLOW,,1.0,101.0,103.0,0.22557806968688965,-0.014624282717704773,0.0,0.26807186007499695,0.0,-0.2973204255104065,0.0,0.6666666865348816,0.6595237255096436,0.9369475245475769,0.918182373046875,1.0,0.380952388048172,0.8070216178894043,0.30000001192092896,0.20000000298023224,0.20000000298023224,0.15000000596046448,0.15000000596046448,1.0,1.0,1.0,1.0
complex_fixed_v018_r3,closed_loop,complex,full,1,0.18,False,17.570461373,1785051146.7348447,2.97554359016368,0.0034204097454608074,-0.2026801092911485,0.19444339282703846,-0.052855799346667114,3.667756895994023,0.18,0.27706836083151676,21.0,2.943112511382098,-0.007549104111197712,3.9428472908470176,0.015428066157045504,4.9425820712113735,0.03840524240608262,0.562168538570404,0.14812348783016205,0.09812349081039429,0.8070216178894043,1.0,0,ROW_FOLLOW,,1.0,101.0,103.0,0.22557806968688965,-0.014624282717704773,0.0,0.26807186007499695,0.0,-0.2973204255104065,0.0,0.6666666865348816,0.6595237255096436,0.9369475245475769,0.918182373046875,1.0,0.380952388048172,0.8070216178894043,0.30000001192092896,0.20000000298023224,0.20000000298023224,0.15000000596046448,0.15000000596046448,1.0,1.0,1.0,1.0
complex_fixed_v018_r3,closed_loop,complex,full,1,0.18,False,17.620863632,1785051146.785247,2.994579991307761,0.001360686681462333,-0.20288751188467913,0.19225718685688692,-0.0038653499712860795,3.686998592258748,0.18,0.28835442315384996,21.0,2.962692476643243,-0.008514339182870959,3.9623859614937156,0.016217504564886284,4.962079476992947,0.04094934290784602,0.5603376626968384,0.14965073764324188,0.09965074062347412,0.7953287363052368,1.0,0,ROW_FOLLOW,,1.0,92.0,107.0,0.22913581132888794,-0.011098504066467285,0.0,0.27213817834854126,0.0,-0.29433518648147583,0.0,0.6428571343421936,0.6333332657814026,0.9338963627815247,0.9268374443054199,1.0,0.3333333432674408,0.7953287363052368,0.30000001192092896,0.20000000298023224,0.20000000298023224,0.15000000596046448,0.15000000596046448,1.0,1.0,1.0,1.0
complex_fixed_v018_r3,closed_loop,complex,full,1,0.18,False,17.671016764,1785051146.8353999,3.0032665834596504,-0.00043389660971067954,-0.20361248575664836,0.19815127150890163,-0.01113626164672522,3.6958779586252737,0.18,0.2954786303819855,21.0,2.962692476643243,-0.008514339182870959,3.9623859614937156,0.016217504564886284,4.962079476992947,0.04094934290784602,0.5603376626968384,0.14965073764324188,0.09965074062347412,0.7953287363052368,1.0,0,ROW_FOLLOW,,1.0,92.0,107.0,0.22913581132888794,-0.011098504066467285,0.0,0.27213817834854126,0.0,-0.29433518648147583,0.0,0.6428571343421936,0.6333332657814026,0.9338963627815247,0.9268374443054199,1.0,0.3333333432674408,0.7953287363052368,0.30000001192092896,0.20000000298023224,0.20000000298023224,0.15000000596046448,0.15000000596046448,1.0,1.0,1.0,1.0
complex_fixed_v018_r3,closed_loop,complex,full,1,0.18,False,17.720787165,1785051146.8851705,3.012334357818369,-0.002329334324895147,-0.20466911469361576,0.1953568423015798,-0.025595923959516095,3.705164386957185,0.18,0.31054103589010074,21.0,2.9835502026988414,-0.008314944345354429,3.983251618362413,0.016066685312805848,4.982953048872866,0.04044831696943652,0.5596286058425903,0.15187136828899384,0.10187137126922607,0.7866053581237793,1.0,0,ROW_FOLLOW,,1.0,75.0,116.0,0.22646570205688477,-0.006235823035240173,0.0,0.2769066393375397,0.0,-0.28937828540802,0.0,0.6349206566810608,0.6071427464485168,0.9327142834663391,0.921051561832428,1.0,0.2857142984867096,0.7866053581237793,0.30000001192092896,0.20000000298023224,0.20000000298023224,0.15000000596046448,0.15000000596046448,1.0,1.0,1.0,1.0
complex_fixed_v018_r3,closed_loop,complex,full,1,0.18,False,17.770369528,1785051146.9347527,3.0184608934871697,-0.0019178605953968412,-0.20560255727510088,0.19365917649878858,-0.010242296954962756,3.718021443463226,0.18,0.3084741547368113,21.0,2.9835502026988414,-0.008314944345354429,3.983251618362413,0.016066685312805848,4.982953048872866,0.04044831696943652,0.5596286058425903,0.15187136828899384,0.10187137126922607,0.7866053581237793,1.0,0,ROW_FOLLOW,,1.0,75.0,116.0,0.22646570205688477,-0.006235823035240173,0.0,0.2769066393375397,0.0,-0.28937828540802,0.0,0.6349206566810608,0.6071427464485168,0.9327142834663391,0.921051561832428,1.0,0.2857142984867096,0.7866053581237793,0.30000001192092896,0.20000000298023224,0.20000000298023224,0.15000000596046448,0.15000000596046448,1.0,1.0,1.0,1.0
complex_fixed_v018_r3,closed_loop,complex,full,1,0.18,False,17.821310107,1785051146.9856935,3.0183752259668513,-0.0003028909861677691,-0.20563553989239575,0.19217301143211507,-0.01183331542425059,3.736953603577028,0.18,0.32851431228609884,19.0,3.0022271989845515,-0.005769785802544392,3.902021514322236,0.0129378617608753,4.868475966676358,0.03258471680242871,0.5578267574310303,0.15130023658275604,0.10130023956298828,0.7684972286224365,1.0,0,ROW_FOLLOW,,1.0,58.0,97.0,0.21986934542655945,0.000849112868309021,0.0,0.2838439643383026,0.0,-0.28214573860168457,0.0,0.6111111640930176,0.5547618269920349,0.9297112822532654,0.9217953681945801,1.0,0.190476194024086,0.7684972286224365,0.30000001192092896,0.20000000298023224,0.20000000298023224,0.15000000596046448,0.15000000596046448,1.0,1.0,1.0,1.0
complex_fixed_v018_r3,closed_loop,complex,full,1,0.18,False,17.870508875,1785051147.0348923,3.0276297193533668,-0.0022284865373922076,-0.2051425908109233,0.18348674759578018,0.01235639713826141,3.746407943365888,0.18,0.3193154515217837,19.0,3.0022271989845515,-0.005769785802544392,3.902021514322236,0.0129378617608753,4.868475966676358,0.03258471680242871,0.5578267574310303,0.15130023658275604,0.10130023956298828,0.7684972286224365,1.0,0,ROW_FOLLOW,,1.0,58.0,97.0,0.21986934542655945,0.000849112868309021,0.0,0.2838439643383026,0.0,-0.28214573860168457,0.0,0.6111111640930176,0.5547618269920349,0.9297112822532654,0.9217953681945801,1.0,0.190476194024086,0.7684972286224365,0.30000001192092896,0.20000000298023224,0.20000000298023224,0.15000000596046448,0.15000000596046448,1.0,1.0,1.0,1.0
complex_fixed_v018_r3,closed_loop,complex,full,1,0.18,False,17.921481839,1785051147.0858653,3.0459338341466387,-0.004889937246155421,-0.20430983282710408,0.18340269268360787,0.03649092970621315,3.764952327201636,0.18,0.34401194104206345,19.0,3.0194706816860553,-0.001219782459643572,3.9193578602940833,0.012061404733179433,4.952569619994081,0.02681955945312234,0.5607385039329529,0.15333957970142365,0.10333958268165588,0.7792872190475464,1.0,0,ROW_FOLLOW,,1.0,48.0,112.0,0.21310396492481232,0.008200854063034058,0.0,0.2910616993904114,0.0,-0.27465999126434326,0.0,0.6269841194152832,0.5809522867202759,0.9345641136169434,0.9205914735794067,1.0,0.2380952388048172,0.7792872190475464,0.30000001192092896,0.20000000298023224,0.20000000298023224,0.15000000596046448,0.15000000596046448,1.0,1.0,1.0,1.0
complex_fixed_v018_r3,closed_loop,complex,full,1,0.18,False,17.970553436,1785051147.1349368,3.054418281066938,-0.006605272488531292,-0.20225889806301678,0.18215093831918314,0.04345488322297216,3.7736281677058563,0.18,0.35302149766552887,19.0,3.0194706816860553,-0.001219782459643572,3.9193578602940833,0.012061404733179433,4.952569619994081,0.02681955945312234,0.5607385039329529,0.15333957970142365,0.10333958268165588,0.7792872190475464,1.0,0,ROW_FOLLOW,,1.0,48.0,112.0,0.21310396492481232,0.008200854063034058,0.0,0.2910616993904114,0.0,-0.27465999126434326,0.0,0.6269841194152832,0.5809522867202759,0.9345641136169434,0.9205914735794067,1.0,0.2380952388048172,0.7792872190475464,0.30000001192092896,0.20000000298023224,0.20000000298023224,0.15000000596046448,0.15000000596046448,1.0,1.0,1.0,1.0
complex_fixed_v018_r3,closed_loop,complex,full,1,0.18,False,18.020565796,1785051147.184949,3.0614405713118913,-0.009354257202033929,-0.20113895390840278,0.18238744827647596,0.047543214621450794,3.7852731848352774,0.18,0.3804695973207861,21.0,3.0364355926662703,0.0036067825891624,4.03637960509819,0.013841440739948191,5.054223651162538,0.0248973148615664,0.5624100565910339,0.14903773367404938,0.09903773665428162,0.7975763082504272,1.0,0,ROW_FOLLOW,,1.0,50.0,102.0,0.21046039462089539,0.014397665858268738,0.0,0.2973358631134033,0.0,-0.26854053139686584,0.0,0.6666666865348816,0.6071427464485168,0.9373500347137451,0.9245187044143677,1.0,0.2857142984867096,0.7975763082504272,0.30000001192092896,0.20000000298023224,0.20000000298023224,0.15000000596046448,0.15000000596046448,1.0,1.0,1.0,1.0
complex_fixed_v018_r3,closed_loop,complex,full,1,0.18,False,18.070410663,1785051147.234794,3.0700428765401515,-0.011079323477960663,-0.19984531365345282,0.17585500911562152,0.021128371944452405,3.7940610624552353,0.18,0.3934265687563614,21.0,3.0364355926662703,0.0036067825891624,4.03637960509819,0.013841440739948191,5.054223651162538,0.0248973148615664,0.5624100565910339,0.14903773367404938,0.09903773665428162,0.7975763082504272,1.0,0,ROW_FOLLOW,,1.0,50.0,102.0,0.21046039462089539,0.014397665858268738,0.0,0.2973358631134033,0.0,-0.26854053139686584,0.0,0.6666666865348816,0.6071427464485168,0.9373500347137451,0.9245187044143677,1.0,0.2857142984867096,0.7975763082504272,0.30000001192092896,0.20000000298023224,0.20000000298023224,0.15000000596046448,0.15000000596046448,1.0,1.0,1.0,1.0
complex_fixed_v018_r3,closed_loop,complex,full,1,0.18,False,18.120406511,1785051147.2847898,3.078903190630843,-0.01280920360985224,-0.19796671714922237,0.1760587188439661,0.031151582587840034,3.8031295642193403,0.18,0.41966971337080505,20.0,3.0505463319981643,0.007325320332536615,4.055490666518263,0.017570791626190463,5.011906394403472,0.03003541013716131,0.5637444853782654,0.15221364796161652,0.10221365094184875,0.7875336408615112,1.0,0,ROW_FOLLOW,,1.0,53.0,94.0,0.21265988051891327,0.01926654577255249,0.0,0.3020607829093933,0.0,-0.26352769136428833,0.0,0.6269841194152832,0.6071427464485168,0.9395743012428284,0.9339667558670044,1.0,0.2857142984867096,0.7875336408615112,0.30000001192092896,0.20000000298023224,0.20000000298023224,0.15000000596046448,0.15000000596046448,1.0,1.0,1.0,1.0
complex_fixed_v018_r3,closed_loop,complex,full,1,0.18,False,18.170416343,1785051147.3347995,3.0828267100901563,-0.014542634289859954,-0.1949304693770664,0.1718995366870071,0.06531835399493693,3.816947429289566,0.18,0.4254005183113293,20.0,3.0505463319981643,0.007325320332536615,4.055490666518263,0.017570791626190463,5.011906394403472,0.03003541013716131,0.5637444853782654,0.15221364796161652,0.10221365094184875,0.7875336408615112,1.0,0,ROW_FOLLOW,,1.0,53.0,94.0,0.21265988051891327,0.01926654577255249,0.0,0.3020607829093933,0.0,-0.26352769136428833,0.0,0.6269841194152832,0.6071427464485168,0.9395743012428284,0.9339667558670044,1.0,0.2857142984867096,0.7875336408615112,0.30000001192092896,0.20000000298023224,0.20000000298023224,0.15000000596046448,0.15000000596046448,1.0,1.0,1.0,1.0
complex_fixed_v018_r3,closed_loop,complex,full,1,0.18,False,18.220789834,1785051147.3851733,3.0914351776105646,-0.01616123380815594,-0.1931521795456792,0.173062530487205,0.040784140323805514,3.8257463511590153,0.18,0.4350936444291841,21.0,3.0716994763717778,0.007510863793923696,4.076601054057684,0.021045309043152143,5.07246272890838,0.03364673215660635,0.5643112063407898,0.15594099462032318,0.10594099760055542,0.7635066509246826,1.0,1,ROW_FOLLOW,,1.0,63.0,76.0,0.2119821459054947,0.02271808683872223,0.0,0.30501505732536316,0.0,-0.2595788836479187,0.0,0.5555555820465088,0.5809522867202759,0.9405186176300049,0.9503052234649658,1.0,0.2380952388048172,0.7635066509246826,0.30000001192092896,0.20000000298023224,0.20000000298023224,0.15000000596046448,0.15000000596046448,1.0,1.0,1.0,1.0
complex_fixed_v018_r3,closed_loop,complex,full,1,0.18,False,18.270702671,1785051147.435086,3.0913572231252786,-0.01842615670626114,-0.1897319087969428,0.1710307380307259,0.07059238569301457,3.844223225808123,0.18,0.44195733659370395,21.0,3.0716994763717778,0.007510863793923696,4.076601054057684,0.021045309043152143,5.07246272890838,0.03364673215660635,0.5643112063407898,0.15594099462032318,0.10594099760055542,0.7635066509246826,1.0,1,ROW_FOLLOW,,1.0,63.0,76.0,0.2119821459054947,0.02271808683872223,0.0,0.30501505732536316,0.0,-0.2595788836479187,0.0,0.5555555820465088,0.5809522867202759,0.9405186176300049,0.9503052234649658,1.0,0.2380952388048172,0.7635066509246826,0.30000001192092896,0.20000000298023224,0.20000000298023224,0.15000000596046448,0.15000000596046448,1.0,1.0,1.0,1.0
complex_fixed_v018_r3,closed_loop,complex,full,1,0.18,False,18.320583731,1785051147.484967,3.1039979025929214,-0.020220479673787494,-0.18669458838197883,0.1723146594841674,0.08341927330263779,3.8570519425310756,0.18,0.45082630310887967,20.0,3.086649214462637,0.006642789998918715,4.091450759062462,0.025976590877951743,5.052925290966588,0.04457350997499985,0.5654252767562866,0.15928150713443756,0.1092815101146698,0.7492752075195312,1.0,1,ROW_FOLLOW,,1.0,50.0,80.0,0.21410560607910156,0.025199294090270996,0.0,0.30743104219436646,0.0,-0.25703245401382446,0.0,0.523809552192688,0.5547617673873901,0.9423753619194031,0.9513658881187439,1.0,0.190476194024086,0.7492752075195312,0.30000001192092896,0.20000000298023224,0.20000000298023224,0.15000000596046448,0.15000000596046448,1.0,1.0,1.0,1.0
complex_fixed_v018_r3,closed_loop,complex,full,1,0.18,False,18.370740607,1785051147.535124,3.112617604023502,-0.021683601803913818,-0.17953537036937295,0.161564969898723,0.13320559616084782,3.8658807968655755,0.18,0.45072556739648395,20.0,3.086649214462637,0.006642789998918715,4.091450759062462,0.025976590877951743,5.052925290966588,0.04457350997499985,0.5654252767562866,0.15928150713443756,0.1092815101146698,0.7492752075195312,1.0,1,ROW_FOLLOW,,1.0,50.0,80.0,0.21410560607910156,0.025199294090270996,0.0,0.30743104219436646,0.0,-0.25703245401382446,0.0,0.523809552192688,0.5547617673873901,0.9423753619194031,0.9513658881187439,1.0,0.190476194024086,0.7492752075195312,0.30000001192092896,0.20000000298023224,0.20000000298023224,0.15000000596046448,0.15000000596046448,1.0,1.0,1.0,1.0
complex_fixed_v018_r3,closed_loop,complex,full,1,0.18,False,18.420632516,1785051147.5850158,3.1176002194710564,-0.020842884664834867,-0.17502472671647643,0.16472870287371433,0.14584534349534825,3.878830087362852,0.18,0.44919342131727147,21.0,3.103494999921247,0.005004897636631835,4.103159043868303,0.03028436218322,5.1049983279396365,0.054801141157935315,0.5639670491218567,0.15929241478443146,0.1092924177646637,0.7436841726303101,1.0,1,ROW_FOLLOW,,1.0,60.0,76.0,0.2097104787826538,0.026405304670333862,0.0,0.3093634843826294,0.0,-0.25655287504196167,0.0,0.4761904776096344,0.6071427464485168,0.9399450421333313,0.9427300691604614,1.0,0.2857142984867096,0.7436841726303101,0.30000001192092896,0.20000000298023224,0.20000000298023224,0.15000000596046448,0.15000000596046448,1.0,1.0,1.0,1.0
complex_fixed_v018_r3,closed_loop,complex,full,1,0.18,False,18.470607211,1785051147.6349907,3.126660234572009,-0.02234136400986226,-0.16391235298261272,0.1629858984305521,0.1757384083904446,3.8880456548439675,0.18,0.43106527816196855,21.0,3.103494999921247,0.005004897636631835,4.103159043868303,0.03028436218322,5.1049983279396365,0.054801141157935315,0.5639670491218567,0.15929241478443146,0.1092924177646637,0.7436841726303101,1.0,1,ROW_FOLLOW,,1.0,60.0,76.0,0.2097104787826538,0.026405304670333862,0.0,0.3093634843826294,0.0,-0.25655287504196167,0.0,0.4761904776096344,0.6071427464485168,0.9399450421333313,0.9427300691604614,1.0,0.2857142984867096,0.7436841726303101,0.30000001192092896,0.20000000298023224,0.20000000298023224,0.15000000596046448,0.15000000596046448,1.0,1.0,1.0,1.0
complex_fixed_v018_r3,closed_loop,complex,full,1,0.18,False,18.520618611,1785051147.685002,3.146470631541708,-0.02194402758576145,-0.15700807100539738,0.16608006796152675,0.20326677874203591,3.9081389850683097,0.18,0.4228187772702354,21.0,3.117854376720729,0.004520780263176379,4.117455229271865,0.03264552015595485,5.126347843348383,0.06261078608212729,0.5645224452018738,0.16206856071949005,0.11206856369972229,0.7587195634841919,1.0,1,ROW_FOLLOW,,1.0,67.0,86.0,0.18765220046043396,0.028662070631980896,0.0,0.3113521933555603,0.0,-0.2540280520915985,0.0,0.5079364776611328,0.6333332657814026,0.9408709406852722,0.9433183073997498,1.0,0.3333333432674408,0.7587195634841919,0.30000001192092896,0.20000000298023224,0.20000000298023224,0.15000000596046448,0.15000000596046448,1.0,1.0,1.0,1.0
complex_fixed_v018_r3,closed_loop,complex,full,1,0.18,False,18.570402484,1785051147.7347858,3.155573134398672,-0.023104285203371645,-0.1460547987869929,0.17465849204313652,0.18242903081498038,3.9174279830678804,0.18,0.4169697044701549,21.0,3.117854376720729,0.004520780263176379,4.117455229271865,0.03264552015595485,5.126347843348383,0.06261078608212729,0.5645224452018738,0.16206856071949005,0.11206856369972229,0.7587195634841919,1.0,1,ROW_FOLLOW,,1.0,67.0,86.0,0.18765220046043396,0.028662070631980896,0.0,0.3113521933555603,0.0,-0.2540280520915985,0.0,0.5079364776611328,0.6333332657814026,0.9408709406852722,0.9433183073997498,1.0,0.3333333432674408,0.7587195634841919,0.30000001192092896,0.20000000298023224,0.20000000298023224,0.15000000596046448,0.15000000596046448,1.0,1.0,1.0,1.0
complex_fixed_v018_r3,closed_loop,complex,full,1,0.18,False,18.620792552,1785051147.7851758,3.163562028451801,-0.02391284795892651,-0.1380363227337127,0.17392134935924342,0.18458416651729323,3.9256250036426716,0.18,0.4137362977366295,21.0,3.1390836633013977,0.006254070070287006,4.138721607463283,0.032806313848366186,5.138359537572874,0.05935855661669671,0.5625168681144714,0.15310917794704437,0.10310918092727661,0.7720983028411865,1.0,0,ROW_FOLLOW,,1.0,91.0,82.0,0.1592681109905243,0.03431429713964462,0.0,0.31654950976371765,0.0,-0.2479209154844284,0.0,0.5634920597076416,0.6333332657814026,0.9375282526016235,0.9258559942245483,1.0,0.3333333432674408,0.7720983028411865,0.30000001192092896,0.20000000298023224,0.20000000298023224,0.15000000596046448,0.15000000596046448,1.0,1.0,1.0,1.0
complex_fixed_v018_r3,closed_loop,complex,full,1,0.18,False,18.671151546,1785051147.8355348,3.1730286177385656,-0.022765828362188493,-0.12754615717969342,0.1757620995970347,0.19981751539217335,3.9367128889534078,0.18,0.3975737533598916,21.0,3.1390836633013977,0.006254070070287006,4.138721607463283,0.032806313848366186,5.138359537572874,0.05935855661669671,0.5625168681144714,0.15310917794704437,0.10310918092727661,0.7720983028411865,1.0,0,ROW_FOLLOW,,1.0,91.0,82.0,0.1592681109905243,0.03431429713964462,0.0,0.31654950976371765,0.0,-0.2479209154844284,0.0,0.5634920597076416,0.6333332657814026,0.9375282526016235,0.9258559942245483,1.0,0.3333333432674408,0.7720983028411865,0.30000001192092896,0.20000000298023224,0.20000000298023224,0.15000000596046448,0.15000000596046448,1.0,1.0,1.0,1.0
complex_fixed_v018_r3,closed_loop,complex,full,1,0.18,False,18.72074031,1785051147.8851235,3.1766738002886243,-0.024517468729789334,-0.11859707336927719,0.16967363826569293,0.21544907265107766,3.9498838942667396,0.18,0.396254192531284,20.0,3.154907019336035,0.010319329213390077,4.154675087439294,0.031390714700980864,5.087795714469073,0.05087212659982879,0.5663889050483704,0.15556852519512177,0.105568528175354,0.7670775651931763,1.0,0,ROW_FOLLOW,,1.0,81.0,85.0,0.13848337531089783,0.039142392575740814,0.0,0.32168030738830566,0.0,-0.24339552223682404,0.0,0.523809552192688,0.6595237255096436,0.9439815282821655,0.9282239079475403,1.0,0.380952388048172,0.7670775651931763,0.30000001192092896,0.20000000298023224,0.20000000298023224,0.15000000596046448,0.15000000596046448,1.0,1.0,1.0,1.0
complex_fixed_v018_r3,closed_loop,complex,full,1,0.18,False,18.770414964,1785051147.9347982,3.1811211311306318,-0.029129174906717563,-0.10243847802019035,0.17013491162649366,0.26974197646507725,3.9649974314862915,0.18,0.3991545050825371,20.0,3.154907019336035,0.010319329213390077,4.154675087439294,0.031390714700980864,5.087795714469073,0.05087212659982879,0.5663889050483704,0.15556852519512177,0.105568528175354,0.7670775651931763,1.0,0,ROW_FOLLOW,,1.0,81.0,85.0,0.13848337531089783,0.039142392575740814,0.0,0.32168030738830566,0.0,-0.24339552223682404,0.0,0.523809552192688,0.6595237255096436,0.9439815282821655,0.9282239079475403,1.0,0.380952388048172,0.7670775651931763,0.30000001192092896,0.20000000298023224,0.20000000298023224,0.15000000596046448,0.15000000596046448,1.0,1.0,1.0,1.0
complex_fixed_v018_r3,closed_loop,complex,full,1,0.18,False,18.820616322,1785051147.9849997,3.1895962772670687,-0.029716539146120713,-0.09296552231236134,0.1704634517699613,0.2530024944801271,3.9736229238888754,0.18,0.3959549305548419,21.0,3.1703705490913605,0.013851046992985455,4.170222115650172,0.03081146449969598,5.171337640686241,0.04839945157223939,0.5662264823913574,0.1574738770723343,0.10747388005256653,0.7568631172180176,1.0,0,ROW_FOLLOW,,1.0,92.0,86.0,0.11254070699214935,0.0447697788476944,0.0,0.3270859122276306,0.0,-0.23754635453224182,0.0,0.4920634627342224,0.6595237255096436,0.9437106251716614,0.9239816069602966,1.0,0.380952388048172,0.7568631172180176,0.30000001192092896,0.20000000298023224,0.20000000298023224,0.15000000596046448,0.15000000596046448,1.0,1.0,1.0,1.0
complex_fixed_v018_r3,closed_loop,complex,full,1,0.18,False,18.870417988,1785051148.0348012,3.195617537364314,-0.02967818691902802,-0.07581159570762575,0.1712622570671762,0.291780272045845,3.979962924866233,0.18,0.37416828487515325,21.0,3.1703705490913605,0.013851046992985455,4.170222115650172,0.03081146449969598,5.171337640686241,0.04839945157223939,0.5662264823913574,0.1574738770723343,0.10747388005256653,0.7568631172180176,1.0,0,ROW_FOLLOW,,1.0,92.0,86.0,0.11254070699214935,0.0447697788476944,0.0,0.3270859122276306,0.0,-0.23754635453224182,0.0,0.4920634627342224,0.6595237255096436,0.9437106251716614,0.9239816069602966,1.0,0.380952388048172,0.7568631172180176,0.30000001192092896,0.20000000298023224,0.20000000298023224,0.15000000596046448,0.15000000596046448,1.0,1.0,1.0,1.0
complex_fixed_v018_r3,closed_loop,complex,full,1,0.18,False,18.920700532,1785051148.085084,3.2144114338773435,-0.036786901085716465,-0.0638304825436915,0.17113116330183945,0.2891264205188043,4.000541277682643,0.18,0.4121057102376323,21.0,3.181087501143159,0.0168613658468255,4.180985587680321,0.03111240139150218,5.187552635564106,0.04478679101427922,0.5631968975067139,0.1561548262834549,0.10615482926368713,0.7394602298736572,1.0,0,ROW_FOLLOW,,1.0,91.0,89.0,0.08293098956346512,0.04896637052297592,0.0,0.3312169313430786,0.0,-0.23328419029712677,0.0,0.4603174328804016,0.6071427464485168,0.9386616945266724,0.9480273127555847,1.0,0.2857142984867096,0.7394602298736572,0.30000001192092896,0.20000000298023224,0.20000000298023224,0.15000000596046448,0.15000000596046448,1.0,1.0,1.0,1.0
complex_fixed_v018_r3,closed_loop,complex,full,1,0.18,False,18.970478902,1785051148.1348622,3.223600695801216,-0.036943867738715934,-0.04755135223304929,0.17609758299882142,0.25065255579017687,4.009928451427389,0.18,0.3973684680417385,21.0,3.181087501143159,0.0168613658468255,4.180985587680321,0.03111240139150218,5.187552635564106,0.04478679101427922,0.5631968975067139,0.1561548262834549,0.10615482926368713,0.7394602298736572,1.0,0,ROW_FOLLOW,,1.0,91.0,89.0,0.08293098956346512,0.04896637052297592,0.0,0.3312169313430786,0.0,-0.23328419029712677,0.0,0.4603174328804016,0.6071427464485168,0.9386616945266724,0.9480273127555847,1.0,0.2857142984867096,0.7394602298736572,0.30000001192092896,0.20000000298023224,0.20000000298023224,0.15000000596046448,0.15000000596046448,1.0,1.0,1.0,1.0
complex_fixed_v018_r3,closed_loop,complex,full,1,0.18,False,19.020710501,1785051148.1850939,3.2322915703107546,-0.0367993581363207,-0.03602852805260561,0.1752479896107928,0.2506703588272254,4.018880264071487,0.18,0.36781915385449976,20.0,3.1994809301292064,0.016642335443163077,4.204393444971837,0.029892193044972176,5.13264625607329,0.04211084914573865,0.5639844536781311,0.16495169699192047,0.11495169997215271,0.7628647089004517,1.0,0,ROW_FOLLOW,,1.0,106.0,95.0,0.055390067398548126,0.051697179675102234,0.0,0.3337174654006958,0.0,-0.23032310605049133,0.0,0.5158730745315552,0.6333332657814026,0.9399741888046265,0.9562756419181824,1.0,0.3333333432674408,0.7628647089004517,0.30000001192092896,0.20000000298023224,0.20000000298023224,0.15000000596046448,0.15000000596046448,1.0,1.0,1.0,1.0
complex_fixed_v018_r3,closed_loop,complex,full,1,0.18,False,19.070558632,1785051148.234942,3.243061305488253,-0.03766894884966635,-0.01396847106455645,0.17676157009525204,0.2508241261862791,4.030319526303196,0.18,0.3501736502589597,20.0,3.1994809301292064,0.016642335443163077,4.204393444971837,0.029892193044972176,5.13264625607329,0.04211084914573865,0.5639844536781311,0.16495169699192047,0.11495169997215271,0.7628647089004517,1.0,0,ROW_FOLLOW,,1.0,106.0,95.0,0.055390067398548126,0.051697179675102234,0.0,0.3337174654006958,0.0,-0.23032310605049133,0.0,0.5158730745315552,0.6333332657814026,0.9399741888046265,0.9562756419181824,1.0,0.3333333432674408,0.7628647089004517,0.30000001192092896,0.20000000298023224,0.20000000298023224,0.15000000596046448,0.15000000596046448,1.0,1.0,1.0,1.0
complex_fixed_v018_r3,closed_loop,complex,full,1,0.18,False,19.120625298,1785051148.2850087,3.2525861652408916,-0.03532926858747876,-7.613384119276038e-05,0.17731636072540907,0.25101177332813523,4.041569523082797,0.18,0.3068779837598525,19.0,3.2200436577650624,0.01644015770824819,4.119953162726336,0.029092001115120992,5.119850816966647,0.04327101498783373,0.5666185021400452,0.16035090386867523,0.11035090684890747,0.7666963338851929,1.0,0,ROW_FOLLOW,,1.0,103.0,93.0,0.025077607482671738,0.052644744515419006,0.0,0.3350624144077301,0.0,-0.2297729253768921,0.0,0.523809552192688,0.6333332657814026,0.944364070892334,0.9600928425788879,1.0,0.3333333432674408,0.7666963338851929,0.30000001192092896,0.20000000298023224,0.20000000298023224,0.15000000596046448,0.15000000596046448,1.0,1.0,1.0,1.0
complex_fixed_v018_r3,closed_loop,complex,full,1,0.18,False,19.170554584,1785051148.3349378,3.2610579668608657,-0.03471299227562101,0.025945276580705567,0.17847902033657193,0.3591242323611884,4.0503625736704825,0.18,0.2730588346783494,19.0,3.2200436577650624,0.01644015770824819,4.119953162726336,0.029092001115120992,5.119850816966647,0.04327101498783373,0.5666185021400452,0.16035090386867523,0.11035090684890747,0.7666963338851929,1.0,0,ROW_FOLLOW,,1.0,103.0,93.0,0.025077607482671738,0.052644744515419006,0.0,0.3350624144077301,0.0,-0.2297729253768921,0.0,0.523809552192688,0.6333332657814026,0.944364070892334,0.9600928425788879,1.0,0.3333333432674408,0.7666963338851929,0.30000001192092896,0.20000000298023224,0.20000000298023224,0.15000000596046448,0.15000000596046448,1.0,1.0,1.0,1.0
complex_fixed_v018_r3,closed_loop,complex,full,1,0.18,False,19.221174099,1785051148.3855574,3.2784205890608433,-0.02791021946074642,0.03942356278754078,0.1789049065073016,0.35736508750127943,4.069987187887827,0.18,0.23673991591445595,19.0,3.241718769828555,0.015782167250447832,4.141593655328035,0.030520620184034546,5.208109939869961,0.048123404888499345,0.5676988363265991,0.16739080846309662,0.11739081144332886,0.771114706993103,1.0,0,ROW_FOLLOW,,1.0,96.0,107.0,-0.011527333408594131,0.05207517743110657,0.0,0.3347693681716919,0.0,-0.23061901330947876,0.0,0.5158730745315552,0.6595237255096436,0.946164608001709,0.9681004881858826,1.0,0.380952388048172,0.771114706993103,0.30000001192092896,0.20000000298023224,0.20000000298023224,0.15000000596046448,0.15000000596046448,1.0,1.0,1.0,1.0
complex_fixed_v018_r3,closed_loop,complex,full,1,0.18,False,19.270893715,1785051148.435277,3.2868618923751454,-0.027030370789507586,0.06175734865840132,0.188909251177034,0.3449227607704178,4.07874656234368,0.18,0.18194029297340533,19.0,3.241718769828555,0.015782167250447832,4.141593655328035,0.030520620184034546,5.208109939869961,0.048123404888499345,0.5676988363265991,0.16739080846309662,0.11739081144332886,0.771114706993103,1.0,0,ROW_FOLLOW,,1.0,96.0,107.0,-0.011527333408594131,0.05207517743110657,0.0,0.3347693681716919,0.0,-0.23061901330947876,0.0,0.5158730745315552,0.6595237255096436,0.946164608001709,0.9681004881858826,1.0,0.380952388048172,0.771114706993103,0.30000001192092896,0.20000000298023224,0.20000000298023224,0.15000000596046448,0.15000000596046448,1.0,1.0,1.0,1.0
complex_fixed_v018_r3,closed_loop,complex,full,1,0.18,False,19.320621459,1785051148.485005,3.3013743408733203,-0.011551473771070369,0.07405892920444135,0.21582632215491923,0.32922942146905965,4.103622809361133,0.18,0.0929881682829015,20.0,3.2627147356895936,0.01897601157885662,4.290878734780255,0.03758801394023517,5.285646843036656,0.05949764021200132,0.5686920881271362,0.16684933006763458,0.11684933304786682,0.7646764516830444,1.0,0,ROW_FOLLOW,,1.0,91.0,104.0,-0.04922837018966675,0.05136023461818695,0.0,0.33426856994628906,0.0,-0.23154810070991516,0.0,0.4920634627342224,0.6595237255096436,0.9478198289871216,0.9705907702445984,1.0,0.380952388048172,0.7646764516830444,0.30000001192092896,0.20000000298023224,0.20000000298023224,0.15000000596046448,0.15000000596046448,1.0,1.0,1.0,1.0
complex_fixed_v018_r3,closed_loop,complex,full,1,0.18,False,19.370413813,1785051148.534797,3.3130235485329163,-0.006620534234809829,0.09316367837642224,0.21582632215491923,0.3059387382808658,4.1163726433288454,0.18,0.045039764540014175,20.0,3.2627147356895936,0.01897601157885662,4.290878734780255,0.03758801394023517,5.285646843036656,0.05949764021200132,0.5686920881271362,0.16684933006763458,0.11684933304786682,0.7646764516830444,1.0,0,ROW_FOLLOW,,1.0,91.0,104.0,-0.04922837018966675,0.05136023461818695,0.0,0.33426856994628906,0.0,-0.23154810070991516,0.0,0.4920634627342224,0.6595237255096436,0.9478198289871216,0.9705907702445984,1.0,0.380952388048172,0.7646764516830444,0.30000001192092896,0.20000000298023224,0.20000000298023224,0.15000000596046448,0.15000000596046448,1.0,1.0,1.0,1.0
complex_fixed_v018_r3,closed_loop,complex,full,1,0.18,False,19.420682437,1785051148.5850658,3.3160921306847237,-0.003985656974853483,0.10504433863565855,0.20113308952550982,0.3008457670699819,4.130576350713791,0.18,0.05504035109731132,20.0,3.288360086851288,0.02953995370966136,4.3165299443813,0.04778964899563167,5.302259008265635,0.06878508155989421,0.5704856514930725,0.1677960306406021,0.11779603362083435,0.7756969928741455,1.0,0,ROW_FOLLOW,,1.0,96.0,104.0,-0.0834600105881691,0.050397537648677826,0.0,0.33371567726135254,0.0,-0.2329206019639969,0.0,0.5158730745315552,0.6857142448425293,0.950149655342102,0.9584150910377502,1.0,0.4285714328289032,0.7756969928741455,0.30000001192092896,0.20000000298023224,0.20000000298023224,0.15000000596046448,0.15000000596046448,1.0,1.0,1.0,1.0
complex_fixed_v018_r3,closed_loop,complex,full,1,0.18,False,19.470827985,1785051148.6352112,3.326892883405136,0.0014875444563564894,0.1204937823029564,0.20113308952550982,0.23030659392891692,4.142766791248882,0.18,0.009978387542228141,20.0,3.288360086851288,0.02953995370966136,4.3165299443813,0.04778964899563167,5.302259008265635,0.06878508155989421,0.5704856514930725,0.1677960306406021,0.11779603362083435,0.7756969928741455,1.0,0,ROW_FOLLOW,,1.0,96.0,104.0,-0.0834600105881691,0.050397537648677826,0.0,0.33371567726135254,0.0,-0.2329206019639969,0.0,0.5158730745315552,0.6857142448425293,0.950149655342102,0.9584150910377502,1.0,0.4285714328289032,0.7756969928741455,0.30000001192092896,0.20000000298023224,0.20000000298023224,0.15000000596046448,0.15000000596046448,1.0,1.0,1.0,1.0
complex_fixed_v018_r3,closed_loop,complex,full,1,0.18,False,19.520535473,1785051148.6849189,3.327441921340565,-0.0034094014736808414,0.1284135225890144,0.19216163453169854,0.21604997083569444,4.171973736445572,0.18,0.025882471642484667,21.0,3.3106207849491605,0.038966629596613477,4.338828543307195,0.05494000900874408,5.326617007955678,0.07218765770431461,0.5643592476844788,0.16214294731616974,0.11214295029640198,0.7563909292221069,1.0,0,ROW_FOLLOW,,1.0,95.0,102.0,-0.11518467217683792,0.049144431948661804,0.0,0.3320809006690979,0.0,-0.2337920367717743,0.0,0.5079364776611328,0.6071427464485168,0.9405985474586487,0.9630780816078186,1.0,0.2857142984867096,0.7563909292221069,0.30000001192092896,0.20000000298023224,0.20000000298023224,0.15000000596046448,0.15000000596046448,1.0,1.0,1.0,1.0
complex_fixed_v018_r3,closed_loop,complex,full,1,0.18,False,19.570399029,1785051148.7347822,3.3363456640908877,-0.0019480422960453216,0.14000769946631708,0.19010089849855355,0.19625384941489787,4.181125894141388,0.18,0.041640977212612035,21.0,3.3106207849491605,0.038966629596613477,4.338828543307195,0.05494000900874408,5.326617007955678,0.07218765770431461,0.5643592476844788,0.16214294731616974,0.11214295029640198,0.7563909292221069,1.0,0,ROW_FOLLOW,,1.0,95.0,102.0,-0.11518467217683792,0.049144431948661804,0.0,0.3320809006690979,0.0,-0.2337920367717743,0.0,0.5079364776611328,0.6071427464485168,0.9405985474586487,0.9630780816078186,1.0,0.2857142984867096,0.7563909292221069,0.30000001192092896,0.20000000298023224,0.20000000298023224,0.15000000596046448,0.15000000596046448,1.0,1.0,1.0,1.0
complex_fixed_v018_r3,closed_loop,complex,full,1,0.18,False,19.620780712,1785051148.785164,3.343095580488345,-0.0006540542458381158,0.14736813338656024,0.18942447062097953,0.19684860858557876,4.1881537281030035,0.18,0.04210032206999442,21.0,3.329525534318424,0.046176524333288414,4.32944078297647,0.0589492811800247,5.334598427069768,0.06854679466303878,0.5654680132865906,0.16032136976718903,0.11032137274742126,0.7668145895004272,1.0,0,ROW_FOLLOW,,1.0,90.0,105.0,-0.13422909379005432,0.046788811683654785,0.0,0.32958826422691345,0.0,-0.23601064085960388,0.0,0.523809552192688,0.6333332657814026,0.9424469470977783,0.9634381532669067,1.0,0.3333333432674408,0.7668145895004272,0.30000001192092896,0.20000000298023224,0.20000000298023224,0.15000000596046448,0.15000000596046448,1.0,1.0,1.0,1.0
complex_fixed_v018_r3,closed_loop,complex,full,1,0.18,False,19.670581258,1785051148.8349645,3.3621322479242517,-0.0011526741747225145,0.1576052139819421,0.1869941149477174,0.1575267955548581,4.2077795450792665,0.18,0.0471296703946085,21.0,3.329525534318424,0.046176524333288414,4.32944078297647,0.0589492811800247,5.334598427069768,0.06854679466303878,0.5654680132865906,0.16032136976718903,0.11032137274742126,0.7668145895004272,1.0,0,ROW_FOLLOW,,1.0,90.0,105.0,-0.13422909379005432,0.046788811683654785,0.0,0.32958826422691345,0.0,-0.23601064085960388,0.0,0.523809552192688,0.6333332657814026,0.9424469470977783,0.9634381532669067,1.0,0.3333333432674408,0.7668145895004272,0.30000001192092896,0.20000000298023224,0.20000000298023224,0.15000000596046448,0.15000000596046448,1.0,1.0,1.0,1.0
complex_fixed_v018_r3,closed_loop,complex,full,1,0.18,False,19.720686581,1785051148.8850698,3.3707255430151064,0.0005493736168429054,0.16457657797202474,0.18589647035799642,0.1631316153317909,4.216699959358585,0.18,0.036230835466770715,21.0,3.3465338947471235,0.04532510033185285,4.346460153784906,0.057339932967189866,5.346386412468959,0.06935476825334477,0.5671862363815308,0.16757185757160187,0.1175718605518341,0.7579796314239502,1.0,0,ROW_FOLLOW,,1.0,92.0,96.0,-0.1511925905942917,0.0436580628156662,0.0,0.326524555683136,0.0,-0.2392084300518036,0.0,0.4920634627342224,0.6333332657814026,0.9453104138374329,0.9642120599746704,1.0,0.3333333432674408,0.7579796314239502,0.30000001192092896,0.20000000298023224,0.20000000298023224,0.15000000596046448,0.15000000596046448,1.0,1.0,1.0,1.0
complex_fixed_v018_r3,closed_loop,complex,full,1,0.18,False,19.77171958,1785051148.9361029,3.3773843229005935,-0.002923955682138116,0.1738359133670597,0.17573759823065696,0.1555167458572766,4.232107223914838,0.18,0.024944921762563715,21.0,3.3465338947471235,0.04532510033185285,4.346460153784906,0.057339932967189866,5.346386412468959,0.06935476825334477,0.5671862363815308,0.16757185757160187,0.1175718605518341,0.7579796314239502,1.0,0,ROW_FOLLOW,,1.0,92.0,96.0,-0.1511925905942917,0.0436580628156662,0.0,0.326524555683136,0.0,-0.2392084300518036,0.0,0.4920634627342224,0.6333332657814026,0.9453104138374329,0.9642120599746704,1.0,0.3333333432674408,0.7579796314239502,0.30000001192092896,0.20000000298023224,0.20000000298023224,0.15000000596046448,0.15000000596046448,1.0,1.0,1.0,1.0
complex_fixed_v018_r3,closed_loop,complex,full,1,0.18,False,19.820558498,1785051148.9849417,3.3862214894233014,-0.0010721944224715814,0.17941726595658644,0.17667192518486804,0.13892162986664067,4.241260227588381,0.18,0.01572203849785125,20.0,3.366177673154608,0.043091926454675834,4.366107367010034,0.054839064976538454,5.299374970365062,0.06582567511360997,0.5665729641914368,0.16633106768131256,0.1163310706615448,0.7483381032943726,1.0,0,ROW_FOLLOW,,1.0,78.0,108.0,-0.16699156165122986,0.04010649770498276,0.0,0.32289767265319824,0.0,-0.24268467724323273,0.0,0.4444444179534912,0.6595237255096436,0.9442881345748901,0.9616156816482544,1.0,0.380952388048172,0.7483381032943726,0.30000001192092896,0.20000000298023224,0.20000000298023224,0.15000000596046448,0.15000000596046448,1.0,1.0,1.0,1.0
complex_fixed_v018_r3,closed_loop,complex,full,1,0.18,False,19.87088162,1785051149.035265,3.3893020143976607,-0.002543267272222719,0.18669710259020053,0.16253395968186168,0.14046646245980782,4.256507009182461,0.18,-0.016004669037708436,20.0,3.366177673154608,0.043091926454675834,4.366107367010034,0.054839064976538454,5.299374970365062,0.06582567511360997,0.5665729641914368,0.16633106768131256,0.1163310706615448,0.7483381032943726,1.0,0,ROW_FOLLOW,,1.0,78.0,108.0,-0.16699156165122986,0.04010649770498276,0.0,0.32289767265319824,0.0,-0.24268467724323273,0.0,0.4444444179534912,0.6595237255096436,0.9442881345748901,0.9616156816482544,1.0,0.380952388048172,0.7483381032943726,0.30000001192092896,0.20000000298023224,0.20000000298023224,0.15000000596046448,0.15000000596046448,1.0,1.0,1.0,1.0
complex_fixed_v018_r3,closed_loop,complex,full,1,0.18,False,19.920477232,1785051149.0848603,3.393582531720736,-0.0011121211933391446,0.19211397410968573,0.1656888908085511,0.14787386725131893,4.2699480060316075,0.18,-0.06048890830043438,19.0,3.3844477366255887,0.0393124168363429,4.284365105041334,0.051483110200291025,5.284272771896305,0.06505198687468888,0.5702247023582458,0.16842640936374664,0.11842641234397888,0.7653902769088745,1.0,0,ROW_FOLLOW,,1.0,74.0,111.0,-0.17442618310451508,0.035419732332229614,0.0,0.3183133602142334,0.0,-0.24747389554977417,0.0,0.4920635223388672,0.6857142448425293,0.9503743052482605,0.9370229840278625,1.0,0.4285714328289032,0.7653902769088745,0.30000001192092896,0.20000000298023224,0.20000000298023224,0.15000000596046448,0.15000000596046448,1.0,1.0,1.0,1.0
complex_fixed_v018_r3,closed_loop,complex,full,1,0.18,False,19.970949127,1785051149.1353323,3.403175444910267,0.0009688640064427112,0.20044789943091065,0.15812036724828799,0.1508903663545784,4.279858766865021,0.18,-0.07576069615495251,19.0,3.3844477366255887,0.0393124168363429,4.284365105041334,0.051483110200291025,5.284272771896305,0.06505198687468888,0.5702247023582458,0.16842640936374664,0.11842641234397888,0.7653902769088745,1.0,0,ROW_FOLLOW,,1.0,74.0,111.0,-0.17442618310451508,0.035419732332229614,0.0,0.3183133602142334,0.0,-0.24747389554977417,0.0,0.4920635223388672,0.6857142448425293,0.9503743052482605,0.9370229840278625,1.0,0.4285714328289032,0.7653902769088745,0.30000001192092896,0.20000000298023224,0.20000000298023224,0.15000000596046448,0.15000000596046448,1.0,1.0,1.0,1.0
complex_fixed_v018_r3,closed_loop,complex,full,1,0.18,False,20.020693095,1785051149.1850765,3.4108493715908508,0.002782533466190223,0.20619919620168098,0.16277950524219498,0.14639414750680657,4.287872829089963,0.18,-0.11459828423412347,19.0,3.39783382110373,0.035642185127868,4.297726343307815,0.04936859471564878,5.364264276792884,0.06573114380805344,0.5683278441429138,0.16329331696033478,0.11329331994056702,0.7671253681182861,1.0,0,ROW_FOLLOW,,1.0,72.0,104.0,-0.18468669056892395,0.03049205243587494,0.0,0.3135954439640045,0.0,-0.25261133909225464,0.0,0.5317460298538208,0.6333332657814026,0.9472130537033081,0.9432816505432129,1.0,0.3333333432674408,0.7671253681182861,0.30000001192092896,0.20000000298023224,0.20000000298023224,0.15000000596046448,0.15000000596046448,1.0,1.0,1.0,1.0
complex_fixed_v018_r3,closed_loop,complex,full,1,0.18,False,20.070409672,1785051149.234793,3.417943018873437,0.007729068548874343,0.21373548461165098,0.15829006997650688,0.11190386295570003,4.3013273941770676,0.18,-0.14641147360305998,19.0,3.39783382110373,0.035642185127868,4.297726343307815,0.04936859471564878,5.364264276792884,0.06573114380805344,0.5683278441429138,0.16329331696033478,0.11329331994056702,0.7671253681182861,1.0,0,ROW_FOLLOW,,1.0,72.0,104.0,-0.18468669056892395,0.03049205243587494,0.0,0.3135954439640045,0.0,-0.25261133909225464,0.0,0.5317460298538208,0.6333332657814026,0.9472130537033081,0.9432816505432129,1.0,0.3333333432674408,0.7671253681182861,0.30000001192092896,0.20000000298023224,0.20000000298023224,0.15000000596046448,0.15000000596046448,1.0,1.0,1.0,1.0
complex_fixed_v018_r3,closed_loop,complex,full,1,0.18,False,20.120707609,1785051149.285091,3.425818483793189,0.009634541554761192,0.21752004882310066,0.16195732124121393,0.09845064269827955,4.309510674261068,0.18,-0.17141936487278758,21.0,3.408430124800393,0.033813367748690315,4.408291476694864,0.050398819020966074,5.417242500788703,0.06639880120216433,0.5641037821769714,0.1478036791086197,0.09780368208885193,0.7505910396575928,1.0,0,ROW_FOLLOW,,1.0,81.0,98.0,-0.19924679398536682,0.02578584849834442,0.0,0.3085901141166687,0.0,-0.25701841711997986,0.0,0.5,0.6071427464485168,0.9399914741516113,0.9410946369171143,1.0,0.2857142984867096,0.7505910396575928,0.30000001192092896,0.20000000298023224,0.20000000298023224,0.15000000596046448,0.15000000596046448,1.0,1.0,1.0,1.0
complex_fixed_v018_r3,closed_loop,complex,full,1,0.18,False,20.17054694,1785051149.3349302,3.4353316566669587,0.01516399027361338,0.2209921836006642,0.16858276897235294,0.06096311440409763,4.322014804144219,0.18,-0.1999085315969331,21.0,3.408430124800393,0.033813367748690315,4.408291476694864,0.050398819020966074,5.417242500788703,0.06639880120216433,0.5641037821769714,0.1478036791086197,0.09780368208885193,0.7505910396575928,1.0,0,ROW_FOLLOW,,1.0,81.0,98.0,-0.19924679398536682,0.02578584849834442,0.0,0.3085901141166687,0.0,-0.25701841711997986,0.0,0.5,0.6071427464485168,0.9399914741516113,0.9410946369171143,1.0,0.2857142984867096,0.7505910396575928,0.30000001192092896,0.20000000298023224,0.20000000298023224,0.15000000596046448,0.15000000596046448,1.0,1.0,1.0,1.0
complex_fixed_v018_r3,closed_loop,complex,full,1,0.18,False,20.221514914,1785051149.3858984,3.4446800958711465,0.017389074455058957,0.2233613557883286,0.17143048478771894,0.0533348067654088,4.331676503446765,0.18,-0.21260159449958707,20.0,3.42091033116928,0.0341699014451356,4.420742515048575,0.05244184324574921,5.37589142015015,0.07008358458986073,0.565376341342926,0.15172187983989716,0.1017218828201294,0.7622005939483643,1.0,0,ROW_FOLLOW,,1.0,86.0,108.0,-0.20225393772125244,0.02059432864189148,0.0,0.30338454246520996,0.0,-0.262195885181427,0.0,0.523809552192688,0.6333332657814026,0.9413970112800598,0.9340773224830627,1.0,0.3333333432674408,0.7622005939483643,0.30000001192092896,0.20000000298023224,0.20000000298023224,0.15000000596046448,0.15000000596046448,1.0,1.0,1.0,1.0
complex_fixed_v018_r3,closed_loop,complex,full,1,0.18,False,20.270483211,1785051149.4348664,3.456037467017978,0.022627967924930867,0.22616630864295262,0.18436646254323485,0.0491619732480524,4.3447058342240705,0.18,-0.23896240048951745,20.0,3.42091033116928,0.0341699014451356,4.420742515048575,0.05244184324574921,5.37589142015015,0.07008358458986073,0.565376341342926,0.15172187983989716,0.1017218828201294,0.7622005939483643,1.0,0,ROW_FOLLOW,,1.0,86.0,108.0,-0.20225393772125244,0.02059432864189148,0.0,0.30338454246520996,0.0,-0.262195885181427,0.0,0.523809552192688,0.6333332657814026,0.9413970112800598,0.9340773224830627,1.0,0.3333333432674408,0.7622005939483643,0.30000001192092896,0.20000000298023224,0.20000000298023224,0.15000000596046448,0.15000000596046448,1.0,1.0,1.0,1.0
complex_fixed_v018_r3,closed_loop,complex,full,1,0.18,False,20.32070025,1785051149.4850836,3.465230245435086,0.024819113578949586,0.22707801484539478,0.18368084390206518,0.02955219906612321,4.3541770239260025,0.18,-0.24392575865777716,21.0,3.4360386576830018,0.0358847618743311,4.43584496688795,0.05542149768582041,5.436213528913095,0.07473179975640903,0.5653854608535767,0.1521124392747879,0.10211244225502014,0.7504881620407104,1.0,0,ROW_FOLLOW,,1.0,76.0,97.0,-0.20423166453838348,0.015705808997154236,0.0,0.2982077896595001,0.0,-0.26679617166519165,0.0,0.4841269850730896,0.6333332657814026,0.9423089027404785,0.9341439604759216,1.0,0.3333333432674408,0.7504881620407104,0.30000001192092896,0.20000000298023224,0.20000000298023224,0.15000000596046448,0.15000000596046448,1.0,1.0,1.0,1.0
complex_fixed_v018_r3,closed_loop,complex,full,1,0.18,False,20.370829927,1785051149.5352132,3.476408214367504,0.028115166299651717,0.22844734214232745,0.19387731334117506,0.016876583188269543,4.365898155359104,0.18,-0.25864740267226577,21.0,3.4360386576830018,0.0358847618743311,4.43584496688795,0.05542149768582041,5.436213528913095,0.07473179975640903,0.5653854608535767,0.1521124392747879,0.10211244225502014,0.7504881620407104,1.0,0,ROW_FOLLOW,,1.0,76.0,97.0,-0.20423166453838348,0.015705808997154236,0.0,0.2982077896595001,0.0,-0.26679617166519165,0.0,0.4841269850730896,0.6333332657814026,0.9423089027404785,0.9341439604759216,1.0,0.3333333432674408,0.7504881620407104,0.30000001192092896,0.20000000298023224,0.20000000298023224,0.15000000596046448,0.15000000596046448,1.0,1.0,1.0,1.0
complex_fixed_v018_r3,closed_loop,complex,full,1,0.18,False,20.420504165,1785051149.5848875,3.487770981858248,0.030636952296729764,0.22908430733157994,0.19185934334056626,0.015868138182814333,4.377557736390779,0.18,-0.2602427885726379,20.0,3.458602956676477,0.03846999644041833,4.463354566731087,0.06074299433857122,5.424784164921477,0.08202781818689267,0.5648417472839355,0.15647341310977936,0.1064734160900116,0.7426716089248657,1.0,0,ROW_FOLLOW,,1.0,74.0,81.0,-0.20441384613513947,0.011046156287193298,0.0,0.2934620678424835,0.0,-0.2713697552680969,0.0,0.436507910490036,0.6595237255096436,0.9414030909538269,0.9435588121414185,1.0,0.380952388048172,0.7426716089248657,0.30000001192092896,0.20000000298023224,0.20000000298023224,0.15000000596046448,0.15000000596046448,1.0,1.0,1.0,1.0
complex_fixed_v018_r3,closed_loop,complex,full,1,0.18,False,20.470698644,1785051149.635082,3.497961870884903,0.031208006860840836,0.22951348703488655,0.2113015932533751,0.0031409460249034104,4.38895185368448,0.18,-0.2591596374821124,20.0,3.458602956676477,0.03846999644041833,4.463354566731087,0.06074299433857122,5.424784164921477,0.08202781818689267,0.5648417472839355,0.15647341310977936,0.1064734160900116,0.7426716089248657,1.0,0,ROW_FOLLOW,,1.0,74.0,81.0,-0.20441384613513947,0.011046156287193298,0.0,0.2934620678424835,0.0,-0.2713697552680969,0.0,0.436507910490036,0.6595237255096436,0.9414030909538269,0.9435588121414185,1.0,0.380952388048172,0.7426716089248657,0.30000001192092896,0.20000000298023224,0.20000000298023224,0.15000000596046448,0.15000000596046448,1.0,1.0,1.0,1.0
complex_fixed_v018_r3,closed_loop,complex,full,1,0.18,False,20.520610585,1785051149.6849937,3.5068496162050793,0.03329335025552793,0.22985372010787497,0.20707183484930486,0.015812667174069733,4.398084939255787,0.18,-0.26824520631587756,20.0,3.4825271067695405,0.039687357747322995,4.4872340816956555,0.06392143779209235,5.448619023939525,0.08716734073329065,0.5628463625907898,0.1587897092103958,0.10878971219062805,0.7588866949081421,1.0,0,ROW_FOLLOW,,1.0,78.0,77.0,-0.2041740119457245,0.006132408976554871,0.0,0.2872234880924225,0.0,-0.27495867013931274,0.0,0.5158730745315552,0.6333332657814026,0.9370143413543701,0.9337012767791748,1.0,0.3333333432674408,0.7588866949081421,0.30000001192092896,0.20000000298023224,0.20000000298023224,0.15000000596046448,0.15000000596046448,1.0,1.0,1.0,1.0
complex_fixed_v018_r3,closed_loop,complex,full,1,0.18,False,20.570527583,1785051149.734911,3.516869092481541,0.0356523912934635,0.23009862078385404,0.20325979711338532,0.016384452612222346,4.408388759297345,0.18,-0.2770389361658394,20.0,3.4825271067695405,0.039687357747322995,4.4872340816956555,0.06392143779209235,5.448619023939525,0.08716734073329065,0.5628463625907898,0.1587897092103958,0.10878971219062805,0.7588866949081421,1.0,0,ROW_FOLLOW,,1.0,78.0,77.0,-0.2041740119457245,0.006132408976554871,0.0,0.2872234880924225,0.0,-0.27495867013931274,0.0,0.5158730745315552,0.6333332657814026,0.9370143413543701,0.9337012767791748,1.0,0.3333333432674408,0.7588866949081421,0.30000001192092896,0.20000000298023224,0.20000000298023224,0.15000000596046448,0.15000000596046448,1.0,1.0,1.0,1.0
complex_fixed_v018_r3,closed_loop,complex,full,1,0.18,False,20.621962194,1785051149.7863455,3.526180219246651,0.036997216026819005,0.23073684800879635,0.19985125582419958,0.024022696348259015,4.417829097370384,0.18,-0.2863793374193335,21.0,3.5035853967472987,0.03916269705528088,4.508207417502008,0.0665334712823891,5.517849781737619,0.10031102302245312,0.5645098686218262,0.16040043532848358,0.11040043830871582,0.7503370046615601,1.0,0,ROW_FOLLOW,,1.0,78.0,81.0,-0.19838105142116547,0.0006318241357803345,0.0,0.28169456124305725,0.0,-0.2804309129714966,0.0,0.4841269552707672,0.6333332657814026,0.9402266144752502,0.9359130859375,1.0,0.3333333432674408,0.7503370046615601,0.30000001192092896,0.20000000298023224,0.20000000298023224,0.15000000596046448,0.15000000596046448,1.0,1.0,1.0,1.0
complex_fixed_v018_r3,closed_loop,complex,full,1,0.18,False,20.671860152,1785051149.8362434,3.535302074050761,0.039148611574031135,0.23085445666928855,0.1991949295264258,0.012062696509345185,4.427206174445724,0.18,-0.29620833581339795,21.0,3.5035853967472987,0.03916269705528088,4.508207417502008,0.0665334712823891,5.517849781737619,0.10031102302245312,0.5645098686218262,0.16040043532848358,0.11040043830871582,0.7503370046615601,1.0,0,ROW_FOLLOW,,1.0,78.0,81.0,-0.19838105142116547,0.0006318241357803345,0.0,0.28169456124305725,0.0,-0.2804309129714966,0.0,0.4841269552707672,0.6333332657814026,0.9402266144752502,0.9359130859375,1.0,0.3333333432674408,0.7503370046615601,0.30000001192092896,0.20000000298023224,0.20000000298023224,0.15000000596046448,0.15000000596046448,1.0,1.0,1.0,1.0
complex_fixed_v018_r3,closed_loop,complex,full,1,0.18,False,20.72186544,1785051149.8862486,3.5397185424045725,0.03968099750605767,0.2303366116101625,0.19735459764488264,-0.006168957828582387,4.441945568289446,0.18,-0.31619779645383317,21.0,3.5234403329051065,0.03751705162083657,4.522998387092283,0.06711894875836864,5.530818999218901,0.09966646254999123,0.5648667216300964,0.15875424444675446,0.1087542474269867,0.7463222742080688,1.0,0,ROW_FOLLOW,,1.0,74.0,92.0,-0.19915349781513214,-0.004966840147972107,0.0,0.276432067155838,0.0,-0.2863657474517822,0.0,0.4841269552707672,0.6071427464485168,0.9408761262893677,0.9432023167610168,1.0,0.2857142984867096,0.7463222742080688,0.30000001192092896,0.20000000298023224,0.20000000298023224,0.15000000596046448,0.15000000596046448,1.0,1.0,1.0,1.0
complex_fixed_v018_r3,closed_loop,complex,full,1,0.18,False,20.770861035,1785051149.9352443,3.5489728691080957,0.04183835544343398,0.22995789702225586,0.19028521858479552,0.015809482732800816,4.451452778012355,0.18,-0.31676281843801357,21.0,3.5234403329051065,0.03751705162083657,4.522998387092283,0.06711894875836864,5.530818999218901,0.09966646254999123,0.5648667216300964,0.15875424444675446,0.1087542474269867,0.7463222742080688,1.0,0,ROW_FOLLOW,,1.0,74.0,92.0,-0.19915349781513214,-0.004966840147972107,0.0,0.276432067155838,0.0,-0.2863657474517822,0.0,0.4841269552707672,0.6071427464485168,0.9408761262893677,0.9432023167610168,1.0,0.2857142984867096,0.7463222742080688,0.30000001192092896,0.20000000298023224,0.20000000298023224,0.15000000596046448,0.15000000596046448,1.0,1.0,1.0,1.0
complex_fixed_v018_r3,closed_loop,complex,full,1,0.18,False,20.820704751,1785051149.985088,3.5581102705472087,0.04394476763745759,0.2292530881737176,0.19033532874116887,-0.0077517784730864415,4.460844713011421,0.18,-0.32457360540097546,21.0,3.5406628854104,0.035809458547997,4.540219757785713,0.06545732862369995,5.53977665561646,0.09510521454240693,0.5643473863601685,0.15909667313098907,0.10909667611122131,0.7609509229660034,1.0,0,ROW_FOLLOW,,1.0,89.0,97.0,-0.2034095674753189,-0.009646564722061157,0.0,0.2723187208175659,0.0,-0.29161185026168823,0.0,0.5,0.6595237255096436,0.9405789971351624,0.9395356178283691,1.0,0.380952388048172,0.7609509229660034,0.30000001192092896,0.20000000298023224,0.20000000298023224,0.15000000596046448,0.15000000596046448,1.0,1.0,1.0,1.0
complex_fixed_v018_r3,closed_loop,complex,full,1,0.18,False,20.870925598,1785051150.0353088,3.5679609594088006,0.045993523643096654,0.22863699718902714,0.18382988940558817,-0.02692121650923773,4.470946267238345,0.18,-0.34604398929513414,21.0,3.5406628854104,0.035809458547997,4.540219757785713,0.06545732862369995,5.53977665561646,0.09510521454240693,0.5643473863601685,0.15909667313098907,0.10909667611122131,0.7609509229660034,1.0,0,ROW_FOLLOW,,1.0,89.0,97.0,-0.2034095674753189,-0.009646564722061157,0.0,0.2723187208175659,0.0,-0.29161185026168823,0.0,0.5,0.6595237255096436,0.9405789971351624,0.9395356178283691,1.0,0.380952388048172,0.7609509229660034,0.30000001192092896,0.20000000298023224,0.20000000298023224,0.15000000596046448,0.15000000596046448,1.0,1.0,1.0,1.0
complex_fixed_v018_r3,closed_loop,complex,full,1,0.18,False,20.920622718,1785051150.085006,3.5771586815451832,0.04747221829096187,0.2276145903132382,0.18339918250262258,-0.038922403638442,4.480664015590295,0.18,-0.3616947204795424,21.0,3.560132664640378,0.03443222990941973,4.559687180960197,0.06415384938445469,5.559241712616547,0.09387547588585084,0.5639560222625732,0.1552111655473709,0.10521116852760315,0.7496180534362793,1.0,0,ROW_FOLLOW,,1.0,71.0,89.0,-0.19622857868671417,-0.015391871333122253,0.0,0.26713213324546814,0.0,-0.29791587591171265,0.0,0.4682539403438568,0.6595237255096436,0.9398762583732605,0.9284119606018066,1.0,0.380952388048172,0.7496180534362793,0.30000001192092896,0.20000000298023224,0.20000000298023224,0.15000000596046448,0.15000000596046448,1.0,1.0,1.0,1.0
complex_fixed_v018_r3,closed_loop,complex,full,1,0.18,False,20.971307803,1785051150.135691,3.586353563019853,0.049558526987279264,0.22620997806264848,0.18511440816756217,-0.012304069670729327,4.49010726506144,0.18,-0.36932553634021414,21.0,3.560132664640378,0.03443222990941973,4.559687180960197,0.06415384938445469,5.559241712616547,0.09387547588585084,0.5639560222625732,0.1552111655473709,0.10521116852760315,0.7496180534362793,1.0,0,ROW_FOLLOW,,1.0,71.0,89.0,-0.19622857868671417,-0.015391871333122253,0.0,0.26713213324546814,0.0,-0.29791587591171265,0.0,0.4682539403438568,0.6595237255096436,0.9398762583732605,0.9284119606018066,1.0,0.380952388048172,0.7496180534362793,0.30000001192092896,0.20000000298023224,0.20000000298023224,0.15000000596046448,0.15000000596046448,1.0,1.0,1.0,1.0
complex_fixed_v018_r3,closed_loop,complex,full,1,0.18,False,21.020841974,1785051150.1852252,3.5947005651076447,0.05142730196919439,0.2253207856017112,0.1838426097281289,-0.02477704282901053,4.498682345623205,0.18,-0.3871988001403589,21.0,3.5770338662760643,0.032371783026136455,4.576529992976927,0.06381441848360465,5.576026148057388,0.0952570645676301,0.5652168393135071,0.1578623205423355,0.10786232352256775,0.7435458898544312,1.0,0,ROW_FOLLOW,,1.0,78.0,68.0,-0.18941369652748108,-0.021274924278259277,0.0,0.2618013918399811,0.0,-0.30435124039649963,0.0,0.460317462682724,0.6333332657814026,0.9420281648635864,0.935855507850647,1.0,0.3333333432674408,0.7435458898544312,0.30000001192092896,0.20000000298023224,0.20000000298023224,0.15000000596046448,0.15000000596046448,1.0,1.0,1.0,1.0
complex_fixed_v018_r3,closed_loop,complex,full,1,0.18,False,21.071145704,1785051150.235529,3.6093668143667723,0.05444740331531333,0.22374685869139468,0.18965072723396673,-0.04395035762986144,4.513681067468815,0.18,-0.40031960567778835,21.0,3.5770338662760643,0.032371783026136455,4.576529992976927,0.06381441848360465,5.576026148057388,0.0952570645676301,0.5652168393135071,0.1578623205423355,0.10786232352256775,0.7435458898544312,1.0,0,ROW_FOLLOW,,1.0,78.0,68.0,-0.18941369652748108,-0.021274924278259277,0.0,0.2618013918399811,0.0,-0.30435124039649963,0.0,0.460317462682724,0.6333332657814026,0.9420281648635864,0.935855507850647,1.0,0.3333333432674408,0.7435458898544312,0.30000001192092896,0.20000000298023224,0.20000000298023224,0.15000000596046448,0.15000000596046448,1.0,1.0,1.0,1.0
complex_fixed_v018_r3,closed_loop,complex,full,1,0.18,False,21.120831687,1785051150.285215,3.6176656962773315,0.056269951516822535,0.2219725697252676,0.1859782515037595,-0.043149719818041,4.522215511189964,0.18,-0.40981318923728133,21.0,3.5945869901491814,0.029079379768078544,4.59369267440998,0.07019103857631255,5.592798364637436,0.11130269831959168,0.567846417427063,0.16188915073871613,0.11188915371894836,0.7449498176574707,1.0,0,ROW_FOLLOW,,1.0,87.0,62.0,-0.16788147389888763,-0.03005141019821167,0.0,0.254350483417511,0.0,-0.3144533038139343,0.0,0.4761904776096344,0.6333332657814026,0.946410596370697,0.9076262712478638,1.0,0.3333333432674408,0.7449498176574707,0.30000001192092896,0.20000000298023224,0.20000000298023224,0.15000000596046448,0.15000000596046448,1.0,1.0,1.0,1.0
complex_fixed_v018_r3,closed_loop,complex,full,1,0.18,False,21.170409091,1785051150.3347924,3.6195809711470437,0.05700303297448073,0.2197325947623492,0.18996934080301883,-0.03580233947327823,4.537625628433611,0.18,-0.4104737009493924,21.0,3.5945869901491814,0.029079379768078544,4.59369267440998,0.07019103857631255,5.592798364637436,0.11130269831959168,0.567846417427063,0.16188915073871613,0.11188915371894836,0.7449498176574707,1.0,0,ROW_FOLLOW,,1.0,87.0,62.0,-0.16788147389888763,-0.03005141019821167,0.0,0.254350483417511,0.0,-0.3144533038139343,0.0,0.4761904776096344,0.6333332657814026,0.946410596370697,0.9076262712478638,1.0,0.3333333432674408,0.7449498176574707,0.30000001192092896,0.20000000298023224,0.20000000298023224,0.15000000596046448,0.15000000596046448,1.0,1.0,1.0,1.0
complex_fixed_v018_r3,closed_loop,complex,full,1,0.18,False,21.220678164,1785051150.3850613,3.634769171536696,0.0608381179169888,0.21797824920558106,0.18616172040346146,-0.0472263684583941,4.553326835101685,0.18,-0.4340095355293522,21.0,3.6095717563029885,0.024400657438148354,4.60806279851796,0.07771479660092909,5.6065538368783026,0.13102894299372383,0.5683675408363342,0.16417144238948822,0.11417144536972046,0.7259770631790161,1.0,0,ROW_FOLLOW,,1.0,91.0,54.0,-0.15035809576511383,-0.03849203884601593,0.0,0.24627211689949036,0.0,-0.3232561945915222,0.0,0.4523809552192688,0.5809522867202759,0.9472788572311401,0.8974432945251465,1.0,0.2380952388048172,0.7259770631790161,0.30000001192092896,0.20000000298023224,0.20000000298023224,0.15000000596046448,0.15000000596046448,1.0,1.0,1.0,1.0
complex_fixed_v018_r3,closed_loop,complex,full,1,0.18,False,21.271029447,1785051150.4354126,3.6430238865996856,0.06257266514691792,0.21402684495617355,0.18343141676140587,-0.07274208788716144,4.5618074811422495,0.18,-0.4386637909928046,21.0,3.6095717563029885,0.024400657438148354,4.60806279851796,0.07771479660092909,5.6065538368783026,0.13102894299372383,0.5683675408363342,0.16417144238948822,0.11417144536972046,0.7259770631790161,1.0,0,ROW_FOLLOW,,1.0,91.0,54.0,-0.15035809576511383,-0.03849203884601593,0.0,0.24627211689949036,0.0,-0.3232561945915222,0.0,0.4523809552192688,0.5809522867202759,0.9472788572311401,0.8974432945251465,1.0,0.2380952388048172,0.7259770631790161,0.30000001192092896,0.20000000298023224,0.20000000298023224,0.15000000596046448,0.15000000596046448,1.0,1.0,1.0,1.0
complex_fixed_v018_r3,closed_loop,complex,full,1,0.18,False,21.320736615,1785051150.48512,3.6520446133281017,0.06437302606731213,0.21014383197671158,0.1817463674090015,-0.0818376285185351,4.571092313089424,0.18,-0.44640880830384777,21.0,3.6266855552403174,0.0192518317745828,4.62435918804288,0.08670527819112045,5.6220327850713465,0.15415871437921072,0.5727922916412354,0.16662032902240753,0.11662033200263977,0.722164511680603,1.0,0,ROW_FOLLOW,,1.0,94.0,55.0,-0.13320618867874146,-0.04795520007610321,0.0,0.23715254664421082,0.0,-0.33306294679641724,0.0,0.4523809552192688,0.5547617673873901,0.9481010437011719,0.9058508276939392,1.0,0.190476194024086,0.722164511680603,0.30000001192092896,0.20000000298023224,0.20000000298023224,0.15000000596046448,0.15000000596046448,1.0,1.0,1.0,1.0
complex_fixed_v018_r3,closed_loop,complex,full,1,0.18,False,21.371079034,1785051150.5354624,3.6612220248666234,0.06822642381223074,0.20462523393782162,0.1850923089425071,-0.10839122348157497,4.582086798134496,0.18,-0.4645810448159453,21.0,3.6266855552403174,0.0192518317745828,4.62435918804288,0.08670527819112045,5.6220327850713465,0.15415871437921072,0.5727922916412354,0.16662032902240753,0.11662033200263977,0.722164511680603,1.0,0,ROW_FOLLOW,,1.0,94.0,55.0,-0.13320618867874146,-0.04795520007610321,0.0,0.23715254664421082,0.0,-0.33306294679641724,0.0,0.4523809552192688,0.5547617673873901,0.9481010437011719,0.9058508276939392,1.0,0.190476194024086,0.722164511680603,0.30000001192092896,0.20000000298023224,0.20000000298023224,0.15000000596046448,0.15000000596046448,1.0,1.0,1.0,1.0
complex_fixed_v018_r3,closed_loop,complex,full,1,0.18,False,21.421499183,1785051150.5858824,3.6659006529307345,0.07195473532598329,0.198857405675545,0.1826592738849871,-0.15963379019967336,4.59559952405324,0.18,-0.46379571530597075,21.0,3.6450496489611304,0.015132405930126712,4.641971734325683,0.09318175665347793,5.638893799849563,0.17123110082009121,0.5677857995033264,0.1371684968471527,0.08716849982738495,0.7190614938735962,1.0,1,ROW_FOLLOW,,1.0,91.0,61.0,-0.11525586247444153,-0.056326717138290405,0.0,0.2291489839553833,0.0,-0.3418024182319641,0.0,0.4285714328289032,0.5809522867202759,0.9463095664978027,0.9002509117126465,1.0,0.2380952388048172,0.7190614938735962,0.30000001192092896,0.20000000298023224,0.20000000298023224,0.15000000596046448,0.15000000596046448,1.0,1.0,1.0,1.0
complex_fixed_v018_r3,closed_loop,complex,full,1,0.18,False,21.471602107,1785051150.6359854,3.6752987586485317,0.07356959491826494,0.18764974293407916,0.1783800144737813,-0.19622821334730778,4.605268758405419,0.18,-0.46946080771729287,21.0,3.6450496489611304,0.015132405930126712,4.641971734325683,0.09318175665347793,5.638893799849563,0.17123110082009121,0.5677857995033264,0.1371684968471527,0.08716849982738495,0.7190614938735962,1.0,1,ROW_FOLLOW,,1.0,91.0,61.0,-0.11525586247444153,-0.056326717138290405,0.0,0.2291489839553833,0.0,-0.3418024182319641,0.0,0.4285714328289032,0.5809522867202759,0.9463095664978027,0.9002509117126465,1.0,0.2380952388048172,0.7190614938735962,0.30000001192092896,0.20000000298023224,0.20000000298023224,0.15000000596046448,0.15000000596046448,1.0,1.0,1.0,1.0
complex_fixed_v018_r3,closed_loop,complex,full,1,0.18,False,21.520711018,1785051150.6850944,3.6832352347692647,0.07471871694732235,0.17937661859659793,0.177415353110727,-0.19379157837647912,4.613467556500727,0.18,-0.4605509066104183,21.0,3.667230070090969,0.012810785593753182,4.663660540080429,0.09714139887968415,5.660090992403419,0.18147199958476348,0.570564866065979,0.16760773956775665,0.11760774254798889,0.7268449068069458,1.0,1,ROW_FOLLOW,,1.0,99.0,65.0,-0.09577509760856628,-0.06343378126621246,0.0,0.2218879759311676,0.0,-0.34875553846359253,0.0,0.4523809552192688,0.5809522867202759,0.9509415626525879,0.8983457684516907,1.0,0.2380952388048172,0.7268449068069458,0.30000001192092896,0.20000000298023224,0.20000000298023224,0.15000000596046448,0.15000000596046448,1.0,1.0,1.0,1.0
complex_fixed_v018_r3,closed_loop,complex,full,1,0.18,False,21.570752532,1785051150.7351358,3.688118934240398,0.08153765348511212,0.1658696183572328,0.17175158693560155,-0.23324166065623306,4.630315110837665,0.18,-0.47823302519412497,21.0,3.667230070090969,0.012810785593753182,4.663660540080429,0.09714139887968415,5.660090992403419,0.18147199958476348,0.570564866065979,0.16760773956775665,0.11760774254798889,0.7268449068069458,1.0,1,ROW_FOLLOW,,1.0,99.0,65.0,-0.09577509760856628,-0.06343378126621246,0.0,0.2218879759311676,0.0,-0.34875553846359253,0.0,0.4523809552192688,0.5809522867202759,0.9509415626525879,0.8983457684516907,1.0,0.2380952388048172,0.7268449068069458,0.30000001192092896,0.20000000298023224,0.20000000298023224,0.15000000596046448,0.15000000596046448,1.0,1.0,1.0,1.0
complex_fixed_v018_r3,closed_loop,complex,full,1,0.18,False,21.620616728,1785051150.7849998,3.6968695616662597,0.0825675093356107,0.15662236405756813,0.17425103034311104,-0.22382175619439548,4.639323506545301,0.18,-0.46272206854805537,21.0,3.685950092270188,0.01237182642182826,4.682125232730958,0.09975050915159782,5.678300343091888,0.18712918026322375,0.5720295310020447,0.16892515122890472,0.11892515420913696,0.7373151779174805,1.0,1,ROW_FOLLOW,,1.0,96.0,63.0,-0.07303537428379059,-0.06953801214694977,0.0,0.2159998118877411,0.0,-0.3550758361816406,0.0,0.4761904776096344,0.5809522867202759,0.9533828496932983,0.9172734618186951,1.0,0.2380952388048172,0.7373151779174805,0.30000001192092896,0.20000000298023224,0.20000000298023224,0.15000000596046448,0.15000000596046448,1.0,1.0,1.0,1.0
complex_fixed_v018_r3,closed_loop,complex,full,1,0.18,False,21.671216211,1785051150.8355997,3.703854563615354,0.08456654419188078,0.14095543593969187,0.17164185022246392,-0.286472302824086,4.650741175764835,0.18,-0.4531942700184136,21.0,3.685950092270188,0.01237182642182826,4.682125232730958,0.09975050915159782,5.678300343091888,0.18712918026322375,0.5720295310020447,0.16892515122890472,0.11892515420913696,0.7373151779174805,1.0,1,ROW_FOLLOW,,1.0,96.0,63.0,-0.07303537428379059,-0.06953801214694977,0.0,0.2159998118877411,0.0,-0.3550758361816406,0.0,0.4761904776096344,0.5809522867202759,0.9533828496932983,0.9172734618186951,1.0,0.2380952388048172,0.7373151779174805,0.30000001192092896,0.20000000298023224,0.20000000298023224,0.15000000596046448,0.15000000596046448,1.0,1.0,1.0,1.0
complex_fixed_v018_r3,closed_loop,complex,full,1,0.18,False,21.720653259,1785051150.8850365,3.7130377603762663,0.07849840392919034,0.12861525820526823,0.17385355486773627,-0.29353380041217625,4.6668803997087185,0.18,-0.405408151238957,21.0,3.703332440067529,0.012532093304998193,4.699857799981435,0.09555225688835833,5.6963831554218105,0.17857241902975177,0.5721591711044312,0.16981281340122223,0.11981281638145447,0.7409296035766602,1.0,1,ROW_FOLLOW,,1.0,85.0,68.0,-0.06117613613605499,-0.07311001420021057,0.0,0.21219471096992493,0.0,-0.35841473937034607,0.0,0.4761904776096344,0.5809522867202759,0.9535987377166748,0.9410818815231323,1.0,0.2380952388048172,0.7409296035766602,0.30000001192092896,0.20000000298023224,0.20000000298023224,0.15000000596046448,0.15000000596046448,1.0,1.0,1.0,1.0
complex_fixed_v018_r3,closed_loop,complex,full,1,0.18,False,21.770411117,1785051150.9347944,3.7222893453164416,0.07925781909428756,0.1127613362601059,0.17244164419886074,-0.23750117556826528,4.676336117912693,0.18,-0.39010388350882447,21.0,3.703332440067529,0.012532093304998193,4.699857799981435,0.09555225688835833,5.6963831554218105,0.17857241902975177,0.5721591711044312,0.16981281340122223,0.11981281638145447,0.7409296035766602,1.0,1,ROW_FOLLOW,,1.0,85.0,68.0,-0.06117613613605499,-0.07311001420021057,0.0,0.21219471096992493,0.0,-0.35841473937034607,0.0,0.4761904776096344,0.5809522867202759,0.9535987377166748,0.9410818815231323,1.0,0.2380952388048172,0.7409296035766602,0.30000001192092896,0.20000000298023224,0.20000000298023224,0.15000000596046448,0.15000000596046448,1.0,1.0,1.0,1.0
complex_fixed_v018_r3,closed_loop,complex,full,1,0.18,False,21.820758976,1785051150.9851422,3.730770707076384,0.0797038501799833,0.10275456568789125,0.17292881230377166,-0.27128891898770957,4.6850506726071375,0.18,-0.3986012629812349,20.0,3.7186004249559574,0.011200650437748006,4.715939565120968,0.08263717228834407,5.646831867267068,0.14868654863376773,0.5729735493659973,0.16612906754016876,0.116129070520401,0.7240681648254395,1.0,1,ROW_FOLLOW,,1.0,78.0,67.0,-0.055294524878263474,-0.07230845838785172,0.0,0.21308015286922455,0.0,-0.357697069644928,0.0,0.4285714328289032,0.5547617673873901,0.9549562335014343,0.9570206999778748,1.0,0.190476194024086,0.7240681648254395,0.30000001192092896,0.20000000298023224,0.20000000298023224,0.15000000596046448,0.15000000596046448,1.0,1.0,1.0,1.0
complex_fixed_v018_r3,closed_loop,complex,full,1,0.18,False,21.87054941,1785051151.0349329,3.7442622976109132,0.06965579602876461,0.08553011448861841,0.17645267864439254,-0.28482852766991207,4.7056945303870386,0.18,-0.3275250404583012,20.0,3.7186004249559574,0.011200650437748006,4.715939565120968,0.08263717228834407,5.646831867267068,0.14868654863376773,0.5729735493659973,0.16612906754016876,0.116129070520401,0.7240681648254395,1.0,1,ROW_FOLLOW,,1.0,78.0,67.0,-0.055294524878263474,-0.07230845838785172,0.0,0.21308015286922455,0.0,-0.357697069644928,0.0,0.4285714328289032,0.5547617673873901,0.9549562335014343,0.9570206999778748,1.0,0.190476194024086,0.7240681648254395,0.30000001192092896,0.20000000298023224,0.20000000298023224,0.15000000596046448,0.15000000596046448,1.0,1.0,1.0,1.0
complex_fixed_v018_r3,closed_loop,complex,full,1,0.18,False,21.921548745,1785051151.085932,3.7531303701438024,0.06990375645596833,0.07498788133894507,0.17624706831633338,-0.26275359102586765,4.714789867363381,0.18,-0.35995455700560397,19.0,3.733221196155643,0.006817616555336428,4.631785915057573,0.0558035705197937,5.630258743942023,0.1090148019904344,0.5725113749504089,0.17069806158542633,0.12069806456565857,0.7302336692810059,1.0,1,ROW_FOLLOW,,1.0,64.0,60.0,-0.0432044118642807,-0.06934177875518799,0.0,0.21651452779769897,0.0,-0.35519808530807495,0.0,0.4285714328289032,0.5809522867202759,0.9541854858398438,0.964231014251709,1.0,0.2380952388048172,0.7302336692810059,0.30000001192092896,0.20000000298023224,0.20000000298023224,0.15000000596046448,0.15000000596046448,1.0,1.0,1.0,1.0
complex_fixed_v018_r3,closed_loop,complex,full,1,0.18,False,21.970763035,1785051151.1351461,3.766318063137609,0.06288369299231468,0.056842695091870794,0.18553882699221627,-0.32355756860729773,4.7322294819125705,0.18,-0.3036388420311997,19.0,3.733221196155643,0.006817616555336428,4.631785915057573,0.0558035705197937,5.630258743942023,0.1090148019904344,0.5725113749504089,0.17069806158542633,0.12069806456565857,0.7302336692810059,1.0,1,ROW_FOLLOW,,1.0,64.0,60.0,-0.0432044118642807,-0.06934177875518799,0.0,0.21651452779769897,0.0,-0.35519808530807495,0.0,0.4285714328289032,0.5809522867202759,0.9541854858398438,0.964231014251709,1.0,0.2380952388048172,0.7302336692810059,0.30000001192092896,0.20000000298023224,0.20000000298023224,0.15000000596046448,0.15000000596046448,1.0,1.0,1.0,1.0
complex_fixed_v018_r3,closed_loop,complex,full,1,0.18,False,22.020595455,1785051151.1849787,3.779487246492403,0.056769983706662364,0.043688468454171396,0.2132891280818246,-0.32904808353109477,4.748735906236082,0.18,-0.30014362105886305,20.0,3.7527170535660552,0.001823524160751137,4.7519188822107585,0.04015810993715322,5.753948324773835,0.0805728662500593,0.5731625556945801,0.17240844666957855,0.12240844964981079,0.7029334306716919,1.0,1,ROW_FOLLOW,,1.0,64.0,65.0,-0.025047697126865387,-0.06541598588228226,0.0,0.2210630625486374,0.0,-0.3518950343132019,0.0,0.3333333432674408,0.5809522867202759,0.9552706480026245,0.9712591767311096,1.0,0.2380952388048172,0.7029334306716919,0.30000001192092896,0.20000000298023224,0.20000000298023224,0.15000000596046448,0.15000000596046448,1.0,1.0,1.0,1.0
complex_fixed_v018_r3,closed_loop,complex,full,1,0.18,False,22.07064529,1785051151.2350285,3.791042869062376,0.052809404835228065,0.023918622904349995,0.2132891280818246,-0.34008923427890597,4.761075891012383,0.18,-0.2568432992191019,20.0,3.7527170535660552,0.001823524160751137,4.7519188822107585,0.04015810993715322,5.753948324773835,0.0805728662500593,0.5731625556945801,0.17240844666957855,0.12240844964981079,0.7029334306716919,1.0,1,ROW_FOLLOW,,1.0,64.0,65.0,-0.025047697126865387,-0.06541598588228226,0.0,0.2210630625486374,0.0,-0.3518950343132019,0.0,0.3333333432674408,0.5809522867202759,0.9552706480026245,0.9712591767311096,1.0,0.2380952388048172,0.7029334306716919,0.30000001192092896,0.20000000298023224,0.20000000298023224,0.15000000596046448,0.15000000596046448,1.0,1.0,1.0,1.0
complex_fixed_v018_r3,closed_loop,complex,full,1,0.18,False,22.120857049,1785051151.2852404,3.799565392498571,0.04960178101702418,0.010540168698791152,0.2132891280818246,-0.3360333797528221,4.77043235919126,0.18,-0.262646814360566,21.0,3.7732821621997092,-0.003997778418595793,4.772901986509884,0.02225805474439001,5.795992892855331,0.02309063625044156,0.5752356648445129,0.17526347935199738,0.12526348233222961,0.6894190311431885,1.0,1,ROW_FOLLOW,,1.0,49.0,65.0,-0.0007925499230623245,-0.06108938157558441,0.0,0.22612395882606506,0.0,-0.3483027219772339,0.0,0.2857142984867096,0.5809522867202759,0.9587260484695435,0.9717942476272583,1.0,0.2380952388048172,0.6894190311431885,0.30000001192092896,0.20000000298023224,0.20000000298023224,0.15000000596046448,0.15000000596046448,1.0,1.0,1.0,1.0
complex_fixed_v018_r3,closed_loop,complex,full,1,0.18,False,22.171303887,1785051151.3356872,3.8104611247220608,0.06625722745388758,-0.008621764048647229,0.20035136396813324,-0.31464060183701165,4.796803297115674,0.18,-0.3328019732174062,21.0,3.7732821621997092,-0.003997778418595793,4.772901986509884,0.02225805474439001,5.795992892855331,0.02309063625044156,0.5752356648445129,0.17526347935199738,0.12526348233222961,0.6894190311431885,1.0,1,ROW_FOLLOW,,1.0,49.0,65.0,-0.0007925499230623245,-0.06108938157558441,0.0,0.22612395882606506,0.0,-0.3483027219772339,0.0,0.2857142984867096,0.5809522867202759,0.9587260484695435,0.9717942476272583,1.0,0.2380952388048172,0.6894190311431885,0.30000001192092896,0.20000000298023224,0.20000000298023224,0.15000000596046448,0.15000000596046448,1.0,1.0,1.0,1.0
complex_fixed_v018_r3,closed_loop,complex,full,1,0.18,False,22.220642277,1785051151.3850255,3.8170124709284354,0.07335227640369844,-0.02188034045587539,0.1930515860241325,-0.33362123659709886,4.813352833687206,0.18,-0.3294089535226138,18.0,3.797438940185851,-0.0007688151908873975,4.697288005533384,0.014705441715937193,5.625473423591205,0.030160995254294443,0.5740793943405151,0.17274315655231476,0.122743159532547,0.683700442314148,1.0,1,ROW_FOLLOW,,1.0,56.0,64.0,0.02497759461402893,-0.05580909550189972,0.0,0.23120543360710144,0.0,-0.3428236246109009,0.0,0.2857142984867096,0.5547617673873901,0.9567988514900208,0.9711601734161377,1.0,0.190476194024086,0.683700442314148,0.30000001192092896,0.20000000298023224,0.20000000298023224,0.15000000596046448,0.15000000596046448,1.0,1.0,1.0,1.0
complex_fixed_v018_r3,closed_loop,complex,full,1,0.18,False,22.270940567,1785051151.435324,3.825881358010747,0.07266808107565353,-0.04221339075531681,0.18990031145059344,-0.3590685440746451,4.822473950083306,0.18,-0.30490274038913984,18.0,3.797438940185851,-0.0007688151908873975,4.697288005533384,0.014705441715937193,5.625473423591205,0.030160995254294443,0.5740793943405151,0.17274315655231476,0.122743159532547,0.683700442314148,1.0,1,ROW_FOLLOW,,1.0,56.0,64.0,0.02497759461402893,-0.05580909550189972,0.0,0.23120543360710144,0.0,-0.3428236246109009,0.0,0.2857142984867096,0.5547617673873901,0.9567988514900208,0.9711601734161377,1.0,0.190476194024086,0.683700442314148,0.30000001192092896,0.20000000298023224,0.20000000298023224,0.15000000596046448,0.15000000596046448,1.0,1.0,1.0,1.0
complex_fixed_v018_r3,closed_loop,complex,full,1,0.18,False,22.320733882,1785051151.4851172,3.8340506474735343,0.07167584814864467,-0.05760085841737662,0.18459411994228292,-0.38383343181348606,4.8310216128167465,0.18,-0.23661489740779268,19.0,3.816628826708763,0.006891542874002318,4.7165701803719156,0.016247739316256764,5.71515592228439,0.02505575178643685,0.5735220909118652,0.16080351173877716,0.1108035147190094,0.6902737617492676,1.0,1,ROW_FOLLOW,,1.0,63.0,71.0,0.05444057658314705,-0.05133485049009323,0.0,0.23549406230449677,0.0,-0.3381637632846832,0.0,0.2936508059501648,0.5809522867202759,0.9556313753128052,0.9657452702522278,1.0,0.2380952388048172,0.6902737617492676,0.30000001192092896,0.20000000298023224,0.20000000298023224,0.15000000596046448,0.15000000596046448,1.0,1.0,1.0,1.0
complex_fixed_v018_r3,closed_loop,complex,full,1,0.18,False,22.370466459,1785051151.53485,3.83059173324288,0.08420027118761352,-0.08211063745523453,0.162999946682945,-0.42046013198607585,4.857947814969303,0.18,-0.25937221739117045,19.0,3.816628826708763,0.006891542874002318,4.7165701803719156,0.016247739316256764,5.71515592228439,0.02505575178643685,0.5735220909118652,0.16080351173877716,0.1108035147190094,0.6902737617492676,1.0,1,ROW_FOLLOW,,1.0,63.0,71.0,0.05444057658314705,-0.05133485049009323,0.0,0.23549406230449677,0.0,-0.3381637632846832,0.0,0.2936508059501648,0.5809522867202759,0.9556313753128052,0.9657452702522278,1.0,0.2380952388048172,0.6902737617492676,0.30000001192092896,0.20000000298023224,0.20000000298023224,0.15000000596046448,0.15000000596046448,1.0,1.0,1.0,1.0
complex_fixed_v018_r3,closed_loop,complex,full,1,0.18,False,22.421789963,1785051151.5861733,3.8405861546144338,0.08284748737576905,-0.10045949157117162,0.1624900137956225,-0.46055091836787626,4.868280901394997,0.18,-0.15044970642356356,21.0,3.8281663946967583,0.022458976481993215,4.828140057552293,0.02942260041287689,5.830838451381306,0.04920003431230445,0.5725874900817871,0.16742686927318573,0.11742687225341797,0.6893187761306763,1.0,1,ROW_FOLLOW,,1.0,68.0,67.0,0.09722596406936646,-0.04724937677383423,0.0,0.23966118693351746,0.0,-0.3341599404811859,0.0,0.2857142984867096,0.5809522867202759,0.9543126225471497,0.9770100712776184,1.0,0.2380952388048172,0.6893187761306763,0.30000001192092896,0.20000000298023224,0.20000000298023224,0.15000000596046448,0.15000000596046448,1.0,1.0,1.0,1.0
complex_fixed_v018_r3,closed_loop,complex,full,1,0.18,False,22.470562896,1785051151.6349463,3.8444978860189707,0.09607640063194048,-0.1276462540033627,0.12985453620458032,-0.40779575281389757,4.887032221658618,0.18,-0.18018457566111992,21.0,3.8281663946967583,0.022458976481993215,4.828140057552293,0.02942260041287689,5.830838451381306,0.04920003431230445,0.5725874900817871,0.16742686927318573,0.11742687225341797,0.6893187761306763,1.0,1,ROW_FOLLOW,,1.0,68.0,67.0,0.09722596406936646,-0.04724937677383423,0.0,0.23966118693351746,0.0,-0.3341599404811859,0.0,0.2857142984867096,0.5809522867202759,0.9543126225471497,0.9770100712776184,1.0,0.2380952388048172,0.6893187761306763,0.30000001192092896,0.20000000298023224,0.20000000298023224,0.15000000596046448,0.15000000596046448,1.0,1.0,1.0,1.0
complex_fixed_v018_r3,closed_loop,complex,full,1,0.18,False,22.52067046,1785051151.6850536,3.8499639986748675,0.09730164674152197,-0.14174490763095982,0.12985453620458032,-0.3937706504625627,4.892748114942807,0.18,-0.09088552776803217,21.0,3.8374746098790986,0.0371746855972333,4.83746366044689,0.04156407739439179,5.839033180512903,0.05377385913879228,0.5714191198348999,0.17128653824329376,0.121286541223526,0.7021372318267822,1.0,1,ROW_FOLLOW,,1.0,70.0,73.0,0.13586117327213287,-0.04259850084781647,0.0,0.24394094944000244,0.0,-0.3291379511356354,0.0,0.3333333432674408,0.5809522867202759,0.9523650407791138,0.9698252081871033,1.0,0.2380952388048172,0.7021372318267822,0.30000001192092896,0.20000000298023224,0.20000000298023224,0.15000000596046448,0.15000000596046448,1.0,1.0,1.0,1.0
complex_fixed_v018_r3,closed_loop,complex,full,1,0.18,False,22.570809929,1785051151.7351933,3.8513961039453912,0.0971405047882753,-0.16630080986999515,0.12985453620458032,-0.3518770376905141,4.894617855531898,0.18,-0.054478061620538976,21.0,3.8374746098790986,0.0371746855972333,4.83746366044689,0.04156407739439179,5.839033180512903,0.05377385913879228,0.5714191198348999,0.17128653824329376,0.121286541223526,0.7021372318267822,1.0,1,ROW_FOLLOW,,1.0,70.0,73.0,0.13586117327213287,-0.04259850084781647,0.0,0.24394094944000244,0.0,-0.3291379511356354,0.0,0.3333333432674408,0.5809522867202759,0.9523650407791138,0.9698252081871033,1.0,0.2380952388048172,0.7021372318267822,0.30000001192092896,0.20000000298023224,0.20000000298023224,0.15000000596046448,0.15000000596046448,1.0,1.0,1.0,1.0
complex_fixed_v018_r3,closed_loop,complex,full,1,0.18,False,22.62080389,1785051151.785187,3.8514491077600357,0.09691003968463026,-0.1774929885719048,0.12985453620458032,-0.32079020827858756,4.894854338082206,0.18,0.03169480697471422,19.0,3.8431644675184864,0.0502165899597467,4.7431580373273805,0.05242941161060236,5.709818384059287,0.054581656270337654,0.570800244808197,0.17058880627155304,0.12058880925178528,0.7010753154754639,1.0,1,ROW_FOLLOW,,1.0,64.0,63.0,0.17015990614891052,-0.03737117350101471,0.0,0.24857893586158752,0.0,-0.32332128286361694,0.0,0.3333333432674408,0.5809522867202759,0.9513336420059204,0.9641209840774536,1.0,0.2380952388048172,0.7010753154754639,0.30000001192092896,0.20000000298023224,0.20000000298023224,0.15000000596046448,0.15000000596046448,1.0,1.0,1.0,1.0
complex_fixed_v018_r3,closed_loop,complex,full,1,0.18,False,22.671015586,1785051151.835399,3.8877867887697373,0.07657619827293241,-0.19567400162597698,0.18812884105806568,-0.27875680976561956,4.93712802730251,0.18,0.14018558762992897,19.0,3.8431644675184864,0.0502165899597467,4.7431580373273805,0.05242941161060236,5.709818384059287,0.054581656270337654,0.570800244808197,0.17058880627155304,0.12058880925178528,0.7010753154754639,1.0,1,ROW_FOLLOW,,1.0,64.0,63.0,0.17015990614891052,-0.03737117350101471,0.0,0.24857893586158752,0.0,-0.32332128286361694,0.0,0.3333333432674408,0.5809522867202759,0.9513336420059204,0.9641209840774536,1.0,0.2380952388048172,0.7010753154754639,0.30000001192092896,0.20000000298023224,0.20000000298023224,0.15000000596046448,0.15000000596046448,1.0,1.0,1.0,1.0
complex_fixed_v018_r3,closed_loop,complex,full,1,0.18,False,22.720733026,1785051151.8851163,3.896648739132436,0.07448361483336342,-0.20636919902990022,0.18667890457034442,-0.2375493552428186,4.946379009093143,0.18,0.18383316827822285,21.0,3.865115222216005,0.05209316328133607,4.870113875080439,0.05309928800906403,5.871976651407812,0.052244659331062274,0.5729276537895203,0.17501212656497955,0.1250121295452118,0.6878377199172974,1.0,1,ROW_FOLLOW,,1.0,63.0,66.0,0.20254535973072052,-0.03207913041114807,0.0,0.2539569139480591,0.0,-0.3181151747703552,0.0,0.2857142984867096,0.5809522867202759,0.9548792839050293,0.966380774974823,1.0,0.2380952388048172,0.6878377199172974,0.30000001192092896,0.20000000298023224,0.20000000298023224,0.15000000596046448,0.15000000596046448,1.0,1.0,1.0,1.0
complex_fixed_v018_r3,closed_loop,complex,full,1,0.18,False,22.770977555,1785051151.9353607,3.9235258924341694,0.04852366010645721,-0.2174208949443725,0.23731959889367332,-0.15191140993661478,4.984331257676071,0.18,0.35596028556615955,21.0,3.865115222216005,0.05209316328133607,4.870113875080439,0.05309928800906403,5.871976651407812,0.052244659331062274,0.5729276537895203,0.17501212656497955,0.1250121295452118,0.6878377199172974,1.0,1,ROW_FOLLOW,,1.0,63.0,66.0,0.20254535973072052,-0.03207913041114807,0.0,0.2539569139480591,0.0,-0.3181151747703552,0.0,0.2857142984867096,0.5809522867202759,0.9548792839050293,0.966380774974823,1.0,0.2380952388048172,0.6878377199172974,0.30000001192092896,0.20000000298023224,0.20000000298023224,0.15000000596046448,0.15000000596046448,1.0,1.0,1.0,1.0
complex_fixed_v018_r3,closed_loop,complex,full,1,0.18,False,22.822357061,1785051151.98674,3.9311014524989862,0.03638790214857745,-0.22166022829843132,0.23366032941328063,-0.12940551015302446,5.002276736497632,0.18,0.3078864715150223,21.0,3.891979076793104,0.041007638920167226,4.8969722262780415,0.03926107390514979,5.9122558684826085,0.02735832180149148,0.5736040472984314,0.17464132606983185,0.12464132905006409,0.6816562414169312,1.0,1,ROW_FOLLOW,,1.0,60.0,68.0,0.21317483484745026,-0.02532947063446045,0.0,0.26044583320617676,0.0,-0.31110477447509766,0.0,0.2857142984867096,0.5547617673873901,0.9560071229934692,0.958587646484375,1.0,0.190476194024086,0.6816562414169312,0.30000001192092896,0.20000000298023224,0.20000000298023224,0.15000000596046448,0.15000000596046448,1.0,1.0,1.0,1.0
complex_fixed_v018_r3,closed_loop,complex,full,1,0.18,False,22.870439157,1785051152.0348225,3.9407635571242032,0.029719933209656983,-0.227773332575599,0.23366032941328063,-0.09007451089966813,5.014033272995269,0.18,0.3949785488857145,21.0,3.891979076793104,0.041007638920167226,4.8969722262780415,0.03926107390514979,5.9122558684826085,0.02735832180149148,0.5736040472984314,0.17464132606983185,0.12464132905006409,0.6816562414169312,1.0,1,ROW_FOLLOW,,1.0,60.0,68.0,0.21317483484745026,-0.02532947063446045,0.0,0.26044583320617676,0.0,-0.31110477447509766,0.0,0.2857142984867096,0.5547617673873901,0.9560071229934692,0.958587646484375,1.0,0.190476194024086,0.6816562414169312,0.30000001192092896,0.20000000298023224,0.20000000298023224,0.15000000596046448,0.15000000596046448,1.0,1.0,1.0,1.0
complex_fixed_v018_r3,closed_loop,complex,full,1,0.18,False,22.920631428,1785051152.0850148,3.949069396086656,0.023966744588864296,-0.23026550734356466,0.23366032941328063,-0.06315091336642153,5.0241446645940355,0.18,0.3336351576576713,20.0,3.923108798152148,0.02361712713215659,4.923093692044579,0.01981060303400591,5.856412608542301,0.01614800394985211,0.5698978304862976,0.16876055300235748,0.11876055598258972,0.6726959943771362,1.0,1,ROW_FOLLOW,,1.0,59.0,68.0,0.22192217409610748,-0.019354835152626038,0.0,0.2660554051399231,0.0,-0.30476507544517517,0.0,0.2539682686328888,0.5547617673873901,0.9498294591903687,0.9705815315246582,1.0,0.190476194024086,0.6726959943771362,0.30000001192092896,0.20000000298023224,0.20000000298023224,0.15000000596046448,0.15000000596046448,1.0,1.0,1.0,1.0
complex_fixed_v018_r3,closed_loop,complex,full,1,0.18,False,22.970447752,1785051152.1348312,3.946299931099896,0.03248003930524942,-0.23274715545249916,0.20334076981185292,-0.031441509383953466,5.049392562171163,0.18,0.29247564746614035,20.0,3.923108798152148,0.02361712713215659,4.923093692044579,0.01981060303400591,5.856412608542301,0.01614800394985211,0.5698978304862976,0.16876055300235748,0.11876055598258972,0.6726959943771362,1.0,1,ROW_FOLLOW,,1.0,59.0,68.0,0.22192217409610748,-0.019354835152626038,0.0,0.2660554051399231,0.0,-0.30476507544517517,0.0,0.2539682686328888,0.5547617673873901,0.9498294591903687,0.9705815315246582,1.0,0.190476194024086,0.6726959943771362,0.30000001192092896,0.20000000298023224,0.20000000298023224,0.15000000596046448,0.15000000596046448,1.0,1.0,1.0,1.0
complex_fixed_v018_r3,closed_loop,complex,full,1,0.18,False,23.020658712,1785051152.185042,3.9591406739371657,0.03258111934418682,-0.23400932988249948,0.18978624339494232,-0.04174591244688361,5.0629644892986905,0.18,0.25449211147695966,21.0,3.9411216180325375,0.016222538523988462,4.941105722476013,0.010867620256114735,5.939272743044974,0.011621263714365934,0.5688042044639587,0.16536571085453033,0.11536571383476257,0.6957389116287231,1.0,1,ROW_FOLLOW,,1.0,58.0,66.0,0.23030701279640198,-0.014271721243858337,0.0,0.2708669602870941,0.0,-0.2994104027748108,0.0,0.3174603283405304,0.5809522867202759,0.9480071067810059,0.9647263884544373,1.0,0.2380952388048172,0.6957389116287231,0.30000001192092896,0.20000000298023224,0.20000000298023224,0.15000000596046448,0.15000000596046448,1.0,1.0,1.0,1.0
complex_fixed_v018_r3,closed_loop,complex,full,1,0.18,False,23.070989163,1785051152.2353725,3.967866644152433,0.030453660544608366,-0.23457808209621867,0.1877015455702616,-0.003972240269018305,5.071956782115192,0.18,0.2622741620553832,21.0,3.9411216180325375,0.016222538523988462,4.941105722476013,0.010867620256114735,5.939272743044974,0.011621263714365934,0.5688042044639587,0.16536571085453033,0.11536571383476257,0.6957389116287231,1.0,1,ROW_FOLLOW,,1.0,58.0,66.0,0.23030701279640198,-0.014271721243858337,0.0,0.2708669602870941,0.0,-0.2994104027748108,0.0,0.3174603283405304,0.5809522867202759,0.9480071067810059,0.9647263884544373,1.0,0.2380952388048172,0.6957389116287231,0.30000001192092896,0.20000000298023224,0.20000000298023224,0.15000000596046448,0.15000000596046448,1.0,1.0,1.0,1.0
complex_fixed_v018_r3,closed_loop,complex,full,1,0.18,False,23.120731501,1785051152.2851148,3.97137282708094,0.02955096588513412,-0.23587013486282074,0.18773260194226146,-0.019564348604791847,5.075614000868158,0.18,0.2754704826276327,20.0,3.954453951735683,0.01639769002977656,4.95944070274043,0.011525040718039356,5.921094359780149,0.006792825787514085,0.5696545839309692,0.16935981810092926,0.1193598210811615,0.7031722068786621,1.0,1,ROW_FOLLOW,,1.0,65.0,61.0,0.23060478270053864,-0.009064242243766785,0.0,0.2759096324443817,0.0,-0.2940381169319153,0.0,0.3412698209285736,0.5809522867202759,0.9494240283966064,0.9647730588912964,1.0,0.2380952388048172,0.7031722068786621,0.30000001192092896,0.20000000298023224,0.20000000298023224,0.15000000596046448,0.15000000596046448,1.0,1.0,1.0,1.0
complex_fixed_v018_r3,closed_loop,complex,full,1,0.18,False,23.171140099,1785051152.3355234,3.9830744887672056,0.031205633393953637,-0.23652584157897436,0.17302779614362054,-0.009926665265676671,5.089026689214825,0.18,0.2619394083775513,20.0,3.954453951735683,0.01639769002977656,4.95944070274043,0.011525040718039356,5.921094359780149,0.006792825787514085,0.5696545839309692,0.16935981810092926,0.1193598210811615,0.7031722068786621,1.0,1,ROW_FOLLOW,,1.0,65.0,61.0,0.23060478270053864,-0.009064242243766785,0.0,0.2759096324443817,0.0,-0.2940381169319153,0.0,0.3412698209285736,0.5809522867202759,0.9494240283966064,0.9647730588912964,1.0,0.2380952388048172,0.7031722068786621,0.30000001192092896,0.20000000298023224,0.20000000298023224,0.15000000596046448,0.15000000596046448,1.0,1.0,1.0,1.0
complex_fixed_v018_r3,closed_loop,complex,full,1,0.18,False,23.220664158,1785051152.3850474,3.9866694895129835,0.03312038203178256,-0.2376751483790675,0.167965957065851,-0.02223593096985616,5.104773821627691,0.18,0.2975714288956646,21.0,3.9684120870631414,0.023649039691756208,4.973401321019579,0.019155406910647346,5.968686220477069,0.015995632912793,0.5696843266487122,0.1699184626340866,0.11991846561431885,0.7026650905609131,1.0,1,ROW_FOLLOW,,1.0,55.0,79.0,0.23115894198417664,-0.0038759708404541016,0.0,0.2810431718826294,0.0,-0.2887951135635376,0.0,0.3412698209285736,0.5809522867202759,0.9494736790657043,0.9613260626792908,1.0,0.2380952388048172,0.7026650905609131,0.30000001192092896,0.20000000298023224,0.20000000298023224,0.15000000596046448,0.15000000596046448,1.0,1.0,1.0,1.0
complex_fixed_v018_r3,closed_loop,complex,full,1,0.18,False,23.271287546,1785051152.4356709,3.9960017102738328,0.030846411137026995,-0.23829252823294078,0.17192304375790526,-0.028247634293614564,5.114397614154968,0.18,0.30694428037363236,21.0,3.9684120870631414,0.023649039691756208,4.973401321019579,0.019155406910647346,5.968686220477069,0.015995632912793,0.5696843266487122,0.1699184626340866,0.11991846561431885,0.7026650905609131,1.0,1,ROW_FOLLOW,,1.0,55.0,79.0,0.23115894198417664,-0.0038759708404541016,0.0,0.2810431718826294,0.0,-0.2887951135635376,0.0,0.3412698209285736,0.5809522867202759,0.9494736790657043,0.9613260626792908,1.0,0.2380952388048172,0.7026650905609131,0.30000001192092896,0.20000000298023224,0.20000000298023224,0.15000000596046448,0.15000000596046448,1.0,1.0,1.0,1.0
complex_fixed_v018_r3,closed_loop,complex,full,1,0.18,False,23.321011387,1785051152.4853947,3.9971535672375933,0.030554705717719653,-0.2389686586526323,0.17533436278082662,-0.020031509030445666,5.1156044058531505,0.18,0.33437856505399155,21.0,3.9834899605816365,0.027329146955874146,4.988479877549563,0.023119787520112414,5.991305085234613,0.022368596574514184,0.5704589486122131,0.17185251414775848,0.12185251712799072,0.6876305341720581,1.0,1,ROW_FOLLOW,,1.0,55.0,70.0,0.2366601973772049,0.0005235821008682251,0.0,0.2853647470474243,0.0,-0.28431758284568787,0.0,0.2857142984867096,0.5809522867202759,0.950765073299408,0.9704853296279907,1.0,0.2380952388048172,0.6876305341720581,0.30000001192092896,0.20000000298023224,0.20000000298023224,0.15000000596046448,0.15000000596046448,1.0,1.0,1.0,1.0
complex_fixed_v018_r3,closed_loop,complex,full,1,0.18,False,23.370343761,1785051152.534727,4.0109735466734975,0.029399843371374586,-0.23981557756251481,0.16513133470498095,-0.037808963707333346,5.1298580925290365,0.18,0.33752500208616826,21.0,3.9834899605816365,0.027329146955874146,4.988479877549563,0.023119787520112414,5.991305085234613,0.022368596574514184,0.5704589486122131,0.17185251414775848,0.12185251712799072,0.6876305341720581,1.0,1,ROW_FOLLOW,,1.0,55.0,70.0,0.2366601973772049,0.0005235821008682251,0.0,0.2853647470474243,0.0,-0.28431758284568787,0.0,0.2857142984867096,0.5809522867202759,0.950765073299408,0.9704853296279907,1.0,0.2380952388048172,0.6876305341720581,0.30000001192092896,0.20000000298023224,0.20000000298023224,0.15000000596046448,0.15000000596046448,1.0,1.0,1.0,1.0
complex_fixed_v018_r3,closed_loop,complex,full,1,0.18,False,23.420908203,1785051152.5852916,4.019749329046393,0.027246035957414608,-0.24041581582884636,0.17011702888347885,0.0015556984078632327,5.138906450627775,0.18,0.3745257538249436,19.0,3.997879711905774,0.03156049004137126,4.8978715082400885,0.027984737875386047,5.86452954270073,0.024143624384706606,0.5700352787971497,0.1696220189332962,0.11962202191352844,0.6727602481842041,1.0,1,ROW_FOLLOW,,1.0,56.0,74.0,0.23633340001106262,0.0046758949756622314,0.0,0.28906774520874023,0.0,-0.27971595525741577,0.0,0.2539682388305664,0.5547617673873901,0.9500589966773987,0.9707043766975403,1.0,0.190476194024086,0.6727602481842041,0.30000001192092896,0.20000000298023224,0.20000000298023224,0.15000000596046448,0.15000000596046448,1.0,1.0,1.0,1.0
complex_fixed_v018_r3,closed_loop,complex,full,1,0.18,False,23.470800145,1785051152.6351833,4.028882649369783,0.026757476150808944,-0.24023991295944747,0.16847709069538688,0.024685625299416893,5.150191780172372,0.18,0.3751379635518614,19.0,3.997879711905774,0.03156049004137126,4.8978715082400885,0.027984737875386047,5.86452954270073,0.024143624384706606,0.5700352787971497,0.1696220189332962,0.11962202191352844,0.6727602481842041,1.0,1,ROW_FOLLOW,,1.0,56.0,74.0,0.23633340001106262,0.0046758949756622314,0.0,0.28906774520874023,0.0,-0.27971595525741577,0.0,0.2539682388305664,0.5547617673873901,0.9500589966773987,0.9707043766975403,1.0,0.190476194024086,0.6727602481842041,0.30000001192092896,0.20000000298023224,0.20000000298023224,0.15000000596046448,0.15000000596046448,1.0,1.0,1.0,1.0
complex_fixed_v018_r3,closed_loop,complex,full,1,0.18,False,23.52097872,1785051152.6853619,4.037553186890644,0.02465690245058221,-0.23995772361517137,0.17168863865305842,-0.0002983254959513272,5.159119081094126,0.18,0.39594623945280555,21.0,4.0148646866136986,0.03308195209532621,5.014856488650541,0.029268796795071318,6.016785285756696,0.025130501240100894,0.5640519261360168,0.14563871920108795,0.09563872218132019,0.6722654104232788,1.0,1,ROW_FOLLOW,,1.0,57.0,73.0,0.23445677757263184,0.00916096568107605,0.0,0.29306042194366455,0.0,-0.27473849058151245,0.0,0.261904776096344,0.5547617673873901,0.9400863647460938,0.9648288488388062,1.0,0.190476194024086,0.6722654104232788,0.30000001192092896,0.20000000298023224,0.20000000298023224,0.15000000596046448,0.15000000596046448,1.0,1.0,1.0,1.0
complex_fixed_v018_r3,closed_loop,complex,full,1,0.18,False,23.570569341,1785051152.7349527,4.045034604673269,0.021735041332395934,-0.23963057742063446,0.16800585511163668,0.020919101787274748,5.169926242692552,0.18,0.4104530868657812,21.0,4.0148646866136986,0.03308195209532621,5.014856488650541,0.029268796795071318,6.016785285756696,0.025130501240100894,0.5640519261360168,0.14563871920108795,0.09563872218132019,0.6722654104232788,1.0,1,ROW_FOLLOW,,1.0,57.0,73.0,0.23445677757263184,0.00916096568107605,0.0,0.29306042194366455,0.0,-0.27473849058151245,0.0,0.261904776096344,0.5547617673873901,0.9400863647460938,0.9648288488388062,1.0,0.190476194024086,0.6722654104232788,0.30000001192092896,0.20000000298023224,0.20000000298023224,0.15000000596046448,0.15000000596046448,1.0,1.0,1.0,1.0
complex_fixed_v018_r3,closed_loop,complex,full,1,0.18,False,23.620658569,1785051152.7850418,4.053675323687964,0.019687272003683125,-0.2377316176461952,0.17086421391051143,0.049120779052181505,5.178851149717572,0.18,0.4185142828747018,20.0,4.034116280251134,0.03359649752832732,5.034101458800662,0.02823661254578949,5.995643591518971,0.021536396624731835,0.5653871893882751,0.16675086319446564,0.11675086617469788,0.7007272243499756,1.0,1,ROW_FOLLOW,,1.0,52.0,74.0,0.23231305181980133,0.013249054551124573,0.0,0.2967142164707184,0.0,-0.27021610736846924,0.0,0.3333333432674408,0.5809522867202759,0.9423115253448486,0.9738296270370483,1.0,0.2380952388048172,0.7007272243499756,0.30000001192092896,0.20000000298023224,0.20000000298023224,0.15000000596046448,0.15000000596046448,1.0,1.0,1.0,1.0
complex_fixed_v018_r3,closed_loop,complex,full,1,0.18,False,23.670758677,1785051152.835142,4.0628530433137,0.01679494940903052,-0.23604809578538205,0.17258312407128248,0.057182213614893763,5.188874065672295,0.18,0.4333804209915824,20.0,4.034116280251134,0.03359649752832732,5.034101458800662,0.02823661254578949,5.995643591518971,0.021536396624731835,0.5653871893882751,0.16675086319446564,0.11675086617469788,0.7007272243499756,1.0,1,ROW_FOLLOW,,1.0,52.0,74.0,0.23231305181980133,0.013249054551124573,0.0,0.2967142164707184,0.0,-0.27021610736846924,0.0,0.3333333432674408,0.5809522867202759,0.9423115253448486,0.9738296270370483,1.0,0.2380952388048172,0.7007272243499756,0.30000001192092896,0.20000000298023224,0.20000000298023224,0.15000000596046448,0.15000000596046448,1.0,1.0,1.0,1.0
complex_fixed_v018_r3,closed_loop,complex,full,1,0.18,False,23.720801984,1785051152.8851852,4.071487164275579,0.014778911803251244,-0.23459987533972587,0.17420655507450178,0.05334295321546545,5.197772018163787,0.18,0.4354065974701853,21.0,4.054323377148161,0.032878916802996434,5.054301908662771,0.026358997555652918,6.054564713593447,0.019920266210854503,0.5652899742126465,0.16714467108249664,0.11714467406272888,0.7004892826080322,1.0,1,ROW_FOLLOW,,1.0,58.0,85.0,0.22776173055171967,0.017151787877082825,0.0,0.3003852367401123,0.0,-0.26608166098594666,0.0,0.3333333432674408,0.5809522867202759,0.9421497583389282,0.9724591374397278,1.0,0.2380952388048172,0.7004892826080322,0.30000001192092896,0.20000000298023224,0.20000000298023224,0.15000000596046448,0.15000000596046448,1.0,1.0,1.0,1.0
complex_fixed_v018_r3,closed_loop,complex,full,1,0.18,False,23.770454207,1785051152.9348376,4.07022446671412,0.014727455926433161,-0.23158423210960563,0.16900892103735105,0.057471057840615784,5.216911920510163,0.18,0.4312223061789845,21.0,4.054323377148161,0.032878916802996434,5.054301908662771,0.026358997555652918,6.054564713593447,0.019920266210854503,0.5652899742126465,0.16714467108249664,0.11714467406272888,0.7004892826080322,1.0,1,ROW_FOLLOW,,1.0,58.0,85.0,0.22776173055171967,0.017151787877082825,0.0,0.3003852367401123,0.0,-0.26608166098594666,0.0,0.3333333432674408,0.5809522867202759,0.9421497583389282,0.9724591374397278,1.0,0.2380952388048172,0.7004892826080322,0.30000001192092896,0.20000000298023224,0.20000000298023224,0.15000000596046448,0.15000000596046448,1.0,1.0,1.0,1.0
complex_fixed_v018_r3,closed_loop,complex,full,1,0.18,False,23.820765426,1785051152.9851487,4.079108838977303,0.012698462742896186,-0.22908015115206215,0.17049704123953774,0.0670134987989222,5.226058783445853,0.18,0.4400530245329113,21.0,4.065254559594117,0.03352131736082767,5.06522717738138,0.026131380700475614,6.070943743401278,0.018273821833082893,0.5652918219566345,0.16763825714588165,0.11763826012611389,0.7004806995391846,1.0,1,ROW_FOLLOW,,1.0,60.0,69.0,0.22224099934101105,0.0210077166557312,0.0,0.3042832016944885,0.0,-0.2622677683830261,0.0,0.3333333432674408,0.5809522867202759,0.9421530365943909,0.9723973870277405,1.0,0.2380952388048172,0.7004806995391846,0.30000001192092896,0.20000000298023224,0.20000000298023224,0.15000000596046448,0.15000000596046448,1.0,1.0,1.0,1.0
complex_fixed_v018_r3,closed_loop,complex,full,1,0.18,False,23.870406929,1785051153.03479,4.088462892277079,0.012657498173159353,-0.22444439389034165,0.1681755669878206,0.09037950475707536,5.236992093218547,0.18,0.43383618962624715,21.0,4.065254559594117,0.03352131736082767,5.06522717738138,0.026131380700475614,6.070943743401278,0.018273821833082893,0.5652918219566345,0.16763825714588165,0.11763826012611389,0.7004806995391846,1.0,1,ROW_FOLLOW,,1.0,60.0,69.0,0.22224099934101105,0.0210077166557312,0.0,0.3042832016944885,0.0,-0.2622677683830261,0.0,0.3333333432674408,0.5809522867202759,0.9421530365943909,0.9723973870277405,1.0,0.2380952388048172,0.7004806995391846,0.30000001192092896,0.20000000298023224,0.20000000298023224,0.15000000596046448,0.15000000596046448,1.0,1.0,1.0,1.0
complex_fixed_v018_r3,closed_loop,complex,full,1,0.18,False,23.920560703,1785051153.0849438,4.096845323480903,0.010829874802463006,-0.22108109453746583,0.1697218006163283,0.0666855793657029,5.24561738628135,0.18,0.4407438295776906,21.0,4.079731673707596,0.034714538362237264,5.079680896677665,0.025005524172156037,6.079630084855009,0.015296526569465852,0.5676767230033875,0.1708982139825821,0.12089821696281433,0.68623948097229,1.0,1,ROW_FOLLOW,,1.0,44.0,85.0,0.2094125747680664,0.025689229369163513,0.0,0.3090519905090332,0.0,-0.2576735317707062,0.0,0.2857142984867096,0.5809522867202759,0.9461276531219482,0.9673943519592285,1.0,0.2380952388048172,0.68623948097229,0.30000001192092896,0.20000000298023224,0.20000000298023224,0.15000000596046448,0.15000000596046448,1.0,1.0,1.0,1.0
complex_fixed_v018_r3,closed_loop,complex,full,1,0.18,False,23.97072475,1785051153.135108,4.10166295241409,0.009940940122664946,-0.21468391959652602,0.17039927639887104,0.12123043575727255,5.250638069811637,0.18,0.4364480883125914,21.0,4.079731673707596,0.034714538362237264,5.079680896677665,0.025005524172156037,6.079630084855009,0.015296526569465852,0.5676767230033875,0.1708982139825821,0.12089821696281433,0.68623948097229,1.0,1,ROW_FOLLOW,,1.0,44.0,85.0,0.2094125747680664,0.025689229369163513,0.0,0.3090519905090332,0.0,-0.2576735317707062,0.0,0.2857142984867096,0.5809522867202759,0.9461276531219482,0.9673943519592285,1.0,0.2380952388048172,0.68623948097229,0.30000001192092896,0.20000000298023224,0.20000000298023224,0.15000000596046448,0.15000000596046448,1.0,1.0,1.0,1.0
complex_fixed_v018_r3,closed_loop,complex,full,1,0.18,False,24.020538834,1785051153.1849222,4.102514662083674,0.009929822436311126,-0.2096468378804963,0.1701881024228162,0.12691358745448686,5.251589813688418,0.18,0.4315851358225121,21.0,4.09024460886763,0.03892266045753407,5.08989957334559,0.01747853928671561,6.089554506857779,-0.003965575620731041,0.5655878782272339,0.16104261577129364,0.11104261875152588,0.6625711917877197,1.0,1,ROW_FOLLOW,,1.0,36.0,84.0,0.169423446059227,0.03457242250442505,0.0,0.3183370530605316,0.0,-0.24919220805168152,0.0,0.2777777910232544,0.47619038820266724,0.942646324634552,0.9698032140731812,1.0,0.0476190485060215,0.6625711917877197,0.30000001192092896,0.20000000298023224,0.20000000298023224,0.15000000596046448,0.15000000596046448,1.0,1.0,1.0,1.0
complex_fixed_v018_r3,closed_loop,complex,full,1,0.18,False,24.071811586,1785051153.2361948,4.1297706349008525,0.0038428561811553763,-0.19912893378440133,0.16613894540926383,0.16125780692292954,5.2796515431992255,0.18,0.45409525405347495,21.0,4.09024460886763,0.03892266045753407,5.08989957334559,0.01747853928671561,6.089554506857779,-0.003965575620731041,0.5655878782272339,0.16104261577129364,0.11104261875152588,0.6625711917877197,1.0,1,ROW_FOLLOW,,1.0,36.0,84.0,0.169423446059227,0.03457242250442505,0.0,0.3183370530605316,0.0,-0.24919220805168152,0.0,0.2777777910232544,0.47619038820266724,0.942646324634552,0.9698032140731812,1.0,0.0476190485060215,0.6625711917877197,0.30000001192092896,0.20000000298023224,0.20000000298023224,0.15000000596046448,0.15000000596046448,1.0,1.0,1.0,1.0
complex_fixed_v018_r3,closed_loop,complex,full,1,0.18,False,24.121259899,1785051153.2856433,4.133723584561055,0.0020876113534273057,-0.1912252251163209,0.17157083377711502,0.20850834142815278,5.291326438418561,0.18,0.44097404043279814,21.0,4.109769025898511,0.04330005689876302,5.10874158429317,0.0030662666429347334,6.107714114321887,-0.037167523203798215,0.5653794407844543,0.15679116547107697,0.1067911684513092,0.6707166433334351,1.0,1,ROW_FOLLOW,,1.0,36.0,80.0,0.13081729412078857,0.04550325125455856,0.0,0.32903698086738586,0.0,-0.23803047835826874,0.0,0.2936508059501648,0.5023808479309082,0.9422990083694458,0.9579030275344849,1.0,0.095238097012043,0.6707166433334351,0.30000001192092896,0.20000000298023224,0.20000000298023224,0.15000000596046448,0.15000000596046448,1.0,1.0,1.0,1.0
complex_fixed_v018_r3,closed_loop,complex,full,1,0.18,False,24.171235556,1785051153.3356187,4.139997906529509,0.0013420181095646598,-0.17724438062922676,0.1712381077266957,0.25139958976239507,5.297899222568821,0.18,0.4261264036263322,21.0,4.109769025898511,0.04330005689876302,5.10874158429317,0.0030662666429347334,6.107714114321887,-0.037167523203798215,0.5653794407844543,0.15679116547107697,0.1067911684513092,0.6707166433334351,1.0,1,ROW_FOLLOW,,1.0,36.0,80.0,0.13081729412078857,0.04550325125455856,0.0,0.32903698086738586,0.0,-0.23803047835826874,0.0,0.2936508059501648,0.5023808479309082,0.9422990083694458,0.9579030275344849,1.0,0.095238097012043,0.6707166433334351,0.30000001192092896,0.20000000298023224,0.20000000298023224,0.15000000596046448,0.15000000596046448,1.0,1.0,1.0,1.0
complex_fixed_v018_r3,closed_loop,complex,full,1,0.18,False,24.22057241,1785051153.3849556,4.140642465784703,0.0015972260962955507,-0.16707068779247886,0.1713305232718477,0.23695115337312736,5.298744109759957,0.18,0.40676439749957927,20.0,4.12575845021491,0.05026319606773102,5.128655629993339,-0.012782051923799246,6.055018606870502,-0.07144837348968382,0.5641139149665833,0.1553202122449875,0.10532021522521973,0.6731584072113037,1.0,1,ROW_FOLLOW,,1.0,37.0,78.0,0.09106700122356415,0.056074149906635284,0.0,0.3386650085449219,0.0,-0.2265167087316513,0.0,0.30158731341362,0.5023808479309082,0.9401898980140686,0.96112060546875,1.0,0.095238097012043,0.6731584072113037,0.30000001192092896,0.20000000298023224,0.20000000298023224,0.15000000596046448,0.15000000596046448,1.0,1.0,1.0,1.0
complex_fixed_v018_r3,closed_loop,complex,full,1,0.18,False,24.270617445,1785051153.435001,4.164666996297056,-0.004994748470305047,-0.15234700255368325,0.16857019206609028,0.2463531793065716,5.324041267401611,0.18,0.42922291675298263,20.0,4.12575845021491,0.05026319606773102,5.128655629993339,-0.012782051923799246,6.055018606870502,-0.07144837348968382,0.5641139149665833,0.1553202122449875,0.10532021522521973,0.6731584072113037,1.0,1,ROW_FOLLOW,,1.0,37.0,78.0,0.09106700122356415,0.056074149906635284,0.0,0.3386650085449219,0.0,-0.2265167087316513,0.0,0.30158731341362,0.5023808479309082,0.9401898980140686,0.96112060546875,1.0,0.095238097012043,0.6731584072113037,0.30000001192092896,0.20000000298023224,0.20000000298023224,0.15000000596046448,0.15000000596046448,1.0,1.0,1.0,1.0
complex_fixed_v018_r3,closed_loop,complex,full,1,0.18,False,24.320879799,1785051153.485263,4.173717416971882,-0.0059017258661781665,-0.14303006385556127,0.16974719662858,0.22271685087104803,5.333334020400575,0.18,0.4217844246710828,20.0,4.147941509216027,0.05514758270557127,5.1501245611026,-0.019703021391739028,6.109076354152545,-0.09159688336686884,0.5658774971961975,0.16011680662631989,0.11011680960655212,0.6841670274734497,1.0,1,ROW_FOLLOW,,1.0,31.0,78.0,0.06964945793151855,0.06430600583553314,0.0,0.346846342086792,0.0,-0.2182343304157257,0.0,0.3333333432674408,0.5023808479309082,0.9431291222572327,0.9671000242233276,1.0,0.095238097012043,0.6841670274734497,0.30000001192092896,0.20000000298023224,0.20000000298023224,0.15000000596046448,0.15000000596046448,1.0,1.0,1.0,1.0
complex_fixed_v018_r3,closed_loop,complex,full,1,0.18,False,24.371803516,1785051153.536187,4.180935308127371,-0.009121616374198963,-0.12968376796165557,0.16349022351103848,0.2537418114261718,5.3445153684282145,0.18,0.4231482066799158,20.0,4.147941509216027,0.05514758270557127,5.1501245611026,-0.019703021391739028,6.109076354152545,-0.09159688336686884,0.5658774971961975,0.16011680662631989,0.11011680960655212,0.6841670274734497,1.0,1,ROW_FOLLOW,,1.0,31.0,78.0,0.06964945793151855,0.06430600583553314,0.0,0.346846342086792,0.0,-0.2182343304157257,0.0,0.3333333432674408,0.5023808479309082,0.9431291222572327,0.9671000242233276,1.0,0.095238097012043,0.6841670274734497,0.30000001192092896,0.20000000298023224,0.20000000298023224,0.15000000596046448,0.15000000596046448,1.0,1.0,1.0,1.0
complex_fixed_v018_r3,closed_loop,complex,full,1,0.18,False,24.420813896,1785051153.5851972,4.189483547322178,-0.009735737492494732,-0.11835164754083924,0.16553910386150647,0.308383088085841,5.353326243945818,0.18,0.4244466892384148,21.0,4.166662634280073,0.058651484936772254,5.168916594311091,-0.01507201752560034,6.181399370270491,-0.06277684574168868,0.5669606924057007,0.1655876189470291,0.11558762192726135,0.6857509613037109,1.0,1,ROW_FOLLOW,,1.0,30.0,75.0,0.06310202181339264,0.06854449957609177,0.0,0.3509533703327179,0.0,-0.21386437118053436,0.0,0.3333333432674408,0.5023808479309082,0.9449343085289001,0.975252628326416,1.0,0.095238097012043,0.6857509613037109,0.30000001192092896,0.20000000298023224,0.20000000298023224,0.15000000596046448,0.15000000596046448,1.0,1.0,1.0,1.0
complex_fixed_v018_r3,closed_loop,complex,full,1,0.18,False,24.470773297,1785051153.6351564,4.194413707373559,-0.004644083712725603,-0.09969544906085792,0.1622336682184513,0.29134545364587555,5.369108666953217,0.18,0.37258288358140706,21.0,4.166662634280073,0.058651484936772254,5.168916594311091,-0.01507201752560034,6.181399370270491,-0.06277684574168868,0.5669606924057007,0.1655876189470291,0.11558762192726135,0.6857509613037109,1.0,1,ROW_FOLLOW,,1.0,30.0,75.0,0.06310202181339264,0.06854449957609177,0.0,0.3509533703327179,0.0,-0.21386437118053436,0.0,0.3333333432674408,0.5023808479309082,0.9449343085289001,0.975252628326416,1.0,0.095238097012043,0.6857509613037109,0.30000001192092896,0.20000000298023224,0.20000000298023224,0.15000000596046448,0.15000000596046448,1.0,1.0,1.0,1.0
complex_fixed_v018_r3,closed_loop,complex,full,1,0.18,False,24.520716153,1785051153.6850996,4.203101757146107,-0.004938092629750162,-0.08737250178814722,0.16526927162641467,0.31800923726530744,5.378060506791679,0.18,0.3824322502174878,21.0,4.184079048023218,0.06092680271640496,5.18212604367754,9.60686417681179e-05,6.18846286837223,-0.04261584311814768,0.568274199962616,0.17287887632846832,0.12287887930870056,0.6735662221908569,1.0,1,ROW_FOLLOW,,1.0,28.0,63.0,0.050282858312129974,0.0688038021326065,0.0,0.3516826629638672,0.0,-0.21407505869865417,0.0,0.30158731341362,0.47619038820266724,0.9471237659454346,0.9895146489143372,1.0,0.0476190485060215,0.6735662221908569,0.30000001192092896,0.20000000298023224,0.20000000298023224,0.15000000596046448,0.15000000596046448,1.0,1.0,1.0,1.0
complex_fixed_v018_r3,closed_loop,complex,full,1,0.18,False,24.570461979,1785051153.7348452,4.209048601097131,0.00492154942626081,-0.06871145546999546,0.16781894979990497,0.3253279192355942,5.397480940511143,0.18,0.3060996916672318,21.0,4.184079048023218,0.06092680271640496,5.18212604367754,9.60686417681179e-05,6.18846286837223,-0.04261584311814768,0.568274199962616,0.17287887632846832,0.12287887930870056,0.6735662221908569,1.0,1,ROW_FOLLOW,,1.0,28.0,63.0,0.050282858312129974,0.0688038021326065,0.0,0.3516826629638672,0.0,-0.21407505869865417,0.0,0.30158731341362,0.47619038820266724,0.9471237659454346,0.9895146489143372,1.0,0.0476190485060215,0.6735662221908569,0.30000001192092896,0.20000000298023224,0.20000000298023224,0.15000000596046448,0.15000000596046448,1.0,1.0,1.0,1.0
complex_fixed_v018_r3,closed_loop,complex,full,1,0.18,False,24.620689996,1785051153.7850735,4.21904612444348,0.0046388396527229205,-0.05530814188754984,0.16763903710984243,0.3359172571737457,5.407661552959923,0.18,0.3434047892563913,21.0,4.197093426614998,0.06354522697314251,5.196153937103884,0.030406551528414653,6.195214465314298,-0.0027321199115245,0.5681479573249817,0.1734226495027542,0.12342265248298645,0.6439763307571411,1.0,1,ROW_FOLLOW,,1.0,33.0,45.0,0.06702731549739838,0.06206871569156647,0.0,0.34549134969711304,0.0,-0.2213539183139801,0.0,0.190476194024086,0.5023808479309082,0.9469133019447327,0.979830801486969,1.0,0.095238097012043,0.6439763307571411,0.30000001192092896,0.20000000298023224,0.20000000298023224,0.15000000596046448,0.15000000596046448,1.0,1.0,1.0,1.0
complex_fixed_v018_r3,closed_loop,complex,full,1,0.18,False,24.671037856,1785051153.835421,4.241775458243083,0.02216711600412455,-0.036071027312680755,0.19187127733849396,0.31458292247415026,5.4366810698856725,0.18,0.233324937583843,21.0,4.197093426614998,0.06354522697314251,5.196153937103884,0.030406551528414653,6.195214465314298,-0.0027321199115245,0.5681479573249817,0.1734226495027542,0.12342265248298645,0.6439763307571411,1.0,1,ROW_FOLLOW,,1.0,33.0,45.0,0.06702731549739838,0.06206871569156647,0.0,0.34549134969711304,0.0,-0.2213539183139801,0.0,0.190476194024086,0.5023808479309082,0.9469133019447327,0.979830801486969,1.0,0.095238097012043,0.6439763307571411,0.30000001192092896,0.20000000298023224,0.20000000298023224,0.15000000596046448,0.15000000596046448,1.0,1.0,1.0,1.0
complex_fixed_v018_r3,closed_loop,complex,full,1,0.18,False,24.720894917,1785051153.8852782,4.249551381269656,0.026062386494344024,-0.02397412869903269,0.19187127733849396,0.3166749505835781,5.445555414931728,0.18,0.27539321782490545,19.0,4.216536118804363,0.0692930356179,5.115995606465224,0.07016335160093727,6.0820651613062156,0.07378259606830913,0.5716728568077087,0.17469580471515656,0.1246958076953888,0.6294904947280884,1.0,1,ROW_FOLLOW,,1.0,29.0,46.0,0.07132412493228912,0.05260796844959259,0.0,0.3373037874698639,0.0,-0.2320878505706787,0.0,0.1428571492433548,0.5023808479309082,0.9525352716445923,0.9710004925727844,1.0,0.095238097012043,0.6294904947280884,0.30000001192092896,0.20000000298023224,0.20000000298023224,0.15000000596046448,0.15000000596046448,1.0,1.0,1.0,1.0
complex_fixed_v018_r3,closed_loop,complex,full,1,0.18,False,24.770408673,1785051153.934792,4.252468136438311,0.020032184970323497,-0.0037195830046368194,0.18233749710688482,0.35064637444280305,5.4707078774186915,0.18,0.28043934410008026,19.0,4.216536118804363,0.0692930356179,5.115995606465224,0.07016335160093727,6.0820651613062156,0.07378259606830913,0.5716728568077087,0.17469580471515656,0.1246958076953888,0.6294904947280884,1.0,1,ROW_FOLLOW,,1.0,29.0,46.0,0.07132412493228912,0.05260796844959259,0.0,0.3373037874698639,0.0,-0.2320878505706787,0.0,0.1428571492433548,0.5023808479309082,0.9525352716445923,0.9710004925727844,1.0,0.095238097012043,0.6294904947280884,0.30000001192092896,0.20000000298023224,0.20000000298023224,0.15000000596046448,0.15000000596046448,1.0,1.0,1.0,1.0
complex_fixed_v018_r3,closed_loop,complex,full,1,0.18,False,24.820761269,1785051153.9851446,4.261460662640389,0.020387882264712897,0.010352924557476492,0.1813773515362641,0.3604099394896241,5.479888921052867,0.0,0.0,0.0,nan,nan,nan,nan,nan,nan,0.0,0.0,-0.05000000074505806,0.0,0.0,1,ROW_FOLLOW,WAITING_FOR_CENTERLINE,0.0,0.0,0.0,0.0,0.0,0.0,0.0,0.0,0.0,1.0,0.0,0.0,0.0,0.0,0.0,0.0,0.0,0.30000001192092896,0.20000000298023224,0.20000000298023224,0.15000000596046448,0.15000000596046448,1.0,1.0,1.0,1.0
complex_fixed_v018_r3,closed_loop,complex,full,1,0.18,False,24.870861186,1785051154.0352445,4.271849817395047,0.02223038699676495,0.029399362451088873,0.1871187964382369,0.28252530123979075,5.4909663707803995,0.0,0.0,0.0,nan,nan,nan,nan,nan,nan,0.0,0.0,-0.05000000074505806,0.0,0.0,1,ROW_FOLLOW,WAITING_FOR_CENTERLINE,0.0,0.0,0.0,0.0,0.0,0.0,0.0,0.0,0.0,1.0,0.0,0.0,0.0,0.0,0.0,0.0,0.0,0.30000001192092896,0.20000000298023224,0.20000000298023224,0.15000000596046448,0.15000000596046448,1.0,1.0,1.0,1.0
complex_fixed_v018_r3,closed_loop,complex,full,1,0.18,False,24.920695783,1785051154.085079,4.280581333419795,0.020217916679936304,0.04196607207716685,0.18528980759730296,0.2835446096093915,5.50296064662408,0.0,0.0,0.0,nan,nan,nan,nan,nan,nan,0.0,0.0,-0.05000000074505806,0.0,0.0,1,ROW_FOLLOW,WAITING_FOR_CENTERLINE,0.0,0.0,0.0,0.0,0.0,0.0,0.0,0.0,0.0,2.0,0.0,0.0,0.0,0.0,0.0,0.0,0.0,0.30000001192092896,0.20000000298023224,0.20000000298023224,0.15000000596046448,0.15000000596046448,1.0,1.0,1.0,1.0
complex_fixed_v018_r3,closed_loop,complex,full,1,0.18,False,24.970784052,1785051154.1351671,4.2887111400363285,0.020871749869622643,0.05238186196583471,0.18547860095161808,0.2948461475618211,5.511211464187743,0.0,0.0,0.0,nan,nan,nan,nan,nan,nan,0.0,0.0,-0.05000000074505806,0.0,0.0,1,ROW_FOLLOW,WAITING_FOR_CENTERLINE,0.0,0.0,0.0,0.0,0.0,0.0,0.0,0.0,0.0,2.0,0.0,0.0,0.0,0.0,0.0,0.0,0.0,0.30000001192092896,0.20000000298023224,0.20000000298023224,0.15000000596046448,0.15000000596046448,1.0,1.0,1.0,1.0
complex_fixed_v018_r3,closed_loop,complex,full,1,0.18,False,25.020758845,1785051154.185142,4.287322756335325,0.01399341353845659,0.06937621684638764,0.14661575823759604,0.28342158515845267,5.52627752683977,0.0,0.0,0.0,nan,nan,nan,nan,nan,nan,0.0,0.0,-0.05000000074505806,0.0,0.0,1,ROW_FOLLOW,WAITING_FOR_CENTERLINE,0.0,0.0,0.0,0.0,0.0,0.0,0.0,0.0,0.0,3.0,0.0,0.0,0.0,0.0,0.0,0.0,0.0,0.30000001192092896,0.20000000298023224,0.20000000298023224,0.15000000596046448,0.15000000596046448,1.0,1.0,1.0,1.0
complex_fixed_v018_r3,closed_loop,complex,full,1,0.18,False,25.070495391,1785051154.2348788,4.292303806913148,0.014967836686395158,0.08497675803682726,0.11957321461497213,0.27249945594082575,5.534102053648569,0.0,0.0,0.0,nan,nan,nan,nan,nan,nan,0.0,0.0,-0.05000000074505806,0.0,0.0,1,ROW_FOLLOW,WAITING_FOR_CENTERLINE,0.0,0.0,0.0,0.0,0.0,0.0,0.0,0.0,0.0,3.0,0.0,0.0,0.0,0.0,0.0,0.0,0.0,0.30000001192092896,0.20000000298023224,0.20000000298023224,0.15000000596046448,0.15000000596046448,1.0,1.0,1.0,1.0
complex_fixed_v018_r3,closed_loop,complex,full,1,0.18,False,25.120795442,1785051154.2851787,4.297615711338179,0.015605534054354104,0.09496062383864774,0.11668324788810054,0.22417417327727546,5.539539253963628,0.0,0.0,0.0,nan,nan,nan,nan,nan,nan,0.0,0.0,-0.05000000074505806,0.0,0.0,1,ROW_FOLLOW,WAITING_FOR_CENTERLINE,0.0,0.0,0.0,0.0,0.0,0.0,0.0,0.0,0.0,4.0,0.0,0.0,0.0,0.0,0.0,0.0,0.0,0.30000001192092896,0.20000000298023224,0.20000000298023224,0.15000000596046448,0.15000000596046448,1.0,1.0,1.0,1.0
complex_fixed_v018_r3,closed_loop,complex,full,1,0.18,False,25.170668152,1785051154.3350515,4.3023914766836455,0.016343030207488007,0.10537072056186551,0.10934519062449534,0.19628342679063343,5.544506110474883,0.0,0.0,0.0,nan,nan,nan,nan,nan,nan,0.0,0.0,-0.05000000074505806,0.0,0.0,1,ROW_FOLLOW,WAITING_FOR_CENTERLINE,0.0,0.0,0.0,0.0,0.0,0.0,0.0,0.0,0.0,4.0,0.0,0.0,0.0,0.0,0.0,0.0,0.0,0.30000001192092896,0.20000000298023224,0.20000000298023224,0.15000000596046448,0.15000000596046448,1.0,1.0,1.0,1.0
complex_fixed_v018_r3,closed_loop,complex,full,1,0.18,False,25.220789094,1785051154.3851724,4.301521507227352,0.016430655608630447,0.11270225227979935,0.10136178356694049,0.15854537518726133,5.5454803213402855,0.0,0.0,0.0,nan,nan,nan,nan,nan,nan,0.0,0.0,-0.05000000074505806,0.0,0.0,1,ROW_FOLLOW,WAITING_FOR_CENTERLINE,0.0,0.0,0.0,0.0,0.0,0.0,0.0,0.0,0.0,5.0,0.0,0.0,0.0,0.0,0.0,0.0,0.0,0.30000001192092896,0.20000000298023224,0.20000000298023224,0.15000000596046448,0.15000000596046448,1.0,1.0,1.0,1.0
complex_fixed_v018_r3,closed_loop,complex,full,1,0.18,False,25.270473671,1785051154.434857,4.308965499657422,0.006620730271182867,0.11878350973229383,0.073877504353053,0.09778787132975915,5.5600789676005995,0.0,0.0,0.0,nan,nan,nan,nan,nan,nan,0.0,0.0,-0.05000000074505806,0.0,0.0,1,ROW_FOLLOW,WAITING_FOR_CENTERLINE,0.0,0.0,0.0,0.0,0.0,0.0,0.0,0.0,0.0,5.0,0.0,0.0,0.0,0.0,0.0,0.0,0.0,0.30000001192092896,0.20000000298023224,0.20000000298023224,0.15000000596046448,0.15000000596046448,1.0,1.0,1.0,1.0
complex_fixed_v018_r3,closed_loop,complex,full,1,0.18,False,25.320688119,1785051154.4850714,4.309702240897558,0.010725152405614316,0.1238016979212891,0.06478329654755444,0.1374324218298462,5.567946838576532,0.0,0.0,0.0,nan,nan,nan,nan,nan,nan,0.0,0.0,-0.05000000074505806,0.0,0.0,0,ROW_FOLLOW,WAITING_FOR_CENTERLINE,0.0,0.0,0.0,0.0,0.0,0.0,0.0,0.0,0.0,0.0,0.0,0.0,0.0,0.0,0.0,0.0,0.0,0.30000001192092896,0.20000000298023224,0.20000000298023224,0.15000000596046448,0.15000000596046448,1.0,1.0,1.0,1.0
complex_fixed_v018_r3,closed_loop,complex,full,1,0.18,False,25.371354069,1785051154.5357373,4.311959858546554,0.011083345328027348,0.12718819252672156,0.062426779632576423,0.08267835935272877,5.5702553738476634,0.0,0.0,0.0,nan,nan,nan,nan,nan,nan,0.0,0.0,-0.05000000074505806,0.0,0.0,0,ROW_FOLLOW,WAITING_FOR_CENTERLINE,0.0,0.0,0.0,0.0,0.0,0.0,0.0,0.0,0.0,0.0,0.0,0.0,0.0,0.0,0.0,0.0,0.0,0.30000001192092896,0.20000000298023224,0.20000000298023224,0.15000000596046448,0.15000000596046448,1.0,1.0,1.0,1.0
complex_fixed_v018_r3,closed_loop,complex,full,1,0.18,False,25.420887889,1785051154.5852714,4.311660476094003,0.011113914951477549,0.13221646313247076,0.05693099751894169,0.06984015302325461,5.570594347045742,0.0,0.0,0.0,nan,nan,nan,nan,nan,nan,0.0,0.0,-0.05000000074505806,0.0,0.0,0,ROW_FOLLOW,WAITING_FOR_CENTERLINE,0.0,0.0,0.0,0.0,0.0,0.0,0.0,0.0,0.0,1.0,0.0,0.0,0.0,0.0,0.0,0.0,0.0,0.30000001192092896,0.20000000298023224,0.20000000298023224,0.15000000596046448,0.15000000596046448,1.0,1.0,1.0,1.0
complex_fixed_v018_r3,closed_loop,complex,full,1,0.18,False,25.470833338,1785051154.6352167,4.323511561930506,0.011783918524547963,0.13627260632161864,0.05371617356268408,0.07091005570042844,5.582496963236112,0.0,0.0,0.0,nan,nan,nan,nan,nan,nan,0.0,0.0,-0.05000000074505806,0.0,0.0,0,ROW_FOLLOW,WAITING_FOR_CENTERLINE,0.0,0.0,0.0,0.0,0.0,0.0,0.0,0.0,0.0,1.0,0.0,0.0,0.0,0.0,0.0,0.0,0.0,0.30000001192092896,0.20000000298023224,0.20000000298023224,0.15000000596046448,0.15000000596046448,1.0,1.0,1.0,1.0
complex_fixed_v018_r3,closed_loop,complex,full,1,0.18,False,25.520735169,1785051154.6851184,4.325031677301742,0.012016251865200304,0.13782985062833214,0.04660213466498786,0.019350195226448576,5.584042944355098,0.0,0.0,0.0,nan,nan,nan,nan,nan,nan,0.0,0.0,-0.05000000074505806,0.0,0.0,0,ROW_FOLLOW,WAITING_FOR_CENTERLINE,0.0,0.0,0.0,0.0,0.0,0.0,0.0,0.0,0.0,2.0,0.0,0.0,0.0,0.0,0.0,0.0,0.0,0.30000001192092896,0.20000000298023224,0.20000000298023224,0.15000000596046448,0.15000000596046448,1.0,1.0,1.0,1.0
complex_fixed_v018_r3,closed_loop,complex,full,1,0.18,False,25.572081779,1785051154.7364652,4.335402725694753,0.016219773965669242,0.14098852319749744,0.05723821089064554,0.08233394302070418,5.5952841514651,0.0,0.0,0.0,nan,nan,nan,nan,nan,nan,0.0,0.0,-0.05000000074505806,0.0,0.0,0,ROW_FOLLOW,WAITING_FOR_CENTERLINE,0.0,0.0,0.0,0.0,0.0,0.0,0.0,0.0,0.0,2.0,0.0,0.0,0.0,0.0,0.0,0.0,0.0,0.30000001192092896,0.20000000298023224,0.20000000298023224,0.15000000596046448,0.15000000596046448,1.0,1.0,1.0,1.0
complex_fixed_v018_r3,closed_loop,complex,full,1,0.18,False,25.620743317,1785051154.7851267,4.342537296515803,0.016371638018510305,0.144835571331388,0.06130147494344159,0.08661935215577714,5.602433705719587,0.0,0.0,0.0,nan,nan,nan,nan,nan,nan,0.0,0.0,-0.05000000074505806,0.0,0.0,0,ROW_FOLLOW,WAITING_FOR_CENTERLINE,0.0,0.0,0.0,0.0,0.0,0.0,0.0,0.0,0.0,3.0,0.0,0.0,0.0,0.0,0.0,0.0,0.0,0.30000001192092896,0.20000000298023224,0.20000000298023224,0.15000000596046448,0.15000000596046448,1.0,1.0,1.0,1.0
complex_fixed_v018_r3,closed_loop,complex,full,1,0.18,False,25.674291593,1785051154.838675,4.343439483931237,0.016510367772888432,0.14632191376399334,0.059279082311487534,0.027188511338750825,5.603347923849178,0.0,0.0,0.0,nan,nan,nan,nan,nan,nan,0.0,0.0,-0.05000000074505806,0.0,0.0,0,ROW_FOLLOW,WAITING_FOR_CENTERLINE,0.0,0.0,0.0,0.0,0.0,0.0,0.0,0.0,0.0,3.0,0.0,0.0,0.0,0.0,0.0,0.0,0.0,0.30000001192092896,0.20000000298023224,0.20000000298023224,0.15000000596046448,0.15000000596046448,1.0,1.0,1.0,1.0
complex_fixed_v018_r3,closed_loop,complex,full,1,0.18,False,25.720676616,1785051154.8850598,4.350121497277157,0.016964014996237006,0.14985696543003038,0.05543003983628375,0.05458474628600342,5.610052102943757,0.0,0.0,0.0,nan,nan,nan,nan,nan,nan,0.0,0.0,-0.05000000074505806,0.0,0.0,0,ROW_FOLLOW,WAITING_FOR_CENTERLINE,0.0,0.0,0.0,0.0,0.0,0.0,0.0,0.0,0.0,4.0,0.0,0.0,0.0,0.0,0.0,0.0,0.0,0.30000001192092896,0.20000000298023224,0.20000000298023224,0.15000000596046448,0.15000000596046448,1.0,1.0,1.0,1.0
complex_fixed_v018_r3,closed_loop,complex,full,1,0.18,False,25.770950554,1785051154.935334,4.35049350628283,0.017027728706805814,0.15272503457649783,0.0406839547205764,0.030236909970839707,5.610433644391238,0.0,0.0,0.0,nan,nan,nan,nan,nan,nan,0.0,0.0,-0.05000000074505806,0.0,0.0,0,ROW_FOLLOW,WAITING_FOR_CENTERLINE,0.0,0.0,0.0,0.0,0.0,0.0,0.0,0.0,0.0,4.0,0.0,0.0,0.0,0.0,0.0,0.0,0.0,0.30000001192092896,0.20000000298023224,0.20000000298023224,0.15000000596046448,0.15000000596046448,1.0,1.0,1.0,1.0
complex_fixed_v018_r3,closed_loop,complex,full,1,0.18,False,25.820887842,1785051154.985271,4.3504363136811905,0.017023250873382422,0.1542411415727783,0.02980257780627865,0.04613880720306538,5.610493464631464,0.0,0.0,0.0,nan,nan,nan,nan,nan,nan,0.0,0.0,-0.05000000074505806,0.0,0.0,1,ROW_FOLLOW,WAITING_FOR_CENTERLINE,0.0,0.0,0.0,0.0,0.0,0.0,0.0,0.0,0.0,5.0,0.0,0.0,0.0,0.0,0.0,0.0,0.0,0.30000001192092896,0.20000000298023224,0.20000000298023224,0.15000000596046448,0.15000000596046448,1.0,1.0,1.0,1.0
complex_fixed_v018_r3,closed_loop,complex,full,1,0.18,False,25.874130796,1785051155.0385141,4.350264152129491,0.01699890478499317,0.15526250806405525,0.027274529646442402,0.04094329607600493,5.610669045103249,0.0,0.0,0.0,nan,nan,nan,nan,nan,nan,0.0,0.0,-0.05000000074505806,0.0,0.0,1,ROW_FOLLOW,WAITING_FOR_CENTERLINE,0.0,0.0,0.0,0.0,0.0,0.0,0.0,0.0,0.0,5.0,0.0,0.0,0.0,0.0,0.0,0.0,0.0,0.30000001192092896,0.20000000298023224,0.20000000298023224,0.15000000596046448,0.15000000596046448,1.0,1.0,1.0,1.0
complex_fixed_v018_r3,closed_loop,complex,full,1,0.18,False,25.920730674,1785051155.0851138,4.363468248949787,0.0199887387495035,0.15573581747233206,0.023424974570211386,0.0027177174879128127,5.624700218383171,0.0,0.0,0.0,nan,nan,nan,nan,nan,nan,0.0,0.0,-0.05000000074505806,0.0,0.0,0,ROW_FOLLOW,WAITING_FOR_CENTERLINE,0.0,0.0,0.0,0.0,0.0,0.0,0.0,0.0,0.0,0.0,0.0,0.0,0.0,0.0,0.0,0.0,0.0,0.30000001192092896,0.20000000298023224,0.20000000298023224,0.15000000596046448,0.15000000596046448,1.0,1.0,1.0,1.0
complex_fixed_v018_r3,closed_loop,complex,full,1,0.18,False,25.971782588,1785051155.1361659,4.363468248949787,0.0199887387495035,0.15574979266802869,0.03770183867319478,0.0019628916164859535,5.624700218383171,0.0,0.0,0.0,nan,nan,nan,nan,nan,nan,0.0,0.0,-0.05000000074505806,0.0,0.0,0,ROW_FOLLOW,WAITING_FOR_CENTERLINE,0.0,0.0,0.0,0.0,0.0,0.0,0.0,0.0,0.0,0.0,0.0,0.0,0.0,0.0,0.0,0.0,0.0,0.30000001192092896,0.20000000298023224,0.20000000298023224,0.15000000596046448,0.15000000596046448,1.0,1.0,1.0,1.0
complex_fixed_v018_r3,closed_loop,complex,full,1,0.18,False,26.020756936,1785051155.1851401,4.363146944811174,0.02010507389527741,0.15574352710077033,0.028927241876709413,0.0014254280827918856,5.625041934955249,0.0,0.0,0.0,nan,nan,nan,nan,nan,nan,0.0,0.0,-0.05000000074505806,0.0,0.0,0,ROW_FOLLOW,WAITING_FOR_CENTERLINE,0.0,0.0,0.0,0.0,0.0,0.0,0.0,0.0,0.0,1.0,0.0,0.0,0.0,0.0,0.0,0.0,0.0,0.30000001192092896,0.20000000298023224,0.20000000298023224,0.15000000596046448,0.15000000596046448,1.0,1.0,1.0,1.0
complex_fixed_v018_r3,closed_loop,complex,full,1,0.18,False,26.070517867,1785051155.2349012,4.362935410571442,0.019770339732715914,0.15578004920467411,0.02006463776159591,0.001172926791277219,5.625437906790314,0.0,0.0,0.0,nan,nan,nan,nan,nan,nan,0.0,0.0,-0.05000000074505806,0.0,0.0,0,ROW_FOLLOW,WAITING_FOR_CENTERLINE,0.0,0.0,0.0,0.0,0.0,0.0,0.0,0.0,0.0,1.0,0.0,0.0,0.0,0.0,0.0,0.0,0.0,0.30000001192092896,0.20000000298023224,0.20000000298023224,0.15000000596046448,0.15000000596046448,1.0,1.0,1.0,1.0
complex_fixed_v018_r3,closed_loop,complex,full,1,0.18,False,26.120739644,1785051155.2851229,4.362935410571442,0.019770339732715914,0.15577978488495775,0.013841564269794004,0.0005815774764011048,5.625437906790314,0.0,0.0,0.0,nan,nan,nan,nan,nan,nan,0.0,0.0,-0.05000000074505806,0.0,0.0,0,ROW_FOLLOW,WAITING_FOR_CENTERLINE,0.0,0.0,0.0,0.0,0.0,0.0,0.0,0.0,0.0,2.0,0.0,0.0,0.0,0.0,0.0,0.0,0.0,0.30000001192092896,0.20000000298023224,0.20000000298023224,0.15000000596046448,0.15000000596046448,1.0,1.0,1.0,1.0
complex_fixed_v018_r3,closed_loop,complex,full,1,0.18,False,26.170432477,1785051155.3348157,4.362935410571442,0.019770339732715914,0.1557879077023205,0.007217605393016609,0.0015233434851299012,5.625437906790314,0.0,0.0,0.0,nan,nan,nan,nan,nan,nan,0.0,0.0,-0.05000000074505806,0.0,0.0,0,ROW_FOLLOW,WAITING_FOR_CENTERLINE,0.0,0.0,0.0,0.0,0.0,0.0,0.0,0.0,0.0,2.0,0.0,0.0,0.0,0.0,0.0,0.0,0.0,0.30000001192092896,0.20000000298023224,0.20000000298023224,0.15000000596046448,0.15000000596046448,1.0,1.0,1.0,1.0
complex_fixed_v018_r3,closed_loop,complex,full,1,0.18,False,26.22072936,1785051155.3851125,4.362935410571442,0.019770339732715914,0.1558021849943762,0.004595919155093975,0.001286905147482636,5.625437906790314,0.0,0.0,0.0,nan,nan,nan,nan,nan,nan,0.0,0.0,-0.05000000074505806,0.0,0.0,0,ROW_FOLLOW,WAITING_FOR_CENTERLINE,0.0,0.0,0.0,0.0,0.0,0.0,0.0,0.0,0.0,3.0,0.0,0.0,0.0,0.0,0.0,0.0,0.0,0.30000001192092896,0.20000000298023224,0.20000000298023224,0.15000000596046448,0.15000000596046448,1.0,1.0,1.0,1.0
complex_fixed_v018_r3,closed_loop,complex,full,1,0.18,False,26.270992483,1785051155.435376,4.363363835554189,0.020640816721457865,0.1558051669020273,0.0035587068754379353,0.0019500044472980321,5.626408101695357,0.0,0.0,0.0,nan,nan,nan,nan,nan,nan,0.0,0.0,-0.05000000074505806,0.0,0.0,0,ROW_FOLLOW,WAITING_FOR_CENTERLINE,0.0,0.0,0.0,0.0,0.0,0.0,0.0,0.0,0.0,3.0,0.0,0.0,0.0,0.0,0.0,0.0,0.0,0.30000001192092896,0.20000000298023224,0.20000000298023224,0.15000000596046448,0.15000000596046448,1.0,1.0,1.0,1.0
complex_fixed_v018_r3,closed_loop,complex,full,1,0.18,False,26.320776455,1785051155.4851596,4.363363835554189,0.020640816721457865,0.15580744206628253,0.00063529758574576,0.0012347718142112884,5.626408101695357,0.0,0.0,0.0,nan,nan,nan,nan,nan,nan,0.0,0.0,-0.05000000074505806,0.0,0.0,0,ROW_FOLLOW,WAITING_FOR_CENTERLINE,0.0,0.0,0.0,0.0,0.0,0.0,0.0,0.0,0.0,4.0,0.0,0.0,0.0,0.0,0.0,0.0,0.0,0.30000001192092896,0.20000000298023224,0.20000000298023224,0.15000000596046448,0.15000000596046448,1.0,1.0,1.0,1.0
complex_fixed_v018_r3,closed_loop,complex,full,1,0.18,False,26.370475912,1785051155.5348592,4.360381600994121,0.02116568764552776,0.1557933205906874,-0.005609817794998804,0.0008664066326393328,5.629436172443902,0.0,0.0,0.0,nan,nan,nan,nan,nan,nan,0.0,0.0,-0.05000000074505806,0.0,0.0,0,ROW_FOLLOW,WAITING_FOR_CENTERLINE,0.0,0.0,0.0,0.0,0.0,0.0,0.0,0.0,0.0,4.0,0.0,0.0,0.0,0.0,0.0,0.0,0.0,0.30000001192092896,0.20000000298023224,0.20000000298023224,0.15000000596046448,0.15000000596046448,1.0,1.0,1.0,1.0
complex_fixed_v018_r3,closed_loop,complex,full,1,0.18,False,26.420700697,1785051155.585084,4.360381600994121,0.02116568764552776,0.15579885735441673,-0.0062755706822370545,0.0012170151626888768,5.629436172443902,0.0,0.0,0.0,nan,nan,nan,nan,nan,nan,0.0,0.0,-0.05000000074505806,0.0,0.0,1,ROW_FOLLOW,WAITING_FOR_CENTERLINE,0.0,0.0,0.0,0.0,0.0,0.0,0.0,0.0,0.0,5.0,0.0,0.0,0.0,0.0,0.0,0.0,0.0,0.30000001192092896,0.20000000298023224,0.20000000298023224,0.15000000596046448,0.15000000596046448,1.0,1.0,1.0,1.0
complex_fixed_v018_r3,closed_loop,complex,full,1,0.18,False,26.470982732,1785051155.6353662,4.36164274958389,0.020509739918202232,0.15577120518147408,0.0,0.0008817840406203848,5.630857707946961,0.0,0.0,0.0,nan,nan,nan,nan,nan,nan,0.0,0.0,-0.05000000074505806,0.0,0.0,1,ROW_FOLLOW,WAITING_FOR_CENTERLINE,0.0,0.0,0.0,0.0,0.0,0.0,0.0,0.0,0.0,5.0,0.0,0.0,0.0,0.0,0.0,0.0,0.0,0.30000001192092896,0.20000000298023224,0.20000000298023224,0.15000000596046448,0.15000000596046448,1.0,1.0,1.0,1.0
complex_fixed_v018_r3,closed_loop,complex,full,1,0.18,False,26.520575466,1785051155.6849587,4.36164274958389,0.020509739918202232,0.15574937823801133,0.0,0.0005833405861040282,5.630857707946961,0.0,0.0,0.0,nan,nan,nan,nan,nan,nan,0.0,0.0,-0.05000000074505806,0.0,0.0,0,ROW_FOLLOW,WAITING_FOR_CENTERLINE,0.0,0.0,0.0,0.0,0.0,0.0,0.0,0.0,0.0,0.0,0.0,0.0,0.0,0.0,0.0,0.0,0.0,0.30000001192092896,0.20000000298023224,0.20000000298023224,0.15000000596046448,0.15000000596046448,1.0,1.0,1.0,1.0
complex_fixed_v018_r3,closed_loop,complex,full,1,0.18,False,26.570949056,1785051155.7353323,4.36164274958389,0.020509739918202232,0.1557378970720973,0.0,0.0012302490296050971,5.630857707946961,0.0,0.0,0.0,nan,nan,nan,nan,nan,nan,0.0,0.0,-0.05000000074505806,0.0,0.0,0,ROW_FOLLOW,WAITING_FOR_CENTERLINE,0.0,0.0,0.0,0.0,0.0,0.0,0.0,0.0,0.0,0.0,0.0,0.0,0.0,0.0,0.0,0.0,0.0,0.30000001192092896,0.20000000298023224,0.20000000298023224,0.15000000596046448,0.15000000596046448,1.0,1.0,1.0,1.0
complex_fixed_v018_r3,closed_loop,complex,full,1,0.18,False,26.621037293,1785051155.7854207,4.36164274958389,0.020509739918202232,0.15574905968426303,0.0,0.0007814787691739549,5.630857707946961,0.0,0.0,0.0,nan,nan,nan,nan,nan,nan,0.0,0.0,-0.05000000074505806,0.0,0.0,0,ROW_FOLLOW,WAITING_FOR_CENTERLINE,0.0,0.0,0.0,0.0,0.0,0.0,0.0,0.0,0.0,1.0,0.0,0.0,0.0,0.0,0.0,0.0,0.0,0.30000001192092896,0.20000000298023224,0.20000000298023224,0.15000000596046448,0.15000000596046448,1.0,1.0,1.0,1.0
complex_fixed_v018_r3,closed_loop,complex,full,1,0.18,False,26.670736302,1785051155.8351197,4.36164274958389,0.020509739918202232,0.15574039478396934,0.0,0.0008657561977895014,5.630857707946961,0.0,0.0,0.0,nan,nan,nan,nan,nan,nan,0.0,0.0,-0.05000000074505806,0.0,0.0,0,ROW_FOLLOW,WAITING_FOR_CENTERLINE,0.0,0.0,0.0,0.0,0.0,0.0,0.0,0.0,0.0,1.0,0.0,0.0,0.0,0.0,0.0,0.0,0.0,0.30000001192092896,0.20000000298023224,0.20000000298023224,0.15000000596046448,0.15000000596046448,1.0,1.0,1.0,1.0
complex_fixed_v018_r3,closed_loop,complex,full,1,0.18,False,26.720795643,1785051155.8851788,4.36164274958389,0.020509739918202232,0.1557393036321147,0.0,0.0013156123592287055,5.630857707946961,0.0,0.0,0.0,nan,nan,nan,nan,nan,nan,0.0,0.0,-0.05000000074505806,0.0,0.0,0,ROW_FOLLOW,WAITING_FOR_CENTERLINE,0.0,0.0,0.0,0.0,0.0,0.0,0.0,0.0,0.0,2.0,0.0,0.0,0.0,0.0,0.0,0.0,0.0,0.30000001192092896,0.20000000298023224,0.20000000298023224,0.15000000596046448,0.15000000596046448,1.0,1.0,1.0,1.0
complex_fixed_v018_r3,closed_loop,complex,full,1,0.18,False,26.771438968,1785051155.9358222,4.36164274958389,0.020509739918202232,0.1557450077963618,0.0,0.001475274430899059,5.630857707946961,0.0,0.0,0.0,nan,nan,nan,nan,nan,nan,0.0,0.0,-0.05000000074505806,0.0,0.0,0,ROW_FOLLOW,WAITING_FOR_CENTERLINE,0.0,0.0,0.0,0.0,0.0,0.0,0.0,0.0,0.0,2.0,0.0,0.0,0.0,0.0,0.0,0.0,0.0,0.30000001192092896,0.20000000298023224,0.20000000298023224,0.15000000596046448,0.15000000596046448,1.0,1.0,1.0,1.0
complex_fixed_v018_r3,closed_loop,complex,full,1,0.18,False,26.82069262,1785051155.985076,4.36164274958389,0.020509739918202232,0.1557375005343368,0.0,0.00044693455239898036,5.630857707946961,0.0,0.0,0.0,nan,nan,nan,nan,nan,nan,0.0,0.0,-0.05000000074505806,0.0,0.0,0,ROW_FOLLOW,WAITING_FOR_CENTERLINE,0.0,0.0,0.0,0.0,0.0,0.0,0.0,0.0,0.0,3.0,0.0,0.0,0.0,0.0,0.0,0.0,0.0,0.30000001192092896,0.20000000298023224,0.20000000298023224,0.15000000596046448,0.15000000596046448,1.0,1.0,1.0,1.0
complex_fixed_v018_r3,closed_loop,complex,full,1,0.18,False,26.871027649,1785051156.035411,4.36164274958389,0.020509739918202232,0.1557361792321226,0.0,0.0010482298466830827,5.630857707946961,0.0,0.0,0.0,nan,nan,nan,nan,nan,nan,0.0,0.0,-0.05000000074505806,0.0,0.0,0,ROW_FOLLOW,WAITING_FOR_CENTERLINE,0.0,0.0,0.0,0.0,0.0,0.0,0.0,0.0,0.0,3.0,0.0,0.0,0.0,0.0,0.0,0.0,0.0,0.30000001192092896,0.20000000298023224,0.20000000298023224,0.15000000596046448,0.15000000596046448,1.0,1.0,1.0,1.0
complex_fixed_v018_r3,closed_loop,complex,full,1,0.18,False,26.920775812,1785051156.085159,4.36164274958389,0.020509739918202232,0.15573512593949293,0.0,0.0015975757857760562,5.630857707946961,0.0,0.0,0.0,nan,nan,nan,nan,nan,nan,0.0,0.0,-0.05000000074505806,0.0,0.0,0,ROW_FOLLOW,WAITING_FOR_CENTERLINE,0.0,0.0,0.0,0.0,0.0,0.0,0.0,0.0,0.0,4.0,0.0,0.0,0.0,0.0,0.0,0.0,0.0,0.30000001192092896,0.20000000298023224,0.20000000298023224,0.15000000596046448,0.15000000596046448,1.0,1.0,1.0,1.0
complex_fixed_v018_r3,closed_loop,complex,full,1,0.18,False,26.970777775,1785051156.1351612,4.36164274958389,0.020509739918202232,0.15574039512593263,0.0,0.0018175675690672388,5.630857707946961,0.0,0.0,0.0,nan,nan,nan,nan,nan,nan,0.0,0.0,-0.05000000074505806,0.0,0.0,0,ROW_FOLLOW,WAITING_FOR_CENTERLINE,0.0,0.0,0.0,0.0,0.0,0.0,0.0,0.0,0.0,4.0,0.0,0.0,0.0,0.0,0.0,0.0,0.0,0.30000001192092896,0.20000000298023224,0.20000000298023224,0.15000000596046448,0.15000000596046448,1.0,1.0,1.0,1.0
complex_fixed_v018_r3,closed_loop,complex,full,1,0.18,False,27.020919294,1785051156.1853025,4.36164274958389,0.020509739918202232,0.15572618645395941,0.0,0.0011652639792692947,5.630857707946961,0.0,0.0,0.0,nan,nan,nan,nan,nan,nan,0.0,0.0,-0.05000000074505806,0.0,0.0,1,ROW_FOLLOW,WAITING_FOR_CENTERLINE,0.0,0.0,0.0,0.0,0.0,0.0,0.0,0.0,0.0,5.0,0.0,0.0,0.0,0.0,0.0,0.0,0.0,0.30000001192092896,0.20000000298023224,0.20000000298023224,0.15000000596046448,0.15000000596046448,1.0,1.0,1.0,1.0
complex_fixed_v018_r3,closed_loop,complex,full,1,0.18,False,27.070462011,1785051156.2348452,4.36164274958389,0.020509739918202232,0.15571132488367176,0.0,0.0013347979019305985,5.630857707946961,0.0,0.0,0.0,nan,nan,nan,nan,nan,nan,0.0,0.0,-0.05000000074505806,0.0,0.0,1,ROW_FOLLOW,WAITING_FOR_CENTERLINE,0.0,0.0,0.0,0.0,0.0,0.0,0.0,0.0,0.0,5.0,0.0,0.0,0.0,0.0,0.0,0.0,0.0,0.30000001192092896,0.20000000298023224,0.20000000298023224,0.15000000596046448,0.15000000596046448,1.0,1.0,1.0,1.0
complex_fixed_v018_r3,closed_loop,complex,full,1,0.18,False,27.120530152,1785051156.2849133,4.36164274958389,0.020509739918202232,0.1556893838485984,0.0,0.0008496752819085716,5.630857707946961,0.0,0.0,0.0,nan,nan,nan,nan,nan,nan,0.0,0.0,-0.05000000074505806,0.0,0.0,0,ROW_FOLLOW,WAITING_FOR_CENTERLINE,0.0,0.0,0.0,0.0,0.0,0.0,0.0,0.0,0.0,0.0,0.0,0.0,0.0,0.0,0.0,0.0,0.0,0.30000001192092896,0.20000000298023224,0.20000000298023224,0.15000000596046448,0.15000000596046448,1.0,1.0,1.0,1.0
complex_fixed_v018_r3,closed_loop,complex,full,1,0.18,False,27.170520178,1785051156.3349035,4.36164274958389,0.020509739918202232,0.15570747299972296,0.0,0.0007126761357737854,5.630857707946961,0.0,0.0,0.0,nan,nan,nan,nan,nan,nan,0.0,0.0,-0.05000000074505806,0.0,0.0,0,ROW_FOLLOW,WAITING_FOR_CENTERLINE,0.0,0.0,0.0,0.0,0.0,0.0,0.0,0.0,0.0,0.0,0.0,0.0,0.0,0.0,0.0,0.0,0.0,0.30000001192092896,0.20000000298023224,0.20000000298023224,0.15000000596046448,0.15000000596046448,1.0,1.0,1.0,1.0
complex_fixed_v018_r3,closed_loop,complex,full,1,0.18,False,27.220641377,1785051156.3850248,4.36164274958389,0.020509739918202232,0.1557037008723321,0.0,0.0007508684358917576,5.630857707946961,0.0,0.0,0.0,nan,nan,nan,nan,nan,nan,0.0,0.0,-0.05000000074505806,0.0,0.0,0,ROW_FOLLOW,WAITING_FOR_CENTERLINE,0.0,0.0,0.0,0.0,0.0,0.0,0.0,0.0,0.0,1.0,0.0,0.0,0.0,0.0,0.0,0.0,0.0,0.30000001192092896,0.20000000298023224,0.20000000298023224,0.15000000596046448,0.15000000596046448,1.0,1.0,1.0,1.0
complex_fixed_v018_r3,closed_loop,complex,full,1,0.18,False,27.271663626,1785051156.4360468,4.36164274958389,0.020509739918202232,0.15570387882134323,0.0,0.001626733222541268,5.630857707946961,0.0,0.0,0.0,nan,nan,nan,nan,nan,nan,0.0,0.0,-0.05000000074505806,0.0,0.0,0,ROW_FOLLOW,WAITING_FOR_CENTERLINE,0.0,0.0,0.0,0.0,0.0,0.0,0.0,0.0,0.0,1.0,0.0,0.0,0.0,0.0,0.0,0.0,0.0,0.30000001192092896,0.20000000298023224,0.20000000298023224,0.15000000596046448,0.15000000596046448,1.0,1.0,1.0,1.0
complex_fixed_v018_r3,closed_loop,complex,full,1,0.18,False,27.320822331,1785051156.4852054,4.36164274958389,0.020509739918202232,0.15570656571998764,0.0,0.0014045941494195717,5.630857707946961,0.0,0.0,0.0,nan,nan,nan,nan,nan,nan,0.0,0.0,-0.05000000074505806,0.0,0.0,0,ROW_FOLLOW,WAITING_FOR_CENTERLINE,0.0,0.0,0.0,0.0,0.0,0.0,0.0,0.0,0.0,2.0,0.0,0.0,0.0,0.0,0.0,0.0,0.0,0.30000001192092896,0.20000000298023224,0.20000000298023224,0.15000000596046448,0.15000000596046448,1.0,1.0,1.0,1.0
complex_fixed_v018_r3,closed_loop,complex,full,1,0.18,False,27.370737892,1785051156.5351212,4.36164274958389,0.020509739918202232,0.15572799153541486,0.0,0.001684221163725021,5.630857707946961,0.0,0.0,0.0,nan,nan,nan,nan,nan,nan,0.0,0.0,-0.05000000074505806,0.0,0.0,0,ROW_FOLLOW,WAITING_FOR_CENTERLINE,0.0,0.0,0.0,0.0,0.0,0.0,0.0,0.0,0.0,2.0,0.0,0.0,0.0,0.0,0.0,0.0,0.0,0.30000001192092896,0.20000000298023224,0.20000000298023224,0.15000000596046448,0.15000000596046448,1.0,1.0,1.0,1.0
complex_fixed_v018_r3,closed_loop,complex,full,1,0.18,False,27.420834737,1785051156.585218,4.36164274958389,0.020509739918202232,0.15571911805244376,0.0,0.0008381719517435723,5.630857707946961,0.0,0.0,0.0,nan,nan,nan,nan,nan,nan,0.0,0.0,-0.05000000074505806,0.0,0.0,0,ROW_FOLLOW,WAITING_FOR_CENTERLINE,0.0,0.0,0.0,0.0,0.0,0.0,0.0,0.0,0.0,3.0,0.0,0.0,0.0,0.0,0.0,0.0,0.0,0.30000001192092896,0.20000000298023224,0.20000000298023224,0.15000000596046448,0.15000000596046448,1.0,1.0,1.0,1.0
complex_fixed_v018_r3,closed_loop,complex,full,1,0.18,False,27.471836378,1785051156.6362197,4.36164274958389,0.020509739918202232,0.1557348060870432,0.0,0.001708539554139203,5.630857707946961,0.0,0.0,0.0,nan,nan,nan,nan,nan,nan,0.0,0.0,-0.05000000074505806,0.0,0.0,0,ROW_FOLLOW,WAITING_FOR_CENTERLINE,0.0,0.0,0.0,0.0,0.0,0.0,0.0,0.0,0.0,3.0,0.0,0.0,0.0,0.0,0.0,0.0,0.0,0.30000001192092896,0.20000000298023224,0.20000000298023224,0.15000000596046448,0.15000000596046448,1.0,1.0,1.0,1.0
complex_fixed_v018_r3,closed_loop,complex,full,1,0.18,False,27.520856199,1785051156.6852396,4.36164274958389,0.020509739918202232,0.1557382313347584,0.0,0.0008270326166468097,5.630857707946961,0.0,0.0,0.0,nan,nan,nan,nan,nan,nan,0.0,0.0,-0.05000000074505806,0.0,0.0,0,ROW_FOLLOW,WAITING_FOR_CENTERLINE,0.0,0.0,0.0,0.0,0.0,0.0,0.0,0.0,0.0,4.0,0.0,0.0,0.0,0.0,0.0,0.0,0.0,0.30000001192092896,0.20000000298023224,0.20000000298023224,0.15000000596046448,0.15000000596046448,1.0,1.0,1.0,1.0
complex_fixed_v018_r3,closed_loop,complex,full,1,0.18,False,27.571895441,1785051156.7362788,4.36164274958389,0.020509739918202232,0.15574322811405314,0.0,0.001045550538240244,5.630857707946961,0.0,0.0,0.0,nan,nan,nan,nan,nan,nan,0.0,0.0,-0.05000000074505806,0.0,0.0,0,ROW_FOLLOW,WAITING_FOR_CENTERLINE,0.0,0.0,0.0,0.0,0.0,0.0,0.0,0.0,0.0,4.0,0.0,0.0,0.0,0.0,0.0,0.0,0.0,0.30000001192092896,0.20000000298023224,0.20000000298023224,0.15000000596046448,0.15000000596046448,1.0,1.0,1.0,1.0
complex_fixed_v018_r3,closed_loop,complex,full,1,0.18,False,27.620843644,1785051156.785227,4.36164274958389,0.020509739918202232,0.15574929055138267,0.0,0.0015201292049502099,5.630857707946961,0.0,0.0,0.0,nan,nan,nan,nan,nan,nan,0.0,0.0,-0.05000000074505806,0.0,0.0,1,ROW_FOLLOW,WAITING_FOR_CENTERLINE,0.0,0.0,0.0,0.0,0.0,0.0,0.0,0.0,0.0,5.0,0.0,0.0,0.0,0.0,0.0,0.0,0.0,0.30000001192092896,0.20000000298023224,0.20000000298023224,0.15000000596046448,0.15000000596046448,1.0,1.0,1.0,1.0
complex_fixed_v018_r3,closed_loop,complex,full,1,0.18,False,27.670633377,1785051156.8350167,4.36164274958389,0.020509739918202232,0.15573838245886942,0.0,0.0012160939403566531,5.630857707946961,0.0,0.0,0.0,nan,nan,nan,nan,nan,nan,0.0,0.0,-0.05000000074505806,0.0,0.0,1,ROW_FOLLOW,WAITING_FOR_CENTERLINE,0.0,0.0,0.0,0.0,0.0,0.0,0.0,0.0,0.0,5.0,0.0,0.0,0.0,0.0,0.0,0.0,0.0,0.30000001192092896,0.20000000298023224,0.20000000298023224,0.15000000596046448,0.15000000596046448,1.0,1.0,1.0,1.0
complex_fixed_v018_r3,closed_loop,complex,full,1,0.18,False,27.720735823,1785051156.8851192,4.36164274958389,0.020509739918202232,0.15574250591949168,0.0,0.0015846474494501488,5.630857707946961,0.0,0.0,0.0,nan,nan,nan,nan,nan,nan,0.0,0.0,-0.05000000074505806,0.0,0.0,0,ROW_FOLLOW,WAITING_FOR_CENTERLINE,0.0,0.0,0.0,0.0,0.0,0.0,0.0,0.0,0.0,0.0,0.0,0.0,0.0,0.0,0.0,0.0,0.0,0.30000001192092896,0.20000000298023224,0.20000000298023224,0.15000000596046448,0.15000000596046448,1.0,1.0,1.0,1.0
complex_fixed_v018_r3,closed_loop,complex,full,1,0.18,False,27.770653623,1785051156.935037,4.36164274958389,0.020509739918202232,0.15574761088193648,0.0,0.0006997720714957078,5.630857707946961,0.0,0.0,0.0,nan,nan,nan,nan,nan,nan,0.0,0.0,-0.05000000074505806,0.0,0.0,0,ROW_FOLLOW,WAITING_FOR_CENTERLINE,0.0,0.0,0.0,0.0,0.0,0.0,0.0,0.0,0.0,0.0,0.0,0.0,0.0,0.0,0.0,0.0,0.0,0.30000001192092896,0.20000000298023224,0.20000000298023224,0.15000000596046448,0.15000000596046448,1.0,1.0,1.0,1.0
complex_fixed_v018_r3,closed_loop,complex,full,1,0.18,False,27.82086228,1785051156.9852457,4.36164274958389,0.020509739918202232,0.15572944369285802,0.0,0.0009336293726781008,5.630857707946961,0.0,0.0,0.0,nan,nan,nan,nan,nan,nan,0.0,0.0,-0.05000000074505806,0.0,0.0,0,ROW_FOLLOW,WAITING_FOR_CENTERLINE,0.0,0.0,0.0,0.0,0.0,0.0,0.0,0.0,0.0,1.0,0.0,0.0,0.0,0.0,0.0,0.0,0.0,0.30000001192092896,0.20000000298023224,0.20000000298023224,0.15000000596046448,0.15000000596046448,1.0,1.0,1.0,1.0
