trial_id,experiment_type,scenario,perception_method,repeat_index,nominal_speed_mps,quality_aware,time_s,ros_time_s,x_m,y_m,yaw_rad,odom_linear_mps,odom_angular_rps,travel_distance_m,cmd_linear_mps,cmd_angular_rps,path_points,path_first_x_m,path_first_y_m,path_mid_x_m,path_mid_y_m,path_last_x_m,path_last_y_m,corridor_width_m,safety_margin_m,error_budget_m,published_confidence,control_quality_factor,headland_detected,navigation_mode,navigation_safety_state,valid,left_points,right_points,row_yaw_rad,center_offset_m,left_slope,left_intercept,right_slope,right_intercept,line_lost_count,support_score,observation_score,width_score,residual_score,safety_score,observed_valid_ratio,raw_confidence,support_weight,observation_weight,width_weight,residual_weight,safety_weight,innermost_enabled,robust_enabled,temporal_enabled,parallel_enabled
complex_fixed_v018_r5,closed_loop,complex,full,1,0.18,False,3.023076917,1785051278.3166008,0.40714140044745095,0.0058921717414347685,0.01107543377406239,0.19740748459564075,-0.0029712494129107907,0.04767733830734359,0.18,-0.1531737084101077,20.0,0.3561820601871774,-0.02394057743159696,1.3661780557262935,-0.025135085011359897,2.322840861893944,-0.026268381335484103,0.5999928712844849,0.17405740916728973,0.12405741214752197,0.7275180816650391,1.0,0,ROW_FOLLOW,,1.0,87.0,99.0,-0.011953981593251228,-0.026111409068107605,0.0,0.2723325788974762,0.0,-0.3245553970336914,0.0,0.3650793433189392,0.6333332657814026,0.9834678173065186,0.9642271399497986,1.0,0.3333333432674408,0.7275180816650391,0.30000001192092896,0.20000000298023224,0.20000000298023224,0.15000000596046448,0.15000000596046448,1.0,1.0,1.0,1.0
complex_fixed_v018_r5,closed_loop,complex,full,1,0.18,False,3.072993121,1785051278.366517,0.40714148613287665,0.005884075438230734,0.010090378032373337,0.19545153833977083,-0.02465091038263635,0.04768543506418502,0.18,-0.17173346147280244,20.0,0.37758043012511516,-0.023221192712638717,1.3825772776880518,-0.021658337797046085,2.3442408590130497,-0.020078230013290975,0.600701093673706,0.17366202175617218,0.12366202473640442,0.7524831295013428,1.0,0,ROW_FOLLOW,,1.0,94.0,101.0,-0.007264993619173765,-0.02719131112098694,0.0,0.2707917094230652,0.0,-0.32517433166503906,0.0,0.4444444179534912,0.6595237255096436,0.9759381413459778,0.9470492601394653,1.0,0.380952388048172,0.7524831295013428,0.30000001192092896,0.20000000298023224,0.20000000298023224,0.15000000596046448,0.15000000596046448,1.0,1.0,1.0,1.0
complex_fixed_v018_r5,closed_loop,complex,full,1,0.18,False,3.124238645,1785051278.4177625,0.4235535499998135,0.005967842659109028,0.007572395750765185,0.1939167573003273,-0.04145081752184898,0.06414837048379629,0.18,-0.16504823123964335,21.0,0.39598996657584107,-0.023164804935907255,1.4009820205070387,-0.0194098814352284,2.416956987902636,-0.012331573432604367,0.6009365320205688,0.1727958470582962,0.12279585003852844,0.7499834299087524,1.0,0,ROW_FOLLOW,,1.0,101.0,92.0,-0.0029367092065513134,-0.02922426164150238,0.0,0.26925647258758545,0.0,-0.3277049958705902,0.0,0.4365079402923584,0.6595237255096436,0.9762665629386902,0.9458202123641968,1.0,0.380952388048172,0.7499834299087524,0.30000001192092896,0.20000000298023224,0.20000000298023224,0.15000000596046448,0.15000000596046448,1.0,1.0,1.0,1.0
complex_fixed_v018_r5,closed_loop,complex,full,1,0.18,False,3.173076512,1785051278.4666004,0.4235538073377543,0.005924073967097917,0.0057954468328254025,0.19082469229695995,-0.04051896712939645,0.0641921399365467,0.18,-0.16082295157339643,21.0,0.39598996657584107,-0.023164804935907255,1.4009820205070387,-0.0194098814352284,2.416956987902636,-0.012331573432604367,0.6009365320205688,0.1727958470582962,0.12279585003852844,0.7499834299087524,1.0,0,ROW_FOLLOW,,1.0,101.0,92.0,-0.0029367092065513134,-0.02922426164150238,0.0,0.26925647258758545,0.0,-0.3277049958705902,0.0,0.4365079402923584,0.6595237255096436,0.9762665629386902,0.9458202123641968,1.0,0.380952388048172,0.7499834299087524,0.30000001192092896,0.20000000298023224,0.20000000298023224,0.15000000596046448,0.15000000596046448,1.0,1.0,1.0,1.0
complex_fixed_v018_r5,closed_loop,complex,full,1,0.18,False,3.222713347,1785051278.5162373,0.44113246343494095,0.00743089804777162,0.0033374709334399464,0.1945587801685423,-0.01580275076571256,0.08190157945294038,0.18,-0.15878389810154903,21.0,0.4191652613819667,-0.022292804913344677,1.419157531970016,-0.018663433172034973,2.4251093962437222,-0.015712054396376646,0.6009476780891418,0.17499427497386932,0.12499427795410156,0.7565404176712036,1.0,0,ROW_FOLLOW,,1.0,113.0,114.0,-0.002043694257736206,-0.029706478118896484,0.0,0.26879799365997314,0.0,-0.3282109498977661,0.0,0.4365079402923584,0.6857142448425293,0.9785110950469971,0.951619565486908,1.0,0.4285714328289032,0.7565404176712036,0.30000001192092896,0.20000000298023224,0.20000000298023224,0.15000000596046448,0.15000000596046448,1.0,1.0,1.0,1.0
complex_fixed_v018_r5,closed_loop,complex,full,1,0.18,False,3.272787571,1785051278.5663114,0.4504201043962803,0.00742543276420777,0.0018007853241490683,0.19169985128260905,-0.05170450947592058,0.09120135609502625,0.18,-0.160199507094127,21.0,0.4191652613819667,-0.022292804913344677,1.419157531970016,-0.018663433172034973,2.4251093962437222,-0.015712054396376646,0.6009476780891418,0.17499427497386932,0.12499427795410156,0.7565404176712036,1.0,0,ROW_FOLLOW,,1.0,113.0,114.0,-0.002043694257736206,-0.029706478118896484,0.0,0.26879799365997314,0.0,-0.3282109498977661,0.0,0.4365079402923584,0.6857142448425293,0.9785110950469971,0.951619565486908,1.0,0.4285714328289032,0.7565404176712036,0.30000001192092896,0.20000000298023224,0.20000000298023224,0.15000000596046448,0.15000000596046448,1.0,1.0,1.0,1.0
complex_fixed_v018_r5,closed_loop,complex,full,1,0.18,False,3.32286602,1785051278.61639,0.45961390539590696,0.007487623158153647,-0.0018363345819292223,0.18650218933545565,-0.05861620294274215,0.1004348272116386,0.18,-0.15565805417483536,21.0,0.43385772549856955,-0.022849971805975464,1.4338501290258912,-0.019256245512490767,2.433842539312138,-0.015662520536499844,0.5979790687561035,0.16726739704608917,0.11726740002632141,0.7619520425796509,1.0,0,ROW_FOLLOW,,1.0,116.0,118.0,0.004457734990864992,-0.030473709106445312,0.0,0.26820608973503113,0.0,-0.32915350794792175,0.0,0.460317462682724,0.6857142448425293,0.9756638407707214,0.943874716758728,1.0,0.4285714328289032,0.7619520425796509,0.30000001192092896,0.20000000298023224,0.20000000298023224,0.15000000596046448,0.15000000596046448,1.0,1.0,1.0,1.0
complex_fixed_v018_r5,closed_loop,complex,full,1,0.18,False,3.373084216,1785051278.666608,0.4682990576400692,0.0074176337522757615,-0.003924570587231282,0.18517805989561803,-0.04105766673485863,0.10913773863241175,0.18,-0.15634620155291518,21.0,0.43385772549856955,-0.022849971805975464,1.4338501290258912,-0.019256245512490767,2.433842539312138,-0.015662520536499844,0.5979790687561035,0.16726739704608917,0.11726740002632141,0.7619520425796509,1.0,0,ROW_FOLLOW,,1.0,116.0,118.0,0.004457734990864992,-0.030473709106445312,0.0,0.26820608973503113,0.0,-0.32915350794792175,0.0,0.460317462682724,0.6857142448425293,0.9756638407707214,0.943874716758728,1.0,0.4285714328289032,0.7619520425796509,0.30000001192092896,0.20000000298023224,0.20000000298023224,0.15000000596046448,0.15000000596046448,1.0,1.0,1.0,1.0
complex_fixed_v018_r5,closed_loop,complex,full,1,0.18,False,3.423027941,1785051278.716552,0.4777210043808024,0.00678604219544809,-0.007682000590496506,0.1819261343786294,-0.061651845121577904,0.11874403865543394,0.18,-0.1482490143322583,21.0,0.4512602137035086,-0.023207409458423558,1.4512576030971962,-0.021345473988743424,2.451254949404783,-0.019483539824069647,0.597542405128479,0.16404546797275543,0.11404547095298767,0.7537703514099121,1.0,0,ROW_FOLLOW,,1.0,116.0,107.0,0.006818586029112339,-0.03120143711566925,0.0,0.2674667239189148,0.0,-0.3298695981502533,0.0,0.4603174328804016,0.6333332657814026,0.9796434044837952,0.9538654088973999,1.0,0.3333333432674408,0.7537703514099121,0.30000001192092896,0.20000000298023224,0.20000000298023224,0.15000000596046448,0.15000000596046448,1.0,1.0,1.0,1.0
complex_fixed_v018_r5,closed_loop,complex,full,1,0.18,False,3.473603749,1785051278.7671278,0.48639778349916446,0.00664126934958844,-0.01056877417135649,0.18078668688441746,-0.07189582132330603,0.12744651508051388,0.18,-0.14382880113657182,21.0,0.4512602137035086,-0.023207409458423558,1.4512576030971962,-0.021345473988743424,2.451254949404783,-0.019483539824069647,0.597542405128479,0.16404546797275543,0.11404547095298767,0.7537703514099121,1.0,0,ROW_FOLLOW,,1.0,116.0,107.0,0.006818586029112339,-0.03120143711566925,0.0,0.2674667239189148,0.0,-0.3298695981502533,0.0,0.4603174328804016,0.6333332657814026,0.9796434044837952,0.9538654088973999,1.0,0.3333333432674408,0.7537703514099121,0.30000001192092896,0.20000000298023224,0.20000000298023224,0.15000000596046448,0.15000000596046448,1.0,1.0,1.0,1.0
complex_fixed_v018_r5,closed_loop,complex,full,1,0.18,False,3.523538577,1785051278.8170624,0.4967129032462697,0.005100025594856736,-0.015069468012510079,0.181292531193809,-0.07086534973383807,0.13837257392803154,0.18,-0.13550356486699006,20.0,0.4693958529416587,-0.024099440896447073,1.4977260459985462,-0.02360129012163541,2.4027233236682757,-0.023105972378068426,0.5981833338737488,0.17075656354427338,0.12075656652450562,0.7585593461990356,1.0,0,ROW_FOLLOW,,1.0,119.0,118.0,0.011265024542808533,-0.030213385820388794,0.0,0.2684251666069031,0.0,-0.32885193824768066,0.0,0.4603174328804016,0.6595237255096436,0.9793272614479065,0.9512925148010254,1.0,0.380952388048172,0.7585593461990356,0.30000001192092896,0.20000000298023224,0.20000000298023224,0.15000000596046448,0.15000000596046448,1.0,1.0,1.0,1.0
complex_fixed_v018_r5,closed_loop,complex,full,1,0.18,False,3.572808969,1785051278.866333,0.5048375074553895,0.004902667766221513,-0.01816054998775396,0.18014522336559424,-0.09755309013639386,0.14652714767627525,0.18,-0.1338547976551667,20.0,0.4693958529416587,-0.024099440896447073,1.4977260459985462,-0.02360129012163541,2.4027233236682757,-0.023105972378068426,0.5981833338737488,0.17075656354427338,0.12075656652450562,0.7585593461990356,1.0,0,ROW_FOLLOW,,1.0,119.0,118.0,0.011265024542808533,-0.030213385820388794,0.0,0.2684251666069031,0.0,-0.32885193824768066,0.0,0.4603174328804016,0.6595237255096436,0.9793272614479065,0.9512925148010254,1.0,0.380952388048172,0.7585593461990356,0.30000001192092896,0.20000000298023224,0.20000000298023224,0.15000000596046448,0.15000000596046448,1.0,1.0,1.0,1.0
complex_fixed_v018_r5,closed_loop,complex,full,1,0.18,False,3.623360904,1785051278.9168847,0.5156086266836493,0.005875816374669137,-0.022924862257120985,0.17603383333869,-0.08083905607077636,0.15767104918318775,0.18,-0.13183731298749796,21.0,0.48785937119704675,-0.023814932689127485,1.5161862789727583,-0.026483044557068597,2.4879369617119975,-0.028751066518373804,0.5965238213539124,0.17096181213855743,0.12096181511878967,0.7714067697525024,1.0,0,ROW_FOLLOW,,1.0,125.0,119.0,0.01562700793147087,-0.028193429112434387,0.0,0.2702238857746124,0.0,-0.3266107439994812,0.0,0.4920634627342224,0.6857141852378845,0.9763181805610657,0.9425414204597473,1.0,0.4285714328289032,0.7714067697525024,0.30000001192092896,0.20000000298023224,0.20000000298023224,0.15000000596046448,0.15000000596046448,1.0,1.0,1.0,1.0
complex_fixed_v018_r5,closed_loop,complex,full,1,0.18,False,3.673423256,1785051278.9669473,0.524558531398775,0.005591052264035863,-0.02567773994370271,0.17644883312748535,-0.07861659401040291,0.16664938002657773,0.18,-0.13091944866229432,21.0,0.48785937119704675,-0.023814932689127485,1.5161862789727583,-0.026483044557068597,2.4879369617119975,-0.028751066518373804,0.5965238213539124,0.17096181213855743,0.12096181511878967,0.7714067697525024,1.0,0,ROW_FOLLOW,,1.0,125.0,119.0,0.01562700793147087,-0.028193429112434387,0.0,0.2702238857746124,0.0,-0.3266107439994812,0.0,0.4920634627342224,0.6857141852378845,0.9763181805610657,0.9425414204597473,1.0,0.4285714328289032,0.7714067697525024,0.30000001192092896,0.20000000298023224,0.20000000298023224,0.15000000596046448,0.15000000596046448,1.0,1.0,1.0,1.0
complex_fixed_v018_r5,closed_loop,complex,full,1,0.18,False,3.723942454,1785051279.0174663,0.5303747641027879,0.005261028051981708,-0.030911249636627055,0.17748115926238647,-0.0931549523934285,0.1725759762101114,0.18,-0.11404928757615937,21.0,0.506264326250122,-0.0225490382212493,1.5345858906018066,-0.027197742232393563,2.5155284050474176,-0.03279400038799617,0.5984727144241333,0.1714692860841751,0.12146928906440735,0.7705031633377075,1.0,0,ROW_FOLLOW,,1.0,137.0,129.0,0.02350173518061638,-0.026081934571266174,0.0,0.27172958850860596,0.0,-0.3238934576511383,0.0,0.4761904776096344,0.7119046449661255,0.9725019335746765,0.9384311437606812,1.0,0.4761904776096344,0.7705031633377075,0.30000001192092896,0.20000000298023224,0.20000000298023224,0.15000000596046448,0.15000000596046448,1.0,1.0,1.0,1.0
complex_fixed_v018_r5,closed_loop,complex,full,1,0.18,False,3.773185101,1785051279.066709,0.5303711546437586,0.005162877854857762,-0.035088449907487704,0.17853967426116893,-0.10691370180076247,0.17267419280676802,0.18,-0.10447945531139025,21.0,0.506264326250122,-0.0225490382212493,1.5345858906018066,-0.027197742232393563,2.5155284050474176,-0.03279400038799617,0.5984727144241333,0.1714692860841751,0.12146928906440735,0.7705031633377075,1.0,0,ROW_FOLLOW,,1.0,137.0,129.0,0.02350173518061638,-0.026081934571266174,0.0,0.27172958850860596,0.0,-0.3238934576511383,0.0,0.4761904776096344,0.7119046449661255,0.9725019335746765,0.9384311437606812,1.0,0.4761904776096344,0.7705031633377075,0.30000001192092896,0.20000000298023224,0.20000000298023224,0.15000000596046448,0.15000000596046448,1.0,1.0,1.0,1.0
complex_fixed_v018_r5,closed_loop,complex,full,1,0.18,False,3.82410812,1785051279.117632,0.5445444426345014,0.009097097136959435,-0.03872549167859861,0.17918178406256408,-0.09714983890695528,0.18804827666065096,0.18,-0.10346932294615953,20.0,0.5239882348083215,-0.019328557461924186,1.5239698466289207,-0.025397762569666665,2.457285882676271,-0.03108498429839915,0.595151424407959,0.14809150993824005,0.09809151291847229,0.7767826318740845,1.0,0,ROW_FOLLOW,,1.0,112.0,116.0,0.031977299600839615,-0.025064736604690552,0.0,0.2730056941509247,0.0,-0.3231351673603058,0.0,0.5079365372657776,0.7119046449661255,0.9669338464736938,0.9242262244224548,1.0,0.4761904776096344,0.7767826318740845,0.30000001192092896,0.20000000298023224,0.20000000298023224,0.15000000596046448,0.15000000596046448,1.0,1.0,1.0,1.0
complex_fixed_v018_r5,closed_loop,complex,full,1,0.18,False,3.872810367,1785051279.1663342,0.5538175711904941,0.01125840871921149,-0.04448110600425003,0.14656148264500118,-0.08876547984385293,0.19969150275086486,0.18,-0.11145009748282808,20.0,0.5239882348083215,-0.019328557461924186,1.5239698466289207,-0.025397762569666665,2.457285882676271,-0.03108498429839915,0.595151424407959,0.14809150993824005,0.09809151291847229,0.7767826318740845,1.0,0,ROW_FOLLOW,,1.0,112.0,116.0,0.031977299600839615,-0.025064736604690552,0.0,0.2730056941509247,0.0,-0.3231351673603058,0.0,0.5079365372657776,0.7119046449661255,0.9669338464736938,0.9242262244224548,1.0,0.4761904776096344,0.7767826318740845,0.30000001192092896,0.20000000298023224,0.20000000298023224,0.15000000596046448,0.15000000596046448,1.0,1.0,1.0,1.0
complex_fixed_v018_r5,closed_loop,complex,full,1,0.18,False,3.922897616,1785051279.2164216,0.5628848066093177,0.010713249321115146,-0.050183037843632324,0.15220111046452123,-0.09249965059344838,0.20884457630435055,0.18,-0.08063691873920709,20.0,0.5396288640132326,-0.01620270879758984,1.5396065260047205,-0.022860518205319258,2.506251385845928,-0.029329521853221352,0.5957428812980652,0.15701650083065033,0.10701650381088257,0.7829016447067261,1.0,0,ROW_FOLLOW,,1.0,139.0,134.0,0.04056582972407341,-0.023965701460838318,0.0,0.27550554275512695,0.0,-0.3234369456768036,0.0,0.523809552192688,0.7119046449661255,0.9705989360809326,0.928386390209198,1.0,0.4761904776096344,0.7829016447067261,0.30000001192092896,0.20000000298023224,0.20000000298023224,0.15000000596046448,0.15000000596046448,1.0,1.0,1.0,1.0
complex_fixed_v018_r5,closed_loop,complex,full,1,0.18,False,3.97289843,1785051279.2664223,0.5705998808393226,0.010158517547999254,-0.05372039102661887,0.15971853732326374,-0.093625707408709,0.21664265355809334,0.18,-0.07632588559382804,20.0,0.5396288640132326,-0.01620270879758984,1.5396065260047205,-0.022860518205319258,2.506251385845928,-0.029329521853221352,0.5957428812980652,0.15701650083065033,0.10701650381088257,0.7829016447067261,1.0,0,ROW_FOLLOW,,1.0,139.0,134.0,0.04056582972407341,-0.023965701460838318,0.0,0.27550554275512695,0.0,-0.3234369456768036,0.0,0.523809552192688,0.7119046449661255,0.9705989360809326,0.928386390209198,1.0,0.4761904776096344,0.7829016447067261,0.30000001192092896,0.20000000298023224,0.20000000298023224,0.15000000596046448,0.15000000596046448,1.0,1.0,1.0,1.0
complex_fixed_v018_r5,closed_loop,complex,full,1,0.18,False,4.022843915,1785051279.3163679,0.5705928231838063,0.010041818604815192,-0.05824951635138565,0.16632692577182567,-0.06861918914169968,0.21675956580948486,0.18,-0.04711650681483163,20.0,0.5549649552101735,-0.013238991764293816,1.5599366714753928,-0.02077320285459479,2.5549087115079807,-0.02822570637889681,0.598488450050354,0.16187430918216705,0.11187431216239929,0.772213339805603,1.0,0,ROW_FOLLOW,,1.0,124.0,115.0,0.048793695867061615,-0.021736636757850647,0.0,0.2783682346343994,0.0,-0.3218415081501007,0.0,0.4920634627342224,0.6857142448425293,0.978670597076416,0.9447821378707886,1.0,0.4285714328289032,0.772213339805603,0.30000001192092896,0.20000000298023224,0.20000000298023224,0.15000000596046448,0.15000000596046448,1.0,1.0,1.0,1.0
complex_fixed_v018_r5,closed_loop,complex,full,1,0.18,False,4.072835001,1785051279.366359,0.5709412615753521,0.009881749230033434,-0.06112459221668808,0.16665950220017278,-0.07205485084626387,0.21719832478812465,0.18,-0.042121667949034755,20.0,0.5549649552101735,-0.013238991764293816,1.5599366714753928,-0.02077320285459479,2.5549087115079807,-0.02822570637889681,0.598488450050354,0.16187430918216705,0.11187431216239929,0.772213339805603,1.0,0,ROW_FOLLOW,,1.0,124.0,115.0,0.048793695867061615,-0.021736636757850647,0.0,0.2783682346343994,0.0,-0.3218415081501007,0.0,0.4920634627342224,0.6857142448425293,0.978670597076416,0.9447821378707886,1.0,0.4285714328289032,0.772213339805603,0.30000001192092896,0.20000000298023224,0.20000000298023224,0.15000000596046448,0.15000000596046448,1.0,1.0,1.0,1.0
complex_fixed_v018_r5,closed_loop,complex,full,1,0.18,False,4.125876132,1785051279.4194002,0.6036329792732986,0.00732620714953839,-0.06578115893556102,0.1671592756816792,-0.07788418588559848,0.2500516468260023,0.18,-0.024570789716051932,21.0,0.5650392753638561,-0.012299530872885342,1.570016370353982,-0.018793763012586364,2.5710527396327323,-0.019754648792971202,0.597139835357666,0.16392357647418976,0.113923579454422,0.77839195728302,1.0,0,ROW_FOLLOW,,1.0,132.0,133.0,0.060327015817165375,-0.022236496210098267,0.0,0.27789923548698425,0.0,-0.3223722279071808,0.0,0.5158730745315552,0.6857142448425293,0.9771143794059753,0.9404286742210388,1.0,0.4285714328289032,0.77839195728302,0.30000001192092896,0.20000000298023224,0.20000000298023224,0.15000000596046448,0.15000000596046448,1.0,1.0,1.0,1.0
complex_fixed_v018_r5,closed_loop,complex,full,1,0.18,False,4.172977723,1785051279.4665017,0.6150724388902727,0.0071319918233304575,-0.06845941052903194,0.1766320823167712,-0.060195388491819775,0.26158252085007927,0.18,-0.024811092449253256,21.0,0.5650392753638561,-0.012299530872885342,1.570016370353982,-0.018793763012586364,2.5710527396327323,-0.019754648792971202,0.597139835357666,0.16392357647418976,0.113923579454422,0.77839195728302,1.0,0,ROW_FOLLOW,,1.0,132.0,133.0,0.060327015817165375,-0.022236496210098267,0.0,0.27789923548698425,0.0,-0.3223722279071808,0.0,0.5158730745315552,0.6857142448425293,0.9771143794059753,0.9404286742210388,1.0,0.4285714328289032,0.77839195728302,0.30000001192092896,0.20000000298023224,0.20000000298023224,0.15000000596046448,0.15000000596046448,1.0,1.0,1.0,1.0
complex_fixed_v018_r5,closed_loop,complex,full,1,0.18,False,4.223014666,1785051279.5165386,0.6244793394353713,0.0022875361619737297,-0.07287046346202208,0.18529026823880404,-0.07188848664013113,0.2722268887304794,0.18,0.011867259765060827,21.0,0.5854794729390049,-0.012916757976601384,1.590461542961328,-0.01863101328365002,2.592990583526382,-0.0223940293829421,0.5975551605224609,0.16979648172855377,0.11979648470878601,0.7899242639541626,1.0,0,ROW_FOLLOW,,1.0,114.0,115.0,0.06619779765605927,-0.021669790148735046,0.0,0.278629869222641,0.0,-0.3219694495201111,0.0,0.5396825075149536,0.7119047045707703,0.9747443199157715,0.9379315376281738,1.0,0.4761904776096344,0.7899242639541626,0.30000001192092896,0.20000000298023224,0.20000000298023224,0.15000000596046448,0.15000000596046448,1.0,1.0,1.0,1.0
complex_fixed_v018_r5,closed_loop,complex,full,1,0.18,False,4.272766289,1785051279.5662901,0.6356864776765611,0.0018943057764708225,-0.07455546672999529,0.18523125367369764,-0.0513668108550445,0.28349605144610607,0.18,0.04018712680273357,21.0,0.5854794729390049,-0.012916757976601384,1.590461542961328,-0.01863101328365002,2.592990583526382,-0.0223940293829421,0.5975551605224609,0.16979648172855377,0.11979648470878601,0.7899242639541626,1.0,0,ROW_FOLLOW,,1.0,114.0,115.0,0.06619779765605927,-0.021669790148735046,0.0,0.278629869222641,0.0,-0.3219694495201111,0.0,0.5396825075149536,0.7119047045707703,0.9747443199157715,0.9379315376281738,1.0,0.4761904776096344,0.7899242639541626,0.30000001192092896,0.20000000298023224,0.20000000298023224,0.15000000596046448,0.15000000596046448,1.0,1.0,1.0,1.0
complex_fixed_v018_r5,closed_loop,complex,full,1,0.18,False,4.323156203,1785051279.6166801,0.6442191238764783,0.00029833904841129895,-0.0778516475343789,0.18383745694790826,-0.045623404448711866,0.2929423247431608,0.18,0.01924748490952049,21.0,0.6072382784408322,-0.015711664786097042,1.6072312989448747,-0.019133434886596343,2.607224370106219,-0.022555208702636626,0.5982171893119812,0.17002172768115997,0.12002173066139221,0.795708179473877,1.0,0,ROW_FOLLOW,,1.0,141.0,136.0,0.07548368722200394,-0.021034792065620422,0.0,0.2795473039150238,0.0,-0.32161688804626465,0.0,0.5396825075149536,0.7380951642990112,0.9753099083900452,0.9408158659934998,1.0,0.523809552192688,0.795708179473877,0.30000001192092896,0.20000000298023224,0.20000000298023224,0.15000000596046448,0.15000000596046448,1.0,1.0,1.0,1.0
complex_fixed_v018_r5,closed_loop,complex,full,1,0.18,False,4.373259549,1785051279.6667836,0.6535636461503297,-0.0005436884964620556,-0.0805139233392782,0.18311485483736936,-0.06392557582362521,0.3023701941809394,0.18,0.023436508533820347,21.0,0.6072382784408322,-0.015711664786097042,1.6072312989448747,-0.019133434886596343,2.607224370106219,-0.022555208702636626,0.5982171893119812,0.17002172768115997,0.12002173066139221,0.795708179473877,1.0,0,ROW_FOLLOW,,1.0,141.0,136.0,0.07548368722200394,-0.021034792065620422,0.0,0.2795473039150238,0.0,-0.32161688804626465,0.0,0.5396825075149536,0.7380951642990112,0.9753099083900452,0.9408158659934998,1.0,0.523809552192688,0.795708179473877,0.30000001192092896,0.20000000298023224,0.20000000298023224,0.15000000596046448,0.15000000596046448,1.0,1.0,1.0,1.0
complex_fixed_v018_r5,closed_loop,complex,full,1,0.18,False,4.422895872,1785051279.71642,0.657050001647116,-0.0009930112749945126,-0.08456622128170375,0.182097656351754,-0.04935988825472084,0.3059941465495486,0.18,0.025951914131500185,21.0,0.6347109757998349,-0.018615969038122692,1.634704101881675,-0.022015661527833796,2.634697265692629,-0.025415353295131764,0.5931510329246521,0.151521697640419,0.10152170062065125,0.8002138137817383,1.0,0,ROW_FOLLOW,,1.0,120.0,145.0,0.07985741645097733,-0.020590603351593018,0.0,0.279568612575531,0.0,-0.32074981927871704,0.0,0.5634920597076416,0.7380951642990112,0.9712380170822144,0.9286639094352722,1.0,0.523809552192688,0.8002138137817383,0.30000001192092896,0.20000000298023224,0.20000000298023224,0.15000000596046448,0.15000000596046448,1.0,1.0,1.0,1.0
complex_fixed_v018_r5,closed_loop,complex,full,1,0.18,False,4.472901519,1785051279.7664254,0.6570431666604583,-0.0010692662775878747,-0.08710961079467558,0.18147510535647213,-0.06613680031364631,0.30607070727582014,0.18,0.030158754583248897,21.0,0.6347109757998349,-0.018615969038122692,1.634704101881675,-0.022015661527833796,2.634697265692629,-0.025415353295131764,0.5931510329246521,0.151521697640419,0.10152170062065125,0.8002138137817383,1.0,0,ROW_FOLLOW,,1.0,120.0,145.0,0.07985741645097733,-0.020590603351593018,0.0,0.279568612575531,0.0,-0.32074981927871704,0.0,0.5634920597076416,0.7380951642990112,0.9712380170822144,0.9286639094352722,1.0,0.523809552192688,0.8002138137817383,0.30000001192092896,0.20000000298023224,0.20000000298023224,0.15000000596046448,0.15000000596046448,1.0,1.0,1.0,1.0
complex_fixed_v018_r5,closed_loop,complex,full,1,0.18,False,4.524722229,1785051279.8182461,0.6595200555966596,-0.003240663102480515,-0.09080289435920674,0.17209707211935177,-0.06554806176068027,0.31082775832318554,0.18,0.044469160691101,21.0,0.6495335859352247,-0.02107089735164412,1.6495268185808794,-0.02445403150132569,2.6495200622249837,-0.027837158496353136,0.5945852398872375,0.15245665609836578,0.10245665907859802,0.8014776706695557,1.0,0,ROW_FOLLOW,,1.0,125.0,143.0,0.08432332426309586,-0.018715426325798035,0.0,0.28200316429138184,0.0,-0.3194340169429779,0.0,0.5714285969734192,0.7380951642990112,0.9687739014625549,0.9245015382766724,1.0,0.523809552192688,0.8014776706695557,0.30000001192092896,0.20000000298023224,0.20000000298023224,0.15000000596046448,0.15000000596046448,1.0,1.0,1.0,1.0
complex_fixed_v018_r5,closed_loop,complex,full,1,0.18,False,4.572870027,1785051279.8663938,0.6769771762024844,-0.0038027644798576165,-0.09338817315965685,0.17334274368128924,-0.0537802700213612,0.32971173306592255,0.18,0.03907150619113602,21.0,0.6495335859352247,-0.02107089735164412,1.6495268185808794,-0.02445403150132569,2.6495200622249837,-0.027837158496353136,0.5945852398872375,0.15245665609836578,0.10245665907859802,0.8014776706695557,1.0,0,ROW_FOLLOW,,1.0,125.0,143.0,0.08432332426309586,-0.018715426325798035,0.0,0.28200316429138184,0.0,-0.3194340169429779,0.0,0.5714285969734192,0.7380951642990112,0.9687739014625549,0.9245015382766724,1.0,0.523809552192688,0.8014776706695557,0.30000001192092896,0.20000000298023224,0.20000000298023224,0.15000000596046448,0.15000000596046448,1.0,1.0,1.0,1.0
complex_fixed_v018_r5,closed_loop,complex,full,1,0.18,False,4.623401417,1785051279.9169254,0.6855240081886911,-0.004677508104258179,-0.09654524879780316,0.1679896142672005,-0.06149137922237613,0.3383423380837475,0.18,0.04761988106455832,21.0,0.6632594991119379,-0.021106245393706046,1.663246293013362,-0.026143611545608295,2.66323306369121,-0.03118097149153282,0.5958806872367859,0.16147135198116302,0.11147135496139526,0.8017687797546387,1.0,0,ROW_FOLLOW,,1.0,127.0,144.0,0.08887377381324768,-0.016332760453224182,0.0,0.2845016121864319,0.0,-0.31716713309288025,0.0,0.579365074634552,0.7119047045707703,0.9747664928436279,0.9374998807907104,1.0,0.4761904776096344,0.8017687797546387,0.30000001192092896,0.20000000298023224,0.20000000298023224,0.15000000596046448,0.15000000596046448,1.0,1.0,1.0,1.0
complex_fixed_v018_r5,closed_loop,complex,full,1,0.18,False,4.672823814,1785051279.9663477,0.6934451450102836,-0.005543224453798363,-0.09866032260152212,0.1699770045430327,-0.03925837113994519,0.3463473950154447,0.18,0.05243164321496857,21.0,0.6632594991119379,-0.021106245393706046,1.663246293013362,-0.026143611545608295,2.66323306369121,-0.03118097149153282,0.5958806872367859,0.16147135198116302,0.11147135496139526,0.8017687797546387,1.0,0,ROW_FOLLOW,,1.0,127.0,144.0,0.08887377381324768,-0.016332760453224182,0.0,0.2845016121864319,0.0,-0.31716713309288025,0.0,0.579365074634552,0.7119047045707703,0.9747664928436279,0.9374998807907104,1.0,0.4761904776096344,0.8017687797546387,0.30000001192092896,0.20000000298023224,0.20000000298023224,0.15000000596046448,0.15000000596046448,1.0,1.0,1.0,1.0
complex_fixed_v018_r5,closed_loop,complex,full,1,0.18,False,4.723279171,1785051280.016803,0.6998997973945831,-0.003101113769526012,-0.10031349181898765,0.17182613701717098,-0.04662490385405925,0.3533096554279099,0.18,0.04647778123973358,21.0,0.6765461471038917,-0.020341648681864666,1.6765261910418314,-0.026619680401239156,2.676506234761238,-0.03289771155185959,0.5935736894607544,0.16054154932498932,0.11054155230522156,0.8029212951660156,1.0,0,ROW_FOLLOW,,1.0,125.0,140.0,0.0930294543504715,-0.013332575559616089,0.0,0.287656307220459,0.0,-0.31432145833969116,0.0,0.5873016119003296,0.7119047045707703,0.9730451703071594,0.9316051006317139,1.0,0.4761904776096344,0.8029212951660156,0.30000001192092896,0.20000000298023224,0.20000000298023224,0.15000000596046448,0.15000000596046448,1.0,1.0,1.0,1.0
complex_fixed_v018_r5,closed_loop,complex,full,1,0.18,False,4.773272753,1785051280.0667968,0.7142592457146776,-0.005212863392412303,-0.10324881727759694,0.16717008278229903,-0.033168649622538994,0.3678704445517971,0.18,0.05660572290347404,21.0,0.6765461471038917,-0.020341648681864666,1.6765261910418314,-0.026619680401239156,2.676506234761238,-0.03289771155185959,0.5935736894607544,0.16054154932498932,0.11054155230522156,0.8029212951660156,1.0,0,ROW_FOLLOW,,1.0,125.0,140.0,0.0930294543504715,-0.013332575559616089,0.0,0.287656307220459,0.0,-0.31432145833969116,0.0,0.5873016119003296,0.7119047045707703,0.9730451703071594,0.9316051006317139,1.0,0.4761904776096344,0.8029212951660156,0.30000001192092896,0.20000000298023224,0.20000000298023224,0.15000000596046448,0.15000000596046448,1.0,1.0,1.0,1.0
complex_fixed_v018_r5,closed_loop,complex,full,1,0.18,False,4.822806834,1785051280.1163309,0.7231312899403576,-0.006227049883320698,-0.10561899750711311,0.1662328411383955,-0.03887354504478942,0.376848385478414,0.18,0.07834265016663147,21.0,0.6947947886232075,-0.01841028536671926,1.6947687182393742,-0.025618809030948736,2.694742649655929,-0.03282733800519607,0.596131443977356,0.1688377410173416,0.11883774399757385,0.8086426258087158,1.0,0,ROW_FOLLOW,,1.0,128.0,139.0,0.09695060551166534,-0.010919839143753052,0.0,0.2907366156578064,0.0,-0.3125762939453125,0.0,0.5873015522956848,0.7380951642990112,0.9731975793838501,0.9346242547035217,1.0,0.523809552192688,0.8086426258087158,0.30000001192092896,0.20000000298023224,0.20000000298023224,0.15000000596046448,0.15000000596046448,1.0,1.0,1.0,1.0
complex_fixed_v018_r5,closed_loop,complex,full,1,0.18,False,4.872775423,1785051280.1662993,0.7267429342378146,-0.0066979425218583535,-0.10721468443780148,0.16965375179004977,-0.03847602511187324,0.3805325098263216,0.18,0.0820529532293207,21.0,0.6947947886232075,-0.01841028536671926,1.6947687182393742,-0.025618809030948736,2.694742649655929,-0.03282733800519607,0.596131443977356,0.1688377410173416,0.11883774399757385,0.8086426258087158,1.0,0,ROW_FOLLOW,,1.0,128.0,139.0,0.09695060551166534,-0.010919839143753052,0.0,0.2907366156578064,0.0,-0.3125762939453125,0.0,0.5873015522956848,0.7380951642990112,0.9731975793838501,0.9346242547035217,1.0,0.523809552192688,0.8086426258087158,0.30000001192092896,0.20000000298023224,0.20000000298023224,0.15000000596046448,0.15000000596046448,1.0,1.0,1.0,1.0
complex_fixed_v018_r5,closed_loop,complex,full,1,0.18,False,4.923992563,1785051280.2175167,0.7420172702944932,-0.0066673419524461855,-0.10863617979481566,0.17415341143862192,-0.020970818769238588,0.39591747425952795,0.18,0.09162526912071728,21.0,0.7113942979616065,-0.016652462673068746,1.7113624288015312,-0.024628880621314127,2.7113305823861413,-0.03260530454483005,0.5931630730628967,0.15305007994174957,0.10305008292198181,0.811339259147644,1.0,0,ROW_FOLLOW,,1.0,144.0,143.0,0.09916569292545319,-0.008161559700965881,0.0,0.29429641366004944,0.0,-0.3106195330619812,0.0,0.5952380895614624,0.764285683631897,0.9652184844017029,0.9124464988708496,1.0,0.5714285969734192,0.811339259147644,0.30000001192092896,0.20000000298023224,0.20000000298023224,0.15000000596046448,0.15000000596046448,1.0,1.0,1.0,1.0
complex_fixed_v018_r5,closed_loop,complex,full,1,0.18,False,4.972805214,1785051280.266329,0.7513801780698717,-0.007713772104703332,-0.10931683473460342,0.18276787408000966,-0.01417782840157027,0.4053448108258854,0.18,0.09670389006856411,21.0,0.7113942979616065,-0.016652462673068746,1.7113624288015312,-0.024628880621314127,2.7113305823861413,-0.03260530454483005,0.5931630730628967,0.15305007994174957,0.10305008292198181,0.811339259147644,1.0,0,ROW_FOLLOW,,1.0,144.0,143.0,0.09916569292545319,-0.008161559700965881,0.0,0.29429641366004944,0.0,-0.3106195330619812,0.0,0.5952380895614624,0.764285683631897,0.9652184844017029,0.9124464988708496,1.0,0.5714285969734192,0.811339259147644,0.30000001192092896,0.20000000298023224,0.20000000298023224,0.15000000596046448,0.15000000596046448,1.0,1.0,1.0,1.0
complex_fixed_v018_r5,closed_loop,complex,full,1,0.18,False,5.022680297,1785051280.3162043,0.7631594001002527,-0.009689109658198362,-0.11058577389332364,0.19165008519998664,-0.02227980181656272,0.4173044487048226,0.18,0.121362184496262,21.0,0.7307223550610775,-0.014716279266113843,1.7306846241685203,-0.02339609896194757,2.73064689698764,-0.032075918229273026,0.592754065990448,0.1494884043931961,0.09948840737342834,0.8171390295028687,1.0,0,ROW_FOLLOW,,1.0,134.0,145.0,0.10077113658189774,-0.005379706621170044,0.0,0.29809749126434326,0.0,-0.30885690450668335,0.0,0.6190476417541504,0.764285683631897,0.9638910889625549,0.9052625298500061,1.0,0.5714285969734192,0.8171390295028687,0.30000001192092896,0.20000000298023224,0.20000000298023224,0.15000000596046448,0.15000000596046448,1.0,1.0,1.0,1.0
complex_fixed_v018_r5,closed_loop,complex,full,1,0.18,False,5.073482064,1785051280.367006,0.7718751636412476,-0.010896529882145472,-0.11138977558932209,0.19113667487394154,-0.029245805752126038,0.42616345713510884,0.18,0.12724241624472427,21.0,0.7307223550610775,-0.014716279266113843,1.7306846241685203,-0.02339609896194757,2.73064689698764,-0.032075918229273026,0.592754065990448,0.1494884043931961,0.09948840737342834,0.8171390295028687,1.0,0,ROW_FOLLOW,,1.0,134.0,145.0,0.10077113658189774,-0.005379706621170044,0.0,0.29809749126434326,0.0,-0.30885690450668335,0.0,0.6190476417541504,0.764285683631897,0.9638910889625549,0.9052625298500061,1.0,0.5714285969734192,0.8171390295028687,0.30000001192092896,0.20000000298023224,0.20000000298023224,0.15000000596046448,0.15000000596046448,1.0,1.0,1.0,1.0
complex_fixed_v018_r5,closed_loop,complex,full,1,0.18,False,5.124111761,1785051280.4176357,0.7809544572162822,-0.011955707405341314,-0.11210587134208308,0.1906188042586233,-0.01750729270904162,0.43531831894803297,0.18,0.13999953733271348,21.0,0.7499482270996629,-0.013952422156214879,1.749907136728624,-0.02302478708249454,2.749866051768046,-0.032097149273201286,0.5990048050880432,0.15760250389575958,0.10760250687599182,0.8001636266708374,1.0,0,ROW_FOLLOW,,1.0,130.0,138.0,0.10286833345890045,-0.002962470054626465,0.0,0.3016014099121094,0.0,-0.3075263500213623,0.0,0.60317462682724,0.6857142448425293,0.9646391868591309,0.9276038408279419,1.0,0.4285714328289032,0.8001636266708374,0.30000001192092896,0.20000000298023224,0.20000000298023224,0.15000000596046448,0.15000000596046448,1.0,1.0,1.0,1.0
complex_fixed_v018_r5,closed_loop,complex,full,1,0.18,False,5.173527054,1785051280.467051,0.7965122945064905,-0.015720734712533754,-0.11254823276537392,0.2010391520309607,0.005268065200704244,0.45152014246570144,0.18,0.1543386426934174,21.0,0.7499482270996629,-0.013952422156214879,1.749907136728624,-0.02302478708249454,2.749866051768046,-0.032097149273201286,0.5990048050880432,0.15760250389575958,0.10760250687599182,0.8001636266708374,1.0,0,ROW_FOLLOW,,1.0,130.0,138.0,0.10286833345890045,-0.002962470054626465,0.0,0.3016014099121094,0.0,-0.3075263500213623,0.0,0.60317462682724,0.6857142448425293,0.9646391868591309,0.9276038408279419,1.0,0.4285714328289032,0.8001636266708374,0.30000001192092896,0.20000000298023224,0.20000000298023224,0.15000000596046448,0.15000000596046448,1.0,1.0,1.0,1.0
complex_fixed_v018_r5,closed_loop,complex,full,1,0.18,False,5.223050703,1785051280.5165746,0.8051268319057648,-0.01672442988396963,-0.11309446058256968,0.19866380880306192,-0.00762739152588141,0.46020571825885526,0.18,0.16422495313599195,21.0,0.7732271025025398,-0.014417910302261234,1.7731840035549193,-0.023714653852342085,2.773140921580888,-0.03301139539619205,0.6012141108512878,0.16172488033771515,0.11172488331794739,0.7925428152084351,1.0,0,ROW_FOLLOW,,1.0,142.0,138.0,0.10346043109893799,-0.0005489885807037354,0.0,0.30519920587539673,0.0,-0.3062971830368042,0.0,0.5634920597076416,0.7119047045707703,0.9631581902503967,0.9232172966003418,1.0,0.4761904776096344,0.7925428152084351,0.30000001192092896,0.20000000298023224,0.20000000298023224,0.15000000596046448,0.15000000596046448,1.0,1.0,1.0,1.0
complex_fixed_v018_r5,closed_loop,complex,full,1,0.18,False,5.272783445,1785051280.5663073,0.8175264371587504,-0.016825996677760094,-0.11385391803710966,0.20537459414664389,-0.03178646911216236,0.47282874784484547,0.18,0.16480917465125589,21.0,0.7732271025025398,-0.014417910302261234,1.7731840035549193,-0.023714653852342085,2.773140921580888,-0.03301139539619205,0.6012141108512878,0.16172488033771515,0.11172488331794739,0.7925428152084351,1.0,0,ROW_FOLLOW,,1.0,142.0,138.0,0.10346043109893799,-0.0005489885807037354,0.0,0.30519920587539673,0.0,-0.3062971830368042,0.0,0.5634920597076416,0.7119047045707703,0.9631581902503967,0.9232172966003418,1.0,0.4761904776096344,0.7925428152084351,0.30000001192092896,0.20000000298023224,0.20000000298023224,0.15000000596046448,0.15000000596046448,1.0,1.0,1.0,1.0
complex_fixed_v018_r5,closed_loop,complex,full,1,0.18,False,5.323480857,1785051280.6170049,0.8264808218041046,-0.017897267288806026,-0.11520609009451818,0.20176739377775377,-0.033657213387168546,0.4818764842989031,0.18,0.17001688415745814,20.0,0.7952980297255373,-0.015137556728837135,1.8002523685765919,-0.024720728591928826,2.728543486986115,-0.03358635437154327,0.6014742851257324,0.16481806337833405,0.11481806635856628,0.8034424781799316,1.0,0,ROW_FOLLOW,,1.0,103.0,140.0,0.1045372411608696,0.001572445034980774,0.0,0.30812230706214905,0.0,-0.3049774169921875,0.0,0.5952380299568176,0.7119047045707703,0.9656726121902466,0.9290369749069214,1.0,0.4761904776096344,0.8034424781799316,0.30000001192092896,0.20000000298023224,0.20000000298023224,0.15000000596046448,0.15000000596046448,1.0,1.0,1.0,1.0
complex_fixed_v018_r5,closed_loop,complex,full,1,0.18,False,5.372831796,1785051280.6663556,0.8349898719562739,-0.018400448329710703,-0.11647749549287761,0.2025610271576418,-0.05871805175427048,0.49249190487463557,0.18,0.17369806369489113,20.0,0.7952980297255373,-0.015137556728837135,1.8002523685765919,-0.024720728591928826,2.728543486986115,-0.03358635437154327,0.6014742851257324,0.16481806337833405,0.11481806635856628,0.8034424781799316,1.0,0,ROW_FOLLOW,,1.0,103.0,140.0,0.1045372411608696,0.001572445034980774,0.0,0.30812230706214905,0.0,-0.3049774169921875,0.0,0.5952380299568176,0.7119047045707703,0.9656726121902466,0.9290369749069214,1.0,0.4761904776096344,0.8034424781799316,0.30000001192092896,0.20000000298023224,0.20000000298023224,0.15000000596046448,0.15000000596046448,1.0,1.0,1.0,1.0
complex_fixed_v018_r5,closed_loop,complex,full,1,0.18,False,5.423515607,1785051280.7170396,0.83889355367151,-0.01782375729893876,-0.11583384540982866,0.19274118238008822,0.0026896843597973264,0.5076232191866162,0.18,0.16591779912318105,21.0,0.8163589087948475,-0.015313896923713738,1.8213116914375622,-0.025062673154814447,2.81567809695005,-0.034329843112780166,0.606596827507019,0.1744460016489029,0.12444600462913513,0.8008949756622314,1.0,0,ROW_FOLLOW,,1.0,98.0,127.0,0.1063263788819313,0.003991991281509399,0.0,0.31104904413223267,0.0,-0.30306506156921387,0.0,0.5952381491661072,0.6857142448425293,0.9722577333450317,0.9381940960884094,1.0,0.4285714328289032,0.8008949756622314,0.30000001192092896,0.20000000298023224,0.20000000298023224,0.15000000596046448,0.15000000596046448,1.0,1.0,1.0,1.0
complex_fixed_v018_r5,closed_loop,complex,full,1,0.18,False,5.472977622,1785051280.7665017,0.848013650118245,-0.018906229824994854,-0.1169209265605371,0.19177726261094727,-0.002023016283276434,0.5168175596884648,0.18,0.17209828764381943,21.0,0.8163589087948475,-0.015313896923713738,1.8213116914375622,-0.025062673154814447,2.81567809695005,-0.034329843112780166,0.606596827507019,0.1744460016489029,0.12444600462913513,0.8008949756622314,1.0,0,ROW_FOLLOW,,1.0,98.0,127.0,0.1063263788819313,0.003991991281509399,0.0,0.31104904413223267,0.0,-0.30306506156921387,0.0,0.5952381491661072,0.6857142448425293,0.9722577333450317,0.9381940960884094,1.0,0.4285714328289032,0.8008949756622314,0.30000001192092896,0.20000000298023224,0.20000000298023224,0.15000000596046448,0.15000000596046448,1.0,1.0,1.0,1.0
complex_fixed_v018_r5,closed_loop,complex,full,1,0.18,False,5.524560021,1785051280.8180838,0.8556436378422084,-0.01982901140574782,-0.1180221520665157,0.18985273813908787,-0.022493518179147118,0.5245266595398795,0.18,0.18992143343544265,20.0,0.8335486392666746,-0.014103037319058894,1.838498878159821,-0.02411354955260157,2.800117875273745,-0.03370179567335211,0.608627438545227,0.17746056616306305,0.1274605691432953,0.7984858751296997,1.0,0,ROW_FOLLOW,,1.0,97.0,124.0,0.10748369991779327,0.0062773823738098145,0.0,0.3139357268810272,0.0,-0.3013809621334076,0.0,0.5873015522956848,0.6857142448425293,0.971940815448761,0.938429057598114,1.0,0.4285714328289032,0.7984858751296997,0.30000001192092896,0.20000000298023224,0.20000000298023224,0.15000000596046448,0.15000000596046448,1.0,1.0,1.0,1.0
complex_fixed_v018_r5,closed_loop,complex,full,1,0.18,False,5.572804398,1785051280.8663282,0.8663566864482153,-0.02080196085435261,-0.1185033095064787,0.17909630083537717,0.0045989838537513796,0.5353093396639428,0.18,0.1958228262288305,20.0,0.8335486392666746,-0.014103037319058894,1.838498878159821,-0.02411354955260157,2.800117875273745,-0.03370179567335211,0.608627438545227,0.17746056616306305,0.1274605691432953,0.7984858751296997,1.0,0,ROW_FOLLOW,,1.0,97.0,124.0,0.10748369991779327,0.0062773823738098145,0.0,0.3139357268810272,0.0,-0.3013809621334076,0.0,0.5873015522956848,0.6857142448425293,0.971940815448761,0.938429057598114,1.0,0.4285714328289032,0.7984858751296997,0.30000001192092896,0.20000000298023224,0.20000000298023224,0.15000000596046448,0.15000000596046448,1.0,1.0,1.0,1.0
complex_fixed_v018_r5,closed_loop,complex,full,1,0.18,False,5.623491249,1785051280.9170153,0.8724367363023747,-0.01951942465593207,-0.11841988640158085,0.17858057057098833,0.009976333542251015,0.5420194851962103,0.18,0.19619031945338944,20.0,0.8498329924863502,-0.013382948368646647,1.8497966702476052,-0.021574364734902537,2.816428589733679,-0.02944453283486026,0.6024208664894104,0.16017742455005646,0.1101774275302887,0.8018956184387207,1.0,0,ROW_FOLLOW,,1.0,105.0,100.0,0.11362369358539581,0.007693126797676086,0.0,0.31552740931510925,0.0,-0.3001411557197571,0.0,0.6269841194152832,0.6595237255096436,0.9670300483703613,0.9232638478279114,1.0,0.380952388048172,0.8018956184387207,0.30000001192092896,0.20000000298023224,0.20000000298023224,0.15000000596046448,0.15000000596046448,1.0,1.0,1.0,1.0
complex_fixed_v018_r5,closed_loop,complex,full,1,0.18,False,5.672970448,1785051280.9664946,0.8832114800782938,-0.021644861931461767,-0.11916843922845335,0.16771587362446885,-0.024039557135546515,0.5531558092042224,0.18,0.20839141205604234,20.0,0.8498329924863502,-0.013382948368646647,1.8497966702476052,-0.021574364734902537,2.816428589733679,-0.02944453283486026,0.6024208664894104,0.16017742455005646,0.1101774275302887,0.8018956184387207,1.0,0,ROW_FOLLOW,,1.0,105.0,100.0,0.11362369358539581,0.007693126797676086,0.0,0.31552740931510925,0.0,-0.3001411557197571,0.0,0.6269841194152832,0.6595237255096436,0.9670300483703613,0.9232638478279114,1.0,0.380952388048172,0.8018956184387207,0.30000001192092896,0.20000000298023224,0.20000000298023224,0.15000000596046448,0.15000000596046448,1.0,1.0,1.0,1.0
complex_fixed_v018_r5,closed_loop,complex,full,1,0.18,False,5.723071778,1785051281.0165956,0.8918159313916298,-0.022670377928588472,-0.11919994339984141,0.16971512973619246,-0.008979562405278248,0.5618307263433818,0.18,0.2207379844810857,21.0,0.8658968101790435,-0.013034825579364667,1.8658757525228975,-0.018379490392302713,2.8832198559710758,-0.015549166034576449,0.6092808246612549,0.163264200091362,0.11326420307159424,0.7780593633651733,1.0,0,ROW_FOLLOW,,1.0,83.0,98.0,0.11791759729385376,0.008287295699119568,0.0,0.3161293566226959,0.0,-0.2995547652244568,0.0,0.5317460298538208,0.6595237255096436,0.9678428173065186,0.9537478685379028,1.0,0.380952388048172,0.7780593633651733,0.30000001192092896,0.20000000298023224,0.20000000298023224,0.15000000596046448,0.15000000596046448,1.0,1.0,1.0,1.0
complex_fixed_v018_r5,closed_loop,complex,full,1,0.18,False,5.773162132,1785051281.066686,0.8950524292434219,-0.02304296069347134,-0.1188043641337586,0.17141069926454985,0.003575883726308515,0.5650991104921248,0.18,0.22221588407827664,21.0,0.8658968101790435,-0.013034825579364667,1.8658757525228975,-0.018379490392302713,2.8832198559710758,-0.015549166034576449,0.6092808246612549,0.163264200091362,0.11326420307159424,0.7780593633651733,1.0,0,ROW_FOLLOW,,1.0,83.0,98.0,0.11791759729385376,0.008287295699119568,0.0,0.3161293566226959,0.0,-0.2995547652244568,0.0,0.5317460298538208,0.6595237255096436,0.9678428173065186,0.9537478685379028,1.0,0.380952388048172,0.7780593633651733,0.30000001192092896,0.20000000298023224,0.20000000298023224,0.15000000596046448,0.15000000596046448,1.0,1.0,1.0,1.0
complex_fixed_v018_r5,closed_loop,complex,full,1,0.18,False,5.822872858,1785051281.116397,0.9065136664544068,-0.022084172496600888,-0.11858051280699389,0.17327080008799361,0.01394121576825101,0.577881908332237,0.18,0.22445016401193785,21.0,0.8815508206394421,-0.013620912054257932,1.8815464172580143,-0.01502633079392166,2.8891275435803356,-0.013297711823033817,0.6101197600364685,0.16657860577106476,0.116578608751297,0.7536985874176025,1.0,0,ROW_FOLLOW,,1.0,94.0,101.0,0.12051749229431152,0.008643612265586853,0.0,0.3163735866546631,0.0,-0.2990863621234894,0.0,0.4523809552192688,0.6595237255096436,0.9664754271507263,0.9518964886665344,1.0,0.380952388048172,0.7536985874176025,0.30000001192092896,0.20000000298023224,0.20000000298023224,0.15000000596046448,0.15000000596046448,1.0,1.0,1.0,1.0
complex_fixed_v018_r5,closed_loop,complex,full,1,0.18,False,5.872819463,1785051281.1663435,0.9156628236603992,-0.023158703422003876,-0.11791745676862005,0.17180980826063422,0.041155763246347433,0.5870996687617319,0.18,0.22495260528183947,21.0,0.8815508206394421,-0.013620912054257932,1.8815464172580143,-0.01502633079392166,2.8891275435803356,-0.013297711823033817,0.6101197600364685,0.16657860577106476,0.116578608751297,0.7536985874176025,1.0,0,ROW_FOLLOW,,1.0,94.0,101.0,0.12051749229431152,0.008643612265586853,0.0,0.3163735866546631,0.0,-0.2990863621234894,0.0,0.4523809552192688,0.6595237255096436,0.9664754271507263,0.9518964886665344,1.0,0.380952388048172,0.7536985874176025,0.30000001192092896,0.20000000298023224,0.20000000298023224,0.15000000596046448,0.15000000596046448,1.0,1.0,1.0,1.0
complex_fixed_v018_r5,closed_loop,complex,full,1,0.18,False,5.922853847,1785051281.216378,0.9245345966101849,-0.024152032447113135,-0.11641583801550003,0.17400832929641716,0.019364286576871538,0.5960564396049857,0.18,0.2316986935819949,21.0,0.8979630609087011,-0.013876679982566654,1.8979601382391198,-0.01243078384913361,2.8979572484113167,-0.010984889903477707,0.6102054119110107,0.17120857536792755,0.12120857834815979,0.7474781274795532,1.0,0,ROW_FOLLOW,,1.0,92.0,90.0,0.12049495428800583,0.009263068437576294,0.0,0.3168587386608124,0.0,-0.2983326017856598,0.0,0.4285714328289032,0.6595237255096436,0.9681355357170105,0.9558325409889221,1.0,0.380952388048172,0.7474781274795532,0.30000001192092896,0.20000000298023224,0.20000000298023224,0.15000000596046448,0.15000000596046448,1.0,1.0,1.0,1.0
complex_fixed_v018_r5,closed_loop,complex,full,1,0.18,False,5.972766788,1785051281.2662907,0.9337306970615212,-0.028670027248993254,-0.11527237494300378,0.18124607494841732,0.020796648902063397,0.6088135358460272,0.18,0.255194023119055,21.0,0.8979630609087011,-0.013876679982566654,1.8979601382391198,-0.01243078384913361,2.8979572484113167,-0.010984889903477707,0.6102054119110107,0.17120857536792755,0.12120857834815979,0.7474781274795532,1.0,0,ROW_FOLLOW,,1.0,92.0,90.0,0.12049495428800583,0.009263068437576294,0.0,0.3168587386608124,0.0,-0.2983326017856598,0.0,0.4285714328289032,0.6595237255096436,0.9681355357170105,0.9558325409889221,1.0,0.380952388048172,0.7474781274795532,0.30000001192092896,0.20000000298023224,0.20000000298023224,0.15000000596046448,0.15000000596046448,1.0,1.0,1.0,1.0
complex_fixed_v018_r5,closed_loop,complex,full,1,0.18,False,6.023553323,1785051281.3170772,0.9496283752410652,-0.02940029582790994,-0.11378678885266066,0.18105181862227865,0.024133225335322236,0.6247519222105664,0.18,0.25173533756074795,21.0,0.9147824040370355,-0.01561321449259871,1.9147749662232225,-0.01202883481989357,2.9147675733550833,-0.008444456640326897,0.6100319027900696,0.17487166821956635,0.12487167119979858,0.7542275190353394,1.0,0,ROW_FOLLOW,,1.0,93.0,94.0,0.11967970430850983,0.010089263319969177,0.0,0.3176732659339905,0.0,-0.2974947392940521,0.0,0.444444477558136,0.6595237255096436,0.9707297086715698,0.9656229615211487,1.0,0.380952388048172,0.7542275190353394,0.30000001192092896,0.20000000298023224,0.20000000298023224,0.15000000596046448,0.15000000596046448,1.0,1.0,1.0,1.0
complex_fixed_v018_r5,closed_loop,complex,full,1,0.18,False,6.074072457,1785051281.3675964,0.9590139951740974,-0.030440293330297047,-0.11225316997391041,0.19075783830124332,0.06681388782125039,0.6342082795620881,0.18,0.25591352804471934,21.0,0.9147824040370355,-0.01561321449259871,1.9147749662232225,-0.01202883481989357,2.9147675733550833,-0.008444456640326897,0.6100319027900696,0.17487166821956635,0.12487167119979858,0.7542275190353394,1.0,0,ROW_FOLLOW,,1.0,93.0,94.0,0.11967970430850983,0.010089263319969177,0.0,0.3176732659339905,0.0,-0.2974947392940521,0.0,0.444444477558136,0.6595237255096436,0.9707297086715698,0.9656229615211487,1.0,0.380952388048172,0.7542275190353394,0.30000001192092896,0.20000000298023224,0.20000000298023224,0.15000000596046448,0.15000000596046448,1.0,1.0,1.0,1.0
complex_fixed_v018_r5,closed_loop,complex,full,1,0.18,False,6.124104409,1785051281.4176285,0.9674033862973408,-0.031322630190154514,-0.11050547072382061,0.18855338514078235,0.03435336283762655,0.6426754831002709,0.18,0.249764903200613,21.0,0.9360849907542539,-0.01725360186523319,1.9360710226582558,-0.012065369454066083,2.936057060519584,-0.006877134036312027,0.6067429780960083,0.1662936955690384,0.11629369854927063,0.7671657800674438,1.0,0,ROW_FOLLOW,,1.0,78.0,93.0,0.11699416488409042,0.01108744740486145,0.0,0.31863677501678467,0.0,-0.29646188020706177,0.0,0.4841270446777344,0.6857142448425293,0.9666039347648621,0.9430935382843018,1.0,0.4285714328289032,0.7671657800674438,0.30000001192092896,0.20000000298023224,0.20000000298023224,0.15000000596046448,0.15000000596046448,1.0,1.0,1.0,1.0
complex_fixed_v018_r5,closed_loop,complex,full,1,0.18,False,6.172809121,1785051281.4663332,0.9786090173993043,-0.03177405251156451,-0.1086187205645834,0.1932242678218769,0.029478838734871986,0.6540099701004253,0.18,0.25130450998135734,21.0,0.9360849907542539,-0.01725360186523319,1.9360710226582558,-0.012065369454066083,2.936057060519584,-0.006877134036312027,0.6067429780960083,0.1662936955690384,0.11629369854927063,0.7671657800674438,1.0,0,ROW_FOLLOW,,1.0,78.0,93.0,0.11699416488409042,0.01108744740486145,0.0,0.31863677501678467,0.0,-0.29646188020706177,0.0,0.4841270446777344,0.6857142448425293,0.9666039347648621,0.9430935382843018,1.0,0.4285714328289032,0.7671657800674438,0.30000001192092896,0.20000000298023224,0.20000000298023224,0.15000000596046448,0.15000000596046448,1.0,1.0,1.0,1.0
complex_fixed_v018_r5,closed_loop,complex,full,1,0.18,False,6.223320799,1785051281.5168447,0.9873994732630444,-0.03265369751536237,-0.10638689639542424,0.19055476555718065,0.04498181422261805,0.6628894150293781,0.18,0.24126121857385088,21.0,0.9570647925585503,-0.018955801398040154,1.9570513733762487,-0.013924629377371845,2.957037954757664,-0.008893450509914809,0.6082225441932678,0.16562362015247345,0.11562362313270569,0.7607612609863281,1.0,0,ROW_FOLLOW,,1.0,86.0,97.0,0.1103939414024353,0.012766540050506592,0.0,0.3200026750564575,0.0,-0.29446959495544434,0.0,0.4761904776096344,0.6595237255096436,0.9689784049987793,0.9480247497558594,1.0,0.380952388048172,0.7607612609863281,0.30000001192092896,0.20000000298023224,0.20000000298023224,0.15000000596046448,0.15000000596046448,1.0,1.0,1.0,1.0
complex_fixed_v018_r5,closed_loop,complex,full,1,0.18,False,6.272788542,1785051281.5663126,0.9892811948462096,-0.03277357114985164,-0.10434108728269914,0.18730238473161753,0.06420756446255833,0.6648272799936055,0.18,0.23917326768053354,21.0,0.9570647925585503,-0.018955801398040154,1.9570513733762487,-0.013924629377371845,2.957037954757664,-0.008893450509914809,0.6082225441932678,0.16562362015247345,0.11562362313270569,0.7607612609863281,1.0,0,ROW_FOLLOW,,1.0,86.0,97.0,0.1103939414024353,0.012766540050506592,0.0,0.3200026750564575,0.0,-0.29446959495544434,0.0,0.4761904776096344,0.6595237255096436,0.9689784049987793,0.9480247497558594,1.0,0.380952388048172,0.7607612609863281,0.30000001192092896,0.20000000298023224,0.20000000298023224,0.15000000596046448,0.15000000596046448,1.0,1.0,1.0,1.0
complex_fixed_v018_r5,closed_loop,complex,full,1,0.18,False,6.323435841,1785051281.6169598,1.0014477917982978,-0.03159385880064377,-0.10153349294273858,0.1851214865913928,0.0753941621896887,0.6771147033894853,0.18,0.2316252971646119,21.0,0.9755752470324534,-0.019103434410548015,1.9755610137521809,-0.013924105462287182,2.97554680459007,-0.008744771024321599,0.6070237755775452,0.15917806327342987,0.10917806625366211,0.7504874467849731,1.0,0,ROW_FOLLOW,,1.0,100.0,79.0,0.10729627311229706,0.013687819242477417,0.0,0.31987810134887695,0.0,-0.2925024628639221,0.0,0.4444444179534912,0.6595237255096436,0.9674302339553833,0.9450886845588684,1.0,0.380952388048172,0.7504874467849731,0.30000001192092896,0.20000000298023224,0.20000000298023224,0.15000000596046448,0.15000000596046448,1.0,1.0,1.0,1.0
complex_fixed_v018_r5,closed_loop,complex,full,1,0.18,False,6.372886175,1785051281.6664102,1.011179882628111,-0.03297992873141039,-0.09830463486121181,0.17962088102818127,0.06459074859317859,0.6870968639728771,0.18,0.23137439954254463,21.0,0.9755752470324534,-0.019103434410548015,1.9755610137521809,-0.013924105462287182,2.97554680459007,-0.008744771024321599,0.6070237755775452,0.15917806327342987,0.10917806625366211,0.7504874467849731,1.0,0,ROW_FOLLOW,,1.0,100.0,79.0,0.10729627311229706,0.013687819242477417,0.0,0.31987810134887695,0.0,-0.2925024628639221,0.0,0.4444444179534912,0.6595237255096436,0.9674302339553833,0.9450886845588684,1.0,0.380952388048172,0.7504874467849731,0.30000001192092896,0.20000000298023224,0.20000000298023224,0.15000000596046448,0.15000000596046448,1.0,1.0,1.0,1.0
complex_fixed_v018_r5,closed_loop,complex,full,1,0.18,False,6.423261465,1785051281.7167854,1.0200861088457422,-0.033751655080585495,-0.0960636509164057,0.17961420689958799,0.03473112542697921,0.6960757665921506,0.18,0.22731046439628283,21.0,0.9929588851458835,-0.01864818397311878,1.9929462216165117,-0.013729710980943102,2.992933623050813,-0.00881123897061907,0.6067294478416443,0.16832394897937775,0.11832395195960999,0.750968337059021,1.0,0,ROW_FOLLOW,,1.0,107.0,93.0,0.10271584987640381,0.015001565217971802,0.0,0.3203076124191284,0.0,-0.2903044819831848,0.0,0.4523809850215912,0.6333332657814026,0.9736699461936951,0.9590229988098145,1.0,0.3333333432674408,0.750968337059021,0.30000001192092896,0.20000000298023224,0.20000000298023224,0.15000000596046448,0.15000000596046448,1.0,1.0,1.0,1.0
complex_fixed_v018_r5,closed_loop,complex,full,1,0.18,False,6.474019871,1785051281.7675438,1.028700320535104,-0.03501203392458781,-0.09472367910422544,0.17394964140170371,0.04948058510953262,0.7056441596005191,0.18,0.2333241718106069,21.0,0.9929588851458835,-0.01864818397311878,1.9929462216165117,-0.013729710980943102,2.992933623050813,-0.00881123897061907,0.6067294478416443,0.16832394897937775,0.11832395195960999,0.750968337059021,1.0,0,ROW_FOLLOW,,1.0,107.0,93.0,0.10271584987640381,0.015001565217971802,0.0,0.3203076124191284,0.0,-0.2903044819831848,0.0,0.4523809850215912,0.6333332657814026,0.9736699461936951,0.9590229988098145,1.0,0.3333333432674408,0.750968337059021,0.30000001192092896,0.20000000298023224,0.20000000298023224,0.15000000596046448,0.15000000596046448,1.0,1.0,1.0,1.0
complex_fixed_v018_r5,closed_loop,complex,full,1,0.18,False,6.524501181,1785051281.818025,1.036384133112974,-0.034876081264490724,-0.09009063961688037,0.168669820612454,0.07420100028104837,0.7151452924225441,0.18,0.23335263583445479,21.0,1.0094344268459536,-0.017920946834852614,2.009423048234952,-0.01350482725300481,3.0094117180481916,-0.009088712388248328,0.6075717210769653,0.1727965623140335,0.12279656529426575,0.7488152980804443,1.0,0,ROW_FOLLOW,,1.0,114.0,97.0,0.09313111752271652,0.017363131046295166,0.0,0.32257282733917236,0.0,-0.28784656524658203,0.0,0.4285714328289032,0.6595237255096436,0.9739319682121277,0.957018256187439,1.0,0.380952388048172,0.7488152980804443,0.30000001192092896,0.20000000298023224,0.20000000298023224,0.15000000596046448,0.15000000596046448,1.0,1.0,1.0,1.0
complex_fixed_v018_r5,closed_loop,complex,full,1,0.18,False,6.572823801,1785051281.8663478,1.0453967810257978,-0.03555389398396044,-0.08716688442243958,0.16967676967442824,0.08240221973557656,0.7242337500814877,0.18,0.23470495453323445,21.0,1.0094344268459536,-0.017920946834852614,2.009423048234952,-0.01350482725300481,3.0094117180481916,-0.009088712388248328,0.6075717210769653,0.1727965623140335,0.12279656529426575,0.7488152980804443,1.0,0,ROW_FOLLOW,,1.0,114.0,97.0,0.09313111752271652,0.017363131046295166,0.0,0.32257282733917236,0.0,-0.28784656524658203,0.0,0.4285714328289032,0.6595237255096436,0.9739319682121277,0.957018256187439,1.0,0.380952388048172,0.7488152980804443,0.30000001192092896,0.20000000298023224,0.20000000298023224,0.15000000596046448,0.15000000596046448,1.0,1.0,1.0,1.0
complex_fixed_v018_r5,closed_loop,complex,full,1,0.18,False,6.622765158,1785051281.916289,1.0480914536147623,-0.03557357160769387,-0.08195565281304248,0.17094398089072202,0.10489078343345265,0.7270644841046421,0.18,0.22676525100191477,21.0,1.0281735782506152,-0.01663252057851741,2.0281675165455497,-0.014525774656449629,3.0281614638672054,-0.01241903620328612,0.6073770523071289,0.17241723835468292,0.12241724133491516,0.757609486579895,1.0,0,ROW_FOLLOW,,1.0,110.0,107.0,0.08264177292585373,0.02032339572906494,0.0,0.3248906135559082,0.0,-0.2842438220977783,0.0,0.444444477558136,0.6857142448425293,0.9749487638473511,0.9476236701011658,1.0,0.4285714328289032,0.757609486579895,0.30000001192092896,0.20000000298023224,0.20000000298023224,0.15000000596046448,0.15000000596046448,1.0,1.0,1.0,1.0
complex_fixed_v018_r5,closed_loop,complex,full,1,0.18,False,6.672978907,1785051281.966503,1.0481007877327504,-0.03544865284506466,-0.0776517641605037,0.171752032072078,0.10869016893392935,0.7271897511838669,0.18,0.21969469438532568,21.0,1.0281735782506152,-0.01663252057851741,2.0281675165455497,-0.014525774656449629,3.0281614638672054,-0.01241903620328612,0.6073770523071289,0.17241723835468292,0.12241724133491516,0.757609486579895,1.0,0,ROW_FOLLOW,,1.0,110.0,107.0,0.08264177292585373,0.02032339572906494,0.0,0.3248906135559082,0.0,-0.2842438220977783,0.0,0.444444477558136,0.6857142448425293,0.9749487638473511,0.9476236701011658,1.0,0.4285714328289032,0.757609486579895,0.30000001192092896,0.20000000298023224,0.20000000298023224,0.15000000596046448,0.15000000596046448,1.0,1.0,1.0,1.0
complex_fixed_v018_r5,closed_loop,complex,full,1,0.18,False,6.723550844,1785051282.0170746,1.0631609703694092,-0.03676860646964512,-0.07291687822632567,0.1716790344153385,0.12067228307702685,0.7439052234578197,0.18,0.22391740351935385,20.0,1.040270945415909,-0.014672363521522588,2.0452701830924087,-0.014774763409881786,2.973602857148343,-0.014888558366151869,0.6031255125999451,0.15925736725330353,0.10925737023353577,0.7679694890975952,1.0,0,ROW_FOLLOW,,1.0,120.0,112.0,0.0720091313123703,0.023122087121009827,0.0,0.32696107029914856,0.0,-0.2807168960571289,0.0,0.4841269850730896,0.6857142448425293,0.9737644195556641,0.938904881477356,1.0,0.4285714328289032,0.7679694890975952,0.30000001192092896,0.20000000298023224,0.20000000298023224,0.15000000596046448,0.15000000596046448,1.0,1.0,1.0,1.0
complex_fixed_v018_r5,closed_loop,complex,full,1,0.18,False,6.772839861,1785051282.0663638,1.071777901835877,-0.03722109156656376,-0.06569989824343472,0.15817859789075614,0.11562286629521484,0.7525935525828098,0.18,0.22152312751176856,20.0,1.040270945415909,-0.014672363521522588,2.0452701830924087,-0.014774763409881786,2.973602857148343,-0.014888558366151869,0.6031255125999451,0.15925736725330353,0.10925737023353577,0.7679694890975952,1.0,0,ROW_FOLLOW,,1.0,120.0,112.0,0.0720091313123703,0.023122087121009827,0.0,0.32696107029914856,0.0,-0.2807168960571289,0.0,0.4841269850730896,0.6857142448425293,0.9737644195556641,0.938904881477356,1.0,0.4285714328289032,0.7679694890975952,0.30000001192092896,0.20000000298023224,0.20000000298023224,0.15000000596046448,0.15000000596046448,1.0,1.0,1.0,1.0
complex_fixed_v018_r5,closed_loop,complex,full,1,0.18,False,6.8235983,1785051282.1171224,1.080241035010674,-0.0374739001855013,-0.05792581404154307,0.16086532313426705,0.14895625615455996,0.7612145271026252,0.18,0.21664837529893174,20.0,1.0548892929837832,-0.012903780325022254,2.0648878347293373,-0.014505741941744449,3.021553096202054,-0.016032987127956675,0.6020557284355164,0.16195066273212433,0.11195066571235657,0.7599866390228271,1.0,0,ROW_FOLLOW,,1.0,104.0,103.0,0.058173924684524536,0.025645077228546143,0.0,0.3284125328063965,0.0,-0.2771223783493042,0.0,0.4920634627342224,0.6333332657814026,0.9747394323348999,0.9383540153503418,1.0,0.3333333432674408,0.7599866390228271,0.30000001192092896,0.20000000298023224,0.20000000298023224,0.15000000596046448,0.15000000596046448,1.0,1.0,1.0,1.0
complex_fixed_v018_r5,closed_loop,complex,full,1,0.18,False,6.873321602,1785051282.1668453,1.0904294177321432,-0.03888394925438091,-0.05179547671549445,0.1598080014470091,0.14864132327549082,0.7718318636852413,0.18,0.21883619526275278,20.0,1.0548892929837832,-0.012903780325022254,2.0648878347293373,-0.014505741941744449,3.021553096202054,-0.016032987127956675,0.6020557284355164,0.16195066273212433,0.11195066571235657,0.7599866390228271,1.0,0,ROW_FOLLOW,,1.0,104.0,103.0,0.058173924684524536,0.025645077228546143,0.0,0.3284125328063965,0.0,-0.2771223783493042,0.0,0.4920634627342224,0.6333332657814026,0.9747394323348999,0.9383540153503418,1.0,0.3333333432674408,0.7599866390228271,0.30000001192092896,0.20000000298023224,0.20000000298023224,0.15000000596046448,0.15000000596046448,1.0,1.0,1.0,1.0
complex_fixed_v018_r5,closed_loop,complex,full,1,0.18,False,6.924387122,1785051282.217911,1.0904362967107324,-0.038728675259431834,-0.04283347997841068,0.16206197212489945,0.15482732123831905,0.7719872904445922,0.18,0.20507608611001835,21.0,1.069950874716328,-0.011302670751552382,2.079943072946526,-0.01460715122761557,3.090573351226694,-0.022884576120498747,0.5999030470848083,0.16092552244663239,0.11092552542686462,0.7661914825439453,1.0,0,ROW_FOLLOW,,1.0,121.0,117.0,0.039677832275629044,0.028444528579711914,0.0,0.330210417509079,0.0,-0.27332136034965515,0.0,0.4920635223388672,0.6595237255096436,0.9779585003852844,0.9405059814453125,1.0,0.380952388048172,0.7661914825439453,0.30000001192092896,0.20000000298023224,0.20000000298023224,0.15000000596046448,0.15000000596046448,1.0,1.0,1.0,1.0
complex_fixed_v018_r5,closed_loop,complex,full,1,0.18,False,6.973641707,1785051282.2671657,1.1091759719419187,-0.036469716808237,-0.036256810246346305,0.16539704353429857,0.17561973245050683,0.7923959153264465,0.18,0.18532061215365003,21.0,1.069950874716328,-0.011302670751552382,2.079943072946526,-0.01460715122761557,3.090573351226694,-0.022884576120498747,0.5999030470848083,0.16092552244663239,0.11092552542686462,0.7661914825439453,1.0,0,ROW_FOLLOW,,1.0,121.0,117.0,0.039677832275629044,0.028444528579711914,0.0,0.330210417509079,0.0,-0.27332136034965515,0.0,0.4920635223388672,0.6595237255096436,0.9779585003852844,0.9405059814453125,1.0,0.380952388048172,0.7661914825439453,0.30000001192092896,0.20000000298023224,0.20000000298023224,0.15000000596046448,0.15000000596046448,1.0,1.0,1.0,1.0
complex_fixed_v018_r5,closed_loop,complex,full,1,0.18,False,7.022761983,1785051282.3162858,1.1240953422363658,-0.03586670601958228,-0.027018836621853563,0.17156860585232797,0.13899511518325655,0.8074781761737908,0.18,0.17894437302990113,21.0,1.0928211000477013,-0.00904547536171903,2.0978047944588982,-0.014444401849907794,3.103260472459424,-0.021298878648873323,0.5960772633552551,0.16484923660755157,0.11484923958778381,0.7668416500091553,1.0,0,ROW_FOLLOW,,1.0,115.0,121.0,0.02253265120089054,0.030434459447860718,0.0,0.3314245045185089,0.0,-0.2705555856227875,0.0,0.4920635223388672,0.6595237255096436,0.9788192510604858,0.9436930418014526,1.0,0.380952388048172,0.7668416500091553,0.30000001192092896,0.20000000298023224,0.20000000298023224,0.15000000596046448,0.15000000596046448,1.0,1.0,1.0,1.0
complex_fixed_v018_r5,closed_loop,complex,full,1,0.18,False,7.073011638,1785051282.3665357,1.1282042082534143,-0.03665792517232316,-0.02158106352937228,0.17182571875688082,0.15316881808685476,0.8215149051412282,0.18,0.17692144819751993,21.0,1.0928211000477013,-0.00904547536171903,2.0978047944588982,-0.014444401849907794,3.103260472459424,-0.021298878648873323,0.5960772633552551,0.16484923660755157,0.11484923958778381,0.7668416500091553,1.0,0,ROW_FOLLOW,,1.0,115.0,121.0,0.02253265120089054,0.030434459447860718,0.0,0.3314245045185089,0.0,-0.2705555856227875,0.0,0.4920635223388672,0.6595237255096436,0.9788192510604858,0.9436930418014526,1.0,0.380952388048172,0.7668416500091553,0.30000001192092896,0.20000000298023224,0.20000000298023224,0.15000000596046448,0.15000000596046448,1.0,1.0,1.0,1.0
complex_fixed_v018_r5,closed_loop,complex,full,1,0.18,False,7.123658841,1785051282.4171827,1.1366791872871427,-0.03661075919471799,-0.012227165154046642,0.17564738288608855,0.17603437032185232,0.830099965384819,0.18,0.1679434316426353,19.0,1.1116897212879084,-0.0067795206631801885,2.011666765418313,-0.013193862981264298,2.978308472790237,-0.02013510575229923,0.5980492830276489,0.16727791726589203,0.11727792024612427,0.7761000394821167,1.0,0,ROW_FOLLOW,,1.0,112.0,124.0,0.0075357453897595406,0.0319075882434845,0.0,0.33211880922317505,0.0,-0.26830363273620605,0.0,0.4841269552707672,0.7119047045707703,0.9808551073074341,0.9487332105636597,1.0,0.4761904776096344,0.7761000394821167,0.30000001192092896,0.20000000298023224,0.20000000298023224,0.15000000596046448,0.15000000596046448,1.0,1.0,1.0,1.0
complex_fixed_v018_r5,closed_loop,complex,full,1,0.18,False,7.173016756,1785051282.4665408,1.1451728546547182,-0.03638434970940323,-0.0048322149905390965,0.17579869412411958,0.20014534755299498,0.8387228103425362,0.18,0.15946535836092143,19.0,1.1116897212879084,-0.0067795206631801885,2.011666765418313,-0.013193862981264298,2.978308472790237,-0.02013510575229923,0.5980492830276489,0.16727791726589203,0.11727792024612427,0.7761000394821167,1.0,0,ROW_FOLLOW,,1.0,112.0,124.0,0.0075357453897595406,0.0319075882434845,0.0,0.33211880922317505,0.0,-0.26830363273620605,0.0,0.4841269552707672,0.7119047045707703,0.9808551073074341,0.9487332105636597,1.0,0.4761904776096344,0.7761000394821167,0.30000001192092896,0.20000000298023224,0.20000000298023224,0.15000000596046448,0.15000000596046448,1.0,1.0,1.0,1.0
complex_fixed_v018_r5,closed_loop,complex,full,1,0.18,False,7.223120871,1785051282.516645,1.1555179410998624,-0.0369703272741837,0.006615050650368382,0.1770131241346533,0.19902861816320006,0.849417426506623,0.18,0.15217548035555545,21.0,1.1304221085952373,-0.005024040159731221,2.130399571522124,-0.01161221228691126,3.131367891357524,-0.017049029980152175,0.598164439201355,0.16574133932590485,0.11574134230613708,0.7784923315048218,1.0,0,ROW_FOLLOW,,1.0,118.0,120.0,-0.007477720733731985,0.03206340968608856,0.0,0.3320724070072174,0.0,-0.2679455876350403,0.0,0.4920635223388672,0.7119047045707703,0.9807239770889282,0.9489834904670715,1.0,0.4761904776096344,0.7784923315048218,0.30000001192092896,0.20000000298023224,0.20000000298023224,0.15000000596046448,0.15000000596046448,1.0,1.0,1.0,1.0
complex_fixed_v018_r5,closed_loop,complex,full,1,0.18,False,7.27305458,1785051282.5665784,1.1646528083619823,-0.03654788936112074,0.014171021113127411,0.17772565418011066,0.1991648043920414,0.858694116112809,0.18,0.14318246107613233,21.0,1.1304221085952373,-0.005024040159731221,2.130399571522124,-0.01161221228691126,3.131367891357524,-0.017049029980152175,0.598164439201355,0.16574133932590485,0.11574134230613708,0.7784923315048218,1.0,0,ROW_FOLLOW,,1.0,118.0,120.0,-0.007477720733731985,0.03206340968608856,0.0,0.3320724070072174,0.0,-0.2679455876350403,0.0,0.4920635223388672,0.7119047045707703,0.9807239770889282,0.9489834904670715,1.0,0.4761904776096344,0.7784923315048218,0.30000001192092896,0.20000000298023224,0.20000000298023224,0.15000000596046448,0.15000000596046448,1.0,1.0,1.0,1.0
complex_fixed_v018_r5,closed_loop,complex,full,1,0.18,False,7.324266184,1785051282.6177902,1.164645122665348,-0.03627123780518498,0.024400398224869942,0.1784863596779925,0.1739447366591088,0.8589708754780628,0.18,0.12078446674581876,18.0,1.1467349383213101,-0.004437610172965433,2.0467107468145826,-0.010851770092772944,3.0083502061857472,-0.017922700728420147,0.5956670641899109,0.15708757936954498,0.10708758234977722,0.7843348979949951,1.0,0,ROW_FOLLOW,,1.0,126.0,124.0,-0.029569171369075775,0.032826781272888184,0.0,0.33242663741111755,0.0,-0.2667730748653412,0.0,0.5396825075149536,0.6857142448425293,0.9764667749404907,0.9332932829856873,1.0,0.4285714328289032,0.7843348979949951,0.30000001192092896,0.20000000298023224,0.20000000298023224,0.15000000596046448,0.15000000596046448,1.0,1.0,1.0,1.0
complex_fixed_v018_r5,closed_loop,complex,full,1,0.18,False,7.373006737,1785051282.6665306,1.1834970791118402,-0.0356687545121165,0.03195464687950978,0.17965018367658941,0.18364570720374873,0.8779124348064635,0.18,0.11570974598976712,18.0,1.1467349383213101,-0.004437610172965433,2.0467107468145826,-0.010851770092772944,3.0083502061857472,-0.017922700728420147,0.5956670641899109,0.15708757936954498,0.10708758234977722,0.7843348979949951,1.0,0,ROW_FOLLOW,,1.0,126.0,124.0,-0.029569171369075775,0.032826781272888184,0.0,0.33242663741111755,0.0,-0.2667730748653412,0.0,0.5396825075149536,0.6857142448425293,0.9764667749404907,0.9332932829856873,1.0,0.4285714328289032,0.7843348979949951,0.30000001192092896,0.20000000298023224,0.20000000298023224,0.15000000596046448,0.15000000596046448,1.0,1.0,1.0,1.0
complex_fixed_v018_r5,closed_loop,complex,full,1,0.18,False,7.424059648,1785051282.7175837,1.1878637071382816,-0.03566582467398211,0.041509453183590665,0.1797442820085309,0.16274625861623962,0.8826921802813362,0.18,0.09321455165445736,21.0,1.1651811262981815,-0.003631489608287667,2.165150797203559,-0.011162339470189608,3.165250657760118,-0.017446819304985175,0.5940452218055725,0.15806333720684052,0.10806334018707275,0.7767422199249268,1.0,0,ROW_FOLLOW,,1.0,122.0,127.0,-0.047404032200574875,0.0332796573638916,0.0,0.332514226436615,0.0,-0.2659549117088318,0.0,0.5158730745315552,0.6857142448425293,0.9741030335426331,0.9334454536437988,1.0,0.4285714328289032,0.7767422199249268,0.30000001192092896,0.20000000298023224,0.20000000298023224,0.15000000596046448,0.15000000596046448,1.0,1.0,1.0,1.0
complex_fixed_v018_r5,closed_loop,complex,full,1,0.18,False,7.47348931,1785051282.7670133,1.1976168336208544,-0.034121141818838824,0.04719431213698624,0.17476599695225903,0.1349676545003525,0.8929050099591177,0.18,0.08614086583909975,21.0,1.1651811262981815,-0.003631489608287667,2.165150797203559,-0.011162339470189608,3.165250657760118,-0.017446819304985175,0.5940452218055725,0.15806333720684052,0.10806334018707275,0.7767422199249268,1.0,0,ROW_FOLLOW,,1.0,122.0,127.0,-0.047404032200574875,0.0332796573638916,0.0,0.332514226436615,0.0,-0.2659549117088318,0.0,0.5158730745315552,0.6857142448425293,0.9741030335426331,0.9334454536437988,1.0,0.4285714328289032,0.7767422199249268,0.30000001192092896,0.20000000298023224,0.20000000298023224,0.15000000596046448,0.15000000596046448,1.0,1.0,1.0,1.0
complex_fixed_v018_r5,closed_loop,complex,full,1,0.18,False,7.522742039,1785051282.816266,1.2068038008984714,-0.03338637990960897,0.053203787517133165,0.16790414926911226,0.11215408961533398,0.9022457148359578,0.18,0.07247023267789232,19.0,1.1822156478328818,-0.0025709241211489104,2.0821785449092434,-0.010752790372939795,3.090773921072244,-0.01962475860567385,0.5925522446632385,0.1671128123998642,0.11711281538009644,0.7818500995635986,1.0,0,ROW_FOLLOW,,1.0,118.0,134.0,-0.060561083257198334,0.03215944766998291,0.0,0.3308526277542114,0.0,-0.2665337324142456,0.0,0.523809552192688,0.6857142448425293,0.9782513380050659,0.9460940361022949,1.0,0.4285714328289032,0.7818500995635986,0.30000001192092896,0.20000000298023224,0.20000000298023224,0.15000000596046448,0.15000000596046448,1.0,1.0,1.0,1.0
complex_fixed_v018_r5,closed_loop,complex,full,1,0.18,False,7.574426201,1785051282.86795,1.206795324692282,-0.033252996599038145,0.058111739491028214,0.17106809506235957,0.11204309698991449,0.9023793672972814,0.18,0.06443929099548,19.0,1.1822156478328818,-0.0025709241211489104,2.0821785449092434,-0.010752790372939795,3.090773921072244,-0.01962475860567385,0.5925522446632385,0.1671128123998642,0.11711281538009644,0.7818500995635986,1.0,0,ROW_FOLLOW,,1.0,118.0,134.0,-0.060561083257198334,0.03215944766998291,0.0,0.3308526277542114,0.0,-0.2665337324142456,0.0,0.523809552192688,0.6857142448425293,0.9782513380050659,0.9460940361022949,1.0,0.4285714328289032,0.7818500995635986,0.30000001192092896,0.20000000298023224,0.20000000298023224,0.15000000596046448,0.15000000596046448,1.0,1.0,1.0,1.0
complex_fixed_v018_r5,closed_loop,complex,full,1,0.18,False,7.622924762,1785051282.9164488,1.2094621557075063,-0.032729588976145155,0.06370580336680609,0.1729079140303893,0.11644632306755193,0.9065240908416732,0.18,0.05056798762246291,21.0,1.1973262017393702,-0.0023806089242103313,2.202294341053022,-0.010078884813657965,3.196981243877727,-0.016243754970247302,0.59229975938797,0.16402579843997955,0.11402580142021179,0.7932032346725464,1.0,0,ROW_FOLLOW,,1.0,124.0,133.0,-0.06595738977193832,0.029854953289031982,0.0,0.3282238841056824,0.0,-0.2685139775276184,0.0,0.555555522441864,0.7119047045707703,0.9733898639678955,0.9298517107963562,1.0,0.4761904776096344,0.7932032346725464,0.30000001192092896,0.20000000298023224,0.20000000298023224,0.15000000596046448,0.15000000596046448,1.0,1.0,1.0,1.0
complex_fixed_v018_r5,closed_loop,complex,full,1,0.18,False,7.67347593,1785051282.9669998,1.2272420797565682,-0.025923419865881977,0.0687868573522632,0.1717078123832322,0.12768132670514576,0.92631685108893,0.18,0.01471485434716601,21.0,1.1973262017393702,-0.0023806089242103313,2.202294341053022,-0.010078884813657965,3.196981243877727,-0.016243754970247302,0.59229975938797,0.16402579843997955,0.11402580142021179,0.7932032346725464,1.0,0,ROW_FOLLOW,,1.0,124.0,133.0,-0.06595738977193832,0.029854953289031982,0.0,0.3282238841056824,0.0,-0.2685139775276184,0.0,0.555555522441864,0.7119047045707703,0.9733898639678955,0.9298517107963562,1.0,0.4761904776096344,0.7932032346725464,0.30000001192092896,0.20000000298023224,0.20000000298023224,0.15000000596046448,0.15000000596046448,1.0,1.0,1.0,1.0
complex_fixed_v018_r5,closed_loop,complex,full,1,0.18,False,7.722779157,1785051283.016303,1.235959056831265,-0.025052115103476352,0.07532698024044837,0.17316731472178468,0.10866380447077438,0.9352129427561909,0.18,0.010918796035264983,21.0,1.2118604006665368,-0.0010802090771610065,2.216836646795396,-0.0076989593600547595,3.2188068094013476,-0.011054577628469679,0.5920288562774658,0.1604291945695877,0.11042919754981995,0.7955454587936401,1.0,0,ROW_FOLLOW,,1.0,126.0,145.0,-0.07856471836566925,0.027479171752929688,0.0,0.3258512616157532,0.0,-0.2708929181098938,0.0,0.5476190447807312,0.7380951642990112,0.971899688243866,0.9284048676490784,1.0,0.523809552192688,0.7955454587936401,0.30000001192092896,0.20000000298023224,0.20000000298023224,0.15000000596046448,0.15000000596046448,1.0,1.0,1.0,1.0
complex_fixed_v018_r5,closed_loop,complex,full,1,0.18,False,7.774279346,1785051283.0678034,1.2517360420331125,-0.02126491978581804,0.07944662263121272,0.17246888768745536,0.08565516795970092,0.9517158648029984,0.18,-0.013101833540617482,21.0,1.2118604006665368,-0.0010802090771610065,2.216836646795396,-0.0076989593600547595,3.2188068094013476,-0.011054577628469679,0.5920288562774658,0.1604291945695877,0.11042919754981995,0.7955454587936401,1.0,0,ROW_FOLLOW,,1.0,126.0,145.0,-0.07856471836566925,0.027479171752929688,0.0,0.3258512616157532,0.0,-0.2708929181098938,0.0,0.5476190447807312,0.7380951642990112,0.971899688243866,0.9284048676490784,1.0,0.523809552192688,0.7955454587936401,0.30000001192092896,0.20000000298023224,0.20000000298023224,0.15000000596046448,0.15000000596046448,1.0,1.0,1.0,1.0
complex_fixed_v018_r5,closed_loop,complex,full,1,0.18,False,7.824028057,1785051283.117552,1.2680274836244967,-0.016765597304075786,0.08447395143324465,0.19732404139411097,0.07092568819719347,0.9703409544287482,0.18,-0.03482399935454686,19.0,1.229857536783448,0.0008704878645030464,2.1298422675963855,-0.004315694479095271,3.096492148207597,-0.0099623870369119,0.590502142906189,0.16143448650836945,0.11143448948860168,0.8029258251190186,1.0,0,ROW_FOLLOW,,1.0,144.0,158.0,-0.08978366106748581,0.025164678692817688,0.0,0.323491632938385,0.0,-0.27316227555274963,0.0,0.5714285969734192,0.7380951642990112,0.9727473258972168,0.9288581013679504,1.0,0.523809552192688,0.8029258251190186,0.30000001192092896,0.20000000298023224,0.20000000298023224,0.15000000596046448,0.15000000596046448,1.0,1.0,1.0,1.0
complex_fixed_v018_r5,closed_loop,complex,full,1,0.18,False,7.873038635,1785051283.1665626,1.2765378133744778,-0.015941481926467077,0.08812647093952199,0.19455568600418752,0.10781189453772289,0.9789229818778014,0.18,-0.0417392270158414,19.0,1.229857536783448,0.0008704878645030464,2.1298422675963855,-0.004315694479095271,3.096492148207597,-0.0099623870369119,0.590502142906189,0.16143448650836945,0.11143448948860168,0.8029258251190186,1.0,0,ROW_FOLLOW,,1.0,144.0,158.0,-0.08978366106748581,0.025164678692817688,0.0,0.323491632938385,0.0,-0.27316227555274963,0.0,0.5714285969734192,0.7380951642990112,0.9727473258972168,0.9288581013679504,1.0,0.523809552192688,0.8029258251190186,0.30000001192092896,0.20000000298023224,0.20000000298023224,0.15000000596046448,0.15000000596046448,1.0,1.0,1.0,1.0
complex_fixed_v018_r5,closed_loop,complex,full,1,0.18,False,7.923741904,1785051283.2172658,1.2765269467714482,-0.015825924976096067,0.09481471027800613,0.19105919230588908,0.10656764210885088,0.9790390488259642,0.18,-0.04877394336637498,21.0,1.229857536783448,0.0008704878645030464,2.1298422675963855,-0.004315694479095271,3.096492148207597,-0.0099623870369119,0.58893883228302,0.15841172635555267,0.10841172933578491,0.7981364727020264,1.0,0,ROW_FOLLOW,,1.0,130.0,150.0,-0.10029689222574234,0.023368418216705322,0.0,0.3214712142944336,0.0,-0.27473437786102295,0.0,0.579365074634552,0.7119047045707703,0.9679999351501465,0.9223069548606873,1.0,0.4761904776096344,0.7981364727020264,0.30000001192092896,0.20000000298023224,0.20000000298023224,0.15000000596046448,0.15000000596046448,1.0,1.0,1.0,1.0
complex_fixed_v018_r5,closed_loop,complex,full,1,0.18,False,7.973028553,1785051283.2665527,1.2960874305704835,-0.013526993112828805,0.09892788705544044,0.20543721784048502,0.09941879145874122,0.998782845740375,0.18,-0.054227176060016154,21.0,1.2520044312697605,0.004362945353124884,2.251981011208106,-0.0024588757076103545,3.2520078034052577,-0.008994084574423692,0.58893883228302,0.15841172635555267,0.10841172933578491,0.7981364727020264,1.0,0,ROW_FOLLOW,,1.0,130.0,150.0,-0.10029689222574234,0.023368418216705322,0.0,0.3214712142944336,0.0,-0.27473437786102295,0.0,0.579365074634552,0.7119047045707703,0.9679999351501465,0.9223069548606873,1.0,0.4761904776096344,0.7981364727020264,0.30000001192092896,0.20000000298023224,0.20000000298023224,0.15000000596046448,0.15000000596046448,1.0,1.0,1.0,1.0
complex_fixed_v018_r5,closed_loop,complex,full,1,0.18,False,8.023540968,1785051283.317065,1.3038068675555285,-0.01669652299396171,0.10404241731807497,0.19520781621426686,0.08403622574263865,1.0072611341751934,0.18,-0.04093676139684118,21.0,1.2749561889110668,0.006317172739808006,2.2749271484146525,-0.0012991924365572897,3.2864186284597885,-0.008446379033209715,0.5897272229194641,0.15853984653949738,0.10853984951972961,0.7974777221679688,1.0,0,ROW_FOLLOW,,1.0,136.0,143.0,-0.11079703271389008,0.020949795842170715,0.0,0.3189466893672943,0.0,-0.2770470976829529,0.0,0.5714285969734192,0.7119047045707703,0.9713336229324341,0.9293429255485535,1.0,0.4761904776096344,0.7974777221679688,0.30000001192092896,0.20000000298023224,0.20000000298023224,0.15000000596046448,0.15000000596046448,1.0,1.0,1.0,1.0
complex_fixed_v018_r5,closed_loop,complex,full,1,0.18,False,8.074717628,1785051283.3682415,1.3142689683313944,-0.015645178608575505,0.10686789231196642,0.1921041909781197,0.07076247526218828,1.0178059791528917,0.18,-0.04484195674887286,21.0,1.2749561889110668,0.006317172739808006,2.2749271484146525,-0.0012991924365572897,3.2864186284597885,-0.008446379033209715,0.5897272229194641,0.15853984653949738,0.10853984951972961,0.7974777221679688,1.0,0,ROW_FOLLOW,,1.0,136.0,143.0,-0.11079703271389008,0.020949795842170715,0.0,0.3189466893672943,0.0,-0.2770470976829529,0.0,0.5714285969734192,0.7119047045707703,0.9713336229324341,0.9293429255485535,1.0,0.4761904776096344,0.7974777221679688,0.30000001192092896,0.20000000298023224,0.20000000298023224,0.15000000596046448,0.15000000596046448,1.0,1.0,1.0,1.0
complex_fixed_v018_r5,closed_loop,complex,full,1,0.18,False,8.123534247,1785051283.4170582,1.3193531626698929,-0.018239192145933808,0.1104766268658075,0.18131113198512483,0.06832229264587135,1.024449776181788,0.18,-0.04718486118709239,21.0,1.2957967600473637,0.006011790269464214,2.295763085014294,-0.0022004794388514903,3.295729430894189,-0.010412753018290893,0.5866761803627014,0.16219951212406158,0.11219951510429382,0.8078978061676025,1.0,0,ROW_FOLLOW,,1.0,136.0,143.0,-0.11801207810640335,0.018647894263267517,0.0,0.31634360551834106,0.0,-0.27904781699180603,0.0,0.6111111640930176,0.7119047045707703,0.9682034254074097,0.9236190319061279,1.0,0.4761904776096344,0.8078978061676025,0.30000001192092896,0.20000000298023224,0.20000000298023224,0.15000000596046448,0.15000000596046448,1.0,1.0,1.0,1.0
complex_fixed_v018_r5,closed_loop,complex,full,1,0.18,False,8.173568472,1785051283.4670925,1.3285948085127692,-0.017157221572965713,0.11291994944185955,0.18050575548937325,0.05843351986457017,1.0337746564795542,0.18,-0.050938551583580946,21.0,1.2957967600473637,0.006011790269464214,2.295763085014294,-0.0022004794388514903,3.295729430894189,-0.010412753018290893,0.5866761803627014,0.16219951212406158,0.11219951510429382,0.8078978061676025,1.0,0,ROW_FOLLOW,,1.0,136.0,143.0,-0.11801207810640335,0.018647894263267517,0.0,0.31634360551834106,0.0,-0.27904781699180603,0.0,0.6111111640930176,0.7119047045707703,0.9682034254074097,0.9236190319061279,1.0,0.4761904776096344,0.8078978061676025,0.30000001192092896,0.20000000298023224,0.20000000298023224,0.15000000596046448,0.15000000596046448,1.0,1.0,1.0,1.0
complex_fixed_v018_r5,closed_loop,complex,full,1,0.18,False,8.223600808,1785051283.517125,1.3339417283828734,-0.01807712644939888,0.11567086530873419,0.1748354594355001,0.04791094530040056,1.0392590745062786,0.18,-0.07339366634945992,20.0,1.313138034272549,0.0030742569255375143,2.3131006223295723,-0.005584938536747369,3.2463990246669385,-0.013678931600781674,0.587226390838623,0.16155777871608734,0.11155778169631958,0.8132339715957642,1.0,0,ROW_FOLLOW,,1.0,133.0,144.0,-0.12373161315917969,0.015817850828170776,0.0,0.3131289482116699,0.0,-0.28149324655532837,0.0,0.6111111640930176,0.7380951642990112,0.9695338010787964,0.9224987030029297,1.0,0.523809552192688,0.8132339715957642,0.30000001192092896,0.20000000298023224,0.20000000298023224,0.15000000596046448,0.15000000596046448,1.0,1.0,1.0,1.0
complex_fixed_v018_r5,closed_loop,complex,full,1,0.18,False,8.273214668,1785051283.5667386,1.3435543822394258,-0.01656960178237185,0.11733736593510538,0.17604055511654365,0.0436738007052883,1.0490424970280041,0.18,-0.08012735361065927,20.0,1.313138034272549,0.0030742569255375143,2.3131006223295723,-0.005584938536747369,3.2463990246669385,-0.013678931600781674,0.587226390838623,0.16155777871608734,0.11155778169631958,0.8132339715957642,1.0,0,ROW_FOLLOW,,1.0,133.0,144.0,-0.12373161315917969,0.015817850828170776,0.0,0.3131289482116699,0.0,-0.28149324655532837,0.0,0.6111111640930176,0.7380951642990112,0.9695338010787964,0.9224987030029297,1.0,0.523809552192688,0.8132339715957642,0.30000001192092896,0.20000000298023224,0.20000000298023224,0.15000000596046448,0.15000000596046448,1.0,1.0,1.0,1.0
complex_fixed_v018_r5,closed_loop,complex,full,1,0.18,False,8.32368529,1785051283.6172094,1.3491692236946171,-0.015974381914966782,0.11882548757839428,0.17671788524227167,0.03499694814188309,1.054715711240258,0.18,-0.10678295463660352,21.0,1.3289489257957368,-6.897325552376067e-05,2.3289085783120336,-0.009063360720135971,3.328975942744738,-0.017410672184868872,0.587923526763916,0.1529337614774704,0.10293376445770264,0.8133678436279297,1.0,0,ROW_FOLLOW,,1.0,126.0,146.0,-0.12809178233146667,0.014600425958633423,0.0,0.3131029009819031,0.0,-0.28390204906463623,0.0,0.5952380895614624,0.764285683631897,0.9712977409362793,0.9178646802902222,1.0,0.5714285969734192,0.8133678436279297,0.30000001192092896,0.20000000298023224,0.20000000298023224,0.15000000596046448,0.15000000596046448,1.0,1.0,1.0,1.0
complex_fixed_v018_r5,closed_loop,complex,full,1,0.18,False,8.373521236,1785051283.667045,1.353069894299995,-0.014870511582705413,0.12111491629621178,0.1697083978411301,0.052079021878916686,1.0588051141243584,0.18,-0.11485503284204363,21.0,1.3289489257957368,-6.897325552376067e-05,2.3289085783120336,-0.009063360720135971,3.328975942744738,-0.017410672184868872,0.587923526763916,0.1529337614774704,0.10293376445770264,0.8133678436279297,1.0,0,ROW_FOLLOW,,1.0,126.0,146.0,-0.12809178233146667,0.014600425958633423,0.0,0.3131029009819031,0.0,-0.28390204906463623,0.0,0.5952380895614624,0.764285683631897,0.9712977409362793,0.9178646802902222,1.0,0.5714285969734192,0.8133678436279297,0.30000001192092896,0.20000000298023224,0.20000000298023224,0.15000000596046448,0.15000000596046448,1.0,1.0,1.0,1.0
complex_fixed_v018_r5,closed_loop,complex,full,1,0.18,False,8.426337561,1785051283.7198615,1.3629092443719166,-0.013597678826538282,0.12427331942695122,0.1723038519924752,0.039977039144934806,1.0687862513065862,0.18,-0.12339670162683908,21.0,1.3451522441427928,-0.0012112487394684453,2.3451095983459056,-0.01045703519661425,3.3532740451825096,-0.0198782734359662,0.5877196192741394,0.15907876193523407,0.10907876491546631,0.8095654249191284,1.0,0,ROW_FOLLOW,,1.0,128.0,129.0,-0.1328725963830948,0.013232812285423279,0.0,0.3112622797489166,0.0,-0.28479665517807007,0.0,0.6190476417541504,0.7119047045707703,0.9683477282524109,0.9186704754829407,1.0,0.4761904776096344,0.8095654249191284,0.30000001192092896,0.20000000298023224,0.20000000298023224,0.15000000596046448,0.15000000596046448,1.0,1.0,1.0,1.0
complex_fixed_v018_r5,closed_loop,complex,full,1,0.18,False,8.473978049,1785051283.767502,1.3746474009932843,-0.012022723484584864,0.12523360381759963,0.17542522547636447,0.016709112588271888,1.0806560705225277,0.18,-0.14149697763176988,21.0,1.3451522441427928,-0.0012112487394684453,2.3451095983459056,-0.01045703519661425,3.3532740451825096,-0.0198782734359662,0.5877196192741394,0.15907876193523407,0.10907876491546631,0.8095654249191284,1.0,0,ROW_FOLLOW,,1.0,128.0,129.0,-0.1328725963830948,0.013232812285423279,0.0,0.3112622797489166,0.0,-0.28479665517807007,0.0,0.6190476417541504,0.7119047045707703,0.9683477282524109,0.9186704754829407,1.0,0.4761904776096344,0.8095654249191284,0.30000001192092896,0.20000000298023224,0.20000000298023224,0.15000000596046448,0.15000000596046448,1.0,1.0,1.0,1.0
complex_fixed_v018_r5,closed_loop,complex,full,1,0.18,False,8.527669537,1785051283.8211935,1.3740283544613274,-0.012038585648864196,0.12645690075399513,0.17834071380184224,0.012095098240557978,1.0812960638752842,0.18,-0.14339393353608365,21.0,1.3602875779287729,-0.0007011790148731862,2.360244701017821,-0.00997286990696102,3.360201813683776,-0.019244559098693548,0.5863738059997559,0.15333576500415802,0.10333576798439026,0.8046631813049316,1.0,0,ROW_FOLLOW,,1.0,108.0,125.0,-0.13555631041526794,0.012260526418685913,0.0,0.3096379041671753,0.0,-0.28511685132980347,0.0,0.60317462682724,0.7119047045707703,0.96788489818573,0.9183522462844849,1.0,0.4761904776096344,0.8046631813049316,0.30000001192092896,0.20000000298023224,0.20000000298023224,0.15000000596046448,0.15000000596046448,1.0,1.0,1.0,1.0
complex_fixed_v018_r5,closed_loop,complex,full,1,0.18,False,8.574249832,1785051283.8677738,1.3978037154540028,-0.008526649418308144,0.12733847994250347,0.17872765604975197,0.03452567408045238,1.1053398481189702,0.18,-0.15927035256083788,21.0,1.3602875779287729,-0.0007011790148731862,2.360244701017821,-0.00997286990696102,3.360201813683776,-0.019244559098693548,0.5863738059997559,0.15333576500415802,0.10333576798439026,0.8046631813049316,1.0,0,ROW_FOLLOW,,1.0,108.0,125.0,-0.13555631041526794,0.012260526418685913,0.0,0.3096379041671753,0.0,-0.28511685132980347,0.0,0.60317462682724,0.7119047045707703,0.96788489818573,0.9183522462844849,1.0,0.4761904776096344,0.8046631813049316,0.30000001192092896,0.20000000298023224,0.20000000298023224,0.15000000596046448,0.15000000596046448,1.0,1.0,1.0,1.0
complex_fixed_v018_r5,closed_loop,complex,full,1,0.18,False,8.623168791,1785051283.9166927,1.3993427637795055,-0.006495974715923121,0.12862120650929754,0.18027940567161788,0.044859378826815795,1.1078949158573537,0.18,-0.1680056689040789,21.0,1.3783609868261308,0.0007643341699589042,2.3783167534932947,-0.008648766183368324,3.378272535308483,-0.018061854039109013,0.5849572420120239,0.1553138941526413,0.10531389713287354,0.8007215261459351,1.0,0,ROW_FOLLOW,,1.0,121.0,106.0,-0.1383117437362671,0.01095600426197052,0.0,0.3089628517627716,0.0,-0.28705084323883057,0.0,0.5873015522956848,0.7119047045707703,0.9711419343948364,0.9194778203964233,1.0,0.4761904776096344,0.8007215261459351,0.30000001192092896,0.20000000298023224,0.20000000298023224,0.15000000596046448,0.15000000596046448,1.0,1.0,1.0,1.0
complex_fixed_v018_r5,closed_loop,complex,full,1,0.18,False,8.672770522,1785051283.9662945,1.4172994523503766,-0.004147439967112201,0.12961187694752543,0.1887492166352706,0.005554942508594377,1.1260059632980215,0.18,-0.17898153757204072,21.0,1.3783609868261308,0.0007643341699589042,2.3783167534932947,-0.008648766183368324,3.378272535308483,-0.018061854039109013,0.5849572420120239,0.1553138941526413,0.10531389713287354,0.8007215261459351,1.0,0,ROW_FOLLOW,,1.0,121.0,106.0,-0.1383117437362671,0.01095600426197052,0.0,0.3089628517627716,0.0,-0.28705084323883057,0.0,0.5873015522956848,0.7119047045707703,0.9711419343948364,0.9194778203964233,1.0,0.4761904776096344,0.8007215261459351,0.30000001192092896,0.20000000298023224,0.20000000298023224,0.15000000596046448,0.15000000596046448,1.0,1.0,1.0,1.0
complex_fixed_v018_r5,closed_loop,complex,full,1,0.18,False,8.723523488,1785051284.0170476,1.4263879776220996,-0.0029516895323536485,0.12957330625450147,0.1889597941542311,0.0018600838730274433,1.1351798210692348,0.18,-0.17756762302646378,21.0,1.3964603932799318,0.0020517057340341143,2.3964274739223845,-0.0057550112251422356,3.3963945622604705,-0.01356171330407234,0.589057981967926,0.16753174364566803,0.11753174662590027,0.8029880523681641,1.0,0,ROW_FOLLOW,,1.0,116.0,96.0,-0.13434907793998718,0.007626250386238098,0.0,0.30598485469818115,0.0,-0.29073235392570496,0.0,0.5952380895614624,0.7119047045707703,0.974989652633667,0.9135850071907043,1.0,0.4761904776096344,0.8029880523681641,0.30000001192092896,0.20000000298023224,0.20000000298023224,0.15000000596046448,0.15000000596046448,1.0,1.0,1.0,1.0
complex_fixed_v018_r5,closed_loop,complex,full,1,0.18,False,8.772836859,1785051284.066361,1.4401927553227418,-0.0004397023035888478,0.129826944136262,0.19723977214543437,0.007632555708504668,1.1492472537588128,0.18,-0.18957916258346394,21.0,1.3964603932799318,0.0020517057340341143,2.3964274739223845,-0.0057550112251422356,3.3963945622604705,-0.01356171330407234,0.589057981967926,0.16753174364566803,0.11753174662590027,0.8029880523681641,1.0,0,ROW_FOLLOW,,1.0,116.0,96.0,-0.13434907793998718,0.007626250386238098,0.0,0.30598485469818115,0.0,-0.29073235392570496,0.0,0.5952380895614624,0.7119047045707703,0.974989652633667,0.9135850071907043,1.0,0.4761904776096344,0.8029880523681641,0.30000001192092896,0.20000000298023224,0.20000000298023224,0.15000000596046448,0.15000000596046448,1.0,1.0,1.0,1.0
complex_fixed_v018_r5,closed_loop,complex,full,1,0.18,False,8.822990032,1785051284.116514,1.4493881522561056,0.0007902601830551458,0.13049611666516592,0.1956340888735504,0.002972390063192116,1.1585405946879002,0.18,-0.190563093721318,21.0,1.4184788314455652,0.002805151122281376,2.418459529589376,-0.0023271307799291605,3.4184402319066525,-0.007459404253886612,0.5858340263366699,0.16617049276828766,0.1161704957485199,0.7941648960113525,1.0,0,ROW_FOLLOW,,1.0,121.0,89.0,-0.13117749989032745,0.0029164254665374756,0.0,0.3008337616920471,0.0,-0.29500091075897217,0.0,0.5873016119003296,0.6857142448425293,0.9704617261886597,0.9115946888923645,1.0,0.4285714328289032,0.7941648960113525,0.30000001192092896,0.20000000298023224,0.20000000298023224,0.15000000596046448,0.15000000596046448,1.0,1.0,1.0,1.0
complex_fixed_v018_r5,closed_loop,complex,full,1,0.18,False,8.873247431,1785051284.1667714,1.4601663159909197,0.0032285667280149595,0.13068281426972472,0.200758141900492,0.007749271213513674,1.1698274080951059,0.18,-0.20315064154122767,21.0,1.4184788314455652,0.002805151122281376,2.418459529589376,-0.0023271307799291605,3.4184402319066525,-0.007459404253886612,0.5858340263366699,0.16617049276828766,0.1161704957485199,0.7941648960113525,1.0,0,ROW_FOLLOW,,1.0,121.0,89.0,-0.13117749989032745,0.0029164254665374756,0.0,0.3008337616920471,0.0,-0.29500091075897217,0.0,0.5873016119003296,0.6857142448425293,0.9704617261886597,0.9115946888923645,1.0,0.4285714328289032,0.7941648960113525,0.30000001192092896,0.20000000298023224,0.20000000298023224,0.15000000596046448,0.15000000596046448,1.0,1.0,1.0,1.0
complex_fixed_v018_r5,closed_loop,complex,full,1,0.18,False,8.923068273,1785051284.216592,1.4692773720982306,0.004438422845120636,0.13082809614277666,0.19848755960598508,-0.0002011137196103076,1.1790370732384756,0.18,-0.20803029094204192,19.0,1.4392338225982897,0.003287027641751917,2.339219148289791,-0.0010376221010191214,3.3058686984580237,-0.005942882839083887,0.5840781331062317,0.157028928399086,0.10702893137931824,0.7949455976486206,1.0,0,ROW_FOLLOW,,1.0,116.0,89.0,-0.1395578384399414,0.0006670653820037842,0.0,0.29886680841445923,0.0,-0.29753267765045166,0.0,0.6031745672225952,0.6595237255096436,0.9686446189880371,0.9223970770835876,1.0,0.380952388048172,0.7949455976486206,0.30000001192092896,0.20000000298023224,0.20000000298023224,0.15000000596046448,0.15000000596046448,1.0,1.0,1.0,1.0
complex_fixed_v018_r5,closed_loop,complex,full,1,0.18,False,8.972761048,1785051284.266285,1.4784814086498745,0.006112400734677792,0.13081975640324067,0.19731200927470915,0.007089950208998495,1.1889703543777772,0.18,-0.21661888664643697,19.0,1.4392338225982897,0.003287027641751917,2.339219148289791,-0.0010376221010191214,3.3058686984580237,-0.005942882839083887,0.5840781331062317,0.157028928399086,0.10702893137931824,0.7949455976486206,1.0,0,ROW_FOLLOW,,1.0,116.0,89.0,-0.1395578384399414,0.0006670653820037842,0.0,0.29886680841445923,0.0,-0.29753267765045166,0.0,0.6031745672225952,0.6595237255096436,0.9686446189880371,0.9223970770835876,1.0,0.380952388048172,0.7949455976486206,0.30000001192092896,0.20000000298023224,0.20000000298023224,0.15000000596046448,0.15000000596046448,1.0,1.0,1.0,1.0
complex_fixed_v018_r5,closed_loop,complex,full,1,0.18,False,9.023871177,1785051284.3173952,1.4859043424696843,0.0061433958009967735,0.13110625887057598,0.18753190184883572,0.014422844904172881,1.1964105589629495,0.18,-0.2200577863725149,20.0,1.459619012418038,0.004330008520462896,2.464546959988905,-0.005268373789591024,3.4091670107630136,-0.015205699455788169,0.5874674320220947,0.15501715242862701,0.10501715540885925,0.780718207359314,1.0,0,ROW_FOLLOW,,1.0,90.0,86.0,-0.14978016912937164,0.0004930198192596436,0.0,0.29913949966430664,0.0,-0.29815346002578735,0.0,0.5476190447807312,0.6595237255096436,0.9736581444740295,0.931973934173584,1.0,0.380952388048172,0.780718207359314,0.30000001192092896,0.20000000298023224,0.20000000298023224,0.15000000596046448,0.15000000596046448,1.0,1.0,1.0,1.0
complex_fixed_v018_r5,closed_loop,complex,full,1,0.18,False,9.072889179,1785051284.366413,1.4859041413907481,0.006144919748709761,0.1312708856884206,0.18655732201434352,0.012520018330607716,1.1964130434458706,0.18,-0.2203197181743925,20.0,1.459619012418038,0.004330008520462896,2.464546959988905,-0.005268373789591024,3.4091670107630136,-0.015205699455788169,0.5874674320220947,0.15501715242862701,0.10501715540885925,0.780718207359314,1.0,0,ROW_FOLLOW,,1.0,90.0,86.0,-0.14978016912937164,0.0004930198192596436,0.0,0.29913949966430664,0.0,-0.29815346002578735,0.0,0.5476190447807312,0.6595237255096436,0.9736581444740295,0.931973934173584,1.0,0.380952388048172,0.780718207359314,0.30000001192092896,0.20000000298023224,0.20000000298023224,0.15000000596046448,0.15000000596046448,1.0,1.0,1.0,1.0
complex_fixed_v018_r5,closed_loop,complex,full,1,0.18,False,9.124690498,1785051284.4182143,1.4954304427905492,0.007407229092162815,0.13153487661181534,0.18536786688986334,0.011525141353019323,1.206036505060359,0.18,-0.22915139652561858,21.0,1.4780492728719976,0.0066542760836735245,2.482859954018233,-0.011433657367135428,3.4947815287147534,-0.043634699089596156,0.5832944512367249,0.1519998461008072,0.10199984908103943,0.7619599103927612,1.0,0,ROW_FOLLOW,,1.0,82.0,84.0,-0.15767844021320343,0.0020556598901748657,0.0,0.29880985617637634,0.0,-0.2946985363960266,0.0,0.4920635223388672,0.6595237255096436,0.9660486578941345,0.9281759858131409,1.0,0.380952388048172,0.7619599103927612,0.30000001192092896,0.20000000298023224,0.20000000298023224,0.15000000596046448,0.15000000596046448,1.0,1.0,1.0,1.0
complex_fixed_v018_r5,closed_loop,complex,full,1,0.18,False,9.17280396,1785051284.466328,1.5056536150046496,0.008561263639443551,0.13169597914859166,0.176122646521518,0.006423157152460496,1.2297279781265613,0.18,-0.23525618672861534,21.0,1.4780492728719976,0.0066542760836735245,2.482859954018233,-0.011433657367135428,3.4947815287147534,-0.043634699089596156,0.5832944512367249,0.1519998461008072,0.10199984908103943,0.7619599103927612,1.0,0,ROW_FOLLOW,,1.0,82.0,84.0,-0.15767844021320343,0.0020556598901748657,0.0,0.29880985617637634,0.0,-0.2946985363960266,0.0,0.4920635223388672,0.6595237255096436,0.9660486578941345,0.9281759858131409,1.0,0.380952388048172,0.7619599103927612,0.30000001192092896,0.20000000298023224,0.20000000298023224,0.15000000596046448,0.15000000596046448,1.0,1.0,1.0,1.0
complex_fixed_v018_r5,closed_loop,complex,full,1,0.18,False,9.222795207,1785051284.5163193,1.5145539132679124,0.009727948730816042,0.1313905259958719,0.17679647455055889,-0.005847063517213052,1.2387118206690495,0.18,-0.23665382379535987,21.0,1.4932432701201555,0.009401198816061185,2.4979387463880434,-0.015015528205199101,3.499884155525165,-0.043443052551053796,0.5840311646461487,0.15976040065288544,0.10976040363311768,0.7458723783493042,1.0,0,ROW_FOLLOW,,1.0,77.0,97.0,-0.15903782844543457,0.0035855621099472046,0.0,0.29928159713745117,0.0,-0.29211047291755676,0.0,0.4285714328289032,0.6595237255096436,0.9699089527130127,0.9427624940872192,1.0,0.380952388048172,0.7458723783493042,0.30000001192092896,0.20000000298023224,0.20000000298023224,0.15000000596046448,0.15000000596046448,1.0,1.0,1.0,1.0
complex_fixed_v018_r5,closed_loop,complex,full,1,0.18,False,9.272804727,1785051284.5663285,1.5153921210254648,0.009813069981745618,0.1308222266853845,0.17702171220241036,-0.018984957432348848,1.2395687851638406,0.18,-0.23625887431732018,21.0,1.4932432701201555,0.009401198816061185,2.4979387463880434,-0.015015528205199101,3.499884155525165,-0.043443052551053796,0.5840311646461487,0.15976040065288544,0.10976040363311768,0.7458723783493042,1.0,0,ROW_FOLLOW,,1.0,77.0,97.0,-0.15903782844543457,0.0035855621099472046,0.0,0.29928159713745117,0.0,-0.29211047291755676,0.0,0.4285714328289032,0.6595237255096436,0.9699089527130127,0.9427624940872192,1.0,0.380952388048172,0.7458723783493042,0.30000001192092896,0.20000000298023224,0.20000000298023224,0.15000000596046448,0.15000000596046448,1.0,1.0,1.0,1.0
complex_fixed_v018_r5,closed_loop,complex,full,1,0.18,False,9.323128049,1785051284.616652,1.5307208722828003,0.012175518077470688,0.12966499572186097,0.17602188664750176,-0.02792596157345826,1.2551109070236284,0.18,-0.2392148068928154,19.0,1.5055856304640782,0.011878469111106576,2.4052422948039887,-0.012971775089349524,3.3715384181757933,-0.03972829405537509,0.5825818181037903,0.1669471710920334,0.11694717407226562,0.7485779523849487,1.0,0,ROW_FOLLOW,,1.0,78.0,95.0,-0.15845319628715515,0.004255771636962891,0.0,0.29883646965026855,0.0,-0.2903249263763428,0.0,0.436507910490036,0.6595237255096436,0.967932403087616,0.9475621581077576,1.0,0.380952388048172,0.7485779523849487,0.30000001192092896,0.20000000298023224,0.20000000298023224,0.15000000596046448,0.15000000596046448,1.0,1.0,1.0,1.0
complex_fixed_v018_r5,closed_loop,complex,full,1,0.18,False,9.372771734,1785051284.6662955,1.5394823229351435,0.013280622027756714,0.1283033159676905,0.17680883506532577,-0.025735327654849455,1.2639542309893188,0.18,-0.24339017390195877,19.0,1.5055856304640782,0.011878469111106576,2.4052422948039887,-0.012971775089349524,3.3715384181757933,-0.03972829405537509,0.5825818181037903,0.1669471710920334,0.11694717407226562,0.7485779523849487,1.0,0,ROW_FOLLOW,,1.0,78.0,95.0,-0.15845319628715515,0.004255771636962891,0.0,0.29883646965026855,0.0,-0.2903249263763428,0.0,0.436507910490036,0.6595237255096436,0.967932403087616,0.9475621581077576,1.0,0.380952388048172,0.7485779523849487,0.30000001192092896,0.20000000298023224,0.20000000298023224,0.15000000596046448,0.15000000596046448,1.0,1.0,1.0,1.0
complex_fixed_v018_r5,closed_loop,complex,full,1,0.18,False,9.423651104,1785051284.717175,1.550491906748835,0.014646279846393467,0.12731621914698188,0.18225161787381938,-0.027737786281588676,1.2750693411869156,0.18,-0.2365625731015751,20.0,1.5203156309453085,0.0150348698513818,2.519859338353219,-0.015047868371424562,3.4717739410247783,-0.04473775019857264,0.5826611518859863,0.1651063710451126,0.11510637402534485,0.7560635805130005,1.0,0,ROW_FOLLOW,,1.0,74.0,102.0,-0.16159561276435852,0.005658432841300964,0.0,0.29897570610046387,0.0,-0.28765884041786194,0.0,0.4444444179534912,0.6857142448425293,0.9674044847488403,0.9473769664764404,1.0,0.4285714328289032,0.7560635805130005,0.30000001192092896,0.20000000298023224,0.20000000298023224,0.15000000596046448,0.15000000596046448,1.0,1.0,1.0,1.0
complex_fixed_v018_r5,closed_loop,complex,full,1,0.18,False,9.473062142,1785051284.766586,1.5598735687385656,0.01581864810905136,0.12638763173627957,0.18190558731606396,-0.019549307490839347,1.2845322510090675,0.18,-0.24148019971446105,20.0,1.5203156309453085,0.0150348698513818,2.519859338353219,-0.015047868371424562,3.4717739410247783,-0.04473775019857264,0.5826611518859863,0.1651063710451126,0.11510637402534485,0.7560635805130005,1.0,0,ROW_FOLLOW,,1.0,74.0,102.0,-0.16159561276435852,0.005658432841300964,0.0,0.29897570610046387,0.0,-0.28765884041786194,0.0,0.4444444179534912,0.6857142448425293,0.9674044847488403,0.9473769664764404,1.0,0.4285714328289032,0.7560635805130005,0.30000001192092896,0.20000000298023224,0.20000000298023224,0.15000000596046448,0.15000000596046448,1.0,1.0,1.0,1.0
complex_fixed_v018_r5,closed_loop,complex,full,1,0.18,False,9.523352823,1785051284.816877,1.5685616505279008,0.016874955550957745,0.1254155886286763,0.18195279058424668,-0.016660801749131295,1.2933021278912757,0.18,-0.23027000124418012,21.0,1.5384238355294206,0.018317128910836308,2.537916857801062,-0.013442279751264155,3.5590073217043665,-0.04346464831262921,0.5828238725662231,0.16602246463298798,0.11602246761322021,0.7464767694473267,1.0,0,ROW_FOLLOW,,1.0,83.0,107.0,-0.15814685821533203,0.006188616156578064,0.0,0.2981759309768677,0.0,-0.28579869866371155,0.0,0.4285714328289032,0.6595237255096436,0.9668366312980652,0.9508883953094482,1.0,0.380952388048172,0.7464767694473267,0.30000001192092896,0.20000000298023224,0.20000000298023224,0.15000000596046448,0.15000000596046448,1.0,1.0,1.0,1.0
complex_fixed_v018_r5,closed_loop,complex,full,1,0.18,False,9.572901465,1785051284.8664253,1.5685698240825452,0.016808841552762972,0.12296117424493949,0.18228981195126379,-0.04706727389060378,1.2933687452289953,0.18,-0.22628491082451746,21.0,1.5384238355294206,0.018317128910836308,2.537916857801062,-0.013442279751264155,3.5590073217043665,-0.04346464831262921,0.5828238725662231,0.16602246463298798,0.11602246761322021,0.7464767694473267,1.0,0,ROW_FOLLOW,,1.0,83.0,107.0,-0.15814685821533203,0.006188616156578064,0.0,0.2981759309768677,0.0,-0.28579869866371155,0.0,0.4285714328289032,0.6595237255096436,0.9668366312980652,0.9508883953094482,1.0,0.380952388048172,0.7464767694473267,0.30000001192092896,0.20000000298023224,0.20000000298023224,0.15000000596046448,0.15000000596046448,1.0,1.0,1.0,1.0
complex_fixed_v018_r5,closed_loop,complex,full,1,0.18,False,9.62282247,1785051284.9163463,1.5863261520495122,0.020011041831106205,0.12115222812228722,0.19971162106855128,-0.038411382234438164,1.311449279977362,0.18,-0.22205176584261904,21.0,1.5592263248386409,0.021145075077823306,2.558775029311155,-0.00841349941099056,3.5682242629331484,-0.03246129231914603,0.5782667994499207,0.1521390825510025,0.10213908553123474,0.7565457820892334,1.0,0,ROW_FOLLOW,,1.0,82.0,107.0,-0.14360280334949493,0.0035474300384521484,0.0,0.29470404982566833,0.0,-0.28760918974876404,0.0,0.4761904776096344,0.6595237255096436,0.9596925377845764,0.9323019981384277,1.0,0.380952388048172,0.7565457820892334,0.30000001192092896,0.20000000298023224,0.20000000298023224,0.15000000596046448,0.15000000596046448,1.0,1.0,1.0,1.0
complex_fixed_v018_r5,closed_loop,complex,full,1,0.18,False,9.673293156,1785051284.9668171,1.5959028192891282,0.021137854061866194,0.11968793487277152,0.19621823513157166,-0.03320961773250769,1.3211044860606649,0.18,-0.22623371442957335,21.0,1.5592263248386409,0.021145075077823306,2.558775029311155,-0.00841349941099056,3.5682242629331484,-0.03246129231914603,0.5782667994499207,0.1521390825510025,0.10213908553123474,0.7565457820892334,1.0,0,ROW_FOLLOW,,1.0,82.0,107.0,-0.14360280334949493,0.0035474300384521484,0.0,0.29470404982566833,0.0,-0.28760918974876404,0.0,0.4761904776096344,0.6595237255096436,0.9596925377845764,0.9323019981384277,1.0,0.380952388048172,0.7565457820892334,0.30000001192092896,0.20000000298023224,0.20000000298023224,0.15000000596046448,0.15000000596046448,1.0,1.0,1.0,1.0
complex_fixed_v018_r5,closed_loop,complex,full,1,0.18,False,9.722780708,1785051285.0163047,1.6136482343098395,0.02386656952020473,0.11718501322790725,0.20627440891106966,-0.05138217688855456,1.3390888999393096,0.18,-0.22473441691709412,21.0,1.577964248662153,0.021481298778041672,2.5776725551345936,-0.0014225725091285377,3.5773808790323165,-0.024326440779978014,0.5800604820251465,0.15953411161899567,0.1095341145992279,0.7454339265823364,1.0,0,ROW_FOLLOW,,1.0,87.0,111.0,-0.13208268582820892,-0.0011766254901885986,0.0,0.290486216545105,0.0,-0.2928394675254822,0.0,0.4285714328289032,0.6857142448425293,0.9614570140838623,0.9161883592605591,1.0,0.4285714328289032,0.7454339265823364,0.30000001192092896,0.20000000298023224,0.20000000298023224,0.15000000596046448,0.15000000596046448,1.0,1.0,1.0,1.0
complex_fixed_v018_r5,closed_loop,complex,full,1,0.18,False,9.77283679,1785051285.066361,1.6232145180503048,0.024799971960196097,0.11525845168373738,0.20244138935997846,-0.03971202449549312,1.3487326329452451,0.18,-0.2276911098332825,21.0,1.577964248662153,0.021481298778041672,2.5776725551345936,-0.0014225725091285377,3.5773808790323165,-0.024326440779978014,0.5800604820251465,0.15953411161899567,0.1095341145992279,0.7454339265823364,1.0,0,ROW_FOLLOW,,1.0,87.0,111.0,-0.13208268582820892,-0.0011766254901885986,0.0,0.290486216545105,0.0,-0.2928394675254822,0.0,0.4285714328289032,0.6857142448425293,0.9614570140838623,0.9161883592605591,1.0,0.4285714328289032,0.7454339265823364,0.30000001192092896,0.20000000298023224,0.20000000298023224,0.15000000596046448,0.15000000596046448,1.0,1.0,1.0,1.0
complex_fixed_v018_r5,closed_loop,complex,full,1,0.18,False,9.823297012,1785051285.116821,1.6321073668490007,0.025722557129115066,0.1128746236341325,0.19738466489518955,-0.044733501937569455,1.3577151863564743,0.18,-0.21818612043178232,21.0,1.5989837600591104,0.020434336332189124,2.598839447448309,0.0038808411516015745,3.598695158515234,-0.012672646963761572,0.5796741247177124,0.16238559782505035,0.11238560080528259,0.7370758056640625,1.0,0,ROW_FOLLOW,,1.0,92.0,124.0,-0.12724974751472473,-0.005925536155700684,0.0,0.2858293950557709,0.0,-0.29768046736717224,0.0,0.4206348955631256,0.6595237255096436,0.9602541327476501,0.9128652215003967,1.0,0.380952388048172,0.7370758056640625,0.30000001192092896,0.20000000298023224,0.20000000298023224,0.15000000596046448,0.15000000596046448,1.0,1.0,1.0,1.0
complex_fixed_v018_r5,closed_loop,complex,full,1,0.18,False,9.872818805,1785051285.1663427,1.6399760798045726,0.026817475647733544,0.11036194195736512,0.1964246501300534,-0.06372758969508796,1.3674434555814463,0.18,-0.22681333532695397,21.0,1.5989837600591104,0.020434336332189124,2.598839447448309,0.0038808411516015745,3.598695158515234,-0.012672646963761572,0.5796741247177124,0.16238559782505035,0.11238560080528259,0.7370758056640625,1.0,0,ROW_FOLLOW,,1.0,92.0,124.0,-0.12724974751472473,-0.005925536155700684,0.0,0.2858293950557709,0.0,-0.29768046736717224,0.0,0.4206348955631256,0.6595237255096436,0.9602541327476501,0.9128652215003967,1.0,0.380952388048172,0.7370758056640625,0.30000001192092896,0.20000000298023224,0.20000000298023224,0.15000000596046448,0.15000000596046448,1.0,1.0,1.0,1.0
complex_fixed_v018_r5,closed_loop,complex,full,1,0.18,False,9.92362147,1785051285.2171454,1.6500336124400088,0.028771316776379962,0.10664841328734195,0.19324161493852743,-0.058039711315268284,1.378029810336822,0.18,-0.23100325157672325,21.0,1.6196260510909568,0.018339974068344263,2.619537353478883,0.0050346806710757095,3.6194486705668645,-0.008270608535205554,0.5780230760574341,0.16456039249897003,0.11456039547920227,0.7366260290145874,1.0,0,ROW_FOLLOW,,1.0,81.0,112.0,-0.12028791010379791,-0.010535165667533875,0.0,0.28117117285728455,0.0,-0.3022415041923523,0.0,0.4126984179019928,0.6595237255096436,0.9607141613960266,0.9251260161399841,1.0,0.380952388048172,0.7366260290145874,0.30000001192092896,0.20000000298023224,0.20000000298023224,0.15000000596046448,0.15000000596046448,1.0,1.0,1.0,1.0
complex_fixed_v018_r5,closed_loop,complex,full,1,0.18,False,9.972868759,1785051285.2663925,1.6588146720716446,0.029633881779271242,0.10380305394278105,0.19543778266080827,-0.0785279212547962,1.3868778869114242,0.18,-0.23920644730636667,21.0,1.6196260510909568,0.018339974068344263,2.619537353478883,0.0050346806710757095,3.6194486705668645,-0.008270608535205554,0.5780230760574341,0.16456039249897003,0.11456039547920227,0.7366260290145874,1.0,0,ROW_FOLLOW,,1.0,81.0,112.0,-0.12028791010379791,-0.010535165667533875,0.0,0.28117117285728455,0.0,-0.3022415041923523,0.0,0.4126984179019928,0.6595237255096436,0.9607141613960266,0.9251260161399841,1.0,0.380952388048172,0.7366260290145874,0.30000001192092896,0.20000000298023224,0.20000000298023224,0.15000000596046448,0.15000000596046448,1.0,1.0,1.0,1.0
complex_fixed_v018_r5,closed_loop,complex,full,1,0.18,False,10.023717441,1785051285.3172414,1.6676472038118506,0.030362101522121113,0.09887707333235873,0.19134276493153957,-0.07473225422058792,1.3958396620028388,0.18,-0.24459675135304104,19.0,1.6405327086232633,0.016352193119883177,2.5404548749610196,0.0045227183964520815,3.5070377288671293,-0.00820743833439591,0.5782739520072937,0.16196288168430328,0.11196288466453552,0.7588791847229004,1.0,0,ROW_FOLLOW,,1.0,95.0,123.0,-0.11394493281841278,-0.015607297420501709,0.0,0.2756296396255493,0.0,-0.30684423446655273,0.0,0.4761904776096344,0.6857141852378845,0.9611563682556152,0.9109863042831421,1.0,0.4285714328289032,0.7588791847229004,0.30000001192092896,0.20000000298023224,0.20000000298023224,0.15000000596046448,0.15000000596046448,1.0,1.0,1.0,1.0
complex_fixed_v018_r5,closed_loop,complex,full,1,0.18,False,10.073427048,1785051285.366951,1.6746918345188901,0.03188158628079821,0.09571547678672498,0.1917231173497057,-0.08614286058560675,1.4068968154854906,0.18,-0.24970866278731207,19.0,1.6405327086232633,0.016352193119883177,2.5404548749610196,0.0045227183964520815,3.5070377288671293,-0.00820743833439591,0.5782739520072937,0.16196288168430328,0.11196288466453552,0.7588791847229004,1.0,0,ROW_FOLLOW,,1.0,95.0,123.0,-0.11394493281841278,-0.015607297420501709,0.0,0.2756296396255493,0.0,-0.30684423446655273,0.0,0.4761904776096344,0.6857141852378845,0.9611563682556152,0.9109863042831421,1.0,0.4285714328289032,0.7588791847229004,0.30000001192092896,0.20000000298023224,0.20000000298023224,0.15000000596046448,0.15000000596046448,1.0,1.0,1.0,1.0
complex_fixed_v018_r5,closed_loop,complex,full,1,0.18,False,10.122955401,1785051285.4164793,1.6747010644391176,0.031780887871602145,0.09005096225127532,0.18849737947744355,-0.09943778906076906,1.4069979361327547,0.18,-0.2473279322962982,20.0,1.6576758365821622,0.013677660131987365,2.6576139870057562,0.003003864742737318,3.607118293023398,-0.004366799821946063,0.5808981657028198,0.16181804239749908,0.11181804537773132,0.7732287645339966,1.0,0,ROW_FOLLOW,,1.0,99.0,122.0,-0.09837844222784042,-0.020996257662773132,0.0,0.27145713567733765,0.0,-0.3134496510028839,0.0,0.5396825075149536,0.6595236659049988,0.9630446434020996,0.9120686650276184,1.0,0.380952388048172,0.7732287645339966,0.30000001192092896,0.20000000298023224,0.20000000298023224,0.15000000596046448,0.15000000596046448,1.0,1.0,1.0,1.0
complex_fixed_v018_r5,closed_loop,complex,full,1,0.18,False,10.172966906,1785051285.466491,1.6832167962512012,0.032347395995059106,0.08526321743130615,0.1800306967504927,-0.13971837567047657,1.4256461547147916,0.18,-0.24526659275517798,20.0,1.6576758365821622,0.013677660131987365,2.6576139870057562,0.003003864742737318,3.607118293023398,-0.004366799821946063,0.5808981657028198,0.16181804239749908,0.11181804537773132,0.7732287645339966,1.0,0,ROW_FOLLOW,,1.0,99.0,122.0,-0.09837844222784042,-0.020996257662773132,0.0,0.27145713567733765,0.0,-0.3134496510028839,0.0,0.5396825075149536,0.6595236659049988,0.9630446434020996,0.9120686650276184,1.0,0.380952388048172,0.7732287645339966,0.30000001192092896,0.20000000298023224,0.20000000298023224,0.15000000596046448,0.15000000596046448,1.0,1.0,1.0,1.0
complex_fixed_v018_r5,closed_loop,complex,full,1,0.18,False,10.22351929,1785051285.517043,1.6998546800115022,0.03341041513917884,0.07712048122312788,0.18068980456217984,-0.1364740384717898,1.4424862830695881,0.18,-0.25234695101759913,19.0,1.6750523054520576,0.010634258370560262,2.575011353568699,0.0025425093677713304,3.641628711294482,-0.00713859256733565,0.5787594318389893,0.15197871625423431,0.10197871923446655,0.7597442865371704,1.0,0,ROW_FOLLOW,,1.0,126.0,132.0,-0.08723458647727966,-0.025855019688606262,0.0,0.26644614338874817,0.0,-0.3181561827659607,0.0,0.4920635223388672,0.6595237255096436,0.9599527716636658,0.9215323328971863,1.0,0.380952388048172,0.7597442865371704,0.30000001192092896,0.20000000298023224,0.20000000298023224,0.15000000596046448,0.15000000596046448,1.0,1.0,1.0,1.0
complex_fixed_v018_r5,closed_loop,complex,full,1,0.18,False,10.272800404,1785051285.5663242,1.7029360040586403,0.03335598165098402,0.0711166614983068,0.1782862132589036,-0.16212747932823088,1.4457132029052786,0.18,-0.2441577683318744,19.0,1.6750523054520576,0.010634258370560262,2.575011353568699,0.0025425093677713304,3.641628711294482,-0.00713859256733565,0.5787594318389893,0.15197871625423431,0.10197871923446655,0.7597442865371704,1.0,0,ROW_FOLLOW,,1.0,126.0,132.0,-0.08723458647727966,-0.025855019688606262,0.0,0.26644614338874817,0.0,-0.3181561827659607,0.0,0.4920635223388672,0.6595237255096436,0.9599527716636658,0.9215323328971863,1.0,0.380952388048172,0.7597442865371704,0.30000001192092896,0.20000000298023224,0.20000000298023224,0.15000000596046448,0.15000000596046448,1.0,1.0,1.0,1.0
complex_fixed_v018_r5,closed_loop,complex,full,1,0.18,False,10.323212593,1785051285.6167364,1.7209820172909103,0.03395468601504004,0.061634375181491834,0.18841746516865635,-0.15563629895707656,1.4639505324350237,0.18,-0.251058283229796,20.0,1.6897524287290624,0.007052287216489994,2.689726970543422,-6.796589475042737e-05,3.688587622799531,-0.007140208561034655,0.5788472294807434,0.1579386442899704,0.10793864727020264,0.7545433044433594,1.0,0,ROW_FOLLOW,,1.0,103.0,123.0,-0.07268430292606354,-0.02995164692401886,0.0,0.26300302147865295,0.0,-0.3229063153266907,0.0,0.4761904776096344,0.6595237255096436,0.961348295211792,0.9167447090148926,1.0,0.380952388048172,0.7545433044433594,0.30000001192092896,0.20000000298023224,0.20000000298023224,0.15000000596046448,0.15000000596046448,1.0,1.0,1.0,1.0
complex_fixed_v018_r5,closed_loop,complex,full,1,0.18,False,10.372794484,1785051285.6663184,1.7287100291479638,0.034719930877973704,0.05497952759287285,0.18566586019157494,-0.17848849034996392,1.4722411417200758,0.18,-0.2488436983262112,20.0,1.6897524287290624,0.007052287216489994,2.689726970543422,-6.796589475042737e-05,3.688587622799531,-0.007140208561034655,0.5788472294807434,0.1579386442899704,0.10793864727020264,0.7545433044433594,1.0,0,ROW_FOLLOW,,1.0,103.0,123.0,-0.07268430292606354,-0.02995164692401886,0.0,0.26300302147865295,0.0,-0.3229063153266907,0.0,0.4761904776096344,0.6595237255096436,0.961348295211792,0.9167447090148926,1.0,0.380952388048172,0.7545433044433594,0.30000001192092896,0.20000000298023224,0.20000000298023224,0.15000000596046448,0.15000000596046448,1.0,1.0,1.0,1.0
complex_fixed_v018_r5,closed_loop,complex,full,1,0.18,False,10.423659006,1785051285.7171829,1.7373830721379404,0.0348036734274272,0.04504560595283414,0.1824056870202045,-0.16068603331872497,1.4811080635250664,0.18,-0.25220566085698964,21.0,1.707711461184848,0.004206878926057484,2.707680727778898,-0.0036333083657373844,3.728372693500189,-0.014562329762813311,0.5763771533966064,0.1626160889863968,0.11261609196662903,0.7459328174591064,1.0,0,ROW_FOLLOW,,1.0,107.0,109.0,-0.05662018060684204,-0.03231912851333618,0.0,0.26009175181388855,0.0,-0.3247300088405609,0.0,0.444444477558136,0.6595237255096436,0.9579004645347595,0.9274304509162903,1.0,0.380952388048172,0.7459328174591064,0.30000001192092896,0.20000000298023224,0.20000000298023224,0.15000000596046448,0.15000000596046448,1.0,1.0,1.0,1.0
complex_fixed_v018_r5,closed_loop,complex,full,1,0.18,False,10.472896375,1785051285.7664201,1.7496784049339449,0.029466880387453154,0.03858700208914323,0.19105181652127604,-0.16103308968957553,1.4964803592881868,0.18,-0.2138174634343922,21.0,1.707711461184848,0.004206878926057484,2.707680727778898,-0.0036333083657373844,3.728372693500189,-0.014562329762813311,0.5763771533966064,0.1626160889863968,0.11261609196662903,0.7459328174591064,1.0,0,ROW_FOLLOW,,1.0,107.0,109.0,-0.05662018060684204,-0.03231912851333618,0.0,0.26009175181388855,0.0,-0.3247300088405609,0.0,0.444444477558136,0.6595237255096436,0.9579004645347595,0.9274304509162903,1.0,0.380952388048172,0.7459328174591064,0.30000001192092896,0.20000000298023224,0.20000000298023224,0.15000000596046448,0.15000000596046448,1.0,1.0,1.0,1.0
complex_fixed_v018_r5,closed_loop,complex,full,1,0.18,False,10.52344012,1785051285.8169641,1.7585005973183254,0.0294158601304758,0.028873130282708548,0.18728003773108226,-0.159970258508259,1.5054953707255805,0.18,-0.21735860966458712,21.0,1.726844654813392,0.00022519240543277091,2.726809607002578,-0.008154940847763192,3.738837858880554,-0.01851564848359455,0.5790305733680725,0.16861887276172638,0.11861887574195862,0.7593381404876709,1.0,0,ROW_FOLLOW,,1.0,123.0,121.0,-0.04090231657028198,-0.0341884046792984,0.0,0.25804823637008667,0.0,-0.32642504572868347,0.0,0.460317462682724,0.6857142448425293,0.9628055095672607,0.9435930848121643,1.0,0.4285714328289032,0.7593381404876709,0.30000001192092896,0.20000000298023224,0.20000000298023224,0.15000000596046448,0.15000000596046448,1.0,1.0,1.0,1.0
complex_fixed_v018_r5,closed_loop,complex,full,1,0.18,False,10.57278722,1785051285.866311,1.7691776773352317,0.026111759599504146,0.02137697906921021,0.1923578784338949,-0.20309129268500417,1.5184220065882892,0.18,-0.19316838763732339,21.0,1.726844654813392,0.00022519240543277091,2.726809607002578,-0.008154940847763192,3.738837858880554,-0.01851564848359455,0.5790305733680725,0.16861887276172638,0.11861887574195862,0.7593381404876709,1.0,0,ROW_FOLLOW,,1.0,123.0,121.0,-0.04090231657028198,-0.0341884046792984,0.0,0.25804823637008667,0.0,-0.32642504572868347,0.0,0.460317462682724,0.6857142448425293,0.9628055095672607,0.9435930848121643,1.0,0.4285714328289032,0.7593381404876709,0.30000001192092896,0.20000000298023224,0.20000000298023224,0.15000000596046448,0.15000000596046448,1.0,1.0,1.0,1.0
complex_fixed_v018_r5,closed_loop,complex,full,1,0.18,False,10.622809445,1785051285.9163332,1.7780904433670184,0.02578962841081074,0.008123670212063505,0.1901098394796771,-0.23563567595472643,1.5276124613405018,0.18,-0.19085090682941772,19.0,1.7488437436746664,-0.0038402274599136886,2.6487941381210285,-0.013068980629035507,3.6154051730898815,-0.023199114717192815,0.5737332105636597,0.14925427734851837,0.09925428032875061,0.7725454568862915,1.0,0,ROW_FOLLOW,,1.0,129.0,134.0,-0.026286613196134567,-0.03493306040763855,0.0,0.25705569982528687,0.0,-0.32692182064056396,0.0,0.523809552192688,0.6857142448425293,0.9540050029754639,0.9163915514945984,1.0,0.4285714328289032,0.7725454568862915,0.30000001192092896,0.20000000298023224,0.20000000298023224,0.15000000596046448,0.15000000596046448,1.0,1.0,1.0,1.0
complex_fixed_v018_r5,closed_loop,complex,full,1,0.18,False,10.673875637,1785051285.9673996,1.783391443148095,0.02324197284166074,-0.0012229772840748336,0.18556045167902213,-0.21555106989342324,1.541695886382351,0.18,-0.16581305819328623,19.0,1.7488437436746664,-0.0038402274599136886,2.6487941381210285,-0.013068980629035507,3.6154051730898815,-0.023199114717192815,0.5737332105636597,0.14925427734851837,0.09925428032875061,0.7725454568862915,1.0,0,ROW_FOLLOW,,1.0,129.0,134.0,-0.026286613196134567,-0.03493306040763855,0.0,0.25705569982528687,0.0,-0.32692182064056396,0.0,0.523809552192688,0.6857142448425293,0.9540050029754639,0.9163915514945984,1.0,0.4285714328289032,0.7725454568862915,0.30000001192092896,0.20000000298023224,0.20000000298023224,0.15000000596046448,0.15000000596046448,1.0,1.0,1.0,1.0
complex_fixed_v018_r5,closed_loop,complex,full,1,0.18,False,10.722923176,1785051286.0164473,1.7843995564367914,0.02683891344837936,-0.014128889095852859,0.17848769899689343,-0.21696948505823005,1.5591879542718299,0.18,-0.17985950780194151,21.0,1.764416241684849,-0.007356915907413701,2.7643412221230594,-0.01940210591277838,3.7621368732812557,-0.029163734992278603,0.5768646001815796,0.1545434445142746,0.10454344749450684,0.7872469425201416,1.0,0,ROW_FOLLOW,,1.0,118.0,130.0,-0.003910880535840988,-0.03523050248622894,0.0,0.25638115406036377,0.0,-0.32684215903282166,0.0,0.579365074634552,0.6595237255096436,0.9584240913391113,0.9323192834854126,1.0,0.380952388048172,0.7872469425201416,0.30000001192092896,0.20000000298023224,0.20000000298023224,0.15000000596046448,0.15000000596046448,1.0,1.0,1.0,1.0
complex_fixed_v018_r5,closed_loop,complex,full,1,0.18,False,10.772769812,1785051286.0662937,1.79378934283433,0.026460480451224885,-0.02236933582593848,0.17921053254483707,-0.19273737481360856,1.5686561840255717,0.18,-0.17124642990395028,21.0,1.764416241684849,-0.007356915907413701,2.7643412221230594,-0.01940210591277838,3.7621368732812557,-0.029163734992278603,0.5768646001815796,0.1545434445142746,0.10454344749450684,0.7872469425201416,1.0,0,ROW_FOLLOW,,1.0,118.0,130.0,-0.003910880535840988,-0.03523050248622894,0.0,0.25638115406036377,0.0,-0.32684215903282166,0.0,0.579365074634552,0.6595237255096436,0.9584240913391113,0.9323192834854126,1.0,0.380952388048172,0.7872469425201416,0.30000001192092896,0.20000000298023224,0.20000000298023224,0.15000000596046448,0.15000000596046448,1.0,1.0,1.0,1.0
complex_fixed_v018_r5,closed_loop,complex,full,1,0.18,False,10.823168976,1785051286.116693,1.7980731251251447,0.026401524758634446,-0.033359629271694224,0.16340127724766002,-0.18086338738204272,1.5730869592555583,0.18,-0.15759106773455356,21.0,1.7790495673192097,-0.00856823408946559,2.7789524328990978,-0.02250775745927805,3.7840205040771635,-0.03666371343009396,0.575198233127594,0.1550869196653366,0.10508692264556885,0.7825894355773926,1.0,0,ROW_FOLLOW,,1.0,131.0,158.0,0.015458563342690468,-0.034793511033058167,0.0,0.2557941973209381,0.0,-0.32538121938705444,0.0,0.5317460298538208,0.7119047045707703,0.9563288688659668,0.9294594526290894,1.0,0.4761904776096344,0.7825894355773926,0.30000001192092896,0.20000000298023224,0.20000000298023224,0.15000000596046448,0.15000000596046448,1.0,1.0,1.0,1.0
complex_fixed_v018_r5,closed_loop,complex,full,1,0.18,False,10.87355294,1785051286.1670768,1.8097626287771895,0.026036425590385253,-0.04038158679776461,0.16661896827680328,-0.1677458010657227,1.5848630098958334,0.18,-0.15272596070899946,21.0,1.7790495673192097,-0.00856823408946559,2.7789524328990978,-0.02250775745927805,3.7840205040771635,-0.03666371343009396,0.575198233127594,0.1550869196653366,0.10508692264556885,0.7825894355773926,1.0,0,ROW_FOLLOW,,1.0,131.0,158.0,0.015458563342690468,-0.034793511033058167,0.0,0.2557941973209381,0.0,-0.32538121938705444,0.0,0.5317460298538208,0.7119047045707703,0.9563288688659668,0.9294594526290894,1.0,0.4761904776096344,0.7825894355773926,0.30000001192092896,0.20000000298023224,0.20000000298023224,0.15000000596046448,0.15000000596046448,1.0,1.0,1.0,1.0
complex_fixed_v018_r5,closed_loop,complex,full,1,0.18,False,10.923064717,1785051286.2165885,1.817300355736577,0.026371783736773312,-0.05108301837557507,0.15950136987661237,-0.16165629260056605,1.595399075251545,0.18,-0.12897952203897325,20.0,1.7921025715029673,-0.007523487787616852,2.7969787883086945,-0.0231730214012458,3.7251967367065077,-0.03769554280109743,0.5753062963485718,0.15919817984104156,0.1091981828212738,0.7793675661087036,1.0,0,ROW_FOLLOW,,1.0,128.0,151.0,0.0293000228703022,-0.032752811908721924,0.0,0.2572803497314453,0.0,-0.32278597354888916,0.0,0.523809552192688,0.7119047045707703,0.9575162529945374,0.9222695231437683,1.0,0.4761904776096344,0.7793675661087036,0.30000001192092896,0.20000000298023224,0.20000000298023224,0.15000000596046448,0.15000000596046448,1.0,1.0,1.0,1.0
complex_fixed_v018_r5,closed_loop,complex,full,1,0.18,False,10.972814262,1785051286.2663383,1.8261906883634413,0.025641737574913635,-0.056959804330848574,0.16366563424544467,-0.1512100216557054,1.6044205376632061,0.18,-0.12526783360504004,20.0,1.7921025715029673,-0.007523487787616852,2.7969787883086945,-0.0231730214012458,3.7251967367065077,-0.03769554280109743,0.5753062963485718,0.15919817984104156,0.1091981828212738,0.7793675661087036,1.0,0,ROW_FOLLOW,,1.0,128.0,151.0,0.0293000228703022,-0.032752811908721924,0.0,0.2572803497314453,0.0,-0.32278597354888916,0.0,0.523809552192688,0.7119047045707703,0.9575162529945374,0.9222695231437683,1.0,0.4761904776096344,0.7793675661087036,0.30000001192092896,0.20000000298023224,0.20000000298023224,0.15000000596046448,0.15000000596046448,1.0,1.0,1.0,1.0
complex_fixed_v018_r5,closed_loop,complex,full,1,0.18,False,11.02274362,1785051286.3162675,1.8341370012747993,0.02123114967021237,-0.06606924663297506,0.16037945783513893,-0.12807266663403621,1.6171727521389063,0.18,-0.08615619698718191,20.0,1.808602532844197,-0.007478755045624886,2.813434979739943,-0.025622801140236535,3.774939305222994,-0.04309973292902488,0.5718318223953247,0.15811236202716827,0.10811236500740051,0.7665102481842041,1.0,0,ROW_FOLLOW,,1.0,141.0,139.0,0.04226362705230713,-0.030040264129638672,0.0,0.2587556838989258,0.0,-0.3188362121582031,0.0,0.4841269552707672,0.7119047045707703,0.9530528783798218,0.9218713641166687,1.0,0.4761904776096344,0.7665102481842041,0.30000001192092896,0.20000000298023224,0.20000000298023224,0.15000000596046448,0.15000000596046448,1.0,1.0,1.0,1.0
complex_fixed_v018_r5,closed_loop,complex,full,1,0.18,False,11.073608078,1785051286.367132,1.8432557777341607,0.020380773455061722,-0.07058506226282815,0.16383567549181313,-0.11491523873848337,1.6264100507288684,0.18,-0.0804795782855287,20.0,1.808602532844197,-0.007478755045624886,2.813434979739943,-0.025622801140236535,3.774939305222994,-0.04309973292902488,0.5718318223953247,0.15811236202716827,0.10811236500740051,0.7665102481842041,1.0,0,ROW_FOLLOW,,1.0,141.0,139.0,0.04226362705230713,-0.030040264129638672,0.0,0.2587556838989258,0.0,-0.3188362121582031,0.0,0.4841269552707672,0.7119047045707703,0.9530528783798218,0.9218713641166687,1.0,0.4761904776096344,0.7665102481842041,0.30000001192092896,0.20000000298023224,0.20000000298023224,0.15000000596046448,0.15000000596046448,1.0,1.0,1.0,1.0
complex_fixed_v018_r5,closed_loop,complex,full,1,0.18,False,11.123464026,1785051286.416988,1.8437241549741463,0.02531919964689451,-0.07771063853824732,0.15863962426840056,-0.11663967837684698,1.6320265314996933,0.18,-0.08762546067620762,21.0,1.8250345217293649,-0.00666539933049095,2.829793784715909,-0.028470088229076124,3.8419271192371722,-0.05699270859742251,0.5705979466438293,0.15748880803585052,0.10748881101608276,0.789470911026001,1.0,0,ROW_FOLLOW,,1.0,138.0,151.0,0.04932703822851181,-0.026302799582481384,0.0,0.2618168294429779,0.0,-0.3144224286079407,0.0,0.555555522441864,0.7380951642990112,0.950860321521759,0.9000871777534485,1.0,0.523809552192688,0.789470911026001,0.30000001192092896,0.20000000298023224,0.20000000298023224,0.15000000596046448,0.15000000596046448,1.0,1.0,1.0,1.0
complex_fixed_v018_r5,closed_loop,complex,full,1,0.18,False,11.174082205,1785051286.4676063,1.854080159476635,0.023781508884334796,-0.08275499316294434,0.16136170027649516,-0.12353267243252085,1.6426258191975014,0.18,-0.07884253051642302,21.0,1.8250345217293649,-0.00666539933049095,2.829793784715909,-0.028470088229076124,3.8419271192371722,-0.05699270859742251,0.5705979466438293,0.15748880803585052,0.10748881101608276,0.789470911026001,1.0,0,ROW_FOLLOW,,1.0,138.0,151.0,0.04932703822851181,-0.026302799582481384,0.0,0.2618168294429779,0.0,-0.3144224286079407,0.0,0.555555522441864,0.7380951642990112,0.950860321521759,0.9000871777534485,1.0,0.523809552192688,0.789470911026001,0.30000001192092896,0.20000000298023224,0.20000000298023224,0.15000000596046448,0.15000000596046448,1.0,1.0,1.0,1.0
complex_fixed_v018_r5,closed_loop,complex,full,1,0.18,False,11.223572734,1785051286.5170968,1.8680647691361378,0.02820090888199487,-0.09157982002697503,0.16883347481655683,-0.15109159666715707,1.6574610883250276,0.18,-0.08164343495652115,21.0,1.84023854634653,-0.004692779016723415,2.8399499548697107,-0.028645105725159745,3.8473880159946856,-0.05355045672183291,0.563929557800293,0.14487774670124054,0.09487774968147278,0.8008521795272827,1.0,0,ROW_FOLLOW,,1.0,130.0,146.0,0.06355258077383041,-0.02360495924949646,0.0,0.263529896736145,0.0,-0.31073981523513794,0.0,0.6269841194152832,0.7119047045707703,0.9398826360702515,0.882662832736969,1.0,0.4761904776096344,0.8008521795272827,0.30000001192092896,0.20000000298023224,0.20000000298023224,0.15000000596046448,0.15000000596046448,1.0,1.0,1.0,1.0
complex_fixed_v018_r5,closed_loop,complex,full,1,0.18,False,11.273891832,1785051286.5674157,1.8783109479704985,0.026004050902396533,-0.09727325734752948,0.16951355137509283,-0.1270173920187365,1.6682101497372024,0.18,-0.06741386668189776,21.0,1.84023854634653,-0.004692779016723415,2.8399499548697107,-0.028645105725159745,3.8473880159946856,-0.05355045672183291,0.563929557800293,0.14487774670124054,0.09487774968147278,0.8008521795272827,1.0,0,ROW_FOLLOW,,1.0,130.0,146.0,0.06355258077383041,-0.02360495924949646,0.0,0.263529896736145,0.0,-0.31073981523513794,0.0,0.6269841194152832,0.7119047045707703,0.9398826360702515,0.882662832736969,1.0,0.4761904776096344,0.8008521795272827,0.30000001192092896,0.20000000298023224,0.20000000298023224,0.15000000596046448,0.15000000596046448,1.0,1.0,1.0,1.0
complex_fixed_v018_r5,closed_loop,complex,full,1,0.18,False,11.32361472,1785051286.6171386,1.8863443124161094,0.024894812422741622,-0.10587496167368161,0.1712380447870654,-0.15019713472223672,1.676494378865956,0.18,-0.020092121701826674,19.0,1.8579343873489405,0.00036046178001462983,2.757614166831349,-0.023589180966754195,3.7239321470428215,-0.04948920436464113,0.5663889646530151,0.1459134966135025,0.09591349959373474,0.7900428771972656,1.0,0,ROW_FOLLOW,,1.0,125.0,133.0,0.07357915490865707,-0.018883943557739258,0.0,0.2673301696777344,0.0,-0.3050980567932129,0.0,0.5952380895614624,0.6857142448425293,0.9439816474914551,0.903548002243042,1.0,0.4285714328289032,0.7900428771972656,0.30000001192092896,0.20000000298023224,0.20000000298023224,0.15000000596046448,0.15000000596046448,1.0,1.0,1.0,1.0
complex_fixed_v018_r5,closed_loop,complex,full,1,0.18,False,11.372839512,1785051286.6663635,1.9001679359654469,0.021611009581819232,-0.1112862454201982,0.18170515306506083,-0.13486161542928965,1.6908909194401869,0.18,-0.002750134631128219,19.0,1.8579343873489405,0.00036046178001462983,2.757614166831349,-0.023589180966754195,3.7239321470428215,-0.04948920436464113,0.5663889646530151,0.1459134966135025,0.09591349959373474,0.7900428771972656,1.0,0,ROW_FOLLOW,,1.0,125.0,133.0,0.07357915490865707,-0.018883943557739258,0.0,0.2673301696777344,0.0,-0.3050980567932129,0.0,0.5952380895614624,0.6857142448425293,0.9439816474914551,0.903548002243042,1.0,0.4285714328289032,0.7900428771972656,0.30000001192092896,0.20000000298023224,0.20000000298023224,0.15000000596046448,0.15000000596046448,1.0,1.0,1.0,1.0
complex_fixed_v018_r5,closed_loop,complex,full,1,0.18,False,11.423255989,1785051286.71678,1.908530632732837,0.020377185524256124,-0.11868745765585367,0.18029525294181223,-0.12916931341367738,1.6994847993228859,0.18,0.03967789026007247,21.0,1.8769891678214587,0.004448215772686187,2.876617942342209,-0.02274765681717639,3.875923925777723,-0.04917430915021109,0.5642776489257812,0.15120060741901398,0.10120061039924622,0.7941383123397827,1.0,0,ROW_FOLLOW,,1.0,134.0,147.0,0.08940865844488144,-0.01528969407081604,0.0,0.26904982328414917,0.0,-0.29962921142578125,0.0,0.5714285969734192,0.7380951642990112,0.9404627680778503,0.9133210182189941,1.0,0.523809552192688,0.7941383123397827,0.30000001192092896,0.20000000298023224,0.20000000298023224,0.15000000596046448,0.15000000596046448,1.0,1.0,1.0,1.0
complex_fixed_v018_r5,closed_loop,complex,full,1,0.18,False,11.473691155,1785051286.767215,1.910437717255894,0.019893388827633834,-0.12450796035406464,0.17809412621887372,-0.1370494756186695,1.701588353455933,0.18,0.05326890667305691,21.0,1.8769891678214587,0.004448215772686187,2.876617942342209,-0.02274765681717639,3.875923925777723,-0.04917430915021109,0.5642776489257812,0.15120060741901398,0.10120061039924622,0.7941383123397827,1.0,0,ROW_FOLLOW,,1.0,134.0,147.0,0.08940865844488144,-0.01528969407081604,0.0,0.26904982328414917,0.0,-0.29962921142578125,0.0,0.5714285969734192,0.7380951642990112,0.9404627680778503,0.9133210182189941,1.0,0.523809552192688,0.7941383123397827,0.30000001192092896,0.20000000298023224,0.20000000298023224,0.15000000596046448,0.15000000596046448,1.0,1.0,1.0,1.0
complex_fixed_v018_r5,closed_loop,complex,full,1,0.18,False,11.522774407,1785051286.8162982,1.91027348682739,0.019592211435704467,-0.13341796223462987,0.17742113804656565,-0.16045077462482907,1.7019482962481376,0.18,0.09132702944414672,21.0,1.8958662624515796,0.00733672242042915,2.895469983301551,-0.02080383303507687,3.9041644365207455,-0.04767560509258449,0.5642433166503906,0.15845675766468048,0.10845676064491272,0.7880159616470337,1.0,0,ROW_FOLLOW,,1.0,131.0,139.0,0.10210147500038147,-0.011002972722053528,0.0,0.27217209339141846,0.0,-0.2941780388355255,0.0,0.5714285969734192,0.7119047045707703,0.940405547618866,0.9075016975402832,1.0,0.4761904776096344,0.7880159616470337,0.30000001192092896,0.20000000298023224,0.20000000298023224,0.15000000596046448,0.15000000596046448,1.0,1.0,1.0,1.0
complex_fixed_v018_r5,closed_loop,complex,full,1,0.18,False,11.572969597,1785051286.8664935,1.9313017675011517,0.0150537305357376,-0.13953618433309825,0.19243735938943224,-0.14345386802192114,1.7235104049280563,0.18,0.11577232671364888,21.0,1.8958662624515796,0.00733672242042915,2.895469983301551,-0.02080383303507687,3.9041644365207455,-0.04767560509258449,0.5642433166503906,0.15845675766468048,0.10845676064491272,0.7880159616470337,1.0,0,ROW_FOLLOW,,1.0,131.0,139.0,0.10210147500038147,-0.011002972722053528,0.0,0.27217209339141846,0.0,-0.2941780388355255,0.0,0.5714285969734192,0.7119047045707703,0.940405547618866,0.9075016975402832,1.0,0.4761904776096344,0.7880159616470337,0.30000001192092896,0.20000000298023224,0.20000000298023224,0.15000000596046448,0.15000000596046448,1.0,1.0,1.0,1.0
complex_fixed_v018_r5,closed_loop,complex,full,1,0.18,False,11.623612385,1785051286.9171364,1.9461517765345235,0.011355686169512639,-0.14746707791405417,0.19377520634732612,-0.11680284054350067,1.7451314607800112,0.18,0.14364248509604285,21.0,1.9157708709389702,0.007285071547404397,2.9153308290286097,-0.022251020346136064,3.914890820456329,-0.05178711912123065,0.5626988410949707,0.15720166265964508,0.10720166563987732,0.7793290615081787,1.0,0,ROW_FOLLOW,,1.0,119.0,139.0,0.11135559529066086,-0.005746766924858093,0.0,0.2763172388076782,0.0,-0.2878107726573944,0.0,0.5317460298538208,0.7380951642990112,0.9378315210342407,0.8974655866622925,1.0,0.523809552192688,0.7793290615081787,0.30000001192092896,0.20000000298023224,0.20000000298023224,0.15000000596046448,0.15000000596046448,1.0,1.0,1.0,1.0
complex_fixed_v018_r5,closed_loop,complex,full,1,0.18,False,11.673028895,1785051286.9665527,1.9554232657960082,0.009842309734995988,-0.15214750115073886,0.19111203816805086,-0.11510654285615345,1.754565463783473,0.18,0.15448455159232727,21.0,1.9157708709389702,0.007285071547404397,2.9153308290286097,-0.022251020346136064,3.914890820456329,-0.05178711912123065,0.5626988410949707,0.15720166265964508,0.10720166563987732,0.7793290615081787,1.0,0,ROW_FOLLOW,,1.0,119.0,139.0,0.11135559529066086,-0.005746766924858093,0.0,0.2763172388076782,0.0,-0.2878107726573944,0.0,0.5317460298538208,0.7380951642990112,0.9378315210342407,0.8974655866622925,1.0,0.523809552192688,0.7793290615081787,0.30000001192092896,0.20000000298023224,0.20000000298023224,0.15000000596046448,0.15000000596046448,1.0,1.0,1.0,1.0
complex_fixed_v018_r5,closed_loop,complex,full,1,0.18,False,11.724041551,1785051287.0175655,1.9646507058317564,0.00796651088076713,-0.15785855383478034,0.1938178120637306,-0.08013965289106323,1.76409038501835,0.18,0.18054238636144768,19.0,1.9346454107348243,0.008612916227901687,2.834148803133648,-0.02107134111510012,3.800271866584404,-0.053260765660573715,0.5604353547096252,0.14364145696163177,0.09364145994186401,0.771308183670044,1.0,0,ROW_FOLLOW,,1.0,103.0,142.0,0.11864066869020462,0.0009293407201766968,0.0,0.28125253319740295,0.0,-0.27939385175704956,0.0,0.5634920597076416,0.6595237255096436,0.9340590238571167,0.890293300151825,1.0,0.380952388048172,0.771308183670044,0.30000001192092896,0.20000000298023224,0.20000000298023224,0.15000000596046448,0.15000000596046448,1.0,1.0,1.0,1.0
complex_fixed_v018_r5,closed_loop,complex,full,1,0.18,False,11.772813978,1785051287.066338,1.9705189594094057,0.006421871977922805,-0.15991854569753589,0.18420572871620747,-0.045368548491177,1.7764935668628072,0.18,0.19281588915722603,19.0,1.9346454107348243,0.008612916227901687,2.834148803133648,-0.02107134111510012,3.800271866584404,-0.053260765660573715,0.5604353547096252,0.14364145696163177,0.09364145994186401,0.771308183670044,1.0,0,ROW_FOLLOW,,1.0,103.0,142.0,0.11864066869020462,0.0009293407201766968,0.0,0.28125253319740295,0.0,-0.27939385175704956,0.0,0.5634920597076416,0.6595237255096436,0.9340590238571167,0.890293300151825,1.0,0.380952388048172,0.771308183670044,0.30000001192092896,0.20000000298023224,0.20000000298023224,0.15000000596046448,0.15000000596046448,1.0,1.0,1.0,1.0
complex_fixed_v018_r5,closed_loop,complex,full,1,0.18,False,11.824098737,1785051287.1176229,1.9794738084768062,0.004940056327990695,-0.16123988467594552,0.18387765219826877,-0.03489515464343357,1.7855822996132489,0.18,0.20841767405982647,20.0,1.9548823247733278,0.010319516268995263,2.9541846651844317,-0.02691331099931062,3.9027825056141823,-0.062079423153031825,0.5601654052734375,0.14274771511554718,0.09274771809577942,0.7903851270675659,1.0,0,ROW_FOLLOW,,1.0,109.0,124.0,0.12055003643035889,0.007460638880729675,0.0,0.2866547107696533,0.0,-0.27173343300819397,0.0,0.634920597076416,0.6595237255096436,0.9336090087890625,0.8752160668373108,1.0,0.380952388048172,0.7903851270675659,0.30000001192092896,0.20000000298023224,0.20000000298023224,0.15000000596046448,0.15000000596046448,1.0,1.0,1.0,1.0
complex_fixed_v018_r5,closed_loop,complex,full,1,0.18,False,11.872858972,1785051287.1663828,1.9902538389641558,0.003883389343976164,-0.1632396738178014,0.17098299652135482,-0.036190888884616274,1.7966177629712585,0.18,0.2144191984871683,20.0,1.9548823247733278,0.010319516268995263,2.9541846651844317,-0.02691331099931062,3.9027825056141823,-0.062079423153031825,0.5601654052734375,0.14274771511554718,0.09274771809577942,0.7903851270675659,1.0,0,ROW_FOLLOW,,1.0,109.0,124.0,0.12055003643035889,0.007460638880729675,0.0,0.2866547107696533,0.0,-0.27173343300819397,0.0,0.634920597076416,0.6595237255096436,0.9336090087890625,0.8752160668373108,1.0,0.380952388048172,0.7903851270675659,0.30000001192092896,0.20000000298023224,0.20000000298023224,0.15000000596046448,0.15000000596046448,1.0,1.0,1.0,1.0
complex_fixed_v018_r5,closed_loop,complex,full,1,0.18,False,11.922873357,1785051287.2163973,1.9991257888408316,0.0023451470100866187,-0.1646243095696498,0.17387517104910746,-0.03345959732201804,1.805652357671447,0.18,0.24078715587152336,21.0,1.9726720266456665,0.01380858479207523,2.97185244478824,-0.026611532629591875,3.9889811428704065,-0.06866667959128803,0.5584251284599304,0.14082829654216766,0.0908282995223999,0.793851375579834,1.0,0,ROW_FOLLOW,,1.0,97.0,125.0,0.12108878791332245,0.013486593961715698,0.0,0.29199522733688354,0.0,-0.26502203941345215,0.0,0.6507936120033264,0.6595237255096436,0.9306851625442505,0.870476484298706,1.0,0.380952388048172,0.793851375579834,0.30000001192092896,0.20000000298023224,0.20000000298023224,0.15000000596046448,0.15000000596046448,1.0,1.0,1.0,1.0
complex_fixed_v018_r5,closed_loop,complex,full,1,0.18,False,11.973536338,1785051287.2670603,2.0025366449832824,0.0017050262472213832,-0.16579519526924397,0.1766457853011509,-0.043973722987662334,1.8091546397087617,0.18,0.24270842784462276,21.0,1.9726720266456665,0.01380858479207523,2.97185244478824,-0.026611532629591875,3.9889811428704065,-0.06866667959128803,0.5584251284599304,0.14082829654216766,0.0908282995223999,0.793851375579834,1.0,0,ROW_FOLLOW,,1.0,97.0,125.0,0.12108878791332245,0.013486593961715698,0.0,0.29199522733688354,0.0,-0.26502203941345215,0.0,0.6507936120033264,0.6595237255096436,0.9306851625442505,0.870476484298706,1.0,0.380952388048172,0.793851375579834,0.30000001192092896,0.20000000298023224,0.20000000298023224,0.15000000596046448,0.15000000596046448,1.0,1.0,1.0,1.0
complex_fixed_v018_r5,closed_loop,complex,full,1,0.18,False,12.023963343,1785051287.3174875,2.0018215910104877,0.0018016055517383195,-0.16582140402350737,0.1787108325880717,0.01679917228324686,1.8098945279553482,0.18,0.2646633354628963,21.0,1.988313374897037,0.017266335147735803,2.9874637845254965,-0.023927633460926637,3.995338622943472,-0.06393595286395296,0.5566115379333496,0.14781533181667328,0.09781533479690552,0.7883116006851196,1.0,0,ROW_FOLLOW,,1.0,105.0,127.0,0.12648899853229523,0.018921568989753723,0.0,0.29643601179122925,0.0,-0.2585928738117218,0.0,0.6269841194152832,0.6595237255096436,0.9266747236251831,0.8865105509757996,1.0,0.380952388048172,0.7883116006851196,0.30000001192092896,0.20000000298023224,0.20000000298023224,0.15000000596046448,0.15000000596046448,1.0,1.0,1.0,1.0
complex_fixed_v018_r5,closed_loop,complex,full,1,0.18,False,12.074487759,1785051287.3680117,2.016220220869285,0.003956720536964066,-0.16624360685775752,0.15261033350694267,-0.02009029217246415,1.8256366866374198,0.18,0.24495992095760366,21.0,1.988313374897037,0.017266335147735803,2.9874637845254965,-0.023927633460926637,3.995338622943472,-0.06393595286395296,0.5566115379333496,0.14781533181667328,0.09781533479690552,0.7883116006851196,1.0,0,ROW_FOLLOW,,1.0,105.0,127.0,0.12648899853229523,0.018921568989753723,0.0,0.29643601179122925,0.0,-0.2585928738117218,0.0,0.6269841194152832,0.6595237255096436,0.9266747236251831,0.8865105509757996,1.0,0.380952388048172,0.7883116006851196,0.30000001192092896,0.20000000298023224,0.20000000298023224,0.15000000596046448,0.15000000596046448,1.0,1.0,1.0,1.0
complex_fixed_v018_r5,closed_loop,complex,full,1,0.18,False,12.123322236,1785051287.416846,2.021763482620995,0.002387536326401593,-0.16725297011384074,0.15301392415563217,-0.01927594857909289,1.831590545492162,0.18,0.2880875037532945,19.0,2.003740874899416,0.021794007332107596,2.9030122714023356,-0.014360566213009478,3.8689032582220277,-0.05302261041034867,0.5621188282966614,0.15779940783977509,0.10779941082000732,0.7946246862411499,1.0,0,ROW_FOLLOW,,1.0,90.0,113.0,0.1292102336883545,0.02351778745651245,0.0,0.3006809949874878,0.0,-0.2536454200744629,0.0,0.6190476417541504,0.6857142448425293,0.9367918372154236,0.8960610628128052,1.0,0.4285714328289032,0.7946246862411499,0.30000001192092896,0.20000000298023224,0.20000000298023224,0.15000000596046448,0.15000000596046448,1.0,1.0,1.0,1.0
complex_fixed_v018_r5,closed_loop,complex,full,1,0.18,False,12.172790269,1785051287.4663143,2.0308206698757885,0.0008463566196902834,-0.16801834378093117,0.15838431486408028,-0.028155154865539735,1.8407850610302625,0.18,0.29771217450127546,19.0,2.003740874899416,0.021794007332107596,2.9030122714023356,-0.014360566213009478,3.8689032582220277,-0.05302261041034867,0.5621188282966614,0.15779940783977509,0.10779941082000732,0.7946246862411499,1.0,0,ROW_FOLLOW,,1.0,90.0,113.0,0.1292102336883545,0.02351778745651245,0.0,0.3006809949874878,0.0,-0.2536454200744629,0.0,0.6190476417541504,0.6857142448425293,0.9367918372154236,0.8960610628128052,1.0,0.4285714328289032,0.7946246862411499,0.30000001192092896,0.20000000298023224,0.20000000298023224,0.15000000596046448,0.15000000596046448,1.0,1.0,1.0,1.0
complex_fixed_v018_r5,closed_loop,complex,full,1,0.18,False,12.223036789,1785051287.5165606,2.0312898790997673,0.0008106476368903888,-0.16847586271394022,0.16364961480965923,-0.01619878612441557,1.8412742295667068,0.18,0.32086998218639917,21.0,2.0173863337641933,0.025205678647463977,3.0166752507220083,-0.012459469547868434,4.016102180237635,-0.051298656567789536,0.5607733130455017,0.1597735434770584,0.10977354645729065,0.7822879552841187,1.0,0,ROW_FOLLOW,,1.0,93.0,84.0,0.1334315538406372,0.02676364779472351,0.0,0.30387082695961,0.0,-0.25034353137016296,0.0,0.5714285969734192,0.6857142448425293,0.934238076210022,0.9124587178230286,1.0,0.4285714328289032,0.7822879552841187,0.30000001192092896,0.20000000298023224,0.20000000298023224,0.15000000596046448,0.15000000596046448,1.0,1.0,1.0,1.0
complex_fixed_v018_r5,closed_loop,complex,full,1,0.18,False,12.273259116,1785051287.566783,2.041077800773767,-0.0008553881993294051,-0.16859916847017462,0.16709428460393994,-0.014122970973347618,1.851204153954146,0.18,0.33023609519791425,21.0,2.0173863337641933,0.025205678647463977,3.0166752507220083,-0.012459469547868434,4.016102180237635,-0.051298656567789536,0.5607733130455017,0.1597735434770584,0.10977354645729065,0.7822879552841187,1.0,0,ROW_FOLLOW,,1.0,93.0,84.0,0.1334315538406372,0.02676364779472351,0.0,0.30387082695961,0.0,-0.25034353137016296,0.0,0.5714285969734192,0.6857142448425293,0.934238076210022,0.9124587178230286,1.0,0.4285714328289032,0.7822879552841187,0.30000001192092896,0.20000000298023224,0.20000000298023224,0.15000000596046448,0.15000000596046448,1.0,1.0,1.0,1.0
complex_fixed_v018_r5,closed_loop,complex,full,1,0.18,False,12.323103448,1785051287.6166275,2.0579909752783245,-0.003725042432261603,-0.16895504296261388,0.17064857957270757,0.0043564716263351675,1.8683730138819004,0.18,0.36171467013188396,21.0,2.0333672147777317,0.027500179192295162,3.032727558964448,-0.008236016490781808,4.040287837616029,-0.042070042289898364,0.5569393038749695,0.14577500522136688,0.09577500820159912,0.7672791481018066,1.0,0,ROW_FOLLOW,,1.0,87.0,81.0,0.13458971679210663,0.02989954501390457,0.0,0.30670976638793945,0.0,-0.2469106763601303,0.0,0.5476190447807312,0.6595237255096436,0.9257076978683472,0.9063141942024231,1.0,0.380952388048172,0.7672791481018066,0.30000001192092896,0.20000000298023224,0.20000000298023224,0.15000000596046448,0.15000000596046448,1.0,1.0,1.0,1.0
complex_fixed_v018_r5,closed_loop,complex,full,1,0.18,False,12.372917667,1785051287.6664417,2.057992108581784,-0.0037183657468057548,-0.16870499541076303,0.1733561268145353,0.022136160241100173,1.8683833414751816,0.18,0.3613246322868221,21.0,2.0333672147777317,0.027500179192295162,3.032727558964448,-0.008236016490781808,4.040287837616029,-0.042070042289898364,0.5569393038749695,0.14577500522136688,0.09577500820159912,0.7672791481018066,1.0,0,ROW_FOLLOW,,1.0,87.0,81.0,0.13458971679210663,0.02989954501390457,0.0,0.30670976638793945,0.0,-0.2469106763601303,0.0,0.5476190447807312,0.6595237255096436,0.9257076978683472,0.9063141942024231,1.0,0.380952388048172,0.7672791481018066,0.30000001192092896,0.20000000298023224,0.20000000298023224,0.15000000596046448,0.15000000596046448,1.0,1.0,1.0,1.0
complex_fixed_v018_r5,closed_loop,complex,full,1,0.18,False,12.42453994,1785051287.7180638,2.0784233985943805,-0.007452446693738032,-0.16851773367545778,0.1732164178767544,0.017295493275628487,1.8892024376065772,0.18,0.3632332720289243,19.0,2.0473442654852745,0.027824480352258468,2.9468166017861,-0.002979446780112561,3.912919216157255,-0.03598891274123973,0.554340124130249,0.15079288184642792,0.10079288482666016,0.7677383422851562,1.0,0,ROW_FOLLOW,,1.0,86.0,84.0,0.13572101294994354,0.032149747014045715,0.0,0.3092232942581177,0.0,-0.24492380023002625,0.0,0.5158730149269104,0.6857142448425293,0.9239001274108887,0.9403566718101501,1.0,0.4285714328289032,0.7677383422851562,0.30000001192092896,0.20000000298023224,0.20000000298023224,0.15000000596046448,0.15000000596046448,1.0,1.0,1.0,1.0
complex_fixed_v018_r5,closed_loop,complex,full,1,0.18,False,12.472738206,1785051287.7662623,2.087513539692288,-0.008973997191196535,-0.16789379842091012,0.17401161572222168,0.017838617455863598,1.8984244578164642,0.18,0.3966460122955155,19.0,2.0473442654852745,0.027824480352258468,2.9468166017861,-0.002979446780112561,3.912919216157255,-0.03598891274123973,0.554340124130249,0.15079288184642792,0.10079288482666016,0.7677383422851562,1.0,0,ROW_FOLLOW,,1.0,86.0,84.0,0.13572101294994354,0.032149747014045715,0.0,0.3092232942581177,0.0,-0.24492380023002625,0.0,0.5158730149269104,0.6857142448425293,0.9239001274108887,0.9403566718101501,1.0,0.4285714328289032,0.7677383422851562,0.30000001192092896,0.20000000298023224,0.20000000298023224,0.15000000596046448,0.15000000596046448,1.0,1.0,1.0,1.0
complex_fixed_v018_r5,closed_loop,complex,full,1,0.18,False,12.524206683,1785051287.8177307,2.096034760870045,-0.010364604641320312,-0.166827502184948,0.17516164952652583,0.020588583241199464,1.9070800186301982,0.18,0.4000388364551536,20.0,2.0662362520787525,0.0269627425895942,3.0707328059404175,-0.004705654468910211,4.01891167030528,-0.03348621156075138,0.5538889169692993,0.15539194643497467,0.10539194941520691,0.7445050477981567,1.0,0,ROW_FOLLOW,,1.0,80.0,72.0,0.13980984687805176,0.033964529633522034,0.0,0.3112614154815674,0.0,-0.24333235621452332,0.0,0.4523809552192688,0.6595237255096436,0.9231479167938232,0.9483759999275208,1.0,0.380952388048172,0.7445050477981567,0.30000001192092896,0.20000000298023224,0.20000000298023224,0.15000000596046448,0.15000000596046448,1.0,1.0,1.0,1.0
complex_fixed_v018_r5,closed_loop,complex,full,1,0.18,False,12.5729145,1785051287.8664384,2.0978016377615765,-0.010617720377799863,-0.16594168846706484,0.1756406297429649,0.014679844378024633,1.9088880737464768,0.18,0.3981416528308883,20.0,2.0662362520787525,0.0269627425895942,3.0707328059404175,-0.004705654468910211,4.01891167030528,-0.03348621156075138,0.5538889169692993,0.15539194643497467,0.10539194941520691,0.7445050477981567,1.0,0,ROW_FOLLOW,,1.0,80.0,72.0,0.13980984687805176,0.033964529633522034,0.0,0.3112614154815674,0.0,-0.24333235621452332,0.0,0.4523809552192688,0.6595237255096436,0.9231479167938232,0.9483759999275208,1.0,0.380952388048172,0.7445050477981567,0.30000001192092896,0.20000000298023224,0.20000000298023224,0.15000000596046448,0.15000000596046448,1.0,1.0,1.0,1.0
complex_fixed_v018_r5,closed_loop,complex,full,1,0.18,False,12.622768048,1785051287.9162922,2.11299835880715,-0.01346345380751379,-0.16368289991014692,0.1730850741510794,0.049096616414500645,1.9243758132386186,0.18,0.39786006543783814,21.0,2.084097729322312,0.025267689853277788,3.088700207108063,-0.0026918482839409855,4.1042873218726115,-0.023580001457395975,0.5533291697502136,0.15619052946567535,0.10619053244590759,0.7567305564880371,1.0,0,ROW_FOLLOW,,1.0,82.0,73.0,0.14185798168182373,0.03440879285335541,0.0,0.31233495473861694,0.0,-0.24351736903190613,0.0,0.4920634627342224,0.6595237255096436,0.9222153425216675,0.9517579674720764,1.0,0.380952388048172,0.7567305564880371,0.30000001192092896,0.20000000298023224,0.20000000298023224,0.15000000596046448,0.15000000596046448,1.0,1.0,1.0,1.0
complex_fixed_v018_r5,closed_loop,complex,full,1,0.18,False,12.673953541,1785051287.9674776,2.1217437283725453,-0.014819444614193825,-0.161885970431022,0.17461613659195913,0.025412265966136497,1.933257590330568,0.18,0.41615723881003713,21.0,2.084097729322312,0.025267689853277788,3.088700207108063,-0.0026918482839409855,4.1042873218726115,-0.023580001457395975,0.5533291697502136,0.15619052946567535,0.10619053244590759,0.7567305564880371,1.0,0,ROW_FOLLOW,,1.0,82.0,73.0,0.14185798168182373,0.03440879285335541,0.0,0.31233495473861694,0.0,-0.24351736903190613,0.0,0.4920634627342224,0.6595237255096436,0.9222153425216675,0.9517579674720764,1.0,0.380952388048172,0.7567305564880371,0.30000001192092896,0.20000000298023224,0.20000000298023224,0.15000000596046448,0.15000000596046448,1.0,1.0,1.0,1.0
complex_fixed_v018_r5,closed_loop,complex,full,1,0.18,False,12.723361443,1785051288.0168855,2.1273095411636302,-0.017196570149479576,-0.15798278296511098,0.1713794804149716,0.08526213699098319,1.9450253990694357,0.18,0.4077257090607268,21.0,2.104252022836477,0.022012793534695357,3.1039747657698062,-0.0013334571636219692,4.111697438674468,-0.022201748804768006,0.5571752190589905,0.1630256623029709,0.11302566528320312,0.7595151662826538,1.0,0,ROW_FOLLOW,,1.0,84.0,74.0,0.13986441493034363,0.03453824669122696,0.0,0.3130672872066498,0.0,-0.24399079382419586,0.0,0.4761904776096344,0.6857142448425293,0.9286252856254578,0.9586002826690674,1.0,0.4285714328289032,0.7595151662826538,0.30000001192092896,0.20000000298023224,0.20000000298023224,0.15000000596046448,0.15000000596046448,1.0,1.0,1.0,1.0
complex_fixed_v018_r5,closed_loop,complex,full,1,0.18,False,12.773014922,1785051288.0665388,2.134065601841425,-0.018302025088250747,-0.1547843296670881,0.1723138984931159,0.08334978263232314,1.9519277101384966,0.18,0.41134183596150287,21.0,2.104252022836477,0.022012793534695357,3.1039747657698062,-0.0013334571636219692,4.111697438674468,-0.022201748804768006,0.5571752190589905,0.1630256623029709,0.11302566528320312,0.7595151662826538,1.0,0,ROW_FOLLOW,,1.0,84.0,74.0,0.13986441493034363,0.03453824669122696,0.0,0.3130672872066498,0.0,-0.24399079382419586,0.0,0.4761904776096344,0.6857142448425293,0.9286252856254578,0.9586002826690674,1.0,0.4285714328289032,0.7595151662826538,0.30000001192092896,0.20000000298023224,0.20000000298023224,0.15000000596046448,0.15000000596046448,1.0,1.0,1.0,1.0
complex_fixed_v018_r5,closed_loop,complex,full,1,0.18,False,12.823450664,1785051288.1169746,2.1434777416948134,-0.019318839101342678,-0.1481581634944149,0.16638984413127703,0.11398764358819204,1.9614940866052077,0.18,0.393872320397469,20.0,2.120196383872751,0.01900278288853009,3.1199935732578123,-0.0010072299564932031,4.053139414213679,-0.019593065311962934,0.557984471321106,0.14952711760997772,0.09952712059020996,0.7559628486633301,1.0,0,ROW_FOLLOW,,1.0,86.0,94.0,0.1332847774028778,0.03418000787496567,0.0,0.31329017877578735,0.0,-0.24493016302585602,0.0,0.4682539403438568,0.6857142448425293,0.9299740791320801,0.9489935040473938,1.0,0.4285714328289032,0.7559628486633301,0.30000001192092896,0.20000000298023224,0.20000000298023224,0.15000000596046448,0.15000000596046448,1.0,1.0,1.0,1.0
complex_fixed_v018_r5,closed_loop,complex,full,1,0.18,False,12.873188752,1785051288.1667125,2.152519813858911,-0.0204479289836243,-0.14310486968859684,0.16743364017118745,0.1262432978827437,1.970692548785393,0.18,0.39587659484074783,20.0,2.120196383872751,0.01900278288853009,3.1199935732578123,-0.0010072299564932031,4.053139414213679,-0.019593065311962934,0.557984471321106,0.14952711760997772,0.09952712059020996,0.7559628486633301,1.0,0,ROW_FOLLOW,,1.0,86.0,94.0,0.1332847774028778,0.03418000787496567,0.0,0.31329017877578735,0.0,-0.24493016302585602,0.0,0.4682539403438568,0.6857142448425293,0.9299740791320801,0.9489935040473938,1.0,0.4285714328289032,0.7559628486633301,0.30000001192092896,0.20000000298023224,0.20000000298023224,0.15000000596046448,0.15000000596046448,1.0,1.0,1.0,1.0
complex_fixed_v018_r5,closed_loop,complex,full,1,0.18,False,12.923628814,1785051288.2171528,2.1526589650123364,-0.020147669273341388,-0.13401236629800062,0.16952518810684605,0.1547904383998957,1.9710568582254515,0.18,0.36633470434057935,21.0,2.1362501377274286,0.016326973254185095,3.13610908691863,-0.00020971743990923797,4.135963331797877,-0.01579549626338036,0.5574706196784973,0.15800051391124725,0.10800051689147949,0.7651035785675049,1.0,0,ROW_FOLLOW,,1.0,89.0,93.0,0.1245262622833252,0.034657254815101624,0.0,0.31396082043647766,0.0,-0.24464631080627441,0.0,0.5000000596046448,0.6857142448425293,0.9291176795959473,0.9475810527801514,1.0,0.4285714328289032,0.7651035785675049,0.30000001192092896,0.20000000298023224,0.20000000298023224,0.15000000596046448,0.15000000596046448,1.0,1.0,1.0,1.0
complex_fixed_v018_r5,closed_loop,complex,full,1,0.18,False,12.972798278,1785051288.2663221,2.1526795938079872,-0.019981500613149225,-0.12769705228578407,0.17130564827330283,0.17107631421618133,1.9712243026658505,0.18,0.35607495389071026,21.0,2.1362501377274286,0.016326973254185095,3.13610908691863,-0.00020971743990923797,4.135963331797877,-0.01579549626338036,0.5574706196784973,0.15800051391124725,0.10800051689147949,0.7651035785675049,1.0,0,ROW_FOLLOW,,1.0,89.0,93.0,0.1245262622833252,0.034657254815101624,0.0,0.31396082043647766,0.0,-0.24464631080627441,0.0,0.5000000596046448,0.6857142448425293,0.9291176795959473,0.9475810527801514,1.0,0.4285714328289032,0.7651035785675049,0.30000001192092896,0.20000000298023224,0.20000000298023224,0.15000000596046448,0.15000000596046448,1.0,1.0,1.0,1.0
complex_fixed_v018_r5,closed_loop,complex,full,1,0.18,False,13.023408329,1785051288.3169324,2.1526894010904822,-0.019540785110534316,-0.11763864400330261,0.171154044220528,0.18438181548467727,1.971665678698125,0.18,0.3332664175203799,21.0,2.1474378375734235,0.015047303981530216,3.1473420509290246,0.0014683501447330845,4.152880730993405,-0.008841787508311025,0.5571720600128174,0.1566801220178604,0.10668012499809265,0.7534898519515991,1.0,0,ROW_FOLLOW,,1.0,99.0,105.0,0.11048175394535065,0.034546710550785065,0.0,0.31453660130500793,0.0,-0.2454431802034378,0.0,0.4920634627342224,0.6333332657814026,0.9286202192306519,0.9565344452857971,1.0,0.3333333432674408,0.7534898519515991,0.30000001192092896,0.20000000298023224,0.20000000298023224,0.15000000596046448,0.15000000596046448,1.0,1.0,1.0,1.0
complex_fixed_v018_r5,closed_loop,complex,full,1,0.18,False,13.073104081,1785051288.3666282,2.1833505798015023,-0.021003152639164104,-0.11005902468492579,0.15595668433880228,0.1977885222065512,2.0024403199776493,0.18,0.33220444643127384,21.0,2.1474378375734235,0.015047303981530216,3.1473420509290246,0.0014683501447330845,4.152880730993405,-0.008841787508311025,0.5571720600128174,0.1566801220178604,0.10668012499809265,0.7534898519515991,1.0,0,ROW_FOLLOW,,1.0,99.0,105.0,0.11048175394535065,0.034546710550785065,0.0,0.31453660130500793,0.0,-0.2454431802034378,0.0,0.4920634627342224,0.6333332657814026,0.9286202192306519,0.9565344452857971,1.0,0.3333333432674408,0.7534898519515991,0.30000001192092896,0.20000000298023224,0.20000000298023224,0.15000000596046448,0.15000000596046448,1.0,1.0,1.0,1.0
complex_fixed_v018_r5,closed_loop,complex,full,1,0.18,False,13.124426154,1785051288.4179502,2.1919916999307767,-0.0214824516581931,-0.0978220768190279,0.1606156720509554,0.18186265828730627,2.0113411123105407,0.18,0.3226070973133474,21.0,2.1632899370333973,0.014699919810025308,3.1632155344642783,0.0025286444220273935,4.163141127557587,-0.009642633276779255,0.5568189024925232,0.15716902911663055,0.10716903209686279,0.7687832117080688,1.0,0,ROW_FOLLOW,,1.0,109.0,94.0,0.08907338231801987,0.03578680753707886,0.0,0.31564033031463623,0.0,-0.24406671524047852,0.0,0.5079365372657776,0.6857141852378845,0.9280313849449158,0.9576873779296875,1.0,0.4285714328289032,0.7687832117080688,0.30000001192092896,0.20000000298023224,0.20000000298023224,0.15000000596046448,0.15000000596046448,1.0,1.0,1.0,1.0
complex_fixed_v018_r5,closed_loop,complex,full,1,0.18,False,13.173043184,1785051288.4665673,2.209935522519286,-0.014154175890155399,-0.08864462402804425,0.18542818437660677,0.23302774297456352,2.032759265969807,0.18,0.2754735513434371,21.0,2.1632899370333973,0.014699919810025308,3.1632155344642783,0.0025286444220273935,4.163141127557587,-0.009642633276779255,0.5568189024925232,0.15716902911663055,0.10716903209686279,0.7687832117080688,1.0,0,ROW_FOLLOW,,1.0,109.0,94.0,0.08907338231801987,0.03578680753707886,0.0,0.31564033031463623,0.0,-0.24406671524047852,0.0,0.5079365372657776,0.6857141852378845,0.9280313849449158,0.9576873779296875,1.0,0.4285714328289032,0.7687832117080688,0.30000001192092896,0.20000000298023224,0.20000000298023224,0.15000000596046448,0.15000000596046448,1.0,1.0,1.0,1.0
complex_fixed_v018_r5,closed_loop,complex,full,1,0.18,False,13.223187365,1785051288.5167115,2.219347749992391,-0.012765491615985173,-0.07613910076104345,0.18542818437660677,0.20448883903805556,2.042344370759081,0.18,0.26230033151426524,21.0,2.184261319592881,0.017367972861805473,3.1842012771373,0.006563075105218833,4.184141249143277,-0.004241824544351771,0.558422327041626,0.1584959179162979,0.10849592089653015,0.7773061990737915,1.0,0,ROW_FOLLOW,,1.0,120.0,105.0,0.0716356635093689,0.03569692373275757,0.0,0.3158212900161743,0.0,-0.24442744255065918,0.0,0.523809552192688,0.7119046449661255,0.9307037591934204,0.9442769885063171,1.0,0.4761904776096344,0.7773061990737915,0.30000001192092896,0.20000000298023224,0.20000000298023224,0.15000000596046448,0.15000000596046448,1.0,1.0,1.0,1.0
complex_fixed_v018_r5,closed_loop,complex,full,1,0.18,False,13.273079091,1785051288.566603,2.2233654657714137,-0.012069457606310187,-0.06974788149172186,0.18542818437660677,0.1637511230973527,2.0465101624778046,0.18,0.25054721600534,21.0,2.184261319592881,0.017367972861805473,3.1842012771373,0.006563075105218833,4.184141249143277,-0.004241824544351771,0.558422327041626,0.1584959179162979,0.10849592089653015,0.7773061990737915,1.0,0,ROW_FOLLOW,,1.0,120.0,105.0,0.0716356635093689,0.03569692373275757,0.0,0.3158212900161743,0.0,-0.24442744255065918,0.0,0.523809552192688,0.7119046449661255,0.9307037591934204,0.9442769885063171,1.0,0.4761904776096344,0.7773061990737915,0.30000001192092896,0.20000000298023224,0.20000000298023224,0.15000000596046448,0.15000000596046448,1.0,1.0,1.0,1.0
complex_fixed_v018_r5,closed_loop,complex,full,1,0.18,False,13.325632369,1785051288.6191561,2.2233253301223503,-0.011781570180310973,-0.05951227627533262,0.18542818437660677,0.17678165540369906,2.046800835310783,0.18,0.2411350105030296,21.0,2.2078282302117893,0.020434714684595203,3.207764919645413,0.009340759253579899,4.207701597129354,-0.0017531938341126842,0.5603669285774231,0.15869195759296417,0.10869196057319641,0.7791156768798828,1.0,0,ROW_FOLLOW,,1.0,102.0,114.0,0.05133932828903198,0.035900942981243134,0.0,0.31647807359695435,0.0,-0.24467618763446808,0.0,0.523809552192688,0.7119046449661255,0.933944582939148,0.9520196318626404,1.0,0.4761904776096344,0.7791156768798828,0.30000001192092896,0.20000000298023224,0.20000000298023224,0.15000000596046448,0.15000000596046448,1.0,1.0,1.0,1.0
complex_fixed_v018_r5,closed_loop,complex,full,1,0.18,False,13.373282362,1785051288.6668062,2.2505858264708123,-0.016256588657793555,-0.05273068012095106,0.1869983311502218,0.16709660582666874,2.0745843464240252,0.18,0.2675246888629919,21.0,2.2078282302117893,0.020434714684595203,3.207764919645413,0.009340759253579899,4.207701597129354,-0.0017531938341126842,0.5603669285774231,0.15869195759296417,0.10869196057319641,0.7791156768798828,1.0,0,ROW_FOLLOW,,1.0,102.0,114.0,0.05133932828903198,0.035900942981243134,0.0,0.31647807359695435,0.0,-0.24467618763446808,0.0,0.523809552192688,0.7119046449661255,0.933944582939148,0.9520196318626404,1.0,0.4761904776096344,0.7791156768798828,0.30000001192092896,0.20000000298023224,0.20000000298023224,0.15000000596046448,0.15000000596046448,1.0,1.0,1.0,1.0
complex_fixed_v018_r5,closed_loop,complex,full,1,0.18,False,13.422754427,1785051288.7162783,2.247779328218664,-0.017050418053789453,-0.04108781634027593,0.17617336135730424,0.21662345704143587,2.094660870657061,0.18,0.25137413419059046,21.0,2.2264186118770266,0.021688948824165045,3.226362542941981,0.011188881099681608,4.226306479168177,0.0006888149700994527,0.561724066734314,0.15948821604251862,0.10948821902275085,0.7792288064956665,1.0,0,ROW_FOLLOW,,1.0,116.0,108.0,0.03409578651189804,0.03538207709789276,0.0,0.3162792921066284,0.0,-0.2455151379108429,0.0,0.523809552192688,0.7119046449661255,0.9362069368362427,0.9497570991516113,1.0,0.4761904776096344,0.7792288064956665,0.30000001192092896,0.20000000298023224,0.20000000298023224,0.15000000596046448,0.15000000596046448,1.0,1.0,1.0,1.0
complex_fixed_v018_r5,closed_loop,complex,full,1,0.18,False,13.473180825,1785051288.7667048,2.256859827412352,-0.017175240946259353,-0.03211914651049597,0.17616430934491328,0.2371761887483489,2.1038177668038607,0.18,0.24346247058309098,21.0,2.2264186118770266,0.021688948824165045,3.226362542941981,0.011188881099681608,4.226306479168177,0.0006888149700994527,0.561724066734314,0.15948821604251862,0.10948821902275085,0.7792288064956665,1.0,0,ROW_FOLLOW,,1.0,116.0,108.0,0.03409578651189804,0.03538207709789276,0.0,0.3162792921066284,0.0,-0.2455151379108429,0.0,0.523809552192688,0.7119046449661255,0.9362069368362427,0.9497570991516113,1.0,0.4761904776096344,0.7792288064956665,0.30000001192092896,0.20000000298023224,0.20000000298023224,0.15000000596046448,0.15000000596046448,1.0,1.0,1.0,1.0
complex_fixed_v018_r5,closed_loop,complex,full,1,0.18,False,13.523545813,1785051288.8170698,2.262489055976417,-0.016870297494062346,-0.017673268716451588,0.17641826900425406,0.24909491759876315,2.1097252930733283,0.18,0.20777376280597112,20.0,2.240205933060088,0.0203876597324973,3.240141749176447,0.009051429992748597,4.173415373145528,-0.001517012263427388,0.5583252310752869,0.15055446326732635,0.1005544662475586,0.7723990678787231,1.0,0,ROW_FOLLOW,,1.0,109.0,102.0,0.011674731969833374,0.03547442704439163,0.0,0.3163825571537018,0.0,-0.24543370306491852,0.0,0.523809552192688,0.6857142448425293,0.9305422902107239,0.9466992616653442,1.0,0.4285714328289032,0.7723990678787231,0.30000001192092896,0.20000000298023224,0.20000000298023224,0.15000000596046448,0.15000000596046448,1.0,1.0,1.0,1.0
complex_fixed_v018_r5,closed_loop,complex,full,1,0.18,False,13.573024662,1785051288.8665485,2.273461988624788,-0.02098948441781803,-0.007606275398462703,0.17516645150962462,0.26363593026087123,2.123646562384724,0.18,0.22113894573544532,20.0,2.240205933060088,0.0203876597324973,3.240141749176447,0.009051429992748597,4.173415373145528,-0.001517012263427388,0.5583252310752869,0.15055446326732635,0.1005544662475586,0.7723990678787231,1.0,0,ROW_FOLLOW,,1.0,109.0,102.0,0.011674731969833374,0.03547442704439163,0.0,0.3163825571537018,0.0,-0.24543370306491852,0.0,0.523809552192688,0.6857142448425293,0.9305422902107239,0.9466992616653442,1.0,0.4285714328289032,0.7723990678787231,0.30000001192092896,0.20000000298023224,0.20000000298023224,0.15000000596046448,0.15000000596046448,1.0,1.0,1.0,1.0
complex_fixed_v018_r5,closed_loop,complex,full,1,0.18,False,13.623378545,1785051288.9169023,2.2816440681030437,-0.0206545871727059,0.00971342798927433,0.16507479330684582,0.3062152231398014,2.132037092374289,0.18,0.1808411048189824,21.0,2.256897339557611,0.017000635576796787,3.2568369089688916,0.0059984714148940315,4.256598369302944,-0.005762586620882042,0.5575219988822937,0.15641100704669952,0.10641101002693176,0.7768076658248901,1.0,0,ROW_FOLLOW,,1.0,118.0,116.0,-0.014169320464134216,0.03474840521812439,0.0,0.31536877155303955,0.0,-0.24587196111679077,0.0,0.5634921193122864,0.6595237255096436,0.9292032122612,0.9334311485290527,1.0,0.380952388048172,0.7768076658248901,0.30000001192092896,0.20000000298023224,0.20000000298023224,0.15000000596046448,0.15000000596046448,1.0,1.0,1.0,1.0
complex_fixed_v018_r5,closed_loop,complex,full,1,0.18,False,13.672826929,1785051288.9663508,2.301132931957735,-0.023392380672786848,0.021993930320749915,0.1722387516906477,0.2961765782899476,2.1520841366884715,0.18,0.17978585662387667,21.0,2.256897339557611,0.017000635576796787,3.2568369089688916,0.0059984714148940315,4.256598369302944,-0.005762586620882042,0.5575219988822937,0.15641100704669952,0.10641101002693176,0.7768076658248901,1.0,0,ROW_FOLLOW,,1.0,118.0,116.0,-0.014169320464134216,0.03474840521812439,0.0,0.31536877155303955,0.0,-0.24587196111679077,0.0,0.5634921193122864,0.6595237255096436,0.9292032122612,0.9334311485290527,1.0,0.380952388048172,0.7768076658248901,0.30000001192092896,0.20000000298023224,0.20000000298023224,0.15000000596046448,0.15000000596046448,1.0,1.0,1.0,1.0
complex_fixed_v018_r5,closed_loop,complex,full,1,0.18,False,13.722750559,1785051289.0162745,2.309871024645545,-0.022545827204126706,0.03858428101184775,0.17253166048769802,0.2745704649675093,2.1611796530357603,0.18,0.1373327762591935,19.0,2.277523900109211,0.014327466277232052,3.177471970768797,0.00465101278439476,4.17741441745295,-0.0060945082778870695,0.5578917264938354,0.15334035456180573,0.10334035754203796,0.7782983779907227,1.0,0,ROW_FOLLOW,,1.0,113.0,135.0,-0.043727338314056396,0.03386704623699188,0.0,0.31479889154434204,0.0,-0.24706479907035828,0.0,0.5555555820465088,0.6857142448425293,0.9298194646835327,0.9234997034072876,1.0,0.4285714328289032,0.7782983779907227,0.30000001192092896,0.20000000298023224,0.20000000298023224,0.15000000596046448,0.15000000596046448,1.0,1.0,1.0,1.0
complex_fixed_v018_r5,closed_loop,complex,full,1,0.18,False,13.773318082,1785051289.066842,2.3130387912884367,-0.021867886035182547,0.04998703925245307,0.17313680423276184,0.2921719252330429,2.1646808366941226,0.18,0.10986688675097049,19.0,2.277523900109211,0.014327466277232052,3.177471970768797,0.00465101278439476,4.17741441745295,-0.0060945082778870695,0.5578917264938354,0.15334035456180573,0.10334035754203796,0.7782983779907227,1.0,0,ROW_FOLLOW,,1.0,113.0,135.0,-0.043727338314056396,0.03386704623699188,0.0,0.31479889154434204,0.0,-0.24706479907035828,0.0,0.5555555820465088,0.6857142448425293,0.9298194646835327,0.9234997034072876,1.0,0.4285714328289032,0.7782983779907227,0.30000001192092896,0.20000000298023224,0.20000000298023224,0.15000000596046448,0.15000000596046448,1.0,1.0,1.0,1.0
complex_fixed_v018_r5,closed_loop,complex,full,1,0.18,False,13.82315531,1785051289.1166792,2.3124647818322486,-0.021248343835525825,0.0666869760005229,0.17305005500995685,0.2676807532735586,2.1656011243251614,0.18,0.05682804633013955,21.0,2.296191247382273,0.011353107554362599,3.301143854845814,0.001691673045731026,4.2934591932283865,-0.006579161497902164,0.5592334270477295,0.15301455557346344,0.10301455855369568,0.7895089387893677,1.0,0,ROW_FOLLOW,,1.0,123.0,119.0,-0.06641113758087158,0.031153783202171326,0.0,0.31178906559944153,0.0,-0.24948149919509888,0.0,0.5714285969734192,0.7119047045707703,0.9320555925369263,0.9285883903503418,1.0,0.4761904776096344,0.7895089387893677,0.30000001192092896,0.20000000298023224,0.20000000298023224,0.15000000596046448,0.15000000596046448,1.0,1.0,1.0,1.0
complex_fixed_v018_r5,closed_loop,complex,full,1,0.18,False,13.87300905,1785051289.1665332,2.3379513542687085,-0.023847378079107983,0.07541665948812915,0.1848043288298349,0.21946318430871864,2.1915533729734884,0.18,0.07264420363355481,21.0,2.296191247382273,0.011353107554362599,3.301143854845814,0.001691673045731026,4.2934591932283865,-0.006579161497902164,0.5592334270477295,0.15301455557346344,0.10301455855369568,0.7895089387893677,1.0,0,ROW_FOLLOW,,1.0,123.0,119.0,-0.06641113758087158,0.031153783202171326,0.0,0.31178906559944153,0.0,-0.24948149919509888,0.0,0.5714285969734192,0.7119047045707703,0.9320555925369263,0.9285883903503418,1.0,0.4761904776096344,0.7895089387893677,0.30000001192092896,0.20000000298023224,0.20000000298023224,0.15000000596046448,0.15000000596046448,1.0,1.0,1.0,1.0
complex_fixed_v018_r5,closed_loop,complex,full,1,0.18,False,13.923442616,1785051289.2169666,2.3464356363400696,-0.02270680105247958,0.0875858596798062,0.18229384077440172,0.22456043395943157,2.2003579311118355,0.18,0.02428816447164897,20.0,2.317657661800696,0.008360414231875973,3.322611744174799,-0.001160082954244206,4.2756646588073,-0.010268075430842702,0.5639901161193848,0.16181381046772003,0.11181381344795227,0.8005368709564209,1.0,0,ROW_FOLLOW,,1.0,126.0,133.0,-0.09356103837490082,0.028589174151420593,0.0,0.30970120429992676,0.0,-0.25252285599708557,0.0,0.5873016119003296,0.7380951642990112,0.9399836659431458,0.9248707294464111,1.0,0.523809552192688,0.8005368709564209,0.30000001192092896,0.20000000298023224,0.20000000298023224,0.15000000596046448,0.15000000596046448,1.0,1.0,1.0,1.0
complex_fixed_v018_r5,closed_loop,complex,full,1,0.18,False,13.972768213,1785051289.2662923,2.347210357646769,-0.022279694658564497,0.09531981591528065,0.1807118456403108,0.1727917756802698,2.2013869943652855,0.18,0.010903874320737939,20.0,2.317657661800696,0.008360414231875973,3.322611744174799,-0.001160082954244206,4.2756646588073,-0.010268075430842702,0.5639901161193848,0.16181381046772003,0.11181381344795227,0.8005368709564209,1.0,0,ROW_FOLLOW,,1.0,126.0,133.0,-0.09356103837490082,0.028589174151420593,0.0,0.30970120429992676,0.0,-0.25252285599708557,0.0,0.5873016119003296,0.7380951642990112,0.9399836659431458,0.9248707294464111,1.0,0.523809552192688,0.8005368709564209,0.30000001192092896,0.20000000298023224,0.20000000298023224,0.15000000596046448,0.15000000596046448,1.0,1.0,1.0,1.0
complex_fixed_v018_r5,closed_loop,complex,full,1,0.18,False,14.024305813,1785051289.3178296,2.3471706948913087,-0.0218951243373986,0.10469060658593364,0.18098376915978098,0.16576911134244032,2.2017736257082894,0.18,-0.026534733885595612,21.0,2.33297878653383,0.005781345182267101,3.3329342432881153,-0.00358070817032926,4.330270388446397,-0.011544481653757734,0.5603601932525635,0.15602828562259674,0.10602828860282898,0.7967826128005981,1.0,0,ROW_FOLLOW,,1.0,111.0,135.0,-0.11185797303915024,0.025037288665771484,0.0,0.30622774362564087,0.0,-0.2561531662940979,0.0,0.579365074634552,0.7380951642990112,0.9339336156845093,0.92378169298172,1.0,0.523809552192688,0.7967826128005981,0.30000001192092896,0.20000000298023224,0.20000000298023224,0.15000000596046448,0.15000000596046448,1.0,1.0,1.0,1.0
complex_fixed_v018_r5,closed_loop,complex,full,1,0.18,False,14.073146402,1785051289.3666704,2.3694569198999496,-0.01313330173654621,0.1114526269806553,0.16727179750972188,0.17445470076246855,2.2262274399230906,0.18,-0.07412740207077684,21.0,2.33297878653383,0.005781345182267101,3.3329342432881153,-0.00358070817032926,4.330270388446397,-0.011544481653757734,0.5603601932525635,0.15602828562259674,0.10602828860282898,0.7967826128005981,1.0,0,ROW_FOLLOW,,1.0,111.0,135.0,-0.11185797303915024,0.025037288665771484,0.0,0.30622774362564087,0.0,-0.2561531662940979,0.0,0.579365074634552,0.7380951642990112,0.9339336156845093,0.92378169298172,1.0,0.523809552192688,0.7967826128005981,0.30000001192092896,0.20000000298023224,0.20000000298023224,0.15000000596046448,0.15000000596046448,1.0,1.0,1.0,1.0
complex_fixed_v018_r5,closed_loop,complex,full,1,0.18,False,14.123413851,1785051289.4169378,2.3785173300941005,-0.011665522311383288,0.12215706470460085,0.17078623073384108,0.19881877388052896,2.235594772622882,0.18,-0.1001481278693627,21.0,2.3517592850281837,0.005382521939794567,3.3517156337062644,-0.0038594280038317975,4.358443816148036,-0.011782398940851996,0.5605843663215637,0.15745069086551666,0.1074506938457489,0.8061823844909668,1.0,0,ROW_FOLLOW,,1.0,127.0,126.0,-0.1251366287469864,0.021361351013183594,0.0,0.3023182451725006,0.0,-0.2595955431461334,0.0,0.6111111640930176,0.7380951642990112,0.9343072772026062,0.9224570989608765,1.0,0.523809552192688,0.8061823844909668,0.30000001192092896,0.20000000298023224,0.20000000298023224,0.15000000596046448,0.15000000596046448,1.0,1.0,1.0,1.0
complex_fixed_v018_r5,closed_loop,complex,full,1,0.18,False,14.172887132,1785051289.466411,2.392546968632439,-0.004473921401482707,0.1271461518292818,0.1753530150797303,0.1441690694001218,2.2525085301368004,0.18,-0.1466024939678441,21.0,2.3517592850281837,0.005382521939794567,3.3517156337062644,-0.0038594280038317975,4.358443816148036,-0.011782398940851996,0.5605843663215637,0.15745069086551666,0.1074506938457489,0.8061823844909668,1.0,0,ROW_FOLLOW,,1.0,127.0,126.0,-0.1251366287469864,0.021361351013183594,0.0,0.3023182451725006,0.0,-0.2595955431461334,0.0,0.6111111640930176,0.7380951642990112,0.9343072772026062,0.9224570989608765,1.0,0.523809552192688,0.8061823844909668,0.30000001192092896,0.20000000298023224,0.20000000298023224,0.15000000596046448,0.15000000596046448,1.0,1.0,1.0,1.0
complex_fixed_v018_r5,closed_loop,complex,full,1,0.18,False,14.222765098,1785051289.516289,2.4017920565351973,-0.0030068819215901934,0.13273416130921636,0.1774858081127062,0.07967323390865767,2.261983468945598,0.18,-0.14839197836603196,20.0,2.369922294561819,0.00842185738706905,3.3748789963695383,-0.0008112877918522663,4.3031722008409306,-0.009362549483722378,0.5596528053283691,0.15764005482196808,0.10764005780220032,0.7977882623672485,1.0,0,ROW_FOLLOW,,1.0,125.0,131.0,-0.14138536155223846,0.018396034836769104,0.0,0.2991262376308441,0.0,-0.2623341679573059,0.0,0.6111111044883728,0.6857142448425293,0.9327545166015625,0.9384074211120605,1.0,0.4285714328289032,0.7977882623672485,0.30000001192092896,0.20000000298023224,0.20000000298023224,0.15000000596046448,0.15000000596046448,1.0,1.0,1.0,1.0
complex_fixed_v018_r5,closed_loop,complex,full,1,0.18,False,14.272775163,1785051289.5662992,2.4037612622163107,-0.002564618095617797,0.13533763052869574,0.17983093543758658,0.0823703449006435,2.26406924988449,0.18,-0.15413867777642817,20.0,2.369922294561819,0.00842185738706905,3.3748789963695383,-0.0008112877918522663,4.3031722008409306,-0.009362549483722378,0.5596528053283691,0.15764005482196808,0.10764005780220032,0.7977882623672485,1.0,0,ROW_FOLLOW,,1.0,125.0,131.0,-0.14138536155223846,0.018396034836769104,0.0,0.2991262376308441,0.0,-0.2623341679573059,0.0,0.6111111044883728,0.6857142448425293,0.9327545166015625,0.9384074211120605,1.0,0.4285714328289032,0.7977882623672485,0.30000001192092896,0.20000000298023224,0.20000000298023224,0.15000000596046448,0.15000000596046448,1.0,1.0,1.0,1.0
complex_fixed_v018_r5,closed_loop,complex,full,1,0.18,False,14.322814669,1785051289.6163387,2.4033612254572287,-0.0024225473912675597,0.1395161434619609,0.18211998229986032,0.0635305386572213,2.2645441773201895,0.18,-0.1511128591970969,20.0,2.3887371479842088,0.011319828958633414,3.3986940570456206,0.0020807901148865338,4.355319556901924,-0.0067164394323661935,0.5588564872741699,0.15479059517383575,0.104790598154068,0.8081486225128174,1.0,0,ROW_FOLLOW,,1.0,126.0,127.0,-0.14820601046085358,0.014103174209594727,0.0,0.29533642530441284,0.0,-0.2671300768852234,0.0,0.634920597076416,0.7119047045707703,0.9314273595809937,0.9267066717147827,1.0,0.4761904776096344,0.8081486225128174,0.30000001192092896,0.20000000298023224,0.20000000298023224,0.15000000596046448,0.15000000596046448,1.0,1.0,1.0,1.0
complex_fixed_v018_r5,closed_loop,complex,full,1,0.18,False,14.374005602,1785051289.6675296,2.432876786588898,0.006272497213684752,0.14131027965388746,0.18960016207700905,0.04080189266917895,2.2954671740993353,0.18,-0.19390645370726586,20.0,2.3887371479842088,0.011319828958633414,3.3986940570456206,0.0020807901148865338,4.355319556901924,-0.0067164394323661935,0.5588564872741699,0.15479059517383575,0.104790598154068,0.8081486225128174,1.0,0,ROW_FOLLOW,,1.0,126.0,127.0,-0.14820601046085358,0.014103174209594727,0.0,0.29533642530441284,0.0,-0.2671300768852234,0.0,0.634920597076416,0.7119047045707703,0.9314273595809937,0.9267066717147827,1.0,0.4761904776096344,0.8081486225128174,0.30000001192092896,0.20000000298023224,0.20000000298023224,0.15000000596046448,0.15000000596046448,1.0,1.0,1.0,1.0
complex_fixed_v018_r5,closed_loop,complex,full,1,0.18,False,14.423567238,1785051289.717091,2.4417872319378113,0.007640727510471237,0.14314898447983415,0.1891954415008707,0.024288834829728746,2.3045213899238703,0.18,-0.19302300675036857,21.0,2.409862216949482,0.013894090385365933,3.41981081281698,0.003692660329903927,4.432870331984126,-0.004078863616794493,0.5607125163078308,0.15802939236164093,0.10802939534187317,0.8163520097732544,1.0,0,ROW_FOLLOW,,1.0,120.0,121.0,-0.1527015119791031,0.009770750999450684,0.0,0.29126831889152527,0.0,-0.2717268168926239,0.0,0.6269841194152832,0.764285683631897,0.9345209002494812,0.9233025312423706,1.0,0.5714285969734192,0.8163520097732544,0.30000001192092896,0.20000000298023224,0.20000000298023224,0.15000000596046448,0.15000000596046448,1.0,1.0,1.0,1.0
complex_fixed_v018_r5,closed_loop,complex,full,1,0.18,False,14.472809952,1785051289.766334,2.450863411620674,0.008564837974599787,0.14405132612278754,0.1916950342926611,0.028187357473506695,2.3146708608852187,0.18,-0.19858473207932228,21.0,2.409862216949482,0.013894090385365933,3.41981081281698,0.003692660329903927,4.432870331984126,-0.004078863616794493,0.5607125163078308,0.15802939236164093,0.10802939534187317,0.8163520097732544,1.0,0,ROW_FOLLOW,,1.0,120.0,121.0,-0.1527015119791031,0.009770750999450684,0.0,0.29126831889152527,0.0,-0.2717268168926239,0.0,0.6269841194152832,0.764285683631897,0.9345209002494812,0.9233025312423706,1.0,0.5714285969734192,0.8163520097732544,0.30000001192092896,0.20000000298023224,0.20000000298023224,0.15000000596046448,0.15000000596046448,1.0,1.0,1.0,1.0
complex_fixed_v018_r5,closed_loop,complex,full,1,0.18,False,14.523141947,1785051289.816666,2.4598939253481853,0.00993977485587864,0.14534687161942114,0.19139304461274886,0.011781723400472222,2.323834736127999,0.18,-0.2109205980732414,20.0,2.4292580656110467,0.013725879486502121,3.434207180868421,0.003600176822279376,4.395825183283988,-0.006088779828073495,0.5585771203041077,0.15325821936130524,0.10325822234153748,0.8213310241699219,1.0,0,ROW_FOLLOW,,1.0,134.0,134.0,-0.15481646358966827,0.004913389682769775,0.0,0.28630977869033813,0.0,-0.2764829993247986,0.0,0.6507936716079712,0.764285683631897,0.9309617877006531,0.9136229753494263,1.0,0.5714285969734192,0.8213310241699219,0.30000001192092896,0.20000000298023224,0.20000000298023224,0.15000000596046448,0.15000000596046448,1.0,1.0,1.0,1.0
complex_fixed_v018_r5,closed_loop,complex,full,1,0.18,False,14.574003974,1785051289.867528,2.4723106832223904,0.011843846753660157,0.1458131777623843,0.19392776979666643,-0.001391420343397026,2.3364105146176124,0.18,-0.22043264669510476,20.0,2.4292580656110467,0.013725879486502121,3.434207180868421,0.003600176822279376,4.395825183283988,-0.006088779828073495,0.5585771203041077,0.15325821936130524,0.10325822234153748,0.8213310241699219,1.0,0,ROW_FOLLOW,,1.0,134.0,134.0,-0.15481646358966827,0.004913389682769775,0.0,0.28630977869033813,0.0,-0.2764829993247986,0.0,0.6507936716079712,0.764285683631897,0.9309617877006531,0.9136229753494263,1.0,0.5714285969734192,0.8213310241699219,0.30000001192092896,0.20000000298023224,0.20000000298023224,0.15000000596046448,0.15000000596046448,1.0,1.0,1.0,1.0
complex_fixed_v018_r5,closed_loop,complex,full,1,0.18,False,14.624378051,1785051289.917902,2.480820654591033,0.013160264636894167,0.147755203477863,0.19254862626636704,0.038199354789496584,2.345062865476477,0.18,-0.2307270020590739,21.0,2.4520653295403254,0.014028512889123157,3.4520148908601502,0.003972111060793677,4.452541598290791,-0.005817060785374788,0.562295138835907,0.15501363575458527,0.1050136387348175,0.8242672681808472,1.0,0,ROW_FOLLOW,,1.0,125.0,129.0,-0.15724609792232513,0.0006572902202606201,0.0,0.28256893157958984,0.0,-0.2812543511390686,0.0,0.6507936716079712,0.764285683631897,0.937158465385437,0.9249358177185059,1.0,0.5714285969734192,0.8242672681808472,0.30000001192092896,0.20000000298023224,0.20000000298023224,0.15000000596046448,0.15000000596046448,1.0,1.0,1.0,1.0
complex_fixed_v018_r5,closed_loop,complex,full,1,0.18,False,14.67314123,1785051289.9666653,2.483874245799365,0.01365043232352726,0.1486323442372832,0.18999851847990376,0.03423653863308574,2.34817946773713,0.18,-0.2343723676289946,21.0,2.4520653295403254,0.014028512889123157,3.4520148908601502,0.003972111060793677,4.452541598290791,-0.005817060785374788,0.562295138835907,0.15501363575458527,0.1050136387348175,0.8242672681808472,1.0,0,ROW_FOLLOW,,1.0,125.0,129.0,-0.15724609792232513,0.0006572902202606201,0.0,0.28256893157958984,0.0,-0.2812543511390686,0.0,0.6507936716079712,0.764285683631897,0.937158465385437,0.9249358177185059,1.0,0.5714285969734192,0.8242672681808472,0.30000001192092896,0.20000000298023224,0.20000000298023224,0.15000000596046448,0.15000000596046448,1.0,1.0,1.0,1.0
complex_fixed_v018_r5,closed_loop,complex,full,1,0.18,False,14.723086237,1785051290.0166104,2.490856039739752,0.015018952864109017,0.14958336769799674,0.18769017849091799,0.03644760713107895,2.3553219586507046,0.18,-0.2485316749719746,21.0,2.469023280225203,0.011448931966226079,3.468986283767336,0.0032290562108132546,4.47801888104134,-0.004176846594979086,0.5646605491638184,0.15734978020191193,0.10734978318214417,0.8177276849746704,1.0,0,ROW_FOLLOW,,1.0,124.0,109.0,-0.1541469693183899,-0.005350455641746521,0.0,0.27643343806266785,0.0,-0.2871343493461609,0.0,0.6428571939468384,0.7380951642990112,0.9411008954048157,0.9268749952316284,1.0,0.523809552192688,0.8177276849746704,0.30000001192092896,0.20000000298023224,0.20000000298023224,0.15000000596046448,0.15000000596046448,1.0,1.0,1.0,1.0
complex_fixed_v018_r5,closed_loop,complex,full,1,0.18,False,14.772901385,1785051290.0664253,2.5027671141512315,0.014955477334830273,0.1506729696386496,0.18109587026228136,0.026752779541029604,2.3690636722346823,0.18,-0.25567455833194513,21.0,2.469023280225203,0.011448931966226079,3.468986283767336,0.0032290562108132546,4.47801888104134,-0.004176846594979086,0.5646605491638184,0.15734978020191193,0.10734978318214417,0.8177276849746704,1.0,0,ROW_FOLLOW,,1.0,124.0,109.0,-0.1541469693183899,-0.005350455641746521,0.0,0.27643343806266785,0.0,-0.2871343493461609,0.0,0.6428571939468384,0.7380951642990112,0.9411008954048157,0.9268749952316284,1.0,0.523809552192688,0.8177276849746704,0.30000001192092896,0.20000000298023224,0.20000000298023224,0.15000000596046448,0.15000000596046448,1.0,1.0,1.0,1.0
complex_fixed_v018_r5,closed_loop,complex,full,1,0.18,False,14.822918459,1785051290.1164424,2.5114810807960324,0.01630824038621298,0.15153522440581302,0.1759526638255583,0.016437169306024853,2.3778992552627924,0.18,-0.27823000131538556,21.0,2.486324255893684,0.007581186811568485,3.486301779377039,0.003955172355149146,4.4862793165106165,0.00032916343818319556,0.5584829449653625,0.1530841439962387,0.10308414697647095,0.7939729690551758,1.0,0,ROW_FOLLOW,,1.0,130.0,106.0,-0.14767010509967804,-0.013081103563308716,0.0,0.267866849899292,0.0,-0.2940290570259094,0.0,0.6111111044883728,0.6857142448425293,0.9308047294616699,0.9155724048614502,1.0,0.4285714328289032,0.7939729690551758,0.30000001192092896,0.20000000298023224,0.20000000298023224,0.15000000596046448,0.15000000596046448,1.0,1.0,1.0,1.0
complex_fixed_v018_r5,closed_loop,complex,full,1,0.18,False,14.872818089,1785051290.1663423,2.5216739799232544,0.016993157634273948,0.15207161776382083,0.17695432686811177,0.019873769733908482,2.388438362930929,0.18,-0.2828773542353135,21.0,2.486324255893684,0.007581186811568485,3.486301779377039,0.003955172355149146,4.4862793165106165,0.00032916343818319556,0.5584829449653625,0.1530841439962387,0.10308414697647095,0.7939729690551758,1.0,0,ROW_FOLLOW,,1.0,130.0,106.0,-0.14767010509967804,-0.013081103563308716,0.0,0.267866849899292,0.0,-0.2940290570259094,0.0,0.6111111044883728,0.6857142448425293,0.9308047294616699,0.9155724048614502,1.0,0.4285714328289032,0.7939729690551758,0.30000001192092896,0.20000000298023224,0.20000000298023224,0.15000000596046448,0.15000000596046448,1.0,1.0,1.0,1.0
complex_fixed_v018_r5,closed_loop,complex,full,1,0.18,False,14.922860635,1785051290.2163844,2.530640412152849,0.01836508711291079,0.1520756644125627,0.17801600962954175,0.003969202268027847,2.397512587269818,0.18,-0.309861667579604,21.0,2.5028511311393165,0.0019374618938297252,3.5028277848652984,0.005090092998500683,4.5028044700348975,0.00824273314905969,0.55679851770401,0.14931894838809967,0.09931895136833191,0.8035287857055664,1.0,0,ROW_FOLLOW,,1.0,132.0,88.0,-0.1418551802635193,-0.021399840712547302,0.0,0.25900179147720337,0.0,-0.301801472902298,0.0,0.6507936716079712,0.6857142448425293,0.9279974102973938,0.9036551713943481,1.0,0.4285714328289032,0.8035287857055664,0.30000001192092896,0.20000000298023224,0.20000000298023224,0.15000000596046448,0.15000000596046448,1.0,1.0,1.0,1.0
complex_fixed_v018_r5,closed_loop,complex,full,1,0.18,False,14.973484896,1785051290.2670088,2.5344421488887723,0.018923847830608582,0.1514834334696804,0.17947926850791793,-0.0011020006658369647,2.401371406305478,0.18,-0.30891259928248804,21.0,2.5028511311393165,0.0019374618938297252,3.5028277848652984,0.005090092998500683,4.5028044700348975,0.00824273314905969,0.55679851770401,0.14931894838809967,0.09931895136833191,0.8035287857055664,1.0,0,ROW_FOLLOW,,1.0,132.0,88.0,-0.1418551802635193,-0.021399840712547302,0.0,0.25900179147720337,0.0,-0.301801472902298,0.0,0.6507936716079712,0.6857142448425293,0.9279974102973938,0.9036551713943481,1.0,0.4285714328289032,0.8035287857055664,0.30000001192092896,0.20000000298023224,0.20000000298023224,0.15000000596046448,0.15000000596046448,1.0,1.0,1.0,1.0
complex_fixed_v018_r5,closed_loop,complex,full,1,0.18,False,15.024003233,1785051290.3175273,2.5337309835203286,0.018798530080378358,0.15125106491363693,0.18081765171704822,-0.005261795362903648,2.4020980375075225,0.18,-0.3121964755837759,19.0,2.5198706202800767,-0.0046296015998689944,3.4198179601239125,0.004143028325687999,4.386424341012503,0.013930364782594488,0.5595091581344604,0.1531716138124466,0.10317161679267883,0.8043389320373535,1.0,0,ROW_FOLLOW,,1.0,123.0,71.0,-0.1361137330532074,-0.030295252799987793,0.0,0.24953418970108032,0.0,-0.3101246953010559,0.0,0.6746032238006592,0.6595237255096436,0.9325150847434998,0.8903345465660095,1.0,0.380952388048172,0.8043389320373535,0.30000001192092896,0.20000000298023224,0.20000000298023224,0.15000000596046448,0.15000000596046448,1.0,1.0,1.0,1.0
complex_fixed_v018_r5,closed_loop,complex,full,1,0.18,False,15.072999667,1785051290.3665237,2.5547393964630443,0.02245954622558701,0.1503804604446932,0.18194854499041255,-0.01575519547207308,2.4234349986538004,0.18,-0.3561957295434401,19.0,2.5198706202800767,-0.0046296015998689944,3.4198179601239125,0.004143028325687999,4.386424341012503,0.013930364782594488,0.5595091581344604,0.1531716138124466,0.10317161679267883,0.8043389320373535,1.0,0,ROW_FOLLOW,,1.0,123.0,71.0,-0.1361137330532074,-0.030295252799987793,0.0,0.24953418970108032,0.0,-0.3101246953010559,0.0,0.6746032238006592,0.6595237255096436,0.9325150847434998,0.8903345465660095,1.0,0.380952388048172,0.8043389320373535,0.30000001192092896,0.20000000298023224,0.20000000298023224,0.15000000596046448,0.15000000596046448,1.0,1.0,1.0,1.0
complex_fixed_v018_r5,closed_loop,complex,full,1,0.18,False,15.123414417,1785051290.4169383,2.563815323153309,0.02380002657020558,0.14944962875485948,0.1823122207354155,-0.008026397907336254,2.4326312962353245,0.18,-0.3846221386264833,20.0,2.5374210895156915,-0.010546654501998168,3.5706326724240447,0.004893892944356994,4.488450688709672,0.018561051590354965,0.5593384504318237,0.1532706767320633,0.10327067971229553,0.8113665580749512,1.0,0,ROW_FOLLOW,,1.0,128.0,74.0,-0.13110405206680298,-0.03832337260246277,0.0,0.24111026525497437,0.0,-0.3177570104598999,0.0,0.6746031641960144,0.6857142448425293,0.9322306513786316,0.9026445746421814,1.0,0.4285714328289032,0.8113665580749512,0.30000001192092896,0.20000000298023224,0.20000000298023224,0.15000000596046448,0.15000000596046448,1.0,1.0,1.0,1.0
complex_fixed_v018_r5,closed_loop,complex,full,1,0.18,False,15.172834833,1785051290.466359,2.5774477920870718,0.02711342984439493,0.1484467337004438,0.18906623193727548,-0.0021442640082393306,2.4480145062876346,0.18,-0.40542252132631684,20.0,2.5374210895156915,-0.010546654501998168,3.5706326724240447,0.004893892944356994,4.488450688709672,0.018561051590354965,0.5593384504318237,0.1532706767320633,0.10327067971229553,0.8113665580749512,1.0,0,ROW_FOLLOW,,1.0,128.0,74.0,-0.13110405206680298,-0.03832337260246277,0.0,0.24111026525497437,0.0,-0.3177570104598999,0.0,0.6746031641960144,0.6857142448425293,0.9322306513786316,0.9026445746421814,1.0,0.4285714328289032,0.8113665580749512,0.30000001192092896,0.20000000298023224,0.20000000298023224,0.15000000596046448,0.15000000596046448,1.0,1.0,1.0,1.0
complex_fixed_v018_r5,closed_loop,complex,full,1,0.18,False,15.222921381,1785051290.5164454,2.586532205516687,0.02840459864838585,0.1466771980724882,0.18856506866206713,-0.03884224247435949,2.4572302226731297,0.18,-0.42634966525053125,21.0,2.556188804434118,-0.014963074085083726,3.5893716477565163,0.0026079128999774,4.577918941141148,0.01571880845621748,0.5580679774284363,0.15770556032657623,0.10770556330680847,0.8163487911224365,1.0,0,ROW_FOLLOW,,1.0,141.0,88.0,-0.13079383969306946,-0.044755369424819946,0.0,0.23355597257614136,0.0,-0.32306671142578125,0.0,0.6984126567840576,0.6595237255096436,0.9301133751869202,0.9259831309318542,1.0,0.380952388048172,0.8163487911224365,0.30000001192092896,0.20000000298023224,0.20000000298023224,0.15000000596046448,0.15000000596046448,1.0,1.0,1.0,1.0
complex_fixed_v018_r5,closed_loop,complex,full,1,0.18,False,15.272828691,1785051290.5663526,2.58997081579537,0.028845882772620575,0.14528951076602056,0.1884138332154426,-0.03587593576474144,2.460735006255032,0.18,-0.42836507463046725,21.0,2.556188804434118,-0.014963074085083726,3.5893716477565163,0.0026079128999774,4.577918941141148,0.01571880845621748,0.5580679774284363,0.15770556032657623,0.10770556330680847,0.8163487911224365,1.0,0,ROW_FOLLOW,,1.0,141.0,88.0,-0.13079383969306946,-0.044755369424819946,0.0,0.23355597257614136,0.0,-0.32306671142578125,0.0,0.6984126567840576,0.6595237255096436,0.9301133751869202,0.9259831309318542,1.0,0.380952388048172,0.8163487911224365,0.30000001192092896,0.20000000298023224,0.20000000298023224,0.15000000596046448,0.15000000596046448,1.0,1.0,1.0,1.0
complex_fixed_v018_r5,closed_loop,complex,full,1,0.18,False,15.324853506,1785051290.6183774,2.5891927228162417,0.028649141438755677,0.1431566124241615,0.188034530781176,-0.04372358096611828,2.461578976586746,0.18,-0.4237946932173787,21.0,2.574707899320595,-0.01768122935525905,3.6079126539203403,-0.001845457332563225,4.584140069457954,0.008110909012251573,0.5600281953811646,0.1552571803331375,0.10525718331336975,0.7946492433547974,1.0,0,ROW_FOLLOW,,1.0,107.0,61.0,-0.13383594155311584,-0.04833085089921951,0.0,0.22923226654529572,0.0,-0.32589396834373474,0.0,0.6349206566810608,0.6333332657814026,0.9333802461624146,0.9388688206672668,1.0,0.3333333432674408,0.7946492433547974,0.30000001192092896,0.20000000298023224,0.20000000298023224,0.15000000596046448,0.15000000596046448,1.0,1.0,1.0,1.0
complex_fixed_v018_r5,closed_loop,complex,full,1,0.18,False,15.37285503,1785051290.666379,2.6113991582883087,0.033049578144484296,0.14089431099181085,0.18548418450680704,-0.07848535123678002,2.484265830787993,0.18,-0.46419405910616757,21.0,2.574707899320595,-0.01768122935525905,3.6079126539203403,-0.001845457332563225,4.584140069457954,0.008110909012251573,0.5600281953811646,0.1552571803331375,0.10525718331336975,0.7946492433547974,1.0,0,ROW_FOLLOW,,1.0,107.0,61.0,-0.13383594155311584,-0.04833085089921951,0.0,0.22923226654529572,0.0,-0.32589396834373474,0.0,0.6349206566810608,0.6333332657814026,0.9333802461624146,0.9388688206672668,1.0,0.3333333432674408,0.7946492433547974,0.30000001192092896,0.20000000298023224,0.20000000298023224,0.15000000596046448,0.15000000596046448,1.0,1.0,1.0,1.0
complex_fixed_v018_r5,closed_loop,complex,full,1,0.18,False,15.423224563,1785051290.7167485,2.6202899406357893,0.03418167891654809,0.13800287044786821,0.18531675464471428,-0.04980152501277861,2.493281111250945,0.18,-0.46972590561012767,21.0,2.5934380438265676,-0.018119913377864793,3.5933708657030827,-0.007549122161107604,4.5933036415614525,0.0030216606524534097,0.5538725852966309,0.15174727141857147,0.10174727439880371,0.769816517829895,1.0,0,ROW_FOLLOW,,1.0,109.0,73.0,-0.13392260670661926,-0.05019393563270569,0.0,0.22743520140647888,0.0,-0.32782307267189026,0.0,0.5476190447807312,0.6333332657814026,0.9231209754943848,0.9615993499755859,1.0,0.3333333432674408,0.769816517829895,0.30000001192092896,0.20000000298023224,0.20000000298023224,0.15000000596046448,0.15000000596046448,1.0,1.0,1.0,1.0
complex_fixed_v018_r5,closed_loop,complex,full,1,0.18,False,15.473438955,1785051290.766963,2.6284715499116897,0.03412420742564261,0.13507501460619276,0.17968055213263354,-0.09190997452386614,2.504289273677856,0.18,-0.457957602915791,21.0,2.5934380438265676,-0.018119913377864793,3.5933708657030827,-0.007549122161107604,4.5933036415614525,0.0030216606524534097,0.5538725852966309,0.15174727141857147,0.10174727439880371,0.769816517829895,1.0,0,ROW_FOLLOW,,1.0,109.0,73.0,-0.13392260670661926,-0.05019393563270569,0.0,0.22743520140647888,0.0,-0.32782307267189026,0.0,0.5476190447807312,0.6333332657814026,0.9231209754943848,0.9615993499755859,1.0,0.3333333432674408,0.769816517829895,0.30000001192092896,0.20000000298023224,0.20000000298023224,0.15000000596046448,0.15000000596046448,1.0,1.0,1.0,1.0
complex_fixed_v018_r5,closed_loop,complex,full,1,0.18,False,15.522789416,1785051290.8163133,2.6337329185142813,0.03514350016332631,0.12980621307793028,0.1840033927971237,-0.08976989631934498,2.515912348702717,0.18,-0.4696315856460638,20.0,2.6092655583005557,-0.018677270385314554,3.609238249848019,-0.011582376986226132,4.542546400440362,-0.004988364949417806,0.5538073778152466,0.1528080850839615,0.10280808806419373,0.764055609703064,1.0,0,ROW_FOLLOW,,1.0,99.0,75.0,-0.12505754828453064,-0.05337514728307724,0.0,0.22444315254688263,0.0,-0.3311934471130371,0.0,0.5158730745315552,0.6595237255096436,0.9230123162269592,0.9519098997116089,1.0,0.380952388048172,0.764055609703064,0.30000001192092896,0.20000000298023224,0.20000000298023224,0.15000000596046448,0.15000000596046448,1.0,1.0,1.0,1.0
complex_fixed_v018_r5,closed_loop,complex,full,1,0.18,False,15.573395884,1785051290.86692,2.642515897451478,0.036185129159165386,0.12567443204464596,0.18275321362099795,-0.11520046018076632,2.5247915569372004,0.18,-0.4751327605466243,20.0,2.6092655583005557,-0.018677270385314554,3.609238249848019,-0.011582376986226132,4.542546400440362,-0.004988364949417806,0.5538073778152466,0.1528080850839615,0.10280808806419373,0.764055609703064,1.0,0,ROW_FOLLOW,,1.0,99.0,75.0,-0.12505754828453064,-0.05337514728307724,0.0,0.22444315254688263,0.0,-0.3311934471130371,0.0,0.5158730745315552,0.6595237255096436,0.9230123162269592,0.9519098997116089,1.0,0.380952388048172,0.764055609703064,0.30000001192092896,0.20000000298023224,0.20000000298023224,0.15000000596046448,0.15000000596046448,1.0,1.0,1.0,1.0
complex_fixed_v018_r5,closed_loop,complex,full,1,0.18,False,15.623610627,1785051290.9171345,2.6482858353149057,0.036664827373598774,0.11805187500142413,0.1818887029799319,-0.13707633118303414,2.5307262900855063,0.18,-0.4627438319773286,21.0,2.626758036973555,-0.019258367845121055,3.6267388169292243,-0.013103879798710855,4.627258972854859,-0.0070197741606202076,0.5521156787872314,0.1562141329050064,0.10621413588523865,0.7691144943237305,1.0,0,ROW_FOLLOW,,1.0,110.0,69.0,-0.11368921399116516,-0.05737452208995819,0.0,0.21938377618789673,0.0,-0.3341328203678131,0.0,0.5317460298538208,0.6595237255096436,0.9201927185058594,0.9576488733291626,1.0,0.380952388048172,0.7691144943237305,0.30000001192092896,0.20000000298023224,0.20000000298023224,0.15000000596046448,0.15000000596046448,1.0,1.0,1.0,1.0
complex_fixed_v018_r5,closed_loop,complex,full,1,0.18,False,15.673129094,1785051290.9666529,2.664511879153065,0.040203458483226526,0.11256270090478754,0.18220300202950582,-0.15820701711685495,2.5474977397215257,0.18,-0.47389906913907504,21.0,2.626758036973555,-0.019258367845121055,3.6267388169292243,-0.013103879798710855,4.627258972854859,-0.0070197741606202076,0.5521156787872314,0.1562141329050064,0.10621413588523865,0.7691144943237305,1.0,0,ROW_FOLLOW,,1.0,110.0,69.0,-0.11368921399116516,-0.05737452208995819,0.0,0.21938377618789673,0.0,-0.3341328203678131,0.0,0.5317460298538208,0.6595237255096436,0.9201927185058594,0.9576488733291626,1.0,0.380952388048172,0.7691144943237305,0.30000001192092896,0.20000000298023224,0.20000000298023224,0.15000000596046448,0.15000000596046448,1.0,1.0,1.0,1.0
complex_fixed_v018_r5,closed_loop,complex,full,1,0.18,False,15.722732139,1785051291.016256,2.673447157362964,0.04228616962025042,0.09933157562028065,0.17762093188116007,-0.22321870891824785,2.558055265499137,0.18,-0.4738743843675557,21.0,2.644430299072706,-0.019293568522596272,3.6444147502577358,-0.015392046829921874,4.653778413815523,-0.013831468076689737,0.5579163432121277,0.15646971762180328,0.10646972060203552,0.7647795677185059,1.0,0,ROW_FOLLOW,,1.0,89.0,75.0,-0.10601917654275894,-0.05891589820384979,0.0,0.21867498755455017,0.0,-0.33650678396224976,0.0,0.5158730149269104,0.6595237255096436,0.9298605918884277,0.9476052522659302,1.0,0.380952388048172,0.7647795677185059,0.30000001192092896,0.20000000298023224,0.20000000298023224,0.15000000596046448,0.15000000596046448,1.0,1.0,1.0,1.0
complex_fixed_v018_r5,closed_loop,complex,full,1,0.18,False,15.77283776,1785051291.0663617,2.676693971253854,0.0421914204891155,0.09048797190146773,0.17676605183846258,-0.22754594710891293,2.5615150327319527,0.18,-0.4631093437007209,21.0,2.644430299072706,-0.019293568522596272,3.6444147502577358,-0.015392046829921874,4.653778413815523,-0.013831468076689737,0.5579163432121277,0.15646971762180328,0.10646972060203552,0.7647795677185059,1.0,0,ROW_FOLLOW,,1.0,89.0,75.0,-0.10601917654275894,-0.05891589820384979,0.0,0.21867498755455017,0.0,-0.33650678396224976,0.0,0.5158730149269104,0.6595237255096436,0.9298605918884277,0.9476052522659302,1.0,0.380952388048172,0.7647795677185059,0.30000001192092896,0.20000000298023224,0.20000000298023224,0.15000000596046448,0.15000000596046448,1.0,1.0,1.0,1.0
complex_fixed_v018_r5,closed_loop,complex,full,1,0.18,False,15.822834769,1785051291.1163588,2.67591518164635,0.04157204439048135,0.07585456680418325,0.1753536313025195,-0.2508671951294773,2.5627714183788814,0.18,-0.43042209155679234,21.0,2.661542880011245,-0.020467701788116088,3.6615302387364355,-0.0170951708189337,4.66151759251402,-0.01372263886966761,0.549511194229126,0.15113283693790436,0.1011328399181366,0.7758216857910156,1.0,0,ROW_FOLLOW,,1.0,101.0,105.0,-0.07613471150398254,-0.06475728750228882,0.0,0.2130356729030609,0.0,-0.34255024790763855,0.0,0.5952380895614624,0.6071427464485168,0.9158521294593811,0.9510088562965393,1.0,0.2857142984867096,0.7758216857910156,0.30000001192092896,0.20000000298023224,0.20000000298023224,0.15000000596046448,0.15000000596046448,1.0,1.0,1.0,1.0
complex_fixed_v018_r5,closed_loop,complex,full,1,0.18,False,15.872783457,1785051291.1663072,2.693818136597168,0.05059341252610465,0.06442322494349108,0.17275032613607083,-0.30132344883323114,2.584180184408233,0.18,-0.47609601842651816,21.0,2.661542880011245,-0.020467701788116088,3.6615302387364355,-0.0170951708189337,4.66151759251402,-0.01372263886966761,0.549511194229126,0.15113283693790436,0.1011328399181366,0.7758216857910156,1.0,0,ROW_FOLLOW,,1.0,101.0,105.0,-0.07613471150398254,-0.06475728750228882,0.0,0.2130356729030609,0.0,-0.34255024790763855,0.0,0.5952380895614624,0.6071427464485168,0.9158521294593811,0.9510088562965393,1.0,0.2857142984867096,0.7758216857910156,0.30000001192092896,0.20000000298023224,0.20000000298023224,0.15000000596046448,0.15000000596046448,1.0,1.0,1.0,1.0
complex_fixed_v018_r5,closed_loop,complex,full,1,0.18,False,15.924030585,1785051291.2175543,2.7023848799042187,0.05062886768493984,0.053318194577022034,0.17200774583763306,-0.32233025695934836,2.5929280293320462,0.18,-0.4491566524676304,21.0,2.678528886301334,-0.019412086276519053,3.678524692610464,-0.018102949221656603,4.6785205207207206,-0.0167938109732136,0.5561798810958862,0.15707673132419586,0.1070767343044281,0.7722300291061401,1.0,0,ROW_FOLLOW,,1.0,105.0,104.0,-0.0523146316409111,-0.0685090646147728,0.0,0.20945562422275543,0.0,-0.346473753452301,0.0,0.5555555820465088,0.6333332657814026,0.9269664287567139,0.956689178943634,1.0,0.3333333432674408,0.7722300291061401,0.30000001192092896,0.20000000298023224,0.20000000298023224,0.15000000596046448,0.15000000596046448,1.0,1.0,1.0,1.0
complex_fixed_v018_r5,closed_loop,complex,full,1,0.18,False,15.972810885,1785051291.2663348,2.7070992908058895,0.05287504276200744,0.03112354265714191,0.1648539067246023,-0.33910153051305214,2.6073014249543682,0.18,-0.4226120591009927,21.0,2.678528886301334,-0.019412086276519053,3.678524692610464,-0.018102949221656603,4.6785205207207206,-0.0167938109732136,0.5561798810958862,0.15707673132419586,0.1070767343044281,0.7722300291061401,1.0,0,ROW_FOLLOW,,1.0,105.0,104.0,-0.0523146316409111,-0.0685090646147728,0.0,0.20945562422275543,0.0,-0.346473753452301,0.0,0.5555555820465088,0.6333332657814026,0.9269664287567139,0.956689178943634,1.0,0.3333333432674408,0.7722300291061401,0.30000001192092896,0.20000000298023224,0.20000000298023224,0.15000000596046448,0.15000000596046448,1.0,1.0,1.0,1.0
complex_fixed_v018_r5,closed_loop,complex,full,1,0.18,False,16.022756341,1785051291.3162804,2.7101469064163246,0.0488022599711585,0.009436130838135437,0.15716543317144593,-0.3815426590101439,2.615591956247293,0.18,-0.3705752581325005,21.0,2.692469431891363,-0.0191138564987666,3.692452765072042,-0.020163906662483452,4.6924361197652145,-0.02121395681650894,0.5563294291496277,0.15357984602451324,0.10357984900474548,0.7764812707901001,1.0,0,ROW_FOLLOW,,1.0,112.0,105.0,-0.025953222066164017,-0.06902161240577698,0.0,0.20934456586837769,0.0,-0.34738779067993164,0.0,0.5555555820465088,0.6595237255096436,0.9272153973579407,0.9497784376144409,1.0,0.380952388048172,0.7764812707901001,0.30000001192092896,0.20000000298023224,0.20000000298023224,0.15000000596046448,0.15000000596046448,1.0,1.0,1.0,1.0
complex_fixed_v018_r5,closed_loop,complex,full,1,0.18,False,16.072878154,1785051291.3664021,2.718902270521554,0.048492613180252574,-0.00583265451441273,0.15929402627617478,-0.38044320242290436,2.6244733329542043,0.18,-0.3549488423559564,21.0,2.692469431891363,-0.0191138564987666,3.692452765072042,-0.020163906662483452,4.6924361197652145,-0.02121395681650894,0.5563294291496277,0.15357984602451324,0.10357984900474548,0.7764812707901001,1.0,0,ROW_FOLLOW,,1.0,112.0,105.0,-0.025953222066164017,-0.06902161240577698,0.0,0.20934456586837769,0.0,-0.34738779067993164,0.0,0.5555555820465088,0.6595237255096436,0.9272153973579407,0.9497784376144409,1.0,0.380952388048172,0.7764812707901001,0.30000001192092896,0.20000000298023224,0.20000000298023224,0.15000000596046448,0.15000000596046448,1.0,1.0,1.0,1.0
complex_fixed_v018_r5,closed_loop,complex,full,1,0.18,False,16.126265059,1785051291.419789,2.727500551189252,0.04758457844730635,-0.028223524894568357,0.16216459225185645,-0.35537453128439933,2.633536137924013,0.18,-0.3155313509774912,20.0,2.706339125878055,-0.01904825866897838,3.7396567812697987,-0.023052657000873267,4.6396429334587355,-0.02654229908819673,0.5568071603775024,0.1577376276254654,0.10773763060569763,0.7827016115188599,1.0,0,ROW_FOLLOW,,1.0,106.0,100.0,0.017399083822965622,-0.07088446617126465,0.0,0.20755380392074585,0.0,-0.34932273626327515,0.0,0.5555555820465088,0.6857142448425293,0.9280118346214294,0.9552648663520813,1.0,0.4285714328289032,0.7827016115188599,0.30000001192092896,0.20000000298023224,0.20000000298023224,0.15000000596046448,0.15000000596046448,1.0,1.0,1.0,1.0
complex_fixed_v018_r5,closed_loop,complex,full,1,0.18,False,16.177058956,1785051291.4705827,2.740754577617398,0.041496825317795805,-0.043019734607538496,0.1732319425431839,-0.37856721345567285,2.649533320816634,0.18,-0.26917515973305384,20.0,2.706339125878055,-0.01904825866897838,3.7396567812697987,-0.023052657000873267,4.6396429334587355,-0.02654229908819673,0.5568071603775024,0.1577376276254654,0.10773763060569763,0.7827016115188599,1.0,0,ROW_FOLLOW,,1.0,106.0,100.0,0.017399083822965622,-0.07088446617126465,0.0,0.20755380392074585,0.0,-0.34932273626327515,0.0,0.5555555820465088,0.6857142448425293,0.9280118346214294,0.9552648663520813,1.0,0.4285714328289032,0.7827016115188599,0.30000001192092896,0.20000000298023224,0.20000000298023224,0.15000000596046448,0.15000000596046448,1.0,1.0,1.0,1.0
complex_fixed_v018_r5,closed_loop,complex,full,1,0.18,False,16.223428399,1785051291.5169523,2.754409278132358,0.036897217681338836,-0.06525279614064687,0.18427408726806602,-0.358613675421434,2.664730691551059,0.18,-0.24351140770566207,20.0,2.723458702440856,-0.023903445700205795,3.7567717532181164,-0.030028338902002943,4.690086560933367,-0.03560502403245091,0.5581772923469543,0.15662501752376556,0.1066250205039978,0.7941974401473999,1.0,0,ROW_FOLLOW,,1.0,121.0,93.0,0.053067609667778015,-0.07056903094053268,0.0,0.20793630182743073,0.0,-0.3490743637084961,0.0,0.579365074634552,0.7119047045707703,0.9302952885627747,0.9463192224502563,1.0,0.4761904776096344,0.7941974401473999,0.30000001192092896,0.20000000298023224,0.20000000298023224,0.15000000596046448,0.15000000596046448,1.0,1.0,1.0,1.0
complex_fixed_v018_r5,closed_loop,complex,full,1,0.18,False,16.272773101,1785051291.566297,2.7576501049007844,0.035916599458915885,-0.08022562559272828,0.18327906356880916,-0.37541348366600064,2.6684537193558073,0.18,-0.21954036434005347,20.0,2.723458702440856,-0.023903445700205795,3.7567717532181164,-0.030028338902002943,4.690086560933367,-0.03560502403245091,0.5581772923469543,0.15662501752376556,0.1066250205039978,0.7941974401473999,1.0,0,ROW_FOLLOW,,1.0,121.0,93.0,0.053067609667778015,-0.07056903094053268,0.0,0.20793630182743073,0.0,-0.3490743637084961,0.0,0.579365074634552,0.7119047045707703,0.9302952885627747,0.9463192224502563,1.0,0.4761904776096344,0.7941974401473999,0.30000001192092896,0.20000000298023224,0.20000000298023224,0.15000000596046448,0.15000000596046448,1.0,1.0,1.0,1.0
complex_fixed_v018_r5,closed_loop,complex,full,1,0.18,False,16.322844448,1785051291.6163683,2.7569948932043107,0.035111709603612096,-0.10114261756389231,0.18230403746528007,-0.3383005214945218,2.669683157827041,0.18,-0.20442348284960887,21.0,2.7402361214612028,-0.02904009585384106,3.773540032835193,-0.03606268414944596,4.756693946911888,-0.05483678888238046,0.5579826831817627,0.1471836119890213,0.09718361496925354,0.788848876953125,1.0,0,ROW_FOLLOW,,1.0,110.0,102.0,0.08315000683069229,-0.06729573011398315,0.0,0.21148785948753357,0.0,-0.3460793197154999,0.0,0.5714285969734192,0.7119047045707703,0.9299709796905518,0.9269677400588989,1.0,0.4761904776096344,0.788848876953125,0.30000001192092896,0.20000000298023224,0.20000000298023224,0.15000000596046448,0.15000000596046448,1.0,1.0,1.0,1.0
complex_fixed_v018_r5,closed_loop,complex,full,1,0.18,False,16.372925236,1785051291.666449,2.7789906501049138,0.02146499527608842,-0.11438929643212248,0.18623545909193268,-0.3252391284561841,2.696774267644723,0.18,-0.12492172891146555,21.0,2.7402361214612028,-0.02904009585384106,3.773540032835193,-0.03606268414944596,4.756693946911888,-0.05483678888238046,0.5579826831817627,0.1471836119890213,0.09718361496925354,0.788848876953125,1.0,0,ROW_FOLLOW,,1.0,110.0,102.0,0.08315000683069229,-0.06729573011398315,0.0,0.21148785948753357,0.0,-0.3460793197154999,0.0,0.5714285969734192,0.7119047045707703,0.9299709796905518,0.9269677400588989,1.0,0.4761904776096344,0.788848876953125,0.30000001192092896,0.20000000298023224,0.20000000298023224,0.15000000596046448,0.15000000596046448,1.0,1.0,1.0,1.0
complex_fixed_v018_r5,closed_loop,complex,full,1,0.18,False,16.423762239,1785051291.717286,2.7878699762043726,0.019879602874791492,-0.12414455392187176,0.18478401709190792,-0.3243289971449994,2.705962173736211,0.18,-0.12744235074454086,21.0,2.7601187628524646,-0.03515514604233491,3.7600713086121202,-0.0444934257944655,4.7674222904669605,-0.05905517622309353,0.5587290525436401,0.14426912367343903,0.09426912665367126,0.7769590616226196,1.0,0,ROW_FOLLOW,,1.0,125.0,102.0,0.11300565302371979,-0.06229149550199509,0.0,0.217193141579628,0.0,-0.34177613258361816,0.0,0.5714285373687744,0.6595237255096436,0.9312151074409485,0.9158847332000732,1.0,0.380952388048172,0.7769590616226196,0.30000001192092896,0.20000000298023224,0.20000000298023224,0.15000000596046448,0.15000000596046448,1.0,1.0,1.0,1.0
complex_fixed_v018_r5,closed_loop,complex,full,1,0.18,False,16.472906327,1785051291.7664301,2.796612637940714,0.020210641742985952,-0.1445492898333951,0.18630725500685505,-0.2759809888856568,2.717365394021353,0.18,-0.10820196077693646,21.0,2.7601187628524646,-0.03515514604233491,3.7600713086121202,-0.0444934257944655,4.7674222904669605,-0.05905517622309353,0.5587290525436401,0.14426912367343903,0.09426912665367126,0.7769590616226196,1.0,0,ROW_FOLLOW,,1.0,125.0,102.0,0.11300565302371979,-0.06229149550199509,0.0,0.217193141579628,0.0,-0.34177613258361816,0.0,0.5714285373687744,0.6595237255096436,0.9312151074409485,0.9158847332000732,1.0,0.380952388048172,0.7769590616226196,0.30000001192092896,0.20000000298023224,0.20000000298023224,0.15000000596046448,0.15000000596046448,1.0,1.0,1.0,1.0
complex_fixed_v018_r5,closed_loop,complex,full,1,0.18,False,16.524738272,1785051291.8182623,2.8052496068087915,0.018286157869633397,-0.15996647303427736,0.18475196265016722,-0.23184788228884284,2.726520833123648,0.18,-0.0773686060058279,21.0,2.776929385338523,-0.036199362372366796,3.776843835161005,-0.04909712136308572,4.776758290494559,-0.061994877324625025,0.560311496257782,0.14598311483860016,0.0959831178188324,0.7728444337844849,1.0,0,ROW_FOLLOW,,1.0,111.0,96.0,0.13920125365257263,-0.05582960695028305,0.0,0.2243843525648117,0.0,-0.3360435664653778,0.0,0.579365074634552,0.6333332657814026,0.9329403638839722,0.9052013158798218,1.0,0.3333333432674408,0.7728444337844849,0.30000001192092896,0.20000000298023224,0.20000000298023224,0.15000000596046448,0.15000000596046448,1.0,1.0,1.0,1.0
complex_fixed_v018_r5,closed_loop,complex,full,1,0.18,False,16.573848566,1785051291.8673725,2.805888427079708,0.0177486171037243,-0.1685577449395436,0.1830862311786061,-0.19733437321460998,2.7274985467927775,0.18,-0.0624199312407611,21.0,2.776929385338523,-0.036199362372366796,3.776843835161005,-0.04909712136308572,4.776758290494559,-0.061994877324625025,0.560311496257782,0.14598311483860016,0.0959831178188324,0.7728444337844849,1.0,0,ROW_FOLLOW,,1.0,111.0,96.0,0.13920125365257263,-0.05582960695028305,0.0,0.2243843525648117,0.0,-0.3360435664653778,0.0,0.579365074634552,0.6333332657814026,0.9329403638839722,0.9052013158798218,1.0,0.3333333432674408,0.7728444337844849,0.30000001192092896,0.20000000298023224,0.20000000298023224,0.15000000596046448,0.15000000596046448,1.0,1.0,1.0,1.0
complex_fixed_v018_r5,closed_loop,complex,full,1,0.18,False,16.624704514,1785051291.9182284,2.8212809135585926,0.019316780969620553,-0.17960145694041335,0.18230180864802428,-0.18131776004201816,2.7436699570759866,0.18,-0.028714394866244417,19.0,2.793089823126499,-0.03668401833817692,3.6930157355737534,-0.04802867252113014,4.659604604447025,-0.06008270013999357,0.5581833124160767,0.14891372621059418,0.09891372919082642,0.7845244407653809,1.0,0,ROW_FOLLOW,,1.0,114.0,104.0,0.16553381085395813,-0.0507999062538147,0.0,0.22990858554840088,0.0,-0.3315083980560303,0.0,0.579365074634552,0.6857142448425293,0.9303056001663208,0.9167397022247314,1.0,0.4285714328289032,0.7845244407653809,0.30000001192092896,0.20000000298023224,0.20000000298023224,0.15000000596046448,0.15000000596046448,1.0,1.0,1.0,1.0
complex_fixed_v018_r5,closed_loop,complex,full,1,0.18,False,16.673171397,1785051291.9666953,2.83028270713189,0.017460313573461755,-0.18734457341351576,0.17435529577364883,-0.18195875426637073,2.752929338465712,0.18,-0.04427206593814498,19.0,2.793089823126499,-0.03668401833817692,3.6930157355737534,-0.04802867252113014,4.659604604447025,-0.06008270013999357,0.5581833124160767,0.14891372621059418,0.09891372919082642,0.7845244407653809,1.0,0,ROW_FOLLOW,,1.0,114.0,104.0,0.16553381085395813,-0.0507999062538147,0.0,0.22990858554840088,0.0,-0.3315083980560303,0.0,0.579365074634552,0.6857142448425293,0.9303056001663208,0.9167397022247314,1.0,0.4285714328289032,0.7845244407653809,0.30000001192092896,0.20000000298023224,0.20000000298023224,0.15000000596046448,0.15000000596046448,1.0,1.0,1.0,1.0
complex_fixed_v018_r5,closed_loop,complex,full,1,0.18,False,16.722891022,1785051292.0164149,2.8389366128974958,0.01535039917213116,-0.19874691091153052,0.1758009441301567,-0.1877372948354883,2.762071744716478,0.18,0.01563119407364563,20.0,2.8102566149296044,-0.03255040425093483,3.810176680139433,-0.04493613954640476,4.762554283958412,-0.05791338931700382,0.5577505826950073,0.15039359033107758,0.10039359331130981,0.7968677282333374,1.0,0,ROW_FOLLOW,,1.0,102.0,112.0,0.18439503014087677,-0.045924246311187744,0.0,0.23437204957008362,0.0,-0.3262205421924591,0.0,0.60317462682724,0.7119047045707703,0.9295842051506042,0.9174502491950989,1.0,0.4761904776096344,0.7968677282333374,0.30000001192092896,0.20000000298023224,0.20000000298023224,0.15000000596046448,0.15000000596046448,1.0,1.0,1.0,1.0
complex_fixed_v018_r5,closed_loop,complex,full,1,0.18,False,16.773400431,1785051292.0669243,2.8449506135362093,0.018231208342336904,-0.20605104201326352,0.167720142940466,-0.1734587516536652,2.7777967663110537,0.18,0.004171857345242766,20.0,2.8102566149296044,-0.03255040425093483,3.810176680139433,-0.04493613954640476,4.762554283958412,-0.05791338931700382,0.5577505826950073,0.15039359033107758,0.10039359331130981,0.7968677282333374,1.0,0,ROW_FOLLOW,,1.0,102.0,112.0,0.18439503014087677,-0.045924246311187744,0.0,0.23437204957008362,0.0,-0.3262205421924591,0.0,0.60317462682724,0.7119047045707703,0.9295842051506042,0.9174502491950989,1.0,0.4761904776096344,0.7968677282333374,0.30000001192092896,0.20000000298023224,0.20000000298023224,0.15000000596046448,0.15000000596046448,1.0,1.0,1.0,1.0
complex_fixed_v018_r5,closed_loop,complex,full,1,0.18,False,16.824742506,1785051292.1182663,2.8478492170162757,0.018927478800678563,-0.21653418291102386,0.15772325322306213,-0.14497455040101295,2.782469695782124,0.18,0.052566874384628856,21.0,2.826592365024579,-0.028706353232530457,3.8265505119687457,-0.03753343541561969,4.844666005497462,-0.03499022545046224,0.5619909763336182,0.15743334591388702,0.10743334889411926,0.792110800743103,1.0,0,ROW_FOLLOW,,1.0,94.0,111.0,0.20804861187934875,-0.04236799478530884,0.0,0.23805418610572815,0.0,-0.3227901756763458,0.0,0.5952380895614624,0.6857141852378845,0.9366514086723328,0.927108645439148,1.0,0.4285714328289032,0.792110800743103,0.30000001192092896,0.20000000298023224,0.20000000298023224,0.15000000596046448,0.15000000596046448,1.0,1.0,1.0,1.0
complex_fixed_v018_r5,closed_loop,complex,full,1,0.18,False,16.87278656,1785051292.1663103,2.861219843845857,0.014137632280177236,-0.22189680712790819,0.16069650792766424,-0.11917889305620265,2.7968578949623706,0.18,0.07690000276726888,21.0,2.826592365024579,-0.028706353232530457,3.8265505119687457,-0.03753343541561969,4.844666005497462,-0.03499022545046224,0.5619909763336182,0.15743334591388702,0.10743334889411926,0.792110800743103,1.0,0,ROW_FOLLOW,,1.0,94.0,111.0,0.20804861187934875,-0.04236799478530884,0.0,0.23805418610572815,0.0,-0.3227901756763458,0.0,0.5952380895614624,0.6857141852378845,0.9366514086723328,0.927108645439148,1.0,0.4285714328289032,0.792110800743103,0.30000001192092896,0.20000000298023224,0.20000000298023224,0.15000000596046448,0.15000000596046448,1.0,1.0,1.0,1.0
complex_fixed_v018_r5,closed_loop,complex,full,1,0.18,False,16.922766993,1785051292.2162907,2.869597605274466,0.011934145055704457,-0.22910569207289821,0.1609213128437688,-0.12622439577912337,2.8056643790545426,0.18,0.12901802643562998,21.0,2.8452699112768287,-0.026351744565424152,3.845244920309614,-0.030472128027930794,4.852997233402244,-0.02711071103715583,0.5576745867729187,0.1448020190000534,0.09480202198028564,0.7909845113754272,1.0,0,ROW_FOLLOW,,1.0,78.0,109.0,0.23030374944210052,-0.040243975818157196,0.0,0.23942609131336212,0.0,-0.3199140429496765,0.0,0.6111111044883728,0.6595237255096436,0.9294576048851013,0.9323657751083374,1.0,0.380952388048172,0.7909845113754272,0.30000001192092896,0.20000000298023224,0.20000000298023224,0.15000000596046448,0.15000000596046448,1.0,1.0,1.0,1.0
complex_fixed_v018_r5,closed_loop,complex,full,1,0.18,False,16.972807428,1785051292.2663314,2.872661991883554,0.0109409059269832,-0.2347062231306572,0.16432567651351046,-0.12898046872360017,2.809024998193464,0.18,0.14003182269962144,21.0,2.8452699112768287,-0.026351744565424152,3.845244920309614,-0.030472128027930794,4.852997233402244,-0.02711071103715583,0.5576745867729187,0.1448020190000534,0.09480202198028564,0.7909845113754272,1.0,0,ROW_FOLLOW,,1.0,78.0,109.0,0.23030374944210052,-0.040243975818157196,0.0,0.23942609131336212,0.0,-0.3199140429496765,0.0,0.6111111044883728,0.6595237255096436,0.9294576048851013,0.9323657751083374,1.0,0.380952388048172,0.7909845113754272,0.30000001192092896,0.20000000298023224,0.20000000298023224,0.15000000596046448,0.15000000596046448,1.0,1.0,1.0,1.0
complex_fixed_v018_r5,closed_loop,complex,full,1,0.18,False,17.023697905,1785051292.3172219,2.882742344774902,0.006756744059688768,-0.23930666613411455,0.16772193544815225,-0.11328676192176568,2.820535360449681,0.18,0.18115151527206425,21.0,2.859754186281336,-0.0264258591990716,3.8597094391073643,-0.022016407581032526,4.859664709400551,-0.017606966902776557,0.5560527443885803,0.1506764143705368,0.10067641735076904,0.794288158416748,1.0,0,ROW_FOLLOW,,1.0,62.0,115.0,0.2544163763523102,-0.03963182121515274,0.0,0.23909805715084076,0.0,-0.31836169958114624,0.0,0.6587302088737488,0.6071427464485168,0.9267546534538269,0.9325968623161316,1.0,0.2857142984867096,0.794288158416748,0.30000001192092896,0.20000000298023224,0.20000000298023224,0.15000000596046448,0.15000000596046448,1.0,1.0,1.0,1.0
complex_fixed_v018_r5,closed_loop,complex,full,1,0.18,False,17.072763782,1785051292.3662877,2.8915058464418504,0.004468088409936039,-0.24516062839535865,0.17335116548590682,-0.09812044267654656,2.8296453146815814,0.18,0.20034591660270187,21.0,2.859754186281336,-0.0264258591990716,3.8597094391073643,-0.022016407581032526,4.859664709400551,-0.017606966902776557,0.5560527443885803,0.1506764143705368,0.10067641735076904,0.794288158416748,1.0,0,ROW_FOLLOW,,1.0,62.0,115.0,0.2544163763523102,-0.03963182121515274,0.0,0.23909805715084076,0.0,-0.31836169958114624,0.0,0.6587302088737488,0.6071427464485168,0.9267546534538269,0.9325968623161316,1.0,0.2857142984867096,0.794288158416748,0.30000001192092896,0.20000000298023224,0.20000000298023224,0.15000000596046448,0.15000000596046448,1.0,1.0,1.0,1.0
complex_fixed_v018_r5,closed_loop,complex,full,1,0.18,False,17.123410988,1785051292.416935,2.908114528047115,-0.0029934591697496123,-0.2512320588699967,0.17517534251671835,-0.10838296462495292,2.848111959682168,0.18,0.2424307901519949,21.0,2.8756378646763046,-0.029814981801455198,3.875516905678413,-0.01626998400332182,4.875395959917422,-0.002724991682470597,0.5574983954429626,0.1520535796880722,0.10205358266830444,0.7834346294403076,1.0,0,ROW_FOLLOW,,1.0,64.0,113.0,0.2709520161151886,-0.03884856402873993,0.0,0.24005070328712463,0.0,-0.3177478313446045,0.0,0.6269841194152832,0.6071427464485168,0.9282355308532715,0.9217583537101746,1.0,0.2857142984867096,0.7834346294403076,0.30000001192092896,0.20000000298023224,0.20000000298023224,0.15000000596046448,0.15000000596046448,1.0,1.0,1.0,1.0
complex_fixed_v018_r5,closed_loop,complex,full,1,0.18,False,17.17276657,1785051292.4662905,2.9171022841647933,-0.005422405844230288,-0.2552847965433736,0.189048644178325,-0.08806964093867939,2.8574580693465106,0.18,0.2597450259636988,21.0,2.8756378646763046,-0.029814981801455198,3.875516905678413,-0.01626998400332182,4.875395959917422,-0.002724991682470597,0.5574983954429626,0.1520535796880722,0.10205358266830444,0.7834346294403076,1.0,0,ROW_FOLLOW,,1.0,64.0,113.0,0.2709520161151886,-0.03884856402873993,0.0,0.24005070328712463,0.0,-0.3177478313446045,0.0,0.6269841194152832,0.6071427464485168,0.9282355308532715,0.9217583537101746,1.0,0.2857142984867096,0.7834346294403076,0.30000001192092896,0.20000000298023224,0.20000000298023224,0.15000000596046448,0.15000000596046448,1.0,1.0,1.0,1.0
complex_fixed_v018_r5,closed_loop,complex,full,1,0.18,False,17.222863678,1785051292.5163877,2.925981975430062,-0.00787649515034592,-0.2574585245205163,0.1885973463791717,-0.06563113410146562,2.8667099717616975,0.18,0.2573387051195665,20.0,2.8946017798374917,-0.03568842142902496,3.8943356804703533,-0.013399595121558852,4.827414863026104,0.007650716690435812,0.5640465617179871,0.15468694269657135,0.10468694567680359,0.7722916603088379,1.0,0,ROW_FOLLOW,,1.0,53.0,128.0,0.2871739864349365,-0.038366928696632385,0.0,0.24071207642555237,0.0,-0.31744593381881714,0.0,0.6190476417541504,0.5547617673873901,0.9347363710403442,0.9245179295539856,1.0,0.190476194024086,0.7722916603088379,0.30000001192092896,0.20000000298023224,0.20000000298023224,0.15000000596046448,0.15000000596046448,1.0,1.0,1.0,1.0
complex_fixed_v018_r5,closed_loop,complex,full,1,0.18,False,17.272754445,1785051292.5662785,2.9359825934356802,-0.011559895596396492,-0.2608153858177721,0.19878812349505026,-0.05730997394527986,2.877636286708515,0.18,0.2841689072092867,20.0,2.8946017798374917,-0.03568842142902496,3.8943356804703533,-0.013399595121558852,4.827414863026104,0.007650716690435812,0.5640465617179871,0.15468694269657135,0.10468694567680359,0.7722916603088379,1.0,0,ROW_FOLLOW,,1.0,53.0,128.0,0.2871739864349365,-0.038366928696632385,0.0,0.24071207642555237,0.0,-0.31744593381881714,0.0,0.6190476417541504,0.5547617673873901,0.9347363710403442,0.9245179295539856,1.0,0.190476194024086,0.7722916603088379,0.30000001192092896,0.20000000298023224,0.20000000298023224,0.15000000596046448,0.15000000596046448,1.0,1.0,1.0,1.0
complex_fixed_v018_r5,closed_loop,complex,full,1,0.18,False,17.323136554,1785051292.6166606,2.9447758435169002,-0.014014876578543693,-0.2633483379167095,0.19607187932826997,-0.036416632100699294,2.8868166958388026,0.18,0.2813351899922622,20.0,2.9159610896451027,-0.042533714934025045,3.9205225088569624,-0.013347151632033585,4.881764883209695,0.014751820847420494,0.5630242228507996,0.14839251339435577,0.09839251637458801,0.7859766483306885,1.0,0,ROW_FOLLOW,,1.0,46.0,130.0,0.2981145679950714,-0.03778144717216492,0.0,0.24190255999565125,0.0,-0.3174654543399811,0.0,0.6507936716079712,0.5809522867202759,0.9328240156173706,0.9198881983757019,1.0,0.2380952388048172,0.7859766483306885,0.30000001192092896,0.20000000298023224,0.20000000298023224,0.15000000596046448,0.15000000596046448,1.0,1.0,1.0,1.0
complex_fixed_v018_r5,closed_loop,complex,full,1,0.18,False,17.372800338,1785051292.6663241,2.9560869956265643,-0.01743028234813376,-0.2640112681640457,0.20062268620157375,-0.026225978901211425,2.8986537831646384,0.18,0.2954326395847604,20.0,2.9159610896451027,-0.042533714934025045,3.9205225088569624,-0.013347151632033585,4.881764883209695,0.014751820847420494,0.5630242228507996,0.14839251339435577,0.09839251637458801,0.7859766483306885,1.0,0,ROW_FOLLOW,,1.0,46.0,130.0,0.2981145679950714,-0.03778144717216492,0.0,0.24190255999565125,0.0,-0.3174654543399811,0.0,0.6507936716079712,0.5809522867202759,0.9328240156173706,0.9198881983757019,1.0,0.2380952388048172,0.7859766483306885,0.30000001192092896,0.20000000298023224,0.20000000298023224,0.15000000596046448,0.15000000596046448,1.0,1.0,1.0,1.0
complex_fixed_v018_r5,closed_loop,complex,full,1,0.18,False,17.424728542,1785051292.7182527,2.9649868796720735,-0.019884700867909257,-0.26457206118410703,0.1981820794462389,-0.0013441446991957113,2.9078964673683467,0.18,0.29090900892361926,20.0,2.937673573334416,-0.04893914060587017,3.9420676599771958,-0.014237034780160682,4.93646791825194,0.020112367476130804,0.5647817850112915,0.15134297311306,0.10134297609329224,0.7881613969802856,1.0,1,ROW_FOLLOW,,1.0,53.0,122.0,0.3031477928161621,-0.036240264773368835,0.0,0.24378281831741333,0.0,-0.316263347864151,0.0,0.658730149269104,0.5809522867202759,0.9360653162002563,0.9142589569091797,1.0,0.2380952388048172,0.7881613969802856,0.30000001192092896,0.20000000298023224,0.20000000298023224,0.15000000596046448,0.15000000596046448,1.0,1.0,1.0,1.0
complex_fixed_v018_r5,closed_loop,complex,full,1,0.18,False,17.472783125,1785051292.766307,2.9716877239508928,-0.021240840327532297,-0.26506660345270683,0.19266860633554048,-0.008717025128087488,2.9196137723530424,0.18,0.2952148078740914,20.0,2.937673573334416,-0.04893914060587017,3.9420676599771958,-0.014237034780160682,4.93646791825194,0.020112367476130804,0.5647817850112915,0.15134297311306,0.10134297609329224,0.7881613969802856,1.0,1,ROW_FOLLOW,,1.0,53.0,122.0,0.3031477928161621,-0.036240264773368835,0.0,0.24378281831741333,0.0,-0.316263347864151,0.0,0.658730149269104,0.5809522867202759,0.9360653162002563,0.9142589569091797,1.0,0.2380952388048172,0.7881613969802856,0.30000001192092896,0.20000000298023224,0.20000000298023224,0.15000000596046448,0.15000000596046448,1.0,1.0,1.0,1.0
complex_fixed_v018_r5,closed_loop,complex,full,1,0.18,False,17.523790181,1785051292.8173141,2.980579665428269,-0.02364819438561272,-0.2647617643912912,0.19099439308809132,0.004349962198413457,2.928832479888705,0.18,0.29904323296573787,20.0,2.9559664103519125,-0.05273667006294921,3.9602159555142205,-0.01399630084040656,4.954471681073239,0.024391358196253887,0.560795247554779,0.15013502538204193,0.10013502836227417,0.7688988447189331,1.0,1,ROW_FOLLOW,,1.0,54.0,132.0,0.3067106604576111,-0.03399571031332016,0.0,0.245735302567482,0.0,-0.3137267231941223,0.0,0.6111111640930176,0.5547617673873901,0.9285484552383423,0.9260228276252747,1.0,0.190476194024086,0.7688988447189331,0.30000001192092896,0.20000000298023224,0.20000000298023224,0.15000000596046448,0.15000000596046448,1.0,1.0,1.0,1.0
complex_fixed_v018_r5,closed_loop,complex,full,1,0.18,False,17.572781336,1785051292.8663054,2.9871615807198295,-0.02370866471078359,-0.26446269637307157,0.18303294846861423,0.020834937265340036,2.941814161324946,0.18,0.29527211410232324,20.0,2.9559664103519125,-0.05273667006294921,3.9602159555142205,-0.01399630084040656,4.954471681073239,0.024391358196253887,0.560795247554779,0.15013502538204193,0.10013502836227417,0.7688988447189331,1.0,1,ROW_FOLLOW,,1.0,54.0,132.0,0.3067106604576111,-0.03399571031332016,0.0,0.245735302567482,0.0,-0.3137267231941223,0.0,0.6111111640930176,0.5547617673873901,0.9285484552383423,0.9260228276252747,1.0,0.190476194024086,0.7688988447189331,0.30000001192092896,0.20000000298023224,0.20000000298023224,0.15000000596046448,0.15000000596046448,1.0,1.0,1.0,1.0
complex_fixed_v018_r5,closed_loop,complex,full,1,0.18,False,17.622686471,1785051292.9162104,2.992303421918818,-0.023722218884320724,-0.2644673402537957,0.17467545476737492,0.01739631012638069,2.9470136554993287,0.18,0.2961261583431335,20.0,2.973122171011649,-0.05519250736683348,3.9721855826572114,-0.012129315127339398,4.9712489730522895,0.0309338779825121,0.5656313896179199,0.15254144370555878,0.10254144668579102,0.7897365093231201,1.0,1,ROW_FOLLOW,,1.0,50.0,122.0,0.31336095929145813,-0.033049844205379486,0.0,0.24752242863178253,0.0,-0.3136221170425415,0.0,0.6825396418571472,0.5547617673873901,0.9339284300804138,0.914910078048706,1.0,0.190476194024086,0.7897365093231201,0.30000001192092896,0.20000000298023224,0.20000000298023224,0.15000000596046448,0.15000000596046448,1.0,1.0,1.0,1.0
complex_fixed_v018_r5,closed_loop,complex,full,1,0.18,False,17.672880094,1785051292.9664042,3.0049938301289028,-0.027435236934024162,-0.2646611914353345,0.17376583614013016,-0.007317333411320866,2.960243234349104,0.18,0.3095330102559586,20.0,2.973122171011649,-0.05519250736683348,3.9721855826572114,-0.012129315127339398,4.9712489730522895,0.0309338779825121,0.5656313896179199,0.15254144370555878,0.10254144668579102,0.7897365093231201,1.0,1,ROW_FOLLOW,,1.0,50.0,122.0,0.31336095929145813,-0.033049844205379486,0.0,0.24752242863178253,0.0,-0.3136221170425415,0.0,0.6825396418571472,0.5547617673873901,0.9339284300804138,0.914910078048706,1.0,0.190476194024086,0.7897365093231201,0.30000001192092896,0.20000000298023224,0.20000000298023224,0.15000000596046448,0.15000000596046448,1.0,1.0,1.0,1.0
complex_fixed_v018_r5,closed_loop,complex,full,1,0.18,False,17.723292541,1785051293.0168164,3.013932742847877,-0.029851895367070017,-0.26471504292249737,0.17530635539388617,0.01323317616605865,2.969519283193087,0.18,0.3239169715384975,21.0,2.98946190436968,-0.05670012353606673,3.988371941881475,-0.01014142023677328,5.004092127503004,0.03998290362408992,0.5672282576560974,0.15422479808330536,0.1042248010635376,0.7695106267929077,1.0,1,ROW_FOLLOW,,1.0,46.0,128.0,0.31413963437080383,-0.03077101707458496,0.0,0.2508121728897095,0.0,-0.3123542070388794,0.0,0.6190476417541504,0.5547617673873901,0.9338103532791138,0.9072123765945435,1.0,0.190476194024086,0.7695106267929077,0.30000001192092896,0.20000000298023224,0.20000000298023224,0.15000000596046448,0.15000000596046448,1.0,1.0,1.0,1.0
complex_fixed_v018_r5,closed_loop,complex,full,1,0.18,False,17.772775935,1785051293.0663,3.017061593444981,-0.030676368723864377,-0.26403345010525037,0.1772875744937226,0.0238149552790092,2.9727737242926024,0.18,0.32588349640093717,21.0,2.98946190436968,-0.05670012353606673,3.988371941881475,-0.01014142023677328,5.004092127503004,0.03998290362408992,0.5672282576560974,0.15422479808330536,0.1042248010635376,0.7695106267929077,1.0,1,ROW_FOLLOW,,1.0,46.0,128.0,0.31413963437080383,-0.03077101707458496,0.0,0.2508121728897095,0.0,-0.3123542070388794,0.0,0.6190476417541504,0.5547617673873901,0.9338103532791138,0.9072123765945435,1.0,0.190476194024086,0.7695106267929077,0.30000001192092896,0.20000000298023224,0.20000000298023224,0.15000000596046448,0.15000000596046448,1.0,1.0,1.0,1.0
complex_fixed_v018_r5,closed_loop,complex,full,1,0.18,False,17.822871668,1785051293.1163955,3.025585985768601,-0.033683894463819954,-0.2631085135924475,0.17186165922730948,0.030005512506643666,2.981925109037427,0.18,0.34044417845629305,21.0,3.0046585819693603,-0.05853614008360277,4.003368670203019,-0.007821834833673208,5.00992151828644,0.04392845922936803,0.5712334513664246,0.15290303528308868,0.10290303826332092,0.7745375633239746,1.0,1,ROW_FOLLOW,,1.0,54.0,131.0,0.3177409768104553,-0.030097663402557373,0.0,0.25424548983573914,0.0,-0.3144408166408539,0.0,0.634920597076416,0.5547617673873901,0.9369692802429199,0.904767632484436,1.0,0.190476194024086,0.7745375633239746,0.30000001192092896,0.20000000298023224,0.20000000298023224,0.15000000596046448,0.15000000596046448,1.0,1.0,1.0,1.0
complex_fixed_v018_r5,closed_loop,complex,full,1,0.18,False,17.872843397,1785051293.1663673,3.0340808029007253,-0.03594763579758553,-0.2623054837145099,0.17385689778542537,0.026972666212893365,2.990724083358001,0.18,0.34799031612591974,21.0,3.0046585819693603,-0.05853614008360277,4.003368670203019,-0.007821834833673208,5.00992151828644,0.04392845922936803,0.5712334513664246,0.15290303528308868,0.10290303826332092,0.7745375633239746,1.0,1,ROW_FOLLOW,,1.0,54.0,131.0,0.3177409768104553,-0.030097663402557373,0.0,0.25424548983573914,0.0,-0.3144408166408539,0.0,0.634920597076416,0.5547617673873901,0.9369692802429199,0.904767632484436,1.0,0.190476194024086,0.7745375633239746,0.30000001192092896,0.20000000298023224,0.20000000298023224,0.15000000596046448,0.15000000596046448,1.0,1.0,1.0,1.0
complex_fixed_v018_r5,closed_loop,complex,full,1,0.18,False,17.922940474,1785051293.2164643,3.042673335611132,-0.03821118350404952,-0.2615321356540364,0.1754045828116568,-0.0028168834001292232,2.999625043658699,0.18,0.3503152488319441,21.0,3.0202748956224106,-0.06115114979520483,4.018901753910223,-0.008813384636019422,5.017528587749271,0.043524381646834635,0.5690422058105469,0.1462208777666092,0.09622088074684143,0.7924751043319702,1.0,1,ROW_FOLLOW,,1.0,65.0,130.0,0.3153223395347595,-0.028671354055404663,0.0,0.25789424777030945,0.0,-0.3152369558811188,0.0,0.682539701461792,0.5809522867202759,0.9364441633224487,0.8948920369148254,1.0,0.2380952388048172,0.7924751043319702,0.30000001192092896,0.20000000298023224,0.20000000298023224,0.15000000596046448,0.15000000596046448,1.0,1.0,1.0,1.0
complex_fixed_v018_r5,closed_loop,complex,full,1,0.18,False,17.97410936,1785051293.2676334,3.0554181668557314,-0.04175897853596899,-0.26060018472662966,0.1774126436271183,0.027458386789111906,3.0128650919262268,0.18,0.3636834627063795,21.0,3.0202748956224106,-0.06115114979520483,4.018901753910223,-0.008813384636019422,5.017528587749271,0.043524381646834635,0.5690422058105469,0.1462208777666092,0.09622088074684143,0.7924751043319702,1.0,1,ROW_FOLLOW,,1.0,65.0,130.0,0.3153223395347595,-0.028671354055404663,0.0,0.25789424777030945,0.0,-0.3152369558811188,0.0,0.682539701461792,0.5809522867202759,0.9364441633224487,0.8948920369148254,1.0,0.2380952388048172,0.7924751043319702,0.30000001192092896,0.20000000298023224,0.20000000298023224,0.15000000596046448,0.15000000596046448,1.0,1.0,1.0,1.0
complex_fixed_v018_r5,closed_loop,complex,full,1,0.18,False,18.022764601,1785051293.3162885,3.065827958868838,-0.04204393328655419,-0.2592859299077644,0.1842040289572239,0.01733363902361339,3.0243235525321905,0.18,0.35704188664387126,20.0,3.0376289853044205,-0.06256226590598644,4.041277084779645,-0.010543296490520306,4.96836698719279,0.037403781901865114,0.5687187910079956,0.14548833668231964,0.09548833966255188,0.7876307964324951,1.0,1,ROW_FOLLOW,,1.0,52.0,117.0,0.3068142831325531,-0.022601693868637085,0.0,0.26375526189804077,0.0,-0.30895864963531494,0.0,0.6666666865348816,0.5809522867202759,0.940933346748352,0.8883580565452576,1.0,0.2380952388048172,0.7876307964324951,0.30000001192092896,0.20000000298023224,0.20000000298023224,0.15000000596046448,0.15000000596046448,1.0,1.0,1.0,1.0
complex_fixed_v018_r5,closed_loop,complex,full,1,0.18,False,18.072808716,1785051293.3663328,3.07432593909113,-0.04426820826763378,-0.25841869057720157,0.18295028980832745,0.0333854737319946,3.033115263904542,0.18,0.3651930841317689,20.0,3.0376289853044205,-0.06256226590598644,4.041277084779645,-0.010543296490520306,4.96836698719279,0.037403781901865114,0.5687187910079956,0.14548833668231964,0.09548833966255188,0.7876307964324951,1.0,1,ROW_FOLLOW,,1.0,52.0,117.0,0.3068142831325531,-0.022601693868637085,0.0,0.26375526189804077,0.0,-0.30895864963531494,0.0,0.6666666865348816,0.5809522867202759,0.940933346748352,0.8883580565452576,1.0,0.2380952388048172,0.7876307964324951,0.30000001192092896,0.20000000298023224,0.20000000298023224,0.15000000596046448,0.15000000596046448,1.0,1.0,1.0,1.0
complex_fixed_v018_r5,closed_loop,complex,full,1,0.18,False,18.124240074,1785051293.4177642,3.081761074252016,-0.04617326869265251,-0.25738479010190307,0.18138937906816657,0.015674029378743126,3.0408084865095644,0.18,0.3739027391056184,21.0,3.0563928608514246,-0.0621487633032082,4.060218031597511,-0.013749018774611488,5.052923871546669,0.03505768773097668,0.5640595555305481,0.14658395946025848,0.09658396244049072,0.7762869596481323,1.0,1,ROW_FOLLOW,,1.0,45.0,126.0,0.30083346366882324,-0.015234455466270447,0.0,0.2712666988372803,0.0,-0.30173560976982117,0.0,0.6269841194152832,0.5809522867202759,0.9389737248420715,0.8947098851203918,1.0,0.2380952388048172,0.7762869596481323,0.30000001192092896,0.20000000298023224,0.20000000298023224,0.15000000596046448,0.15000000596046448,1.0,1.0,1.0,1.0
complex_fixed_v018_r5,closed_loop,complex,full,1,0.18,False,18.172817648,1785051293.4663417,3.1006754696899863,-0.04750511823892842,-0.25542443481134686,0.19128679006978855,0.04741459583917487,3.0600622334035297,0.18,0.37311896874145273,21.0,3.0563928608514246,-0.0621487633032082,4.060218031597511,-0.013749018774611488,5.052923871546669,0.03505768773097668,0.5640595555305481,0.14658395946025848,0.09658396244049072,0.7762869596481323,1.0,1,ROW_FOLLOW,,1.0,45.0,126.0,0.30083346366882324,-0.015234455466270447,0.0,0.2712666988372803,0.0,-0.30173560976982117,0.0,0.6269841194152832,0.5809522867202759,0.9389737248420715,0.8947098851203918,1.0,0.2380952388048172,0.7762869596481323,0.30000001192092896,0.20000000298023224,0.20000000298023224,0.15000000596046448,0.15000000596046448,1.0,1.0,1.0,1.0
complex_fixed_v018_r5,closed_loop,complex,full,1,0.18,False,18.22307649,1785051293.5166004,3.109931293149431,-0.05024602073909468,-0.2512499721125554,0.1843587180011458,0.0665966808253371,3.069859329081624,0.18,0.39322097253947313,21.0,3.078375735609455,-0.0583562510132136,4.0825327777598694,-0.017903675194419474,5.086893756175003,0.016904951154547928,0.5595017671585083,0.14296461641788483,0.09296461939811707,0.7472732067108154,1.0,1,ROW_FOLLOW,,1.0,32.0,129.0,0.28241121768951416,-0.0050750672817230225,0.0,0.2809702754020691,0.0,-0.29112040996551514,0.0,0.5873016119003296,0.5023808479309082,0.93231201171875,0.8942938446998596,1.0,0.095238097012043,0.7472732067108154,0.30000001192092896,0.20000000298023224,0.20000000298023224,0.15000000596046448,0.15000000596046448,1.0,1.0,1.0,1.0
complex_fixed_v018_r5,closed_loop,complex,full,1,0.18,False,18.272794803,1785051293.5663188,3.118436450006969,-0.05227241036723328,-0.24835935469372253,0.18261915216875474,0.06617446195957931,3.078653305986021,0.18,0.39879040218284,21.0,3.078375735609455,-0.0583562510132136,4.0825327777598694,-0.017903675194419474,5.086893756175003,0.016904951154547928,0.5595017671585083,0.14296461641788483,0.09296461939811707,0.7472732067108154,1.0,1,ROW_FOLLOW,,1.0,32.0,129.0,0.28241121768951416,-0.0050750672817230225,0.0,0.2809702754020691,0.0,-0.29112040996551514,0.0,0.5873016119003296,0.5023808479309082,0.93231201171875,0.8942938446998596,1.0,0.095238097012043,0.7472732067108154,0.30000001192092896,0.20000000298023224,0.20000000298023224,0.15000000596046448,0.15000000596046448,1.0,1.0,1.0,1.0
complex_fixed_v018_r5,closed_loop,complex,full,1,0.18,False,18.323249843,1785051293.6167738,3.1206761829676966,-0.05260029430171451,-0.24271077610064043,0.1804840333243234,0.08600481014051004,3.0810571579755797,0.18,0.4071621724161494,20.0,3.09830296032226,-0.05340147178300627,4.097737528677519,-0.020706409613154425,5.030551710986702,0.009547493528208198,0.5576163530349731,0.14874978363513947,0.0987497866153717,0.7580956220626831,1.0,1,ROW_FOLLOW,,1.0,28.0,114.0,0.2693149149417877,0.004628688097000122,0.0,0.29030361771583557,0.0,-0.2810462415218353,0.0,0.6190476417541504,0.5023808479309082,0.9293603301048279,0.906887412071228,1.0,0.095238097012043,0.7580956220626831,0.30000001192092896,0.20000000298023224,0.20000000298023224,0.15000000596046448,0.15000000596046448,1.0,1.0,1.0,1.0
complex_fixed_v018_r5,closed_loop,complex,full,1,0.18,False,18.37328423,1785051293.6668081,3.1307908218335476,-0.05381109381109625,-0.23832980780010443,0.1728061141299246,0.1083794875619542,3.091580282421208,0.18,0.40858264973879727,20.0,3.09830296032226,-0.05340147178300627,4.097737528677519,-0.020706409613154425,5.030551710986702,0.009547493528208198,0.5576163530349731,0.14874978363513947,0.0987497866153717,0.7580956220626831,1.0,1,ROW_FOLLOW,,1.0,28.0,114.0,0.2693149149417877,0.004628688097000122,0.0,0.29030361771583557,0.0,-0.2810462415218353,0.0,0.6190476417541504,0.5023808479309082,0.9293603301048279,0.906887412071228,1.0,0.095238097012043,0.7580956220626831,0.30000001192092896,0.20000000298023224,0.20000000298023224,0.15000000596046448,0.15000000596046448,1.0,1.0,1.0,1.0
complex_fixed_v018_r5,closed_loop,complex,full,1,0.18,False,18.42368074,1785051293.7172048,3.140492622484974,-0.05881703599825578,-0.23426803156734163,0.17333891433903217,0.09999263659827459,3.1036992746596614,0.18,0.4347338904344011,20.0,3.116830120909716,-0.04667333192940332,4.116535856616551,-0.023076927651157642,5.082923038840927,-0.00047383442651920734,0.5565415620803833,0.14925120770931244,0.09925121068954468,0.7586029767990112,1.0,1,ROW_FOLLOW,,1.0,33.0,130.0,0.25040778517723083,0.01445847749710083,0.0,0.299378365278244,0.0,-0.27046141028404236,0.0,0.6190476417541504,0.5023808479309082,0.9275692701339722,0.9126574397087097,1.0,0.095238097012043,0.7586029767990112,0.30000001192092896,0.20000000298023224,0.20000000298023224,0.15000000596046448,0.15000000596046448,1.0,1.0,1.0,1.0
complex_fixed_v018_r5,closed_loop,complex,full,1,0.18,False,18.472905151,1785051293.7664292,3.1489941198733074,-0.06062570100345332,-0.2252766554312031,0.16831248785256928,0.19039950175923523,3.1124678805830674,0.18,0.44880584702792753,20.0,3.116830120909716,-0.04667333192940332,4.116535856616551,-0.023076927651157642,5.082923038840927,-0.00047383442651920734,0.5565415620803833,0.14925120770931244,0.09925121068954468,0.7586029767990112,1.0,1,ROW_FOLLOW,,1.0,33.0,130.0,0.25040778517723083,0.01445847749710083,0.0,0.299378365278244,0.0,-0.27046141028404236,0.0,0.6190476417541504,0.5023808479309082,0.9275692701339722,0.9126574397087097,1.0,0.095238097012043,0.7586029767990112,0.30000001192092896,0.20000000298023224,0.20000000298023224,0.15000000596046448,0.15000000596046448,1.0,1.0,1.0,1.0
complex_fixed_v018_r5,closed_loop,complex,full,1,0.18,False,18.52279835,1785051293.8163223,3.157698200364408,-0.062120896819475184,-0.2118990652396851,0.16916898234075584,0.23154320670127143,3.1215649135482377,0.18,0.4529081313262472,19.0,3.1325705655035256,-0.04093835910829704,4.0324251060357446,-0.025760106508077307,5.060595969482044,-0.00865592273310504,0.5578246712684631,0.14485831558704376,0.094858318567276,0.7826360464096069,1.0,1,ROW_FOLLOW,,1.0,39.0,117.0,0.22609223425388336,0.02449403703212738,0.0,0.3092218041419983,0.0,-0.26023373007774353,0.0,0.6428571343421936,0.6071427464485168,0.929707944393158,0.8827247619628906,1.0,0.2857142984867096,0.7826360464096069,0.30000001192092896,0.20000000298023224,0.20000000298023224,0.15000000596046448,0.15000000596046448,1.0,1.0,1.0,1.0
complex_fixed_v018_r5,closed_loop,complex,full,1,0.18,False,18.573725372,1785051293.8672495,3.1594556122226294,-0.06206254257155557,-0.20172122581691215,0.17102572747968067,0.2611681841924402,3.123548182925282,0.18,0.4398490043385392,19.0,3.1325705655035256,-0.04093835910829704,4.0324251060357446,-0.025760106508077307,5.060595969482044,-0.00865592273310504,0.5578246712684631,0.14485831558704376,0.094858318567276,0.7826360464096069,1.0,1,ROW_FOLLOW,,1.0,39.0,117.0,0.22609223425388336,0.02449403703212738,0.0,0.3092218041419983,0.0,-0.26023373007774353,0.0,0.6428571343421936,0.6071427464485168,0.929707944393158,0.8827247619628906,1.0,0.2857142984867096,0.7826360464096069,0.30000001192092896,0.20000000298023224,0.20000000298023224,0.15000000596046448,0.15000000596046448,1.0,1.0,1.0,1.0
complex_fixed_v018_r5,closed_loop,complex,full,1,0.18,False,18.623396324,1785051293.9169204,3.173644059284817,-0.06859553570564704,-0.185420615589393,0.17090601264706656,0.27437449754900933,3.1396612077824515,0.18,0.488775623558511,20.0,3.1460858746372815,-0.03520307978394668,4.150962279828902,-0.02000640577265686,5.144408783606984,0.0010285712516479896,0.5634414553642273,0.14902634918689728,0.09902635216712952,0.7913717031478882,1.0,1,ROW_FOLLOW,,1.0,53.0,98.0,0.21052056550979614,0.03143039345741272,0.0,0.3165085017681122,0.0,-0.25364771485328674,0.0,0.6507936120033264,0.6071427464485168,0.9390692114830017,0.9126080870628357,1.0,0.2857142984867096,0.7913717031478882,0.30000001192092896,0.20000000298023224,0.20000000298023224,0.15000000596046448,0.15000000596046448,1.0,1.0,1.0,1.0
complex_fixed_v018_r5,closed_loop,complex,full,1,0.18,False,18.672824516,1785051293.9663486,3.1824738973102455,-0.06994903749674895,-0.17414777027945716,0.17091660181671328,0.2990110593687731,3.148688298887771,0.18,0.4753010951119437,20.0,3.1460858746372815,-0.03520307978394668,4.150962279828902,-0.02000640577265686,5.144408783606984,0.0010285712516479896,0.5634414553642273,0.14902634918689728,0.09902635216712952,0.7913717031478882,1.0,1,ROW_FOLLOW,,1.0,53.0,98.0,0.21052056550979614,0.03143039345741272,0.0,0.3165085017681122,0.0,-0.25364771485328674,0.0,0.6507936120033264,0.6071427464485168,0.9390692114830017,0.9126080870628357,1.0,0.2857142984867096,0.7913717031478882,0.30000001192092896,0.20000000298023224,0.20000000298023224,0.15000000596046448,0.15000000596046448,1.0,1.0,1.0,1.0
complex_fixed_v018_r5,closed_loop,complex,full,1,0.18,False,18.72458814,1785051294.018112,3.1913653977043426,-0.07096599453524478,-0.161942754734742,0.1727059672499411,0.31448323276606754,3.157843208292112,0.18,0.4718151272362866,21.0,3.1632385297738383,-0.032412850379444746,4.168133212635534,-0.018503413998470514,5.181881153800475,-0.006361136579483423,0.5658869743347168,0.15047694742679596,0.1004769504070282,0.7812944650650024,1.0,1,ROW_FOLLOW,,1.0,68.0,91.0,0.17422038316726685,0.03882577270269394,0.0,0.3241593539714813,0.0,-0.24650780856609344,0.0,0.579365074634552,0.6595237255096436,0.9431449174880981,0.9130080938339233,1.0,0.380952388048172,0.7812944650650024,0.30000001192092896,0.20000000298023224,0.20000000298023224,0.15000000596046448,0.15000000596046448,1.0,1.0,1.0,1.0
complex_fixed_v018_r5,closed_loop,complex,full,1,0.18,False,18.772885098,1785051294.0664089,3.1991542294628017,-0.07162508187458179,-0.14267180399416093,0.16909397600494483,0.32103851744173595,3.1683545983455965,0.18,0.45126832412911344,21.0,3.1632385297738383,-0.032412850379444746,4.168133212635534,-0.018503413998470514,5.181881153800475,-0.006361136579483423,0.5658869743347168,0.15047694742679596,0.1004769504070282,0.7812944650650024,1.0,1,ROW_FOLLOW,,1.0,68.0,91.0,0.17422038316726685,0.03882577270269394,0.0,0.3241593539714813,0.0,-0.24650780856609344,0.0,0.579365074634552,0.6595237255096436,0.9431449174880981,0.9130080938339233,1.0,0.380952388048172,0.7812944650650024,0.30000001192092896,0.20000000298023224,0.20000000298023224,0.15000000596046448,0.15000000596046448,1.0,1.0,1.0,1.0
complex_fixed_v018_r5,closed_loop,complex,full,1,0.18,False,18.823662964,1785051294.1171868,3.2082284497233307,-0.07205977519466984,-0.1209384502289144,0.17054128311983763,0.3733940721002561,3.177807929318804,0.18,0.42517293049833316,21.0,3.1798312664359307,-0.02958574244687118,4.179708589504611,-0.01423803536391994,5.1901268135278364,-0.002868250590784216,0.5716776847839355,0.15475936233997345,0.10475936532020569,0.7506009340286255,1.0,0,ROW_FOLLOW,,1.0,93.0,80.0,0.1424580067396164,0.04387277364730835,0.0,0.32942497730255127,0.0,-0.24167943000793457,0.0,0.4761904776096344,0.6333332657814026,0.9527825117111206,0.9368042945861816,1.0,0.3333333432674408,0.7506009340286255,0.30000001192092896,0.20000000298023224,0.20000000298023224,0.15000000596046448,0.15000000596046448,1.0,1.0,1.0,1.0
complex_fixed_v018_r5,closed_loop,complex,full,1,0.18,False,18.872916176,1785051294.1664402,3.2192655206139755,-0.06335198742492784,-0.10643272708045882,0.16554087427936942,0.35531472732057445,3.1961441953561454,0.18,0.37255931994902336,21.0,3.1798312664359307,-0.02958574244687118,4.179708589504611,-0.01423803536391994,5.1901268135278364,-0.002868250590784216,0.5716776847839355,0.15475936233997345,0.10475936532020569,0.7506009340286255,1.0,0,ROW_FOLLOW,,1.0,93.0,80.0,0.1424580067396164,0.04387277364730835,0.0,0.32942497730255127,0.0,-0.24167943000793457,0.0,0.4761904776096344,0.6333332657814026,0.9527825117111206,0.9368042945861816,1.0,0.3333333432674408,0.7506009340286255,0.30000001192092896,0.20000000298023224,0.20000000298023224,0.15000000596046448,0.15000000596046448,1.0,1.0,1.0,1.0
complex_fixed_v018_r5,closed_loop,complex,full,1,0.18,False,18.923260493,1785051294.2167845,3.227989480365708,-0.06350809931739881,-0.0878102714581512,0.167421290445583,0.3028098550456996,3.2052320477270926,0.18,0.3716432503935108,21.0,3.199920088627786,-0.02374309304594156,4.1998610582962685,-0.014119106256704107,5.199802030876644,-0.004495135383392722,0.5682470798492432,0.15305091440677643,0.10305091738700867,0.7359621524810791,1.0,0,ROW_FOLLOW,,1.0,77.0,87.0,0.09630008041858673,0.0503191277384758,0.0,0.33583059906959534,0.0,-0.23519234359264374,0.0,0.4523809552192688,0.6071427464485168,0.9470783472061157,0.9293574094772339,1.0,0.2857142984867096,0.7359621524810791,0.30000001192092896,0.20000000298023224,0.20000000298023224,0.15000000596046448,0.15000000596046448,1.0,1.0,1.0,1.0
complex_fixed_v018_r5,closed_loop,complex,full,1,0.18,False,18.972793617,1785051294.2663176,3.239691826405336,-0.044777779727980103,-0.07658240344031328,0.17601184893638344,0.26653506452725456,3.229687519001595,0.18,0.24812913417288512,21.0,3.199920088627786,-0.02374309304594156,4.1998610582962685,-0.014119106256704107,5.199802030876644,-0.004495135383392722,0.5682470798492432,0.15305091440677643,0.10305091738700867,0.7359621524810791,1.0,0,ROW_FOLLOW,,1.0,77.0,87.0,0.09630008041858673,0.0503191277384758,0.0,0.33583059906959534,0.0,-0.23519234359264374,0.0,0.4523809552192688,0.6071427464485168,0.9470783472061157,0.9293574094772339,1.0,0.2857142984867096,0.7359621524810791,0.30000001192092896,0.20000000298023224,0.20000000298023224,0.15000000596046448,0.15000000596046448,1.0,1.0,1.0,1.0
complex_fixed_v018_r5,closed_loop,complex,full,1,0.18,False,19.024841889,1785051294.318366,3.2487693265579165,-0.0405859578994611,-0.06015712896978709,0.17601184893638344,0.29964632149008325,3.239731337920963,0.18,0.279683184502064,20.0,3.2208333580131367,-0.009659299541138639,4.225795708805317,-0.002534839304556559,5.154094993701176,0.003989379017621242,0.5707244873046875,0.16455630958080292,0.11455631256103516,0.7688579559326172,1.0,0,ROW_FOLLOW,,1.0,88.0,86.0,0.07087992131710052,0.05367445945739746,0.0,0.33895212411880493,0.0,-0.23160320520401,0.0,0.5317460298538208,0.6333332657814026,0.9512073993682861,0.9495066404342651,1.0,0.3333333432674408,0.7688579559326172,0.30000001192092896,0.20000000298023224,0.20000000298023224,0.15000000596046448,0.15000000596046448,1.0,1.0,1.0,1.0
complex_fixed_v018_r5,closed_loop,complex,full,1,0.18,False,19.072817942,1785051294.3663418,3.2607326314849328,-0.048887275219161565,-0.04847299873328391,0.17610081490194643,0.28274377511530224,3.25727151062308,0.18,0.30430522518684994,20.0,3.2208333580131367,-0.009659299541138639,4.225795708805317,-0.002534839304556559,5.154094993701176,0.003989379017621242,0.5707244873046875,0.16455630958080292,0.11455631256103516,0.7688579559326172,1.0,0,ROW_FOLLOW,,1.0,88.0,86.0,0.07087992131710052,0.05367445945739746,0.0,0.33895212411880493,0.0,-0.23160320520401,0.0,0.5317460298538208,0.6333332657814026,0.9512073993682861,0.9495066404342651,1.0,0.3333333432674408,0.7688579559326172,0.30000001192092896,0.20000000298023224,0.20000000298023224,0.15000000596046448,0.15000000596046448,1.0,1.0,1.0,1.0
complex_fixed_v018_r5,closed_loop,complex,full,1,0.18,False,19.12427346,1785051294.4177973,3.269612050012068,-0.04860024232030916,-0.03086245631106531,0.17581497667062623,0.31850117758845276,3.266502113321659,0.18,0.32623901954890316,21.0,3.241614006980207,0.0027504848985238617,4.246607861053391,0.004203337466025372,5.240027986766363,-0.001962268391927969,0.5712581276893616,0.16859181225299835,0.11859181523323059,0.7700672149658203,1.0,0,ROW_FOLLOW,,1.0,84.0,94.0,0.03425224497914314,0.05841958522796631,0.0,0.3433122932910919,0.0,-0.2264731228351593,0.0,0.523809552192688,0.6595237255096436,0.9520969390869141,0.9373347163200378,1.0,0.380952388048172,0.7700672149658203,0.30000001192092896,0.20000000298023224,0.20000000298023224,0.15000000596046448,0.15000000596046448,1.0,1.0,1.0,1.0
complex_fixed_v018_r5,closed_loop,complex,full,1,0.18,False,19.173049665,1785051294.4665735,3.2782572303708517,-0.051504604236707996,-0.01768848702343328,0.18139577939458001,0.3267914389710376,3.2789784881642894,0.18,0.3295330901961128,21.0,3.241614006980207,0.0027504848985238617,4.246607861053391,0.004203337466025372,5.240027986766363,-0.001962268391927969,0.5712581276893616,0.16859181225299835,0.11859181523323059,0.7700672149658203,1.0,0,ROW_FOLLOW,,1.0,84.0,94.0,0.03425224497914314,0.05841958522796631,0.0,0.3433122932910919,0.0,-0.2264731228351593,0.0,0.523809552192688,0.6595237255096436,0.9520969390869141,0.9373347163200378,1.0,0.380952388048172,0.7700672149658203,0.30000001192092896,0.20000000298023224,0.20000000298023224,0.15000000596046448,0.15000000596046448,1.0,1.0,1.0,1.0
complex_fixed_v018_r5,closed_loop,complex,full,1,0.18,False,19.22383934,1785051294.5173633,3.286456639596087,-0.0508836634421932,0.0013942356697902445,0.18078955339718591,0.32761790216845005,3.2875944558936756,0.18,0.3379074197269568,21.0,3.2613146643354463,0.010046698697498654,4.266309566377227,0.010642146468061922,5.269582138621668,0.00640983383955028,0.5723013877868652,0.17007853090763092,0.12007853388786316,0.7584003210067749,1.0,0,ROW_FOLLOW,,1.0,93.0,87.0,0.0065523674711585045,0.06038066744804382,0.0,0.3453213572502136,0.0,-0.22456002235412598,0.0,0.4761904776096344,0.6595237255096436,0.9538357257843018,0.9524750709533691,1.0,0.380952388048172,0.7584003210067749,0.30000001192092896,0.20000000298023224,0.20000000298023224,0.15000000596046448,0.15000000596046448,1.0,1.0,1.0,1.0
complex_fixed_v018_r5,closed_loop,complex,full,1,0.18,False,19.273318062,1785051294.566842,3.295207180937199,-0.05815406892421255,0.016004800097355165,0.17641423090792424,0.37019361765278663,3.3040725316241932,0.18,0.3502566324865784,21.0,3.2613146643354463,0.010046698697498654,4.266309566377227,0.010642146468061922,5.269582138621668,0.00640983383955028,0.5723013877868652,0.17007853090763092,0.12007853388786316,0.7584003210067749,1.0,0,ROW_FOLLOW,,1.0,93.0,87.0,0.0065523674711585045,0.06038066744804382,0.0,0.3453213572502136,0.0,-0.22456002235412598,0.0,0.4761904776096344,0.6595237255096436,0.9538357257843018,0.9524750709533691,1.0,0.380952388048172,0.7584003210067749,0.30000001192092896,0.20000000298023224,0.20000000298023224,0.15000000596046448,0.15000000596046448,1.0,1.0,1.0,1.0
complex_fixed_v018_r5,closed_loop,complex,full,1,0.18,False,19.323964852,1785051294.6174889,3.3039049672830973,-0.05737363731615092,0.030338562125771247,0.17522842157243623,0.3558717274731979,3.31303669163103,0.18,0.29426543198490385,21.0,3.2782512227942,0.008035167038587128,4.278243799393976,0.005025988240414073,5.2782363901228395,0.0020168073232371755,0.5702084302902222,0.15865464508533478,0.10865464806556702,0.760183572769165,1.0,0,ROW_FOLLOW,,1.0,87.0,99.0,-0.03637372702360153,0.06321413815021515,0.0,0.34763407707214355,0.0,-0.22120580077171326,0.0,0.4841269850730896,0.6595237255096436,0.9503472447395325,0.9531415104866028,1.0,0.380952388048172,0.760183572769165,0.30000001192092896,0.20000000298023224,0.20000000298023224,0.15000000596046448,0.15000000596046448,1.0,1.0,1.0,1.0
complex_fixed_v018_r5,closed_loop,complex,full,1,0.18,False,19.374487446,1785051294.6680112,3.3106750276527577,-0.06460722947340793,0.05238760104247798,0.16294812683234733,0.39689122554589606,3.330702105688066,0.18,0.31237503018364976,21.0,3.2782512227942,0.008035167038587128,4.278243799393976,0.005025988240414073,5.2782363901228395,0.0020168073232371755,0.5702084302902222,0.15865464508533478,0.10865464806556702,0.760183572769165,1.0,0,ROW_FOLLOW,,1.0,87.0,99.0,-0.03637372702360153,0.06321413815021515,0.0,0.34763407707214355,0.0,-0.22120580077171326,0.0,0.4841269850730896,0.6595237255096436,0.9503472447395325,0.9531415104866028,1.0,0.380952388048172,0.760183572769165,0.30000001192092896,0.20000000298023224,0.20000000298023224,0.15000000596046448,0.15000000596046448,1.0,1.0,1.0,1.0
complex_fixed_v018_r5,closed_loop,complex,full,1,0.18,False,19.423043964,1785051294.7165678,3.319030832486335,-0.06329194860788717,0.07500686766482234,0.16469346295183812,0.3868031576628835,3.339613558553826,0.18,0.2435574533207759,21.0,3.294984458469242,0.00480480565866577,4.294970253304536,0.00043728008807382657,5.2949560532781765,-0.003930246721297256,0.5677595734596252,0.16414351761341095,0.11414352059364319,0.7419617176055908,1.0,0,ROW_FOLLOW,,1.0,89.0,99.0,-0.07279453426599503,0.06440923362970352,0.0,0.34850427508354187,0.0,-0.21968580782413483,0.0,0.4523809552192688,0.6071427464485168,0.9462658166885376,0.9704381823539734,1.0,0.2857142984867096,0.7419617176055908,0.30000001192092896,0.20000000298023224,0.20000000298023224,0.15000000596046448,0.15000000596046448,1.0,1.0,1.0,1.0
complex_fixed_v018_r5,closed_loop,complex,full,1,0.18,False,19.472752902,1785051294.7662768,3.3273844110419217,-0.06554372966868689,0.09156262642799408,0.15909076667850153,0.3997561780605832,3.352187694600248,0.18,0.24001782586674225,21.0,3.294984458469242,0.00480480565866577,4.294970253304536,0.00043728008807382657,5.2949560532781765,-0.003930246721297256,0.5677595734596252,0.16414351761341095,0.11414352059364319,0.7419617176055908,1.0,0,ROW_FOLLOW,,1.0,89.0,99.0,-0.07279453426599503,0.06440923362970352,0.0,0.34850427508354187,0.0,-0.21968580782413483,0.0,0.4523809552192688,0.6071427464485168,0.9462658166885376,0.9704381823539734,1.0,0.2857142984867096,0.7419617176055908,0.30000001192092896,0.20000000298023224,0.20000000298023224,0.15000000596046448,0.15000000596046448,1.0,1.0,1.0,1.0
complex_fixed_v018_r5,closed_loop,complex,full,1,0.18,False,19.524367849,1785051294.8178918,3.3358127364305523,-0.06384903031401715,0.11570133493075258,0.16307609774983484,0.41199771990979106,3.3612506407786467,0.18,0.17887292141947694,20.0,3.3115168686476477,0.00161084041123648,4.311492604681811,-0.005332903012462739,5.244803208909066,-0.011841264892266683,0.5684304237365723,0.16678683459758759,0.11678683757781982,0.7684072256088257,1.0,0,ROW_FOLLOW,,1.0,92.0,99.0,-0.11522059142589569,0.06476560235023499,0.0,0.34881067276000977,0.0,-0.2192794680595398,0.0,0.523809552192688,0.6333332657814026,0.9473838806152344,0.9674727320671082,1.0,0.3333333432674408,0.7684072256088257,0.30000001192092896,0.20000000298023224,0.20000000298023224,0.15000000596046448,0.15000000596046448,1.0,1.0,1.0,1.0
complex_fixed_v018_r5,closed_loop,complex,full,1,0.18,False,19.572771659,1785051294.8662956,3.3385131773222114,-0.0551192532994514,0.13128257053639164,0.15069453624193715,0.3963691616652349,3.3800392712446143,0.18,0.09932622107819421,20.0,3.3115168686476477,0.00161084041123648,4.311492604681811,-0.005332903012462739,5.244803208909066,-0.011841264892266683,0.5684304237365723,0.16678683459758759,0.11678683757781982,0.7684072256088257,1.0,0,ROW_FOLLOW,,1.0,92.0,99.0,-0.11522059142589569,0.06476560235023499,0.0,0.34881067276000977,0.0,-0.2192794680595398,0.0,0.523809552192688,0.6333332657814026,0.9473838806152344,0.9674727320671082,1.0,0.3333333432674408,0.7684072256088257,0.30000001192092896,0.20000000298023224,0.20000000298023224,0.15000000596046448,0.15000000596046448,1.0,1.0,1.0,1.0
complex_fixed_v018_r5,closed_loop,complex,full,1,0.18,False,19.622848159,1785051294.9163723,3.347408186128818,-0.05315347274576557,0.15008115259249255,0.1564711123856853,0.3310589722484233,3.3895187966707496,0.18,0.06006045069290877,21.0,3.3259928421747973,0.0027036224580889744,4.325963092864808,-0.0050041830704691155,5.3250012587834945,-0.011046024084026784,0.572838306427002,0.16993407905101776,0.11993408203125,0.7705535888671875,1.0,0,ROW_FOLLOW,,1.0,79.0,99.0,-0.15236032009124756,0.06347829848527908,0.0,0.3480741083621979,0.0,-0.2211175113916397,0.0,0.523809552192688,0.6333332657814026,0.9547300934791565,0.9719866514205933,1.0,0.3333333432674408,0.7705535888671875,0.30000001192092896,0.20000000298023224,0.20000000298023224,0.15000000596046448,0.15000000596046448,1.0,1.0,1.0,1.0
complex_fixed_v018_r5,closed_loop,complex,full,1,0.18,False,19.672788816,1785051294.9663126,3.3566378205816148,-0.024670753605256935,0.16239691989126284,0.16829605095862224,0.32011841936523106,3.420997532294982,0.18,-0.10286914511175776,21.0,3.3259928421747973,0.0027036224580889744,4.325963092864808,-0.0050041830704691155,5.3250012587834945,-0.011046024084026784,0.572838306427002,0.16993407905101776,0.11993408203125,0.7705535888671875,1.0,0,ROW_FOLLOW,,1.0,79.0,99.0,-0.15236032009124756,0.06347829848527908,0.0,0.3480741083621979,0.0,-0.2211175113916397,0.0,0.523809552192688,0.6333332657814026,0.9547300934791565,0.9719866514205933,1.0,0.3333333432674408,0.7705535888671875,0.30000001192092896,0.20000000298023224,0.20000000298023224,0.15000000596046448,0.15000000596046448,1.0,1.0,1.0,1.0
complex_fixed_v018_r5,closed_loop,complex,full,1,0.18,False,19.724690908,1785051295.018215,3.3640205224003754,-0.018335674917096853,0.1806114525968785,0.16829605095862224,0.30133783247626816,3.4307311728349688,0.18,-0.09908110156698943,20.0,3.3426949376742976,0.015490882808033188,4.342670666822893,0.008769695137622076,5.309314283693443,0.002326093903259127,0.5683543086051941,0.16670526564121246,0.1167052686214447,0.763392448425293,1.0,0,ROW_FOLLOW,,1.0,105.0,101.0,-0.17764921486377716,0.05938669294118881,0.0,0.34357914328575134,0.0,-0.22480575740337372,0.0,0.4920634627342224,0.6595237255096436,0.9472568035125732,0.9627817273139954,1.0,0.380952388048172,0.763392448425293,0.30000001192092896,0.20000000298023224,0.20000000298023224,0.15000000596046448,0.15000000596046448,1.0,1.0,1.0,1.0
complex_fixed_v018_r5,closed_loop,complex,full,1,0.18,False,19.773607693,1785051295.0671318,3.3785082256270953,-0.004583342089298453,0.18946926135665182,0.19863035865780074,0.20667709134938297,3.4507134798928147,0.18,-0.17867087830417355,20.0,3.3426949376742976,0.015490882808033188,4.342670666822893,0.008769695137622076,5.309314283693443,0.002326093903259127,0.5683543086051941,0.16670526564121246,0.1167052686214447,0.763392448425293,1.0,0,ROW_FOLLOW,,1.0,105.0,101.0,-0.17764921486377716,0.05938669294118881,0.0,0.34357914328575134,0.0,-0.22480575740337372,0.0,0.4920634627342224,0.6595237255096436,0.9472568035125732,0.9627817273139954,1.0,0.380952388048172,0.763392448425293,0.30000001192092896,0.20000000298023224,0.20000000298023224,0.15000000596046448,0.15000000596046448,1.0,1.0,1.0,1.0
complex_fixed_v018_r5,closed_loop,complex,full,1,0.18,False,19.824857574,1785051295.1183815,3.390503493482447,-0.011771261082411255,0.1989924152979401,0.204938253345342,0.1426912209210622,3.477516555283677,0.18,-0.13924354282004942,21.0,3.3617654664007346,0.03452871972532285,4.3617375771584515,0.027377749447956175,5.361963758433445,0.015207834842564855,0.5686883926391602,0.16714106500148773,0.11714106798171997,0.7473721504211426,1.0,0,ROW_FOLLOW,,1.0,91.0,98.0,-0.20521514117717743,0.055225908756256104,0.0,0.3392984867095947,0.0,-0.22884666919708252,0.0,0.4365079402923584,0.6595237255096436,0.9478142857551575,0.9663475751876831,1.0,0.380952388048172,0.7473721504211426,0.30000001192092896,0.20000000298023224,0.20000000298023224,0.15000000596046448,0.15000000596046448,1.0,1.0,1.0,1.0
complex_fixed_v018_r5,closed_loop,complex,full,1,0.18,False,19.872759865,1785051295.1662838,3.3991545008128345,-0.006826214260850772,0.20435570945815723,0.204938253345342,0.11849932283960704,3.4874815380651776,0.18,-0.08260567042993285,21.0,3.3617654664007346,0.03452871972532285,4.3617375771584515,0.027377749447956175,5.361963758433445,0.015207834842564855,0.5686883926391602,0.16714106500148773,0.11714106798171997,0.7473721504211426,1.0,0,ROW_FOLLOW,,1.0,91.0,98.0,-0.20521514117717743,0.055225908756256104,0.0,0.3392984867095947,0.0,-0.22884666919708252,0.0,0.4365079402923584,0.6595237255096436,0.9478142857551575,0.9663475751876831,1.0,0.380952388048172,0.7473721504211426,0.30000001192092896,0.20000000298023224,0.20000000298023224,0.15000000596046448,0.15000000596046448,1.0,1.0,1.0,1.0
complex_fixed_v018_r5,closed_loop,complex,full,1,0.18,False,19.922972658,1785051295.2164967,3.4118604248377875,-0.01823063313121382,0.2114496986591647,0.20108456837012298,0.1482340256287691,3.510942621515186,0.18,-0.0015974276840223195,21.0,3.3831844557654787,0.04164258449184853,4.383159937862943,0.03493086487998428,5.394102328974073,0.027196376008877497,0.5704512000083923,0.16479499638080597,0.11479499936103821,0.7474733591079712,1.0,0,ROW_FOLLOW,,1.0,92.0,96.0,-0.21577197313308716,0.05027133971452713,0.0,0.3341078758239746,0.0,-0.23356519639492035,0.0,0.4603174328804016,0.6333332657814026,0.9494367241859436,0.9521612524986267,1.0,0.3333333432674408,0.7474733591079712,0.30000001192092896,0.20000000298023224,0.20000000298023224,0.15000000596046448,0.15000000596046448,1.0,1.0,1.0,1.0
complex_fixed_v018_r5,closed_loop,complex,full,1,0.18,False,19.973210923,1785051295.2667348,3.4156051646906014,-0.01710223505926365,0.2171269881989649,0.19737380511957525,0.12386279021229027,3.5150004566095623,0.18,-0.011789365283437723,21.0,3.3831844557654787,0.04164258449184853,4.383159937862943,0.03493086487998428,5.394102328974073,0.027196376008877497,0.5704512000083923,0.16479499638080597,0.11479499936103821,0.7474733591079712,1.0,0,ROW_FOLLOW,,1.0,92.0,96.0,-0.21577197313308716,0.05027133971452713,0.0,0.3341078758239746,0.0,-0.23356519639492035,0.0,0.4603174328804016,0.6333332657814026,0.9494367241859436,0.9521612524986267,1.0,0.3333333432674408,0.7474733591079712,0.30000001192092896,0.20000000298023224,0.20000000298023224,0.15000000596046448,0.15000000596046448,1.0,1.0,1.0,1.0
complex_fixed_v018_r5,closed_loop,complex,full,1,0.18,False,20.023035352,1785051295.3165593,3.4256580728642496,-0.02175002674164937,0.22293378087641502,0.18975874475371374,0.11393865132912767,3.5313204783237424,0.18,-0.03665393112170734,20.0,3.401742716711308,0.03604766844079293,4.401711399349252,0.028167238546916048,5.335015683544905,0.02082245010681093,0.5674583911895752,0.16361264884471893,0.11361265182495117,0.7381765842437744,1.0,0,ROW_FOLLOW,,1.0,91.0,89.0,-0.22849394381046295,0.045507147908210754,0.0,0.32936257123947144,0.0,-0.23834827542304993,0.0,0.4444444179534912,0.6071427464485168,0.9457638263702393,0.9617458581924438,1.0,0.2857142984867096,0.7381765842437744,0.30000001192092896,0.20000000298023224,0.20000000298023224,0.15000000596046448,0.15000000596046448,1.0,1.0,1.0,1.0
complex_fixed_v018_r5,closed_loop,complex,full,1,0.18,False,20.072773187,1785051295.366297,3.4345673570063244,-0.019524302625957897,0.2262799779913367,0.1896602221176879,0.0663752754726984,3.5405643757063774,0.18,-0.04372549962190836,20.0,3.401742716711308,0.03604766844079293,4.401711399349252,0.028167238546916048,5.335015683544905,0.02082245010681093,0.5674583911895752,0.16361264884471893,0.11361265182495117,0.7381765842437744,1.0,0,ROW_FOLLOW,,1.0,91.0,89.0,-0.22849394381046295,0.045507147908210754,0.0,0.32936257123947144,0.0,-0.23834827542304993,0.0,0.4444444179534912,0.6071427464485168,0.9457638263702393,0.9617458581924438,1.0,0.2857142984867096,0.7381765842437744,0.30000001192092896,0.20000000298023224,0.20000000298023224,0.15000000596046448,0.15000000596046448,1.0,1.0,1.0,1.0
complex_fixed_v018_r5,closed_loop,complex,full,1,0.18,False,20.122864792,1785051295.4163885,3.4347470657662527,-0.01925339424016592,0.23176343666360286,0.18852270305059485,0.0925062665278304,3.540964210365823,0.18,-0.12972357642582183,20.0,3.418337871679199,0.024384964112916237,4.423310566189848,0.01696504391999522,5.384951094052531,0.009854431221873584,0.565751850605011,0.16270418465137482,0.11270418763160706,0.7683811187744141,1.0,0,ROW_FOLLOW,,1.0,83.0,91.0,-0.23744280636310577,0.04104985296726227,0.0,0.32467618584632874,0.0,-0.2425764799118042,0.0,0.5317460298538208,0.6333332657814026,0.9429196119308472,0.9573785662651062,1.0,0.3333333432674408,0.7683811187744141,0.30000001192092896,0.20000000298023224,0.20000000298023224,0.15000000596046448,0.15000000596046448,1.0,1.0,1.0,1.0
complex_fixed_v018_r5,closed_loop,complex,full,1,0.18,False,20.172851562,1785051295.4663754,3.4558650006859595,-0.02159881450019703,0.2346748388616522,0.17641652577439315,0.07560912921182095,3.5632386733739256,0.18,-0.1023103521298561,20.0,3.418337871679199,0.024384964112916237,4.423310566189848,0.01696504391999522,5.384951094052531,0.009854431221873584,0.565751850605011,0.16270418465137482,0.11270418763160706,0.7683811187744141,1.0,0,ROW_FOLLOW,,1.0,83.0,91.0,-0.23744280636310577,0.04104985296726227,0.0,0.32467618584632874,0.0,-0.2425764799118042,0.0,0.5317460298538208,0.6333332657814026,0.9429196119308472,0.9573785662651062,1.0,0.3333333432674408,0.7683811187744141,0.30000001192092896,0.20000000298023224,0.20000000298023224,0.15000000596046448,0.15000000596046448,1.0,1.0,1.0,1.0
complex_fixed_v018_r5,closed_loop,complex,full,1,0.18,False,20.224944156,1785051295.5184681,3.464338212198476,-0.01936470866182116,0.23959780543672018,0.17785992891919994,0.09318088502569523,3.572105125044016,0.18,-0.15489453739371792,21.0,3.4359640322421323,0.01945894877853172,4.440934131343497,0.011695054906560151,5.456080111767523,-0.0009400689623241983,0.5666483044624329,0.16342653334140778,0.11342653632164001,0.7567300796508789,1.0,0,ROW_FOLLOW,,1.0,79.0,87.0,-0.24619680643081665,0.03667958080768585,0.0,0.3198140263557434,0.0,-0.2464548647403717,0.0,0.4920634627342224,0.6333332657814026,0.9444136619567871,0.9570775628089905,1.0,0.3333333432674408,0.7567300796508789,0.30000001192092896,0.20000000298023224,0.20000000298023224,0.15000000596046448,0.15000000596046448,1.0,1.0,1.0,1.0
complex_fixed_v018_r5,closed_loop,complex,full,1,0.18,False,20.273401632,1785051295.5669255,3.466497850334982,-0.018308063850766783,0.24224491576465512,0.15496316788536002,0.06593948255363825,3.588132094442835,0.18,-0.16508085921938231,21.0,3.4359640322421323,0.01945894877853172,4.440934131343497,0.011695054906560151,5.456080111767523,-0.0009400689623241983,0.5666483044624329,0.16342653334140778,0.11342653632164001,0.7567300796508789,1.0,0,ROW_FOLLOW,,1.0,79.0,87.0,-0.24619680643081665,0.03667958080768585,0.0,0.3198140263557434,0.0,-0.2464548647403717,0.0,0.4920634627342224,0.6333332657814026,0.9444136619567871,0.9570775628089905,1.0,0.3333333432674408,0.7567300796508789,0.30000001192092896,0.20000000298023224,0.20000000298023224,0.15000000596046448,0.15000000596046448,1.0,1.0,1.0,1.0
complex_fixed_v018_r5,closed_loop,complex,full,1,0.18,False,20.323369873,1785051295.6168938,3.475286266324249,-0.016002791049728668,0.2455229570189128,0.16032993024960132,0.06176427011854924,3.5972887168729866,0.18,-0.2047218930969184,21.0,3.452723186844395,0.0176323138340413,4.457637658053952,0.005800766322845918,5.461429729646021,-0.01217909994447678,0.5640929937362671,0.16742335259914398,0.11742335557937622,0.749064564704895,1.0,0,ROW_FOLLOW,,1.0,68.0,57.0,-0.263913631439209,0.034414902329444885,0.0,0.3162436783313751,0.0,-0.24741387367248535,0.0,0.4444444179534912,0.6595237255096436,0.9401547312736511,0.9719704985618591,1.0,0.380952388048172,0.749064564704895,0.30000001192092896,0.20000000298023224,0.20000000298023224,0.15000000596046448,0.15000000596046448,1.0,1.0,1.0,1.0
complex_fixed_v018_r5,closed_loop,complex,full,1,0.18,False,20.372927414,1785051295.6664515,3.478059272976418,-0.01496520034612987,0.24753373453092253,0.14333073200265886,0.05829925775589293,3.6126683163787714,0.18,-0.21125322773987687,21.0,3.452723186844395,0.0176323138340413,4.457637658053952,0.005800766322845918,5.461429729646021,-0.01217909994447678,0.5640929937362671,0.16742335259914398,0.11742335557937622,0.749064564704895,1.0,0,ROW_FOLLOW,,1.0,68.0,57.0,-0.263913631439209,0.034414902329444885,0.0,0.3162436783313751,0.0,-0.24741387367248535,0.0,0.4444444179534912,0.6595237255096436,0.9401547312736511,0.9719704985618591,1.0,0.380952388048172,0.749064564704895,0.30000001192092896,0.20000000298023224,0.20000000298023224,0.15000000596046448,0.15000000596046448,1.0,1.0,1.0,1.0
complex_fixed_v018_r5,closed_loop,complex,full,1,0.18,False,20.423072621,1785051295.7165964,3.4833611206911,-0.01236433119637834,0.24988311812839428,0.14144013488518017,0.04037803417817577,3.618634340531713,0.18,-0.25163284240448697,21.0,3.467421077802314,0.016390456705043136,4.467220711861562,-0.001991654965379061,5.467020379387386,-0.02037376274906375,0.5654229521751404,0.16508333384990692,0.11508333683013916,0.742017388343811,1.0,0,ROW_FOLLOW,,1.0,77.0,59.0,-0.27670779824256897,0.03284037113189697,0.0,0.3141821622848511,0.0,-0.24850142002105713,0.0,0.460317462682724,0.6071427464485168,0.942371666431427,0.9601283073425293,1.0,0.2857142984867096,0.742017388343811,0.30000001192092896,0.20000000298023224,0.20000000298023224,0.15000000596046448,0.15000000596046448,1.0,1.0,1.0,1.0
complex_fixed_v018_r5,closed_loop,complex,full,1,0.18,False,20.472964157,1785051295.766488,3.492195570812063,-0.010066090941739662,0.25173344174282786,0.1476103304879625,0.03884098560211772,3.627779813022224,0.18,-0.2612646601285081,21.0,3.467421077802314,0.016390456705043136,4.467220711861562,-0.001991654965379061,5.467020379387386,-0.02037376274906375,0.5654229521751404,0.16508333384990692,0.11508333683013916,0.742017388343811,1.0,0,ROW_FOLLOW,,1.0,77.0,59.0,-0.27670779824256897,0.03284037113189697,0.0,0.3141821622848511,0.0,-0.24850142002105713,0.0,0.460317462682724,0.6071427464485168,0.942371666431427,0.9601283073425293,1.0,0.2857142984867096,0.742017388343811,0.30000001192092896,0.20000000298023224,0.20000000298023224,0.15000000596046448,0.15000000596046448,1.0,1.0,1.0,1.0
complex_fixed_v018_r5,closed_loop,complex,full,1,0.18,False,20.523246712,1785051295.8167706,3.500720945402616,-0.007792385156310813,0.25390487248696836,0.1547252014079803,0.03517440350570086,3.6366471658598787,0.18,-0.2825215057308129,19.0,3.479841764401941,0.018682642555802983,4.3794545676459515,-0.006845931656843533,5.3456860132043635,-0.0349071883503646,0.5619174242019653,0.161110058426857,0.11111006140708923,0.71509850025177,1.0,0,ROW_FOLLOW,,1.0,82.0,59.0,-0.2914067208766937,0.03207901120185852,0.0,0.31303510069847107,0.0,-0.24887707829475403,0.0,0.4047618508338928,0.5547617673873901,0.9365288019180298,0.9694123864173889,1.0,0.190476194024086,0.71509850025177,0.30000001192092896,0.20000000298023224,0.20000000298023224,0.15000000596046448,0.15000000596046448,1.0,1.0,1.0,1.0
complex_fixed_v018_r5,closed_loop,complex,full,1,0.18,False,20.572774876,1785051295.866299,3.5117558082129654,-0.002733976809747821,0.25447452690485767,0.16125239746910394,0.013524242343327959,3.649315330527888,0.18,-0.3050148313484478,19.0,3.479841764401941,0.018682642555802983,4.3794545676459515,-0.006845931656843533,5.3456860132043635,-0.0349071883503646,0.5619174242019653,0.161110058426857,0.11111006140708923,0.71509850025177,1.0,0,ROW_FOLLOW,,1.0,82.0,59.0,-0.2914067208766937,0.03207901120185852,0.0,0.31303510069847107,0.0,-0.24887707829475403,0.0,0.4047618508338928,0.5547617673873901,0.9365288019180298,0.9694123864173889,1.0,0.190476194024086,0.71509850025177,0.30000001192092896,0.20000000298023224,0.20000000298023224,0.15000000596046448,0.15000000596046448,1.0,1.0,1.0,1.0
complex_fixed_v018_r5,closed_loop,complex,full,1,0.18,False,20.622952148,1785051295.9164762,3.5206727015114048,-0.00036657066196425347,0.25599939760248497,0.1656412369249441,0.024805340723255725,3.6585738021810967,0.18,-0.3139202039402945,20.0,3.4950475880618854,0.02198970951709547,4.4944666021016095,-0.01178081392619631,5.44486561720352,-0.03997988411869348,0.5600312352180481,0.1588360220193863,0.10883602499961853,0.7280194759368896,1.0,0,ROW_FOLLOW,,1.0,76.0,58.0,-0.291427880525589,0.02879023551940918,0.0,0.3087010383605957,0.0,-0.25112056732177734,0.0,0.4523809552192688,0.5547617673873901,0.9333853125572205,0.964505136013031,1.0,0.190476194024086,0.7280194759368896,0.30000001192092896,0.20000000298023224,0.20000000298023224,0.15000000596046448,0.15000000596046448,1.0,1.0,1.0,1.0
complex_fixed_v018_r5,closed_loop,complex,full,1,0.18,False,20.672769089,1785051295.966293,3.5224485685479703,0.0001054043973832252,0.2559606398302008,0.17067209416688847,0.007359975568750931,3.6604262362707987,0.18,-0.3156115501023492,20.0,3.4950475880618854,0.02198970951709547,4.4944666021016095,-0.01178081392619631,5.44486561720352,-0.03997988411869348,0.5600312352180481,0.1588360220193863,0.10883602499961853,0.7280194759368896,1.0,0,ROW_FOLLOW,,1.0,76.0,58.0,-0.291427880525589,0.02879023551940918,0.0,0.3087010383605957,0.0,-0.25112056732177734,0.0,0.4523809552192688,0.5547617673873901,0.9333853125572205,0.964505136013031,1.0,0.190476194024086,0.7280194759368896,0.30000001192092896,0.20000000298023224,0.20000000298023224,0.15000000596046448,0.15000000596046448,1.0,1.0,1.0,1.0
complex_fixed_v018_r5,closed_loop,complex,full,1,0.18,False,20.722843093,1785051296.0163672,3.5221822039113504,4.3389496721635626e-05,0.2559975673020976,0.1740067478096774,0.002836976541488351,3.660708260709579,0.18,-0.31297724152672923,21.0,3.5098370770080813,0.02445822574178395,4.509182242908185,-0.011700194391867445,5.522127022987409,-0.043684931438389835,0.5592672228813171,0.15557290613651276,0.105572909116745,0.7394082546234131,1.0,1,ROW_FOLLOW,,1.0,73.0,56.0,-0.2906039357185364,0.0252065509557724,0.0,0.3042207956314087,0.0,-0.2538076937198639,0.0,0.4761904776096344,0.5809522867202759,0.9321120977401733,0.959587812423706,1.0,0.2380952388048172,0.7394082546234131,0.30000001192092896,0.20000000298023224,0.20000000298023224,0.15000000596046448,0.15000000596046448,1.0,1.0,1.0,1.0
complex_fixed_v018_r5,closed_loop,complex,full,1,0.18,False,20.772682531,1785051296.0662065,3.5499354341348215,0.006973118998137114,0.2562876727947226,0.18517735701577304,0.0006531735295276811,3.6893170895764245,0.18,-0.3390096512229018,21.0,3.5098370770080813,0.02445822574178395,4.509182242908185,-0.011700194391867445,5.522127022987409,-0.043684931438389835,0.5592672228813171,0.15557290613651276,0.105572909116745,0.7394082546234131,1.0,1,ROW_FOLLOW,,1.0,73.0,56.0,-0.2906039357185364,0.0252065509557724,0.0,0.3042207956314087,0.0,-0.2538076937198639,0.0,0.4761904776096344,0.5809522867202759,0.9321120977401733,0.959587812423706,1.0,0.2380952388048172,0.7394082546234131,0.30000001192092896,0.20000000298023224,0.20000000298023224,0.15000000596046448,0.15000000596046448,1.0,1.0,1.0,1.0
complex_fixed_v018_r5,closed_loop,complex,full,1,0.18,False,20.822838395,1785051296.1163623,3.5583273632156467,0.009317639219243022,0.2562055096958238,0.19735972059046777,0.001618905012355241,3.698915057551368,0.18,-0.3407926373207783,20.0,3.5287216076471317,0.026227039733070154,4.528173228261356,-0.006724935920983853,5.494311359722755,-0.03852716032888979,0.5613948106765747,0.16490425169467926,0.1149042546749115,0.7299681901931763,1.0,1,ROW_FOLLOW,,1.0,66.0,59.0,-0.28434884548187256,0.020333290100097656,0.0,0.29885002970695496,0.0,-0.25818344950675964,0.0,0.4285714328289032,0.6071427464485168,0.9356578588485718,0.952243983745575,1.0,0.2857142984867096,0.7299681901931763,0.30000001192092896,0.20000000298023224,0.20000000298023224,0.15000000596046448,0.15000000596046448,1.0,1.0,1.0,1.0
complex_fixed_v018_r5,closed_loop,complex,full,1,0.18,False,20.872811117,1785051296.1663349,3.5673535544933377,0.01167473416237811,0.2558158454243644,0.19546085072742495,-0.018610589486978246,3.708247499934315,0.18,-0.349975262918863,20.0,3.5287216076471317,0.026227039733070154,4.528173228261356,-0.006724935920983853,5.494311359722755,-0.03852716032888979,0.5613948106765747,0.16490425169467926,0.1149042546749115,0.7299681901931763,1.0,1,ROW_FOLLOW,,1.0,66.0,59.0,-0.28434884548187256,0.020333290100097656,0.0,0.29885002970695496,0.0,-0.25818344950675964,0.0,0.4285714328289032,0.6071427464485168,0.9356578588485718,0.952243983745575,1.0,0.2857142984867096,0.7299681901931763,0.30000001192092896,0.20000000298023224,0.20000000298023224,0.15000000596046448,0.15000000596046448,1.0,1.0,1.0,1.0
complex_fixed_v018_r5,closed_loop,complex,full,1,0.18,False,20.923296238,1785051296.2168202,3.5733254704861217,0.013199018382448623,0.2544208478148356,0.1937380337854374,-0.021548531290101463,3.714438757388731,0.18,-0.35241249371287403,21.0,3.547037394857663,0.026629338832971156,4.546607942116771,-0.0023684528781982477,5.544640022325371,-0.03234126071597596,0.5583847761154175,0.1657693237066269,0.11576932668685913,0.7305766344070435,1.0,1,ROW_FOLLOW,,1.0,79.0,58.0,-0.2789083421230316,0.015609502792358398,0.0,0.2942034602165222,0.0,-0.2629844546318054,0.0,0.4285714328289032,0.6071427464485168,0.9306409955024719,0.9629896879196167,1.0,0.2857142984867096,0.7305766344070435,0.30000001192092896,0.20000000298023224,0.20000000298023224,0.15000000596046448,0.15000000596046448,1.0,1.0,1.0,1.0
complex_fixed_v018_r5,closed_loop,complex,full,1,0.18,False,20.973015704,1785051296.2665396,3.5947773166074874,0.01949085195195919,0.2528876662963792,0.2081188934827176,-0.02909690428847598,3.7368177696165743,0.18,-0.3785260049959465,21.0,3.547037394857663,0.026629338832971156,4.546607942116771,-0.0023684528781982477,5.544640022325371,-0.03234126071597596,0.5583847761154175,0.1657693237066269,0.11576932668685913,0.7305766344070435,1.0,1,ROW_FOLLOW,,1.0,79.0,58.0,-0.2789083421230316,0.015609502792358398,0.0,0.2942034602165222,0.0,-0.2629844546318054,0.0,0.4285714328289032,0.6071427464485168,0.9306409955024719,0.9629896879196167,1.0,0.2857142984867096,0.7305766344070435,0.30000001192092896,0.20000000298023224,0.20000000298023224,0.15000000596046448,0.15000000596046448,1.0,1.0,1.0,1.0
complex_fixed_v018_r5,closed_loop,complex,full,1,0.18,False,21.023105934,1785051296.3166296,3.6035065205277816,0.021713111284396378,0.25197953650212224,0.20408108466675676,-0.031108222939824137,3.745848197224182,0.18,-0.3794208220298141,21.0,3.57095124145804,0.028373803939257935,4.570613166602271,0.002429252432753487,5.580784918881595,-0.020564861776041325,0.5590099096298218,0.15471969544887543,0.10471969842910767,0.7296881675720215,1.0,1,ROW_FOLLOW,,1.0,77.0,60.0,-0.2779659330844879,0.011051744222640991,0.0,0.2899520993232727,0.0,-0.2678486108779907,0.0,0.4444444179534912,0.5809522867202759,0.9316834807395935,0.9588508605957031,1.0,0.2380952388048172,0.7296881675720215,0.30000001192092896,0.20000000298023224,0.20000000298023224,0.15000000596046448,0.15000000596046448,1.0,1.0,1.0,1.0
complex_fixed_v018_r5,closed_loop,complex,full,1,0.18,False,21.072849145,1785051296.366373,3.604136838633654,0.021831316598530024,0.25074999382609064,0.1990621646322377,-0.04202664856335383,3.7465222262117006,0.18,-0.3770740158403042,21.0,3.57095124145804,0.028373803939257935,4.570613166602271,0.002429252432753487,5.580784918881595,-0.020564861776041325,0.5590099096298218,0.15471969544887543,0.10471969842910767,0.7296881675720215,1.0,1,ROW_FOLLOW,,1.0,77.0,60.0,-0.2779659330844879,0.011051744222640991,0.0,0.2899520993232727,0.0,-0.2678486108779907,0.0,0.4444444179534912,0.5809522867202759,0.9316834807395935,0.9588508605957031,1.0,0.2380952388048172,0.7296881675720215,0.30000001192092896,0.20000000298023224,0.20000000298023224,0.15000000596046448,0.15000000596046448,1.0,1.0,1.0,1.0
complex_fixed_v018_r5,closed_loop,complex,full,1,0.18,False,21.123170453,1785051296.4166942,3.6040126179950924,0.021716738336567357,0.24826213665662072,0.19529117980825378,-0.05040780448554707,3.7467270786864755,0.18,-0.3740542362109138,21.0,3.589041095251526,0.02878346305152985,4.588720127828504,0.0034629752457683723,5.588399157710263,-0.021857536800310842,0.5583323240280151,0.15380768477916718,0.10380768775939941,0.7231347560882568,1.0,1,ROW_FOLLOW,,1.0,77.0,65.0,-0.27535170316696167,0.006778135895729065,0.0,0.2864615321159363,0.0,-0.27290526032447815,0.0,0.4206348955631256,0.5809522867202759,0.9305536150932312,0.9642874598503113,1.0,0.2380952388048172,0.7231347560882568,0.30000001192092896,0.20000000298023224,0.20000000298023224,0.15000000596046448,0.15000000596046448,1.0,1.0,1.0,1.0
complex_fixed_v018_r5,closed_loop,complex,full,1,0.18,False,21.173309804,1785051296.4668336,3.627871320452457,0.029851452521848666,0.24643945423777594,0.1926792843816223,-0.015924719225847022,3.772003711334426,0.18,-0.4111081740002745,21.0,3.589041095251526,0.02878346305152985,4.588720127828504,0.0034629752457683723,5.588399157710263,-0.021857536800310842,0.5583323240280151,0.15380768477916718,0.10380768775939941,0.7231347560882568,1.0,1,ROW_FOLLOW,,1.0,77.0,65.0,-0.27535170316696167,0.006778135895729065,0.0,0.2864615321159363,0.0,-0.27290526032447815,0.0,0.4206348955631256,0.5809522867202759,0.9305536150932312,0.9642874598503113,1.0,0.2380952388048172,0.7231347560882568,0.30000001192092896,0.20000000298023224,0.20000000298023224,0.15000000596046448,0.15000000596046448,1.0,1.0,1.0,1.0
complex_fixed_v018_r5,closed_loop,complex,full,1,0.18,False,21.223400866,1785051296.5169249,3.6364477919741716,0.03189828635897047,0.2436544429071699,0.1906031290139052,-0.07455122724009777,3.7808845888025817,0.18,-0.4116146302666285,20.0,3.6091131230189504,0.030539663440858542,4.613762413607788,0.0040010601804749656,5.541771238623948,-0.020536098864596137,0.5596558451652527,0.15388400852680206,0.1038840115070343,0.733001708984375,1.0,1,ROW_FOLLOW,,1.0,83.0,68.0,-0.2725013494491577,0.0027026087045669556,0.0,0.2836574912071228,0.0,-0.2782522737979889,0.0,0.452380895614624,0.5809522867202759,0.9327595829963684,0.9636335968971252,1.0,0.2380952388048172,0.733001708984375,0.30000001192092896,0.20000000298023224,0.20000000298023224,0.15000000596046448,0.15000000596046448,1.0,1.0,1.0,1.0
complex_fixed_v018_r5,closed_loop,complex,full,1,0.18,False,21.272874884,1785051296.5663986,3.639583647432534,0.03349460371970479,0.2397090587808565,0.17411528871733573,-0.09515933008580447,3.79513416522669,0.18,-0.41423264309043417,20.0,3.6091131230189504,0.030539663440858542,4.613762413607788,0.0040010601804749656,5.541771238623948,-0.020536098864596137,0.5596558451652527,0.15388400852680206,0.1038840115070343,0.733001708984375,1.0,1,ROW_FOLLOW,,1.0,83.0,68.0,-0.2725013494491577,0.0027026087045669556,0.0,0.2836574912071228,0.0,-0.2782522737979889,0.0,0.452380895614624,0.5809522867202759,0.9327595829963684,0.9636335968971252,1.0,0.2380952388048172,0.733001708984375,0.30000001192092896,0.20000000298023224,0.20000000298023224,0.15000000596046448,0.15000000596046448,1.0,1.0,1.0,1.0
complex_fixed_v018_r5,closed_loop,complex,full,1,0.18,False,21.325215262,1785051296.6187391,3.6483296149570554,0.0354556197155763,0.2357056703134925,0.174611895726363,-0.08687260606186883,3.8041775525984303,0.18,-0.42053798489228433,21.0,3.623934005650612,0.03043757090454537,4.6286018663010875,0.004666583621009753,5.621309283791529,-0.020137775302215014,0.561469554901123,0.15972726047039032,0.10972726345062256,0.757997989654541,1.0,1,ROW_FOLLOW,,1.0,82.0,59.0,-0.2599233090877533,-0.003219127655029297,0.0,0.27756285667419434,0.0,-0.28400111198425293,0.0,0.4920634627342224,0.6595237255096436,0.9357828497886658,0.9421178102493286,1.0,0.380952388048172,0.757997989654541,0.30000001192092896,0.20000000298023224,0.20000000298023224,0.15000000596046448,0.15000000596046448,1.0,1.0,1.0,1.0
complex_fixed_v018_r5,closed_loop,complex,full,1,0.18,False,21.372800392,1785051296.6663241,3.653271636517994,0.036653552889483444,0.23118555435541038,0.16412978096505562,-0.1022882029899965,3.816430048400075,0.18,-0.4183021145711159,21.0,3.623934005650612,0.03043757090454537,4.6286018663010875,0.004666583621009753,5.621309283791529,-0.020137775302215014,0.561469554901123,0.15972726047039032,0.10972726345062256,0.757997989654541,1.0,1,ROW_FOLLOW,,1.0,82.0,59.0,-0.2599233090877533,-0.003219127655029297,0.0,0.27756285667419434,0.0,-0.28400111198425293,0.0,0.4920634627342224,0.6595237255096436,0.9357828497886658,0.9421178102493286,1.0,0.380952388048172,0.757997989654541,0.30000001192092896,0.20000000298023224,0.20000000298023224,0.15000000596046448,0.15000000596046448,1.0,1.0,1.0,1.0
complex_fixed_v018_r5,closed_loop,complex,full,1,0.18,False,21.422988832,1785051296.7165127,3.661801201097975,0.038366265365821176,0.22402748702836336,0.16586373752553144,-0.13822839478070584,3.825282197450418,0.18,-0.41856332515919237,21.0,3.6402265630322486,0.029167556134250632,4.645003978714434,0.009992684583130367,5.646076803215864,-0.002254429530982583,0.5588625073432922,0.15176750719547272,0.10176751017570496,0.7468444108963013,1.0,1,ROW_FOLLOW,,1.0,77.0,72.0,-0.23404380679130554,-0.011842876672744751,0.0,0.2680075168609619,0.0,-0.2916932702064514,0.0,0.4761904776096344,0.6595237255096436,0.9314374327659607,0.9053001403808594,1.0,0.380952388048172,0.7468444108963013,0.30000001192092896,0.20000000298023224,0.20000000298023224,0.15000000596046448,0.15000000596046448,1.0,1.0,1.0,1.0
complex_fixed_v018_r5,closed_loop,complex,full,1,0.18,False,21.47310287,1785051296.7666268,3.6634952934435976,0.031299829308069675,0.21857092315578983,0.16878861775928908,-0.14840821122220388,3.83505073831308,0.18,-0.37993210014480433,21.0,3.6402265630322486,0.029167556134250632,4.645003978714434,0.009992684583130367,5.646076803215864,-0.002254429530982583,0.5588625073432922,0.15176750719547272,0.10176751017570496,0.7468444108963013,1.0,1,ROW_FOLLOW,,1.0,77.0,72.0,-0.23404380679130554,-0.011842876672744751,0.0,0.2680075168609619,0.0,-0.2916932702064514,0.0,0.4761904776096344,0.6595237255096436,0.9314374327659607,0.9053001403808594,1.0,0.380952388048172,0.7468444108963013,0.30000001192092896,0.20000000298023224,0.20000000298023224,0.15000000596046448,0.15000000596046448,1.0,1.0,1.0,1.0
complex_fixed_v018_r5,closed_loop,complex,full,1,0.18,False,21.522822208,1785051296.8163462,3.680419976071068,0.03480702328008165,0.20840301203532088,0.1720197224708521,-0.13841465309899728,3.8524526261508454,0.18,-0.3899483344044552,21.0,3.6551516765129186,0.022358971083968546,4.65505084479198,0.01427724101353404,5.654950010480147,0.006195511786771031,0.5633039474487305,0.15741156041622162,0.10741156339645386,0.7364108562469482,1.0,1,ROW_FOLLOW,,1.0,110.0,57.0,-0.20575618743896484,-0.02115088701248169,0.0,0.259554922580719,0.0,-0.3018566966056824,0.0,0.4365079402923584,0.6595237255096436,0.9388396739959717,0.9052382707595825,1.0,0.380952388048172,0.7364108562469482,0.30000001192092896,0.20000000298023224,0.20000000298023224,0.15000000596046448,0.15000000596046448,1.0,1.0,1.0,1.0
complex_fixed_v018_r5,closed_loop,complex,full,1,0.18,False,21.572782418,1785051296.8663063,3.6874725688677166,0.036016554868327035,0.2022470658958877,0.1718973315498179,-0.1600862706261153,3.8597120362465858,0.18,-0.3877273270803916,21.0,3.6551516765129186,0.022358971083968546,4.65505084479198,0.01427724101353404,5.654950010480147,0.006195511786771031,0.5633039474487305,0.15741156041622162,0.10741156339645386,0.7364108562469482,1.0,1,ROW_FOLLOW,,1.0,110.0,57.0,-0.20575618743896484,-0.02115088701248169,0.0,0.259554922580719,0.0,-0.3018566966056824,0.0,0.4365079402923584,0.6595237255096436,0.9388396739959717,0.9052382707595825,1.0,0.380952388048172,0.7364108562469482,0.30000001192092896,0.20000000298023224,0.20000000298023224,0.15000000596046448,0.15000000596046448,1.0,1.0,1.0,1.0
complex_fixed_v018_r5,closed_loop,complex,full,1,0.18,False,21.623359958,1785051296.916884,3.6992087876531876,0.04051571947905859,0.19277794814891752,0.1825836281685913,-0.16284428285416772,3.8728433550298775,0.18,-0.4127339833008139,19.0,3.6724828584361635,0.014361580204065172,4.572343868221099,0.022752715801158906,5.538843229641081,0.03308953707211878,0.5650954246520996,0.15654005110263824,0.10654005408287048,0.7287410497665405,1.0,1,ROW_FOLLOW,,1.0,85.0,63.0,-0.16716091334819794,-0.03260599821805954,0.0,0.24989791214466095,0.0,-0.31510990858078003,0.0,0.4444444179534912,0.6333332657814026,0.9418255090713501,0.8691728711128235,1.0,0.3333333432674408,0.7287410497665405,0.30000001192092896,0.20000000298023224,0.20000000298023224,0.15000000596046448,0.15000000596046448,1.0,1.0,1.0,1.0
complex_fixed_v018_r5,closed_loop,complex,full,1,0.18,False,21.67424618,1785051296.96777,3.707760938185489,0.0419760213610795,0.18560829351631813,0.18137256029259796,-0.17418400492784333,3.8815814037684064,0.18,-0.4118657552965443,19.0,3.6724828584361635,0.014361580204065172,4.572343868221099,0.022752715801158906,5.538843229641081,0.03308953707211878,0.5650954246520996,0.15654005110263824,0.10654005408287048,0.7287410497665405,1.0,1,ROW_FOLLOW,,1.0,85.0,63.0,-0.16716091334819794,-0.03260599821805954,0.0,0.24989791214466095,0.0,-0.31510990858078003,0.0,0.4444444179534912,0.6333332657814026,0.9418255090713501,0.8691728711128235,1.0,0.3333333432674408,0.7287410497665405,0.30000001192092896,0.20000000298023224,0.20000000298023224,0.15000000596046448,0.15000000596046448,1.0,1.0,1.0,1.0
complex_fixed_v018_r5,closed_loop,complex,full,1,0.18,False,21.723599523,1785051297.0171237,3.713346106377292,0.042608126434315066,0.17362570272623312,0.17906212245387687,-0.22930031610798876,3.887427647493307,0.18,-0.41572082164319396,21.0,3.6912369327254972,0.005806706913169293,4.690831428706852,0.030494307466380405,5.690307379494394,0.05046962650438602,0.5664851665496826,0.16006098687648773,0.11006098985671997,0.7294834852218628,1.0,1,ROW_FOLLOW,,1.0,94.0,55.0,-0.138703390955925,-0.04279971122741699,0.0,0.2406933307647705,0.0,-0.3262927532196045,0.0,0.4761904776096344,0.5809522867202759,0.9441418647766113,0.8773836493492126,1.0,0.2380952388048172,0.7294834852218628,0.30000001192092896,0.20000000298023224,0.20000000298023224,0.15000000596046448,0.15000000596046448,1.0,1.0,1.0,1.0
complex_fixed_v018_r5,closed_loop,complex,full,1,0.18,False,21.772845439,1785051297.0663693,3.7133805449444,0.042394359745866333,0.1642501413719861,0.17763628706758,-0.230193089622003,3.8876441710934366,0.18,-0.40071627868399645,21.0,3.6912369327254972,0.005806706913169293,4.690831428706852,0.030494307466380405,5.690307379494394,0.05046962650438602,0.5664851665496826,0.16006098687648773,0.11006098985671997,0.7294834852218628,1.0,1,ROW_FOLLOW,,1.0,94.0,55.0,-0.138703390955925,-0.04279971122741699,0.0,0.2406933307647705,0.0,-0.3262927532196045,0.0,0.4761904776096344,0.5809522867202759,0.9441418647766113,0.8773836493492126,1.0,0.2380952388048172,0.7294834852218628,0.30000001192092896,0.20000000298023224,0.20000000298023224,0.15000000596046448,0.15000000596046448,1.0,1.0,1.0,1.0
complex_fixed_v018_r5,closed_loop,complex,full,1,0.18,False,21.822766352,1785051297.1162903,3.741522742884224,0.04986635516304648,0.1489775849905706,0.203164826366977,-0.25790203024015906,3.917121206199095,0.18,-0.42689919689368794,20.0,3.7120603074332217,0.0005232265996826918,4.711291057417514,0.03905446241460329,5.6704900378190555,0.08210623207302184,0.5718932151794434,0.16360296308994293,0.11360296607017517,0.7151201963424683,1.0,1,ROW_FOLLOW,,1.0,89.0,56.0,-0.10726052522659302,-0.05235174298286438,0.0,0.23183873295783997,0.0,-0.3365422189235687,0.0,0.436507910490036,0.5547617673873901,0.945630669593811,0.8939288854598999,1.0,0.190476194024086,0.7151201963424683,0.30000001192092896,0.20000000298023224,0.20000000298023224,0.15000000596046448,0.15000000596046448,1.0,1.0,1.0,1.0
complex_fixed_v018_r5,closed_loop,complex,full,1,0.18,False,21.873837059,1785051297.167361,3.7502089613527008,0.05087295079662913,0.1382589326005883,0.1987707721706819,-0.27685253387632813,3.925958633716577,0.18,-0.42087349056965706,20.0,3.7120603074332217,0.0005232265996826918,4.711291057417514,0.03905446241460329,5.6704900378190555,0.08210623207302184,0.5718932151794434,0.16360296308994293,0.11360296607017517,0.7151201963424683,1.0,1,ROW_FOLLOW,,1.0,89.0,56.0,-0.10726052522659302,-0.05235174298286438,0.0,0.23183873295783997,0.0,-0.3365422189235687,0.0,0.436507910490036,0.5547617673873901,0.945630669593811,0.8939288854598999,1.0,0.190476194024086,0.7151201963424683,0.30000001192092896,0.20000000298023224,0.20000000298023224,0.15000000596046448,0.15000000596046448,1.0,1.0,1.0,1.0
complex_fixed_v018_r5,closed_loop,complex,full,1,0.18,False,21.923511404,1785051297.2170353,3.7678334355768133,0.054717310087622865,0.12018777276690512,0.20922910584435375,-0.3122873552421626,3.944342492331272,0.18,-0.4241554512808424,21.0,3.735760030988476,-0.004559324504785367,4.734576463511623,0.04349376128969159,5.733597292847973,0.09216687770846183,0.5739341974258423,0.16941912472248077,0.11941912770271301,0.7294095754623413,1.0,1,ROW_FOLLOW,,1.0,101.0,58.0,-0.06867679953575134,-0.0629330724477768,0.0,0.2222258746623993,0.0,-0.3480920195579529,0.0,0.460317462682724,0.5809522867202759,0.9490525126457214,0.9020888805389404,1.0,0.2380952388048172,0.7294095754623413,0.30000001192092896,0.20000000298023224,0.20000000298023224,0.15000000596046448,0.15000000596046448,1.0,1.0,1.0,1.0
complex_fixed_v018_r5,closed_loop,complex,full,1,0.18,False,21.972727271,1785051297.2662513,3.776688315743435,0.055190727671393394,0.10704081819450766,0.20244856374355438,-0.32912586152482215,3.9534324854071494,0.18,-0.4131203185599404,21.0,3.735760030988476,-0.004559324504785367,4.734576463511623,0.04349376128969159,5.733597292847973,0.09216687770846183,0.5739341974258423,0.16941912472248077,0.11941912770271301,0.7294095754623413,1.0,1,ROW_FOLLOW,,1.0,101.0,58.0,-0.06867679953575134,-0.0629330724477768,0.0,0.2222258746623993,0.0,-0.3480920195579529,0.0,0.460317462682724,0.5809522867202759,0.9490525126457214,0.9020888805389404,1.0,0.2380952388048172,0.7294095754623413,0.30000001192092896,0.20000000298023224,0.20000000298023224,0.15000000596046448,0.15000000596046448,1.0,1.0,1.0,1.0
complex_fixed_v018_r5,closed_loop,complex,full,1,0.18,False,22.023298668,1785051297.3168225,3.7775485805380535,0.054486318698931904,0.08624286412104665,0.19680707979135648,-0.3478795625635067,3.954812693032243,0.18,-0.37745117434988956,21.0,3.7595877711586336,-0.009140256220854535,4.758046115201997,0.04605210723761791,5.768264678936265,0.10671332707007776,0.5692234039306641,0.14480175077915192,0.09480175375938416,0.7133427858352661,1.0,1,ROW_FOLLOW,,1.0,98.0,58.0,-0.032144639641046524,-0.06961096078157425,0.0,0.21476130187511444,0.0,-0.35398322343826294,0.0,0.4047619104385376,0.5809522867202759,0.9487056732177734,0.9065510034561157,1.0,0.2380952388048172,0.7133427858352661,0.30000001192092896,0.20000000298023224,0.20000000298023224,0.15000000596046448,0.15000000596046448,1.0,1.0,1.0,1.0
complex_fixed_v018_r5,closed_loop,complex,full,1,0.18,False,22.072837361,1785051297.3663614,3.7940352377685675,0.061991048477379754,0.07235581665072832,0.20349661627292281,-0.34897702346630294,3.97430418394308,0.18,-0.4079401029741433,21.0,3.7595877711586336,-0.009140256220854535,4.758046115201997,0.04605210723761791,5.768264678936265,0.10671332707007776,0.5692234039306641,0.14480175077915192,0.09480175375938416,0.7133427858352661,1.0,1,ROW_FOLLOW,,1.0,98.0,58.0,-0.032144639641046524,-0.06961096078157425,0.0,0.21476130187511444,0.0,-0.35398322343826294,0.0,0.4047619104385376,0.5809522867202759,0.9487056732177734,0.9065510034561157,1.0,0.2380952388048172,0.7133427858352661,0.30000001192092896,0.20000000298023224,0.20000000298023224,0.15000000596046448,0.15000000596046448,1.0,1.0,1.0,1.0
complex_fixed_v018_r5,closed_loop,complex,full,1,0.18,False,22.123300146,1785051297.416824,3.803241896866892,0.061765718650141285,0.05139501188277018,0.19968141730616307,-0.36955853476179773,3.9839600693103026,0.18,-0.37682201290285167,21.0,3.780645225436606,-0.012207328138028975,4.778916352698659,0.04655398494176988,5.777187548672636,0.1053153075059328,0.5693686604499817,0.17107997834682465,0.12107998132705688,0.7371412515640259,1.0,1,ROW_FOLLOW,,1.0,97.0,67.0,-0.002209879457950592,-0.0748337060213089,0.0,0.20923852920532227,0.0,-0.35890594124794006,0.0,0.4761904776096344,0.5809522867202759,0.9489473700523376,0.9220279455184937,1.0,0.2380952388048172,0.7371412515640259,0.30000001192092896,0.20000000298023224,0.20000000298023224,0.15000000596046448,0.15000000596046448,1.0,1.0,1.0,1.0
complex_fixed_v018_r5,closed_loop,complex,full,1,0.18,False,22.173350502,1785051297.4668744,3.8059837581176152,0.06356561922385424,0.03599345062037296,0.18106655223715273,-0.37409042508222634,4.000564882663624,0.18,-0.36560343617374835,21.0,3.780645225436606,-0.012207328138028975,4.778916352698659,0.04655398494176988,5.777187548672636,0.1053153075059328,0.5693686604499817,0.17107997834682465,0.12107998132705688,0.7371412515640259,1.0,1,ROW_FOLLOW,,1.0,97.0,67.0,-0.002209879457950592,-0.0748337060213089,0.0,0.20923852920532227,0.0,-0.35890594124794006,0.0,0.4761904776096344,0.5809522867202759,0.9489473700523376,0.9220279455184937,1.0,0.2380952388048172,0.7371412515640259,0.30000001192092896,0.20000000298023224,0.20000000298023224,0.15000000596046448,0.15000000596046448,1.0,1.0,1.0,1.0
complex_fixed_v018_r5,closed_loop,complex,full,1,0.18,False,22.223044496,1785051297.5165684,3.814535431542089,0.0630034100505235,0.014840995878844248,0.18102318765792952,-0.3746373767077589,4.009568861550584,0.18,-0.3357899567476711,21.0,3.7965258737000873,-0.014006567624070538,4.794852102284074,0.04377727003498283,5.793178377851334,0.10156111072524936,0.5713202953338623,0.16726596653461456,0.1172659695148468,0.7379046678543091,1.0,1,ROW_FOLLOW,,1.0,97.0,61.0,0.03270469978451729,-0.07783346623182297,0.0,0.2059277445077896,0.0,-0.36159467697143555,0.0,0.4761904776096344,0.5809522867202759,0.9522008299827576,0.9227795600891113,1.0,0.2380952388048172,0.7379046678543091,0.30000001192092896,0.20000000298023224,0.20000000298023224,0.15000000596046448,0.15000000596046448,1.0,1.0,1.0,1.0
complex_fixed_v018_r5,closed_loop,complex,full,1,0.18,False,22.273643765,1785051297.5671678,3.81622591723406,0.0623211966312303,-0.0005797685700157374,0.18099686778126067,-0.3653978311888433,4.011703259952823,0.18,-0.3107043525622688,21.0,3.7965258737000873,-0.014006567624070538,4.794852102284074,0.04377727003498283,5.793178377851334,0.10156111072524936,0.5713202953338623,0.16726596653461456,0.1172659695148468,0.7379046678543091,1.0,1,ROW_FOLLOW,,1.0,97.0,61.0,0.03270469978451729,-0.07783346623182297,0.0,0.2059277445077896,0.0,-0.36159467697143555,0.0,0.4761904776096344,0.5809522867202759,0.9522008299827576,0.9227795600891113,1.0,0.2380952388048172,0.7379046678543091,0.30000001192092896,0.20000000298023224,0.20000000298023224,0.15000000596046448,0.15000000596046448,1.0,1.0,1.0,1.0
complex_fixed_v018_r5,closed_loop,complex,full,1,0.18,False,22.324587845,1785051297.6181118,3.8156807962160277,0.061532984998365015,-0.020485694344882344,0.17919388143211687,-0.30520595388372485,4.012760732612338,0.18,-0.2881927885127431,21.0,3.8094248323147153,-0.014712987388668044,4.80805045247524,0.03734446962583082,5.806676079982637,0.08940192780121976,0.5733075141906738,0.16583241522312164,0.11583241820335388,0.7310336828231812,1.0,1,ROW_FOLLOW,,1.0,79.0,66.0,0.05791306123137474,-0.07878206670284271,0.0,0.20605286955833435,0.0,-0.3636170029640198,0.0,0.444444477558136,0.5809522867202759,0.9555126428604126,0.9360488653182983,1.0,0.2380952388048172,0.7310336828231812,0.30000001192092896,0.20000000298023224,0.20000000298023224,0.15000000596046448,0.15000000596046448,1.0,1.0,1.0,1.0
complex_fixed_v018_r5,closed_loop,complex,full,1,0.18,False,22.372777697,1785051297.6663017,3.857140423593807,0.05440592154201982,-0.03164481893395133,0.2152472139254705,-0.28646201105910357,4.054997163666399,0.18,-0.16506711231015891,21.0,3.8094248323147153,-0.014712987388668044,4.80805045247524,0.03734446962583082,5.806676079982637,0.08940192780121976,0.5733075141906738,0.16583241522312164,0.11583241820335388,0.7310336828231812,1.0,1,ROW_FOLLOW,,1.0,79.0,66.0,0.05791306123137474,-0.07878206670284271,0.0,0.20605286955833435,0.0,-0.3636170029640198,0.0,0.444444477558136,0.5809522867202759,0.9555126428604126,0.9360488653182983,1.0,0.2380952388048172,0.7310336828231812,0.30000001192092896,0.20000000298023224,0.20000000298023224,0.15000000596046448,0.15000000596046448,1.0,1.0,1.0,1.0
complex_fixed_v018_r5,closed_loop,complex,full,1,0.18,False,22.423029275,1785051297.7165532,3.86581532663978,0.05343919880020393,-0.04805438951243258,0.2071430755369095,-0.27781203677466465,4.064053627360415,0.18,-0.2505225315400856,18.0,3.829774242409112,-0.017526271365471278,4.7338983541302815,0.02122284216073254,5.628078609866717,0.05840319326560581,0.5732721090316772,0.16523398458957672,0.11523398756980896,0.6818317174911499,1.0,1,ROW_FOLLOW,,1.0,68.0,61.0,0.0728788748383522,-0.07563066482543945,0.0,0.21028554439544678,0.0,-0.3615468740463257,0.0,0.2857142984867096,0.5547617673873901,0.9554535150527954,0.9604955315589905,1.0,0.190476194024086,0.6818317174911499,0.30000001192092896,0.20000000298023224,0.20000000298023224,0.15000000596046448,0.15000000596046448,1.0,1.0,1.0,1.0
complex_fixed_v018_r5,closed_loop,complex,full,1,0.18,False,22.474861254,1785051297.7683852,3.8773847853832275,0.03099211183261279,-0.0591738136967823,0.21621004942436728,-0.26757153216298546,4.092056534155777,0.18,-0.12014188166979628,18.0,3.829774242409112,-0.017526271365471278,4.7338983541302815,0.02122284216073254,5.628078609866717,0.05840319326560581,0.5732721090316772,0.16523398458957672,0.11523398756980896,0.6818317174911499,1.0,1,ROW_FOLLOW,,1.0,68.0,61.0,0.0728788748383522,-0.07563066482543945,0.0,0.21028554439544678,0.0,-0.3615468740463257,0.0,0.2857142984867096,0.5547617673873901,0.9554535150527954,0.9604955315589905,1.0,0.190476194024086,0.6818317174911499,0.30000001192092896,0.20000000298023224,0.20000000298023224,0.15000000596046448,0.15000000596046448,1.0,1.0,1.0,1.0
complex_fixed_v018_r5,closed_loop,complex,full,1,0.18,False,22.523190566,1785051297.8167145,3.8824687679772607,0.025000875011232784,-0.07734268383583534,0.20820777748639233,-0.3042816966525203,4.107940871645318,0.18,-0.13150222623525287,20.0,3.852880469961405,-0.027053311348121795,4.914029002975205,0.0035392002690151497,5.798610504906062,0.025523375589741507,0.5720523595809937,0.17155911028385162,0.12155911326408386,0.7012419700622559,1.0,1,ROW_FOLLOW,,1.0,69.0,61.0,0.08525756001472473,-0.07044462859630585,0.0,0.21595236659049988,0.0,-0.3568416237831116,0.0,0.3333333432674408,0.5809522867202759,0.9534206390380859,0.9624491930007935,1.0,0.2380952388048172,0.7012419700622559,0.30000001192092896,0.20000000298023224,0.20000000298023224,0.15000000596046448,0.15000000596046448,1.0,1.0,1.0,1.0
complex_fixed_v018_r5,closed_loop,complex,full,1,0.18,False,22.573431329,1785051297.8669553,3.8872445353767313,0.02170100916663935,-0.08971195760866028,0.20820777748639233,-0.2944859578341699,4.1139493757835295,0.18,-0.08880922888532916,20.0,3.852880469961405,-0.027053311348121795,4.914029002975205,0.0035392002690151497,5.798610504906062,0.025523375589741507,0.5720523595809937,0.17155911028385162,0.12155911326408386,0.7012419700622559,1.0,1,ROW_FOLLOW,,1.0,69.0,61.0,0.08525756001472473,-0.07044462859630585,0.0,0.21595236659049988,0.0,-0.3568416237831116,0.0,0.3333333432674408,0.5809522867202759,0.9534206390380859,0.9624491930007935,1.0,0.2380952388048172,0.7012419700622559,0.30000001192092896,0.20000000298023224,0.20000000298023224,0.15000000596046448,0.15000000596046448,1.0,1.0,1.0,1.0
complex_fixed_v018_r5,closed_loop,complex,full,1,0.18,False,22.624888192,1785051297.918412,3.897536039776683,0.03541633326814427,-0.10639676434192594,0.206408265572672,-0.2590571046768197,4.137875720523613,0.18,-0.17417647723478663,20.0,3.8760910502255506,-0.031143878511997028,4.937548808813401,-0.012773883001712222,5.884306410593396,-0.015098993644847519,0.5758838653564453,0.1762704998254776,0.12627050280570984,0.6931720972061157,1.0,1,ROW_FOLLOW,,1.0,84.0,69.0,0.1082608699798584,-0.0654015988111496,0.0,0.22157642245292664,0.0,-0.35237962007522583,0.0,0.30158731341362,0.5809522867202759,0.9598066210746765,0.9636270403862,1.0,0.2380952388048172,0.6931720972061157,0.30000001192092896,0.20000000298023224,0.20000000298023224,0.15000000596046448,0.15000000596046448,1.0,1.0,1.0,1.0
complex_fixed_v018_r5,closed_loop,complex,full,1,0.18,False,22.67333706,1785051297.966861,3.906243796946445,0.03417998574338487,-0.11752112440265708,0.20008059135376455,-0.2975830287325339,4.146765952038674,0.18,-0.1523534413910031,20.0,3.8760910502255506,-0.031143878511997028,4.937548808813401,-0.012773883001712222,5.884306410593396,-0.015098993644847519,0.5758838653564453,0.1762704998254776,0.12627050280570984,0.6931720972061157,1.0,1,ROW_FOLLOW,,1.0,84.0,69.0,0.1082608699798584,-0.0654015988111496,0.0,0.22157642245292664,0.0,-0.35237962007522583,0.0,0.30158731341362,0.5809522867202759,0.9598066210746765,0.9636270403862,1.0,0.2380952388048172,0.6931720972061157,0.30000001192092896,0.20000000298023224,0.20000000298023224,0.15000000596046448,0.15000000596046448,1.0,1.0,1.0,1.0
complex_fixed_v018_r5,closed_loop,complex,full,1,0.18,False,22.722787142,1785051298.016311,3.916383776038039,0.03507637302062365,-0.13384861911615656,0.20187433777732924,-0.27060253359655034,4.158302806485101,0.18,-0.1422922443252354,21.0,3.8925321464662317,-0.03247546487102733,4.925797877881458,-0.021045487345895873,5.9085973814903205,-0.0014425318000526183,0.5752446055412292,0.17170150578022003,0.12170150876045227,0.6890500783920288,1.0,1,ROW_FOLLOW,,1.0,70.0,69.0,0.14037734270095825,-0.06159155070781708,0.0,0.22602179646492004,0.0,-0.3492048978805542,0.0,0.2857142984867096,0.5809522867202759,0.9587409496307373,0.9693143963813782,1.0,0.2380952388048172,0.6890500783920288,0.30000001192092896,0.20000000298023224,0.20000000298023224,0.15000000596046448,0.15000000596046448,1.0,1.0,1.0,1.0
complex_fixed_v018_r5,closed_loop,complex,full,1,0.18,False,22.773874106,1785051298.067398,3.916370662981929,0.03498293352351058,-0.14500681172465688,0.19720232210465127,-0.2559424587951872,4.158397161988241,0.18,-0.12510319433574343,21.0,3.8925321464662317,-0.03247546487102733,4.925797877881458,-0.021045487345895873,5.9085973814903205,-0.0014425318000526183,0.5752446055412292,0.17170150578022003,0.12170150876045227,0.6890500783920288,1.0,1,ROW_FOLLOW,,1.0,70.0,69.0,0.14037734270095825,-0.06159155070781708,0.0,0.22602179646492004,0.0,-0.3492048978805542,0.0,0.2857142984867096,0.5809522867202759,0.9587409496307373,0.9693143963813782,1.0,0.2380952388048172,0.6890500783920288,0.30000001192092896,0.20000000298023224,0.20000000298023224,0.15000000596046448,0.15000000596046448,1.0,1.0,1.0,1.0
complex_fixed_v018_r5,closed_loop,complex,full,1,0.18,False,22.824130645,1785051298.1176546,3.934934815926789,0.03281733661785058,-0.16114291427548996,0.1967105807385921,-0.30633164469474533,4.17767440526847,0.18,-0.0708110585532361,20.0,3.9083152436592172,-0.025753113832492357,4.908276424863948,-0.01728631375896932,5.874906689094305,-0.009218505746877019,0.5777040719985962,0.17618297040462494,0.12618297338485718,0.6926432847976685,1.0,1,ROW_FOLLOW,,1.0,73.0,64.0,0.1616276204586029,-0.057004280388355255,0.0,0.23098020255565643,0.0,-0.34498876333236694,0.0,0.2936507761478424,0.5809522867202759,0.9628401398658752,0.9719303846359253,1.0,0.2380952388048172,0.6926432847976685,0.30000001192092896,0.20000000298023224,0.20000000298023224,0.15000000596046448,0.15000000596046448,1.0,1.0,1.0,1.0
complex_fixed_v018_r5,closed_loop,complex,full,1,0.18,False,22.873177708,1785051298.1667016,3.9474637697947306,0.031703833558442134,-0.1749272138917961,0.19340413971524628,-0.33446125204444593,4.190971981678433,0.18,-0.04354384088800539,20.0,3.9083152436592172,-0.025753113832492357,4.908276424863948,-0.01728631375896932,5.874906689094305,-0.009218505746877019,0.5777040719985962,0.17618297040462494,0.12618297338485718,0.6926432847976685,1.0,1,ROW_FOLLOW,,1.0,73.0,64.0,0.1616276204586029,-0.057004280388355255,0.0,0.23098020255565643,0.0,-0.34498876333236694,0.0,0.2936507761478424,0.5809522867202759,0.9628401398658752,0.9719303846359253,1.0,0.2380952388048172,0.6926432847976685,0.30000001192092896,0.20000000298023224,0.20000000298023224,0.15000000596046448,0.15000000596046448,1.0,1.0,1.0,1.0
complex_fixed_v018_r5,closed_loop,complex,full,1,0.18,False,22.923316131,1785051298.2168403,3.95624499294087,0.029673388030476738,-0.19369774683563756,0.19094260777445027,-0.29925979072780984,4.200206524149579,0.18,0.005494490623163247,21.0,3.927742830428397,-0.022785482751781754,4.927711136475482,-0.015850284056021676,5.928078137665512,-0.008438413531605776,0.5741105079650879,0.16050447523593903,0.11050447821617126,0.6889301538467407,1.0,1,ROW_FOLLOW,,1.0,80.0,64.0,0.19015206396579742,-0.051737137138843536,0.0,0.2361101657152176,0.0,-0.33958443999290466,0.0,0.2857142984867096,0.5809522867202759,0.9568507075309753,0.971034824848175,1.0,0.2380952388048172,0.6889301538467407,0.30000001192092896,0.20000000298023224,0.20000000298023224,0.15000000596046448,0.15000000596046448,1.0,1.0,1.0,1.0
complex_fixed_v018_r5,closed_loop,complex,full,1,0.18,False,22.972984076,1785051298.266508,3.956573484318824,0.027410948928910894,-0.2054938066805212,0.18946877198412176,-0.29295228574800464,4.218887190839219,0.18,0.04413654259545555,21.0,3.927742830428397,-0.022785482751781754,4.927711136475482,-0.015850284056021676,5.928078137665512,-0.008438413531605776,0.5741105079650879,0.16050447523593903,0.11050447821617126,0.6889301538467407,1.0,1,ROW_FOLLOW,,1.0,80.0,64.0,0.19015206396579742,-0.051737137138843536,0.0,0.2361101657152176,0.0,-0.33958443999290466,0.0,0.2857142984867096,0.5809522867202759,0.9568507075309753,0.971034824848175,1.0,0.2380952388048172,0.6889301538467407,0.30000001192092896,0.20000000298023224,0.20000000298023224,0.15000000596046448,0.15000000596046448,1.0,1.0,1.0,1.0
complex_fixed_v018_r5,closed_loop,complex,full,1,0.18,False,23.023084482,1785051298.3166084,3.9648397091164176,0.025293661351672263,-0.22110128492861544,0.1785022291951896,-0.23296468546094612,4.227605009674639,0.18,0.09083124460023143,20.0,3.9436687291801404,-0.020560936360836845,4.948660820632072,-0.017863150639709932,5.910319711669065,-0.015236667032141252,0.5764623284339905,0.175345316529274,0.12534531950950623,0.7031038999557495,1.0,1,ROW_FOLLOW,,1.0,67.0,75.0,0.2156267762184143,-0.04601850360631943,0.0,0.24199755489826202,0.0,-0.3340345621109009,0.0,0.3333333432674408,0.5809522867202759,0.9607705473899841,0.9650620222091675,1.0,0.2380952388048172,0.7031038999557495,0.30000001192092896,0.20000000298023224,0.20000000298023224,0.15000000596046448,0.15000000596046448,1.0,1.0,1.0,1.0
complex_fixed_v018_r5,closed_loop,complex,full,1,0.18,False,23.073325469,1785051298.3668494,3.971107707655855,0.023533149123918885,-0.22798229476028897,0.17862072149094024,-0.1731321246722442,4.234235521559139,0.18,0.10178613911777604,20.0,3.9436687291801404,-0.020560936360836845,4.948660820632072,-0.017863150639709932,5.910319711669065,-0.015236667032141252,0.5764623284339905,0.175345316529274,0.12534531950950623,0.7031038999557495,1.0,1,ROW_FOLLOW,,1.0,67.0,75.0,0.2156267762184143,-0.04601850360631943,0.0,0.24199755489826202,0.0,-0.3340345621109009,0.0,0.3333333432674408,0.5809522867202759,0.9607705473899841,0.9650620222091675,1.0,0.2380952388048172,0.7031038999557495,0.30000001192092896,0.20000000298023224,0.20000000298023224,0.15000000596046448,0.15000000596046448,1.0,1.0,1.0,1.0
complex_fixed_v018_r5,closed_loop,complex,full,1,0.18,False,23.122919908,1785051298.4164438,3.9717234351671626,0.023014043359273106,-0.23742864149136797,0.17925177723918892,-0.1441059802800216,4.235142417187224,0.18,0.1400637710516356,21.0,3.958343645627389,-0.018419933300890094,4.963341187106919,-0.018897529285601858,5.959249153974242,-0.01896598824665211,0.5761241912841797,0.1743151694536209,0.12431517243385315,0.7016949653625488,1.0,1,ROW_FOLLOW,,1.0,71.0,70.0,0.23136137425899506,-0.0397806316614151,0.0,0.24810802936553955,0.0,-0.32766929268836975,0.0,0.3333333432674408,0.5809522867202759,0.9602072834968567,0.9564205408096313,1.0,0.2380952388048172,0.7016949653625488,0.30000001192092896,0.20000000298023224,0.20000000298023224,0.15000000596046448,0.15000000596046448,1.0,1.0,1.0,1.0
complex_fixed_v018_r5,closed_loop,complex,full,1,0.18,False,23.17302473,1785051298.4665487,3.9821905806338793,0.019297043193563637,-0.24257664022404066,0.14527636659758278,-0.12065660116412177,4.246503821431571,0.18,0.15396230508593,21.0,3.958343645627389,-0.018419933300890094,4.963341187106919,-0.018897529285601858,5.959249153974242,-0.01896598824665211,0.5761241912841797,0.1743151694536209,0.12431517243385315,0.7016949653625488,1.0,1,ROW_FOLLOW,,1.0,71.0,70.0,0.23136137425899506,-0.0397806316614151,0.0,0.24810802936553955,0.0,-0.32766929268836975,0.0,0.3333333432674408,0.5809522867202759,0.9602072834968567,0.9564205408096313,1.0,0.2380952388048172,0.7016949653625488,0.30000001192092896,0.20000000298023224,0.20000000298023224,0.15000000596046448,0.15000000596046448,1.0,1.0,1.0,1.0
complex_fixed_v018_r5,closed_loop,complex,full,1,0.18,False,23.225630365,1785051298.5191545,3.99088771163199,0.01686881419766836,-0.24808233604407925,0.15164258490747612,-0.0682253677485975,4.255644937191988,0.18,0.18560605139533068,20.0,3.9698261694841896,-0.01648939832099768,4.979820772080714,-0.01937246959961195,5.936482320821024,-0.02209874497524437,0.5751227140426636,0.1729765385389328,0.12297654151916504,0.7014659643173218,1.0,1,ROW_FOLLOW,,1.0,72.0,73.0,0.2418334037065506,-0.033585309982299805,0.0,0.25408077239990234,0.0,-0.32125139236450195,0.0,0.3333333432674408,0.5809522867202759,0.9585375785827637,0.9571197032928467,1.0,0.2380952388048172,0.7014659643173218,0.30000001192092896,0.20000000298023224,0.20000000298023224,0.15000000596046448,0.15000000596046448,1.0,1.0,1.0,1.0
complex_fixed_v018_r5,closed_loop,complex,full,1,0.18,False,23.272794042,1785051298.566318,3.9870975839720035,0.016935911857865218,-0.2507758959283351,0.12415471908309869,-0.05066283990253259,4.269665687968058,0.18,0.1946118772594535,20.0,3.9698261694841896,-0.01648939832099768,4.979820772080714,-0.01937246959961195,5.936482320821024,-0.02209874497524437,0.5751227140426636,0.1729765385389328,0.12297654151916504,0.7014659643173218,1.0,1,ROW_FOLLOW,,1.0,72.0,73.0,0.2418334037065506,-0.033585309982299805,0.0,0.25408077239990234,0.0,-0.32125139236450195,0.0,0.3333333432674408,0.5809522867202759,0.9585375785827637,0.9571197032928467,1.0,0.2380952388048172,0.7014659643173218,0.30000001192092896,0.20000000298023224,0.20000000298023224,0.15000000596046448,0.15000000596046448,1.0,1.0,1.0,1.0
complex_fixed_v018_r5,closed_loop,complex,full,1,0.18,False,23.323071157,1785051298.6165953,3.9929096832144597,0.014583969072115028,-0.2534026921679619,0.12415471908309869,-0.053194677699047906,4.2759391391987585,0.18,0.2257301858500666,20.0,3.9811599718522728,-0.01424824055333779,4.986154093492743,-0.017504590930115967,5.947815147918895,-0.020611448895814684,0.576654314994812,0.17597778141498566,0.1259777843952179,0.6903423070907593,1.0,1,ROW_FOLLOW,,1.0,75.0,66.0,0.25076380372047424,-0.027515828609466553,0.0,0.26021063327789307,0.0,-0.31524229049682617,0.0,0.2936507761478424,0.5809522867202759,0.9610904455184937,0.9589234590530396,1.0,0.2380952388048172,0.6903423070907593,0.30000001192092896,0.20000000298023224,0.20000000298023224,0.15000000596046448,0.15000000596046448,1.0,1.0,1.0,1.0
complex_fixed_v018_r5,closed_loop,complex,full,1,0.18,False,23.372850018,1785051298.666374,3.9953935510661367,0.013544561338984335,-0.2556846566381923,0.12415471908309869,-0.06522241111274395,4.2786550593151205,0.18,0.23281455334000373,20.0,3.9811599718522728,-0.01424824055333779,4.986154093492743,-0.017504590930115967,5.947815147918895,-0.020611448895814684,0.576654314994812,0.17597778141498566,0.1259777843952179,0.6903423070907593,1.0,1,ROW_FOLLOW,,1.0,75.0,66.0,0.25076380372047424,-0.027515828609466553,0.0,0.26021063327789307,0.0,-0.31524229049682617,0.0,0.2936507761478424,0.5809522867202759,0.9610904455184937,0.9589234590530396,1.0,0.2380952388048172,0.6903423070907593,0.30000001192092896,0.20000000298023224,0.20000000298023224,0.15000000596046448,0.15000000596046448,1.0,1.0,1.0,1.0
complex_fixed_v018_r5,closed_loop,complex,full,1,0.18,False,23.422921783,1785051298.7164457,4.010411046392159,0.010393134790748597,-0.25847559273694776,0.1322804141602857,-0.04782897327595598,4.2940834197746875,0.18,0.2620066370196472,19.0,3.9892460965850525,-0.01122441529969498,4.889231890352696,-0.01571422244341208,5.922548316720132,-0.020980123872594403,0.574515163898468,0.17282690107822418,0.12282690405845642,0.672856330871582,1.0,1,ROW_FOLLOW,,1.0,70.0,71.0,0.2492600977420807,-0.020841345191001892,0.0,0.2668222486972809,0.0,-0.30850493907928467,0.0,0.2380952388048172,0.5809522867202759,0.9575256109237671,0.9582141637802124,1.0,0.2380952388048172,0.672856330871582,0.30000001192092896,0.20000000298023224,0.20000000298023224,0.15000000596046448,0.15000000596046448,1.0,1.0,1.0,1.0
complex_fixed_v018_r5,closed_loop,complex,full,1,0.18,False,23.473946634,1785051298.7674706,4.019931471350476,0.007832887568381706,-0.2594128769054612,0.14107223554949933,-0.027052324361583564,4.303950722021941,0.18,0.26346007412392525,19.0,3.9892460965850525,-0.01122441529969498,4.889231890352696,-0.01571422244341208,5.922548316720132,-0.020980123872594403,0.574515163898468,0.17282690107822418,0.12282690405845642,0.672856330871582,1.0,1,ROW_FOLLOW,,1.0,70.0,71.0,0.2492600977420807,-0.020841345191001892,0.0,0.2668222486972809,0.0,-0.30850493907928467,0.0,0.2380952388048172,0.5809522867202759,0.9575256109237671,0.9582141637802124,1.0,0.2380952388048172,0.672856330871582,0.30000001192092896,0.20000000298023224,0.20000000298023224,0.15000000596046448,0.15000000596046448,1.0,1.0,1.0,1.0
complex_fixed_v018_r5,closed_loop,complex,full,1,0.18,False,23.522863932,1785051298.816388,4.027151402343912,0.0058657846426905785,-0.26004119286715965,0.1509582128052043,-0.012086078708367495,4.311446102325961,0.18,0.29769064519115507,20.0,4.001842039603948,-0.008630833600447746,5.001816706365157,-0.01500891054612801,6.005117992147046,-0.020098601555381124,0.5722916722297668,0.16500113904476166,0.1150011420249939,0.6885080337524414,1.0,1,ROW_FOLLOW,,1.0,69.0,70.0,0.25104328989982605,-0.014400959014892578,0.0,0.27289700508117676,0.0,-0.3016989231109619,0.0,0.2936508059501648,0.5809522867202759,0.9538194537162781,0.9563893675804138,1.0,0.2380952388048172,0.6885080337524414,0.30000001192092896,0.20000000298023224,0.20000000298023224,0.15000000596046448,0.15000000596046448,1.0,1.0,1.0,1.0
complex_fixed_v018_r5,closed_loop,complex,full,1,0.18,False,23.572846223,1785051298.86637,4.0403418308,-0.0007530545265835818,-0.26102482238441743,0.16118828424571757,-0.015582955095312517,4.3266938147824145,0.18,0.32899746564765037,20.0,4.001842039603948,-0.008630833600447746,5.001816706365157,-0.01500891054612801,6.005117992147046,-0.020098601555381124,0.5722916722297668,0.16500113904476166,0.1150011420249939,0.6885080337524414,1.0,1,ROW_FOLLOW,,1.0,69.0,70.0,0.25104328989982605,-0.014400959014892578,0.0,0.27289700508117676,0.0,-0.3016989231109619,0.0,0.2936508059501648,0.5809522867202759,0.9538194537162781,0.9563893675804138,1.0,0.2380952388048172,0.6885080337524414,0.30000001192092896,0.20000000298023224,0.20000000298023224,0.15000000596046448,0.15000000596046448,1.0,1.0,1.0,1.0
complex_fixed_v018_r5,closed_loop,complex,full,1,0.18,False,23.622823137,1785051298.916347,4.049291823336659,-0.00318641775686547,-0.26248573721085405,0.1654732935387031,-0.020463476546453373,4.335994615720852,0.18,0.3392949604458888,21.0,4.01842208287837,-0.007759377329588177,5.018383670552325,-0.016534555959829358,6.0401780206228715,-0.027477822620600993,0.5712936520576477,0.1670471578836441,0.11704716086387634,0.7006140947341919,1.0,1,ROW_FOLLOW,,1.0,65.0,79.0,0.2528930604457855,-0.008602291345596313,0.0,0.27811145782470703,0.0,-0.29531604051589966,0.0,0.3333333432674408,0.5809522867202759,0.9521562457084656,0.9599496722221375,1.0,0.2380952388048172,0.7006140947341919,0.30000001192092896,0.20000000298023224,0.20000000298023224,0.15000000596046448,0.15000000596046448,1.0,1.0,1.0,1.0
complex_fixed_v018_r5,closed_loop,complex,full,1,0.18,False,23.67287295,1785051298.966397,4.060008020417677,-0.006241425028482267,-0.26326839836652777,0.17211567616240095,-0.020405304760096055,4.347149593332686,0.18,0.36283351345317066,21.0,4.01842208287837,-0.007759377329588177,5.018383670552325,-0.016534555959829358,6.0401780206228715,-0.027477822620600993,0.5712936520576477,0.1670471578836441,0.11704716086387634,0.7006140947341919,1.0,1,ROW_FOLLOW,,1.0,65.0,79.0,0.2528930604457855,-0.008602291345596313,0.0,0.27811145782470703,0.0,-0.29531604051589966,0.0,0.3333333432674408,0.5809522867202759,0.9521562457084656,0.9599496722221375,1.0,0.2380952388048172,0.7006140947341919,0.30000001192092896,0.20000000298023224,0.20000000298023224,0.15000000596046448,0.15000000596046448,1.0,1.0,1.0,1.0
complex_fixed_v018_r5,closed_loop,complex,full,1,0.18,False,23.722823112,1785051299.0163472,4.068814541607126,-0.008614785413799014,-0.2633435417675699,0.17435633990567376,-0.025833845119590332,4.356287704136723,0.18,0.3785295729308087,21.0,4.040018235889252,-0.008482485595943728,5.039988258288548,-0.01591529168390779,6.050077578272962,-0.022778339975271702,0.5731964111328125,0.1720539778470993,0.12205398082733154,0.7011642456054688,1.0,1,ROW_FOLLOW,,1.0,60.0,76.0,0.25870007276535034,-0.0032619088888168335,0.0,0.28339439630508423,0.0,-0.2899182140827179,0.0,0.3333333432674408,0.5809522867202759,0.9553269743919373,0.9593894481658936,1.0,0.2380952388048172,0.7011642456054688,0.30000001192092896,0.20000000298023224,0.20000000298023224,0.15000000596046448,0.15000000596046448,1.0,1.0,1.0,1.0
complex_fixed_v018_r5,closed_loop,complex,full,1,0.18,False,23.775050847,1785051299.0685747,4.070750777560771,-0.009150168381570414,-0.2639460865381596,0.17688885401437351,-0.01764731701990587,4.3583131939398205,0.18,0.3817672250055516,21.0,4.040018235889252,-0.008482485595943728,5.039988258288548,-0.01591529168390779,6.050077578272962,-0.022778339975271702,0.5731964111328125,0.1720539778470993,0.12205398082733154,0.7011642456054688,1.0,1,ROW_FOLLOW,,1.0,60.0,76.0,0.25870007276535034,-0.0032619088888168335,0.0,0.28339439630508423,0.0,-0.2899182140827179,0.0,0.3333333432674408,0.5809522867202759,0.9553269743919373,0.9593894481658936,1.0,0.2380952388048172,0.7011642456054688,0.30000001192092896,0.20000000298023224,0.20000000298023224,0.15000000596046448,0.15000000596046448,1.0,1.0,1.0,1.0
complex_fixed_v018_r5,closed_loop,complex,full,1,0.18,False,23.823056598,1785051299.1165807,4.081964632457357,-0.009620274923911765,-0.26424927254801023,0.17509323802672577,0.0006347795627913063,4.370450699373841,0.18,0.3894452878177048,20.0,4.057858930011734,-0.008301294502344741,5.062836802967339,-0.01468369998268479,5.991149885192939,-0.020564118040303673,0.5720067620277405,0.17101044952869415,0.12101045250892639,0.6924161911010742,1.0,1,ROW_FOLLOW,,1.0,71.0,78.0,0.25846460461616516,0.001250043511390686,0.0,0.2874053418636322,0.0,-0.28490525484085083,0.0,0.30158731341362,0.5809522867202759,0.9533448219299316,0.9672037959098816,1.0,0.2380952388048172,0.6924161911010742,0.30000001192092896,0.20000000298023224,0.20000000298023224,0.15000000596046448,0.15000000596046448,1.0,1.0,1.0,1.0
complex_fixed_v018_r5,closed_loop,complex,full,1,0.18,False,23.872993703,1785051299.1665177,4.090477107248992,-0.011896331770642577,-0.26374998244131365,0.1768914371195884,0.012578315419975745,4.3792713261527565,0.18,0.3988351096956796,20.0,4.057858930011734,-0.008301294502344741,5.062836802967339,-0.01468369998268479,5.991149885192939,-0.020564118040303673,0.5720067620277405,0.17101044952869415,0.12101045250892639,0.6924161911010742,1.0,1,ROW_FOLLOW,,1.0,71.0,78.0,0.25846460461616516,0.001250043511390686,0.0,0.2874053418636322,0.0,-0.28490525484085083,0.0,0.30158731341362,0.5809522867202759,0.9533448219299316,0.9672037959098816,1.0,0.2380952388048172,0.6924161911010742,0.30000001192092896,0.20000000298023224,0.20000000298023224,0.15000000596046448,0.15000000596046448,1.0,1.0,1.0,1.0
complex_fixed_v018_r5,closed_loop,complex,full,1,0.18,False,23.922789013,1785051299.216313,4.090529822968615,-0.011878140658952705,-0.2631358148455724,0.17889756887973118,0.006492303381289514,4.379336420290981,0.18,0.4095134271697273,21.0,4.074612223222313,-0.007153720473119262,5.0795965436816095,-0.012710840638138413,6.075226890533375,-0.018581136747161484,0.5703761577606201,0.16908849775791168,0.11908850073814392,0.6917273998260498,1.0,1,ROW_FOLLOW,,1.0,57.0,76.0,0.2567027509212494,0.0059560686349868774,0.0,0.2913318872451782,0.0,-0.27941974997520447,0.0,0.2857142984867096,0.6071427464485168,0.9506270289421082,0.9630610346794128,1.0,0.2857142984867096,0.6917273998260498,0.30000001192092896,0.20000000298023224,0.20000000298023224,0.15000000596046448,0.15000000596046448,1.0,1.0,1.0,1.0
complex_fixed_v018_r5,closed_loop,complex,full,1,0.18,False,23.972844138,1785051299.266368,4.0905324451957314,-0.011868352164990664,-0.2627626725067027,0.1798876239105646,0.004956206289315825,4.379346553932478,0.18,0.4086902844607251,21.0,4.074612223222313,-0.007153720473119262,5.0795965436816095,-0.012710840638138413,6.075226890533375,-0.018581136747161484,0.5703761577606201,0.16908849775791168,0.11908850073814392,0.6917273998260498,1.0,1,ROW_FOLLOW,,1.0,57.0,76.0,0.2567027509212494,0.0059560686349868774,0.0,0.2913318872451782,0.0,-0.27941974997520447,0.0,0.2857142984867096,0.6071427464485168,0.9506270289421082,0.9630610346794128,1.0,0.2857142984867096,0.6917273998260498,0.30000001192092896,0.20000000298023224,0.20000000298023224,0.15000000596046448,0.15000000596046448,1.0,1.0,1.0,1.0
complex_fixed_v018_r5,closed_loop,complex,full,1,0.18,False,24.022870526,1785051299.3163946,4.090570334666367,-0.011811730308929898,-0.26121905628202086,0.18001431952076052,0.018713580052270695,4.37942150170741,0.18,0.4202928215367075,19.0,4.084820245880145,-0.004495289661223472,4.984800316442555,-0.010461257091258227,5.984778019823314,-0.017123898158812694,0.5681910514831543,0.1690668910741806,0.11906689405441284,0.6705529689788818,1.0,1,ROW_FOLLOW,,1.0,63.0,75.0,0.25410401821136475,0.010304704308509827,0.0,0.2951589822769165,0.0,-0.27454957365989685,0.0,0.2460317313671112,0.5547617673873901,0.9469849467277527,0.9759606719017029,1.0,0.190476194024086,0.6705529689788818,0.30000001192092896,0.20000000298023224,0.20000000298023224,0.15000000596046448,0.15000000596046448,1.0,1.0,1.0,1.0
complex_fixed_v018_r5,closed_loop,complex,full,1,0.18,False,24.072863185,1785051299.3663871,4.123770929579502,-0.0206529357359524,-0.2600190996243868,0.17019184600147264,0.04311812604053557,4.41378991305148,0.18,0.4618696522181329,19.0,4.084820245880145,-0.004495289661223472,4.984800316442555,-0.010461257091258227,5.984778019823314,-0.017123898158812694,0.5681910514831543,0.1690668910741806,0.11906689405441284,0.6705529689788818,1.0,1,ROW_FOLLOW,,1.0,63.0,75.0,0.25410401821136475,0.010304704308509827,0.0,0.2951589822769165,0.0,-0.27454957365989685,0.0,0.2460317313671112,0.5547617673873901,0.9469849467277527,0.9759606719017029,1.0,0.190476194024086,0.6705529689788818,0.30000001192092896,0.20000000298023224,0.20000000298023224,0.15000000596046448,0.15000000596046448,1.0,1.0,1.0,1.0
complex_fixed_v018_r5,closed_loop,complex,full,1,0.18,False,24.1229754,1785051299.4164994,4.132514839494091,-0.02287153047117761,-0.25707483600997527,0.1726959690151028,0.054795023903112215,4.422876093919172,0.18,0.470816431070588,20.0,4.101678991917391,-0.004486864083720789,5.101651113481831,-0.011940961862397159,6.057154977202189,-0.020410964851697994,0.5671413540840149,0.16534559428691864,0.11534559726715088,0.7005612850189209,1.0,1,ROW_FOLLOW,,1.0,72.0,80.0,0.2502541244029999,0.014616549015045166,0.0,0.2989250421524048,0.0,-0.26969194412231445,0.0,0.3333333432674408,0.5809522867202759,0.945235550403595,0.9688248634338379,1.0,0.2380952388048172,0.7005612850189209,0.30000001192092896,0.20000000298023224,0.20000000298023224,0.15000000596046448,0.15000000596046448,1.0,1.0,1.0,1.0
complex_fixed_v018_r5,closed_loop,complex,full,1,0.18,False,24.173342983,1785051299.466867,4.132986269055441,-0.02288261053619968,-0.2542562150606576,0.17470261037759566,0.07568173973536607,4.423412545453079,0.18,0.4645452838746608,20.0,4.101678991917391,-0.004486864083720789,5.101651113481831,-0.011940961862397159,6.057154977202189,-0.020410964851697994,0.5671413540840149,0.16534559428691864,0.11534559726715088,0.7005612850189209,1.0,1,ROW_FOLLOW,,1.0,72.0,80.0,0.2502541244029999,0.014616549015045166,0.0,0.2989250421524048,0.0,-0.26969194412231445,0.0,0.3333333432674408,0.5809522867202759,0.945235550403595,0.9688248634338379,1.0,0.2380952388048172,0.7005612850189209,0.30000001192092896,0.20000000298023224,0.20000000298023224,0.15000000596046448,0.15000000596046448,1.0,1.0,1.0,1.0
complex_fixed_v018_r5,closed_loop,complex,full,1,0.18,False,24.222841515,1785051299.5163655,4.1328361075593065,-0.02266245630488954,-0.24916042410941233,0.17628167626271252,0.09939526016561799,4.423717629345963,0.18,0.4599384185724343,21.0,4.115853588864467,-0.00419025460729953,5.1158322354511725,-0.010126062473009909,6.133039522336843,-0.009083788727286449,0.5664603114128113,0.1680728644132614,0.11807286739349365,0.7012462615966797,1.0,1,ROW_FOLLOW,,1.0,47.0,82.0,0.24912872910499573,0.01776154339313507,0.0,0.3018209934234619,0.0,-0.2662979066371918,0.0,0.3333333432674408,0.5809522867202759,0.9441004991531372,0.9749046564102173,1.0,0.2380952388048172,0.7012462615966797,0.30000001192092896,0.20000000298023224,0.20000000298023224,0.15000000596046448,0.15000000596046448,1.0,1.0,1.0,1.0
complex_fixed_v018_r5,closed_loop,complex,full,1,0.18,False,24.272809438,1785051299.5663335,4.132862063472537,-0.022558000922104134,-0.2452235023556822,0.17628776706981253,0.11490482181644351,4.423825261346358,0.18,0.45356960904888605,21.0,4.115853588864467,-0.00419025460729953,5.1158322354511725,-0.010126062473009909,6.133039522336843,-0.009083788727286449,0.5664603114128113,0.1680728644132614,0.11807286739349365,0.7012462615966797,1.0,1,ROW_FOLLOW,,1.0,47.0,82.0,0.24912872910499573,0.01776154339313507,0.0,0.3018209934234619,0.0,-0.2662979066371918,0.0,0.3333333432674408,0.5809522867202759,0.9441004991531372,0.9749046564102173,1.0,0.2380952388048172,0.7012462615966797,0.30000001192092896,0.20000000298023224,0.20000000298023224,0.15000000596046448,0.15000000596046448,1.0,1.0,1.0,1.0
complex_fixed_v018_r5,closed_loop,complex,full,1,0.18,False,24.323123707,1785051299.6166477,4.13262440031855,-0.022195672191280998,-0.23757647436154397,0.17629695763734535,0.14767678591048836,4.42428761609173,0.18,0.44308377547097,21.0,4.129944870621707,-0.0036965216329902205,5.129923609833354,-0.009620208251904818,6.132937993162935,-0.012117678253894981,0.5673396587371826,0.1673547476530075,0.11735475063323975,0.7004996538162231,1.0,1,ROW_FOLLOW,,1.0,64.0,69.0,0.23271633684635162,0.02230226993560791,0.0,0.3065088391304016,0.0,-0.2619042992591858,0.0,0.3333333432674408,0.5809522867202759,0.9455662965774536,0.9679725170135498,1.0,0.2380952388048172,0.7004996538162231,0.30000001192092896,0.20000000298023224,0.20000000298023224,0.15000000596046448,0.15000000596046448,1.0,1.0,1.0,1.0
complex_fixed_v018_r5,closed_loop,complex,full,1,0.18,False,24.373575708,1785051299.6670997,4.174249529044654,-0.04069353551643532,-0.23164376150212632,0.16379219132620332,0.14325572161854117,4.470104538912993,0.18,0.5399186856779468,21.0,4.129944870621707,-0.0036965216329902205,5.129923609833354,-0.009620208251904818,6.132937993162935,-0.012117678253894981,0.5673396587371826,0.1673547476530075,0.11735475063323975,0.7004996538162231,1.0,1,ROW_FOLLOW,,1.0,64.0,69.0,0.23271633684635162,0.02230226993560791,0.0,0.3065088391304016,0.0,-0.2619042992591858,0.0,0.3333333432674408,0.5809522867202759,0.9455662965774536,0.9679725170135498,1.0,0.2380952388048172,0.7004996538162231,0.30000001192092896,0.20000000298023224,0.20000000298023224,0.15000000596046448,0.15000000596046448,1.0,1.0,1.0,1.0
complex_fixed_v018_r5,closed_loop,complex,full,1,0.18,False,24.4238702,1785051299.717394,4.18287245886564,-0.04236836979319374,-0.22292410590991185,0.1668068279863033,0.1421506300052327,4.4790649799750994,0.18,0.5199781055907337,20.0,4.146893552870329,-0.00608647740842317,5.151833375181448,-0.015100918210382725,6.080109126856155,-0.023624031449923633,0.5688380599021912,0.1701519638299942,0.12015196681022644,0.6908880472183228,1.0,1,ROW_FOLLOW,,1.0,51.0,76.0,0.20869378745555878,0.027419567108154297,0.0,0.3117707669734955,0.0,-0.2569316327571869,0.0,0.30158731341362,0.5809522867202759,0.9480632543563843,0.9640581011772156,1.0,0.2380952388048172,0.6908880472183228,0.30000001192092896,0.20000000298023224,0.20000000298023224,0.15000000596046448,0.15000000596046448,1.0,1.0,1.0,1.0
complex_fixed_v018_r5,closed_loop,complex,full,1,0.18,False,24.472780811,1785051299.7663047,4.196798974947885,-0.04223129291228258,-0.21621648882155226,0.18619300100929836,0.16097545745473504,4.493533867234401,0.18,0.4831625092208523,20.0,4.146893552870329,-0.00608647740842317,5.151833375181448,-0.015100918210382725,6.080109126856155,-0.023624031449923633,0.5688380599021912,0.1701519638299942,0.12015196681022644,0.6908880472183228,1.0,1,ROW_FOLLOW,,1.0,51.0,76.0,0.20869378745555878,0.027419567108154297,0.0,0.3117707669734955,0.0,-0.2569316327571869,0.0,0.30158731341362,0.5809522867202759,0.9480632543563843,0.9640581011772156,1.0,0.2380952388048172,0.6908880472183228,0.30000001192092896,0.20000000298023224,0.20000000298023224,0.15000000596046448,0.15000000596046448,1.0,1.0,1.0,1.0
complex_fixed_v018_r5,closed_loop,complex,full,1,0.18,False,24.523483635,1785051299.8170075,4.205417640104422,-0.04369628508580965,-0.20603289747968442,0.18383569647939127,0.2124530193136753,4.502475429773813,0.18,0.47622708483784915,21.0,4.168527302005493,-0.007006761084462132,5.173290359689325,-0.026222222108148414,6.1648583184719845,-0.04410118590798801,0.5668905377388,0.16389985382556915,0.11389985680580139,0.6760410070419312,1.0,1,ROW_FOLLOW,,1.0,43.0,79.0,0.17648226022720337,0.034329384565353394,0.0,0.3186459243297577,0.0,-0.2499871551990509,0.0,0.2857142984867096,0.5285713076591492,0.9448174238204956,0.9709932208061218,1.0,0.1428571492433548,0.6760410070419312,0.30000001192092896,0.20000000298023224,0.20000000298023224,0.15000000596046448,0.15000000596046448,1.0,1.0,1.0,1.0
complex_fixed_v018_r5,closed_loop,complex,full,1,0.18,False,24.572820339,1785051299.8663442,4.220220636880545,-0.04290282566748473,-0.19627130942319096,0.19614617139889703,0.22627597497874616,4.517899028745534,0.18,0.4331814715804254,21.0,4.168527302005493,-0.007006761084462132,5.173290359689325,-0.026222222108148414,6.1648583184719845,-0.04410118590798801,0.5668905377388,0.16389985382556915,0.11389985680580139,0.6760410070419312,1.0,1,ROW_FOLLOW,,1.0,43.0,79.0,0.17648226022720337,0.034329384565353394,0.0,0.3186459243297577,0.0,-0.2499871551990509,0.0,0.2857142984867096,0.5285713076591492,0.9448174238204956,0.9709932208061218,1.0,0.1428571492433548,0.6760410070419312,0.30000001192092896,0.20000000298023224,0.20000000298023224,0.15000000596046448,0.15000000596046448,1.0,1.0,1.0,1.0
complex_fixed_v018_r5,closed_loop,complex,full,1,0.18,False,24.62378842,1785051299.9173121,4.228696779657952,-0.04396086230215817,-0.1797823990317835,0.18674104025214397,0.2815459014496633,4.526768673805593,0.18,0.41338034899266507,21.0,4.198391213973737,-0.006935556156774189,5.202713681864448,-0.0409495185599649,6.208332366477644,-0.08838988019210177,0.5677294731140137,0.1621980220079422,0.11219802498817444,0.6749997138977051,1.0,1,ROW_FOLLOW,,1.0,35.0,81.0,0.13411973416805267,0.04295918345451355,0.0,0.327606201171875,0.0,-0.2416878342628479,0.0,0.3015872836112976,0.5023808479309082,0.9462156891822815,0.9653611183166504,1.0,0.095238097012043,0.6749997138977051,0.30000001192092896,0.20000000298023224,0.20000000298023224,0.15000000596046448,0.15000000596046448,1.0,1.0,1.0,1.0
complex_fixed_v018_r5,closed_loop,complex,full,1,0.18,False,24.67289014,1785051299.966414,4.2400024031741275,-0.040830415811439424,-0.1696004712457606,0.2001964800285997,0.28946735451882716,4.540745116602457,0.18,0.3839181118358502,21.0,4.198391213973737,-0.006935556156774189,5.202713681864448,-0.0409495185599649,6.208332366477644,-0.08838988019210177,0.5677294731140137,0.1621980220079422,0.11219802498817444,0.6749997138977051,1.0,1,ROW_FOLLOW,,1.0,35.0,81.0,0.13411973416805267,0.04295918345451355,0.0,0.327606201171875,0.0,-0.2416878342628479,0.0,0.3015872836112976,0.5023808479309082,0.9462156891822815,0.9653611183166504,1.0,0.095238097012043,0.6749997138977051,0.30000001192092896,0.20000000298023224,0.20000000298023224,0.15000000596046448,0.15000000596046448,1.0,1.0,1.0,1.0
complex_fixed_v018_r5,closed_loop,complex,full,1,0.18,False,24.723100182,1785051300.0166242,4.241094709346373,-0.04449569878448864,-0.15292955833274577,0.19705331243592453,0.2715054386447953,4.557168666123152,0.18,0.3878607595446598,21.0,4.218889155494647,0.0004876825310426783,5.217525381477544,-0.04984818234180386,6.21616159433911,-0.10018404846720413,0.5662844777107239,0.15826939046382904,0.10826939344406128,0.6742045879364014,1.0,1,ROW_FOLLOW,,1.0,24.0,90.0,0.09201304614543915,0.05257679522037506,0.0,0.33644333481788635,0.0,-0.23128974437713623,0.0,0.30158731341362,0.5023808479309082,0.9438077211380005,0.9632710814476013,1.0,0.095238097012043,0.6742045879364014,0.30000001192092896,0.20000000298023224,0.20000000298023224,0.15000000596046448,0.15000000596046448,1.0,1.0,1.0,1.0
complex_fixed_v018_r5,closed_loop,complex,full,1,0.18,False,24.772909252,1785051300.0664332,4.246695526476661,-0.0448916983317178,-0.14084975852290746,0.19203919317236395,0.28367898529062774,4.562980080498555,0.18,0.373902801111407,21.0,4.218889155494647,0.0004876825310426783,5.217525381477544,-0.04984818234180386,6.21616159433911,-0.10018404846720413,0.5662844777107239,0.15826939046382904,0.10826939344406128,0.6742045879364014,1.0,1,ROW_FOLLOW,,1.0,24.0,90.0,0.09201304614543915,0.05257679522037506,0.0,0.33644333481788635,0.0,-0.23128974437713623,0.0,0.30158731341362,0.5023808479309082,0.9438077211380005,0.9632710814476013,1.0,0.095238097012043,0.6742045879364014,0.30000001192092896,0.20000000298023224,0.20000000298023224,0.15000000596046448,0.15000000596046448,1.0,1.0,1.0,1.0
complex_fixed_v018_r5,closed_loop,complex,full,1,0.18,False,24.822784404,1785051300.1163082,4.260374644375862,-0.037083175068386966,-0.12287995353921174,0.1858182997293383,0.3051072778849376,4.581904284208809,0.18,0.341077774978698,21.0,4.238432420907668,0.0113943848967564,5.2362491712579295,-0.05382725151866067,6.234065902344047,-0.1190488888087022,0.5674071311950684,0.1607896238565445,0.11078962683677673,0.6847738027572632,1.0,1,ROW_FOLLOW,,1.0,30.0,79.0,0.052894383668899536,0.06113417446613312,0.0,0.344904363155365,0.0,-0.22263601422309875,0.0,0.3333333432674408,0.5023808479309082,0.9456787109375,0.9677460789680481,1.0,0.095238097012043,0.6847738027572632,0.30000001192092896,0.20000000298023224,0.20000000298023224,0.15000000596046448,0.15000000596046448,1.0,1.0,1.0,1.0
complex_fixed_v018_r5,closed_loop,complex,full,1,0.18,False,24.872768231,1785051300.1662922,4.269318449623104,-0.03781580399047263,-0.10980477456321096,0.18403166898854695,0.32316415998624076,4.590987172630318,0.18,0.32580665450957563,21.0,4.238432420907668,0.0113943848967564,5.2362491712579295,-0.05382725151866067,6.234065902344047,-0.1190488888087022,0.5674071311950684,0.1607896238565445,0.11078962683677673,0.6847738027572632,1.0,1,ROW_FOLLOW,,1.0,30.0,79.0,0.052894383668899536,0.06113417446613312,0.0,0.344904363155365,0.0,-0.22263601422309875,0.0,0.3333333432674408,0.5023808479309082,0.9456787109375,0.9677460789680481,1.0,0.095238097012043,0.6847738027572632,0.30000001192092896,0.20000000298023224,0.20000000298023224,0.15000000596046448,0.15000000596046448,1.0,1.0,1.0,1.0
complex_fixed_v018_r5,closed_loop,complex,full,1,0.18,False,24.923230281,1785051300.2167542,4.275792063169463,-0.03780420613576438,-0.08966787265958276,0.18220088254061348,0.3150600766188218,4.597835147145284,0.18,0.33180016401555673,21.0,4.255601983278187,0.020766827282781977,5.253040319171766,-0.05062529011112085,6.250478670899739,-0.12201741358982708,0.5669413208961487,0.16361086070537567,0.11361086368560791,0.6855833530426025,1.0,1,ROW_FOLLOW,,1.0,34.0,80.0,0.02599911391735077,0.06603679805994034,0.0,0.34894195199012756,0.0,-0.2168683558702469,0.0,0.3333333432674408,0.5023808479309082,0.9449023008346558,0.9741784930229187,1.0,0.095238097012043,0.6855833530426025,0.30000001192092896,0.20000000298023224,0.20000000298023224,0.15000000596046448,0.15000000596046448,1.0,1.0,1.0,1.0
complex_fixed_v018_r5,closed_loop,complex,full,1,0.18,False,24.972805871,1785051300.2663298,4.290888927631777,-0.04612488453492505,-0.0774721050391238,0.17809023445296998,0.32518784708910903,4.616784638586931,0.18,0.36703529435250565,21.0,4.255601983278187,0.020766827282781977,5.253040319171766,-0.05062529011112085,6.250478670899739,-0.12201741358982708,0.5669413208961487,0.16361086070537567,0.11361086368560791,0.6855833530426025,1.0,1,ROW_FOLLOW,,1.0,34.0,80.0,0.02599911391735077,0.06603679805994034,0.0,0.34894195199012756,0.0,-0.2168683558702469,0.0,0.3333333432674408,0.5023808479309082,0.9449023008346558,0.9741784930229187,1.0,0.095238097012043,0.6855833530426025,0.30000001192092896,0.20000000298023224,0.20000000298023224,0.15000000596046448,0.15000000596046448,1.0,1.0,1.0,1.0
complex_fixed_v018_r5,closed_loop,complex,full,1,0.18,False,25.025357713,1785051300.3188815,4.299503630439998,-0.046200448236430304,-0.06510947574207783,0.17718280060675165,0.3568783951452083,4.625602082423686,0.18,0.37373460504871736,21.0,4.274132232858388,0.023004441696604757,5.27226935870198,-0.03124624023289194,6.270406496111678,-0.08549692433300128,0.5667253732681274,0.16546694934368134,0.11546695232391357,0.6793471574783325,1.0,1,ROW_FOLLOW,,1.0,36.0,54.0,0.05010182410478592,0.06172419339418411,0.0,0.3442416191101074,0.0,-0.2207932323217392,0.0,0.3095238208770752,0.5023808479309082,0.9445422887802124,0.9807023406028748,1.0,0.095238097012043,0.6793471574783325,0.30000001192092896,0.20000000298023224,0.20000000298023224,0.15000000596046448,0.15000000596046448,1.0,1.0,1.0,1.0
complex_fixed_v018_r5,closed_loop,complex,full,1,0.18,False,25.073187874,1785051300.3667119,4.30832507869973,-0.05267753592883013,-0.0407324217220366,0.17164802884385721,0.3714246601142056,4.641394789093667,0.18,0.387119329984249,21.0,4.274132232858388,0.023004441696604757,5.27226935870198,-0.03124624023289194,6.270406496111678,-0.08549692433300128,0.5667253732681274,0.16546694934368134,0.11546695232391357,0.6793471574783325,1.0,1,ROW_FOLLOW,,1.0,36.0,54.0,0.05010182410478592,0.06172419339418411,0.0,0.3442416191101074,0.0,-0.2207932323217392,0.0,0.3095238208770752,0.5023808479309082,0.9445422887802124,0.9807023406028748,1.0,0.095238097012043,0.6793471574783325,0.30000001192092896,0.20000000298023224,0.20000000298023224,0.15000000596046448,0.15000000596046448,1.0,1.0,1.0,1.0
complex_fixed_v018_r5,closed_loop,complex,full,1,0.18,False,25.124245398,1785051300.4177692,4.317043114361085,-0.052190599228168204,-0.019709541962507515,0.17212523571777327,0.35324306359406815,4.6505307142333345,0.18,0.3658685696840561,20.0,4.291073449194152,0.015297604662277782,5.2951574225553095,-0.007370509541841847,6.222662887673775,-0.027361735523179456,0.5686486959457397,0.1734154373407364,0.12341544032096863,0.6411131620407104,1.0,1,ROW_FOLLOW,,1.0,30.0,36.0,0.04373028129339218,0.054238930344581604,0.0,0.33765435218811035,0.0,-0.22917649149894714,0.0,0.1666666716337204,0.5285713076591492,0.9477478861808777,0.9723285436630249,1.0,0.1428571492433548,0.6411131620407104,0.30000001192092896,0.20000000298023224,0.20000000298023224,0.15000000596046448,0.15000000596046448,1.0,1.0,1.0,1.0
complex_fixed_v018_r5,closed_loop,complex,full,1,0.18,False,25.172757629,1785051300.4662814,4.320299071879202,-0.05750656037263662,-0.0055130807967249664,0.16254721899083202,0.3584552915561343,4.667063252590599,0.18,0.3646746437672829,20.0,4.291073449194152,0.015297604662277782,5.2951574225553095,-0.007370509541841847,6.222662887673775,-0.027361735523179456,0.5686486959457397,0.1734154373407364,0.12341544032096863,0.6411131620407104,1.0,1,ROW_FOLLOW,,1.0,30.0,36.0,0.04373028129339218,0.054238930344581604,0.0,0.33765435218811035,0.0,-0.22917649149894714,0.0,0.1666666716337204,0.5285713076591492,0.9477478861808777,0.9723285436630249,1.0,0.1428571492433548,0.6411131620407104,0.30000001192092896,0.20000000298023224,0.20000000298023224,0.15000000596046448,0.15000000596046448,1.0,1.0,1.0,1.0
complex_fixed_v018_r5,closed_loop,complex,full,1,0.18,False,25.223573769,1785051300.5170977,4.317235220830549,-0.056562802501841536,0.01690441398989063,0.13933210588069456,0.3568814802488596,4.689315792821973,0.18,0.29637196572204916,21.0,4.301634492405836,0.0019103281178841681,5.306203450632142,0.01785943280823948,6.2976096584563965,0.03234801754254146,0.5718012452125549,0.17476482689380646,0.1247648298740387,0.6346899271011353,1.0,1,ROW_FOLLOW,,1.0,31.0,42.0,0.035795748233795166,0.044897280633449554,0.0,0.32966211438179016,0.0,-0.23986755311489105,0.0,0.1428571492433548,0.5285713076591492,0.9530022740364075,0.970120370388031,1.0,0.1428571492433548,0.6346899271011353,0.30000001192092896,0.20000000298023224,0.20000000298023224,0.15000000596046448,0.15000000596046448,1.0,1.0,1.0,1.0
complex_fixed_v018_r5,closed_loop,complex,full,1,0.18,False,25.272784389,1785051300.5663083,4.3252905551245,-0.056053289481954996,0.029567945453862883,0.14584930950273842,0.3084173625754761,4.697503891102498,0.18,0.29002611026009417,21.0,4.301634492405836,0.0019103281178841681,5.306203450632142,0.01785943280823948,6.2976096584563965,0.03234801754254146,0.5718012452125549,0.17476482689380646,0.1247648298740387,0.6346899271011353,1.0,1,ROW_FOLLOW,,1.0,31.0,42.0,0.035795748233795166,0.044897280633449554,0.0,0.32966211438179016,0.0,-0.23986755311489105,0.0,0.1428571492433548,0.5285713076591492,0.9530022740364075,0.970120370388031,1.0,0.1428571492433548,0.6346899271011353,0.30000001192092896,0.20000000298023224,0.20000000298023224,0.15000000596046448,0.15000000596046448,1.0,1.0,1.0,1.0
complex_fixed_v018_r5,closed_loop,complex,full,1,0.18,False,25.324371817,1785051300.6178956,4.33133738908242,-0.05518549230407019,0.04789879492445426,0.15219984029579878,0.3228169109832049,4.7039128975902615,0.18,0.23328761438072101,21.0,4.311982690376564,-0.010924872181565496,5.3157126672090795,0.03418410905993526,6.310614977751582,0.10057484226700444,0.5725714564323425,0.17534495890140533,0.12534496188163757,0.6313320398330688,1.0,1,ROW_FOLLOW,,1.0,33.0,36.0,0.03096918761730194,0.03322747349739075,0.0,0.31857243180274963,0.0,-0.25211748480796814,0.0,0.1507936418056488,0.5023808479309082,0.9537714123725891,0.965756893157959,1.0,0.095238097012043,0.6313320398330688,0.30000001192092896,0.20000000298023224,0.20000000298023224,0.15000000596046448,0.15000000596046448,1.0,1.0,1.0,1.0
complex_fixed_v018_r5,closed_loop,complex,full,1,0.18,False,25.372897488,1785051300.6664214,4.331315277825727,-0.054877022308145354,0.060962937300644164,0.15947824501868654,0.3328969435311476,4.704222160690542,0.18,0.21212711223750533,21.0,4.311982690376564,-0.010924872181565496,5.3157126672090795,0.03418410905993526,6.310614977751582,0.10057484226700444,0.5725714564323425,0.17534495890140533,0.12534496188163757,0.6313320398330688,1.0,1,ROW_FOLLOW,,1.0,33.0,36.0,0.03096918761730194,0.03322747349739075,0.0,0.31857243180274963,0.0,-0.25211748480796814,0.0,0.1507936418056488,0.5023808479309082,0.9537714123725891,0.965756893157959,1.0,0.095238097012043,0.6313320398330688,0.30000001192092896,0.20000000298023224,0.20000000298023224,0.15000000596046448,0.15000000596046448,1.0,1.0,1.0,1.0
complex_fixed_v018_r5,closed_loop,complex,full,1,0.18,False,25.422883683,1785051300.7164075,4.332291292140838,-0.05388493950493031,0.08163067829216872,0.1589037723034981,0.3569489546910589,4.705678524125424,0.0,0.0,0.0,nan,nan,nan,nan,nan,nan,0.0,0.0,-0.05000000074505806,0.0,0.0,1,ROW_FOLLOW,WAITING_FOR_CENTERLINE,0.0,0.0,0.0,0.0,0.0,0.0,0.0,0.0,0.0,1.0,0.0,0.0,0.0,0.0,0.0,0.0,0.0,0.30000001192092896,0.20000000298023224,0.20000000298023224,0.15000000596046448,0.15000000596046448,1.0,1.0,1.0,1.0
complex_fixed_v018_r5,closed_loop,complex,full,1,0.18,False,25.472791956,1785051300.7663157,4.332252021072226,-0.05356343336504984,0.09472275992020984,0.15852843241436057,0.3024347962089343,4.7060024215453815,0.0,0.0,0.0,nan,nan,nan,nan,nan,nan,0.0,0.0,-0.05000000074505806,0.0,0.0,1,ROW_FOLLOW,WAITING_FOR_CENTERLINE,0.0,0.0,0.0,0.0,0.0,0.0,0.0,0.0,0.0,1.0,0.0,0.0,0.0,0.0,0.0,0.0,0.0,0.30000001192092896,0.20000000298023224,0.20000000298023224,0.15000000596046448,0.15000000596046448,1.0,1.0,1.0,1.0
complex_fixed_v018_r5,closed_loop,complex,full,1,0.18,False,25.522863146,1785051300.8163872,4.3324024349199135,-0.052774799256832886,0.10917117601145693,0.15796202371636656,0.2356769504367636,4.706849564560254,0.0,0.0,0.0,nan,nan,nan,nan,nan,nan,0.0,0.0,-0.05000000074505806,0.0,0.0,1,ROW_FOLLOW,WAITING_FOR_CENTERLINE,0.0,0.0,0.0,0.0,0.0,0.0,0.0,0.0,0.0,2.0,0.0,0.0,0.0,0.0,0.0,0.0,0.0,0.30000001192092896,0.20000000298023224,0.20000000298023224,0.15000000596046448,0.15000000596046448,1.0,1.0,1.0,1.0
complex_fixed_v018_r5,closed_loop,complex,full,1,0.18,False,25.573558931,1785051300.8670828,4.3813604528494015,-0.014445177892534545,0.1174988296436203,0.17367793225101835,0.2255748597967362,4.769033551924136,0.0,0.0,0.0,nan,nan,nan,nan,nan,nan,0.0,0.0,-0.05000000074505806,0.0,0.0,1,ROW_FOLLOW,WAITING_FOR_CENTERLINE,0.0,0.0,0.0,0.0,0.0,0.0,0.0,0.0,0.0,2.0,0.0,0.0,0.0,0.0,0.0,0.0,0.0,0.30000001192092896,0.20000000298023224,0.20000000298023224,0.15000000596046448,0.15000000596046448,1.0,1.0,1.0,1.0
complex_fixed_v018_r5,closed_loop,complex,full,1,0.18,False,25.623032215,1785051300.9165561,4.3919419485336775,-0.015797372419187296,0.12991704052214995,0.16855905144984754,0.18130042979818903,4.784466149736721,0.0,0.0,0.0,nan,nan,nan,nan,nan,nan,0.0,0.0,-0.05000000074505806,0.0,0.0,1,ROW_FOLLOW,WAITING_FOR_CENTERLINE,0.0,0.0,0.0,0.0,0.0,0.0,0.0,0.0,0.0,3.0,0.0,0.0,0.0,0.0,0.0,0.0,0.0,0.30000001192092896,0.20000000298023224,0.20000000298023224,0.15000000596046448,0.15000000596046448,1.0,1.0,1.0,1.0
complex_fixed_v018_r5,closed_loop,complex,full,1,0.18,False,25.672789155,1785051300.9663131,4.3997486846863145,-0.010080699944837648,0.13838906815319924,0.16855905144984754,0.2227616815340152,4.794143361697149,0.0,0.0,0.0,nan,nan,nan,nan,nan,nan,0.0,0.0,-0.05000000074505806,0.0,0.0,1,ROW_FOLLOW,WAITING_FOR_CENTERLINE,0.0,0.0,0.0,0.0,0.0,0.0,0.0,0.0,0.0,3.0,0.0,0.0,0.0,0.0,0.0,0.0,0.0,0.30000001192092896,0.20000000298023224,0.20000000298023224,0.15000000596046448,0.15000000596046448,1.0,1.0,1.0,1.0
complex_fixed_v018_r5,closed_loop,complex,full,1,0.18,False,25.722859769,1785051301.0163836,4.406776923051163,-0.004597307370105497,0.15062523039500778,0.16855905144984754,0.1797694331532797,4.803157069554737,0.0,0.0,0.0,nan,nan,nan,nan,nan,nan,0.0,0.0,-0.05000000074505806,0.0,0.0,1,ROW_FOLLOW,WAITING_FOR_CENTERLINE,0.0,0.0,0.0,0.0,0.0,0.0,0.0,0.0,0.0,4.0,0.0,0.0,0.0,0.0,0.0,0.0,0.0,0.30000001192092896,0.20000000298023224,0.20000000298023224,0.15000000596046448,0.15000000596046448,1.0,1.0,1.0,1.0
complex_fixed_v018_r5,closed_loop,complex,full,1,0.18,False,25.772822668,1785051301.0663464,4.419029878744364,-0.01556630223005793,0.1575812681172568,0.16148029238356373,0.17164600351686723,4.8239308283337605,0.0,0.0,0.0,nan,nan,nan,nan,nan,nan,0.0,0.0,-0.05000000074505806,0.0,0.0,1,ROW_FOLLOW,WAITING_FOR_CENTERLINE,0.0,0.0,0.0,0.0,0.0,0.0,0.0,0.0,0.0,4.0,0.0,0.0,0.0,0.0,0.0,0.0,0.0,0.30000001192092896,0.20000000298023224,0.20000000298023224,0.15000000596046448,0.15000000596046448,1.0,1.0,1.0,1.0
complex_fixed_v018_r5,closed_loop,complex,full,1,0.18,False,25.824205322,1785051301.1177292,4.426737152740318,-0.011897130847248458,0.16784749662649556,0.16148029238356373,0.14820940971658395,4.832468250117854,0.0,0.0,0.0,nan,nan,nan,nan,nan,nan,0.0,0.0,-0.05000000074505806,0.0,0.0,1,ROW_FOLLOW,WAITING_FOR_CENTERLINE,0.0,0.0,0.0,0.0,0.0,0.0,0.0,0.0,0.0,5.0,0.0,0.0,0.0,0.0,0.0,0.0,0.0,0.30000001192092896,0.20000000298023224,0.20000000298023224,0.15000000596046448,0.15000000596046448,1.0,1.0,1.0,1.0
complex_fixed_v018_r5,closed_loop,complex,full,1,0.18,False,25.872877301,1785051301.1664014,4.42828871084968,-0.021578036892844564,0.1734082114190358,0.11897810099089598,0.1449941570189652,4.850548439082602,0.0,0.0,0.0,nan,nan,nan,nan,nan,nan,0.0,0.0,-0.05000000074505806,0.0,0.0,1,ROW_FOLLOW,WAITING_FOR_CENTERLINE,0.0,0.0,0.0,0.0,0.0,0.0,0.0,0.0,0.0,5.0,0.0,0.0,0.0,0.0,0.0,0.0,0.0,0.30000001192092896,0.20000000298023224,0.20000000298023224,0.15000000596046448,0.15000000596046448,1.0,1.0,1.0,1.0
complex_fixed_v018_r5,closed_loop,complex,full,1,0.18,False,25.922817799,1785051301.2163417,4.434181538209287,-0.019963499257891863,0.18181177065683318,0.11897810099089598,0.1202486005200829,4.856659000253589,0.0,0.0,0.0,nan,nan,nan,nan,nan,nan,0.0,0.0,-0.05000000074505806,0.0,0.0,0,ROW_FOLLOW,WAITING_FOR_CENTERLINE,0.0,0.0,0.0,0.0,0.0,0.0,0.0,0.0,0.0,0.0,0.0,0.0,0.0,0.0,0.0,0.0,0.0,0.30000001192092896,0.20000000298023224,0.20000000298023224,0.15000000596046448,0.15000000596046448,1.0,1.0,1.0,1.0
complex_fixed_v018_r5,closed_loop,complex,full,1,0.18,False,25.972821244,1785051301.2663453,4.433955579186852,-0.024474748947124286,0.18692396834712352,0.08578472589645433,0.13338646918013145,4.86699665168099,0.0,0.0,0.0,nan,nan,nan,nan,nan,nan,0.0,0.0,-0.05000000074505806,0.0,0.0,0,ROW_FOLLOW,WAITING_FOR_CENTERLINE,0.0,0.0,0.0,0.0,0.0,0.0,0.0,0.0,0.0,0.0,0.0,0.0,0.0,0.0,0.0,0.0,0.0,0.30000001192092896,0.20000000298023224,0.20000000298023224,0.15000000596046448,0.15000000596046448,1.0,1.0,1.0,1.0
complex_fixed_v018_r5,closed_loop,complex,full,1,0.18,False,26.022788782,1785051301.3163128,4.438363574188992,-0.024174161393208608,0.1931886432343429,0.08578472589645433,0.08890878827611576,4.8714151352363215,0.0,0.0,0.0,nan,nan,nan,nan,nan,nan,0.0,0.0,-0.05000000074505806,0.0,0.0,0,ROW_FOLLOW,WAITING_FOR_CENTERLINE,0.0,0.0,0.0,0.0,0.0,0.0,0.0,0.0,0.0,1.0,0.0,0.0,0.0,0.0,0.0,0.0,0.0,0.30000001192092896,0.20000000298023224,0.20000000298023224,0.15000000596046448,0.15000000596046448,1.0,1.0,1.0,1.0
complex_fixed_v018_r5,closed_loop,complex,full,1,0.18,False,26.072859525,1785051301.3663833,4.439285030831312,-0.02393572065240866,0.1964991584425876,0.06158883464793001,0.07590752764258962,4.875576669318496,0.0,0.0,0.0,nan,nan,nan,nan,nan,nan,0.0,0.0,-0.05000000074505806,0.0,0.0,0,ROW_FOLLOW,WAITING_FOR_CENTERLINE,0.0,0.0,0.0,0.0,0.0,0.0,0.0,0.0,0.0,1.0,0.0,0.0,0.0,0.0,0.0,0.0,0.0,0.30000001192092896,0.20000000298023224,0.20000000298023224,0.15000000596046448,0.15000000596046448,1.0,1.0,1.0,1.0
complex_fixed_v018_r5,closed_loop,complex,full,1,0.18,False,26.12278175,1785051301.4163058,4.442487254883981,-0.023936215003841143,0.19963273988710556,0.06158883464793001,0.03846431967151286,4.878778936086744,0.0,0.0,0.0,nan,nan,nan,nan,nan,nan,0.0,0.0,-0.05000000074505806,0.0,0.0,0,ROW_FOLLOW,WAITING_FOR_CENTERLINE,0.0,0.0,0.0,0.0,0.0,0.0,0.0,0.0,0.0,2.0,0.0,0.0,0.0,0.0,0.0,0.0,0.0,0.30000001192092896,0.20000000298023224,0.20000000298023224,0.15000000596046448,0.15000000596046448,1.0,1.0,1.0,1.0
complex_fixed_v018_r5,closed_loop,complex,full,1,0.18,False,26.1728251,1785051301.4663491,4.443227982751288,-0.023919510125311048,0.20183710602426652,0.06158883464793001,0.0779317464827551,4.8795344333817985,0.0,0.0,0.0,nan,nan,nan,nan,nan,nan,0.0,0.0,-0.05000000074505806,0.0,0.0,0,ROW_FOLLOW,WAITING_FOR_CENTERLINE,0.0,0.0,0.0,0.0,0.0,0.0,0.0,0.0,0.0,2.0,0.0,0.0,0.0,0.0,0.0,0.0,0.0,0.30000001192092896,0.20000000298023224,0.20000000298023224,0.15000000596046448,0.15000000596046448,1.0,1.0,1.0,1.0
complex_fixed_v018_r5,closed_loop,complex,full,1,0.18,False,26.223403793,1785051301.5169277,4.443227999593905,-0.023862302444683008,0.2078996767217989,0.06158883464793001,0.13349831924766056,4.879591641141161,0.0,0.0,0.0,nan,nan,nan,nan,nan,nan,0.0,0.0,-0.05000000074505806,0.0,0.0,0,ROW_FOLLOW,WAITING_FOR_CENTERLINE,0.0,0.0,0.0,0.0,0.0,0.0,0.0,0.0,0.0,3.0,0.0,0.0,0.0,0.0,0.0,0.0,0.0,0.30000001192092896,0.20000000298023224,0.20000000298023224,0.15000000596046448,0.15000000596046448,1.0,1.0,1.0,1.0
complex_fixed_v018_r5,closed_loop,complex,full,1,0.18,False,26.272823603,1785051301.5663476,4.452498883042361,-0.017560056941908493,0.21259011208266895,0.04967634754758996,0.10634412791923503,4.890910823130303,0.0,0.0,0.0,nan,nan,nan,nan,nan,nan,0.0,0.0,-0.05000000074505806,0.0,0.0,0,ROW_FOLLOW,WAITING_FOR_CENTERLINE,0.0,0.0,0.0,0.0,0.0,0.0,0.0,0.0,0.0,3.0,0.0,0.0,0.0,0.0,0.0,0.0,0.0,0.30000001192092896,0.20000000298023224,0.20000000298023224,0.15000000596046448,0.15000000596046448,1.0,1.0,1.0,1.0
complex_fixed_v018_r5,closed_loop,complex,full,1,0.18,False,26.32284548,1785051301.6163695,4.4582546403551895,-0.012825030846506671,0.21702200379353043,0.05828502425035581,0.06050639485218666,4.898456719028475,0.0,0.0,0.0,nan,nan,nan,nan,nan,nan,0.0,0.0,-0.05000000074505806,0.0,0.0,0,ROW_FOLLOW,WAITING_FOR_CENTERLINE,0.0,0.0,0.0,0.0,0.0,0.0,0.0,0.0,0.0,4.0,0.0,0.0,0.0,0.0,0.0,0.0,0.0,0.30000001192092896,0.20000000298023224,0.20000000298023224,0.15000000596046448,0.15000000596046448,1.0,1.0,1.0,1.0
complex_fixed_v018_r5,closed_loop,complex,full,1,0.18,False,26.372838204,1785051301.666362,4.460814513415649,-0.011239953156343914,0.2193180001252415,0.05828502425035581,0.05570940955533551,4.901467660593965,0.0,0.0,0.0,nan,nan,nan,nan,nan,nan,0.0,0.0,-0.05000000074505806,0.0,0.0,0,ROW_FOLLOW,WAITING_FOR_CENTERLINE,0.0,0.0,0.0,0.0,0.0,0.0,0.0,0.0,0.0,4.0,0.0,0.0,0.0,0.0,0.0,0.0,0.0,0.30000001192092896,0.20000000298023224,0.20000000298023224,0.15000000596046448,0.15000000596046448,1.0,1.0,1.0,1.0
complex_fixed_v018_r5,closed_loop,complex,full,1,0.18,False,26.422873937,1785051301.7163978,4.4616519552063005,-0.010712444051743458,0.2205704733047441,0.05828502425035581,0.01701822828678666,4.9024638377485115,0.0,0.0,0.0,nan,nan,nan,nan,nan,nan,0.0,0.0,-0.05000000074505806,0.0,0.0,1,ROW_FOLLOW,WAITING_FOR_CENTERLINE,0.0,0.0,0.0,0.0,0.0,0.0,0.0,0.0,0.0,5.0,0.0,0.0,0.0,0.0,0.0,0.0,0.0,0.30000001192092896,0.20000000298023224,0.20000000298023224,0.15000000596046448,0.15000000596046448,1.0,1.0,1.0,1.0
complex_fixed_v018_r5,closed_loop,complex,full,1,0.18,False,26.472864164,1785051301.7663882,4.461651677243213,-0.010711992408123906,0.22062783749936396,0.05828502425035581,0.002084063974406572,4.902464368074296,0.0,0.0,0.0,nan,nan,nan,nan,nan,nan,0.0,0.0,-0.05000000074505806,0.0,0.0,1,ROW_FOLLOW,WAITING_FOR_CENTERLINE,0.0,0.0,0.0,0.0,0.0,0.0,0.0,0.0,0.0,5.0,0.0,0.0,0.0,0.0,0.0,0.0,0.0,0.30000001192092896,0.20000000298023224,0.20000000298023224,0.15000000596046448,0.15000000596046448,1.0,1.0,1.0,1.0
complex_fixed_v018_r5,closed_loop,complex,full,1,0.18,False,26.523558062,1785051301.8170822,4.461651705149952,-0.010712037749294644,0.22062207853159643,0.05828502425035581,0.0015052331873023946,4.902464839884869,0.0,0.0,0.0,nan,nan,nan,nan,nan,nan,0.0,0.0,-0.05000000074505806,0.0,0.0,0,ROW_FOLLOW,WAITING_FOR_CENTERLINE,0.0,0.0,0.0,0.0,0.0,0.0,0.0,0.0,0.0,0.0,0.0,0.0,0.0,0.0,0.0,0.0,0.0,0.30000001192092896,0.20000000298023224,0.20000000298023224,0.15000000596046448,0.15000000596046448,1.0,1.0,1.0,1.0
complex_fixed_v018_r5,closed_loop,complex,full,1,0.18,False,26.573346203,1785051301.8668702,4.467011694950969,-0.010398577470014502,0.22062646111711534,0.04731469828226224,0.0009211684773472986,4.907833987676996,0.0,0.0,0.0,nan,nan,nan,nan,nan,nan,0.0,0.0,-0.05000000074505806,0.0,0.0,0,ROW_FOLLOW,WAITING_FOR_CENTERLINE,0.0,0.0,0.0,0.0,0.0,0.0,0.0,0.0,0.0,0.0,0.0,0.0,0.0,0.0,0.0,0.0,0.0,0.30000001192092896,0.20000000298023224,0.20000000298023224,0.15000000596046448,0.15000000596046448,1.0,1.0,1.0,1.0
complex_fixed_v018_r5,closed_loop,complex,full,1,0.18,False,26.623293517,1785051301.9168174,4.467011694950969,-0.010398577470014502,0.22060102593764436,0.04421296877068714,0.0013491900473536417,4.907833987676996,0.0,0.0,0.0,nan,nan,nan,nan,nan,nan,0.0,0.0,-0.05000000074505806,0.0,0.0,0,ROW_FOLLOW,WAITING_FOR_CENTERLINE,0.0,0.0,0.0,0.0,0.0,0.0,0.0,0.0,0.0,1.0,0.0,0.0,0.0,0.0,0.0,0.0,0.0,0.30000001192092896,0.20000000298023224,0.20000000298023224,0.15000000596046448,0.15000000596046448,1.0,1.0,1.0,1.0
complex_fixed_v018_r5,closed_loop,complex,full,1,0.18,False,26.672825491,1785051301.9663494,4.469317348803674,-0.010832873729011667,0.2205897139194723,0.03962166310367436,0.0005966141849766225,4.9142408148427155,0.0,0.0,0.0,nan,nan,nan,nan,nan,nan,0.0,0.0,-0.05000000074505806,0.0,0.0,0,ROW_FOLLOW,WAITING_FOR_CENTERLINE,0.0,0.0,0.0,0.0,0.0,0.0,0.0,0.0,0.0,1.0,0.0,0.0,0.0,0.0,0.0,0.0,0.0,0.30000001192092896,0.20000000298023224,0.20000000298023224,0.15000000596046448,0.15000000596046448,1.0,1.0,1.0,1.0
complex_fixed_v018_r5,closed_loop,complex,full,1,0.18,False,26.724657663,1785051302.0181816,4.469317348803674,-0.010832873729011667,0.22057181951174473,0.036374306619554674,0.0009724597008392584,4.9142408148427155,0.0,0.0,0.0,nan,nan,nan,nan,nan,nan,0.0,0.0,-0.05000000074505806,0.0,0.0,0,ROW_FOLLOW,WAITING_FOR_CENTERLINE,0.0,0.0,0.0,0.0,0.0,0.0,0.0,0.0,0.0,2.0,0.0,0.0,0.0,0.0,0.0,0.0,0.0,0.30000001192092896,0.20000000298023224,0.20000000298023224,0.15000000596046448,0.15000000596046448,1.0,1.0,1.0,1.0
complex_fixed_v018_r5,closed_loop,complex,full,1,0.18,False,26.77285638,1785051302.0663803,4.473027590703329,-0.011016166180792345,0.2205843637497793,0.028025118944539004,0.001441223507227753,4.917981353525201,0.0,0.0,0.0,nan,nan,nan,nan,nan,nan,0.0,0.0,-0.05000000074505806,0.0,0.0,0,ROW_FOLLOW,WAITING_FOR_CENTERLINE,0.0,0.0,0.0,0.0,0.0,0.0,0.0,0.0,0.0,2.0,0.0,0.0,0.0,0.0,0.0,0.0,0.0,0.30000001192092896,0.20000000298023224,0.20000000298023224,0.15000000596046448,0.15000000596046448,1.0,1.0,1.0,1.0
complex_fixed_v018_r5,closed_loop,complex,full,1,0.18,False,26.823178458,1785051302.1167026,4.474444893125773,-0.010799993432770636,0.22057536123326388,0.028025118944539004,0.0011005503990234261,4.91941504694383,0.0,0.0,0.0,nan,nan,nan,nan,nan,nan,0.0,0.0,-0.05000000074505806,0.0,0.0,0,ROW_FOLLOW,WAITING_FOR_CENTERLINE,0.0,0.0,0.0,0.0,0.0,0.0,0.0,0.0,0.0,3.0,0.0,0.0,0.0,0.0,0.0,0.0,0.0,0.30000001192092896,0.20000000298023224,0.20000000298023224,0.15000000596046448,0.15000000596046448,1.0,1.0,1.0,1.0
complex_fixed_v018_r5,closed_loop,complex,full,1,0.18,False,26.873078892,1785051302.1666028,4.473537542059763,-0.01076396119458768,0.22056858927721815,0.02040761622696862,0.0006292891505947608,4.921992647833215,0.0,0.0,0.0,nan,nan,nan,nan,nan,nan,0.0,0.0,-0.05000000074505806,0.0,0.0,0,ROW_FOLLOW,WAITING_FOR_CENTERLINE,0.0,0.0,0.0,0.0,0.0,0.0,0.0,0.0,0.0,3.0,0.0,0.0,0.0,0.0,0.0,0.0,0.0,0.30000001192092896,0.20000000298023224,0.20000000298023224,0.15000000596046448,0.15000000596046448,1.0,1.0,1.0,1.0
complex_fixed_v018_r5,closed_loop,complex,full,1,0.18,False,26.922912955,1785051302.216437,4.471110642017094,-0.01212074448167264,0.22057178091609808,0.009872647128900944,0.001672684320810467,4.925647203955705,0.0,0.0,0.0,nan,nan,nan,nan,nan,nan,0.0,0.0,-0.05000000074505806,0.0,0.0,0,ROW_FOLLOW,WAITING_FOR_CENTERLINE,0.0,0.0,0.0,0.0,0.0,0.0,0.0,0.0,0.0,4.0,0.0,0.0,0.0,0.0,0.0,0.0,0.0,0.30000001192092896,0.20000000298023224,0.20000000298023224,0.15000000596046448,0.15000000596046448,1.0,1.0,1.0,1.0
complex_fixed_v018_r5,closed_loop,complex,full,1,0.18,False,26.972912431,1785051302.2664363,4.471324429450081,-0.012133583574931382,0.2205820322950362,0.009872647128900944,0.0012521374987662804,4.925861377987234,0.0,0.0,0.0,nan,nan,nan,nan,nan,nan,0.0,0.0,-0.05000000074505806,0.0,0.0,0,ROW_FOLLOW,WAITING_FOR_CENTERLINE,0.0,0.0,0.0,0.0,0.0,0.0,0.0,0.0,0.0,4.0,0.0,0.0,0.0,0.0,0.0,0.0,0.0,0.30000001192092896,0.20000000298023224,0.20000000298023224,0.15000000596046448,0.15000000596046448,1.0,1.0,1.0,1.0
complex_fixed_v018_r5,closed_loop,complex,full,1,0.18,False,27.023833823,1785051302.3173578,4.471324430347222,-0.012133568651006812,0.22059173317820194,0.009872647128900944,0.001624955003002274,4.925861392938099,0.0,0.0,0.0,nan,nan,nan,nan,nan,nan,0.0,0.0,-0.05000000074505806,0.0,0.0,1,ROW_FOLLOW,WAITING_FOR_CENTERLINE,0.0,0.0,0.0,0.0,0.0,0.0,0.0,0.0,0.0,5.0,0.0,0.0,0.0,0.0,0.0,0.0,0.0,0.30000001192092896,0.20000000298023224,0.20000000298023224,0.15000000596046448,0.15000000596046448,1.0,1.0,1.0,1.0
complex_fixed_v018_r5,closed_loop,complex,full,1,0.18,False,27.072824213,1785051302.366348,4.469003815548996,-0.012367773870954234,0.22060462932747207,0.00017181791510567862,0.0016756217625368238,4.928268813861916,0.0,0.0,0.0,nan,nan,nan,nan,nan,nan,0.0,0.0,-0.05000000074505806,0.0,0.0,1,ROW_FOLLOW,WAITING_FOR_CENTERLINE,0.0,0.0,0.0,0.0,0.0,0.0,0.0,0.0,0.0,5.0,0.0,0.0,0.0,0.0,0.0,0.0,0.0,0.30000001192092896,0.20000000298023224,0.20000000298023224,0.15000000596046448,0.15000000596046448,1.0,1.0,1.0,1.0
complex_fixed_v018_r5,closed_loop,complex,full,1,0.18,False,27.122844874,1785051302.416369,4.469029514520669,-0.012442473637766028,0.22061817202683234,0.00017181791510567862,0.0013655164989050846,4.928347810648658,0.0,0.0,0.0,nan,nan,nan,nan,nan,nan,0.0,0.0,-0.05000000074505806,0.0,0.0,0,ROW_FOLLOW,WAITING_FOR_CENTERLINE,0.0,0.0,0.0,0.0,0.0,0.0,0.0,0.0,0.0,0.0,0.0,0.0,0.0,0.0,0.0,0.0,0.0,0.30000001192092896,0.20000000298023224,0.20000000298023224,0.15000000596046448,0.15000000596046448,1.0,1.0,1.0,1.0
complex_fixed_v018_r5,closed_loop,complex,full,1,0.18,False,27.172881311,1785051302.4664054,4.4693750933427046,-0.011956654213272563,0.220620413017996,0.0,0.0011337670854083,4.928952140704953,0.0,0.0,0.0,nan,nan,nan,nan,nan,nan,0.0,0.0,-0.05000000074505806,0.0,0.0,0,ROW_FOLLOW,WAITING_FOR_CENTERLINE,0.0,0.0,0.0,0.0,0.0,0.0,0.0,0.0,0.0,0.0,0.0,0.0,0.0,0.0,0.0,0.0,0.0,0.30000001192092896,0.20000000298023224,0.20000000298023224,0.15000000596046448,0.15000000596046448,1.0,1.0,1.0,1.0
complex_fixed_v018_r5,closed_loop,complex,full,1,0.18,False,27.222828113,1785051302.516352,4.4693750933427046,-0.011956654213272563,0.22062168597397486,0.0,0.0007766468485144039,4.928952140704953,0.0,0.0,0.0,nan,nan,nan,nan,nan,nan,0.0,0.0,-0.05000000074505806,0.0,0.0,0,ROW_FOLLOW,WAITING_FOR_CENTERLINE,0.0,0.0,0.0,0.0,0.0,0.0,0.0,0.0,0.0,1.0,0.0,0.0,0.0,0.0,0.0,0.0,0.0,0.30000001192092896,0.20000000298023224,0.20000000298023224,0.15000000596046448,0.15000000596046448,1.0,1.0,1.0,1.0
complex_fixed_v018_r5,closed_loop,complex,full,1,0.18,False,27.27282727,1785051302.5663512,4.4693750933427046,-0.011956654213272563,0.22063243733886617,0.0,0.0008467108199131988,4.928952140704953,0.0,0.0,0.0,nan,nan,nan,nan,nan,nan,0.0,0.0,-0.05000000074505806,0.0,0.0,0,ROW_FOLLOW,WAITING_FOR_CENTERLINE,0.0,0.0,0.0,0.0,0.0,0.0,0.0,0.0,0.0,1.0,0.0,0.0,0.0,0.0,0.0,0.0,0.0,0.30000001192092896,0.20000000298023224,0.20000000298023224,0.15000000596046448,0.15000000596046448,1.0,1.0,1.0,1.0
complex_fixed_v018_r5,closed_loop,complex,full,1,0.18,False,27.322755832,1785051302.6162798,4.4693750933427046,-0.011956654213272563,0.22062139690158075,0.0,0.0014125264071005682,4.928952140704953,0.0,0.0,0.0,nan,nan,nan,nan,nan,nan,0.0,0.0,-0.05000000074505806,0.0,0.0,0,ROW_FOLLOW,WAITING_FOR_CENTERLINE,0.0,0.0,0.0,0.0,0.0,0.0,0.0,0.0,0.0,2.0,0.0,0.0,0.0,0.0,0.0,0.0,0.0,0.30000001192092896,0.20000000298023224,0.20000000298023224,0.15000000596046448,0.15000000596046448,1.0,1.0,1.0,1.0
complex_fixed_v018_r5,closed_loop,complex,full,1,0.18,False,27.372924785,1785051302.6664486,4.4693750933427046,-0.011956654213272563,0.22060608801606793,0.0,0.0006577716160285586,4.928952140704953,0.0,0.0,0.0,nan,nan,nan,nan,nan,nan,0.0,0.0,-0.05000000074505806,0.0,0.0,0,ROW_FOLLOW,WAITING_FOR_CENTERLINE,0.0,0.0,0.0,0.0,0.0,0.0,0.0,0.0,0.0,2.0,0.0,0.0,0.0,0.0,0.0,0.0,0.0,0.30000001192092896,0.20000000298023224,0.20000000298023224,0.15000000596046448,0.15000000596046448,1.0,1.0,1.0,1.0
complex_fixed_v018_r5,closed_loop,complex,full,1,0.18,False,27.422807234,1785051302.7163312,4.4693750933427046,-0.011956654213272563,0.2206003968269973,0.0,0.0006644107033377128,4.928952140704953,0.0,0.0,0.0,nan,nan,nan,nan,nan,nan,0.0,0.0,-0.05000000074505806,0.0,0.0,0,ROW_FOLLOW,WAITING_FOR_CENTERLINE,0.0,0.0,0.0,0.0,0.0,0.0,0.0,0.0,0.0,3.0,0.0,0.0,0.0,0.0,0.0,0.0,0.0,0.30000001192092896,0.20000000298023224,0.20000000298023224,0.15000000596046448,0.15000000596046448,1.0,1.0,1.0,1.0
complex_fixed_v018_r5,closed_loop,complex,full,1,0.18,False,27.472804022,1785051302.766328,4.4693750933427046,-0.011956654213272563,0.22058221662928898,0.0,0.0007653676826224859,4.928952140704953,0.0,0.0,0.0,nan,nan,nan,nan,nan,nan,0.0,0.0,-0.05000000074505806,0.0,0.0,0,ROW_FOLLOW,WAITING_FOR_CENTERLINE,0.0,0.0,0.0,0.0,0.0,0.0,0.0,0.0,0.0,3.0,0.0,0.0,0.0,0.0,0.0,0.0,0.0,0.30000001192092896,0.20000000298023224,0.20000000298023224,0.15000000596046448,0.15000000596046448,1.0,1.0,1.0,1.0
complex_fixed_v018_r5,closed_loop,complex,full,1,0.18,False,27.523375131,1785051302.816899,4.4693750933427046,-0.011956654213272563,0.22059521342982444,0.0,0.0012924190223099297,4.928952140704953,0.0,0.0,0.0,nan,nan,nan,nan,nan,nan,0.0,0.0,-0.05000000074505806,0.0,0.0,0,ROW_FOLLOW,WAITING_FOR_CENTERLINE,0.0,0.0,0.0,0.0,0.0,0.0,0.0,0.0,0.0,4.0,0.0,0.0,0.0,0.0,0.0,0.0,0.0,0.30000001192092896,0.20000000298023224,0.20000000298023224,0.15000000596046448,0.15000000596046448,1.0,1.0,1.0,1.0
complex_fixed_v018_r5,closed_loop,complex,full,1,0.18,False,27.572810718,1785051302.8663347,4.4693750933427046,-0.011956654213272563,0.22060418378850466,0.0,0.001284422922013723,4.928952140704953,0.0,0.0,0.0,nan,nan,nan,nan,nan,nan,0.0,0.0,-0.05000000074505806,0.0,0.0,0,ROW_FOLLOW,WAITING_FOR_CENTERLINE,0.0,0.0,0.0,0.0,0.0,0.0,0.0,0.0,0.0,4.0,0.0,0.0,0.0,0.0,0.0,0.0,0.0,0.30000001192092896,0.20000000298023224,0.20000000298023224,0.15000000596046448,0.15000000596046448,1.0,1.0,1.0,1.0
